data_iniSE,SE,casos_est,casos_est_min,casos_est_max,casos,p_rt1,p_inc100k,Localidade_id,nivel,id,versao_modelo,municipio_nome,rt,pop,receptivo,transmissao,nivel_inc,casprov,casprov_est,casprov_est_min,casprov_est_max,casconf,notif_accum_year,tmin,tmed,tmax,precipitacao,umidade,casos_est_lag_1,tmin_lag_1,rt_lag_1,casos_est_lag_2,tmin_lag_2,rt_lag_2,casos_est_lag_3,tmin_lag_3,rt_lag_3,casos_est_lag_4,tmin_lag_4,rt_lag_4,casos_est_roll_4,tmin_roll_4,log_casos,var_log_1,var_log_2,var_log_3,var_log_4,semana_ano,target_h1,target_h2,target_h3,target_h4
2010-01-03,201001,2.0,2,2,2,0.0,1.903185,0,1,350400820100119589,2023-08-20,Assis,0.0,105087,1,0,0,0,,,,,47607,22.11,25.46,30.0,53.8,81.43,,,,,,,,,,,,,,,1.0986122886681098,,,,,53,2.0,4.0,7.0,9.0
2010-01-10,201002,2.0,2,2,2,0.0,1.903185,0,1,350400820100219589,2023-08-20,Assis,0.0,105087,1,0,0,2,,,,,47607,20.79,23.2,26.91,75.5,85.57,2.0,22.11,0.0,,,,,,,,,,,,1.0986122886681098,0.0,,,,1,4.0,7.0,9.0,20.0
2010-01-17,201003,4.0,4,4,4,0.0,3.80637,0,2,350400820100319589,2023-08-20,Assis,0.0,105087,1,0,0,3,,,,,47607,21.21,24.2,29.07,70.4,84.57,2.0,20.79,0.0,2.0,22.11,0.0,,,,,,,,,1.6094379124341003,0.5108256237659905,0.5108256237659905,,,2,7.0,9.0,20.0,24.0
2010-01-24,201004,7.0,7,7,7,0.0,6.6611476,0,1,350400820100419589,2023-08-20,Assis,0.0,105087,0,0,1,4,,,,,47607,19.8,22.9,27.07,146.2,86.29,4.0,21.21,0.0,2.0,20.79,0.0,2.0,22.11,0.0,,,,3.75,20.9775,2.0794415416798357,0.47000362924573547,0.980829253011726,0.980829253011726,,3,9.0,20.0,24.0,31.0
2010-01-31,201005,9.0,9,9,9,0.0,8.564332,0,1,350400820100519589,2023-08-20,Assis,0.0,105087,1,0,1,4,,,,,47607,21.53,27.04,32.86,1.9,69.71,7.0,19.8,0.0,4.0,21.21,0.0,2.0,20.79,0.0,2.0,22.11,0.0,5.5,20.8325,2.302585092994046,0.22314355131421015,0.6931471805599456,1.2039728043259361,1.2039728043259361,4,20.0,24.0,31.0,43.0
2010-02-07,201006,20.0,20,20,20,0.99481577,19.031849,0,1,350400820100619589,2023-08-20,Assis,2.8031304,105087,1,1,1,13,,,,,47607,21.4,24.64,29.36,78.1,81.57,9.0,21.53,0.0,7.0,19.8,0.0,4.0,21.21,0.0,2.0,20.79,0.0,10.0,20.985,3.044522437723423,0.7419373447293771,0.9650808960435873,1.4350845252893227,1.9459101490553132,5,24.0,31.0,43.0,41.0
2010-02-14,201007,24.0,24,24,24,0.98287106,22.83822,0,2,350400820100719589,2023-08-20,Assis,2.0610468,105087,1,1,1,12,,,,,47607,20.94,24.14,28.17,47.9,82.71,20.0,21.4,2.8031304,9.0,21.53,0.0,7.0,19.8,0.0,4.0,21.21,0.0,15.0,20.9175,3.2188758248682006,0.17435338714477755,0.9162907318741547,1.1394342831883648,1.6094379124341003,6,31.0,43.0,41.0,76.0
2010-02-21,201008,31.0,31,31,31,0.9698885,29.499367,0,3,350400820100819589,2023-08-20,Assis,1.7190197,105087,1,1,1,19,,,,,47607,20.79,25.11,30.44,5.8,74.43,24.0,20.94,2.0610468,20.0,21.4,2.8031304,9.0,21.53,0.0,7.0,19.8,0.0,21.0,21.165,3.4657359027997265,0.24686007793152598,0.42121346507630353,1.1631508098056806,1.3862943611198908,7,43.0,41.0,76.0,70.0
2010-02-28,201009,43.0,43,43,43,0.987602,40.918476,0,3,350400820100919589,2023-08-20,Assis,1.7370781,105087,0,1,1,29,,,,,47607,19.4,23.26,27.8,4.1,74.71,31.0,20.79,1.7190197,24.0,20.94,2.0610468,20.0,21.4,2.8031304,9.0,21.53,0.0,29.5,20.6325,3.784189633918261,0.3184537311185345,0.5653138090500605,0.739667196194838,1.4816045409242151,8,41.0,76.0,70.0,75.0
2010-03-07,201010,41.0,41,41,41,0.858063,39.015293,0,1,350400820101019589,2023-08-20,Assis,1.2847216,105087,0,0,1,20,,,,,47607,19.77,26.07,32.63,0.0,61.57,43.0,19.4,1.7370781,31.0,20.79,1.7190197,24.0,20.94,2.0610468,20.0,21.4,2.8031304,34.75,20.224999999999998,3.7376696182833684,-0.04652001563489261,0.27193371548364187,0.5187937934151678,0.6931471805599454,9,76.0,70.0,75.0,96.0
2010-03-14,201011,76.0,76,76,76,0.9996318,72.32103,0,1,350400820101119589,2023-08-20,Assis,1.8969005,105087,0,1,2,61,,,,,47607,19.9,24.4,29.5,61.0,76.43,41.0,19.77,1.2847216,43.0,19.4,1.7370781,31.0,20.79,1.7190197,24.0,20.94,2.0610468,47.75,19.965,4.343805421853684,0.6061358035703157,0.5596157879354231,0.8780695190539576,1.1249295969854836,10,70.0,75.0,96.0,84.0
2010-03-21,201012,70.0,70,70,70,0.96124613,66.61147,0,4,350400820101219589,2023-08-20,Assis,1.3803087,105087,1,1,2,44,,,,,47607,20.89,23.83,27.97,61.9,84.43,76.0,19.9,1.8969005,41.0,19.77,1.2847216,43.0,19.4,1.7370781,31.0,20.79,1.7190197,57.5,19.99,4.2626798770413155,-0.08112554481236867,0.525010258757947,0.47849024312305444,0.7969439742415889,11,75.0,96.0,84.0,80.0
2010-03-28,201013,75.0,75,75,75,0.83243036,71.36944,0,4,350400820101319589,2023-08-20,Assis,1.1775802,105087,0,0,2,44,,,,,47607,19.74,23.01,27.53,79.8,83.0,70.0,20.89,1.3803087,76.0,19.9,1.8969005,41.0,19.77,1.2847216,43.0,19.4,1.7370781,65.5,20.075,4.330733340286331,0.0680534632450156,-0.013072081567353067,0.5930637220029626,0.54654370636807,12,96.0,84.0,80.0,78.0
2010-04-04,201014,96.0,96,96,96,0.9681925,91.35288,0,4,350400820101419589,2023-08-20,Assis,1.3323146,105087,0,1,2,52,,,,,47607,15.07,19.27,24.06,13.6,75.57,75.0,19.74,1.1775802,70.0,20.89,1.3803087,76.0,19.9,1.8969005,41.0,19.77,1.2847216,79.25,18.9,4.574710978503383,0.24397763821705176,0.31203110146206736,0.2309055566496987,0.8370413602200144,13,84.0,80.0,78.0,92.0
2010-04-11,201015,84.0,84,84,84,0.65525067,79.93377,0,4,350400820101519589,2023-08-20,Assis,1.0644516,105087,0,0,2,47,,,,,47607,15.97,21.46,27.87,0.0,70.71,96.0,15.07,1.3323146,75.0,19.74,1.1775802,70.0,20.89,1.3803087,76.0,19.9,1.8969005,81.25,17.9175,4.442651256490317,-0.13205972201306615,0.11191791620398561,0.1799713794490012,0.09884583463663255,14,80.0,78.0,92.0,61.0
2010-04-18,201016,80.0,80,80,80,0.3421454,76.127396,0,4,350400820101619589,2023-08-20,Assis,0.93882585,105087,0,0,2,36,,,,,47607,18.59,23.9,30.46,10.4,69.71,84.0,15.97,1.0644516,96.0,15.07,1.3323146,75.0,19.74,1.1775802,70.0,20.89,1.3803087,83.75,17.3425,4.394449154672439,-0.04820210181787754,-0.1802618238309437,0.06371581438610807,0.13176927763112367,15,78.0,92.0,61.0,30.0
2010-04-25,201017,78.0,78,78,78,0.29976377,74.22421,0,4,350400820101719589,2023-08-20,Assis,0.9211248,105087,0,0,2,45,,,,,47607,17.8,21.86,27.21,1.3,75.86,80.0,18.59,0.93882585,84.0,15.97,1.0644516,96.0,15.07,1.3323146,75.0,19.74,1.1775802,84.5,16.8575,4.3694478524670215,-0.02500130220541763,-0.07320340402329517,-0.20526312603636132,0.03871451218069044,16,92.0,61.0,30.0,25.0
2010-05-02,201018,92.0,92,92,92,0.7855084,87.54651,0,4,350400820101819589,2023-08-20,Assis,1.1273569,105087,0,0,2,37,,,,,47607,16.16,21.01,27.71,21.5,76.29,78.0,17.8,0.9211248,80.0,18.59,0.93882585,84.0,15.97,1.0644516,96.0,15.07,1.3323146,83.5,17.130000000000003,4.532599493153256,0.16315164068623478,0.13815033848081715,0.0899482366629396,-0.04211148535012654,17,61.0,30.0,25.0,16.0
2010-05-09,201019,61.0,61,61,61,0.04587893,58.047142,0,4,350400820101919589,2023-08-20,Assis,0.7530794,105087,0,0,2,26,,,,,47607,12.2,16.04,21.19,4.5,79.14,92.0,16.16,1.1273569,78.0,17.8,0.9211248,80.0,18.59,0.93882585,84.0,15.97,1.0644516,77.75,16.1875,4.127134385045092,-0.4054651081081646,-0.24231346742192983,-0.26731476962734746,-0.315516871445225,18,30.0,25.0,16.0,11.0
2010-05-16,201020,30.0,30,30,30,1.964853e-06,28.547775,0,1,350400820102019589,2023-08-20,Assis,0.39133397,105087,0,0,1,7,,,,,47607,13.31,17.07,21.01,5.2,79.29,61.0,12.2,0.7530794,92.0,16.16,1.1273569,78.0,17.8,0.9211248,80.0,18.59,0.93882585,65.25,14.8675,3.4339872044851463,-0.6931471805599454,-1.09861228866811,-0.9354606479818752,-0.9604619501872929,19,25.0,16.0,11.0,6.0
2010-05-23,201021,25.0,25,25,25,5.803042e-05,23.789812,0,1,350400820102119589,2023-08-20,Assis,0.41817972,105087,0,0,1,8,,,,,47607,14.59,18.61,24.09,16.4,79.14,30.0,13.31,0.39133397,61.0,12.2,0.7530794,92.0,16.16,1.1273569,78.0,17.8,0.9211248,52.0,14.065000000000001,3.258096538021482,-0.17589066646366414,-0.8690378470236095,-1.2745029551317741,-1.1113513144455394,20,16.0,11.0,6.0,5.0
2010-05-30,201022,16.0,16,16,16,0.0007581691,15.22548,0,1,350400820102219589,2023-08-20,Assis,0.41062185,105087,0,0,1,2,,,,,47607,12.64,16.79,21.53,21.0,77.86,25.0,14.59,0.41817972,30.0,13.31,0.39133397,61.0,12.2,0.7530794,92.0,16.16,1.1273569,33.0,13.185,2.833213344056216,-0.42488319396526597,-0.6007738604289301,-1.2939210409888755,-1.69938614909704,21,11.0,6.0,5.0,6.0
2010-06-06,201023,11.0,11,11,11,0.007124047,10.467518,0,1,350400820102319589,2023-08-20,Assis,0.43290302,105087,0,0,1,3,,,,,47607,10.09,14.67,20.4,3.4,76.14,16.0,12.64,0.41062185,25.0,14.59,0.41817972,30.0,13.31,0.39133397,61.0,12.2,0.7530794,20.5,12.6575,2.4849066497880004,-0.3483066942682158,-0.7731898882334818,-0.9490805546971459,-1.6422277352570913,22,6.0,5.0,6.0,5.0
2010-06-13,201024,6.0,6,6,6,0.007289891,5.709555,0,1,350400820102419589,2023-08-20,Assis,0.34641093,105087,0,0,1,1,,,,,47607,12.64,18.47,25.83,0.0,68.57,11.0,10.09,0.43290302,16.0,12.64,0.41062185,25.0,14.59,0.41817972,30.0,13.31,0.39133397,14.5,12.49,1.9459101490553132,-0.5389965007326871,-0.8873031950009029,-1.312186388966169,-1.488077055429833,23,5.0,6.0,5.0,7.0
2010-06-20,201025,5.0,5,5,5,0.048362736,4.757962,0,1,350400820102519589,2023-08-20,Assis,0.43581697,105087,0,0,1,1,,,,,47607,15.64,20.36,26.33,2.4,70.29,6.0,12.64,0.34641093,11.0,10.09,0.43290302,16.0,12.64,0.41062185,25.0,14.59,0.41817972,9.5,12.7525,1.791759469228055,-0.15415067982725827,-0.6931471805599454,-1.0414538748281612,-1.4663370687934272,24,6.0,5.0,7.0,7.0
2010-06-27,201026,6.0,6,6,6,0.33012182,5.709555,0,1,350400820102619589,2023-08-20,Assis,0.7928235,105087,0,0,1,2,,,,,47607,13.0,18.2,25.41,0.0,70.86,5.0,15.64,0.43581697,6.0,12.64,0.34641093,11.0,10.09,0.43290302,16.0,12.64,0.41062185,7.0,12.8425,1.9459101490553132,0.15415067982725827,0.0,-0.5389965007326871,-0.8873031950009029,25,5.0,7.0,7.0,1.0
2010-07-04,201027,5.0,5,5,5,0.39577216,4.757962,0,1,350400820102719589,2023-08-20,Assis,0.85667545,105087,0,0,1,1,,,,,47607,13.79,19.06,26.3,0.0,66.57,6.0,13.0,0.7928235,5.0,15.64,0.43581697,6.0,12.64,0.34641093,11.0,10.09,0.43290302,5.5,13.7675,1.791759469228055,-0.15415067982725827,0.0,-0.15415067982725827,-0.6931471805599454,26,7.0,7.0,1.0,1.0
2010-07-11,201028,7.0,7,7,7,0.66229457,6.6611476,0,1,350400820102819589,2023-08-20,Assis,1.2575967,105087,0,0,1,1,,,,,47607,12.83,16.23,21.03,48.6,81.57,5.0,13.79,0.85667545,6.0,13.0,0.7928235,5.0,15.64,0.43581697,6.0,12.64,0.34641093,5.75,13.815000000000001,2.0794415416798357,0.2876820724517808,0.13353139262452252,0.2876820724517808,0.13353139262452252,27,7.0,1.0,1.0,7.0
2010-07-18,201029,7.0,7,7,7,0.6337946,6.6611476,0,1,350400820102919589,2023-08-20,Assis,1.2035123,105087,0,0,1,1,,,,,47607,15.7,20.21,26.23,0.0,76.0,7.0,12.83,1.2575967,5.0,13.79,0.85667545,6.0,13.0,0.7928235,5.0,15.64,0.43581697,6.25,13.83,2.0794415416798357,0.0,0.2876820724517808,0.13353139262452252,0.2876820724517808,28,1.0,1.0,7.0,3.0
2010-07-25,201030,1.0,1,1,1,0.014607366,0.9515925,0,1,350400820103019589,2023-08-20,Assis,0.16401078,105087,0,0,0,1,,,,,47607,14.53,19.89,26.61,0.0,68.29,7.0,15.7,1.2035123,7.0,12.83,1.2575967,5.0,13.79,0.85667545,6.0,13.0,0.7928235,5.0,14.2125,0.6931471805599453,-1.3862943611198904,-1.3862943611198904,-1.0986122886681096,-1.252762968495368,29,1.0,7.0,3.0,4.0
2010-08-01,201031,1.0,1,1,1,0.029572975,0.9515925,0,1,350400820103119589,2023-08-20,Assis,0.1968668,105087,0,0,0,0,,,,,47607,12.01,15.63,21.17,2.7,75.57,1.0,14.53,0.16401078,7.0,15.7,1.2035123,7.0,12.83,1.2575967,5.0,13.79,0.85667545,4.0,13.7675,0.6931471805599453,0.0,-1.3862943611198904,-1.3862943611198904,-1.0986122886681096,30,7.0,3.0,4.0,6.0
2010-08-08,201032,7.0,7,7,7,0.9021395,6.6611476,0,1,350400820103219589,2023-08-20,Assis,2.2482367,105087,0,0,1,2,,,,,47607,11.84,18.11,25.57,0.0,67.0,1.0,12.01,0.1968668,1.0,14.53,0.16401078,7.0,15.7,1.2035123,7.0,12.83,1.2575967,4.0,13.52,2.0794415416798357,1.3862943611198904,1.3862943611198904,0.0,0.0,31,3.0,4.0,6.0,5.0
2010-08-15,201033,3.0,3,3,3,0.5165094,2.8547776,0,1,350400820103319589,2023-08-20,Assis,1.0322336,105087,0,0,0,0,,,,,47607,9.94,16.41,24.37,0.0,61.86,7.0,11.84,2.2482367,1.0,12.01,0.1968668,1.0,14.53,0.16401078,7.0,15.7,1.2035123,3.0,12.08,1.3862943611198906,-0.6931471805599452,0.6931471805599453,0.6931471805599453,-0.6931471805599452,32,4.0,6.0,5.0,6.0
2010-08-22,201034,4.0,4,4,4,0.49076417,3.80637,0,1,350400820103419589,2023-08-20,Assis,0.9846394,105087,0,0,0,0,,,,,47607,15.24,23.04,32.47,0.0,45.43,3.0,9.94,1.0322336,7.0,11.84,2.2482367,1.0,12.01,0.1968668,1.0,14.53,0.16401078,3.75,12.2575,1.6094379124341003,0.2231435513142097,-0.47000362924573547,0.916290731874155,0.916290731874155,33,6.0,5.0,6.0,2.0
2010-08-29,201035,6.0,6,6,6,0.7170378,5.709555,0,1,350400820103519589,2023-08-20,Assis,1.414487,105087,0,0,1,1,,,,,47607,16.93,23.93,32.04,0.0,48.29,4.0,15.24,0.9846394,3.0,9.94,1.0322336,7.0,11.84,2.2482367,1.0,12.01,0.1968668,5.0,13.4875,1.9459101490553132,0.33647223662121295,0.5596157879354227,-0.13353139262452252,1.252762968495368,34,5.0,6.0,2.0,2.0
2010-09-05,201036,5.0,5,5,5,0.57752347,4.757962,0,1,350400820103619589,2023-08-20,Assis,1.129695,105087,0,0,1,0,,,,,47607,13.8,19.74,26.66,3.4,62.0,6.0,16.93,1.414487,4.0,15.24,0.9846394,3.0,9.94,1.0322336,7.0,11.84,2.2482367,4.5,13.9775,1.791759469228055,-0.15415067982725827,0.18232155679395468,0.4054651081081644,-0.2876820724517808,35,6.0,2.0,2.0,2.0
2010-09-12,201037,6.0,6,6,6,0.6119815,5.709555,0,1,350400820103719589,2023-08-20,Assis,1.179137,105087,0,0,1,0,,,,,47607,17.51,23.5,30.27,0.1,51.57,5.0,13.8,1.129695,6.0,16.93,1.414487,4.0,15.24,0.9846394,3.0,9.94,1.0322336,5.25,15.870000000000001,1.9459101490553132,0.15415067982725827,0.0,0.33647223662121295,0.5596157879354227,36,2.0,2.0,2.0,1.0
2010-09-19,201038,2.0,2,2,2,0.095972195,1.903185,0,1,350400820103819589,2023-08-20,Assis,0.3819316,105087,0,0,0,0,,,,,47607,17.5,22.96,29.37,10.0,58.43,6.0,17.51,1.179137,5.0,13.8,1.129695,6.0,16.93,1.414487,4.0,15.24,0.9846394,4.75,16.435000000000002,1.0986122886681098,-0.8472978603872034,-0.6931471805599452,-0.8472978603872034,-0.5108256237659905,37,2.0,2.0,1.0,2.0
2010-09-26,201039,2.0,2,2,2,0.14075194,1.903185,0,1,350400820103919589,2023-08-20,Assis,0.44076982,105087,0,0,0,0,,,,,47607,17.33,19.67,22.34,146.7,88.43,2.0,17.5,0.3819316,6.0,17.51,1.179137,5.0,13.8,1.129695,6.0,16.93,1.414487,3.75,16.535,1.0986122886681098,0.0,-0.8472978603872034,-0.6931471805599452,-0.8472978603872034,38,2.0,1.0,2.0,3.0
2010-10-03,201040,2.0,2,2,2,0.29172692,1.903185,0,1,350400820104019589,2023-08-20,Assis,0.6372028,105087,0,0,0,0,,,,,47607,15.0,20.0,25.59,40.2,75.43,2.0,17.33,0.44076982,2.0,17.5,0.3819316,6.0,17.51,1.179137,5.0,13.8,1.129695,3.0,16.835,1.0986122886681098,0.0,0.0,-0.8472978603872034,-0.6931471805599452,39,1.0,2.0,3.0,5.0
2010-10-10,201041,1.0,1,1,1,0.2227238,0.9515925,0,1,350400820104119589,2023-08-20,Assis,0.46153724,105087,0,0,0,0,,,,,47607,14.09,19.54,26.07,26.3,70.14,2.0,15.0,0.6372028,2.0,17.33,0.44076982,2.0,17.5,0.3819316,6.0,17.51,1.179137,1.75,15.979999999999999,0.6931471805599453,-0.4054651081081645,-0.4054651081081645,-0.4054651081081645,-1.252762968495368,40,2.0,3.0,5.0,7.0
2010-10-17,201042,2.0,2,2,2,0.5534012,1.903185,0,1,350400820104219589,2023-08-20,Assis,1.1318429,105087,0,0,0,0,,,,,47607,15.96,21.77,28.11,40.3,71.57,1.0,14.09,0.46153724,2.0,15.0,0.6372028,2.0,17.33,0.44076982,2.0,17.5,0.3819316,1.75,15.595,1.0986122886681098,0.4054651081081645,0.0,0.0,0.0,41,3.0,5.0,7.0,7.0
2010-10-24,201043,3.0,3,3,3,0.75636,2.8547776,0,1,350400820104319589,2023-08-20,Assis,1.8220975,105087,0,0,0,0,,,,,47607,16.93,22.5,28.57,20.2,69.29,2.0,15.96,1.1318429,1.0,14.09,0.46153724,2.0,15.0,0.6372028,2.0,17.33,0.44076982,2.0,15.495,1.3862943611198906,0.2876820724517808,0.6931471805599453,0.2876820724517808,0.2876820724517808,42,5.0,7.0,7.0,17.0
2010-10-31,201044,5.0,5,5,5,0.8748215,4.757962,0,1,350400820104419589,2023-08-20,Assis,2.3225086,105087,0,0,1,1,,,,,47607,17.24,22.5,28.7,68.6,68.0,3.0,16.93,1.8220975,2.0,15.96,1.1318429,1.0,14.09,0.46153724,2.0,15.0,0.6372028,2.75,16.055,1.791759469228055,0.4054651081081644,0.6931471805599452,1.0986122886681096,0.6931471805599452,43,7.0,7.0,17.0,23.0
2010-11-07,201045,7.0,7,7,7,0.88575417,6.6611476,0,1,350400820104519589,2023-08-20,Assis,2.1010396,105087,0,0,1,0,,,,,47607,16.84,21.91,27.81,20.2,71.0,5.0,17.24,2.3225086,3.0,16.93,1.8220975,2.0,15.96,1.1318429,1.0,14.09,0.46153724,4.25,16.7425,2.0794415416798357,0.2876820724517808,0.6931471805599452,0.980829253011726,1.3862943611198904,44,7.0,17.0,23.0,11.0
2010-11-14,201046,7.0,7,7,7,0.7359337,6.6611476,0,1,350400820104619589,2023-08-20,Assis,1.4271036,105087,0,0,1,0,,,,,47607,16.26,21.67,27.27,20.3,69.14,7.0,16.84,2.1010396,5.0,17.24,2.3225086,3.0,16.93,1.8220975,2.0,15.96,1.1318429,5.5,16.8175,2.0794415416798357,0.0,0.2876820724517808,0.6931471805599452,0.980829253011726,45,17.0,23.0,11.0,5.0
2010-11-21,201047,17.0,17,17,17,0.9849915,16.177073,0,1,350400820104719589,2023-08-20,Assis,2.5055032,105087,0,1,1,1,,,,,47607,19.27,24.19,29.89,33.6,75.0,7.0,16.26,1.4271036,7.0,16.84,2.1010396,5.0,17.24,2.3225086,3.0,16.93,1.8220975,9.0,17.4025,2.8903717578961645,0.8109302162163288,0.8109302162163288,1.0986122886681096,1.504077396776274,46,23.0,11.0,5.0,2.0
2010-11-28,201048,23.0,23,23,23,0.98920184,21.886627,0,1,350400820104819589,2023-08-20,Assis,2.271559,105087,1,1,1,1,,,,,47607,20.76,24.5,29.26,73.4,80.14,17.0,19.27,2.5055032,7.0,16.26,1.4271036,7.0,16.84,2.1010396,5.0,17.24,2.3225086,13.5,18.282500000000002,3.1780538303479458,0.28768207245178123,1.09861228866811,1.09861228866811,1.3862943611198908,47,11.0,5.0,2.0,7.0
2010-12-05,201049,11.0,11,11,11,0.2102821,10.467518,0,1,350400820104919589,2023-08-20,Assis,0.73159987,105087,0,0,1,1,,,,,47607,20.09,24.61,29.93,35.4,76.29,23.0,20.76,2.271559,17.0,19.27,2.5055032,7.0,16.26,1.4271036,7.0,16.84,2.1010396,14.5,19.095,2.4849066497880004,-0.6931471805599454,-0.40546510810816416,0.4054651081081646,0.4054651081081646,48,5.0,2.0,7.0,10.0
2010-12-12,201050,5.0,5,5,5,0.0043273023,4.757962,0,1,350400820105019589,2023-08-20,Assis,0.3006535,105087,0,0,1,1,,,,,47607,18.61,21.33,24.61,63.9,84.86,11.0,20.09,0.73159987,23.0,20.76,2.271559,17.0,19.27,2.5055032,7.0,16.26,1.4271036,14.0,19.682499999999997,1.791759469228055,-0.6931471805599454,-1.3862943611198908,-1.0986122886681096,-0.2876820724517808,49,2.0,7.0,10.0,3.0
2010-12-19,201051,2.0,2,2,2,0.0014890879,1.903185,0,1,350400820105119589,2023-08-20,Assis,0.16364816,105087,1,0,0,1,,,,,47607,20.53,24.51,29.51,29.3,78.57,5.0,18.61,0.3006535,11.0,20.09,0.73159987,23.0,20.76,2.271559,17.0,19.27,2.5055032,10.25,19.997500000000002,1.0986122886681098,-0.6931471805599452,-1.3862943611198906,-2.079441541679836,-1.7917594692280547,50,7.0,10.0,3.0,25.0
2010-12-26,201052,7.0,7,7,7,0.5180857,6.6611476,0,1,350400820105219589,2023-08-20,Assis,1.0239384,105087,0,0,1,0,,,,,47607,19.51,24.2,28.94,6.3,70.71,2.0,20.53,0.16364816,5.0,18.61,0.3006535,11.0,20.09,0.73159987,23.0,20.76,2.271559,6.25,19.685,2.0794415416798357,0.980829253011726,0.2876820724517808,-0.4054651081081646,-1.09861228866811,51,10.0,3.0,25.0,22.0
2011-01-02,201101,10.0,10,10,10,0.9133582,9.515924,0,1,350400820110119589,2023-08-20,Assis,2.024471,105087,1,0,1,2,,,,,47607,20.36,23.74,28.01,69.2,81.71,7.0,19.51,1.0239384,2.0,20.53,0.16364816,5.0,18.61,0.3006535,11.0,20.09,0.73159987,6.0,19.7525,2.3978952727983707,0.3184537311185349,1.2992829841302609,0.6061358035703157,-0.08701137698962969,52,3.0,25.0,22.0,19.0
2011-01-09,201102,3.0,3,3,3,0.13290793,2.8547776,0,1,350400820110219589,2023-08-20,Assis,0.48543483,105087,1,0,0,1,,,,,47607,20.91,24.53,29.49,41.5,82.43,10.0,20.36,2.024471,7.0,19.51,1.0239384,2.0,20.53,0.16364816,5.0,18.61,0.3006535,5.5,20.3275,1.3862943611198906,-1.01160091167848,-0.6931471805599452,0.2876820724517808,-0.4054651081081644,1,25.0,22.0,19.0,37.0
2011-01-16,201103,25.0,25,25,25,0.9990396,23.789812,0,2,350400820110319589,2023-08-20,Assis,3.1683462,105087,1,1,1,7,,,,,47607,20.59,23.77,28.07,144.2,84.57,3.0,20.91,0.48543483,10.0,20.36,2.024471,7.0,19.51,1.0239384,2.0,20.53,0.16364816,11.25,20.3425,3.258096538021482,1.8718021769015916,0.8602012652231115,1.1786549963416464,2.1594842493533726,2,22.0,19.0,37.0,64.0
2011-01-23,201104,22.0,22,22,22,0.9717949,20.935036,0,2,350400820110419589,2023-08-20,Assis,1.9571056,105087,1,1,1,7,,,,,47607,21.17,25.54,31.14,36.4,79.0,25.0,20.59,3.1683462,3.0,20.91,0.48543483,10.0,20.36,2.024471,7.0,19.51,1.0239384,15.0,20.7575,3.1354942159291497,-0.12260232209233246,1.749199854809259,0.737598943130779,1.056052674249314,3,19.0,37.0,64.0,48.0
2011-01-30,201105,19.0,19,19,19,0.59123135,18.080257,0,2,350400820110519589,2023-08-20,Assis,1.0783286,105087,1,0,1,7,,,,,47607,20.96,24.49,29.83,56.6,81.14,22.0,21.17,1.9571056,25.0,20.59,3.1683462,3.0,20.91,0.48543483,10.0,20.36,2.024471,17.25,20.9075,2.995732273553991,-0.13976194237515882,-0.2623642644674913,1.6094379124341003,0.5978370007556202,4,37.0,64.0,48.0,39.0
2011-02-06,201106,37.0,37,37,37,0.97903246,35.208923,0,2,350400820110619589,2023-08-20,Assis,1.7107185,105087,1,1,1,14,,,,,47607,21.43,24.76,29.76,58.6,82.71,19.0,20.96,1.0783286,22.0,21.17,1.9571056,25.0,20.59,3.1683462,3.0,20.91,0.48543483,25.75,21.0375,3.6375861597263857,0.6418538861723948,0.502091943797236,0.3794896217049035,2.251291798606495,5,64.0,48.0,39.0,52.0
2011-02-13,201107,64.0,64,64,64,0.9999681,60.90192,0,2,350400820110719589,2023-08-20,Assis,2.3991587,105087,1,1,2,31,,,,,47607,20.59,23.83,28.73,78.6,83.14,37.0,21.43,1.7107185,19.0,20.96,1.0783286,22.0,21.17,1.9571056,25.0,20.59,3.1683462,35.5,21.0375,4.174387269895637,0.5368011101692511,1.178654996341646,1.0388930539664871,0.9162907318741547,6,48.0,39.0,52.0,67.0
2011-02-20,201108,48.0,48,48,48,0.84148943,45.67644,0,4,350400820110819589,2023-08-20,Assis,1.2391889,105087,1,0,2,8,,,,,47607,21.3,25.51,31.14,44.6,77.29,64.0,20.59,2.3991587,37.0,21.43,1.7107185,19.0,20.96,1.0783286,22.0,21.17,1.9571056,42.0,21.07,3.8918202981106265,-0.28256697178501033,0.2542341383842408,0.8960880245566356,0.7563260821814768,7,39.0,52.0,67.0,82.0
2011-02-27,201109,39.0,39,39,39,0.13439919,37.112106,0,1,350400820110919589,2023-08-20,Assis,0.7905596,105087,0,0,1,21,,,,,47607,19.6,21.44,23.9,83.3,85.43,48.0,21.3,1.2391889,64.0,20.59,2.3991587,37.0,21.43,1.7107185,19.0,20.96,1.0783286,47.0,20.73,3.6888794541139363,-0.2029408439966902,-0.48550781578170055,0.05129329438755059,0.6931471805599454,8,52.0,67.0,82.0,121.0
2011-03-06,201110,52.0,52,52,52,0.6191925,49.48281,0,1,350400820111019589,2023-08-20,Assis,1.0619918,105087,1,0,2,16,,,,,47607,19.93,22.79,26.7,71.5,80.86,39.0,19.6,0.7905596,48.0,21.3,1.2391889,64.0,20.59,2.3991587,37.0,21.43,1.7107185,50.75,20.355,3.970291913552122,0.2814124594381857,0.0784716154414955,-0.20409535634351483,0.3327057538257363,9,67.0,82.0,121.0,110.0
2011-03-13,201111,67.0,67,67,67,0.9703181,63.7567,0,4,350400820111119589,2023-08-20,Assis,1.4256778,105087,0,1,2,26,,,,,47607,19.93,23.97,29.14,17.0,78.0,52.0,19.93,1.0619918,39.0,19.6,0.7905596,48.0,21.3,1.2391889,64.0,20.59,2.3991587,51.5,20.19,4.219507705176107,0.249215791623985,0.5306282510621707,0.3276874070654805,0.04512043528047016,10,82.0,121.0,110.0,99.0
2011-03-20,201112,82.0,82,82,82,0.99277407,78.03059,0,4,350400820111219589,2023-08-20,Assis,1.5269638,105087,0,1,2,36,,,,,47607,19.63,23.09,27.4,18.1,79.14,67.0,19.93,1.4256778,52.0,19.93,1.0619918,39.0,19.6,0.7905596,48.0,21.3,1.2391889,60.0,19.7725,4.418840607796598,0.1993329026204913,0.4485486942444763,0.729961153682662,0.5270203096859718,11,121.0,110.0,99.0,89.0
2011-03-27,201113,121.0,121,121,121,0.99994963,115.14269,0,4,350400820111319589,2023-08-20,Assis,1.7790687,105087,0,1,2,54,,,,,47607,20.54,23.89,28.41,23.1,79.71,82.0,19.63,1.5269638,67.0,19.93,1.4256778,52.0,19.93,1.0619918,39.0,19.6,0.7905596,80.5,20.0075,4.804021044733257,0.3851804369366585,0.5845133395571498,0.8337291311811348,1.1151415906193205,12,110.0,99.0,89.0,86.0
2011-04-03,201114,110.0,110,110,110,0.948893,104.67517,0,4,350400820111419589,2023-08-20,Assis,1.2624862,105087,0,0,2,49,,,,,47607,18.43,22.5,27.83,12.8,75.71,121.0,20.54,1.7790687,82.0,19.63,1.5269638,67.0,19.93,1.4256778,52.0,19.93,1.0619918,95.0,19.6325,4.709530201312334,-0.09449084342092284,0.29068959351573564,0.49002249613622695,0.7392382877602119,13,99.0,89.0,86.0,47.0
2011-04-10,201115,99.0,99,99,99,0.3644037,94.20766,0,4,350400820111519589,2023-08-20,Assis,0.95257664,105087,0,0,2,53,,,,,47607,17.96,22.39,28.29,22.3,77.86,110.0,18.43,1.2624862,121.0,20.54,1.7790687,82.0,19.63,1.5269638,67.0,19.93,1.4256778,103.0,19.14,4.605170185988092,-0.1043600153242421,-0.19885085874516495,0.18632957819149354,0.38566248081198484,14,89.0,86.0,47.0,48.0
2011-04-17,201116,89.0,89,89,89,0.10281935,84.691734,0,4,350400820111619589,2023-08-20,Assis,0.83447707,105087,0,0,2,62,,,,,47607,20.03,24.64,30.09,0.2,70.29,99.0,17.96,0.95257664,110.0,18.43,1.2624862,121.0,20.54,1.7790687,82.0,19.63,1.5269638,104.75,19.240000000000002,4.499809670330265,-0.10536051565782678,-0.2097205309820689,-0.30421137440299173,0.08096906253366676,15,86.0,47.0,48.0,30.0
2011-04-24,201117,86.0,86,86,86,0.16545555,81.83695,0,4,350400820111719589,2023-08-20,Assis,0.86697006,105087,0,0,2,59,,,,,47607,16.93,20.27,24.84,22.1,77.14,89.0,20.03,0.83447707,99.0,17.96,0.95257664,110.0,18.43,1.2624862,121.0,20.54,1.7790687,96.0,18.3375,4.465908118654584,-0.03390155167568132,-0.1392620673335081,-0.2436220826577502,-0.33811292607867305,16,47.0,48.0,30.0,28.0
2011-05-01,201118,47.0,47,47,47,0.00012389108,44.724846,0,4,350400820111819589,2023-08-20,Assis,0.52634907,105087,0,0,2,22,,,,,47607,14.04,18.97,24.97,11.3,74.43,86.0,16.93,0.86697006,89.0,20.03,0.83447707,99.0,17.96,0.95257664,110.0,18.43,1.2624862,80.25,17.240000000000002,3.871201010907891,-0.5947071077466926,-0.6286086594223739,-0.7339691750802007,-0.8383291904044428,17,48.0,30.0,28.0,7.0
2011-05-08,201119,48.0,48,48,48,0.0060998164,45.67644,0,4,350400820111919589,2023-08-20,Assis,0.6344377,105087,0,0,2,20,,,,,47607,16.76,21.34,27.01,0.0,72.86,47.0,14.04,0.52634907,86.0,16.93,0.86697006,89.0,20.03,0.83447707,99.0,17.96,0.95257664,67.5,16.94,3.8918202981106265,0.020619287202735315,-0.5740878205439572,-0.6079893722196386,-0.7133498878774653,18,30.0,28.0,7.0,2.0
2011-05-15,201120,30.0,30,30,30,0.0012198779,28.547775,0,1,350400820112019589,2023-08-20,Assis,0.51676965,105087,0,0,1,15,,,,,47607,12.96,16.99,22.13,0.3,70.57,48.0,16.76,0.6344377,47.0,14.04,0.52634907,86.0,16.93,0.86697006,89.0,20.03,0.83447707,52.75,15.1725,3.4339872044851463,-0.4578330936254802,-0.4372138064227449,-1.0319209141694374,-1.0658224658451187,19,28.0,7.0,2.0,6.0
2011-05-22,201121,28.0,28,28,28,0.026113251,26.64459,0,1,350400820112119589,2023-08-20,Assis,0.63143,105087,0,0,1,4,,,,,47607,15.56,19.94,25.66,0.0,63.57,30.0,12.96,0.51676965,48.0,16.76,0.6344377,47.0,14.04,0.52634907,86.0,16.93,0.86697006,38.25,14.83,3.367295829986474,-0.06669137449867213,-0.5245244681241523,-0.503905180921417,-1.0986122886681096,20,7.0,2.0,6.0,1.0
2011-05-29,201122,7.0,7,7,7,5.002802e-06,6.6611476,0,1,350400820112219589,2023-08-20,Assis,0.20792025,105087,0,0,1,4,,,,,47607,10.97,16.39,23.49,0.0,64.43,28.0,15.56,0.63143,30.0,12.96,0.51676965,48.0,16.76,0.6344377,47.0,14.04,0.52634907,28.25,14.0625,2.0794415416798357,-1.2878542883066384,-1.3545456628053105,-1.8123787564307907,-1.7917594692280554,21,2.0,6.0,1.0,0.0
2011-06-05,201123,2.0,2,2,2,1.4490463e-06,1.903185,0,1,350400820112319589,2023-08-20,Assis,0.086795054,105087,0,0,0,1,,,,,47607,10.24,14.74,20.09,53.1,75.14,7.0,10.97,0.20792025,28.0,15.56,0.63143,30.0,12.96,0.51676965,48.0,16.76,0.6344377,16.75,12.4325,1.0986122886681098,-0.980829253011726,-2.2686835413183646,-2.3353749158170363,-2.793208009442517,22,6.0,1.0,0.0,3.0
2011-06-12,201124,6.0,6,6,6,0.065938346,5.709555,0,1,350400820112419589,2023-08-20,Assis,0.49121785,105087,0,0,1,1,,,,,47607,11.93,17.24,24.34,0.0,73.43,2.0,10.24,0.086795054,7.0,10.97,0.20792025,28.0,15.56,0.63143,30.0,12.96,0.51676965,10.75,12.174999999999999,1.9459101490553132,0.8472978603872034,-0.13353139262452252,-1.421385680931161,-1.488077055429833,23,1.0,0.0,3.0,4.0
2011-06-19,201125,1.0,1,1,1,0.019933078,0.9515925,0,1,350400820112519589,2023-08-20,Assis,0.17703214,105087,0,0,0,0,,,,,47607,15.04,20.2,27.03,0.0,72.43,6.0,11.93,0.49121785,2.0,10.24,0.086795054,7.0,10.97,0.20792025,28.0,15.56,0.63143,4.0,12.045,0.6931471805599453,-1.252762968495368,-0.4054651081081645,-1.3862943611198904,-2.6741486494265287,24,0.0,3.0,4.0,3.0
2011-06-26,201126,0.0,0,0,0,0.0,0.0,0,1,350400820112619589,2023-08-20,Assis,0.0,105087,0,0,0,0,,,,,47607,10.14,14.63,19.79,5.5,72.43,1.0,15.04,0.17703214,6.0,11.93,0.49121785,2.0,10.24,0.086795054,7.0,10.97,0.20792025,2.25,11.837499999999999,0.0,-0.6931471805599453,-1.9459101490553132,-1.0986122886681098,-2.0794415416798357,25,3.0,4.0,3.0,3.0
2011-07-03,201127,3.0,3,3,3,0.657189,2.8547776,0,1,350400820112719589,2023-08-20,Assis,1.3917649,105087,0,0,0,0,,,,,47607,10.93,15.43,21.37,0.0,72.14,0.0,10.14,0.0,1.0,15.04,0.17703214,6.0,11.93,0.49121785,2.0,10.24,0.086795054,2.5,12.01,1.3862943611198906,1.3862943611198906,0.6931471805599453,-0.5596157879354227,0.2876820724517808,26,4.0,3.0,3.0,1.0
2011-07-10,201128,4.0,4,4,4,0.8788838,3.80637,0,1,350400820112819589,2023-08-20,Assis,2.63568,105087,0,0,0,0,,,,,47607,14.87,21.57,30.0,0.0,51.29,3.0,10.93,1.3917649,0.0,10.14,0.0,1.0,15.04,0.17703214,6.0,11.93,0.49121785,2.0,12.745000000000001,1.6094379124341003,0.2231435513142097,1.6094379124341003,0.916290731874155,-0.33647223662121295,27,3.0,3.0,1.0,3.0
2011-07-17,201129,3.0,3,3,3,0.60863745,2.8547776,0,1,350400820112919589,2023-08-20,Assis,1.2460837,105087,0,0,0,0,,,,,47607,16.47,20.64,26.19,19.5,66.86,4.0,14.87,2.63568,3.0,10.93,1.3917649,0.0,10.14,0.0,1.0,15.04,0.17703214,2.5,13.1025,1.3862943611198906,-0.2231435513142097,0.0,1.3862943611198906,0.6931471805599453,28,3.0,1.0,3.0,1.0
2011-07-24,201130,3.0,3,3,3,0.4632649,2.8547776,0,1,350400820113019589,2023-08-20,Assis,0.9331828,105087,0,0,0,1,,,,,47607,15.49,20.34,26.4,7.9,63.29,3.0,16.47,1.2460837,4.0,14.87,2.63568,3.0,10.93,1.3917649,0.0,10.14,0.0,3.25,14.44,1.3862943611198906,0.0,-0.2231435513142097,0.0,1.3862943611198906,29,1.0,3.0,1.0,1.0
2011-07-31,201131,1.0,1,1,1,0.116086446,0.9515925,0,1,350400820113119589,2023-08-20,Assis,0.321882,105087,0,0,0,0,,,,,47607,10.27,15.1,20.91,7.7,66.71,3.0,15.49,0.9331828,3.0,16.47,1.2460837,4.0,14.87,2.63568,3.0,10.93,1.3917649,2.75,14.275,0.6931471805599453,-0.6931471805599453,-0.6931471805599453,-0.916290731874155,-0.6931471805599453,30,3.0,1.0,1.0,3.0
2011-08-07,201132,3.0,3,3,3,0.58057296,2.8547776,0,1,350400820113219589,2023-08-20,Assis,1.1737348,105087,0,0,0,0,,,,,47607,16.31,22.29,29.84,0.2,57.29,1.0,10.27,0.321882,3.0,15.49,0.9331828,3.0,16.47,1.2460837,4.0,14.87,2.63568,2.5,14.635,1.3862943611198906,0.6931471805599453,0.0,0.0,-0.2231435513142097,31,1.0,1.0,3.0,1.0
2011-08-14,201133,1.0,1,1,1,0.23571911,0.9515925,0,1,350400820113319589,2023-08-20,Assis,0.47964865,105087,0,0,0,0,,,,,47607,17.47,23.16,30.34,8.9,47.43,3.0,16.31,1.1737348,1.0,10.27,0.321882,3.0,15.49,0.9331828,3.0,16.47,1.2460837,2.0,14.884999999999998,0.6931471805599453,-0.6931471805599453,0.0,-0.6931471805599453,-0.6931471805599453,32,1.0,3.0,1.0,2.0
2011-08-21,201134,1.0,1,1,1,0.2659879,0.9515925,0,1,350400820113419589,2023-08-20,Assis,0.5234047,105087,0,0,0,0,,,,,47607,14.14,19.19,25.51,1.4,66.57,1.0,17.47,0.47964865,3.0,16.31,1.1737348,1.0,10.27,0.321882,3.0,15.49,0.9331828,1.5,14.5475,0.6931471805599453,0.0,-0.6931471805599453,0.0,-0.6931471805599453,33,3.0,1.0,2.0,2.0
2011-08-28,201135,3.0,3,3,3,0.76598924,2.8547776,0,1,350400820113519589,2023-08-20,Assis,1.8791199,105087,0,0,0,0,,,,,47607,15.27,21.51,28.76,8.5,50.29,1.0,14.14,0.5234047,1.0,17.47,0.47964865,3.0,16.31,1.1737348,1.0,10.27,0.321882,2.0,15.7975,1.3862943611198906,0.6931471805599453,0.6931471805599453,0.0,0.6931471805599453,34,1.0,2.0,2.0,4.0
2011-09-04,201136,1.0,1,1,1,0.3327183,0.9515925,0,1,350400820113619589,2023-08-20,Assis,0.62987095,105087,0,0,0,0,,,,,47607,16.1,22.56,29.99,5.8,52.0,3.0,15.27,1.8791199,1.0,14.14,0.5234047,1.0,17.47,0.47964865,3.0,16.31,1.1737348,1.5,15.745000000000001,0.6931471805599453,-0.6931471805599453,0.0,0.0,-0.6931471805599453,35,2.0,2.0,4.0,7.0
2011-09-11,201137,2.0,2,2,2,0.5325524,1.903185,0,1,350400820113719589,2023-08-20,Assis,1.0774846,105087,0,0,0,0,,,,,47607,14.71,21.27,28.8,0.1,57.86,1.0,16.1,0.62987095,3.0,15.27,1.8791199,1.0,14.14,0.5234047,1.0,17.47,0.47964865,1.75,15.055,1.0986122886681098,0.4054651081081645,-0.2876820724517808,0.4054651081081645,0.4054651081081645,36,2.0,4.0,7.0,3.0
2011-09-18,201138,2.0,2,2,2,0.5513742,1.903185,0,1,350400820113819589,2023-08-20,Assis,1.1263775,105087,0,0,0,1,,,,,47607,16.46,22.34,29.23,3.9,57.14,2.0,14.71,1.0774846,1.0,16.1,0.62987095,3.0,15.27,1.8791199,1.0,14.14,0.5234047,2.0,15.635000000000002,1.0986122886681098,0.0,0.4054651081081645,-0.2876820724517808,0.4054651081081645,37,4.0,7.0,3.0,11.0
2011-09-25,201139,4.0,4,4,4,0.8260869,3.80637,0,1,350400820113919589,2023-08-20,Assis,2.0983016,105087,0,0,0,0,,,,,47607,15.83,23.57,31.83,1.3,49.43,2.0,16.46,1.1263775,2.0,14.71,1.0774846,1.0,16.1,0.62987095,3.0,15.27,1.8791199,2.25,15.775000000000002,1.6094379124341003,0.5108256237659905,0.5108256237659905,0.916290731874155,0.2231435513142097,38,7.0,3.0,11.0,11.0
2011-10-02,201140,7.0,7,7,7,0.92988783,6.6611476,0,1,350400820114019589,2023-08-20,Assis,2.5973375,105087,0,0,1,1,,,,,47607,18.46,24.1,31.24,6.0,59.57,4.0,15.83,2.0983016,2.0,16.46,1.1263775,2.0,14.71,1.0774846,1.0,16.1,0.62987095,3.75,16.365000000000002,2.0794415416798357,0.47000362924573547,0.980829253011726,0.980829253011726,1.3862943611198904,39,3.0,11.0,11.0,13.0
2011-10-09,201141,3.0,3,3,3,0.33719432,2.8547776,0,1,350400820114119589,2023-08-20,Assis,0.7410527,105087,0,0,0,0,,,,,47607,19.94,22.54,26.6,143.6,83.0,7.0,18.46,2.5973375,4.0,15.83,2.0983016,2.0,16.46,1.1263775,2.0,14.71,1.0774846,4.0,17.672500000000003,1.3862943611198906,-0.6931471805599452,-0.2231435513142097,0.2876820724517808,0.2876820724517808,40,11.0,11.0,13.0,11.0
2011-10-16,201142,11.0,11,11,11,0.9329682,10.467518,0,1,350400820114219589,2023-08-20,Assis,2.1164935,105087,0,0,1,0,,,,,47607,15.24,20.81,26.87,14.5,66.14,3.0,19.94,0.7410527,7.0,18.46,2.5973375,4.0,15.83,2.0983016,2.0,16.46,1.1263775,6.25,17.3675,2.4849066497880004,1.0986122886681098,0.4054651081081646,0.8754687373539001,1.3862943611198906,41,11.0,13.0,11.0,14.0
2011-10-23,201143,11.0,11,11,11,0.8739684,10.467518,0,1,350400820114319589,2023-08-20,Assis,1.726493,105087,0,0,1,0,,,,,47607,18.1,23.34,28.77,21.3,70.71,11.0,15.24,2.1164935,3.0,19.94,0.7410527,7.0,18.46,2.5973375,4.0,15.83,2.0983016,8.0,17.935000000000002,2.4849066497880004,0.0,1.0986122886681098,0.4054651081081646,0.8754687373539001,42,13.0,11.0,14.0,19.0
2011-10-30,201144,13.0,13,13,13,0.81653214,12.370703,0,1,350400820114419589,2023-08-20,Assis,1.4649913,105087,0,0,1,0,,,,,47607,14.23,19.9,25.89,23.0,65.29,11.0,18.1,1.726493,11.0,15.24,2.1164935,3.0,19.94,0.7410527,7.0,18.46,2.5973375,9.5,16.8775,2.6390573296152584,0.15415067982725805,0.15415067982725805,1.2527629684953678,0.5596157879354227,43,11.0,14.0,19.0,14.0
2011-11-06,201145,11.0,11,11,11,0.50146586,10.467518,0,1,350400820114519589,2023-08-20,Assis,1.001539,105087,0,0,1,0,,,,,47607,19.84,24.74,30.66,9.3,64.71,13.0,14.23,1.4649913,11.0,18.1,1.726493,11.0,15.24,2.1164935,3.0,19.94,0.7410527,11.5,16.8525,2.4849066497880004,-0.15415067982725805,0.0,0.0,1.0986122886681098,44,14.0,19.0,14.0,19.0
2011-11-13,201146,14.0,14,14,14,0.6646196,13.322295,0,1,350400820114619589,2023-08-20,Assis,1.1790845,105087,0,0,1,0,,,,,47607,16.39,20.44,24.9,78.7,74.29,11.0,19.84,1.001539,13.0,14.23,1.4649913,11.0,18.1,1.726493,11.0,15.24,2.1164935,12.25,17.14,2.70805020110221,0.2231435513142097,0.06899287148695166,0.2231435513142097,0.2231435513142097,45,19.0,14.0,19.0,27.0
2011-11-20,201147,19.0,19,19,19,0.8769415,18.080257,0,1,350400820114719589,2023-08-20,Assis,1.5090784,105087,0,0,1,0,,,,,47607,18.21,23.93,29.97,18.7,64.86,14.0,16.39,1.1790845,11.0,19.84,1.001539,13.0,14.23,1.4649913,11.0,18.1,1.726493,14.25,17.1675,2.995732273553991,0.2876820724517808,0.5108256237659905,0.35667494393873245,0.5108256237659905,46,14.0,19.0,27.0,8.0
2011-11-27,201148,14.0,14,14,14,0.47323245,13.322295,0,1,350400820114819589,2023-08-20,Assis,0.9754536,105087,0,0,1,0,,,,,47607,19.2,24.44,30.39,2.7,65.57,19.0,18.21,1.5090784,14.0,16.39,1.1790845,11.0,19.84,1.001539,13.0,14.23,1.4649913,14.5,18.41,2.70805020110221,-0.2876820724517808,0.0,0.2231435513142097,0.06899287148695166,47,19.0,27.0,8.0,12.0
2011-12-04,201149,19.0,19,19,19,0.6940803,18.080257,0,1,350400820114919589,2023-08-20,Assis,1.1849881,105087,0,0,1,1,,,,,47607,19.47,23.89,29.3,79.2,73.57,14.0,19.2,0.9754536,19.0,18.21,1.5090784,14.0,16.39,1.1790845,11.0,19.84,1.001539,16.5,18.3175,2.995732273553991,0.2876820724517808,0.0,0.2876820724517808,0.5108256237659905,48,27.0,8.0,12.0,15.0
2011-12-11,201150,27.0,27,27,27,0.93590564,25.692997,0,1,350400820115019589,2023-08-20,Assis,1.5841151,105087,0,0,1,0,,,,,47607,18.86,24.57,30.17,6.9,61.0,19.0,19.47,1.1849881,14.0,19.2,0.9754536,19.0,18.21,1.5090784,14.0,16.39,1.1790845,19.75,18.935,3.332204510175204,0.33647223662121295,0.6241543090729937,0.33647223662121295,0.6241543090729937,49,8.0,12.0,15.0,16.0
2011-12-18,201151,8.0,8,8,8,0.014350323,7.61274,0,1,350400820115119589,2023-08-20,Assis,0.42056572,105087,0,0,1,0,,,,,47607,20.96,26.81,32.96,3.0,55.0,27.0,18.86,1.5841151,19.0,19.47,1.1849881,14.0,19.2,0.9754536,19.0,18.21,1.5090784,17.0,19.6225,2.1972245773362196,-1.1349799328389842,-0.7985076962177713,-0.5108256237659905,-0.7985076962177713,50,12.0,15.0,16.0,5.0
2011-12-25,201152,12.0,12,12,12,0.106277235,11.41911,0,1,350400820115219589,2023-08-20,Assis,0.6384843,105087,1,0,1,0,,,,,47607,20.43,24.74,30.2,35.1,69.43,8.0,20.96,0.42056572,27.0,18.86,1.5841151,19.0,19.47,1.1849881,14.0,19.2,0.9754536,16.5,19.93,2.5649493574615367,0.3677247801253172,-0.7672551527136671,-0.4307829160924541,-0.14310084364067333,51,15.0,16.0,5.0,11.0
2012-01-01,201201,15.0,15,15,15,0.53504974,14.273888,0,1,350400820120119589,2023-08-20,Assis,1.0324394,105087,0,0,1,1,,,,,47607,20.04,24.74,30.51,33.9,69.29,12.0,20.43,0.6384843,8.0,20.96,0.42056572,27.0,18.86,1.5841151,19.0,19.47,1.1849881,15.5,20.072499999999998,2.772588722239781,0.2076393647782444,0.5753641449035616,-0.5596157879354227,-0.2231435513142097,52,16.0,5.0,11.0,11.0
2012-01-08,201202,16.0,16,16,16,0.7302694,15.22548,0,1,350400820120219589,2023-08-20,Assis,1.2538838,105087,0,0,1,0,,,,,47607,19.87,22.83,26.81,55.2,76.57,15.0,20.04,1.0324394,12.0,20.43,0.6384843,8.0,20.96,0.42056572,27.0,18.86,1.5841151,12.75,20.325,2.833213344056216,0.06062462181643502,0.2682639865946794,0.6359887667199966,-0.49899116611898764,1,5.0,11.0,11.0,6.0
2012-01-15,201203,5.0,5,5,5,0.018752009,4.757962,0,1,350400820120319589,2023-08-20,Assis,0.3680958,105087,1,0,1,0,,,,,47607,19.74,23.09,27.77,85.7,82.86,16.0,19.87,1.2538838,15.0,20.04,1.0324394,12.0,20.43,0.6384843,8.0,20.96,0.42056572,12.0,20.02,1.791759469228055,-1.0414538748281612,-0.9808292530117262,-0.7731898882334818,-0.4054651081081646,2,11.0,11.0,6.0,9.0
2012-01-22,201204,11.0,11,11,11,0.37608218,10.467518,0,1,350400820120419589,2023-08-20,Assis,0.8797621,105087,0,0,1,0,,,,,47607,19.26,22.3,26.44,72.2,82.0,5.0,19.74,0.3680958,16.0,19.87,1.2538838,15.0,20.04,1.0324394,12.0,20.43,0.6384843,11.75,19.7275,2.4849066497880004,0.6931471805599454,-0.3483066942682158,-0.2876820724517808,-0.08004270767353638,3,11.0,6.0,9.0,9.0
2012-01-29,201205,11.0,11,11,11,0.5893441,10.467518,0,1,350400820120519589,2023-08-20,Assis,1.1015445,105087,0,0,1,1,,,,,47607,18.86,24.96,30.99,0.6,64.43,11.0,19.26,0.8797621,5.0,19.74,0.3680958,16.0,19.87,1.2538838,15.0,20.04,1.0324394,10.75,19.4325,2.4849066497880004,0.0,0.6931471805599454,-0.3483066942682158,-0.2876820724517808,4,6.0,9.0,9.0,11.0
2012-02-05,201206,6.0,6,6,6,0.17839691,5.709555,0,1,350400820120619589,2023-08-20,Assis,0.6305307,105087,0,0,1,1,,,,,47607,21.94,27.36,33.21,18.4,59.29,11.0,18.86,1.1015445,11.0,19.26,0.8797621,5.0,19.74,0.3680958,16.0,19.87,1.2538838,8.25,19.95,1.9459101490553132,-0.5389965007326871,-0.5389965007326871,0.15415067982725827,-0.8873031950009029,5,9.0,9.0,11.0,13.0
2012-02-12,201207,9.0,9,9,9,0.46850762,8.564332,0,1,350400820120719589,2023-08-20,Assis,0.96456033,105087,1,0,1,0,,,,,47607,20.6,24.6,30.11,41.3,76.43,6.0,21.94,0.6305307,11.0,18.86,1.1015445,11.0,19.26,0.8797621,5.0,19.74,0.3680958,9.25,20.165000000000003,2.302585092994046,0.35667494393873267,-0.18232155679395445,-0.18232155679395445,0.5108256237659909,6,9.0,11.0,13.0,5.0
2012-02-19,201208,9.0,9,9,9,0.5647776,8.564332,0,1,350400820120819589,2023-08-20,Assis,1.0794978,105087,1,0,1,0,,,,,47607,21.14,24.94,30.16,79.6,77.57,9.0,20.6,0.96456033,6.0,21.94,0.6305307,11.0,18.86,1.1015445,11.0,19.26,0.8797621,8.75,20.635,2.302585092994046,0.0,0.35667494393873267,-0.18232155679395445,-0.18232155679395445,7,11.0,13.0,5.0,7.0
2012-02-26,201209,11.0,11,11,11,0.72237325,10.467518,0,2,350400820120919589,2023-08-20,Assis,1.3006537,105087,1,0,1,0,,,,,47607,21.7,25.93,31.73,33.4,76.0,9.0,21.14,1.0794978,9.0,20.6,0.96456033,6.0,21.94,0.6305307,11.0,18.86,1.1015445,8.75,21.345,2.4849066497880004,0.18232155679395445,0.18232155679395445,0.5389965007326871,0.0,8,13.0,5.0,7.0,6.0
2012-03-04,201210,13.0,13,13,13,0.7739691,12.370703,0,1,350400820121019589,2023-08-20,Assis,1.3675641,105087,0,0,1,0,,,,,47607,20.23,25.91,32.11,2.1,61.71,11.0,21.7,1.3006537,9.0,21.14,1.0794978,9.0,20.6,0.96456033,6.0,21.94,0.6305307,10.5,20.9175,2.6390573296152584,0.15415067982725805,0.3364722366212125,0.3364722366212125,0.6931471805599452,9,5.0,7.0,6.0,6.0
2012-03-11,201211,5.0,5,5,5,0.07322675,4.757962,0,1,350400820121119589,2023-08-20,Assis,0.47638673,105087,1,0,1,1,,,,,47607,20.63,24.87,30.36,21.6,71.0,13.0,20.23,1.3675641,11.0,21.7,1.3006537,9.0,21.14,1.0794978,9.0,20.6,0.96456033,9.5,20.924999999999997,1.791759469228055,-0.8472978603872034,-0.6931471805599454,-0.5108256237659909,-0.5108256237659909,10,7.0,6.0,6.0,7.0
2012-03-18,201212,7.0,7,7,7,0.22984304,6.6611476,0,1,350400820121219589,2023-08-20,Assis,0.70264596,105087,0,0,1,0,,,,,47607,18.81,23.71,29.39,16.3,68.0,5.0,20.63,0.47638673,13.0,20.23,1.3675641,11.0,21.7,1.3006537,9.0,21.14,1.0794978,9.0,20.342499999999998,2.0794415416798357,0.2876820724517808,-0.5596157879354227,-0.4054651081081646,-0.22314355131421015,11,6.0,6.0,7.0,8.0
2012-03-25,201213,6.0,6,6,6,0.30906415,5.709555,0,1,350400820121319589,2023-08-20,Assis,0.76991457,105087,0,0,1,0,,,,,47607,17.76,22.91,29.4,21.2,67.86,7.0,18.81,0.70264596,5.0,20.63,0.47638673,13.0,20.23,1.3675641,11.0,21.7,1.3006537,7.75,19.3575,1.9459101490553132,-0.13353139262452252,0.15415067982725827,-0.6931471805599452,-0.5389965007326871,12,6.0,7.0,8.0,9.0
2012-04-01,201214,6.0,6,6,6,0.43846148,5.709555,0,1,350400820121419589,2023-08-20,Assis,0.9188262,105087,0,0,1,1,,,,,47607,18.86,24.73,31.64,2.3,59.57,6.0,17.76,0.76991457,7.0,18.81,0.70264596,5.0,20.63,0.47638673,13.0,20.23,1.3675641,6.0,19.015,1.9459101490553132,0.0,-0.13353139262452252,0.15415067982725827,-0.6931471805599452,13,7.0,8.0,9.0,1.0
2012-04-08,201215,7.0,7,7,7,0.58465767,6.6611476,0,1,350400820121519589,2023-08-20,Assis,1.1206698,105087,1,0,1,0,,,,,47607,20.59,24.8,30.61,13.0,68.57,6.0,18.86,0.9188262,6.0,17.76,0.76991457,7.0,18.81,0.70264596,5.0,20.63,0.47638673,6.5,19.005,2.0794415416798357,0.13353139262452252,0.13353139262452252,0.0,0.2876820724517808,14,8.0,9.0,1.0,7.0
2012-04-15,201216,8.0,8,8,8,0.67089194,7.61274,0,1,350400820121619589,2023-08-20,Assis,1.2552854,105087,0,0,1,2,,,,,47607,18.84,22.83,27.97,30.9,71.43,7.0,20.59,1.1206698,6.0,18.86,0.9188262,6.0,17.76,0.76991457,7.0,18.81,0.70264596,6.75,19.0125,2.1972245773362196,0.11778303565638382,0.25131442828090633,0.25131442828090633,0.11778303565638382,15,9.0,1.0,7.0,2.0
2012-04-22,201217,9.0,9,9,9,0.69428873,8.564332,0,1,350400820121719589,2023-08-20,Assis,1.2817296,105087,0,0,1,1,,,,,47607,17.86,21.26,25.67,31.1,75.43,8.0,18.84,1.2552854,7.0,20.59,1.1206698,6.0,18.86,0.9188262,6.0,17.76,0.76991457,7.5,19.0375,2.302585092994046,0.10536051565782634,0.22314355131421015,0.35667494393873267,0.35667494393873267,16,1.0,7.0,2.0,2.0
2012-04-29,201218,1.0,1,1,1,0.0056460514,0.9515925,0,1,350400820121819589,2023-08-20,Assis,0.13389494,105087,0,0,0,0,,,,,47607,13.43,17.74,22.94,23.8,72.57,9.0,17.86,1.2817296,8.0,18.84,1.2552854,7.0,20.59,1.1206698,6.0,18.86,0.9188262,6.25,17.68,0.6931471805599453,-1.6094379124341005,-1.5040773967762742,-1.3862943611198904,-1.252762968495368,17,7.0,2.0,2.0,2.0
2012-05-06,201219,7.0,7,7,7,0.5500063,6.6611476,0,1,350400820121919589,2023-08-20,Assis,1.0684584,105087,0,0,1,0,,,,,47607,16.33,20.57,26.01,17.9,71.71,1.0,13.43,0.13389494,9.0,17.86,1.2817296,8.0,18.84,1.2552854,7.0,20.59,1.1206698,6.25,16.615,2.0794415416798357,1.3862943611198904,-0.22314355131421015,-0.11778303565638382,0.0,18,2.0,2.0,2.0,1.0
2012-05-13,201220,2.0,2,2,2,0.11926526,1.903185,0,1,350400820122019589,2023-08-20,Assis,0.4130338,105087,0,0,0,0,,,,,47607,14.96,17.99,22.16,18.4,78.0,7.0,16.33,1.0684584,1.0,13.43,0.13389494,9.0,17.86,1.2817296,8.0,18.84,1.2552854,4.75,15.645,1.0986122886681098,-0.980829253011726,0.4054651081081645,-1.2039728043259361,-1.0986122886681098,19,2.0,2.0,1.0,4.0
2012-05-20,201221,2.0,2,2,2,0.17331852,1.903185,0,1,350400820122119589,2023-08-20,Assis,0.48206604,105087,0,0,0,0,,,,,47607,14.91,19.01,24.0,31.8,75.43,2.0,14.96,0.4130338,7.0,16.33,1.0684584,1.0,13.43,0.13389494,9.0,17.86,1.2817296,3.0,14.907499999999999,1.0986122886681098,0.0,-0.980829253011726,0.4054651081081645,-1.2039728043259361,20,2.0,1.0,4.0,2.0
2012-05-27,201222,2.0,2,2,2,0.2859807,1.903185,0,1,350400820122219589,2023-08-20,Assis,0.6292154,105087,0,0,0,0,,,,,47607,16.69,20.47,25.17,9.6,83.14,2.0,14.91,0.48206604,2.0,14.96,0.4130338,7.0,16.33,1.0684584,1.0,13.43,0.13389494,3.25,15.7225,1.0986122886681098,0.0,0.0,-0.980829253011726,0.4054651081081645,21,1.0,4.0,2.0,5.0
2012-06-03,201223,1.0,1,1,1,0.21713385,0.9515925,0,1,350400820122319589,2023-08-20,Assis,0.4538557,105087,0,0,0,0,,,,,47607,14.83,17.3,20.6,36.6,84.86,2.0,16.69,0.6292154,2.0,14.91,0.48206604,2.0,14.96,0.4130338,7.0,16.33,1.0684584,1.75,15.3475,0.6931471805599453,-0.4054651081081645,-0.4054651081081645,-0.4054651081081645,-1.3862943611198904,22,4.0,2.0,5.0,1.0
2012-06-10,201224,4.0,4,4,4,0.8300031,3.80637,0,1,350400820122419589,2023-08-20,Assis,2.1288908,105087,0,0,0,0,,,,,47607,14.84,18.81,24.37,24.1,85.29,1.0,14.83,0.4538557,2.0,16.69,0.6292154,2.0,14.91,0.48206604,2.0,14.96,0.4130338,2.25,15.3175,1.6094379124341003,0.916290731874155,0.5108256237659905,0.5108256237659905,0.5108256237659905,23,2.0,5.0,1.0,0.0
2012-06-17,201225,2.0,2,2,2,0.4832394,1.903185,0,1,350400820122519589,2023-08-20,Assis,0.96314406,105087,0,0,0,0,,,,,47607,15.1,18.03,21.03,106.6,83.43,4.0,14.84,2.1288908,1.0,14.83,0.4538557,2.0,16.69,0.6292154,2.0,14.91,0.48206604,2.25,15.364999999999998,1.0986122886681098,-0.5108256237659905,0.4054651081081645,0.0,0.0,24,5.0,1.0,0.0,0.0
2012-06-24,201226,5.0,5,5,5,0.8105315,4.757962,0,1,350400820122619589,2023-08-20,Assis,1.8458632,105087,0,0,1,0,,,,,47607,13.57,18.36,24.83,0.0,77.86,2.0,15.1,0.96314406,4.0,14.84,2.1288908,1.0,14.83,0.4538557,2.0,16.69,0.6292154,3.0,14.585,1.791759469228055,0.6931471805599452,0.18232155679395468,1.0986122886681096,0.6931471805599452,25,1.0,0.0,0.0,1.0
2012-07-01,201227,1.0,1,1,1,0.11721772,0.9515925,0,1,350400820122719589,2023-08-20,Assis,0.32333815,105087,0,0,0,0,,,,,47607,14.71,19.83,26.21,16.7,74.43,5.0,13.57,1.8458632,2.0,15.1,0.96314406,4.0,14.84,2.1288908,1.0,14.83,0.4538557,3.0,14.555,0.6931471805599453,-1.0986122886681096,-0.4054651081081645,-0.916290731874155,0.0,26,0.0,0.0,1.0,0.0
2012-07-08,201228,0.0,0,0,0,0.0,0.0,0,1,350400820122819589,2023-08-20,Assis,0.0,105087,0,0,0,0,,,,,47607,11.33,16.01,21.14,4.6,75.57,1.0,14.71,0.32333815,5.0,13.57,1.8458632,2.0,15.1,0.96314406,4.0,14.84,2.1288908,2.0,13.6775,0.0,-0.6931471805599453,-1.791759469228055,-1.0986122886681098,-1.6094379124341003,27,0.0,1.0,0.0,3.0
2012-07-15,201229,0.0,0,0,0,0.0,0.0,0,1,350400820122919589,2023-08-20,Assis,0.0,105087,0,0,0,0,,,,,47607,9.17,13.93,20.01,5.6,76.43,0.0,11.33,0.0,1.0,14.71,0.32333815,5.0,13.57,1.8458632,2.0,15.1,0.96314406,1.5,12.195,0.0,0.0,-0.6931471805599453,-1.791759469228055,-1.0986122886681098,28,1.0,0.0,3.0,2.0
2012-07-22,201230,1.0,1,1,1,0.67113876,0.9515925,0,1,350400820123019589,2023-08-20,Assis,1.738172,105087,0,0,0,0,,,,,47607,16.46,21.79,28.1,0.0,65.29,0.0,9.17,0.0,0.0,11.33,0.0,1.0,14.71,0.32333815,5.0,13.57,1.8458632,0.5,12.9175,0.6931471805599453,0.6931471805599453,0.6931471805599453,0.0,-1.0986122886681096,29,0.0,3.0,2.0,1.0
2012-07-29,201231,0.0,0,0,0,0.0,0.0,0,1,350400820123119589,2023-08-20,Assis,0.0,105087,0,0,0,0,,,,,47607,15.99,20.79,27.01,0.0,63.0,1.0,16.46,1.738172,0.0,9.17,0.0,0.0,11.33,0.0,1.0,14.71,0.32333815,0.25,13.237499999999999,0.0,-0.6931471805599453,0.0,0.0,-0.6931471805599453,30,3.0,2.0,1.0,0.0
2012-08-05,201232,3.0,3,3,3,0.94148755,2.8547776,0,1,350400820123219589,2023-08-20,Assis,5.3001738,105087,0,0,0,0,,,,,47607,15.36,20.8,27.54,0.0,60.29,0.0,15.99,0.0,1.0,16.46,1.738172,0.0,9.17,0.0,0.0,11.33,0.0,1.0,14.245,1.3862943611198906,1.3862943611198906,0.6931471805599453,1.3862943611198906,1.3862943611198906,31,2.0,1.0,0.0,0.0
2012-08-12,201233,2.0,2,2,2,0.7295366,1.903185,0,1,350400820123319589,2023-08-20,Assis,1.8587255,105087,0,0,0,0,,,,,47607,16.47,21.96,28.21,0.0,51.29,3.0,15.36,5.3001738,0.0,15.99,0.0,1.0,16.46,1.738172,0.0,9.17,0.0,1.5,16.07,1.0986122886681098,-0.2876820724517808,1.0986122886681098,0.4054651081081645,1.0986122886681098,32,1.0,0.0,0.0,4.0
2012-08-19,201234,1.0,1,1,1,0.28942236,0.9515925,0,1,350400820123419589,2023-08-20,Assis,0.55904907,105087,0,0,0,0,,,,,47607,17.17,22.53,28.77,0.0,46.71,2.0,16.47,1.8587255,3.0,15.36,5.3001738,0.0,15.99,0.0,1.0,16.46,1.738172,1.5,16.2475,0.6931471805599453,-0.4054651081081645,-0.6931471805599453,0.6931471805599453,0.0,33,0.0,0.0,4.0,4.0
2012-08-26,201235,0.0,0,0,0,0.0,0.0,0,1,350400820123519589,2023-08-20,Assis,0.0,105087,0,0,0,0,,,,,47607,14.41,19.9,26.71,0.6,60.14,1.0,17.17,0.55904907,2.0,16.47,1.8587255,3.0,15.36,5.3001738,0.0,15.99,0.0,1.5,15.8525,0.0,-0.6931471805599453,-1.0986122886681098,-1.3862943611198906,0.0,34,0.0,4.0,4.0,1.0
2012-09-02,201236,0.0,0,0,0,0.0,0.0,0,1,350400820123619589,2023-08-20,Assis,0.0,105087,0,0,0,0,,,,,47607,17.03,23.79,31.8,0.0,47.71,0.0,14.41,0.0,1.0,17.17,0.55904907,2.0,16.47,1.8587255,3.0,15.36,5.3001738,0.75,16.27,0.0,0.0,-0.6931471805599453,-1.0986122886681098,-1.3862943611198906,35,4.0,4.0,1.0,2.0
2012-09-09,201237,4.0,4,4,4,0.9725978,3.80637,0,1,350400820123719589,2023-08-20,Assis,6.9059157,105087,0,0,0,0,,,,,47607,19.03,25.66,33.37,0.0,50.0,0.0,17.03,0.0,0.0,14.41,0.0,1.0,17.17,0.55904907,2.0,16.47,1.8587255,1.25,16.91,1.6094379124341003,1.6094379124341003,1.6094379124341003,0.916290731874155,0.5108256237659905,36,4.0,1.0,2.0,1.0
2012-09-16,201238,4.0,4,4,4,0.91143537,3.80637,0,1,350400820123819589,2023-08-20,Assis,3.2074337,105087,0,0,0,0,,,,,47607,18.13,23.7,29.4,60.1,61.86,4.0,19.03,6.9059157,0.0,17.03,0.0,0.0,14.41,0.0,1.0,17.17,0.55904907,2.0,17.15,1.6094379124341003,0.0,1.6094379124341003,1.6094379124341003,0.916290731874155,37,1.0,2.0,1.0,2.0
2012-09-23,201239,1.0,1,1,1,0.16240332,0.9515925,0,1,350400820123919589,2023-08-20,Assis,0.3813378,105087,0,0,0,0,,,,,47607,12.83,17.91,23.36,26.0,66.71,4.0,18.13,3.2074337,4.0,19.03,6.9059157,0.0,17.03,0.0,0.0,14.41,0.0,2.25,16.755000000000003,0.6931471805599453,-0.916290731874155,-0.916290731874155,0.6931471805599453,0.6931471805599453,38,2.0,1.0,2.0,2.0
2012-09-30,201240,2.0,2,2,2,0.32603088,1.903185,0,1,350400820124019589,2023-08-20,Assis,0.6864027,105087,0,0,0,0,,,,,47607,18.66,24.37,30.77,1.1,61.57,1.0,12.83,0.3813378,4.0,18.13,3.2074337,4.0,19.03,6.9059157,0.0,17.03,0.0,2.75,17.1625,1.0986122886681098,0.4054651081081645,-0.5108256237659905,-0.5108256237659905,1.0986122886681098,39,1.0,2.0,2.0,2.0
2012-10-07,201241,1.0,1,1,1,0.22993167,0.9515925,0,1,350400820124119589,2023-08-20,Assis,0.47153732,105087,0,0,0,1,,,,,47607,19.17,23.47,28.34,12.4,62.57,2.0,18.66,0.6864027,1.0,12.83,0.3813378,4.0,18.13,3.2074337,4.0,19.03,6.9059157,2.0,17.1975,0.6931471805599453,-0.4054651081081645,0.0,-0.916290731874155,-0.916290731874155,40,2.0,2.0,2.0,3.0
2012-10-14,201242,2.0,2,2,2,0.5879985,1.903185,0,1,350400820124219589,2023-08-20,Assis,1.231907,105087,0,0,0,0,,,,,47607,17.29,22.83,29.17,7.3,65.14,1.0,19.17,0.47153732,2.0,18.66,0.6864027,1.0,12.83,0.3813378,4.0,18.13,3.2074337,1.5,16.9875,1.0986122886681098,0.4054651081081645,0.0,0.4054651081081645,-0.5108256237659905,41,2.0,2.0,3.0,2.0
2012-10-21,201243,2.0,2,2,2,0.6069137,1.903185,0,1,350400820124319589,2023-08-20,Assis,1.292774,105087,0,0,0,0,,,,,47607,20.71,25.7,31.86,40.6,73.0,2.0,17.29,1.231907,1.0,19.17,0.47153732,2.0,18.66,0.6864027,1.0,12.83,0.3813378,1.75,18.957500000000003,1.0986122886681098,0.0,0.4054651081081645,0.0,0.4054651081081645,42,2.0,3.0,2.0,5.0
2012-10-28,201244,2.0,2,2,2,0.5586937,1.903185,0,1,350400820124419589,2023-08-20,Assis,1.1463068,105087,1,0,0,0,,,,,47607,21.86,26.44,32.11,10.8,64.0,2.0,20.71,1.292774,2.0,17.29,1.231907,1.0,19.17,0.47153732,2.0,18.66,0.6864027,1.75,19.7575,1.0986122886681098,0.0,0.0,0.4054651081081645,0.0,43,3.0,2.0,5.0,4.0
2012-11-04,201245,3.0,3,3,3,0.6893095,2.8547776,0,1,350400820124519589,2023-08-20,Assis,1.5069813,105087,0,0,0,0,,,,,47607,19.73,24.24,29.53,66.6,67.29,2.0,21.86,1.1463068,2.0,20.71,1.292774,2.0,17.29,1.231907,1.0,19.17,0.47153732,2.25,19.8975,1.3862943611198906,0.2876820724517808,0.2876820724517808,0.2876820724517808,0.6931471805599453,44,2.0,5.0,4.0,2.0
2012-11-11,201246,2.0,2,2,2,0.45115963,1.903185,0,1,350400820124619589,2023-08-20,Assis,0.8975037,105087,0,0,0,0,,,,,47607,18.26,23.1,28.31,17.5,69.29,3.0,19.73,1.5069813,2.0,21.86,1.1463068,2.0,20.71,1.292774,2.0,17.29,1.231907,2.25,20.14,1.0986122886681098,-0.2876820724517808,0.0,0.0,0.0,45,5.0,4.0,2.0,2.0
2012-11-18,201247,5.0,5,5,5,0.82966775,4.757962,0,1,350400820124719589,2023-08-20,Assis,1.9595187,105087,0,0,1,1,,,,,47607,19.59,25.11,30.79,20.1,61.0,2.0,18.26,0.8975037,3.0,19.73,1.5069813,2.0,21.86,1.1463068,2.0,20.71,1.292774,3.0,19.86,1.791759469228055,0.6931471805599452,0.4054651081081644,0.6931471805599452,0.6931471805599452,46,4.0,2.0,2.0,2.0
2012-11-25,201248,4.0,4,4,4,0.6455366,3.80637,0,1,350400820124819589,2023-08-20,Assis,1.3043213,105087,0,0,0,0,,,,,47607,19.61,24.51,30.09,3.8,65.43,5.0,19.59,1.9595187,2.0,18.26,0.8975037,3.0,19.73,1.5069813,2.0,21.86,1.1463068,3.5,19.2975,1.6094379124341003,-0.18232155679395468,0.5108256237659905,0.2231435513142097,0.5108256237659905,47,2.0,2.0,2.0,3.0
2012-12-02,201249,2.0,2,2,2,0.21640538,1.903185,0,1,350400820124919589,2023-08-20,Assis,0.5368227,105087,0,0,0,0,,,,,47607,22.5,27.49,32.96,15.5,65.0,4.0,19.61,1.3043213,5.0,19.59,1.9595187,2.0,18.26,0.8975037,3.0,19.73,1.5069813,3.25,19.99,1.0986122886681098,-0.5108256237659905,-0.6931471805599452,0.0,-0.2876820724517808,48,2.0,2.0,3.0,7.0
2012-12-09,201250,2.0,2,2,2,0.24070488,1.903185,0,1,350400820125019589,2023-08-20,Assis,0.5683281,105087,1,0,0,0,,,,,47607,22.11,25.47,30.1,133.9,77.86,2.0,22.5,0.5368227,4.0,19.61,1.3043213,5.0,19.59,1.9595187,2.0,18.26,0.8975037,3.25,20.9525,1.0986122886681098,0.0,-0.5108256237659905,-0.6931471805599452,0.0,49,2.0,3.0,7.0,9.0
2012-12-16,201251,2.0,2,2,2,0.37274247,1.903185,0,1,350400820125119589,2023-08-20,Assis,0.75846237,105087,1,0,0,0,,,,,47607,21.49,25.1,29.61,102.6,79.43,2.0,22.11,0.5683281,2.0,22.5,0.5368227,4.0,19.61,1.3043213,5.0,19.59,1.9595187,2.5,21.4275,1.0986122886681098,0.0,0.0,-0.5108256237659905,-0.6931471805599452,50,3.0,7.0,9.0,15.0
2012-12-23,201252,3.0,3,3,3,0.6551302,2.8547776,0,2,350400820125219589,2023-08-20,Assis,1.3849548,105087,1,0,0,1,,,,,47607,21.53,25.51,30.24,47.8,76.86,2.0,21.49,0.75846237,2.0,22.11,0.5683281,2.0,22.5,0.5368227,4.0,19.61,1.3043213,2.25,21.9075,1.3862943611198906,0.2876820724517808,0.2876820724517808,0.2876820724517808,-0.2231435513142097,51,7.0,9.0,15.0,13.0
2012-12-30,201301,7.0,7,7,7,0.9404473,6.6611476,0,2,350400820130119589,2023-08-20,Assis,2.7865617,105087,1,0,1,2,,,,,47607,20.33,23.81,28.89,54.0,80.43,3.0,21.53,1.3849548,2.0,21.49,0.75846237,2.0,22.11,0.5683281,2.0,22.5,0.5368227,3.5,21.365,2.0794415416798357,0.6931471805599452,0.980829253011726,0.980829253011726,0.980829253011726,52,9.0,15.0,13.0,33.0
2013-01-06,201302,9.0,9,9,9,0.9281118,8.564332,0,1,350400820130219589,2023-08-20,Assis,2.2625172,105087,0,0,1,5,,,,,47607,20.11,23.44,27.87,51.1,79.14,7.0,20.33,2.7865617,3.0,21.53,1.3849548,2.0,21.49,0.75846237,2.0,22.11,0.5683281,5.25,20.865,2.302585092994046,0.22314355131421015,0.9162907318741553,1.2039728043259361,1.2039728043259361,1,15.0,13.0,33.0,32.0
2013-01-13,201303,15.0,15,15,15,0.9687834,14.273888,0,1,350400820130319589,2023-08-20,Assis,2.2647564,105087,0,1,1,3,,,,,47607,19.36,23.04,27.73,60.3,81.14,9.0,20.11,2.2625172,7.0,20.33,2.7865617,3.0,21.53,1.3849548,2.0,21.49,0.75846237,8.5,20.3325,2.772588722239781,0.47000362924573524,0.6931471805599454,1.3862943611198906,1.6739764335716714,2,13.0,33.0,32.0,32.0
2013-01-20,201304,13.0,13,13,13,0.753906,12.370703,0,1,350400820130419589,2023-08-20,Assis,1.3283162,105087,0,0,1,4,,,,,47607,19.8,24.33,29.69,16.5,72.71,15.0,19.36,2.2647564,9.0,20.11,2.2625172,7.0,20.33,2.7865617,3.0,21.53,1.3849548,11.0,19.9,2.6390573296152584,-0.13353139262452274,0.3364722366212125,0.5596157879354227,1.2527629684953678,3,33.0,32.0,32.0,51.0
2013-01-27,201305,33.0,33,33,33,0.99833906,31.402552,0,1,350400820130519589,2023-08-20,Assis,2.447945,105087,1,1,1,15,,,,,47607,20.91,24.66,29.27,10.8,74.43,13.0,19.8,1.3283162,15.0,19.36,2.2647564,9.0,20.11,2.2625172,7.0,20.33,2.7865617,17.5,20.045,3.5263605246161616,0.8873031950009032,0.7537718023763804,1.2237754316221157,1.4469189829363258,4,32.0,32.0,51.0,84.0
2013-02-03,201306,32.0,32,32,32,0.96700066,30.45096,0,1,350400820130619589,2023-08-20,Assis,1.6801515,105087,0,1,1,23,,,,,47607,19.24,22.06,25.64,81.0,82.86,33.0,20.91,2.447945,13.0,19.8,1.3283162,15.0,19.36,2.2647564,9.0,20.11,2.2625172,23.25,19.8275,3.4965075614664802,-0.029852963149681333,0.8574502318512218,0.7239188392266991,1.1939224684724343,5,32.0,51.0,84.0,102.0
2013-02-10,201307,32.0,32,32,32,0.76007307,30.45096,0,1,350400820130719589,2023-08-20,Assis,1.2015538,105087,0,0,1,11,,,,,47607,20.69,24.11,29.2,51.0,83.57,32.0,19.24,1.6801515,33.0,20.91,2.447945,13.0,19.8,1.3283162,15.0,19.36,2.2647564,27.5,20.16,3.4965075614664802,0.0,-0.029852963149681333,0.8574502318512218,0.7239188392266991,6,51.0,84.0,102.0,146.0
2013-02-17,201308,51.0,51,51,51,0.9822848,48.531216,0,1,350400820130819589,2023-08-20,Assis,1.5928856,105087,1,1,2,26,,,,,47607,20.63,24.43,30.13,72.3,81.14,32.0,20.69,1.2015538,32.0,19.24,1.6801515,33.0,20.91,2.447945,13.0,19.8,1.3283162,37.0,20.3675,3.9512437185814275,0.4547361571149473,0.4547361571149473,0.42488319396526597,1.3121863889661691,7,84.0,102.0,146.0,132.0
2013-02-24,201309,84.0,84,84,84,0.99997884,79.93377,0,4,350400820130919589,2023-08-20,Assis,2.1414204,105087,1,1,2,54,,,,,47607,20.44,24.77,29.91,28.6,77.71,51.0,20.63,1.5928856,32.0,20.69,1.2015538,32.0,19.24,1.6801515,33.0,20.91,2.447945,49.75,20.25,4.442651256490317,0.49140753790888914,0.9461436950238364,0.9461436950238364,0.9162907318741551,8,102.0,146.0,132.0,135.0
2013-03-03,201310,102.0,102,102,102,0.9998985,97.06243,0,4,350400820131019589,2023-08-20,Assis,1.8280401,105087,1,1,2,76,,,,,47607,21.51,25.96,31.61,28.3,77.86,84.0,20.44,2.1414204,51.0,20.63,1.5928856,32.0,20.69,1.2015538,32.0,19.24,1.6801515,67.25,20.817500000000003,4.634728988229636,0.1920777317393192,0.6834852696482083,1.1382214267631556,1.1382214267631556,9,146.0,132.0,135.0,177.0
2013-03-10,201311,146.0,146,146,146,0.9999948,138.93251,0,4,350400820131119589,2023-08-20,Assis,1.8184236,105087,1,1,2,116,,,,,47607,21.06,24.03,28.7,88.2,84.86,102.0,21.51,1.8280401,84.0,20.44,2.1414204,51.0,20.63,1.5928856,32.0,20.69,1.2015538,95.75,20.91,4.990432586778736,0.35570359854910016,0.5477813302884194,1.0391888681973085,1.4939250253122558,10,132.0,135.0,177.0,174.0
2013-03-17,201312,132.0,132,132,132,0.9519892,125.61021,0,4,350400820131219589,2023-08-20,Assis,1.2409295,105087,0,1,2,98,,,,,47607,18.2,21.2,24.79,74.3,82.43,146.0,21.06,1.8184236,102.0,21.51,1.8280401,84.0,20.44,2.1414204,51.0,20.63,1.5928856,116.0,20.302500000000002,4.890349128221754,-0.10008345855698231,0.25562013999211786,0.44769787173143705,0.9391054096403262,11,135.0,177.0,174.0,161.0
2013-03-24,201313,135.0,135,135,135,0.69147176,128.46498,0,4,350400820131319589,2023-08-20,Assis,1.063653,105087,0,0,2,93,,,,,47607,18.03,22.19,27.34,11.9,76.71,132.0,18.2,1.2409295,146.0,21.06,1.8184236,102.0,21.51,1.8280401,84.0,20.44,2.1414204,128.75,19.7,4.912654885736052,0.02230575751429864,-0.07777770104268367,0.2779258975064165,0.4700036292457357,12,177.0,174.0,161.0,82.0
2013-03-31,201314,177.0,177,177,177,0.98977643,168.43187,0,4,350400820131419589,2023-08-20,Assis,1.3005451,105087,0,1,2,119,,,,,47607,19.81,23.14,27.27,75.3,83.86,135.0,18.03,1.063653,132.0,18.2,1.2409295,146.0,21.06,1.8184236,102.0,21.51,1.8280401,147.5,19.275,5.181783550292085,0.2691286645560327,0.2914344220703313,0.19135096351334901,0.5470545620624492,13,174.0,161.0,82.0,42.0
2013-04-07,201315,174.0,174,174,174,0.9390496,165.57709,0,4,350400820131519589,2023-08-20,Assis,1.1887954,105087,0,0,2,93,,,,,47607,19.66,22.77,26.93,76.8,82.86,177.0,19.81,1.3005451,135.0,18.03,1.063653,132.0,18.2,1.2409295,146.0,21.06,1.8184236,154.5,18.925,5.1647859739235145,-0.016997576368570577,0.2521310881874621,0.27443684570176075,0.17435338714477844,14,161.0,82.0,42.0,39.0
2013-04-14,201316,161.0,161,161,161,0.48084593,153.20639,0,4,350400820131619589,2023-08-20,Assis,0.994675,105087,0,0,2,78,,,,,47607,14.79,19.4,25.37,0.0,73.0,174.0,19.66,1.1887954,177.0,19.81,1.3005451,135.0,18.03,1.063653,132.0,18.2,1.2409295,161.75,18.072499999999998,5.087596335232384,-0.07718963869113082,-0.0941872150597014,0.17494144949633128,0.19724720701062992,15,82.0,42.0,39.0,25.0
2013-04-21,201317,82.0,82,82,82,7.129703e-08,78.03059,0,4,350400820131719589,2023-08-20,Assis,0.5014591,105087,0,0,2,32,,,,,47607,15.39,20.43,26.27,0.0,69.0,161.0,14.79,0.994675,174.0,19.66,1.1887954,177.0,19.81,1.3005451,135.0,18.03,1.063653,148.5,17.412499999999998,4.418840607796598,-0.6687557274357854,-0.7459453661269162,-0.7629429424954868,-0.4938142779394541,16,42.0,39.0,25.0,16.0
2013-04-28,201318,42.0,42,42,42,6.794565e-14,39.966885,0,1,350400820131819589,2023-08-20,Assis,0.30299878,105087,0,0,1,15,,,,,47607,18.06,23.39,29.37,0.0,70.0,82.0,15.39,0.5014591,161.0,14.79,0.994675,174.0,19.66,1.1887954,177.0,19.81,1.3005451,114.75,16.975,3.7612001156935624,-0.6576404921030359,-1.3263962195388213,-1.403585858229952,-1.4205834345985227,17,39.0,25.0,16.0,17.0
2013-05-05,201319,39.0,39,39,39,5.645726e-07,37.112106,0,1,350400820131919589,2023-08-20,Assis,0.41429377,105087,0,0,1,23,,,,,47607,13.11,18.5,25.6,0.4,62.71,42.0,18.06,0.30299878,82.0,15.39,0.5014591,161.0,14.79,0.994675,174.0,19.66,1.1887954,81.0,15.3375,3.6888794541139363,-0.07232066157962613,-0.729961153682662,-1.3987168811184474,-1.4759065198095782,18,25.0,16.0,17.0,17.0
2013-05-12,201320,25.0,25,25,25,0.00016606557,23.789812,0,1,350400820132019589,2023-08-20,Assis,0.4395884,105087,0,0,1,17,,,,,47607,17.17,21.6,27.01,0.6,68.0,39.0,13.11,0.41429377,42.0,18.06,0.30299878,82.0,15.39,0.5014591,161.0,14.79,0.994675,47.0,15.932500000000001,3.258096538021482,-0.4307829160924541,-0.5031035776720802,-1.1607440697751161,-1.8294997972109015,19,16.0,17.0,17.0,7.0
2013-05-19,201321,16.0,16,16,16,0.001181351,15.22548,0,1,350400820132119589,2023-08-20,Assis,0.42329183,105087,0,0,1,4,,,,,47607,16.63,19.91,24.31,29.1,79.86,25.0,17.17,0.4395884,39.0,13.11,0.41429377,42.0,18.06,0.30299878,82.0,15.39,0.5014591,30.5,16.2425,2.833213344056216,-0.42488319396526597,-0.8556661100577201,-0.9279867716373462,-1.585627263740382,20,17.0,17.0,7.0,7.0
2013-05-26,201322,17.0,17,17,17,0.06567663,16.177073,0,1,350400820132219589,2023-08-20,Assis,0.6330851,105087,0,0,1,9,,,,,47607,15.13,18.56,23.07,98.3,84.0,16.0,16.63,0.42329183,25.0,17.17,0.4395884,39.0,13.11,0.41429377,42.0,18.06,0.30299878,24.25,15.51,2.8903717578961645,0.05715841383994835,-0.3677247801253176,-0.7985076962177717,-0.8708283577973979,21,17.0,7.0,7.0,2.0
2013-06-02,201323,17.0,17,17,17,0.32213885,16.177073,0,1,350400820132319589,2023-08-20,Assis,0.86003256,105087,0,0,1,1,,,,,47607,14.39,18.31,23.76,16.1,82.57,17.0,15.13,0.6330851,16.0,16.63,0.42329183,25.0,17.17,0.4395884,39.0,13.11,0.41429377,18.75,15.83,2.8903717578961645,0.0,0.05715841383994835,-0.3677247801253176,-0.7985076962177717,22,7.0,7.0,2.0,2.0
2013-06-09,201324,7.0,7,7,7,0.01988356,6.6611476,0,1,350400820132419589,2023-08-20,Assis,0.41983166,105087,0,0,1,0,,,,,47607,15.34,18.73,23.79,25.2,83.57,17.0,14.39,0.86003256,17.0,15.13,0.6330851,16.0,16.63,0.42329183,25.0,17.17,0.4395884,14.25,15.3725,2.0794415416798357,-0.8109302162163288,-0.8109302162163288,-0.7537718023763804,-1.1786549963416464,23,7.0,2.0,2.0,5.0
2013-06-16,201325,7.0,7,7,7,0.05882307,6.6611476,0,1,350400820132519589,2023-08-20,Assis,0.50189334,105087,0,0,1,2,,,,,47607,14.93,18.17,22.26,67.2,84.86,7.0,15.34,0.41983166,17.0,14.39,0.86003256,17.0,15.13,0.6330851,16.0,16.63,0.42329183,12.0,14.9475,2.0794415416798357,0.0,-0.8109302162163288,-0.8109302162163288,-0.7537718023763804,24,2.0,2.0,5.0,1.0
2013-06-23,201326,2.0,2,2,2,0.0070332424,1.903185,0,1,350400820132619589,2023-08-20,Assis,0.20618482,105087,0,0,0,1,,,,,47607,15.83,18.33,21.89,79.1,87.29,7.0,14.93,0.50189334,7.0,15.34,0.41983166,17.0,14.39,0.86003256,17.0,15.13,0.6330851,8.25,15.1225,1.0986122886681098,-0.980829253011726,-0.980829253011726,-1.7917594692280547,-1.7917594692280547,25,2.0,5.0,1.0,0.0
2013-06-30,201327,2.0,2,2,2,0.059935126,1.903185,0,1,350400820132719589,2023-08-20,Assis,0.32928962,105087,0,0,0,0,,,,,47607,15.11,18.77,23.91,23.4,82.43,2.0,15.83,0.20618482,7.0,14.93,0.50189334,7.0,15.34,0.41983166,17.0,14.39,0.86003256,4.5,15.3025,1.0986122886681098,0.0,-0.980829253011726,-0.980829253011726,-1.7917594692280547,26,5.0,1.0,0.0,3.0
2013-07-07,201328,5.0,5,5,5,0.6783775,4.757962,0,1,350400820132819589,2023-08-20,Assis,1.3509303,105087,0,0,1,2,,,,,47607,14.19,18.84,25.04,0.0,77.57,2.0,15.11,0.32928962,2.0,15.83,0.20618482,7.0,14.93,0.50189334,7.0,15.34,0.41983166,4.0,15.014999999999999,1.791759469228055,0.6931471805599452,0.6931471805599452,-0.2876820724517808,-0.2876820724517808,27,1.0,0.0,3.0,1.0
2013-07-14,201329,1.0,1,1,1,0.12878792,0.9515925,0,1,350400820132919589,2023-08-20,Assis,0.3381885,105087,0,0,0,0,,,,,47607,13.99,19.03,24.99,18.9,77.71,5.0,14.19,1.3509303,2.0,15.11,0.32928962,2.0,15.83,0.20618482,7.0,14.93,0.50189334,2.5,14.78,0.6931471805599453,-1.0986122886681096,-0.4054651081081645,-0.4054651081081645,-1.3862943611198904,28,0.0,3.0,1.0,4.0
2013-07-21,201330,0.0,0,0,0,0.0,0.0,0,1,350400820133019589,2023-08-20,Assis,0.0,105087,0,0,0,0,,,,,47607,8.46,12.67,17.39,22.7,76.86,1.0,13.99,0.3381885,5.0,14.19,1.3509303,2.0,15.11,0.32928962,2.0,15.83,0.20618482,2.0,12.9375,0.0,-0.6931471805599453,-1.791759469228055,-1.0986122886681098,-1.0986122886681098,29,3.0,1.0,4.0,6.0
2013-07-28,201331,3.0,3,3,3,0.70926976,2.8547776,0,1,350400820133119589,2023-08-20,Assis,1.5885104,105087,0,0,0,1,,,,,47607,12.6,18.89,27.09,0.0,66.29,0.0,8.46,0.0,1.0,13.99,0.3381885,5.0,14.19,1.3509303,2.0,15.11,0.32928962,2.25,12.31,1.3862943611198906,1.3862943611198906,0.6931471805599453,-0.4054651081081644,0.2876820724517808,30,1.0,4.0,6.0,4.0
2013-08-04,201332,1.0,1,1,1,0.4058531,0.9515925,0,1,350400820133219589,2023-08-20,Assis,0.7686569,105087,0,0,0,0,,,,,47607,15.61,21.03,27.56,0.0,64.14,3.0,12.6,1.5885104,0.0,8.46,0.0,1.0,13.99,0.3381885,5.0,14.19,1.3509303,1.25,12.665000000000001,0.6931471805599453,-0.6931471805599453,0.6931471805599453,0.0,-1.0986122886681096,31,4.0,6.0,4.0,3.0
2013-08-11,201333,4.0,4,4,4,0.8506475,3.80637,0,1,350400820133319589,2023-08-20,Assis,2.3105597,105087,0,0,0,0,,,,,47607,9.23,15.43,22.2,1.1,67.0,1.0,15.61,0.7686569,3.0,12.6,1.5885104,0.0,8.46,0.0,1.0,13.99,0.3381885,2.0,11.475,1.6094379124341003,0.916290731874155,0.2231435513142097,1.6094379124341003,0.916290731874155,32,6.0,4.0,3.0,4.0
2013-08-18,201334,6.0,6,6,6,0.90694904,5.709555,0,1,350400820133419589,2023-08-20,Assis,2.4775093,105087,0,0,1,0,,,,,47607,15.29,21.26,28.5,0.0,59.14,4.0,9.23,2.3105597,1.0,15.61,0.7686569,3.0,12.6,1.5885104,0.0,8.46,0.0,3.5,13.1825,1.9459101490553132,0.33647223662121295,1.252762968495368,0.5596157879354227,1.9459101490553132,33,4.0,3.0,4.0,5.0
2013-08-25,201335,4.0,4,4,4,0.55045694,3.80637,0,1,350400820133519589,2023-08-20,Assis,1.090619,105087,0,0,0,0,,,,,47607,10.76,17.16,24.5,4.4,62.71,6.0,15.29,2.4775093,4.0,9.23,2.3105597,1.0,15.61,0.7686569,3.0,12.6,1.5885104,3.75,12.7225,1.6094379124341003,-0.33647223662121295,0.0,0.916290731874155,0.2231435513142097,34,3.0,4.0,5.0,0.0
2013-09-01,201336,3.0,3,3,3,0.27355802,2.8547776,0,1,350400820133619589,2023-08-20,Assis,0.65808517,105087,0,0,0,0,,,,,47607,15.64,20.71,27.2,8.3,66.71,4.0,10.76,1.090619,6.0,15.29,2.4775093,4.0,9.23,2.3105597,1.0,15.61,0.7686569,4.25,12.73,1.3862943611198906,-0.2231435513142097,-0.5596157879354227,-0.2231435513142097,0.6931471805599453,35,4.0,5.0,0.0,4.0
2013-09-08,201337,4.0,4,4,4,0.46921545,3.80637,0,1,350400820133719589,2023-08-20,Assis,0.9500586,105087,0,0,0,1,,,,,47607,17.57,24.56,31.89,0.0,46.86,3.0,15.64,0.65808517,4.0,10.76,1.090619,6.0,15.29,2.4775093,4.0,9.23,2.3105597,4.25,14.815000000000001,1.6094379124341003,0.2231435513142097,0.0,-0.33647223662121295,0.0,36,5.0,0.0,4.0,4.0
2013-09-15,201338,5.0,5,5,5,0.6723701,4.757962,0,1,350400820133819589,2023-08-20,Assis,1.335342,105087,0,0,1,0,,,,,47607,17.19,22.7,28.79,25.8,65.57,4.0,17.57,0.9500586,3.0,15.64,0.65808517,4.0,10.76,1.090619,6.0,15.29,2.4775093,4.0,15.290000000000001,1.791759469228055,0.18232155679395468,0.4054651081081644,0.18232155679395468,-0.15415067982725827,37,0.0,4.0,4.0,3.0
2013-09-22,201339,0.0,0,0,0,0.0,0.0,0,1,350400820133919589,2023-08-20,Assis,0.0,105087,0,0,0,0,,,,,47607,13.07,18.43,24.54,22.8,68.57,5.0,17.19,1.335342,4.0,17.57,0.9500586,3.0,15.64,0.65808517,4.0,10.76,1.090619,3.0,15.867500000000001,0.0,-1.791759469228055,-1.6094379124341003,-1.3862943611198906,-1.6094379124341003,38,4.0,4.0,3.0,6.0
2013-09-29,201340,4.0,4,4,4,0.59884554,3.80637,0,1,350400820134019589,2023-08-20,Assis,1.1908067,105087,0,0,0,1,,,,,47607,17.53,20.54,24.57,76.8,83.86,0.0,13.07,0.0,5.0,17.19,1.335342,4.0,17.57,0.9500586,3.0,15.64,0.65808517,3.25,16.34,1.6094379124341003,1.6094379124341003,-0.18232155679395468,0.0,0.2231435513142097,39,4.0,3.0,6.0,6.0
2013-10-06,201341,4.0,4,4,4,0.716551,3.80637,0,1,350400820134119589,2023-08-20,Assis,1.5246783,105087,0,0,0,0,,,,,47607,14.61,20.16,26.06,0.7,63.71,4.0,17.53,1.1908067,0.0,13.07,0.0,5.0,17.19,1.335342,4.0,17.57,0.9500586,3.25,15.600000000000001,1.6094379124341003,0.0,1.6094379124341003,-0.18232155679395468,0.0,40,3.0,6.0,6.0,4.0
2013-10-13,201342,3.0,3,3,3,0.4976072,2.8547776,0,1,350400820134219589,2023-08-20,Assis,0.99544924,105087,0,0,0,0,,,,,47607,18.16,22.76,27.74,38.6,73.29,4.0,14.61,1.5246783,4.0,17.53,1.1908067,0.0,13.07,0.0,5.0,17.19,1.335342,2.75,15.842500000000001,1.3862943611198906,-0.2231435513142097,-0.2231435513142097,1.3862943611198906,-0.4054651081081644,41,6.0,6.0,4.0,5.0
2013-10-20,201343,6.0,6,6,6,0.78823555,5.709555,0,1,350400820134319589,2023-08-20,Assis,1.6500702,105087,0,0,1,1,,,,,47607,19.64,24.87,31.57,19.5,70.43,3.0,18.16,0.99544924,4.0,14.61,1.5246783,4.0,17.53,1.1908067,0.0,13.07,0.0,4.25,17.485,1.9459101490553132,0.5596157879354227,0.33647223662121295,0.33647223662121295,1.9459101490553132,42,6.0,4.0,5.0,8.0
2013-10-27,201344,6.0,6,6,6,0.7272928,5.709555,0,1,350400820134419589,2023-08-20,Assis,1.4433073,105087,0,0,1,1,,,,,47607,16.61,22.96,30.16,1.8,64.43,6.0,19.64,1.6500702,3.0,18.16,0.99544924,4.0,14.61,1.5246783,4.0,17.53,1.1908067,4.75,17.255,1.9459101490553132,0.0,0.5596157879354227,0.33647223662121295,0.33647223662121295,43,4.0,5.0,8.0,7.0
2013-11-03,201345,4.0,4,4,4,0.36068633,3.80637,0,1,350400820134519589,2023-08-20,Assis,0.7966457,105087,0,0,0,0,,,,,47607,17.87,22.06,27.06,20.9,73.43,6.0,16.61,1.4433073,6.0,19.64,1.6500702,3.0,18.16,0.99544924,4.0,14.61,1.5246783,4.75,18.07,1.6094379124341003,-0.33647223662121295,-0.33647223662121295,0.2231435513142097,0.0,44,5.0,8.0,7.0,5.0
2013-11-10,201346,5.0,5,5,5,0.46585006,4.757962,0,1,350400820134619589,2023-08-20,Assis,0.949929,105087,0,0,1,1,,,,,47607,20.37,25.57,31.51,7.6,59.71,4.0,17.87,0.7966457,6.0,16.61,1.4433073,6.0,19.64,1.6500702,3.0,18.16,0.99544924,5.25,18.622500000000002,1.791759469228055,0.18232155679395468,-0.15415067982725827,-0.15415067982725827,0.4054651081081644,45,8.0,7.0,5.0,12.0
2013-11-17,201347,8.0,8,8,8,0.80370593,7.61274,0,1,350400820134719589,2023-08-20,Assis,1.5913565,105087,0,0,1,1,,,,,47607,19.5,23.09,27.84,57.1,78.14,5.0,20.37,0.949929,4.0,17.87,0.7966457,6.0,16.61,1.4433073,6.0,19.64,1.6500702,5.75,18.587500000000002,2.1972245773362196,0.4054651081081646,0.5877866649021193,0.25131442828090633,0.25131442828090633,46,7.0,5.0,12.0,13.0
2013-11-24,201348,7.0,7,7,7,0.65535426,6.6611476,0,1,350400820134819589,2023-08-20,Assis,1.2439488,105087,0,0,1,5,,,,,47607,19.54,24.29,29.51,14.3,73.29,8.0,19.5,1.5913565,5.0,20.37,0.949929,4.0,17.87,0.7966457,6.0,16.61,1.4433073,6.0,19.32,2.0794415416798357,-0.11778303565638382,0.2876820724517808,0.47000362924573547,0.13353139262452252,47,5.0,12.0,13.0,3.0
2013-12-01,201349,5.0,5,5,5,0.31192628,4.757962,0,1,350400820134919589,2023-08-20,Assis,0.75660086,105087,1,0,1,0,,,,,47607,21.23,26.3,32.24,7.7,67.14,7.0,19.54,1.2439488,8.0,19.5,1.5913565,5.0,20.37,0.949929,4.0,17.87,0.7966457,6.25,20.16,1.791759469228055,-0.2876820724517808,-0.4054651081081646,0.0,0.18232155679395468,48,12.0,13.0,3.0,5.0
2013-12-08,201350,12.0,12,12,12,0.8877434,11.41911,0,1,350400820135019589,2023-08-20,Assis,1.7455559,105087,1,0,1,2,,,,,47607,20.43,24.84,29.66,38.8,73.14,5.0,21.23,0.75660086,7.0,19.54,1.2439488,8.0,19.5,1.5913565,5.0,20.37,0.949929,8.0,20.174999999999997,2.5649493574615367,0.7731898882334818,0.485507815781701,0.3677247801253172,0.7731898882334818,49,13.0,3.0,5.0,12.0
2013-12-15,201351,13.0,13,13,13,0.88166994,12.370703,0,1,350400820135119589,2023-08-20,Assis,1.6777074,105087,0,0,1,2,,,,,47607,19.41,25.76,32.29,1.4,57.29,12.0,20.43,1.7455559,5.0,21.23,0.75660086,7.0,19.54,1.2439488,8.0,19.5,1.5913565,9.25,20.1525,2.6390573296152584,0.07410797215372167,0.8472978603872034,0.5596157879354227,0.44183275227903884,50,3.0,5.0,12.0,17.0
2013-12-22,201352,3.0,3,3,3,0.022406455,2.8547776,0,1,350400820135219589,2023-08-20,Assis,0.30867946,105087,1,0,0,0,,,,,47607,21.79,26.43,31.56,40.2,67.0,13.0,19.41,1.6777074,12.0,20.43,1.7455559,5.0,21.23,0.75660086,7.0,19.54,1.2439488,8.25,20.715,1.3862943611198906,-1.2527629684953678,-1.1786549963416462,-0.4054651081081644,-0.6931471805599452,51,5.0,12.0,17.0,15.0
2013-12-29,201401,5.0,5,5,5,0.11471025,4.757962,0,1,350400820140119589,2023-08-20,Assis,0.53260493,105087,1,0,1,3,,,,,47607,22.04,25.2,29.73,96.0,83.0,3.0,21.79,0.30867946,13.0,19.41,1.6777074,12.0,20.43,1.7455559,5.0,21.23,0.75660086,8.25,20.9175,1.791759469228055,0.4054651081081644,-0.8472978603872034,-0.7731898882334818,0.0,52,12.0,17.0,15.0,46.0
2014-01-05,201402,12.0,12,12,12,0.8879222,11.41911,0,2,350400820140219589,2023-08-20,Assis,1.7464222,105087,1,0,1,7,,,,,47607,21.24,25.81,31.56,23.4,72.29,5.0,22.04,0.53260493,3.0,21.79,0.30867946,13.0,19.41,1.6777074,12.0,20.43,1.7455559,8.25,21.119999999999997,2.5649493574615367,0.7731898882334818,1.1786549963416462,-0.07410797215372167,0.0,1,17.0,15.0,46.0,69.0
2014-01-12,201403,17.0,17,17,17,0.97897667,16.177073,0,2,350400820140319589,2023-08-20,Assis,2.329449,105087,1,1,1,10,,,,,47607,20.33,23.8,28.36,37.2,79.29,12.0,21.24,1.7464222,5.0,22.04,0.53260493,3.0,21.79,0.30867946,13.0,19.41,1.6777074,9.25,21.35,2.8903717578961645,0.3254224004346278,1.0986122886681096,1.504077396776274,0.2513144282809061,2,15.0,46.0,69.0,98.0
2014-01-19,201404,15.0,15,15,15,0.77884233,14.273888,0,2,350400820140419589,2023-08-20,Assis,1.3462902,105087,1,0,1,6,,,,,47607,21.3,26.21,31.63,10.4,68.57,17.0,20.33,2.329449,12.0,21.24,1.7464222,5.0,22.04,0.53260493,3.0,21.79,0.30867946,12.25,21.2275,2.772588722239781,-0.11778303565638337,0.2076393647782444,0.9808292530117262,1.3862943611198906,3,46.0,69.0,98.0,93.0
2014-01-26,201405,46.0,46,46,46,0.9999531,43.773254,0,1,350400820140519589,2023-08-20,Assis,2.8600168,105087,0,1,1,26,,,,,47607,21.66,27.6,33.67,4.7,58.86,15.0,21.3,1.3462902,17.0,20.33,2.329449,12.0,21.24,1.7464222,5.0,22.04,0.53260493,22.5,21.1325,3.8501476017100584,1.0775588794702773,0.9597758438138939,1.2851982442485217,2.0583881324820035,4,69.0,98.0,93.0,82.0
2014-02-02,201406,69.0,69,69,69,0.9999975,65.65988,0,1,350400820140619589,2023-08-20,Assis,2.6927736,105087,0,1,2,45,,,,,47607,23.41,29.37,35.2,0.2,46.29,46.0,21.66,2.8600168,15.0,21.3,1.3462902,17.0,20.33,2.329449,12.0,21.24,1.7464222,36.75,21.675,4.248495242049359,0.3983476403393009,1.4759065198095782,1.3581234841531948,1.6835458845878226,5,98.0,93.0,82.0,55.0
2014-02-09,201407,98.0,98,98,98,0.99999666,93.256065,0,4,350400820140719589,2023-08-20,Assis,2.1806998,105087,0,1,2,66,,,,,47607,22.09,26.01,31.4,43.1,64.71,69.0,23.41,2.6927736,46.0,21.66,2.8600168,15.0,21.3,1.3462902,17.0,20.33,2.329449,57.0,22.115000000000002,4.59511985013459,0.34662460808523043,0.7449722484245314,1.8225311278948086,1.7047480922384253,6,93.0,82.0,55.0,103.0
2014-02-16,201408,93.0,93,93,93,0.9747414,88.4981,0,4,350400820140819589,2023-08-20,Assis,1.3620629,105087,1,1,2,52,,,,,47607,20.16,24.1,28.97,25.5,72.86,98.0,22.09,2.1806998,69.0,23.41,2.6927736,46.0,21.66,2.8600168,15.0,21.3,1.3462902,76.5,21.830000000000002,4.543294782270004,-0.05182506786458596,0.2947995402206445,0.6931471805599454,1.7707060600302227,7,82.0,55.0,103.0,94.0
2014-02-23,201409,82.0,82,82,82,0.39979592,78.03059,0,4,350400820140919589,2023-08-20,Assis,0.96159244,105087,1,0,2,29,,,,,47607,20.47,24.1,28.67,62.0,81.71,93.0,20.16,1.3620629,98.0,22.09,2.1806998,69.0,23.41,2.6927736,46.0,21.66,2.8600168,85.5,21.5325,4.418840607796598,-0.12445417447340557,-0.17627924233799153,0.1703453657472389,0.5686930060865398,8,55.0,103.0,94.0,106.0
2014-03-02,201410,55.0,55,55,55,0.0030066639,52.337585,0,4,350400820141019589,2023-08-20,Assis,0.6281612,105087,1,0,2,29,,,,,47607,20.07,23.94,28.99,45.3,80.0,82.0,20.47,0.96159244,93.0,20.16,1.3620629,98.0,22.09,2.1806998,69.0,23.41,2.6927736,82.0,20.697499999999998,4.02535169073515,-0.3934889170614486,-0.5179430915348542,-0.5697681593994401,-0.2231435513142097,9,103.0,94.0,106.0,94.0
2014-03-09,201411,103.0,103,103,103,0.9582724,98.01402,0,4,350400820141119589,2023-08-20,Assis,1.2925231,105087,1,1,2,72,,,,,47607,20.09,24.46,30.13,39.8,78.29,55.0,20.07,0.6281612,82.0,20.47,0.96159244,93.0,20.16,1.3620629,98.0,22.09,2.1806998,83.25,20.197499999999998,4.6443908991413725,0.6190392084062228,0.22555029134477422,0.10109611687136866,0.0492710490067827,10,94.0,106.0,94.0,83.0
2014-03-16,201412,94.0,94,94,94,0.90050274,89.44969,0,4,350400820141219589,2023-08-20,Assis,1.216886,105087,1,0,2,61,,,,,47607,20.84,24.81,29.69,47.3,78.29,103.0,20.09,1.2925231,55.0,20.07,0.6281612,82.0,20.47,0.96159244,93.0,20.16,1.3620629,83.5,20.3675,4.553876891600541,-0.09051400754083172,0.5285252008653911,0.1350362838039425,0.010582109330536937,11,106.0,94.0,83.0,110.0
2014-03-23,201413,106.0,106,106,106,0.9061085,100.868805,0,4,350400820141319589,2023-08-20,Assis,1.2083852,105087,0,0,2,64,,,,,47607,18.39,23.0,28.53,2.4,73.0,94.0,20.84,1.216886,103.0,20.09,1.2925231,55.0,20.07,0.6281612,82.0,20.47,0.96159244,89.5,19.8475,4.672828834461906,0.11895194286136501,0.028437935320533292,0.6474771437267561,0.2539882266653075,12,94.0,83.0,110.0,74.0
2014-03-30,201414,94.0,94,94,94,0.4281706,89.44969,0,4,350400820141419589,2023-08-20,Assis,0.97416276,105087,1,0,2,60,,,,,47607,20.37,24.09,28.66,21.1,78.43,106.0,18.39,1.2083852,94.0,20.84,1.216886,103.0,20.09,1.2925231,55.0,20.07,0.6281612,99.25,19.9225,4.553876891600541,-0.11895194286136501,0.0,-0.09051400754083172,0.5285252008653911,13,83.0,110.0,74.0,46.0
2014-04-06,201415,83.0,83,83,83,0.13059919,78.98218,0,4,350400820141519589,2023-08-20,Assis,0.84628624,105087,1,0,2,68,,,,,47607,19.93,24.44,29.79,28.6,76.71,94.0,20.37,0.97416276,106.0,18.39,1.2083852,94.0,20.84,1.216886,103.0,20.09,1.2925231,94.25,19.8825,4.430816798843313,-0.1230600927572274,-0.2420120356185924,-0.1230600927572274,-0.21357410029805912,14,110.0,74.0,46.0,57.0
2014-04-13,201416,110.0,110,110,110,0.85797226,104.67517,0,4,350400820141619589,2023-08-20,Assis,1.161426,105087,0,0,2,83,,,,,47607,18.36,21.66,25.8,18.0,82.43,83.0,19.93,0.84628624,94.0,20.37,0.97416276,106.0,18.39,1.2083852,94.0,20.84,1.216886,98.25,19.2625,4.709530201312334,0.27871340246902054,0.15565330971179314,0.03670136685042813,0.15565330971179314,15,74.0,46.0,57.0,77.0
2014-04-20,201417,74.0,74,74,74,0.073826775,70.41785,0,4,350400820141719589,2023-08-20,Assis,0.798937,105087,0,0,2,51,,,,,47607,18.11,21.43,26.09,1.8,78.0,110.0,18.36,1.161426,83.0,19.93,0.84628624,94.0,20.37,0.97416276,106.0,18.39,1.2083852,90.25,19.1925,4.31748811353631,-0.3920420877760238,-0.11332868530700324,-0.23638877806423064,-0.35534072092559565,16,46.0,57.0,77.0,50.0
2014-04-27,201418,46.0,46,46,46,6.86342e-05,43.773254,0,1,350400820141819589,2023-08-20,Assis,0.5115983,105087,0,0,1,34,,,,,47607,15.31,19.63,25.1,13.9,73.86,74.0,18.11,0.798937,110.0,18.36,1.161426,83.0,19.93,0.84628624,94.0,20.37,0.97416276,78.25,17.9275,3.8501476017100584,-0.4673405118262517,-0.8593825996022755,-0.5806691971332549,-0.7037292898904823,17,57.0,77.0,50.0,22.0
2014-05-04,201419,57.0,57,57,57,0.05532627,54.240772,0,1,350400820141919589,2023-08-20,Assis,0.7573863,105087,0,0,2,47,,,,,47607,17.03,21.63,27.53,0.0,70.43,46.0,15.31,0.5115983,74.0,18.11,0.798937,110.0,18.36,1.161426,83.0,19.93,0.84628624,71.75,17.2025,4.060443010546419,0.21029540883636066,-0.25704510298989103,-0.6490871907659148,-0.37037378829689427,18,77.0,50.0,22.0,5.0
2014-05-11,201420,77.0,77,77,77,0.92083645,73.27262,0,4,350400820142019589,2023-08-20,Assis,1.2721721,105087,0,0,2,70,,,,,47607,15.94,20.37,26.14,0.2,71.43,57.0,17.03,0.7573863,46.0,15.31,0.5115983,74.0,18.11,0.798937,110.0,18.36,1.161426,63.5,16.5975,4.356708826689592,0.2962658161431726,0.5065612249795333,0.03922071315328157,-0.3528213746227422,19,50.0,22.0,5.0,11.0
2014-05-18,201421,50.0,50,50,50,0.17621736,47.579624,0,4,350400820142119589,2023-08-20,Assis,0.8375807,105087,0,0,2,46,,,,,47607,17.07,20.43,24.79,48.9,77.71,77.0,15.94,1.2721721,57.0,17.03,0.7573863,46.0,15.31,0.5115983,74.0,18.11,0.798937,57.5,16.3375,3.9318256327243257,-0.42488319396526597,-0.12861737782209337,0.0816780310142673,-0.3856624808119844,20,22.0,5.0,11.0,5.0
2014-05-25,201422,22.0,22,22,22,6.5810345e-06,20.935036,0,1,350400820142219589,2023-08-20,Assis,0.36289492,105087,0,0,1,18,,,,,47607,12.46,15.89,20.14,17.1,81.43,50.0,17.07,0.8375807,77.0,15.94,1.2721721,57.0,17.03,0.7573863,46.0,15.31,0.5115983,51.5,15.625,3.1354942159291497,-0.796331416795176,-1.221214610760442,-0.9249487946172694,-0.7146533857809088,21,5.0,11.0,5.0,4.0
2014-06-01,201423,5.0,5,5,5,9.086798e-11,4.757962,0,1,350400820142319589,2023-08-20,Assis,0.10534391,105087,0,0,1,1,,,,,47607,14.41,18.69,23.7,7.7,76.86,22.0,12.46,0.36289492,50.0,17.07,0.8375807,77.0,15.94,1.2721721,57.0,17.03,0.7573863,38.5,14.969999999999999,1.791759469228055,-1.3437347467010947,-2.1400661634962708,-2.5649493574615367,-2.268683541318364,22,11.0,5.0,4.0,4.0
2014-06-08,201424,11.0,11,11,11,0.0036734957,10.467518,0,1,350400820142419589,2023-08-20,Assis,0.40597585,105087,0,0,1,6,,,,,47607,17.07,20.47,25.69,0.3,76.0,5.0,14.41,0.10534391,22.0,12.46,0.36289492,50.0,17.07,0.8375807,77.0,15.94,1.2721721,22.0,15.252500000000001,2.4849066497880004,0.6931471805599454,-0.6505875661411493,-1.4469189829363254,-1.8718021769015913,23,5.0,4.0,4.0,6.0
2014-06-15,201425,5.0,5,5,5,0.02139153,4.757962,0,1,350400820142519589,2023-08-20,Assis,0.3759908,105087,0,0,1,3,,,,,47607,14.57,18.37,23.89,0.5,79.43,11.0,17.07,0.40597585,5.0,14.41,0.10534391,22.0,12.46,0.36289492,50.0,17.07,0.8375807,10.75,14.627500000000001,1.791759469228055,-0.6931471805599454,0.0,-1.3437347467010947,-2.1400661634962708,24,4.0,4.0,6.0,3.0
2014-06-22,201426,4.0,4,4,4,0.093448564,3.80637,0,1,350400820142619589,2023-08-20,Assis,0.47371924,105087,0,0,0,2,,,,,47607,15.47,20.29,26.61,0.0,71.57,5.0,14.57,0.3759908,11.0,17.07,0.40597585,5.0,14.41,0.10534391,22.0,12.46,0.36289492,6.25,15.38,1.6094379124341003,-0.18232155679395468,-0.8754687373539001,-0.18232155679395468,-1.5260563034950494,25,4.0,6.0,3.0,5.0
2014-06-29,201427,4.0,4,4,4,0.2341033,3.80637,0,1,350400820142719589,2023-08-20,Assis,0.6436562,105087,0,0,0,2,,,,,47607,13.41,18.59,25.11,0.3,68.0,4.0,15.47,0.47371924,5.0,14.57,0.3759908,11.0,17.07,0.40597585,5.0,14.41,0.10534391,6.0,15.129999999999999,1.6094379124341003,0.0,-0.18232155679395468,-0.8754687373539001,-0.18232155679395468,26,6.0,3.0,5.0,7.0
2014-07-06,201428,6.0,6,6,6,0.65847564,5.709555,0,1,350400820142819589,2023-08-20,Assis,1.2721215,105087,0,0,1,4,,,,,47607,14.7,17.91,22.44,34.4,75.57,4.0,13.41,0.6436562,4.0,15.47,0.47371924,5.0,14.57,0.3759908,11.0,17.07,0.40597585,4.75,14.537500000000001,1.9459101490553132,0.33647223662121295,0.33647223662121295,0.15415067982725827,-0.5389965007326871,27,3.0,5.0,7.0,3.0
2014-07-13,201429,3.0,3,3,3,0.28072473,2.8547776,0,1,350400820142919589,2023-08-20,Assis,0.6671327,105087,0,0,0,2,,,,,47607,13.37,18.11,24.53,10.3,73.29,6.0,14.7,1.2721215,4.0,13.41,0.6436562,4.0,15.47,0.47371924,5.0,14.57,0.3759908,4.25,14.237499999999999,1.3862943611198906,-0.5596157879354227,-0.2231435513142097,-0.2231435513142097,-0.4054651081081644,28,5.0,7.0,3.0,4.0
2014-07-20,201430,5.0,5,5,5,0.5540615,4.757962,0,1,350400820143019589,2023-08-20,Assis,1.0876644,105087,0,0,1,3,,,,,47607,11.33,16.17,22.09,27.3,72.57,3.0,13.37,0.6671327,6.0,14.7,1.2721215,4.0,13.41,0.6436562,4.0,15.47,0.47371924,4.5,13.202499999999999,1.791759469228055,0.4054651081081644,-0.15415067982725827,0.18232155679395468,0.18232155679395468,29,7.0,3.0,4.0,5.0
2014-07-27,201431,7.0,7,7,7,0.78181225,6.6611476,0,1,350400820143119589,2023-08-20,Assis,1.5657089,105087,0,0,1,4,,,,,47607,13.29,18.37,24.8,0.1,74.0,5.0,11.33,1.0876644,3.0,13.37,0.6671327,6.0,14.7,1.2721215,4.0,13.41,0.6436562,5.25,13.1725,2.0794415416798357,0.2876820724517808,0.6931471805599452,0.13353139262452252,0.47000362924573547,30,3.0,4.0,5.0,2.0
2014-08-03,201432,3.0,3,3,3,0.2346934,2.8547776,0,1,350400820143219589,2023-08-20,Assis,0.6099287,105087,0,0,0,2,,,,,47607,14.63,20.37,27.59,0.0,62.14,7.0,13.29,1.5657089,5.0,11.33,1.0876644,3.0,13.37,0.6671327,6.0,14.7,1.2721215,4.5,13.155,1.3862943611198906,-0.6931471805599452,-0.4054651081081644,0.0,-0.5596157879354227,31,4.0,5.0,2.0,2.0
2014-08-10,201433,4.0,4,4,4,0.34704575,3.80637,0,1,350400820143319589,2023-08-20,Assis,0.779206,105087,0,0,0,0,,,,,47607,13.14,19.36,26.24,9.4,64.43,3.0,14.63,0.6099287,7.0,13.29,1.5657089,5.0,11.33,1.0876644,3.0,13.37,0.6671327,4.75,13.0975,1.6094379124341003,0.2231435513142097,-0.47000362924573547,-0.18232155679395468,0.2231435513142097,32,5.0,2.0,2.0,3.0
2014-08-17,201434,5.0,5,5,5,0.579379,4.757962,0,1,350400820143419589,2023-08-20,Assis,1.1331396,105087,0,0,1,1,,,,,47607,15.74,21.63,28.87,0.0,60.71,4.0,13.14,0.779206,3.0,14.63,0.6099287,7.0,13.29,1.5657089,5.0,11.33,1.0876644,4.75,14.200000000000001,1.791759469228055,0.18232155679395468,0.4054651081081644,-0.2876820724517808,0.0,33,2.0,2.0,3.0,5.0
2014-08-24,201435,2.0,2,2,2,0.18358636,1.903185,0,1,350400820143519589,2023-08-20,Assis,0.49504665,105087,0,0,0,0,,,,,47607,14.94,21.03,28.11,0.2,49.14,5.0,15.74,1.1331396,4.0,13.14,0.779206,3.0,14.63,0.6099287,7.0,13.29,1.5657089,3.5,14.6125,1.0986122886681098,-0.6931471805599452,-0.5108256237659905,-0.2876820724517808,-0.980829253011726,34,2.0,3.0,5.0,3.0
2014-08-31,201436,2.0,2,2,2,0.21388687,1.903185,0,1,350400820143619589,2023-08-20,Assis,0.5335913,105087,0,0,0,1,,,,,47607,16.34,21.71,28.79,24.7,64.86,2.0,14.94,0.49504665,5.0,15.74,1.1331396,4.0,13.14,0.779206,3.0,14.63,0.6099287,3.25,15.04,1.0986122886681098,0.0,-0.6931471805599452,-0.5108256237659905,-0.2876820724517808,35,3.0,5.0,3.0,1.0
2014-09-07,201437,3.0,3,3,3,0.5205097,2.8547776,0,1,350400820143719589,2023-08-20,Assis,1.0402738,105087,0,0,0,0,,,,,47607,17.8,23.93,31.44,0.6,52.57,2.0,16.34,0.5335913,2.0,14.94,0.49504665,5.0,15.74,1.1331396,4.0,13.14,0.779206,3.0,16.205,1.3862943611198906,0.2876820724517808,0.2876820724517808,-0.4054651081081644,-0.2231435513142097,36,5.0,3.0,1.0,3.0
2014-09-14,201438,5.0,5,5,5,0.8279737,4.757962,0,1,350400820143819589,2023-08-20,Assis,1.9487197,105087,0,0,1,0,,,,,47607,17.03,22.26,27.79,20.2,61.57,3.0,17.8,1.0402738,2.0,16.34,0.5335913,2.0,14.94,0.49504665,5.0,15.74,1.1331396,3.0,16.5275,1.791759469228055,0.4054651081081644,0.6931471805599452,0.6931471805599452,0.0,37,3.0,1.0,3.0,7.0
2014-09-21,201439,3.0,3,3,3,0.46855527,2.8547776,0,1,350400820143919589,2023-08-20,Assis,0.94242543,105087,0,0,0,1,,,,,47607,16.59,20.91,26.39,45.8,75.71,5.0,17.03,1.9487197,3.0,17.8,1.0402738,2.0,16.34,0.5335913,2.0,14.94,0.49504665,3.25,16.94,1.3862943611198906,-0.4054651081081644,0.0,0.2876820724517808,0.2876820724517808,38,1.0,3.0,7.0,4.0
2014-09-28,201440,1.0,1,1,1,0.08144402,0.9515925,0,1,350400820144019589,2023-08-20,Assis,0.27639216,105087,0,0,0,0,,,,,47607,16.94,21.26,26.9,14.6,73.14,3.0,16.59,0.94242543,5.0,17.03,1.9487197,3.0,17.8,1.0402738,2.0,16.34,0.5335913,3.0,17.09,0.6931471805599453,-0.6931471805599453,-1.0986122886681096,-0.6931471805599453,-0.4054651081081645,39,3.0,7.0,4.0,2.0
2014-10-05,201441,3.0,3,3,3,0.50319624,2.8547776,0,1,350400820144119589,2023-08-20,Assis,1.0061253,105087,0,0,0,0,,,,,47607,15.77,23.17,31.09,0.0,52.71,1.0,16.94,0.27639216,3.0,16.59,0.94242543,5.0,17.03,1.9487197,3.0,17.8,1.0402738,3.0,16.5825,1.3862943611198906,0.6931471805599453,0.0,-0.4054651081081644,0.0,40,7.0,4.0,2.0,4.0
2014-10-12,201442,7.0,7,7,7,0.94043803,6.6611476,0,1,350400820144219589,2023-08-20,Assis,2.7863753,105087,0,0,1,1,,,,,47607,21.01,28.56,36.61,0.9,48.14,3.0,15.77,1.0061253,1.0,16.94,0.27639216,3.0,16.59,0.94242543,5.0,17.03,1.9487197,3.5,17.5775,2.0794415416798357,0.6931471805599452,1.3862943611198904,0.6931471805599452,0.2876820724517808,41,4.0,2.0,4.0,4.0
2014-10-19,201443,4.0,4,4,4,0.5714053,3.80637,0,1,350400820144319589,2023-08-20,Assis,1.1321524,105087,0,0,0,0,,,,,47607,18.47,23.24,29.17,31.2,66.0,7.0,21.01,2.7863753,3.0,15.77,1.0061253,1.0,16.94,0.27639216,3.0,16.59,0.94242543,3.75,18.0475,1.6094379124341003,-0.47000362924573547,0.2231435513142097,0.916290731874155,0.2231435513142097,42,2.0,4.0,4.0,4.0
2014-10-26,201444,2.0,2,2,2,0.13155103,1.903185,0,1,350400820144419589,2023-08-20,Assis,0.42896977,105087,0,0,0,0,,,,,47607,19.07,25.37,32.11,11.3,59.0,4.0,18.47,1.1321524,7.0,21.01,2.7863753,3.0,15.77,1.0061253,1.0,16.94,0.27639216,4.0,18.58,1.0986122886681098,-0.5108256237659905,-0.980829253011726,-0.2876820724517808,0.4054651081081645,43,4.0,4.0,4.0,11.0
2014-11-02,201445,4.0,4,4,4,0.47702616,3.80637,0,1,350400820144519589,2023-08-20,Assis,0.96239835,105087,1,0,0,2,,,,,47607,20.23,24.14,29.23,84.9,79.14,2.0,19.07,0.42896977,4.0,18.47,1.1321524,7.0,21.01,2.7863753,3.0,15.77,1.0061253,4.25,19.695,1.6094379124341003,0.5108256237659905,0.0,-0.47000362924573547,0.2231435513142097,44,4.0,4.0,11.0,5.0
2014-11-09,201446,4.0,4,4,4,0.6017154,3.80637,0,1,350400820144619589,2023-08-20,Assis,1.1972518,105087,0,0,0,0,,,,,47607,18.46,23.79,30.07,5.0,61.57,4.0,20.23,0.96239835,2.0,19.07,0.42896977,4.0,18.47,1.1321524,7.0,21.01,2.7863753,3.5,19.0575,1.6094379124341003,0.0,0.5108256237659905,0.0,-0.47000362924573547,45,4.0,11.0,5.0,4.0
2014-11-16,201447,4.0,4,4,4,0.57487726,3.80637,0,1,350400820144719589,2023-08-20,Assis,1.1392937,105087,0,0,0,0,,,,,47607,18.04,23.56,29.73,39.4,61.71,4.0,18.46,1.1972518,4.0,20.23,0.96239835,2.0,19.07,0.42896977,4.0,18.47,1.1321524,3.5,18.95,1.6094379124341003,0.0,0.0,0.5108256237659905,0.0,46,11.0,5.0,4.0,8.0
2014-11-23,201448,11.0,11,11,11,0.96496624,10.467518,0,1,350400820144819589,2023-08-20,Assis,2.5869656,105087,1,1,1,5,,,,,47607,20.44,24.06,28.81,68.4,78.57,4.0,18.04,1.1392937,4.0,18.46,1.1972518,4.0,20.23,0.96239835,2.0,19.07,0.42896977,5.75,19.2925,2.4849066497880004,0.8754687373539001,0.8754687373539001,0.8754687373539001,1.3862943611198906,47,5.0,4.0,8.0,11.0
2014-11-30,201449,5.0,5,5,5,0.4094382,4.757962,0,1,350400820144919589,2023-08-20,Assis,0.8740253,105087,0,0,1,3,,,,,47607,20.19,24.31,29.61,21.7,71.57,11.0,20.44,2.5869656,4.0,18.04,1.1392937,4.0,18.46,1.1972518,4.0,20.23,0.96239835,6.0,19.2825,1.791759469228055,-0.6931471805599454,0.18232155679395468,0.18232155679395468,0.18232155679395468,48,4.0,8.0,11.0,4.0
2014-12-07,201450,4.0,4,4,4,0.17076403,3.80637,0,1,350400820145019589,2023-08-20,Assis,0.57012296,105087,1,0,0,2,,,,,47607,20.46,24.01,28.34,52.3,79.0,5.0,20.19,0.8740253,11.0,20.44,2.5869656,4.0,18.04,1.1392937,4.0,18.46,1.1972518,6.0,19.782500000000002,1.6094379124341003,-0.18232155679395468,-0.8754687373539001,0.0,0.0,49,8.0,11.0,4.0,17.0
2014-12-14,201451,8.0,8,8,8,0.6795107,7.61274,0,1,350400820145119589,2023-08-20,Assis,1.2717732,105087,0,0,1,3,,,,,47607,20.2,25.56,31.44,18.3,65.86,4.0,20.46,0.57012296,5.0,20.19,0.8740253,11.0,20.44,2.5869656,4.0,18.04,1.1392937,7.0,20.322499999999998,2.1972245773362196,0.5877866649021193,0.4054651081081646,-0.2876820724517808,0.5877866649021193,50,11.0,4.0,17.0,14.0
2014-12-21,201452,11.0,11,11,11,0.89774084,10.467518,0,1,350400820145219589,2023-08-20,Assis,1.8495295,105087,1,0,1,9,,,,,47607,20.44,24.23,28.26,76.2,80.14,8.0,20.2,1.2717732,4.0,20.46,0.57012296,5.0,20.19,0.8740253,11.0,20.44,2.5869656,7.0,20.3225,2.4849066497880004,0.2876820724517808,0.8754687373539001,0.6931471805599454,0.0,51,4.0,17.0,14.0,45.0
2014-12-28,201453,4.0,4,4,4,0.148569,3.80637,0,1,350400820145319589,2023-08-20,Assis,0.54375094,105087,1,0,0,5,,,,,47607,22.5,26.66,31.99,18.7,71.71,11.0,20.44,1.8495295,8.0,20.2,1.2717732,4.0,20.46,0.57012296,5.0,20.19,0.8740253,6.75,20.900000000000002,1.6094379124341003,-0.8754687373539001,-0.5877866649021193,0.0,-0.18232155679395468,52,17.0,14.0,45.0,112.0
2015-01-04,201501,17.0,17,17,17,0.95917946,16.177073,0,2,350400820150119589,2023-08-20,Assis,2.0119627,105087,1,1,1,10,,,,,47607,21.36,25.47,30.79,44.4,75.71,4.0,22.5,0.54375094,11.0,20.44,1.8495295,8.0,20.2,1.2717732,4.0,20.46,0.57012296,10.0,21.125,2.8903717578961645,1.2809338454620642,0.40546510810816416,0.693147180559945,1.2809338454620642,1,14.0,45.0,112.0,109.0
2015-01-11,201502,14.0,14,14,14,0.8238536,13.322295,0,2,350400820150219589,2023-08-20,Assis,1.4618107,105087,1,0,1,5,,,,,47607,22.7,27.96,34.1,12.5,64.14,17.0,21.36,2.0119627,4.0,22.5,0.54375094,11.0,20.44,1.8495295,8.0,20.2,1.2717732,11.5,21.75,2.70805020110221,-0.18232155679395445,1.0986122886681098,0.2231435513142097,0.5108256237659905,2,45.0,112.0,109.0,160.0
2015-01-18,201503,45.0,45,45,45,0.99998236,42.821663,0,1,350400820150319589,2023-08-20,Assis,3.1696875,105087,0,1,1,40,,,,,47607,22.06,27.51,33.87,11.7,59.86,14.0,22.7,1.4618107,17.0,21.36,2.0119627,4.0,22.5,0.54375094,11.0,20.44,1.8495295,20.0,22.154999999999998,3.828641396489095,1.120591195386885,0.9382696385929306,2.2192034840549946,1.3437347467010947,3,112.0,109.0,160.0,259.0
2015-01-25,201504,112.0,112,112,112,1.0,106.57836,0,1,350400820150419589,2023-08-20,Assis,4.1635447,105087,1,1,2,100,,,,,47607,20.63,24.16,29.2,97.7,80.14,45.0,22.06,3.1696875,14.0,22.7,1.4618107,17.0,21.36,2.0119627,4.0,22.5,0.54375094,47.0,21.6875,4.727387818712341,0.8987464222232457,2.0193376176101308,1.8370160608161763,3.1179499062782403,4,109.0,160.0,259.0,303.0
2015-02-01,201505,109.0,109,109,109,0.999989,103.72358,0,4,350400820150519589,2023-08-20,Assis,1.9723942,105087,1,1,2,95,,,,,47607,20.2,24.61,30.3,20.4,74.86,112.0,20.63,4.1635447,45.0,22.06,3.1696875,14.0,22.7,1.4618107,17.0,21.36,2.0119627,70.0,21.397499999999997,4.700480365792417,-0.026907452919924246,0.8718389693033215,1.9924301646902065,1.810108607896252,5,160.0,259.0,303.0,392.0
2015-02-08,201506,160.0,160,160,160,0.9999935,152.25479,0,4,350400820150619589,2023-08-20,Assis,1.7502531,105087,1,1,2,140,,,,,47607,21.41,25.01,30.13,44.0,80.0,109.0,20.2,1.9723942,112.0,20.63,4.1635447,45.0,22.06,3.1696875,14.0,22.7,1.4618107,106.5,21.075,5.081404364984463,0.38092399919204656,0.3540165462721223,1.252762968495368,2.373354163882253,6,259.0,303.0,392.0,485.0
2015-02-15,201507,259.0,259,259,259,1.0,246.46245,0,4,350400820150719589,2023-08-20,Assis,2.0591784,105087,1,1,2,223,,,,,47607,20.69,23.33,27.7,130.5,86.71,160.0,21.41,1.7502531,109.0,20.2,1.9723942,112.0,20.63,4.1635447,45.0,22.06,3.1696875,160.0,20.732499999999998,5.560681631015528,0.47927726603106446,0.860201265223111,0.8332938123031868,1.7320402345264325,7,303.0,392.0,485.0,528.0
2015-02-22,201508,303.0,303,303,303,1.0,288.33252,0,4,350400820150819589,2023-08-20,Assis,1.7266573,105087,1,1,2,259,,,,,47607,20.79,25.04,30.37,23.4,78.29,259.0,20.69,2.0591784,160.0,21.41,1.7502531,109.0,20.2,1.9723942,112.0,20.63,4.1635447,207.75,20.7725,5.717027701406222,0.15634607039069426,0.6356233364217587,1.0165473356138053,0.989639882693881,8,392.0,485.0,528.0,476.0
2015-03-01,201509,392.0,392,392,392,1.0,373.02426,0,4,350400820150919589,2023-08-20,Assis,1.6137639,105087,1,1,2,367,,,,,47607,20.93,24.79,29.99,36.6,77.0,303.0,20.79,1.7266573,259.0,20.69,2.0591784,160.0,21.41,1.7502531,109.0,20.2,1.9723942,278.5,20.955,5.973809611869261,0.25678191046303933,0.4131279808537336,0.892405246884798,1.2733292460768446,9,485.0,528.0,476.0,328.0
2015-03-08,201510,485.0,485,485,485,1.0,461.52237,0,4,350400820151019589,2023-08-20,Assis,1.5459411,105087,1,1,2,470,,,,,47607,19.87,22.89,27.5,104.2,84.57,392.0,20.93,1.6137639,303.0,20.79,1.7266573,259.0,20.69,2.0591784,160.0,21.41,1.7502531,359.75,20.57,6.186208623900494,0.21239901203123246,0.4691809224942718,0.625526992884966,1.1048042589160305,10,528.0,476.0,328.0,417.0
2015-03-15,201511,528.0,528,528,528,0.9999974,502.44083,0,4,350400820151119589,2023-08-20,Assis,1.352899,105087,1,1,2,520,,,,,47607,19.83,23.0,27.73,54.4,83.0,485.0,19.87,1.5459411,392.0,20.93,1.6137639,303.0,20.79,1.7266573,259.0,20.69,2.0591784,427.0,20.355,6.270988431858299,0.08477980795780571,0.29717881998903817,0.5539607304520775,0.7103068008427718,11,476.0,328.0,417.0,390.0
2015-03-22,201512,476.0,476,476,476,0.7072537,452.95804,0,4,350400820151219589,2023-08-20,Assis,1.0362954,105087,0,0,2,464,,,,,47607,19.2,23.89,29.73,8.6,74.57,528.0,19.83,1.352899,485.0,19.87,1.5459411,392.0,20.93,1.6137639,303.0,20.79,1.7266573,470.25,19.9575,6.1675164908883415,-0.10347194096995782,-0.018692133012152112,0.19370687901908035,0.4504887894821197,12,328.0,417.0,390.0,359.0
2015-03-29,201513,328.0,328,328,328,2.1741377e-08,312.12234,0,4,350400820151319589,2023-08-20,Assis,0.6784897,105087,0,0,2,325,,,,,47607,19.69,23.79,29.11,16.4,75.14,476.0,19.2,1.0362954,528.0,19.83,1.352899,485.0,19.87,1.5459411,392.0,20.93,1.6137639,454.25,19.6475,5.796057750765372,-0.37145874012296964,-0.47493068109292746,-0.39015087313512176,-0.1777518611038893,13,417.0,390.0,359.0,282.0
2015-04-05,201514,417.0,417,417,417,0.14963724,396.81406,0,4,350400820151419589,2023-08-20,Assis,0.93184036,105087,0,0,2,410,,,,,47607,18.04,22.37,27.69,14.3,72.43,328.0,19.69,0.6784897,476.0,19.2,1.0362954,528.0,19.83,1.352899,485.0,19.87,1.5459411,437.25,19.189999999999998,6.035481432524756,0.23942368175938444,-0.1320350583635852,-0.23550699933354302,-0.1507271913757373,14,390.0,359.0,282.0,157.0
2015-04-12,201515,390.0,390,390,390,0.37831154,371.12106,0,4,350400820151519589,2023-08-20,Assis,0.97818154,105087,1,0,2,385,,,,,47607,19.16,23.87,29.26,2.6,72.0,417.0,18.04,0.93184036,328.0,19.69,0.6784897,476.0,19.2,1.0362954,528.0,19.83,1.352899,402.75,19.0225,5.968707559985366,-0.06677387253939049,0.17264980921999395,-0.1988089309029757,-0.3022808718729335,15,359.0,282.0,157.0,54.0
2015-04-19,201516,359.0,359,359,359,0.14760485,341.6217,0,4,350400820151619589,2023-08-20,Assis,0.9262559,105087,1,0,2,354,,,,,47607,20.21,23.97,29.17,24.1,78.71,390.0,19.16,0.97818154,417.0,18.04,0.93184036,328.0,19.69,0.6784897,476.0,19.2,1.0362954,373.5,19.275,5.886104031450156,-0.08260352853521002,-0.1493774010746005,0.09004628068478393,-0.2814124594381857,16,282.0,157.0,54.0,37.0
2015-04-26,201517,282.0,282,282,282,8.396002e-05,268.3491,0,4,350400820151719589,2023-08-20,Assis,0.745101,105087,0,0,2,280,,,,,47607,15.77,20.84,27.29,0.0,67.71,359.0,20.21,0.9262559,390.0,19.16,0.97818154,417.0,18.04,0.93184036,328.0,19.69,0.6784897,362.0,18.295,5.645446897643238,-0.2406571338069181,-0.32326066234212814,-0.3900345348815186,-0.15061085312213418,17,157.0,54.0,37.0,22.0
2015-05-03,201518,157.0,157,157,157,0.0,149.40002,0,4,350400820151819589,2023-08-20,Assis,0.4640391,105087,0,0,2,155,,,,,47607,16.17,19.96,25.06,32.8,77.57,282.0,15.77,0.745101,359.0,20.21,0.9262559,390.0,19.16,0.97818154,417.0,18.04,0.93184036,297.0,17.8275,5.062595033026967,-0.5828518646162708,-0.8235089984231889,-0.906112526958399,-0.9728863994977894,18,54.0,37.0,22.0,12.0
2015-05-10,201519,54.0,54,54,54,0.0,51.385994,0,4,350400820151919589,2023-08-20,Assis,0.20514901,105087,0,0,2,54,,,,,47607,15.31,18.93,23.71,28.7,77.29,157.0,16.17,0.4640391,282.0,15.77,0.745101,359.0,20.21,0.9262559,390.0,19.16,0.97818154,213.0,16.865000000000002,4.007333185232471,-1.0552618477944957,-1.6381137124107665,-1.8787708462176846,-1.9613743747528947,19,37.0,22.0,12.0,14.0
2015-05-17,201520,37.0,37,37,37,0.0,35.208923,0,1,350400820152019589,2023-08-20,Assis,0.22142266,105087,0,0,1,35,,,,,47607,16.51,20.23,24.91,3.6,79.43,54.0,15.31,0.20514901,157.0,16.17,0.4640391,282.0,15.77,0.745101,359.0,20.21,0.9262559,132.5,15.94,3.6375861597263857,-0.3697470255060855,-1.4250088733005812,-2.007860737916852,-2.24851787172377,20,22.0,12.0,14.0,7.0
2015-05-24,201521,22.0,22,22,22,6.1708194e-11,20.935036,0,1,350400820152119589,2023-08-20,Assis,0.25421092,105087,0,0,1,20,,,,,47607,16.69,20.1,24.59,16.7,81.29,37.0,16.51,0.22142266,54.0,15.31,0.20514901,157.0,16.17,0.4640391,282.0,15.77,0.745101,67.5,16.17,3.1354942159291497,-0.502091943797236,-0.8718389693033215,-1.9271008170978172,-2.509952681714088,21,12.0,14.0,7.0,1.0
2015-05-31,201522,12.0,12,12,12,5.333126e-06,11.41911,0,1,350400820152219589,2023-08-20,Assis,0.27539662,105087,0,0,1,9,,,,,47607,15.14,18.66,23.44,17.9,81.29,22.0,16.69,0.25421092,37.0,16.51,0.22142266,54.0,15.31,0.20514901,157.0,16.17,0.4640391,31.25,15.912500000000001,2.5649493574615367,-0.5705448584676129,-1.072636802264849,-1.4423838277709344,-2.49764567556543,22,14.0,7.0,1.0,2.0
2015-06-07,201523,14.0,14,14,14,0.036040492,13.322295,0,1,350400820152319589,2023-08-20,Assis,0.5591332,105087,0,0,1,12,,,,,47607,17.73,22.27,28.04,0.0,71.29,12.0,15.14,0.27539662,22.0,16.69,0.25421092,37.0,16.51,0.22142266,54.0,15.31,0.20514901,21.25,16.5175,2.70805020110221,0.14310084364067333,-0.4274440148269396,-0.9295359586241756,-1.299282984130261,23,7.0,1.0,2.0,4.0
2015-06-14,201524,7.0,7,7,7,0.02483561,6.6611476,0,1,350400820152419589,2023-08-20,Assis,0.43385,105087,0,0,1,7,,,,,47607,14.01,18.43,24.13,10.0,76.14,14.0,17.73,0.5591332,12.0,15.14,0.27539662,22.0,16.69,0.25421092,37.0,16.51,0.22142266,13.75,15.8925,2.0794415416798357,-0.6286086594223743,-0.485507815781701,-1.056052674249314,-1.55814461804655,24,1.0,2.0,4.0,7.0
2015-06-21,201525,1.0,1,1,1,0.0003230694,0.9515925,0,1,350400820152519589,2023-08-20,Assis,0.08623761,105087,0,0,0,1,,,,,47607,13.81,18.24,24.3,0.0,72.29,7.0,14.01,0.43385,14.0,17.73,0.5591332,12.0,15.14,0.27539662,22.0,16.69,0.25421092,8.5,15.1725,0.6931471805599453,-1.3862943611198904,-2.0149030205422647,-1.8718021769015913,-2.4423470353692043,25,2.0,4.0,7.0,2.0
2015-06-28,201526,2.0,2,2,2,0.02984532,1.903185,0,1,350400820152619589,2023-08-20,Assis,0.27470398,105087,0,0,0,1,,,,,47607,14.53,17.77,21.83,62.0,81.0,1.0,13.81,0.08623761,7.0,14.01,0.43385,14.0,17.73,0.5591332,12.0,15.14,0.27539662,6.0,15.02,1.0986122886681098,0.4054651081081645,-0.980829253011726,-1.6094379124341003,-1.466337068793427,26,4.0,7.0,2.0,1.0
2015-07-05,201527,4.0,4,4,4,0.5602244,3.80637,0,1,350400820152719589,2023-08-20,Assis,1.109663,105087,0,0,0,2,,,,,47607,14.31,17.23,21.5,15.9,83.0,2.0,14.53,0.27470398,1.0,13.81,0.08623761,7.0,14.01,0.43385,14.0,17.73,0.5591332,3.5,14.165,1.6094379124341003,0.5108256237659905,0.916290731874155,-0.47000362924573547,-1.0986122886681098,27,7.0,2.0,1.0,8.0
2015-07-12,201528,7.0,7,7,7,0.92165685,6.6611476,0,1,350400820152819589,2023-08-20,Assis,2.4758635,105087,0,0,1,5,,,,,47607,17.71,21.46,26.71,0.0,73.71,4.0,14.31,1.109663,2.0,14.53,0.27470398,1.0,13.81,0.08623761,7.0,14.01,0.43385,3.5,15.09,2.0794415416798357,0.47000362924573547,0.980829253011726,1.3862943611198904,0.0,28,2.0,1.0,8.0,2.0
2015-07-19,201529,2.0,2,2,2,0.19064353,1.903185,0,1,350400820152919589,2023-08-20,Assis,0.5039823,105087,0,0,0,2,,,,,47607,15.34,19.29,24.64,2.3,74.14,7.0,17.71,2.4758635,4.0,14.31,1.109663,2.0,14.53,0.27470398,1.0,13.81,0.08623761,3.75,15.4725,1.0986122886681098,-0.980829253011726,-0.5108256237659905,0.0,0.4054651081081645,29,1.0,8.0,2.0,2.0
2015-07-26,201530,1.0,1,1,1,0.04698087,0.9515925,0,1,350400820153019589,2023-08-20,Assis,0.22666574,105087,0,0,0,1,,,,,47607,13.2,19.47,27.16,0.0,65.14,2.0,15.34,0.5039823,7.0,17.71,2.4758635,4.0,14.31,1.109663,2.0,14.53,0.27470398,3.5,15.14,0.6931471805599453,-0.4054651081081645,-1.3862943611198904,-0.916290731874155,-0.4054651081081645,30,8.0,2.0,2.0,1.0
2015-08-02,201531,8.0,8,8,8,0.92525506,7.61274,0,1,350400820153119589,2023-08-20,Assis,2.3594992,105087,0,0,1,1,,,,,47607,16.97,23.44,30.8,0.0,49.71,1.0,13.2,0.22666574,2.0,15.34,0.5039823,7.0,17.71,2.4758635,4.0,14.31,1.109663,4.5,15.805,2.1972245773362196,1.5040773967762742,1.0986122886681098,0.11778303565638382,0.5877866649021193,31,2.0,2.0,1.0,2.0
2015-08-09,201532,2.0,2,2,2,0.26601082,1.903185,0,1,350400820153219589,2023-08-20,Assis,0.6019446,105087,0,0,0,0,,,,,47607,16.99,22.69,29.59,0.0,52.0,8.0,16.97,2.3594992,1.0,13.2,0.22666574,2.0,15.34,0.5039823,7.0,17.71,2.4758635,3.25,15.625,1.0986122886681098,-1.0986122886681098,0.4054651081081645,0.0,-0.980829253011726,32,2.0,1.0,2.0,0.0
2015-08-16,201533,2.0,2,2,2,0.17183784,1.903185,0,1,350400820153319589,2023-08-20,Assis,0.4801949,105087,0,0,0,1,,,,,47607,15.96,21.47,28.17,0.0,53.57,2.0,16.99,0.6019446,8.0,16.97,2.3594992,1.0,13.2,0.22666574,2.0,15.34,0.5039823,3.25,15.78,1.0986122886681098,0.0,-1.0986122886681098,0.4054651081081645,0.0,33,1.0,2.0,0.0,2.0
2015-08-23,201534,1.0,1,1,1,0.099071905,0.9515925,0,1,350400820153419589,2023-08-20,Assis,0.2998159,105087,0,0,0,0,,,,,47607,14.77,20.07,26.33,16.9,69.43,2.0,15.96,0.4801949,2.0,16.99,0.6019446,8.0,16.97,2.3594992,1.0,13.2,0.22666574,3.25,16.1725,0.6931471805599453,-0.4054651081081645,-0.4054651081081645,-1.5040773967762742,0.0,34,2.0,0.0,2.0,2.0
2015-08-30,201535,2.0,2,2,2,0.4849981,1.903185,0,1,350400820153519589,2023-08-20,Assis,0.9669233,105087,0,0,0,0,,,,,47607,16.53,23.01,31.03,5.5,58.71,1.0,14.77,0.2998159,2.0,15.96,0.4801949,2.0,16.99,0.6019446,8.0,16.97,2.3594992,1.75,16.0625,1.0986122886681098,0.4054651081081645,0.0,0.0,-1.0986122886681098,35,0.0,2.0,2.0,4.0
2015-09-06,201536,0.0,0,0,0,0.0,0.0,0,1,350400820153619589,2023-08-20,Assis,0.0,105087,0,0,0,0,,,,,47607,16.5,18.97,22.37,145.5,83.71,2.0,16.53,0.9669233,1.0,14.77,0.2998159,2.0,15.96,0.4801949,2.0,16.99,0.6019446,1.25,15.940000000000001,0.0,-1.0986122886681098,-0.6931471805599453,-1.0986122886681098,-1.0986122886681098,36,2.0,2.0,4.0,2.0
2015-09-13,201537,2.0,2,2,2,0.6790838,1.903185,0,1,350400820153719589,2023-08-20,Assis,1.5800847,105087,0,0,0,0,,,,,47607,18.23,24.53,31.86,0.8,62.43,0.0,16.5,0.0,2.0,16.53,0.9669233,1.0,14.77,0.2998159,2.0,15.96,0.4801949,1.25,16.5075,1.0986122886681098,1.0986122886681098,0.0,0.4054651081081645,0.0,37,2.0,4.0,2.0,6.0
2015-09-20,201538,2.0,2,2,2,0.71266973,1.903185,0,1,350400820153819589,2023-08-20,Assis,1.7559277,105087,0,0,0,1,,,,,47607,20.29,27.16,34.99,10.0,50.71,2.0,18.23,1.5800847,0.0,16.5,0.0,2.0,16.53,0.9669233,1.0,14.77,0.2998159,1.5,17.887500000000003,1.0986122886681098,0.0,1.0986122886681098,0.0,0.4054651081081645,38,4.0,2.0,6.0,5.0
2015-09-27,201539,4.0,4,4,4,0.86685956,3.80637,0,1,350400820153919589,2023-08-20,Assis,2.4837403,105087,0,0,0,1,,,,,47607,18.74,22.91,28.21,46.3,77.71,2.0,20.29,1.7559277,2.0,18.23,1.5800847,0.0,16.5,0.0,2.0,16.53,0.9669233,2.0,18.44,1.6094379124341003,0.5108256237659905,0.5108256237659905,1.6094379124341003,0.5108256237659905,39,2.0,6.0,5.0,5.0
2015-10-04,201540,2.0,2,2,2,0.4233284,1.903185,0,1,350400820154019589,2023-08-20,Assis,0.8450616,105087,0,0,0,0,,,,,47607,19.14,24.23,30.51,35.8,71.0,4.0,18.74,2.4837403,2.0,20.29,1.7559277,2.0,18.23,1.5800847,0.0,16.5,0.0,2.5,19.1,1.0986122886681098,-0.5108256237659905,0.0,0.0,1.0986122886681098,40,6.0,5.0,5.0,6.0
2015-10-11,201541,6.0,6,6,6,0.8558741,5.709555,0,1,350400820154119589,2023-08-20,Assis,2.0027711,105087,0,0,1,1,,,,,47607,19.4,24.37,29.94,17.9,72.86,2.0,19.14,0.8450616,4.0,18.74,2.4837403,2.0,20.29,1.7559277,2.0,18.23,1.5800847,3.5,19.3925,1.9459101490553132,0.8472978603872034,0.33647223662121295,0.8472978603872034,0.8472978603872034,41,5.0,5.0,6.0,6.0
2015-10-18,201542,5.0,5,5,5,0.6917954,4.757962,0,1,350400820154219589,2023-08-20,Assis,1.3871952,105087,0,0,1,0,,,,,47607,19.14,24.76,31.36,22.4,66.71,6.0,19.4,2.0027711,2.0,19.14,0.8450616,4.0,18.74,2.4837403,2.0,20.29,1.7559277,4.25,19.105,1.791759469228055,-0.15415067982725827,0.6931471805599452,0.18232155679395468,0.6931471805599452,42,5.0,6.0,6.0,6.0
2015-10-25,201543,5.0,5,5,5,0.5560416,4.757962,0,1,350400820154319589,2023-08-20,Assis,1.0911077,105087,0,0,1,1,,,,,47607,19.4,23.59,29.13,37.9,74.57,5.0,19.14,1.3871952,6.0,19.4,2.0027711,2.0,19.14,0.8450616,4.0,18.74,2.4837403,4.5,19.27,1.791759469228055,0.0,-0.15415067982725827,0.6931471805599452,0.18232155679395468,43,6.0,6.0,6.0,9.0
2015-11-01,201544,6.0,6,6,6,0.6097502,5.709555,0,1,350400820154419589,2023-08-20,Assis,1.1750156,105087,1,0,1,0,,,,,47607,19.53,22.54,26.6,127.7,84.86,5.0,19.4,1.0911077,5.0,19.14,1.3871952,6.0,19.4,2.0027711,2.0,19.14,0.8450616,5.5,19.3675,1.9459101490553132,0.15415067982725827,0.15415067982725827,0.0,0.8472978603872034,44,6.0,6.0,9.0,8.0
2015-11-08,201545,6.0,6,6,6,0.58388036,5.709555,0,1,350400820154519589,2023-08-20,Assis,1.1291603,105087,1,0,1,0,,,,,47607,21.26,26.27,32.41,14.0,71.86,6.0,19.53,1.1750156,5.0,19.4,1.0911077,5.0,19.14,1.3871952,6.0,19.4,2.0027711,5.5,19.8325,1.9459101490553132,0.0,0.15415067982725827,0.15415067982725827,0.0,45,6.0,9.0,8.0,8.0
2015-11-15,201546,6.0,6,6,6,0.5391397,5.709555,0,1,350400820154619589,2023-08-20,Assis,1.0570644,105087,0,0,1,2,,,,,47607,20.03,23.7,28.13,85.6,81.0,6.0,21.26,1.1291603,6.0,19.53,1.1750156,5.0,19.4,1.0911077,5.0,19.14,1.3871952,5.75,20.055,1.9459101490553132,0.0,0.0,0.15415067982725827,0.15415067982725827,46,9.0,8.0,8.0,6.0
2015-11-22,201547,9.0,9,9,9,0.78142995,8.564332,0,1,350400820154719589,2023-08-20,Assis,1.4812032,105087,0,0,1,2,,,,,47607,19.87,23.2,27.24,100.4,81.43,6.0,20.03,1.0570644,6.0,21.26,1.1291603,6.0,19.53,1.1750156,5.0,19.4,1.0911077,6.75,20.172500000000003,2.302585092994046,0.35667494393873267,0.35667494393873267,0.35667494393873267,0.5108256237659909,47,8.0,8.0,6.0,5.0
2015-11-29,201548,8.0,8,8,8,0.6257228,7.61274,0,1,350400820154819589,2023-08-20,Assis,1.1761376,105087,1,0,1,2,,,,,47607,20.07,23.7,28.49,31.5,80.57,9.0,19.87,1.4812032,6.0,20.03,1.0570644,6.0,21.26,1.1291603,6.0,19.53,1.1750156,7.25,20.3075,2.1972245773362196,-0.10536051565782634,0.25131442828090633,0.25131442828090633,0.25131442828090633,48,8.0,6.0,5.0,3.0
2015-12-06,201549,8.0,8,8,8,0.52462673,7.61274,0,1,350400820154919589,2023-08-20,Assis,1.0307668,105087,1,0,1,1,,,,,47607,20.81,23.8,27.64,69.9,82.43,8.0,20.07,1.1761376,9.0,19.87,1.4812032,6.0,20.03,1.0570644,6.0,21.26,1.1291603,7.75,20.195,2.1972245773362196,0.0,-0.10536051565782634,0.25131442828090633,0.25131442828090633,49,6.0,5.0,3.0,5.0
2015-12-13,201550,6.0,6,6,6,0.29225534,5.709555,0,2,350400820155019589,2023-08-20,Assis,0.7518483,105087,1,0,1,1,,,,,47607,21.2,25.57,31.16,40.3,75.57,8.0,20.81,1.0307668,8.0,20.07,1.1761376,9.0,19.87,1.4812032,6.0,20.03,1.0570644,7.75,20.4875,1.9459101490553132,-0.25131442828090633,-0.25131442828090633,-0.35667494393873267,0.0,50,5.0,3.0,5.0,12.0
2015-12-20,201551,5.0,5,5,5,0.24272346,4.757962,0,2,350400820155119589,2023-08-20,Assis,0.6791259,105087,1,0,1,0,,,,,47607,21.99,25.41,29.77,56.8,80.71,6.0,21.2,0.7518483,8.0,20.81,1.0307668,8.0,20.07,1.1761376,9.0,19.87,1.4812032,6.75,21.0175,1.791759469228055,-0.15415067982725827,-0.4054651081081646,-0.4054651081081646,-0.5108256237659909,51,3.0,5.0,12.0,7.0
2015-12-27,201552,3.0,3,3,3,0.13329117,2.8547776,0,2,350400820155219589,2023-08-20,Assis,0.4859187,105087,1,0,0,3,,,,,47607,21.54,23.77,27.66,95.5,87.29,5.0,21.99,0.6791259,6.0,21.2,0.7518483,8.0,20.81,1.0307668,8.0,20.07,1.1761376,5.5,21.384999999999998,1.3862943611198906,-0.4054651081081644,-0.5596157879354227,-0.810930216216329,-0.810930216216329,52,5.0,12.0,7.0,7.0
2016-01-03,201601,5.0,5,5,5,0.51176494,4.757962,0,2,350400820160119589,2023-08-20,Assis,1.0181228,105087,1,0,1,2,,,,,47607,21.6,25.33,29.67,30.2,76.86,3.0,21.54,0.4859187,5.0,21.99,0.6791259,6.0,21.2,0.7518483,8.0,20.81,1.0307668,4.75,21.5825,1.791759469228055,0.4054651081081644,0.0,-0.15415067982725827,-0.4054651081081646,53,12.0,7.0,7.0,12.0
2016-01-10,201602,12.0,12,12,12,0.97074497,11.41911,0,2,350400820160219589,2023-08-20,Assis,2.5946448,105087,1,1,1,2,,,,,47607,21.97,24.33,27.83,239.5,84.29,5.0,21.6,1.0181228,3.0,21.54,0.4859187,5.0,21.99,0.6791259,6.0,21.2,0.7518483,6.25,21.775,2.5649493574615367,0.7731898882334818,1.1786549963416462,0.7731898882334818,0.6190392084062235,1,7.0,7.0,12.0,20.0
2016-01-17,201603,7.0,7,7,7,0.5785522,6.6611476,0,1,350400820160319589,2023-08-20,Assis,1.1111398,105087,0,0,1,1,,,,,47607,18.04,23.96,30.24,0.2,65.0,12.0,21.97,2.5946448,5.0,21.6,1.0181228,3.0,21.54,0.4859187,5.0,21.99,0.6791259,6.75,20.7875,2.0794415416798357,-0.485507815781701,0.2876820724517808,0.6931471805599452,0.2876820724517808,2,7.0,12.0,20.0,22.0
2016-01-24,201604,7.0,7,7,7,0.37062937,6.6611476,0,1,350400820160419589,2023-08-20,Assis,0.8480901,105087,1,0,1,0,,,,,47607,21.76,25.8,30.99,31.8,76.29,7.0,18.04,1.1111398,12.0,21.97,2.5946448,5.0,21.6,1.0181228,3.0,21.54,0.4859187,7.75,20.8425,2.0794415416798357,0.0,-0.485507815781701,0.2876820724517808,0.6931471805599452,3,12.0,20.0,22.0,24.0
2016-01-31,201605,12.0,12,12,12,0.7982583,11.41911,0,1,350400820160519589,2023-08-20,Assis,1.4419854,105087,1,0,1,4,,,,,47607,21.6,26.4,32.34,17.2,75.43,7.0,21.76,0.8480901,7.0,18.04,1.1111398,12.0,21.97,2.5946448,5.0,21.6,1.0181228,9.5,20.8425,2.5649493574615367,0.485507815781701,0.485507815781701,0.0,0.7731898882334818,4,20.0,22.0,24.0,18.0
2016-02-07,201606,20.0,20,20,20,0.9806513,19.031849,0,2,350400820160619589,2023-08-20,Assis,2.1881075,105087,1,1,1,3,,,,,47607,22.09,26.19,31.33,38.0,76.57,12.0,21.6,1.4419854,7.0,21.76,0.8480901,7.0,18.04,1.1111398,12.0,21.97,2.5946448,11.5,20.872500000000002,3.044522437723423,0.4795730802618863,0.9650808960435873,0.9650808960435873,0.4795730802618863,5,22.0,24.0,18.0,23.0
2016-02-14,201607,22.0,22,22,22,0.9406853,20.935036,0,2,350400820160719589,2023-08-20,Assis,1.70014,105087,1,0,1,4,,,,,47607,22.46,25.9,31.07,73.1,80.86,20.0,22.09,2.1881075,12.0,21.6,1.4419854,7.0,21.76,0.8480901,7.0,18.04,1.1111398,15.25,21.977500000000003,3.1354942159291497,0.09097177820572666,0.5705448584676129,1.056052674249314,1.056052674249314,6,24.0,18.0,23.0,30.0
2016-02-21,201608,24.0,24,24,24,0.82933134,22.83822,0,2,350400820160819589,2023-08-20,Assis,1.3398684,105087,1,0,1,9,,,,,47607,20.87,23.54,27.47,164.3,86.43,22.0,22.46,1.70014,20.0,22.09,2.1881075,12.0,21.6,1.4419854,7.0,21.76,0.8480901,19.5,21.755000000000003,3.2188758248682006,0.08338160893905089,0.17435338714477755,0.6539264674066638,1.1394342831883648,7,18.0,23.0,30.0,20.0
2016-02-28,201609,18.0,18,18,18,0.3094179,17.128664,0,1,350400820160919589,2023-08-20,Assis,0.8540865,105087,0,0,1,3,,,,,47607,19.97,23.43,27.81,50.1,79.29,24.0,20.87,1.3398684,22.0,22.46,1.70014,20.0,22.09,2.1881075,12.0,21.6,1.4419854,21.0,21.3475,2.9444389791664403,-0.2744368457017603,-0.1910552367627094,-0.10008345855698275,0.3794896217049035,8,23.0,30.0,20.0,21.0
2016-03-06,201610,23.0,23,23,23,0.5820506,21.886627,0,1,350400820161019589,2023-08-20,Assis,1.0633781,105087,0,0,1,6,,,,,47607,20.43,24.84,30.37,31.1,75.14,18.0,19.97,0.8540865,24.0,20.87,1.3398684,22.0,22.46,1.70014,20.0,22.09,2.1881075,21.75,20.9325,3.1780538303479458,0.2336148511815055,-0.04082199452025481,0.04255961441879608,0.13353139262452274,9,30.0,20.0,21.0,32.0
2016-03-13,201611,30.0,30,30,30,0.88578045,28.547775,0,1,350400820161119589,2023-08-20,Assis,1.3985121,105087,0,0,1,7,,,,,47607,20.14,24.87,30.71,20.6,73.71,23.0,20.43,1.0633781,18.0,19.97,0.8540865,24.0,20.87,1.3398684,22.0,22.46,1.70014,23.75,20.3525,3.4339872044851463,0.2559333741372005,0.489548225318706,0.2151113796169457,0.2984929885559966,10,20.0,21.0,32.0,55.0
2016-03-20,201612,20.0,20,20,20,0.30797395,19.031849,0,1,350400820161219589,2023-08-20,Assis,0.8596211,105087,1,0,1,5,,,,,47607,20.69,24.43,29.67,34.0,77.0,30.0,20.14,1.3985121,23.0,20.43,1.0633781,18.0,19.97,0.8540865,24.0,20.87,1.3398684,22.75,20.307499999999997,3.044522437723423,-0.38946476676172326,-0.13353139262452274,0.10008345855698275,-0.17435338714477755,11,21.0,32.0,55.0,31.0
2016-03-27,201613,21.0,21,21,21,0.29577708,19.983442,0,1,350400820161319589,2023-08-20,Assis,0.8540753,105087,0,0,1,5,,,,,47607,20.31,25.33,31.3,7.0,71.57,20.0,20.69,0.8596211,30.0,20.14,1.3985121,23.0,20.43,1.0633781,18.0,19.97,0.8540865,23.5,20.3925,3.091042453358316,0.04652001563489305,-0.3429447511268302,-0.08701137698962969,0.1466034741918758,12,32.0,55.0,31.0,40.0
2016-04-03,201614,32.0,32,32,32,0.87914896,30.45096,0,1,350400820161419589,2023-08-20,Assis,1.3691671,105087,0,0,1,14,,,,,47607,21.9,27.49,33.63,0.3,63.86,21.0,20.31,0.8540753,20.0,20.69,0.8596211,30.0,20.14,1.3985121,23.0,20.43,1.0633781,25.75,20.76,3.4965075614664802,0.40546510810816416,0.4519851237430572,0.06252035698133396,0.3184537311185345,13,55.0,31.0,40.0,26.0
2016-04-10,201615,55.0,55,55,55,0.9995557,52.337585,0,1,350400820161519589,2023-08-20,Assis,2.1439257,105087,0,1,2,21,,,,,47607,22.7,27.93,34.17,0.1,57.71,32.0,21.9,1.3691671,21.0,20.31,0.8540753,20.0,20.69,0.8596211,30.0,20.14,1.3985121,32.0,21.4,4.02535169073515,0.5288441292686694,0.9343092373768336,0.9808292530117266,0.5913644862500034,14,31.0,40.0,26.0,10.0
2016-04-17,201616,31.0,31,31,31,0.3519278,29.499367,0,1,350400820161619589,2023-08-20,Assis,0.9105454,105087,0,0,1,13,,,,,47607,21.39,27.83,34.04,0.0,46.71,55.0,22.7,2.1439257,32.0,21.9,1.3691671,21.0,20.31,0.8540753,20.0,20.69,0.8596211,34.75,21.575000000000003,3.4657359027997265,-0.5596157879354231,-0.030771658666753687,0.3746934494414105,0.42121346507630353,15,40.0,26.0,10.0,4.0
2016-04-24,201617,40.0,40,40,40,0.47445795,38.063698,0,1,350400820161719589,2023-08-20,Assis,0.9858988,105087,0,0,1,22,,,,,47607,14.7,19.17,24.3,22.6,65.29,31.0,21.39,0.9105454,55.0,22.7,2.1439257,32.0,21.9,1.3691671,21.0,20.31,0.8540753,39.5,20.1725,3.713572066704308,0.2478361639045814,-0.3117796240308417,0.21706450523782772,0.6225296133459919,16,26.0,10.0,4.0,6.0
2016-05-01,201618,26.0,26,26,26,0.056943126,24.741405,0,1,350400820161819589,2023-08-20,Assis,0.6738947,105087,0,0,1,12,,,,,47607,14.13,19.7,26.34,6.2,63.0,40.0,14.7,0.9858988,31.0,21.39,0.9105454,55.0,22.7,2.1439257,32.0,21.9,1.3691671,38.0,18.23,3.295836866004329,-0.4177352006999788,-0.16989903679539742,-0.7295148247308205,-0.2006706954621511,17,10.0,4.0,6.0,1.0
2016-05-08,201619,10.0,10,10,10,0.00011247837,9.515924,0,1,350400820161919589,2023-08-20,Assis,0.2993645,105087,0,0,1,1,,,,,47607,17.11,20.04,24.43,18.5,80.29,26.0,14.13,0.6738947,40.0,14.7,0.9858988,31.0,21.39,0.9105454,55.0,22.7,2.1439257,26.75,16.8325,2.3978952727983707,-0.8979415932059585,-1.3156767939059373,-1.0678406300013559,-1.627456417936779,18,4.0,6.0,1.0,2.0
2016-05-15,201620,4.0,4,4,4,1.7253638e-05,3.80637,0,1,350400820162019589,2023-08-20,Assis,0.16254358,105087,0,0,0,0,,,,,47607,15.69,19.26,23.76,50.6,82.71,10.0,17.11,0.2993645,26.0,14.13,0.6738947,40.0,14.7,0.9858988,31.0,21.39,0.9105454,20.0,15.407499999999999,1.6094379124341003,-0.7884573603642704,-1.6863989535702288,-2.1041341542702074,-1.8562979903656263,19,6.0,1.0,2.0,1.0
2016-05-22,201621,6.0,6,6,6,0.033475727,5.709555,0,1,350400820162119589,2023-08-20,Assis,0.43237245,105087,0,0,1,2,,,,,47607,13.46,17.46,22.71,8.7,79.57,4.0,15.69,0.16254358,10.0,17.11,0.2993645,26.0,14.13,0.6738947,40.0,14.7,0.9858988,11.5,15.097499999999998,1.9459101490553132,0.33647223662121295,-0.45198512374305744,-1.349926716949016,-1.7676619176489947,20,1.0,2.0,1.0,1.0
2016-05-29,201622,1.0,1,1,1,0.0072562434,0.9515925,0,1,350400820162219589,2023-08-20,Assis,0.14071503,105087,0,0,0,0,,,,,47607,16.06,18.09,21.09,105.7,90.57,6.0,13.46,0.43237245,4.0,15.69,0.16254358,10.0,17.11,0.2993645,26.0,14.13,0.6738947,5.25,15.58,0.6931471805599453,-1.252762968495368,-0.916290731874155,-1.7047480922384253,-2.6026896854443837,21,2.0,1.0,1.0,0.0
2016-06-05,201623,2.0,2,2,2,0.15386379,1.903185,0,1,350400820162319589,2023-08-20,Assis,0.45745376,105087,0,0,0,0,,,,,47607,11.21,14.94,19.91,63.6,78.43,1.0,16.06,0.14071503,6.0,13.46,0.43237245,4.0,15.69,0.16254358,10.0,17.11,0.2993645,3.25,14.105,1.0986122886681098,0.4054651081081645,-0.8472978603872034,-0.5108256237659905,-1.2992829841302609,22,1.0,1.0,0.0,0.0
2016-06-12,201624,1.0,1,1,1,0.15904196,0.9515925,0,1,350400820162419589,2023-08-20,Assis,0.37699988,105087,0,0,0,0,,,,,47607,10.06,15.96,23.43,0.0,70.86,2.0,11.21,0.45745376,1.0,16.06,0.14071503,6.0,13.46,0.43237245,4.0,15.69,0.16254358,2.5,12.697500000000002,0.6931471805599453,-0.4054651081081645,0.0,-1.252762968495368,-0.916290731874155,23,1.0,0.0,0.0,2.0
2016-06-19,201625,1.0,1,1,1,0.31232774,0.9515925,0,1,350400820162519589,2023-08-20,Assis,0.59563965,105087,0,0,0,0,,,,,47607,12.6,17.03,23.0,1.4,77.43,1.0,10.06,0.37699988,2.0,11.21,0.45745376,1.0,16.06,0.14071503,6.0,13.46,0.43237245,1.25,12.482500000000002,0.6931471805599453,0.0,-0.4054651081081645,0.0,-1.252762968495368,24,0.0,0.0,2.0,2.0
2016-06-26,201626,0.0,0,0,0,0.0,0.0,0,1,350400820162619589,2023-08-20,Assis,0.0,105087,0,0,0,0,,,,,47607,13.94,18.94,25.43,0.0,70.71,1.0,12.6,0.59563965,1.0,10.06,0.37699988,2.0,11.21,0.45745376,1.0,16.06,0.14071503,1.0,11.9525,0.0,-0.6931471805599453,-0.6931471805599453,-1.0986122886681098,-0.6931471805599453,25,0.0,2.0,2.0,1.0
2016-07-03,201627,0.0,0,0,0,0.0,0.0,0,1,350400820162719589,2023-08-20,Assis,0.0,105087,0,0,0,0,,,,,47607,12.64,18.37,25.3,0.0,63.0,0.0,13.94,0.0,1.0,12.6,0.59563965,1.0,10.06,0.37699988,2.0,11.21,0.45745376,0.5,12.31,0.0,0.0,-0.6931471805599453,-0.6931471805599453,-1.0986122886681098,26,2.0,2.0,1.0,0.0
2016-07-10,201628,2.0,2,2,2,0.90616643,1.903185,0,1,350400820162819589,2023-08-20,Assis,4.8432,105087,0,0,0,0,,,,,47607,16.54,22.41,29.14,8.3,57.14,0.0,12.64,0.0,0.0,13.94,0.0,1.0,12.6,0.59563965,1.0,10.06,0.37699988,0.75,13.93,1.0986122886681098,1.0986122886681098,1.0986122886681098,0.4054651081081645,0.4054651081081645,27,2.0,1.0,0.0,0.0
2016-07-17,201629,2.0,2,2,2,0.8442323,1.903185,0,1,350400820162919589,2023-08-20,Assis,3.0740128,105087,0,0,0,0,,,,,47607,9.8,14.57,21.2,0.0,66.43,2.0,16.54,4.8432,0.0,12.64,0.0,0.0,13.94,0.0,1.0,12.6,0.59563965,1.0,13.23,1.0986122886681098,0.0,1.0986122886681098,1.0986122886681098,0.4054651081081645,28,1.0,0.0,0.0,1.0
2016-07-24,201630,1.0,1,1,1,0.39491507,0.9515925,0,1,350400820163019589,2023-08-20,Assis,0.74605393,105087,0,0,0,1,,,,,47607,14.16,20.2,27.73,0.0,59.0,2.0,9.8,3.0740128,2.0,16.54,4.8432,0.0,12.64,0.0,0.0,13.94,0.0,1.25,13.285,0.6931471805599453,-0.4054651081081645,-0.4054651081081645,0.6931471805599453,0.6931471805599453,29,0.0,0.0,1.0,0.0
2016-07-31,201631,0.0,0,0,0,0.0,0.0,0,1,350400820163119589,2023-08-20,Assis,0.0,105087,0,0,0,0,,,,,47607,15.66,21.6,29.07,0.0,57.71,1.0,14.16,0.74605393,2.0,9.8,3.0740128,2.0,16.54,4.8432,0.0,12.64,0.0,1.25,14.04,0.0,-0.6931471805599453,-1.0986122886681098,-1.0986122886681098,0.0,30,0.0,1.0,0.0,2.0
2016-08-07,201632,0.0,0,0,0,0.0,0.0,0,1,350400820163219589,2023-08-20,Assis,0.0,105087,0,0,0,0,,,,,47607,13.53,18.69,25.5,3.4,58.71,0.0,15.66,0.0,1.0,14.16,0.74605393,2.0,9.8,3.0740128,2.0,16.54,4.8432,0.75,13.2875,0.0,0.0,-0.6931471805599453,-1.0986122886681098,-1.0986122886681098,31,1.0,0.0,2.0,1.0
2016-08-14,201633,1.0,1,1,1,0.75116026,0.9515925,0,1,350400820163319589,2023-08-20,Assis,2.4224377,105087,0,0,0,0,,,,,47607,16.69,21.84,29.27,25.9,63.86,0.0,13.53,0.0,0.0,15.66,0.0,1.0,14.16,0.74605393,2.0,9.8,3.0740128,0.5,15.01,0.6931471805599453,0.6931471805599453,0.6931471805599453,0.0,-0.4054651081081645,32,0.0,2.0,1.0,2.0
2016-08-21,201634,0.0,0,0,0,0.0,0.0,0,1,350400820163419589,2023-08-20,Assis,0.0,105087,0,0,0,0,,,,,47607,12.24,19.27,26.43,4.7,60.57,1.0,16.69,2.4224377,0.0,13.53,0.0,0.0,15.66,0.0,1.0,14.16,0.74605393,0.25,14.530000000000001,0.0,-0.6931471805599453,0.0,0.0,-0.6931471805599453,33,2.0,1.0,2.0,3.0
2016-08-28,201635,2.0,2,2,2,0.8808665,1.903185,0,1,350400820163519589,2023-08-20,Assis,3.9091,105087,0,0,0,0,,,,,47607,15.83,20.56,26.1,43.0,67.86,0.0,12.24,0.0,1.0,16.69,2.4224377,0.0,13.53,0.0,0.0,15.66,0.0,0.75,14.572500000000002,1.0986122886681098,1.0986122886681098,0.4054651081081645,1.0986122886681098,1.0986122886681098,34,1.0,2.0,3.0,4.0
2016-09-04,201636,1.0,1,1,1,0.5823507,0.9515925,0,1,350400820163619589,2023-08-20,Assis,1.2819856,105087,0,0,0,0,,,,,47607,12.91,17.34,22.56,42.5,76.29,2.0,15.83,3.9091,0.0,12.24,0.0,1.0,16.69,2.4224377,0.0,13.53,0.0,1.0,14.4175,0.6931471805599453,-0.4054651081081645,0.6931471805599453,0.0,0.6931471805599453,35,2.0,3.0,4.0,2.0
2016-09-11,201637,2.0,2,2,2,0.69595546,1.903185,0,1,350400820163719589,2023-08-20,Assis,1.6641293,105087,0,0,0,0,,,,,47607,15.73,22.33,28.91,7.5,55.57,1.0,12.91,1.2819856,2.0,15.83,3.9091,0.0,12.24,0.0,1.0,16.69,2.4224377,1.25,14.1775,1.0986122886681098,0.4054651081081645,0.0,1.0986122886681098,0.4054651081081645,36,3.0,4.0,2.0,0.0
2016-09-18,201638,3.0,3,3,3,0.7781135,2.8547776,0,1,350400820163819589,2023-08-20,Assis,1.9566537,105087,0,0,0,1,,,,,47607,15.16,20.84,28.0,3.8,63.0,2.0,15.73,1.6641293,1.0,12.91,1.2819856,2.0,15.83,3.9091,0.0,12.24,0.0,2.0,14.907499999999999,1.3862943611198906,0.2876820724517808,0.6931471805599453,0.2876820724517808,1.3862943611198906,37,4.0,2.0,0.0,1.0
2016-09-25,201639,4.0,4,4,4,0.79921526,3.80637,0,1,350400820163919589,2023-08-20,Assis,1.9140157,105087,0,0,0,1,,,,,47607,14.24,20.9,28.23,1.1,51.71,3.0,15.16,1.9566537,2.0,15.73,1.6641293,1.0,12.91,1.2819856,2.0,15.83,3.9091,2.5,14.51,1.6094379124341003,0.2231435513142097,0.5108256237659905,0.916290731874155,0.5108256237659905,38,2.0,0.0,1.0,8.0
2016-10-02,201640,2.0,2,2,2,0.34136593,1.903185,0,1,350400820164019589,2023-08-20,Assis,0.7093483,105087,0,0,0,0,,,,,47607,14.86,19.93,25.73,8.4,64.29,4.0,14.24,1.9140157,3.0,15.16,1.9566537,2.0,15.73,1.6641293,1.0,12.91,1.2819856,2.75,14.997499999999999,1.0986122886681098,-0.5108256237659905,-0.2876820724517808,0.0,0.4054651081081645,39,0.0,1.0,8.0,7.0
2016-10-09,201641,0.0,0,0,0,0.0,0.0,0,1,350400820164119589,2023-08-20,Assis,0.0,105087,0,0,0,0,,,,,47607,17.33,22.56,28.16,59.6,70.43,2.0,14.86,0.7093483,4.0,14.24,1.9140157,3.0,15.16,1.9566537,2.0,15.73,1.6641293,2.25,15.397499999999999,0.0,-1.0986122886681098,-1.6094379124341003,-1.3862943611198906,-1.0986122886681098,40,1.0,8.0,7.0,4.0
2016-10-16,201642,1.0,1,1,1,0.25161123,0.9515925,0,1,350400820164219589,2023-08-20,Assis,0.50232786,105087,0,0,0,1,,,,,47607,21.79,26.97,32.74,16.9,66.14,0.0,17.33,0.0,2.0,14.86,0.7093483,4.0,14.24,1.9140157,3.0,15.16,1.9566537,1.75,17.055,0.6931471805599453,0.6931471805599453,-0.4054651081081645,-0.916290731874155,-0.6931471805599453,41,8.0,7.0,4.0,1.0
2016-10-23,201643,8.0,8,8,8,0.9919098,7.61274,0,1,350400820164319589,2023-08-20,Assis,5.7663126,105087,0,1,1,1,,,,,47607,17.46,21.84,27.34,23.9,71.0,1.0,21.79,0.50232786,0.0,17.33,0.0,2.0,14.86,0.7093483,4.0,14.24,1.9140157,2.75,17.86,2.1972245773362196,1.5040773967762742,2.1972245773362196,1.0986122886681098,0.5877866649021193,42,7.0,4.0,1.0,3.0
2016-10-30,201644,7.0,7,7,7,0.9209198,6.6611476,0,1,350400820164419589,2023-08-20,Assis,2.4658666,105087,0,0,1,0,,,,,47607,17.49,22.9,28.77,21.0,70.43,8.0,17.46,5.7663126,1.0,21.79,0.50232786,0.0,17.33,0.0,2.0,14.86,0.7093483,4.0,18.5175,2.0794415416798357,-0.11778303565638382,1.3862943611198904,2.0794415416798357,0.980829253011726,43,4.0,1.0,3.0,2.0
2016-11-06,201645,4.0,4,4,4,0.32146433,3.80637,0,1,350400820164519589,2023-08-20,Assis,0.74729043,105087,0,0,0,1,,,,,47607,19.81,25.17,31.31,8.9,62.71,7.0,17.49,2.4658666,8.0,17.46,5.7663126,1.0,21.79,0.50232786,0.0,17.33,0.0,5.0,19.1375,1.6094379124341003,-0.47000362924573547,-0.5877866649021193,0.916290731874155,1.6094379124341003,44,1.0,3.0,2.0,3.0
2016-11-13,201646,1.0,1,1,1,0.017892512,0.9515925,0,1,350400820164619589,2023-08-20,Assis,0.17228012,105087,0,0,0,1,,,,,47607,18.06,23.43,29.14,2.5,60.0,4.0,19.81,0.74729043,7.0,17.49,2.4658666,8.0,17.46,5.7663126,1.0,21.79,0.50232786,5.0,18.205,0.6931471805599453,-0.916290731874155,-1.3862943611198904,-1.5040773967762742,0.0,45,3.0,2.0,3.0,1.0
2016-11-20,201647,3.0,3,3,3,0.3263327,2.8547776,0,1,350400820164719589,2023-08-20,Assis,0.72641504,105087,0,0,0,0,,,,,47607,19.41,26.17,33.19,2.1,52.29,1.0,18.06,0.17228012,4.0,19.81,0.74729043,7.0,17.49,2.4658666,8.0,17.46,5.7663126,3.75,18.6925,1.3862943611198906,0.6931471805599453,-0.2231435513142097,-0.6931471805599452,-0.810930216216329,46,2.0,3.0,1.0,3.0
2016-11-27,201648,2.0,2,2,2,0.37679452,1.903185,0,1,350400820164819589,2023-08-20,Assis,0.7650393,105087,0,0,0,0,,,,,47607,20.16,24.36,29.63,31.4,69.86,3.0,19.41,0.72641504,1.0,18.06,0.17228012,4.0,19.81,0.74729043,7.0,17.49,2.4658666,2.5,19.36,1.0986122886681098,-0.2876820724517808,0.4054651081081645,-0.5108256237659905,-0.980829253011726,47,3.0,1.0,3.0,8.0
2016-12-04,201649,3.0,3,3,3,0.6229424,2.8547776,0,1,350400820164919589,2023-08-20,Assis,1.2860243,105087,1,0,0,0,,,,,47607,20.69,25.24,31.67,46.0,70.29,2.0,20.16,0.7650393,3.0,19.41,0.72641504,1.0,18.06,0.17228012,4.0,19.81,0.74729043,2.25,19.58,1.3862943611198906,0.2876820724517808,0.0,0.6931471805599453,-0.2231435513142097,48,1.0,3.0,8.0,5.0
2016-12-11,201650,1.0,1,1,1,0.19259378,0.9515925,0,1,350400820165019589,2023-08-20,Assis,0.42081043,105087,1,0,0,0,,,,,47607,20.27,24.27,29.36,17.8,72.86,3.0,20.69,1.2860243,2.0,20.16,0.7650393,3.0,19.41,0.72641504,1.0,18.06,0.17228012,2.25,20.1325,0.6931471805599453,-0.6931471805599453,-0.4054651081081645,-0.6931471805599453,0.0,49,3.0,8.0,5.0,3.0
2016-12-18,201651,3.0,3,3,3,0.63856304,2.8547776,0,2,350400820165119589,2023-08-20,Assis,1.332349,105087,1,0,0,0,,,,,47607,20.1,24.19,29.71,43.3,74.29,1.0,20.27,0.42081043,3.0,20.69,1.2860243,2.0,20.16,0.7650393,3.0,19.41,0.72641504,2.25,20.305,1.3862943611198906,0.6931471805599453,0.0,0.2876820724517808,0.0,50,8.0,5.0,3.0,5.0
2016-12-25,201652,8.0,8,8,8,0.96895057,7.61274,0,2,350400820165219589,2023-08-20,Assis,3.3276324,105087,1,1,1,0,,,,,47607,22.39,26.54,31.94,26.7,69.57,3.0,20.1,1.332349,1.0,20.27,0.42081043,3.0,20.69,1.2860243,2.0,20.16,0.7650393,3.75,20.8625,2.1972245773362196,0.810930216216329,1.5040773967762742,0.810930216216329,1.0986122886681098,51,5.0,3.0,5.0,4.0
2017-01-01,201701,5.0,5,5,5,0.66242653,4.757962,0,2,350400820170119589,2023-08-20,Assis,1.3103557,105087,1,0,1,0,,,,,47607,21.61,25.14,30.76,45.6,77.86,8.0,22.39,3.3276324,3.0,20.1,1.332349,1.0,20.27,0.42081043,3.0,20.69,1.2860243,4.25,21.0925,1.791759469228055,-0.4054651081081646,0.4054651081081644,1.0986122886681096,0.4054651081081644,52,3.0,5.0,4.0,7.0
2017-01-08,201702,3.0,3,3,3,0.1936323,2.8547776,0,2,350400820170219589,2023-08-20,Assis,0.5600321,105087,1,0,0,0,,,,,47607,21.71,25.67,31.09,45.4,75.57,5.0,21.61,1.3103557,8.0,22.39,3.3276324,3.0,20.1,1.332349,1.0,20.27,0.42081043,4.75,21.4525,1.3862943611198906,-0.4054651081081644,-0.810930216216329,0.0,0.6931471805599453,1,5.0,4.0,7.0,7.0
2017-01-15,201703,5.0,5,5,5,0.4878073,4.757962,0,2,350400820170319589,2023-08-20,Assis,0.9817101,105087,1,0,1,0,,,,,47607,21.04,23.87,28.37,65.1,82.71,3.0,21.71,0.5600321,5.0,21.61,1.3103557,8.0,22.39,3.3276324,3.0,20.1,1.332349,5.25,21.6875,1.791759469228055,0.4054651081081644,0.0,-0.4054651081081646,0.4054651081081644,2,4.0,7.0,7.0,5.0
2017-01-22,201704,4.0,4,4,4,0.45953023,3.80637,0,2,350400820170419589,2023-08-20,Assis,0.9350471,105087,1,0,0,0,,,,,47607,19.87,23.07,27.6,98.0,84.57,5.0,21.04,0.9817101,3.0,21.71,0.5600321,5.0,21.61,1.3103557,8.0,22.39,3.3276324,4.25,21.057499999999997,1.6094379124341003,-0.18232155679395468,0.2231435513142097,-0.18232155679395468,-0.5877866649021193,3,7.0,7.0,5.0,3.0
2017-01-29,201705,7.0,7,7,7,0.79183745,6.6611476,0,2,350400820170519589,2023-08-20,Assis,1.6010042,105087,1,0,1,1,,,,,47607,20.33,23.67,28.34,53.8,81.14,4.0,19.87,0.9350471,5.0,21.04,0.9817101,3.0,21.71,0.5600321,5.0,21.61,1.3103557,4.75,20.737499999999997,2.0794415416798357,0.47000362924573547,0.2876820724517808,0.6931471805599452,0.2876820724517808,4,7.0,5.0,3.0,6.0
2017-02-05,201706,7.0,7,7,7,0.7187175,6.6611476,0,2,350400820170619589,2023-08-20,Assis,1.3826991,105087,1,0,1,0,,,,,47607,21.37,26.34,32.1,12.1,71.0,7.0,20.33,1.6010042,4.0,19.87,0.9350471,5.0,21.04,0.9817101,3.0,21.71,0.5600321,5.75,20.6525,2.0794415416798357,0.0,0.47000362924573547,0.2876820724517808,0.6931471805599452,5,5.0,3.0,6.0,6.0
2017-02-12,201707,5.0,5,5,5,0.37602833,4.757962,0,2,350400820170719589,2023-08-20,Assis,0.83220154,105087,1,0,1,0,,,,,47607,21.9,25.83,30.8,47.1,74.0,7.0,21.37,1.3826991,7.0,20.33,1.6010042,4.0,19.87,0.9350471,5.0,21.04,0.9817101,5.75,20.8675,1.791759469228055,-0.2876820724517808,-0.2876820724517808,0.18232155679395468,0.0,6,3.0,6.0,6.0,2.0
2017-02-19,201708,3.0,3,3,3,0.13817771,2.8547776,0,1,350400820170819589,2023-08-20,Assis,0.49206546,105087,0,0,0,1,,,,,47607,21.93,26.2,31.71,16.9,70.29,5.0,21.9,0.83220154,7.0,21.37,1.3826991,7.0,20.33,1.6010042,4.0,19.87,0.9350471,5.5,21.3825,1.3862943611198906,-0.4054651081081644,-0.6931471805599452,-0.6931471805599452,-0.2231435513142097,7,6.0,6.0,2.0,5.0
2017-02-26,201709,6.0,6,6,6,0.6062023,5.709555,0,1,350400820170919589,2023-08-20,Assis,1.1685196,105087,1,0,1,0,,,,,47607,21.66,25.29,30.2,44.8,77.86,3.0,21.93,0.49206546,5.0,21.9,0.83220154,7.0,21.37,1.3826991,7.0,20.33,1.6010042,5.25,21.715,1.9459101490553132,0.5596157879354227,0.15415067982725827,-0.13353139262452252,-0.13353139262452252,8,6.0,2.0,5.0,0.0
2017-03-05,201710,6.0,6,6,6,0.67397773,5.709555,0,1,350400820171019589,2023-08-20,Assis,1.3066336,105087,1,0,1,0,,,,,47607,22.1,26.09,31.06,14.8,77.0,6.0,21.66,1.1685196,3.0,21.93,0.49206546,5.0,21.9,0.83220154,7.0,21.37,1.3826991,5.0,21.8975,1.9459101490553132,0.0,0.5596157879354227,0.15415067982725827,-0.13353139262452252,9,2.0,5.0,0.0,5.0
2017-03-12,201711,2.0,2,2,2,0.11050638,1.903185,0,2,350400820171119589,2023-08-20,Assis,0.4015022,105087,1,0,0,0,,,,,47607,21.06,24.73,29.47,31.8,76.86,6.0,22.1,1.3066336,6.0,21.66,1.1685196,3.0,21.93,0.49206546,5.0,21.9,0.83220154,4.25,21.6875,1.0986122886681098,-0.8472978603872034,-0.8472978603872034,-0.2876820724517808,-0.6931471805599452,10,5.0,0.0,5.0,7.0
2017-03-19,201712,5.0,5,5,5,0.52867275,4.757962,0,1,350400820171219589,2023-08-20,Assis,1.0450513,105087,0,0,1,0,,,,,47607,18.3,23.69,29.69,0.5,66.14,2.0,21.06,0.4015022,6.0,22.1,1.3066336,6.0,21.66,1.1685196,3.0,21.93,0.49206546,4.75,20.78,1.791759469228055,0.6931471805599452,-0.15415067982725827,-0.15415067982725827,0.4054651081081644,11,0.0,5.0,7.0,2.0
2017-03-26,201713,0.0,0,0,0,0.0,0.0,0,1,350400820171319589,2023-08-20,Assis,0.0,105087,0,0,0,0,,,,,47607,18.1,23.03,28.63,2.5,62.14,5.0,18.3,1.0450513,2.0,21.06,0.4015022,6.0,22.1,1.3066336,6.0,21.66,1.1685196,3.25,19.89,0.0,-1.791759469228055,-1.0986122886681098,-1.9459101490553132,-1.9459101490553132,12,5.0,7.0,2.0,3.0
2017-04-02,201714,5.0,5,5,5,0.76035225,4.757962,0,1,350400820171419589,2023-08-20,Assis,1.6131356,105087,0,0,1,0,,,,,47607,19.61,23.7,29.07,28.5,72.29,0.0,18.1,0.0,5.0,18.3,1.0450513,2.0,21.06,0.4015022,6.0,22.1,1.3066336,3.0,19.2675,1.791759469228055,1.791759469228055,0.0,0.6931471805599452,-0.15415067982725827,13,7.0,2.0,3.0,2.0
2017-04-09,201715,7.0,7,7,7,0.91471624,6.6611476,0,1,350400820171519589,2023-08-20,Assis,2.3866148,105087,1,0,1,1,,,,,47607,19.63,24.24,29.76,1.1,70.43,5.0,19.61,1.6131356,0.0,18.1,0.0,5.0,18.3,1.0450513,2.0,21.06,0.4015022,4.25,18.91,2.0794415416798357,0.2876820724517808,2.0794415416798357,0.2876820724517808,0.980829253011726,14,2.0,3.0,2.0,1.0
2017-04-16,201716,2.0,2,2,2,0.18012013,1.903185,0,1,350400820171619589,2023-08-20,Assis,0.4906628,105087,0,0,0,0,,,,,47607,17.49,21.39,26.49,43.7,73.71,7.0,19.63,2.3866148,5.0,19.61,1.6131356,0.0,18.1,0.0,5.0,18.3,1.0450513,3.5,18.7075,1.0986122886681098,-0.980829253011726,-0.6931471805599452,1.0986122886681098,-0.6931471805599452,15,3.0,2.0,1.0,2.0
2017-04-23,201717,3.0,3,3,3,0.2609329,2.8547776,0,1,350400820171719589,2023-08-20,Assis,0.64228827,105087,0,0,0,1,,,,,47607,15.16,19.9,25.37,22.7,74.71,2.0,17.49,0.4906628,7.0,19.63,2.3866148,5.0,19.61,1.6131356,0.0,18.1,0.0,4.25,17.9725,1.3862943611198906,0.2876820724517808,-0.6931471805599452,-0.4054651081081644,1.3862943611198906,16,2.0,1.0,2.0,5.0
2017-04-30,201718,2.0,2,2,2,0.23136571,1.903185,0,1,350400820171819589,2023-08-20,Assis,0.5561425,105087,0,0,0,0,,,,,47607,16.37,20.4,25.43,25.2,77.57,3.0,15.16,0.64228827,2.0,17.49,0.4906628,7.0,19.63,2.3866148,5.0,19.61,1.6131356,3.5,17.1625,1.0986122886681098,-0.2876820724517808,0.0,-0.980829253011726,-0.6931471805599452,17,1.0,2.0,5.0,1.0
2017-05-07,201719,1.0,1,1,1,0.16280262,0.9515925,0,1,350400820171919589,2023-08-20,Assis,0.38185367,105087,0,0,0,0,,,,,47607,16.16,20.94,26.66,0.0,72.57,2.0,16.37,0.5561425,3.0,15.16,0.64228827,2.0,17.49,0.4906628,7.0,19.63,2.3866148,2.0,16.295,0.6931471805599453,-0.4054651081081645,-0.6931471805599453,-0.4054651081081645,-1.3862943611198904,18,2.0,5.0,1.0,1.0
2017-05-14,201720,2.0,2,2,2,0.49703175,1.903185,0,1,350400820172019589,2023-08-20,Assis,0.99333304,105087,0,0,0,0,,,,,47607,17.33,19.91,23.03,53.8,80.43,1.0,16.16,0.38185367,2.0,16.37,0.5561425,3.0,15.16,0.64228827,2.0,17.49,0.4906628,2.0,16.255,1.0986122886681098,0.4054651081081645,0.0,-0.2876820724517808,0.0,19,5.0,1.0,1.0,1.0
2017-05-21,201721,5.0,5,5,5,0.90909415,4.757962,0,1,350400820172119589,2023-08-20,Assis,2.7646291,105087,0,0,1,0,,,,,47607,17.86,21.74,26.6,52.7,79.71,2.0,17.33,0.99333304,1.0,16.16,0.38185367,2.0,16.37,0.5561425,3.0,15.16,0.64228827,2.5,16.93,1.791759469228055,0.6931471805599452,1.0986122886681096,0.6931471805599452,0.4054651081081644,20,1.0,1.0,1.0,2.0
2017-05-28,201722,1.0,1,1,1,0.18617672,0.9515925,0,1,350400820172219589,2023-08-20,Assis,0.4123277,105087,0,0,0,1,,,,,47607,15.51,19.43,24.3,4.4,76.86,5.0,17.86,2.7646291,2.0,17.33,0.99333304,1.0,16.16,0.38185367,2.0,16.37,0.5561425,2.25,16.715,0.6931471805599453,-1.0986122886681096,-0.4054651081081645,0.0,-0.4054651081081645,21,1.0,1.0,2.0,2.0
2017-06-04,201723,1.0,1,1,1,0.13986687,0.9515925,0,1,350400820172319589,2023-08-20,Assis,0.3523765,105087,0,0,0,0,,,,,47607,15.74,19.94,25.09,20.4,77.29,1.0,15.51,0.4123277,5.0,17.86,2.7646291,2.0,17.33,0.99333304,1.0,16.16,0.38185367,2.25,16.61,0.6931471805599453,0.0,-1.0986122886681096,-0.4054651081081645,0.0,22,1.0,2.0,2.0,0.0
2017-06-11,201724,1.0,1,1,1,0.24699546,0.9515925,0,1,350400820172419589,2023-08-20,Assis,0.49567682,105087,0,0,0,0,,,,,47607,12.39,16.9,22.2,37.8,78.86,1.0,15.74,0.3523765,1.0,15.51,0.4123277,5.0,17.86,2.7646291,2.0,17.33,0.99333304,2.0,15.375,0.6931471805599453,0.0,0.0,-1.0986122886681096,-0.4054651081081645,23,2.0,2.0,0.0,6.0
2017-06-18,201725,2.0,2,2,2,0.6780157,1.903185,0,1,350400820172519589,2023-08-20,Assis,1.5750251,105087,0,0,0,0,,,,,47607,14.6,18.86,24.43,3.0,74.0,1.0,12.39,0.49567682,1.0,15.74,0.3523765,1.0,15.51,0.4123277,5.0,17.86,2.7646291,1.25,14.56,1.0986122886681098,0.4054651081081645,0.4054651081081645,0.4054651081081645,-0.6931471805599452,24,2.0,0.0,6.0,5.0
2017-06-25,201726,2.0,2,2,2,0.66769034,1.903185,0,1,350400820172619589,2023-08-20,Assis,1.5275854,105087,0,0,0,0,,,,,47607,14.69,19.2,25.23,0.0,70.86,2.0,14.6,1.5750251,1.0,12.39,0.49567682,1.0,15.74,0.3523765,1.0,15.51,0.4123277,1.5,14.355,1.0986122886681098,0.0,0.4054651081081645,0.4054651081081645,0.4054651081081645,25,0.0,6.0,5.0,5.0
2017-07-02,201727,0.0,0,0,0,0.0,0.0,0,1,350400820172719589,2023-08-20,Assis,0.0,105087,0,0,0,0,,,,,47607,12.21,16.44,21.59,0.0,63.14,2.0,14.69,1.5275854,2.0,14.6,1.5750251,1.0,12.39,0.49567682,1.0,15.74,0.3523765,1.25,13.4725,0.0,-1.0986122886681098,-1.0986122886681098,-0.6931471805599453,-0.6931471805599453,26,6.0,5.0,5.0,0.0
2017-07-09,201728,6.0,6,6,6,0.9572427,5.709555,0,1,350400820172819589,2023-08-20,Assis,3.6050415,105087,0,1,1,0,,,,,47607,14.59,19.86,26.47,0.0,59.86,0.0,12.21,0.0,2.0,14.69,1.5275854,2.0,14.6,1.5750251,1.0,12.39,0.49567682,2.5,14.0225,1.9459101490553132,1.9459101490553132,0.8472978603872034,0.8472978603872034,1.252762968495368,27,5.0,5.0,0.0,1.0
2017-07-16,201729,5.0,5,5,5,0.8567391,4.757962,0,1,350400820172919589,2023-08-20,Assis,2.156781,105087,0,0,1,0,,,,,47607,11.26,16.99,23.56,0.0,61.29,6.0,14.59,3.6050415,0.0,12.21,0.0,2.0,14.69,1.5275854,2.0,14.6,1.5750251,3.25,13.1875,1.791759469228055,-0.15415067982725827,1.791759469228055,0.6931471805599452,0.6931471805599452,28,5.0,0.0,1.0,0.0
2017-07-23,201730,5.0,5,5,5,0.63805276,4.757962,0,1,350400820173019589,2023-08-20,Assis,1.2529937,105087,0,0,1,0,,,,,47607,14.51,20.23,27.19,0.0,52.14,5.0,11.26,2.156781,6.0,14.59,3.6050415,0.0,12.21,0.0,2.0,14.69,1.5275854,4.0,13.142500000000002,1.791759469228055,0.0,-0.15415067982725827,1.791759469228055,0.6931471805599452,29,0.0,1.0,0.0,2.0
2017-07-30,201731,0.0,0,0,0,0.0,0.0,0,1,350400820173119589,2023-08-20,Assis,0.0,105087,0,0,0,0,,,,,47607,14.63,19.21,24.77,2.3,55.14,5.0,14.51,1.2529937,5.0,11.26,2.156781,6.0,14.59,3.6050415,0.0,12.21,0.0,4.0,13.747499999999999,0.0,-1.791759469228055,-1.791759469228055,-1.9459101490553132,0.0,30,1.0,0.0,2.0,1.0
2017-08-06,201732,1.0,1,1,1,0.083459936,0.9515925,0,1,350400820173219589,2023-08-20,Assis,0.27911347,105087,0,0,0,1,,,,,47607,14.93,22.06,29.91,0.0,51.71,0.0,14.63,0.0,5.0,14.51,1.2529937,5.0,11.26,2.156781,6.0,14.59,3.6050415,2.75,13.8325,0.6931471805599453,0.6931471805599453,-1.0986122886681096,-1.0986122886681096,-1.252762968495368,31,0.0,2.0,1.0,4.0
2017-08-13,201733,0.0,0,0,0,0.0,0.0,0,1,350400820173319589,2023-08-20,Assis,0.0,105087,0,0,0,0,,,,,47607,15.34,18.04,21.84,68.5,79.71,1.0,14.93,0.27911347,0.0,14.63,0.0,5.0,14.51,1.2529937,5.0,11.26,2.156781,1.5,14.852500000000001,0.0,-0.6931471805599453,0.0,-1.791759469228055,-1.791759469228055,32,2.0,1.0,4.0,6.0
2017-08-20,201734,2.0,2,2,2,0.80413175,1.903185,0,1,350400820173419589,2023-08-20,Assis,2.5004961,105087,0,0,0,0,,,,,47607,14.37,19.66,25.39,21.2,70.14,0.0,15.34,0.0,1.0,14.93,0.27911347,0.0,14.63,0.0,5.0,14.51,1.2529937,0.75,14.8175,1.0986122886681098,1.0986122886681098,0.4054651081081645,1.0986122886681098,-0.6931471805599452,33,1.0,4.0,6.0,8.0
2017-08-27,201735,1.0,1,1,1,0.57325923,0.9515925,0,1,350400820173519589,2023-08-20,Assis,1.2457327,105087,0,0,0,1,,,,,47607,16.03,22.79,30.3,0.0,57.86,2.0,14.37,2.5004961,0.0,15.34,0.0,1.0,14.93,0.27911347,0.0,14.63,0.0,1.0,15.1675,0.6931471805599453,-0.4054651081081645,0.6931471805599453,0.0,0.6931471805599453,34,4.0,6.0,8.0,10.0
2017-09-03,201736,4.0,4,4,4,0.9041634,3.80637,0,1,350400820173619589,2023-08-20,Assis,3.052301,105087,0,0,0,2,,,,,47607,17.1,23.99,31.61,0.0,43.71,1.0,16.03,1.2457327,2.0,14.37,2.5004961,0.0,15.34,0.0,1.0,14.93,0.27911347,1.75,15.71,1.6094379124341003,0.916290731874155,0.5108256237659905,1.6094379124341003,0.916290731874155,35,6.0,8.0,10.0,4.0
2017-09-10,201737,6.0,6,6,6,0.9252904,5.709555,0,1,350400820173719589,2023-08-20,Assis,2.753365,105087,0,0,1,1,,,,,47607,20.33,26.97,34.16,0.0,35.86,4.0,17.1,3.052301,1.0,16.03,1.2457327,2.0,14.37,2.5004961,0.0,15.34,0.0,3.25,16.9575,1.9459101490553132,0.33647223662121295,1.252762968495368,0.8472978603872034,1.9459101490553132,36,8.0,10.0,4.0,11.0
2017-09-17,201738,8.0,8,8,8,0.8983617,7.61274,0,1,350400820173819589,2023-08-20,Assis,2.0889869,105087,0,0,1,1,,,,,47607,19.34,26.24,33.29,0.0,40.14,6.0,20.33,2.753365,4.0,17.1,3.052301,1.0,16.03,1.2457327,2.0,14.37,2.5004961,4.75,18.2,2.1972245773362196,0.25131442828090633,0.5877866649021193,1.5040773967762742,1.0986122886681098,37,10.0,4.0,11.0,9.0
2017-09-24,201739,10.0,10,10,10,0.8559697,9.515924,0,1,350400820173919589,2023-08-20,Assis,1.6948956,105087,0,0,1,2,,,,,47607,17.83,22.97,28.67,13.9,60.29,8.0,19.34,2.0889869,6.0,20.33,2.753365,4.0,17.1,3.052301,1.0,16.03,1.2457327,7.0,18.65,2.3978952727983707,0.2006706954621511,0.45198512374305744,0.7884573603642704,1.7047480922384253,38,4.0,11.0,9.0,2.0
2017-10-01,201740,4.0,4,4,4,0.13998029,3.80637,0,1,350400820174019589,2023-08-20,Assis,0.5333549,105087,0,0,0,2,,,,,47607,16.67,21.57,27.44,55.2,67.71,10.0,17.83,1.6948956,8.0,19.34,2.0889869,6.0,20.33,2.753365,4.0,17.1,3.052301,7.0,18.5425,1.6094379124341003,-0.7884573603642704,-0.5877866649021193,-0.33647223662121295,0.0,39,11.0,9.0,2.0,2.0
2017-10-08,201741,11.0,11,11,11,0.7731401,10.467518,0,1,350400820174119589,2023-08-20,Assis,1.4050716,105087,0,0,1,3,,,,,47607,20.53,26.43,33.29,1.0,61.14,4.0,16.67,0.5333549,10.0,17.83,1.6948956,8.0,19.34,2.0889869,6.0,20.33,2.753365,8.25,18.5925,2.4849066497880004,0.8754687373539001,0.08701137698962969,0.2876820724517808,0.5389965007326871,40,9.0,2.0,2.0,6.0
2017-10-15,201742,9.0,9,9,9,0.63563204,8.564332,0,1,350400820174219589,2023-08-20,Assis,1.1807725,105087,0,0,1,0,,,,,47607,19.39,24.57,30.97,8.5,62.0,11.0,20.53,1.4050716,4.0,16.67,0.5333549,10.0,17.83,1.6948956,8.0,19.34,2.0889869,8.5,18.605,2.302585092994046,-0.18232155679395445,0.6931471805599456,-0.09531017980432477,0.10536051565782634,41,2.0,2.0,6.0,3.0
2017-10-22,201743,2.0,2,2,2,0.01715676,1.903185,0,1,350400820174319589,2023-08-20,Assis,0.24336408,105087,0,0,0,0,,,,,47607,17.06,21.33,26.66,26.4,76.57,9.0,19.39,1.1807725,11.0,20.53,1.4050716,4.0,16.67,0.5333549,10.0,17.83,1.6948956,6.5,18.4125,1.0986122886681098,-1.2039728043259361,-1.3862943611198906,-0.5108256237659905,-1.2992829841302609,42,2.0,6.0,3.0,4.0
2017-10-29,201744,2.0,2,2,2,0.03306126,1.903185,0,1,350400820174419589,2023-08-20,Assis,0.28147432,105087,0,0,0,0,,,,,47607,17.07,21.77,27.39,70.5,75.86,2.0,17.06,0.24336408,9.0,19.39,1.1807725,11.0,20.53,1.4050716,4.0,16.67,0.5333549,6.0,18.5125,1.0986122886681098,0.0,-1.2039728043259361,-1.3862943611198906,-0.5108256237659905,43,6.0,3.0,4.0,8.0
2017-11-05,201745,6.0,6,6,6,0.6981321,5.709555,0,1,350400820174519589,2023-08-20,Assis,1.3647261,105087,0,0,1,1,,,,,47607,17.9,21.81,26.69,37.9,78.43,2.0,17.07,0.28147432,2.0,17.06,0.24336408,9.0,19.39,1.1807725,11.0,20.53,1.4050716,4.75,17.854999999999997,1.9459101490553132,0.8472978603872034,0.8472978603872034,-0.35667494393873267,-0.5389965007326871,44,3.0,4.0,8.0,5.0
2017-11-12,201746,3.0,3,3,3,0.427999,2.8547776,0,1,350400820174619589,2023-08-20,Assis,0.87442076,105087,0,0,0,0,,,,,47607,18.5,24.33,30.89,38.7,60.29,6.0,17.9,1.3647261,2.0,17.07,0.28147432,2.0,17.06,0.24336408,9.0,19.39,1.1807725,3.25,17.6325,1.3862943611198906,-0.5596157879354227,0.2876820724517808,0.2876820724517808,-0.9162907318741553,45,4.0,8.0,5.0,1.0
2017-11-19,201747,4.0,4,4,4,0.50464535,3.80637,0,1,350400820174719589,2023-08-20,Assis,1.0078567,105087,0,0,0,0,,,,,47607,19.43,24.07,29.47,33.0,72.71,3.0,18.5,0.87442076,6.0,17.9,1.3647261,2.0,17.07,0.28147432,2.0,17.06,0.24336408,3.75,18.225,1.6094379124341003,0.2231435513142097,-0.33647223662121295,0.5108256237659905,0.5108256237659905,46,8.0,5.0,1.0,4.0
2017-11-26,201748,8.0,8,8,8,0.87471294,7.61274,0,1,350400820174819589,2023-08-20,Assis,1.9200637,105087,0,0,1,1,,,,,47607,18.8,22.93,27.31,40.1,74.57,4.0,19.43,1.0078567,3.0,18.5,0.87442076,6.0,17.9,1.3647261,2.0,17.07,0.28147432,5.25,18.6575,2.1972245773362196,0.5877866649021193,0.810930216216329,0.25131442828090633,1.0986122886681098,47,5.0,1.0,4.0,4.0
2017-12-03,201749,5.0,5,5,5,0.51848876,4.757962,0,1,350400820174919589,2023-08-20,Assis,1.0287024,105087,1,0,1,2,,,,,47607,20.8,25.19,30.3,28.2,73.0,8.0,18.8,1.9200637,4.0,19.43,1.0078567,3.0,18.5,0.87442076,6.0,17.9,1.3647261,5.0,19.3825,1.791759469228055,-0.4054651081081646,0.18232155679395468,0.4054651081081644,-0.15415067982725827,48,1.0,4.0,4.0,3.0
2017-12-10,201750,1.0,1,1,1,0.02044511,0.9515925,0,1,350400820175019589,2023-08-20,Assis,0.1781864,105087,0,0,0,0,,,,,47607,20.51,26.34,32.26,2.8,59.86,5.0,20.8,1.0287024,8.0,18.8,1.9200637,4.0,19.43,1.0078567,3.0,18.5,0.87442076,4.5,19.885,0.6931471805599453,-1.0986122886681096,-1.5040773967762742,-0.916290731874155,-0.6931471805599453,49,4.0,4.0,3.0,2.0
2017-12-17,201751,4.0,4,4,4,0.41242325,3.80637,0,1,350400820175119589,2023-08-20,Assis,0.86608636,105087,1,0,0,0,,,,,47607,21.16,24.61,29.04,73.6,77.14,1.0,20.51,0.1781864,5.0,20.8,1.0287024,8.0,18.8,1.9200637,4.0,19.43,1.0078567,4.5,20.317500000000003,1.6094379124341003,0.916290731874155,-0.18232155679395468,-0.5877866649021193,0.0,50,4.0,3.0,2.0,5.0
2017-12-24,201752,4.0,4,4,4,0.61736244,3.80637,0,1,350400820175219589,2023-08-20,Assis,1.2335368,105087,1,0,0,1,,,,,47607,20.99,23.47,26.59,78.9,85.86,4.0,21.16,0.86608636,1.0,20.51,0.1781864,5.0,20.8,1.0287024,8.0,18.8,1.9200637,3.5,20.865000000000002,1.6094379124341003,0.0,0.916290731874155,-0.18232155679395468,-0.5877866649021193,51,3.0,2.0,5.0,3.0
2017-12-31,201801,3.0,3,3,3,0.45350456,2.8547776,0,2,350400820180119589,2023-08-20,Assis,0.9164377,105087,1,0,0,0,,,,,47607,20.44,23.8,28.56,63.4,80.14,4.0,20.99,1.2335368,4.0,21.16,0.86608636,1.0,20.51,0.1781864,5.0,20.8,1.0287024,3.0,20.775,1.3862943611198906,-0.2231435513142097,-0.2231435513142097,0.6931471805599453,-0.4054651081081644,52,2.0,5.0,3.0,4.0
2018-01-07,201802,2.0,2,2,2,0.24622108,1.903185,0,2,350400820180219589,2023-08-20,Assis,0.5755772,105087,1,0,0,0,,,,,47607,19.83,22.26,25.57,54.0,84.43,3.0,20.44,0.9164377,4.0,20.99,1.2335368,4.0,21.16,0.86608636,1.0,20.51,0.1781864,3.25,20.604999999999997,1.0986122886681098,-0.2876820724517808,-0.5108256237659905,-0.5108256237659905,0.4054651081081645,1,5.0,3.0,4.0,3.0
2018-01-14,201803,5.0,5,5,5,0.75502795,4.757962,0,2,350400820180319589,2023-08-20,Assis,1.5925176,105087,1,0,1,1,,,,,47607,20.8,24.06,29.06,78.4,82.43,2.0,19.83,0.5755772,3.0,20.44,0.9164377,4.0,20.99,1.2335368,4.0,21.16,0.86608636,3.5,20.515,1.791759469228055,0.6931471805599452,0.4054651081081644,0.18232155679395468,0.18232155679395468,2,3.0,4.0,3.0,2.0
2018-01-21,201804,3.0,3,3,3,0.4776681,2.8547776,0,2,350400820180419589,2023-08-20,Assis,0.9586331,105087,1,0,0,1,,,,,47607,21.44,26.33,31.96,0.8,69.86,5.0,20.8,1.5925176,2.0,19.83,0.5755772,3.0,20.44,0.9164377,4.0,20.99,1.2335368,3.25,20.6275,1.3862943611198906,-0.4054651081081644,0.2876820724517808,0.0,-0.2231435513142097,3,4.0,3.0,2.0,1.0
2018-01-28,201805,4.0,4,4,4,0.56083655,3.80637,0,1,350400820180519589,2023-08-20,Assis,1.1108748,105087,0,0,0,0,,,,,47607,19.71,23.83,28.89,41.0,75.14,3.0,21.44,0.9586331,5.0,20.8,1.5925176,2.0,19.83,0.5755772,3.0,20.44,0.9164377,3.5,20.445,1.6094379124341003,0.2231435513142097,-0.18232155679395468,0.5108256237659905,0.2231435513142097,4,3.0,2.0,1.0,4.0
2018-02-04,201806,3.0,3,3,3,0.39278603,2.8547776,0,1,350400820180619589,2023-08-20,Assis,0.8200407,105087,0,0,0,0,,,,,47607,19.14,24.6,30.53,21.1,65.14,4.0,19.71,1.1108748,3.0,21.44,0.9586331,5.0,20.8,1.5925176,2.0,19.83,0.5755772,3.75,20.2725,1.3862943611198906,-0.2231435513142097,0.0,-0.4054651081081644,0.2876820724517808,5,2.0,1.0,4.0,1.0
2018-02-11,201807,2.0,2,2,2,0.25129014,1.903185,0,1,350400820180719589,2023-08-20,Assis,0.5822753,105087,0,0,0,0,,,,,47607,19.26,22.57,26.79,63.3,81.57,3.0,19.14,0.8200407,4.0,19.71,1.1108748,3.0,21.44,0.9586331,5.0,20.8,1.5925176,3.0,19.887500000000003,1.0986122886681098,-0.2876820724517808,-0.5108256237659905,-0.2876820724517808,-0.6931471805599452,6,1.0,4.0,1.0,3.0
2018-02-18,201808,1.0,1,1,1,0.13518,0.9515925,0,1,350400820180819589,2023-08-20,Assis,0.34637475,105087,0,0,0,0,,,,,47607,19.44,23.37,28.1,43.8,78.0,2.0,19.26,0.5822753,3.0,19.14,0.8200407,4.0,19.71,1.1108748,3.0,21.44,0.9586331,2.5,19.387500000000003,0.6931471805599453,-0.4054651081081645,-0.6931471805599453,-0.916290731874155,-0.6931471805599453,7,4.0,1.0,3.0,4.0
2018-02-25,201809,4.0,4,4,4,0.78085065,3.80637,0,1,350400820180919589,2023-08-20,Assis,1.8085939,105087,1,0,0,1,,,,,47607,20.63,24.61,29.8,32.7,77.57,1.0,19.44,0.34637475,2.0,19.26,0.5822753,3.0,19.14,0.8200407,4.0,19.71,1.1108748,2.5,19.6175,1.6094379124341003,0.916290731874155,0.5108256237659905,0.2231435513142097,0.0,8,1.0,3.0,4.0,5.0
2018-03-04,201810,1.0,1,1,1,0.2357179,0.9515925,0,1,350400820181019589,2023-08-20,Assis,0.47964695,105087,1,0,0,0,,,,,47607,21.63,25.89,30.74,5.4,73.86,4.0,20.63,1.8085939,1.0,19.44,0.34637475,2.0,19.26,0.5822753,3.0,19.14,0.8200407,2.0,20.240000000000002,0.6931471805599453,-0.916290731874155,0.0,-0.4054651081081645,-0.6931471805599453,9,3.0,4.0,5.0,3.0
2018-03-11,201811,3.0,3,3,3,0.61705136,2.8547776,0,2,350400820181119589,2023-08-20,Assis,1.2693036,105087,1,0,0,0,,,,,47607,22.39,26.96,32.43,10.1,72.57,1.0,21.63,0.47964695,4.0,20.63,1.8085939,1.0,19.44,0.34637475,2.0,19.26,0.5822753,2.25,21.0225,1.3862943611198906,0.6931471805599453,-0.2231435513142097,0.6931471805599453,0.2876820724517808,10,4.0,5.0,3.0,4.0
2018-03-18,201812,4.0,4,4,4,0.7561643,3.80637,0,2,350400820181219589,2023-08-20,Assis,1.6863667,105087,1,0,0,2,,,,,47607,22.37,26.49,31.79,11.4,70.43,3.0,22.39,1.2693036,1.0,21.63,0.47964695,4.0,20.63,1.8085939,1.0,19.44,0.34637475,3.0,21.755,1.6094379124341003,0.2231435513142097,0.916290731874155,0.0,0.916290731874155,11,5.0,3.0,4.0,2.0
2018-03-25,201813,5.0,5,5,5,0.7867336,4.757962,0,2,350400820181319589,2023-08-20,Assis,1.7257428,105087,1,0,1,1,,,,,47607,20.8,23.54,27.7,61.9,81.14,4.0,22.37,1.6863667,3.0,22.39,1.2693036,1.0,21.63,0.47964695,4.0,20.63,1.8085939,3.25,21.7975,1.791759469228055,0.18232155679395468,0.4054651081081644,1.0986122886681096,0.18232155679395468,12,3.0,4.0,2.0,1.0
2018-04-01,201814,3.0,3,3,3,0.376927,2.8547776,0,1,350400820181419589,2023-08-20,Assis,0.79673594,105087,0,0,0,0,,,,,47607,19.51,23.59,28.61,16.9,74.43,5.0,20.8,1.7257428,4.0,22.37,1.6863667,3.0,22.39,1.2693036,1.0,21.63,0.47964695,3.75,21.267500000000002,1.3862943611198906,-0.4054651081081644,-0.2231435513142097,0.0,0.6931471805599453,13,4.0,2.0,1.0,3.0
2018-04-08,201815,4.0,4,4,4,0.48943728,3.80637,0,1,350400820181519589,2023-08-20,Assis,0.98246014,105087,0,0,0,2,,,,,47607,19.77,24.49,30.13,0.2,63.43,3.0,19.51,0.79673594,5.0,20.8,1.7257428,4.0,22.37,1.6863667,3.0,22.39,1.2693036,4.0,20.6125,1.6094379124341003,0.2231435513142097,-0.18232155679395468,0.0,0.2231435513142097,14,2.0,1.0,3.0,3.0
2018-04-15,201816,2.0,2,2,2,0.21794522,1.903185,0,1,350400820181619589,2023-08-20,Assis,0.53880113,105087,0,0,0,0,,,,,47607,17.99,22.53,27.93,0.3,61.43,4.0,19.77,0.98246014,3.0,19.51,0.79673594,5.0,20.8,1.7257428,4.0,22.37,1.6863667,3.5,19.5175,1.0986122886681098,-0.5108256237659905,-0.2876820724517808,-0.6931471805599452,-0.5108256237659905,15,1.0,3.0,3.0,2.0
2018-04-22,201817,1.0,1,1,1,0.11283614,0.9515925,0,1,350400820181719589,2023-08-20,Assis,0.3176924,105087,0,0,0,1,,,,,47607,18.89,23.81,29.79,0.0,60.71,2.0,17.99,0.53880113,4.0,19.77,0.98246014,3.0,19.51,0.79673594,5.0,20.8,1.7257428,2.5,19.04,0.6931471805599453,-0.4054651081081645,-0.916290731874155,-0.6931471805599453,-1.0986122886681096,16,3.0,3.0,2.0,2.0
2018-04-29,201818,3.0,3,3,3,0.6187976,2.8547776,0,1,350400820181819589,2023-08-20,Assis,1.2742192,105087,0,0,0,1,,,,,47607,19.49,24.53,30.59,0.0,58.86,1.0,18.89,0.3176924,2.0,17.99,0.53880113,4.0,19.77,0.98246014,3.0,19.51,0.79673594,2.5,19.034999999999997,1.3862943611198906,0.6931471805599453,0.2876820724517808,-0.2231435513142097,0.0,17,3.0,2.0,2.0,2.0
2018-05-06,201819,3.0,3,3,3,0.6873627,2.8547776,0,1,350400820181919589,2023-08-20,Assis,1.4994727,105087,0,0,0,0,,,,,47607,18.29,22.5,27.86,0.0,64.86,3.0,19.49,1.2742192,1.0,18.89,0.3176924,2.0,17.99,0.53880113,4.0,19.77,0.98246014,2.25,18.665,1.3862943611198906,0.0,0.6931471805599453,0.2876820724517808,-0.2231435513142097,18,2.0,2.0,2.0,1.0
2018-05-13,201820,2.0,2,2,2,0.4170532,1.903185,0,1,350400820182019589,2023-08-20,Assis,0.83374673,105087,0,0,0,0,,,,,47607,16.77,21.27,26.91,34.4,71.57,3.0,18.29,1.4994727,3.0,19.49,1.2742192,1.0,18.89,0.3176924,2.0,17.99,0.53880113,2.25,18.36,1.0986122886681098,-0.2876820724517808,-0.2876820724517808,0.4054651081081645,0.0,19,2.0,2.0,1.0,0.0
2018-05-20,201821,2.0,2,2,2,0.38333523,1.903185,0,1,350400820182119589,2023-08-20,Assis,0.77577806,105087,0,0,0,1,,,,,47607,11.77,16.79,22.74,0.0,70.57,2.0,16.77,0.83374673,3.0,18.29,1.4994727,3.0,19.49,1.2742192,1.0,18.89,0.3176924,2.5,16.58,1.0986122886681098,0.0,-0.2876820724517808,-0.2876820724517808,0.4054651081081645,20,2.0,1.0,0.0,1.0
2018-05-27,201822,2.0,2,2,2,0.44013578,1.903185,0,1,350400820182219589,2023-08-20,Assis,0.8762712,105087,0,0,0,0,,,,,47607,15.4,19.79,25.51,0.6,64.0,2.0,11.77,0.77577806,2.0,16.77,0.83374673,3.0,18.29,1.4994727,3.0,19.49,1.2742192,2.25,15.5575,1.0986122886681098,0.0,0.0,-0.2876820724517808,-0.2876820724517808,21,1.0,0.0,1.0,0.0
2018-06-03,201823,1.0,1,1,1,0.25083947,0.9515925,0,1,350400820182319589,2023-08-20,Assis,0.501212,105087,0,0,0,0,,,,,47607,13.93,17.2,21.36,15.0,82.14,2.0,15.4,0.8762712,2.0,11.77,0.77577806,2.0,16.77,0.83374673,3.0,18.29,1.4994727,1.75,14.4675,0.6931471805599453,-0.4054651081081645,-0.4054651081081645,-0.4054651081081645,-0.6931471805599453,22,0.0,1.0,0.0,1.0
2018-06-10,201824,0.0,0,0,0,0.0,0.0,0,1,350400820182419589,2023-08-20,Assis,0.0,105087,0,0,0,0,,,,,47607,16.41,20.13,24.83,32.0,74.86,1.0,13.93,0.501212,2.0,15.4,0.8762712,2.0,11.77,0.77577806,2.0,16.77,0.83374673,1.25,14.3775,0.0,-0.6931471805599453,-1.0986122886681098,-1.0986122886681098,-1.0986122886681098,23,1.0,0.0,1.0,0.0
2018-06-17,201825,1.0,1,1,1,0.48158878,0.9515925,0,1,350400820182519589,2023-08-20,Assis,0.9486529,105087,0,0,0,0,,,,,47607,13.87,19.09,25.49,0.3,72.86,0.0,16.41,0.0,1.0,13.93,0.501212,2.0,15.4,0.8762712,2.0,11.77,0.77577806,1.0,14.9025,0.6931471805599453,0.6931471805599453,0.0,-0.4054651081081645,-0.4054651081081645,24,0.0,1.0,0.0,7.0
2018-06-24,201826,0.0,0,0,0,0.0,0.0,0,1,350400820182619589,2023-08-20,Assis,0.0,105087,0,0,0,0,,,,,47607,17.13,21.97,28.61,0.0,59.43,1.0,13.87,0.9486529,0.0,16.41,0.0,1.0,13.93,0.501212,2.0,15.4,0.8762712,0.5,15.335,0.0,-0.6931471805599453,0.0,-0.6931471805599453,-1.0986122886681098,25,1.0,0.0,7.0,0.0
2018-07-01,201827,1.0,1,1,1,0.69927967,0.9515925,0,1,350400820182719589,2023-08-20,Assis,1.9377645,105087,0,0,0,0,,,,,47607,16.47,22.04,28.84,0.0,55.57,0.0,17.13,0.0,1.0,13.87,0.9486529,0.0,16.41,0.0,1.0,13.93,0.501212,0.5,15.97,0.6931471805599453,0.6931471805599453,0.0,0.6931471805599453,0.0,26,0.0,7.0,0.0,2.0
2018-07-08,201828,0.0,0,0,0,0.0,0.0,0,1,350400820182819589,2023-08-20,Assis,0.0,105087,0,0,0,0,,,,,47607,11.56,16.87,23.61,0.4,55.71,1.0,16.47,1.9377645,0.0,17.13,0.0,1.0,13.87,0.9486529,0.0,16.41,0.0,0.5,14.7575,0.0,-0.6931471805599453,0.0,-0.6931471805599453,0.0,27,7.0,0.0,2.0,0.0
2018-07-15,201829,7.0,7,7,7,0.9945702,6.6611476,0,1,350400820182919589,2023-08-20,Assis,8.423517,105087,0,1,1,0,,,,,47607,17.1,22.74,29.69,0.0,47.29,0.0,11.56,0.0,1.0,16.47,1.9377645,0.0,17.13,0.0,1.0,13.87,0.9486529,2.0,15.565000000000001,2.0794415416798357,2.0794415416798357,1.3862943611198904,2.0794415416798357,1.3862943611198904,28,0.0,2.0,0.0,0.0
2018-07-22,201830,0.0,0,0,0,0.0,0.0,0,1,350400820183019589,2023-08-20,Assis,0.0,105087,0,0,0,0,,,,,47607,16.14,21.57,28.23,0.0,55.43,7.0,17.1,8.423517,0.0,11.56,0.0,1.0,16.47,1.9377645,0.0,17.13,0.0,2.0,15.3175,0.0,-2.0794415416798357,0.0,-0.6931471805599453,0.0,29,2.0,0.0,0.0,2.0
2018-07-29,201831,2.0,2,2,2,0.31954604,1.903185,0,1,350400820183119589,2023-08-20,Assis,0.67688704,105087,0,0,0,1,,,,,47607,15.63,19.09,23.79,72.6,69.29,0.0,16.14,0.0,7.0,17.1,8.423517,0.0,11.56,0.0,1.0,16.47,1.9377645,2.25,15.107500000000002,1.0986122886681098,1.0986122886681098,-0.980829253011726,1.0986122886681098,0.4054651081081645,30,0.0,0.0,2.0,4.0
2018-08-05,201832,0.0,0,0,0,0.0,0.0,0,1,350400820183219589,2023-08-20,Assis,0.0,105087,0,0,0,0,,,,,47607,11.57,15.26,19.44,25.8,82.0,2.0,15.63,0.67688704,0.0,16.14,0.0,7.0,17.1,8.423517,0.0,11.56,0.0,2.25,15.110000000000001,0.0,-1.0986122886681098,0.0,-2.0794415416798357,0.0,31,0.0,2.0,4.0,2.0
2018-08-12,201833,0.0,0,0,0,0.0,0.0,0,1,350400820183319589,2023-08-20,Assis,0.0,105087,0,0,0,0,,,,,47607,11.83,17.83,24.81,0.9,67.86,0.0,11.57,0.0,2.0,15.63,0.67688704,0.0,16.14,0.0,7.0,17.1,8.423517,0.5,13.7925,0.0,0.0,-1.0986122886681098,0.0,-2.0794415416798357,32,2.0,4.0,2.0,1.0
2018-08-19,201834,2.0,2,2,2,0.8515961,1.903185,0,1,350400820183419589,2023-08-20,Assis,3.2105417,105087,0,0,0,0,,,,,47607,15.93,20.49,26.49,13.6,69.0,0.0,11.83,0.0,0.0,11.57,0.0,2.0,15.63,0.67688704,0.0,16.14,0.0,1.0,13.74,1.0986122886681098,1.0986122886681098,1.0986122886681098,0.0,1.0986122886681098,33,4.0,2.0,1.0,1.0
2018-08-26,201835,4.0,4,4,4,0.95497066,3.80637,0,1,350400820183519589,2023-08-20,Assis,4.9454513,105087,0,0,0,0,,,,,47607,14.79,21.49,28.9,0.0,55.43,2.0,15.93,3.2105417,0.0,11.83,0.0,0.0,11.57,0.0,2.0,15.63,0.67688704,1.5,13.53,1.6094379124341003,0.5108256237659905,1.6094379124341003,1.6094379124341003,0.5108256237659905,34,2.0,1.0,1.0,2.0
2018-09-02,201836,2.0,2,2,2,0.5264646,1.903185,0,1,350400820183619589,2023-08-20,Assis,1.0623473,105087,0,0,0,0,,,,,47607,13.01,18.84,25.33,4.1,61.14,4.0,14.79,4.9454513,2.0,15.93,3.2105417,0.0,11.83,0.0,0.0,11.57,0.0,2.0,13.889999999999999,1.0986122886681098,-0.5108256237659905,0.0,1.0986122886681098,1.0986122886681098,35,1.0,1.0,2.0,1.0
2018-09-09,201837,1.0,1,1,1,0.16290347,0.9515925,0,1,350400820183719589,2023-08-20,Assis,0.381984,105087,0,0,0,0,,,,,47607,15.19,20.91,27.56,16.1,64.29,2.0,13.01,1.0623473,4.0,14.79,4.9454513,2.0,15.93,3.2105417,0.0,11.83,0.0,2.25,14.73,0.6931471805599453,-0.4054651081081645,-0.916290731874155,-0.4054651081081645,0.6931471805599453,36,1.0,2.0,1.0,2.0
2018-09-16,201838,1.0,1,1,1,0.22225472,0.9515925,0,1,350400820183819589,2023-08-20,Assis,0.46089023,105087,0,0,0,0,,,,,47607,17.04,21.13,26.17,48.2,79.14,1.0,15.19,0.381984,2.0,13.01,1.0623473,4.0,14.79,4.9454513,2.0,15.93,3.2105417,2.0,15.0075,0.6931471805599453,0.0,-0.4054651081081645,-0.916290731874155,-0.4054651081081645,37,2.0,1.0,2.0,2.0
2018-09-23,201839,2.0,2,2,2,0.6294369,1.903185,0,1,350400820183919589,2023-08-20,Assis,1.3720584,105087,0,0,0,0,,,,,47607,19.4,24.73,31.07,7.2,63.86,1.0,17.04,0.46089023,1.0,15.19,0.381984,2.0,13.01,1.0623473,4.0,14.79,4.9454513,1.5,16.16,1.0986122886681098,0.4054651081081645,0.4054651081081645,0.0,-0.5108256237659905,38,1.0,2.0,2.0,4.0
2018-09-30,201840,1.0,1,1,1,0.40477094,0.9515925,0,1,350400820184019589,2023-08-20,Assis,0.7663878,105087,0,0,0,0,,,,,47607,19.1,23.11,28.41,29.0,76.29,2.0,19.4,1.3720584,1.0,17.04,0.46089023,1.0,15.19,0.381984,2.0,13.01,1.0623473,1.25,17.6825,0.6931471805599453,-0.4054651081081645,0.0,0.0,-0.4054651081081645,39,2.0,2.0,4.0,2.0
2018-10-07,201841,2.0,2,2,2,0.63057214,1.903185,0,1,350400820184119589,2023-08-20,Assis,1.3762722,105087,0,0,0,0,,,,,47607,19.03,22.69,27.46,28.9,80.86,1.0,19.1,0.7663878,2.0,19.4,1.3720584,1.0,17.04,0.46089023,1.0,15.19,0.381984,1.5,18.642500000000002,1.0986122886681098,0.4054651081081645,0.0,0.4054651081081645,0.4054651081081645,40,2.0,4.0,2.0,6.0
2018-10-14,201842,2.0,2,2,2,0.61030227,1.903185,0,1,350400820184219589,2023-08-20,Assis,1.304203,105087,0,0,0,0,,,,,47607,19.56,23.74,29.24,27.5,75.86,2.0,19.03,1.3762722,1.0,19.1,0.7663878,2.0,19.4,1.3720584,1.0,17.04,0.46089023,1.75,19.2725,1.0986122886681098,0.0,0.4054651081081645,0.0,0.4054651081081645,41,4.0,2.0,6.0,3.0
2018-10-21,201843,4.0,4,4,4,0.833781,3.80637,0,1,350400820184319589,2023-08-20,Assis,2.1594644,105087,0,0,0,1,,,,,47607,17.99,22.11,26.64,77.3,76.86,2.0,19.56,1.304203,2.0,19.03,1.3762722,1.0,19.1,0.7663878,2.0,19.4,1.3720584,2.25,18.92,1.6094379124341003,0.5108256237659905,0.5108256237659905,0.916290731874155,0.5108256237659905,42,2.0,6.0,3.0,3.0
2018-10-28,201844,2.0,2,2,2,0.41282085,1.903185,0,1,350400820184419589,2023-08-20,Assis,0.82621384,105087,0,0,0,0,,,,,47607,18.04,23.54,29.59,7.7,67.71,4.0,17.99,2.1594644,2.0,19.56,1.304203,2.0,19.03,1.3762722,1.0,19.1,0.7663878,2.5,18.654999999999998,1.0986122886681098,-0.5108256237659905,0.0,0.0,0.4054651081081645,43,6.0,3.0,3.0,4.0
2018-11-04,201845,6.0,6,6,6,0.85544133,5.709555,0,1,350400820184519589,2023-08-20,Assis,1.9998128,105087,0,0,1,0,,,,,47607,18.07,22.57,27.39,1.1,67.0,2.0,18.04,0.82621384,4.0,17.99,2.1594644,2.0,19.56,1.304203,2.0,19.03,1.3762722,3.5,18.415,1.9459101490553132,0.8472978603872034,0.33647223662121295,0.8472978603872034,0.8472978603872034,44,3.0,3.0,4.0,5.0
2018-11-11,201846,3.0,3,3,3,0.41762316,2.8547776,0,1,350400820184619589,2023-08-20,Assis,0.8579893,105087,0,0,0,0,,,,,47607,21.3,27.1,33.03,8.0,61.29,6.0,18.07,1.9998128,2.0,18.04,0.82621384,4.0,17.99,2.1594644,2.0,19.56,1.304203,3.75,18.85,1.3862943611198906,-0.5596157879354227,0.2876820724517808,-0.2231435513142097,0.2876820724517808,45,3.0,4.0,5.0,6.0
2018-11-18,201847,3.0,3,3,3,0.34503996,2.8547776,0,1,350400820184719589,2023-08-20,Assis,0.751771,105087,0,0,0,0,,,,,47607,17.93,21.94,26.3,74.6,78.0,3.0,21.3,0.8579893,6.0,18.07,1.9998128,2.0,18.04,0.82621384,4.0,17.99,2.1594644,3.5,18.835,1.3862943611198906,0.0,-0.5596157879354227,0.2876820724517808,-0.2231435513142097,46,4.0,5.0,6.0,10.0
2018-11-25,201848,4.0,4,4,4,0.54291654,3.80637,0,1,350400820184819589,2023-08-20,Assis,1.0762794,105087,0,0,0,0,,,,,47607,20.01,24.77,30.27,28.7,69.71,3.0,17.93,0.751771,3.0,21.3,0.8579893,6.0,18.07,1.9998128,2.0,18.04,0.82621384,4.0,19.3275,1.6094379124341003,0.2231435513142097,0.2231435513142097,-0.33647223662121295,0.5108256237659905,47,5.0,6.0,10.0,12.0
2018-12-02,201849,5.0,5,5,5,0.707036,4.757962,0,1,350400820184919589,2023-08-20,Assis,1.4310555,105087,0,0,1,0,,,,,47607,19.39,24.94,30.51,1.3,60.43,4.0,20.01,1.0762794,3.0,17.93,0.751771,3.0,21.3,0.8579893,6.0,18.07,1.9998128,3.75,19.657500000000002,1.791759469228055,0.18232155679395468,0.4054651081081644,0.4054651081081644,-0.15415067982725827,48,6.0,10.0,12.0,13.0
2018-12-09,201850,6.0,6,6,6,0.7408222,5.709555,0,1,350400820185019589,2023-08-20,Assis,1.4835627,105087,0,0,1,0,,,,,47607,21.1,27.57,34.03,6.2,50.0,5.0,19.39,1.4310555,4.0,20.01,1.0762794,3.0,17.93,0.751771,3.0,21.3,0.8579893,4.5,19.6075,1.9459101490553132,0.15415067982725827,0.33647223662121295,0.5596157879354227,0.5596157879354227,49,10.0,12.0,13.0,3.0
2018-12-16,201851,10.0,10,10,10,0.9032203,9.515924,0,1,350400820185119589,2023-08-20,Assis,1.9491647,105087,1,0,1,0,,,,,47607,22.99,27.67,33.79,18.5,63.14,6.0,21.1,1.4835627,5.0,19.39,1.4310555,4.0,20.01,1.0762794,3.0,17.93,0.751771,6.25,20.872500000000002,2.3978952727983707,0.45198512374305744,0.6061358035703157,0.7884573603642704,1.01160091167848,50,12.0,13.0,3.0,5.0
2018-12-23,201852,12.0,12,12,12,0.8863657,11.41911,0,1,350400820185219589,2023-08-20,Assis,1.7389349,105087,1,0,1,0,,,,,47607,21.4,25.43,30.36,25.4,72.43,10.0,22.99,1.9491647,6.0,21.1,1.4835627,5.0,19.39,1.4310555,4.0,20.01,1.0762794,8.25,21.22,2.5649493574615367,0.16705408466316607,0.6190392084062235,0.7731898882334818,0.9555114450274365,51,13.0,3.0,5.0,7.0
2018-12-30,201901,13.0,13,13,13,0.7858601,12.370703,0,2,350400820190119589,2023-08-20,Assis,1.3926283,105087,1,0,1,3,,,,,47607,23.13,26.8,31.89,62.8,72.0,12.0,21.4,1.7389349,10.0,22.99,1.9491647,6.0,21.1,1.4835627,5.0,19.39,1.4310555,10.25,22.154999999999998,2.6390573296152584,0.07410797215372167,0.24116205681688774,0.6931471805599452,0.8472978603872034,52,3.0,5.0,7.0,19.0
2019-01-06,201902,3.0,3,3,3,0.01211374,2.8547776,0,2,350400820190219589,2023-08-20,Assis,0.27621126,105087,1,0,0,1,,,,,47607,22.19,26.5,31.87,14.5,70.0,13.0,23.13,1.3926283,12.0,21.4,1.7389349,10.0,22.99,1.9491647,6.0,21.1,1.4835627,9.5,22.427500000000002,1.3862943611198906,-1.2527629684953678,-1.1786549963416462,-1.01160091167848,-0.5596157879354227,1,5.0,7.0,19.0,29.0
2019-01-13,201903,5.0,5,5,5,0.10325943,4.757962,0,2,350400820190319589,2023-08-20,Assis,0.5179768,105087,1,0,1,3,,,,,47607,22.56,26.97,33.07,12.0,67.29,3.0,22.19,0.27621126,13.0,23.13,1.3926283,12.0,21.4,1.7389349,10.0,22.99,1.9491647,8.25,22.319999999999997,1.791759469228055,0.4054651081081644,-0.8472978603872034,-0.7731898882334818,-0.6061358035703157,2,7.0,19.0,29.0,33.0
2019-01-20,201904,7.0,7,7,7,0.54191905,6.6611476,0,2,350400820190419589,2023-08-20,Assis,1.0568818,105087,1,0,1,5,,,,,47607,22.73,27.43,33.6,26.3,67.86,5.0,22.56,0.5179768,3.0,22.19,0.27621126,13.0,23.13,1.3926283,12.0,21.4,1.7389349,7.0,22.6525,2.0794415416798357,0.2876820724517808,0.6931471805599452,-0.5596157879354227,-0.485507815781701,3,19.0,29.0,33.0,39.0
2019-01-27,201905,19.0,19,19,19,0.9960968,18.080257,0,1,350400820190519589,2023-08-20,Assis,3.0661683,105087,0,1,1,4,,,,,47607,23.09,28.97,35.3,3.7,50.14,7.0,22.73,1.0568818,5.0,22.56,0.5179768,3.0,22.19,0.27621126,13.0,23.13,1.3926283,8.5,22.642500000000002,2.995732273553991,0.9162907318741551,1.203972804325936,1.6094379124341003,0.35667494393873245,4,29.0,33.0,39.0,51.0
2019-02-03,201906,29.0,29,29,29,0.99889874,27.596182,0,1,350400820190619589,2023-08-20,Assis,2.7919948,105087,0,1,1,17,,,,,47607,21.37,26.43,32.83,4.5,56.43,19.0,23.09,3.0661683,7.0,22.73,1.0568818,5.0,22.56,0.5179768,3.0,22.19,0.27621126,15.0,22.4375,3.4011973816621555,0.4054651081081646,1.3217558399823197,1.6094379124341005,2.014903020542265,5,33.0,39.0,51.0,62.0
2019-02-10,201907,33.0,33,33,33,0.9809973,31.402552,0,3,350400820190719589,2023-08-20,Assis,1.7976246,105087,0,1,1,16,,,,,47607,21.93,25.31,29.91,48.2,70.29,29.0,21.37,2.7919948,19.0,23.09,3.0661683,7.0,22.73,1.0568818,5.0,22.56,0.5179768,22.0,22.28,3.5263605246161616,0.1251631429540061,0.5306282510621707,1.4469189829363258,1.7346010553881066,6,39.0,51.0,62.0,95.0
2019-02-17,201908,39.0,39,39,39,0.93792266,37.112106,0,1,350400820190819589,2023-08-20,Assis,1.4629772,105087,1,0,1,17,,,,,47607,20.89,24.7,29.4,34.5,76.29,33.0,21.93,1.7976246,29.0,21.37,2.7919948,19.0,23.09,3.0661683,7.0,22.73,1.0568818,30.0,21.82,3.6888794541139363,0.1625189294977747,0.2876820724517808,0.6931471805599454,1.6094379124341005,7,51.0,62.0,95.0,125.0
2019-02-24,201909,51.0,51,51,51,0.9731228,48.531216,0,1,350400820190919589,2023-08-20,Assis,1.5255681,105087,1,1,2,32,,,,,47607,21.36,23.86,27.44,90.1,84.57,39.0,20.89,1.4629772,33.0,21.93,1.7976246,29.0,21.37,2.7919948,19.0,23.09,3.0661683,38.0,21.3875,3.9512437185814275,0.2623642644674913,0.42488319396526597,0.5500463369192721,0.9555114450274367,8,62.0,95.0,125.0,170.0
2019-03-03,201910,62.0,62,62,62,0.982047,58.998734,0,4,350400820191019589,2023-08-20,Assis,1.516537,105087,1,1,2,29,,,,,47607,21.07,25.03,30.03,14.6,77.57,51.0,21.36,1.5255681,39.0,20.89,1.4629772,33.0,21.93,1.7976246,29.0,21.37,2.7919948,46.25,21.3125,4.143134726391533,0.19189100781010504,0.4542552722775963,0.616774201775371,0.7419373447293771,9,95.0,125.0,170.0,248.0
2019-03-10,201911,95.0,95,95,95,0.9998409,90.40128,0,4,350400820191119589,2023-08-20,Assis,1.8330207,105087,1,1,2,60,,,,,47607,21.16,24.81,30.06,23.8,77.86,62.0,21.07,1.516537,51.0,21.36,1.5255681,39.0,20.89,1.4629772,33.0,21.93,1.7976246,61.75,21.12,4.564348191467836,0.42121346507630353,0.6131044728864086,0.8754687373538999,1.0379876668516745,10,125.0,170.0,248.0,287.0
2019-03-17,201912,125.0,125,125,125,0.99997467,118.94906,0,4,350400820191219589,2023-08-20,Assis,1.8098414,105087,1,1,2,99,,,,,47607,19.83,23.93,29.37,26.7,77.86,95.0,21.16,1.8330207,62.0,21.07,1.516537,51.0,21.36,1.5255681,39.0,20.89,1.4629772,83.25,20.855,4.836281906951478,0.27193371548364187,0.6931471805599454,0.8850381883700504,1.1474024528375417,11,170.0,248.0,287.0,291.0
2019-03-24,201913,170.0,170,170,170,0.99999815,161.77072,0,4,350400820191319589,2023-08-20,Assis,1.7846392,105087,0,1,2,88,,,,,47607,19.53,25.24,31.27,0.0,62.71,125.0,19.83,1.8098414,95.0,21.16,1.8330207,62.0,21.07,1.516537,51.0,21.36,1.5255681,113.0,20.3975,5.14166355650266,0.3053816495511823,0.5773153650348242,0.9985288301111277,1.1904198379212327,12,248.0,287.0,291.0,396.0
2019-03-31,201914,248.0,248,248,248,1.0,235.99493,0,4,350400820191419589,2023-08-20,Assis,1.8937294,105087,0,1,2,154,,,,,47607,20.71,25.53,30.94,7.5,63.43,170.0,19.53,1.7846392,125.0,19.83,1.8098414,95.0,21.16,1.8330207,62.0,21.07,1.516537,159.5,20.3075,5.517452896464707,0.3757893399620471,0.6811709895132294,0.9531047049968713,1.3743181700731748,13,287.0,291.0,396.0,379.0
2019-04-07,201915,287.0,287,287,287,0.99999976,273.10706,0,4,350400820191519589,2023-08-20,Assis,1.6035179,105087,0,1,2,191,,,,,47607,18.79,22.79,27.96,29.8,74.0,248.0,20.71,1.8937294,170.0,19.53,1.7846392,125.0,19.83,1.8098414,95.0,21.16,1.8330207,207.5,19.715,5.662960480135946,0.14550758367123873,0.5212969236332858,0.8266785731844681,1.09861228866811,14,291.0,396.0,379.0,350.0
2019-04-14,201916,291.0,291,291,291,0.99485296,276.91342,0,4,350400820191619589,2023-08-20,Assis,1.2521087,105087,0,1,2,189,,,,,47607,19.4,24.7,30.77,1.8,63.29,287.0,18.79,1.6035179,248.0,20.71,1.8937294,170.0,19.53,1.7846392,125.0,19.83,1.8098414,249.0,19.6075,5.676753802268282,0.01379332213233564,0.15930090580357437,0.5350902457656215,0.8404718953168038,15,396.0,379.0,350.0,255.0
2019-04-21,201917,396.0,396,396,396,0.9999983,376.83063,0,4,350400820191719589,2023-08-20,Assis,1.4345522,105087,1,1,2,247,,,,,47607,21.37,25.64,31.1,1.4,65.71,291.0,19.4,1.2521087,287.0,18.79,1.6035179,248.0,20.71,1.8937294,170.0,19.53,1.7846392,305.5,20.067500000000003,5.983936280687191,0.307182478418909,0.32097580055124464,0.46648338422248337,0.8422727241845305,16,379.0,350.0,255.0,159.0
2019-04-28,201918,379.0,379,379,379,0.9916573,360.65356,0,4,350400820191819589,2023-08-20,Assis,1.1994399,105087,0,1,2,260,,,,,47607,19.53,23.71,28.57,8.4,71.57,396.0,21.37,1.4345522,291.0,19.4,1.2521087,287.0,18.79,1.6035179,248.0,20.71,1.8937294,338.25,19.7725,5.940171252720432,-0.043765027966759185,0.2634174504521498,0.27721077258448545,0.4227183562557242,17,350.0,255.0,159.0,123.0
2019-05-05,201919,350.0,350,350,350,0.416234,333.05737,0,4,350400820191919589,2023-08-20,Assis,0.9842082,105087,0,0,2,305,,,,,47607,20.07,24.5,29.94,16.5,69.43,379.0,19.53,1.1994399,396.0,21.37,1.4345522,291.0,19.4,1.2521087,287.0,18.79,1.6035179,354.0,20.0925,5.860786223465865,-0.07938502925456614,-0.12315005722132533,0.18403242119758367,0.1978257433299193,18,255.0,159.0,123.0,79.0
2019-05-12,201920,255.0,255,255,255,7.1302834e-06,242.65608,0,4,350400820192019589,2023-08-20,Assis,0.70346045,105087,0,0,2,246,,,,,47607,17.33,20.94,25.93,2.5,73.57,350.0,20.07,0.9842082,379.0,19.53,1.1994399,396.0,21.37,1.4345522,291.0,19.4,1.2521087,345.0,19.575,5.545177444479562,-0.31560877898630313,-0.39499380824086927,-0.43875883620762846,-0.13157635778871946,19,159.0,123.0,79.0,80.0
2019-05-19,201921,159.0,159,159,159,1.44329e-14,151.3032,0,4,350400820192119589,2023-08-20,Assis,0.49023739,105087,0,0,2,158,,,,,47607,15.11,20.03,25.21,10.1,67.57,255.0,17.33,0.70346045,350.0,20.07,0.9842082,379.0,19.53,1.1994399,396.0,21.37,1.4345522,285.75,18.009999999999998,5.075173815233827,-0.4700036292457357,-0.7856124082320388,-0.864997437486605,-0.9087624654533641,20,123.0,79.0,80.0,60.0
2019-05-26,201922,123.0,123,123,123,4.66005e-12,117.045876,0,4,350400820192219589,2023-08-20,Assis,0.4846503,105087,0,0,2,118,,,,,47607,17.26,22.01,27.9,6.7,69.0,159.0,15.11,0.49023739,255.0,17.33,0.70346045,350.0,20.07,0.9842082,379.0,19.53,1.1994399,221.75,17.4425,4.820281565605037,-0.25489224962878954,-0.7248958788745252,-1.0405046578608284,-1.1198896871153945,21,79.0,80.0,60.0,40.0
2019-06-02,201923,79.0,79,79,79,1.0076162e-10,75.175804,0,4,350400820192319589,2023-08-20,Assis,0.43939668,105087,0,0,2,79,,,,,47607,14.0,18.13,23.5,27.6,74.57,123.0,17.26,0.4846503,159.0,15.11,0.49023739,255.0,17.33,0.70346045,350.0,20.07,0.9842082,154.0,15.925,4.382026634673881,-0.43825493093115586,-0.6931471805599454,-1.163150809805681,-1.4787595887919842,22,80.0,60.0,40.0,26.0
2019-06-09,201924,80.0,80,80,80,0.0005831147,76.127396,0,4,350400820192419589,2023-08-20,Assis,0.63317007,105087,0,0,2,77,,,,,47607,16.01,21.03,27.13,0.0,60.57,79.0,14.0,0.43939668,123.0,17.26,0.4846503,159.0,15.11,0.49023739,255.0,17.33,0.70346045,110.25,15.595,4.394449154672439,0.012422519998557924,-0.42583241093259794,-0.6807246605613875,-1.1507282898071232,23,60.0,40.0,26.0,14.0
2019-06-16,201925,60.0,60,60,60,0.0031437853,57.09555,0,4,350400820192519589,2023-08-20,Assis,0.6407652,105087,0,0,2,61,,,,,47607,16.19,21.41,27.29,0.0,61.86,80.0,16.01,0.63317007,79.0,14.0,0.43939668,123.0,17.26,0.4846503,159.0,15.11,0.49023739,85.5,15.865000000000002,4.110873864173311,-0.2835752904991278,-0.27115277050056985,-0.7094077014317257,-0.9642999510605152,24,40.0,26.0,14.0,17.0
2019-06-23,201926,40.0,40,40,40,0.00046740315,38.063698,0,1,350400820192619589,2023-08-20,Assis,0.5327001,105087,0,0,1,39,,,,,47607,16.89,21.53,27.43,9.4,61.86,60.0,16.19,0.6407652,80.0,16.01,0.63317007,79.0,14.0,0.43939668,123.0,17.26,0.4846503,64.75,15.7725,3.713572066704308,-0.3973017974690034,-0.6808770879681312,-0.6684545679695733,-1.1067094989007291,25,26.0,14.0,17.0,14.0
2019-06-30,201927,26.0,26,26,26,0.0001237471,24.741405,0,1,350400820192719589,2023-08-20,Assis,0.4391235,105087,0,0,1,23,,,,,47607,14.61,19.2,24.29,41.4,64.14,40.0,16.89,0.5327001,60.0,16.19,0.6407652,80.0,16.01,0.63317007,79.0,14.0,0.43939668,51.5,15.925,3.295836866004329,-0.4177352006999788,-0.8150369981689822,-1.09861228866811,-1.086189768669552,26,14.0,17.0,14.0,20.0
2019-07-07,201928,14.0,14,14,14,5.185669e-05,13.322295,0,1,350400820192819589,2023-08-20,Assis,0.33168173,105087,0,0,1,13,,,,,47607,9.94,16.6,24.43,0.0,62.29,26.0,14.61,0.4391235,40.0,16.89,0.5327001,60.0,16.19,0.6407652,80.0,16.01,0.63317007,35.0,14.4075,2.70805020110221,-0.5877866649021191,-1.0055218656020979,-1.4028236630711013,-1.686398953570229,27,17.0,14.0,20.0,13.0
2019-07-14,201929,17.0,17,17,17,0.04858719,16.177073,0,1,350400820192919589,2023-08-20,Assis,0.6079782,105087,0,0,1,14,,,,,47607,12.77,18.1,24.7,3.5,61.86,14.0,9.94,0.33168173,26.0,14.61,0.4391235,40.0,16.89,0.5327001,60.0,16.19,0.6407652,24.25,13.552499999999998,2.8903717578961645,0.18232155679395445,-0.4054651081081646,-0.8232003088081434,-1.2205021062771468,28,14.0,20.0,13.0,11.0
2019-07-21,201930,14.0,14,14,14,0.18062165,13.322295,0,1,350400820193019589,2023-08-20,Assis,0.72984403,105087,0,0,1,11,,,,,47607,16.56,22.06,28.57,0.0,53.43,17.0,12.77,0.6079782,14.0,9.94,0.33168173,26.0,14.61,0.4391235,40.0,16.89,0.5327001,17.75,13.469999999999999,2.70805020110221,-0.18232155679395445,0.0,-0.5877866649021191,-1.0055218656020979,29,20.0,13.0,11.0,3.0
2019-07-28,201931,20.0,20,20,20,0.7372459,19.031849,0,1,350400820193119589,2023-08-20,Assis,1.232574,105087,0,0,1,19,,,,,47607,15.13,20.76,27.36,1.5,55.86,14.0,16.56,0.72984403,17.0,12.77,0.6079782,14.0,9.94,0.33168173,26.0,14.61,0.4391235,16.25,13.6,3.044522437723423,0.33647223662121295,0.1541506798272585,0.33647223662121295,-0.2513144282809061,30,13.0,11.0,3.0,6.0
2019-08-04,201932,13.0,13,13,13,0.27876386,12.370703,0,1,350400820193219589,2023-08-20,Assis,0.80662495,105087,0,0,1,10,,,,,47607,14.6,20.14,26.4,5.1,59.86,20.0,15.13,1.232574,14.0,16.56,0.72984403,17.0,12.77,0.6079782,14.0,9.94,0.33168173,16.0,14.765,2.6390573296152584,-0.4054651081081646,-0.06899287148695166,-0.2513144282809061,-0.06899287148695166,31,11.0,3.0,6.0,5.0
2019-08-11,201933,11.0,11,11,11,0.1595731,10.467518,0,1,350400820193319589,2023-08-20,Assis,0.6836805,105087,0,0,1,9,,,,,47607,14.93,21.91,29.9,0.0,49.29,13.0,14.6,0.80662495,20.0,15.13,1.232574,14.0,16.56,0.72984403,17.0,12.77,0.6079782,14.5,15.305,2.4849066497880004,-0.15415067982725805,-0.5596157879354227,-0.2231435513142097,-0.40546510810816416,32,3.0,6.0,5.0,7.0
2019-08-18,201934,3.0,3,3,3,0.0025064852,2.8547776,0,1,350400820193419589,2023-08-20,Assis,0.2192591,105087,0,0,0,2,,,,,47607,13.96,19.99,26.66,3.2,57.57,11.0,14.93,0.6836805,13.0,14.6,0.80662495,20.0,15.13,1.232574,14.0,16.56,0.72984403,11.75,14.655000000000001,1.3862943611198906,-1.0986122886681098,-1.2527629684953678,-1.6582280766035324,-1.3217558399823195,33,6.0,5.0,7.0,2.0
2019-08-25,201935,6.0,6,6,6,0.16587588,5.709555,0,1,350400820193519589,2023-08-20,Assis,0.61677605,105087,0,0,1,3,,,,,47607,15.94,22.9,30.7,0.0,50.0,3.0,13.96,0.2192591,11.0,14.93,0.6836805,13.0,14.6,0.80662495,20.0,15.13,1.232574,8.25,14.8575,1.9459101490553132,0.5596157879354227,-0.5389965007326871,-0.6931471805599452,-1.0986122886681098,34,5.0,7.0,2.0,5.0
2019-09-01,201936,5.0,5,5,5,0.3361655,4.757962,0,1,350400820193619589,2023-08-20,Assis,0.7845965,105087,0,0,1,3,,,,,47607,16.4,20.97,26.97,25.5,73.29,6.0,15.94,0.61677605,3.0,13.96,0.2192591,11.0,14.93,0.6836805,13.0,14.6,0.80662495,6.25,15.3075,1.791759469228055,-0.15415067982725827,0.4054651081081644,-0.6931471805599454,-0.8472978603872034,35,7.0,2.0,5.0,7.0
2019-09-08,201937,7.0,7,7,7,0.6854211,6.6611476,0,1,350400820193719589,2023-08-20,Assis,1.3055881,105087,0,0,1,2,,,,,47607,21.69,28.14,35.63,0.0,41.71,5.0,16.4,0.7845965,6.0,15.94,0.61677605,3.0,13.96,0.2192591,11.0,14.93,0.6836805,5.25,16.9975,2.0794415416798357,0.2876820724517808,0.13353139262452252,0.6931471805599452,-0.4054651081081646,36,2.0,5.0,7.0,2.0
2019-09-15,201938,2.0,2,2,2,0.08470117,1.903185,0,1,350400820193819589,2023-08-20,Assis,0.36624634,105087,0,0,0,1,,,,,47607,21.09,27.11,34.04,16.5,46.86,7.0,21.69,1.3055881,5.0,16.4,0.7845965,6.0,15.94,0.61677605,3.0,13.96,0.2192591,5.0,18.78,1.0986122886681098,-0.980829253011726,-0.6931471805599452,-0.8472978603872034,-0.2876820724517808,37,5.0,7.0,2.0,2.0
2019-09-22,201939,5.0,5,5,5,0.48755667,4.757962,0,1,350400820193919589,2023-08-20,Assis,0.9813391,105087,0,0,1,3,,,,,47607,14.67,19.97,26.27,17.8,64.57,2.0,21.09,0.36624634,7.0,21.69,1.3055881,5.0,16.4,0.7845965,6.0,15.94,0.61677605,4.75,18.4625,1.791759469228055,0.6931471805599452,-0.2876820724517808,0.0,-0.15415067982725827,38,7.0,2.0,2.0,2.0
2019-09-29,201940,7.0,7,7,7,0.7914158,6.6611476,0,1,350400820194019589,2023-08-20,Assis,1.5994757,105087,0,0,1,0,,,,,47607,19.06,26.74,34.46,0.0,42.71,5.0,14.67,0.9813391,2.0,21.09,0.36624634,7.0,21.69,1.3055881,5.0,16.4,0.7845965,5.25,19.127499999999998,2.0794415416798357,0.2876820724517808,0.980829253011726,0.0,0.2876820724517808,39,2.0,2.0,2.0,5.0
2019-10-06,201941,2.0,2,2,2,0.13020012,1.903185,0,1,350400820194119589,2023-08-20,Assis,0.42722872,105087,0,0,0,1,,,,,47607,18.8,24.87,31.33,10.0,58.14,7.0,19.06,1.5994757,5.0,14.67,0.9813391,2.0,21.09,0.36624634,7.0,21.69,1.3055881,4.0,18.405,1.0986122886681098,-0.980829253011726,-0.6931471805599452,0.0,-0.980829253011726,40,2.0,2.0,5.0,3.0
2019-10-13,201942,2.0,2,2,2,0.12651846,1.903185,0,1,350400820194219589,2023-08-20,Assis,0.42247072,105087,0,0,0,1,,,,,47607,21.46,27.6,34.69,1.3,49.71,2.0,18.8,0.42722872,7.0,19.06,1.5994757,5.0,14.67,0.9813391,2.0,21.09,0.36624634,4.0,18.4975,1.0986122886681098,0.0,-0.980829253011726,-0.6931471805599452,0.0,41,2.0,5.0,3.0,2.0
2019-10-20,201943,2.0,2,2,2,0.2605754,1.903185,0,1,350400820194319589,2023-08-20,Assis,0.5946424,105087,0,0,0,0,,,,,47607,18.34,23.99,30.07,19.5,60.71,2.0,21.46,0.42247072,2.0,18.8,0.42722872,7.0,19.06,1.5994757,5.0,14.67,0.9813391,3.25,19.415,1.0986122886681098,0.0,0.0,-0.980829253011726,-0.6931471805599452,42,5.0,3.0,2.0,9.0
2019-10-27,201944,5.0,5,5,5,0.8432867,4.757962,0,1,350400820194419589,2023-08-20,Assis,2.052464,105087,0,0,1,1,,,,,47607,21.17,27.54,34.23,0.4,52.43,2.0,18.34,0.5946424,2.0,21.46,0.42247072,2.0,18.8,0.42722872,7.0,19.06,1.5994757,2.75,19.942500000000003,1.791759469228055,0.6931471805599452,0.6931471805599452,0.6931471805599452,-0.2876820724517808,43,3.0,2.0,9.0,0.0
2019-11-03,201945,3.0,3,3,3,0.5367885,2.8547776,0,1,350400820194519589,2023-08-20,Assis,1.0739871,105087,0,0,0,1,,,,,47607,20.9,25.84,31.36,26.5,62.43,5.0,21.17,2.052464,2.0,18.34,0.5946424,2.0,21.46,0.42247072,2.0,18.8,0.42722872,3.0,20.4675,1.3862943611198906,-0.4054651081081644,0.2876820724517808,0.2876820724517808,0.2876820724517808,44,2.0,9.0,0.0,5.0
2019-11-10,201946,2.0,2,2,2,0.2518619,1.903185,0,1,350400820194619589,2023-08-20,Assis,0.58303314,105087,1,0,0,1,,,,,47607,19.89,24.09,29.21,49.7,70.29,3.0,20.9,1.0739871,5.0,21.17,2.052464,2.0,18.34,0.5946424,2.0,21.46,0.42247072,3.0,20.075,1.0986122886681098,-0.2876820724517808,-0.6931471805599452,0.0,0.0,45,9.0,0.0,5.0,7.0
2019-11-17,201947,9.0,9,9,9,0.9498928,8.564332,0,1,350400820194719589,2023-08-20,Assis,2.5760918,105087,0,0,1,6,,,,,47607,18.59,25.11,31.84,7.8,56.86,2.0,19.89,0.58303314,3.0,20.9,1.0739871,5.0,21.17,2.052464,2.0,18.34,0.5946424,4.75,20.1375,2.302585092994046,1.2039728043259361,0.9162907318741553,0.5108256237659909,1.2039728043259361,46,0.0,5.0,7.0,3.0
2019-11-24,201948,0.0,0,0,0,0.0,0.0,0,1,350400820194819589,2023-08-20,Assis,0.0,105087,0,0,0,0,,,,,47607,18.57,23.57,29.27,43.9,68.43,9.0,18.59,2.5760918,2.0,19.89,0.58303314,3.0,20.9,1.0739871,5.0,21.17,2.052464,3.5,19.4875,0.0,-2.302585092994046,-1.0986122886681098,-1.3862943611198906,-1.791759469228055,47,5.0,7.0,3.0,5.0
2019-12-01,201949,5.0,5,5,5,0.56339073,4.757962,0,1,350400820194919589,2023-08-20,Assis,1.1040502,105087,1,0,1,3,,,,,47607,20.09,24.3,29.1,27.9,71.0,0.0,18.57,0.0,9.0,18.59,2.5760918,2.0,19.89,0.58303314,3.0,20.9,1.0739871,4.0,19.285,1.791759469228055,1.791759469228055,-0.5108256237659909,0.6931471805599452,0.4054651081081644,48,7.0,3.0,5.0,7.0
2019-12-08,201950,7.0,7,7,7,0.83855,6.6611476,0,1,350400820195019589,2023-08-20,Assis,1.8006539,105087,0,0,1,6,,,,,47607,19.7,23.87,28.13,23.2,72.0,5.0,20.09,1.1040502,0.0,18.57,0.0,9.0,18.59,2.5760918,2.0,19.89,0.58303314,5.25,19.2375,2.0794415416798357,0.2876820724517808,2.0794415416798357,-0.22314355131421015,0.980829253011726,49,3.0,5.0,7.0,9.0
2019-12-15,201951,3.0,3,3,3,0.29887325,2.8547776,0,1,350400820195119589,2023-08-20,Assis,0.69034225,105087,1,0,0,3,,,,,47607,19.7,22.86,27.13,73.9,81.86,7.0,19.7,1.8006539,5.0,20.09,1.1040502,0.0,18.57,0.0,9.0,18.59,2.5760918,3.75,19.515,1.3862943611198906,-0.6931471805599452,-0.4054651081081644,1.3862943611198906,-0.9162907318741553,50,5.0,7.0,9.0,15.0
2019-12-22,201952,5.0,5,5,5,0.49494857,4.757962,0,1,350400820195219589,2023-08-20,Assis,0.9923637,105087,1,0,1,5,,,,,47607,19.74,25.01,30.51,7.2,66.43,3.0,19.7,0.69034225,7.0,19.7,1.8006539,5.0,20.09,1.1040502,0.0,18.57,0.0,5.0,19.8075,1.791759469228055,0.4054651081081644,-0.2876820724517808,0.0,1.791759469228055,51,7.0,9.0,15.0,15.0
2019-12-29,202001,7.0,7,7,7,0.75265086,6.6611476,0,2,350400820200119589,2023-08-20,Assis,1.4738162,105087,1,0,1,6,,,,,47607,21.31,25.73,31.16,44.0,66.71,5.0,19.74,0.9923637,3.0,19.7,0.69034225,7.0,19.7,1.8006539,5.0,20.09,1.1040502,5.5,20.112499999999997,2.0794415416798357,0.2876820724517808,0.6931471805599452,0.0,0.2876820724517808,52,9.0,15.0,15.0,33.0
2020-01-05,202002,9.0,9,9,9,0.8446983,8.564332,0,2,350400820200219589,2023-08-20,Assis,1.69797,105087,1,0,1,7,,,,,47607,21.23,24.33,28.57,84.2,83.0,7.0,21.31,1.4738162,5.0,19.74,0.9923637,3.0,19.7,0.69034225,7.0,19.7,1.8006539,6.0,20.494999999999997,2.302585092994046,0.22314355131421015,0.5108256237659909,0.9162907318741553,0.22314355131421015,1,15.0,15.0,33.0,43.0
2020-01-12,202003,15.0,15,15,15,0.95646834,14.273888,0,2,350400820200319589,2023-08-20,Assis,2.0880558,105087,1,1,1,13,,,,,47607,21.21,25.06,29.79,21.9,75.86,9.0,21.23,1.69797,7.0,21.31,1.4738162,5.0,19.74,0.9923637,3.0,19.7,0.69034225,9.0,20.8725,2.772588722239781,0.47000362924573524,0.6931471805599454,0.9808292530117262,1.3862943611198906,2,15.0,33.0,43.0,63.0
2020-01-19,202004,15.0,15,15,15,0.8458468,14.273888,0,1,350400820200419589,2023-08-20,Assis,1.4988166,105087,0,0,1,10,,,,,47607,18.91,23.51,28.24,26.5,70.57,15.0,21.21,2.0880558,9.0,21.23,1.69797,7.0,21.31,1.4738162,5.0,19.74,0.9923637,11.5,20.665,2.772588722239781,0.0,0.47000362924573524,0.6931471805599454,0.9808292530117262,3,33.0,43.0,63.0,67.0
2020-01-26,202005,33.0,33,33,33,0.9977678,31.402552,0,1,350400820200519589,2023-08-20,Assis,2.3615892,105087,1,1,1,23,,,,,47607,21.21,25.66,30.76,48.7,68.29,15.0,18.91,1.4988166,15.0,21.21,2.0880558,9.0,21.23,1.69797,7.0,21.31,1.4738162,18.0,20.64,3.5263605246161616,0.7537718023763804,0.7537718023763804,1.2237754316221157,1.4469189829363258,4,43.0,63.0,67.0,87.0
2020-02-02,202006,43.0,43,43,43,0.99803615,40.918476,0,1,350400820200619589,2023-08-20,Assis,2.1039286,105087,1,1,1,32,,,,,47607,20.53,23.43,27.4,59.4,82.0,33.0,21.21,2.3615892,15.0,18.91,1.4988166,15.0,21.21,2.0880558,9.0,21.23,1.69797,26.5,20.465,3.784189633918261,0.25782910930209946,1.0116009116784799,1.0116009116784799,1.4816045409242151,5,63.0,67.0,87.0,81.0
2020-02-09,202007,63.0,63,63,63,0.999504,59.950325,0,3,350400820200719589,2023-08-20,Assis,2.0030825,105087,1,1,2,42,,,,,47607,18.8,23.04,27.81,58.5,74.0,43.0,20.53,2.1039286,33.0,21.21,2.3615892,15.0,18.91,1.4988166,15.0,21.21,2.0880558,38.5,19.8625,4.1588830833596715,0.3746934494414105,0.6325225587435099,1.3862943611198904,1.3862943611198904,6,67.0,87.0,81.0,90.0
2020-02-16,202008,67.0,67,67,67,0.9824095,63.7567,0,4,350400820200819589,2023-08-20,Assis,1.4929144,105087,1,1,2,47,,,,,47607,21.43,25.39,30.44,58.9,76.0,63.0,18.8,2.0030825,43.0,20.53,2.1039286,33.0,21.21,2.3615892,15.0,18.91,1.4988166,51.5,20.4925,4.219507705176107,0.060624621816435464,0.43531807125784594,0.6931471805599454,1.4469189829363258,7,87.0,81.0,90.0,77.0
2020-02-23,202009,87.0,87,87,87,0.99171215,82.78854,0,4,350400820200919589,2023-08-20,Assis,1.4923438,105087,0,1,2,65,,,,,47607,18.41,22.41,27.2,38.3,77.57,67.0,21.43,1.4929144,63.0,18.8,2.0030825,43.0,20.53,2.1039286,33.0,21.21,2.3615892,65.0,19.7925,4.477336814478207,0.2578291093020999,0.31845373111853537,0.6931471805599458,0.9509762898620453,8,81.0,90.0,77.0,85.0
2020-03-01,202010,81.0,81,81,81,0.81838834,77.078995,0,4,350400820201019589,2023-08-20,Assis,1.1593306,105087,0,0,2,61,,,,,47607,17.0,22.34,28.57,4.5,65.86,87.0,18.41,1.4923438,67.0,21.43,1.4929144,63.0,18.8,2.0030825,43.0,20.53,2.1039286,74.5,18.91,4.406719247264253,-0.07061756721395351,0.1872115420881464,0.24783616390458185,0.6225296133459923,9,90.0,77.0,85.0,84.0
2020-03-08,202011,90.0,90,90,90,0.8024816,85.643326,0,4,350400820201119589,2023-08-20,Assis,1.1395972,105087,0,0,2,66,,,,,47607,19.07,25.36,32.04,0.0,56.71,81.0,17.0,1.1593306,87.0,18.41,1.4923438,67.0,21.43,1.4929144,63.0,18.8,2.0030825,81.25,18.9775,4.51085950651685,0.1041402592525964,0.03352269203864289,0.2913518013407428,0.35197642315717825,10,77.0,85.0,84.0,85.0
2020-03-15,202012,77.0,77,77,77,0.31156924,73.27262,0,4,350400820201219589,2023-08-20,Assis,0.925449,105087,1,0,2,60,,,,,47607,21.21,25.33,30.54,29.0,71.0,90.0,19.07,1.1395972,81.0,17.0,1.1593306,87.0,18.41,1.4923438,67.0,21.43,1.4929144,83.75,18.9225,4.356708826689592,-0.15415067982725805,-0.05001042057466165,-0.12062798778861517,0.13720112151348474,11,85.0,84.0,85.0,83.0
2020-03-22,202013,85.0,85,85,85,0.53909874,80.88536,0,4,350400820201319589,2023-08-20,Assis,1.0151914,105087,0,0,2,67,,,,,47607,17.47,23.64,30.0,0.0,56.71,77.0,21.21,0.925449,90.0,19.07,1.1395972,81.0,17.0,1.1593306,87.0,18.41,1.4923438,83.25,18.6875,4.454347296253507,0.09763846956391564,-0.05651221026334241,0.04762804898925399,-0.022989518224699523,12,84.0,85.0,83.0,73.0
2020-03-29,202014,84.0,84,84,84,0.550513,79.93377,0,4,350400820201419589,2023-08-20,Assis,1.0198312,105087,0,0,2,67,,,,,47607,18.74,24.2,30.5,10.4,61.71,85.0,17.47,1.0151914,77.0,21.21,0.925449,90.0,19.07,1.1395972,81.0,17.0,1.1593306,84.0,19.1225,4.442651256490317,-0.011696039763190669,0.08594242980072497,-0.06820825002653308,0.03593200922606332,13,85.0,83.0,73.0,91.0
2020-04-05,202015,85.0,85,85,85,0.5710716,80.88536,0,4,350400820201519589,2023-08-20,Assis,1.0279789,105087,0,0,2,71,,,,,47607,17.59,22.94,29.27,2.3,62.43,84.0,18.74,1.0198312,85.0,17.47,1.0151914,77.0,21.21,0.925449,90.0,19.07,1.1395972,82.75,18.752499999999998,4.454347296253507,0.011696039763190669,0.0,0.09763846956391564,-0.05651221026334241,14,83.0,73.0,91.0,60.0
2020-04-12,202016,83.0,83,83,83,0.47849503,78.98218,0,4,350400820201619589,2023-08-20,Assis,0.9917012,105087,0,0,2,69,,,,,47607,14.16,20.07,26.61,15.4,62.43,85.0,17.59,1.0279789,84.0,18.74,1.0198312,85.0,17.47,1.0151914,77.0,21.21,0.925449,84.25,16.99,4.430816798843313,-0.023530497410193973,-0.011834457647003305,-0.023530497410193973,0.07410797215372167,15,73.0,91.0,60.0,54.0
2020-04-19,202017,73.0,73,73,73,0.2064346,69.466255,0,4,350400820201719589,2023-08-20,Assis,0.8773701,105087,0,0,2,64,,,,,47607,15.46,21.63,28.69,0.0,61.43,83.0,14.16,0.9917012,85.0,17.59,1.0279789,84.0,18.74,1.0198312,85.0,17.47,1.0151914,81.25,16.4875,4.30406509320417,-0.12675170563914318,-0.15028220304933715,-0.13858616328614648,-0.15028220304933715,16,91.0,60.0,54.0,38.0
2020-04-26,202018,91.0,91,91,91,0.7735122,86.59492,0,4,350400820201819589,2023-08-20,Assis,1.1209775,105087,0,0,2,78,,,,,47607,16.2,22.64,29.66,0.0,55.43,73.0,15.46,0.8773701,83.0,14.16,0.9917012,85.0,17.59,1.0279789,84.0,18.74,1.0198312,83.0,15.852500000000001,4.5217885770490405,0.21772348384487028,0.0909717782057271,0.06744128079553313,0.0791373205587238,17,60.0,54.0,38.0,16.0
2020-05-03,202019,60.0,60,60,60,0.049085237,57.09555,0,4,350400820201919589,2023-08-20,Assis,0.75530463,105087,0,0,2,49,,,,,47607,13.63,19.14,25.51,0.0,60.57,91.0,16.2,1.1209775,73.0,15.46,0.8773701,83.0,14.16,0.9917012,85.0,17.59,1.0279789,76.75,14.8625,4.110873864173311,-0.4109147128757291,-0.19319122903085884,-0.319942934670002,-0.343473432080196,18,54.0,38.0,16.0,17.0
2020-05-10,202020,54.0,54,54,54,0.024859004,51.385994,0,4,350400820202019589,2023-08-20,Assis,0.7080046,105087,0,0,2,40,,,,,47607,15.49,20.09,25.51,5.6,65.71,60.0,13.63,0.75530463,91.0,16.2,1.1209775,73.0,15.46,0.8773701,83.0,14.16,0.9917012,69.5,15.195,4.007333185232471,-0.10354067894084018,-0.5144553918165693,-0.296731907971699,-0.4234836136108422,19,38.0,16.0,17.0,16.0
2020-05-17,202021,38.0,38,38,38,0.0032488809,36.160515,0,1,350400820202119589,2023-08-20,Assis,0.5810874,105087,0,0,1,23,,,,,47607,14.06,20.14,27.03,18.0,60.57,54.0,15.49,0.7080046,60.0,13.63,0.75530463,91.0,16.2,1.1209775,73.0,15.46,0.8773701,60.75,14.844999999999999,3.6635616461296463,-0.3437715391028249,-0.44731221804366506,-0.8582269309193942,-0.6405034470745239,20,16.0,17.0,16.0,27.0
2020-05-24,202022,16.0,16,16,16,4.2852735e-06,15.22548,0,1,350400820202219589,2023-08-20,Assis,0.31147912,105087,0,0,1,10,,,,,47607,9.03,15.04,22.23,0.0,63.0,38.0,14.06,0.5810874,54.0,15.49,0.7080046,60.0,13.63,0.75530463,91.0,16.2,1.1209775,42.0,13.0525,2.833213344056216,-0.8303483020734301,-1.174119841176255,-1.2776605201170952,-1.6885752329928243,21,17.0,16.0,27.0,17.0
2020-05-31,202023,17.0,17,17,17,0.0030835995,16.177073,0,1,350400820202319589,2023-08-20,Assis,0.4636163,105087,0,0,1,7,,,,,47607,14.86,18.67,23.29,20.5,78.29,16.0,9.03,0.31147912,38.0,14.06,0.5810874,54.0,15.49,0.7080046,60.0,13.63,0.75530463,31.25,13.36,2.8903717578961645,0.05715841383994835,-0.7731898882334818,-1.1169614273363067,-1.2205021062771468,22,16.0,27.0,17.0,17.0
2020-06-07,202024,16.0,16,16,16,0.10633538,15.22548,0,1,350400820202419589,2023-08-20,Assis,0.67371166,105087,0,0,1,13,,,,,47607,16.53,21.8,28.2,0.6,69.43,17.0,14.86,0.4636163,16.0,9.03,0.31147912,38.0,14.06,0.5810874,54.0,15.49,0.7080046,21.75,13.620000000000001,2.833213344056216,-0.05715841383994835,0.0,-0.8303483020734301,-1.174119841176255,23,27.0,17.0,17.0,13.0
2020-06-14,202025,27.0,27,27,27,0.9052097,25.692997,0,1,350400820202519589,2023-08-20,Assis,1.4768641,105087,0,0,1,12,,,,,47607,15.1,20.34,26.84,0.0,65.71,16.0,16.53,0.67371166,17.0,14.86,0.4636163,16.0,9.03,0.31147912,38.0,14.06,0.5810874,19.0,13.88,3.332204510175204,0.49899116611898764,0.4418327522790393,0.49899116611898764,-0.3313571359544425,24,17.0,17.0,13.0,17.0
2020-06-21,202026,17.0,17,17,17,0.36872968,16.177073,0,1,350400820202619589,2023-08-20,Assis,0.8953392,105087,0,0,1,6,,,,,47607,15.39,20.31,26.01,42.2,66.14,27.0,15.1,1.4768641,16.0,16.53,0.67371166,17.0,14.86,0.4636163,16.0,9.03,0.31147912,19.25,15.47,2.8903717578961645,-0.4418327522790393,0.05715841383994835,0.0,0.05715841383994835,25,17.0,13.0,17.0,9.0
2020-06-28,202027,17.0,17,17,17,0.27263892,16.177073,0,1,350400820202719589,2023-08-20,Assis,0.8225179,105087,0,0,1,4,,,,,47607,10.3,15.46,21.37,3.0,74.14,17.0,15.39,0.8953392,27.0,15.1,1.4768641,16.0,16.53,0.67371166,17.0,14.86,0.4636163,19.25,14.33,2.8903717578961645,0.0,-0.4418327522790393,0.05715841383994835,0.0,26,13.0,17.0,9.0,7.0
2020-07-05,202028,13.0,13,13,13,0.1379161,12.370703,0,1,350400820202819589,2023-08-20,Assis,0.6816272,105087,0,0,1,1,,,,,47607,13.91,19.1,26.09,0.1,65.29,17.0,10.3,0.8225179,17.0,15.39,0.8953392,27.0,15.1,1.4768641,16.0,16.53,0.67371166,18.5,13.675,2.6390573296152584,-0.2513144282809061,-0.2513144282809061,-0.6931471805599454,-0.19415601444095776,27,17.0,9.0,7.0,11.0
2020-07-12,202029,17.0,17,17,17,0.53555626,16.177073,0,1,350400820202919589,2023-08-20,Assis,1.0309309,105087,0,0,1,3,,,,,47607,15.0,20.59,27.63,0.0,63.29,13.0,13.91,0.6816272,17.0,10.3,0.8225179,17.0,15.39,0.8953392,27.0,15.1,1.4768641,16.0,13.65,2.8903717578961645,0.2513144282809061,0.0,0.0,-0.4418327522790393,28,9.0,7.0,11.0,6.0
2020-07-19,202030,9.0,9,9,9,0.10707953,8.564332,0,1,350400820203019589,2023-08-20,Assis,0.60245615,105087,0,0,1,1,,,,,47607,14.67,21.04,28.34,0.0,50.57,17.0,15.0,1.0309309,13.0,13.91,0.6816272,17.0,10.3,0.8225179,17.0,15.39,0.8953392,14.0,13.469999999999999,2.302585092994046,-0.5877866649021186,-0.3364722366212125,-0.5877866649021186,-0.5877866649021186,29,7.0,11.0,6.0,6.0
2020-07-26,202031,7.0,7,7,7,0.07005826,6.6611476,0,1,350400820203119589,2023-08-20,Assis,0.5192826,105087,0,0,1,0,,,,,47607,13.76,19.43,26.21,2.1,63.14,9.0,14.67,0.60245615,17.0,15.0,1.0309309,13.0,13.91,0.6816272,17.0,10.3,0.8225179,11.5,14.335,2.0794415416798357,-0.22314355131421015,-0.8109302162163288,-0.5596157879354227,-0.8109302162163288,30,11.0,6.0,6.0,3.0
2020-08-02,202032,11.0,11,11,11,0.5199325,10.467518,0,1,350400820203219589,2023-08-20,Assis,1.0212401,105087,0,0,1,3,,,,,47607,13.2,19.61,27.23,0.0,54.57,7.0,13.76,0.5192826,9.0,14.67,0.60245615,17.0,15.0,1.0309309,13.0,13.91,0.6816272,11.0,14.157499999999999,2.4849066497880004,0.4054651081081646,0.18232155679395445,-0.40546510810816416,-0.15415067982725805,31,6.0,6.0,3.0,9.0
2020-08-09,202033,6.0,6,6,6,0.2166238,5.709555,0,1,350400820203319589,2023-08-20,Assis,0.6716129,105087,0,0,1,3,,,,,47607,16.89,22.73,29.34,0.2,46.86,11.0,13.2,1.0212401,7.0,13.76,0.5192826,9.0,14.67,0.60245615,17.0,15.0,1.0309309,8.25,14.629999999999999,1.9459101490553132,-0.5389965007326871,-0.13353139262452252,-0.35667494393873267,-0.9444616088408513,32,6.0,3.0,9.0,7.0
2020-08-16,202034,6.0,6,6,6,0.2552424,5.709555,0,1,350400820203419589,2023-08-20,Assis,0.7125082,105087,0,0,1,4,,,,,47607,13.29,15.36,17.79,69.9,86.29,6.0,16.89,0.6716129,11.0,13.2,1.0212401,7.0,13.76,0.5192826,9.0,14.67,0.60245615,7.5,14.284999999999998,1.9459101490553132,0.0,-0.5389965007326871,-0.13353139262452252,-0.35667494393873267,33,3.0,9.0,7.0,5.0
2020-08-23,202035,3.0,3,3,3,0.08601825,2.8547776,0,1,350400820203519589,2023-08-20,Assis,0.4231761,105087,0,0,0,2,,,,,47607,11.94,19.04,27.21,0.0,58.71,6.0,13.29,0.7125082,6.0,16.89,0.6716129,11.0,13.2,1.0212401,7.0,13.76,0.5192826,6.5,13.829999999999998,1.3862943611198906,-0.5596157879354227,-0.5596157879354227,-1.0986122886681098,-0.6931471805599452,34,9.0,7.0,5.0,6.0
2020-08-30,202036,9.0,9,9,9,0.81459016,8.564332,0,1,350400820203619589,2023-08-20,Assis,1.5835418,105087,0,0,1,6,,,,,47607,17.16,24.09,31.79,0.0,51.71,3.0,11.94,0.4231761,6.0,13.29,0.7125082,6.0,16.89,0.6716129,11.0,13.2,1.0212401,6.0,14.82,2.302585092994046,0.9162907318741553,0.35667494393873267,0.35667494393873267,-0.18232155679395445,35,7.0,5.0,6.0,8.0
2020-09-06,202037,7.0,7,7,7,0.66095483,6.6611476,0,1,350400820203719589,2023-08-20,Assis,1.2549366,105087,0,0,1,3,,,,,47607,18.89,26.53,34.79,0.0,39.14,9.0,17.16,1.5835418,3.0,11.94,0.4231761,6.0,13.29,0.7125082,6.0,16.89,0.6716129,6.25,15.32,2.0794415416798357,-0.22314355131421015,0.6931471805599452,0.13353139262452252,0.13353139262452252,36,5.0,6.0,8.0,8.0
2020-09-13,202038,5.0,5,5,5,0.3095624,4.757962,0,1,350400820203819589,2023-08-20,Assis,0.75390196,105087,0,0,1,1,,,,,47607,18.87,25.49,32.71,1.3,43.29,7.0,18.89,1.2549366,9.0,17.16,1.5835418,3.0,11.94,0.4231761,6.0,13.29,0.7125082,6.0,16.715,1.791759469228055,-0.2876820724517808,-0.5108256237659909,0.4054651081081644,-0.15415067982725827,37,6.0,8.0,8.0,2.0
2020-09-20,202039,6.0,6,6,6,0.42025077,5.709555,0,1,350400820203919589,2023-08-20,Assis,0.89638996,105087,0,0,1,3,,,,,47607,16.29,21.89,28.27,19.2,59.43,5.0,18.87,0.75390196,7.0,18.89,1.2549366,9.0,17.16,1.5835418,3.0,11.94,0.4231761,6.75,17.802500000000002,1.9459101490553132,0.15415067982725827,-0.13353139262452252,-0.35667494393873267,0.5596157879354227,38,8.0,8.0,2.0,7.0
2020-09-27,202040,8.0,8,8,8,0.7020708,7.61274,0,1,350400820204019589,2023-08-20,Assis,1.3174613,105087,0,0,1,3,,,,,47607,21.56,29.27,37.41,0.8,41.29,6.0,16.29,0.89638996,5.0,18.87,0.75390196,7.0,18.89,1.2549366,9.0,17.16,1.5835418,6.5,18.9025,2.1972245773362196,0.25131442828090633,0.4054651081081646,0.11778303565638382,-0.10536051565782634,39,8.0,2.0,7.0,4.0
2020-10-04,202041,8.0,8,8,8,0.66917896,7.61274,0,1,350400820204119589,2023-08-20,Assis,1.252067,105087,0,0,1,0,,,,,47607,20.7,26.87,34.71,7.3,51.14,8.0,21.56,1.3174613,6.0,16.29,0.89638996,5.0,18.87,0.75390196,7.0,18.89,1.2549366,6.75,19.355,2.1972245773362196,0.0,0.25131442828090633,0.4054651081081646,0.11778303565638382,40,2.0,7.0,4.0,1.0
2020-10-11,202042,2.0,2,2,2,0.035375915,1.903185,0,1,350400820204219589,2023-08-20,Assis,0.2861518,105087,0,0,0,0,,,,,47607,17.03,23.3,30.5,10.0,55.71,8.0,20.7,1.252067,8.0,21.56,1.3174613,6.0,16.29,0.89638996,5.0,18.87,0.75390196,6.0,18.895,1.0986122886681098,-1.0986122886681098,-1.0986122886681098,-0.8472978603872034,-0.6931471805599452,41,7.0,4.0,1.0,9.0
2020-10-18,202043,7.0,7,7,7,0.57440853,6.6611476,0,1,350400820204319589,2023-08-20,Assis,1.1047566,105087,0,0,1,0,,,,,47607,18.2,23.57,29.67,24.2,66.0,2.0,17.03,0.2861518,8.0,20.7,1.252067,8.0,21.56,1.3174613,6.0,16.29,0.89638996,6.25,19.372500000000002,2.0794415416798357,0.980829253011726,-0.11778303565638382,-0.11778303565638382,0.13353139262452252,42,4.0,1.0,9.0,6.0
2020-10-25,202044,4.0,4,4,4,0.35075167,3.80637,0,1,350400820204419589,2023-08-20,Assis,0.7839129,105087,0,0,0,1,,,,,47607,18.11,23.27,28.41,16.8,62.71,7.0,18.2,1.1047566,2.0,17.03,0.2861518,8.0,20.7,1.252067,8.0,21.56,1.3174613,5.25,18.509999999999998,1.6094379124341003,-0.47000362924573547,0.5108256237659905,-0.5877866649021193,-0.5877866649021193,43,1.0,9.0,6.0,2.0
2020-11-01,202045,1.0,1,1,1,0.03673746,0.9515925,0,1,350400820204519589,2023-08-20,Assis,0.20979296,105087,0,0,0,0,,,,,47607,14.27,22.44,30.36,0.0,45.14,4.0,18.11,0.7839129,7.0,18.2,1.1047566,2.0,17.03,0.2861518,8.0,20.7,1.252067,3.5,16.9025,0.6931471805599453,-0.916290731874155,-1.3862943611198904,-0.4054651081081645,-1.5040773967762742,44,9.0,6.0,2.0,8.0
2020-11-08,202046,9.0,9,9,9,0.91857386,8.564332,0,1,350400820204619589,2023-08-20,Assis,2.1624374,105087,0,0,1,5,,,,,47607,20.86,26.6,33.47,8.4,54.29,1.0,14.27,0.20979296,4.0,18.11,0.7839129,7.0,18.2,1.1047566,2.0,17.03,0.2861518,5.25,17.86,2.302585092994046,1.6094379124341005,0.6931471805599456,0.22314355131421015,1.2039728043259361,45,6.0,2.0,8.0,9.0
2020-11-15,202047,6.0,6,6,6,0.7152663,5.709555,0,1,350400820204719589,2023-08-20,Assis,1.4096451,105087,0,0,1,2,,,,,47607,18.29,24.23,30.77,15.6,61.0,9.0,20.86,2.1624374,1.0,14.27,0.20979296,4.0,18.11,0.7839129,7.0,18.2,1.1047566,5.0,17.8825,1.9459101490553132,-0.35667494393873267,1.252762968495368,0.33647223662121295,-0.13353139262452252,46,2.0,8.0,9.0,5.0
2020-11-22,202048,2.0,2,2,2,0.07662499,1.903185,0,1,350400820204819589,2023-08-20,Assis,0.35463986,105087,0,0,0,0,,,,,47607,20.06,27.1,34.27,3.8,45.86,6.0,18.29,1.4096451,9.0,20.86,2.1624374,1.0,14.27,0.20979296,4.0,18.11,0.7839129,4.5,18.369999999999997,1.0986122886681098,-0.8472978603872034,-1.2039728043259361,0.4054651081081645,-0.5108256237659905,47,8.0,9.0,5.0,6.0
2020-11-29,202049,8.0,8,8,8,0.7535112,7.61274,0,1,350400820204919589,2023-08-20,Assis,1.4388702,105087,0,0,1,2,,,,,47607,20.44,25.34,31.54,67.2,68.0,2.0,20.06,0.35463986,6.0,18.29,1.4096451,9.0,20.86,2.1624374,1.0,14.27,0.20979296,6.25,19.9125,2.1972245773362196,1.0986122886681098,0.25131442828090633,-0.10536051565782634,1.5040773967762742,48,9.0,5.0,6.0,4.0
2020-12-06,202050,9.0,9,9,9,0.854958,8.564332,0,1,350400820205019589,2023-08-20,Assis,1.7434124,105087,0,0,1,1,,,,,47607,19.89,24.11,28.81,11.5,69.29,8.0,20.44,1.4388702,2.0,20.06,0.35463986,6.0,18.29,1.4096451,9.0,20.86,2.1624374,6.25,19.67,2.302585092994046,0.10536051565782634,1.2039728043259361,0.35667494393873267,0.0,49,5.0,6.0,4.0,10.0
2020-12-13,202051,5.0,5,5,5,0.32424793,4.757962,0,1,350400820205119589,2023-08-20,Assis,0.7707553,105087,1,0,1,1,,,,,47607,20.51,24.79,30.84,52.1,75.57,9.0,19.89,1.7434124,8.0,20.44,1.4388702,2.0,20.06,0.35463986,6.0,18.29,1.4096451,6.0,20.225,1.791759469228055,-0.5108256237659909,-0.4054651081081646,0.6931471805599452,-0.15415067982725827,50,6.0,4.0,10.0,11.0
2020-12-20,202052,6.0,6,6,6,0.3668948,5.709555,0,1,350400820205219589,2023-08-20,Assis,0.8338169,105087,1,0,1,0,,,,,47607,19.36,24.81,30.84,14.7,68.86,5.0,20.51,0.7707553,9.0,19.89,1.7434124,8.0,20.44,1.4388702,2.0,20.06,0.35463986,7.0,20.05,1.9459101490553132,0.15415067982725827,-0.35667494393873267,-0.25131442828090633,0.8472978603872034,51,4.0,10.0,11.0,14.0
2020-12-27,202053,4.0,4,4,4,0.22814332,3.80637,0,2,350400820205319589,2023-08-20,Assis,0.6367557,105087,1,0,0,2,,,,,47607,20.34,23.91,29.03,66.5,79.0,6.0,19.36,0.8338169,5.0,20.51,0.7707553,9.0,19.89,1.7434124,8.0,20.44,1.4388702,6.0,20.025000000000002,1.6094379124341003,-0.33647223662121295,-0.18232155679395468,-0.6931471805599456,-0.5877866649021193,52,10.0,11.0,14.0,15.0
2021-01-03,202101,10.0,10,10,10,0.9106348,9.515924,0,2,350400820210119685,2023-11-24,Assis,2.0031903,105087,1,0,1,3,,,,,47607,20.26,24.46,29.93,39.9,76.29,4.0,20.34,0.6367557,6.0,19.36,0.8338169,5.0,20.51,0.7707553,9.0,19.89,1.7434124,6.25,20.1175,2.3978952727983707,0.7884573603642704,0.45198512374305744,0.6061358035703157,0.09531017980432477,53,11.0,14.0,15.0,22.0
2021-01-10,202102,11.0,11,11,11,0.90880275,10.467518,0,2,350400820210219685,2023-11-24,Assis,1.9193176,105087,1,0,1,5,,,,,47607,21.51,24.9,29.19,58.4,77.43,10.0,20.26,2.0031903,4.0,20.34,0.6367557,6.0,19.36,0.8338169,5.0,20.51,0.7707553,7.75,20.3675,2.4849066497880004,0.08701137698962969,0.8754687373539001,0.5389965007326871,0.6931471805599454,1,14.0,15.0,22.0,14.0
2021-01-17,202103,14.0,14,14,14,0.8860939,13.322295,0,2,350400820210319685,2023-11-24,Assis,1.661481,105087,1,0,1,3,,,,,47607,21.01,24.13,28.54,64.6,81.29,11.0,21.51,1.9193176,10.0,20.26,2.0031903,4.0,20.34,0.6367557,6.0,19.36,0.8338169,9.75,20.78,2.70805020110221,0.2231435513142097,0.3101549283038394,1.0986122886681098,0.7621400520468968,2,15.0,22.0,14.0,22.0
2021-01-24,202104,15.0,15,15,15,0.7757263,14.273888,0,2,350400820210419685,2023-11-24,Assis,1.3404416,105087,1,0,1,8,,,,,47607,20.67,23.66,28.33,43.9,82.57,14.0,21.01,1.661481,11.0,21.51,1.9193176,10.0,20.26,2.0031903,4.0,20.34,0.6367557,12.5,20.8625,2.772588722239781,0.06453852113757108,0.2876820724517808,0.3746934494414105,1.1631508098056809,3,22.0,14.0,22.0,32.0
2021-01-31,202105,22.0,22,22,22,0.9233648,20.935036,0,2,350400820210519685,2023-11-24,Assis,1.6154953,105087,1,0,1,12,,,,,47607,19.94,24.49,29.56,9.3,75.57,15.0,20.67,1.3404416,14.0,21.01,1.661481,11.0,21.51,1.9193176,10.0,20.26,2.0031903,15.5,20.782500000000002,3.1354942159291497,0.36290549368936853,0.4274440148269396,0.6505875661411493,0.737598943130779,4,14.0,22.0,32.0,44.0
2021-02-07,202106,14.0,14,14,14,0.34958923,13.322295,0,1,350400820210619685,2023-11-24,Assis,0.8701283,105087,0,0,1,4,,,,,47607,18.13,23.04,28.51,9.2,69.29,22.0,19.94,1.6154953,15.0,20.67,1.3404416,14.0,21.01,1.661481,11.0,21.51,1.9193176,16.25,19.9375,2.70805020110221,-0.4274440148269396,-0.06453852113757108,0.0,0.2231435513142097,5,22.0,32.0,44.0,40.0
2021-02-14,202107,22.0,22,22,22,0.7503263,20.935036,0,1,350400820210719685,2023-11-24,Assis,1.2368132,105087,1,0,1,9,,,,,47607,19.11,24.3,30.13,19.0,68.86,14.0,18.13,0.8701283,22.0,19.94,1.6154953,15.0,20.67,1.3404416,14.0,21.01,1.661481,18.25,19.4625,3.1354942159291497,0.4274440148269396,0.0,0.36290549368936853,0.4274440148269396,6,32.0,44.0,40.0,66.0
2021-02-21,202108,32.0,32,32,32,0.96947104,30.45096,0,1,350400820210819685,2023-11-24,Assis,1.699144,105087,1,1,1,16,,,,,47607,20.29,25.69,31.96,9.9,63.14,22.0,19.11,1.2368132,14.0,18.13,0.8701283,22.0,19.94,1.6154953,15.0,20.67,1.3404416,22.5,19.3675,3.4965075614664802,0.36101334553733055,0.7884573603642702,0.36101334553733055,0.7239188392266991,7,44.0,40.0,66.0,65.0
2021-02-28,202109,44.0,44,44,44,0.99422354,41.87007,0,2,350400820210919685,2023-11-24,Assis,1.869226,105087,1,1,1,25,,,,,47607,19.64,22.3,26.59,110.1,83.71,32.0,20.29,1.699144,22.0,19.11,1.2368132,14.0,18.13,0.8701283,22.0,19.94,1.6154953,28.0,19.2925,3.8066624897703196,0.3101549283038394,0.67116827384117,1.0986122886681096,0.67116827384117,8,40.0,66.0,65.0,85.0
2021-03-07,202110,40.0,40,40,40,0.8366046,38.063698,0,2,350400820211019685,2023-11-24,Assis,1.2597924,105087,1,0,1,20,,,,,47607,19.1,24.24,30.34,12.6,70.86,44.0,19.64,1.869226,32.0,20.29,1.699144,22.0,19.11,1.2368132,14.0,18.13,0.8701283,34.5,19.535,3.713572066704308,-0.09309042306601167,0.21706450523782772,0.5780778507751583,1.0055218656020979,9,66.0,65.0,85.0,103.0
2021-03-14,202111,66.0,66,66,66,0.9949412,62.805103,0,2,350400820211119685,2023-11-24,Assis,1.6586428,105087,1,1,1,35,,,,,47607,20.39,24.86,30.11,28.0,73.43,40.0,19.1,1.2597924,44.0,19.64,1.869226,32.0,20.29,1.699144,22.0,19.11,1.2368132,45.5,19.855,4.204692619390966,0.4911205526866578,0.3980301296206461,0.7081850579244855,1.069198403461816,10,65.0,85.0,103.0,89.0
2021-03-21,202112,65.0,65,65,65,0.94709766,61.85351,0,2,350400820211219685,2023-11-24,Assis,1.3566822,105087,1,0,1,37,,,,,47607,21.27,26.07,31.81,6.4,69.43,66.0,20.39,1.6586428,40.0,19.1,1.2597924,44.0,19.64,1.869226,32.0,20.29,1.699144,53.75,20.1,4.189654742026425,-0.015037877364540542,0.47608267532211723,0.38299225225610556,0.693147180559945,11,85.0,103.0,89.0,121.0
2021-03-28,202113,85.0,85,85,85,0.98585016,80.88536,0,1,350400820211319685,2023-11-24,Assis,1.4444301,105087,0,1,1,46,,,,,47607,17.66,22.93,29.09,4.6,67.0,65.0,21.27,1.3566822,66.0,20.39,1.6586428,40.0,19.1,1.2597924,44.0,19.64,1.869226,64.0,19.605,4.454347296253507,0.26469255422708216,0.2496546768625416,0.7407752295491994,0.6476848064831877,12,103.0,89.0,121.0,83.0
2021-04-04,202114,103.0,103,103,103,0.9936138,98.01402,0,1,350400820211419685,2023-11-24,Assis,1.4632999,105087,0,1,2,50,,,,,47607,17.47,22.96,28.76,0.1,63.57,85.0,17.66,1.4444301,65.0,21.27,1.3566822,66.0,20.39,1.6586428,40.0,19.1,1.2597924,79.75,19.197499999999998,4.6443908991413725,0.19004360288786515,0.4547361571149473,0.43969827975040676,0.9308188324370645,13,89.0,121.0,83.0,63.0
2021-04-11,202115,89.0,89,89,89,0.67359644,84.691734,0,1,350400820211519685,2023-11-24,Assis,1.0708314,105087,0,0,1,54,,,,,47607,17.71,23.0,29.01,6.4,63.29,103.0,17.47,1.4632999,85.0,17.66,1.4444301,65.0,21.27,1.3566822,66.0,20.39,1.6586428,85.5,18.5275,4.499809670330265,-0.14458122881110747,0.04546237407675768,0.31015492830383984,0.2951170509392993,14,121.0,83.0,63.0,63.0
2021-04-18,202116,121.0,121,121,121,0.97004366,115.14269,0,1,350400820211619685,2023-11-24,Assis,1.2936444,105087,0,1,2,69,,,,,47607,15.47,20.63,26.44,0.7,66.14,89.0,17.71,1.0708314,103.0,17.47,1.4632999,85.0,17.66,1.4444301,65.0,21.27,1.3566822,99.5,17.0775,4.804021044733257,0.30421137440299173,0.15963014559188426,0.3496737484797494,0.6143663027068316,15,83.0,63.0,63.0,56.0
2021-04-25,202117,83.0,83,83,83,0.11608029,78.98218,0,1,350400820211719685,2023-11-24,Assis,0.83775127,105087,0,0,1,62,,,,,47607,15.47,21.1,27.3,0.1,61.0,121.0,15.47,1.2936444,89.0,17.71,1.0708314,103.0,17.47,1.4632999,85.0,17.66,1.4444301,99.0,16.53,4.430816798843313,-0.3732042458899434,-0.06899287148695166,-0.21357410029805912,-0.023530497410193973,16,63.0,63.0,56.0,40.0
2021-05-02,202118,63.0,63,63,63,0.0020873845,59.950325,0,1,350400820211819685,2023-11-24,Assis,0.63483113,105087,0,0,1,39,,,,,47607,15.59,21.2,27.61,0.2,59.71,83.0,15.47,0.83775127,121.0,15.47,1.2936444,89.0,17.71,1.0708314,103.0,17.47,1.4632999,89.0,16.060000000000002,4.1588830833596715,-0.27193371548364187,-0.6451379613735853,-0.3409265869705935,-0.485507815781701,17,63.0,56.0,40.0,26.0
2021-05-09,202119,63.0,63,63,63,0.027625041,59.950325,0,1,350400820211919685,2023-11-24,Assis,0.72993207,105087,0,0,1,44,,,,,47607,14.59,19.44,25.5,4.2,68.57,63.0,15.59,0.63483113,83.0,15.47,0.83775127,121.0,15.47,1.2936444,89.0,17.71,1.0708314,82.5,15.280000000000001,4.1588830833596715,0.0,-0.27193371548364187,-0.6451379613735853,-0.3409265869705935,18,56.0,40.0,26.0,28.0
2021-05-16,202120,56.0,56,56,56,0.0987595,53.28918,0,1,350400820212019685,2023-11-24,Assis,0.79516274,105087,0,0,1,39,,,,,47607,14.74,20.2,26.76,5.7,61.71,63.0,14.59,0.72993207,63.0,15.59,0.63483113,83.0,15.47,0.83775127,121.0,15.47,1.2936444,66.25,15.0975,4.04305126783455,-0.11583181552512123,-0.11583181552512123,-0.3877655310087631,-0.7609697768987065,19,40.0,26.0,28.0,24.0
2021-05-23,202121,40.0,40,40,40,0.017145881,38.063698,0,1,350400820212119685,2023-11-24,Assis,0.6544815,105087,0,0,1,26,,,,,47607,14.49,19.67,25.89,5.0,59.0,56.0,14.74,0.79516274,63.0,14.59,0.72993207,63.0,15.59,0.63483113,83.0,15.47,0.83775127,55.5,14.852500000000001,3.713572066704308,-0.3294792011302423,-0.44531101665536355,-0.44531101665536355,-0.7172447321390054,20,26.0,28.0,24.0,8.0
2021-05-30,202122,26.0,26,26,26,0.0012110597,24.741405,0,1,350400820212219685,2023-11-24,Assis,0.49568072,105087,0,0,1,12,,,,,47607,15.7,20.14,26.13,6.2,71.14,40.0,14.49,0.6544815,56.0,14.74,0.79516274,63.0,14.59,0.72993207,63.0,15.59,0.63483113,46.25,14.879999999999999,3.295836866004329,-0.4177352006999788,-0.7472144018302211,-0.8630462173553424,-0.8630462173553424,21,28.0,24.0,8.0,7.0
2021-06-06,202123,28.0,28,28,28,0.057089627,26.64459,0,1,350400820212319685,2023-11-24,Assis,0.6828775,105087,0,0,1,16,,,,,47607,15.09,18.36,22.74,19.0,79.71,26.0,15.7,0.49568072,40.0,14.49,0.6544815,56.0,14.74,0.79516274,63.0,14.59,0.72993207,37.5,15.004999999999999,3.367295829986474,0.07145896398214502,-0.3462762367178338,-0.6757554378480761,-0.7915872533731974,22,24.0,8.0,7.0,12.0
2021-06-13,202124,24.0,24,24,24,0.15684068,22.83822,0,1,350400820212419685,2023-11-24,Assis,0.7635155,105087,0,0,1,12,,,,,47607,12.27,16.67,22.69,0.0,72.0,28.0,15.09,0.6828775,26.0,15.7,0.49568072,40.0,14.49,0.6544815,56.0,14.74,0.79516274,29.5,14.3875,3.2188758248682006,-0.14842000511827358,-0.07696104113612856,-0.4946962418361074,-0.8241754429663497,23,8.0,7.0,12.0,6.0
2021-06-20,202125,8.0,8,8,8,0.00062399777,7.61274,0,1,350400820212519685,2023-11-24,Assis,0.3063116,105087,0,0,1,5,,,,,47607,13.93,18.76,24.61,6.7,71.57,24.0,12.27,0.7635155,28.0,15.09,0.6828775,26.0,15.7,0.49568072,40.0,14.49,0.6544815,21.5,14.247499999999999,2.1972245773362196,-1.021651247531981,-1.1700712526502546,-1.0986122886681096,-1.5163474893680884,24,7.0,12.0,6.0,2.0
2021-06-27,202126,7.0,7,7,7,0.0041723666,6.6611476,0,1,350400820212619685,2023-11-24,Assis,0.34564275,105087,0,0,1,6,,,,,47607,8.44,14.27,21.6,1.9,63.86,8.0,13.93,0.3063116,24.0,12.27,0.7635155,28.0,15.09,0.6828775,26.0,15.7,0.49568072,16.75,12.4325,2.0794415416798357,-0.11778303565638382,-1.1394342831883648,-1.2878542883066384,-1.2163953243244934,25,12.0,6.0,2.0,8.0
2021-07-04,202127,12.0,12,12,12,0.4215196,11.41911,0,1,350400820212719685,2023-11-24,Assis,0.92500275,105087,0,0,1,4,,,,,47607,11.3,17.03,24.47,0.0,63.43,7.0,8.44,0.34564275,8.0,13.93,0.3063116,24.0,12.27,0.7635155,28.0,15.09,0.6828775,12.75,11.485,2.5649493574615367,0.485507815781701,0.3677247801253172,-0.6539264674066638,-0.8023464725249374,26,6.0,2.0,8.0,5.0
2021-07-11,202128,6.0,6,6,6,0.186838,5.709555,0,1,350400820212819685,2023-11-24,Assis,0.6397018,105087,0,0,0,2,,,,,47607,14.59,20.34,27.36,1.9,51.14,12.0,11.3,0.92500275,7.0,8.44,0.34564275,8.0,13.93,0.3063116,24.0,12.27,0.7635155,8.25,12.065000000000001,1.9459101490553132,-0.6190392084062235,-0.13353139262452252,-0.25131442828090633,-1.2729656758128873,27,2.0,8.0,5.0,9.0
2021-07-18,202129,2.0,2,2,2,0.013798813,1.903185,0,1,350400820212919685,2023-11-24,Assis,0.23301911,105087,0,0,0,0,,,,,47607,9.0,16.09,24.8,0.0,46.0,6.0,14.59,0.6397018,12.0,11.3,0.92500275,7.0,8.44,0.34564275,8.0,13.93,0.3063116,6.75,10.8325,1.0986122886681098,-0.8472978603872034,-1.466337068793427,-0.980829253011726,-1.0986122886681098,28,8.0,5.0,9.0,4.0
2021-07-25,202130,8.0,8,8,8,0.6439158,7.61274,0,1,350400820213019685,2023-11-24,Assis,1.2066698,105087,0,0,1,2,,,,,47607,9.26,15.4,22.44,7.6,49.0,2.0,9.0,0.23301911,6.0,14.59,0.6397018,12.0,11.3,0.92500275,7.0,8.44,0.34564275,7.0,11.0375,2.1972245773362196,1.0986122886681098,0.25131442828090633,-0.3677247801253172,0.11778303565638382,29,5.0,9.0,4.0,4.0
2021-08-01,202131,5.0,5,5,5,0.4823141,4.757962,0,1,350400820213119685,2023-11-24,Assis,0.9736244,105087,0,0,0,0,,,,,47607,11.91,17.56,24.63,0.0,58.29,8.0,9.26,1.2066698,2.0,9.0,0.23301911,6.0,14.59,0.6397018,12.0,11.3,0.92500275,5.25,11.190000000000001,1.791759469228055,-0.4054651081081646,0.6931471805599452,-0.15415067982725827,-0.7731898882334818,30,9.0,4.0,4.0,0.0
2021-08-08,202132,9.0,9,9,9,0.8091809,8.564332,0,1,350400820213219685,2023-11-24,Assis,1.5654001,105087,0,0,1,4,,,,,47607,14.47,20.59,28.27,0.0,50.14,5.0,11.91,0.9736244,8.0,9.26,1.2066698,2.0,9.0,0.23301911,6.0,14.59,0.6397018,6.0,11.16,2.302585092994046,0.5108256237659909,0.10536051565782634,1.2039728043259361,0.35667494393873267,31,4.0,4.0,0.0,2.0
2021-08-15,202133,4.0,4,4,4,0.21292792,3.80637,0,1,350400820213319685,2023-11-24,Assis,0.6191599,105087,0,0,0,3,,,,,47607,18.49,24.97,32.7,0.0,38.0,9.0,14.47,1.5654001,5.0,11.91,0.9736244,8.0,9.26,1.2066698,2.0,9.0,0.23301911,6.5,13.532499999999999,1.6094379124341003,-0.6931471805599456,-0.18232155679395468,-0.5877866649021193,0.5108256237659905,32,4.0,0.0,2.0,4.0
2021-08-22,202134,4.0,4,4,4,0.21580914,3.80637,0,1,350400820213419685,2023-11-24,Assis,0.62249124,105087,0,0,0,2,,,,,47607,19.07,24.0,29.74,11.6,44.71,4.0,18.49,0.6191599,9.0,14.47,1.5654001,5.0,11.91,0.9736244,8.0,9.26,1.2066698,5.5,15.985,1.6094379124341003,0.0,-0.6931471805599456,-0.18232155679395468,-0.5877866649021193,33,0.0,2.0,4.0,12.0
2021-08-29,202135,0.0,0,0,0,0.0,0.0,0,1,350400820213519685,2023-11-24,Assis,0.0,105087,0,0,0,0,,,,,47607,15.91,22.54,29.76,0.3,50.0,4.0,19.07,0.62249124,4.0,18.49,0.6191599,9.0,14.47,1.5654001,5.0,11.91,0.9736244,4.25,16.985,0.0,-1.6094379124341003,-1.6094379124341003,-2.302585092994046,-1.791759469228055,34,2.0,4.0,12.0,1.0
2021-09-05,202136,2.0,2,2,2,0.28566286,1.903185,0,1,350400820213619685,2023-11-24,Assis,0.6287755,105087,0,0,0,2,,,,,47607,17.9,24.01,31.13,6.4,52.29,0.0,15.91,0.0,4.0,19.07,0.62249124,4.0,18.49,0.6191599,9.0,14.47,1.5654001,2.5,17.842499999999998,1.0986122886681098,1.0986122886681098,-0.5108256237659905,-0.5108256237659905,-1.2039728043259361,35,4.0,12.0,1.0,0.0
2021-09-12,202137,4.0,4,4,4,0.8234969,3.80637,0,1,350400820213719685,2023-11-24,Assis,2.0786567,105087,0,0,0,0,,,,,47607,18.41,24.66,32.24,15.8,58.86,2.0,17.9,0.6287755,0.0,15.91,0.0,4.0,19.07,0.62249124,4.0,18.49,0.6191599,2.5,17.822499999999998,1.6094379124341003,0.5108256237659905,1.6094379124341003,0.0,0.0,36,12.0,1.0,0.0,4.0
2021-09-19,202138,12.0,12,12,12,0.99575484,11.41911,0,1,350400820213819685,2023-11-24,Assis,4.53076,105087,0,1,1,3,,,,,47607,17.94,24.67,32.13,0.0,47.43,4.0,18.41,2.0786567,2.0,17.9,0.6287755,0.0,15.91,0.0,4.0,19.07,0.62249124,4.5,17.54,2.5649493574615367,0.9555114450274365,1.466337068793427,2.5649493574615367,0.9555114450274365,37,1.0,0.0,4.0,1.0
2021-09-26,202139,1.0,1,1,1,0.03006802,0.9515925,0,1,350400820213919685,2023-11-24,Assis,0.19779943,105087,0,0,0,0,,,,,47607,19.24,24.91,31.56,15.2,55.71,12.0,17.94,4.53076,4.0,18.41,2.0786567,2.0,17.9,0.6287755,0.0,15.91,0.0,4.75,18.372500000000002,0.6931471805599453,-1.8718021769015913,-0.916290731874155,-0.4054651081081645,0.6931471805599453,38,0.0,4.0,1.0,2.0
2021-10-03,202140,0.0,0,0,0,0.0,0.0,0,1,350400820214019685,2023-11-24,Assis,0.0,105087,0,0,0,0,,,,,47607,17.17,21.59,26.9,43.6,75.43,1.0,19.24,0.19779943,12.0,17.94,4.53076,4.0,18.41,2.0786567,2.0,17.9,0.6287755,4.25,18.189999999999998,0.0,-0.6931471805599453,-2.5649493574615367,-1.6094379124341003,-1.0986122886681098,39,4.0,1.0,2.0,7.0
2021-10-10,202141,4.0,4,4,4,0.53878504,3.80637,0,1,350400820214119685,2023-11-24,Assis,1.0685506,105087,0,0,0,3,,,,,47607,17.53,21.46,26.27,54.5,74.0,0.0,17.17,0.0,1.0,19.24,0.19779943,12.0,17.94,4.53076,4.0,18.41,2.0786567,4.25,17.97,1.6094379124341003,1.6094379124341003,0.916290731874155,-0.9555114450274365,0.0,40,1.0,2.0,7.0,8.0
2021-10-17,202142,1.0,1,1,1,0.26247805,0.9515925,0,1,350400820214219685,2023-11-24,Assis,0.5182069,105087,0,0,0,0,,,,,47607,15.4,20.63,26.27,17.7,63.86,4.0,17.53,1.0685506,0.0,17.17,0.0,1.0,19.24,0.19779943,12.0,17.94,4.53076,1.5,17.335,0.6931471805599453,-0.916290731874155,0.6931471805599453,0.0,-1.8718021769015913,41,2.0,7.0,8.0,6.0
2021-10-24,202143,2.0,2,2,2,0.4882565,1.903185,0,1,350400820214319685,2023-11-24,Assis,0.9739786,105087,0,0,0,1,,,,,47607,18.0,22.97,28.19,58.3,68.71,1.0,15.4,0.5182069,4.0,17.53,1.0685506,0.0,17.17,0.0,1.0,19.24,0.19779943,1.75,17.025,1.0986122886681098,0.4054651081081645,-0.5108256237659905,1.0986122886681098,0.4054651081081645,42,7.0,8.0,6.0,8.0
2021-10-31,202144,7.0,7,7,7,0.9545959,6.6611476,0,1,350400820214419685,2023-11-24,Assis,3.1323454,105087,0,1,1,5,,,,,47607,19.1,24.44,29.97,4.0,60.29,2.0,18.0,0.9739786,1.0,15.4,0.5182069,4.0,17.53,1.0685506,0.0,17.17,0.0,3.5,17.5075,2.0794415416798357,0.980829253011726,1.3862943611198904,0.47000362924573547,2.0794415416798357,43,8.0,6.0,8.0,4.0
2021-11-07,202145,8.0,8,8,8,0.9257505,7.61274,0,1,350400820214519685,2023-11-24,Assis,2.3656785,105087,0,0,1,1,,,,,47607,17.33,23.29,29.51,3.3,57.57,7.0,19.1,3.1323454,2.0,18.0,0.9739786,1.0,15.4,0.5182069,4.0,17.53,1.0685506,4.5,17.4575,2.1972245773362196,0.11778303565638382,1.0986122886681098,1.5040773967762742,0.5877866649021193,44,6.0,8.0,4.0,5.0
2021-11-14,202146,6.0,6,6,6,0.54748654,5.709555,0,1,350400820214619685,2023-11-24,Assis,1.0699061,105087,0,0,0,3,,,,,47607,19.3,25.27,31.3,12.2,55.14,8.0,17.33,2.3656785,7.0,19.1,3.1323454,2.0,18.0,0.9739786,1.0,15.4,0.5182069,5.75,18.4325,1.9459101490553132,-0.25131442828090633,-0.13353139262452252,0.8472978603872034,1.252762968495368,45,8.0,4.0,5.0,7.0
2021-11-21,202147,8.0,8,8,8,0.6172382,7.61274,0,1,350400820214719685,2023-11-24,Assis,1.162447,105087,0,0,1,3,,,,,47607,19.07,26.26,33.69,11.8,44.71,6.0,19.3,1.0699061,8.0,17.33,2.3656785,7.0,19.1,3.1323454,2.0,18.0,0.9739786,7.25,18.7,2.1972245773362196,0.25131442828090633,0.0,0.11778303565638382,1.0986122886681098,46,4.0,5.0,7.0,0.0
2021-11-28,202148,4.0,4,4,4,0.18124841,3.80637,0,1,350400820214819685,2023-11-24,Assis,0.5824036,105087,0,0,0,4,,,,,47607,20.03,26.19,32.21,8.6,56.0,8.0,19.07,1.162447,6.0,19.3,1.0699061,8.0,17.33,2.3656785,7.0,19.1,3.1323454,6.5,18.9325,1.6094379124341003,-0.5877866649021193,-0.33647223662121295,-0.5877866649021193,-0.47000362924573547,47,5.0,7.0,0.0,1.0
2021-12-05,202149,5.0,5,5,5,0.33915514,4.757962,0,1,350400820214919685,2023-11-24,Assis,0.7880941,105087,0,0,0,3,,,,,47607,18.04,24.53,31.13,1.8,49.43,4.0,20.03,0.5824036,8.0,19.07,1.162447,6.0,19.3,1.0699061,8.0,17.33,2.3656785,5.75,19.11,1.791759469228055,0.18232155679395468,-0.4054651081081646,-0.15415067982725827,-0.4054651081081646,48,7.0,0.0,1.0,19.0
2021-12-12,202150,7.0,7,7,7,0.6720988,6.6611476,0,1,350400820215019685,2023-11-24,Assis,1.2774502,105087,0,0,1,6,,,,,47607,22.31,26.03,30.96,27.9,67.14,5.0,18.04,0.7880941,4.0,20.03,0.5824036,8.0,19.07,1.162447,6.0,19.3,1.0699061,6.0,19.8625,2.0794415416798357,0.2876820724517808,0.47000362924573547,-0.11778303565638382,0.13353139262452252,49,0.0,1.0,19.0,18.0
2021-12-19,202151,0.0,0,0,0,0.0,0.0,0,1,350400820215119685,2023-11-24,Assis,0.0,105087,0,0,0,0,,,,,47607,19.0,25.8,32.39,0.4,50.29,7.0,22.31,1.2774502,5.0,18.04,0.7880941,4.0,20.03,0.5824036,8.0,19.07,1.162447,4.0,19.845,0.0,-2.0794415416798357,-1.791759469228055,-1.6094379124341003,-2.1972245773362196,50,1.0,19.0,18.0,4.0
2021-12-26,202152,1.0,1,1,1,0.050461464,0.9515925,0,1,350400820215219685,2023-11-24,Assis,0.23208995,105087,0,0,0,0,,,,,47607,20.56,25.87,31.97,11.2,57.43,0.0,19.0,0.0,7.0,22.31,1.2774502,5.0,18.04,0.7880941,4.0,20.03,0.5824036,3.25,19.9775,0.6931471805599453,0.6931471805599453,-1.3862943611198904,-1.0986122886681096,-0.916290731874155,51,19.0,18.0,4.0,6.0
2022-01-02,202201,19.0,19,19,19,0.99984044,18.080257,0,1,350400820220119685,2023-11-24,Assis,5.8455133,105087,1,1,1,6,,,,,47607,20.69,24.37,29.3,69.7,74.57,1.0,20.56,0.23208995,0.0,19.0,0.0,7.0,22.31,1.2774502,5.0,18.04,0.7880941,6.75,20.64,2.995732273553991,2.3025850929940455,2.995732273553991,0.9162907318741551,1.203972804325936,52,18.0,4.0,6.0,8.0
2022-01-09,202202,18.0,18,18,18,0.9928758,17.128664,0,1,350400820220219685,2023-11-24,Assis,2.8262484,105087,0,1,1,6,,,,,47607,19.4,23.2,27.6,37.0,77.29,19.0,20.69,5.8455133,1.0,20.56,0.23208995,0.0,19.0,0.0,7.0,22.31,1.2774502,9.5,19.9125,2.9444389791664403,-0.05129329438755059,2.251291798606495,2.9444389791664403,0.8649974374866045,1,4.0,6.0,8.0,9.0
2022-01-16,202203,4.0,4,4,4,0.014218749,3.80637,0,1,350400820220319685,2023-11-24,Assis,0.32193136,105087,1,0,0,1,,,,,47607,20.79,24.96,29.61,15.3,73.29,18.0,19.4,2.8262484,19.0,20.69,5.8455133,1.0,20.56,0.23208995,0.0,19.0,0.0,10.5,20.36,1.6094379124341003,-1.33500106673234,-1.3862943611198906,0.916290731874155,1.6094379124341003,2,6.0,8.0,9.0,12.0
2022-01-23,202204,6.0,6,6,6,0.04572881,5.709555,0,1,350400820220419685,2023-11-24,Assis,0.457137,105087,1,0,0,2,,,,,47607,21.94,26.04,31.01,91.6,72.86,4.0,20.79,0.32193136,18.0,19.4,2.8262484,19.0,20.69,5.8455133,1.0,20.56,0.23208995,11.75,20.705,1.9459101490553132,0.33647223662121295,-0.998528830111127,-1.0498221244986776,1.252762968495368,3,8.0,9.0,12.0,3.0
2022-01-30,202205,8.0,8,8,8,0.4144761,7.61274,0,2,350400820220519685,2023-11-24,Assis,0.9023983,105087,1,0,1,5,,,,,47607,20.34,23.09,27.57,160.9,85.57,6.0,21.94,0.457137,4.0,20.79,0.32193136,18.0,19.4,2.8262484,19.0,20.69,5.8455133,9.0,20.6175,2.1972245773362196,0.25131442828090633,0.5877866649021193,-0.7472144018302207,-0.7985076962177713,4,9.0,12.0,3.0,12.0
2022-02-06,202206,9.0,9,9,9,0.71171796,8.564332,0,1,350400820220619685,2023-11-24,Assis,1.3159053,105087,0,0,1,2,,,,,47607,19.57,24.87,30.14,4.6,66.71,8.0,20.34,0.9023983,6.0,21.94,0.457137,4.0,20.79,0.32193136,18.0,19.4,2.8262484,6.75,20.66,2.302585092994046,0.10536051565782634,0.35667494393873267,0.6931471805599456,-0.6418538861723944,5,12.0,3.0,12.0,20.0
2022-02-13,202207,12.0,12,12,12,0.8356029,11.41911,0,1,350400820220719685,2023-11-24,Assis,1.5449439,105087,1,0,1,5,,,,,47607,19.53,25.29,31.54,8.1,65.43,9.0,19.57,1.3159053,8.0,20.34,0.9023983,6.0,21.94,0.457137,4.0,20.79,0.32193136,8.75,20.345,2.5649493574615367,0.26236426446749084,0.3677247801253172,0.6190392084062235,0.9555114450274365,6,3.0,12.0,20.0,26.0
2022-02-20,202208,3.0,3,3,3,0.033824544,2.8547776,0,1,350400820220819685,2023-11-24,Assis,0.3357215,105087,1,0,0,1,,,,,47607,21.77,26.8,32.27,15.1,65.0,12.0,19.53,1.5449439,9.0,19.57,1.3159053,8.0,20.34,0.9023983,6.0,21.94,0.457137,8.0,20.302500000000002,1.3862943611198906,-1.1786549963416462,-0.9162907318741553,-0.810930216216329,-0.5596157879354227,7,12.0,20.0,26.0,22.0
2022-02-27,202209,12.0,12,12,12,0.76361114,11.41911,0,2,350400820220919685,2023-11-24,Assis,1.3639574,105087,1,0,1,7,,,,,47607,21.59,26.5,31.93,22.3,67.43,3.0,21.77,0.3357215,12.0,19.53,1.5449439,9.0,19.57,1.3159053,8.0,20.34,0.9023983,9.0,20.615000000000002,2.5649493574615367,1.1786549963416462,0.0,0.26236426446749084,0.3677247801253172,8,20.0,26.0,22.0,29.0
2022-03-06,202210,20.0,20,20,20,0.9858879,19.031849,0,2,350400820221019685,2023-11-24,Assis,2.323926,105087,1,1,1,15,,,,,47607,22.19,26.53,32.36,48.3,69.43,12.0,21.59,1.3639574,3.0,21.77,0.3357215,12.0,19.53,1.5449439,9.0,19.57,1.3159053,11.75,21.27,3.044522437723423,0.4795730802618863,1.6582280766035324,0.4795730802618863,0.7419373447293771,9,26.0,22.0,29.0,32.0
2022-03-13,202211,26.0,26,26,26,0.98729783,24.741405,0,2,350400820221119685,2023-11-24,Assis,2.0891492,105087,1,1,1,19,,,,,47607,21.54,24.79,28.94,44.2,80.43,20.0,22.19,2.323926,12.0,21.59,1.3639574,3.0,21.77,0.3357215,12.0,19.53,1.5449439,15.25,21.7725,3.295836866004329,0.2513144282809061,0.7308875085427924,1.9095425048844386,0.7308875085427924,10,22.0,29.0,32.0,41.0
2022-03-20,202212,22.0,22,22,22,0.7064728,20.935036,0,1,350400820221219685,2023-11-24,Assis,1.1842023,105087,0,0,1,14,,,,,47607,19.19,23.41,28.51,20.9,73.29,26.0,21.54,2.0891492,20.0,22.19,2.323926,12.0,21.59,1.3639574,3.0,21.77,0.3357215,20.0,21.1275,3.1354942159291497,-0.16034265007517945,0.09097177820572666,0.5705448584676129,1.749199854809259,11,29.0,32.0,41.0,54.0
2022-03-27,202213,29.0,29,29,29,0.8091842,27.596182,0,1,350400820221319685,2023-11-24,Assis,1.2739516,105087,0,0,1,22,,,,,47607,19.33,22.93,27.34,57.5,79.43,22.0,19.19,1.1842023,26.0,21.54,2.0891492,20.0,22.19,2.323926,12.0,21.59,1.3639574,24.25,20.5625,3.4011973816621555,0.2657031657330058,0.10536051565782634,0.35667494393873245,0.8362480242006187,12,32.0,41.0,54.0,65.0
2022-04-03,202214,32.0,32,32,32,0.8271237,30.45096,0,1,350400820221419685,2023-11-24,Assis,1.2827579,105087,0,0,1,28,,,,,47607,19.53,24.5,30.13,17.5,73.14,29.0,19.33,1.2739516,22.0,19.19,1.1842023,26.0,21.54,2.0891492,20.0,22.19,2.323926,27.25,19.8975,3.4965075614664802,0.09531017980432477,0.36101334553733055,0.2006706954621511,0.4519851237430572,13,41.0,54.0,65.0,86.0
2022-04-10,202215,41.0,41,41,41,0.93742204,39.015293,0,1,350400820221519685,2023-11-24,Assis,1.4465455,105087,1,0,1,34,,,,,47607,17.96,21.43,26.24,21.5,76.0,32.0,19.53,1.2827579,29.0,19.33,1.2739516,22.0,19.19,1.1842023,26.0,21.54,2.0891492,31.0,19.002499999999998,3.7376696182833684,0.24116205681688818,0.33647223662121295,0.6021754023542187,0.4418327522790393,14,54.0,65.0,86.0,70.0
2022-04-17,202216,54.0,54,54,54,0.984644,51.385994,0,1,350400820221619685,2023-11-24,Assis,1.5917306,105087,0,1,1,39,,,,,47607,16.19,21.14,26.97,4.5,67.86,41.0,17.96,1.4465455,32.0,19.53,1.2827579,29.0,19.33,1.2739516,22.0,19.19,1.1842023,39.0,18.2525,4.007333185232471,0.26966356694910276,0.5108256237659909,0.6061358035703157,0.8718389693033215,15,65.0,86.0,70.0,44.0
2022-04-24,202217,65.0,65,65,65,0.9862327,61.85351,0,1,350400820221719685,2023-11-24,Assis,1.5351088,105087,0,1,1,49,,,,,47607,19.21,24.51,30.27,0.2,65.86,54.0,16.19,1.5917306,41.0,17.96,1.4465455,32.0,19.53,1.2827579,29.0,19.33,1.2739516,48.0,18.2225,4.189654742026425,0.182321556793954,0.45198512374305677,0.693147180559945,0.7884573603642697,16,86.0,70.0,44.0,41.0
2022-05-01,202218,86.0,86,86,86,0.9970575,81.83695,0,3,350400820221819685,2023-11-24,Assis,1.6016622,105087,0,1,1,61,,,,,47607,15.93,20.2,25.09,6.1,70.0,65.0,19.21,1.5351088,54.0,16.19,1.5917306,41.0,17.96,1.4465455,32.0,19.53,1.2827579,61.5,17.3225,4.465908118654584,0.2762533766281585,0.45857493342211253,0.7282385003712153,0.9694005571881035,17,70.0,44.0,41.0,27.0
2022-05-08,202219,70.0,70,70,70,0.63638085,66.61147,0,1,350400820221919685,2023-11-24,Assis,1.0614765,105087,0,0,1,56,,,,,47607,14.79,19.44,25.03,10.7,76.29,86.0,15.93,1.6016622,65.0,19.21,1.5351088,54.0,16.19,1.5917306,41.0,17.96,1.4465455,68.75,16.53,4.2626798770413155,-0.20322824161326825,0.07302513501489027,0.2553466918088443,0.525010258757947,18,44.0,41.0,27.0,24.0
2022-05-15,202220,44.0,44,44,44,0.0039102673,41.87007,0,1,350400820222019685,2023-11-24,Assis,0.6072967,105087,0,0,1,31,,,,,47607,9.27,13.6,18.69,2.4,71.0,70.0,14.79,1.0614765,86.0,15.93,1.6016622,65.0,19.21,1.5351088,54.0,16.19,1.5917306,66.25,14.8,3.8066624897703196,-0.45601738727099583,-0.6592456288842641,-0.38299225225610556,-0.20067069546215155,19,41.0,27.0,24.0,19.0
2022-05-22,202221,41.0,41,41,41,0.008627877,39.015293,0,1,350400820222119685,2023-11-24,Assis,0.6273905,105087,0,0,1,17,,,,,47607,13.33,19.39,26.64,0.0,56.71,44.0,9.27,0.6072967,70.0,14.79,1.0614765,86.0,15.93,1.6016622,65.0,19.21,1.5351088,60.25,13.329999999999998,3.7376696182833684,-0.06899287148695121,-0.525010258757947,-0.7282385003712153,-0.45198512374305677,20,27.0,24.0,19.0,12.0
2022-05-29,202222,27.0,27,27,27,0.0031088165,25.692997,0,1,350400820222219685,2023-11-24,Assis,0.53140664,105087,0,0,1,12,,,,,47607,16.63,19.63,23.63,47.6,80.71,41.0,13.33,0.6273905,44.0,9.27,0.6072967,70.0,14.79,1.0614765,86.0,15.93,1.6016622,45.5,13.505,3.332204510175204,-0.4054651081081646,-0.4744579795951158,-0.9304753668661117,-1.13370360847938,21,24.0,19.0,12.0,16.0
2022-06-05,202223,24.0,24,24,24,0.027936835,22.83822,0,1,350400820222319685,2023-11-24,Assis,0.615359,105087,0,0,1,12,,,,,47607,15.04,18.26,22.7,10.8,81.29,27.0,16.63,0.53140664,41.0,13.33,0.6273905,44.0,9.27,0.6072967,70.0,14.79,1.0614765,34.0,13.5675,3.2188758248682006,-0.11332868530700324,-0.5187937934151678,-0.5877866649021191,-1.043804052173115,22,19.0,12.0,16.0,15.0
2022-06-12,202224,19.0,19,19,19,0.05254636,18.080257,0,1,350400820222419685,2023-11-24,Assis,0.6286643,105087,0,0,1,9,,,,,47607,10.67,15.96,22.51,11.2,70.29,24.0,15.04,0.615359,27.0,16.63,0.53140664,41.0,13.33,0.6273905,44.0,9.27,0.6072967,27.75,13.9175,2.995732273553991,-0.2231435513142097,-0.33647223662121295,-0.7419373447293776,-0.8109302162163288,23,12.0,16.0,15.0,18.0
2022-06-19,202225,12.0,12,12,12,0.022162704,11.41911,0,1,350400820222519685,2023-11-24,Assis,0.5048107,105087,0,0,1,9,,,,,47607,14.7,19.49,25.81,0.9,69.29,19.0,10.67,0.6286643,24.0,15.04,0.615359,27.0,16.63,0.53140664,41.0,13.33,0.6273905,20.5,14.26,2.5649493574615367,-0.4307829160924541,-0.6539264674066638,-0.7672551527136671,-1.1727202608218317,24,16.0,15.0,18.0,13.0
2022-06-26,202226,16.0,16,16,16,0.31537265,15.22548,0,1,350400820222619685,2023-11-24,Assis,0.8510566,105087,0,0,1,10,,,,,47607,13.0,18.11,24.63,0.0,70.0,12.0,14.7,0.5048107,19.0,10.67,0.6286643,24.0,15.04,0.615359,27.0,16.63,0.53140664,17.75,13.3525,2.833213344056216,0.2682639865946794,-0.1625189294977747,-0.3856624808119844,-0.49899116611898764,25,15.0,18.0,13.0,11.0
2022-07-03,202227,15.0,15,15,15,0.4643636,14.273888,0,1,350400820222719685,2023-11-24,Assis,0.9685453,105087,0,0,1,8,,,,,47607,14.8,20.56,27.54,0.0,55.71,16.0,13.0,0.8510566,12.0,14.7,0.5048107,19.0,10.67,0.6286643,24.0,15.04,0.615359,15.5,13.2925,2.772588722239781,-0.06062462181643502,0.2076393647782444,-0.2231435513142097,-0.4462871026284194,26,18.0,13.0,11.0,17.0
2022-07-10,202228,18.0,18,18,18,0.70015275,17.128664,0,1,350400820222819685,2023-11-24,Assis,1.1980838,105087,0,0,1,9,,,,,47607,16.51,21.24,27.2,2.3,57.0,15.0,14.8,0.9685453,16.0,13.0,0.8510566,12.0,14.7,0.5048107,19.0,10.67,0.6286643,15.25,14.7525,2.9444389791664403,0.17185025692665912,0.1112256351102241,0.3794896217049035,-0.05129329438755059,27,13.0,11.0,17.0,9.0
2022-07-17,202229,13.0,13,13,13,0.30767375,12.370703,0,1,350400820222919685,2023-11-24,Assis,0.83075744,105087,0,0,1,6,,,,,47607,16.5,21.57,27.7,0.0,58.71,18.0,16.51,1.1980838,15.0,14.8,0.9685453,16.0,13.0,0.8510566,12.0,14.7,0.5048107,15.5,15.2025,2.6390573296152584,-0.30538164955118186,-0.13353139262452274,-0.19415601444095776,0.07410797215372167,28,11.0,17.0,9.0,4.0
2022-07-24,202230,11.0,11,11,11,0.18811436,10.467518,0,1,350400820223019685,2023-11-24,Assis,0.71106935,105087,0,0,1,4,,,,,47607,15.0,20.91,27.69,0.3,47.71,13.0,16.5,0.83075744,18.0,16.51,1.1980838,15.0,14.8,0.9685453,16.0,13.0,0.8510566,14.25,15.7025,2.4849066497880004,-0.15415067982725805,-0.4595323293784399,-0.2876820724517808,-0.3483066942682158,29,17.0,9.0,4.0,8.0
2022-07-31,202231,17.0,17,17,17,0.70742697,16.177073,0,1,350400820223119685,2023-11-24,Assis,1.2139688,105087,0,0,1,10,,,,,47607,16.1,21.87,28.64,0.0,48.86,11.0,15.0,0.71106935,13.0,16.5,0.83075744,18.0,16.51,1.1980838,15.0,14.8,0.9685453,14.75,16.0275,2.8903717578961645,0.40546510810816416,0.2513144282809061,-0.054067221270275745,0.11778303565638337,30,9.0,4.0,8.0,11.0
2022-08-07,202232,9.0,9,9,9,0.18241529,8.564332,0,1,350400820223219685,2023-11-24,Assis,0.68317,105087,0,0,1,4,,,,,47607,12.36,16.57,21.17,50.7,75.86,17.0,16.1,1.2139688,11.0,15.0,0.71106935,13.0,16.5,0.83075744,18.0,16.51,1.1980838,12.5,14.99,2.302585092994046,-0.5877866649021186,-0.18232155679395445,-0.3364722366212125,-0.6418538861723944,31,4.0,8.0,11.0,5.0
2022-08-14,202233,4.0,4,4,4,0.012883848,3.80637,0,1,350400820223319685,2023-11-24,Assis,0.31692997,105087,0,0,0,1,,,,,47607,13.41,18.03,23.13,37.0,67.0,9.0,12.36,0.68317,17.0,16.1,1.2139688,11.0,15.0,0.71106935,13.0,16.5,0.83075744,10.25,14.217500000000001,1.6094379124341003,-0.6931471805599456,-1.2809338454620642,-0.8754687373539001,-1.0296194171811581,32,8.0,11.0,5.0,10.0
2022-08-21,202234,8.0,8,8,8,0.33452162,7.61274,0,1,350400820223419685,2023-11-24,Assis,0.819862,105087,0,0,1,5,,,,,47607,13.23,19.13,25.79,1.3,64.57,4.0,13.41,0.31692997,9.0,12.36,0.68317,17.0,16.1,1.2139688,11.0,15.0,0.71106935,9.5,13.775,2.1972245773362196,0.5877866649021193,-0.10536051565782634,-0.693147180559945,-0.2876820724517808,33,11.0,5.0,10.0,8.0
2022-08-28,202235,11.0,11,11,11,0.81486046,10.467518,0,1,350400820223519685,2023-11-24,Assis,1.5127479,105087,0,0,1,4,,,,,47607,13.46,19.86,26.46,0.0,55.57,8.0,13.23,0.819862,4.0,13.41,0.31692997,9.0,12.36,0.68317,17.0,16.1,1.2139688,8.0,13.115,2.4849066497880004,0.2876820724517808,0.8754687373539001,0.18232155679395445,-0.40546510810816416,34,5.0,10.0,8.0,6.0
2022-09-04,202236,5.0,5,5,5,0.21931975,4.757962,0,1,350400820223619685,2023-11-24,Assis,0.65326977,105087,0,0,0,2,,,,,47607,15.99,20.39,26.07,13.8,64.14,11.0,13.46,1.5127479,8.0,13.23,0.819862,4.0,13.41,0.31692997,9.0,12.36,0.68317,7.0,14.0225,1.791759469228055,-0.6931471805599454,-0.4054651081081646,0.18232155679395468,-0.5108256237659909,35,10.0,8.0,6.0,9.0
2022-09-11,202237,10.0,10,10,10,0.6550061,9.515924,0,1,350400820223719685,2023-11-24,Assis,1.2001868,105087,0,0,1,4,,,,,47607,14.61,18.49,23.17,18.1,74.29,5.0,15.99,0.65326977,11.0,13.46,1.5127479,8.0,13.23,0.819862,4.0,13.41,0.31692997,8.5,14.322500000000002,2.3978952727983707,0.6061358035703157,-0.08701137698962969,0.2006706954621511,0.7884573603642704,36,8.0,6.0,9.0,5.0
2022-09-18,202238,8.0,8,8,8,0.50421256,7.61274,0,1,350400820223819685,2023-11-24,Assis,1.0051628,105087,0,0,1,2,,,,,47607,13.43,18.53,23.96,34.2,70.57,10.0,14.61,1.2001868,5.0,15.99,0.65326977,11.0,13.46,1.5127479,8.0,13.23,0.819862,8.5,14.3725,2.1972245773362196,-0.2006706954621511,0.4054651081081646,-0.2876820724517808,0.0,37,6.0,9.0,5.0,7.0
2022-09-25,202239,6.0,6,6,6,0.28280526,5.709555,0,1,350400820223919685,2023-11-24,Assis,0.7417579,105087,0,0,0,5,,,,,47607,14.16,17.56,21.2,67.0,80.0,8.0,13.43,1.0051628,10.0,14.61,1.2001868,5.0,15.99,0.65326977,11.0,13.46,1.5127479,7.25,14.5475,1.9459101490553132,-0.25131442828090633,-0.45198512374305744,0.15415067982725827,-0.5389965007326871,38,9.0,5.0,7.0,10.0
2022-10-02,202240,9.0,9,9,9,0.6112091,8.564332,0,1,350400820224019685,2023-11-24,Assis,1.143762,105087,0,0,1,5,,,,,47607,16.67,21.34,27.19,11.7,70.14,6.0,14.16,0.7417579,8.0,13.43,1.0051628,10.0,14.61,1.2001868,5.0,15.99,0.65326977,8.25,14.7175,2.302585092994046,0.35667494393873267,0.10536051565782634,-0.09531017980432477,0.5108256237659909,39,5.0,7.0,10.0,3.0
2022-10-09,202241,5.0,5,5,5,0.2445432,4.757962,0,1,350400820224119685,2023-11-24,Assis,0.6811373,105087,0,0,0,2,,,,,47607,17.99,21.61,26.37,15.1,74.57,9.0,16.67,1.143762,6.0,14.16,0.7417579,8.0,13.43,1.0051628,10.0,14.61,1.2001868,7.0,15.5625,1.791759469228055,-0.5108256237659909,-0.15415067982725827,-0.4054651081081646,-0.6061358035703157,40,7.0,10.0,3.0,8.0
2022-10-16,202242,7.0,7,7,7,0.48829067,6.6611476,0,1,350400820224219685,2023-11-24,Assis,0.98494065,105087,0,0,1,4,,,,,47607,17.69,22.3,27.26,20.3,73.71,5.0,17.99,0.6811373,9.0,16.67,1.143762,6.0,14.16,0.7417579,8.0,13.43,1.0051628,6.75,16.627499999999998,2.0794415416798357,0.2876820724517808,-0.22314355131421015,0.13353139262452252,-0.11778303565638382,41,10.0,3.0,8.0,14.0
2022-10-23,202243,10.0,10,10,10,0.7917145,9.515924,0,1,350400820224319685,2023-11-24,Assis,1.4777818,105087,0,0,1,4,,,,,47607,17.69,24.3,31.3,15.8,56.86,7.0,17.69,0.98494065,5.0,17.99,0.6811373,9.0,16.67,1.143762,6.0,14.16,0.7417579,7.75,17.51,2.3978952727983707,0.3184537311185349,0.6061358035703157,0.09531017980432477,0.45198512374305744,42,3.0,8.0,14.0,11.0
2022-10-30,202244,3.0,3,3,3,0.085662685,2.8547776,0,1,350400820224419685,2023-11-24,Assis,0.42267063,105087,0,0,0,0,,,,,47607,14.31,19.0,23.97,15.9,67.86,10.0,17.69,1.4777818,7.0,17.69,0.98494065,5.0,17.99,0.6811373,9.0,16.67,1.143762,6.25,16.92,1.3862943611198906,-1.01160091167848,-0.6931471805599452,-0.4054651081081644,-0.9162907318741553,43,8.0,14.0,11.0,3.0
2022-11-06,202245,8.0,8,8,8,0.5886622,7.61274,0,1,350400820224519685,2023-11-24,Assis,1.1186129,105087,0,0,1,6,,,,,47607,15.1,21.74,28.21,3.0,53.71,3.0,14.31,0.42267063,10.0,17.69,1.4777818,7.0,17.69,0.98494065,5.0,17.99,0.6811373,7.0,16.1975,2.1972245773362196,0.810930216216329,-0.2006706954621511,0.11778303565638382,0.4054651081081646,44,14.0,11.0,3.0,2.0
2022-11-13,202246,14.0,14,14,14,0.95095015,13.322295,0,1,350400820224619685,2023-11-24,Assis,2.0865989,105087,0,1,1,2,,,,,47607,16.91,23.8,31.26,2.3,52.29,8.0,15.1,1.1186129,3.0,14.31,0.42267063,10.0,17.69,1.4777818,7.0,17.69,0.98494065,8.75,16.0025,2.70805020110221,0.5108256237659905,1.3217558399823195,0.3101549283038394,0.6286086594223743,45,11.0,3.0,2.0,1.0
2022-11-20,202247,11.0,11,11,11,0.7212665,10.467518,0,1,350400820224719685,2023-11-24,Assis,1.298616,105087,0,0,1,5,,,,,47607,18.44,23.99,30.07,18.8,62.43,14.0,16.91,2.0865989,8.0,15.1,1.1186129,3.0,14.31,0.42267063,10.0,17.69,1.4777818,9.0,16.19,2.4849066497880004,-0.2231435513142097,0.2876820724517808,1.0986122886681098,0.08701137698962969,46,3.0,2.0,1.0,6.0
2022-11-27,202248,3.0,3,3,3,0.014330814,2.8547776,0,1,350400820224819685,2023-11-24,Assis,0.2843105,105087,0,0,0,0,,,,,47607,19.29,23.84,29.16,40.2,69.29,11.0,18.44,1.298616,14.0,16.91,2.0865989,8.0,15.1,1.1186129,3.0,14.31,0.42267063,9.0,17.435000000000002,1.3862943611198906,-1.0986122886681098,-1.3217558399823195,-0.810930216216329,0.0,47,2.0,1.0,6.0,17.0
2022-12-04,202249,2.0,2,2,2,0.010383174,1.903185,0,1,350400820224919708,2023-12-17,Assis,0.22083779,105087,1,0,0,1,,,,,47607,21.1,24.67,29.71,80.5,79.29,3.0,19.29,0.2843105,11.0,18.44,1.298616,14.0,16.91,2.0865989,8.0,15.1,1.1186129,7.5,18.935000000000002,1.0986122886681098,-0.2876820724517808,-1.3862943611198906,-1.6094379124341003,-1.0986122886681098,48,1.0,6.0,17.0,35.0
2022-12-11,202250,1.0,1,1,1,0.027428472,0.9515925,0,1,350400820225019718,2023-12-27,Assis,0.19274575,105087,1,0,0,10,,,,,47607,19.54,23.37,28.33,54.3,74.0,2.0,21.1,0.22083779,3.0,19.29,0.2843105,11.0,18.44,1.298616,14.0,16.91,2.0865989,4.25,19.5925,0.6931471805599453,-0.4054651081081645,-0.6931471805599453,-1.791759469228055,-2.0149030205422647,49,6.0,17.0,35.0,30.0
2022-12-18,202251,6.0,6,6,6,0.87929237,5.709555,0,1,350400820225119718,2023-12-27,Assis,2.1844118,105087,0,0,0,10,,,,,47607,16.96,21.89,27.07,9.6,71.71,1.0,19.54,0.19274575,2.0,21.1,0.22083779,3.0,19.29,0.2843105,11.0,18.44,1.298616,3.0,19.2225,1.9459101490553132,1.252762968495368,0.8472978603872034,0.5596157879354227,-0.5389965007326871,50,17.0,35.0,30.0,21.0
2022-12-25,202252,17.0,17,17,17,0.9993211,16.177073,0,1,350400820225219734,2024-01-12,Assis,4.905974,105087,1,1,1,9,,,,,47607,20.11,24.09,29.14,56.0,78.57,6.0,16.96,2.1844118,1.0,19.54,0.19274575,2.0,21.1,0.22083779,3.0,19.29,0.2843105,6.5,19.427500000000002,2.8903717578961645,0.9444616088408513,2.197224577336219,1.7917594692280547,1.504077396776274,51,35.0,30.0,21.0,41.0
2023-01-01,202301,35.0,35,35,35,0.99998343,33.305737,0,1,350400820230119741,2024-01-19,Assis,3.9947128,105087,0,1,1,16,,,,,47607,18.51,21.99,25.71,46.7,78.86,17.0,20.11,4.905974,6.0,16.96,2.1844118,1.0,19.54,0.19274575,2.0,21.1,0.22083779,14.75,18.78,3.58351893845611,0.6931471805599454,1.6376087894007967,2.8903717578961645,2.484906649788,52,30.0,21.0,41.0,38.0
2023-01-08,202302,30.0,30,30,30,0.95474565,28.547775,0,3,350400820230219748,2024-01-26,Assis,1.6316923,105087,1,1,1,8,,,,,47607,18.99,22.63,27.13,60.6,80.71,35.0,18.51,3.9947128,17.0,20.11,4.905974,6.0,16.96,2.1844118,1.0,19.54,0.19274575,22.0,18.6425,3.4339872044851463,-0.14953173397096364,0.5436154465889818,1.488077055429833,2.740840023925201,1,21.0,41.0,38.0,45.0
2023-01-15,202303,21.0,21,21,21,0.19847345,19.983442,0,1,350400820230319748,2024-01-26,Assis,0.7836387,105087,0,0,1,3,,,,,47607,20.76,24.23,28.49,36.7,79.57,30.0,18.99,1.6316923,35.0,18.51,3.9947128,17.0,20.11,4.905974,6.0,16.96,2.1844118,25.75,19.5925,3.091042453358316,-0.3429447511268302,-0.49247648509779385,0.20067069546215155,1.1451323043030028,2,41.0,38.0,45.0,49.0
2023-01-22,202304,41.0,41,41,41,0.93178284,39.015293,0,1,350400820230419752,2024-01-30,Assis,1.4297255,105087,0,0,1,14,,,,,47607,20.23,25.04,30.54,13.4,71.29,21.0,20.76,0.7836387,30.0,18.99,1.6316923,35.0,18.51,3.9947128,17.0,20.11,4.905974,31.75,19.622500000000002,3.7376696182833684,0.6466271649250523,0.30368241379822214,0.1541506798272585,0.8472978603872039,3,38.0,45.0,49.0,65.0
2023-01-29,202305,38.0,38,38,38,0.84910274,36.160515,0,1,350400820230519760,2024-02-07,Assis,1.2848605,105087,1,0,1,26,,,,,47607,20.19,23.11,28.0,92.0,85.71,41.0,20.23,1.4297255,21.0,20.76,0.7836387,30.0,18.99,1.6316923,35.0,18.51,3.9947128,32.5,20.0425,3.6635616461296463,-0.07410797215372211,0.5725191927713302,0.22957444164450003,0.08004270767353638,4,45.0,49.0,65.0,95.0
2023-02-05,202306,45.0,45,45,45,0.8738229,44.799744,0,1,350400820230619768,2024-02-15,Assis,1.2916327,100447,0,0,1,26,,,,,47607,20.5,24.09,28.67,50.9,80.0,38.0,20.19,1.2848605,41.0,20.23,1.4297255,21.0,20.76,0.7836387,30.0,18.99,1.6316923,36.25,20.42,3.828641396489095,0.16507975035944877,0.09097177820572666,0.737598943130779,0.3946541920039488,5,49.0,65.0,95.0,145.0
2023-02-12,202307,49.0,49,49,49,0.83449584,48.781944,0,1,350400820230719774,2024-02-21,Assis,1.2284913,100447,1,0,1,37,,,,,47607,20.26,23.3,28.47,101.7,84.71,45.0,20.5,1.2916327,38.0,20.19,1.2848605,41.0,20.23,1.4297255,21.0,20.76,0.7836387,43.25,20.295,3.912023005428146,0.08338160893905089,0.24846135929849966,0.17435338714477755,0.8209805520698299,6,65.0,95.0,145.0,127.0
2023-02-19,202308,65.0,65,65,65,0.97369844,64.71075,0,1,350400820230819780,2024-02-27,Assis,1.450115,100447,1,1,1,46,,,,,47607,19.11,22.14,25.64,41.4,83.14,49.0,20.26,1.2284913,45.0,20.5,1.2916327,38.0,20.19,1.2848605,41.0,20.23,1.4297255,49.25,20.015,4.189654742026425,0.2776317365982792,0.3610133455373301,0.5260930958967789,0.45198512374305677,7,95.0,145.0,127.0,222.0
2023-02-26,202309,95.0,95,95,95,0.9997041,94.57724,0,1,350400820230919787,2024-03-05,Assis,1.7746955,100447,0,1,1,44,,,,,47607,20.13,24.17,29.23,19.0,77.57,65.0,19.11,1.450115,49.0,20.26,1.2284913,45.0,20.5,1.2916327,38.0,20.19,1.2848605,63.5,20.0,4.564348191467836,0.3746934494414109,0.6523251860396901,0.735706794978741,0.9007865453381898,8,145.0,127.0,222.0,274.0
2023-03-05,202310,145.0,145,145,145,0.9999998,144.35474,0,3,350400820231019795,2024-03-13,Assis,2.0363097,100447,0,1,2,69,,,,,47607,19.79,23.64,28.64,48.0,79.71,95.0,20.13,1.7746955,65.0,19.11,1.450115,49.0,20.26,1.2284913,45.0,20.5,1.2916327,88.5,19.8225,4.983606621708336,0.41925843024050025,0.7939518796819112,1.0715836162801904,1.1549652252192413,9,127.0,222.0,274.0,305.0
2023-03-12,202311,127.0,127,127,127,0.9719106,126.43484,0,4,350400820231119801,2024-03-19,Assis,1.2903835,100447,1,1,2,70,,,,,47607,19.84,23.0,27.33,49.8,83.29,145.0,19.79,2.0363097,95.0,20.13,1.7746955,65.0,19.11,1.450115,49.0,20.26,1.2284913,108.0,19.7175,4.852030263919617,-0.13157635778871946,0.2876820724517808,0.6623755218931917,0.9400072584914709,10,222.0,274.0,305.0,431.0
2023-03-19,202312,222.0,222,222,222,0.9999998,221.01207,0,4,350400820231219809,2024-03-27,Assis,1.744148,100447,1,1,2,196,,,,,47607,20.56,25.3,30.97,6.8,71.29,127.0,19.84,1.2903835,145.0,19.79,2.0363097,95.0,20.13,1.7746955,65.0,19.11,1.450115,147.25,20.08,5.407171771460119,0.555141507540502,0.4235651497517825,0.8428235799922827,1.2175170294336937,11,274.0,305.0,431.0,397.0
2023-03-26,202313,274.0,274,274,274,1.0,272.78067,0,4,350400820231319815,2024-04-02,Assis,1.7158643,100447,0,1,2,266,,,,,47607,20.27,25.36,31.16,4.8,70.57,222.0,20.56,1.744148,127.0,19.84,1.2903835,145.0,19.79,2.0363097,95.0,20.13,1.7746955,192.0,20.115000000000002,5.616771097666572,0.20959932620645283,0.7647408337469548,0.6331644759582353,1.0524229061987356,12,305.0,431.0,397.0,418.0
2023-04-02,202314,305.0,305,305,305,0.9999858,303.64273,0,4,350400820231419821,2024-04-08,Assis,1.450163,100447,0,1,2,295,,,,,47607,18.89,23.6,28.81,5.6,67.0,274.0,20.27,1.7158643,222.0,20.56,1.744148,127.0,19.84,1.2903835,145.0,19.79,2.0363097,232.0,19.89,5.723585101952381,0.106814004285809,0.31641333049226184,0.8715548380327638,0.7399784802440443,13,431.0,397.0,418.0,461.0
2023-04-09,202315,431.0,431,431,431,1.0,429.082,0,4,350400820231519828,2024-04-15,Assis,1.6105458,100447,0,1,2,422,,,,,47607,19.07,23.23,28.4,16.0,73.14,305.0,18.89,1.450163,274.0,20.27,1.7158643,222.0,20.56,1.744148,127.0,19.84,1.2903835,308.0,19.697499999999998,6.068425588244111,0.34484048629173003,0.45165449057753904,0.6612538167839919,1.2163953243244938,14,397.0,418.0,461.0,386.0
2023-04-16,202316,397.0,397,397,397,0.9957761,395.2333,0,4,350400820231619835,2024-04-22,Assis,1.2167853,100447,0,1,2,389,,,,,47607,16.3,20.33,25.16,78.0,74.71,431.0,19.07,1.6105458,305.0,18.89,1.450163,274.0,20.27,1.7158643,222.0,20.56,1.744148,351.75,18.6325,5.986452005284438,-0.08197358295967305,0.262866903332057,0.369680907617866,0.5792802338243188,15,418.0,461.0,386.0,338.0
2023-04-23,202317,418.0,418,418,418,0.909871,416.13986,0,4,350400820231719842,2024-04-29,Assis,1.099507,100447,0,0,2,408,,,,,47607,16.46,20.11,24.84,20.4,79.86,397.0,16.3,1.2167853,431.0,19.07,1.6105458,305.0,18.89,1.450163,274.0,20.27,1.7158643,387.75,17.68,6.037870919922137,0.051418914637699764,-0.03055466832197329,0.31428581796975674,0.42109982225556575,16,461.0,386.0,338.0,117.0
2023-04-30,202318,461.0,461,461,461,0.9681934,458.9485,0,4,350400820231819849,2024-05-06,Assis,1.1343098,100447,0,1,2,435,,,,,47607,16.66,21.56,27.37,0.0,73.14,418.0,16.46,1.099507,397.0,16.3,1.2167853,431.0,19.07,1.6105458,305.0,18.89,1.450163,426.75,17.122500000000002,6.135564891081739,0.09769397115960121,0.14911288579730098,0.06713930283762792,0.41197978912935795,17,386.0,338.0,117.0,11.0
2023-05-07,202319,386.0,386,386,386,0.1162696,384.28226,0,4,350400820231919856,2024-05-13,Assis,0.9193364,100447,0,0,2,359,,,,,47607,16.76,20.67,25.9,1.6,75.29,461.0,16.66,1.1343098,418.0,16.46,1.099507,397.0,16.3,1.2167853,431.0,19.07,1.6105458,415.5,16.545,5.958424693029782,-0.1771401980519567,-0.07944622689235548,-0.028027312254655712,-0.11000089521432876,18,338.0,117.0,11.0,0.0
2023-05-14,202320,338.0,338,338,338,0.0014128293,336.49585,0,4,350400820232019863,2024-05-20,Assis,0.80458647,100447,0,0,2,239,,,,,47607,12.17,17.53,24.33,0.0,68.57,386.0,16.76,0.9193364,461.0,16.66,1.1343098,418.0,16.46,1.099507,397.0,16.3,1.2167853,400.75,15.512500000000001,5.82600010738045,-0.13242458564933202,-0.3095647837012887,-0.2118708125416875,-0.16045189790398773,19,117.0,11.0,0.0,3.0
2023-05-21,202321,117.0,117,117,117,0.0,116.47934,0,4,350400820232119870,2024-05-27,Assis,0.3095,100447,0,0,2,89,,,,,47607,15.44,20.44,26.51,0.2,63.29,338.0,12.17,0.80458647,386.0,16.76,0.9193364,461.0,16.66,1.1343098,418.0,16.46,1.099507,325.5,15.2575,4.770684624465665,-1.0553154829147848,-1.1877400685641168,-1.3648802666160735,-1.2671862954564723,20,11.0,0.0,3.0,2.0
2023-05-28,202322,11.0,11,11,11,0.0,10.951049,0,1,350400820232219877,2024-06-03,Assis,0.03874006,100447,0,0,1,2,,,,,47607,14.71,17.79,21.8,28.4,83.57,117.0,15.44,0.3095,338.0,12.17,0.80458647,386.0,16.76,0.9193364,461.0,16.66,1.1343098,213.0,14.77,2.4849066497880004,-2.2857779746776647,-3.3410934575924496,-3.4735180432417816,-3.6506582412937383,21,0.0,3.0,2.0,1.0
2023-06-04,202323,0.0,0,0,0,0.0,0.0,0,1,350400820232319884,2024-06-10,Assis,0.0,100447,0,0,0,0,,,,,47607,14.04,19.39,26.1,0.0,67.29,11.0,14.71,0.03874006,117.0,15.44,0.3095,338.0,12.17,0.80458647,386.0,16.76,0.9193364,116.5,14.09,0.0,-2.4849066497880004,-4.770684624465665,-5.82600010738045,-5.958424693029782,22,3.0,2.0,1.0,1.0
2023-06-11,202324,3.0,3,3,3,4.6185278e-14,2.9866498,0,1,350400820232419884,2024-06-10,Assis,0.05672914,100447,0,0,0,0,,,,,47607,13.33,15.87,19.36,98.2,81.14,0.0,14.04,0.0,11.0,14.71,0.03874006,117.0,15.44,0.3095,338.0,12.17,0.80458647,32.75,14.38,1.3862943611198906,1.3862943611198906,-1.0986122886681098,-3.3843902633457743,-4.439705746260559,23,2.0,1.0,1.0,0.0
2023-06-18,202325,2.0,2,2,2,0.0025369783,1.9910998,0,1,350400820232519898,2024-06-24,Assis,0.17601255,100447,0,0,0,2,,,,,47607,12.7,17.79,24.47,0.0,69.71,3.0,13.33,0.05672914,0.0,14.04,0.0,11.0,14.71,0.03874006,117.0,15.44,0.3095,4.0,13.694999999999999,1.0986122886681098,-0.2876820724517808,1.0986122886681098,-1.3862943611198906,-3.672072335797555,24,1.0,1.0,0.0,0.0
2023-06-25,202326,1.0,1,1,1,0.13462354,0.9955499,0,1,350400820232619905,2024-07-01,Assis,0.34566224,100447,0,0,0,1,,,,,47607,13.76,19.2,25.86,0.0,68.71,2.0,12.7,0.17601255,3.0,13.33,0.05672914,0.0,14.04,0.0,11.0,14.71,0.03874006,1.5,13.4575,0.6931471805599453,-0.4054651081081645,-0.6931471805599453,0.6931471805599453,-1.791759469228055,25,1.0,0.0,0.0,1.0
2023-07-02,202327,1.0,1,1,1,0.27080536,0.9955499,0,1,350400820232719913,2024-07-09,Assis,0.5305964,100447,0,0,0,1,,,,,47607,13.27,18.24,24.66,0.0,65.57,1.0,13.76,0.34566224,2.0,12.7,0.17601255,3.0,13.33,0.05672914,0.0,14.04,0.0,1.75,13.265,0.6931471805599453,0.0,-0.4054651081081645,-0.6931471805599453,0.6931471805599453,26,0.0,0.0,1.0,0.0
2023-07-09,202328,0.0,0,0,0,0.0,0.0,0,1,350400820232819919,2024-07-15,Assis,0.0,100447,0,0,0,0,,,,,47607,13.67,18.29,24.41,2.4,66.71,1.0,13.27,0.5305964,1.0,13.76,0.34566224,2.0,12.7,0.17601255,3.0,13.33,0.05672914,1.0,13.35,0.0,-0.6931471805599453,-0.6931471805599453,-1.0986122886681098,-1.3862943611198906,27,0.0,1.0,0.0,0.0
2023-07-16,202329,0.0,0,0,0,0.0,0.0,0,1,350400820232919928,2024-07-24,Assis,0.0,100447,0,0,0,0,,,,,47607,14.37,18.84,24.91,0.2,67.43,0.0,13.67,0.0,1.0,13.27,0.5305964,1.0,13.76,0.34566224,2.0,12.7,0.17601255,0.5,13.7675,0.0,0.0,-0.6931471805599453,-0.6931471805599453,-1.0986122886681098,28,1.0,0.0,0.0,0.0
2023-07-23,202330,1.0,1,1,1,0.7795871,0.9955499,0,1,350400820233019934,2024-07-30,Assis,2.7838256,100447,0,0,0,1,,,,,47607,16.73,21.3,27.07,0.0,58.0,0.0,14.37,0.0,0.0,13.67,0.0,1.0,13.27,0.5305964,1.0,13.76,0.34566224,0.5,14.510000000000002,0.6931471805599453,0.6931471805599453,0.6931471805599453,0.0,0.0,29,0.0,0.0,0.0,1.0
2023-07-30,202331,0.0,0,0,0,0.0,0.0,0,1,350400820233119941,2024-08-06,Assis,0.0,100447,0,0,0,0,,,,,47607,13.59,20.01,27.76,0.0,57.71,1.0,16.73,2.7838256,0.0,14.37,0.0,0.0,13.67,0.0,1.0,13.27,0.5305964,0.25,14.59,0.0,-0.6931471805599453,0.0,0.0,-0.6931471805599453,30,0.0,0.0,1.0,0.0
2023-08-06,202332,0.0,0,0,0,0.0,0.0,0,1,350400820233219949,2024-08-14,Assis,0.0,100447,0,0,0,0,,,,,47607,16.47,21.93,29.2,2.0,57.57,0.0,13.59,0.0,1.0,16.73,2.7838256,0.0,14.37,0.0,0.0,13.67,0.0,0.25,15.29,0.0,0.0,-0.6931471805599453,0.0,0.0,31,0.0,1.0,0.0,1.0
2023-08-13,202333,0.0,0,0,0,0.0,0.0,0,1,350400820233319956,2024-08-21,Assis,0.0,100447,0,0,0,0,,,,,47607,16.03,20.81,26.4,5.4,65.0,0.0,16.47,0.0,0.0,13.59,0.0,1.0,16.73,2.7838256,0.0,14.37,0.0,0.25,15.705,0.0,0.0,0.0,-0.6931471805599453,0.0,32,1.0,0.0,1.0,1.0
2023-08-20,202334,1.0,1,1,1,0.92788416,0.9955499,0,1,350400820233419962,2024-08-27,Assis,9.26068,100447,0,0,0,0,,,,,47607,17.86,23.19,29.5,9.0,56.71,0.0,16.03,0.0,0.0,16.47,0.0,0.0,13.59,0.0,1.0,16.73,2.7838256,0.25,15.9875,0.6931471805599453,0.6931471805599453,0.6931471805599453,0.6931471805599453,0.0,33,0.0,1.0,1.0,2.0
2023-08-27,202335,0.0,0,0,0,0.0,0.0,0,1,350400820233519969,2024-09-03,Assis,0.0,100447,0,0,0,0,,,,,47607,14.3,19.31,25.57,3.2,63.86,1.0,17.86,9.26068,0.0,16.03,0.0,0.0,16.47,0.0,0.0,13.59,0.0,0.25,16.165,0.0,-0.6931471805599453,0.0,0.0,0.0,34,1.0,1.0,2.0,1.0
2023-09-03,202336,1.0,1,1,1,0.73048824,0.9955499,0,1,350400820233619979,2024-09-13,Assis,2.2071786,100447,0,0,0,1,,,,,47607,18.13,22.94,28.73,10.4,66.57,0.0,14.3,0.0,1.0,17.86,9.26068,0.0,16.03,0.0,0.0,16.47,0.0,0.5,16.58,0.6931471805599453,0.6931471805599453,0.0,0.6931471805599453,0.6931471805599453,35,1.0,2.0,1.0,1.0
2023-09-10,202337,1.0,1,1,1,0.6887566,0.9955499,0,1,350400820233719984,2024-09-18,Assis,1.8589644,100447,0,0,0,0,,,,,47607,15.6,22.29,29.67,7.7,57.29,1.0,18.13,2.2071786,0.0,14.3,0.0,1.0,17.86,9.26068,0.0,16.03,0.0,0.75,16.4725,0.6931471805599453,0.0,0.6931471805599453,0.0,0.6931471805599453,36,2.0,1.0,1.0,0.0
2023-09-17,202338,2.0,2,2,2,0.8033091,1.9910998,0,1,350400820233819990,2024-09-24,Assis,2.491014,100447,0,0,0,1,,,,,47607,21.33,28.07,35.7,2.2,45.86,1.0,15.6,1.8589644,1.0,18.13,2.2071786,0.0,14.3,0.0,1.0,17.86,9.26068,1.0,17.34,1.0986122886681098,0.4054651081081645,0.4054651081081645,1.0986122886681098,0.4054651081081645,37,1.0,1.0,0.0,0.0
2023-09-24,202339,1.0,1,1,1,0.44035006,0.9955499,0,1,350400820233919998,2024-10-02,Assis,0.8451105,100447,0,0,0,0,,,,,47607,20.8,27.07,34.29,2.1,52.14,2.0,21.33,2.491014,1.0,15.6,1.8589644,1.0,18.13,2.2071786,0.0,14.3,0.0,1.25,18.965,0.6931471805599453,-0.4054651081081645,0.0,0.0,0.6931471805599453,38,1.0,0.0,0.0,0.0
2023-10-01,202340,1.0,1,1,1,0.3815802,0.9955499,0,1,350400820234020005,2024-10-09,Assis,0.7194546,100447,0,0,0,1,,,,,47607,22.13,27.27,33.94,17.5,63.14,1.0,20.8,0.8451105,2.0,21.33,2.491014,1.0,15.6,1.8589644,1.0,18.13,2.2071786,1.25,19.965,0.6931471805599453,0.0,-0.4054651081081645,0.0,0.0,39,0.0,0.0,0.0,0.0
2023-10-08,202341,0.0,0,0,0,0.0,0.0,0,1,350400820234120012,2024-10-16,Assis,0.0,100447,0,0,0,0,,,,,47607,18.37,22.67,28.6,57.8,72.0,1.0,22.13,0.7194546,1.0,20.8,0.8451105,2.0,21.33,2.491014,1.0,15.6,1.8589644,1.0,20.657500000000002,0.0,-0.6931471805599453,-0.6931471805599453,-1.0986122886681098,-0.6931471805599453,40,0.0,0.0,0.0,0.0
2023-10-15,202342,0.0,0,0,0,0.0,0.0,0,1,350400820234220019,2024-10-23,Assis,0.0,100447,0,0,0,0,,,,,47607,17.69,23.17,29.89,12.4,69.86,0.0,18.37,0.0,1.0,22.13,0.7194546,1.0,20.8,0.8451105,2.0,21.33,2.491014,0.5,19.747500000000002,0.0,0.0,-0.6931471805599453,-0.6931471805599453,-1.0986122886681098,41,0.0,0.0,0.0,3.0
2023-10-22,202343,0.0,0,0,0,0.0,0.0,0,1,350400820234320026,2024-10-30,Assis,0.0,100447,0,0,0,0,,,,,47607,19.63,24.63,30.54,71.4,70.57,0.0,17.69,0.0,0.0,18.37,0.0,1.0,22.13,0.7194546,1.0,20.8,0.8451105,0.25,19.455000000000002,0.0,0.0,0.0,-0.6931471805599453,-0.6931471805599453,42,0.0,0.0,3.0,2.0
2023-10-29,202344,0.0,0,0,0,0.0,0.0,0,1,350400820234420032,2024-11-05,Assis,0.0,100447,0,0,0,0,,,,,47607,19.5,23.29,28.0,43.9,75.86,0.0,19.63,0.0,0.0,17.69,0.0,0.0,18.37,0.0,1.0,22.13,0.7194546,0.0,18.7975,0.0,0.0,0.0,0.0,-0.6931471805599453,43,0.0,3.0,2.0,2.0
2023-11-05,202345,0.0,0,0,0,0.0,0.0,0,1,350400820234520039,2024-11-12,Assis,0.0,100447,0,0,0,0,,,,,47607,18.27,25.39,32.63,3.9,56.86,0.0,19.5,0.0,0.0,19.63,0.0,0.0,17.69,0.0,0.0,18.37,0.0,0.0,18.7725,0.0,0.0,0.0,0.0,0.0,44,3.0,2.0,2.0,2.0
2023-11-12,202346,3.0,3,3,3,0.9872033,2.9866498,0,1,350400820234620046,2024-11-19,Assis,18.506155,100447,0,0,0,3,,,,,47607,23.41,29.13,35.71,12.0,54.43,0.0,18.27,0.0,0.0,19.5,0.0,0.0,19.63,0.0,0.0,17.69,0.0,0.75,20.2025,1.3862943611198906,1.3862943611198906,1.3862943611198906,1.3862943611198906,1.3862943611198906,45,2.0,2.0,2.0,2.0
2023-11-19,202347,2.0,2,2,2,0.7949252,1.9910998,0,1,350400820234720056,2024-11-29,Assis,2.3983817,100447,0,0,0,2,,,,,47607,19.27,23.21,27.86,65.3,77.29,3.0,23.41,18.506155,0.0,18.27,0.0,0.0,19.5,0.0,0.0,19.63,0.0,1.25,20.1125,1.0986122886681098,-0.2876820724517808,1.0986122886681098,1.0986122886681098,1.0986122886681098,46,2.0,2.0,2.0,2.0
2023-11-26,202348,2.0,2,2,2,0.54827505,1.9910998,0,1,350400820234820060,2024-12-03,Assis,1.1180991,100447,1,0,0,2,,,,,47607,20.0,24.34,29.94,40.6,77.71,2.0,19.27,2.3983817,3.0,23.41,18.506155,0.0,18.27,0.0,0.0,19.5,0.0,1.75,20.2375,1.0986122886681098,0.0,-0.2876820724517808,1.0986122886681098,1.0986122886681098,47,2.0,2.0,2.0,34.0
2023-12-03,202349,2.0,2,2,2,0.47481084,1.9910998,0,1,350400820234920067,2024-12-10,Assis,0.94530463,100447,1,0,0,2,,,,,47607,21.24,25.71,30.9,47.5,74.57,2.0,20.0,1.1180991,2.0,19.27,2.3983817,3.0,23.41,18.506155,0.0,18.27,0.0,2.25,20.98,1.0986122886681098,0.0,0.0,-0.2876820724517808,1.0986122886681098,48,2.0,2.0,34.0,96.0
2023-12-10,202350,2.0,2,2,2,0.4921277,1.9910998,0,1,350400820235020074,2024-12-17,Assis,0.9824523,100447,0,0,0,2,,,,,47607,19.44,25.51,32.01,4.8,61.86,2.0,21.24,0.94530463,2.0,20.0,1.1180991,2.0,19.27,2.3983817,3.0,23.41,18.506155,2.0,19.9875,1.0986122886681098,0.0,0.0,0.0,-0.2876820724517808,49,2.0,34.0,96.0,107.0
2023-12-17,202351,2.0,2,2,2,0.50110275,1.9910998,0,1,350400820235120081,2024-12-24,Assis,1.0024928,100447,0,0,0,1,,,,,47607,21.36,26.83,32.99,4.1,60.86,2.0,19.44,0.9824523,2.0,21.24,0.94530463,2.0,20.0,1.1180991,2.0,19.27,2.3983817,2.0,20.509999999999998,1.0986122886681098,0.0,0.0,0.0,0.0,50,34.0,96.0,107.0,202.0
2023-12-24,202352,34.0,34,34,34,0.99999994,33.848698,0,1,350400820235220088,2024-12-31,Assis,9.1429615,100447,0,1,1,23,,,,,47607,20.91,26.39,32.31,2.8,63.86,2.0,21.36,1.0024928,2.0,19.44,0.9824523,2.0,21.24,0.94530463,2.0,20.0,1.1180991,10.0,20.7375,3.5553480614894135,2.456735772821304,2.456735772821304,2.456735772821304,2.456735772821304,51,96.0,107.0,202.0,234.0
2023-12-31,202401,96.0,96,96,96,1.0,95.57279,0,1,350400820240120096,2025-01-08,Assis,6.4825087,100447,0,1,1,44,,,,,47607,20.39,26.33,32.23,3.0,58.0,34.0,20.91,9.1429615,2.0,21.36,1.0024928,2.0,19.44,0.9824523,2.0,21.24,0.94530463,33.5,20.525000000000002,4.574710978503383,1.0193629170139693,3.476098689835273,3.476098689835273,3.476098689835273,52,107.0,202.0,234.0,281.0
2024-01-07,202402,107.0,107,107,107,0.99999994,106.52384,0,3,350400820240220096,2025-01-08,Assis,2.4784975,100447,0,1,2,71,,,,,47607,22.09,26.76,32.37,79.3,67.43,96.0,20.39,6.4825087,34.0,20.91,9.1429615,2.0,21.36,1.0024928,2.0,19.44,0.9824523,59.75,21.1875,4.68213122712422,0.1074202486208371,1.1267831656348064,3.58351893845611,3.58351893845611,1,202.0,234.0,281.0,332.0
2024-01-14,202403,202.0,202,202,202,1.0,201.10107,0,4,350400820240320109,2025-01-21,Assis,2.4209123,100447,1,1,2,110,,,,,47607,21.9,25.74,30.76,33.4,78.43,107.0,22.09,2.4784975,96.0,20.39,6.4825087,34.0,20.91,9.1429615,2.0,21.36,1.0024928,109.75,21.322499999999998,5.313205979041787,0.6310747519175672,0.7384950005384043,1.7578579175523736,4.214593690373677,2,234.0,281.0,332.0,240.0
2024-01-21,202404,234.0,234,234,234,1.0,232.95868,0,4,350400820240420117,2025-01-29,Assis,1.8101254,100447,0,1,2,78,,,,,47607,17.6,21.76,26.49,14.3,73.86,202.0,21.9,2.4209123,107.0,22.09,2.4784975,96.0,20.39,6.4825087,34.0,20.91,9.1429615,159.75,20.495,5.459585514144159,0.14637953510237178,0.777454287019939,0.8848745356407761,1.9042374526547454,3,281.0,332.0,240.0,313.0
2024-01-28,202405,281.0,281,281,281,0.9999972,279.7495,0,4,350400820240520123,2025-02-04,Assis,1.5304686,100447,1,1,2,81,,,,,47607,19.36,24.93,31.1,3.5,64.86,234.0,17.6,1.8101254,202.0,21.9,2.4209123,107.0,22.09,2.4784975,96.0,20.39,6.4825087,206.0,20.2375,5.641907070938114,0.1823215567939549,0.3287010918963267,0.9597758438138939,1.067196092434731,4,332.0,240.0,313.0,381.0
2024-02-04,202406,332.0,332,332,332,0.99997914,330.52255,0,4,350400820240620130,2025-02-11,Assis,1.4142383,100447,0,1,2,115,,,,,47607,22.2,27.17,33.11,3.1,59.43,281.0,19.36,1.5304686,234.0,17.6,1.8101254,202.0,21.9,2.4209123,107.0,22.09,2.4784975,262.25,20.265,5.808142489980444,0.16623541904233008,0.348556975836285,0.49493651093865676,1.126011262856224,5,240.0,313.0,381.0,344.0
2024-02-11,202407,240.0,240,240,240,0.068568416,238.93198,0,4,350400820240720137,2025-02-18,Assis,0.8770286,100447,0,0,2,113,,,,,47607,21.97,26.13,31.04,26.5,69.0,332.0,22.2,1.4142383,281.0,19.36,1.5304686,234.0,17.6,1.8101254,202.0,21.9,2.4209123,271.75,20.2825,5.484796933490655,-0.32334555648978913,-0.15711013744745905,0.025211419346495845,0.17159095444886763,6,313.0,381.0,344.0,513.0
2024-02-18,202408,313.0,313,313,313,0.8360769,311.60712,0,4,350400820240820145,2025-02-26,Assis,1.0829988,100447,1,0,2,62,,,,,47607,20.44,24.36,29.07,36.6,77.43,240.0,21.97,0.8770286,332.0,22.2,1.4142383,281.0,19.36,1.5304686,234.0,17.6,1.8101254,291.5,20.9925,5.749392985908253,0.2645960524175983,-0.05874950407219082,0.10748591497013926,0.28980747176409416,7,381.0,344.0,513.0,406.0
2024-02-25,202409,381.0,381,381,381,0.9998266,379.3045,0,4,350400820240920154,2025-03-07,Assis,1.3200384,100447,1,1,2,50,,,,,47607,22.59,27.54,33.77,10.8,67.43,313.0,20.44,1.0829988,240.0,21.97,0.8770286,332.0,22.2,1.4142383,281.0,19.36,1.5304686,316.5,21.8,5.945420608606575,0.1960276226983222,0.4606236751159205,0.13727811862613137,0.30351353766846145,8,344.0,513.0,406.0,605.0
2024-03-03,202410,344.0,344,344,344,0.8876465,342.46918,0,4,350400820241020158,2025-03-11,Assis,1.0993656,100447,0,0,2,23,,,,,47607,22.21,27.17,32.87,12.2,64.14,381.0,22.59,1.3200384,313.0,20.44,1.0829988,240.0,21.97,0.8770286,332.0,22.2,1.4142383,319.5,21.8025,5.84354441703136,-0.1018761915752151,0.09415143112310709,0.3587474835407054,0.03540192705091627,9,513.0,406.0,605.0,781.0
2024-03-10,202411,513.0,513,513,513,1.0,510.7171,0,4,350400820241120165,2025-03-18,Assis,1.4526969,100447,0,1,2,54,,,,,47607,22.83,28.34,34.33,1.4,58.43,344.0,22.21,1.0993656,381.0,22.59,1.3200384,313.0,20.44,1.0829988,240.0,21.97,0.8770286,387.75,22.0175,6.2422232654551655,0.3986788484238053,0.2968026568485902,0.4928302795469124,0.7574263319645107,10,406.0,605.0,781.0,680.0
2024-03-17,202412,406.0,406,406,406,0.6710519,404.19327,0,4,350400820241220172,2025-03-25,Assis,1.031803,100447,1,0,2,128,,,,,47607,21.66,25.43,30.44,38.1,75.71,513.0,22.83,1.4526969,344.0,22.21,1.0993656,381.0,22.59,1.3200384,313.0,20.44,1.0829988,411.0,22.322499999999998,6.008813185442595,-0.2334100800125709,0.1652687684112344,0.06339257683601929,0.2594201995343415,11,605.0,781.0,680.0,664.0
2024-03-24,202413,605.0,605,605,605,0.9999998,602.3077,0,4,350400820241320179,2025-04-01,Assis,1.3716137,100447,0,1,2,371,,,,,47607,19.47,23.0,27.51,13.8,76.71,406.0,21.66,1.031803,513.0,22.83,1.4526969,344.0,22.21,1.0993656,381.0,22.59,1.3200384,467.0,21.542499999999997,6.406879986069314,0.3980668006267196,0.1646567206141487,0.563335569037954,0.4614593774627389,12,781.0,680.0,664.0,742.0
2024-03-31,202414,781.0,781,781,781,1.0,777.5245,0,4,350400820241420188,2025-04-10,Assis,1.5766063,100447,0,1,2,457,,,,,47607,21.54,26.76,32.33,4.8,61.57,605.0,19.47,1.3716137,406.0,21.66,1.031803,513.0,22.83,1.4526969,344.0,22.21,1.0993656,576.25,21.375,6.661854740545311,0.25497475447599705,0.6530415551027167,0.41963147509014576,0.818310323513951,13,680.0,664.0,742.0,873.0
2024-04-07,202415,680.0,680,680,680,0.99152255,676.97394,0,4,350400820241520193,2025-04-15,Assis,1.1432247,100447,1,1,2,421,,,,,47607,20.69,24.94,30.5,19.0,73.29,781.0,21.54,1.5766063,605.0,19.47,1.3716137,406.0,21.66,1.031803,513.0,22.83,1.4526969,618.0,20.84,6.523562306149512,-0.1382924343957992,0.11668232008019785,0.5147491207069175,0.28133904069434656,14,664.0,742.0,873.0,979.0
2024-04-14,202416,664.0,664,664,664,0.3055843,661.0451,0,4,350400820241620201,2025-04-23,Assis,0.9726789,100447,1,0,2,382,,,,,47607,19.27,22.8,27.56,24.0,76.43,680.0,20.69,1.1432247,781.0,21.54,1.5766063,605.0,19.47,1.3716137,406.0,21.66,1.031803,682.5,20.2425,6.499787040655854,-0.023775265493657827,-0.16206769988945702,0.09290705458654003,0.49097385521325965,15,742.0,873.0,979.0,999.0
2024-04-21,202417,742.0,742,742,742,0.88993466,738.698,0,4,350400820241720207,2025-04-29,Assis,1.0668167,100447,0,0,2,444,,,,,47607,20.84,25.86,31.91,0.0,60.71,664.0,19.27,0.9726789,680.0,20.69,1.1432247,781.0,21.54,1.5766063,605.0,19.47,1.3716137,716.75,20.585,6.610696044717759,0.11090900406190496,0.08713373856824713,-0.05115869582755206,0.203816058648445,16,873.0,979.0,999.0,647.0
2024-04-28,202418,873.0,873,873,873,0.9999929,869.11505,0,4,350400820241820214,2025-05-06,Assis,1.2453325,100447,0,1,2,665,,,,,47607,21.89,27.44,33.67,0.0,52.57,742.0,20.84,1.0668167,664.0,19.27,0.9726789,680.0,20.69,1.1432247,781.0,21.54,1.5766063,739.75,20.6725,6.773080375655535,0.16238433093777616,0.2732933349996811,0.2495180695060233,0.1112256351102241,17,979.0,999.0,647.0,445.0
2024-05-05,202419,979.0,979,979,979,0.99999994,974.6434,0,4,350400820241920224,2025-05-16,Assis,1.2864009,100447,0,1,2,690,,,,,47607,21.03,26.4,32.7,0.0,49.57,873.0,21.89,1.2453325,742.0,20.84,1.0668167,664.0,19.27,0.9726789,680.0,20.69,1.1432247,814.5,20.7575,6.887552571664617,0.11447219600908198,0.27685652694685814,0.3877655310087631,0.36399026551510527,18,999.0,647.0,445.0,325.0
2024-05-12,202420,999.0,999,999,999,0.9994876,994.5543,0,4,350400820242020228,2025-05-20,Assis,1.1648593,100447,0,1,2,547,,,,,47607,20.01,24.53,30.5,1.4,55.29,979.0,21.03,1.2864009,873.0,21.89,1.2453325,742.0,20.84,1.0668167,664.0,19.27,0.9726789,898.25,20.942500000000003,6.907755278982137,0.020202707317519497,0.13467490332660148,0.29705923426437764,0.4079682383262826,19,647.0,445.0,325.0,299.0
2024-05-19,202421,647.0,647,647,647,1.7973401e-12,644.1208,0,4,350400820242120236,2025-05-28,Assis,0.7020688,100447,0,0,2,356,,,,,47607,17.63,21.64,26.53,9.5,70.71,999.0,20.01,1.1648593,979.0,21.03,1.2864009,873.0,21.89,1.2453325,742.0,20.84,1.0668167,874.5,20.14,6.473890696352274,-0.4338645826298624,-0.4136618753123429,-0.2991896793032609,-0.13680534836548475,20,445.0,325.0,299.0,279.0
2024-05-26,202422,445.0,445,445,445,0.0,443.0197,0,4,350400820242220242,2025-06-03,Assis,0.5135448,100447,0,0,2,279,,,,,47607,11.09,15.47,20.76,8.3,74.57,647.0,17.63,0.7020688,999.0,20.01,1.1648593,979.0,21.03,1.2864009,873.0,21.89,1.2453325,767.5,17.439999999999998,6.100318952020064,-0.3735717443322102,-0.8074363269620726,-0.7872336196445531,-0.6727614236354711,21,325.0,299.0,279.0,168.0
2024-06-02,202423,325.0,325,325,325,0.0,323.5537,0,4,350400820242320249,2025-06-10,Assis,0.47661304,100447,0,0,2,199,,,,,47607,16.09,21.5,28.37,0.0,57.0,445.0,11.09,0.5135448,647.0,17.63,0.7020688,999.0,20.01,1.1648593,979.0,21.03,1.2864009,604.0,16.205,5.786897381366708,-0.3134215706533565,-0.6869933149855667,-1.120857897615429,-1.1006551902979096,22,299.0,279.0,168.0,106.0
2024-06-09,202424,299.0,299,299,299,7.373435e-12,297.6694,0,4,350400820242420256,2025-06-17,Assis,0.6136331,100447,0,0,2,188,,,,,47607,17.67,23.24,30.33,0.0,47.14,325.0,16.09,0.47661304,445.0,11.09,0.5135448,647.0,17.63,0.7020688,999.0,20.01,1.1648593,429.0,15.620000000000001,5.703782474656201,-0.08311490671050681,-0.3965364773638633,-0.7701082216960735,-1.203972804325936,23,279.0,168.0,106.0,69.0
2024-06-16,202425,279.0,279,279,279,0.00037861176,277.75842,0,4,350400820242520263,2025-06-24,Assis,0.76598305,100447,0,0,2,191,,,,,47607,17.96,23.24,30.06,0.0,42.57,299.0,17.67,0.6136331,325.0,16.09,0.47661304,445.0,11.09,0.5135448,647.0,17.63,0.7020688,337.0,15.7025,5.634789603169249,-0.06899287148695166,-0.15210777819745847,-0.465529348850815,-0.8391010931830252,24,168.0,106.0,69.0,50.0
2024-06-23,202426,168.0,168,168,168,2.633087e-10,167.25238,0,4,350400820242620270,2025-07-01,Assis,0.5571528,100447,0,0,2,116,,,,,47607,17.73,22.93,29.29,0.0,56.0,279.0,17.96,0.76598305,299.0,17.67,0.6136331,325.0,16.09,0.47661304,445.0,11.09,0.5135448,267.75,17.3625,5.1298987149230735,-0.5048908882461758,-0.5738837597331274,-0.6569986664436342,-0.9704202370969908,25,106.0,69.0,50.0,46.0
2024-06-30,202427,106.0,106,106,106,5.107026e-15,105.52829,0,4,350400820242720278,2025-07-09,Assis,0.42461896,100447,0,0,2,67,,,,,47607,15.21,20.49,27.29,3.3,54.29,168.0,17.73,0.5571528,279.0,17.96,0.76598305,299.0,17.67,0.6136331,325.0,16.09,0.47661304,213.0,17.1425,4.672828834461906,-0.4570698804611677,-0.9619607687073435,-1.0309536401942951,-1.114068546904802,26,69.0,50.0,46.0,56.0
2024-07-07,202428,69.0,69,69,69,2.0405899e-13,68.69294,0,1,350400820242820284,2025-07-15,Assis,0.38005936,100447,0,0,1,44,,,,,47607,14.26,17.66,22.1,35.8,79.14,106.0,15.21,0.42461896,168.0,17.73,0.5571528,279.0,17.96,0.76598305,299.0,17.67,0.6136331,155.5,16.29,4.248495242049359,-0.4243335924125464,-0.8814034728737141,-1.38629436111989,-1.4552872326068416,27,50.0,46.0,56.0,42.0
2024-07-14,202429,50.0,50,50,50,3.609095e-08,49.777496,0,1,350400820242920292,2025-07-23,Assis,0.42099145,100447,0,0,1,40,,,,,47607,13.73,19.1,26.04,0.1,65.43,69.0,14.26,0.38005936,106.0,15.21,0.42461896,168.0,17.73,0.5571528,279.0,17.96,0.76598305,98.25,15.232500000000002,3.9318256327243257,-0.31666960932503363,-0.74100320173758,-1.1980730821987478,-1.7029639704449235,28,46.0,56.0,42.0,41.0
2024-07-21,202430,46.0,46,46,46,0.0018163307,45.795296,0,1,350400820243020298,2025-07-29,Assis,0.588947,100447,0,0,1,33,,,,,47607,14.71,21.3,29.0,0.0,43.43,50.0,13.73,0.42099145,69.0,14.26,0.38005936,106.0,15.21,0.42461896,168.0,17.73,0.5571528,67.75,14.477500000000001,3.8501476017100584,-0.0816780310142673,-0.3983476403393009,-0.8226812327518473,-1.279751113213015,29,56.0,42.0,41.0,43.0
2024-07-28,202431,56.0,56,56,56,0.45112124,55.750793,0,1,350400820243120305,2025-08-05,Assis,0.97726774,100447,0,0,1,50,,,,,47607,15.9,21.63,28.36,2.4,51.57,46.0,14.71,0.588947,50.0,13.73,0.42099145,69.0,14.26,0.38005936,106.0,15.21,0.42461896,55.25,14.65,4.04305126783455,0.19290366612449183,0.11122563511022454,-0.2054439742148091,-0.6297775666273555,30,42.0,41.0,43.0,34.0
2024-08-04,202432,42.0,42,42,42,0.18753523,41.813095,0,1,350400820243220312,2025-08-12,Assis,0.8319152,100447,0,0,1,40,,,,,47607,15.86,21.41,27.36,28.1,49.57,56.0,15.9,0.97726774,46.0,14.71,0.588947,50.0,13.73,0.42099145,69.0,14.26,0.38005936,48.5,15.05,3.7612001156935624,-0.2818511521409879,-0.08894748601649605,-0.17062551703076334,-0.48729512635579697,31,41.0,43.0,34.0,35.0
2024-08-11,202433,41.0,41,41,41,0.202046,40.817547,0,1,350400820243320321,2025-08-21,Assis,0.83900166,100447,0,0,1,33,,,,,47607,11.09,18.34,26.81,0.0,47.0,42.0,15.86,0.8319152,56.0,15.9,0.97726774,46.0,14.71,0.588947,50.0,13.73,0.42099145,46.25,14.39,3.7376696182833684,-0.023530497410193973,-0.30538164955118186,-0.11247798342669002,-0.19415601444095731,32,43.0,34.0,35.0,47.0
2024-08-18,202434,43.0,43,43,43,0.40438122,42.808647,0,1,350400820243420328,2025-08-28,Assis,0.95000505,100447,0,0,1,26,,,,,47607,17.99,24.76,32.63,8.5,38.57,41.0,11.09,0.83900166,42.0,15.86,0.8319152,56.0,15.9,0.97726774,46.0,14.71,0.588947,45.5,15.209999999999999,3.784189633918261,0.04652001563489261,0.022989518224698635,-0.25886163391628925,-0.06595796779179741,33,34.0,35.0,47.0,34.0
2024-08-25,202435,34.0,34,34,34,0.17802101,33.848698,0,1,350400820243520333,2025-09-02,Assis,0.80963963,100447,0,0,1,24,,,,,47607,11.69,18.96,26.9,0.9,45.86,43.0,17.99,0.95000505,41.0,11.09,0.83900166,42.0,15.86,0.8319152,56.0,15.9,0.97726774,40.0,14.157499999999999,3.5553480614894135,-0.2288415724288475,-0.1823215567939549,-0.20585205420414887,-0.48770320634513675,34,35.0,47.0,34.0,33.0
2024-09-01,202436,35.0,35,35,35,0.2916358,34.844246,0,1,350400820243620340,2025-09-09,Assis,0.8813004,100447,0,0,1,23,,,,,47607,18.01,25.66,33.91,0.0,36.86,34.0,11.69,0.80963963,43.0,17.99,0.95000505,41.0,11.09,0.83900166,42.0,15.86,0.8319152,38.25,14.695,3.58351893845611,0.0281708769666964,-0.2006706954621511,-0.1541506798272585,-0.17768117723745247,35,47.0,34.0,33.0,29.0
2024-09-08,202437,47.0,47,47,47,0.8539015,46.790844,0,1,350400820243720347,2025-09-16,Assis,1.2572674,100447,0,0,1,27,,,,,47607,22.77,28.77,35.74,0.0,25.29,35.0,18.01,0.8813004,34.0,11.69,0.80963963,43.0,17.99,0.95000505,41.0,11.09,0.83900166,39.75,17.615,3.871201010907891,0.28768207245178123,0.31585294941847764,0.08701137698963013,0.13353139262452274,36,34.0,33.0,29.0,36.0
2024-09-15,202438,34.0,34,34,34,0.32147515,33.848698,0,1,350400820243820354,2025-09-23,Assis,0.8969243,100447,0,0,1,23,,,,,47607,15.86,21.29,27.97,24.8,66.43,47.0,22.77,1.2572674,35.0,18.01,0.8813004,34.0,11.69,0.80963963,43.0,17.99,0.95000505,37.5,17.0825,3.5553480614894135,-0.31585294941847764,-0.0281708769666964,0.0,-0.2288415724288475,37,33.0,29.0,36.0,34.0
2024-09-22,202439,33.0,33,33,33,0.22930548,32.853146,0,1,350400820243920363,2025-10-02,Assis,0.84055483,100447,0,0,1,22,,,,,47607,20.93,27.67,35.3,1.1,41.86,34.0,15.86,0.8969243,47.0,22.77,1.2572674,35.0,18.01,0.8813004,34.0,11.69,0.80963963,37.25,19.392500000000002,3.5263605246161616,-0.02898753687325195,-0.3448404862917296,-0.05715841383994835,-0.02898753687325195,38,29.0,36.0,34.0,50.0
2024-09-29,202440,29.0,29,29,29,0.17421755,28.870947,0,1,350400820244020368,2025-10-07,Assis,0.7937895,100447,0,0,1,27,,,,,47607,18.54,26.13,34.57,1.1,45.86,33.0,20.93,0.84055483,34.0,15.86,0.8969243,47.0,22.77,1.2572674,35.0,18.01,0.8813004,35.75,19.525,3.4011973816621555,-0.1251631429540061,-0.15415067982725805,-0.4700036292457357,-0.18232155679395445,39,36.0,34.0,50.0,32.0
2024-10-06,202441,36.0,36,36,36,0.6395248,35.839798,0,1,350400820244120376,2025-10-15,Assis,1.0892512,100447,0,0,1,29,,,,,47607,17.5,23.74,31.06,44.4,58.71,29.0,18.54,0.7937895,33.0,20.93,0.84055483,34.0,15.86,0.8969243,47.0,22.77,1.2572674,33.0,18.2075,3.6109179126442243,0.2097205309820689,0.08455738802806279,0.055569851154810834,-0.2602830982636668,40,34.0,50.0,32.0,28.0
2024-10-13,202442,34.0,34,34,34,0.5905463,33.848698,0,1,350400820244220381,2025-10-20,Assis,1.0575519,100447,0,0,1,31,,,,,47607,18.47,24.21,30.39,11.1,62.86,36.0,17.5,1.0892512,29.0,18.54,0.7937895,33.0,20.93,0.84055483,34.0,15.86,0.8969243,33.0,18.86,3.5553480614894135,-0.055569851154810834,0.15415067982725805,0.02898753687325195,0.0,41,50.0,32.0,28.0,53.0
2024-10-20,202443,50.0,50,50,50,0.95821303,49.777496,0,1,350400820244320390,2025-10-29,Assis,1.4600947,100447,1,1,1,43,,,,,47607,19.99,24.16,29.21,47.4,72.71,34.0,18.47,1.0575519,36.0,17.5,1.0892512,29.0,18.54,0.7937895,33.0,20.93,0.84055483,37.25,18.625,3.9318256327243257,0.3764775712349122,0.3209077200801014,0.5306282510621703,0.40546510810816416,42,32.0,28.0,53.0,52.0
2024-10-27,202444,32.0,32,32,32,0.24169442,31.857597,0,1,350400820244420396,2025-11-04,Assis,0.8461615,100447,0,0,1,29,,,,,47607,18.4,23.71,29.74,18.7,63.86,50.0,19.99,1.4600947,34.0,18.47,1.0575519,36.0,17.5,1.0892512,29.0,18.54,0.7937895,38.0,18.59,3.4965075614664802,-0.4353180712578455,-0.058840500022933284,-0.11441035117774412,0.09531017980432477,43,28.0,53.0,52.0,42.0
2024-11-03,202445,28.0,28,28,28,0.07888888,27.875397,0,1,350400820244520404,2025-11-12,Assis,0.7087604,100447,1,0,1,25,,,,,47607,20.24,22.76,26.87,117.5,85.0,32.0,18.4,0.8461615,50.0,19.99,1.4600947,34.0,18.47,1.0575519,36.0,17.5,1.0892512,36.0,19.275,3.367295829986474,-0.1292117314800061,-0.5645298027378516,-0.18805223150293937,-0.2436220826577502,44,53.0,52.0,42.0,47.0
2024-11-10,202446,53.0,53,53,53,0.9605681,52.764145,0,1,350400820244620410,2025-11-18,Assis,1.4520324,100447,0,1,1,49,,,,,47607,18.56,24.03,29.94,17.1,63.86,28.0,20.24,0.7087604,32.0,18.4,0.8461615,50.0,19.99,1.4600947,34.0,18.47,1.0575519,40.75,19.2975,3.9889840465642745,0.6216882165778004,0.4924764850977943,0.057158413839948796,0.433635985074861,45,52.0,42.0,47.0,43.0
2024-11-17,202447,52.0,52,52,52,0.94000876,51.768593,0,1,350400820244720418,2025-11-26,Assis,1.3903551,100447,0,0,1,48,,,,,47607,20.5,25.9,31.64,6.3,57.29,53.0,18.56,1.4520324,28.0,20.24,0.7087604,32.0,18.4,0.8461615,50.0,19.99,1.4600947,41.25,19.424999999999997,3.970291913552122,-0.018692133012152556,0.6029960835656478,0.47378435208564174,0.03846628082779624,46,42.0,47.0,43.0,39.0
2024-11-24,202448,42.0,42,42,42,0.3844362,41.813095,0,1,350400820244820425,2025-12-03,Assis,0.9391115,100447,0,0,1,41,,,,,47607,20.4,26.01,32.29,62.1,60.71,52.0,20.5,1.3903551,53.0,18.56,1.4520324,28.0,20.24,0.7087604,32.0,18.4,0.8461615,43.75,19.924999999999997,3.7612001156935624,-0.20909179785855958,-0.22778393087071214,0.39390428570708824,0.26469255422708216,47,47.0,43.0,39.0,36.0
2024-12-01,202449,47.0,47,47,47,0.4618069,46.790844,0,1,350400820244920432,2025-12-10,Assis,0.98059464,100447,1,0,1,44,,,,,47607,20.77,24.51,28.96,89.0,77.86,42.0,20.4,0.9391115,52.0,20.5,1.3903551,53.0,18.56,1.4520324,28.0,20.24,0.7087604,48.5,20.0575,3.871201010907891,0.11000089521432876,-0.09909090264423082,-0.11778303565638337,0.503905180921417,48,43.0,39.0,36.0,72.0
2024-12-08,202450,43.0,43,43,43,0.37378132,42.808647,0,1,350400820245020438,2025-12-16,Assis,0.93433046,100447,1,0,1,41,,,,,47607,19.53,23.19,27.37,79.4,78.43,47.0,20.77,0.98059464,42.0,20.4,0.9391115,52.0,20.5,1.3903551,53.0,18.56,1.4520324,46.0,20.3,3.784189633918261,-0.08701137698963013,0.022989518224698635,-0.18610227963386095,-0.2047944126460135,49,39.0,36.0,72.0,117.0
2024-12-15,202451,39.0,39,39,39,0.27361974,38.826447,0,1,350400820245120438,2025-12-16,Assis,0.8770024,100447,0,0,1,36,,,,,47607,19.07,23.93,29.54,30.3,69.57,43.0,19.53,0.93433046,47.0,20.77,0.98059464,42.0,20.4,0.9391115,52.0,20.5,1.3903551,42.75,19.9425,3.6888794541139363,-0.09531017980432477,-0.1823215567939549,-0.07232066157962613,-0.2814124594381857,50,36.0,72.0,117.0,142.0
2024-12-22,202452,36.0,36,36,36,0.23315921,35.839798,0,1,350400820245220438,2025-12-16,Assis,0.84879863,100447,1,0,1,35,,,,,47607,20.24,24.51,29.63,16.6,76.0,39.0,19.07,0.8770024,43.0,19.53,0.93433046,47.0,20.77,0.98059464,42.0,20.4,0.9391115,41.25,19.9025,3.6109179126442243,-0.0779615414697119,-0.17327172127403667,-0.2602830982636668,-0.15028220304933804,51,72.0,117.0,142.0,193.0
2024-12-29,202501,72.0,72,72,72,0.9982167,71.679596,0,1,350400820250120460,2026-01-07,Assis,1.7436565,100447,1,1,1,71,,,,,47607,20.11,25.06,30.66,17.6,69.86,36.0,20.24,0.84879863,39.0,19.07,0.8770024,43.0,19.53,0.93433046,47.0,20.77,0.98059464,47.5,19.7375,4.290459441148391,0.6795415285041666,0.6015799870344547,0.5062698072301299,0.4192584302404998,52,117.0,142.0,193.0,255.0
2025-01-05,202502,117.0,117,117,117,0.99999994,116.47934,0,1,350400820250220460,2026-01-07,Assis,2.3365781,100447,0,1,2,109,,,,,47607,19.2,25.31,31.94,8.1,59.0,72.0,20.11,1.7436565,36.0,20.24,0.84879863,39.0,19.07,0.8770024,43.0,19.53,0.93433046,66.0,19.655,4.770684624465665,0.48022518331727415,1.1597667118214408,1.0818051703517289,0.9864949905474041,1,142.0,193.0,255.0,315.0
2025-01-12,202503,142.0,142,142,142,0.99999714,141.36809,0,3,350400820250320487,2026-02-03,Assis,1.8754627,100447,0,1,1,128,,,,,47607,19.39,24.33,30.2,34.9,69.43,117.0,19.2,2.3365781,72.0,20.11,1.7436565,36.0,20.24,0.84879863,39.0,19.07,0.8770024,91.75,19.735,4.962844630259907,0.19216000579424186,0.672385189111516,1.3519267176156826,1.2739651761459707,2,193.0,255.0,315.0,397.0
2025-01-19,202504,193.0,193,193,193,0.9999989,192.14113,0,3,350400820250420491,2026-02-07,Assis,1.7387296,100447,1,1,2,175,,,,,47607,21.69,26.2,31.77,20.5,73.0,142.0,19.39,1.8754627,117.0,19.2,2.3365781,72.0,20.11,1.7436565,36.0,20.24,0.84879863,131.0,20.0975,5.267858159063328,0.30501352880342125,0.4971735345976631,0.9773987179149373,1.6569402464191039,3,255.0,315.0,397.0,502.0
2025-01-26,202505,255.0,255,255,255,0.99999994,253.86522,0,4,350400820250520495,2026-02-11,Assis,1.705907,100447,1,1,2,243,,,,,47607,21.07,24.83,29.93,70.7,78.14,193.0,21.69,1.7387296,142.0,19.39,1.8754627,117.0,19.2,2.3365781,72.0,20.11,1.7436565,176.75,20.3375,5.545177444479562,0.2773192854162341,0.5823328142196553,0.7744928200138972,1.2547180033311713,4,315.0,397.0,502.0,548.0
2025-02-02,202506,315.0,315,315,315,0.99999994,313.5982,0,4,350400820250620504,2026-02-20,Assis,1.6013721,100447,1,1,2,291,,,,,47607,20.59,23.71,28.14,75.7,81.86,255.0,21.07,1.705907,193.0,21.69,1.7387296,142.0,19.39,1.8754627,117.0,19.2,2.3365781,226.25,20.685,5.755742213586912,0.21056476910735,0.4878840545235841,0.7928975833270053,0.9850575891212472,5,397.0,502.0,548.0,759.0
2025-02-09,202507,397.0,397,397,397,1.0,395.2333,0,4,350400820250720508,2026-02-24,Assis,1.5612664,100447,1,1,2,363,,,,,47607,21.36,25.97,31.27,10.8,69.29,315.0,20.59,1.6013721,255.0,21.07,1.705907,193.0,21.69,1.7387296,142.0,19.39,1.8754627,290.0,21.1775,5.986452005284438,0.23070979169752537,0.44127456080487537,0.7185938462211094,1.0236073750245307,6,502.0,548.0,759.0,872.0
2025-02-16,202508,502.0,502,502,502,1.0,499.76605,0,4,350400820250820516,2026-03-04,Assis,1.5609426,100447,1,1,2,463,,,,,47607,22.06,27.17,33.49,18.3,66.86,397.0,21.36,1.5612664,315.0,20.59,1.6013721,255.0,21.07,1.705907,193.0,21.69,1.7387296,367.25,21.27,6.220590170099739,0.23413816481530159,0.46484795651282695,0.675412725620177,0.952732011036411,7,548.0,759.0,872.0,806.0
2025-02-23,202509,548.0,548,548,548,0.9999992,545.56134,0,4,350400820250920522,2026-03-10,Assis,1.3689752,100447,0,1,2,523,,,,,47607,21.9,27.2,33.29,10.6,62.14,502.0,22.06,1.5609426,397.0,21.36,1.5612664,315.0,20.59,1.6013721,255.0,21.07,1.705907,440.5,21.4775,6.3080984415095305,0.08750827140979123,0.3216464362250928,0.5523562279226182,0.7629209970299682,8,759.0,872.0,806.0,755.0
2025-03-02,202510,759.0,759,759,759,1.0,755.6224,0,4,350400820251020529,2026-03-17,Assis,1.5550926,100447,0,1,2,729,,,,,47607,21.87,27.34,33.41,1.7,56.86,548.0,21.9,1.3689752,502.0,22.06,1.5609426,397.0,21.36,1.5612664,315.0,20.59,1.6013721,551.5,21.7975,6.633318433280377,0.3252199917708465,0.4127282631806377,0.6468664279959393,0.8775762196934647,9,872.0,806.0,755.0,833.0
2025-03-09,202511,872.0,872,872,872,1.0,868.1195,0,4,350400820251120536,2026-03-24,Assis,1.468779,100447,0,1,2,824,,,,,47607,21.3,25.79,31.61,23.7,67.57,759.0,21.87,1.5550926,548.0,21.9,1.3689752,502.0,22.06,1.5609426,397.0,21.36,1.5612664,670.25,21.7825,6.771935555839602,0.13861712255922498,0.46383711433007146,0.5513453857398627,0.7854835505551643,10,806.0,755.0,833.0,615.0
2025-03-16,202512,806.0,806,806,806,0.9872539,802.4132,0,4,350400820251220544,2026-04-01,Assis,1.1212856,100447,0,1,2,769,,,,,47607,18.91,24.39,31.09,13.6,65.57,872.0,21.3,1.468779,759.0,21.87,1.5550926,548.0,21.9,1.3689752,502.0,22.06,1.5609426,746.25,20.995,6.693323668269949,-0.07861188756965287,0.06000523498957211,0.3852252267604186,0.4727334981702098,11,755.0,833.0,615.0,425.0
2025-03-23,202513,755.0,755,755,755,0.13107987,751.6402,0,4,350400820251320552,2026-04-09,Assis,0.94470596,100447,1,0,2,729,,,,,47607,20.63,24.93,30.44,40.3,73.43,806.0,18.91,1.1212856,872.0,21.3,1.468779,759.0,21.87,1.5550926,548.0,21.9,1.3689752,798.0,20.677500000000002,6.628041376179533,-0.0652822920904157,-0.14389417966006857,-0.005277057100843585,0.3199429346700029,12,833.0,615.0,425.0,399.0
2025-03-30,202514,833.0,833,833,833,0.7657269,829.293,0,4,350400820251420557,2026-04-14,Assis,1.0364772,100447,1,0,2,811,,,,,47607,20.73,24.24,29.31,17.5,75.86,755.0,20.63,0.94470596,806.0,18.91,1.1212856,872.0,21.3,1.468779,759.0,21.87,1.5550926,816.5,20.3925,6.726233402358747,0.09819202617921352,0.032909734088797826,-0.045702153480855046,0.09291496907836994,13,615.0,425.0,399.0,324.0
2025-04-06,202515,615.0,615,615,615,4.051089e-06,612.2632,0,4,350400820251520566,2026-04-23,Assis,0.7869342,100447,0,0,2,598,,,,,47607,18.17,22.93,28.56,3.9,69.43,833.0,20.73,1.0364772,755.0,20.63,0.94470596,806.0,18.91,1.1212856,872.0,21.3,1.468779,752.25,19.61,6.423246963533519,-0.30298643882522747,-0.20479441264601395,-0.27007670473642964,-0.3486885923060825,14,425.0,399.0,324.0,257.0
2025-04-13,202516,425.0,425,425,425,0.0,423.1087,0,4,350400820251620571,2026-04-28,Assis,0.578823,100447,0,0,2,408,,,,,47607,18.64,21.79,25.81,33.5,81.43,615.0,18.17,0.7869342,833.0,20.73,1.0364772,755.0,20.63,0.94470596,806.0,18.91,1.1212856,657.0,19.5425,6.054439346269371,-0.36880761726414857,-0.671794056089376,-0.5736020299101625,-0.6388843220005782,15,399.0,324.0,257.0,241.0
2025-04-20,202517,399.0,399,399,399,4.151124e-12,397.2244,0,4,350400820251720578,2026-05-05,Assis,0.6479964,100447,0,0,2,376,,,,,47607,17.19,20.83,25.14,30.3,77.86,425.0,18.64,0.578823,615.0,18.17,0.7869342,833.0,20.73,1.0364772,755.0,20.63,0.94470596,568.0,18.6825,5.991464547107982,-0.06297479916138915,-0.4317824164255377,-0.7347688552507652,-0.6365768290715517,16,324.0,257.0,241.0,161.0
2025-04-27,202518,324.0,324,324,324,1.4380758e-08,322.55817,0,4,350400820251820587,2026-05-14,Assis,0.67383265,100447,0,0,2,303,,,,,47607,16.26,20.53,25.84,37.8,77.71,399.0,17.19,0.6479964,425.0,18.64,0.578823,615.0,18.17,0.7869342,833.0,20.73,1.0364772,440.75,17.565,5.783825182329737,-0.2076393647782444,-0.27061416393963356,-0.6394217812037821,-0.9424082200290096,17,257.0,241.0,161.0,97.0
2025-05-04,202519,257.0,257,257,257,5.8931747e-08,255.85632,0,4,350400820251920592,2026-05-19,Assis,0.656805,100447,0,0,2,243,,,,,47607,17.7,22.23,27.86,12.2,70.29,324.0,16.26,0.67383265,399.0,17.19,0.6479964,425.0,18.64,0.578823,615.0,18.17,0.7869342,351.25,17.447499999999998,5.552959584921617,-0.23086559740811996,-0.43850496218636437,-0.5014797613477535,-0.8702873786119021,18,241.0,161.0,97.0,73.0
2025-05-11,202520,241.0,241,241,241,0.00015323662,239.92752,0,4,350400820252020599,2026-05-26,Assis,0.73748505,100447,0,0,2,219,,,,,47607,15.6,20.11,25.76,0.7,70.57,257.0,17.7,0.656805,324.0,16.26,0.67383265,399.0,17.19,0.6479964,425.0,18.64,0.578823,305.25,16.6875,5.488937726156687,-0.0640218587649306,-0.29488745617305057,-0.502526820951295,-0.5655016201126841,19,161.0,97.0,73.0,47.0
2025-05-18,202521,161.0,161,161,161,4.499883e-08,160.28354,0,4,350400820252120608,2026-06-04,Assis,0.5931249,100447,0,0,2,150,,,,,47607,16.93,21.86,27.84,0.1,67.43,241.0,15.6,0.73748505,257.0,17.7,0.656805,324.0,16.26,0.67383265,399.0,17.19,0.6479964,245.75,16.622500000000002,5.087596335232384,-0.4013413909243031,-0.4653632496892337,-0.6962288470973537,-0.9038682118755981,20,97.0,73.0,47.0,33.0
2025-05-25,202522,97.0,97,97,97,6.411538e-13,96.56834,0,1,350400820252220619,2026-06-15,Assis,0.4372419,100447,0,0,1,92,,,,,47607,11.6,16.89,23.14,14.1,69.86,161.0,16.93,0.5931249,241.0,15.6,0.73748505,257.0,17.7,0.656805,324.0,16.26,0.67383265,189.0,15.4575,4.584967478670572,-0.5026288565618113,-0.9039702474861144,-0.967992106251045,-1.198857703659165,21,73.0,47.0,33.0,31.0
2025-06-01,202523,73.0,73,73,73,6.3653605e-10,72.67514,0,1,350400820252320621,2026-06-17,Assis,0.44156045,100447,0,0,1,63,,,,,47607,15.46,19.36,24.66,17.0,80.57,97.0,11.6,0.4372419,161.0,16.93,0.5931249,241.0,15.6,0.73748505,257.0,17.7,0.656805,143.0,14.8975,4.30406509320417,-0.2809023854664021,-0.7835312420282134,-1.1848726329525165,-1.2488944917174472,22,47.0,33.0,31.0,17.0
2025-06-08,202524,47.0,47,47,47,7.630927e-08,46.790844,0,1,350400820252420627,2026-06-23,Assis,0.41945228,100447,0,0,1,42,,,,,47607,11.91,15.66,20.49,8.6,79.14,73.0,15.46,0.44156045,97.0,11.6,0.4372419,161.0,16.93,0.5931249,241.0,15.6,0.73748505,94.5,13.975,3.871201010907891,-0.43286408229627904,-0.7137664677626812,-1.2163953243244925,-1.6177367152487956,23,33.0,31.0,17.0,16.0
2025-06-15,202525,33.0,33,33,33,1.620299e-05,32.853146,0,1,350400820252520636,2026-07-02,Assis,0.43683285,100447,0,0,1,28,,,,,47607,14.83,19.29,25.1,9.0,71.71,47.0,11.91,0.41945228,73.0,15.46,0.44156045,97.0,11.6,0.4372419,161.0,16.93,0.5931249,62.5,13.45,3.5263605246161616,-0.3448404862917296,-0.7777045685880086,-1.0586069540544107,-1.561235810616222,24,31.0,17.0,16.0,18.0
2025-06-22,202526,31.0,31,31,31,0.009769212,30.862047,0,1,350400820252620642,2026-07-08,Assis,0.5955103,100447,0,0,1,25,,,,,47607,12.17,17.06,22.6,19.5,72.29,33.0,14.83,0.43683285,47.0,11.91,0.41945228,73.0,15.46,0.44156045,97.0,11.6,0.4372419,46.0,13.5925,3.4657359027997265,-0.06062462181643502,-0.4054651081081646,-0.8383291904044436,-1.1192315758708458,25,17.0,16.0,18.0,20.0
2025-06-29,202527,17.0,17,17,17,0.0024228273,16.924349,0,1,350400820252720647,2026-07-13,Assis,0.45515645,100447,0,0,1,13,,,,,47607,12.66,16.19,21.14,8.5,78.14,31.0,12.17,0.5955103,33.0,14.83,0.43683285,47.0,11.91,0.41945228,73.0,15.46,0.44156045,32.0,12.8925,2.8903717578961645,-0.575364144903562,-0.635988766719997,-0.9808292530117266,-1.4136933353080057,26,16.0,18.0,20.0,12.0
2025-07-06,202528,16.0,16,16,16,0.031047363,15.928799,0,1,350400820252820654,2026-07-20,Assis,0.5672969,100447,0,0,1,14,,,,,47607,11.21,16.63,23.3,0.0,67.71,17.0,12.66,0.45515645,31.0,12.17,0.5955103,33.0,14.83,0.43683285,47.0,11.91,0.41945228,24.25,12.717500000000001,2.833213344056216,-0.05715841383994835,-0.6325225587435104,-0.6931471805599454,-1.037987666851675,27,18.0,20.0,12.0,19.0
2025-07-13,202529,18.0,18,18,18,0.30661735,17.919899,0,1,350400820252920662,2026-07-28,Assis,0.8520148,100447,0,0,1,15,,,,,47607,13.73,18.87,25.56,0.4,54.71,16.0,11.21,0.5672969,17.0,12.66,0.45515645,31.0,12.17,0.5955103,33.0,14.83,0.43683285,20.5,12.4425,2.9444389791664403,0.1112256351102241,0.054067221270275745,-0.5212969236332863,-0.5819215454497213,28,20.0,12.0,19.0,16.0
2025-07-20,202530,20.0,20,20,20,0.6439348,19.910997,0,1,350400820253020671,2026-08-06,Assis,1.1262376,100447,0,0,1,16,,,,,47607,12.61,18.66,26.13,0.0,59.29,18.0,13.73,0.8520148,16.0,11.21,0.5672969,17.0,12.66,0.45515645,31.0,12.17,0.5955103,17.75,12.5525,3.044522437723423,0.10008345855698275,0.21130909366720685,0.1541506798272585,-0.42121346507630353,29,12.0,19.0,16.0,11.0
2025-07-27,202531,12.0,12,12,12,0.14749986,11.946599,0,1,350400820253120676,2026-08-11,Assis,0.6818368,100447,0,0,1,11,,,,,47607,11.66,18.11,25.71,2.8,54.43,20.0,12.61,1.1262376,18.0,13.73,0.8520148,16.0,11.21,0.5672969,17.0,12.66,0.45515645,16.5,12.3025,2.5649493574615367,-0.4795730802618863,-0.3794896217049035,-0.2682639865946794,-0.3254224004346278,30,19.0,16.0,11.0,20.0
2025-08-03,202532,19.0,19,19,19,0.61847126,18.915447,0,1,350400820253220683,2026-08-18,Assis,1.1041895,100447,0,0,1,16,,,,,47607,13.54,18.16,23.91,0.5,57.14,12.0,11.66,0.6818368,20.0,12.61,1.1262376,18.0,13.73,0.8520148,16.0,11.21,0.5672969,17.25,12.885,2.995732273553991,0.4307829160924541,-0.04879016416943216,0.05129329438755059,0.1625189294977747,31,16.0,11.0,20.0,18.0
2025-08-10,202533,16.0,16,16,16,0.49051175,15.928799,0,1,350400820253320690,2026-08-25,Assis,0.99175054,100447,0,0,1,8,,,,,47607,9.5,16.49,24.56,0.0,52.0,19.0,13.54,1.1041895,12.0,11.66,0.6818368,20.0,12.61,1.1262376,18.0,13.73,0.8520148,16.75,11.8275,2.833213344056216,-0.1625189294977747,0.2682639865946794,-0.21130909366720685,-0.1112256351102241,32,11.0,20.0,18.0,22.0
2025-08-17,202534,11.0,11,11,11,0.15865287,10.951049,0,1,350400820253420698,2026-09-02,Assis,0.6827742,100447,0,0,1,10,,,,,47607,16.54,23.17,30.77,0.5,49.0,16.0,9.5,0.99175054,19.0,13.54,1.1041895,12.0,11.66,0.6818368,20.0,12.61,1.1262376,14.5,12.81,2.4849066497880004,-0.3483066942682158,-0.5108256237659905,-0.08004270767353638,-0.5596157879354227,33,20.0,18.0,22.0,25.0
2025-08-24,202535,20.0,20,20,20,0.7800557,19.910997,0,1,350400820253520707,2026-09-11,Assis,1.2935791,100447,0,0,1,13,,,,,47607,15.99,21.73,28.51,1.0,56.57,11.0,16.54,0.6827742,16.0,9.5,0.99175054,19.0,13.54,1.1041895,12.0,11.66,0.6818368,16.5,13.8925,3.044522437723423,0.5596157879354227,0.21130909366720685,0.04879016416943216,0.4795730802618863,34,18.0,22.0,25.0,14.0
2025-08-31,202536,18.0,18,18,18,0.6918418,17.919899,0,1,350400820253620713,2026-09-17,Assis,1.1878943,100447,0,0,1,16,,,,,47607,17.33,23.66,30.81,0.0,48.43,20.0,15.99,1.2935791,11.0,16.54,0.6827742,16.0,9.5,0.99175054,19.0,13.54,1.1041895,16.25,14.84,2.9444389791664403,-0.10008345855698275,0.4595323293784399,0.1112256351102241,-0.05129329438755059,35,22.0,25.0,14.0,11.0
2025-09-07,202537,22.0,22,22,22,0.78446174,21.902098,0,1,350400820253720713,2026-09-17,Assis,1.2840346,100447,0,0,1,12,,,,,47607,16.03,23.36,31.54,1.8,43.0,18.0,17.33,1.1878943,20.0,15.99,1.2935791,11.0,16.54,0.6827742,16.0,9.5,0.99175054,17.75,16.4725,3.1354942159291497,0.1910552367627094,0.09097177820572666,0.6505875661411493,0.3022808718729335,36,25.0,14.0,11.0,15.0
2025-09-14,202538,25.0,25,25,25,0.80396783,24.888748,0,1,350400820253820713,2026-09-17,Assis,1.2912638,100447,0,0,1,23,,,,,47607,16.51,24.0,32.01,0.0,47.14,22.0,16.03,1.2840346,18.0,17.33,1.1878943,20.0,15.99,1.2935791,11.0,16.54,0.6827742,21.25,16.465,3.258096538021482,0.12260232209233246,0.3136575588550419,0.21357410029805912,0.7731898882334818,37,14.0,11.0,15.0,8.0
2025-09-21,202539,14.0,14,14,14,0.112709105,13.937698,0,1,350400820253920713,2026-09-17,Assis,0.6645123,100447,0,0,1,10,,,,,47607,15.11,21.26,28.73,12.4,58.86,25.0,16.51,1.2912638,22.0,16.03,1.2840346,18.0,17.33,1.1878943,20.0,15.99,1.2935791,19.75,16.245,2.70805020110221,-0.5500463369192721,-0.4274440148269396,-0.2363887780642302,-0.33647223662121295,38,11.0,15.0,8.0,16.0
2025-09-28,202540,11.0,11,11,11,0.044136047,10.951049,0,1,350400820254020713,2026-09-17,Assis,0.54079634,100447,0,0,1,9,,,,,47607,18.9,24.71,31.29,1.8,51.14,14.0,15.11,0.6645123,25.0,16.51,1.2912638,22.0,16.03,1.2840346,18.0,17.33,1.1878943,18.0,16.6375,2.4849066497880004,-0.2231435513142097,-0.7731898882334818,-0.6505875661411493,-0.4595323293784399,39,15.0,8.0,16.0,10.0
2025-10-05,202541,15.0,15,15,15,0.40166646,14.9332485,0,1,350400820254120713,2026-09-17,Assis,0.9159595,100447,0,0,1,10,,,,,47607,17.83,24.04,31.3,15.2,54.0,11.0,18.9,0.54079634,14.0,15.11,0.6645123,25.0,16.51,1.2912638,22.0,16.03,1.2840346,16.25,17.0875,2.772588722239781,0.2876820724517808,0.06453852113757108,-0.485507815781701,-0.36290549368936853,40,8.0,16.0,10.0,6.0
2025-10-12,202542,8.0,8,8,8,0.11991709,7.9643993,0,1,350400820254220713,2026-09-17,Assis,0.6020851,100447,0,0,0,7,,,,,47607,18.31,22.63,27.84,55.1,73.86,15.0,17.83,0.9159595,11.0,18.9,0.54079634,14.0,15.11,0.6645123,25.0,16.51,1.2912638,12.0,17.537499999999998,2.1972245773362196,-0.5753641449035616,-0.2876820724517808,-0.5108256237659905,-1.0608719606852626,41,16.0,10.0,6.0,22.0
2025-10-19,202543,16.0,16,16,16,0.75924194,15.928799,0,1,350400820254320713,2026-09-17,Assis,1.2992208,100447,0,0,1,11,,,,,47607,13.5,20.47,27.26,1.4,50.86,8.0,18.31,0.6020851,15.0,17.83,0.9159595,11.0,18.9,0.54079634,14.0,15.11,0.6645123,12.5,17.134999999999998,2.833213344056216,0.6359887667199966,0.06062462181643502,0.3483066942682158,0.1251631429540061,42,10.0,6.0,22.0,25.0
2025-10-26,202544,10.0,10,10,10,0.3400141,9.955499,0,1,350400820254420713,2026-09-17,Assis,0.840911,100447,0,0,1,6,,,,,47607,18.53,22.09,26.3,44.2,74.71,16.0,13.5,1.2992208,8.0,18.31,0.6020851,15.0,17.83,0.9159595,11.0,18.9,0.54079634,12.25,17.0425,2.3978952727983707,-0.4353180712578455,0.2006706954621511,-0.3746934494414105,-0.08701137698962969,43,6.0,22.0,25.0,32.0
2025-11-02,202545,6.0,6,6,6,0.07391761,5.9732995,0,1,350400820254520713,2026-09-17,Assis,0.5032282,100447,0,0,0,3,,,,,47607,18.04,22.61,27.43,44.7,77.29,10.0,18.53,0.840911,16.0,13.5,1.2992208,8.0,18.31,0.6020851,15.0,17.83,0.9159595,10.0,17.095,1.9459101490553132,-0.45198512374305744,-0.8873031950009029,-0.25131442828090633,-0.8266785731844679,44,22.0,25.0,32.0,24.0
2025-11-09,202546,22.0,22,22,22,0.9749428,21.902098,0,1,350400820254620713,2026-09-17,Assis,1.999913,100447,0,1,1,17,,,,,47607,17.06,21.77,26.97,23.1,69.86,6.0,18.04,0.5032282,10.0,18.53,0.840911,16.0,13.5,1.2992208,8.0,18.31,0.6020851,13.5,16.7825,3.1354942159291497,1.1895840668738364,0.737598943130779,0.3022808718729335,0.9382696385929301,45,25.0,32.0,24.0,22.0
2025-11-16,202547,25.0,25,25,25,0.98246485,24.888748,0,1,350400820254720713,2026-09-17,Assis,2.0181105,100447,0,1,1,24,,,,,47607,16.94,22.49,28.16,31.4,66.14,22.0,17.06,1.999913,6.0,18.04,0.5032282,10.0,18.53,0.840911,16.0,13.5,1.2992208,15.75,17.6425,3.258096538021482,0.12260232209233246,1.312186388966169,0.8602012652231115,0.42488319396526597,46,32.0,24.0,22.0,18.0
2025-11-23,202548,32.0,32,32,32,0.9718267,31.857597,0,3,350400820254820713,2026-09-17,Assis,1.718818,100447,0,1,1,29,,,,,47607,17.13,23.09,29.4,25.1,60.86,25.0,16.94,2.0181105,22.0,17.06,1.999913,6.0,18.04,0.5032282,10.0,18.53,0.840911,21.25,17.2925,3.4965075614664802,0.2384110234449981,0.36101334553733055,1.550597412411167,1.0986122886681096,47,24.0,22.0,18.0,25.0
2025-11-30,202549,24.0,24,24,24,0.45935482,23.893198,0,1,350400820254920713,2026-09-17,Assis,0.971417,100447,0,0,1,21,,,,,47607,20.43,26.09,32.17,8.4,59.29,32.0,17.13,1.718818,25.0,16.94,2.0181105,22.0,17.06,1.999913,6.0,18.04,0.5032282,25.75,17.89,3.2188758248682006,-0.27763173659827967,-0.03922071315328157,0.08338160893905089,1.2729656758128873,48,22.0,18.0,25.0,28.0
2025-12-07,202550,22.0,22,22,22,0.23433425,21.902098,0,1,350400820255020713,2026-09-17,Assis,0.81402266,100447,0,0,1,20,,,,,47607,20.1,23.34,27.46,139.9,75.43,24.0,20.43,0.971417,32.0,17.13,1.718818,25.0,16.94,2.0181105,22.0,17.06,1.999913,25.75,18.65,3.1354942159291497,-0.08338160893905089,-0.36101334553733055,-0.12260232209233246,0.0,49,18.0,25.0,28.0,57.0
2025-12-14,202551,18.0,18,18,18,0.13805982,17.919899,0,1,350400820255120713,2026-09-17,Assis,0.7182485,100447,1,0,1,17,,,,,47607,18.71,22.81,27.17,45.7,79.0,22.0,20.1,0.81402266,24.0,20.43,0.971417,32.0,17.13,1.718818,25.0,16.94,2.0181105,24.0,19.0925,2.9444389791664403,-0.1910552367627094,-0.2744368457017603,-0.55206858230004,-0.3136575588550419,50,25.0,28.0,57.0,56.0
2025-12-21,202552,25.0,25,25,25,0.66341424,24.888748,0,1,350400820255220713,2026-09-17,Assis,1.1296507,100447,0,0,1,24,,,,,47607,21.99,27.41,32.8,1.9,62.57,18.0,18.71,0.7182485,22.0,20.1,0.81402266,24.0,20.43,0.971417,32.0,17.13,1.718818,22.25,20.3075,3.258096538021482,0.3136575588550419,0.12260232209233246,0.03922071315328157,-0.2384110234449981,51,28.0,57.0,56.0,58.0
2025-12-28,202553,28.0,28,28,28,0.82436377,27.875397,0,1,350400820255320713,2026-09-17,Assis,1.3019433,100447,1,0,1,20,,,,,47607,21.33,24.96,29.79,69.1,79.29,25.0,21.99,1.1296507,18.0,18.71,0.7182485,22.0,20.1,0.81402266,24.0,20.43,0.971417,23.25,20.5325,3.367295829986474,0.109199291964992,0.4228568508200339,0.23180161405732447,0.14842000511827358,52,57.0,56.0,58.0,67.0
2026-01-04,202601,57.0,57,57,57,0.9997955,56.746346,0,1,350400820260120713,2026-09-17,Assis,2.237033,100447,1,1,1,45,,,,,47607,19.36,24.2,29.4,14.3,73.0,28.0,21.33,1.3019433,25.0,21.99,1.1296507,18.0,18.71,0.7182485,22.0,20.1,0.81402266,32.0,20.3475,4.060443010546419,0.693147180559945,0.802346472524937,1.1160040313799788,0.9249487946172694,1,56.0,58.0,67.0,72.0
2026-01-11,202602,56.0,56,56,56,0.9864071,55.750793,0,2,350400820260220713,2026-09-17,Assis,1.5950747,100447,1,1,1,45,,,,,47607,19.66,23.4,28.31,58.2,82.43,57.0,19.36,2.237033,28.0,21.33,1.3019433,25.0,21.99,1.1296507,18.0,18.71,0.7182485,41.5,20.584999999999997,4.04305126783455,-0.01739174271186883,0.6757554378480761,0.7849547298130681,1.09861228866811,2,58.0,67.0,72.0,65.0
2026-01-18,202603,58.0,58,58,58,0.84468126,57.741894,0,1,350400820260320713,2026-09-17,Assis,1.217739,100447,0,0,1,36,,,,,47607,17.36,22.46,27.93,19.6,71.0,56.0,19.66,1.5950747,57.0,19.36,2.237033,28.0,21.33,1.3019433,25.0,21.99,1.1296507,49.75,19.4275,4.07753744390572,0.03448617607116944,0.01709443335930061,0.7102416139192456,0.8194409058842376,3,67.0,72.0,65.0,77.0
2026-01-25,202604,67.0,67,67,67,0.85358787,66.70184,0,1,350400820260420713,2026-09-17,Assis,1.2091728,100447,1,0,1,25,,,,,47607,19.44,24.49,30.16,40.5,74.0,58.0,17.36,1.217739,56.0,19.66,1.5950747,57.0,19.36,2.237033,28.0,21.33,1.3019433,59.5,18.955,4.219507705176107,0.14197026127038725,0.1764564373415567,0.15906469462968786,0.8522118751896328,4,72.0,65.0,77.0,77.0
2026-02-01,202605,72.0,72,72,72,0.852937,71.679596,0,1,350400820260520713,2026-09-17,Assis,1.200133,100447,1,0,1,36,,,,,47607,20.41,24.01,28.56,78.3,80.14,67.0,19.44,1.2091728,58.0,17.36,1.217739,56.0,19.66,1.5950747,57.0,19.36,2.237033,63.25,19.2175,4.290459441148391,0.07095173597228399,0.21292199724267125,0.24740817331384068,0.23001643060197186,5,65.0,77.0,77.0,66.0
2026-02-08,202606,65.0,65,65,65,0.5008905,64.71075,0,2,350400820260620713,2026-09-17,Assis,1.0003904,100447,1,0,1,31,,,,,47607,20.4,23.89,28.59,32.0,80.71,72.0,20.41,1.200133,67.0,19.44,1.2091728,58.0,17.36,1.217739,56.0,19.66,1.5950747,65.5,19.4025,4.189654742026425,-0.10080469912196577,-0.029852963149681777,0.11211729812070548,0.14660347419187492,6,77.0,77.0,66.0,38.0
2026-02-15,202607,77.0,77,77,77,0.76788056,76.65734,0,2,350400820260720713,2026-09-17,Assis,1.1288897,100447,1,0,1,32,,,,,47607,21.56,26.13,32.1,17.3,72.29,65.0,20.4,1.0003904,72.0,20.41,1.200133,67.0,19.44,1.2091728,58.0,17.36,1.217739,70.25,20.4525,4.356708826689592,0.1670540846631665,0.06624938554120074,0.13720112151348474,0.279171382783872,7,77.0,66.0,38.0,43.0
2026-02-22,202608,77.0,77,77,77,0.718047,76.65734,0,2,350400820260820713,2026-09-17,Assis,1.0996196,100447,1,0,1,37,,,,,47607,20.14,23.87,28.41,36.6,76.14,77.0,21.56,1.1288897,65.0,20.4,1.0003904,72.0,20.41,1.200133,67.0,19.44,1.2091728,72.75,20.627499999999998,4.356708826689592,0.0,0.1670540846631665,0.06624938554120074,0.13720112151348474,8,66.0,38.0,43.0,48.0
2026-03-01,202609,66.0,66,66,66,0.28033155,65.70629,0,1,350400820260920713,2026-09-17,Assis,0.906171,100447,0,0,1,40,,,,,47607,18.49,24.37,30.74,2.3,61.86,77.0,20.14,1.0996196,77.0,21.56,1.1288897,65.0,20.4,1.0003904,72.0,20.41,1.200133,71.25,20.1475,4.204692619390966,-0.15201620729862597,-0.15201620729862597,0.015037877364540542,-0.08576682175742523,9,38.0,43.0,48.0,54.0
2026-03-08,202610,38.0,38,38,38,0.0006501951,37.830894,0,1,350400820261020713,2026-09-17,Assis,0.53363603,100447,1,0,1,15,,,,,47607,19.44,22.56,26.4,149.6,83.29,66.0,18.49,0.906171,77.0,20.14,1.0996196,77.0,21.56,1.1288897,65.0,20.4,1.0003904,64.5,19.9075,3.6635616461296463,-0.5411309732613194,-0.6931471805599454,-0.6931471805599454,-0.5260930958967789,10,43.0,48.0,54.0,66.0
2026-03-15,202611,43.0,43,43,43,0.038307466,42.808647,0,1,350400820261120713,2026-09-17,Assis,0.7056868,100447,1,0,1,16,,,,,47607,20.71,25.43,31.29,15.8,71.57,38.0,19.44,0.53363603,66.0,18.49,0.906171,77.0,20.14,1.0996196,77.0,21.56,1.1288897,56.0,19.695,3.784189633918261,0.12062798778861472,-0.4205029854727047,-0.5725191927713307,-0.5725191927713307,11,48.0,54.0,66.0,77.0
2026-03-22,202612,48.0,48,48,48,0.47419542,47.786396,0,2,350400820261220713,2026-09-17,Assis,0.9869731,100447,1,0,1,28,,,,,47607,21.43,25.46,30.7,6.8,71.71,43.0,20.71,0.7056868,38.0,19.44,0.53363603,66.0,18.49,0.906171,77.0,20.14,1.0996196,48.75,20.0175,3.8918202981106265,0.10763066419236544,0.22825865198098017,-0.31287232128033926,-0.46488852857896523,12,54.0,66.0,77.0,41.0
2026-03-29,202613,54.0,54,54,54,0.82400805,53.759693,0,2,350400820261320713,2026-09-17,Assis,1.2055032,100447,1,0,1,32,,,,,47607,19.91,24.23,29.3,25.6,72.57,48.0,21.43,0.9869731,43.0,20.71,0.7056868,38.0,19.44,0.53363603,66.0,18.49,0.906171,45.75,20.372500000000002,4.007333185232471,0.11551288712184471,0.22314355131421015,0.3437715391028249,-0.19735943415849455,13,66.0,77.0,41.0,45.0
2026-04-05,202614,66.0,66,66,66,0.949579,65.70629,0,2,350400820261420713,2026-09-17,Assis,1.359749,100447,1,0,1,43,,,,,47607,19.97,23.8,29.0,33.9,75.29,54.0,19.91,1.2055032,48.0,21.43,0.9869731,43.0,20.71,0.7056868,38.0,19.44,0.53363603,52.75,20.505,4.204692619390966,0.19735943415849455,0.31287232128033926,0.4205029854727047,0.5411309732613194,14,77.0,41.0,45.0,46.0
2026-04-12,202615,77.0,77,77,77,0.9679142,76.65734,0,1,350400820261520713,2026-09-17,Assis,1.3803285,100447,0,1,1,35,,,,,47607,18.33,23.06,28.44,1.1,70.86,66.0,19.97,1.359749,54.0,19.91,1.2055032,48.0,21.43,0.9869731,43.0,20.71,0.7056868,61.25,19.91,4.356708826689592,0.15201620729862597,0.3493756414571205,0.46488852857896523,0.5725191927713307,15,41.0,45.0,46.0,24.0
2026-04-19,202616,41.0,41,41,41,0.014743632,40.817547,0,1,350400820261620713,2026-09-17,Assis,0.65049106,100447,0,0,1,20,,,,,47607,17.33,22.7,29.26,0.3,65.57,77.0,18.33,1.3803285,66.0,19.97,1.359749,54.0,19.91,1.2055032,48.0,21.43,0.9869731,59.5,18.884999999999998,3.7376696182833684,-0.6190392084062233,-0.4670230011075973,-0.26966356694910276,-0.15415067982725805,16,45.0,46.0,24.0,41.0
2026-04-26,202617,45.0,45,45,45,0.04756169,44.799744,0,1,350400820261720713,2026-09-17,Assis,0.72378606,100447,0,0,1,19,,,,,47607,18.63,22.27,27.04,37.9,80.86,41.0,17.33,0.65049106,77.0,18.33,1.3803285,66.0,19.97,1.359749,54.0,19.91,1.2055032,57.25,18.564999999999998,3.828641396489095,0.09097177820572666,-0.5280674302004966,-0.37605122290187065,-0.1786917887433761,17,46.0,24.0,41.0,45.0
2026-05-03,202618,46.0,46,46,46,0.2657979,45.795296,0,1,350400820261820713,2026-09-17,Assis,0.8817352,100447,0,0,1,35,,,,,47607,17.39,21.94,27.27,22.8,72.71,45.0,18.63,0.72378606,41.0,17.33,0.65049106,77.0,18.33,1.3803285,66.0,19.97,1.359749,52.25,17.92,3.8501476017100584,0.02150620522096336,0.11247798342669002,-0.5065612249795333,-0.3545450176809073,18,24.0,41.0,45.0,29.0
2026-05-10,202619,24.0,24,24,24,0.005561478,23.893198,0,1,350400820261920713,2026-09-17,Assis,0.53623205,100447,0,0,1,16,,,,,47607,10.84,15.41,20.6,31.2,79.86,46.0,17.39,0.8817352,45.0,18.63,0.72378606,41.0,17.33,0.65049106,77.0,18.33,1.3803285,39.0,16.0475,3.2188758248682006,-0.6312717768418579,-0.6097655716208945,-0.5187937934151678,-1.1378330018213911,19,41.0,45.0,29.0,21.0
2026-05-17,202620,41.0,41,41,41,0.552272,40.817547,0,1,350400820262020713,2026-09-17,Assis,1.0295105,100447,0,0,1,21,,,,,47607,15.2,17.6,20.96,55.2,87.86,24.0,10.84,0.53623205,46.0,17.39,0.8817352,45.0,18.63,0.72378606,41.0,17.33,0.65049106,39.0,15.515,3.7376696182833684,0.5187937934151678,-0.11247798342669002,-0.09097177820572666,0.0,20,45.0,29.0,21.0,34.0
2026-05-24,202621,45.0,45,45,45,0.8518712,44.799744,0,1,350400820262120713,2026-09-17,Assis,1.2613039,100447,0,0,1,26,,,,,47607,15.59,19.17,24.3,6.3,82.43,41.0,15.2,1.0295105,24.0,10.84,0.53623205,46.0,17.39,0.8817352,45.0,18.63,0.72378606,39.0,14.754999999999999,3.828641396489095,0.09097177820572666,0.6097655716208945,-0.02150620522096336,0.0,21,29.0,21.0,34.0,21.0
2026-05-31,202622,29.0,29,29,29,0.15198033,28.870947,0,1,350400820262220713,2026-09-17,Assis,0.77733463,100447,0,0,1,15,,,,,47607,12.07,16.89,22.9,0.0,75.71,45.0,15.59,1.2613039,41.0,15.2,1.0295105,24.0,10.84,0.53623205,46.0,17.39,0.8817352,34.75,13.425,3.4011973816621555,-0.4274440148269396,-0.33647223662121295,0.1823215567939549,-0.44895022004790297,22,21.0,34.0,21.0,28.0
2026-06-07,202623,21.0,21,21,21,0.014208439,20.906548,0,1,350400820262320713,2026-09-17,Assis,0.5595539,100447,0,0,1,13,,,,,47607,13.9,17.49,22.33,40.7,79.86,29.0,12.07,0.77733463,45.0,15.59,1.2613039,41.0,15.2,1.0295105,24.0,10.84,0.53623205,34.0,14.19,3.091042453358316,-0.3101549283038394,-0.737598943130779,-0.6466271649250523,-0.1278333715098845,23,34.0,21.0,28.0,10.0
2026-06-14,202624,34.0,34,34,34,0.61234236,33.848698,0,1,350400820262420713,2026-09-17,Assis,1.0725111,100447,0,0,1,14,,,,,47607,12.77,16.67,21.03,22.6,84.43,21.0,13.9,0.5595539,29.0,12.07,0.77733463,45.0,15.59,1.2613039,41.0,15.2,1.0295105,32.25,13.5825,3.5553480614894135,0.46430560813109745,0.15415067982725805,-0.27329333499968156,-0.1823215567939549,24,21.0,28.0,10.0,15.0
2026-06-21,202625,21.0,21,21,21,0.17740788,20.906548,0,1,350400820262520713,2026-09-17,Assis,0.76725405,100447,0,0,1,10,,,,,47607,10.84,14.69,19.39,21.9,86.14,34.0,12.77,1.0725111,21.0,13.9,0.5595539,29.0,12.07,0.77733463,45.0,15.59,1.2613039,26.25,12.395,3.091042453358316,-0.46430560813109745,0.0,-0.3101549283038394,-0.737598943130779,25,28.0,10.0,15.0,14.0
2026-06-28,202626,28.0,28,28,28,0.5535371,27.875397,0,1,350400820262620713,2026-09-17,Assis,1.0366819,100447,0,0,1,8,,,,,47607,16.47,20.74,26.46,0.3,74.57,21.0,10.84,0.76725405,34.0,12.77,1.0725111,21.0,13.9,0.5595539,29.0,12.07,0.77733463,26.0,13.495000000000001,3.367295829986474,0.2762533766281581,-0.18805223150293937,0.2762533766281581,-0.03390155167568132,26,10.0,15.0,14.0,14.0
2026-07-05,202627,10.0,10,10,10,0.004185891,9.955499,0,1,350400820262720713,2026-09-17,Assis,0.39700973,100447,0,0,1,8,,,,,47607,12.79,17.96,24.87,0.0,72.71,28.0,16.47,1.0366819,21.0,10.84,0.76725405,34.0,12.77,1.0725111,21.0,13.9,0.5595539,23.25,13.2175,2.3978952727983707,-0.9694005571881035,-0.6931471805599454,-1.1574527886910428,-0.6931471805599454,27,15.0,14.0,14.0,14.0
2026-07-12,202628,15.0,15,15,15,0.1404863,14.9332485,0,1,350400820262820713,2026-09-17,Assis,0.7004747,100447,0,0,1,5,,,,,47607,12.47,17.53,24.01,0.1,66.71,10.0,12.79,0.39700973,28.0,16.47,1.0366819,21.0,10.84,0.76725405,34.0,12.77,1.0725111,18.5,13.1425,2.772588722239781,0.3746934494414105,-0.594707107746693,-0.3184537311185349,-0.7827593392496324,28,14.0,14.0,14.0,15.0
2026-07-19,202629,14.0,14,14,14,0.32701942,13.937698,0,1,350400820262920713,2026-09-17,Assis,0.851717,100447,0,0,1,7,,,,,47607,15.63,19.26,24.2,60.5,69.0,15.0,12.47,0.7004747,10.0,12.79,0.39700973,28.0,16.47,1.0366819,21.0,10.84,0.76725405,16.75,14.34,2.70805020110221,-0.06453852113757108,0.3101549283038394,-0.6592456288842641,-0.382992252256106,29,14.0,14.0,15.0,11.0
2026-07-26,202630,14.0,14,14,14,0.48804414,13.937698,0,1,350400820263020713,2026-09-17,Assis,0.9889309,100447,0,0,1,6,,,,,47607,15.2,20.23,26.6,1.1,71.71,14.0,15.63,0.851717,15.0,12.47,0.7004747,10.0,12.79,0.39700973,28.0,16.47,1.0366819,13.25,14.0225,2.70805020110221,0.0,-0.06453852113757108,0.3101549283038394,-0.6592456288842641,30,14.0,15.0,11.0,16.0
2026-08-02,202631,14.0,14,14,14,0.49808165,13.937698,0,1,350400820263120713,2026-09-17,Assis,0.99821186,100447,0,0,1,9,,,,,47607,16.97,21.0,26.36,16.6,68.86,14.0,15.2,0.9889309,14.0,15.63,0.851717,15.0,12.47,0.7004747,10.0,12.79,0.39700973,14.25,15.067499999999999,2.70805020110221,0.0,0.0,-0.06453852113757108,0.3101549283038394,31,15.0,11.0,16.0,11.0
2026-08-09,202632,15.0,15,15,15,0.57260334,14.9332485,0,1,350400820263220713,2026-09-17,Assis,1.0692749,100447,0,0,1,7,,,,,47607,16.16,21.47,27.64,0.8,71.86,14.0,16.97,0.99821186,14.0,15.2,0.9889309,14.0,15.63,0.851717,15.0,12.47,0.7004747,14.25,15.99,2.772588722239781,0.06453852113757108,0.06453852113757108,0.06453852113757108,0.0,32,11.0,16.0,11.0,4.0
2026-08-16,202633,11.0,11,11,11,0.26936397,10.951049,0,1,350400820263320713,2026-09-17,Assis,0.78459483,100447,0,0,1,5,,,,,47607,16.46,22.21,28.8,0.0,58.0,15.0,16.16,1.0692749,14.0,16.97,0.99821186,14.0,15.2,0.9889309,14.0,15.63,0.851717,13.5,16.197499999999998,2.4849066497880004,-0.2876820724517808,-0.2231435513142097,-0.2231435513142097,-0.2231435513142097,33,16.0,11.0,4.0,
2026-08-23,202634,16.0,16,16,16,0.6645502,15.928799,0,1,350400820263420713,2026-09-17,Assis,1.1664188,100447,0,0,1,7,,,,,47607,15.44,20.4,26.26,13.1,68.0,11.0,16.46,0.78459483,15.0,16.16,1.0692749,14.0,16.97,0.99821186,14.0,15.2,0.9889309,14.0,16.2575,2.833213344056216,0.3483066942682158,0.06062462181643502,0.1251631429540061,0.1251631429540061,34,11.0,4.0,,
2026-08-30,202635,11.0,11,11,11,0.3171486,10.951049,0,1,350400820263520713,2026-09-17,Assis,0.8268704,100447,0,0,1,7,,,,,47607,16.89,21.43,27.53,43.5,73.14,16.0,15.44,1.1664188,11.0,16.46,0.78459483,15.0,16.16,1.0692749,14.0,16.97,0.99821186,13.25,16.237499999999997,2.4849066497880004,-0.3483066942682158,0.0,-0.2876820724517808,-0.2231435513142097,35,4.0,,,
2026-09-06,202636,4.0,4,4,4,0.011793441,3.9821997,0,1,350400820263620713,2026-09-17,Assis,0.31259277,100447,0,0,0,1,,,,,47607,15.24,18.13,21.94,64.3,84.71,11.0,16.89,0.8268704,16.0,15.44,1.1664188,11.0,16.46,0.78459483,15.0,16.16,1.0692749,10.5,16.0075,1.6094379124341003,-0.8754687373539001,-1.2237754316221159,-0.8754687373539001,-1.1631508098056809,36,,,,
