data_iniSE,SE,casos_est,casos_est_min,casos_est_max,casos,p_rt1,p_inc100k,Localidade_id,nivel,id,versao_modelo,municipio_nome,rt,pop,receptivo,transmissao,nivel_inc,casprov,casprov_est,casprov_est_min,casprov_est_max,casconf,notif_accum_year,tmin,tmed,tmax,precipitacao,umidade,casos_est_lag_1,tmin_lag_1,rt_lag_1,casos_est_lag_2,tmin_lag_2,rt_lag_2,casos_est_lag_3,tmin_lag_3,rt_lag_3,casos_est_lag_4,tmin_lag_4,rt_lag_4,casos_est_roll_4,tmin_roll_4,log_casos,var_log_1,var_log_2,var_log_3,var_log_4,semana_ano,tmed_s1,tmed_s2,tmed_s3,tmed_s4,precipitacao_s1,precipitacao_s2,precipitacao_s3,precipitacao_s4,umidade_s1,umidade_s2,umidade_s3,umidade_s4,target_h1,target_h2,target_h3,target_h4
2010-01-03,201001,0.0,0,0,0,0.0,0.0,0,1,250400920100119589,2023-08-20,Campina Grande,0.0,411807,0,0,0,0,,,,,19833,20.4,23.99,28.53,7.1,78.43,,,,,,,,,,,,,,,0.0,,,,,53,,,,,,,,,,,,,1.0,2.0,2.0,0.0
2010-01-10,201002,1.0,1,1,1,0.0,0.2428322,0,1,250400920100219589,2023-08-20,Campina Grande,0.0,411807,1,0,0,1,,,,,19833,20.37,24.09,28.76,4.9,79.14,0.0,20.4,0.0,,,,,,,,,,,,0.6931471805599453,0.6931471805599453,,,,1,23.99,,,,7.1,,,,78.43,,,,2.0,2.0,0.0,0.0
2010-01-17,201003,2.0,2,2,2,0.0,0.4856644,0,1,250400920100319589,2023-08-20,Campina Grande,0.0,411807,1,0,0,1,,,,,19833,20.56,23.46,27.56,33.4,83.0,1.0,20.37,0.0,0.0,20.4,0.0,,,,,,,,,1.0986122886681098,0.4054651081081645,1.0986122886681098,,,2,24.09,23.99,,,4.9,7.1,,,79.14,78.43,,,2.0,0.0,0.0,2.0
2010-01-24,201004,2.0,2,2,2,0.0,0.4856644,0,2,250400920100419589,2023-08-20,Campina Grande,0.0,411807,1,0,0,2,,,,,19833,21.39,24.67,29.56,13.0,80.14,2.0,20.56,0.0,1.0,20.37,0.0,0.0,20.4,0.0,,,,1.25,20.68,1.0986122886681098,0.0,0.4054651081081645,1.0986122886681098,,3,23.46,24.09,23.99,,33.4,4.9,7.1,,83.0,79.14,78.43,,0.0,0.0,2.0,3.0
2010-01-31,201005,0.0,0,0,0,0.0,0.0,0,1,250400920100519589,2023-08-20,Campina Grande,0.0,411807,0,0,0,0,,,,,19833,21.24,24.76,29.39,3.0,77.86,2.0,21.39,0.0,2.0,20.56,0.0,1.0,20.37,0.0,0.0,20.4,0.0,1.25,20.89,0.0,-1.0986122886681098,-1.0986122886681098,-0.6931471805599453,0.0,4,24.67,23.46,24.09,23.99,13.0,33.4,4.9,7.1,80.14,83.0,79.14,78.43,0.0,2.0,3.0,6.0
2010-02-07,201006,0.0,0,0,0,0.0,0.0,0,1,250400920100619589,2023-08-20,Campina Grande,0.0,411807,0,0,0,0,,,,,19833,21.1,24.5,29.27,9.4,80.57,0.0,21.24,0.0,2.0,21.39,0.0,2.0,20.56,0.0,1.0,20.37,0.0,1.0,21.072499999999998,0.0,0.0,-1.0986122886681098,-1.0986122886681098,-0.6931471805599453,5,24.76,24.67,23.46,24.09,3.0,13.0,33.4,4.9,77.86,80.14,83.0,79.14,2.0,3.0,6.0,7.0
2010-02-14,201007,2.0,2,2,2,0.82985884,0.4856644,0,1,250400920100719589,2023-08-20,Campina Grande,2.839549,411807,1,0,0,1,,,,,19833,21.4,24.49,28.97,17.3,81.43,0.0,21.1,0.0,0.0,21.24,0.0,2.0,21.39,0.0,2.0,20.56,0.0,1.0,21.2825,1.0986122886681098,1.0986122886681098,1.0986122886681098,0.0,0.0,6,24.5,24.76,24.67,23.46,9.4,3.0,13.0,33.4,80.57,77.86,80.14,83.0,3.0,6.0,7.0,9.0
2010-02-21,201008,3.0,3,3,3,0.9131757,0.7284966,0,1,250400920100819589,2023-08-20,Campina Grande,3.9323952,411807,1,0,0,3,,,,,19833,21.77,25.2,29.94,8.9,80.43,2.0,21.4,2.839549,0.0,21.1,0.0,0.0,21.24,0.0,2.0,21.39,0.0,1.25,21.377499999999998,1.3862943611198906,0.2876820724517808,1.3862943611198906,1.3862943611198906,0.2876820724517808,7,24.49,24.5,24.76,24.67,17.3,9.4,3.0,13.0,81.43,80.57,77.86,80.14,6.0,7.0,9.0,4.0
2010-02-28,201009,6.0,6,6,6,0.946421,1.4569932,0,2,250400920100919589,2023-08-20,Campina Grande,3.2312346,411807,1,0,1,6,,,,,19833,20.3,25.44,31.53,0.2,74.86,3.0,21.77,3.9323952,2.0,21.4,2.839549,0.0,21.1,0.0,0.0,21.24,0.0,2.75,21.142500000000002,1.9459101490553132,0.5596157879354227,0.8472978603872034,1.9459101490553132,1.9459101490553132,8,25.2,24.49,24.5,24.76,8.9,17.3,9.4,3.0,80.43,81.43,80.57,77.86,7.0,9.0,4.0,3.0
2010-03-07,201010,7.0,7,7,7,0.87136567,1.6998254,0,2,250400920101019589,2023-08-20,Campina Grande,1.9938475,411807,1,0,1,5,,,,,19833,20.99,25.96,31.99,0.4,73.43,6.0,20.3,3.2312346,3.0,21.77,3.9323952,2.0,21.4,2.839549,0.0,21.1,0.0,4.5,21.115,2.0794415416798357,0.13353139262452252,0.6931471805599452,0.980829253011726,2.0794415416798357,9,25.44,25.2,24.49,24.5,0.2,8.9,17.3,9.4,74.86,80.43,81.43,80.57,9.0,4.0,3.0,4.0
2010-03-14,201011,9.0,9,9,9,0.83654165,2.18549,0,2,250400920101119589,2023-08-20,Campina Grande,1.6644275,411807,1,0,1,7,,,,,19833,21.34,25.21,30.69,10.0,78.57,7.0,20.99,1.9938475,6.0,20.3,3.2312346,3.0,21.77,3.9323952,2.0,21.4,2.839549,6.25,21.1,2.302585092994046,0.22314355131421015,0.35667494393873267,0.9162907318741553,1.2039728043259361,10,25.96,25.44,25.2,24.49,0.4,0.2,8.9,17.3,73.43,74.86,80.43,81.43,4.0,3.0,4.0,3.0
2010-03-21,201012,4.0,4,4,4,0.18558615,0.9713288,0,2,250400920101219589,2023-08-20,Campina Grande,0.5874615,411807,1,0,0,3,,,,,19833,21.44,24.64,29.01,15.3,81.29,9.0,21.34,1.6644275,7.0,20.99,1.9938475,6.0,20.3,3.2312346,3.0,21.77,3.9323952,6.5,21.0175,1.6094379124341003,-0.6931471805599456,-0.47000362924573547,-0.33647223662121295,0.2231435513142097,11,25.21,25.96,25.44,25.2,10.0,0.4,0.2,8.9,78.57,73.43,74.86,80.43,3.0,4.0,3.0,4.0
2010-03-28,201013,3.0,3,3,3,0.101319045,0.7284966,0,2,250400920101319589,2023-08-20,Campina Grande,0.44433647,411807,1,0,0,3,,,,,19833,21.84,25.41,30.69,7.3,80.29,4.0,21.44,0.5874615,9.0,21.34,1.6644275,7.0,20.99,1.9938475,6.0,20.3,3.2312346,5.75,21.4025,1.3862943611198906,-0.2231435513142097,-0.9162907318741553,-0.6931471805599452,-0.5596157879354227,12,24.64,25.21,25.96,25.44,15.3,10.0,0.4,0.2,81.29,78.57,73.43,74.86,4.0,3.0,4.0,8.0
2010-04-04,201014,4.0,4,4,4,0.34861952,0.9713288,0,2,250400920101419589,2023-08-20,Campina Grande,0.7812021,411807,1,0,0,4,,,,,19833,22.1,25.09,29.71,18.2,82.43,3.0,21.84,0.44433647,4.0,21.44,0.5874615,9.0,21.34,1.6644275,7.0,20.99,1.9938475,5.0,21.680000000000003,1.6094379124341003,0.2231435513142097,0.0,-0.6931471805599456,-0.47000362924573547,13,25.41,24.64,25.21,25.96,7.3,15.3,10.0,0.4,80.29,81.29,78.57,73.43,3.0,4.0,8.0,8.0
2010-04-11,201015,3.0,3,3,3,0.37011218,0.7284966,0,2,250400920101519589,2023-08-20,Campina Grande,0.7869235,411807,1,0,0,3,,,,,19833,21.21,24.83,29.79,15.9,81.0,4.0,22.1,0.7812021,3.0,21.84,0.44433647,4.0,21.44,0.5874615,9.0,21.34,1.6644275,3.5,21.6475,1.3862943611198906,-0.2231435513142097,0.0,-0.2231435513142097,-0.9162907318741553,14,25.09,25.41,24.64,25.21,18.2,7.3,15.3,10.0,82.43,80.29,81.29,78.57,4.0,8.0,8.0,13.0
2010-04-18,201016,4.0,4,4,4,0.5734018,0.9713288,0,2,250400920101619589,2023-08-20,Campina Grande,1.1362495,411807,1,0,0,5,,,,,19833,20.87,24.31,28.71,18.4,81.57,3.0,21.21,0.7869235,4.0,22.1,0.7812021,3.0,21.84,0.44433647,4.0,21.44,0.5874615,3.5,21.505000000000003,1.6094379124341003,0.2231435513142097,0.0,0.2231435513142097,0.0,15,24.83,25.09,25.41,24.64,15.9,18.2,7.3,15.3,81.0,82.43,80.29,81.29,8.0,8.0,13.0,23.0
2010-04-25,201017,8.0,8,8,8,0.90386796,1.9426576,0,2,250400920101719589,2023-08-20,Campina Grande,2.1359332,411807,1,0,1,6,,,,,19833,20.57,24.47,29.29,5.7,80.0,4.0,20.87,1.1362495,3.0,21.21,0.7869235,4.0,22.1,0.7812021,3.0,21.84,0.44433647,4.75,21.1875,2.1972245773362196,0.5877866649021193,0.810930216216329,0.5877866649021193,0.810930216216329,16,24.31,24.83,25.09,25.41,18.4,15.9,18.2,7.3,81.57,81.0,82.43,80.29,8.0,13.0,23.0,18.0
2010-05-02,201018,8.0,8,8,8,0.8133609,1.9426576,0,2,250400920101819589,2023-08-20,Campina Grande,1.6262863,411807,1,0,1,7,,,,,19833,20.99,24.23,28.83,6.3,80.43,8.0,20.57,2.1359332,4.0,20.87,1.1362495,3.0,21.21,0.7869235,4.0,22.1,0.7812021,5.75,20.91,2.1972245773362196,0.0,0.5877866649021193,0.810930216216329,0.5877866649021193,17,24.47,24.31,24.83,25.09,5.7,18.4,15.9,18.2,80.0,81.57,81.0,82.43,13.0,23.0,18.0,32.0
2010-05-09,201019,13.0,13,13,13,0.9174144,3.1568186,0,2,250400920101919589,2023-08-20,Campina Grande,1.8632177,411807,1,0,1,11,,,,,19833,20.67,24.3,29.16,8.1,79.43,8.0,20.99,1.6262863,8.0,20.57,2.1359332,4.0,20.87,1.1362495,3.0,21.21,0.7869235,8.25,20.775000000000002,2.6390573296152584,0.44183275227903884,0.44183275227903884,1.0296194171811581,1.2527629684953678,18,24.23,24.47,24.31,24.83,6.3,5.7,18.4,15.9,80.43,80.0,81.57,81.0,23.0,18.0,32.0,29.0
2010-05-16,201020,23.0,23,23,23,0.99140036,5.5851407,0,2,250400920102019589,2023-08-20,Campina Grande,2.3603022,411807,1,1,1,18,,,,,19833,19.6,23.7,28.43,2.4,80.14,13.0,20.67,1.8632177,8.0,20.99,1.6262863,8.0,20.57,2.1359332,4.0,20.87,1.1362495,13.0,20.4575,3.1780538303479458,0.5389965007326873,0.9808292530117262,0.9808292530117262,1.5686159179138455,19,24.3,24.23,24.47,24.31,8.1,6.3,5.7,18.4,79.43,80.43,80.0,81.57,18.0,32.0,29.0,32.0
2010-05-23,201021,18.0,18,18,18,0.75695026,4.37098,0,2,250400920102119589,2023-08-20,Campina Grande,1.2757596,411807,1,0,1,18,,,,,19833,20.4,24.17,28.99,2.4,78.71,23.0,19.6,2.3603022,13.0,20.67,1.8632177,8.0,20.99,1.6262863,8.0,20.57,2.1359332,15.5,20.415,2.9444389791664403,-0.2336148511815055,0.30538164955118186,0.7472144018302207,0.7472144018302207,20,23.7,24.3,24.23,24.47,2.4,8.1,6.3,5.7,80.14,79.43,80.43,80.0,32.0,29.0,32.0,27.0
2010-05-30,201022,32.0,32,32,32,0.96902496,7.7706304,0,2,250400920102219589,2023-08-20,Campina Grande,1.695598,411807,1,1,2,29,,,,,19833,20.53,24.0,28.5,31.2,81.86,18.0,20.4,1.2757596,23.0,19.6,2.3603022,13.0,20.67,1.8632177,8.0,20.99,1.6262863,21.5,20.3,3.4965075614664802,0.55206858230004,0.3184537311185345,0.8574502318512218,1.2992829841302607,21,24.17,23.7,24.3,24.23,2.4,2.4,8.1,6.3,78.71,80.14,79.43,80.43,29.0,32.0,27.0,34.0
2010-06-06,201023,29.0,29,29,29,0.8079764,7.042134,0,4,250400920102319589,2023-08-20,Campina Grande,1.2722924,411807,1,0,2,27,,,,,19833,19.27,23.29,27.86,3.2,79.14,32.0,20.53,1.695598,18.0,20.4,1.2757596,23.0,19.6,2.3603022,13.0,20.67,1.8632177,25.5,19.950000000000003,3.4011973816621555,-0.09531017980432477,0.4567584024957152,0.2231435513142097,0.762140052046897,22,24.0,24.17,23.7,24.3,31.2,2.4,2.4,8.1,81.86,78.71,80.14,79.43,32.0,27.0,34.0,25.0
2010-06-13,201024,32.0,32,32,32,0.73667544,7.7706304,0,4,250400920102419589,2023-08-20,Campina Grande,1.1779007,411807,1,0,2,30,,,,,19833,19.94,21.86,24.74,27.9,87.14,29.0,19.27,1.2722924,32.0,20.53,1.695598,18.0,20.4,1.2757596,23.0,19.6,2.3603022,27.75,20.035,3.4965075614664802,0.09531017980432477,0.0,0.55206858230004,0.3184537311185345,23,23.29,24.0,24.17,23.7,3.2,31.2,2.4,2.4,79.14,81.86,78.71,80.14,27.0,34.0,25.0,26.0
2010-06-20,201025,27.0,27,27,27,0.36439344,6.5564694,0,4,250400920102519589,2023-08-20,Campina Grande,0.91250956,411807,1,0,2,24,,,,,19833,18.86,22.4,26.9,7.3,81.57,32.0,19.94,1.1779007,29.0,19.27,1.2722924,32.0,20.53,1.695598,18.0,20.4,1.2757596,30.0,19.650000000000002,3.332204510175204,-0.16430305129127643,-0.06899287148695166,-0.16430305129127643,0.38776553100876354,24,21.86,23.29,24.0,24.17,27.9,3.2,31.2,2.4,87.14,79.14,81.86,78.71,34.0,25.0,26.0,34.0
2010-06-27,201026,34.0,34,34,34,0.69437027,8.256295,0,4,250400920102619589,2023-08-20,Campina Grande,1.1347408,411807,1,0,2,28,,,,,19833,18.77,21.84,25.6,6.4,81.86,27.0,18.86,0.91250956,32.0,19.94,1.1779007,29.0,19.27,1.2722924,32.0,20.53,1.695598,30.5,19.21,3.5553480614894135,0.2231435513142097,0.058840500022933284,0.15415067982725805,0.058840500022933284,25,22.4,21.86,23.29,24.0,7.3,27.9,3.2,31.2,81.57,87.14,79.14,81.86,25.0,26.0,34.0,7.0
2010-07-04,201027,25.0,25,25,25,0.2565654,6.070805,0,2,250400920102719589,2023-08-20,Campina Grande,0.83889,411807,1,0,1,22,,,,,19833,18.5,21.9,26.41,9.5,80.71,34.0,18.77,1.1347408,27.0,18.86,0.91250956,32.0,19.94,1.1779007,29.0,19.27,1.2722924,29.5,19.0175,3.258096538021482,-0.2972515234679314,-0.07410797215372167,-0.2384110234449981,-0.14310084364067333,26,21.84,22.4,21.86,23.29,6.4,7.3,27.9,3.2,81.86,81.57,87.14,79.14,26.0,34.0,7.0,17.0
2010-07-11,201028,26.0,26,26,26,0.32210407,6.3136373,0,2,250400920102819589,2023-08-20,Campina Grande,0.88402826,411807,1,0,2,26,,,,,19833,19.46,22.06,25.76,21.7,87.0,25.0,18.5,0.83889,34.0,18.77,1.1347408,27.0,18.86,0.91250956,32.0,19.94,1.1779007,28.0,18.8975,3.295836866004329,0.03774032798284699,-0.2595111954850844,-0.03636764417087468,-0.2006706954621511,27,21.9,21.84,22.4,21.86,9.5,6.4,7.3,27.9,80.71,81.86,81.57,87.14,34.0,7.0,17.0,21.0
2010-07-18,201029,34.0,34,34,34,0.7814355,8.256295,0,4,250400920102919589,2023-08-20,Campina Grande,1.2172855,411807,1,0,2,32,,,,,19833,17.93,21.29,25.26,6.9,81.86,26.0,19.46,0.88402826,25.0,18.5,0.83889,34.0,18.77,1.1347408,27.0,18.86,0.91250956,29.75,18.665,3.5553480614894135,0.2595111954850844,0.2972515234679314,0.0,0.2231435513142097,28,22.06,21.9,21.84,22.4,21.7,9.5,6.4,7.3,87.0,80.71,81.86,81.57,7.0,17.0,21.0,36.0
2010-07-25,201030,7.0,7,7,7,0.00016314806,1.6998254,0,2,250400920103019589,2023-08-20,Campina Grande,0.25939003,411807,1,0,1,7,,,,,19833,18.26,21.09,24.63,7.1,81.86,34.0,17.93,1.2172855,26.0,19.46,0.88402826,25.0,18.5,0.83889,34.0,18.77,1.1347408,23.0,18.5375,2.0794415416798357,-1.4759065198095778,-1.2163953243244934,-1.1786549963416464,-1.4759065198095778,29,21.29,22.06,21.9,21.84,6.9,21.7,9.5,6.4,81.86,87.0,80.71,81.86,17.0,21.0,36.0,24.0
2010-08-01,201031,17.0,17,17,17,0.13500415,4.1281476,0,2,250400920103119589,2023-08-20,Campina Grande,0.7091892,411807,1,0,1,16,,,,,19833,17.33,20.66,24.76,7.9,82.29,7.0,18.26,0.25939003,34.0,17.93,1.2172855,26.0,19.46,0.88402826,25.0,18.5,0.83889,21.0,18.245,2.8903717578961645,0.8109302162163288,-0.664976303593249,-0.4054651081081646,-0.3677247801253176,30,21.09,21.29,22.06,21.9,7.1,6.9,21.7,9.5,81.86,81.86,87.0,80.71,21.0,36.0,24.0,7.0
2010-08-08,201032,21.0,21,21,21,0.69915116,5.0994763,0,2,250400920103219589,2023-08-20,Campina Grande,1.1806996,411807,1,0,1,17,,,,,19833,17.26,20.77,24.99,3.8,78.71,17.0,17.33,0.7091892,7.0,18.26,0.25939003,34.0,17.93,1.2172855,26.0,19.46,0.88402826,19.75,17.695,3.091042453358316,0.20067069546215155,1.0116009116784803,-0.46430560813109745,-0.20479441264601306,31,20.66,21.09,21.29,22.06,7.9,7.1,6.9,21.7,82.29,81.86,81.86,87.0,36.0,24.0,7.0,13.0
2010-08-15,201033,36.0,36,36,36,0.995119,8.74196,0,2,250400920103319589,2023-08-20,Campina Grande,2.0624237,411807,1,1,2,31,,,,,19833,16.83,21.21,26.27,2.3,76.86,21.0,17.26,1.1806996,17.0,17.33,0.7091892,7.0,18.26,0.25939003,34.0,17.93,1.2172855,20.25,17.42,3.6109179126442243,0.5198754592859083,0.7205461547480598,1.5314763709643886,0.055569851154810834,32,20.77,20.66,21.09,21.29,3.8,7.9,7.1,6.9,78.71,82.29,81.86,81.86,24.0,7.0,13.0,9.0
2010-08-22,201034,24.0,24,24,24,0.55673146,5.827973,0,2,250400920103419589,2023-08-20,Campina Grande,1.0421119,411807,1,0,1,22,,,,,19833,17.99,21.56,26.13,6.9,81.14,36.0,16.83,2.0624237,21.0,17.26,1.1806996,17.0,17.33,0.7091892,7.0,18.26,0.25939003,24.5,17.3525,3.2188758248682006,-0.3920420877760238,0.1278333715098845,0.32850406697203605,1.1394342831883648,33,21.21,20.77,20.66,21.09,2.3,3.8,7.9,7.1,76.86,78.71,82.29,81.86,7.0,13.0,9.0,8.0
2010-08-29,201035,7.0,7,7,7,0.00019996117,1.6998254,0,2,250400920103519589,2023-08-20,Campina Grande,0.2633361,411807,1,0,1,4,,,,,19833,18.19,21.59,26.27,8.9,79.0,24.0,17.99,1.0421119,36.0,16.83,2.0624237,21.0,17.26,1.1806996,17.0,17.33,0.7091892,22.0,17.5675,2.0794415416798357,-1.1394342831883648,-1.5314763709643886,-1.0116009116784803,-0.8109302162163288,34,21.56,21.21,20.77,20.66,6.9,2.3,3.8,7.9,81.14,76.86,78.71,82.29,13.0,9.0,8.0,8.0
2010-09-05,201036,13.0,13,13,13,0.06272444,3.1568186,0,2,250400920103619589,2023-08-20,Campina Grande,0.59384114,411807,1,0,1,9,,,,,19833,17.4,21.47,26.23,2.9,76.29,7.0,18.19,0.2633361,24.0,17.99,1.0421119,36.0,16.83,2.0624237,21.0,17.26,1.1806996,20.0,17.6025,2.6390573296152584,0.5596157879354227,-0.5798184952529422,-0.9718605830289659,-0.45198512374305766,35,21.59,21.56,21.21,20.77,8.9,6.9,2.3,3.8,79.0,81.14,76.86,78.71,9.0,8.0,8.0,11.0
2010-09-12,201037,9.0,9,9,9,0.13186282,2.18549,0,2,250400920103719589,2023-08-20,Campina Grande,0.6306734,411807,1,0,1,7,,,,,19833,17.63,21.81,26.93,7.0,76.71,13.0,17.4,0.59384114,7.0,18.19,0.2633361,24.0,17.99,1.0421119,36.0,16.83,2.0624237,13.25,17.8025,2.302585092994046,-0.3364722366212125,0.22314355131421015,-0.9162907318741547,-1.3083328196501784,36,21.47,21.59,21.56,21.21,2.9,8.9,6.9,2.3,76.29,79.0,81.14,76.86,8.0,8.0,11.0,9.0
2010-09-19,201038,8.0,8,8,8,0.24387228,1.9426576,0,2,250400920103819589,2023-08-20,Campina Grande,0.7307355,411807,1,0,1,6,,,,,19833,17.9,21.97,26.67,3.4,77.71,9.0,17.63,0.6306734,13.0,17.4,0.59384114,7.0,18.19,0.2633361,24.0,17.99,1.0421119,9.25,17.78,2.1972245773362196,-0.10536051565782634,-0.44183275227903884,0.11778303565638382,-1.021651247531981,37,21.81,21.47,21.59,21.56,7.0,2.9,8.9,6.9,76.71,76.29,79.0,81.14,8.0,11.0,9.0,9.0
2010-09-26,201039,8.0,8,8,8,0.3485552,1.9426576,0,2,250400920103919589,2023-08-20,Campina Grande,0.8339463,411807,1,0,1,5,,,,,19833,18.67,23.17,28.7,2.0,76.71,8.0,17.9,0.7307355,9.0,17.63,0.6306734,13.0,17.4,0.59384114,7.0,18.19,0.2633361,9.5,17.9,2.1972245773362196,0.0,-0.10536051565782634,-0.44183275227903884,0.11778303565638382,38,21.97,21.81,21.47,21.59,3.4,7.0,2.9,8.9,77.71,76.71,76.29,79.0,11.0,9.0,9.0,6.0
2010-10-03,201040,11.0,11,11,11,0.70744073,2.6711543,0,2,250400920104019589,2023-08-20,Campina Grande,1.2738688,411807,1,0,1,7,,,,,19833,18.06,23.64,30.31,0.2,71.71,8.0,18.67,0.8339463,8.0,17.9,0.7307355,9.0,17.63,0.6306734,13.0,17.4,0.59384114,9.0,18.064999999999998,2.4849066497880004,0.2876820724517808,0.2876820724517808,0.18232155679395445,-0.15415067982725805,39,23.17,21.97,21.81,21.47,2.0,3.4,7.0,2.9,76.71,77.71,76.71,76.29,9.0,9.0,6.0,13.0
2010-10-10,201041,9.0,9,9,9,0.5174678,2.18549,0,2,250400920104119589,2023-08-20,Campina Grande,1.0204768,411807,1,0,1,6,,,,,19833,19.03,23.9,29.66,2.0,72.14,11.0,18.06,1.2738688,8.0,18.67,0.8339463,8.0,17.9,0.7307355,9.0,17.63,0.6306734,9.0,18.415,2.302585092994046,-0.18232155679395445,0.10536051565782634,0.10536051565782634,0.0,40,23.64,23.17,21.97,21.81,0.2,2.0,3.4,7.0,71.71,76.71,77.71,76.71,9.0,6.0,13.0,9.0
2010-10-17,201042,9.0,9,9,9,0.4562667,2.18549,0,2,250400920104219589,2023-08-20,Campina Grande,0.9512384,411807,1,0,1,7,,,,,19833,20.06,23.9,28.87,17.7,78.29,9.0,19.03,1.0204768,11.0,18.06,1.2738688,8.0,18.67,0.8339463,8.0,17.9,0.7307355,9.25,18.955,2.302585092994046,0.0,-0.18232155679395445,0.10536051565782634,0.10536051565782634,41,23.9,23.64,23.17,21.97,2.0,0.2,2.0,3.4,72.14,71.71,76.71,77.71,6.0,13.0,9.0,13.0
2010-10-24,201043,6.0,6,6,6,0.19693543,1.4569932,0,2,250400920104319589,2023-08-20,Campina Grande,0.65058655,411807,1,0,1,3,,,,,19833,20.1,24.14,29.07,3.2,76.0,9.0,20.06,0.9512384,9.0,19.03,1.0204768,11.0,18.06,1.2738688,8.0,18.67,0.8339463,8.75,19.3125,1.9459101490553132,-0.35667494393873267,-0.35667494393873267,-0.5389965007326871,-0.25131442828090633,42,23.9,23.9,23.64,23.17,17.7,2.0,0.2,2.0,78.29,72.14,71.71,76.71,13.0,9.0,13.0,12.0
2010-10-31,201044,13.0,13,13,13,0.83661854,3.1568186,0,2,250400920104419589,2023-08-20,Campina Grande,1.5200477,411807,1,0,1,9,,,,,19833,19.54,24.0,29.29,4.0,75.14,6.0,20.1,0.65058655,9.0,20.06,0.9512384,9.0,19.03,1.0204768,11.0,18.06,1.2738688,9.25,19.6825,2.6390573296152584,0.6931471805599452,0.3364722366212125,0.3364722366212125,0.15415067982725805,43,24.14,23.9,23.9,23.64,3.2,17.7,2.0,0.2,76.0,78.29,72.14,71.71,9.0,13.0,12.0,4.0
2010-11-07,201045,9.0,9,9,9,0.5253275,2.18549,0,2,250400920104519589,2023-08-20,Campina Grande,1.0299039,411807,1,0,1,4,,,,,19833,19.8,23.9,29.16,3.8,75.14,13.0,19.54,1.5200477,6.0,20.1,0.65058655,9.0,20.06,0.9512384,9.0,19.03,1.0204768,9.25,19.875,2.302585092994046,-0.3364722366212125,0.35667494393873267,0.0,0.0,44,24.0,24.14,23.9,23.9,4.0,3.2,17.7,2.0,75.14,76.0,78.29,72.14,13.0,12.0,4.0,6.0
2010-11-14,201046,13.0,13,13,13,0.7349243,3.1568186,0,2,250400920104619589,2023-08-20,Campina Grande,1.2941785,411807,1,0,1,11,,,,,19833,18.64,24.2,30.61,0.1,70.86,9.0,19.8,1.0299039,13.0,19.54,1.5200477,6.0,20.1,0.65058655,9.0,20.06,0.9512384,10.25,19.52,2.6390573296152584,0.3364722366212125,0.0,0.6931471805599452,0.3364722366212125,45,23.9,24.0,24.14,23.9,3.8,4.0,3.2,17.7,75.14,75.14,76.0,78.29,12.0,4.0,6.0,10.0
2010-11-21,201047,12.0,12,12,12,0.593019,2.9139864,0,2,250400920104719589,2023-08-20,Campina Grande,1.1014566,411807,1,0,1,11,,,,,19833,19.64,24.39,30.19,0.1,72.14,13.0,18.64,1.2941785,9.0,19.8,1.0299039,13.0,19.54,1.5200477,6.0,20.1,0.65058655,11.75,19.405,2.5649493574615367,-0.07410797215372167,0.26236426446749084,-0.07410797215372167,0.6190392084062235,46,24.2,23.9,24.0,24.14,0.1,3.8,4.0,3.2,70.86,75.14,75.14,76.0,4.0,6.0,10.0,12.0
2010-11-28,201048,4.0,4,4,4,0.02587073,0.9713288,0,2,250400920104819589,2023-08-20,Campina Grande,0.35671955,411807,1,0,0,3,,,,,19833,19.49,24.23,29.83,1.4,72.57,12.0,19.64,1.1014566,13.0,18.64,1.2941785,9.0,19.8,1.0299039,13.0,19.54,1.5200477,9.5,19.3925,1.6094379124341003,-0.9555114450274365,-1.0296194171811581,-0.6931471805599456,-1.0296194171811581,47,24.39,24.2,23.9,24.0,0.1,0.1,3.8,4.0,72.14,70.86,75.14,75.14,6.0,10.0,12.0,11.0
2010-12-05,201049,6.0,6,6,6,0.16353494,1.4569932,0,2,250400920104919589,2023-08-20,Campina Grande,0.61418116,411807,1,0,1,6,,,,,19833,20.4,24.76,30.07,6.4,74.71,4.0,19.49,0.35671955,12.0,19.64,1.1014566,13.0,18.64,1.2941785,9.0,19.8,1.0299039,8.75,19.5425,1.9459101490553132,0.33647223662121295,-0.6190392084062235,-0.6931471805599452,-0.35667494393873267,48,24.23,24.39,24.2,23.9,1.4,0.1,0.1,3.8,72.57,72.14,70.86,75.14,10.0,12.0,11.0,13.0
2010-12-12,201050,10.0,10,10,10,0.7530562,2.428322,0,2,250400920105019589,2023-08-20,Campina Grande,1.3822331,411807,1,0,1,5,,,,,19833,20.33,24.06,29.29,18.7,77.43,6.0,20.4,0.61418116,4.0,19.49,0.35671955,12.0,19.64,1.1014566,13.0,18.64,1.2941785,8.0,19.965,2.3978952727983707,0.45198512374305744,0.7884573603642704,-0.16705408466316607,-0.24116205681688774,49,24.76,24.23,24.39,24.2,6.4,1.4,0.1,0.1,74.71,72.57,72.14,70.86,12.0,11.0,13.0,5.0
2010-12-19,201051,12.0,12,12,12,0.8735722,2.9139864,0,2,250400920105119589,2023-08-20,Campina Grande,1.6816462,411807,1,0,1,6,,,,,19833,20.41,24.34,29.14,7.2,78.0,10.0,20.33,1.3822331,6.0,20.4,0.61418116,4.0,19.49,0.35671955,12.0,19.64,1.1014566,8.0,20.1575,2.5649493574615367,0.16705408466316607,0.6190392084062235,0.9555114450274365,0.0,50,24.06,24.76,24.23,24.39,18.7,6.4,1.4,0.1,77.43,74.71,72.57,72.14,11.0,13.0,5.0,6.0
2010-12-26,201052,11.0,11,11,11,0.65794754,2.6711543,0,2,250400920105219589,2023-08-20,Campina Grande,1.1943934,411807,1,0,1,7,,,,,19833,19.59,24.39,29.81,0.3,72.71,12.0,20.41,1.6816462,10.0,20.33,1.3822331,6.0,20.4,0.61418116,4.0,19.49,0.35671955,9.75,20.1825,2.4849066497880004,-0.08004270767353638,0.08701137698962969,0.5389965007326871,0.8754687373539001,51,24.34,24.06,24.76,24.23,7.2,18.7,6.4,1.4,78.0,77.43,74.71,72.57,13.0,5.0,6.0,7.0
2011-01-02,201101,13.0,13,13,13,0.66800857,3.1568186,0,2,250400920110119589,2023-08-20,Campina Grande,1.1911445,411807,1,0,1,11,,,,,19833,20.49,24.21,29.09,6.6,76.0,11.0,19.59,1.1943934,12.0,20.41,1.6816462,10.0,20.33,1.3822331,6.0,20.4,0.61418116,11.5,20.205,2.6390573296152584,0.15415067982725805,0.07410797215372167,0.24116205681688774,0.6931471805599452,52,24.39,24.34,24.06,24.76,0.3,7.2,18.7,6.4,72.71,78.0,77.43,74.71,5.0,6.0,7.0,15.0
2011-01-09,201102,5.0,5,5,5,0.05267554,1.214161,0,2,250400920110219589,2023-08-20,Campina Grande,0.44347307,411807,1,0,0,3,,,,,19833,20.41,24.3,29.57,9.2,76.86,13.0,20.49,1.1911445,11.0,19.59,1.1943934,12.0,20.41,1.6816462,10.0,20.33,1.3822331,10.25,20.224999999999998,1.791759469228055,-0.8472978603872034,-0.6931471805599454,-0.7731898882334818,-0.6061358035703157,1,24.21,24.39,24.34,24.06,6.6,0.3,7.2,18.7,76.0,72.71,78.0,77.43,6.0,7.0,15.0,20.0
2011-01-16,201103,6.0,6,6,6,0.14695841,1.4569932,0,2,250400920110319589,2023-08-20,Campina Grande,0.5955485,411807,1,0,1,4,,,,,19833,20.57,24.04,29.0,22.5,79.0,5.0,20.41,0.44347307,13.0,20.49,1.1911445,11.0,19.59,1.1943934,12.0,20.41,1.6816462,8.75,20.265,1.9459101490553132,0.15415067982725827,-0.6931471805599452,-0.5389965007326871,-0.6190392084062235,2,24.3,24.21,24.39,24.34,9.2,6.6,0.3,7.2,76.86,76.0,72.71,78.0,7.0,15.0,20.0,21.0
2011-01-23,201104,7.0,7,7,7,0.43387946,1.6998254,0,2,250400920110419589,2023-08-20,Campina Grande,0.9188134,411807,1,0,1,4,,,,,19833,20.24,23.47,27.91,19.2,82.57,6.0,20.57,0.5955485,5.0,20.41,0.44347307,13.0,20.49,1.1911445,11.0,19.59,1.1943934,7.75,20.4275,2.0794415416798357,0.13353139262452252,0.2876820724517808,-0.5596157879354227,-0.4054651081081646,3,24.04,24.3,24.21,24.39,22.5,9.2,6.6,0.3,79.0,76.86,76.0,72.71,15.0,20.0,21.0,20.0
2011-01-30,201105,15.0,15,15,15,0.9639428,3.642483,0,2,250400920110519589,2023-08-20,Campina Grande,2.1867735,411807,1,1,1,14,,,,,19833,21.04,24.74,29.99,9.3,78.71,7.0,20.24,0.9188134,6.0,20.57,0.5955485,5.0,20.41,0.44347307,13.0,20.49,1.1911445,8.25,20.564999999999998,2.772588722239781,0.6931471805599454,0.8266785731844679,0.9808292530117262,0.13353139262452274,4,23.47,24.04,24.3,24.21,19.2,22.5,9.2,6.6,82.57,79.0,76.86,76.0,20.0,21.0,20.0,14.0
2011-02-06,201106,20.0,20,20,20,0.97903174,4.856644,0,3,250400920110619589,2023-08-20,Campina Grande,2.1545086,411807,1,1,1,18,,,,,19833,20.79,24.96,30.76,4.9,75.0,15.0,21.04,2.1867735,7.0,20.24,0.9188134,6.0,20.57,0.5955485,5.0,20.41,0.44347307,12.0,20.66,3.044522437723423,0.27193371548364187,0.9650808960435873,1.0986122886681098,1.252762968495368,5,24.74,23.47,24.04,24.3,9.3,19.2,22.5,9.2,78.71,82.57,79.0,76.86,21.0,20.0,14.0,16.0
2011-02-13,201107,21.0,21,21,21,0.88529587,5.0994763,0,2,250400920110719589,2023-08-20,Campina Grande,1.5001055,411807,1,0,1,19,,,,,19833,20.76,24.13,28.77,26.1,79.43,20.0,20.79,2.1545086,15.0,21.04,2.1867735,7.0,20.24,0.9188134,6.0,20.57,0.5955485,15.75,20.7075,3.091042453358316,0.04652001563489305,0.3184537311185349,1.0116009116784803,1.1451323043030028,6,24.96,24.74,23.47,24.04,4.9,9.3,19.2,22.5,75.0,78.71,82.57,79.0,20.0,14.0,16.0,15.0
2011-02-20,201108,20.0,20,20,20,0.6174207,4.856644,0,2,250400920110819589,2023-08-20,Campina Grande,1.1004231,411807,1,0,1,20,,,,,19833,20.86,24.04,28.47,21.3,83.14,21.0,20.76,1.5001055,20.0,20.79,2.1545086,15.0,21.04,2.1867735,7.0,20.24,0.9188134,19.0,20.8625,3.044522437723423,-0.04652001563489305,0.0,0.27193371548364187,0.9650808960435873,7,24.13,24.96,24.74,23.47,26.1,4.9,9.3,19.2,79.43,75.0,78.71,82.57,14.0,16.0,15.0,37.0
2011-02-27,201109,14.0,14,14,14,0.1612558,3.3996508,0,2,250400920110919589,2023-08-20,Campina Grande,0.7123164,411807,1,0,1,12,,,,,19833,20.39,24.46,29.93,22.6,79.14,20.0,20.86,1.1004231,21.0,20.76,1.5001055,20.0,20.79,2.1545086,15.0,21.04,2.1867735,18.75,20.7,2.70805020110221,-0.33647223662121295,-0.382992252256106,-0.33647223662121295,-0.06453852113757108,8,24.04,24.13,24.96,24.74,21.3,26.1,4.9,9.3,83.14,79.43,75.0,78.71,16.0,15.0,37.0,25.0
2011-03-06,201110,16.0,16,16,16,0.33571574,3.8853152,0,2,250400920111019589,2023-08-20,Campina Grande,0.86678964,411807,1,0,1,17,,,,,19833,20.79,24.51,29.43,14.9,80.86,14.0,20.39,0.7123164,20.0,20.86,1.1004231,21.0,20.76,1.5001055,20.0,20.79,2.1545086,17.75,20.7,2.833213344056216,0.1251631429540061,-0.21130909366720685,-0.2578291093020999,-0.21130909366720685,9,24.46,24.04,24.13,24.96,22.6,21.3,26.1,4.9,79.14,83.14,79.43,75.0,15.0,37.0,25.0,41.0
2011-03-13,201111,15.0,15,15,15,0.4048062,3.642483,0,2,250400920111119589,2023-08-20,Campina Grande,0.9185285,411807,1,0,1,12,,,,,19833,20.33,25.0,30.81,2.2,75.14,16.0,20.79,0.86678964,14.0,20.39,0.7123164,20.0,20.86,1.1004231,21.0,20.76,1.5001055,16.25,20.592499999999998,2.772588722239781,-0.06062462181643502,0.06453852113757108,-0.27193371548364187,-0.3184537311185349,10,24.51,24.46,24.04,24.13,14.9,22.6,21.3,26.1,80.86,79.14,83.14,79.43,37.0,25.0,41.0,15.0
2011-03-20,201112,37.0,37,37,37,0.99781334,8.984792,0,2,250400920111219589,2023-08-20,Campina Grande,2.2324822,411807,1,1,2,31,,,,,19833,20.63,24.96,30.61,12.9,77.14,15.0,20.33,0.9185285,16.0,20.79,0.86678964,14.0,20.39,0.7123164,20.0,20.86,1.1004231,20.5,20.534999999999997,3.6375861597263857,0.8649974374866045,0.8043728156701695,0.9295359586241756,0.5930637220029626,11,25.0,24.51,24.46,24.04,2.2,14.9,22.6,21.3,75.14,80.86,79.14,83.14,25.0,41.0,15.0,22.0
2011-03-27,201113,25.0,25,25,25,0.7239609,6.070805,0,2,250400920111319589,2023-08-20,Campina Grande,1.1901528,411807,1,0,1,23,,,,,19833,21.01,24.91,30.07,16.2,79.57,37.0,20.63,2.2324822,15.0,20.33,0.9185285,16.0,20.79,0.86678964,14.0,20.39,0.7123164,23.25,20.689999999999998,3.258096538021482,-0.3794896217049035,0.485507815781701,0.42488319396526597,0.5500463369192721,12,24.96,25.0,24.51,24.46,12.9,2.2,14.9,22.6,77.14,75.14,80.86,79.14,41.0,15.0,22.0,10.0
2011-04-03,201114,41.0,41,41,41,0.94903505,9.9561205,0,2,250400920111419589,2023-08-20,Campina Grande,1.4864804,411807,1,0,2,35,,,,,19833,21.13,24.61,29.46,8.6,81.14,25.0,21.01,1.1901528,37.0,20.63,2.2324822,15.0,20.33,0.9185285,16.0,20.79,0.86678964,29.5,20.775,3.7376696182833684,0.4795730802618863,0.10008345855698275,0.9650808960435873,0.9044562742271522,13,24.91,24.96,25.0,24.51,16.2,12.9,2.2,14.9,79.57,77.14,75.14,80.86,15.0,22.0,10.0,21.0
2011-04-10,201115,15.0,15,15,15,0.009423372,3.642483,0,2,250400920111519589,2023-08-20,Campina Grande,0.4911621,411807,1,0,1,11,,,,,19833,20.83,23.56,27.59,18.5,84.0,41.0,21.13,1.4864804,25.0,21.01,1.1901528,37.0,20.63,2.2324822,15.0,20.33,0.9185285,29.5,20.9,2.772588722239781,-0.9650808960435873,-0.485507815781701,-0.8649974374866045,0.0,14,24.61,24.91,24.96,25.0,8.6,16.2,12.9,2.2,81.14,79.57,77.14,75.14,22.0,10.0,21.0,19.0
2011-04-17,201116,22.0,22,22,22,0.15197931,5.3423085,0,2,250400920111619589,2023-08-20,Campina Grande,0.7511206,411807,1,0,1,18,,,,,19833,20.16,22.87,26.5,40.6,87.14,15.0,20.83,0.4911621,41.0,21.13,1.4864804,25.0,21.01,1.1901528,37.0,20.63,2.2324822,25.75,20.7825,3.1354942159291497,0.36290549368936853,-0.6021754023542187,-0.12260232209233246,-0.502091943797236,15,23.56,24.61,24.91,24.96,18.5,8.6,16.2,12.9,84.0,81.14,79.57,77.14,10.0,21.0,19.0,23.0
2011-04-24,201117,10.0,10,10,10,0.008978265,2.428322,0,2,250400920111719589,2023-08-20,Campina Grande,0.42947978,411807,1,0,1,7,,,,,19833,20.64,23.87,28.64,33.8,81.57,22.0,20.16,0.7511206,15.0,20.83,0.4911621,41.0,21.13,1.4864804,25.0,21.01,1.1901528,22.0,20.689999999999998,2.3978952727983707,-0.737598943130779,-0.3746934494414105,-1.3397743454849977,-0.8602012652231115,16,22.87,23.56,24.61,24.91,40.6,18.5,8.6,16.2,87.14,84.0,81.14,79.57,21.0,19.0,23.0,10.0
2011-05-01,201118,21.0,21,21,21,0.66904515,5.0994763,0,2,250400920111819589,2023-08-20,Campina Grande,1.148218,411807,1,0,1,17,,,,,19833,20.59,22.84,26.34,53.9,91.14,10.0,20.64,0.42947978,22.0,20.16,0.7511206,15.0,20.83,0.4911621,41.0,21.13,1.4864804,17.0,20.555,3.091042453358316,0.6931471805599454,-0.04445176257083361,0.3184537311185349,-0.6466271649250523,17,23.87,22.87,23.56,24.61,33.8,40.6,18.5,8.6,81.57,87.14,84.0,81.14,19.0,23.0,10.0,16.0
2011-05-08,201119,19.0,19,19,19,0.669939,4.613812,0,2,250400920111919589,2023-08-20,Campina Grande,1.1574805,411807,1,0,1,15,,,,,19833,19.41,22.57,26.31,9.5,85.29,21.0,20.59,1.148218,10.0,20.64,0.42947978,22.0,20.16,0.7511206,15.0,20.83,0.4911621,18.0,20.2,2.995732273553991,-0.09531017980432521,0.5978370007556202,-0.13976194237515882,0.2231435513142097,18,22.84,23.87,22.87,23.56,53.9,33.8,40.6,18.5,91.14,81.57,87.14,84.0,23.0,10.0,16.0,11.0
2011-05-15,201120,23.0,23,23,23,0.7902612,5.5851407,0,2,250400920112019589,2023-08-20,Campina Grande,1.285165,411807,1,0,1,20,,,,,19833,19.84,22.71,26.84,35.6,87.14,19.0,19.41,1.1574805,21.0,20.59,1.148218,10.0,20.64,0.42947978,22.0,20.16,0.7511206,18.25,20.12,3.1780538303479458,0.1823215567939549,0.08701137698962969,0.7801585575495751,0.04255961441879608,19,22.57,22.84,23.87,22.87,9.5,53.9,33.8,40.6,85.29,91.14,81.57,87.14,10.0,16.0,11.0,19.0
2011-05-22,201121,10.0,10,10,10,0.037865777,2.428322,0,2,250400920112119589,2023-08-20,Campina Grande,0.51530445,411807,1,0,1,7,,,,,19833,19.97,22.91,26.79,9.1,84.43,23.0,19.84,1.285165,19.0,19.41,1.1574805,21.0,20.59,1.148218,10.0,20.64,0.42947978,18.25,19.9525,2.3978952727983707,-0.7801585575495751,-0.5978370007556202,-0.6931471805599454,0.0,20,22.71,22.57,22.84,23.87,35.6,9.5,53.9,33.8,87.14,85.29,91.14,81.57,16.0,11.0,19.0,10.0
2011-05-29,201122,16.0,16,16,16,0.3492737,3.8853152,0,2,250400920112219589,2023-08-20,Campina Grande,0.8773,411807,1,0,1,12,,,,,19833,19.44,22.59,26.57,9.9,85.0,10.0,19.97,0.51530445,23.0,19.84,1.285165,19.0,19.41,1.1574805,21.0,20.59,1.148218,17.0,19.665,2.833213344056216,0.4353180712578455,-0.3448404862917296,-0.1625189294977747,-0.2578291093020999,21,22.91,22.71,22.57,22.84,9.1,35.6,9.5,53.9,84.43,87.14,85.29,91.14,11.0,19.0,10.0,8.0
2011-06-05,201123,11.0,11,11,11,0.2047576,2.6711543,0,2,250400920112319589,2023-08-20,Campina Grande,0.7265306,411807,1,0,1,9,,,,,19833,19.11,22.27,26.0,13.7,84.43,16.0,19.44,0.8773,10.0,19.97,0.51530445,23.0,19.84,1.285165,19.0,19.41,1.1574805,15.0,19.59,2.4849066497880004,-0.3483066942682158,0.08701137698962969,-0.6931471805599454,-0.5108256237659905,22,22.59,22.91,22.71,22.57,9.9,9.1,35.6,9.5,85.0,84.43,87.14,85.29,19.0,10.0,8.0,10.0
2011-06-12,201124,19.0,19,19,19,0.82068497,4.613812,0,2,250400920112419589,2023-08-20,Campina Grande,1.3749074,411807,1,0,1,15,,,,,19833,18.77,21.93,26.03,58.3,83.29,11.0,19.11,0.7265306,16.0,19.44,0.8773,10.0,19.97,0.51530445,23.0,19.84,1.285165,14.0,19.322499999999998,2.995732273553991,0.5108256237659905,0.1625189294977747,0.5978370007556202,-0.1823215567939549,23,22.27,22.59,22.91,22.71,13.7,9.9,9.1,35.6,84.43,85.0,84.43,87.14,10.0,8.0,10.0,11.0
2011-06-19,201125,10.0,10,10,10,0.20019962,2.428322,0,2,250400920112519589,2023-08-20,Campina Grande,0.7121662,411807,1,0,1,7,,,,,19833,19.24,22.16,26.17,11.8,84.29,19.0,18.77,1.3749074,11.0,19.11,0.7265306,16.0,19.44,0.8773,10.0,19.97,0.51530445,14.0,19.14,2.3978952727983707,-0.5978370007556202,-0.08701137698962969,-0.4353180712578455,0.0,24,21.93,22.27,22.59,22.91,58.3,13.7,9.9,9.1,83.29,84.43,85.0,84.43,8.0,10.0,11.0,8.0
2011-06-26,201126,8.0,8,8,8,0.094479635,1.9426576,0,2,250400920112619589,2023-08-20,Campina Grande,0.5712451,411807,1,0,1,7,,,,,19833,18.84,21.59,25.56,28.4,85.43,10.0,19.24,0.7121662,19.0,18.77,1.3749074,11.0,19.11,0.7265306,16.0,19.44,0.8773,12.0,18.990000000000002,2.1972245773362196,-0.2006706954621511,-0.7985076962177713,-0.2876820724517808,-0.6359887667199966,25,22.16,21.93,22.27,22.59,11.8,58.3,13.7,9.9,84.29,83.29,84.43,85.0,10.0,11.0,8.0,6.0
2011-07-03,201127,10.0,10,10,10,0.35260844,2.428322,0,2,250400920112719589,2023-08-20,Campina Grande,0.8526076,411807,1,0,1,6,,,,,19833,18.89,21.56,24.99,96.4,87.43,8.0,18.84,0.5712451,10.0,19.24,0.7121662,19.0,18.77,1.3749074,11.0,19.11,0.7265306,11.75,18.935000000000002,2.3978952727983707,0.2006706954621511,0.0,-0.5978370007556202,-0.08701137698962969,26,21.59,22.16,21.93,22.27,28.4,11.8,58.3,13.7,85.43,84.29,83.29,84.43,11.0,8.0,6.0,7.0
2011-07-10,201128,11.0,11,11,11,0.61459064,2.6711543,0,2,250400920112819589,2023-08-20,Campina Grande,1.133835,411807,1,0,1,6,,,,,19833,18.27,20.66,24.07,59.1,89.29,10.0,18.89,0.8526076,8.0,18.84,0.5712451,10.0,19.24,0.7121662,19.0,18.77,1.3749074,9.75,18.81,2.4849066497880004,0.08701137698962969,0.2876820724517808,0.08701137698962969,-0.5108256237659905,27,21.56,21.59,22.16,21.93,96.4,28.4,11.8,58.3,87.43,85.43,84.29,83.29,8.0,6.0,7.0,5.0
2011-07-17,201129,8.0,8,8,8,0.3441357,1.9426576,0,2,250400920112919589,2023-08-20,Campina Grande,0.8294965,411807,1,0,1,5,,,,,19833,17.74,20.9,24.54,30.6,83.29,11.0,18.27,1.133835,10.0,18.89,0.8526076,8.0,18.84,0.5712451,10.0,19.24,0.7121662,9.25,18.435000000000002,2.1972245773362196,-0.2876820724517808,-0.2006706954621511,0.0,-0.2006706954621511,28,20.66,21.56,21.59,22.16,59.1,96.4,28.4,11.8,89.29,87.43,85.43,84.29,6.0,7.0,5.0,4.0
2011-07-24,201130,6.0,6,6,6,0.17653422,1.4569932,0,2,250400920113019589,2023-08-20,Campina Grande,0.6284967,411807,1,0,1,6,,,,,19833,17.8,20.93,25.03,11.0,84.71,8.0,17.74,0.8294965,11.0,18.27,1.133835,10.0,18.89,0.8526076,8.0,18.84,0.5712451,8.75,18.175,1.9459101490553132,-0.25131442828090633,-0.5389965007326871,-0.45198512374305744,-0.25131442828090633,29,20.9,20.66,21.56,21.59,30.6,59.1,96.4,28.4,83.29,89.29,87.43,85.43,7.0,5.0,4.0,4.0
2011-07-31,201131,7.0,7,7,7,0.37007043,1.6998254,0,2,250400920113119589,2023-08-20,Campina Grande,0.84748757,411807,1,0,1,7,,,,,19833,17.77,21.67,25.96,7.1,84.71,6.0,17.8,0.6284967,8.0,17.74,0.8294965,11.0,18.27,1.133835,10.0,18.89,0.8526076,8.0,17.895,2.0794415416798357,0.13353139262452252,-0.11778303565638382,-0.4054651081081646,-0.3184537311185349,30,20.93,20.9,20.66,21.56,11.0,30.6,59.1,96.4,84.71,83.29,89.29,87.43,5.0,4.0,4.0,2.0
2011-08-07,201132,5.0,5,5,5,0.28064033,1.214161,0,2,250400920113219589,2023-08-20,Campina Grande,0.7212432,411807,1,0,0,3,,,,,19833,17.67,21.27,25.87,5.1,80.71,7.0,17.77,0.84748757,6.0,17.8,0.6284967,8.0,17.74,0.8294965,11.0,18.27,1.133835,6.5,17.745,1.791759469228055,-0.2876820724517808,-0.15415067982725827,-0.4054651081081646,-0.6931471805599454,31,21.67,20.93,20.9,20.66,7.1,11.0,30.6,59.1,84.71,84.71,83.29,89.29,4.0,4.0,2.0,2.0
2011-08-14,201133,4.0,4,4,4,0.23971944,0.9713288,0,2,250400920113319589,2023-08-20,Campina Grande,0.6501669,411807,1,0,0,3,,,,,19833,17.21,20.89,25.03,7.3,82.43,5.0,17.67,0.7212432,7.0,17.77,0.84748757,6.0,17.8,0.6284967,8.0,17.74,0.8294965,5.5,17.6125,1.6094379124341003,-0.18232155679395468,-0.47000362924573547,-0.33647223662121295,-0.5877866649021193,32,21.27,21.67,20.93,20.9,5.1,7.1,11.0,30.6,80.71,84.71,84.71,83.29,4.0,2.0,2.0,1.0
2011-08-21,201134,4.0,4,4,4,0.33523017,0.9713288,0,2,250400920113419589,2023-08-20,Campina Grande,0.7643447,411807,1,0,0,1,,,,,19833,18.21,21.1,24.94,9.7,85.71,4.0,17.21,0.6501669,5.0,17.67,0.7212432,7.0,17.77,0.84748757,6.0,17.8,0.6284967,5.0,17.715000000000003,1.6094379124341003,0.0,-0.18232155679395468,-0.47000362924573547,-0.33647223662121295,33,20.89,21.27,21.67,20.93,7.3,5.1,7.1,11.0,82.43,80.71,84.71,84.71,2.0,2.0,1.0,2.0
2011-08-28,201135,2.0,2,2,2,0.16101788,0.4856644,0,2,250400920113519589,2023-08-20,Campina Grande,0.46651554,411807,1,0,0,1,,,,,19833,17.96,21.83,26.94,3.0,78.71,4.0,18.21,0.7643447,4.0,17.21,0.6501669,5.0,17.67,0.7212432,7.0,17.77,0.84748757,3.75,17.762500000000003,1.0986122886681098,-0.5108256237659905,-0.5108256237659905,-0.6931471805599452,-0.980829253011726,34,21.1,20.89,21.27,21.67,9.7,7.3,5.1,7.1,85.71,82.43,80.71,84.71,2.0,1.0,2.0,1.0
2011-09-04,201136,2.0,2,2,2,0.24841724,0.4856644,0,2,250400920113619589,2023-08-20,Campina Grande,0.5784747,411807,1,0,0,2,,,,,19833,17.33,21.46,26.14,1.6,76.71,2.0,17.96,0.46651554,4.0,18.21,0.7643447,4.0,17.21,0.6501669,5.0,17.67,0.7212432,3.0,17.677500000000002,1.0986122886681098,0.0,-0.5108256237659905,-0.5108256237659905,-0.6931471805599452,35,21.83,21.1,20.89,21.27,3.0,9.7,7.3,5.1,78.71,85.71,82.43,80.71,1.0,2.0,1.0,1.0
2011-09-11,201137,1.0,1,1,1,0.17161305,0.2428322,0,2,250400920113719589,2023-08-20,Campina Grande,0.3932721,411807,1,0,0,1,,,,,19833,18.61,22.06,26.41,5.2,79.71,2.0,17.33,0.5784747,2.0,17.96,0.46651554,4.0,18.21,0.7643447,4.0,17.21,0.6501669,2.25,18.0275,0.6931471805599453,-0.4054651081081645,-0.4054651081081645,-0.916290731874155,-0.916290731874155,36,21.46,21.83,21.1,20.89,1.6,3.0,9.7,7.3,76.71,78.71,85.71,82.43,2.0,1.0,1.0,5.0
2011-09-18,201138,2.0,2,2,2,0.5302512,0.4856644,0,2,250400920113819589,2023-08-20,Campina Grande,1.0717255,411807,1,0,0,2,,,,,19833,17.63,21.7,26.87,2.8,76.57,1.0,18.61,0.3932721,2.0,17.33,0.5784747,2.0,17.96,0.46651554,4.0,18.21,0.7643447,1.75,17.8825,1.0986122886681098,0.4054651081081645,0.0,0.0,-0.5108256237659905,37,22.06,21.46,21.83,21.1,5.2,1.6,3.0,9.7,79.71,76.71,78.71,85.71,1.0,1.0,5.0,0.0
2011-09-25,201139,1.0,1,1,1,0.34220475,0.2428322,0,2,250400920113919589,2023-08-20,Campina Grande,0.6463839,411807,1,0,0,1,,,,,19833,18.84,22.8,28.0,1.8,76.86,2.0,17.63,1.0717255,1.0,18.61,0.3932721,2.0,17.33,0.5784747,2.0,17.96,0.46651554,1.5,18.1025,0.6931471805599453,-0.4054651081081645,0.0,-0.4054651081081645,-0.4054651081081645,38,21.7,22.06,21.46,21.83,2.8,5.2,1.6,3.0,76.57,79.71,76.71,78.71,1.0,5.0,0.0,1.0
2011-10-02,201140,1.0,1,1,1,0.36520946,0.2428322,0,2,250400920114019589,2023-08-20,Campina Grande,0.6881347,411807,1,0,0,0,,,,,19833,18.24,22.81,28.14,3.3,76.57,1.0,18.84,0.6463839,2.0,17.63,1.0717255,1.0,18.61,0.3932721,2.0,17.33,0.5784747,1.25,18.33,0.6931471805599453,0.0,-0.4054651081081645,0.0,-0.4054651081081645,39,22.8,21.7,22.06,21.46,1.8,2.8,5.2,1.6,76.86,76.57,79.71,76.71,5.0,0.0,1.0,0.0
2011-10-09,201141,5.0,5,5,5,0.938762,1.214161,0,2,250400920114119589,2023-08-20,Campina Grande,3.429502,411807,1,0,0,5,,,,,19833,19.03,22.96,27.7,3.6,79.71,1.0,18.24,0.6881347,1.0,18.84,0.6463839,2.0,17.63,1.0717255,1.0,18.61,0.3932721,2.25,18.435,1.791759469228055,1.0986122886681096,1.0986122886681096,0.6931471805599452,1.0986122886681096,40,22.81,22.8,21.7,22.06,3.3,1.8,2.8,5.2,76.57,76.86,76.57,79.71,0.0,1.0,0.0,3.0
2011-10-16,201142,0.0,0,0,0,0.0,0.0,0,1,250400920114219589,2023-08-20,Campina Grande,0.0,411807,0,0,0,0,,,,,19833,19.81,23.26,27.79,5.4,80.43,5.0,19.03,3.429502,1.0,18.24,0.6881347,1.0,18.84,0.6463839,2.0,17.63,1.0717255,1.75,18.98,0.0,-1.791759469228055,-0.6931471805599453,-0.6931471805599453,-1.0986122886681098,41,22.96,22.81,22.8,21.7,3.6,3.3,1.8,2.8,79.71,76.57,76.86,76.57,1.0,0.0,3.0,3.0
2011-10-23,201143,1.0,1,1,1,0.19564843,0.2428322,0,1,250400920114319589,2023-08-20,Campina Grande,0.4248694,411807,1,0,0,1,,,,,19833,18.91,23.17,28.2,4.1,77.71,0.0,19.81,0.0,5.0,19.03,3.429502,1.0,18.24,0.6881347,1.0,18.84,0.6463839,1.75,18.9975,0.6931471805599453,0.6931471805599453,-1.0986122886681096,0.0,0.0,42,23.26,22.96,22.81,22.8,5.4,3.6,3.3,1.8,80.43,79.71,76.57,76.86,0.0,3.0,3.0,3.0
2011-10-30,201144,0.0,0,0,0,0.0,0.0,0,1,250400920114419589,2023-08-20,Campina Grande,0.0,411807,0,0,0,0,,,,,19833,19.73,23.54,28.14,5.6,79.29,1.0,18.91,0.4248694,0.0,19.81,0.0,5.0,19.03,3.429502,1.0,18.24,0.6881347,1.5,19.37,0.0,-0.6931471805599453,0.0,-1.791759469228055,-0.6931471805599453,43,23.17,23.26,22.96,22.81,4.1,5.4,3.6,3.3,77.71,80.43,79.71,76.57,3.0,3.0,3.0,1.0
2011-11-06,201145,3.0,3,3,3,0.9019246,0.7284966,0,1,250400920114519589,2023-08-20,Campina Grande,3.5909278,411807,1,0,0,0,,,,,19833,19.21,23.13,27.84,10.2,78.0,0.0,19.73,0.0,1.0,18.91,0.4248694,0.0,19.81,0.0,5.0,19.03,3.429502,1.0,19.415,1.3862943611198906,1.3862943611198906,0.6931471805599453,1.3862943611198906,-0.4054651081081644,44,23.54,23.17,23.26,22.96,5.6,4.1,5.4,3.6,79.29,77.71,80.43,79.71,3.0,3.0,1.0,0.0
2011-11-13,201146,3.0,3,3,3,0.84862477,0.7284966,0,1,250400920114619589,2023-08-20,Campina Grande,2.6038268,411807,1,0,0,3,,,,,19833,19.49,23.49,28.56,8.8,78.86,3.0,19.21,3.5909278,0.0,19.73,0.0,1.0,18.91,0.4248694,0.0,19.81,0.0,1.75,19.335,1.3862943611198906,0.0,1.3862943611198906,0.6931471805599453,1.3862943611198906,45,23.13,23.54,23.17,23.26,10.2,5.6,4.1,5.4,78.0,79.29,77.71,80.43,3.0,1.0,0.0,0.0
2011-11-20,201147,3.0,3,3,3,0.66033065,0.7284966,0,2,250400920114719589,2023-08-20,Campina Grande,1.4022796,411807,1,0,0,1,,,,,19833,19.24,23.49,28.37,3.3,75.86,3.0,19.49,2.6038268,3.0,19.21,3.5909278,0.0,19.73,0.0,1.0,18.91,0.4248694,2.25,19.4175,1.3862943611198906,0.0,0.0,1.3862943611198906,0.6931471805599453,46,23.49,23.13,23.54,23.17,8.8,10.2,5.6,4.1,78.86,78.0,79.29,77.71,1.0,0.0,0.0,0.0
2011-11-27,201148,1.0,1,1,1,0.15313952,0.2428322,0,2,250400920114819589,2023-08-20,Campina Grande,0.3694015,411807,1,0,0,1,,,,,19833,19.41,23.59,28.79,3.1,75.86,3.0,19.24,1.4022796,3.0,19.49,2.6038268,3.0,19.21,3.5909278,0.0,19.73,0.0,2.5,19.3375,0.6931471805599453,-0.6931471805599453,-0.6931471805599453,-0.6931471805599453,0.6931471805599453,47,23.49,23.49,23.13,23.54,3.3,8.8,10.2,5.6,75.86,78.86,78.0,79.29,0.0,0.0,0.0,0.0
2011-12-04,201149,0.0,0,0,0,0.0,0.0,0,1,250400920114919589,2023-08-20,Campina Grande,0.0,411807,0,0,0,0,,,,,19833,19.04,23.53,28.97,3.7,74.86,1.0,19.41,0.3694015,3.0,19.24,1.4022796,3.0,19.49,2.6038268,3.0,19.21,3.5909278,1.75,19.294999999999998,0.0,-0.6931471805599453,-1.3862943611198906,-1.3862943611198906,-1.3862943611198906,48,23.59,23.49,23.49,23.13,3.1,3.3,8.8,10.2,75.86,75.86,78.86,78.0,0.0,0.0,0.0,2.0
2011-12-11,201150,0.0,0,0,0,0.0,0.0,0,1,250400920115019589,2023-08-20,Campina Grande,0.0,411807,0,0,0,0,,,,,19833,19.89,24.01,29.39,2.8,75.0,0.0,19.04,0.0,1.0,19.41,0.3694015,3.0,19.24,1.4022796,3.0,19.49,2.6038268,1.0,19.395,0.0,0.0,-0.6931471805599453,-1.3862943611198906,-1.3862943611198906,49,23.53,23.59,23.49,23.49,3.7,3.1,3.3,8.8,74.86,75.86,75.86,78.86,0.0,0.0,2.0,1.0
2011-12-18,201151,0.0,0,0,0,0.0,0.0,0,1,250400920115119589,2023-08-20,Campina Grande,0.0,411807,0,0,0,0,,,,,19833,20.27,23.99,28.83,7.4,76.57,0.0,19.89,0.0,0.0,19.04,0.0,1.0,19.41,0.3694015,3.0,19.24,1.4022796,0.25,19.6525,0.0,0.0,0.0,-0.6931471805599453,-1.3862943611198906,50,24.01,23.53,23.59,23.49,2.8,3.7,3.1,3.3,75.0,74.86,75.86,75.86,0.0,2.0,1.0,1.0
2011-12-25,201152,0.0,0,0,0,0.0,0.0,0,1,250400920115219589,2023-08-20,Campina Grande,0.0,411807,0,0,0,0,,,,,19833,19.9,23.91,29.17,4.7,77.43,0.0,20.27,0.0,0.0,19.89,0.0,0.0,19.04,0.0,1.0,19.41,0.3694015,0.0,19.775,0.0,0.0,0.0,0.0,-0.6931471805599453,51,23.99,24.01,23.53,23.59,7.4,2.8,3.7,3.1,76.57,75.0,74.86,75.86,2.0,1.0,1.0,2.0
2012-01-01,201201,2.0,2,2,2,0.97694546,0.4856644,0,1,250400920120119589,2023-08-20,Campina Grande,17.727392,411807,1,0,0,0,,,,,19833,19.83,24.54,30.24,2.3,73.43,0.0,19.9,0.0,0.0,20.27,0.0,0.0,19.89,0.0,0.0,19.04,0.0,0.5,19.972499999999997,1.0986122886681098,1.0986122886681098,1.0986122886681098,1.0986122886681098,1.0986122886681098,52,23.91,23.99,24.01,23.53,4.7,7.4,2.8,3.7,77.43,76.57,75.0,74.86,1.0,1.0,2.0,2.0
2012-01-08,201202,1.0,1,1,1,0.68869126,0.2428322,0,1,250400920120219589,2023-08-20,Campina Grande,1.8584918,411807,1,0,0,1,,,,,19833,20.43,24.03,29.27,9.8,77.57,2.0,19.83,17.727392,0.0,19.9,0.0,0.0,20.27,0.0,0.0,19.89,0.0,0.75,20.107499999999998,0.6931471805599453,-0.4054651081081645,0.6931471805599453,0.6931471805599453,0.6931471805599453,1,24.54,23.91,23.99,24.01,2.3,4.7,7.4,2.8,73.43,77.43,76.57,75.0,1.0,2.0,2.0,0.0
2012-01-15,201203,1.0,1,1,1,0.46851015,0.2428322,0,2,250400920120319589,2023-08-20,Campina Grande,0.914204,411807,1,0,0,1,,,,,19833,19.9,23.23,28.29,16.2,80.43,1.0,20.43,1.8584918,2.0,19.83,17.727392,0.0,19.9,0.0,0.0,20.27,0.0,1.0,20.015,0.6931471805599453,0.0,-0.4054651081081645,0.6931471805599453,0.6931471805599453,2,24.03,24.54,23.91,23.99,9.8,2.3,4.7,7.4,77.57,73.43,77.43,76.57,2.0,2.0,0.0,2.0
2012-01-22,201204,2.0,2,2,2,0.6877538,0.4856644,0,2,250400920120419589,2023-08-20,Campina Grande,1.6222752,411807,1,0,0,1,,,,,19833,19.51,22.7,27.49,14.5,80.43,1.0,19.9,0.914204,1.0,20.43,1.8584918,2.0,19.83,17.727392,0.0,19.9,0.0,1.5,19.9175,1.0986122886681098,0.4054651081081645,0.4054651081081645,0.0,1.0986122886681098,3,23.23,24.03,24.54,23.91,16.2,9.8,2.3,4.7,80.43,77.57,73.43,77.43,2.0,0.0,2.0,3.0
2012-01-29,201205,2.0,2,2,2,0.6594719,0.4856644,0,2,250400920120519589,2023-08-20,Campina Grande,1.4916264,411807,1,0,0,1,,,,,19833,19.87,23.56,28.47,7.8,76.71,2.0,19.51,1.6222752,1.0,19.9,0.914204,1.0,20.43,1.8584918,2.0,19.83,17.727392,1.5,19.927500000000002,1.0986122886681098,0.0,0.4054651081081645,0.4054651081081645,0.0,4,22.7,23.23,24.03,24.54,14.5,16.2,9.8,2.3,80.43,80.43,77.57,73.43,0.0,2.0,3.0,7.0
2012-02-05,201206,0.0,0,0,0,0.0,0.0,0,1,250400920120619589,2023-08-20,Campina Grande,0.0,411807,0,0,0,1,,,,,19833,20.16,24.26,29.91,4.3,75.0,2.0,19.87,1.4916264,2.0,19.51,1.6222752,1.0,19.9,0.914204,1.0,20.43,1.8584918,1.25,19.86,0.0,-1.0986122886681098,-1.0986122886681098,-0.6931471805599453,-0.6931471805599453,5,23.56,22.7,23.23,24.03,7.8,14.5,16.2,9.8,76.71,80.43,80.43,77.57,2.0,3.0,7.0,4.0
2012-02-12,201207,2.0,2,2,2,0.63176936,0.4856644,0,1,250400920120719589,2023-08-20,Campina Grande,1.3807402,411807,1,0,0,0,,,,,19833,20.43,23.49,28.21,24.8,79.43,0.0,20.16,0.0,2.0,19.87,1.4916264,2.0,19.51,1.6222752,1.0,19.9,0.914204,1.5,19.9925,1.0986122886681098,1.0986122886681098,0.0,0.0,0.4054651081081645,6,24.26,23.56,22.7,23.23,4.3,7.8,14.5,16.2,75.0,76.71,80.43,80.43,3.0,7.0,4.0,3.0
2012-02-19,201208,3.0,3,3,3,0.83242196,0.7284966,0,1,250400920120819589,2023-08-20,Campina Grande,2.4146688,411807,1,0,0,1,,,,,19833,19.84,23.63,28.77,13.9,78.29,2.0,20.43,1.3807402,0.0,20.16,0.0,2.0,19.87,1.4916264,2.0,19.51,1.6222752,1.75,20.075,1.3862943611198906,0.2876820724517808,1.3862943611198906,0.2876820724517808,0.2876820724517808,7,23.49,24.26,23.56,22.7,24.8,4.3,7.8,14.5,79.43,75.0,76.71,80.43,7.0,4.0,3.0,6.0
2012-02-26,201209,7.0,7,7,7,0.9640841,1.6998254,0,2,250400920120919589,2023-08-20,Campina Grande,3.4675534,411807,1,1,1,2,,,,,19833,19.67,23.9,29.44,5.8,74.86,3.0,19.84,2.4146688,2.0,20.43,1.3807402,0.0,20.16,0.0,2.0,19.87,1.4916264,3.0,20.025,2.0794415416798357,0.6931471805599452,0.980829253011726,2.0794415416798357,0.980829253011726,8,23.63,23.49,24.26,23.56,13.9,24.8,4.3,7.8,78.29,79.43,75.0,76.71,4.0,3.0,6.0,1.0
2012-03-04,201210,4.0,4,4,4,0.56100875,0.9713288,0,2,250400920121019589,2023-08-20,Campina Grande,1.1112161,411807,1,0,0,4,,,,,19833,20.13,24.07,29.11,5.6,77.0,7.0,19.67,3.4675534,3.0,19.84,2.4146688,2.0,20.43,1.3807402,0.0,20.16,0.0,4.0,20.017500000000002,1.6094379124341003,-0.47000362924573547,0.2231435513142097,0.5108256237659905,1.6094379124341003,9,23.9,23.63,23.49,24.26,5.8,13.9,24.8,4.3,74.86,78.29,79.43,75.0,3.0,6.0,1.0,2.0
2012-03-11,201211,3.0,3,3,3,0.25158942,0.7284966,0,2,250400920121119589,2023-08-20,Campina Grande,0.6307004,411807,1,0,0,3,,,,,19833,20.04,23.7,28.71,50.0,79.86,4.0,20.13,1.1112161,7.0,19.67,3.4675534,3.0,19.84,2.4146688,2.0,20.43,1.3807402,4.25,19.919999999999998,1.3862943611198906,-0.2231435513142097,-0.6931471805599452,0.0,0.2876820724517808,10,24.07,23.9,23.63,23.49,5.6,5.8,13.9,24.8,77.0,74.86,78.29,79.43,6.0,1.0,2.0,4.0
2012-03-18,201212,6.0,6,6,6,0.6841021,1.4569932,0,2,250400920121219589,2023-08-20,Campina Grande,1.3302997,411807,1,0,1,3,,,,,19833,20.27,24.33,29.41,4.3,76.57,3.0,20.04,0.6307004,4.0,20.13,1.1112161,7.0,19.67,3.4675534,3.0,19.84,2.4146688,5.0,20.0275,1.9459101490553132,0.5596157879354227,0.33647223662121295,-0.13353139262452252,0.5596157879354227,11,23.7,24.07,23.9,23.63,50.0,5.6,5.8,13.9,79.86,77.0,74.86,78.29,1.0,2.0,4.0,5.0
2012-03-25,201213,1.0,1,1,1,0.05986991,0.2428322,0,2,250400920121319589,2023-08-20,Campina Grande,0.24618264,411807,1,0,0,1,,,,,19833,21.0,24.64,29.76,3.2,76.29,6.0,20.27,1.3302997,3.0,20.04,0.6307004,4.0,20.13,1.1112161,7.0,19.67,3.4675534,3.5,20.36,0.6931471805599453,-1.252762968495368,-0.6931471805599453,-0.916290731874155,-1.3862943611198904,12,24.33,23.7,24.07,23.9,4.3,50.0,5.6,5.8,76.57,79.86,77.0,74.86,2.0,4.0,5.0,6.0
2012-04-01,201214,2.0,2,2,2,0.21738522,0.4856644,0,2,250400920121419589,2023-08-20,Campina Grande,0.5380814,411807,1,0,0,0,,,,,19833,20.9,24.07,28.6,13.4,81.14,1.0,21.0,0.24618264,6.0,20.27,1.3302997,3.0,20.04,0.6307004,4.0,20.13,1.1112161,3.0,20.552500000000002,1.0986122886681098,0.4054651081081645,-0.8472978603872034,-0.2876820724517808,-0.5108256237659905,13,24.64,24.33,23.7,24.07,3.2,4.3,50.0,5.6,76.29,76.57,79.86,77.0,4.0,5.0,6.0,5.0
2012-04-08,201215,4.0,4,4,4,0.6993548,0.9713288,0,2,250400920121519589,2023-08-20,Campina Grande,1.4644969,411807,1,0,0,3,,,,,19833,19.76,23.96,29.03,3.4,76.0,2.0,20.9,0.5380814,1.0,21.0,0.24618264,6.0,20.27,1.3302997,3.0,20.04,0.6307004,3.25,20.482499999999998,1.6094379124341003,0.5108256237659905,0.916290731874155,-0.33647223662121295,0.2231435513142097,14,24.07,24.64,24.33,23.7,13.4,3.2,4.3,50.0,81.14,76.29,76.57,79.86,5.0,6.0,5.0,3.0
2012-04-15,201216,5.0,5,5,5,0.8219751,1.214161,0,2,250400920121619589,2023-08-20,Campina Grande,1.9116949,411807,1,0,0,4,,,,,19833,20.27,24.54,30.03,3.5,75.71,4.0,19.76,1.4644969,2.0,20.9,0.5380814,1.0,21.0,0.24618264,6.0,20.27,1.3302997,3.0,20.4825,1.791759469228055,0.18232155679395468,0.6931471805599452,1.0986122886681096,-0.15415067982725827,15,23.96,24.07,24.64,24.33,3.4,13.4,3.2,4.3,76.0,81.14,76.29,76.57,6.0,5.0,3.0,7.0
2012-04-22,201217,6.0,6,6,6,0.78163415,1.4569932,0,2,250400920121719589,2023-08-20,Campina Grande,1.624036,411807,1,0,1,6,,,,,19833,19.59,24.4,30.19,2.0,73.0,5.0,20.27,1.9116949,4.0,19.76,1.4644969,2.0,20.9,0.5380814,1.0,21.0,0.24618264,4.25,20.13,1.9459101490553132,0.15415067982725827,0.33647223662121295,0.8472978603872034,1.252762968495368,16,24.54,23.96,24.07,24.64,3.5,3.4,13.4,3.2,75.71,76.0,81.14,76.29,5.0,3.0,7.0,4.0
2012-04-29,201218,5.0,5,5,5,0.5269077,1.214161,0,2,250400920121819589,2023-08-20,Campina Grande,1.0421889,411807,1,0,0,5,,,,,19833,19.63,24.06,29.54,1.7,74.0,6.0,19.59,1.624036,5.0,20.27,1.9116949,4.0,19.76,1.4644969,2.0,20.9,0.5380814,5.0,19.8125,1.791759469228055,-0.15415067982725827,0.0,0.18232155679395468,0.6931471805599452,17,24.4,24.54,23.96,24.07,2.0,3.5,3.4,13.4,73.0,75.71,76.0,81.14,3.0,7.0,4.0,3.0
2012-05-06,201219,3.0,3,3,3,0.20754407,0.7284966,0,2,250400920121919589,2023-08-20,Campina Grande,0.57688934,411807,1,0,0,3,,,,,19833,19.19,23.4,28.51,3.4,75.71,5.0,19.63,1.0421889,6.0,19.59,1.624036,5.0,20.27,1.9116949,4.0,19.76,1.4644969,4.75,19.669999999999998,1.3862943611198906,-0.4054651081081644,-0.5596157879354227,-0.4054651081081644,-0.2231435513142097,18,24.06,24.4,24.54,23.96,1.7,2.0,3.5,3.4,74.0,73.0,75.71,76.0,7.0,4.0,3.0,2.0
2012-05-13,201220,7.0,7,7,7,0.7431422,1.6998254,0,2,250400920122019589,2023-08-20,Campina Grande,1.4467784,411807,1,0,1,5,,,,,19833,19.63,23.7,28.9,2.7,76.86,3.0,19.19,0.57688934,5.0,19.63,1.0421889,6.0,19.59,1.624036,5.0,20.27,1.9116949,5.25,19.509999999999998,2.0794415416798357,0.6931471805599452,0.2876820724517808,0.13353139262452252,0.2876820724517808,19,23.4,24.06,24.4,24.54,3.4,1.7,2.0,3.5,75.71,74.0,73.0,75.71,4.0,3.0,2.0,7.0
2012-05-20,201221,4.0,4,4,4,0.40647453,0.9713288,0,2,250400920122119589,2023-08-20,Campina Grande,0.8578016,411807,1,0,0,2,,,,,19833,19.84,22.71,27.03,11.5,83.86,7.0,19.63,1.4467784,3.0,19.19,0.57688934,5.0,19.63,1.0421889,6.0,19.59,1.624036,4.75,19.572499999999998,1.6094379124341003,-0.47000362924573547,0.2231435513142097,-0.18232155679395468,-0.33647223662121295,20,23.7,23.4,24.06,24.4,2.7,3.4,1.7,2.0,76.86,75.71,74.0,73.0,3.0,2.0,7.0,1.0
2012-05-27,201222,3.0,3,3,3,0.23197217,0.7284966,0,2,250400920122219589,2023-08-20,Campina Grande,0.60660166,411807,1,0,0,3,,,,,19833,19.86,23.09,27.56,6.2,81.86,4.0,19.84,0.8578016,7.0,19.63,1.4467784,3.0,19.19,0.57688934,5.0,19.63,1.0421889,4.25,19.63,1.3862943611198906,-0.2231435513142097,-0.6931471805599452,0.0,-0.4054651081081644,21,22.71,23.7,23.4,24.06,11.5,2.7,3.4,1.7,83.86,76.86,75.71,74.0,2.0,7.0,1.0,2.0
2012-06-03,201223,2.0,2,2,2,0.15919572,0.4856644,0,2,250400920122319589,2023-08-20,Campina Grande,0.46420935,411807,1,0,0,1,,,,,19833,19.1,22.53,27.01,2.3,80.86,3.0,19.86,0.60660166,4.0,19.84,0.8578016,7.0,19.63,1.4467784,3.0,19.19,0.57688934,4.0,19.6075,1.0986122886681098,-0.2876820724517808,-0.5108256237659905,-0.980829253011726,-0.2876820724517808,22,23.09,22.71,23.7,23.4,6.2,11.5,2.7,3.4,81.86,83.86,76.86,75.71,7.0,1.0,2.0,3.0
2012-06-10,201224,7.0,7,7,7,0.8788829,1.6998254,0,2,250400920122419589,2023-08-20,Campina Grande,2.0476828,411807,1,0,1,4,,,,,19833,18.79,22.1,26.57,4.1,80.0,2.0,19.1,0.46420935,3.0,19.86,0.60660166,4.0,19.84,0.8578016,7.0,19.63,1.4467784,4.0,19.3975,2.0794415416798357,0.980829253011726,0.6931471805599452,0.47000362924573547,0.0,23,22.53,23.09,22.71,23.7,2.3,6.2,11.5,2.7,80.86,81.86,83.86,76.86,1.0,2.0,3.0,1.0
2012-06-17,201225,1.0,1,1,1,0.08723322,0.2428322,0,2,250400920122519589,2023-08-20,Campina Grande,0.28417337,411807,1,0,0,0,,,,,19833,19.2,21.97,25.76,10.1,86.29,7.0,18.79,2.0476828,2.0,19.1,0.46420935,3.0,19.86,0.60660166,4.0,19.84,0.8578016,3.25,19.237499999999997,0.6931471805599453,-1.3862943611198904,-0.4054651081081645,-0.6931471805599453,-0.916290731874155,24,22.1,22.53,23.09,22.71,4.1,2.3,6.2,11.5,80.0,80.86,81.86,83.86,2.0,3.0,1.0,2.0
2012-06-24,201226,2.0,2,2,2,0.20742966,0.4856644,0,2,250400920122619589,2023-08-20,Campina Grande,0.5253299,411807,1,0,0,1,,,,,19833,18.41,21.34,25.29,12.7,81.86,1.0,19.2,0.28417337,7.0,18.79,2.0476828,2.0,19.1,0.46420935,3.0,19.86,0.60660166,3.0,18.875,1.0986122886681098,0.4054651081081645,-0.980829253011726,0.0,-0.2876820724517808,25,21.97,22.1,22.53,23.09,10.1,4.1,2.3,6.2,86.29,80.0,80.86,81.86,3.0,1.0,2.0,0.0
2012-07-01,201227,3.0,3,3,3,0.52469033,0.7284966,0,2,250400920122719589,2023-08-20,Campina Grande,1.0487769,411807,1,0,0,2,,,,,19833,17.91,21.0,24.83,8.3,83.14,2.0,18.41,0.5253299,1.0,19.2,0.28417337,7.0,18.79,2.0476828,2.0,19.1,0.46420935,3.25,18.5775,1.3862943611198906,0.2876820724517808,0.6931471805599453,-0.6931471805599452,0.2876820724517808,26,21.34,21.97,22.1,22.53,12.7,10.1,4.1,2.3,81.86,86.29,80.0,80.86,1.0,2.0,0.0,0.0
2012-07-08,201228,1.0,1,1,1,0.21658926,0.2428322,0,2,250400920122819589,2023-08-20,Campina Grande,0.45311067,411807,1,0,0,0,,,,,19833,18.64,21.54,25.69,7.1,83.57,3.0,17.91,1.0487769,2.0,18.41,0.5253299,1.0,19.2,0.28417337,7.0,18.79,2.0476828,1.75,18.54,0.6931471805599453,-0.6931471805599453,-0.4054651081081645,0.0,-1.3862943611198904,27,21.0,21.34,21.97,22.1,8.3,12.7,10.1,4.1,83.14,81.86,86.29,80.0,2.0,0.0,0.0,2.0
2012-07-15,201229,2.0,2,2,2,0.4747495,0.4856644,0,2,250400920122919589,2023-08-20,Campina Grande,0.9451765,411807,1,0,0,2,,,,,19833,18.07,21.67,26.51,5.5,78.86,1.0,18.64,0.45311067,3.0,17.91,1.0487769,2.0,18.41,0.5253299,1.0,19.2,0.28417337,2.0,18.2575,1.0986122886681098,0.4054651081081645,-0.2876820724517808,0.0,0.4054651081081645,28,21.54,21.0,21.34,21.97,7.1,8.3,12.7,10.1,83.57,83.14,81.86,86.29,0.0,0.0,2.0,2.0
2012-07-22,201230,0.0,0,0,0,0.0,0.0,0,1,250400920123019589,2023-08-20,Campina Grande,0.0,411807,0,0,0,0,,,,,19833,17.91,21.47,26.04,5.8,77.71,2.0,18.07,0.9451765,1.0,18.64,0.45311067,3.0,17.91,1.0487769,2.0,18.41,0.5253299,1.5,18.1325,0.0,-1.0986122886681098,-0.6931471805599453,-1.3862943611198906,-1.0986122886681098,29,21.67,21.54,21.0,21.34,5.5,7.1,8.3,12.7,78.86,83.57,83.14,81.86,0.0,2.0,2.0,4.0
2012-07-29,201231,0.0,0,0,0,0.0,0.0,0,1,250400920123119589,2023-08-20,Campina Grande,0.0,411807,0,0,0,0,,,,,19833,16.96,20.77,25.51,2.1,78.14,0.0,17.91,0.0,2.0,18.07,0.9451765,1.0,18.64,0.45311067,3.0,17.91,1.0487769,0.75,17.895,0.0,0.0,-1.0986122886681098,-0.6931471805599453,-1.3862943611198906,30,21.47,21.67,21.54,21.0,5.8,5.5,7.1,8.3,77.71,78.86,83.57,83.14,2.0,2.0,4.0,1.0
2012-08-05,201232,2.0,2,2,2,0.8418672,0.4856644,0,1,250400920123219589,2023-08-20,Campina Grande,3.0326967,411807,1,0,0,2,,,,,19833,17.17,21.61,26.89,0.7,75.43,0.0,16.96,0.0,0.0,17.91,0.0,2.0,18.07,0.9451765,1.0,18.64,0.45311067,1.0,17.5275,1.0986122886681098,1.0986122886681098,1.0986122886681098,0.0,0.4054651081081645,31,20.77,21.47,21.67,21.54,2.1,5.8,5.5,7.1,78.14,77.71,78.86,83.57,2.0,4.0,1.0,1.0
2012-08-12,201233,2.0,2,2,2,0.8297503,0.4856644,0,1,250400920123319589,2023-08-20,Campina Grande,2.8379195,411807,1,0,0,1,,,,,19833,17.56,21.11,25.34,2.2,76.86,2.0,17.17,3.0326967,0.0,16.96,0.0,0.0,17.91,0.0,2.0,18.07,0.9451765,1.0,17.4,1.0986122886681098,0.0,1.0986122886681098,1.0986122886681098,0.0,32,21.61,20.77,21.47,21.67,0.7,2.1,5.8,5.5,75.43,78.14,77.71,78.86,4.0,1.0,1.0,1.0
2012-08-19,201234,4.0,4,4,4,0.88026136,0.9713288,0,2,250400920123419589,2023-08-20,Campina Grande,2.6546466,411807,1,0,0,4,,,,,19833,16.96,20.81,25.74,3.4,77.0,2.0,17.56,2.8379195,2.0,17.17,3.0326967,0.0,16.96,0.0,0.0,17.91,0.0,2.0,17.1625,1.6094379124341003,0.5108256237659905,0.5108256237659905,1.6094379124341003,1.6094379124341003,33,21.11,21.61,20.77,21.47,2.2,0.7,2.1,5.8,76.86,75.43,78.14,77.71,1.0,1.0,1.0,0.0
2012-08-26,201235,1.0,1,1,1,0.20250522,0.2428322,0,2,250400920123519589,2023-08-20,Campina Grande,0.4340336,411807,1,0,0,1,,,,,19833,16.89,21.66,27.37,0.6,74.14,4.0,16.96,2.6546466,2.0,17.56,2.8379195,2.0,17.17,3.0326967,0.0,16.96,0.0,2.25,17.145,0.6931471805599453,-0.916290731874155,-0.4054651081081645,-0.4054651081081645,0.6931471805599453,34,20.81,21.11,21.61,20.77,3.4,2.2,0.7,2.1,77.0,76.86,75.43,78.14,1.0,1.0,0.0,0.0
2012-09-02,201236,1.0,1,1,1,0.1787906,0.2428322,0,2,250400920123619589,2023-08-20,Campina Grande,0.40263206,411807,1,0,0,1,,,,,19833,17.16,21.37,26.26,1.5,72.57,1.0,16.89,0.4340336,4.0,16.96,2.6546466,2.0,17.56,2.8379195,2.0,17.17,3.0326967,2.0,17.1425,0.6931471805599453,0.0,-0.916290731874155,-0.4054651081081645,-0.4054651081081645,35,21.66,20.81,21.11,21.61,0.6,3.4,2.2,0.7,74.14,77.0,76.86,75.43,1.0,0.0,0.0,1.0
2012-09-09,201237,1.0,1,1,1,0.2912576,0.2428322,0,2,250400920123719589,2023-08-20,Campina Grande,0.5619138,411807,1,0,0,0,,,,,19833,17.79,22.17,27.76,1.5,74.71,1.0,17.16,0.40263206,1.0,16.89,0.4340336,4.0,16.96,2.6546466,2.0,17.56,2.8379195,1.75,17.2,0.6931471805599453,0.0,0.0,-0.916290731874155,-0.4054651081081645,36,21.37,21.66,20.81,21.11,1.5,0.6,3.4,2.2,72.57,74.14,77.0,76.86,0.0,0.0,1.0,0.0
2012-09-16,201238,0.0,0,0,0,0.0,0.0,0,1,250400920123819589,2023-08-20,Campina Grande,0.0,411807,0,0,0,1,,,,,19833,18.21,22.46,27.93,2.2,73.71,1.0,17.79,0.5619138,1.0,17.16,0.40263206,1.0,16.89,0.4340336,4.0,16.96,2.6546466,0.75,17.5125,0.0,-0.6931471805599453,-0.6931471805599453,-0.6931471805599453,-1.6094379124341003,37,22.17,21.37,21.66,20.81,1.5,1.5,0.6,3.4,74.71,72.57,74.14,77.0,0.0,1.0,0.0,0.0
2012-09-23,201239,0.0,0,0,0,0.0,0.0,0,1,250400920123919589,2023-08-20,Campina Grande,0.0,411807,0,0,0,0,,,,,19833,18.13,22.61,28.21,1.5,72.86,0.0,18.21,0.0,1.0,17.79,0.5619138,1.0,17.16,0.40263206,1.0,16.89,0.4340336,0.5,17.822499999999998,0.0,0.0,-0.6931471805599453,-0.6931471805599453,-0.6931471805599453,38,22.46,22.17,21.37,21.66,2.2,1.5,1.5,0.6,73.71,74.71,72.57,74.14,1.0,0.0,0.0,1.0
2012-09-30,201240,1.0,1,1,1,0.7819115,0.2428322,0,1,250400920124019589,2023-08-20,Campina Grande,2.817514,411807,1,0,0,1,,,,,19833,17.7,22.36,28.17,1.5,70.43,0.0,18.13,0.0,0.0,18.21,0.0,1.0,17.79,0.5619138,1.0,17.16,0.40263206,0.5,17.9575,0.6931471805599453,0.6931471805599453,0.6931471805599453,0.0,0.0,39,22.61,22.46,22.17,21.37,1.5,2.2,1.5,1.5,72.86,73.71,74.71,72.57,0.0,0.0,1.0,2.0
2012-10-07,201241,0.0,0,0,0,0.0,0.0,0,1,250400920124119589,2023-08-20,Campina Grande,0.0,411807,0,0,0,0,,,,,19833,18.76,22.44,27.31,7.4,76.14,1.0,17.7,2.817514,0.0,18.13,0.0,0.0,18.21,0.0,1.0,17.79,0.5619138,0.25,18.2,0.0,-0.6931471805599453,0.0,0.0,-0.6931471805599453,40,22.36,22.61,22.46,22.17,1.5,1.5,2.2,1.5,70.43,72.86,73.71,74.71,0.0,1.0,2.0,0.0
2012-10-14,201242,0.0,0,0,0,0.0,0.0,0,1,250400920124219589,2023-08-20,Campina Grande,0.0,411807,0,0,0,0,,,,,19833,18.63,22.71,27.71,4.1,75.71,0.0,18.76,0.0,1.0,17.7,2.817514,0.0,18.13,0.0,0.0,18.21,0.0,0.25,18.305,0.0,0.0,-0.6931471805599453,0.0,0.0,41,22.44,22.36,22.61,22.46,7.4,1.5,1.5,2.2,76.14,70.43,72.86,73.71,1.0,2.0,0.0,0.0
2012-10-21,201243,1.0,1,1,1,0.81445277,0.2428322,0,1,250400920124319589,2023-08-20,Campina Grande,3.3772714,411807,1,0,0,0,,,,,19833,18.77,23.19,28.81,3.8,75.14,0.0,18.63,0.0,0.0,18.76,0.0,1.0,17.7,2.817514,0.0,18.13,0.0,0.5,18.465,0.6931471805599453,0.6931471805599453,0.6931471805599453,0.0,0.6931471805599453,42,22.71,22.44,22.36,22.61,4.1,7.4,1.5,1.5,75.71,76.14,70.43,72.86,2.0,0.0,0.0,0.0
2012-10-28,201244,2.0,2,2,2,0.9084373,0.4856644,0,1,250400920124419589,2023-08-20,Campina Grande,4.9511676,411807,1,0,0,2,,,,,19833,19.1,23.8,30.14,0.3,72.57,1.0,18.77,3.3772714,0.0,18.63,0.0,0.0,18.76,0.0,1.0,17.7,2.817514,0.75,18.814999999999998,1.0986122886681098,0.4054651081081645,1.0986122886681098,1.0986122886681098,0.4054651081081645,43,23.19,22.71,22.44,22.36,3.8,4.1,7.4,1.5,75.14,75.71,76.14,70.43,0.0,0.0,0.0,1.0
2012-11-04,201245,0.0,0,0,0,0.0,0.0,0,1,250400920124519589,2023-08-20,Campina Grande,0.0,411807,0,0,0,0,,,,,19833,18.97,23.37,28.73,1.8,72.86,2.0,19.1,4.9511676,1.0,18.77,3.3772714,0.0,18.63,0.0,0.0,18.76,0.0,0.75,18.8675,0.0,-1.0986122886681098,-0.6931471805599453,0.0,0.0,44,23.8,23.19,22.71,22.44,0.3,3.8,4.1,7.4,72.57,75.14,75.71,76.14,0.0,0.0,1.0,1.0
2012-11-11,201246,0.0,0,0,0,0.0,0.0,0,1,250400920124619589,2023-08-20,Campina Grande,0.0,411807,0,0,0,0,,,,,19833,18.76,23.93,30.34,0.7,71.29,0.0,18.97,0.0,2.0,19.1,4.9511676,1.0,18.77,3.3772714,0.0,18.63,0.0,0.75,18.900000000000002,0.0,0.0,-1.0986122886681098,-0.6931471805599453,0.0,45,23.37,23.8,23.19,22.71,1.8,0.3,3.8,4.1,72.86,72.57,75.14,75.71,0.0,1.0,1.0,2.0
2012-11-18,201247,0.0,0,0,0,0.0,0.0,0,1,250400920124719589,2023-08-20,Campina Grande,0.0,411807,0,0,0,0,,,,,19833,19.54,24.49,30.53,0.9,70.86,0.0,18.76,0.0,0.0,18.97,0.0,2.0,19.1,4.9511676,1.0,18.77,3.3772714,0.5,19.0925,0.0,0.0,0.0,-1.0986122886681098,-0.6931471805599453,46,23.93,23.37,23.8,23.19,0.7,1.8,0.3,3.8,71.29,72.86,72.57,75.14,1.0,1.0,2.0,1.0
2012-11-25,201248,1.0,1,1,1,0.8910605,0.2428322,0,1,250400920124819589,2023-08-20,Campina Grande,6.0094438,411807,1,0,0,1,,,,,19833,19.4,24.17,30.06,1.3,72.0,0.0,19.54,0.0,0.0,18.76,0.0,0.0,18.97,0.0,2.0,19.1,4.9511676,0.25,19.1675,0.6931471805599453,0.6931471805599453,0.6931471805599453,0.6931471805599453,-0.4054651081081645,47,24.49,23.93,23.37,23.8,0.9,0.7,1.8,0.3,70.86,71.29,72.86,72.57,1.0,2.0,1.0,1.0
2012-12-02,201249,1.0,1,1,1,0.8094651,0.2428322,0,1,250400920124919589,2023-08-20,Campina Grande,3.279127,411807,1,0,0,0,,,,,19833,19.96,23.87,28.76,2.5,74.43,1.0,19.4,6.0094438,0.0,19.54,0.0,0.0,18.76,0.0,0.0,18.97,0.0,0.5,19.415,0.6931471805599453,0.0,0.6931471805599453,0.6931471805599453,0.6931471805599453,48,24.17,24.49,23.93,23.37,1.3,0.9,0.7,1.8,72.0,70.86,71.29,72.86,2.0,1.0,1.0,10.0
2012-12-09,201250,2.0,2,2,2,0.81780505,0.4856644,0,1,250400920125019589,2023-08-20,Campina Grande,2.6696422,411807,0,0,0,1,,,,,19833,19.7,24.21,29.93,1.0,73.43,1.0,19.96,3.279127,1.0,19.4,6.0094438,0.0,19.54,0.0,0.0,18.76,0.0,1.0,19.65,1.0986122886681098,0.4054651081081645,0.4054651081081645,1.0986122886681098,1.0986122886681098,49,23.87,24.17,24.49,23.93,2.5,1.3,0.9,0.7,74.43,72.0,70.86,71.29,1.0,1.0,10.0,6.0
2012-12-16,201251,1.0,1,1,1,0.44170395,0.2428322,0,1,250400920125119589,2023-08-20,Campina Grande,0.8482855,411807,0,0,0,0,,,,,19833,19.83,24.3,30.13,4.2,74.29,2.0,19.7,2.6696422,1.0,19.96,3.279127,1.0,19.4,6.0094438,0.0,19.54,0.0,1.25,19.7225,0.6931471805599453,-0.4054651081081645,0.0,0.0,0.6931471805599453,50,24.21,23.87,24.17,24.49,1.0,2.5,1.3,0.9,73.43,74.43,72.0,70.86,1.0,10.0,6.0,3.0
2012-12-23,201252,1.0,1,1,1,0.3816156,0.2428322,0,1,250400920125219589,2023-08-20,Campina Grande,0.71952385,411807,0,0,0,1,,,,,19833,19.57,24.56,30.33,0.3,69.29,1.0,19.83,0.8482855,2.0,19.7,2.6696422,1.0,19.96,3.279127,1.0,19.4,6.0094438,1.25,19.765,0.6931471805599453,0.0,-0.4054651081081645,0.0,0.0,51,24.3,24.21,23.87,24.17,4.2,1.0,2.5,1.3,74.29,73.43,74.43,72.0,10.0,6.0,3.0,2.0
2012-12-30,201301,10.0,10,10,10,0.9961301,2.428322,0,1,250400920130119589,2023-08-20,Campina Grande,5.8032007,411807,0,1,1,0,,,,,19833,20.56,24.1,28.66,7.2,75.29,1.0,19.57,0.71952385,1.0,19.83,0.8482855,2.0,19.7,2.6696422,1.0,19.96,3.279127,3.5,19.915,2.3978952727983707,1.7047480922384253,1.7047480922384253,1.2992829841302609,1.7047480922384253,52,24.56,24.3,24.21,23.87,0.3,4.2,1.0,2.5,69.29,74.29,73.43,74.43,6.0,3.0,2.0,11.0
2013-01-06,201302,6.0,6,6,6,0.80372125,1.4569932,0,1,250400920130219589,2023-08-20,Campina Grande,1.7157006,411807,1,0,1,1,,,,,19833,20.39,24.23,29.59,4.1,73.43,10.0,20.56,5.8032007,1.0,19.57,0.71952385,1.0,19.83,0.8482855,2.0,19.7,2.6696422,4.5,20.0875,1.9459101490553132,-0.45198512374305744,1.252762968495368,1.252762968495368,0.8472978603872034,1,24.1,24.56,24.3,24.21,7.2,0.3,4.2,1.0,75.29,69.29,74.29,73.43,3.0,2.0,11.0,5.0
2013-01-13,201303,3.0,3,3,3,0.15079738,0.7284966,0,1,250400920130319589,2023-08-20,Campina Grande,0.50777054,411807,1,0,0,2,,,,,19833,20.79,24.73,30.36,4.7,75.14,6.0,20.39,1.7157006,10.0,20.56,5.8032007,1.0,19.57,0.71952385,1.0,19.83,0.8482855,5.0,20.3275,1.3862943611198906,-0.5596157879354227,-1.01160091167848,0.6931471805599453,0.6931471805599453,2,24.23,24.1,24.56,24.3,4.1,7.2,0.3,4.2,73.43,75.29,69.29,74.29,2.0,11.0,5.0,5.0
2013-01-20,201304,2.0,2,2,2,0.073813334,0.4856644,0,2,250400920130419589,2023-08-20,Campina Grande,0.3505115,411807,1,0,0,1,,,,,19833,20.54,24.94,30.97,1.4,72.14,3.0,20.79,0.50777054,6.0,20.39,1.7157006,10.0,20.56,5.8032007,1.0,19.57,0.71952385,5.25,20.57,1.0986122886681098,-0.2876820724517808,-0.8472978603872034,-1.2992829841302609,0.4054651081081645,3,24.73,24.23,24.1,24.56,4.7,4.1,7.2,0.3,75.14,73.43,75.29,69.29,11.0,5.0,5.0,4.0
2013-01-27,201305,11.0,11,11,11,0.96445554,2.6711543,0,2,250400920130519589,2023-08-20,Campina Grande,2.5755265,411807,1,1,1,10,,,,,19833,20.11,24.84,31.11,2.1,69.29,2.0,20.54,0.3505115,3.0,20.79,0.50777054,6.0,20.39,1.7157006,10.0,20.56,5.8032007,5.5,20.4575,2.4849066497880004,1.3862943611198906,1.0986122886681098,0.5389965007326871,0.08701137698962969,4,24.94,24.73,24.23,24.1,1.4,4.7,4.1,7.2,72.14,75.14,73.43,75.29,5.0,5.0,4.0,8.0
2013-02-03,201306,5.0,5,5,5,0.52339023,1.214161,0,2,250400920130619589,2023-08-20,Campina Grande,1.036521,411807,1,0,0,4,,,,,19833,20.59,25.07,30.93,3.7,71.43,11.0,20.11,2.5755265,2.0,20.54,0.3505115,3.0,20.79,0.50777054,6.0,20.39,1.7157006,5.25,20.5075,1.791759469228055,-0.6931471805599454,0.6931471805599452,0.4054651081081644,-0.15415067982725827,5,24.84,24.94,24.73,24.23,2.1,1.4,4.7,4.1,69.29,72.14,75.14,73.43,5.0,4.0,8.0,11.0
2013-02-10,201307,5.0,5,5,5,0.318636,1.214161,0,1,250400920130719589,2023-08-20,Campina Grande,0.7642901,411807,0,0,0,2,,,,,19833,20.9,25.2,30.7,4.3,71.57,5.0,20.59,1.036521,11.0,20.11,2.5755265,2.0,20.54,0.3505115,3.0,20.79,0.50777054,5.75,20.535,1.791759469228055,0.0,-0.6931471805599454,0.6931471805599452,0.4054651081081644,6,25.07,24.84,24.94,24.73,3.7,2.1,1.4,4.7,71.43,69.29,72.14,75.14,4.0,8.0,11.0,15.0
2013-02-17,201308,4.0,4,4,4,0.23501624,0.9713288,0,1,250400920130819589,2023-08-20,Campina Grande,0.64471394,411807,1,0,0,2,,,,,19833,20.56,24.39,29.31,5.7,74.57,5.0,20.9,0.7642901,5.0,20.59,1.036521,11.0,20.11,2.5755265,2.0,20.54,0.3505115,6.25,20.54,1.6094379124341003,-0.18232155679395468,-0.18232155679395468,-0.8754687373539001,0.5108256237659905,7,25.2,25.07,24.84,24.94,4.3,3.7,2.1,1.4,71.57,71.43,69.29,72.14,8.0,11.0,15.0,21.0
2013-02-24,201309,8.0,8,8,8,0.7871617,1.9426576,0,1,250400920130919589,2023-08-20,Campina Grande,1.5362309,411807,1,0,1,3,,,,,19833,20.93,25.21,31.13,2.3,70.14,4.0,20.56,0.64471394,5.0,20.9,0.7642901,5.0,20.59,1.036521,11.0,20.11,2.5755265,5.5,20.744999999999997,2.1972245773362196,0.5877866649021193,0.4054651081081646,0.4054651081081646,-0.2876820724517808,8,24.39,25.2,25.07,24.84,5.7,4.3,3.7,2.1,74.57,71.57,71.43,69.29,11.0,15.0,21.0,23.0
2013-03-03,201310,11.0,11,11,11,0.91256166,2.6711543,0,2,250400920131019589,2023-08-20,Campina Grande,1.9454336,411807,1,0,1,5,,,,,19833,21.14,24.89,29.71,8.9,75.0,8.0,20.93,1.5362309,4.0,20.56,0.64471394,5.0,20.9,0.7642901,5.0,20.59,1.036521,7.0,20.8825,2.4849066497880004,0.2876820724517808,0.8754687373539001,0.6931471805599454,0.6931471805599454,9,25.21,24.39,25.2,25.07,2.3,5.7,4.3,3.7,70.14,74.57,71.57,71.43,15.0,21.0,23.0,21.0
2013-03-10,201311,15.0,15,15,15,0.9355449,3.642483,0,2,250400920131119589,2023-08-20,Campina Grande,1.8928512,411807,1,0,1,11,,,,,19833,21.26,25.23,30.39,3.7,73.86,11.0,21.14,1.9454336,8.0,20.93,1.5362309,4.0,20.56,0.64471394,5.0,20.9,0.7642901,9.5,20.9725,2.772588722239781,0.2876820724517808,0.5753641449035616,1.1631508098056809,0.9808292530117262,10,24.89,25.21,24.39,25.2,8.9,2.3,5.7,4.3,75.0,70.14,74.57,71.57,21.0,23.0,21.0,22.0
2013-03-17,201312,21.0,21,21,21,0.9588652,5.0994763,0,2,250400920131219589,2023-08-20,Campina Grande,1.8540901,411807,1,1,1,9,,,,,19833,21.24,25.3,30.69,0.2,72.0,15.0,21.26,1.8928512,11.0,21.14,1.9454336,8.0,20.93,1.5362309,4.0,20.56,0.64471394,13.75,21.1425,3.091042453358316,0.3184537311185349,0.6061358035703157,0.8938178760220965,1.4816045409242158,11,25.23,24.89,25.21,24.39,3.7,8.9,2.3,5.7,73.86,75.0,70.14,74.57,23.0,21.0,22.0,55.0
2013-03-24,201313,23.0,23,23,23,0.89263433,5.5851407,0,2,250400920131319589,2023-08-20,Campina Grande,1.4916351,411807,1,0,1,11,,,,,19833,21.37,25.81,31.84,1.0,69.71,21.0,21.24,1.8540901,15.0,21.26,1.8928512,11.0,21.14,1.9454336,8.0,20.93,1.5362309,17.5,21.2525,3.1780538303479458,0.08701137698962969,0.4054651081081646,0.6931471805599454,0.9808292530117262,12,25.3,25.23,24.89,25.21,0.2,3.7,8.9,2.3,72.0,73.86,75.0,70.14,21.0,22.0,55.0,77.0
2013-03-31,201314,21.0,21,21,21,0.60438263,5.0994763,0,2,250400920131419589,2023-08-20,Campina Grande,1.0860355,411807,1,0,1,6,,,,,19833,20.21,25.14,31.01,1.4,69.29,23.0,21.37,1.4916351,21.0,21.24,1.8540901,15.0,21.26,1.8928512,11.0,21.14,1.9454336,20.0,21.020000000000003,3.091042453358316,-0.08701137698962969,0.0,0.3184537311185349,0.6061358035703157,13,25.81,25.3,25.23,24.89,1.0,0.2,3.7,8.9,69.71,72.0,73.86,75.0,22.0,55.0,77.0,57.0
2013-04-07,201315,22.0,22,22,22,0.537497,5.3423085,0,2,250400920131519589,2023-08-20,Campina Grande,1.0287135,411807,1,0,1,12,,,,,19833,21.19,25.8,31.56,5.4,72.14,21.0,20.21,1.0860355,23.0,21.37,1.4916351,21.0,21.24,1.8540901,15.0,21.26,1.8928512,21.75,21.0025,3.1354942159291497,0.04445176257083361,-0.04255961441879608,0.04445176257083361,0.36290549368936853,14,25.14,25.81,25.3,25.23,1.4,1.0,0.2,3.7,69.29,69.71,72.0,73.86,55.0,77.0,57.0,21.0
2013-04-14,201316,55.0,55,55,55,0.99986124,13.355771,0,2,250400920131619589,2023-08-20,Campina Grande,2.346642,411807,1,1,2,36,,,,,19833,21.24,25.2,30.46,17.3,76.29,22.0,21.19,1.0287135,21.0,20.21,1.0860355,23.0,21.37,1.4916351,21.0,21.24,1.8540901,30.25,21.0025,4.02535169073515,0.889857474806,0.9343092373768336,0.8472978603872039,0.9343092373768336,15,25.8,25.14,25.81,25.3,5.4,1.4,1.0,0.2,72.14,69.29,69.71,72.0,77.0,57.0,21.0,17.0
2013-04-21,201317,77.0,77,77,77,0.99999195,18.69808,0,4,250400920131719589,2023-08-20,Campina Grande,2.357574,411807,1,1,2,21,,,,,19833,20.61,23.76,28.04,14.4,80.29,55.0,21.24,2.346642,22.0,21.19,1.0287135,21.0,20.21,1.0860355,23.0,21.37,1.4916351,43.75,20.8125,4.356708826689592,0.33135713595444205,1.221214610760442,1.2656663733312756,1.178654996341646,16,25.2,25.8,25.14,25.81,17.3,5.4,1.4,1.0,76.29,72.14,69.29,69.71,57.0,21.0,17.0,33.0
2013-04-28,201318,57.0,57,57,57,0.74481183,13.841435,0,4,250400920131819589,2023-08-20,Campina Grande,1.1351645,411807,1,0,2,27,,,,,19833,20.31,23.34,27.46,10.3,81.29,77.0,20.61,2.357574,55.0,21.24,2.346642,22.0,21.19,1.0287135,21.0,20.21,1.0860355,52.75,20.8375,4.060443010546419,-0.2962658161431726,0.03509131981126945,0.9249487946172694,0.969400557188103,17,23.76,25.2,25.8,25.14,14.4,17.3,5.4,1.4,80.29,76.29,72.14,69.29,21.0,17.0,33.0,47.0
2013-05-05,201319,21.0,21,21,21,3.8880135e-06,5.0994763,0,2,250400920131919589,2023-08-20,Campina Grande,0.34862256,411807,1,0,1,11,,,,,19833,20.09,23.74,28.4,43.1,80.0,57.0,20.31,1.1351645,77.0,20.61,2.357574,55.0,21.24,2.346642,22.0,21.19,1.0287135,52.5,20.5625,3.091042453358316,-0.969400557188103,-1.2656663733312756,-0.9343092373768336,-0.04445176257083361,18,23.34,23.76,25.2,25.8,10.3,14.4,17.3,5.4,81.29,80.29,76.29,72.14,17.0,33.0,47.0,54.0
2013-05-12,201320,17.0,17,17,17,1.3787633e-05,4.1281476,0,2,250400920132019589,2023-08-20,Campina Grande,0.33703053,411807,1,0,1,10,,,,,19833,20.13,23.24,26.91,5.8,81.14,21.0,20.09,0.34862256,57.0,20.31,1.1351645,77.0,20.61,2.357574,55.0,21.24,2.346642,43.0,20.285,2.8903717578961645,-0.20067069546215155,-1.1700712526502546,-1.4663370687934272,-1.1349799328389851,19,23.74,23.34,23.76,25.2,43.1,10.3,14.4,17.3,80.0,81.29,80.29,76.29,33.0,47.0,54.0,62.0
2013-05-19,201321,33.0,33,33,33,0.5263118,8.013463,0,2,250400920132119589,2023-08-20,Campina Grande,1.016343,411807,1,0,2,19,,,,,19833,19.21,23.14,27.71,3.7,81.29,17.0,20.13,0.33703053,21.0,20.09,0.34862256,57.0,20.31,1.1351645,77.0,20.61,2.357574,32.0,19.935,3.5263605246161616,0.635988766719997,0.4353180712578455,-0.5340824859302575,-0.8303483020734301,20,23.24,23.74,23.34,23.76,5.8,43.1,10.3,14.4,81.14,80.0,81.29,80.29,47.0,54.0,62.0,28.0
2013-05-26,201322,47.0,47,47,47,0.9940649,11.413114,0,4,250400920132219589,2023-08-20,Campina Grande,1.8208483,411807,1,1,2,20,,,,,19833,19.54,22.84,27.11,6.9,82.57,33.0,19.21,1.016343,17.0,20.13,0.33703053,21.0,20.09,0.34862256,57.0,20.31,1.1351645,29.5,19.7425,3.871201010907891,0.3448404862917296,0.9808292530117266,0.7801585575495751,-0.18924199963852795,21,23.14,23.24,23.74,23.34,3.7,5.8,43.1,10.3,81.29,81.14,80.0,81.29,54.0,62.0,28.0,25.0
2013-06-02,201323,54.0,54,54,54,0.98864275,13.112939,0,4,250400920132319589,2023-08-20,Campina Grande,1.6381732,411807,1,1,2,28,,,,,19833,19.23,22.47,26.71,12.1,83.43,47.0,19.54,1.8208483,33.0,19.21,1.016343,17.0,20.13,0.33703053,21.0,20.09,0.34862256,37.75,19.5275,4.007333185232471,0.13613217432458002,0.4809726606163096,1.1169614273363067,0.9162907318741551,22,22.84,23.14,23.24,23.74,6.9,3.7,5.8,43.1,82.57,81.29,81.14,80.0,62.0,28.0,25.0,41.0
2013-06-09,201324,62.0,62,62,62,0.9592156,15.055596,0,4,250400920132419589,2023-08-20,Campina Grande,1.4037364,411807,1,1,2,34,,,,,19833,19.27,21.96,25.41,14.0,84.57,54.0,19.23,1.6381732,47.0,19.54,1.8208483,33.0,19.21,1.016343,17.0,20.13,0.33703053,49.0,19.3125,4.143134726391533,0.1358015411590614,0.2719337154836414,0.616774201775371,1.252762968495368,23,22.47,22.84,23.14,23.24,12.1,6.9,3.7,5.8,83.43,82.57,81.29,81.14,28.0,25.0,41.0,55.0
2013-06-16,201325,28.0,28,28,28,0.004033388,6.7993016,0,4,250400920132519589,2023-08-20,Campina Grande,0.545922,411807,1,0,2,13,,,,,19833,19.66,22.17,25.71,11.4,85.86,62.0,19.27,1.4037364,54.0,19.23,1.6381732,47.0,19.54,1.8208483,33.0,19.21,1.016343,47.75,19.424999999999997,3.367295829986474,-0.7758388964050584,-0.640037355245997,-0.503905180921417,-0.15906469462968742,24,21.96,22.47,22.84,23.14,14.0,12.1,6.9,3.7,84.57,83.43,82.57,81.29,25.0,41.0,55.0,52.0
2013-06-23,201326,25.0,25,25,25,0.0026110415,6.070805,0,2,250400920132619589,2023-08-20,Campina Grande,0.5142771,411807,1,0,1,19,,,,,19833,18.57,22.09,26.2,2.3,80.0,28.0,19.66,0.545922,62.0,19.27,1.4037364,54.0,19.23,1.6381732,47.0,19.54,1.8208483,42.25,19.1825,3.258096538021482,-0.109199291964992,-0.8850381883700504,-0.749236647210989,-0.613104472886409,25,22.17,21.96,22.47,22.84,11.4,14.0,12.1,6.9,85.86,84.57,83.43,82.57,41.0,55.0,52.0,63.0
2013-06-30,201327,41.0,41,41,41,0.6516622,9.9561205,0,2,250400920132719589,2023-08-20,Campina Grande,1.0914788,411807,1,0,2,35,,,,,19833,18.6,21.36,24.93,53.3,83.86,25.0,18.57,0.5142771,28.0,19.66,0.545922,62.0,19.27,1.4037364,54.0,19.23,1.6381732,39.0,19.025,3.7376696182833684,0.4795730802618863,0.37037378829689427,-0.40546510810816416,-0.26966356694910276,26,22.09,22.17,21.96,22.47,2.3,11.4,14.0,12.1,80.0,85.86,84.57,83.43,55.0,52.0,63.0,71.0
2013-07-07,201328,55.0,55,55,55,0.9903769,13.355771,0,4,250400920132819589,2023-08-20,Campina Grande,1.6550244,411807,1,1,2,50,,,,,19833,18.33,21.47,25.19,9.4,82.71,41.0,18.6,1.0914788,25.0,18.57,0.5142771,28.0,19.66,0.545922,62.0,19.27,1.4037364,37.25,18.79,4.02535169073515,0.28768207245178123,0.7672551527136675,0.6580558607486755,-0.11778303565638293,27,21.36,22.09,22.17,21.96,53.3,2.3,11.4,14.0,83.86,80.0,85.86,84.57,52.0,63.0,71.0,71.0
2013-07-14,201329,52.0,52,52,52,0.88938713,12.6272745,0,4,250400920132919589,2023-08-20,Campina Grande,1.289822,411807,1,0,2,43,,,,,19833,18.79,21.43,25.06,8.1,84.14,55.0,18.33,1.6550244,41.0,18.6,1.0914788,25.0,18.57,0.5142771,28.0,19.66,0.545922,43.25,18.572499999999998,3.970291913552122,-0.05505977718302768,0.23262229526875355,0.7121953755306398,0.6029960835656478,28,21.47,21.36,22.09,22.17,9.4,53.3,2.3,11.4,82.71,83.86,80.0,85.86,63.0,71.0,71.0,121.0
2013-07-21,201330,63.0,63,63,63,0.90257233,15.298429,0,4,250400920133019589,2023-08-20,Campina Grande,1.2771449,411807,1,0,2,55,,,,,19833,18.41,21.69,25.99,8.5,82.86,52.0,18.79,1.289822,55.0,18.33,1.6550244,41.0,18.6,1.0914788,25.0,18.57,0.5142771,52.75,18.5325,4.1588830833596715,0.18859116980754953,0.13353139262452185,0.4212134650763031,0.9007865453381894,29,21.43,21.47,21.36,22.09,8.1,9.4,53.3,2.3,84.14,82.71,83.86,80.0,71.0,71.0,121.0,119.0
2013-07-28,201331,71.0,71,71,71,0.9174797,17.241087,0,4,250400920133119589,2023-08-20,Campina Grande,1.2802211,411807,1,0,2,63,,,,,19833,17.6,21.11,25.44,3.4,78.43,63.0,18.41,1.2771449,52.0,18.79,1.289822,55.0,18.33,1.6550244,41.0,18.6,1.0914788,60.25,18.2825,4.276666119016055,0.11778303565638382,0.30637420546393335,0.25131442828090567,0.5389965007326869,30,21.69,21.43,21.47,21.36,8.5,8.1,9.4,53.3,82.86,84.14,82.71,83.86,71.0,121.0,119.0,65.0
2013-08-04,201332,71.0,71,71,71,0.78629434,17.241087,0,4,250400920133219589,2023-08-20,Campina Grande,1.1473131,411807,1,0,2,55,,,,,19833,17.59,21.34,25.7,3.2,80.0,71.0,17.6,1.2802211,63.0,18.41,1.2771449,52.0,18.79,1.289822,55.0,18.33,1.6550244,64.25,18.0975,4.276666119016055,0.0,0.11778303565638382,0.30637420546393335,0.25131442828090567,31,21.11,21.69,21.43,21.47,3.4,8.5,8.1,9.4,78.43,82.86,84.14,82.71,121.0,119.0,65.0,111.0
2013-08-11,201333,121.0,121,121,121,0.9998891,29.382696,0,4,250400920133319589,2023-08-20,Campina Grande,1.7202481,411807,1,1,2,81,,,,,19833,18.2,21.86,26.31,2.9,80.71,71.0,17.59,1.1473131,71.0,17.6,1.2802211,63.0,18.41,1.2771449,52.0,18.79,1.289822,81.5,17.95,4.804021044733257,0.5273549257172014,0.5273549257172014,0.6451379613735853,0.8337291311811348,32,21.34,21.11,21.69,21.43,3.2,3.4,8.5,8.1,80.0,78.43,82.86,84.14,119.0,65.0,111.0,87.0
2013-08-18,201334,119.0,119,119,119,0.9918618,28.897032,0,4,250400920133419589,2023-08-20,Campina Grande,1.402516,411807,1,1,2,84,,,,,19833,18.3,21.54,25.49,7.1,81.14,121.0,18.2,1.7202481,71.0,17.59,1.1473131,71.0,17.6,1.2802211,63.0,18.41,1.2771449,95.5,17.9225,4.787491742782046,-0.01652930195121094,0.5108256237659905,0.5108256237659905,0.6286086594223743,33,21.86,21.34,21.11,21.69,2.9,3.2,3.4,8.5,80.71,80.0,78.43,82.86,65.0,111.0,87.0,66.0
2013-08-25,201335,65.0,65,65,65,0.0020284485,15.784093,0,4,250400920133519589,2023-08-20,Campina Grande,0.63803387,411807,1,0,2,50,,,,,19833,19.17,22.17,26.17,39.9,80.57,119.0,18.3,1.402516,121.0,18.2,1.7202481,71.0,17.59,1.1473131,71.0,17.6,1.2802211,94.0,18.314999999999998,4.189654742026425,-0.5978370007556206,-0.6143663027068316,-0.08701137698963013,-0.08701137698963013,34,21.54,21.86,21.34,21.11,7.1,2.9,3.2,3.4,81.14,80.71,80.0,78.43,111.0,87.0,66.0,60.0
2013-09-01,201336,111.0,111,111,111,0.7169601,26.954374,0,4,250400920133619589,2023-08-20,Campina Grande,1.0815529,411807,1,0,2,81,,,,,19833,18.61,21.8,25.69,9.1,82.43,65.0,19.17,0.63803387,119.0,18.3,1.402516,121.0,18.2,1.7202481,71.0,17.59,1.1473131,104.0,18.57,4.718498871295094,0.528844129268669,-0.06899287148695166,-0.0855221734381626,0.44183275227903884,35,22.17,21.54,21.86,21.34,39.9,7.1,2.9,3.2,80.57,81.14,80.71,80.0,87.0,66.0,60.0,68.0
2013-09-08,201337,87.0,87,87,87,0.3232987,21.126402,0,4,250400920133719589,2023-08-20,Campina Grande,0.9340888,411807,1,0,2,66,,,,,19833,18.03,21.33,25.51,5.9,80.29,111.0,18.61,1.0815529,65.0,19.17,0.63803387,119.0,18.3,1.402516,121.0,18.2,1.7202481,95.5,18.5275,4.477336814478207,-0.2411620568168873,0.2876820724517817,-0.31015492830383895,-0.3266842302550499,36,21.8,22.17,21.54,21.86,9.1,39.9,7.1,2.9,82.43,80.57,81.14,80.71,66.0,60.0,68.0,46.0
2013-09-15,201338,66.0,66,66,66,0.020234296,16.026926,0,4,250400920133819589,2023-08-20,Campina Grande,0.72055286,411807,1,0,2,49,,,,,19833,18.79,22.49,26.99,3.9,78.0,87.0,18.03,0.9340888,111.0,18.61,1.0815529,65.0,19.17,0.63803387,119.0,18.3,1.402516,82.25,18.65,4.204692619390966,-0.27264419508724114,-0.5138062519041284,0.015037877364540542,-0.5827991233910801,37,21.33,21.8,22.17,21.54,5.9,9.1,39.9,7.1,80.29,82.43,80.57,81.14,60.0,68.0,46.0,55.0
2013-09-22,201339,60.0,60,60,60,0.019024929,14.569932,0,4,250400920133919589,2023-08-20,Campina Grande,0.70730233,411807,1,0,2,40,,,,,19833,18.79,22.8,27.93,5.5,78.71,66.0,18.79,0.72055286,87.0,18.03,0.9340888,111.0,18.61,1.0815529,65.0,19.17,0.63803387,81.0,18.555,4.110873864173311,-0.09381875521765437,-0.3664629503048955,-0.6076250071217828,-0.07878087785311383,38,22.49,21.33,21.8,22.17,3.9,5.9,9.1,39.9,78.0,80.29,82.43,80.57,68.0,46.0,55.0,42.0
2013-09-29,201340,68.0,68,68,68,0.37141997,16.51259,0,4,250400920134019589,2023-08-20,Campina Grande,0.94617325,411807,1,0,2,36,,,,,19833,18.46,22.61,27.23,4.6,77.71,60.0,18.79,0.70730233,66.0,18.79,0.72055286,87.0,18.03,0.9340888,111.0,18.61,1.0815529,70.25,18.5175,4.23410650459726,0.12323264042394833,0.029413885206293955,-0.24323030988094718,-0.4843923666978345,39,22.8,22.49,21.33,21.8,5.5,3.9,5.9,9.1,78.71,78.0,80.29,82.43,46.0,55.0,42.0,40.0
2013-10-06,201341,46.0,46,46,46,0.041776612,11.170281,0,4,250400920134119589,2023-08-20,Campina Grande,0.71827614,411807,1,0,2,36,,,,,19833,19.03,23.33,28.5,5.3,75.0,68.0,18.46,0.94617325,60.0,18.79,0.70730233,66.0,18.79,0.72055286,87.0,18.03,0.9340888,60.0,18.7675,3.8501476017100584,-0.38395890288720125,-0.2607262624632529,-0.3545450176809073,-0.6271892127681484,40,22.61,22.8,22.49,21.33,4.6,5.5,3.9,5.9,77.71,78.71,78.0,80.29,55.0,42.0,40.0,18.0
2013-10-13,201342,55.0,55,55,55,0.32943773,13.355771,0,4,250400920134219589,2023-08-20,Campina Grande,0.92111254,411807,1,0,2,36,,,,,19833,19.3,23.19,27.87,3.7,75.57,46.0,19.03,0.71827614,68.0,18.46,0.94617325,60.0,18.79,0.70730233,66.0,18.79,0.72055286,57.25,18.895,4.02535169073515,0.17520408902509121,-0.20875481386211003,-0.08552217343816171,-0.17934092865581608,41,23.33,22.61,22.8,22.49,5.3,4.6,5.5,3.9,75.0,77.71,78.71,78.0,42.0,40.0,18.0,41.0
2013-10-20,201343,42.0,42,42,42,0.11038196,10.198953,0,4,250400920134319589,2023-08-20,Campina Grande,0.7788576,411807,1,0,2,28,,,,,19833,19.66,23.47,28.09,6.9,76.57,55.0,19.3,0.92111254,46.0,19.03,0.71827614,68.0,18.46,0.94617325,60.0,18.79,0.70730233,52.75,19.1125,3.7612001156935624,-0.26415157504158726,-0.08894748601649605,-0.4729063889036973,-0.34967374847974897,42,23.19,23.33,22.61,22.8,3.7,5.3,4.6,5.5,75.57,75.0,77.71,78.71,40.0,18.0,41.0,31.0
2013-10-27,201344,40.0,40,40,40,0.16015534,9.713288,0,4,250400920134419589,2023-08-20,Campina Grande,0.8106824,411807,1,0,2,22,,,,,19833,19.7,23.41,28.1,6.2,76.71,42.0,19.66,0.7788576,55.0,19.3,0.92111254,46.0,19.03,0.71827614,68.0,18.46,0.94617325,45.75,19.4225,3.713572066704308,-0.047628048989254435,-0.3117796240308417,-0.13657553500575048,-0.5205344378929517,43,23.47,23.19,23.33,22.61,6.9,3.7,5.3,4.6,76.57,75.57,75.0,77.71,18.0,41.0,31.0,35.0
2013-11-03,201345,18.0,18,18,18,0.00044002337,4.37098,0,2,250400920134519589,2023-08-20,Campina Grande,0.41371977,411807,1,0,1,4,,,,,19833,20.04,23.5,27.8,11.0,77.57,40.0,19.7,0.8106824,42.0,19.66,0.7788576,55.0,19.3,0.92111254,46.0,19.03,0.71827614,38.75,19.675,2.9444389791664403,-0.7691330875378677,-0.8167611365271221,-1.0809127115687094,-0.9057086225436182,44,23.41,23.47,23.19,23.33,6.2,6.9,3.7,5.3,76.71,76.57,75.57,75.0,41.0,31.0,35.0,36.0
2013-11-10,201346,41.0,41,41,41,0.72182393,9.9561205,0,2,250400920134619589,2023-08-20,Campina Grande,1.1429489,411807,1,0,2,19,,,,,19833,19.81,23.47,28.1,1.8,74.71,18.0,20.04,0.41371977,40.0,19.7,0.8106824,42.0,19.66,0.7788576,55.0,19.3,0.92111254,35.25,19.802500000000002,3.7376696182833684,0.7932306391169281,0.02409755157906046,-0.023530497410193973,-0.28768207245178123,45,23.5,23.41,23.47,23.19,11.0,6.2,6.9,3.7,77.57,76.71,76.57,75.57,31.0,35.0,36.0,27.0
2013-11-17,201347,31.0,31,31,31,0.50143164,7.527798,0,4,250400920134719589,2023-08-20,Campina Grande,1.000906,411807,1,0,2,10,,,,,19833,19.9,23.3,27.63,3.0,76.57,41.0,19.81,1.1429489,18.0,20.04,0.41371977,40.0,19.7,0.8106824,42.0,19.66,0.7788576,32.5,19.862499999999997,3.4657359027997265,-0.27193371548364187,0.5212969236332863,-0.2478361639045814,-0.29546421289383584,46,23.47,23.5,23.41,23.47,1.8,11.0,6.2,6.9,74.71,77.57,76.71,76.57,35.0,36.0,27.0,26.0
2013-11-24,201348,35.0,35,35,35,0.62236416,8.499127,0,4,250400920134819589,2023-08-20,Campina Grande,1.0783801,411807,1,0,2,19,,,,,19833,19.9,24.01,29.07,1.3,73.57,31.0,19.9,1.000906,41.0,19.81,1.1429489,18.0,20.04,0.41371977,40.0,19.7,0.8106824,31.25,19.912499999999998,3.58351893845611,0.11778303565638337,-0.1541506798272585,0.6390799592896697,-0.13005312824819804,47,23.3,23.47,23.5,23.41,3.0,1.8,11.0,6.2,76.57,74.71,77.57,76.71,36.0,27.0,26.0,26.0
2013-12-01,201349,36.0,36,36,36,0.6018517,8.74196,0,4,250400920134919589,2023-08-20,Campina Grande,1.0633435,411807,1,0,2,24,,,,,19833,20.24,24.56,30.09,0.9,73.57,35.0,19.9,1.0783801,31.0,19.9,1.000906,41.0,19.81,1.1429489,18.0,20.04,0.41371977,35.75,19.9625,3.6109179126442243,0.027398974188114433,0.1451820098444978,-0.12675170563914406,0.6664789334777841,48,24.01,23.3,23.47,23.5,1.3,3.0,1.8,11.0,73.57,76.57,74.71,77.57,27.0,26.0,26.0,12.0
2013-12-08,201350,27.0,27,27,27,0.18536691,6.5564694,0,4,250400920135019589,2023-08-20,Campina Grande,0.7957186,411807,1,0,2,9,,,,,19833,19.76,24.43,30.16,0.8,71.14,36.0,20.24,1.0633435,35.0,19.9,1.0783801,31.0,19.9,1.000906,41.0,19.81,1.1429489,32.25,19.95,3.332204510175204,-0.27871340246902054,-0.2513144282809061,-0.13353139262452274,-0.4054651081081646,49,24.56,24.01,23.3,23.47,0.9,1.3,3.0,1.8,73.57,73.57,76.57,74.71,26.0,26.0,12.0,28.0
2013-12-15,201351,26.0,26,26,26,0.19146924,6.3136373,0,4,250400920135119589,2023-08-20,Campina Grande,0.7969161,411807,1,0,2,11,,,,,19833,20.53,23.56,27.31,14.2,79.43,27.0,19.76,0.7957186,36.0,20.24,1.0633435,35.0,19.9,1.0783801,31.0,19.9,1.000906,31.0,20.1075,3.295836866004329,-0.03636764417087468,-0.3150810466398952,-0.2876820724517808,-0.16989903679539742,50,24.43,24.56,24.01,23.3,0.8,0.9,1.3,3.0,71.14,73.57,73.57,76.57,26.0,12.0,28.0,21.0
2013-12-22,201352,26.0,26,26,26,0.33163062,6.3136373,0,4,250400920135219589,2023-08-20,Campina Grande,0.89010686,411807,1,0,2,10,,,,,19833,20.84,24.3,28.76,7.4,76.86,26.0,20.53,0.7969161,27.0,19.76,0.7957186,36.0,20.24,1.0633435,35.0,19.9,1.0783801,28.75,20.3425,3.295836866004329,0.0,-0.03636764417087468,-0.3150810466398952,-0.2876820724517808,51,23.56,24.43,24.56,24.01,14.2,0.8,0.9,1.3,79.43,71.14,73.57,73.57,12.0,28.0,21.0,36.0
2013-12-29,201401,12.0,12,12,12,0.010230418,2.9139864,0,2,250400920140119589,2023-08-20,Campina Grande,0.46246627,411807,1,0,1,8,,,,,19833,19.93,24.23,29.34,2.4,72.29,26.0,20.84,0.89010686,26.0,20.53,0.7969161,27.0,19.76,0.7957186,36.0,20.24,1.0633435,22.75,20.265,2.5649493574615367,-0.7308875085427924,-0.7308875085427924,-0.7672551527136671,-1.0459685551826876,52,24.3,23.56,24.43,24.56,7.4,14.2,0.8,0.9,76.86,79.43,71.14,73.57,28.0,21.0,36.0,28.0
2014-01-05,201402,28.0,28,28,28,0.7736835,6.7993016,0,2,250400920140219589,2023-08-20,Campina Grande,1.2334168,411807,1,0,2,9,,,,,19833,19.84,23.41,27.81,13.9,76.29,12.0,19.93,0.46246627,26.0,20.84,0.89010686,26.0,20.53,0.7969161,27.0,19.76,0.7957186,23.0,20.285,3.367295829986474,0.8023464725249374,0.07145896398214502,0.07145896398214502,0.03509131981127034,1,24.23,24.3,23.56,24.43,2.4,7.4,14.2,0.8,72.29,76.86,79.43,71.14,21.0,36.0,28.0,29.0
2014-01-12,201403,21.0,21,21,21,0.5302522,5.0994763,0,2,250400920140319589,2023-08-20,Campina Grande,1.0235997,411807,1,0,1,8,,,,,19833,20.19,24.36,29.46,5.0,75.0,28.0,19.84,1.2334168,12.0,19.93,0.46246627,26.0,20.84,0.89010686,26.0,20.53,0.7969161,21.75,20.2,3.091042453358316,-0.2762533766281581,0.5260930958967793,-0.20479441264601306,-0.20479441264601306,2,23.41,24.23,24.3,23.56,13.9,2.4,7.4,14.2,76.29,72.29,76.86,79.43,36.0,28.0,29.0,12.0
2014-01-19,201404,36.0,36,36,36,0.9614555,8.74196,0,2,250400920140419589,2023-08-20,Campina Grande,1.5913886,411807,1,1,2,14,,,,,19833,19.8,24.36,29.8,2.0,72.0,21.0,20.19,1.0235997,28.0,19.84,1.2334168,12.0,19.93,0.46246627,26.0,20.84,0.89010686,24.25,19.939999999999998,3.6109179126442243,0.5198754592859083,0.2436220826577502,1.0459685551826876,0.3150810466398952,3,24.36,23.41,24.23,24.3,5.0,13.9,2.4,7.4,75.0,76.29,72.29,76.86,28.0,29.0,12.0,1.0
2014-01-26,201405,28.0,28,28,28,0.60042536,6.7993016,0,4,250400920140519589,2023-08-20,Campina Grande,1.071061,411807,1,0,2,13,,,,,19833,20.51,24.47,29.5,8.3,72.86,36.0,19.8,1.5913886,21.0,20.19,1.0235997,28.0,19.84,1.2334168,12.0,19.93,0.46246627,28.25,20.085,3.367295829986474,-0.2436220826577502,0.2762533766281581,0.0,0.8023464725249374,4,24.36,24.36,23.41,24.23,2.0,5.0,13.9,2.4,72.0,75.0,76.29,72.29,29.0,12.0,1.0,6.0
2014-02-02,201406,29.0,29,29,29,0.48145598,7.042134,0,4,250400920140619589,2023-08-20,Campina Grande,0.98798496,411807,1,0,2,18,,,,,19833,20.14,23.56,28.13,11.3,78.57,28.0,20.51,1.071061,36.0,19.8,1.5913886,21.0,20.19,1.0235997,28.0,19.84,1.2334168,28.5,20.16,3.4011973816621555,0.03390155167568132,-0.2097205309820689,0.3101549283038394,0.03390155167568132,5,24.47,24.36,24.36,23.41,8.3,2.0,5.0,13.9,72.86,72.0,75.0,76.29,12.0,1.0,6.0,3.0
2014-02-09,201407,12.0,12,12,12,0.0034669852,2.9139864,0,2,250400920140719589,2023-08-20,Campina Grande,0.41658103,411807,1,0,1,12,,,,,19833,20.7,24.07,28.71,10.2,78.57,29.0,20.14,0.98798496,28.0,20.51,1.071061,36.0,19.8,1.5913886,21.0,20.19,1.0235997,26.25,20.2875,2.5649493574615367,-0.8362480242006187,-0.8023464725249374,-1.0459685551826876,-0.5260930958967793,6,23.56,24.47,24.36,24.36,11.3,8.3,2.0,5.0,78.57,72.86,72.0,75.0,1.0,6.0,3.0,12.0
2014-02-16,201408,1.0,1,1,1,9.4007106e-08,0.2428322,0,2,250400920140819589,2023-08-20,Campina Grande,0.04284003,411807,1,0,0,1,,,,,19833,20.59,23.96,28.51,17.3,78.71,12.0,20.7,0.41658103,29.0,20.14,0.98798496,28.0,20.51,1.071061,36.0,19.8,1.5913886,17.5,20.485,0.6931471805599453,-1.8718021769015913,-2.70805020110221,-2.6741486494265287,-2.917770732084279,7,24.07,23.56,24.47,24.36,10.2,11.3,8.3,2.0,78.57,78.57,72.86,72.0,6.0,3.0,12.0,19.0
2014-02-23,201409,6.0,6,6,6,0.03119175,1.4569932,0,2,250400920140919589,2023-08-20,Campina Grande,0.42721286,411807,1,0,1,5,,,,,19833,19.94,24.11,29.06,5.1,76.43,1.0,20.59,0.04284003,12.0,20.7,0.41658103,29.0,20.14,0.98798496,28.0,20.51,1.071061,12.0,20.3425,1.9459101490553132,1.252762968495368,-0.6190392084062235,-1.4552872326068422,-1.421385680931161,8,23.96,24.07,23.56,24.47,17.3,10.2,11.3,8.3,78.71,78.57,78.57,72.86,3.0,12.0,19.0,20.0
2014-03-02,201410,3.0,3,3,3,0.10838753,0.7284966,0,2,250400920141019589,2023-08-20,Campina Grande,0.45378453,411807,1,0,0,1,,,,,19833,20.71,24.54,29.56,14.4,74.57,6.0,19.94,0.42721286,1.0,20.59,0.04284003,12.0,20.7,0.41658103,29.0,20.14,0.98798496,5.5,20.485,1.3862943611198906,-0.5596157879354227,0.6931471805599453,-1.1786549963416462,-2.014903020542265,9,24.11,23.96,24.07,23.56,5.1,17.3,10.2,11.3,76.43,78.71,78.57,78.57,12.0,19.0,20.0,16.0
2014-03-09,201411,12.0,12,12,12,0.96693635,2.9139864,0,2,250400920141119589,2023-08-20,Campina Grande,2.5054052,411807,1,1,1,8,,,,,19833,20.79,23.7,27.9,22.4,82.14,3.0,20.71,0.45378453,6.0,19.94,0.42721286,1.0,20.59,0.04284003,12.0,20.7,0.41658103,5.5,20.5075,2.5649493574615367,1.1786549963416462,0.6190392084062235,1.8718021769015913,0.0,10,24.54,24.11,23.96,24.07,14.4,5.1,17.3,10.2,74.57,76.43,78.71,78.57,19.0,20.0,16.0,8.0
2014-03-16,201412,19.0,19,19,19,0.9942092,4.613812,0,3,250400920141219589,2023-08-20,Campina Grande,2.840389,411807,1,1,1,6,,,,,19833,21.01,24.6,29.14,8.8,79.57,12.0,20.79,2.5054052,3.0,20.71,0.45378453,6.0,19.94,0.42721286,1.0,20.59,0.04284003,10.0,20.6125,2.995732273553991,0.4307829160924541,1.6094379124341003,1.0498221244986776,2.3025850929940455,11,23.7,24.54,24.11,23.96,22.4,14.4,5.1,17.3,82.14,74.57,76.43,78.71,20.0,16.0,8.0,12.0
2014-03-23,201413,20.0,20,20,20,0.93828756,4.856644,0,2,250400920141319589,2023-08-20,Campina Grande,1.7360343,411807,1,0,1,5,,,,,19833,20.51,24.63,29.73,7.1,75.71,19.0,21.01,2.840389,12.0,20.79,2.5054052,3.0,20.71,0.45378453,6.0,19.94,0.42721286,13.5,20.755000000000003,3.044522437723423,0.04879016416943216,0.4795730802618863,1.6582280766035324,1.0986122886681098,12,24.6,23.7,24.54,24.11,8.8,22.4,14.4,5.1,79.57,82.14,74.57,76.43,16.0,8.0,12.0,10.0
2014-03-30,201414,16.0,16,16,16,0.4733472,3.8853152,0,2,250400920141419589,2023-08-20,Campina Grande,0.9770672,411807,1,0,1,4,,,,,19833,20.9,24.53,29.47,15.5,78.57,20.0,20.51,1.7360343,19.0,21.01,2.840389,12.0,20.79,2.5054052,3.0,20.71,0.45378453,16.75,20.802500000000002,2.833213344056216,-0.21130909366720685,-0.1625189294977747,0.2682639865946794,1.4469189829363256,13,24.63,24.6,23.7,24.54,7.1,8.8,22.4,14.4,75.71,79.57,82.14,74.57,8.0,12.0,10.0,14.0
2014-04-06,201415,8.0,8,8,8,0.025915356,1.9426576,0,2,250400920141519589,2023-08-20,Campina Grande,0.4560551,411807,1,0,1,2,,,,,19833,21.36,24.83,29.33,14.9,80.14,16.0,20.9,0.9770672,20.0,20.51,1.7360343,19.0,21.01,2.840389,12.0,20.79,2.5054052,15.75,20.945,2.1972245773362196,-0.6359887667199966,-0.8472978603872034,-0.7985076962177713,-0.3677247801253172,14,24.53,24.63,24.6,23.7,15.5,7.1,8.8,22.4,78.57,75.71,79.57,82.14,12.0,10.0,14.0,5.0
2014-04-13,201416,12.0,12,12,12,0.28575975,2.9139864,0,2,250400920141619589,2023-08-20,Campina Grande,0.8061499,411807,1,0,1,6,,,,,19833,20.57,24.37,29.09,2.2,77.71,8.0,21.36,0.4560551,16.0,20.9,0.9770672,20.0,20.51,1.7360343,19.0,21.01,2.840389,14.0,20.835,2.5649493574615367,0.3677247801253172,-0.2682639865946794,-0.4795730802618863,-0.4307829160924541,15,24.83,24.53,24.63,24.6,14.9,15.5,7.1,8.8,80.14,78.57,75.71,79.57,10.0,14.0,5.0,18.0
2014-04-20,201417,10.0,10,10,10,0.35702777,2.428322,0,2,250400920141719589,2023-08-20,Campina Grande,0.8567319,411807,1,0,1,4,,,,,19833,20.64,24.74,29.71,4.0,76.0,12.0,20.57,0.8061499,8.0,21.36,0.4560551,16.0,20.9,0.9770672,20.0,20.51,1.7360343,11.5,20.8675,2.3978952727983707,-0.16705408466316607,0.2006706954621511,-0.4353180712578455,-0.6466271649250523,16,24.37,24.83,24.53,24.63,2.2,14.9,15.5,7.1,77.71,80.14,78.57,75.71,14.0,5.0,18.0,18.0
2014-04-27,201418,14.0,14,14,14,0.73980576,3.3996508,0,2,250400920141819589,2023-08-20,Campina Grande,1.2898818,411807,1,0,1,6,,,,,19833,20.84,23.74,27.66,25.4,81.43,10.0,20.64,0.8567319,12.0,20.57,0.8061499,8.0,21.36,0.4560551,16.0,20.9,0.9770672,11.0,20.8525,2.70805020110221,0.3101549283038394,0.14310084364067333,0.5108256237659905,-0.1251631429540061,17,24.74,24.37,24.83,24.53,4.0,2.2,14.9,15.5,76.0,77.71,80.14,78.57,5.0,18.0,18.0,12.0
2014-05-04,201419,5.0,5,5,5,0.057836182,1.214161,0,2,250400920141919589,2023-08-20,Campina Grande,0.45223662,411807,1,0,0,3,,,,,19833,20.11,23.46,27.53,7.0,81.0,14.0,20.84,1.2898818,10.0,20.64,0.8567319,12.0,20.57,0.8061499,8.0,21.36,0.4560551,10.25,20.54,1.791759469228055,-0.9162907318741551,-0.6061358035703157,-0.7731898882334818,-0.4054651081081646,18,23.74,24.74,24.37,24.83,25.4,4.0,2.2,14.9,81.43,76.0,77.71,80.14,18.0,18.0,12.0,18.0
2014-05-11,201420,18.0,18,18,18,0.9120281,4.37098,0,2,250400920142019589,2023-08-20,Campina Grande,1.6556127,411807,1,0,1,8,,,,,19833,20.47,23.4,27.17,17.7,82.29,5.0,20.11,0.45223662,14.0,20.84,1.2898818,10.0,20.64,0.8567319,12.0,20.57,0.8061499,11.75,20.515,2.9444389791664403,1.1526795099383853,0.2363887780642302,0.5465437063680696,0.3794896217049035,19,23.46,23.74,24.74,24.37,7.0,25.4,4.0,2.2,81.0,81.43,76.0,77.71,18.0,12.0,18.0,25.0
2014-05-18,201421,18.0,18,18,18,0.89629054,4.37098,0,2,250400920142119589,2023-08-20,Campina Grande,1.592385,411807,1,0,1,7,,,,,19833,19.79,23.3,27.63,22.0,80.86,18.0,20.47,1.6556127,5.0,20.11,0.45223662,14.0,20.84,1.2898818,10.0,20.64,0.8567319,13.75,20.3025,2.9444389791664403,0.0,1.1526795099383853,0.2363887780642302,0.5465437063680696,20,23.4,23.46,23.74,24.74,17.7,7.0,25.4,4.0,82.29,81.0,81.43,76.0,12.0,18.0,25.0,6.0
2014-05-25,201422,12.0,12,12,12,0.33133358,2.9139864,0,2,250400920142219589,2023-08-20,Campina Grande,0.8453092,411807,1,0,1,5,,,,,19833,18.43,22.07,26.19,28.3,83.57,18.0,19.79,1.592385,18.0,20.47,1.6556127,5.0,20.11,0.45223662,14.0,20.84,1.2898818,13.25,19.7,2.5649493574615367,-0.3794896217049035,-0.3794896217049035,0.7731898882334818,-0.14310084364067333,21,23.3,23.4,23.46,23.74,22.0,17.7,7.0,25.4,80.86,82.29,81.0,81.43,18.0,25.0,6.0,10.0
2014-06-01,201423,18.0,18,18,18,0.65288806,4.37098,0,2,250400920142319589,2023-08-20,Campina Grande,1.1431999,411807,1,0,1,7,,,,,19833,19.17,22.54,26.66,5.1,80.57,12.0,18.43,0.8453092,18.0,19.79,1.592385,18.0,20.47,1.6556127,5.0,20.11,0.45223662,16.5,19.465,2.9444389791664403,0.3794896217049035,0.0,0.0,1.1526795099383853,22,22.07,23.3,23.4,23.46,28.3,22.0,17.7,7.0,83.57,80.86,82.29,81.0,25.0,6.0,10.0,9.0
2014-06-08,201424,25.0,25,25,25,0.92700726,6.070805,0,2,250400920142419589,2023-08-20,Campina Grande,1.577893,411807,1,0,1,12,,,,,19833,19.16,22.09,25.83,7.7,82.0,18.0,19.17,1.1431999,12.0,18.43,0.8453092,18.0,19.79,1.592385,18.0,20.47,1.6556127,18.25,19.1375,3.258096538021482,0.3136575588550419,0.6931471805599454,0.3136575588550419,0.3136575588550419,23,22.54,22.07,23.3,23.4,5.1,28.3,22.0,17.7,80.57,83.57,80.86,82.29,6.0,10.0,9.0,8.0
2014-06-15,201425,6.0,6,6,6,0.0066763265,1.4569932,0,2,250400920142519589,2023-08-20,Campina Grande,0.3426589,411807,1,0,1,3,,,,,19833,18.63,22.14,26.46,5.2,79.14,25.0,19.16,1.577893,18.0,19.17,1.1431999,12.0,18.43,0.8453092,18.0,19.79,1.592385,15.25,18.8475,1.9459101490553132,-1.312186388966169,-0.998528830111127,-0.6190392084062235,-0.998528830111127,24,22.09,22.54,22.07,23.3,7.7,5.1,28.3,22.0,82.0,80.57,83.57,80.86,10.0,9.0,8.0,10.0
2014-06-22,201426,10.0,10,10,10,0.082973905,2.428322,0,2,250400920142619589,2023-08-20,Campina Grande,0.5864812,411807,1,0,1,6,,,,,19833,18.74,21.5,25.06,23.9,85.29,6.0,18.63,0.3426589,25.0,19.16,1.577893,18.0,19.17,1.1431999,12.0,18.43,0.8453092,14.75,18.924999999999997,2.3978952727983707,0.45198512374305744,-0.8602012652231115,-0.5465437063680696,-0.16705408466316607,25,22.14,22.09,22.54,22.07,5.2,7.7,5.1,28.3,79.14,82.0,80.57,83.57,9.0,8.0,10.0,8.0
2014-06-29,201427,9.0,9,9,9,0.2277328,2.18549,0,2,250400920142719589,2023-08-20,Campina Grande,0.7272138,411807,1,0,1,5,,,,,19833,17.96,21.54,26.06,6.8,79.29,10.0,18.74,0.5864812,6.0,18.63,0.3426589,25.0,19.16,1.577893,18.0,19.17,1.1431999,12.5,18.6225,2.302585092994046,-0.09531017980432477,0.35667494393873267,-0.9555114450274362,-0.6418538861723944,26,21.5,22.14,22.09,22.54,23.9,5.2,7.7,5.1,85.29,79.14,82.0,80.57,8.0,10.0,8.0,8.0
2014-07-06,201428,8.0,8,8,8,0.3581883,1.9426576,0,2,250400920142819589,2023-08-20,Campina Grande,0.8436957,411807,1,0,1,3,,,,,19833,17.84,21.33,25.36,8.4,80.43,9.0,17.96,0.7272138,10.0,18.74,0.5864812,6.0,18.63,0.3426589,25.0,19.16,1.577893,8.25,18.2925,2.1972245773362196,-0.10536051565782634,-0.2006706954621511,0.25131442828090633,-1.0608719606852626,27,21.54,21.5,22.14,22.09,6.8,23.9,5.2,7.7,79.29,85.29,79.14,82.0,10.0,8.0,8.0,6.0
2014-07-13,201429,10.0,10,10,10,0.5999391,2.428322,0,2,250400920142919589,2023-08-20,Campina Grande,1.1206952,411807,1,0,1,3,,,,,19833,18.49,21.33,25.13,34.7,83.43,8.0,17.84,0.8436957,9.0,17.96,0.7272138,10.0,18.74,0.5864812,6.0,18.63,0.3426589,9.25,18.2575,2.3978952727983707,0.2006706954621511,0.09531017980432477,0.0,0.45198512374305744,28,21.33,21.54,21.5,22.14,8.4,6.8,23.9,5.2,80.43,79.29,85.29,79.14,8.0,8.0,6.0,4.0
2014-07-20,201430,8.0,8,8,8,0.42156157,1.9426576,0,2,250400920143019589,2023-08-20,Campina Grande,0.9100441,411807,1,0,1,6,,,,,19833,18.16,21.24,25.33,8.5,81.43,10.0,18.49,1.1206952,8.0,17.84,0.8436957,9.0,17.96,0.7272138,10.0,18.74,0.5864812,8.75,18.1125,2.1972245773362196,-0.2006706954621511,0.0,-0.10536051565782634,-0.2006706954621511,29,21.33,21.33,21.54,21.5,34.7,8.4,6.8,23.9,83.43,80.43,79.29,85.29,8.0,6.0,4.0,4.0
2014-07-27,201431,8.0,8,8,8,0.4183983,1.9426576,0,2,250400920143119589,2023-08-20,Campina Grande,0.90662247,411807,1,0,1,4,,,,,19833,17.53,20.97,24.89,9.0,81.29,8.0,18.16,0.9100441,10.0,18.49,1.1206952,8.0,17.84,0.8436957,9.0,17.96,0.7272138,8.5,18.005,2.1972245773362196,0.0,-0.2006706954621511,0.0,-0.10536051565782634,30,21.24,21.33,21.33,21.54,8.5,34.7,8.4,6.8,81.43,83.43,80.43,79.29,6.0,4.0,4.0,0.0
2014-08-03,201432,6.0,6,6,6,0.26144037,1.4569932,0,2,250400920143219589,2023-08-20,Campina Grande,0.71906936,411807,1,0,1,3,,,,,19833,18.2,21.63,26.13,2.6,79.29,8.0,17.53,0.90662247,8.0,18.16,0.9100441,10.0,18.49,1.1206952,8.0,17.84,0.8436957,8.0,18.095,1.9459101490553132,-0.25131442828090633,-0.25131442828090633,-0.45198512374305744,-0.25131442828090633,31,20.97,21.24,21.33,21.33,9.0,8.5,34.7,8.4,81.29,81.43,83.43,80.43,4.0,4.0,0.0,3.0
2014-08-10,201433,4.0,4,4,4,0.1476275,0.9713288,0,2,250400920143319589,2023-08-20,Campina Grande,0.54261744,411807,1,0,0,2,,,,,19833,17.73,21.2,25.53,5.3,78.14,6.0,18.2,0.71906936,8.0,17.53,0.90662247,8.0,18.16,0.9100441,10.0,18.49,1.1206952,6.5,17.905,1.6094379124341003,-0.33647223662121295,-0.5877866649021193,-0.5877866649021193,-0.7884573603642704,32,21.63,20.97,21.24,21.33,2.6,9.0,8.5,34.7,79.29,81.29,81.43,83.43,4.0,0.0,3.0,5.0
2014-08-17,201434,4.0,4,4,4,0.2548033,0.9713288,0,2,250400920143419589,2023-08-20,Campina Grande,0.6677131,411807,1,0,0,1,,,,,19833,17.6,20.97,25.07,3.5,79.0,4.0,17.73,0.54261744,6.0,18.2,0.71906936,8.0,17.53,0.90662247,8.0,18.16,0.9100441,5.5,17.765,1.6094379124341003,0.0,-0.33647223662121295,-0.5877866649021193,-0.5877866649021193,33,21.2,21.63,20.97,21.24,5.3,2.6,9.0,8.5,78.14,79.29,81.29,81.43,0.0,3.0,5.0,1.0
2014-08-24,201435,0.0,0,0,0,0.0,0.0,0,1,250400920143519589,2023-08-20,Campina Grande,0.0,411807,0,0,0,0,,,,,19833,18.03,21.86,26.6,4.2,78.57,4.0,17.6,0.6677131,4.0,17.73,0.54261744,6.0,18.2,0.71906936,8.0,17.53,0.90662247,3.5,17.89,0.0,-1.6094379124341003,-1.6094379124341003,-1.9459101490553132,-2.1972245773362196,34,20.97,21.2,21.63,20.97,3.5,5.3,2.6,9.0,79.0,78.14,79.29,81.29,3.0,5.0,1.0,3.0
2014-08-31,201436,3.0,3,3,3,0.48508132,0.7284966,0,1,250400920143619589,2023-08-20,Campina Grande,0.9720972,411807,1,0,0,2,,,,,19833,18.84,22.63,27.46,1.3,77.29,0.0,18.03,0.0,4.0,17.6,0.6677131,4.0,17.73,0.54261744,6.0,18.2,0.71906936,2.75,18.05,1.3862943611198906,1.3862943611198906,-0.2231435513142097,-0.2231435513142097,-0.5596157879354227,35,21.86,20.97,21.2,21.63,4.2,3.5,5.3,2.6,78.57,79.0,78.14,79.29,5.0,1.0,3.0,1.0
2014-09-07,201437,5.0,5,5,5,0.86896783,1.214161,0,1,250400920143719589,2023-08-20,Campina Grande,2.2651212,411807,1,0,0,3,,,,,19833,18.76,21.09,24.26,20.3,84.71,3.0,18.84,0.9720972,0.0,18.03,0.0,4.0,17.6,0.6677131,4.0,17.73,0.54261744,3.0,18.3075,1.791759469228055,0.4054651081081644,1.791759469228055,0.18232155679395468,0.18232155679395468,36,22.63,21.86,20.97,21.2,1.3,4.2,3.5,5.3,77.29,78.57,79.0,78.14,1.0,3.0,1.0,3.0
2014-09-14,201438,1.0,1,1,1,0.15440832,0.2428322,0,2,250400920143819589,2023-08-20,Campina Grande,0.37103307,411807,1,0,0,1,,,,,19833,17.96,21.93,26.63,7.9,78.57,5.0,18.76,2.2651212,3.0,18.84,0.9720972,0.0,18.03,0.0,4.0,17.6,0.6677131,2.25,18.3975,0.6931471805599453,-1.0986122886681096,-0.6931471805599453,0.6931471805599453,-0.916290731874155,37,21.09,22.63,21.86,20.97,20.3,1.3,4.2,3.5,84.71,77.29,78.57,79.0,3.0,1.0,3.0,1.0
2014-09-21,201439,3.0,3,3,3,0.4753925,0.7284966,0,2,250400920143919589,2023-08-20,Campina Grande,0.954551,411807,1,0,0,0,,,,,19833,18.69,22.87,28.01,1.0,74.86,1.0,17.96,0.37103307,5.0,18.76,2.2651212,3.0,18.84,0.9720972,0.0,18.03,0.0,3.0,18.5625,1.3862943611198906,0.6931471805599453,-0.4054651081081644,0.0,1.3862943611198906,38,21.93,21.09,22.63,21.86,7.9,20.3,1.3,4.2,78.57,84.71,77.29,78.57,1.0,3.0,1.0,2.0
2014-09-28,201440,1.0,1,1,1,0.1706115,0.2428322,0,2,250400920144019589,2023-08-20,Campina Grande,0.39197037,411807,1,0,0,1,,,,,19833,19.69,23.36,28.19,6.4,76.71,3.0,18.69,0.954551,1.0,17.96,0.37103307,5.0,18.76,2.2651212,3.0,18.84,0.9720972,2.5,18.775000000000002,0.6931471805599453,-0.6931471805599453,0.0,-1.0986122886681096,-0.6931471805599453,39,22.87,21.93,21.09,22.63,1.0,7.9,20.3,1.3,74.86,78.57,84.71,77.29,3.0,1.0,2.0,3.0
2014-10-05,201441,3.0,3,3,3,0.6629324,0.7284966,0,2,250400920144119589,2023-08-20,Campina Grande,1.4111023,411807,1,0,0,1,,,,,19833,19.2,22.44,26.46,10.9,78.57,1.0,19.69,0.39197037,3.0,18.69,0.954551,1.0,17.96,0.37103307,5.0,18.76,2.2651212,2.0,18.884999999999998,1.3862943611198906,0.6931471805599453,0.0,0.6931471805599453,-0.4054651081081644,40,23.36,22.87,21.93,21.09,6.4,1.0,7.9,20.3,76.71,74.86,78.57,84.71,1.0,2.0,3.0,4.0
2014-10-12,201442,1.0,1,1,1,0.25325993,0.2428322,0,2,250400920144219589,2023-08-20,Campina Grande,0.50471675,411807,1,0,0,0,,,,,19833,18.96,22.76,27.41,8.4,77.0,3.0,19.2,1.4111023,1.0,19.69,0.39197037,3.0,18.69,0.954551,1.0,17.96,0.37103307,2.0,19.135,0.6931471805599453,-0.6931471805599453,0.0,-0.6931471805599453,0.0,41,22.44,23.36,22.87,21.93,10.9,6.4,1.0,7.9,78.57,76.71,74.86,78.57,2.0,3.0,4.0,2.0
2014-10-19,201443,2.0,2,2,2,0.5098523,0.4856644,0,2,250400920144319589,2023-08-20,Campina Grande,1.0225846,411807,1,0,0,1,,,,,19833,19.19,22.99,27.79,4.4,75.71,1.0,18.96,0.50471675,3.0,19.2,1.4111023,1.0,19.69,0.39197037,3.0,18.69,0.954551,1.75,19.26,1.0986122886681098,0.4054651081081645,-0.2876820724517808,0.4054651081081645,-0.2876820724517808,42,22.76,22.44,23.36,22.87,8.4,10.9,6.4,1.0,77.0,78.57,76.71,74.86,3.0,4.0,2.0,5.0
2014-10-26,201444,3.0,3,3,3,0.71910274,0.7284966,0,2,250400920144419589,2023-08-20,Campina Grande,1.6320343,411807,1,0,0,1,,,,,19833,19.63,23.46,28.21,6.8,75.29,2.0,19.19,1.0225846,1.0,18.96,0.50471675,3.0,19.2,1.4111023,1.0,19.69,0.39197037,2.25,19.245,1.3862943611198906,0.2876820724517808,0.6931471805599453,0.0,0.6931471805599453,43,22.99,22.76,22.44,23.36,4.4,8.4,10.9,6.4,75.71,77.0,78.57,76.71,4.0,2.0,5.0,1.0
2014-11-02,201445,4.0,4,4,4,0.79041445,0.9713288,0,2,250400920144519589,2023-08-20,Campina Grande,1.8617301,411807,1,0,0,2,,,,,19833,19.24,23.0,27.67,4.8,76.86,3.0,19.63,1.6320343,2.0,19.19,1.0225846,1.0,18.96,0.50471675,3.0,19.2,1.4111023,2.5,19.255,1.6094379124341003,0.2231435513142097,0.5108256237659905,0.916290731874155,0.2231435513142097,44,23.46,22.99,22.76,22.44,6.8,4.4,8.4,10.9,75.29,75.71,77.0,78.57,2.0,5.0,1.0,5.0
2014-11-09,201446,2.0,2,2,2,0.3406092,0.4856644,0,2,250400920144619589,2023-08-20,Campina Grande,0.70820075,411807,1,0,0,0,,,,,19833,20.04,24.01,29.26,1.1,74.43,4.0,19.24,1.8617301,3.0,19.63,1.6320343,2.0,19.19,1.0225846,1.0,18.96,0.50471675,2.75,19.525,1.0986122886681098,-0.5108256237659905,-0.2876820724517808,0.0,0.4054651081081645,45,23.0,23.46,22.99,22.76,4.8,6.8,4.4,8.4,76.86,75.29,75.71,77.0,5.0,1.0,5.0,2.0
2014-11-16,201447,5.0,5,5,5,0.7485296,1.214161,0,2,250400920144719589,2023-08-20,Campina Grande,1.5681875,411807,1,0,0,0,,,,,19833,20.41,24.29,29.37,5.0,74.29,2.0,20.04,0.70820075,4.0,19.24,1.8617301,3.0,19.63,1.6320343,2.0,19.19,1.0225846,3.5,19.83,1.791759469228055,0.6931471805599452,0.18232155679395468,0.4054651081081644,0.6931471805599452,46,24.01,23.0,23.46,22.99,1.1,4.8,6.8,4.4,74.43,76.86,75.29,75.71,1.0,5.0,2.0,4.0
2014-11-23,201448,1.0,1,1,1,0.10877456,0.2428322,0,2,250400920144819589,2023-08-20,Campina Grande,0.3124427,411807,1,0,0,0,,,,,19833,19.76,23.69,28.5,3.6,73.57,5.0,20.41,1.5681875,2.0,20.04,0.70820075,4.0,19.24,1.8617301,3.0,19.63,1.6320343,3.0,19.8625,0.6931471805599453,-1.0986122886681096,-0.4054651081081645,-0.916290731874155,-0.6931471805599453,47,24.29,24.01,23.0,23.46,5.0,1.1,4.8,6.8,74.29,74.43,76.86,75.29,5.0,2.0,4.0,4.0
2014-11-30,201449,5.0,5,5,5,0.74427927,1.214161,0,2,250400920144919589,2023-08-20,Campina Grande,1.5527434,411807,1,0,0,3,,,,,19833,19.53,23.57,28.56,6.5,75.14,1.0,19.76,0.3124427,5.0,20.41,1.5681875,2.0,20.04,0.70820075,4.0,19.24,1.8617301,3.25,19.935000000000002,1.791759469228055,1.0986122886681096,0.0,0.6931471805599452,0.18232155679395468,48,23.69,24.29,24.01,23.0,3.6,5.0,1.1,4.8,73.57,74.29,74.43,76.86,2.0,4.0,4.0,1.0
2014-12-07,201450,2.0,2,2,2,0.30445948,0.4856644,0,2,250400920145019589,2023-08-20,Campina Grande,0.655148,411807,1,0,0,1,,,,,19833,19.93,23.73,28.5,7.1,74.71,5.0,19.53,1.5527434,1.0,19.76,0.3124427,5.0,20.41,1.5681875,2.0,20.04,0.70820075,3.25,19.9075,1.0986122886681098,-0.6931471805599452,0.4054651081081645,-0.6931471805599452,0.0,49,23.57,23.69,24.29,24.01,6.5,3.6,5.0,1.1,75.14,73.57,74.29,74.43,4.0,4.0,1.0,1.0
2014-12-14,201451,4.0,4,4,4,0.62163615,0.9713288,0,2,250400920145119589,2023-08-20,Campina Grande,1.2438021,411807,1,0,0,0,,,,,19833,20.14,24.04,28.94,5.6,74.71,2.0,19.93,0.655148,5.0,19.53,1.5527434,1.0,19.76,0.3124427,5.0,20.41,1.5681875,3.0,19.84,1.6094379124341003,0.5108256237659905,-0.18232155679395468,0.916290731874155,-0.18232155679395468,50,23.73,23.57,23.69,24.29,7.1,6.5,3.6,5.0,74.71,75.14,73.57,74.29,4.0,1.0,1.0,1.0
2014-12-21,201452,4.0,4,4,4,0.61332685,0.9713288,0,2,250400920145219589,2023-08-20,Campina Grande,1.2239869,411807,1,0,0,0,,,,,19833,20.33,24.0,28.36,9.4,75.43,4.0,20.14,1.2438021,2.0,19.93,0.655148,5.0,19.53,1.5527434,1.0,19.76,0.3124427,3.75,19.982499999999998,1.6094379124341003,0.0,0.5108256237659905,-0.18232155679395468,0.916290731874155,51,24.04,23.73,23.57,23.69,5.6,7.1,6.5,3.6,74.71,74.71,75.14,73.57,1.0,1.0,1.0,0.0
2014-12-28,201453,1.0,1,1,1,0.09627845,0.2428322,0,2,250400920145319589,2023-08-20,Campina Grande,0.2961521,411807,1,0,0,0,,,,,19833,20.27,24.1,28.89,6.1,74.14,4.0,20.33,1.2239869,4.0,20.14,1.2438021,2.0,19.93,0.655148,5.0,19.53,1.5527434,2.75,20.167499999999997,0.6931471805599453,-0.916290731874155,-0.916290731874155,-0.4054651081081645,-1.0986122886681096,52,24.0,24.04,23.73,23.57,9.4,5.6,7.1,6.5,75.43,74.71,74.71,75.14,1.0,1.0,0.0,2.0
2015-01-04,201501,1.0,1,1,1,0.1258785,0.2428322,0,2,250400920150119589,2023-08-20,Campina Grande,0.33445978,411807,1,0,0,0,,,,,19833,19.9,24.1,29.47,2.0,72.29,1.0,20.27,0.2961521,4.0,20.33,1.2239869,4.0,20.14,1.2438021,2.0,19.93,0.655148,2.5,20.16,0.6931471805599453,0.0,-0.916290731874155,-0.916290731874155,-0.4054651081081645,1,24.1,24.0,24.04,23.73,6.1,9.4,5.6,7.1,74.14,75.43,74.71,74.71,1.0,0.0,2.0,6.0
2015-01-11,201502,1.0,1,1,1,0.27012795,0.2428322,0,2,250400920150219589,2023-08-20,Campina Grande,0.52958107,411807,1,0,0,1,,,,,19833,19.83,24.16,29.56,6.5,72.86,1.0,19.9,0.33445978,1.0,20.27,0.2961521,4.0,20.33,1.2239869,4.0,20.14,1.2438021,1.75,20.0825,0.6931471805599453,0.0,0.0,-0.916290731874155,-0.916290731874155,2,24.1,24.1,24.0,24.04,2.0,6.1,9.4,5.6,72.29,74.14,75.43,74.71,0.0,2.0,6.0,2.0
2015-01-18,201503,0.0,0,0,0,0.0,0.0,0,1,250400920150319589,2023-08-20,Campina Grande,0.0,411807,0,0,0,0,,,,,19833,20.84,24.67,29.81,3.8,72.57,1.0,19.83,0.52958107,1.0,19.9,0.33445978,1.0,20.27,0.2961521,4.0,20.33,1.2239869,0.75,20.21,0.0,-0.6931471805599453,-0.6931471805599453,-0.6931471805599453,-1.6094379124341003,3,24.16,24.1,24.1,24.0,6.5,2.0,6.1,9.4,72.86,72.29,74.14,75.43,2.0,6.0,2.0,0.0
2015-01-25,201504,2.0,2,2,2,0.79837173,0.4856644,0,1,250400920150419589,2023-08-20,Campina Grande,2.4356039,411807,1,0,0,0,,,,,19833,19.93,24.56,30.41,4.6,71.14,0.0,20.84,0.0,1.0,19.83,0.52958107,1.0,19.9,0.33445978,1.0,20.27,0.2961521,1.0,20.125,1.0986122886681098,1.0986122886681098,0.4054651081081645,0.4054651081081645,0.4054651081081645,4,24.67,24.16,24.1,24.1,3.8,6.5,2.0,6.1,72.57,72.86,72.29,74.14,6.0,2.0,0.0,1.0
2015-02-01,201505,6.0,6,6,6,0.980976,1.4569932,0,1,250400920150519589,2023-08-20,Campina Grande,5.4111476,411807,1,1,1,0,,,,,19833,20.83,24.66,29.96,3.4,73.57,2.0,19.93,2.4356039,0.0,20.84,0.0,1.0,19.83,0.52958107,1.0,19.9,0.33445978,2.25,20.357499999999998,1.9459101490553132,0.8472978603872034,1.9459101490553132,1.252762968495368,1.252762968495368,5,24.56,24.67,24.16,24.1,4.6,3.8,6.5,2.0,71.14,72.57,72.86,72.29,2.0,0.0,1.0,6.0
2015-02-08,201506,2.0,2,2,2,0.41367495,0.4856644,0,2,250400920150619589,2023-08-20,Campina Grande,0.82772774,411807,1,0,0,1,,,,,19833,20.91,25.03,30.66,4.3,71.14,6.0,20.83,5.4111476,2.0,19.93,2.4356039,0.0,20.84,0.0,1.0,19.83,0.52958107,2.5,20.627499999999998,1.0986122886681098,-0.8472978603872034,0.0,1.0986122886681098,0.4054651081081645,6,24.66,24.56,24.67,24.16,3.4,4.6,3.8,6.5,73.57,71.14,72.57,72.86,0.0,1.0,6.0,8.0
2015-02-15,201507,0.0,0,0,0,0.0,0.0,0,1,250400920150719589,2023-08-20,Campina Grande,0.0,411807,0,0,0,1,,,,,19833,21.0,24.54,29.31,14.1,74.86,2.0,20.91,0.82772774,6.0,20.83,5.4111476,2.0,19.93,2.4356039,0.0,20.84,0.0,2.5,20.667499999999997,0.0,-1.0986122886681098,-1.9459101490553132,-1.0986122886681098,0.0,7,25.03,24.66,24.56,24.67,4.3,3.4,4.6,3.8,71.14,73.57,71.14,72.57,1.0,6.0,8.0,12.0
2015-02-22,201508,1.0,1,1,1,0.187919,0.2428322,0,1,250400920150819589,2023-08-20,Campina Grande,0.41462514,411807,1,0,0,1,,,,,19833,20.34,24.47,29.89,7.9,75.71,0.0,21.0,0.0,2.0,20.91,0.82772774,6.0,20.83,5.4111476,2.0,19.93,2.4356039,2.25,20.77,0.6931471805599453,0.6931471805599453,-0.4054651081081645,-1.252762968495368,-0.4054651081081645,8,24.54,25.03,24.66,24.56,14.1,4.3,3.4,4.6,74.86,71.14,73.57,71.14,6.0,8.0,12.0,5.0
2015-03-01,201509,6.0,6,6,6,0.9706439,1.4569932,0,1,250400920150919589,2023-08-20,Campina Grande,4.3394337,411807,1,1,1,3,,,,,19833,20.61,24.2,28.89,20.3,77.43,1.0,20.34,0.41462514,0.0,21.0,0.0,2.0,20.91,0.82772774,6.0,20.83,5.4111476,2.25,20.715,1.9459101490553132,1.252762968495368,1.9459101490553132,0.8472978603872034,0.0,9,24.47,24.54,25.03,24.66,7.9,14.1,4.3,3.4,75.71,74.86,71.14,73.57,8.0,12.0,5.0,7.0
2015-03-08,201510,8.0,8,8,8,0.96850777,1.9426576,0,3,250400920151019589,2023-08-20,Campina Grande,3.3091557,411807,1,1,1,4,,,,,19833,20.5,24.13,28.49,12.6,77.29,6.0,20.61,4.3394337,1.0,20.34,0.41462514,0.0,21.0,0.0,2.0,20.91,0.82772774,3.75,20.6125,2.1972245773362196,0.25131442828090633,1.5040773967762742,2.1972245773362196,1.0986122886681098,10,24.2,24.47,24.54,25.03,20.3,7.9,14.1,4.3,77.43,75.71,74.86,71.14,12.0,5.0,7.0,11.0
2015-03-15,201511,12.0,12,12,12,0.9551437,2.9139864,0,3,250400920151119589,2023-08-20,Campina Grande,2.2949152,411807,1,1,1,2,,,,,19833,20.87,24.5,29.17,10.9,76.57,8.0,20.5,3.3091557,6.0,20.61,4.3394337,1.0,20.34,0.41462514,0.0,21.0,0.0,6.75,20.58,2.5649493574615367,0.3677247801253172,0.6190392084062235,1.8718021769015913,2.5649493574615367,11,24.13,24.2,24.47,24.54,12.6,20.3,7.9,14.1,77.29,77.43,75.71,74.86,5.0,7.0,11.0,16.0
2015-03-22,201512,5.0,5,5,5,0.20303206,1.214161,0,2,250400920151219589,2023-08-20,Campina Grande,0.63522446,411807,1,0,0,2,,,,,19833,20.27,24.01,28.83,27.1,79.57,12.0,20.87,2.2949152,8.0,20.5,3.3091557,6.0,20.61,4.3394337,1.0,20.34,0.41462514,7.75,20.5625,1.791759469228055,-0.7731898882334818,-0.4054651081081646,-0.15415067982725827,1.0986122886681096,12,24.5,24.13,24.2,24.47,10.9,12.6,20.3,7.9,76.57,77.29,77.43,75.71,7.0,11.0,16.0,12.0
2015-03-29,201513,7.0,7,7,7,0.33497876,1.6998254,0,2,250400920151319589,2023-08-20,Campina Grande,0.81025606,411807,1,0,1,3,,,,,19833,20.53,24.59,29.57,8.1,74.14,5.0,20.27,0.63522446,12.0,20.87,2.2949152,8.0,20.5,3.3091557,6.0,20.61,4.3394337,8.0,20.5425,2.0794415416798357,0.2876820724517808,-0.485507815781701,-0.11778303565638382,0.13353139262452252,13,24.01,24.5,24.13,24.2,27.1,10.9,12.6,20.3,79.57,76.57,77.29,77.43,11.0,16.0,12.0,9.0
2015-04-05,201514,11.0,11,11,11,0.78730303,2.6711543,0,2,250400920151419589,2023-08-20,Campina Grande,1.4389038,411807,1,0,1,6,,,,,19833,21.06,25.23,30.4,9.8,75.43,7.0,20.53,0.81025606,5.0,20.27,0.63522446,12.0,20.87,2.2949152,8.0,20.5,3.3091557,8.75,20.682499999999997,2.4849066497880004,0.4054651081081646,0.6931471805599454,-0.08004270767353638,0.2876820724517808,14,24.59,24.01,24.5,24.13,8.1,27.1,10.9,12.6,74.14,79.57,76.57,77.29,16.0,12.0,9.0,37.0
2015-04-12,201515,16.0,16,16,16,0.9480141,3.8853152,0,2,250400920151519589,2023-08-20,Campina Grande,1.9483365,411807,1,0,1,6,,,,,19833,20.63,24.9,30.04,2.5,74.86,11.0,21.06,1.4389038,7.0,20.53,0.81025606,5.0,20.27,0.63522446,12.0,20.87,2.2949152,9.75,20.6225,2.833213344056216,0.3483066942682158,0.7537718023763804,1.0414538748281612,0.2682639865946794,15,25.23,24.59,24.01,24.5,9.8,8.1,27.1,10.9,75.43,74.14,79.57,76.57,12.0,9.0,37.0,50.0
2015-04-19,201516,12.0,12,12,12,0.59038115,2.9139864,0,2,250400920151619589,2023-08-20,Campina Grande,1.0983177,411807,1,0,1,7,,,,,19833,20.8,24.54,29.27,5.4,76.86,16.0,20.63,1.9483365,11.0,21.06,1.4389038,7.0,20.53,0.81025606,5.0,20.27,0.63522446,11.5,20.755000000000003,2.5649493574615367,-0.2682639865946794,0.08004270767353638,0.485507815781701,0.7731898882334818,16,24.9,25.23,24.59,24.01,2.5,9.8,8.1,27.1,74.86,75.43,74.14,79.57,9.0,37.0,50.0,57.0
2015-04-26,201517,9.0,9,9,9,0.20068951,2.18549,0,2,250400920151719589,2023-08-20,Campina Grande,0.7011511,411807,1,0,1,4,,,,,19833,20.37,24.57,29.87,3.3,74.14,12.0,20.8,1.0983177,16.0,20.63,1.9483365,11.0,21.06,1.4389038,7.0,20.53,0.81025606,12.0,20.715,2.302585092994046,-0.26236426446749084,-0.5306282510621703,-0.18232155679395445,0.22314355131421015,17,24.54,24.9,25.23,24.59,5.4,2.5,9.8,8.1,76.86,74.86,75.43,74.14,37.0,50.0,57.0,53.0
2015-05-03,201518,37.0,37,37,37,0.9996752,8.984792,0,2,250400920151819589,2023-08-20,Campina Grande,2.748916,411807,1,1,2,12,,,,,19833,20.56,24.46,29.4,5.6,76.29,9.0,20.37,0.7011511,12.0,20.8,1.0983177,16.0,20.63,1.9483365,11.0,21.06,1.4389038,18.5,20.59,3.6375861597263857,1.3350010667323398,1.072636802264849,0.8043728156701695,1.1526795099383853,18,24.57,24.54,24.9,25.23,3.3,5.4,2.5,9.8,74.14,76.86,74.86,75.43,50.0,57.0,53.0,59.0
2015-05-10,201519,50.0,50,50,50,0.999932,12.14161,0,4,250400920151919589,2023-08-20,Campina Grande,2.623275,411807,1,1,2,22,,,,,19833,19.91,24.2,29.19,1.1,74.86,37.0,20.56,2.748916,9.0,20.37,0.7011511,12.0,20.8,1.0983177,16.0,20.63,1.9483365,27.0,20.41,3.9318256327243257,0.29423947299794007,1.6292405397302798,1.366876275262789,1.0986122886681096,19,24.46,24.57,24.54,24.9,5.6,3.3,5.4,2.5,76.29,74.14,76.86,74.86,57.0,53.0,59.0,34.0
2015-05-17,201520,57.0,57,57,57,0.995026,13.841435,0,4,250400920152019589,2023-08-20,Campina Grande,1.7359575,411807,1,1,2,20,,,,,19833,20.57,23.89,28.2,8.1,79.86,50.0,19.91,2.623275,37.0,20.56,2.748916,9.0,20.37,0.7011511,12.0,20.8,1.0983177,38.25,20.3525,4.060443010546419,0.12861737782209337,0.42285685082003344,1.7578579175523732,1.4954936530848824,20,24.2,24.46,24.57,24.54,1.1,5.6,3.3,5.4,74.86,76.29,74.14,76.86,53.0,59.0,34.0,50.0
2015-05-24,201521,53.0,53,53,53,0.7570499,12.870107,0,4,250400920152119589,2023-08-20,Campina Grande,1.1497958,411807,1,0,2,22,,,,,19833,20.17,23.63,28.16,13.8,81.0,57.0,20.57,1.7359575,50.0,19.91,2.623275,37.0,20.56,2.748916,9.0,20.37,0.7011511,49.25,20.3025,3.9889840465642745,-0.07145896398214457,0.057158413839948796,0.35139788683788886,1.6863989535702286,21,23.89,24.2,24.46,24.57,8.1,1.1,5.6,3.3,79.86,74.86,76.29,74.14,59.0,34.0,50.0,11.0
2015-05-31,201522,59.0,59,59,59,0.71910584,14.3271,0,4,250400920152219589,2023-08-20,Campina Grande,1.1155788,411807,1,0,2,16,,,,,19833,19.41,22.61,26.24,6.3,82.43,53.0,20.17,1.1497958,57.0,20.57,1.7359575,50.0,19.91,2.623275,37.0,20.56,2.748916,54.75,20.015,4.0943445622221,0.10536051565782589,0.03390155167568132,0.1625189294977747,0.45675840249571475,22,23.63,23.89,24.2,24.46,13.8,8.1,1.1,5.6,81.0,79.86,74.86,76.29,34.0,50.0,11.0,14.0
2015-06-07,201523,34.0,34,34,34,0.016041307,8.256295,0,4,250400920152319589,2023-08-20,Campina Grande,0.6306458,411807,1,0,2,6,,,,,19833,19.19,22.43,26.5,6.5,81.57,59.0,19.41,1.1155788,53.0,20.17,1.1497958,57.0,20.57,1.7359575,50.0,19.91,2.623275,50.75,19.835,3.5553480614894135,-0.5389965007326869,-0.433635985074861,-0.5050949490570056,-0.3764775712349122,23,22.61,23.63,23.89,24.2,6.3,13.8,8.1,1.1,82.43,81.0,79.86,74.86,50.0,11.0,14.0,50.0
2015-06-14,201524,50.0,50,50,50,0.47634277,12.14161,0,4,250400920152419589,2023-08-20,Campina Grande,0.9882861,411807,1,0,2,18,,,,,19833,18.63,22.11,26.14,6.9,81.29,34.0,19.19,0.6306458,59.0,19.41,1.1155788,53.0,20.17,1.1497958,57.0,20.57,1.7359575,49.0,19.35,3.9318256327243257,0.3764775712349122,-0.1625189294977747,-0.057158413839948796,-0.12861737782209337,24,22.43,22.61,23.63,23.89,6.5,6.3,13.8,8.1,81.57,82.43,81.0,79.86,11.0,14.0,50.0,47.0
2015-06-21,201525,11.0,11,11,11,2.0098796e-06,2.6711543,0,2,250400920152519589,2023-08-20,Campina Grande,0.2519836,411807,1,0,1,5,,,,,19833,18.99,21.73,25.06,18.3,84.14,50.0,18.63,0.9882861,34.0,19.19,0.6306458,59.0,19.41,1.1155788,53.0,20.17,1.1497958,38.5,19.055,2.4849066497880004,-1.4469189829363254,-1.0704414117014132,-1.6094379124341,-1.5040773967762742,25,22.11,22.43,22.61,23.63,6.9,6.5,6.3,13.8,81.29,81.57,82.43,81.0,14.0,50.0,47.0,41.0
2015-06-28,201526,14.0,14,14,14,0.001035957,3.3996508,0,2,250400920152619589,2023-08-20,Campina Grande,0.39977467,411807,1,0,1,6,,,,,19833,19.69,21.86,24.61,20.7,88.86,11.0,18.99,0.2519836,50.0,18.63,0.9882861,34.0,19.19,0.6306458,59.0,19.41,1.1155788,27.25,19.125,2.70805020110221,0.2231435513142097,-1.2237754316221157,-0.8472978603872034,-1.3862943611198904,26,21.73,22.11,22.43,22.61,18.3,6.9,6.5,6.3,84.14,81.29,81.57,82.43,50.0,47.0,41.0,34.0
2015-07-05,201527,50.0,50,50,50,0.9985438,12.14161,0,2,250400920152719589,2023-08-20,Campina Grande,2.0260642,411807,1,1,2,12,,,,,19833,18.47,22.03,26.23,6.8,83.29,14.0,19.69,0.39977467,11.0,18.99,0.2519836,50.0,18.63,0.9882861,34.0,19.19,0.6306458,31.25,18.945,3.9318256327243257,1.2237754316221157,1.4469189829363254,0.0,0.3764775712349122,27,21.86,21.73,22.11,22.43,20.7,18.3,6.9,6.5,88.86,84.14,81.29,81.57,47.0,41.0,34.0,28.0
2015-07-12,201528,47.0,47,47,47,0.99422854,11.413114,0,4,250400920152819589,2023-08-20,Campina Grande,1.8258675,411807,1,1,2,17,,,,,19833,18.66,21.3,24.49,20.2,85.71,50.0,18.47,2.0260642,14.0,19.69,0.39977467,11.0,18.99,0.2519836,50.0,18.63,0.9882861,30.5,18.9525,3.871201010907891,-0.060624621816434576,1.163150809805681,1.3862943611198908,-0.060624621816434576,28,22.03,21.86,21.73,22.11,6.8,20.7,18.3,6.9,83.29,88.86,84.14,81.29,41.0,34.0,28.0,25.0
2015-07-19,201529,41.0,41,41,41,0.6440343,9.9561205,0,4,250400920152919589,2023-08-20,Campina Grande,1.0863491,411807,1,0,2,11,,,,,19833,18.34,21.14,24.74,8.3,85.0,47.0,18.66,1.8258675,50.0,18.47,2.0260642,14.0,19.69,0.39977467,11.0,18.99,0.2519836,38.0,18.79,3.7376696182833684,-0.13353139262452274,-0.19415601444095731,1.0296194171811583,1.252762968495368,29,21.3,22.03,21.86,21.73,20.2,6.8,20.7,18.3,85.71,83.29,88.86,84.14,34.0,28.0,25.0,13.0
2015-07-26,201530,34.0,34,34,34,0.14065345,8.256295,0,4,250400920153019589,2023-08-20,Campina Grande,0.7831091,411807,1,0,2,11,,,,,19833,18.39,20.6,23.74,20.2,88.14,41.0,18.34,1.0863491,47.0,18.66,1.8258675,50.0,18.47,2.0260642,14.0,19.69,0.39977467,43.0,18.465,3.5553480614894135,-0.1823215567939549,-0.31585294941847764,-0.3764775712349122,0.8472978603872034,30,21.14,21.3,22.03,21.86,8.3,20.2,6.8,20.7,85.0,85.71,83.29,88.86,28.0,25.0,13.0,9.0
2015-08-02,201531,28.0,28,28,28,0.06759279,6.7993016,0,4,250400920153119589,2023-08-20,Campina Grande,0.6959781,411807,1,0,2,6,,,,,19833,17.77,21.46,25.7,4.6,80.29,34.0,18.39,0.7831091,41.0,18.34,1.0863491,47.0,18.66,1.8258675,50.0,18.47,2.0260642,37.5,18.29,3.367295829986474,-0.18805223150293937,-0.37037378829689427,-0.503905180921417,-0.5645298027378516,31,20.6,21.14,21.3,22.03,20.2,8.3,20.2,6.8,88.14,85.0,85.71,83.29,25.0,13.0,9.0,11.0
2015-08-09,201532,25.0,25,25,25,0.10983775,6.070805,0,2,250400920153219589,2023-08-20,Campina Grande,0.72736055,411807,1,0,1,9,,,,,19833,18.16,21.21,25.01,8.5,81.14,28.0,17.77,0.6959781,34.0,18.39,0.7831091,41.0,18.34,1.0863491,47.0,18.66,1.8258675,32.0,18.165,3.258096538021482,-0.109199291964992,-0.2972515234679314,-0.4795730802618863,-0.613104472886409,32,21.46,20.6,21.14,21.3,4.6,20.2,8.3,20.2,80.29,88.14,85.0,85.71,13.0,9.0,11.0,12.0
2015-08-16,201533,13.0,13,13,13,0.0067231935,3.1568186,0,2,250400920153319589,2023-08-20,Campina Grande,0.45490846,411807,1,0,1,8,,,,,19833,18.53,21.83,26.16,5.0,81.29,25.0,18.16,0.72736055,28.0,17.77,0.6959781,34.0,18.39,0.7831091,41.0,18.34,1.0863491,25.0,18.2125,2.6390573296152584,-0.6190392084062237,-0.7282385003712157,-0.9162907318741551,-1.09861228866811,33,21.21,21.46,20.6,21.14,8.5,4.6,20.2,8.3,81.14,80.29,88.14,85.0,9.0,11.0,12.0,10.0
2015-08-23,201534,9.0,9,9,9,0.006832395,2.18549,0,2,250400920153419589,2023-08-20,Campina Grande,0.40171328,411807,1,0,1,4,,,,,19833,17.84,22.09,27.13,1.7,78.57,13.0,18.53,0.45490846,25.0,18.16,0.72736055,28.0,17.77,0.6959781,34.0,18.39,0.7831091,18.75,18.075,2.302585092994046,-0.3364722366212125,-0.9555114450274362,-1.0647107369924282,-1.2527629684953676,34,21.83,21.21,21.46,20.6,5.0,8.5,4.6,20.2,81.29,81.14,80.29,88.14,11.0,12.0,10.0,7.0
2015-08-30,201535,11.0,11,11,11,0.17825235,2.6711543,0,2,250400920153519589,2023-08-20,Campina Grande,0.701748,411807,1,0,1,3,,,,,19833,18.63,22.33,26.94,1.5,79.43,9.0,17.84,0.40171328,13.0,18.53,0.45490846,25.0,18.16,0.72736055,28.0,17.77,0.6959781,14.5,18.29,2.4849066497880004,0.18232155679395445,-0.15415067982725805,-0.7731898882334818,-0.8823891801984738,35,22.09,21.83,21.21,21.46,1.7,5.0,8.5,4.6,78.57,81.29,81.14,80.29,12.0,10.0,7.0,2.0
2015-09-06,201536,12.0,12,12,12,0.5397781,2.9139864,0,2,250400920153619589,2023-08-20,Campina Grande,1.0412918,411807,1,0,1,2,,,,,19833,18.26,22.43,27.39,3.0,76.71,11.0,18.63,0.701748,9.0,17.84,0.40171328,13.0,18.53,0.45490846,25.0,18.16,0.72736055,11.25,18.315,2.5649493574615367,0.08004270767353638,0.26236426446749084,-0.07410797215372167,-0.6931471805599454,36,22.33,22.09,21.83,21.21,1.5,1.7,5.0,8.5,79.43,78.57,81.29,81.14,10.0,7.0,2.0,7.0
2015-09-13,201537,10.0,10,10,10,0.42672038,2.428322,0,2,250400920153719589,2023-08-20,Campina Grande,0.92369056,411807,1,0,1,3,,,,,19833,19.09,22.56,27.2,5.1,78.29,12.0,18.26,1.0412918,11.0,18.63,0.701748,9.0,17.84,0.40171328,13.0,18.53,0.45490846,10.5,18.455,2.3978952727983707,-0.16705408466316607,-0.08701137698962969,0.09531017980432477,-0.24116205681688774,37,22.43,22.33,22.09,21.83,3.0,1.5,1.7,5.0,76.71,79.43,78.57,81.29,7.0,2.0,7.0,2.0
2015-09-20,201538,7.0,7,7,7,0.17756885,1.6998254,0,2,250400920153819589,2023-08-20,Campina Grande,0.6485355,411807,1,0,1,1,,,,,19833,19.13,23.09,28.21,2.0,74.86,10.0,19.09,0.92369056,12.0,18.26,1.0412918,11.0,18.63,0.701748,9.0,17.84,0.40171328,10.0,18.7775,2.0794415416798357,-0.3184537311185349,-0.485507815781701,-0.4054651081081646,-0.22314355131421015,38,22.56,22.43,22.33,22.09,5.1,3.0,1.5,1.7,78.29,76.71,79.43,78.57,2.0,7.0,2.0,2.0
2015-09-27,201539,2.0,2,2,2,0.008799978,0.4856644,0,2,250400920153919589,2023-08-20,Campina Grande,0.21435279,411807,1,0,0,0,,,,,19833,18.27,23.16,28.86,0.9,71.43,7.0,19.13,0.6485355,10.0,19.09,0.92369056,12.0,18.26,1.0412918,11.0,18.63,0.701748,7.75,18.6875,1.0986122886681098,-0.980829253011726,-1.2992829841302609,-1.466337068793427,-1.3862943611198906,39,23.09,22.56,22.43,22.33,2.0,5.1,3.0,1.5,74.86,78.29,76.71,79.43,7.0,2.0,2.0,1.0
2015-10-04,201540,7.0,7,7,7,0.5252463,1.6998254,0,2,250400920154019589,2023-08-20,Campina Grande,1.0336608,411807,1,0,1,1,,,,,19833,19.01,23.36,28.66,2.8,74.43,2.0,18.27,0.21435279,7.0,19.13,0.6485355,10.0,19.09,0.92369056,12.0,18.26,1.0412918,6.5,18.875,2.0794415416798357,0.980829253011726,0.0,-0.3184537311185349,-0.485507815781701,40,23.16,23.09,22.56,22.43,0.9,2.0,5.1,3.0,71.43,74.86,78.29,76.71,2.0,2.0,1.0,1.0
2015-10-11,201541,2.0,2,2,2,0.1163109,0.4856644,0,2,250400920154119589,2023-08-20,Campina Grande,0.40916246,411807,1,0,0,0,,,,,19833,19.1,22.99,27.84,6.4,75.43,7.0,19.01,1.0336608,2.0,18.27,0.21435279,7.0,19.13,0.6485355,10.0,19.09,0.92369056,4.5,18.8775,1.0986122886681098,-0.980829253011726,0.0,-0.980829253011726,-1.2992829841302609,41,23.36,23.16,23.09,22.56,2.8,0.9,2.0,5.1,74.43,71.43,74.86,78.29,2.0,1.0,1.0,2.0
2015-10-18,201542,2.0,2,2,2,0.16056818,0.4856644,0,2,250400920154219589,2023-08-20,Campina Grande,0.4659465,411807,1,0,0,0,,,,,19833,19.06,23.8,29.73,0.3,71.29,2.0,19.1,0.40916246,7.0,19.01,1.0336608,2.0,18.27,0.21435279,7.0,19.13,0.6485355,3.25,18.86,1.0986122886681098,0.0,-0.980829253011726,0.0,-0.980829253011726,42,22.99,23.36,23.16,23.09,6.4,2.8,0.9,2.0,75.43,74.43,71.43,74.86,1.0,1.0,2.0,5.0
2015-10-25,201543,1.0,1,1,1,0.1111074,0.2428322,0,2,250400920154319589,2023-08-20,Campina Grande,0.3154601,411807,1,0,0,0,,,,,19833,18.74,23.77,29.46,1.6,70.14,2.0,19.06,0.4659465,2.0,19.1,0.40916246,7.0,19.01,1.0336608,2.0,18.27,0.21435279,3.0,18.9775,0.6931471805599453,-0.4054651081081645,-0.4054651081081645,-1.3862943611198904,-0.4054651081081645,43,23.8,22.99,23.36,23.16,0.3,6.4,2.8,0.9,71.29,75.43,74.43,71.43,1.0,2.0,5.0,6.0
2015-11-01,201544,1.0,1,1,1,0.25604337,0.2428322,0,2,250400920154419589,2023-08-20,Campina Grande,0.50876606,411807,1,0,0,1,,,,,19833,19.36,23.89,29.37,5.7,72.29,1.0,18.74,0.3154601,2.0,19.06,0.4659465,2.0,19.1,0.40916246,7.0,19.01,1.0336608,1.5,19.064999999999998,0.6931471805599453,0.0,-0.4054651081081645,-0.4054651081081645,-1.3862943611198904,44,23.77,23.8,22.99,23.36,1.6,0.3,6.4,2.8,70.14,71.29,75.43,74.43,2.0,5.0,6.0,4.0
2015-11-08,201545,2.0,2,2,2,0.65136415,0.4856644,0,2,250400920154519589,2023-08-20,Campina Grande,1.4575992,411807,1,0,0,1,,,,,19833,19.19,24.01,29.7,3.2,71.0,1.0,19.36,0.50876606,1.0,18.74,0.3154601,2.0,19.06,0.4659465,2.0,19.1,0.40916246,1.5,19.0875,1.0986122886681098,0.4054651081081645,0.4054651081081645,0.0,0.0,45,23.89,23.77,23.8,22.99,5.7,1.6,0.3,6.4,72.29,70.14,71.29,75.43,5.0,6.0,4.0,8.0
2015-11-15,201546,5.0,5,5,5,0.93450826,1.214161,0,2,250400920154619589,2023-08-20,Campina Grande,3.305578,411807,1,0,0,0,,,,,19833,19.61,24.5,30.37,1.2,71.86,2.0,19.19,1.4575992,1.0,19.36,0.50876606,1.0,18.74,0.3154601,2.0,19.06,0.4659465,2.25,19.225,1.791759469228055,0.6931471805599452,1.0986122886681096,1.0986122886681096,0.6931471805599452,46,24.01,23.89,23.77,23.8,3.2,5.7,1.6,0.3,71.0,72.29,70.14,71.29,6.0,4.0,8.0,4.0
2015-11-22,201547,6.0,6,6,6,0.88903105,1.4569932,0,1,250400920154719589,2023-08-20,Campina Grande,2.2754962,411807,0,0,1,1,,,,,19833,20.01,25.14,31.5,0.1,70.29,5.0,19.61,3.305578,2.0,19.19,1.4575992,1.0,19.36,0.50876606,1.0,18.74,0.3154601,3.5,19.5425,1.9459101490553132,0.15415067982725827,0.8472978603872034,1.252762968495368,1.252762968495368,47,24.5,24.01,23.89,23.77,1.2,3.2,5.7,1.6,71.86,71.0,72.29,70.14,4.0,8.0,4.0,4.0
2015-11-29,201548,4.0,4,4,4,0.46995515,0.9713288,0,1,250400920154819589,2023-08-20,Campina Grande,0.95121807,411807,1,0,0,2,,,,,19833,19.89,24.97,31.2,0.2,68.71,6.0,20.01,2.2754962,5.0,19.61,3.305578,2.0,19.19,1.4575992,1.0,19.36,0.50876606,4.25,19.675,1.6094379124341003,-0.33647223662121295,-0.18232155679395468,0.5108256237659905,0.916290731874155,48,25.14,24.5,24.01,23.89,0.1,1.2,3.2,5.7,70.29,71.86,71.0,72.29,8.0,4.0,4.0,8.0
2015-12-06,201549,8.0,8,8,8,0.79563266,1.9426576,0,1,250400920154919589,2023-08-20,Campina Grande,1.5637618,411807,1,0,1,2,,,,,19833,20.33,25.19,31.33,1.6,69.43,4.0,19.89,0.95121807,6.0,20.01,2.2754962,5.0,19.61,3.305578,2.0,19.19,1.4575992,5.75,19.96,2.1972245773362196,0.5877866649021193,0.25131442828090633,0.4054651081081646,1.0986122886681098,49,24.97,25.14,24.5,24.01,0.2,0.1,1.2,3.2,68.71,70.29,71.86,71.0,4.0,4.0,8.0,8.0
2015-12-13,201550,4.0,4,4,4,0.30742565,0.9713288,0,2,250400920155019589,2023-08-20,Campina Grande,0.7301566,411807,1,0,0,2,,,,,19833,20.9,24.7,29.81,6.9,73.71,8.0,20.33,1.5637618,4.0,19.89,0.95121807,6.0,20.01,2.2754962,5.0,19.61,3.305578,5.5,20.2825,1.6094379124341003,-0.5877866649021193,0.0,-0.33647223662121295,-0.18232155679395468,50,25.19,24.97,25.14,24.5,1.6,0.2,0.1,1.2,69.43,68.71,70.29,71.86,4.0,8.0,8.0,3.0
2015-12-20,201551,4.0,4,4,4,0.28481683,0.9713288,0,2,250400920155119589,2023-08-20,Campina Grande,0.7030319,411807,1,0,0,1,,,,,19833,20.49,23.47,27.11,13.9,79.29,4.0,20.9,0.7301566,8.0,20.33,1.5637618,4.0,19.89,0.95121807,6.0,20.01,2.2754962,5.0,20.402499999999996,1.6094379124341003,0.0,-0.5877866649021193,0.0,-0.33647223662121295,51,24.7,25.19,24.97,25.14,6.9,1.6,0.2,0.1,73.71,69.43,68.71,70.29,8.0,8.0,3.0,9.0
2015-12-27,201552,8.0,8,8,8,0.7902232,1.9426576,0,2,250400920155219589,2023-08-20,Campina Grande,1.5460213,411807,1,0,1,4,,,,,19833,20.51,24.13,28.61,26.7,79.0,4.0,20.49,0.7030319,4.0,20.9,0.7301566,8.0,20.33,1.5637618,4.0,19.89,0.95121807,6.0,20.557499999999997,2.1972245773362196,0.5877866649021193,0.5877866649021193,0.0,0.5877866649021193,52,23.47,24.7,25.19,24.97,13.9,6.9,1.6,0.2,79.29,73.71,69.43,68.71,8.0,3.0,9.0,13.0
2016-01-03,201601,8.0,8,8,8,0.7707258,1.9426576,0,2,250400920160119589,2023-08-20,Campina Grande,1.4864885,411807,1,0,1,4,,,,,19833,21.54,24.77,29.2,12.7,81.29,8.0,20.51,1.5460213,4.0,20.49,0.7030319,4.0,20.9,0.7301566,8.0,20.33,1.5637618,6.0,20.86,2.1972245773362196,0.0,0.5877866649021193,0.5877866649021193,0.0,53,24.13,23.47,24.7,25.19,26.7,13.9,6.9,1.6,79.0,79.29,73.71,69.43,3.0,9.0,13.0,16.0
2016-01-10,201602,3.0,3,3,3,0.11378846,0.7284966,0,2,250400920160219589,2023-08-20,Campina Grande,0.4608916,411807,1,0,0,1,,,,,19833,21.37,24.24,28.06,15.2,83.0,8.0,21.54,1.4864885,8.0,20.51,1.5460213,4.0,20.49,0.7030319,4.0,20.9,0.7301566,5.75,20.9775,1.3862943611198906,-0.810930216216329,-0.810930216216329,-0.2231435513142097,-0.2231435513142097,1,24.77,24.13,23.47,24.7,12.7,26.7,13.9,6.9,81.29,79.0,79.29,73.71,9.0,13.0,16.0,17.0
2016-01-17,201603,9.0,9,9,9,0.73662627,2.18549,0,2,250400920160319589,2023-08-20,Campina Grande,1.3690498,411807,1,0,1,3,,,,,19833,21.09,23.46,26.74,40.7,87.0,3.0,21.37,0.4608916,8.0,21.54,1.4864885,8.0,20.51,1.5460213,4.0,20.49,0.7030319,7.0,21.1275,2.302585092994046,0.9162907318741553,0.10536051565782634,0.10536051565782634,0.6931471805599456,2,24.24,24.77,24.13,23.47,15.2,12.7,26.7,13.9,83.0,81.29,79.0,79.29,13.0,16.0,17.0,17.0
2016-01-24,201604,13.0,13,13,13,0.937052,3.1568186,0,2,250400920160419589,2023-08-20,Campina Grande,2.0116322,411807,1,0,1,6,,,,,19833,20.59,24.17,28.67,14.1,79.14,9.0,21.09,1.3690498,3.0,21.37,0.4608916,8.0,21.54,1.4864885,8.0,20.51,1.5460213,8.25,21.1475,2.6390573296152584,0.3364722366212125,1.2527629684953678,0.44183275227903884,0.44183275227903884,3,23.46,24.24,24.77,24.13,40.7,15.2,12.7,26.7,87.0,83.0,81.29,79.0,16.0,17.0,17.0,20.0
2016-01-31,201605,16.0,16,16,16,0.93101275,3.8853152,0,2,250400920160519589,2023-08-20,Campina Grande,1.8194655,411807,1,0,1,6,,,,,19833,20.06,24.06,28.74,19.1,77.57,13.0,20.59,2.0116322,9.0,21.09,1.3690498,3.0,21.37,0.4608916,8.0,21.54,1.4864885,10.25,20.7775,2.833213344056216,0.19415601444095776,0.5306282510621703,1.4469189829363256,0.6359887667199966,4,24.17,23.46,24.24,24.77,14.1,40.7,15.2,12.7,79.14,87.0,83.0,81.29,17.0,17.0,20.0,28.0
2016-02-07,201606,17.0,17,17,17,0.80845255,4.1281476,0,2,250400920160619589,2023-08-20,Campina Grande,1.37631,411807,1,0,1,6,,,,,19833,20.06,24.33,29.7,6.4,76.0,16.0,20.06,1.8194655,13.0,20.59,2.0116322,9.0,21.09,1.3690498,3.0,21.37,0.4608916,13.75,20.45,2.8903717578961645,0.05715841383994835,0.2513144282809061,0.5877866649021186,1.504077396776274,5,24.06,24.17,23.46,24.24,19.1,14.1,40.7,15.2,77.57,79.14,87.0,83.0,17.0,20.0,28.0,25.0
2016-02-14,201607,17.0,17,17,17,0.6357685,4.1281476,0,2,250400920160719589,2023-08-20,Campina Grande,1.1287925,411807,1,0,1,8,,,,,19833,21.04,24.41,29.13,22.7,78.86,17.0,20.06,1.37631,16.0,20.06,1.8194655,13.0,20.59,2.0116322,9.0,21.09,1.3690498,15.75,20.4375,2.8903717578961645,0.0,0.05715841383994835,0.2513144282809061,0.5877866649021186,6,24.33,24.06,24.17,23.46,6.4,19.1,14.1,40.7,76.0,77.57,79.14,87.0,20.0,28.0,25.0,35.0
2016-02-21,201608,20.0,20,20,20,0.715935,4.856644,0,2,250400920160819589,2023-08-20,Campina Grande,1.2056142,411807,1,0,1,6,,,,,19833,20.79,24.29,28.6,16.4,80.57,17.0,21.04,1.1287925,17.0,20.06,1.37631,16.0,20.06,1.8194655,13.0,20.59,2.0116322,17.5,20.487499999999997,3.044522437723423,0.1541506798272585,0.1541506798272585,0.21130909366720685,0.4054651081081646,7,24.41,24.33,24.06,24.17,22.7,6.4,19.1,14.1,78.86,76.0,77.57,79.14,28.0,25.0,35.0,24.0
2016-02-28,201609,28.0,28,28,28,0.9286447,6.7993016,0,2,250400920160919589,2023-08-20,Campina Grande,1.5410558,411807,1,0,2,8,,,,,19833,20.54,24.43,29.1,34.1,77.71,20.0,20.79,1.2056142,17.0,21.04,1.1287925,17.0,20.06,1.37631,16.0,20.06,1.8194655,20.5,20.607499999999998,3.367295829986474,0.32277339226305113,0.4769240720903096,0.4769240720903096,0.534082485930258,8,24.29,24.41,24.33,24.06,16.4,22.7,6.4,19.1,80.57,78.86,76.0,77.57,25.0,35.0,24.0,26.0
2016-03-06,201610,25.0,25,25,25,0.71337205,6.070805,0,2,250400920161019589,2023-08-20,Campina Grande,1.178811,411807,1,0,1,6,,,,,19833,20.93,25.07,30.11,2.8,76.71,28.0,20.54,1.5410558,20.0,20.79,1.2056142,17.0,21.04,1.1287925,17.0,20.06,1.37631,22.5,20.825,3.258096538021482,-0.109199291964992,0.21357410029805912,0.3677247801253176,0.3677247801253176,9,24.43,24.29,24.41,24.33,34.1,16.4,22.7,6.4,77.71,80.57,78.86,76.0,35.0,24.0,26.0,48.0
2016-03-13,201611,35.0,35,35,35,0.9050859,8.499127,0,2,250400920161119589,2023-08-20,Campina Grande,1.4031374,411807,1,0,2,11,,,,,19833,21.16,24.1,28.23,19.7,82.43,25.0,20.93,1.178811,28.0,20.54,1.5410558,20.0,20.79,1.2056142,17.0,21.04,1.1287925,27.0,20.855,3.58351893845611,0.3254224004346278,0.21622310846963577,0.5389965007326869,0.6931471805599454,10,25.07,24.43,24.29,24.41,2.8,34.1,16.4,22.7,76.71,77.71,80.57,78.86,24.0,26.0,48.0,26.0
2016-03-20,201612,24.0,24,24,24,0.30325696,5.827973,0,2,250400920161219589,2023-08-20,Campina Grande,0.86733544,411807,1,0,1,9,,,,,19833,21.49,25.09,29.67,8.1,80.0,35.0,21.16,1.4031374,25.0,20.93,1.178811,28.0,20.54,1.5410558,20.0,20.79,1.2056142,28.0,21.03,3.2188758248682006,-0.36464311358790935,-0.03922071315328157,-0.14842000511827358,0.17435338714477755,11,24.1,25.07,24.43,24.29,19.7,2.8,34.1,16.4,82.43,76.71,77.71,80.57,26.0,48.0,26.0,22.0
2016-03-27,201613,26.0,26,26,26,0.3502423,6.3136373,0,2,250400920161319589,2023-08-20,Campina Grande,0.90196365,411807,1,0,2,16,,,,,19833,21.49,24.71,29.0,9.2,80.57,24.0,21.49,0.86733544,35.0,21.16,1.4031374,25.0,20.93,1.178811,28.0,20.54,1.5410558,27.5,21.2675,3.295836866004329,0.07696104113612856,-0.2876820724517808,0.03774032798284699,-0.07145896398214502,12,25.09,24.1,25.07,24.43,8.1,19.7,2.8,34.1,80.0,82.43,76.71,77.71,48.0,26.0,22.0,24.0
2016-04-03,201614,48.0,48,48,48,0.9883126,11.655946,0,4,250400920161419589,2023-08-20,Campina Grande,1.6899645,411807,1,1,2,24,,,,,19833,21.11,24.79,29.61,6.0,79.14,26.0,21.49,0.90196365,24.0,21.49,0.86733544,35.0,21.16,1.4031374,25.0,20.93,1.178811,33.25,21.312499999999996,3.8918202981106265,0.5959834321062973,0.6729444732424259,0.30830135965451655,0.6337237600891443,13,24.71,25.09,24.1,25.07,9.2,8.1,19.7,2.8,80.57,80.0,82.43,76.71,26.0,22.0,24.0,34.0
2016-04-10,201615,26.0,26,26,26,0.24403283,6.3136373,0,4,250400920161519589,2023-08-20,Campina Grande,0.8332689,411807,1,0,2,10,,,,,19833,21.3,23.54,26.27,27.2,86.71,48.0,21.11,1.6899645,26.0,21.49,0.90196365,24.0,21.49,0.86733544,35.0,21.16,1.4031374,31.0,21.347499999999997,3.295836866004329,-0.5959834321062973,0.0,0.07696104113612856,-0.2876820724517808,14,24.79,24.71,25.09,24.1,6.0,9.2,8.1,19.7,79.14,80.57,80.0,82.43,22.0,24.0,34.0,31.0
2016-04-17,201616,22.0,22,22,22,0.047728617,5.3423085,0,2,250400920161619589,2023-08-20,Campina Grande,0.64002246,411807,1,0,1,20,,,,,19833,20.57,23.23,26.39,17.4,84.86,26.0,21.3,0.8332689,48.0,21.11,1.6899645,26.0,21.49,0.90196365,24.0,21.49,0.86733544,30.5,21.1175,3.1354942159291497,-0.16034265007517945,-0.7563260821814768,-0.16034265007517945,-0.08338160893905089,15,23.54,24.79,24.71,25.09,27.2,6.0,9.2,8.1,86.71,79.14,80.57,80.0,24.0,34.0,31.0,33.0
2016-04-24,201617,24.0,24,24,24,0.2006187,5.827973,0,2,250400920161719589,2023-08-20,Campina Grande,0.79678404,411807,1,0,1,20,,,,,19833,20.56,24.1,28.34,3.5,80.14,22.0,20.57,0.64002246,26.0,21.3,0.8332689,48.0,21.11,1.6899645,26.0,21.49,0.90196365,30.0,20.885,3.2188758248682006,0.08338160893905089,-0.07696104113612856,-0.6729444732424259,-0.07696104113612856,16,23.23,23.54,24.79,24.71,17.4,27.2,6.0,9.2,84.86,86.71,79.14,80.57,34.0,31.0,33.0,13.0
2016-05-01,201618,34.0,34,34,34,0.8692373,8.256295,0,2,250400920161819589,2023-08-20,Campina Grande,1.3374759,411807,1,0,2,26,,,,,19833,19.77,23.33,27.29,10.9,80.86,24.0,20.56,0.79678404,22.0,20.57,0.64002246,26.0,21.3,0.8332689,48.0,21.11,1.6899645,26.5,20.55,3.5553480614894135,0.33647223662121295,0.41985384556026384,0.2595111954850844,-0.33647223662121295,17,24.1,23.23,23.54,24.79,3.5,17.4,27.2,6.0,80.14,84.86,86.71,79.14,31.0,33.0,13.0,21.0
2016-05-08,201619,31.0,31,31,31,0.72884923,7.527798,0,4,250400920161919589,2023-08-20,Campina Grande,1.173411,411807,1,0,2,22,,,,,19833,20.56,23.27,26.84,39.6,86.14,34.0,19.77,1.3374759,24.0,20.56,0.79678404,22.0,20.57,0.64002246,26.0,21.3,0.8332689,27.75,20.365,3.4657359027997265,-0.08961215868968697,0.24686007793152598,0.33024168687057687,0.16989903679539742,18,23.33,24.1,23.23,23.54,10.9,3.5,17.4,27.2,80.86,80.14,84.86,86.71,33.0,13.0,21.0,21.0
2016-05-15,201620,33.0,33,33,33,0.649985,8.013463,0,4,250400920162019589,2023-08-20,Campina Grande,1.1013355,411807,1,0,2,23,,,,,19833,19.57,23.36,27.77,4.8,81.0,31.0,20.56,1.173411,34.0,19.77,1.3374759,24.0,20.56,0.79678404,22.0,20.57,0.64002246,30.5,20.115,3.5263605246161616,0.06062462181643502,-0.02898753687325195,0.307484699747961,0.3908663086870119,19,23.27,23.33,24.1,23.23,39.6,10.9,3.5,17.4,86.14,80.86,80.14,84.86,13.0,21.0,21.0,20.0
2016-05-22,201621,13.0,13,13,13,0.0030571155,3.1568186,0,2,250400920162119589,2023-08-20,Campina Grande,0.4237569,411807,1,0,1,9,,,,,19833,19.66,23.23,27.37,3.9,81.57,33.0,19.57,1.1013355,31.0,20.56,1.173411,34.0,19.77,1.3374759,24.0,20.56,0.79678404,27.75,19.89,2.6390573296152584,-0.8873031950009032,-0.8266785731844681,-0.9162907318741551,-0.5798184952529422,20,23.36,23.27,23.33,24.1,4.8,39.6,10.9,3.5,81.0,86.14,80.86,80.14,21.0,21.0,20.0,16.0
2016-05-29,201622,21.0,21,21,21,0.19495006,5.0994763,0,2,250400920162219589,2023-08-20,Campina Grande,0.78094035,411807,1,0,1,19,,,,,19833,20.06,22.8,26.37,12.1,87.14,13.0,19.66,0.4237569,33.0,19.57,1.1013355,31.0,20.56,1.173411,34.0,19.77,1.3374759,24.5,19.9625,3.091042453358316,0.45198512374305766,-0.4353180712578455,-0.3746934494414105,-0.46430560813109745,21,23.23,23.36,23.27,23.33,3.9,4.8,39.6,10.9,81.57,81.0,86.14,80.86,21.0,20.0,16.0,26.0
2016-06-05,201623,21.0,21,21,21,0.48672393,5.0994763,0,2,250400920162319589,2023-08-20,Campina Grande,0.98990643,411807,1,0,1,18,,,,,19833,20.01,23.47,27.84,3.5,83.0,21.0,20.06,0.78094035,13.0,19.66,0.4237569,33.0,19.57,1.1013355,31.0,20.56,1.173411,22.0,19.825,3.091042453358316,0.0,0.45198512374305766,-0.4353180712578455,-0.3746934494414105,22,22.8,23.23,23.36,23.27,12.1,3.9,4.8,39.6,87.14,81.57,81.0,86.14,20.0,16.0,26.0,12.0
2016-06-12,201624,20.0,20,20,20,0.5250774,4.856644,0,2,250400920162419589,2023-08-20,Campina Grande,1.0199769,411807,1,0,1,18,,,,,19833,17.99,22.21,27.24,0.0,77.43,21.0,20.01,0.98990643,21.0,20.06,0.78094035,13.0,19.66,0.4237569,33.0,19.57,1.1013355,18.75,19.43,3.044522437723423,-0.04652001563489305,-0.04652001563489305,0.4054651081081646,-0.48183808689273855,23,23.47,22.8,23.23,23.36,3.5,12.1,3.9,4.8,83.0,87.14,81.57,81.0,16.0,26.0,12.0,14.0
2016-06-19,201625,16.0,16,16,16,0.24903196,3.8853152,0,2,250400920162519589,2023-08-20,Campina Grande,0.7994094,411807,1,0,1,8,,,,,19833,18.81,22.24,26.27,4.5,80.86,20.0,17.99,1.0199769,21.0,20.01,0.98990643,21.0,20.06,0.78094035,13.0,19.66,0.4237569,19.5,19.2175,2.833213344056216,-0.21130909366720685,-0.2578291093020999,-0.2578291093020999,0.19415601444095776,24,22.21,23.47,22.8,23.23,0.0,3.5,12.1,3.9,77.43,83.0,87.14,81.57,26.0,12.0,14.0,18.0
2016-06-26,201626,26.0,26,26,26,0.83377117,6.3136373,0,2,250400920162619589,2023-08-20,Campina Grande,1.3311888,411807,1,0,2,21,,,,,19833,18.14,21.6,25.64,7.2,79.43,16.0,18.81,0.7994094,20.0,17.99,1.0199769,21.0,20.01,0.98990643,21.0,20.06,0.78094035,20.75,18.737499999999997,3.295836866004329,0.46262352194811296,0.2513144282809061,0.20479441264601306,0.20479441264601306,25,22.24,22.21,23.47,22.8,4.5,0.0,3.5,12.1,80.86,77.43,83.0,87.14,12.0,14.0,18.0,13.0
2016-07-03,201627,12.0,12,12,12,0.08956717,2.9139864,0,2,250400920162719589,2023-08-20,Campina Grande,0.61886644,411807,1,0,1,8,,,,,19833,18.6,22.21,26.54,3.7,81.0,26.0,18.14,1.3311888,16.0,18.81,0.7994094,20.0,17.99,1.0199769,21.0,20.01,0.98990643,18.5,18.384999999999998,2.5649493574615367,-0.7308875085427924,-0.2682639865946794,-0.4795730802618863,-0.5260930958967793,26,21.6,22.24,22.21,23.47,7.2,4.5,0.0,3.5,79.43,80.86,77.43,83.0,14.0,18.0,13.0,2.0
2016-07-10,201628,14.0,14,14,14,0.18506521,3.3996508,0,2,250400920162819589,2023-08-20,Campina Grande,0.7337806,411807,1,0,1,7,,,,,19833,18.19,21.97,26.39,4.3,80.71,12.0,18.6,0.61886644,26.0,18.14,1.3311888,16.0,18.81,0.7994094,20.0,17.99,1.0199769,17.0,18.435000000000002,2.70805020110221,0.14310084364067333,-0.5877866649021191,-0.1251631429540061,-0.33647223662121295,27,22.21,21.6,22.24,22.21,3.7,7.2,4.5,0.0,81.0,79.43,80.86,77.43,18.0,13.0,2.0,3.0
2016-07-17,201629,18.0,18,18,18,0.609251,4.37098,0,2,250400920162919589,2023-08-20,Campina Grande,1.098009,411807,1,0,1,15,,,,,19833,17.56,22.04,27.4,0.4,76.29,14.0,18.19,0.7337806,12.0,18.6,0.61886644,26.0,18.14,1.3311888,16.0,18.81,0.7994094,17.5,18.122500000000002,2.9444389791664403,0.2363887780642302,0.3794896217049035,-0.35139788683788886,0.1112256351102241,28,21.97,22.21,21.6,22.24,4.3,3.7,7.2,4.5,80.71,81.0,79.43,80.86,13.0,2.0,3.0,1.0
2016-07-24,201630,13.0,13,13,13,0.34893927,3.1568186,0,2,250400920163019589,2023-08-20,Campina Grande,0.8653065,411807,1,0,1,6,,,,,19833,17.8,21.69,26.29,4.0,75.71,18.0,17.56,1.098009,14.0,18.19,0.7337806,12.0,18.6,0.61886644,26.0,18.14,1.3311888,14.25,18.0375,2.6390573296152584,-0.30538164955118186,-0.06899287148695166,0.07410797215372167,-0.6567795363890707,29,22.04,21.97,22.21,21.6,0.4,4.3,3.7,7.2,76.29,80.71,81.0,79.43,2.0,3.0,1.0,0.0
2016-07-31,201631,2.0,2,2,2,0.00033689258,0.4856644,0,2,250400920163119589,2023-08-20,Campina Grande,0.13710421,411807,1,0,0,0,,,,,19833,17.83,21.7,26.19,3.6,76.0,13.0,17.8,0.8653065,18.0,17.56,1.098009,14.0,18.19,0.7337806,12.0,18.6,0.61886644,11.75,17.845,1.0986122886681098,-1.5404450409471486,-1.8458266904983305,-1.6094379124341003,-1.466337068793427,30,21.69,22.04,21.97,22.21,4.0,0.4,4.3,3.7,75.71,76.29,80.71,81.0,3.0,1.0,0.0,2.0
2016-08-07,201632,3.0,3,3,3,0.011229265,0.7284966,0,2,250400920163219589,2023-08-20,Campina Grande,0.2727224,411807,1,0,0,0,,,,,19833,17.1,21.91,27.33,1.5,74.71,2.0,17.83,0.13710421,13.0,17.8,0.8653065,18.0,17.56,1.098009,14.0,18.19,0.7337806,9.0,17.5725,1.3862943611198906,0.2876820724517808,-1.2527629684953678,-1.5581446180465497,-1.3217558399823195,31,21.7,21.69,22.04,21.97,3.6,4.0,0.4,4.3,76.0,75.71,76.29,80.71,1.0,0.0,2.0,3.0
2016-08-14,201633,1.0,1,1,1,0.018466637,0.2428322,0,2,250400920163319589,2023-08-20,Campina Grande,0.17364322,411807,1,0,0,1,,,,,19833,18.26,22.56,27.7,4.7,76.29,3.0,17.1,0.2727224,2.0,17.83,0.13710421,13.0,17.8,0.8653065,18.0,17.56,1.098009,4.75,17.747500000000002,0.6931471805599453,-0.6931471805599453,-0.4054651081081645,-1.945910149055313,-2.251291798606495,32,21.91,21.7,21.69,22.04,1.5,3.6,4.0,0.4,74.71,76.0,75.71,76.29,0.0,2.0,3.0,0.0
2016-08-21,201634,0.0,0,0,0,0.0,0.0,0,1,250400920163419589,2023-08-20,Campina Grande,0.0,411807,0,0,0,0,,,,,19833,17.94,22.51,27.7,0.7,73.71,1.0,18.26,0.17364322,3.0,17.1,0.2727224,2.0,17.83,0.13710421,13.0,17.8,0.8653065,1.5,17.782500000000002,0.0,-0.6931471805599453,-1.3862943611198906,-1.0986122886681098,-2.6390573296152584,33,22.56,21.91,21.7,21.69,4.7,1.5,3.6,4.0,76.29,74.71,76.0,75.71,2.0,3.0,0.0,1.0
2016-08-28,201635,2.0,2,2,2,0.6439579,0.4856644,0,1,250400920163519589,2023-08-20,Campina Grande,1.4276922,411807,1,0,0,1,,,,,19833,19.01,22.29,26.51,12.0,79.43,0.0,17.94,0.0,1.0,18.26,0.17364322,3.0,17.1,0.2727224,2.0,17.83,0.13710421,1.5,18.0775,1.0986122886681098,1.0986122886681098,0.4054651081081645,-0.2876820724517808,0.0,34,22.51,22.56,21.91,21.7,0.7,4.7,1.5,3.6,73.71,76.29,74.71,76.0,3.0,0.0,1.0,4.0
2016-09-04,201636,3.0,3,3,3,0.86466837,0.7284966,0,1,250400920163619589,2023-08-20,Campina Grande,2.8288856,411807,0,0,0,0,,,,,19833,18.33,22.37,27.54,3.3,74.29,2.0,19.01,1.4276922,0.0,17.94,0.0,1.0,18.26,0.17364322,3.0,17.1,0.2727224,1.5,18.384999999999998,1.3862943611198906,0.2876820724517808,1.3862943611198906,0.6931471805599453,0.0,35,22.29,22.51,22.56,21.91,12.0,0.7,4.7,1.5,79.43,73.71,76.29,74.71,0.0,1.0,4.0,1.0
2016-09-11,201637,0.0,0,0,0,0.0,0.0,0,1,250400920163719589,2023-08-20,Campina Grande,0.0,411807,0,0,0,0,,,,,19833,18.81,22.64,27.23,2.1,77.0,3.0,18.33,2.8288856,2.0,19.01,1.4276922,0.0,17.94,0.0,1.0,18.26,0.17364322,1.25,18.5225,0.0,-1.3862943611198906,-1.0986122886681098,0.0,-0.6931471805599453,36,22.37,22.29,22.51,22.56,3.3,12.0,0.7,4.7,74.29,79.43,73.71,76.29,1.0,4.0,1.0,1.0
2016-09-18,201638,1.0,1,1,1,0.2994536,0.2428322,0,1,250400920163819589,2023-08-20,Campina Grande,0.5748462,411807,1,0,0,1,,,,,19833,19.04,23.66,29.5,1.1,72.86,0.0,18.81,0.0,3.0,18.33,2.8288856,2.0,19.01,1.4276922,0.0,17.94,0.0,1.5,18.7975,0.6931471805599453,0.6931471805599453,-0.6931471805599453,-0.4054651081081645,0.6931471805599453,37,22.64,22.37,22.29,22.51,2.1,3.3,12.0,0.7,77.0,74.29,79.43,73.71,4.0,1.0,1.0,3.0
2016-09-25,201639,4.0,4,4,4,0.90631163,0.9713288,0,1,250400920163919589,2023-08-20,Campina Grande,3.0960543,411807,0,0,0,4,,,,,19833,19.13,23.86,29.56,0.3,71.0,1.0,19.04,0.5748462,0.0,18.81,0.0,3.0,18.33,2.8288856,2.0,19.01,1.4276922,2.0,18.8275,1.6094379124341003,0.916290731874155,1.6094379124341003,0.2231435513142097,0.5108256237659905,38,23.66,22.64,22.37,22.29,1.1,2.1,3.3,12.0,72.86,77.0,74.29,79.43,1.0,1.0,3.0,2.0
2016-10-02,201640,1.0,1,1,1,0.3317908,0.2428322,0,1,250400920164019589,2023-08-20,Campina Grande,0.6282772,411807,0,0,0,0,,,,,19833,18.89,23.94,29.8,0.2,71.71,4.0,19.13,3.0960543,1.0,19.04,0.5748462,0.0,18.81,0.0,3.0,18.33,2.8288856,1.5,18.9675,0.6931471805599453,-0.916290731874155,0.0,0.6931471805599453,-0.6931471805599453,39,23.86,23.66,22.64,22.37,0.3,1.1,2.1,3.3,71.0,72.86,77.0,74.29,1.0,3.0,2.0,1.0
2016-10-09,201641,1.0,1,1,1,0.2257402,0.2428322,0,1,250400920164119589,2023-08-20,Campina Grande,0.46570876,411807,0,0,0,1,,,,,19833,19.56,23.66,28.81,4.0,72.0,1.0,18.89,0.6282772,4.0,19.13,3.0960543,1.0,19.04,0.5748462,0.0,18.81,0.0,1.75,19.154999999999998,0.6931471805599453,0.0,-0.916290731874155,0.0,0.6931471805599453,40,23.94,23.86,23.66,22.64,0.2,0.3,1.1,2.1,71.71,71.0,72.86,77.0,3.0,2.0,1.0,1.0
2016-10-16,201642,3.0,3,3,3,0.72164524,0.7284966,0,1,250400920164219589,2023-08-20,Campina Grande,1.6436877,411807,1,0,0,0,,,,,19833,19.96,24.07,29.3,3.1,72.71,1.0,19.56,0.46570876,1.0,18.89,0.6282772,4.0,19.13,3.0960543,1.0,19.04,0.5748462,2.25,19.385,1.3862943611198906,0.6931471805599453,0.6931471805599453,-0.2231435513142097,0.6931471805599453,41,23.66,23.94,23.86,23.66,4.0,0.2,0.3,1.1,72.0,71.71,71.0,72.86,2.0,1.0,1.0,3.0
2016-10-23,201643,2.0,2,2,2,0.570559,0.4856644,0,1,250400920164319589,2023-08-20,Campina Grande,1.1797967,411807,1,0,0,0,,,,,19833,19.81,24.2,29.39,1.7,71.57,3.0,19.96,1.6436877,1.0,19.56,0.46570876,1.0,18.89,0.6282772,4.0,19.13,3.0960543,1.75,19.555,1.0986122886681098,-0.2876820724517808,0.4054651081081645,0.4054651081081645,-0.5108256237659905,42,24.07,23.66,23.94,23.86,3.1,4.0,0.2,0.3,72.71,72.0,71.71,71.0,1.0,1.0,3.0,1.0
2016-10-30,201644,1.0,1,1,1,0.24172151,0.2428322,0,1,250400920164419589,2023-08-20,Campina Grande,0.4881425,411807,0,0,0,0,,,,,19833,20.56,24.37,29.13,3.5,71.71,2.0,19.81,1.1797967,3.0,19.96,1.6436877,1.0,19.56,0.46570876,1.0,18.89,0.6282772,1.75,19.9725,0.6931471805599453,-0.4054651081081645,-0.6931471805599453,0.0,0.0,43,24.2,24.07,23.66,23.94,1.7,3.1,4.0,0.2,71.57,72.71,72.0,71.71,1.0,3.0,1.0,0.0
2016-11-06,201645,1.0,1,1,1,0.27192524,0.2428322,0,1,250400920164519589,2023-08-20,Campina Grande,0.5322778,411807,1,0,0,0,,,,,19833,20.44,24.34,29.19,2.0,72.86,1.0,20.56,0.4881425,2.0,19.81,1.1797967,3.0,19.96,1.6436877,1.0,19.56,0.46570876,1.75,20.1925,0.6931471805599453,0.0,-0.4054651081081645,-0.6931471805599453,0.0,44,24.37,24.2,24.07,23.66,3.5,1.7,3.1,4.0,71.71,71.57,72.71,72.0,3.0,1.0,0.0,1.0
2016-11-13,201646,3.0,3,3,3,0.7932864,0.7284966,0,1,250400920164619589,2023-08-20,Campina Grande,2.0641654,411807,1,0,0,0,,,,,19833,20.43,24.73,29.91,2.4,73.57,1.0,20.44,0.5322778,1.0,20.56,0.4881425,2.0,19.81,1.1797967,3.0,19.96,1.6436877,1.75,20.310000000000002,1.3862943611198906,0.6931471805599453,0.6931471805599453,0.2876820724517808,0.0,45,24.34,24.37,24.2,24.07,2.0,3.5,1.7,3.1,72.86,71.71,71.57,72.71,1.0,0.0,1.0,1.0
2016-11-20,201647,1.0,1,1,1,0.34335455,0.2428322,0,2,250400920164719589,2023-08-20,Campina Grande,0.64841217,411807,1,0,0,0,,,,,19833,20.19,24.87,30.56,0.2,70.14,3.0,20.43,2.0641654,1.0,20.44,0.5322778,1.0,20.56,0.4881425,2.0,19.81,1.1797967,1.5,20.405,0.6931471805599453,-0.6931471805599453,0.0,0.0,-0.4054651081081645,46,24.73,24.34,24.37,24.2,2.4,2.0,3.5,1.7,73.57,72.86,71.71,71.57,0.0,1.0,1.0,0.0
2016-11-27,201648,0.0,0,0,0,0.0,0.0,0,1,250400920164819589,2023-08-20,Campina Grande,0.0,411807,0,0,0,0,,,,,19833,20.6,25.17,30.9,0.7,70.0,1.0,20.19,0.64841217,3.0,20.43,2.0641654,1.0,20.44,0.5322778,1.0,20.56,0.4881425,1.25,20.415,0.0,-0.6931471805599453,-1.3862943611198906,-0.6931471805599453,-0.6931471805599453,47,24.87,24.73,24.34,24.37,0.2,2.4,2.0,3.5,70.14,73.57,72.86,71.71,1.0,1.0,0.0,1.0
2016-12-04,201649,1.0,1,1,1,0.42409506,0.2428322,0,1,250400920164919589,2023-08-20,Campina Grande,0.80805445,411807,1,0,0,0,,,,,19833,20.53,25.49,31.61,0.8,71.0,0.0,20.6,0.0,1.0,20.19,0.64841217,3.0,20.43,2.0641654,1.0,20.44,0.5322778,1.25,20.4375,0.6931471805599453,0.6931471805599453,0.0,-0.6931471805599453,0.0,48,25.17,24.87,24.73,24.34,0.7,0.2,2.4,2.0,70.0,70.14,73.57,72.86,1.0,0.0,1.0,4.0
2016-12-11,201650,1.0,1,1,1,0.6136662,0.2428322,0,1,250400920165019589,2023-08-20,Campina Grande,1.4194988,411807,1,0,0,0,,,,,19833,20.93,24.93,29.89,4.4,72.57,1.0,20.53,0.80805445,0.0,20.6,0.0,1.0,20.19,0.64841217,3.0,20.43,2.0641654,0.75,20.5625,0.6931471805599453,0.0,0.6931471805599453,0.0,-0.6931471805599453,49,25.49,25.17,24.87,24.73,0.8,0.7,0.2,2.4,71.0,70.0,70.14,73.57,0.0,1.0,4.0,0.0
2016-12-18,201651,0.0,0,0,0,0.0,0.0,0,1,250400920165119589,2023-08-20,Campina Grande,0.0,411807,0,0,0,0,,,,,19833,20.84,24.24,28.27,8.3,74.71,1.0,20.93,1.4194988,1.0,20.53,0.80805445,0.0,20.6,0.0,1.0,20.19,0.64841217,0.5,20.725,0.0,-0.6931471805599453,-0.6931471805599453,0.0,-0.6931471805599453,50,24.93,25.49,25.17,24.87,4.4,0.8,0.7,0.2,72.57,71.0,70.0,70.14,1.0,4.0,0.0,0.0
2016-12-25,201652,1.0,1,1,1,0.6156837,0.2428322,0,1,250400920165219589,2023-08-20,Campina Grande,1.4291047,411807,1,0,0,0,,,,,19833,21.09,24.53,28.97,5.1,75.29,0.0,20.84,0.0,1.0,20.93,1.4194988,1.0,20.53,0.80805445,0.0,20.6,0.0,0.75,20.8475,0.6931471805599453,0.6931471805599453,0.0,0.0,0.6931471805599453,51,24.24,24.93,25.49,25.17,8.3,4.4,0.8,0.7,74.71,72.57,71.0,70.0,4.0,0.0,0.0,1.0
2017-01-01,201701,4.0,4,4,4,0.959517,0.9713288,0,1,250400920170119589,2023-08-20,Campina Grande,5.3047967,411807,1,0,0,1,,,,,19833,20.6,24.77,30.09,2.8,72.43,1.0,21.09,1.4291047,0.0,20.84,0.0,1.0,20.93,1.4194988,1.0,20.53,0.80805445,1.5,20.865,1.6094379124341003,0.916290731874155,1.6094379124341003,0.916290731874155,0.916290731874155,52,24.53,24.24,24.93,25.49,5.1,8.3,4.4,0.8,75.29,74.71,72.57,71.0,0.0,0.0,1.0,1.0
2017-01-08,201702,0.0,0,0,0,0.0,0.0,0,1,250400920170219589,2023-08-20,Campina Grande,0.0,411807,0,0,0,0,,,,,19833,20.76,24.9,30.16,4.3,72.29,4.0,20.6,5.3047967,1.0,21.09,1.4291047,0.0,20.84,0.0,1.0,20.93,1.4194988,1.25,20.8225,0.0,-1.6094379124341003,-0.6931471805599453,0.0,-0.6931471805599453,1,24.77,24.53,24.24,24.93,2.8,5.1,8.3,4.4,72.43,75.29,74.71,72.57,0.0,1.0,1.0,0.0
2017-01-15,201703,0.0,0,0,0,0.0,0.0,0,1,250400920170319589,2023-08-20,Campina Grande,0.0,411807,0,0,0,0,,,,,19833,21.11,24.89,29.91,3.2,72.57,0.0,20.76,0.0,4.0,20.6,5.3047967,1.0,21.09,1.4291047,0.0,20.84,0.0,1.25,20.89,0.0,0.0,-1.6094379124341003,-0.6931471805599453,0.0,2,24.9,24.77,24.53,24.24,4.3,2.8,5.1,8.3,72.29,72.43,75.29,74.71,1.0,1.0,0.0,1.0
2017-01-22,201704,1.0,1,1,1,0.4743421,0.2428322,0,1,250400920170419589,2023-08-20,Campina Grande,0.9293679,411807,1,0,0,1,,,,,19833,21.29,24.56,28.9,13.4,77.86,0.0,21.11,0.0,0.0,20.76,0.0,4.0,20.6,5.3047967,1.0,21.09,1.4291047,1.25,20.939999999999998,0.6931471805599453,0.6931471805599453,0.6931471805599453,-0.916290731874155,0.0,3,24.89,24.9,24.77,24.53,3.2,4.3,2.8,5.1,72.57,72.29,72.43,75.29,1.0,0.0,1.0,1.0
2017-01-29,201705,1.0,1,1,1,0.6991341,0.2428322,0,1,250400920170519589,2023-08-20,Campina Grande,1.9366375,411807,1,0,0,0,,,,,19833,21.04,24.93,29.89,4.7,74.71,1.0,21.29,0.9293679,0.0,21.11,0.0,0.0,20.76,0.0,4.0,20.6,5.3047967,0.5,21.05,0.6931471805599453,0.0,0.6931471805599453,0.6931471805599453,-0.916290731874155,4,24.56,24.89,24.9,24.77,13.4,3.2,4.3,2.8,77.86,72.57,72.29,72.43,0.0,1.0,1.0,3.0
2017-02-05,201706,0.0,0,0,0,0.0,0.0,0,1,250400920170619589,2023-08-20,Campina Grande,0.0,411807,0,0,0,0,,,,,19833,21.2,25.3,30.71,5.6,73.29,1.0,21.04,1.9366375,1.0,21.29,0.9293679,0.0,21.11,0.0,0.0,20.76,0.0,0.5,21.16,0.0,-0.6931471805599453,-0.6931471805599453,0.0,0.0,5,24.93,24.56,24.89,24.9,4.7,13.4,3.2,4.3,74.71,77.86,72.57,72.29,1.0,1.0,3.0,3.0
2017-02-12,201707,1.0,1,1,1,0.61752063,0.2428322,0,1,250400920170719589,2023-08-20,Campina Grande,1.4379369,411807,0,0,0,1,,,,,19833,21.11,24.86,29.83,6.7,72.29,0.0,21.2,0.0,1.0,21.04,1.9366375,1.0,21.29,0.9293679,0.0,21.11,0.0,0.75,21.16,0.6931471805599453,0.6931471805599453,0.0,0.0,0.6931471805599453,6,25.3,24.93,24.56,24.89,5.6,4.7,13.4,3.2,73.29,74.71,77.86,72.57,1.0,3.0,3.0,4.0
2017-02-19,201708,1.0,1,1,1,0.66345507,0.2428322,0,1,250400920170819589,2023-08-20,Campina Grande,1.6893909,411807,1,0,0,0,,,,,19833,21.24,25.04,29.74,12.9,74.57,1.0,21.11,1.4379369,0.0,21.2,0.0,1.0,21.04,1.9366375,1.0,21.29,0.9293679,0.75,21.1475,0.6931471805599453,0.0,0.6931471805599453,0.0,0.0,7,24.86,25.3,24.93,24.56,6.7,5.6,4.7,13.4,72.29,73.29,74.71,77.86,3.0,3.0,4.0,1.0
2017-02-26,201709,3.0,3,3,3,0.8978161,0.7284966,0,1,250400920170919589,2023-08-20,Campina Grande,3.4830716,411807,1,0,0,0,,,,,19833,21.67,24.79,29.04,17.0,77.71,1.0,21.24,1.6893909,1.0,21.11,1.4379369,0.0,21.2,0.0,1.0,21.04,1.9366375,1.25,21.305,1.3862943611198906,0.6931471805599453,0.6931471805599453,1.3862943611198906,0.6931471805599453,8,25.04,24.86,25.3,24.93,12.9,6.7,5.6,4.7,74.57,72.29,73.29,74.71,3.0,4.0,1.0,0.0
2017-03-05,201710,3.0,3,3,3,0.7780879,0.7284966,0,2,250400920171019589,2023-08-20,Campina Grande,1.9564829,411807,1,0,0,0,,,,,19833,21.66,24.84,29.26,6.6,77.86,3.0,21.67,3.4830716,1.0,21.24,1.6893909,1.0,21.11,1.4379369,0.0,21.2,0.0,2.0,21.419999999999998,1.3862943611198906,0.0,0.6931471805599453,0.6931471805599453,1.3862943611198906,9,24.79,25.04,24.86,25.3,17.0,12.9,6.7,5.6,77.71,74.57,72.29,73.29,4.0,1.0,0.0,3.0
2017-03-12,201711,4.0,4,4,4,0.74635416,0.9713288,0,2,250400920171119589,2023-08-20,Campina Grande,1.6428455,411807,1,0,0,3,,,,,19833,21.44,24.54,29.14,13.8,80.0,3.0,21.66,1.9564829,3.0,21.67,3.4830716,1.0,21.24,1.6893909,1.0,21.11,1.4379369,2.75,21.502499999999998,1.6094379124341003,0.2231435513142097,0.2231435513142097,0.916290731874155,0.916290731874155,10,24.84,24.79,25.04,24.86,6.6,17.0,12.9,6.7,77.86,77.71,74.57,72.29,1.0,0.0,3.0,3.0
2017-03-19,201712,1.0,1,1,1,0.12473712,0.2428322,0,2,250400920171219589,2023-08-20,Campina Grande,0.33299622,411807,1,0,0,1,,,,,19833,21.33,25.39,30.63,4.5,75.14,4.0,21.44,1.6428455,3.0,21.66,1.9564829,3.0,21.67,3.4830716,1.0,21.24,1.6893909,2.75,21.525,0.6931471805599453,-0.916290731874155,-0.6931471805599453,-0.6931471805599453,0.0,11,24.54,24.84,24.79,25.04,13.8,6.6,17.0,12.9,80.0,77.86,77.71,74.57,0.0,3.0,3.0,2.0
2017-03-26,201713,0.0,0,0,0,0.0,0.0,0,1,250400920171319589,2023-08-20,Campina Grande,0.0,411807,0,0,0,0,,,,,19833,21.87,25.63,30.46,6.7,77.57,1.0,21.33,0.33299622,4.0,21.44,1.6428455,3.0,21.66,1.9564829,3.0,21.67,3.4830716,2.0,21.575,0.0,-0.6931471805599453,-1.6094379124341003,-1.3862943611198906,-1.3862943611198906,12,25.39,24.54,24.84,24.79,4.5,13.8,6.6,17.0,75.14,80.0,77.86,77.71,3.0,3.0,2.0,1.0
2017-04-02,201714,3.0,3,3,3,0.7451817,0.7284966,0,1,250400920171419589,2023-08-20,Campina Grande,1.7603549,411807,1,0,0,1,,,,,19833,21.39,24.97,29.66,3.8,75.57,0.0,21.87,0.0,1.0,21.33,0.33299622,4.0,21.44,1.6428455,3.0,21.66,1.9564829,2.0,21.5075,1.3862943611198906,1.3862943611198906,0.6931471805599453,-0.2231435513142097,0.0,13,25.63,25.39,24.54,24.84,6.7,4.5,13.8,6.6,77.57,75.14,80.0,77.86,3.0,2.0,1.0,1.0
2017-04-09,201715,3.0,3,3,3,0.8108883,0.7284966,0,1,250400920171519589,2023-08-20,Campina Grande,2.206664,411807,1,0,0,0,,,,,19833,21.54,24.33,28.36,30.5,82.43,3.0,21.39,1.7603549,0.0,21.87,0.0,1.0,21.33,0.33299622,4.0,21.44,1.6428455,1.75,21.532500000000002,1.3862943611198906,0.0,1.3862943611198906,0.6931471805599453,-0.2231435513142097,14,24.97,25.63,25.39,24.54,3.8,6.7,4.5,13.8,75.57,77.57,75.14,80.0,2.0,1.0,1.0,2.0
2017-04-16,201716,2.0,2,2,2,0.47756848,0.4856644,0,2,250400920171619589,2023-08-20,Campina Grande,0.9510923,411807,1,0,0,1,,,,,19833,20.81,24.59,29.13,6.9,78.0,3.0,21.54,2.206664,3.0,21.39,1.7603549,0.0,21.87,0.0,1.0,21.33,0.33299622,2.0,21.402500000000003,1.0986122886681098,-0.2876820724517808,-0.2876820724517808,1.0986122886681098,0.4054651081081645,15,24.33,24.97,25.63,25.39,30.5,3.8,6.7,4.5,82.43,75.57,77.57,75.14,1.0,1.0,2.0,4.0
2017-04-23,201717,1.0,1,1,1,0.18103705,0.2428322,0,2,250400920171719589,2023-08-20,Campina Grande,0.4055737,411807,1,0,0,1,,,,,19833,21.3,24.49,28.76,8.7,79.71,2.0,20.81,0.9510923,3.0,21.54,2.206664,3.0,21.39,1.7603549,0.0,21.87,0.0,2.25,21.26,0.6931471805599453,-0.4054651081081645,-0.6931471805599453,-0.6931471805599453,0.6931471805599453,16,24.59,24.33,24.97,25.63,6.9,30.5,3.8,6.7,78.0,82.43,75.57,77.57,1.0,2.0,4.0,2.0
2017-04-30,201718,1.0,1,1,1,0.2531613,0.2428322,0,2,250400920171819589,2023-08-20,Campina Grande,0.5045737,411807,1,0,0,0,,,,,19833,20.46,23.37,27.0,7.6,81.43,1.0,21.3,0.4055737,2.0,20.81,0.9510923,3.0,21.54,2.206664,3.0,21.39,1.7603549,1.75,21.0275,0.6931471805599453,0.0,-0.4054651081081645,-0.6931471805599453,-0.6931471805599453,17,24.49,24.59,24.33,24.97,8.7,6.9,30.5,3.8,79.71,78.0,82.43,75.57,2.0,4.0,2.0,1.0
2017-05-07,201719,2.0,2,2,2,0.64209735,0.4856644,0,2,250400920171919589,2023-08-20,Campina Grande,1.4203472,411807,1,0,0,2,,,,,19833,20.81,23.56,27.31,15.6,83.57,1.0,20.46,0.5045737,1.0,21.3,0.4055737,2.0,20.81,0.9510923,3.0,21.54,2.206664,1.5,20.845,1.0986122886681098,0.4054651081081645,0.4054651081081645,0.0,-0.2876820724517808,18,23.37,24.49,24.59,24.33,7.6,8.7,6.9,30.5,81.43,79.71,78.0,82.43,4.0,2.0,1.0,1.0
2017-05-14,201720,4.0,4,4,4,0.88582873,0.9713288,0,2,250400920172019589,2023-08-20,Campina Grande,2.7350478,411807,1,0,0,1,,,,,19833,21.03,24.63,29.19,3.0,79.29,2.0,20.81,1.4203472,1.0,20.46,0.5045737,1.0,21.3,0.4055737,2.0,20.81,0.9510923,2.0,20.9,1.6094379124341003,0.5108256237659905,0.916290731874155,0.916290731874155,0.5108256237659905,19,23.56,23.37,24.49,24.59,15.6,7.6,8.7,6.9,83.57,81.43,79.71,78.0,2.0,1.0,1.0,4.0
2017-05-21,201721,2.0,2,2,2,0.46142572,0.4856644,0,2,250400920172119589,2023-08-20,Campina Grande,0.9178603,411807,1,0,0,1,,,,,19833,20.56,23.57,27.47,8.3,81.71,4.0,21.03,2.7350478,2.0,20.81,1.4203472,1.0,20.46,0.5045737,1.0,21.3,0.4055737,2.25,20.715,1.0986122886681098,-0.5108256237659905,0.0,0.4054651081081645,0.4054651081081645,20,24.63,23.56,23.37,24.49,3.0,15.6,7.6,8.7,79.29,83.57,81.43,79.71,1.0,1.0,4.0,4.0
2017-05-28,201722,1.0,1,1,1,0.1564379,0.2428322,0,2,250400920172219589,2023-08-20,Campina Grande,0.3736449,411807,1,0,0,1,,,,,19833,20.84,22.87,25.99,40.9,87.57,2.0,20.56,0.9178603,4.0,21.03,2.7350478,2.0,20.81,1.4203472,1.0,20.46,0.5045737,2.25,20.81,0.6931471805599453,-0.4054651081081645,-0.916290731874155,-0.4054651081081645,0.0,21,23.57,24.63,23.56,23.37,8.3,3.0,15.6,7.6,81.71,79.29,83.57,81.43,1.0,4.0,4.0,7.0
2017-06-04,201723,1.0,1,1,1,0.22155246,0.2428322,0,2,250400920172319589,2023-08-20,Campina Grande,0.4599224,411807,1,0,0,1,,,,,19833,20.3,22.97,26.61,9.5,83.71,1.0,20.84,0.3736449,2.0,20.56,0.9178603,4.0,21.03,2.7350478,2.0,20.81,1.4203472,2.0,20.6825,0.6931471805599453,0.0,-0.4054651081081645,-0.916290731874155,-0.4054651081081645,22,22.87,23.57,24.63,23.56,40.9,8.3,3.0,15.6,87.57,81.71,79.29,83.57,4.0,4.0,7.0,7.0
2017-06-11,201724,4.0,4,4,4,0.8726985,0.9713288,0,2,250400920172419589,2023-08-20,Campina Grande,2.5546353,411807,1,0,0,3,,,,,19833,19.81,22.33,25.99,18.7,84.71,1.0,20.3,0.4599224,1.0,20.84,0.3736449,2.0,20.56,0.9178603,4.0,21.03,2.7350478,2.0,20.377499999999998,1.6094379124341003,0.916290731874155,0.916290731874155,0.5108256237659905,0.0,23,22.97,22.87,23.57,24.63,9.5,40.9,8.3,3.0,83.71,87.57,81.71,79.29,4.0,7.0,7.0,9.0
2017-06-18,201725,4.0,4,4,4,0.81967926,0.9713288,0,2,250400920172519589,2023-08-20,Campina Grande,2.0505056,411807,1,0,0,2,,,,,19833,20.03,22.66,26.24,4.4,81.86,4.0,19.81,2.5546353,1.0,20.3,0.4599224,1.0,20.84,0.3736449,2.0,20.56,0.9178603,2.5,20.244999999999997,1.6094379124341003,0.0,0.916290731874155,0.916290731874155,0.5108256237659905,24,22.33,22.97,22.87,23.57,18.7,9.5,40.9,8.3,84.71,83.71,87.57,81.71,7.0,7.0,9.0,5.0
2017-06-25,201726,7.0,7,7,7,0.8922703,1.6998254,0,2,250400920172619589,2023-08-20,Campina Grande,2.1558678,411807,1,0,1,4,,,,,19833,20.0,21.96,24.81,29.2,85.86,4.0,20.03,2.0505056,4.0,19.81,2.5546353,1.0,20.3,0.4599224,1.0,20.84,0.3736449,4.0,20.035,2.0794415416798357,0.47000362924573547,0.47000362924573547,1.3862943611198904,1.3862943611198904,25,22.66,22.33,22.97,22.87,4.4,18.7,9.5,40.9,81.86,84.71,83.71,87.57,7.0,9.0,5.0,4.0
2017-07-02,201727,7.0,7,7,7,0.75854427,1.6998254,0,2,250400920172719589,2023-08-20,Campina Grande,1.4912399,411807,1,0,1,3,,,,,19833,19.21,21.3,24.14,24.0,83.86,7.0,20.0,2.1558678,4.0,20.03,2.0505056,4.0,19.81,2.5546353,1.0,20.3,0.4599224,5.5,19.762500000000003,2.0794415416798357,0.0,0.47000362924573547,0.47000362924573547,1.3862943611198904,26,21.96,22.66,22.33,22.97,29.2,4.4,18.7,9.5,85.86,81.86,84.71,83.71,9.0,5.0,4.0,4.0
2017-07-09,201728,9.0,9,9,9,0.7740172,2.18549,0,2,250400920172819589,2023-08-20,Campina Grande,1.4608669,411807,1,0,1,8,,,,,19833,18.8,21.01,23.76,9.5,83.43,7.0,19.21,1.4912399,7.0,20.0,2.1558678,4.0,20.03,2.0505056,4.0,19.81,2.5546353,6.75,19.51,2.302585092994046,0.22314355131421015,0.22314355131421015,0.6931471805599456,0.6931471805599456,27,21.3,21.96,22.66,22.33,24.0,29.2,4.4,18.7,83.86,85.86,81.86,84.71,5.0,4.0,4.0,12.0
2017-07-16,201729,5.0,5,5,5,0.25937092,1.214161,0,2,250400920172919589,2023-08-20,Campina Grande,0.6975535,411807,1,0,0,5,,,,,19833,18.61,20.97,24.01,38.0,85.86,9.0,18.8,1.4608669,7.0,19.21,1.4912399,7.0,20.0,2.1558678,4.0,20.03,2.0505056,7.0,19.155,1.791759469228055,-0.5108256237659909,-0.2876820724517808,-0.2876820724517808,0.18232155679395468,28,21.01,21.3,21.96,22.66,9.5,24.0,29.2,4.4,83.43,83.86,85.86,81.86,4.0,4.0,12.0,11.0
2017-07-23,201730,4.0,4,4,4,0.16462022,0.9713288,0,2,250400920173019589,2023-08-20,Campina Grande,0.5628813,411807,1,0,0,1,,,,,19833,18.71,21.01,24.2,9.3,83.57,5.0,18.61,0.6975535,9.0,18.8,1.4608669,7.0,19.21,1.4912399,7.0,20.0,2.1558678,6.25,18.8325,1.6094379124341003,-0.18232155679395468,-0.6931471805599456,-0.47000362924573547,-0.47000362924573547,29,20.97,21.01,21.3,21.96,38.0,9.5,24.0,29.2,85.86,83.43,83.86,85.86,4.0,12.0,11.0,5.0
2017-07-30,201731,4.0,4,4,4,0.2769817,0.9713288,0,2,250400920173119589,2023-08-20,Campina Grande,0.6937464,411807,1,0,0,3,,,,,19833,18.2,21.36,25.19,7.3,84.43,4.0,18.71,0.5628813,5.0,18.61,0.6975535,9.0,18.8,1.4608669,7.0,19.21,1.4912399,5.5,18.58,1.6094379124341003,0.0,-0.18232155679395468,-0.6931471805599456,-0.47000362924573547,30,21.01,20.97,21.01,21.3,9.3,38.0,9.5,24.0,83.57,85.86,83.43,83.86,12.0,11.0,5.0,8.0
2017-08-06,201732,12.0,12,12,12,0.96319216,2.9139864,0,2,250400920173219589,2023-08-20,Campina Grande,2.429503,411807,1,1,1,5,,,,,19833,18.16,21.83,26.26,2.5,79.29,4.0,18.2,0.6937464,4.0,18.71,0.5628813,5.0,18.61,0.6975535,9.0,18.8,1.4608669,6.25,18.42,2.5649493574615367,0.9555114450274365,0.9555114450274365,0.7731898882334818,0.26236426446749084,31,21.36,21.01,20.97,21.01,7.3,9.3,38.0,9.5,84.43,83.57,85.86,83.43,11.0,5.0,8.0,7.0
2017-08-13,201733,11.0,11,11,11,0.87392735,2.6711543,0,2,250400920173319589,2023-08-20,Campina Grande,1.7263052,411807,1,0,1,6,,,,,19833,18.33,21.59,25.54,5.8,82.0,12.0,18.16,2.429503,4.0,18.2,0.6937464,4.0,18.71,0.5628813,5.0,18.61,0.6975535,7.75,18.35,2.4849066497880004,-0.08004270767353638,0.8754687373539001,0.8754687373539001,0.6931471805599454,32,21.83,21.36,21.01,20.97,2.5,7.3,9.3,38.0,79.29,84.43,83.57,85.86,5.0,8.0,7.0,14.0
2017-08-20,201734,5.0,5,5,5,0.13726535,1.214161,0,2,250400920173419589,2023-08-20,Campina Grande,0.5601512,411807,1,0,0,4,,,,,19833,18.93,21.93,25.79,6.3,80.43,11.0,18.33,1.7263052,12.0,18.16,2.429503,4.0,18.2,0.6937464,4.0,18.71,0.5628813,8.0,18.404999999999998,1.791759469228055,-0.6931471805599454,-0.7731898882334818,0.18232155679395468,0.18232155679395468,33,21.59,21.83,21.36,21.01,5.8,2.5,7.3,9.3,82.0,79.29,84.43,83.57,8.0,7.0,14.0,3.0
2017-08-27,201735,8.0,8,8,8,0.38628358,1.9426576,0,2,250400920173519589,2023-08-20,Campina Grande,0.8725843,411807,1,0,1,3,,,,,19833,18.51,22.01,26.34,2.3,77.86,5.0,18.93,0.5601512,11.0,18.33,1.7263052,12.0,18.16,2.429503,4.0,18.2,0.6937464,9.0,18.4825,2.1972245773362196,0.4054651081081646,-0.2876820724517808,-0.3677247801253172,0.5877866649021193,34,21.93,21.59,21.83,21.36,6.3,5.8,2.5,7.3,80.43,82.0,79.29,84.43,7.0,14.0,3.0,16.0
2017-09-03,201736,7.0,7,7,7,0.43204466,1.6998254,0,2,250400920173619589,2023-08-20,Campina Grande,0.91667986,411807,1,0,1,6,,,,,19833,18.51,21.94,26.1,7.8,77.71,8.0,18.51,0.8725843,5.0,18.93,0.5601512,11.0,18.33,1.7263052,12.0,18.16,2.429503,7.75,18.57,2.0794415416798357,-0.11778303565638382,0.2876820724517808,-0.4054651081081646,-0.485507815781701,35,22.01,21.93,21.59,21.83,2.3,6.3,5.8,2.5,77.86,80.43,82.0,79.29,14.0,3.0,16.0,6.0
2017-09-10,201737,14.0,14,14,14,0.92535084,3.3996508,0,2,250400920173719589,2023-08-20,Campina Grande,1.8669941,411807,1,0,1,11,,,,,19833,18.69,21.69,25.64,9.8,80.29,7.0,18.51,0.91667986,8.0,18.51,0.8725843,5.0,18.93,0.5601512,11.0,18.33,1.7263052,8.5,18.660000000000004,2.70805020110221,0.6286086594223743,0.5108256237659905,0.9162907318741551,0.2231435513142097,36,21.94,22.01,21.93,21.59,7.8,2.3,6.3,5.8,77.71,77.86,80.43,82.0,3.0,16.0,6.0,8.0
2017-09-17,201738,3.0,3,3,3,0.040291797,0.7284966,0,2,250400920173819589,2023-08-20,Campina Grande,0.34890854,411807,1,0,0,1,,,,,19833,18.59,21.99,26.07,3.9,77.86,14.0,18.69,1.8669941,7.0,18.51,0.91667986,8.0,18.51,0.8725843,5.0,18.93,0.5601512,8.0,18.575,1.3862943611198906,-1.3217558399823195,-0.6931471805599452,-0.810930216216329,-0.4054651081081644,37,21.69,21.94,22.01,21.93,9.8,7.8,2.3,6.3,80.29,77.71,77.86,80.43,16.0,6.0,8.0,11.0
2017-09-24,201739,16.0,16,16,16,0.9126527,3.8853152,0,2,250400920173919589,2023-08-20,Campina Grande,1.7159407,411807,1,0,1,9,,,,,19833,18.69,22.4,27.0,2.6,77.29,3.0,18.59,0.34890854,14.0,18.69,1.8669941,7.0,18.51,0.91667986,8.0,18.51,0.8725843,10.0,18.62,2.833213344056216,1.4469189829363256,0.1251631429540061,0.7537718023763804,0.6359887667199966,38,21.99,21.69,21.94,22.01,3.9,9.8,7.8,2.3,77.86,80.29,77.71,77.86,6.0,8.0,11.0,7.0
2017-10-01,201740,6.0,6,6,6,0.19881281,1.4569932,0,2,250400920174019589,2023-08-20,Campina Grande,0.65260154,411807,1,0,1,1,,,,,19833,19.36,23.19,28.0,2.6,74.71,16.0,18.69,1.7159407,3.0,18.59,0.34890854,14.0,18.69,1.8669941,7.0,18.51,0.91667986,9.75,18.8325,1.9459101490553132,-0.8873031950009029,0.5596157879354227,-0.7621400520468968,-0.13353139262452252,39,22.4,21.99,21.69,21.94,2.6,3.9,9.8,7.8,77.29,77.86,80.29,77.71,8.0,11.0,7.0,11.0
2017-10-08,201741,8.0,8,8,8,0.33259273,1.9426576,0,2,250400920174119589,2023-08-20,Campina Grande,0.81793606,411807,1,0,1,8,,,,,19833,18.89,22.73,27.33,2.6,76.43,6.0,19.36,0.65260154,16.0,18.69,1.7159407,3.0,18.59,0.34890854,14.0,18.69,1.8669941,8.25,18.8825,2.1972245773362196,0.25131442828090633,-0.6359887667199966,0.810930216216329,-0.5108256237659905,40,23.19,22.4,21.99,21.69,2.6,2.6,3.9,9.8,74.71,77.29,77.86,80.29,11.0,7.0,11.0,15.0
2017-10-15,201742,11.0,11,11,11,0.67448026,2.6711543,0,2,250400920174219589,2023-08-20,Campina Grande,1.2195367,411807,1,0,1,10,,,,,19833,19.9,23.3,27.71,8.5,77.0,8.0,18.89,0.81793606,6.0,19.36,0.65260154,16.0,18.69,1.7159407,3.0,18.59,0.34890854,10.25,19.21,2.4849066497880004,0.2876820724517808,0.5389965007326871,-0.3483066942682158,1.0986122886681098,41,22.73,23.19,22.4,21.99,2.6,2.6,2.6,3.9,76.43,74.71,77.29,77.86,7.0,11.0,15.0,7.0
2017-10-22,201743,7.0,7,7,7,0.34194815,1.6998254,0,2,250400920174319589,2023-08-20,Campina Grande,0.8175648,411807,1,0,1,7,,,,,19833,20.06,23.39,27.87,7.4,77.86,11.0,19.9,1.2195367,8.0,18.89,0.81793606,6.0,19.36,0.65260154,16.0,18.69,1.7159407,8.0,19.5525,2.0794415416798357,-0.4054651081081646,-0.11778303565638382,0.13353139262452252,-0.7537718023763804,42,23.3,22.73,23.19,22.4,8.5,2.6,2.6,2.6,77.0,76.43,74.71,77.29,11.0,15.0,7.0,10.0
2017-10-29,201744,11.0,11,11,11,0.6755819,2.6711543,0,2,250400920174419589,2023-08-20,Campina Grande,1.2212582,411807,1,0,1,9,,,,,19833,20.21,24.34,29.64,2.6,74.43,7.0,20.06,0.8175648,11.0,19.9,1.2195367,8.0,18.89,0.81793606,6.0,19.36,0.65260154,9.25,19.765,2.4849066497880004,0.4054651081081646,0.0,0.2876820724517808,0.5389965007326871,43,23.39,23.3,22.73,23.19,7.4,8.5,2.6,2.6,77.86,77.0,76.43,74.71,15.0,7.0,10.0,9.0
2017-11-05,201745,15.0,15,15,15,0.87738687,3.642483,0,2,250400920174519589,2023-08-20,Campina Grande,1.598043,411807,1,0,1,13,,,,,19833,19.7,23.83,28.81,0.9,72.57,11.0,20.21,1.2212582,7.0,20.06,0.8175648,11.0,19.9,1.2195367,8.0,18.89,0.81793606,11.0,19.9675,2.772588722239781,0.2876820724517808,0.6931471805599454,0.2876820724517808,0.5753641449035616,44,24.34,23.39,23.3,22.73,2.6,7.4,8.5,2.6,74.43,77.86,77.0,76.43,7.0,10.0,9.0,10.0
2017-11-12,201746,7.0,7,7,7,0.18179171,1.6998254,0,2,250400920174619589,2023-08-20,Campina Grande,0.6529948,411807,1,0,1,6,,,,,19833,20.19,24.01,28.64,1.9,74.29,15.0,19.7,1.598043,11.0,20.21,1.2212582,7.0,20.06,0.8175648,11.0,19.9,1.2195367,10.0,20.04,2.0794415416798357,-0.6931471805599454,-0.4054651081081646,0.0,-0.4054651081081646,45,23.83,24.34,23.39,23.3,0.9,2.6,7.4,8.5,72.57,74.43,77.86,77.0,10.0,9.0,10.0,9.0
2017-11-19,201747,10.0,10,10,10,0.3863196,2.428322,0,2,250400920174719589,2023-08-20,Campina Grande,0.8843857,411807,1,0,1,4,,,,,19833,20.2,24.23,29.36,3.3,73.57,7.0,20.19,0.6529948,15.0,19.7,1.598043,11.0,20.21,1.2212582,7.0,20.06,0.8175648,10.75,20.075,2.3978952727983707,0.3184537311185349,-0.3746934494414105,-0.08701137698962969,0.3184537311185349,46,24.01,23.83,24.34,23.39,1.9,0.9,2.6,7.4,74.29,72.57,74.43,77.86,9.0,10.0,9.0,6.0
2017-11-26,201748,9.0,9,9,9,0.41133276,2.18549,0,2,250400920174819589,2023-08-20,Campina Grande,0.90414184,411807,1,0,1,4,,,,,19833,19.93,24.2,29.16,0.6,73.14,10.0,20.2,0.8843857,7.0,20.19,0.6529948,15.0,19.7,1.598043,11.0,20.21,1.2212582,10.25,20.005000000000003,2.302585092994046,-0.09531017980432477,0.22314355131421015,-0.47000362924573524,-0.18232155679395445,47,24.23,24.01,23.83,24.34,3.3,1.9,0.9,2.6,73.57,74.29,72.57,74.43,10.0,9.0,6.0,10.0
2017-12-03,201749,10.0,10,10,10,0.5683771,2.428322,0,2,250400920174919589,2023-08-20,Campina Grande,1.0798632,411807,1,0,1,5,,,,,19833,20.64,25.0,30.29,2.2,73.29,9.0,19.93,0.90414184,10.0,20.2,0.8843857,7.0,20.19,0.6529948,15.0,19.7,1.598043,9.0,20.240000000000002,2.3978952727983707,0.09531017980432477,0.0,0.3184537311185349,-0.3746934494414105,48,24.2,24.23,24.01,23.83,0.6,3.3,1.9,0.9,73.14,73.57,74.29,72.57,9.0,6.0,10.0,6.0
2017-12-10,201750,9.0,9,9,9,0.46558917,2.18549,0,2,250400920175019589,2023-08-20,Campina Grande,0.9613627,411807,1,0,1,4,,,,,19833,20.83,24.84,29.94,1.9,72.57,10.0,20.64,1.0798632,9.0,19.93,0.90414184,10.0,20.2,0.8843857,7.0,20.19,0.6529948,9.5,20.4,2.302585092994046,-0.09531017980432477,0.0,-0.09531017980432477,0.22314355131421015,49,25.0,24.2,24.23,24.01,2.2,0.6,3.3,1.9,73.29,73.14,73.57,74.29,6.0,10.0,6.0,9.0
2017-12-17,201751,6.0,6,6,6,0.19566758,1.4569932,0,2,250400920175119589,2023-08-20,Campina Grande,0.6492243,411807,1,0,1,3,,,,,19833,21.16,24.37,28.6,5.1,76.14,9.0,20.83,0.9613627,10.0,20.64,1.0798632,9.0,19.93,0.90414184,10.0,20.2,0.8843857,8.5,20.64,1.9459101490553132,-0.35667494393873267,-0.45198512374305744,-0.35667494393873267,-0.45198512374305744,50,24.84,25.0,24.2,24.23,1.9,2.2,0.6,3.3,72.57,73.29,73.14,73.57,10.0,6.0,9.0,1.0
2017-12-24,201752,10.0,10,10,10,0.63635224,2.428322,0,2,250400920175219589,2023-08-20,Campina Grande,1.1719046,411807,1,0,1,6,,,,,19833,21.14,24.79,29.61,7.6,75.14,6.0,21.16,0.6492243,9.0,20.83,0.9613627,10.0,20.64,1.0798632,9.0,19.93,0.90414184,8.75,20.9425,2.3978952727983707,0.45198512374305744,0.09531017980432477,0.0,0.09531017980432477,51,24.37,24.84,25.0,24.2,5.1,1.9,2.2,0.6,76.14,72.57,73.29,73.14,6.0,9.0,1.0,5.0
2017-12-31,201801,6.0,6,6,6,0.29972896,1.4569932,0,2,250400920180119589,2023-08-20,Campina Grande,0.7598603,411807,1,0,1,4,,,,,19833,20.94,25.2,30.61,3.1,72.14,10.0,21.14,1.1719046,6.0,21.16,0.6492243,9.0,20.83,0.9613627,10.0,20.64,1.0798632,7.75,21.0175,1.9459101490553132,-0.45198512374305744,0.0,-0.35667494393873267,-0.45198512374305744,52,24.79,24.37,24.84,25.0,7.6,5.1,1.9,2.2,75.14,76.14,72.57,73.29,9.0,1.0,5.0,4.0
2018-01-07,201802,9.0,9,9,9,0.6070752,2.18549,0,2,250400920180219589,2023-08-20,Campina Grande,1.137736,411807,1,0,1,6,,,,,19833,20.79,24.53,29.37,7.6,74.86,6.0,20.94,0.7598603,10.0,21.14,1.1719046,6.0,21.16,0.6492243,9.0,20.83,0.9613627,7.75,21.0075,2.302585092994046,0.35667494393873267,-0.09531017980432477,0.35667494393873267,0.0,1,25.2,24.79,24.37,24.84,3.1,7.6,5.1,1.9,72.14,75.14,76.14,72.57,1.0,5.0,4.0,6.0
2018-01-14,201803,1.0,1,1,1,0.005878759,0.2428322,0,2,250400920180319589,2023-08-20,Campina Grande,0.1349478,411807,1,0,0,1,,,,,19833,21.14,23.97,27.8,22.2,78.86,9.0,20.79,1.137736,6.0,20.94,0.7598603,10.0,21.14,1.1719046,6.0,21.16,0.6492243,6.5,21.0025,0.6931471805599453,-1.6094379124341005,-1.252762968495368,-1.7047480922384253,-1.252762968495368,2,24.53,25.2,24.79,24.37,7.6,3.1,7.6,5.1,74.86,72.14,75.14,76.14,5.0,4.0,6.0,17.0
2018-01-21,201804,5.0,5,5,5,0.36327887,1.214161,0,2,250400920180419589,2023-08-20,Campina Grande,0.8167332,411807,1,0,0,2,,,,,19833,21.03,24.16,28.41,8.1,78.14,1.0,21.14,0.1349478,9.0,20.79,1.137736,6.0,20.94,0.7598603,10.0,21.14,1.1719046,5.25,20.975,1.791759469228055,1.0986122886681096,-0.5108256237659909,-0.15415067982725827,-0.6061358035703157,3,23.97,24.53,25.2,24.79,22.2,7.6,3.1,7.6,78.86,74.86,72.14,75.14,4.0,6.0,17.0,12.0
2018-01-28,201805,4.0,4,4,4,0.4462811,0.9713288,0,2,250400920180519589,2023-08-20,Campina Grande,0.91500163,411807,1,0,0,4,,,,,19833,21.41,24.86,29.34,2.8,75.57,5.0,21.03,0.8167332,1.0,21.14,0.1349478,9.0,20.79,1.137736,6.0,20.94,0.7598603,4.75,21.0925,1.6094379124341003,-0.18232155679395468,0.916290731874155,-0.6931471805599456,-0.33647223662121295,4,24.16,23.97,24.53,25.2,8.1,22.2,7.6,3.1,78.14,78.86,74.86,72.14,6.0,17.0,12.0,9.0
2018-02-04,201806,6.0,6,6,6,0.7410547,1.4569932,0,2,250400920180619589,2023-08-20,Campina Grande,1.4842786,411807,1,0,1,6,,,,,19833,21.47,25.0,29.9,9.3,76.29,4.0,21.41,0.91500163,5.0,21.03,0.8167332,1.0,21.14,0.1349478,9.0,20.79,1.137736,4.0,21.2625,1.9459101490553132,0.33647223662121295,0.15415067982725827,1.252762968495368,-0.35667494393873267,5,24.86,24.16,23.97,24.53,2.8,8.1,22.2,7.6,75.57,78.14,78.86,74.86,17.0,12.0,9.0,14.0
2018-02-11,201807,17.0,17,17,17,0.9953993,4.1281476,0,2,250400920180719589,2023-08-20,Campina Grande,3.2258132,411807,1,1,1,10,,,,,19833,20.76,23.4,27.01,30.8,82.57,6.0,21.47,1.4842786,4.0,21.41,0.91500163,5.0,21.03,0.8167332,1.0,21.14,0.1349478,8.0,21.1675,2.8903717578961645,0.9444616088408513,1.2809338454620642,1.0986122886681096,2.197224577336219,6,25.0,24.86,24.16,23.97,9.3,2.8,8.1,22.2,76.29,75.57,78.14,78.86,12.0,9.0,14.0,15.0
2018-02-18,201808,12.0,12,12,12,0.7928295,2.9139864,0,2,250400920180819589,2023-08-20,Campina Grande,1.4288213,411807,1,0,1,10,,,,,19833,20.99,24.51,29.27,10.6,80.0,17.0,20.76,3.2258132,6.0,21.47,1.4842786,4.0,21.41,0.91500163,5.0,21.03,0.8167332,9.75,21.1575,2.5649493574615367,-0.3254224004346278,0.6190392084062235,0.9555114450274365,0.7731898882334818,7,23.4,25.0,24.86,24.16,30.8,9.3,2.8,8.1,82.57,76.29,75.57,78.14,9.0,14.0,15.0,15.0
2018-02-25,201809,9.0,9,9,9,0.26097748,2.18549,0,2,250400920180919589,2023-08-20,Campina Grande,0.75874573,411807,1,0,1,6,,,,,19833,20.77,23.87,28.01,18.8,81.29,12.0,20.99,1.4288213,17.0,20.76,3.2258132,6.0,21.47,1.4842786,4.0,21.41,0.91500163,11.0,20.997500000000002,2.302585092994046,-0.26236426446749084,-0.5877866649021186,0.35667494393873267,0.6931471805599456,8,24.51,23.4,25.0,24.86,10.6,30.8,9.3,2.8,80.0,82.57,76.29,75.57,14.0,15.0,15.0,12.0
2018-03-04,201810,14.0,14,14,14,0.64141846,3.3996508,0,2,250400920181019589,2023-08-20,Campina Grande,1.1497308,411807,1,0,1,13,,,,,19833,21.27,24.89,29.36,7.3,79.29,9.0,20.77,0.75874573,12.0,20.99,1.4288213,17.0,20.76,3.2258132,6.0,21.47,1.4842786,13.0,20.9475,2.70805020110221,0.40546510810816416,0.14310084364067333,-0.18232155679395445,0.7621400520468968,9,23.87,24.51,23.4,25.0,18.8,10.6,30.8,9.3,81.29,80.0,82.57,76.29,15.0,15.0,12.0,26.0
2018-03-11,201811,15.0,15,15,15,0.74632,3.642483,0,2,250400920181119589,2023-08-20,Campina Grande,1.2890403,411807,1,0,1,9,,,,,19833,21.07,25.13,30.01,2.3,76.29,14.0,21.27,1.1497308,9.0,20.77,0.75874573,12.0,20.99,1.4288213,17.0,20.76,3.2258132,12.5,21.025,2.772588722239781,0.06453852113757108,0.47000362924573524,0.2076393647782444,-0.11778303565638337,10,24.89,23.87,24.51,23.4,7.3,18.8,10.6,30.8,79.29,81.29,80.0,82.57,15.0,12.0,26.0,14.0
2018-03-18,201812,15.0,15,15,15,0.6548711,3.642483,0,2,250400920181219589,2023-08-20,Campina Grande,1.1604162,411807,1,0,1,9,,,,,19833,20.99,24.93,29.99,4.2,75.14,15.0,21.07,1.2890403,14.0,21.27,1.1497308,9.0,20.77,0.75874573,12.0,20.99,1.4288213,13.25,21.025,2.772588722239781,0.0,0.06453852113757108,0.47000362924573524,0.2076393647782444,11,25.13,24.89,23.87,24.51,2.3,7.3,18.8,10.6,76.29,79.29,81.29,80.0,12.0,26.0,14.0,22.0
2018-03-25,201813,12.0,12,12,12,0.33170834,2.9139864,0,2,250400920181319589,2023-08-20,Campina Grande,0.8456325,411807,1,0,1,12,,,,,19833,20.63,23.06,26.74,43.1,86.0,15.0,20.99,1.1604162,15.0,21.07,1.2890403,14.0,21.27,1.1497308,9.0,20.77,0.75874573,14.0,20.99,2.5649493574615367,-0.2076393647782444,-0.2076393647782444,-0.14310084364067333,0.26236426446749084,12,24.93,25.13,24.89,23.87,4.2,2.3,7.3,18.8,75.14,76.29,79.29,81.29,26.0,14.0,22.0,21.0
2018-04-01,201814,26.0,26,26,26,0.96395063,6.3136373,0,2,250400920181419589,2023-08-20,Campina Grande,1.7664843,411807,1,1,2,18,,,,,19833,21.37,24.39,28.64,15.1,82.14,12.0,20.63,0.8456325,15.0,20.99,1.1604162,15.0,21.07,1.2890403,14.0,21.27,1.1497308,17.0,21.015,3.295836866004329,0.7308875085427924,0.523248143764548,0.523248143764548,0.5877866649021191,13,23.06,24.93,25.13,24.89,43.1,4.2,2.3,7.3,86.0,75.14,76.29,79.29,14.0,22.0,21.0,37.0
2018-04-08,201815,14.0,14,14,14,0.33344045,3.3996508,0,2,250400920181519589,2023-08-20,Campina Grande,0.85694456,411807,1,0,1,10,,,,,19833,20.67,23.04,26.81,86.4,85.86,26.0,21.37,1.7664843,12.0,20.63,0.8456325,15.0,20.99,1.1604162,15.0,21.07,1.2890403,16.75,20.915,2.70805020110221,-0.5877866649021191,0.14310084364067333,-0.06453852113757108,-0.06453852113757108,14,24.39,23.06,24.93,25.13,15.1,43.1,4.2,2.3,82.14,86.0,75.14,76.29,22.0,21.0,37.0,48.0
2018-04-15,201816,22.0,22,22,22,0.69776714,5.3423085,0,2,250400920181619589,2023-08-20,Campina Grande,1.1746007,411807,1,0,1,18,,,,,19833,20.4,23.09,26.91,15.8,85.57,14.0,20.67,0.85694456,26.0,21.37,1.7664843,12.0,20.63,0.8456325,15.0,20.99,1.1604162,18.5,20.7675,3.1354942159291497,0.4274440148269396,-0.16034265007517945,0.5705448584676129,0.36290549368936853,15,23.04,24.39,23.06,24.93,86.4,15.1,43.1,4.2,85.86,82.14,86.0,75.14,21.0,37.0,48.0,54.0
2018-04-22,201817,21.0,21,21,21,0.62226135,5.0994763,0,2,250400920181719589,2023-08-20,Campina Grande,1.1023625,411807,1,0,1,21,,,,,19833,20.37,23.06,26.79,25.5,84.0,22.0,20.4,1.1746007,14.0,20.67,0.85694456,26.0,21.37,1.7664843,12.0,20.63,0.8456325,20.75,20.7025,3.091042453358316,-0.04445176257083361,0.382992252256106,-0.20479441264601306,0.5260930958967793,16,23.09,23.04,24.39,23.06,15.8,86.4,15.1,43.1,85.57,85.86,82.14,86.0,37.0,48.0,54.0,92.0
2018-04-29,201818,37.0,37,37,37,0.985236,8.984792,0,2,250400920181819589,2023-08-20,Campina Grande,1.7872368,411807,1,1,2,31,,,,,19833,20.29,23.13,26.37,14.3,83.71,21.0,20.37,1.1023625,22.0,20.4,1.1746007,14.0,20.67,0.85694456,26.0,21.37,1.7664843,23.5,20.4325,3.6375861597263857,0.5465437063680696,0.502091943797236,0.9295359586241756,0.34174929372205654,17,23.06,23.09,23.04,24.39,25.5,15.8,86.4,15.1,84.0,85.57,85.86,82.14,48.0,54.0,92.0,74.0
2018-05-06,201819,48.0,48,48,48,0.9949978,11.655946,0,4,250400920181919589,2023-08-20,Campina Grande,1.8377879,411807,1,1,2,39,,,,,19833,20.19,22.86,26.29,20.3,84.14,37.0,20.29,1.7872368,21.0,20.37,1.1023625,22.0,20.4,1.1746007,14.0,20.67,0.85694456,32.0,20.3125,3.8918202981106265,0.2542341383842408,0.8007778447523104,0.7563260821814768,1.1837700970084164,18,23.13,23.06,23.09,23.04,14.3,25.5,15.8,86.4,83.71,84.0,85.57,85.86,54.0,92.0,74.0,65.0
2018-05-13,201820,54.0,54,54,54,0.9748261,13.112939,0,4,250400920182019589,2023-08-20,Campina Grande,1.5157596,411807,1,1,2,45,,,,,19833,20.51,22.99,26.43,8.2,84.86,48.0,20.19,1.8377879,37.0,20.29,1.7872368,21.0,20.37,1.1023625,22.0,20.4,1.1746007,40.0,20.34,4.007333185232471,0.11551288712184471,0.3697470255060855,0.9162907318741551,0.8718389693033215,19,22.86,23.13,23.06,23.09,20.3,14.3,25.5,15.8,84.14,83.71,84.0,85.57,92.0,74.0,65.0,84.0
2018-05-20,201821,92.0,92,92,92,0.99993485,22.340563,0,4,250400920182119589,2023-08-20,Campina Grande,1.9422002,411807,1,1,2,76,,,,,19833,19.6,22.93,27.04,7.2,82.0,54.0,20.51,1.5157596,48.0,20.19,1.8377879,37.0,20.29,1.7872368,21.0,20.37,1.1023625,57.75,20.1475,4.532599493153256,0.5252663079207851,0.6407791950426298,0.8950133334268706,1.4415570397949402,20,22.99,22.86,23.13,23.06,8.2,20.3,14.3,25.5,84.86,84.14,83.71,84.0,74.0,65.0,84.0,78.0
2018-05-27,201822,74.0,74,74,74,0.8593095,17.969584,0,4,250400920182219589,2023-08-20,Campina Grande,1.2030991,411807,1,0,2,57,,,,,19833,19.1,22.26,26.37,4.6,82.0,92.0,19.6,1.9422002,54.0,20.51,1.5157596,48.0,20.19,1.8377879,37.0,20.29,1.7872368,67.0,19.85,4.31748811353631,-0.21511137961694615,0.31015492830383895,0.42566781542568366,0.6799019538099245,21,22.93,22.99,22.86,23.13,7.2,8.2,20.3,14.3,82.0,84.86,84.14,83.71,65.0,84.0,78.0,69.0
2018-06-03,201823,65.0,65,65,65,0.22326382,15.784093,0,4,250400920182319589,2023-08-20,Campina Grande,0.87905854,411807,1,0,2,49,,,,,19833,19.81,22.63,26.37,6.5,84.14,74.0,19.1,1.2030991,92.0,19.6,1.9422002,54.0,20.51,1.5157596,48.0,20.19,1.8377879,71.25,19.755000000000003,4.189654742026425,-0.12783337150988494,-0.3429447511268311,0.182321556793954,0.2978344439157987,22,22.26,22.93,22.99,22.86,4.6,7.2,8.2,20.3,82.0,82.0,84.86,84.14,84.0,78.0,69.0,55.0
2018-06-10,201824,84.0,84,84,84,0.75838715,20.397905,0,4,250400920182419589,2023-08-20,Campina Grande,1.1173245,411807,1,0,2,67,,,,,19833,18.97,22.03,25.93,4.6,81.43,65.0,19.81,0.87905854,74.0,19.1,1.2030991,92.0,19.6,1.9422002,54.0,20.51,1.5157596,78.75,19.369999999999997,4.442651256490317,0.2529965144638915,0.12516314295400655,-0.0899482366629396,0.4353180712578455,23,22.63,22.26,22.93,22.99,6.5,4.6,7.2,8.2,84.14,82.0,82.0,84.86,78.0,69.0,55.0,37.0
2018-06-17,201825,78.0,78,78,78,0.6403712,18.940912,0,4,250400920182519589,2023-08-20,Campina Grande,1.0599715,411807,1,0,2,60,,,,,19833,18.34,21.61,25.59,4.1,80.0,84.0,18.97,1.1173245,65.0,19.81,0.87905854,74.0,19.1,1.2030991,92.0,19.6,1.9422002,75.25,19.055,4.3694478524670215,-0.07320340402329517,0.17979311044059632,0.051959738930711374,-0.16315164068623478,24,22.03,22.63,22.26,22.93,4.6,6.5,4.6,7.2,81.43,84.14,82.0,82.0,69.0,55.0,37.0,53.0
2018-06-24,201826,69.0,69,69,69,0.27315047,16.755423,0,4,250400920182619589,2023-08-20,Campina Grande,0.90493345,411807,1,0,2,49,,,,,19833,17.96,21.36,25.36,5.8,81.29,78.0,18.34,1.0599715,84.0,18.97,1.1173245,65.0,19.81,0.87905854,74.0,19.1,1.2030991,74.0,18.77,4.248495242049359,-0.12095261041766214,-0.19415601444095731,0.05884050002293417,-0.06899287148695077,25,21.61,22.03,22.63,22.26,4.1,4.6,6.5,4.6,80.0,81.43,84.14,82.0,55.0,37.0,53.0,41.0
2018-07-01,201827,55.0,55,55,55,0.039212663,13.355771,0,4,250400920182719589,2023-08-20,Campina Grande,0.73374146,411807,1,0,2,44,,,,,19833,18.79,22.04,26.29,7.4,82.0,69.0,17.96,0.90493345,78.0,18.34,1.0599715,84.0,18.97,1.1173245,65.0,19.81,0.87905854,71.5,18.515,4.02535169073515,-0.2231435513142097,-0.34409616173187185,-0.417299565755167,-0.16430305129127554,26,21.36,21.61,22.03,22.63,5.8,4.1,4.6,6.5,81.29,80.0,81.43,84.14,37.0,53.0,41.0,29.0
2018-07-08,201828,37.0,37,37,37,0.0016648185,8.984792,0,4,250400920182819589,2023-08-20,Campina Grande,0.5560553,411807,1,0,2,23,,,,,19833,18.36,21.7,25.81,4.1,79.71,55.0,18.79,0.73374146,69.0,17.96,0.90493345,78.0,18.34,1.0599715,84.0,18.97,1.1173245,59.75,18.3625,3.6375861597263857,-0.387765531008764,-0.6109090823229737,-0.7318616927406358,-0.805065096763931,27,22.04,21.36,21.61,22.03,7.4,5.8,4.1,4.6,82.0,81.29,80.0,81.43,53.0,41.0,29.0,19.0
2018-07-15,201829,53.0,53,53,53,0.42172983,12.870107,0,4,250400920182919589,2023-08-20,Campina Grande,0.96285516,411807,1,0,2,40,,,,,19833,17.14,21.19,25.83,2.5,77.14,37.0,18.36,0.5560553,55.0,18.79,0.73374146,69.0,17.96,0.90493345,78.0,18.34,1.0599715,53.5,18.0625,3.9889840465642745,0.35139788683788886,-0.036367644170875124,-0.25951119548508483,-0.380463805902747,28,21.7,22.04,21.36,21.61,4.1,7.4,5.8,4.1,79.71,82.0,81.29,80.0,41.0,29.0,19.0,11.0
2018-07-22,201830,41.0,41,41,41,0.25381878,9.9561205,0,4,250400920183019589,2023-08-20,Campina Grande,0.86883307,411807,1,0,2,31,,,,,19833,18.57,21.76,25.69,3.5,76.86,53.0,17.14,0.96285516,37.0,18.36,0.5560553,55.0,18.79,0.73374146,69.0,17.96,0.90493345,46.5,18.215,3.7376696182833684,-0.2513144282809061,0.10008345855698275,-0.28768207245178123,-0.5108256237659909,29,21.19,21.7,22.04,21.36,2.5,4.1,7.4,5.8,77.14,79.71,82.0,81.29,29.0,19.0,11.0,17.0
2018-07-29,201831,29.0,29,29,29,0.031139547,7.042134,0,4,250400920183119589,2023-08-20,Campina Grande,0.64632225,411807,1,0,2,21,,,,,19833,18.31,21.97,26.6,5.3,79.14,41.0,18.57,0.86883307,53.0,17.14,0.96285516,37.0,18.36,0.5560553,55.0,18.79,0.73374146,40.0,18.095,3.4011973816621555,-0.33647223662121295,-0.5877866649021191,-0.2363887780642302,-0.6241543090729942,30,21.76,21.19,21.7,22.04,3.5,2.5,4.1,7.4,76.86,77.14,79.71,82.0,19.0,11.0,17.0,8.0
2018-08-05,201832,19.0,19,19,19,0.0032001764,4.613812,0,2,250400920183219589,2023-08-20,Campina Grande,0.48131937,411807,1,0,1,15,,,,,19833,18.77,22.53,27.29,1.7,78.14,29.0,18.31,0.64632225,41.0,18.57,0.86883307,53.0,17.14,0.96285516,37.0,18.36,0.5560553,35.5,18.197499999999998,2.995732273553991,-0.4054651081081646,-0.7419373447293776,-0.9932517730102837,-0.6418538861723948,31,21.97,21.76,21.19,21.7,5.3,3.5,2.5,4.1,79.14,76.86,77.14,79.71,11.0,17.0,8.0,3.0
2018-08-12,201833,11.0,11,11,11,0.0012528608,2.6711543,0,2,250400920183319589,2023-08-20,Campina Grande,0.37019047,411807,1,0,1,9,,,,,19833,18.99,22.89,27.8,3.8,76.57,19.0,18.77,0.48131937,29.0,18.31,0.64632225,41.0,18.57,0.86883307,53.0,17.14,0.96285516,25.0,18.659999999999997,2.4849066497880004,-0.5108256237659905,-0.9162907318741551,-1.252762968495368,-1.5040773967762742,32,22.53,21.97,21.76,21.19,1.7,5.3,3.5,2.5,78.14,79.14,76.86,77.14,17.0,8.0,3.0,3.0
2018-08-19,201834,17.0,17,17,17,0.27463073,4.1281476,0,2,250400920183419589,2023-08-20,Campina Grande,0.82403743,411807,1,0,1,13,,,,,19833,18.56,22.24,26.99,4.1,75.43,11.0,18.99,0.37019047,19.0,18.77,0.48131937,29.0,18.31,0.64632225,41.0,18.57,0.86883307,19.0,18.6575,2.8903717578961645,0.40546510810816416,-0.10536051565782634,-0.5108256237659909,-0.8472978603872039,33,22.89,22.53,21.97,21.76,3.8,1.7,5.3,3.5,76.57,78.14,79.14,76.86,8.0,3.0,3.0,4.0
2018-08-26,201835,8.0,8,8,8,0.060412146,1.9426576,0,2,250400920183519589,2023-08-20,Campina Grande,0.5233605,411807,1,0,1,4,,,,,19833,18.19,22.2,27.49,1.9,73.57,17.0,18.56,0.82403743,11.0,18.99,0.37019047,19.0,18.77,0.48131937,29.0,18.31,0.64632225,13.75,18.627499999999998,2.1972245773362196,-0.693147180559945,-0.2876820724517808,-0.7985076962177713,-1.203972804325936,34,22.24,22.89,22.53,21.97,4.1,3.8,1.7,5.3,75.43,76.57,78.14,79.14,3.0,3.0,4.0,6.0
2018-09-02,201836,3.0,3,3,3,0.0043698116,0.7284966,0,2,250400920183619589,2023-08-20,Campina Grande,0.2361953,411807,1,0,0,0,,,,,19833,18.67,22.59,27.56,2.5,74.14,8.0,18.19,0.5233605,17.0,18.56,0.82403743,11.0,18.99,0.37019047,19.0,18.77,0.48131937,9.75,18.6025,1.3862943611198906,-0.810930216216329,-1.504077396776274,-1.0986122886681098,-1.6094379124341003,35,22.2,22.24,22.89,22.53,1.9,4.1,3.8,1.7,73.57,75.43,76.57,78.14,3.0,4.0,6.0,3.0
2018-09-09,201837,3.0,3,3,3,0.034914993,0.7284966,0,2,250400920183719589,2023-08-20,Campina Grande,0.33802918,411807,1,0,0,4,,,,,19833,18.27,22.33,27.04,3.2,74.71,3.0,18.67,0.2361953,8.0,18.19,0.5233605,17.0,18.56,0.82403743,11.0,18.99,0.37019047,7.75,18.4225,1.3862943611198906,0.0,-0.810930216216329,-1.504077396776274,-1.0986122886681098,36,22.59,22.2,22.24,22.89,2.5,1.9,4.1,3.8,74.14,73.57,75.43,76.57,4.0,6.0,3.0,3.0
2018-09-16,201838,4.0,4,4,4,0.35791472,0.9713288,0,2,250400920183819589,2023-08-20,Campina Grande,0.7930762,411807,1,0,0,2,,,,,19833,19.49,22.97,27.79,8.0,77.29,3.0,18.27,0.33802918,3.0,18.67,0.2361953,8.0,18.19,0.5233605,17.0,18.56,0.82403743,4.5,18.655,1.6094379124341003,0.2231435513142097,0.2231435513142097,-0.5877866649021193,-1.2809338454620642,37,22.33,22.59,22.2,22.24,3.2,2.5,1.9,4.1,74.71,74.14,73.57,75.43,6.0,3.0,3.0,2.0
2018-09-23,201839,6.0,6,6,6,0.7783452,1.4569932,0,2,250400920183919589,2023-08-20,Campina Grande,1.6114575,411807,1,0,1,3,,,,,19833,19.49,23.67,28.91,2.7,74.71,4.0,19.49,0.7930762,3.0,18.27,0.33802918,3.0,18.67,0.2361953,8.0,18.19,0.5233605,4.0,18.98,1.9459101490553132,0.33647223662121295,0.5596157879354227,0.5596157879354227,-0.25131442828090633,38,22.97,22.33,22.59,22.2,8.0,3.2,2.5,1.9,77.29,74.71,74.14,73.57,3.0,3.0,2.0,2.0
2018-09-30,201840,3.0,3,3,3,0.32563257,0.7284966,0,2,250400920184019589,2023-08-20,Campina Grande,0.7254792,411807,1,0,0,2,,,,,19833,19.84,23.77,29.16,3.9,73.29,6.0,19.49,1.6114575,4.0,19.49,0.7930762,3.0,18.27,0.33802918,3.0,18.67,0.2361953,4.0,19.2725,1.3862943611198906,-0.5596157879354227,-0.2231435513142097,0.0,0.0,39,23.67,22.97,22.33,22.59,2.7,8.0,3.2,2.5,74.71,77.29,74.71,74.14,3.0,2.0,2.0,4.0
2018-10-07,201841,3.0,3,3,3,0.2891454,0.7284966,0,2,250400920184119589,2023-08-20,Campina Grande,0.67784566,411807,1,0,0,2,,,,,19833,19.53,23.56,28.49,5.4,74.29,3.0,19.84,0.7254792,6.0,19.49,1.6114575,4.0,19.49,0.7930762,3.0,18.27,0.33802918,4.0,19.5875,1.3862943611198906,0.0,-0.5596157879354227,-0.2231435513142097,0.0,40,23.77,23.67,22.97,22.33,3.9,2.7,8.0,3.2,73.29,74.71,77.29,74.71,2.0,2.0,4.0,5.0
2018-10-14,201842,2.0,2,2,2,0.21791431,0.4856644,0,2,250400920184219589,2023-08-20,Campina Grande,0.53876144,411807,1,0,0,1,,,,,19833,20.41,24.33,29.47,3.1,74.71,3.0,19.53,0.67784566,3.0,19.84,0.7254792,6.0,19.49,1.6114575,4.0,19.49,0.7930762,3.5,19.8175,1.0986122886681098,-0.2876820724517808,-0.2876820724517808,-0.8472978603872034,-0.5108256237659905,41,23.56,23.77,23.67,22.97,5.4,3.9,2.7,8.0,74.29,73.29,74.71,77.29,2.0,4.0,5.0,4.0
2018-10-21,201843,2.0,2,2,2,0.33523557,0.4856644,0,2,250400920184319589,2023-08-20,Campina Grande,0.70009834,411807,1,0,0,1,,,,,19833,19.67,24.59,30.79,0.2,70.29,2.0,20.41,0.53876144,3.0,19.53,0.67784566,3.0,19.84,0.7254792,6.0,19.49,1.6114575,2.5,19.8625,1.0986122886681098,0.0,-0.2876820724517808,-0.2876820724517808,-0.8472978603872034,42,24.33,23.56,23.77,23.67,3.1,5.4,3.9,2.7,74.71,74.29,73.29,74.71,4.0,5.0,4.0,2.0
2018-10-28,201844,4.0,4,4,4,0.74979544,0.9713288,0,2,250400920184419589,2023-08-20,Campina Grande,1.6578209,411807,1,0,0,2,,,,,19833,20.46,24.84,30.31,1.3,71.71,2.0,19.67,0.70009834,2.0,20.41,0.53876144,3.0,19.53,0.67784566,3.0,19.84,0.7254792,2.75,20.017500000000002,1.6094379124341003,0.5108256237659905,0.5108256237659905,0.2231435513142097,0.2231435513142097,43,24.59,24.33,23.56,23.77,0.2,3.1,5.4,3.9,70.29,74.71,74.29,73.29,5.0,4.0,2.0,6.0
2018-11-04,201845,5.0,5,5,5,0.8121425,1.214161,0,2,250400920184519589,2023-08-20,Campina Grande,1.8547775,411807,1,0,0,3,,,,,19833,20.83,24.83,30.4,1.9,72.0,4.0,20.46,1.6578209,2.0,19.67,0.70009834,2.0,20.41,0.53876144,3.0,19.53,0.67784566,3.25,20.3425,1.791759469228055,0.18232155679395468,0.6931471805599452,0.6931471805599452,0.4054651081081644,44,24.84,24.59,24.33,23.56,1.3,0.2,3.1,5.4,71.71,70.29,74.71,74.29,4.0,2.0,6.0,3.0
2018-11-11,201846,4.0,4,4,4,0.55672336,0.9713288,0,2,250400920184619589,2023-08-20,Campina Grande,1.1027741,411807,1,0,0,2,,,,,19833,20.43,24.86,30.06,1.9,71.14,5.0,20.83,1.8547775,4.0,20.46,1.6578209,2.0,19.67,0.70009834,2.0,20.41,0.53876144,3.75,20.3475,1.6094379124341003,-0.18232155679395468,0.0,0.5108256237659905,0.5108256237659905,45,24.83,24.84,24.59,24.33,1.9,1.3,0.2,3.1,72.0,71.71,70.29,74.71,2.0,6.0,3.0,1.0
2018-11-18,201847,2.0,2,2,2,0.172685,0.4856644,0,1,250400920184719589,2023-08-20,Campina Grande,0.48126546,411807,0,0,0,1,,,,,19833,21.07,24.84,29.71,4.9,73.57,4.0,20.43,1.1027741,5.0,20.83,1.8547775,4.0,20.46,1.6578209,2.0,19.67,0.70009834,3.75,20.6975,1.0986122886681098,-0.5108256237659905,-0.6931471805599452,-0.5108256237659905,0.0,46,24.86,24.83,24.84,24.59,1.9,1.9,1.3,0.2,71.14,72.0,71.71,70.29,6.0,3.0,1.0,1.0
2018-11-25,201848,6.0,6,6,6,0.76505464,1.4569932,0,1,250400920184819589,2023-08-20,Campina Grande,1.5630659,411807,1,0,1,3,,,,,19833,20.94,24.33,29.07,10.0,79.0,2.0,21.07,0.48126546,4.0,20.43,1.1027741,5.0,20.83,1.8547775,4.0,20.46,1.6578209,4.25,20.8175,1.9459101490553132,0.8472978603872034,0.33647223662121295,0.15415067982725827,0.33647223662121295,47,24.84,24.86,24.83,24.84,4.9,1.9,1.9,1.3,73.57,71.14,72.0,71.71,3.0,1.0,1.0,1.0
2018-12-02,201849,3.0,3,3,3,0.39141035,0.7284966,0,1,250400920184919589,2023-08-20,Campina Grande,0.817992,411807,1,0,0,1,,,,,19833,21.81,25.76,31.17,4.4,74.29,6.0,20.94,1.5630659,2.0,21.07,0.48126546,4.0,20.43,1.1027741,5.0,20.83,1.8547775,3.75,21.0625,1.3862943611198906,-0.5596157879354227,0.2876820724517808,-0.2231435513142097,-0.4054651081081644,48,24.33,24.84,24.86,24.83,10.0,4.9,1.9,1.9,79.0,73.57,71.14,72.0,1.0,1.0,1.0,9.0
2018-12-09,201850,1.0,1,1,1,0.06716439,0.2428322,0,2,250400920185019589,2023-08-20,Campina Grande,0.256663,411807,1,0,0,0,,,,,19833,20.89,24.41,28.77,9.0,74.43,3.0,21.81,0.817992,6.0,20.94,1.5630659,2.0,21.07,0.48126546,4.0,20.43,1.1027741,3.0,21.177500000000002,0.6931471805599453,-0.6931471805599453,-1.252762968495368,-0.4054651081081645,-0.916290731874155,49,25.76,24.33,24.84,24.86,4.4,10.0,4.9,1.9,74.29,79.0,73.57,71.14,1.0,1.0,9.0,0.0
2018-12-16,201851,1.0,1,1,1,0.11899746,0.2428322,0,2,250400920185119589,2023-08-20,Campina Grande,0.32562712,411807,1,0,0,1,,,,,19833,20.41,24.39,29.37,3.0,73.43,1.0,20.89,0.256663,3.0,21.81,0.817992,6.0,20.94,1.5630659,2.0,21.07,0.48126546,2.75,21.0125,0.6931471805599453,0.0,-0.6931471805599453,-1.252762968495368,-0.4054651081081645,50,24.41,25.76,24.33,24.84,9.0,4.4,10.0,4.9,74.43,74.29,79.0,73.57,1.0,9.0,0.0,2.0
2018-12-23,201852,1.0,1,1,1,0.29644403,0.2428322,0,2,250400920185219589,2023-08-20,Campina Grande,0.5700707,411807,1,0,0,0,,,,,19833,20.46,24.76,30.19,2.6,72.43,1.0,20.41,0.32562712,1.0,20.89,0.256663,3.0,21.81,0.817992,6.0,20.94,1.5630659,1.5,20.8925,0.6931471805599453,0.0,0.0,-0.6931471805599453,-1.252762968495368,51,24.39,24.41,25.76,24.33,3.0,9.0,4.4,10.0,73.43,74.43,74.29,79.0,9.0,0.0,2.0,1.0
2018-12-30,201901,9.0,9,9,9,0.9943924,2.18549,0,2,250400920190119589,2023-08-20,Campina Grande,5.7779717,411807,1,1,1,0,,,,,19833,21.09,25.34,30.57,3.4,72.0,1.0,20.46,0.5700707,1.0,20.41,0.32562712,1.0,20.89,0.256663,3.0,21.81,0.817992,3.0,20.7125,2.302585092994046,1.6094379124341005,1.6094379124341005,1.6094379124341005,0.9162907318741553,52,24.76,24.39,24.41,25.76,2.6,3.0,9.0,4.4,72.43,73.43,74.43,74.29,0.0,2.0,1.0,2.0
2019-01-06,201902,0.0,0,0,0,0.0,0.0,0,1,250400920190219589,2023-08-20,Campina Grande,0.0,411807,0,0,0,0,,,,,19833,21.2,24.57,29.0,12.7,74.29,9.0,21.09,5.7779717,1.0,20.46,0.5700707,1.0,20.41,0.32562712,1.0,20.89,0.256663,2.75,20.79,0.0,-2.302585092994046,-0.6931471805599453,-0.6931471805599453,-0.6931471805599453,1,25.34,24.76,24.39,24.41,3.4,2.6,3.0,9.0,72.0,72.43,73.43,74.43,2.0,1.0,2.0,4.0
2019-01-13,201903,2.0,2,2,2,0.18757243,0.4856644,0,1,250400920190319589,2023-08-20,Campina Grande,0.50009173,411807,1,0,0,0,,,,,19833,21.17,25.33,31.06,8.9,74.14,0.0,21.2,0.0,9.0,21.09,5.7779717,1.0,20.46,0.5700707,1.0,20.41,0.32562712,3.0,20.98,1.0986122886681098,1.0986122886681098,-1.2039728043259361,0.4054651081081645,0.4054651081081645,2,24.57,25.34,24.76,24.39,12.7,3.4,2.6,3.0,74.29,72.0,72.43,73.43,1.0,2.0,4.0,1.0
2019-01-20,201904,1.0,1,1,1,0.14617515,0.2428322,0,1,250400920190419589,2023-08-20,Campina Grande,0.36046037,411807,1,0,0,0,,,,,19833,21.44,25.11,30.09,6.9,73.86,2.0,21.17,0.50009173,0.0,21.2,0.0,9.0,21.09,5.7779717,1.0,20.46,0.5700707,3.0,21.225,0.6931471805599453,-0.4054651081081645,0.6931471805599453,-1.6094379124341005,0.0,3,25.33,24.57,25.34,24.76,8.9,12.7,3.4,2.6,74.14,74.29,72.0,72.43,2.0,4.0,1.0,1.0
2019-01-27,201905,2.0,2,2,2,0.5843686,0.4856644,0,2,250400920190519589,2023-08-20,Campina Grande,1.2207605,411807,1,0,0,2,,,,,19833,21.43,25.17,30.37,6.1,73.71,1.0,21.44,0.36046037,2.0,21.17,0.50009173,0.0,21.2,0.0,9.0,21.09,5.7779717,1.25,21.31,1.0986122886681098,0.4054651081081645,0.0,1.0986122886681098,-1.2039728043259361,4,25.11,25.33,24.57,25.34,6.9,8.9,12.7,3.4,73.86,74.14,74.29,72.0,4.0,1.0,1.0,2.0
2019-02-03,201906,4.0,4,4,4,0.8652318,0.9713288,0,2,250400920190619589,2023-08-20,Campina Grande,2.4648588,411807,1,0,0,2,,,,,19833,21.4,24.81,29.94,16.4,78.57,2.0,21.43,1.2207605,1.0,21.44,0.36046037,2.0,21.17,0.50009173,0.0,21.2,0.0,2.25,21.36,1.6094379124341003,0.5108256237659905,0.916290731874155,0.5108256237659905,1.6094379124341003,5,25.17,25.11,25.33,24.57,6.1,6.9,8.9,12.7,73.71,73.86,74.14,74.29,1.0,1.0,2.0,5.0
2019-02-10,201907,1.0,1,1,1,0.22206947,0.2428322,0,2,250400920190719589,2023-08-20,Campina Grande,0.46063483,411807,1,0,0,0,,,,,19833,21.9,24.66,28.76,54.0,82.0,4.0,21.4,2.4648588,2.0,21.43,1.2207605,1.0,21.44,0.36046037,2.0,21.17,0.50009173,2.0,21.5425,0.6931471805599453,-0.916290731874155,-0.4054651081081645,0.0,-0.4054651081081645,6,24.81,25.17,25.11,25.33,16.4,6.1,6.9,8.9,78.57,73.71,73.86,74.14,1.0,2.0,5.0,4.0
2019-02-17,201908,1.0,1,1,1,0.1844702,0.2428322,0,2,250400920190819589,2023-08-20,Campina Grande,0.4100814,411807,1,0,0,1,,,,,19833,21.97,25.13,29.6,13.8,80.14,1.0,21.9,0.46063483,4.0,21.4,2.4648588,2.0,21.43,1.2207605,1.0,21.44,0.36046037,2.0,21.674999999999997,0.6931471805599453,0.0,-0.916290731874155,-0.4054651081081645,0.0,7,24.66,24.81,25.17,25.11,54.0,16.4,6.1,6.9,82.0,78.57,73.71,73.86,2.0,5.0,4.0,5.0
2019-02-24,201909,2.0,2,2,2,0.53874755,0.4856644,0,2,250400920190919589,2023-08-20,Campina Grande,1.0932192,411807,1,0,0,2,,,,,19833,22.01,25.27,29.56,12.0,79.43,1.0,21.97,0.4100814,1.0,21.9,0.46063483,4.0,21.4,2.4648588,2.0,21.43,1.2207605,2.0,21.82,1.0986122886681098,0.4054651081081645,0.4054651081081645,-0.5108256237659905,0.0,8,25.13,24.66,24.81,25.17,13.8,54.0,16.4,6.1,80.14,82.0,78.57,73.71,5.0,4.0,5.0,9.0
2019-03-03,201910,5.0,5,5,5,0.92576283,1.214161,0,2,250400920191019589,2023-08-20,Campina Grande,3.0868511,411807,1,0,0,2,,,,,19833,21.67,24.81,29.04,13.6,78.86,2.0,22.01,1.0932192,1.0,21.97,0.4100814,1.0,21.9,0.46063483,4.0,21.4,2.4648588,2.25,21.8875,1.791759469228055,0.6931471805599452,1.0986122886681096,1.0986122886681096,0.18232155679395468,9,25.27,25.13,24.66,24.81,12.0,13.8,54.0,16.4,79.43,80.14,82.0,78.57,4.0,5.0,9.0,11.0
2019-03-10,201911,4.0,4,4,4,0.7301646,0.9713288,0,2,250400920191119589,2023-08-20,Campina Grande,1.5762551,411807,1,0,0,1,,,,,19833,21.5,24.99,29.31,13.8,79.43,5.0,21.67,3.0868511,2.0,22.01,1.0932192,1.0,21.97,0.4100814,1.0,21.9,0.46063483,3.0,21.7875,1.6094379124341003,-0.18232155679395468,0.5108256237659905,0.916290731874155,0.916290731874155,10,24.81,25.27,25.13,24.66,13.6,12.0,13.8,54.0,78.86,79.43,80.14,82.0,5.0,9.0,11.0,10.0
2019-03-17,201912,5.0,5,5,5,0.668042,1.214161,0,2,250400920191219589,2023-08-20,Campina Grande,1.3243449,411807,1,0,0,3,,,,,19833,21.91,25.87,31.46,15.6,77.57,4.0,21.5,1.5762551,5.0,21.67,3.0868511,2.0,22.01,1.0932192,1.0,21.97,0.4100814,4.0,21.7725,1.791759469228055,0.18232155679395468,0.0,0.6931471805599452,1.0986122886681096,11,24.99,24.81,25.27,25.13,13.8,13.6,12.0,13.8,79.43,78.86,79.43,80.14,9.0,11.0,10.0,10.0
2019-03-24,201913,9.0,9,9,9,0.8922431,2.18549,0,2,250400920191319589,2023-08-20,Campina Grande,1.950607,411807,1,0,1,5,,,,,19833,21.57,24.71,29.07,46.5,83.14,5.0,21.91,1.3243449,4.0,21.5,1.5762551,5.0,21.67,3.0868511,2.0,22.01,1.0932192,5.75,21.6625,2.302585092994046,0.5108256237659909,0.6931471805599456,0.5108256237659909,1.2039728043259361,12,25.87,24.99,24.81,25.27,15.6,13.8,13.6,12.0,77.57,79.43,78.86,79.43,11.0,10.0,10.0,8.0
2019-03-31,201914,11.0,11,11,11,0.8942345,2.6711543,0,2,250400920191419589,2023-08-20,Campina Grande,1.8293133,411807,1,0,1,10,,,,,19833,21.49,24.36,28.29,26.7,84.43,9.0,21.57,1.950607,5.0,21.91,1.3243449,4.0,21.5,1.5762551,5.0,21.67,3.0868511,7.25,21.6175,2.4849066497880004,0.18232155679395445,0.6931471805599454,0.8754687373539001,0.6931471805599454,13,24.71,25.87,24.99,24.81,46.5,15.6,13.8,13.6,83.14,77.57,79.43,78.86,10.0,10.0,8.0,13.0
2019-04-07,201915,10.0,10,10,10,0.6634698,2.428322,0,2,250400920191519589,2023-08-20,Campina Grande,1.213546,411807,1,0,1,5,,,,,19833,21.33,24.51,28.46,15.7,82.57,11.0,21.49,1.8293133,9.0,21.57,1.950607,5.0,21.91,1.3243449,4.0,21.5,1.5762551,8.75,21.575,2.3978952727983707,-0.08701137698962969,0.09531017980432477,0.6061358035703157,0.7884573603642704,14,24.36,24.71,25.87,24.99,26.7,46.5,15.6,13.8,84.43,83.14,77.57,79.43,10.0,8.0,13.0,7.0
2019-04-14,201916,10.0,10,10,10,0.51701427,2.428322,0,2,250400920191619589,2023-08-20,Campina Grande,1.018945,411807,1,0,1,1,,,,,19833,21.0,24.74,29.61,9.8,80.29,10.0,21.33,1.213546,11.0,21.49,1.8293133,9.0,21.57,1.950607,5.0,21.91,1.3243449,10.0,21.3475,2.3978952727983707,0.0,-0.08701137698962969,0.09531017980432477,0.6061358035703157,15,24.51,24.36,24.71,25.87,15.7,26.7,46.5,15.6,82.57,84.43,83.14,77.57,8.0,13.0,7.0,6.0
2019-04-21,201917,8.0,8,8,8,0.31361118,1.9426576,0,2,250400920191719589,2023-08-20,Campina Grande,0.79909253,411807,1,0,1,2,,,,,19833,21.06,24.36,28.47,6.5,82.0,10.0,21.0,1.018945,10.0,21.33,1.213546,11.0,21.49,1.8293133,9.0,21.57,1.950607,9.75,21.22,2.1972245773362196,-0.2006706954621511,-0.2006706954621511,-0.2876820724517808,-0.10536051565782634,16,24.74,24.51,24.36,24.71,9.8,15.7,26.7,46.5,80.29,82.57,84.43,83.14,13.0,7.0,6.0,6.0
2019-04-28,201918,13.0,13,13,13,0.7615238,3.1568186,0,2,250400920191819589,2023-08-20,Campina Grande,1.3428031,411807,1,0,1,8,,,,,19833,21.07,24.64,29.06,8.1,80.14,8.0,21.06,0.79909253,10.0,21.0,1.018945,10.0,21.33,1.213546,11.0,21.49,1.8293133,10.25,21.115,2.6390573296152584,0.44183275227903884,0.24116205681688774,0.24116205681688774,0.15415067982725805,17,24.36,24.74,24.51,24.36,6.5,9.8,15.7,26.7,82.0,80.29,82.57,84.43,7.0,6.0,6.0,16.0
2019-05-05,201919,7.0,7,7,7,0.24672025,1.6998254,0,2,250400920191919589,2023-08-20,Campina Grande,0.71981853,411807,1,0,1,2,,,,,19833,20.97,24.1,28.03,5.0,81.29,13.0,21.07,1.3428031,8.0,21.06,0.79909253,10.0,21.0,1.018945,10.0,21.33,1.213546,9.5,21.025,2.0794415416798357,-0.5596157879354227,-0.11778303565638382,-0.3184537311185349,-0.3184537311185349,18,24.64,24.36,24.74,24.51,8.1,6.5,9.8,15.7,80.14,82.0,80.29,82.57,6.0,6.0,16.0,15.0
2019-05-12,201920,6.0,6,6,6,0.16602108,1.4569932,0,2,250400920192019589,2023-08-20,Campina Grande,0.61693674,411807,1,0,1,2,,,,,19833,20.8,24.63,29.44,3.6,79.43,7.0,20.97,0.71981853,13.0,21.07,1.3428031,8.0,21.06,0.79909253,10.0,21.0,1.018945,8.5,20.975,1.9459101490553132,-0.13353139262452252,-0.6931471805599452,-0.25131442828090633,-0.45198512374305744,19,24.1,24.64,24.36,24.74,5.0,8.1,6.5,9.8,81.29,80.14,82.0,80.29,6.0,16.0,15.0,12.0
2019-05-19,201921,6.0,6,6,6,0.27406496,1.4569932,0,2,250400920192119589,2023-08-20,Campina Grande,0.73245883,411807,1,0,1,3,,,,,19833,21.0,23.94,28.04,14.8,83.43,6.0,20.8,0.61693674,7.0,20.97,0.71981853,13.0,21.07,1.3428031,8.0,21.06,0.79909253,8.0,20.96,1.9459101490553132,0.0,-0.13353139262452252,-0.6931471805599452,-0.25131442828090633,20,24.63,24.1,24.64,24.36,3.6,5.0,8.1,6.5,79.43,81.29,80.14,82.0,16.0,15.0,12.0,11.0
2019-05-26,201922,16.0,16,16,16,0.97136736,3.8853152,0,2,250400920192219589,2023-08-20,Campina Grande,2.2403255,411807,1,1,1,7,,,,,19833,20.34,23.51,27.64,5.7,81.43,6.0,21.0,0.73245883,6.0,20.8,0.61693674,7.0,20.97,0.71981853,13.0,21.07,1.3428031,8.75,20.7775,2.833213344056216,0.8873031950009029,0.8873031950009029,0.7537718023763804,0.19415601444095776,21,23.94,24.63,24.1,24.64,14.8,3.6,5.0,8.1,83.43,79.43,81.29,80.14,15.0,12.0,11.0,9.0
2019-06-02,201923,15.0,15,15,15,0.89655924,3.642483,0,2,250400920192319589,2023-08-20,Campina Grande,1.6734515,411807,1,0,1,12,,,,,19833,19.09,23.44,28.69,0.1,76.43,16.0,20.34,2.2403255,6.0,21.0,0.73245883,6.0,20.8,0.61693674,7.0,20.97,0.71981853,10.75,20.3075,2.772588722239781,-0.06062462181643502,0.8266785731844679,0.8266785731844679,0.6931471805599454,22,23.51,23.94,24.63,24.1,5.7,14.8,3.6,5.0,81.43,83.43,79.43,81.29,12.0,11.0,9.0,6.0
2019-06-09,201924,12.0,12,12,12,0.46157554,2.9139864,0,2,250400920192419589,2023-08-20,Campina Grande,0.962381,411807,1,0,1,8,,,,,19833,20.23,22.61,25.76,22.6,82.86,15.0,19.09,1.6734515,16.0,20.34,2.2403255,6.0,21.0,0.73245883,6.0,20.8,0.61693674,12.25,20.165,2.5649493574615367,-0.2076393647782444,-0.2682639865946794,0.6190392084062235,0.6190392084062235,23,23.44,23.51,23.94,24.63,0.1,5.7,14.8,3.6,76.43,81.43,83.43,79.43,11.0,9.0,6.0,6.0
2019-06-16,201925,11.0,11,11,11,0.28977078,2.6711543,0,2,250400920192519589,2023-08-20,Campina Grande,0.8026439,411807,1,0,1,9,,,,,19833,19.29,21.97,25.11,25.2,83.86,12.0,20.23,0.962381,15.0,19.09,1.6734515,16.0,20.34,2.2403255,6.0,21.0,0.73245883,13.5,19.7375,2.4849066497880004,-0.08004270767353638,-0.2876820724517808,-0.3483066942682158,0.5389965007326871,24,22.61,23.44,23.51,23.94,22.6,0.1,5.7,14.8,82.86,76.43,81.43,83.43,9.0,6.0,6.0,12.0
2019-06-23,201926,9.0,9,9,9,0.22286542,2.18549,0,2,250400920192619589,2023-08-20,Campina Grande,0.72255933,411807,1,0,1,4,,,,,19833,18.73,21.99,26.1,6.8,82.14,11.0,19.29,0.8026439,12.0,20.23,0.962381,15.0,19.09,1.6734515,16.0,20.34,2.2403255,11.75,19.335,2.302585092994046,-0.18232155679395445,-0.26236426446749084,-0.47000362924573524,-0.5306282510621703,25,21.97,22.61,23.44,23.51,25.2,22.6,0.1,5.7,83.86,82.86,76.43,81.43,6.0,6.0,12.0,3.0
2019-06-30,201927,6.0,6,6,6,0.118427135,1.4569932,0,2,250400920192719589,2023-08-20,Campina Grande,0.56204605,411807,1,0,1,2,,,,,19833,19.29,22.56,26.57,8.5,83.86,9.0,18.73,0.72255933,11.0,19.29,0.8026439,12.0,20.23,0.962381,15.0,19.09,1.6734515,9.5,19.384999999999998,1.9459101490553132,-0.35667494393873267,-0.5389965007326871,-0.6190392084062235,-0.8266785731844679,26,21.99,21.97,22.61,23.44,6.8,25.2,22.6,0.1,82.14,83.86,82.86,76.43,6.0,12.0,3.0,8.0
2019-07-07,201928,6.0,6,6,6,0.23032732,1.4569932,0,2,250400920192819589,2023-08-20,Campina Grande,0.68614966,411807,1,0,1,4,,,,,19833,19.21,22.41,26.44,6.1,81.43,6.0,19.29,0.56204605,9.0,18.73,0.72255933,11.0,19.29,0.8026439,12.0,20.23,0.962381,8.0,19.13,1.9459101490553132,0.0,-0.35667494393873267,-0.5389965007326871,-0.6190392084062235,27,22.56,21.99,21.97,22.61,8.5,6.8,25.2,22.6,83.86,82.14,83.86,82.86,12.0,3.0,8.0,6.0
2019-07-14,201929,12.0,12,12,12,0.86301917,2.9139864,0,2,250400920192919589,2023-08-20,Campina Grande,1.639295,411807,1,0,1,8,,,,,19833,18.13,21.7,26.04,9.5,79.0,6.0,19.21,0.68614966,6.0,19.29,0.56204605,9.0,18.73,0.72255933,11.0,19.29,0.8026439,8.25,18.84,2.5649493574615367,0.6190392084062235,0.6190392084062235,0.26236426446749084,0.08004270767353638,28,22.41,22.56,21.99,21.97,6.1,8.5,6.8,25.2,81.43,83.86,82.14,83.86,3.0,8.0,6.0,6.0
2019-07-21,201930,3.0,3,3,3,0.07211949,0.7284966,0,2,250400920193019589,2023-08-20,Campina Grande,0.4028253,411807,1,0,0,0,,,,,19833,19.04,21.03,23.69,25.5,87.14,12.0,18.13,1.639295,6.0,19.21,0.68614966,6.0,19.29,0.56204605,9.0,18.73,0.72255933,6.75,18.9175,1.3862943611198906,-1.1786549963416462,-0.5596157879354227,-0.5596157879354227,-0.9162907318741553,29,21.7,22.41,22.56,21.99,9.5,6.1,8.5,6.8,79.0,81.43,83.86,82.14,8.0,6.0,6.0,7.0
2019-07-28,201931,8.0,8,8,8,0.5245144,1.9426576,0,2,250400920193119589,2023-08-20,Campina Grande,1.0306232,411807,1,0,1,3,,,,,19833,18.53,21.41,25.0,12.1,85.43,3.0,19.04,0.4028253,12.0,18.13,1.639295,6.0,19.21,0.68614966,6.0,19.29,0.56204605,7.25,18.7275,2.1972245773362196,0.810930216216329,-0.3677247801253172,0.25131442828090633,0.25131442828090633,30,21.03,21.7,22.41,22.56,25.5,9.5,6.1,8.5,87.14,79.0,81.43,83.86,6.0,6.0,7.0,6.0
2019-08-04,201932,6.0,6,6,6,0.4182223,1.4569932,0,2,250400920193219589,2023-08-20,Campina Grande,0.89392865,411807,1,0,1,3,,,,,19833,18.2,21.3,25.06,13.5,81.57,8.0,18.53,1.0306232,3.0,19.04,0.4028253,12.0,18.13,1.639295,6.0,19.21,0.68614966,7.25,18.475,1.9459101490553132,-0.25131442828090633,0.5596157879354227,-0.6190392084062235,0.0,31,21.41,21.03,21.7,22.41,12.1,25.5,9.5,6.1,85.43,87.14,79.0,81.43,6.0,7.0,6.0,9.0
2019-08-11,201933,6.0,6,6,6,0.45683533,1.4569932,0,2,250400920193319589,2023-08-20,Campina Grande,0.94213414,411807,1,0,1,2,,,,,19833,18.66,21.57,25.26,11.8,82.57,6.0,18.2,0.89392865,8.0,18.53,1.0306232,3.0,19.04,0.4028253,12.0,18.13,1.639295,5.75,18.6075,1.9459101490553132,0.0,-0.25131442828090633,0.5596157879354227,-0.6190392084062235,32,21.3,21.41,21.03,21.7,13.5,12.1,25.5,9.5,81.57,85.43,87.14,79.0,7.0,6.0,9.0,9.0
2019-08-18,201934,7.0,7,7,7,0.56998396,1.6998254,0,2,250400920193419589,2023-08-20,Campina Grande,1.0980138,411807,1,0,1,4,,,,,19833,18.09,21.69,26.2,8.1,80.29,6.0,18.66,0.94213414,6.0,18.2,0.89392865,8.0,18.53,1.0306232,3.0,19.04,0.4028253,6.75,18.369999999999997,2.0794415416798357,0.13353139262452252,0.13353139262452252,-0.11778303565638382,0.6931471805599452,33,21.57,21.3,21.41,21.03,11.8,13.5,12.1,25.5,82.57,81.57,85.43,87.14,6.0,9.0,9.0,7.0
2019-08-25,201935,6.0,6,6,6,0.46357134,1.4569932,0,2,250400920193519589,2023-08-20,Campina Grande,0.950863,411807,1,0,1,5,,,,,19833,18.23,21.54,25.54,6.0,79.86,7.0,18.09,1.0980138,6.0,18.66,0.94213414,6.0,18.2,0.89392865,8.0,18.53,1.0306232,6.25,18.294999999999998,1.9459101490553132,-0.13353139262452252,0.0,0.0,-0.25131442828090633,34,21.69,21.57,21.3,21.41,8.1,11.8,13.5,12.1,80.29,82.57,81.57,85.43,9.0,9.0,7.0,8.0
2019-09-01,201936,9.0,9,9,9,0.7395785,2.18549,0,2,250400920193619589,2023-08-20,Campina Grande,1.3757296,411807,1,0,1,7,,,,,19833,19.21,22.07,25.91,7.0,82.71,6.0,18.23,0.950863,7.0,18.09,1.0980138,6.0,18.66,0.94213414,6.0,18.2,0.89392865,7.0,18.5475,2.302585092994046,0.35667494393873267,0.22314355131421015,0.35667494393873267,0.35667494393873267,35,21.54,21.69,21.57,21.3,6.0,8.1,11.8,13.5,79.86,80.29,82.57,81.57,9.0,7.0,8.0,5.0
2019-09-08,201937,9.0,9,9,9,0.6864811,2.18549,0,2,250400920193719589,2023-08-20,Campina Grande,1.267121,411807,1,0,1,3,,,,,19833,18.73,22.34,26.94,8.6,79.57,9.0,19.21,1.3757296,6.0,18.23,0.950863,7.0,18.09,1.0980138,6.0,18.66,0.94213414,7.75,18.565,2.302585092994046,0.0,0.35667494393873267,0.22314355131421015,0.35667494393873267,36,22.07,21.54,21.69,21.57,7.0,6.0,8.1,11.8,82.71,79.86,80.29,82.57,7.0,8.0,5.0,3.0
2019-09-15,201938,7.0,7,7,7,0.39493573,1.6998254,0,2,250400920193819589,2023-08-20,Campina Grande,0.87463695,411807,1,0,1,2,,,,,19833,18.91,22.43,26.74,8.3,80.0,9.0,18.73,1.267121,9.0,19.21,1.3757296,6.0,18.23,0.950863,7.0,18.09,1.0980138,7.75,18.77,2.0794415416798357,-0.22314355131421015,-0.22314355131421015,0.13353139262452252,0.0,37,22.34,22.07,21.54,21.69,8.6,7.0,6.0,8.1,79.57,82.71,79.86,80.29,8.0,5.0,3.0,7.0
2019-09-22,201939,8.0,8,8,8,0.47465715,1.9426576,0,2,250400920193919589,2023-08-20,Campina Grande,0.96972984,411807,1,0,1,5,,,,,19833,19.13,23.16,28.34,1.7,76.71,7.0,18.91,0.87463695,9.0,18.73,1.267121,9.0,19.21,1.3757296,6.0,18.23,0.950863,8.25,18.994999999999997,2.1972245773362196,0.11778303565638382,-0.10536051565782634,-0.10536051565782634,0.25131442828090633,38,22.43,22.34,22.07,21.54,8.3,8.6,7.0,6.0,80.0,79.57,82.71,79.86,5.0,3.0,7.0,1.0
2019-09-29,201940,5.0,5,5,5,0.21657714,1.214161,0,2,250400920194019589,2023-08-20,Campina Grande,0.6502366,411807,1,0,0,2,,,,,19833,19.51,23.46,28.66,4.0,76.29,8.0,19.13,0.96972984,7.0,18.91,0.87463695,9.0,18.73,1.267121,9.0,19.21,1.3757296,7.25,19.07,1.791759469228055,-0.4054651081081646,-0.2876820724517808,-0.5108256237659909,-0.5108256237659909,39,23.16,22.43,22.34,22.07,1.7,8.3,8.6,7.0,76.71,80.0,79.57,82.71,3.0,7.0,1.0,6.0
2019-10-06,201941,3.0,3,3,3,0.09976276,0.7284966,0,2,250400920194119589,2023-08-20,Campina Grande,0.44223142,411807,1,0,0,1,,,,,19833,19.23,23.51,28.79,2.9,74.71,5.0,19.51,0.6502366,8.0,19.13,0.96972984,7.0,18.91,0.87463695,9.0,18.73,1.267121,5.75,19.195,1.3862943611198906,-0.4054651081081644,-0.810930216216329,-0.6931471805599452,-0.9162907318741553,40,23.46,23.16,22.43,22.34,4.0,1.7,8.3,8.6,76.29,76.71,80.0,79.57,7.0,1.0,6.0,1.0
2019-10-13,201942,7.0,7,7,7,0.67507267,1.6998254,0,2,250400920194219589,2023-08-20,Campina Grande,1.2836117,411807,1,0,1,1,,,,,19833,19.8,23.43,28.26,5.5,77.14,3.0,19.23,0.44223142,5.0,19.51,0.6502366,8.0,19.13,0.96972984,7.0,18.91,0.87463695,5.75,19.4175,2.0794415416798357,0.6931471805599452,0.2876820724517808,-0.11778303565638382,0.0,41,23.51,23.46,23.16,22.43,2.9,4.0,1.7,8.3,74.71,76.29,76.71,80.0,1.0,6.0,1.0,4.0
2019-10-20,201943,1.0,1,1,1,0.040705428,0.2428322,0,2,250400920194319589,2023-08-20,Campina Grande,0.21651419,411807,1,0,0,1,,,,,19833,19.67,24.29,30.14,0.4,74.43,7.0,19.8,1.2836117,3.0,19.23,0.44223142,5.0,19.51,0.6502366,8.0,19.13,0.96972984,4.0,19.552500000000002,0.6931471805599453,-1.3862943611198904,-0.6931471805599453,-1.0986122886681096,-1.5040773967762742,42,23.43,23.51,23.46,23.16,5.5,2.9,4.0,1.7,77.14,74.71,76.29,76.71,6.0,1.0,4.0,5.0
2019-10-27,201944,6.0,6,6,6,0.69883275,1.4569932,0,2,250400920194419589,2023-08-20,Campina Grande,1.3664984,411807,1,0,1,2,,,,,19833,18.9,23.93,29.81,0.9,71.14,1.0,19.67,0.21651419,7.0,19.8,1.2836117,3.0,19.23,0.44223142,5.0,19.51,0.6502366,4.25,19.4,1.9459101490553132,1.252762968495368,-0.13353139262452252,0.5596157879354227,0.15415067982725827,43,24.29,23.43,23.51,23.46,0.4,5.5,2.9,4.0,74.43,77.14,74.71,76.29,1.0,4.0,5.0,0.0
2019-11-03,201945,1.0,1,1,1,0.07260608,0.2428322,0,2,250400920194519589,2023-08-20,Campina Grande,0.26428697,411807,1,0,0,1,,,,,19833,19.99,24.3,29.86,1.5,70.86,6.0,18.9,1.3664984,1.0,19.67,0.21651419,7.0,19.8,1.2836117,3.0,19.23,0.44223142,3.75,19.59,0.6931471805599453,-1.252762968495368,0.0,-1.3862943611198904,-0.6931471805599453,44,23.93,24.29,23.43,23.51,0.9,0.4,5.5,2.9,71.14,74.43,77.14,74.71,4.0,5.0,0.0,5.0
2019-11-10,201946,4.0,4,4,4,0.5788789,0.9713288,0,2,250400920194619589,2023-08-20,Campina Grande,1.1476207,411807,1,0,0,1,,,,,19833,19.86,24.49,30.34,0.5,68.86,1.0,19.99,0.26428697,6.0,18.9,1.3664984,1.0,19.67,0.21651419,7.0,19.8,1.2836117,3.0,19.605,1.6094379124341003,0.916290731874155,-0.33647223662121295,0.916290731874155,-0.47000362924573547,45,24.3,23.93,24.29,23.43,1.5,0.9,0.4,5.5,70.86,71.14,74.43,77.14,5.0,0.0,5.0,1.0
2019-11-17,201947,5.0,5,5,5,0.7504502,1.214161,0,2,250400920194719589,2023-08-20,Campina Grande,1.5752858,411807,1,0,0,0,,,,,19833,20.01,24.5,30.33,0.2,68.86,4.0,19.86,1.1476207,1.0,19.99,0.26428697,6.0,18.9,1.3664984,1.0,19.67,0.21651419,4.0,19.69,1.791759469228055,0.18232155679395468,1.0986122886681096,-0.15415067982725827,1.0986122886681096,46,24.49,24.3,23.93,24.29,0.5,1.5,0.9,0.4,68.86,70.86,71.14,74.43,0.0,5.0,1.0,2.0
2019-11-24,201948,0.0,0,0,0,0.0,0.0,0,1,250400920194819589,2023-08-20,Campina Grande,0.0,411807,0,0,0,0,,,,,19833,20.51,25.17,31.24,0.4,69.43,5.0,20.01,1.5752858,4.0,19.86,1.1476207,1.0,19.99,0.26428697,6.0,18.9,1.3664984,2.5,20.0925,0.0,-1.791759469228055,-1.6094379124341003,-0.6931471805599453,-1.9459101490553132,47,24.5,24.49,24.3,23.93,0.2,0.5,1.5,0.9,68.86,68.86,70.86,71.14,5.0,1.0,2.0,0.0
2019-12-01,201949,5.0,5,5,5,0.73170906,1.214161,0,1,250400920194919589,2023-08-20,Campina Grande,1.5090806,411807,1,0,0,1,,,,,19833,20.2,25.39,31.89,1.2,68.43,0.0,20.51,0.0,5.0,20.01,1.5752858,4.0,19.86,1.1476207,1.0,19.99,0.26428697,3.5,20.145,1.791759469228055,1.791759469228055,0.0,0.18232155679395468,1.0986122886681096,48,25.17,24.5,24.49,24.3,0.4,0.2,0.5,1.5,69.43,68.86,68.86,70.86,1.0,2.0,0.0,2.0
2019-12-08,201950,1.0,1,1,1,0.1544382,0.2428322,0,1,250400920195019589,2023-08-20,Campina Grande,0.3710715,411807,1,0,0,1,,,,,19833,21.01,25.01,30.57,2.0,68.86,5.0,20.2,1.5090806,0.0,20.51,0.0,5.0,20.01,1.5752858,4.0,19.86,1.1476207,2.75,20.4325,0.6931471805599453,-1.0986122886681096,0.6931471805599453,-1.0986122886681096,-0.916290731874155,49,25.39,25.17,24.5,24.49,1.2,0.4,0.2,0.5,68.43,69.43,68.86,68.86,2.0,0.0,2.0,1.0
2019-12-15,201951,2.0,2,2,2,0.37353066,0.4856644,0,1,250400920195119589,2023-08-20,Campina Grande,0.75973725,411807,0,0,0,1,,,,,19833,20.89,24.53,29.3,4.5,72.29,1.0,21.01,0.3710715,5.0,20.2,1.5090806,0.0,20.51,0.0,5.0,20.01,1.5752858,2.0,20.6525,1.0986122886681098,0.4054651081081645,-0.6931471805599452,1.0986122886681098,-0.6931471805599452,50,25.01,25.39,25.17,24.5,2.0,1.2,0.4,0.2,68.86,68.43,69.43,68.86,0.0,2.0,1.0,2.0
2019-12-22,201952,0.0,0,0,0,0.0,0.0,0,1,250400920195219589,2023-08-20,Campina Grande,0.0,411807,0,0,0,0,,,,,19833,20.66,24.97,30.5,0.5,68.29,2.0,20.89,0.75973725,1.0,21.01,0.3710715,5.0,20.2,1.5090806,0.0,20.51,0.0,2.0,20.69,0.0,-1.0986122886681098,-0.6931471805599453,-1.791759469228055,0.0,51,24.53,25.01,25.39,25.17,4.5,2.0,1.2,0.4,72.29,68.86,68.43,69.43,2.0,1.0,2.0,4.0
2019-12-29,202001,2.0,2,2,2,0.63944066,0.4856644,0,1,250400920200119589,2023-08-20,Campina Grande,1.4099727,411807,1,0,0,1,,,,,19833,21.26,24.96,30.01,5.4,73.14,0.0,20.66,0.0,2.0,20.89,0.75973725,1.0,21.01,0.3710715,5.0,20.2,1.5090806,1.25,20.955,1.0986122886681098,1.0986122886681098,0.0,0.4054651081081645,-0.6931471805599452,52,24.97,24.53,25.01,25.39,0.5,4.5,2.0,1.2,68.29,72.29,68.86,68.43,1.0,2.0,4.0,2.0
2020-01-05,202002,1.0,1,1,1,0.46715346,0.2428322,0,1,250400920200219589,2023-08-20,Campina Grande,0.91072065,411807,1,0,0,1,,,,,19833,21.61,25.36,31.13,8.0,71.14,2.0,21.26,1.4099727,0.0,20.66,0.0,2.0,20.89,0.75973725,1.0,21.01,0.3710715,1.25,21.105,0.6931471805599453,-0.4054651081081645,0.6931471805599453,-0.4054651081081645,0.0,1,24.96,24.97,24.53,25.01,5.4,0.5,4.5,2.0,73.14,68.29,72.29,68.86,2.0,4.0,2.0,4.0
2020-01-12,202003,2.0,2,2,2,0.68035465,0.4856644,0,1,250400920200319589,2023-08-20,Campina Grande,1.5861433,411807,0,0,0,0,,,,,19833,20.99,25.49,31.47,5.5,68.29,1.0,21.61,0.91072065,2.0,21.26,1.4099727,0.0,20.66,0.0,2.0,20.89,0.75973725,1.25,21.13,1.0986122886681098,0.4054651081081645,0.0,1.0986122886681098,0.0,2,25.36,24.96,24.97,24.53,8.0,5.4,0.5,4.5,71.14,73.14,68.29,72.29,4.0,2.0,4.0,1.0
2020-01-19,202004,4.0,4,4,4,0.8693112,0.9713288,0,1,250400920200419589,2023-08-20,Campina Grande,2.512888,411807,1,0,0,3,,,,,19833,21.61,25.09,29.91,11.1,75.43,2.0,20.99,1.5861433,1.0,21.61,0.91072065,2.0,21.26,1.4099727,0.0,20.66,0.0,2.25,21.3675,1.6094379124341003,0.5108256237659905,0.916290731874155,0.5108256237659905,1.6094379124341003,3,25.49,25.36,24.96,24.97,5.5,8.0,5.4,0.5,68.29,71.14,73.14,68.29,2.0,4.0,1.0,1.0
2020-01-26,202005,2.0,2,2,2,0.45207337,0.4856644,0,1,250400920200519589,2023-08-20,Campina Grande,0.89929223,411807,1,0,0,0,,,,,19833,21.97,25.77,31.4,12.2,72.71,4.0,21.61,2.512888,2.0,20.99,1.5861433,1.0,21.61,0.91072065,2.0,21.26,1.4099727,2.25,21.544999999999998,1.0986122886681098,-0.5108256237659905,0.0,0.4054651081081645,0.0,4,25.09,25.49,25.36,24.96,11.1,5.5,8.0,5.4,75.43,68.29,71.14,73.14,4.0,1.0,1.0,2.0
2020-02-02,202006,4.0,4,4,4,0.68154603,0.9713288,0,2,250400920200619589,2023-08-20,Campina Grande,1.407225,411807,1,0,0,2,,,,,19833,21.84,25.57,30.63,14.5,74.43,2.0,21.97,0.89929223,4.0,21.61,2.512888,2.0,20.99,1.5861433,1.0,21.61,0.91072065,3.0,21.6025,1.6094379124341003,0.5108256237659905,0.0,0.5108256237659905,0.916290731874155,5,25.77,25.09,25.49,25.36,12.2,11.1,5.5,8.0,72.71,75.43,68.29,71.14,1.0,1.0,2.0,3.0
2020-02-09,202007,1.0,1,1,1,0.13394171,0.2428322,0,2,250400920200719589,2023-08-20,Campina Grande,0.3447892,411807,1,0,0,0,,,,,19833,22.01,25.7,30.76,11.2,73.0,4.0,21.84,1.407225,2.0,21.97,0.89929223,4.0,21.61,2.512888,2.0,20.99,1.5861433,2.75,21.8575,0.6931471805599453,-0.916290731874155,-0.4054651081081645,-0.916290731874155,-0.4054651081081645,6,25.57,25.77,25.09,25.49,14.5,12.2,11.1,5.5,74.43,72.71,75.43,68.29,1.0,2.0,3.0,4.0
2020-02-16,202008,1.0,1,1,1,0.16486572,0.2428322,0,2,250400920200819589,2023-08-20,Campina Grande,0.38452125,411807,1,0,0,0,,,,,19833,21.33,24.84,29.73,27.9,77.71,1.0,22.01,0.3447892,4.0,21.84,1.407225,2.0,21.97,0.89929223,4.0,21.61,2.512888,2.0,21.7875,0.6931471805599453,0.0,-0.916290731874155,-0.4054651081081645,-0.916290731874155,7,25.7,25.57,25.77,25.09,11.2,14.5,12.2,11.1,73.0,74.43,72.71,75.43,2.0,3.0,4.0,1.0
2020-02-23,202009,2.0,2,2,2,0.5356584,0.4856644,0,2,250400920200919589,2023-08-20,Campina Grande,1.0853307,411807,1,0,0,0,,,,,19833,22.16,26.09,31.64,3.8,74.71,1.0,21.33,0.38452125,1.0,22.01,0.3447892,4.0,21.84,1.407225,2.0,21.97,0.89929223,2.0,21.835,1.0986122886681098,0.4054651081081645,0.4054651081081645,-0.5108256237659905,0.0,8,24.84,25.7,25.57,25.77,27.9,11.2,14.5,12.2,77.71,73.0,74.43,72.71,3.0,4.0,1.0,5.0
2020-03-01,202010,3.0,3,3,3,0.78212583,0.7284966,0,2,250400920201019589,2023-08-20,Campina Grande,1.9838735,411807,1,0,0,1,,,,,19833,21.81,25.39,30.84,43.3,79.29,2.0,22.16,1.0853307,1.0,21.33,0.38452125,1.0,22.01,0.3447892,4.0,21.84,1.407225,1.75,21.8275,1.3862943611198906,0.2876820724517808,0.6931471805599453,0.6931471805599453,-0.2231435513142097,9,26.09,24.84,25.7,25.57,3.8,27.9,11.2,14.5,74.71,77.71,73.0,74.43,4.0,1.0,5.0,2.0
2020-03-08,202011,4.0,4,4,4,0.8045849,0.9713288,0,2,250400920201119589,2023-08-20,Campina Grande,1.947682,411807,1,0,0,3,,,,,19833,21.26,24.94,29.8,20.8,77.29,3.0,21.81,1.9838735,2.0,22.16,1.0853307,1.0,21.33,0.38452125,1.0,22.01,0.3447892,2.5,21.64,1.6094379124341003,0.2231435513142097,0.5108256237659905,0.916290731874155,0.916290731874155,10,25.39,26.09,24.84,25.7,43.3,3.8,27.9,11.2,79.29,74.71,77.71,73.0,1.0,5.0,2.0,4.0
2020-03-15,202012,1.0,1,1,1,0.14746012,0.2428322,0,2,250400920201219589,2023-08-20,Campina Grande,0.3621085,411807,1,0,0,1,,,,,19833,21.2,24.9,29.96,24.4,78.86,4.0,21.26,1.947682,3.0,21.81,1.9838735,2.0,22.16,1.0853307,1.0,21.33,0.38452125,2.5,21.607499999999998,0.6931471805599453,-0.916290731874155,-0.6931471805599453,-0.4054651081081645,0.0,11,24.94,25.39,26.09,24.84,20.8,43.3,3.8,27.9,77.29,79.29,74.71,77.71,5.0,2.0,4.0,8.0
2020-03-22,202013,5.0,5,5,5,0.7804352,1.214161,0,2,250400920201319589,2023-08-20,Campina Grande,1.6971241,411807,1,0,0,4,,,,,19833,21.6,25.2,29.94,28.3,78.71,1.0,21.2,0.3621085,4.0,21.26,1.947682,3.0,21.81,1.9838735,2.0,22.16,1.0853307,3.25,21.4675,1.791759469228055,1.0986122886681096,0.18232155679395468,0.4054651081081644,0.6931471805599452,12,24.9,24.94,25.39,26.09,24.4,20.8,43.3,3.8,78.86,77.29,79.29,74.71,2.0,4.0,8.0,7.0
2020-03-29,202014,2.0,2,2,2,0.33541673,0.4856644,0,2,250400920201419589,2023-08-20,Campina Grande,0.7003702,411807,1,0,0,1,,,,,19833,21.71,24.3,28.27,27.3,84.71,5.0,21.6,1.6971241,1.0,21.2,0.3621085,4.0,21.26,1.947682,3.0,21.81,1.9838735,3.0,21.4425,1.0986122886681098,-0.6931471805599452,0.4054651081081645,-0.5108256237659905,-0.2876820724517808,13,25.2,24.9,24.94,25.39,28.3,24.4,20.8,43.3,78.71,78.86,77.29,79.29,4.0,8.0,7.0,23.0
2020-04-05,202015,4.0,4,4,4,0.6296055,0.9713288,0,1,250400920201519589,2023-08-20,Campina Grande,1.2633775,411807,0,0,0,3,,,,,19833,21.74,25.46,30.23,4.3,78.14,2.0,21.71,0.7003702,5.0,21.6,1.6971241,1.0,21.2,0.3621085,4.0,21.26,1.947682,3.0,21.5625,1.6094379124341003,0.5108256237659905,-0.18232155679395468,0.916290731874155,0.0,14,24.3,25.2,24.9,24.94,27.3,28.3,24.4,20.8,84.71,78.71,78.86,77.29,8.0,7.0,23.0,28.0
2020-04-12,202016,8.0,8,8,8,0.9201652,1.9426576,0,1,250400920201619589,2023-08-20,Campina Grande,2.2990675,411807,0,0,1,4,,,,,19833,21.26,24.63,29.5,13.1,79.57,4.0,21.74,1.2633775,2.0,21.71,0.7003702,5.0,21.6,1.6971241,1.0,21.2,0.3621085,4.75,21.5775,2.1972245773362196,0.5877866649021193,1.0986122886681098,0.4054651081081646,1.5040773967762742,15,25.46,24.3,25.2,24.9,4.3,27.3,28.3,24.4,78.14,84.71,78.71,78.86,7.0,23.0,28.0,35.0
2020-04-19,202017,7.0,7,7,7,0.7612637,1.6998254,0,1,250400920201719589,2023-08-20,Campina Grande,1.4994625,411807,0,0,1,4,,,,,19833,20.97,23.83,28.47,20.9,84.14,8.0,21.26,2.2990675,4.0,21.74,1.2633775,2.0,21.71,0.7003702,5.0,21.6,1.6971241,5.25,21.419999999999998,2.0794415416798357,-0.11778303565638382,0.47000362924573547,0.980829253011726,0.2876820724517808,16,24.63,25.46,24.3,25.2,13.1,4.3,27.3,28.3,79.57,78.14,84.71,78.71,23.0,28.0,35.0,23.0
2020-04-26,202018,23.0,23,23,23,0.998596,5.5851407,0,1,250400920201819589,2023-08-20,Campina Grande,3.1832635,411807,0,1,1,11,,,,,19833,20.93,23.89,28.07,13.8,82.0,7.0,20.97,1.4994625,8.0,21.26,2.2990675,4.0,21.74,1.2633775,2.0,21.71,0.7003702,10.5,21.225,3.1780538303479458,1.09861228866811,0.9808292530117262,1.5686159179138455,2.079441541679836,17,23.83,24.63,25.46,24.3,20.9,13.1,4.3,27.3,84.14,79.57,78.14,84.71,28.0,35.0,23.0,24.0
2020-05-03,202019,28.0,28,28,28,0.9951754,6.7993016,0,3,250400920201919589,2023-08-20,Campina Grande,2.327334,411807,0,1,2,17,,,,,19833,20.19,23.8,28.29,3.9,79.43,23.0,20.93,3.1832635,7.0,20.97,1.4994625,8.0,21.26,2.2990675,4.0,21.74,1.2633775,16.5,20.8375,3.367295829986474,0.1892419996385284,1.2878542883066384,1.1700712526502546,1.7578579175523739,18,23.89,23.83,24.63,25.46,13.8,20.9,13.1,4.3,82.0,84.14,79.57,78.14,35.0,23.0,24.0,35.0
2020-05-10,202020,35.0,35,35,35,0.98000896,8.499127,0,4,250400920202019589,2023-08-20,Campina Grande,1.7513782,411807,0,1,2,23,,,,,19833,20.27,23.24,27.13,10.0,83.71,28.0,20.19,2.327334,23.0,20.93,3.1832635,7.0,20.97,1.4994625,8.0,21.26,2.2990675,23.25,20.59,3.58351893845611,0.21622310846963577,0.40546510810816416,1.5040773967762742,1.3862943611198904,19,23.8,23.89,23.83,24.63,3.9,13.8,20.9,13.1,79.43,82.0,84.14,79.57,23.0,24.0,35.0,31.0
2020-05-17,202021,23.0,23,23,23,0.2906142,5.5851407,0,1,250400920202119589,2023-08-20,Campina Grande,0.8562789,411807,0,0,1,15,,,,,19833,20.77,23.33,27.0,50.2,86.86,35.0,20.27,1.7513782,28.0,20.19,2.327334,23.0,20.93,3.1832635,7.0,20.97,1.4994625,27.25,20.54,3.1780538303479458,-0.40546510810816416,-0.1892419996385284,0.0,1.09861228866811,20,23.24,23.8,23.89,23.83,10.0,3.9,13.8,20.9,83.71,79.43,82.0,84.14,24.0,35.0,31.0,41.0
2020-05-24,202022,24.0,24,24,24,0.24952294,5.827973,0,1,250400920202219589,2023-08-20,Campina Grande,0.83122176,411807,0,0,1,15,,,,,19833,20.53,23.17,26.64,34.9,85.86,23.0,20.77,0.8562789,35.0,20.27,1.7513782,28.0,20.19,2.327334,23.0,20.93,3.1832635,27.5,20.44,3.2188758248682006,0.04082199452025481,-0.36464311358790935,-0.14842000511827358,0.04082199452025481,21,23.33,23.24,23.8,23.89,50.2,10.0,3.9,13.8,86.86,83.71,79.43,82.0,35.0,31.0,41.0,36.0
2020-05-31,202023,35.0,35,35,35,0.8485706,8.499127,0,1,250400920202319589,2023-08-20,Campina Grande,1.2983998,411807,0,0,2,24,,,,,19833,19.86,23.29,27.46,2.9,82.71,24.0,20.53,0.83122176,23.0,20.77,0.8562789,35.0,20.27,1.7513782,28.0,20.19,2.327334,29.25,20.3575,3.58351893845611,0.36464311358790935,0.40546510810816416,0.0,0.21622310846963577,22,23.17,23.33,23.24,23.8,34.9,50.2,10.0,3.9,85.86,86.86,83.71,79.43,31.0,41.0,36.0,54.0
2020-06-07,202024,31.0,31,31,31,0.6873318,7.527798,0,4,250400920202419589,2023-08-20,Campina Grande,1.1355519,411807,0,0,2,14,,,,,19833,19.81,22.44,26.07,19.8,85.43,35.0,19.86,1.2983998,24.0,20.53,0.83122176,23.0,20.77,0.8562789,35.0,20.27,1.7513782,28.25,20.2425,3.4657359027997265,-0.11778303565638337,0.24686007793152598,0.2876820724517808,-0.11778303565638337,23,23.29,23.17,23.33,23.24,2.9,34.9,50.2,10.0,82.71,85.86,86.86,83.71,41.0,36.0,54.0,42.0
2020-06-14,202025,41.0,41,41,41,0.8853029,9.9561205,0,4,250400920202519589,2023-08-20,Campina Grande,1.3274757,411807,1,0,2,26,,,,,19833,19.57,21.56,24.41,45.4,88.29,31.0,19.81,1.1355519,35.0,19.86,1.2983998,24.0,20.53,0.83122176,23.0,20.77,0.8562789,32.75,19.9425,3.7376696182833684,0.27193371548364187,0.1541506798272585,0.5187937934151678,0.5596157879354227,24,22.44,23.29,23.17,23.33,19.8,2.9,34.9,50.2,85.43,82.71,85.86,86.86,36.0,54.0,42.0,42.0
2020-06-21,202026,36.0,36,36,36,0.59014684,8.74196,0,4,250400920202619589,2023-08-20,Campina Grande,1.0556225,411807,0,0,2,19,,,,,19833,18.83,21.99,26.11,2.2,79.0,41.0,19.57,1.3274757,31.0,19.81,1.1355519,35.0,19.86,1.2983998,24.0,20.53,0.83122176,35.75,19.5175,3.6109179126442243,-0.12675170563914406,0.1451820098444978,0.027398974188114433,0.3920420877760238,25,21.56,22.44,23.29,23.17,45.4,19.8,2.9,34.9,88.29,85.43,82.71,85.86,54.0,42.0,42.0,55.0
2020-06-28,202027,54.0,54,54,54,0.9590347,13.112939,0,4,250400920202719589,2023-08-20,Campina Grande,1.4406391,411807,0,1,2,31,,,,,19833,18.29,21.74,26.17,2.4,82.57,36.0,18.83,1.0556225,41.0,19.57,1.3274757,31.0,19.81,1.1355519,35.0,19.86,1.2983998,40.5,19.125,4.007333185232471,0.3964152725882468,0.26966356694910276,0.5415972824327446,0.42381424677636126,26,21.99,21.56,22.44,23.29,2.2,45.4,19.8,2.9,79.0,88.29,85.43,82.71,42.0,42.0,55.0,28.0
2020-07-05,202028,42.0,42,42,42,0.5241759,10.198953,0,4,250400920202819589,2023-08-20,Campina Grande,1.0132973,411807,0,0,2,20,,,,,19833,18.5,21.47,25.19,7.0,84.57,54.0,18.29,1.4406391,36.0,18.83,1.0556225,41.0,19.57,1.3274757,31.0,19.81,1.1355519,43.25,18.7975,3.7612001156935624,-0.2461330695389088,0.15028220304933804,0.023530497410193973,0.29546421289383584,27,21.74,21.99,21.56,22.44,2.4,2.2,45.4,19.8,82.57,79.0,88.29,85.43,42.0,55.0,28.0,22.0
2020-07-12,202029,42.0,42,42,42,0.3716667,10.198953,0,4,250400920202919589,2023-08-20,Campina Grande,0.9325053,411807,0,0,2,20,,,,,19833,17.6,21.09,25.03,4.3,81.57,42.0,18.5,1.0132973,54.0,18.29,1.4406391,36.0,18.83,1.0556225,41.0,19.57,1.3274757,43.5,18.305,3.7612001156935624,0.0,-0.2461330695389088,0.15028220304933804,0.023530497410193973,28,21.47,21.74,21.99,21.56,7.0,2.4,2.2,45.4,84.57,82.57,79.0,88.29,55.0,28.0,22.0,21.0
2020-07-19,202030,55.0,55,55,55,0.84041655,13.355771,0,4,250400920203019589,2023-08-20,Campina Grande,1.219949,411807,0,0,2,30,,,,,19833,17.03,21.07,25.33,5.6,79.14,42.0,17.6,0.9325053,42.0,18.5,1.0132973,54.0,18.29,1.4406391,36.0,18.83,1.0556225,48.25,17.855,4.02535169073515,0.26415157504158726,0.26415157504158726,0.018018505502678472,0.4144337780909253,29,21.09,21.47,21.74,21.99,4.3,7.0,2.4,2.2,81.57,84.57,82.57,79.0,28.0,22.0,21.0,19.0
2020-07-26,202031,28.0,28,28,28,0.023212174,6.7993016,0,4,250400920203119589,2023-08-20,Campina Grande,0.624734,411807,0,0,2,15,,,,,19833,18.04,21.21,25.2,3.9,79.43,55.0,17.03,1.219949,42.0,17.6,0.9325053,42.0,18.5,1.0132973,54.0,18.29,1.4406391,41.75,17.7925,3.367295829986474,-0.6580558607486755,-0.39390428570708824,-0.39390428570708824,-0.640037355245997,30,21.07,21.09,21.47,21.74,5.6,4.3,7.0,2.4,79.14,81.57,84.57,82.57,22.0,21.0,19.0,16.0
2020-08-02,202032,22.0,22,22,22,0.0046504354,5.3423085,0,1,250400920203219589,2023-08-20,Campina Grande,0.5166818,411807,0,0,1,9,,,,,19833,17.96,21.4,25.81,0.5,73.86,28.0,18.04,0.624734,55.0,17.03,1.219949,42.0,17.6,0.9325053,42.0,18.5,1.0132973,36.75,17.6575,3.1354942159291497,-0.23180161405732447,-0.889857474806,-0.6257058997644127,-0.6257058997644127,31,21.21,21.07,21.09,21.47,3.9,5.6,4.3,7.0,79.43,79.14,81.57,84.57,21.0,19.0,16.0,16.0
2020-08-09,202033,21.0,21,21,21,0.044421785,5.0994763,0,1,250400920203319589,2023-08-20,Campina Grande,0.6287994,411807,0,0,1,12,,,,,19833,17.67,21.46,26.21,2.7,77.71,22.0,17.96,0.5166818,28.0,18.04,0.624734,55.0,17.03,1.219949,42.0,17.6,0.9325053,31.5,17.675,3.091042453358316,-0.04445176257083361,-0.2762533766281581,-0.9343092373768336,-0.6701576623352463,32,21.4,21.21,21.07,21.09,0.5,3.9,5.6,4.3,73.86,79.43,79.14,81.57,19.0,16.0,16.0,15.0
2020-08-16,202034,19.0,19,19,19,0.18698715,4.613812,0,1,250400920203419589,2023-08-20,Campina Grande,0.7654973,411807,0,0,1,12,,,,,19833,18.13,22.21,27.21,2.7,76.0,21.0,17.67,0.6287994,22.0,17.96,0.5166818,28.0,18.04,0.624734,55.0,17.03,1.219949,22.5,17.950000000000003,2.995732273553991,-0.09531017980432521,-0.13976194237515882,-0.3715635564324833,-1.0296194171811588,33,21.46,21.4,21.21,21.07,2.7,0.5,3.9,5.6,77.71,73.86,79.43,79.14,16.0,16.0,15.0,8.0
2020-08-23,202035,16.0,16,16,16,0.20588562,3.8853152,0,1,250400920203519589,2023-08-20,Campina Grande,0.7646858,411807,0,0,1,7,,,,,19833,17.33,22.26,27.93,1.8,72.29,19.0,18.13,0.7654973,21.0,17.67,0.6287994,22.0,17.96,0.5166818,28.0,18.04,0.624734,19.5,17.7725,2.833213344056216,-0.1625189294977747,-0.2578291093020999,-0.3022808718729335,-0.534082485930258,34,22.21,21.46,21.4,21.21,2.7,2.7,0.5,3.9,76.0,77.71,73.86,79.43,16.0,15.0,8.0,5.0
2020-08-30,202036,16.0,16,16,16,0.32032377,3.8853152,0,1,250400920203619589,2023-08-20,Campina Grande,0.8548839,411807,0,0,1,12,,,,,19833,18.39,21.94,26.63,8.5,75.71,16.0,17.33,0.7646858,19.0,18.13,0.7654973,21.0,17.67,0.6287994,22.0,17.96,0.5166818,18.0,17.880000000000003,2.833213344056216,0.0,-0.1625189294977747,-0.2578291093020999,-0.3022808718729335,35,22.26,22.21,21.46,21.4,1.8,2.7,2.7,0.5,72.29,76.0,77.71,73.86,15.0,8.0,5.0,3.0
2020-09-06,202037,15.0,15,15,15,0.36676535,3.642483,0,1,250400920203719589,2023-08-20,Campina Grande,0.8877286,411807,0,0,1,10,,,,,19833,17.79,22.01,26.84,3.0,72.86,16.0,18.39,0.8548839,16.0,17.33,0.7646858,19.0,18.13,0.7654973,21.0,17.67,0.6287994,16.5,17.91,2.772588722239781,-0.06062462181643502,-0.06062462181643502,-0.2231435513142097,-0.3184537311185349,36,21.94,22.26,22.21,21.46,8.5,1.8,2.7,2.7,75.71,72.29,76.0,77.71,8.0,5.0,3.0,4.0
2020-09-13,202038,8.0,8,8,8,0.057190128,1.9426576,0,1,250400920203819589,2023-08-20,Campina Grande,0.5182025,411807,0,0,1,4,,,,,19833,18.24,22.34,27.41,2.3,73.57,15.0,17.79,0.8877286,16.0,18.39,0.8548839,16.0,17.33,0.7646858,19.0,18.13,0.7654973,13.75,17.9375,2.1972245773362196,-0.5753641449035616,-0.6359887667199966,-0.6359887667199966,-0.7985076962177713,37,22.01,21.94,22.26,22.21,3.0,8.5,1.8,2.7,72.86,75.71,72.29,76.0,5.0,3.0,4.0,4.0
2020-09-20,202039,5.0,5,5,5,0.024383862,1.214161,0,1,250400920203919589,2023-08-20,Campina Grande,0.3842521,411807,0,0,0,2,,,,,19833,19.1,22.99,27.96,1.7,74.14,8.0,18.24,0.5182025,15.0,17.79,0.8877286,16.0,18.39,0.8548839,16.0,17.33,0.7646858,11.0,18.38,1.791759469228055,-0.4054651081081646,-0.9808292530117262,-1.0414538748281612,-1.0414538748281612,38,22.34,22.01,21.94,22.26,2.3,3.0,8.5,1.8,73.57,72.86,75.71,72.29,3.0,4.0,4.0,2.0
2020-09-27,202040,3.0,3,3,3,0.030562466,0.7284966,0,1,250400920204019589,2023-08-20,Campina Grande,0.32857755,411807,0,0,0,1,,,,,19833,19.36,23.41,28.81,2.1,72.86,5.0,19.1,0.3842521,8.0,18.24,0.5182025,15.0,17.79,0.8877286,16.0,18.39,0.8548839,7.75,18.6225,1.3862943611198906,-0.4054651081081644,-0.810930216216329,-1.3862943611198906,-1.4469189829363256,39,22.99,22.34,22.01,21.94,1.7,2.3,3.0,8.5,74.14,73.57,72.86,75.71,4.0,4.0,2.0,3.0
2020-10-04,202041,4.0,4,4,4,0.27805215,0.9713288,0,1,250400920204119589,2023-08-20,Campina Grande,0.6950119,411807,0,0,0,3,,,,,19833,19.11,23.87,29.94,0.4,72.71,3.0,19.36,0.32857755,5.0,19.1,0.3842521,8.0,18.24,0.5182025,15.0,17.79,0.8877286,5.0,18.9525,1.6094379124341003,0.2231435513142097,-0.18232155679395468,-0.5877866649021193,-1.1631508098056809,40,23.41,22.99,22.34,22.01,2.1,1.7,2.3,3.0,72.86,74.14,73.57,72.86,4.0,2.0,3.0,12.0
2020-10-11,202042,4.0,4,4,4,0.4865445,0.9713288,0,1,250400920204219589,2023-08-20,Campina Grande,0.97773266,411807,1,0,0,2,,,,,19833,19.19,23.87,29.74,1.2,71.0,4.0,19.11,0.6950119,3.0,19.36,0.32857755,5.0,19.1,0.3842521,8.0,18.24,0.5182025,4.0,19.19,1.6094379124341003,0.0,0.2231435513142097,-0.18232155679395468,-0.5877866649021193,41,23.87,23.41,22.99,22.34,0.4,2.1,1.7,2.3,72.71,72.86,74.14,73.57,2.0,3.0,12.0,1.0
2020-10-18,202043,2.0,2,2,2,0.21873204,0.4856644,0,1,250400920204319589,2023-08-20,Campina Grande,0.5398129,411807,0,0,0,0,,,,,19833,20.0,23.86,28.99,6.2,72.86,4.0,19.19,0.97773266,4.0,19.11,0.6950119,3.0,19.36,0.32857755,5.0,19.1,0.3842521,3.25,19.415,1.0986122886681098,-0.5108256237659905,-0.5108256237659905,-0.2876820724517808,-0.6931471805599452,42,23.87,23.87,23.41,22.99,1.2,0.4,2.1,1.7,71.0,72.71,72.86,74.14,3.0,12.0,1.0,3.0
2020-10-25,202044,3.0,3,3,3,0.43376225,0.7284966,0,1,250400920204419589,2023-08-20,Campina Grande,0.8837067,411807,0,0,0,2,,,,,19833,20.47,24.51,29.94,1.2,73.0,2.0,20.0,0.5398129,4.0,19.19,0.97773266,4.0,19.11,0.6950119,3.0,19.36,0.32857755,3.25,19.6925,1.3862943611198906,0.2876820724517808,-0.2231435513142097,-0.2231435513142097,0.0,43,23.86,23.87,23.87,23.41,6.2,1.2,0.4,2.1,72.86,71.0,72.71,72.86,12.0,1.0,3.0,6.0
2020-11-01,202045,12.0,12,12,12,0.99034643,2.9139864,0,1,250400920204519589,2023-08-20,Campina Grande,3.5613468,411807,1,1,1,8,,,,,19833,20.99,24.99,30.5,3.5,73.0,3.0,20.47,0.8837067,2.0,20.0,0.5398129,4.0,19.19,0.97773266,4.0,19.11,0.6950119,5.25,20.162499999999998,2.5649493574615367,1.1786549963416462,1.466337068793427,0.9555114450274365,0.9555114450274365,44,24.51,23.86,23.87,23.87,1.2,6.2,1.2,0.4,73.0,72.86,71.0,72.71,1.0,3.0,6.0,0.0
2020-11-08,202046,1.0,1,1,1,0.03413728,0.2428322,0,1,250400920204619589,2023-08-20,Campina Grande,0.20523311,411807,1,0,0,0,,,,,19833,20.46,24.0,28.66,7.3,75.29,12.0,20.99,3.5613468,3.0,20.47,0.8837067,2.0,20.0,0.5398129,4.0,19.19,0.97773266,4.5,20.48,0.6931471805599453,-1.8718021769015913,-0.6931471805599453,-0.4054651081081645,-0.916290731874155,45,24.99,24.51,23.86,23.87,3.5,1.2,6.2,1.2,73.0,73.0,72.86,71.0,3.0,6.0,0.0,3.0
2020-11-15,202047,3.0,3,3,3,0.1416492,0.7284966,0,2,250400920204719589,2023-08-20,Campina Grande,0.49640828,411807,1,0,0,1,,,,,19833,20.99,24.83,30.26,2.2,73.29,1.0,20.46,0.20523311,12.0,20.99,3.5613468,3.0,20.47,0.8837067,2.0,20.0,0.5398129,4.75,20.7275,1.3862943611198906,0.6931471805599453,-1.1786549963416462,0.0,0.2876820724517808,46,24.0,24.99,24.51,23.86,7.3,3.5,1.2,6.2,75.29,73.0,73.0,72.86,6.0,0.0,3.0,3.0
2020-11-22,202048,6.0,6,6,6,0.6824236,1.4569932,0,2,250400920204819589,2023-08-20,Campina Grande,1.3263108,411807,1,0,1,2,,,,,19833,19.77,23.83,28.71,2.1,71.57,3.0,20.99,0.49640828,1.0,20.46,0.20523311,12.0,20.99,3.5613468,3.0,20.47,0.8837067,5.5,20.5525,1.9459101490553132,0.5596157879354227,1.252762968495368,-0.6190392084062235,0.5596157879354227,47,24.83,24.0,24.99,24.51,2.2,7.3,3.5,1.2,73.29,75.29,73.0,73.0,0.0,3.0,3.0,2.0
2020-11-29,202049,0.0,0,0,0,0.0,0.0,0,1,250400920204919589,2023-08-20,Campina Grande,0.0,411807,0,0,0,0,,,,,19833,20.66,24.36,29.24,2.3,72.43,6.0,19.77,1.3263108,3.0,20.99,0.49640828,1.0,20.46,0.20523311,12.0,20.99,3.5613468,2.5,20.47,0.0,-1.9459101490553132,-1.3862943611198906,-0.6931471805599453,-2.5649493574615367,48,23.83,24.83,24.0,24.99,2.1,2.2,7.3,3.5,71.57,73.29,75.29,73.0,3.0,3.0,2.0,6.0
2020-12-06,202050,3.0,3,3,3,0.434674,0.7284966,0,1,250400920205019589,2023-08-20,Campina Grande,0.8851865,411807,1,0,0,1,,,,,19833,20.07,24.26,29.83,1.3,70.0,0.0,20.66,0.0,6.0,19.77,1.3263108,3.0,20.99,0.49640828,1.0,20.46,0.20523311,3.0,20.3725,1.3862943611198906,1.3862943611198906,-0.5596157879354227,0.0,0.6931471805599453,49,24.36,23.83,24.83,24.0,2.3,2.1,2.2,7.3,72.43,71.57,73.29,75.29,3.0,2.0,6.0,5.0
2020-12-13,202051,3.0,3,3,3,0.5896397,0.7284966,0,1,250400920205119589,2023-08-20,Campina Grande,1.1963036,411807,1,0,0,2,,,,,19833,20.66,24.5,29.57,3.8,73.43,3.0,20.07,0.8851865,0.0,20.66,0.0,6.0,19.77,1.3263108,3.0,20.99,0.49640828,3.0,20.29,1.3862943611198906,0.0,1.3862943611198906,-0.5596157879354227,0.0,50,24.26,24.36,23.83,24.83,1.3,2.3,2.1,2.2,70.0,72.43,71.57,73.29,2.0,6.0,5.0,2.0
2020-12-20,202052,2.0,2,2,2,0.42304894,0.4856644,0,2,250400920205219589,2023-08-20,Campina Grande,0.84455395,411807,1,0,0,1,,,,,19833,20.5,24.39,29.49,1.7,70.14,3.0,20.66,1.1963036,3.0,20.07,0.8851865,0.0,20.66,0.0,6.0,19.77,1.3263108,2.0,20.4725,1.0986122886681098,-0.2876820724517808,-0.2876820724517808,1.0986122886681098,-0.8472978603872034,51,24.5,24.26,24.36,23.83,3.8,1.3,2.3,2.1,73.43,70.0,72.43,71.57,6.0,5.0,2.0,2.0
2020-12-27,202053,6.0,6,6,6,0.8783077,1.4569932,0,2,250400920205319589,2023-08-20,Campina Grande,2.1757889,411807,1,0,1,1,,,,,19833,20.27,24.33,29.57,4.5,71.57,2.0,20.5,0.84455395,3.0,20.66,1.1963036,3.0,20.07,0.8851865,0.0,20.66,0.0,3.5,20.375,1.9459101490553132,0.8472978603872034,0.5596157879354227,0.5596157879354227,1.9459101490553132,52,24.39,24.5,24.26,24.36,1.7,3.8,1.3,2.3,70.14,73.43,70.0,72.43,5.0,2.0,2.0,2.0
2021-01-03,202101,5.0,5,5,5,0.86992884,1.214161,0,2,250400920210119684,2023-11-23,Campina Grande,2.2742753,411807,1,0,0,2,,,,,19833,20.6,24.83,30.34,3.5,70.71,6.0,20.27,2.1757889,2.0,20.5,0.84455395,3.0,20.66,1.1963036,3.0,20.07,0.8851865,4.0,20.5075,1.791759469228055,-0.15415067982725827,0.6931471805599452,0.4054651081081644,0.4054651081081644,53,24.33,24.39,24.5,24.26,4.5,1.7,3.8,1.3,71.57,70.14,73.43,70.0,2.0,2.0,2.0,2.0
2021-01-10,202102,2.0,2,2,2,0.42150304,0.4856644,0,2,250400920210219684,2023-11-23,Campina Grande,0.841752,411807,1,0,0,1,,,,,19833,20.57,24.39,29.44,5.3,73.43,5.0,20.6,2.2742753,6.0,20.27,2.1757889,2.0,20.5,0.84455395,3.0,20.66,1.1963036,3.75,20.485,1.0986122886681098,-0.6931471805599452,-0.8472978603872034,0.0,-0.2876820724517808,1,24.83,24.33,24.39,24.5,3.5,4.5,1.7,3.8,70.71,71.57,70.14,73.43,2.0,2.0,2.0,6.0
2021-01-17,202103,2.0,2,2,2,0.32024035,0.4856644,0,1,250400920210319684,2023-11-23,Campina Grande,0.67790073,411807,0,0,0,1,,,,,19833,20.33,24.2,28.77,3.0,72.71,2.0,20.57,0.841752,5.0,20.6,2.2742753,6.0,20.27,2.1757889,2.0,20.5,0.84455395,3.75,20.442500000000003,1.0986122886681098,0.0,-0.6931471805599452,-0.8472978603872034,0.0,2,24.39,24.83,24.33,24.39,5.3,3.5,4.5,1.7,73.43,70.71,71.57,70.14,2.0,2.0,6.0,3.0
2021-01-24,202104,2.0,2,2,2,0.36813638,0.4856644,0,1,250400920210419684,2023-11-23,Campina Grande,0.75105464,411807,0,0,0,0,,,,,19833,20.8,24.4,29.11,7.5,74.43,2.0,20.33,0.67790073,2.0,20.57,0.841752,5.0,20.6,2.2742753,6.0,20.27,2.1757889,2.75,20.575,1.0986122886681098,0.0,0.0,-0.6931471805599452,-0.8472978603872034,3,24.2,24.39,24.83,24.33,3.0,5.3,3.5,4.5,72.71,73.43,70.71,71.57,2.0,6.0,3.0,4.0
2021-01-31,202105,2.0,2,2,2,0.46786028,0.4856644,0,1,250400920210519684,2023-11-23,Campina Grande,0.9309218,411807,1,0,0,0,,,,,19833,20.63,24.8,30.16,1.8,71.29,2.0,20.8,0.75105464,2.0,20.33,0.67790073,2.0,20.57,0.841752,5.0,20.6,2.2742753,2.0,20.5825,1.0986122886681098,0.0,0.0,0.0,-0.6931471805599452,4,24.4,24.2,24.39,24.83,7.5,3.0,5.3,3.5,74.43,72.71,73.43,70.71,6.0,3.0,4.0,1.0
2021-02-07,202106,6.0,6,6,6,0.92234695,1.4569932,0,1,250400920210619684,2023-11-23,Campina Grande,2.7027133,411807,1,0,0,4,,,,,19833,20.93,25.17,30.49,3.4,72.71,2.0,20.63,0.9309218,2.0,20.8,0.75105464,2.0,20.33,0.67790073,2.0,20.57,0.841752,3.0,20.6725,1.9459101490553132,0.8472978603872034,0.8472978603872034,0.8472978603872034,0.8472978603872034,5,24.8,24.4,24.2,24.39,1.8,7.5,3.0,5.3,71.29,74.43,72.71,73.43,3.0,4.0,1.0,2.0
2021-02-14,202107,3.0,3,3,3,0.49770743,0.7284966,0,2,250400920210719684,2023-11-23,Campina Grande,0.99563926,411807,1,0,0,1,,,,,19833,20.79,24.91,30.31,6.3,74.29,6.0,20.93,2.7027133,2.0,20.63,0.9309218,2.0,20.8,0.75105464,2.0,20.33,0.67790073,3.25,20.7875,1.3862943611198906,-0.5596157879354227,0.2876820724517808,0.2876820724517808,0.2876820724517808,6,25.17,24.8,24.4,24.2,3.4,1.8,7.5,3.0,72.71,71.29,74.43,72.71,4.0,1.0,2.0,4.0
2021-02-21,202108,4.0,4,4,4,0.50946677,0.9713288,0,2,250400920210819684,2023-11-23,Campina Grande,1.0161073,411807,1,0,0,1,,,,,19833,20.74,24.26,29.19,24.7,77.71,3.0,20.79,0.99563926,6.0,20.93,2.7027133,2.0,20.63,0.9309218,2.0,20.8,0.75105464,3.75,20.7725,1.6094379124341003,0.2231435513142097,-0.33647223662121295,0.5108256237659905,0.5108256237659905,7,24.91,25.17,24.8,24.4,6.3,3.4,1.8,7.5,74.29,72.71,71.29,74.43,1.0,2.0,4.0,1.0
2021-02-28,202109,1.0,1,1,1,0.0724113,0.2428322,0,2,250400920210919684,2023-11-23,Campina Grande,0.26401654,411807,1,0,0,1,,,,,19833,20.59,23.81,28.04,20.7,80.43,4.0,20.74,1.0161073,3.0,20.79,0.99563926,6.0,20.93,2.7027133,2.0,20.63,0.9309218,3.5,20.7625,0.6931471805599453,-0.916290731874155,-0.6931471805599453,-1.252762968495368,-0.4054651081081645,8,24.26,24.91,25.17,24.8,24.7,6.3,3.4,1.8,77.71,74.29,72.71,71.29,2.0,4.0,1.0,3.0
2021-03-07,202110,2.0,2,2,2,0.31177422,0.4856644,0,2,250400920211019684,2023-11-23,Campina Grande,0.66562074,411807,1,0,0,1,,,,,19833,20.5,24.67,29.7,3.5,75.29,1.0,20.59,0.26401654,4.0,20.74,1.0161073,3.0,20.79,0.99563926,6.0,20.93,2.7027133,2.5,20.655,1.0986122886681098,0.4054651081081645,-0.5108256237659905,-0.2876820724517808,-0.8472978603872034,9,23.81,24.26,24.91,25.17,20.7,24.7,6.3,3.4,80.43,77.71,74.29,72.71,4.0,1.0,3.0,4.0
2021-03-14,202111,4.0,4,4,4,0.77414346,0.9713288,0,1,250400920211119684,2023-11-23,Campina Grande,1.7733915,411807,0,0,0,2,,,,,19833,20.33,24.11,28.86,5.4,75.0,2.0,20.5,0.66562074,1.0,20.59,0.26401654,4.0,20.74,1.0161073,3.0,20.79,0.99563926,2.75,20.54,1.6094379124341003,0.5108256237659905,0.916290731874155,0.0,0.2231435513142097,10,24.67,23.81,24.26,24.91,3.5,20.7,24.7,6.3,75.29,80.43,77.71,74.29,1.0,3.0,4.0,6.0
2021-03-21,202112,1.0,1,1,1,0.20422134,0.2428322,0,1,250400920211219684,2023-11-23,Campina Grande,0.4363393,411807,1,0,0,0,,,,,19833,20.63,23.97,28.61,7.1,79.29,4.0,20.33,1.7733915,2.0,20.5,0.66562074,1.0,20.59,0.26401654,4.0,20.74,1.0161073,2.0,20.5125,0.6931471805599453,-0.916290731874155,-0.4054651081081645,0.0,-0.916290731874155,11,24.11,24.67,23.81,24.26,5.4,3.5,20.7,24.7,75.0,75.29,80.43,77.71,3.0,4.0,6.0,0.0
2021-03-28,202113,3.0,3,3,3,0.5806031,0.7284966,0,1,250400920211319684,2023-11-23,Campina Grande,1.1738086,411807,1,0,0,2,,,,,19833,20.79,24.26,28.94,17.6,81.0,1.0,20.63,0.4363393,4.0,20.33,1.7733915,2.0,20.5,0.66562074,1.0,20.59,0.26401654,2.5,20.5625,1.3862943611198906,0.6931471805599453,-0.2231435513142097,0.2876820724517808,0.6931471805599453,12,23.97,24.11,24.67,23.81,7.1,5.4,3.5,20.7,79.29,75.0,75.29,80.43,4.0,6.0,0.0,6.0
2021-04-04,202114,4.0,4,4,4,0.74841183,0.9713288,0,2,250400920211419684,2023-11-23,Campina Grande,1.6517631,411807,1,0,0,3,,,,,19833,20.44,23.86,28.23,12.6,78.86,3.0,20.79,1.1738086,1.0,20.63,0.4363393,4.0,20.33,1.7733915,2.0,20.5,0.66562074,3.0,20.5475,1.6094379124341003,0.2231435513142097,0.916290731874155,0.0,0.5108256237659905,13,24.26,23.97,24.11,24.67,17.6,7.1,5.4,3.5,81.0,79.29,75.0,75.29,6.0,0.0,6.0,8.0
2021-04-11,202115,6.0,6,6,6,0.85978043,1.4569932,0,2,250400920211519684,2023-11-23,Campina Grande,2.030049,411807,1,0,0,1,,,,,19833,20.61,23.37,27.71,27.6,85.14,4.0,20.44,1.6517631,3.0,20.79,1.1738086,1.0,20.63,0.4363393,4.0,20.33,1.7733915,3.5,20.6175,1.9459101490553132,0.33647223662121295,0.5596157879354227,1.252762968495368,0.33647223662121295,14,23.86,24.26,23.97,24.11,12.6,17.6,7.1,5.4,78.86,81.0,79.29,75.0,0.0,6.0,8.0,4.0
2021-04-18,202116,0.0,0,0,0,0.0,0.0,0,1,250400920211619684,2023-11-23,Campina Grande,0.0,411807,0,0,0,0,,,,,19833,20.29,23.83,28.5,15.0,82.71,6.0,20.61,2.030049,4.0,20.44,1.6517631,3.0,20.79,1.1738086,1.0,20.63,0.4363393,3.25,20.5325,0.0,-1.9459101490553132,-1.6094379124341003,-1.3862943611198906,-0.6931471805599453,15,23.37,23.86,24.26,23.97,27.6,12.6,17.6,7.1,85.14,78.86,81.0,79.29,6.0,8.0,4.0,6.0
2021-04-25,202117,6.0,6,6,6,0.763447,1.4569932,0,1,250400920211719684,2023-11-23,Campina Grande,1.5574604,411807,1,0,0,4,,,,,19833,20.39,23.73,28.07,6.8,81.14,0.0,20.29,0.0,6.0,20.61,2.030049,4.0,20.44,1.6517631,3.0,20.79,1.1738086,4.0,20.432499999999997,1.9459101490553132,1.9459101490553132,0.0,0.33647223662121295,0.5596157879354227,16,23.83,23.37,23.86,24.26,15.0,27.6,12.6,17.6,82.71,85.14,78.86,81.0,8.0,4.0,6.0,6.0
2021-05-02,202118,8.0,8,8,8,0.91511595,1.9426576,0,1,250400920211819684,2023-11-23,Campina Grande,2.2440546,411807,1,0,1,2,,,,,19833,20.04,23.03,26.96,11.7,82.43,6.0,20.39,1.5574604,0.0,20.29,0.0,6.0,20.61,2.030049,4.0,20.44,1.6517631,5.0,20.3325,2.1972245773362196,0.25131442828090633,2.1972245773362196,0.25131442828090633,0.5877866649021193,17,23.73,23.83,23.37,23.86,6.8,15.0,27.6,12.6,81.14,82.71,85.14,78.86,4.0,6.0,6.0,5.0
2021-05-09,202119,4.0,4,4,4,0.3773624,0.9713288,0,2,250400920211919684,2023-11-23,Campina Grande,0.8184211,411807,1,0,0,3,,,,,19833,20.13,22.41,25.9,17.3,86.71,8.0,20.04,2.2440546,6.0,20.39,1.5574604,0.0,20.29,0.0,6.0,20.61,2.030049,4.5,20.2125,1.6094379124341003,-0.5877866649021193,-0.33647223662121295,1.6094379124341003,-0.33647223662121295,18,23.03,23.73,23.83,23.37,11.7,6.8,15.0,27.6,82.43,81.14,82.71,85.14,6.0,6.0,5.0,6.0
2021-05-16,202120,6.0,6,6,6,0.50450104,1.4569932,0,2,250400920212019684,2023-11-23,Campina Grande,1.0063193,411807,1,0,0,4,,,,,19833,19.17,23.01,27.51,6.5,80.14,4.0,20.13,0.8184211,8.0,20.04,2.2440546,6.0,20.39,1.5574604,0.0,20.29,0.0,6.0,19.9325,1.9459101490553132,0.33647223662121295,-0.25131442828090633,0.0,1.9459101490553132,19,22.41,23.03,23.73,23.83,17.3,11.7,6.8,15.0,86.71,82.43,81.14,82.71,6.0,5.0,6.0,3.0
2021-05-23,202121,6.0,6,6,6,0.54453105,1.4569932,0,2,250400920212119684,2023-11-23,Campina Grande,1.0653296,411807,1,0,0,3,,,,,19833,18.99,22.6,27.06,3.3,80.71,6.0,19.17,1.0063193,4.0,20.13,0.8184211,8.0,20.04,2.2440546,6.0,20.39,1.5574604,6.0,19.5825,1.9459101490553132,0.0,0.33647223662121295,-0.25131442828090633,0.0,20,23.01,22.41,23.03,23.73,6.5,17.3,11.7,6.8,80.14,86.71,82.43,81.14,5.0,6.0,3.0,9.0
2021-05-30,202122,5.0,5,5,5,0.43104678,1.214161,0,2,250400920212219684,2023-11-23,Campina Grande,0.90222687,411807,1,0,0,4,,,,,19833,18.76,22.39,26.43,3.8,81.86,6.0,18.99,1.0653296,6.0,19.17,1.0063193,4.0,20.13,0.8184211,8.0,20.04,2.2440546,5.25,19.2625,1.791759469228055,-0.15415067982725827,-0.15415067982725827,0.18232155679395468,-0.4054651081081646,21,22.6,23.01,22.41,23.03,3.3,6.5,17.3,11.7,80.71,80.14,86.71,82.43,6.0,3.0,9.0,20.0
2021-06-06,202123,6.0,6,6,6,0.5445998,1.4569932,0,2,250400920212319684,2023-11-23,Campina Grande,1.0654356,411807,1,0,0,2,,,,,19833,18.91,22.34,26.56,3.1,80.86,5.0,18.76,0.90222687,6.0,18.99,1.0653296,6.0,19.17,1.0063193,4.0,20.13,0.8184211,5.75,18.957500000000003,1.9459101490553132,0.15415067982725827,0.0,0.0,0.33647223662121295,22,22.39,22.6,23.01,22.41,3.8,3.3,6.5,17.3,81.86,80.71,80.14,86.71,3.0,9.0,20.0,9.0
2021-06-13,202124,3.0,3,3,3,0.18967646,0.7284966,0,2,250400920212419684,2023-11-23,Campina Grande,0.55523825,411807,1,0,0,1,,,,,19833,18.8,22.27,26.14,6.5,79.71,6.0,18.91,1.0654356,5.0,18.76,0.90222687,6.0,18.99,1.0653296,6.0,19.17,1.0063193,5.0,18.865000000000002,1.3862943611198906,-0.5596157879354227,-0.4054651081081644,-0.5596157879354227,-0.5596157879354227,23,22.34,22.39,22.6,23.01,3.1,3.8,3.3,6.5,80.86,81.86,80.71,80.14,9.0,20.0,9.0,16.0
2021-06-20,202125,9.0,9,9,9,0.854656,2.18549,0,2,250400920212519684,2023-11-23,Campina Grande,1.7420179,411807,1,0,1,5,,,,,19833,18.37,22.04,26.57,1.2,78.86,3.0,18.8,0.55523825,6.0,18.91,1.0654356,5.0,18.76,0.90222687,6.0,18.99,1.0653296,5.75,18.71,2.302585092994046,0.9162907318741553,0.35667494393873267,0.5108256237659909,0.35667494393873267,24,22.27,22.34,22.39,22.6,6.5,3.1,3.8,3.3,79.71,80.86,81.86,80.71,20.0,9.0,16.0,11.0
2021-06-27,202126,20.0,20,20,20,0.9975606,4.856644,0,2,250400920212619684,2023-11-23,Campina Grande,3.2239542,411807,1,1,1,8,,,,,19833,18.23,21.57,26.09,18.4,81.71,9.0,18.37,1.7420179,3.0,18.8,0.55523825,6.0,18.91,1.0654356,5.0,18.76,0.90222687,9.5,18.5775,3.044522437723423,0.7419373447293771,1.6582280766035324,1.0986122886681098,1.252762968495368,25,22.04,22.27,22.34,22.39,1.2,6.5,3.1,3.8,78.86,79.71,80.86,81.86,9.0,16.0,11.0,8.0
2021-07-04,202127,9.0,9,9,9,0.40827143,2.18549,0,2,250400920212719684,2023-11-23,Campina Grande,0.9010233,411807,1,0,1,6,,,,,19833,18.3,22.04,26.53,2.8,79.71,20.0,18.23,3.2239542,9.0,18.37,1.7420179,3.0,18.8,0.55523825,6.0,18.91,1.0654356,10.25,18.425,2.302585092994046,-0.7419373447293771,0.0,0.9162907318741553,0.35667494393873267,26,21.57,22.04,22.27,22.34,18.4,1.2,6.5,3.1,81.71,78.86,79.71,80.86,16.0,11.0,8.0,7.0
2021-07-11,202128,16.0,16,16,16,0.6876445,3.8853152,0,2,250400920212819684,2023-11-23,Campina Grande,1.1951522,411807,1,0,1,11,,,,,19833,19.3,22.11,26.2,3.4,80.43,9.0,18.3,0.9010233,20.0,18.23,3.2239542,9.0,18.37,1.7420179,3.0,18.8,0.55523825,13.5,18.55,2.833213344056216,0.5306282510621703,-0.21130909366720685,0.5306282510621703,1.4469189829363256,27,22.04,21.57,22.04,22.27,2.8,18.4,1.2,6.5,79.71,81.71,78.86,79.71,11.0,8.0,7.0,10.0
2021-07-18,202129,11.0,11,11,11,0.31072834,2.6711543,0,2,250400920212919684,2023-11-23,Campina Grande,0.82118034,411807,1,0,1,5,,,,,19833,18.43,21.66,25.56,2.7,80.0,16.0,19.3,1.1951522,9.0,18.3,0.9010233,20.0,18.23,3.2239542,9.0,18.37,1.7420179,14.0,18.565,2.4849066497880004,-0.3483066942682158,0.18232155679395445,-0.5596157879354227,0.18232155679395445,28,22.11,22.04,21.57,22.04,3.4,2.8,18.4,1.2,80.43,79.71,81.71,78.86,8.0,7.0,10.0,3.0
2021-07-25,202130,8.0,8,8,8,0.14139147,1.9426576,0,2,250400920213019684,2023-11-23,Campina Grande,0.62624586,411807,1,0,1,2,,,,,19833,18.53,22.17,27.21,2.2,79.43,11.0,18.43,0.82118034,16.0,19.3,1.1951522,9.0,18.3,0.9010233,20.0,18.23,3.2239542,11.0,18.64,2.1972245773362196,-0.2876820724517808,-0.6359887667199966,-0.10536051565782634,-0.8472978603872034,29,21.66,22.11,22.04,21.57,2.7,3.4,2.8,18.4,80.0,80.43,79.71,81.71,7.0,10.0,3.0,5.0
2021-08-01,202131,7.0,7,7,7,0.15826507,1.6998254,0,2,250400920213119684,2023-11-23,Campina Grande,0.6278385,411807,1,0,1,3,,,,,19833,18.49,21.23,24.96,7.4,80.71,8.0,18.53,0.62624586,11.0,18.43,0.82118034,16.0,19.3,1.1951522,9.0,18.3,0.9010233,10.5,18.6875,2.0794415416798357,-0.11778303565638382,-0.4054651081081646,-0.7537718023763804,-0.22314355131421015,30,22.17,21.66,22.11,22.04,2.2,2.7,3.4,2.8,79.43,80.0,80.43,79.71,10.0,3.0,5.0,7.0
2021-08-08,202132,10.0,10,10,10,0.59335744,2.428322,0,1,250400920213219684,2023-11-23,Campina Grande,1.1119323,411807,0,0,1,4,,,,,19833,18.69,21.46,25.64,5.9,83.29,7.0,18.49,0.6278385,8.0,18.53,0.62624586,11.0,18.43,0.82118034,16.0,19.3,1.1951522,9.0,18.535,2.3978952727983707,0.3184537311185349,0.2006706954621511,-0.08701137698962969,-0.4353180712578455,31,21.23,22.17,21.66,22.11,7.4,2.2,2.7,3.4,80.71,79.43,80.0,80.43,3.0,5.0,7.0,11.0
2021-08-15,202133,3.0,3,3,3,0.055352513,0.7284966,0,1,250400920213319684,2023-11-23,Campina Grande,0.37612432,411807,1,0,0,2,,,,,19833,17.83,21.5,26.46,4.1,78.43,10.0,18.69,1.1119323,7.0,18.49,0.6278385,8.0,18.53,0.62624586,11.0,18.43,0.82118034,7.0,18.384999999999998,1.3862943611198906,-1.01160091167848,-0.6931471805599452,-0.810930216216329,-1.0986122886681098,32,21.46,21.23,22.17,21.66,5.9,7.4,2.2,2.7,83.29,80.71,79.43,80.0,5.0,7.0,11.0,10.0
2021-08-22,202134,5.0,5,5,5,0.25989696,1.214161,0,1,250400920213419684,2023-11-23,Campina Grande,0.69813704,411807,1,0,0,3,,,,,19833,18.89,22.13,26.19,4.5,80.14,3.0,17.83,0.37612432,10.0,18.69,1.1119323,7.0,18.49,0.6278385,8.0,18.53,0.62624586,6.25,18.474999999999998,1.791759469228055,0.4054651081081644,-0.6061358035703157,-0.2876820724517808,-0.4054651081081646,33,21.5,21.46,21.23,22.17,4.1,5.9,7.4,2.2,78.43,83.29,80.71,79.43,7.0,11.0,10.0,14.0
2021-08-29,202135,7.0,7,7,7,0.6562676,1.6998254,0,1,250400920213519684,2023-11-23,Campina Grande,1.2457262,411807,0,0,1,1,,,,,19833,18.7,22.37,26.84,5.1,78.29,5.0,18.89,0.69813704,3.0,17.83,0.37612432,10.0,18.69,1.1119323,7.0,18.49,0.6278385,6.25,18.5275,2.0794415416798357,0.2876820724517808,0.6931471805599452,-0.3184537311185349,0.0,34,22.13,21.5,21.46,21.23,4.5,4.1,5.9,7.4,80.14,78.43,83.29,80.71,11.0,10.0,14.0,13.0
2021-09-05,202136,11.0,11,11,11,0.9160858,2.6711543,0,1,250400920213619684,2023-11-23,Campina Grande,1.9712064,411807,1,0,1,2,,,,,19833,18.67,23.1,28.9,2.5,75.0,7.0,18.7,1.2457262,5.0,18.89,0.69813704,3.0,17.83,0.37612432,10.0,18.69,1.1119323,6.5,18.5225,2.4849066497880004,0.4054651081081646,0.6931471805599454,1.0986122886681098,0.08701137698962969,35,22.37,22.13,21.5,21.46,5.1,4.5,4.1,5.9,78.29,80.14,78.43,83.29,10.0,14.0,13.0,6.0
2021-09-12,202137,10.0,10,10,10,0.73787653,2.428322,0,1,250400920213719684,2023-11-23,Campina Grande,1.349295,411807,0,0,1,3,,,,,19833,19.83,23.6,28.73,5.4,75.0,11.0,18.67,1.9712064,7.0,18.7,1.2457262,5.0,18.89,0.69813704,3.0,17.83,0.37612432,8.25,19.0225,2.3978952727983707,-0.08701137698962969,0.3184537311185349,0.6061358035703157,1.01160091167848,36,23.1,22.37,22.13,21.5,2.5,5.1,4.5,4.1,75.0,78.29,80.14,78.43,14.0,13.0,6.0,9.0
2021-09-19,202138,14.0,14,14,14,0.8259421,3.3996508,0,1,250400920213819684,2023-11-23,Campina Grande,1.4671453,411807,1,0,1,3,,,,,19833,19.7,24.13,30.04,0.8,72.43,10.0,19.83,1.349295,11.0,18.67,1.9712064,7.0,18.7,1.2457262,5.0,18.89,0.69813704,10.5,19.225,2.70805020110221,0.3101549283038394,0.2231435513142097,0.6286086594223743,0.9162907318741551,37,23.6,23.1,22.37,22.13,5.4,2.5,5.1,4.5,75.0,75.0,78.29,80.14,13.0,6.0,9.0,2.0
2021-09-26,202139,13.0,13,13,13,0.64993954,3.1568186,0,1,250400920213919684,2023-11-23,Campina Grande,1.1668521,411807,1,0,1,4,,,,,19833,20.6,23.94,28.8,10.2,77.43,14.0,19.7,1.4671453,10.0,19.83,1.349295,11.0,18.67,1.9712064,7.0,18.7,1.2457262,12.0,19.7,2.6390573296152584,-0.06899287148695166,0.24116205681688774,0.15415067982725805,0.5596157879354227,38,24.13,23.6,23.1,22.37,0.8,5.4,2.5,5.1,72.43,75.0,75.0,78.29,6.0,9.0,2.0,7.0
2021-10-03,202140,6.0,6,6,6,0.06897568,1.4569932,0,2,250400920214019684,2023-11-23,Campina Grande,0.49586526,411807,1,0,0,0,,,,,19833,20.44,24.36,29.97,2.2,73.14,13.0,20.6,1.1668521,14.0,19.7,1.4671453,10.0,19.83,1.349295,11.0,18.67,1.9712064,10.75,20.1425,1.9459101490553132,-0.6931471805599452,-0.7621400520468968,-0.45198512374305744,-0.5389965007326871,39,23.94,24.13,23.6,23.1,10.2,0.8,5.4,2.5,77.43,72.43,75.0,75.0,9.0,2.0,7.0,6.0
2021-10-10,202141,9.0,9,9,9,0.31597066,2.18549,0,2,250400920214119684,2023-11-23,Campina Grande,0.8107241,411807,1,0,1,3,,,,,19833,20.3,24.33,29.94,5.9,74.43,6.0,20.44,0.49586526,13.0,20.6,1.1668521,14.0,19.7,1.4671453,10.0,19.83,1.349295,10.5,20.26,2.302585092994046,0.35667494393873267,-0.3364722366212125,-0.40546510810816416,-0.09531017980432477,40,24.36,23.94,24.13,23.6,2.2,10.2,0.8,5.4,73.14,77.43,72.43,75.0,2.0,7.0,6.0,3.0
2021-10-17,202142,2.0,2,2,2,0.013442554,0.4856644,0,2,250400920214219684,2023-11-23,Campina Grande,0.23183927,411807,1,0,0,0,,,,,19833,20.7,24.99,30.6,1.6,73.14,9.0,20.3,0.8107241,6.0,20.44,0.49586526,13.0,20.6,1.1668521,14.0,19.7,1.4671453,7.5,20.509999999999998,1.0986122886681098,-1.2039728043259361,-0.8472978603872034,-1.5404450409471486,-1.6094379124341003,41,24.33,24.36,23.94,24.13,5.9,2.2,10.2,0.8,74.43,73.14,77.43,72.43,7.0,6.0,3.0,6.0
2021-10-24,202143,7.0,7,7,7,0.5367266,1.6998254,0,1,250400920214319684,2023-11-23,Campina Grande,1.0495592,411807,0,0,1,3,,,,,19833,20.07,24.44,29.89,2.7,71.57,2.0,20.7,0.23183927,9.0,20.3,0.8107241,6.0,20.44,0.49586526,13.0,20.6,1.1668521,6.0,20.3775,2.0794415416798357,0.980829253011726,-0.22314355131421015,0.13353139262452252,-0.5596157879354227,42,24.99,24.33,24.36,23.94,1.6,5.9,2.2,10.2,73.14,74.43,73.14,77.43,6.0,3.0,6.0,3.0
2021-10-31,202144,6.0,6,6,6,0.5760347,1.4569932,0,1,250400920214419684,2023-11-23,Campina Grande,1.1159033,411807,0,0,0,1,,,,,19833,20.91,25.26,31.03,1.0,72.0,7.0,20.07,1.0495592,2.0,20.7,0.23183927,9.0,20.3,0.8107241,6.0,20.44,0.49586526,6.0,20.495,1.9459101490553132,-0.13353139262452252,0.8472978603872034,-0.35667494393873267,0.0,43,24.44,24.99,24.33,24.36,2.7,1.6,5.9,2.2,71.57,73.14,74.43,73.14,3.0,6.0,3.0,4.0
2021-11-07,202145,3.0,3,3,3,0.18954769,0.7284966,0,1,250400920214519684,2023-11-23,Campina Grande,0.5550822,411807,1,0,0,1,,,,,19833,21.11,25.2,30.64,4.4,73.29,6.0,20.91,1.1159033,7.0,20.07,1.0495592,2.0,20.7,0.23183927,9.0,20.3,0.8107241,4.5,20.6975,1.3862943611198906,-0.5596157879354227,-0.6931471805599452,0.2876820724517808,-0.9162907318741553,44,25.26,24.44,24.99,24.33,1.0,2.7,1.6,5.9,72.0,71.57,73.14,74.43,6.0,3.0,4.0,3.0
2021-11-14,202146,6.0,6,6,6,0.5873264,1.4569932,0,1,250400920214619684,2023-11-23,Campina Grande,1.1350743,411807,1,0,0,2,,,,,19833,21.16,24.93,30.07,4.0,73.0,3.0,21.11,0.5550822,6.0,20.91,1.1159033,7.0,20.07,1.0495592,2.0,20.7,0.23183927,5.5,20.8125,1.9459101490553132,0.5596157879354227,0.0,-0.13353139262452252,0.8472978603872034,45,25.2,25.26,24.44,24.99,4.4,1.0,2.7,1.6,73.29,72.0,71.57,73.14,3.0,4.0,3.0,3.0
2021-11-21,202147,3.0,3,3,3,0.26318765,0.7284966,0,2,250400920214719684,2023-11-23,Campina Grande,0.64509714,411807,1,0,0,2,,,,,19833,21.46,25.66,31.43,2.0,71.29,6.0,21.16,1.1350743,3.0,21.11,0.5550822,6.0,20.91,1.1159033,7.0,20.07,1.0495592,4.5,21.16,1.3862943611198906,-0.5596157879354227,0.0,-0.5596157879354227,-0.6931471805599452,46,24.93,25.2,25.26,24.44,4.0,4.4,1.0,2.7,73.0,73.29,72.0,71.57,4.0,3.0,3.0,0.0
2021-11-28,202148,4.0,4,4,4,0.43997937,0.9713288,0,1,250400920214819684,2023-11-23,Campina Grande,0.90565526,411807,0,0,0,0,,,,,19833,21.73,25.69,31.04,4.0,72.43,3.0,21.46,0.64509714,6.0,21.16,1.1350743,3.0,21.11,0.5550822,6.0,20.91,1.1159033,4.0,21.365000000000002,1.6094379124341003,0.2231435513142097,-0.33647223662121295,0.2231435513142097,-0.33647223662121295,47,25.66,24.93,25.2,25.26,2.0,4.0,4.4,1.0,71.29,73.0,73.29,72.0,3.0,3.0,0.0,0.0
2021-12-05,202149,3.0,3,3,3,0.3481436,0.7284966,0,1,250400920214919684,2023-11-23,Campina Grande,0.75604635,411807,1,0,0,1,,,,,19833,21.63,25.19,30.23,4.1,72.86,4.0,21.73,0.90565526,3.0,21.46,0.64509714,6.0,21.16,1.1350743,3.0,21.11,0.5550822,4.0,21.495,1.3862943611198906,-0.2231435513142097,0.0,-0.5596157879354227,0.0,48,25.69,25.66,24.93,25.2,4.0,2.0,4.0,4.4,72.43,71.29,73.0,73.29,3.0,0.0,0.0,1.0
2021-12-12,202150,3.0,3,3,3,0.40967298,0.7284966,0,1,250400920215019684,2023-11-23,Campina Grande,0.8456371,411807,1,0,0,2,,,,,19833,21.44,24.84,29.26,5.6,74.14,3.0,21.63,0.75604635,4.0,21.73,0.90565526,3.0,21.46,0.64509714,6.0,21.16,1.1350743,3.25,21.564999999999998,1.3862943611198906,0.0,-0.2231435513142097,0.0,-0.5596157879354227,49,25.19,25.69,25.66,24.93,4.1,4.0,2.0,4.0,72.86,72.43,71.29,73.0,0.0,0.0,1.0,3.0
2021-12-19,202151,0.0,0,0,0,0.0,0.0,0,1,250400920215119684,2023-11-23,Campina Grande,0.0,411807,0,0,0,0,,,,,19833,21.63,25.23,29.83,4.5,75.0,3.0,21.44,0.8456371,3.0,21.63,0.75604635,4.0,21.73,0.90565526,3.0,21.46,0.64509714,2.5,21.6075,0.0,-1.3862943611198906,-1.3862943611198906,-1.6094379124341003,-1.3862943611198906,50,24.84,25.19,25.69,25.66,5.6,4.1,4.0,2.0,74.14,72.86,72.43,71.29,0.0,1.0,3.0,4.0
2021-12-26,202152,0.0,0,0,0,0.0,0.0,0,1,250400920215219684,2023-11-23,Campina Grande,0.0,411807,0,0,0,0,,,,,19833,21.36,24.59,28.84,17.2,77.43,0.0,21.63,0.0,3.0,21.44,0.8456371,3.0,21.63,0.75604635,4.0,21.73,0.90565526,1.5,21.515,0.0,0.0,-1.3862943611198906,-1.3862943611198906,-1.6094379124341003,51,25.23,24.84,25.19,25.69,4.5,5.6,4.1,4.0,75.0,74.14,72.86,72.43,1.0,3.0,4.0,13.0
2022-01-02,202201,1.0,1,1,1,0.514052,0.2428322,0,1,250400920220119684,2023-11-23,Campina Grande,1.0416516,411807,1,0,0,0,,,,,19833,21.43,24.59,29.09,9.5,76.57,0.0,21.36,0.0,0.0,21.63,0.0,3.0,21.44,0.8456371,3.0,21.63,0.75604635,1.0,21.465,0.6931471805599453,0.6931471805599453,0.6931471805599453,-0.6931471805599453,-0.6931471805599453,52,24.59,25.23,24.84,25.19,17.2,4.5,5.6,4.1,77.43,75.0,74.14,72.86,3.0,4.0,13.0,8.0
2022-01-09,202202,3.0,3,3,3,0.9396269,0.7284966,0,1,250400920220219684,2023-11-23,Campina Grande,5.1746273,411807,1,0,0,0,,,,,19833,20.86,24.46,29.34,24.4,79.0,1.0,21.43,1.0416516,0.0,21.36,0.0,0.0,21.63,0.0,3.0,21.44,0.8456371,1.0,21.32,1.3862943611198906,0.6931471805599453,1.3862943611198906,1.3862943611198906,0.0,1,24.59,24.59,25.23,24.84,9.5,17.2,4.5,5.6,76.57,77.43,75.0,74.14,4.0,13.0,8.0,19.0
2022-01-16,202203,4.0,4,4,4,0.8989793,0.9713288,0,2,250400920220319684,2023-11-23,Campina Grande,2.9530728,411807,1,0,0,0,,,,,19833,20.34,24.83,30.17,7.0,74.29,3.0,20.86,5.1746273,1.0,21.43,1.0416516,0.0,21.36,0.0,0.0,21.63,0.0,2.0,20.9975,1.6094379124341003,0.2231435513142097,0.916290731874155,1.6094379124341003,1.6094379124341003,2,24.46,24.59,24.59,25.23,24.4,9.5,17.2,4.5,79.0,76.57,77.43,75.0,13.0,8.0,19.0,16.0
2022-01-23,202204,13.0,13,13,13,0.99579954,3.1568186,0,2,250400920220419684,2023-11-23,Campina Grande,4.1814504,411807,1,1,1,2,,,,,19833,20.81,24.27,29.39,20.5,76.43,4.0,20.34,2.9530728,3.0,20.86,5.1746273,1.0,21.43,1.0416516,0.0,21.36,0.0,5.25,20.86,2.6390573296152584,1.0296194171811581,1.2527629684953678,1.945910149055313,2.6390573296152584,3,24.83,24.46,24.59,24.59,7.0,24.4,9.5,17.2,74.29,79.0,76.57,77.43,8.0,19.0,16.0,4.0
2022-01-30,202205,8.0,8,8,8,0.71424025,1.9426576,0,2,250400920220519684,2023-11-23,Campina Grande,1.3438097,411807,1,0,1,2,,,,,19833,21.4,25.04,29.8,6.1,74.0,13.0,20.81,4.1814504,4.0,20.34,2.9530728,3.0,20.86,5.1746273,1.0,21.43,1.0416516,7.0,20.8525,2.1972245773362196,-0.44183275227903884,0.5877866649021193,0.810930216216329,1.5040773967762742,4,24.27,24.83,24.46,24.59,20.5,7.0,24.4,9.5,76.43,74.29,79.0,76.57,19.0,16.0,4.0,28.0
2022-02-06,202206,19.0,19,19,19,0.96959937,4.613812,0,2,250400920220619684,2023-11-23,Campina Grande,2.0469437,411807,1,1,1,4,,,,,19833,20.89,25.27,30.89,4.7,72.0,8.0,21.4,1.3438097,13.0,20.81,4.1814504,4.0,20.34,2.9530728,3.0,20.86,5.1746273,11.0,20.86,2.995732273553991,0.7985076962177713,0.35667494393873245,1.3862943611198906,1.6094379124341003,5,25.04,24.27,24.83,24.46,6.1,20.5,7.0,24.4,74.0,76.43,74.29,79.0,16.0,4.0,28.0,26.0
2022-02-13,202207,16.0,16,16,16,0.7772504,3.8853152,0,2,250400920220719684,2023-11-23,Campina Grande,1.3302461,411807,1,0,1,3,,,,,19833,21.26,24.93,30.11,24.1,75.0,19.0,20.89,2.0469437,8.0,21.4,1.3438097,13.0,20.81,4.1814504,4.0,20.34,2.9530728,14.0,21.09,2.833213344056216,-0.1625189294977747,0.6359887667199966,0.19415601444095776,1.2237754316221159,6,25.27,25.04,24.27,24.83,4.7,6.1,20.5,7.0,72.0,74.0,76.43,74.29,4.0,28.0,26.0,32.0
2022-02-20,202208,4.0,4,4,4,0.0053777983,0.9713288,0,2,250400920220819684,2023-11-23,Campina Grande,0.27926764,411807,1,0,0,1,,,,,19833,21.54,24.86,29.34,8.5,75.86,16.0,21.26,1.3302461,19.0,20.89,2.0469437,8.0,21.4,1.3438097,13.0,20.81,4.1814504,11.75,21.2725,1.6094379124341003,-1.2237754316221159,-1.3862943611198906,-0.5877866649021193,-1.0296194171811581,7,24.93,25.27,25.04,24.27,24.1,4.7,6.1,20.5,75.0,72.0,74.0,76.43,28.0,26.0,32.0,33.0
2022-02-27,202209,28.0,28,28,28,0.9865604,6.7993016,0,2,250400920220919684,2023-11-23,Campina Grande,2.0071352,411807,1,1,1,4,,,,,19833,21.57,24.9,29.66,21.6,76.71,4.0,21.54,0.27926764,16.0,21.26,1.3302461,19.0,20.89,2.0469437,8.0,21.4,1.3438097,16.75,21.315,3.367295829986474,1.7578579175523739,0.534082485930258,0.3715635564324833,1.1700712526502546,8,24.86,24.93,25.27,25.04,8.5,24.1,4.7,6.1,75.86,75.0,72.0,74.0,26.0,32.0,33.0,20.0
2022-03-06,202210,26.0,26,26,26,0.96408546,6.3136373,0,3,250400920221019684,2023-11-23,Campina Grande,1.7675922,411807,1,1,1,4,,,,,19833,20.94,24.89,29.79,7.4,75.43,28.0,21.57,2.0071352,4.0,21.54,0.27926764,16.0,21.26,1.3302461,19.0,20.89,2.0469437,18.5,21.3275,3.295836866004329,-0.07145896398214502,1.6863989535702288,0.46262352194811296,0.30010459245033827,9,24.9,24.86,24.93,25.27,21.6,8.5,24.1,4.7,76.71,75.86,75.0,72.0,32.0,33.0,20.0,7.0
2022-03-13,202211,32.0,32,32,32,0.93475974,7.7706304,0,2,250400920221119684,2023-11-23,Campina Grande,1.5161302,411807,1,0,1,10,,,,,19833,21.51,24.74,29.53,18.1,79.43,26.0,20.94,1.7675922,28.0,21.57,2.0071352,4.0,21.54,0.27926764,16.0,21.26,1.3302461,22.5,21.39,3.4965075614664802,0.2006706954621511,0.1292117314800061,1.88706964903238,0.6632942174102641,10,24.89,24.9,24.86,24.93,7.4,21.6,8.5,24.1,75.43,76.71,75.86,75.0,33.0,20.0,7.0,13.0
2022-03-20,202212,33.0,33,33,33,0.784037,8.013463,0,2,250400920221219684,2023-11-23,Campina Grande,1.2239506,411807,1,0,1,10,,,,,19833,21.07,23.91,28.31,25.8,84.57,32.0,21.51,1.5161302,26.0,20.94,1.7675922,28.0,21.57,2.0071352,4.0,21.54,0.27926764,29.75,21.2725,3.5263605246161616,0.029852963149681333,0.23052365861183244,0.15906469462968742,1.9169226121820613,11,24.74,24.89,24.9,24.86,18.1,7.4,21.6,8.5,79.43,75.43,76.71,75.86,20.0,7.0,13.0,21.0
2022-03-27,202213,20.0,20,20,20,0.08284822,4.856644,0,2,250400920221319684,2023-11-23,Campina Grande,0.6744478,411807,1,0,1,3,,,,,19833,21.51,24.7,28.97,15.4,79.71,33.0,21.07,1.2239506,32.0,21.51,1.5161302,26.0,20.94,1.7675922,28.0,21.57,2.0071352,27.75,21.2575,3.044522437723423,-0.48183808689273855,-0.4519851237430572,-0.2513144282809061,-0.32277339226305113,12,23.91,24.74,24.89,24.9,25.8,18.1,7.4,21.6,84.57,79.43,75.43,76.71,7.0,13.0,21.0,35.0
2022-04-03,202214,7.0,7,7,7,0.00011636134,1.6998254,0,2,250400920221419684,2023-11-23,Campina Grande,0.25312862,411807,1,0,1,5,,,,,19833,20.8,23.89,28.04,14.1,82.43,20.0,21.51,0.6744478,33.0,21.07,1.2239506,32.0,21.51,1.5161302,26.0,20.94,1.7675922,23.0,21.2225,2.0794415416798357,-0.9650808960435873,-1.4469189829363258,-1.4170660197866445,-1.2163953243244934,13,24.7,23.91,24.74,24.89,15.4,25.8,18.1,7.4,79.71,84.57,79.43,75.43,13.0,21.0,35.0,55.0
2022-04-10,202215,13.0,13,13,13,0.10173449,3.1568186,0,2,250400920221519684,2023-11-23,Campina Grande,0.6433653,411807,1,0,1,3,,,,,19833,20.73,24.97,30.19,3.0,76.43,7.0,20.8,0.25312862,20.0,21.51,0.6744478,33.0,21.07,1.2239506,32.0,21.51,1.5161302,18.25,21.0275,2.6390573296152584,0.5596157879354227,-0.4054651081081646,-0.8873031950009032,-0.8574502318512218,14,23.89,24.7,23.91,24.74,14.1,15.4,25.8,18.1,82.43,79.71,84.57,79.43,21.0,35.0,55.0,63.0
2022-04-17,202216,21.0,21,21,21,0.891136,5.0994763,0,2,250400920221619684,2023-11-23,Campina Grande,1.5175074,411807,1,0,1,11,,,,,19833,20.81,24.13,28.7,17.4,81.0,13.0,20.73,0.6433653,7.0,20.8,0.25312862,20.0,21.51,0.6744478,33.0,21.07,1.2239506,15.25,20.962500000000002,3.091042453358316,0.45198512374305766,1.0116009116784803,0.04652001563489305,-0.4353180712578455,15,24.97,23.89,24.7,23.91,3.0,14.1,15.4,25.8,76.43,82.43,79.71,84.57,35.0,55.0,63.0,130.0
2022-04-24,202217,35.0,35,35,35,0.9980083,8.499127,0,2,250400920221719684,2023-11-23,Campina Grande,2.3207233,411807,1,1,2,13,,,,,19833,20.3,23.39,27.44,14.8,82.14,21.0,20.81,1.5175074,13.0,20.73,0.6433653,7.0,20.8,0.25312862,20.0,21.51,0.6744478,19.0,20.66,3.58351893845611,0.49247648509779385,0.9444616088408515,1.5040773967762742,0.5389965007326869,16,24.13,24.97,23.89,24.7,17.4,3.0,14.1,15.4,81.0,76.43,82.43,79.71,55.0,63.0,130.0,70.0
2022-05-01,202218,55.0,55,55,55,0.9998616,13.355771,0,4,250400920221819684,2023-11-23,Campina Grande,2.347125,411807,1,1,2,20,,,,,19833,20.8,23.47,27.11,18.3,85.43,35.0,20.3,2.3207233,21.0,20.81,1.5175074,13.0,20.73,0.6433653,7.0,20.8,0.25312862,31.0,20.66,4.02535169073515,0.44183275227903973,0.9343092373768336,1.3862943611198912,1.945910149055314,17,23.39,24.13,24.97,23.89,14.8,17.4,3.0,14.1,82.14,81.0,76.43,82.43,63.0,130.0,70.0,74.0
2022-05-08,202219,63.0,63,63,63,0.99637884,15.298429,0,4,250400920221919684,2023-11-23,Campina Grande,1.7265091,411807,1,1,2,26,,,,,19833,20.23,23.29,27.2,7.6,82.57,55.0,20.8,2.347125,35.0,20.3,2.3207233,21.0,20.81,1.5175074,13.0,20.73,0.6433653,43.5,20.535,4.1588830833596715,0.13353139262452185,0.5753641449035616,1.0678406300013554,1.519825753744413,18,23.47,23.39,24.13,24.97,18.3,14.8,17.4,3.0,85.43,82.14,81.0,76.43,130.0,70.0,74.0,42.0
2022-05-15,202220,130.0,130,130,130,1.0,31.568186,0,4,250400920222019684,2023-11-23,Campina Grande,2.4133885,411807,1,1,2,40,,,,,19833,21.06,24.27,28.77,8.2,82.43,63.0,20.23,1.7265091,55.0,20.8,2.347125,35.0,20.3,2.3207233,21.0,20.81,1.5175074,70.75,20.5975,4.875197323201151,0.7163142398414797,0.8498456324660015,1.2916783847450413,1.7841548698428351,19,23.29,23.47,23.39,24.13,7.6,18.3,14.8,17.4,82.57,85.43,82.14,81.0,70.0,74.0,42.0,34.0
2022-05-22,202221,70.0,70,70,70,0.31899038,16.998255,0,4,250400920222119684,2023-11-23,Campina Grande,0.9251694,411807,1,0,2,23,,,,,19833,20.06,21.99,24.91,74.3,88.43,130.0,21.06,2.4133885,63.0,20.23,1.7265091,55.0,20.8,2.347125,35.0,20.3,2.3207233,79.5,20.5375,4.2626798770413155,-0.6125174461598357,0.10379679368164396,0.2373281863061658,0.6791609385852055,20,24.27,23.29,23.47,23.39,8.2,7.6,18.3,14.8,82.43,82.57,85.43,82.14,74.0,42.0,34.0,44.0
2022-05-29,202222,74.0,74,74,74,0.09005739,17.969584,0,4,250400920222219684,2023-11-23,Campina Grande,0.8116938,411807,1,0,2,15,,,,,19833,20.11,22.11,25.34,48.7,91.29,70.0,20.06,0.9251694,130.0,21.06,2.4133885,63.0,20.23,1.7265091,55.0,20.8,2.347125,84.25,20.365000000000002,4.31748811353631,0.05480823649499467,-0.557709209664841,0.15860503017663863,0.2921364228011605,21,21.99,24.27,23.29,23.47,74.3,8.2,7.6,18.3,88.43,82.43,82.57,85.43,42.0,34.0,44.0,30.0
2022-06-05,202223,42.0,42,42,42,9.572089e-05,10.198953,0,4,250400920222319684,2023-11-23,Campina Grande,0.5047743,411807,1,0,2,8,,,,,19833,19.77,22.13,25.61,19.2,88.14,74.0,20.11,0.8116938,70.0,20.06,0.9251694,130.0,21.06,2.4133885,63.0,20.23,1.7265091,79.0,20.25,3.7612001156935624,-0.5562879978427477,-0.5014797613477531,-1.1139972075075888,-0.3976829676661091,22,22.11,21.99,24.27,23.29,48.7,74.3,8.2,7.6,91.29,88.43,82.43,82.57,34.0,44.0,30.0,54.0
2022-06-12,202224,34.0,34,34,34,0.00063649804,8.256295,0,2,250400920222419684,2023-11-23,Campina Grande,0.5170034,411807,1,0,1,8,,,,,19833,18.79,22.36,26.56,6.3,82.71,42.0,19.77,0.5047743,74.0,20.11,0.8116938,70.0,20.06,0.9251694,130.0,21.06,2.4133885,55.0,19.682499999999997,3.5553480614894135,-0.20585205420414887,-0.7621400520468966,-0.7073318155519019,-1.3198492617117377,23,22.13,22.11,21.99,24.27,19.2,48.7,74.3,8.2,88.14,91.29,88.43,82.43,44.0,30.0,54.0,79.0
2022-06-19,202225,44.0,44,44,44,0.2794701,10.684617,0,2,250400920222519684,2023-11-23,Campina Grande,0.8865956,411807,1,0,2,13,,,,,19833,18.97,21.53,24.83,57.0,86.0,34.0,18.79,0.5170034,42.0,19.77,0.5047743,74.0,20.11,0.8116938,70.0,20.06,0.9251694,48.5,19.41,3.8066624897703196,0.2513144282809061,0.04546237407675724,-0.5108256237659905,-0.45601738727099583,24,22.36,22.13,22.11,21.99,6.3,19.2,48.7,74.3,82.71,88.14,91.29,88.43,30.0,54.0,79.0,97.0
2022-06-26,202226,30.0,30,30,30,0.10751047,7.284966,0,2,250400920222619684,2023-11-23,Campina Grande,0.7441159,411807,1,0,1,11,,,,,19833,19.17,21.89,24.93,14.0,84.86,44.0,18.97,0.8865956,34.0,18.79,0.5170034,42.0,19.77,0.5047743,74.0,20.11,0.8116938,37.5,19.175,3.4339872044851463,-0.37267528528517335,-0.12136085700426724,-0.3272129112084161,-0.8835009090511639,25,21.53,22.36,22.13,22.11,57.0,6.3,19.2,48.7,86.0,82.71,88.14,91.29,54.0,79.0,97.0,78.0
2022-07-03,202227,54.0,54,54,54,0.94694513,13.112939,0,2,250400920222719684,2023-11-23,Campina Grande,1.4004062,411807,1,0,2,10,,,,,19833,19.0,21.03,24.31,30.4,89.29,30.0,19.17,0.7441159,44.0,18.97,0.8865956,34.0,18.79,0.5170034,42.0,19.77,0.5047743,40.5,18.9825,4.007333185232471,0.5733459807473249,0.20067069546215155,0.45198512374305766,0.2461330695389088,26,21.89,21.53,22.36,22.13,14.0,57.0,6.3,19.2,84.86,86.0,82.71,88.14,79.0,97.0,78.0,89.0
2022-07-10,202228,79.0,79,79,79,0.99966943,19.183744,0,4,250400920222819684,2023-11-23,Campina Grande,1.8819146,411807,1,1,2,10,,,,,19833,18.37,21.4,24.96,6.3,84.0,54.0,19.0,1.4004062,30.0,19.17,0.7441159,44.0,18.97,0.8865956,34.0,18.79,0.5170034,51.75,18.877499999999998,4.382026634673881,0.37469344944141003,0.9480394301887349,0.5753641449035616,0.8266785731844677,27,21.03,21.89,21.53,22.36,30.4,14.0,57.0,6.3,89.29,84.86,86.0,82.71,97.0,78.0,89.0,66.0
2022-07-17,202229,97.0,97,97,97,0.9996293,23.554724,0,4,250400920222919684,2023-11-23,Campina Grande,1.741884,411807,1,1,2,12,,,,,19833,18.17,20.97,24.27,14.2,86.86,79.0,18.37,1.8819146,54.0,19.0,1.4004062,30.0,19.17,0.7441159,44.0,18.97,0.8865956,65.0,18.677500000000002,4.584967478670572,0.2029408439966911,0.5776342934381011,1.150980274185426,0.7783049889002527,28,21.4,21.03,21.89,21.53,6.3,30.4,14.0,57.0,84.0,89.29,84.86,86.0,78.0,89.0,66.0,51.0
2022-07-24,202230,78.0,78,78,78,0.6249006,18.940912,0,4,250400920223019684,2023-11-23,Campina Grande,1.0528495,411807,1,0,2,9,,,,,19833,17.91,21.47,25.59,13.2,82.43,97.0,18.17,1.741884,79.0,18.37,1.8819146,54.0,19.0,1.4004062,30.0,19.17,0.7441159,77.0,18.3625,4.3694478524670215,-0.2155196262035508,-0.012578782206859707,0.3621146672345503,0.9354606479818752,29,20.97,21.4,21.03,21.89,14.2,6.3,30.4,14.0,86.86,84.0,89.29,84.86,89.0,66.0,51.0,68.0
2022-07-31,202231,89.0,89,89,89,0.632657,21.612066,0,4,250400920223119684,2023-11-23,Campina Grande,1.0526763,411807,1,0,2,6,,,,,19833,18.76,21.29,24.86,15.7,86.86,78.0,17.91,1.0528495,97.0,18.17,1.741884,79.0,18.37,1.8819146,54.0,19.0,1.4004062,85.75,18.302500000000002,4.499809670330265,0.13036181786324352,-0.08515780834030728,0.11778303565638382,0.49247648509779385,30,21.47,20.97,21.4,21.03,13.2,14.2,6.3,30.4,82.43,86.86,84.0,89.29,66.0,51.0,68.0,51.0
2022-08-07,202232,66.0,66,66,66,0.068017595,16.026926,0,4,250400920223219684,2023-11-23,Campina Grande,0.78388387,411807,1,0,2,5,,,,,19833,17.71,21.7,26.57,4.5,80.29,89.0,18.76,1.0526763,78.0,17.91,1.0528495,97.0,18.17,1.741884,79.0,18.37,1.8819146,82.5,18.137500000000003,4.204692619390966,-0.2951170509392993,-0.16475523307605577,-0.3802748592796066,-0.17733401528291548,31,21.29,21.47,20.97,21.4,15.7,13.2,14.2,6.3,86.86,82.43,86.86,84.0,51.0,68.0,51.0,27.0
2022-08-14,202233,51.0,51,51,51,0.007153213,12.384442,0,4,250400920223319684,2023-11-23,Campina Grande,0.6480495,411807,1,0,2,2,,,,,19833,16.91,21.06,25.73,2.5,76.86,66.0,17.71,0.78388387,89.0,18.76,1.0526763,78.0,17.91,1.0528495,97.0,18.17,1.741884,71.0,17.8225,3.9512437185814275,-0.2534489008095382,-0.5485659517488375,-0.41820413388559396,-0.6337237600891448,32,21.7,21.29,21.47,20.97,4.5,15.7,13.2,14.2,80.29,86.86,82.43,86.86,68.0,51.0,27.0,24.0
2022-08-21,202234,68.0,68,68,68,0.4818787,16.51259,0,4,250400920223419684,2023-11-23,Campina Grande,0.9922761,411807,1,0,2,8,,,,,19833,17.79,20.93,24.87,4.6,80.86,51.0,16.91,0.6480495,66.0,17.71,0.78388387,89.0,18.76,1.0526763,78.0,17.91,1.0528495,68.5,17.7925,4.23410650459726,0.28286278601583215,0.029413885206293955,-0.26570316573300534,-0.13534134786976182,33,21.06,21.7,21.29,21.47,2.5,4.5,15.7,13.2,76.86,80.29,86.86,82.43,51.0,27.0,24.0,22.0
2022-08-28,202235,51.0,51,51,51,0.17860518,12.384442,0,4,250400920223519684,2023-11-23,Campina Grande,0.8403686,411807,1,0,2,8,,,,,19833,17.9,21.61,26.16,2.2,77.43,68.0,17.79,0.9922761,51.0,16.91,0.6480495,66.0,17.71,0.78388387,89.0,18.76,1.0526763,59.0,17.5775,3.9512437185814275,-0.28286278601583215,0.0,-0.2534489008095382,-0.5485659517488375,34,20.93,21.06,21.7,21.29,4.6,2.5,4.5,15.7,80.86,76.86,80.29,86.86,27.0,24.0,22.0,16.0
2022-09-04,202236,27.0,27,27,27,0.00040572905,6.5564694,0,2,250400920223619684,2023-11-23,Campina Grande,0.47173712,411807,1,0,1,3,,,,,19833,17.56,21.3,25.54,5.7,79.43,51.0,17.9,0.8403686,68.0,17.79,0.9922761,51.0,16.91,0.6480495,66.0,17.71,0.78388387,49.25,17.54,3.332204510175204,-0.6190392084062237,-0.9019019944220559,-0.6190392084062237,-0.8724881092157619,35,21.61,20.93,21.06,21.7,2.2,4.6,2.5,4.5,77.43,80.86,76.86,80.29,24.0,22.0,16.0,14.0
2022-09-11,202237,24.0,24,24,24,0.0022460772,5.827973,0,2,250400920223719684,2023-11-23,Campina Grande,0.50328046,411807,1,0,1,5,,,,,19833,18.21,22.31,27.21,2.7,77.43,27.0,17.56,0.47173712,51.0,17.9,0.8403686,68.0,17.79,0.9922761,51.0,16.91,0.6480495,42.5,17.865000000000002,3.2188758248682006,-0.11332868530700324,-0.732367893713227,-1.0152306797290591,-0.732367893713227,36,21.3,21.61,20.93,21.06,5.7,2.2,4.6,2.5,79.43,77.43,80.86,76.86,22.0,16.0,14.0,13.0
2022-09-18,202238,22.0,22,22,22,0.052220646,5.3423085,0,2,250400920223819684,2023-11-23,Campina Grande,0.6468035,411807,1,0,1,4,,,,,19833,18.69,23.07,28.77,2.4,74.57,24.0,18.21,0.50328046,27.0,17.56,0.47173712,51.0,17.9,0.8403686,68.0,17.79,0.9922761,31.0,18.09,3.1354942159291497,-0.08338160893905089,-0.19671029424605413,-0.8157495026522779,-1.09861228866811,37,22.31,21.3,21.61,20.93,2.7,5.7,2.2,4.6,77.43,79.43,77.43,80.86,16.0,14.0,13.0,11.0
2022-09-25,202239,16.0,16,16,16,0.06991426,3.8853152,0,2,250400920223919684,2023-11-23,Campina Grande,0.6309928,411807,1,0,1,2,,,,,19833,18.5,23.03,28.67,1.1,72.43,22.0,18.69,0.6468035,24.0,18.21,0.50328046,27.0,17.56,0.47173712,51.0,17.9,0.8403686,22.25,18.240000000000002,2.833213344056216,-0.3022808718729335,-0.3856624808119844,-0.49899116611898764,-1.1180303745252114,38,23.07,22.31,21.3,21.61,2.4,2.7,5.7,2.2,74.57,77.43,79.43,77.43,14.0,13.0,11.0,17.0
2022-10-02,202240,14.0,14,14,14,0.11764305,3.3996508,0,2,250400920224019684,2023-11-23,Campina Grande,0.6697158,411807,1,0,1,4,,,,,19833,18.84,23.4,29.03,5.7,75.29,16.0,18.5,0.6309928,22.0,18.69,0.6468035,24.0,18.21,0.50328046,27.0,17.56,0.47173712,19.0,18.560000000000002,2.70805020110221,-0.1251631429540061,-0.4274440148269396,-0.5108256237659905,-0.6241543090729937,39,23.03,23.07,22.31,21.3,1.1,2.4,2.7,5.7,72.43,74.57,77.43,79.43,13.0,11.0,17.0,17.0
2022-10-09,202241,13.0,13,13,13,0.21787132,3.1568186,0,2,250400920224119684,2023-11-23,Campina Grande,0.75501174,411807,1,0,1,5,,,,,19833,19.53,23.47,28.46,9.8,73.86,14.0,18.84,0.6697158,16.0,18.5,0.6309928,22.0,18.69,0.6468035,24.0,18.21,0.50328046,16.25,18.89,2.6390573296152584,-0.06899287148695166,-0.19415601444095776,-0.49643688631389127,-0.5798184952529422,40,23.4,23.03,23.07,22.31,5.7,1.1,2.4,2.7,75.29,72.43,74.57,77.43,11.0,17.0,17.0,13.0
2022-10-16,202242,11.0,11,11,11,0.24051334,2.6711543,0,2,250400920224219684,2023-11-23,Campina Grande,0.75892955,411807,1,0,1,3,,,,,19833,19.54,23.33,28.21,4.9,74.14,13.0,19.53,0.75501174,14.0,18.84,0.6697158,16.0,18.5,0.6309928,22.0,18.69,0.6468035,13.5,19.1025,2.4849066497880004,-0.15415067982725805,-0.2231435513142097,-0.3483066942682158,-0.6505875661411493,41,23.47,23.4,23.03,23.07,9.8,5.7,1.1,2.4,73.86,75.29,72.43,74.57,17.0,17.0,13.0,5.0
2022-10-23,202243,17.0,17,17,17,0.7637189,4.1281476,0,2,250400920224319684,2023-11-23,Campina Grande,1.2959319,411807,1,0,1,1,,,,,19833,20.23,23.86,28.86,3.5,74.43,11.0,19.54,0.75892955,13.0,19.53,0.75501174,14.0,18.84,0.6697158,16.0,18.5,0.6309928,13.75,19.535,2.8903717578961645,0.40546510810816416,0.2513144282809061,0.18232155679395445,0.05715841383994835,42,23.33,23.47,23.4,23.03,4.9,9.8,5.7,1.1,74.14,73.86,75.29,72.43,17.0,13.0,5.0,7.0
2022-10-30,202244,17.0,17,17,17,0.74657637,4.1281476,0,2,250400920224419684,2023-11-23,Campina Grande,1.2691212,411807,1,0,1,11,,,,,19833,19.96,24.21,30.01,2.0,73.0,17.0,20.23,1.2959319,11.0,19.54,0.75892955,13.0,19.53,0.75501174,14.0,18.84,0.6697158,14.5,19.815,2.8903717578961645,0.0,0.40546510810816416,0.2513144282809061,0.18232155679395445,43,23.86,23.33,23.47,23.4,3.5,4.9,9.8,5.7,74.43,74.14,73.86,75.29,13.0,5.0,7.0,4.0
2022-11-06,202245,13.0,13,13,13,0.34882948,3.1568186,0,2,250400920224519684,2023-11-23,Campina Grande,0.865214,411807,1,0,1,4,,,,,19833,20.49,24.3,29.27,16.3,75.29,17.0,19.96,1.2691212,17.0,20.23,1.2959319,11.0,19.54,0.75892955,13.0,19.53,0.75501174,14.5,20.055,2.6390573296152584,-0.2513144282809061,-0.2513144282809061,0.15415067982725805,0.0,44,24.21,23.86,23.33,23.47,2.0,3.5,4.9,9.8,73.0,74.43,74.14,73.86,5.0,7.0,4.0,3.0
2022-11-13,202246,5.0,5,5,5,0.0097705545,1.214161,0,2,250400920224619684,2023-11-23,Campina Grande,0.33412394,411807,1,0,0,0,,,,,19833,20.27,23.76,28.47,8.5,77.29,13.0,20.49,0.865214,17.0,19.96,1.2691212,17.0,20.23,1.2959319,11.0,19.54,0.75892955,13.0,20.2375,1.791759469228055,-0.8472978603872034,-1.0986122886681096,-1.0986122886681096,-0.6931471805599454,45,24.3,24.21,23.86,23.33,16.3,2.0,3.5,4.9,75.29,73.0,74.43,74.14,7.0,4.0,3.0,0.0
2022-11-20,202247,7.0,7,7,7,0.124964535,1.6998254,0,2,250400920224719684,2023-11-23,Campina Grande,0.59042335,411807,1,0,1,0,,,,,19833,19.89,23.89,28.86,3.2,74.0,5.0,20.27,0.33412394,13.0,20.49,0.865214,17.0,19.96,1.2691212,17.0,20.23,1.2959319,10.5,20.1525,2.0794415416798357,0.2876820724517808,-0.5596157879354227,-0.8109302162163288,-0.8109302162163288,46,23.76,24.3,24.21,23.86,8.5,16.3,2.0,3.5,77.29,75.29,73.0,74.43,4.0,3.0,0.0,1.0
2022-11-27,202248,4.0,4,4,4,0.11112493,0.9713288,0,2,250400920224819684,2023-11-23,Campina Grande,0.4972175,411807,1,0,0,0,,,,,19833,20.76,23.93,28.31,17.5,75.71,7.0,19.89,0.59042335,5.0,20.27,0.33412394,13.0,20.49,0.865214,17.0,19.96,1.2691212,7.25,20.3525,1.6094379124341003,-0.47000362924573547,-0.18232155679395468,-1.0296194171811581,-1.2809338454620642,47,23.89,23.76,24.3,24.21,3.2,8.5,16.3,2.0,74.0,77.29,75.29,73.0,3.0,0.0,1.0,5.0
2022-12-04,202249,3.0,3,3,3,0.1505447,0.7284966,0,2,250400920224919708,2023-12-17,Campina Grande,0.5074581,411807,1,0,0,0,,,,,19833,20.27,23.89,28.51,12.0,77.0,4.0,20.76,0.4972175,7.0,19.89,0.59042335,5.0,20.27,0.33412394,13.0,20.49,0.865214,4.75,20.2975,1.3862943611198906,-0.2231435513142097,-0.6931471805599452,-0.4054651081081644,-1.2527629684953678,48,23.93,23.89,23.76,24.3,17.5,3.2,8.5,16.3,75.71,74.0,77.29,75.29,0.0,1.0,5.0,11.0
2022-12-11,202250,0.0,0,0,0,0.0,0.0,0,1,250400920225019718,2023-12-27,Campina Grande,0.0,411807,0,0,0,0,,,,,19833,20.3,24.63,30.13,2.0,72.29,3.0,20.27,0.5074581,4.0,20.76,0.4972175,7.0,19.89,0.59042335,5.0,20.27,0.33412394,3.5,20.305,0.0,-1.3862943611198906,-1.6094379124341003,-2.0794415416798357,-1.791759469228055,49,23.89,23.93,23.89,23.76,12.0,17.5,3.2,8.5,77.0,75.71,74.0,77.29,1.0,5.0,11.0,6.0
2022-12-18,202251,1.0,1,1,1,0.16260439,0.2428322,0,1,250400920225119718,2023-12-27,Campina Grande,0.38159755,411807,1,0,0,0,,,,,19833,20.24,24.39,29.54,9.4,74.43,0.0,20.3,0.0,3.0,20.27,0.5074581,4.0,20.76,0.4972175,7.0,19.89,0.59042335,2.0,20.392500000000002,0.6931471805599453,0.6931471805599453,-0.6931471805599453,-0.916290731874155,-1.3862943611198904,50,24.63,23.89,23.93,23.89,2.0,12.0,17.5,3.2,72.29,77.0,75.71,74.0,5.0,11.0,6.0,6.0
2022-12-25,202252,5.0,5,5,5,0.93663347,1.214161,0,1,250400920225219733,2024-01-11,Campina Grande,3.3658404,411807,1,0,0,0,,,,,19833,20.19,24.14,29.19,10.2,75.43,1.0,20.24,0.38159755,0.0,20.3,0.0,3.0,20.27,0.5074581,4.0,20.76,0.4972175,2.25,20.25,1.791759469228055,1.0986122886681096,1.791759469228055,0.4054651081081644,0.18232155679395468,51,24.39,24.63,23.89,23.93,9.4,2.0,12.0,17.5,74.43,72.29,77.0,75.71,11.0,6.0,6.0,11.0
2023-01-01,202301,11.0,11,11,11,0.9945844,2.6711543,0,2,250400920230119740,2024-01-18,Campina Grande,4.6153693,411807,1,1,1,0,,,,,19833,20.13,23.94,28.76,7.7,76.86,5.0,20.19,3.3658404,1.0,20.24,0.38159755,0.0,20.3,0.0,3.0,20.27,0.5074581,4.25,20.215,2.4849066497880004,0.6931471805599454,1.791759469228055,2.4849066497880004,1.0986122886681098,52,24.14,24.39,24.63,23.89,10.2,9.4,2.0,12.0,75.43,74.43,72.29,77.0,6.0,6.0,11.0,9.0
2023-01-08,202302,6.0,6,6,6,0.5935384,1.4569932,0,2,250400920230219747,2024-01-25,Campina Grande,1.1458807,411807,1,0,0,0,,,,,19833,20.6,24.33,29.5,8.1,75.57,11.0,20.13,4.6153693,5.0,20.19,3.3658404,1.0,20.24,0.38159755,0.0,20.3,0.0,5.75,20.29,1.9459101490553132,-0.5389965007326871,0.15415067982725827,1.252762968495368,1.9459101490553132,1,23.94,24.14,24.39,24.63,7.7,10.2,9.4,2.0,76.86,75.43,74.43,72.29,6.0,11.0,9.0,7.0
2023-01-15,202303,6.0,6,6,6,0.34362411,1.4569932,0,2,250400920230319747,2024-01-25,Campina Grande,0.8077123,411807,1,0,0,1,,,,,19833,20.2,23.33,27.77,28.6,80.71,6.0,20.6,1.1458807,11.0,20.13,4.6153693,5.0,20.19,3.3658404,1.0,20.24,0.38159755,7.0,20.28,1.9459101490553132,0.0,-0.5389965007326871,0.15415067982725827,1.252762968495368,2,24.33,23.94,24.14,24.39,8.1,7.7,10.2,9.4,75.57,76.86,75.43,74.43,11.0,9.0,7.0,6.0
2023-01-22,202304,11.0,11,11,11,0.80735075,2.6711543,0,2,250400920230419752,2024-01-30,Campina Grande,1.4914348,411807,1,0,1,1,,,,,19833,20.63,24.56,29.79,4.6,74.29,6.0,20.2,0.8077123,6.0,20.6,1.1458807,11.0,20.13,4.6153693,5.0,20.19,3.3658404,8.5,20.39,2.4849066497880004,0.5389965007326871,0.5389965007326871,0.0,0.6931471805599454,3,23.33,24.33,23.94,24.14,28.6,8.1,7.7,10.2,80.71,75.57,76.86,75.43,9.0,7.0,6.0,3.0
2023-01-29,202305,9.0,9,9,9,0.63690245,2.18549,0,2,250400920230519759,2024-02-06,Campina Grande,1.1827681,411807,1,0,1,1,,,,,19833,20.51,24.76,30.11,5.6,72.14,11.0,20.63,1.4914348,6.0,20.2,0.8077123,6.0,20.6,1.1458807,11.0,20.13,4.6153693,8.0,20.485,2.302585092994046,-0.18232155679395445,0.35667494393873267,0.35667494393873267,-0.18232155679395445,4,24.56,23.33,24.33,23.94,4.6,28.6,8.1,7.7,74.29,80.71,75.57,76.86,7.0,6.0,3.0,15.0
2023-02-05,202306,7.0,7,7,7,0.3234511,1.6740805,0,2,250400920230619768,2024-02-15,Campina Grande,0.7982457,418140,1,0,1,0,,,,,19833,20.03,24.06,29.4,11.8,75.86,9.0,20.51,1.1827681,11.0,20.63,1.4914348,6.0,20.2,0.8077123,6.0,20.6,1.1458807,8.25,20.3425,2.0794415416798357,-0.22314355131421015,-0.4054651081081646,0.13353139262452252,0.13353139262452252,5,24.76,24.56,23.33,24.33,5.6,4.6,28.6,8.1,72.14,74.29,80.71,75.57,6.0,3.0,15.0,13.0
2023-02-12,202307,6.0,6,6,6,0.23954146,1.4349262,0,2,250400920230719773,2024-02-20,Campina Grande,0.69590104,418140,1,0,0,1,,,,,19833,21.31,24.99,29.9,6.5,76.0,7.0,20.03,0.7982457,9.0,20.51,1.1827681,11.0,20.63,1.4914348,6.0,20.2,0.8077123,8.25,20.62,1.9459101490553132,-0.13353139262452252,-0.35667494393873267,-0.5389965007326871,0.0,6,24.06,24.76,24.56,23.33,11.8,5.6,4.6,28.6,75.86,72.14,74.29,80.71,3.0,15.0,13.0,23.0
2023-02-19,202308,3.0,3,3,3,0.081260815,0.7174631,0,2,250400920230819780,2024-02-27,Campina Grande,0.41635203,418140,1,0,0,0,,,,,19833,20.96,24.29,28.86,23.7,80.0,6.0,21.31,0.69590104,7.0,20.03,0.7982457,9.0,20.51,1.1827681,11.0,20.63,1.4914348,6.25,20.7025,1.3862943611198906,-0.5596157879354227,-0.6931471805599452,-0.9162907318741553,-1.0986122886681098,7,24.99,24.06,24.76,24.56,6.5,11.8,5.6,4.6,76.0,75.86,72.14,74.29,15.0,13.0,23.0,20.0
2023-02-26,202309,15.0,15,15,15,0.97691894,3.5873153,0,2,250400920230919786,2024-03-04,Campina Grande,2.4355764,418140,1,1,1,6,,,,,19833,21.19,24.89,29.71,5.8,75.14,3.0,20.96,0.41635203,6.0,21.31,0.69590104,7.0,20.03,0.7982457,9.0,20.51,1.1827681,7.75,20.872500000000002,2.772588722239781,1.3862943611198906,0.8266785731844679,0.6931471805599454,0.47000362924573524,8,24.29,24.99,24.06,24.76,23.7,6.5,11.8,5.6,80.0,76.0,75.86,72.14,13.0,23.0,20.0,18.0
2023-03-05,202310,13.0,13,13,13,0.89878786,3.1090066,0,2,250400920231019794,2024-03-12,Campina Grande,1.7568995,418140,1,0,1,1,,,,,19833,20.94,24.76,29.53,5.3,74.29,15.0,21.19,2.4355764,3.0,20.96,0.41635203,6.0,21.31,0.69590104,7.0,20.03,0.7982457,9.25,21.1,2.6390573296152584,-0.13353139262452274,1.2527629684953678,0.6931471805599452,0.5596157879354227,9,24.89,24.29,24.99,24.06,5.8,23.7,6.5,11.8,75.14,80.0,76.0,75.86,23.0,20.0,18.0,39.0
2023-03-12,202311,23.0,23,23,23,0.9778714,5.5005503,0,2,250400920231119800,2024-03-18,Campina Grande,2.0080938,418140,1,1,1,1,,,,,19833,21.04,24.19,28.57,71.0,80.14,13.0,20.94,1.7568995,15.0,21.19,2.4355764,3.0,20.96,0.41635203,6.0,21.31,0.69590104,13.5,21.0325,3.1780538303479458,0.5389965007326873,0.4054651081081646,1.7917594692280552,1.2321436812926325,10,24.76,24.89,24.29,24.99,5.3,5.8,23.7,6.5,74.29,75.14,80.0,76.0,20.0,18.0,39.0,24.0
2023-03-19,202312,20.0,20,20,20,0.7697495,4.783087,0,2,250400920231219808,2024-03-26,Campina Grande,1.2779168,418140,1,0,1,1,,,,,19833,20.46,23.59,28.07,45.2,82.57,23.0,21.04,2.0080938,13.0,20.94,1.7568995,15.0,21.19,2.4355764,3.0,20.96,0.41635203,17.75,20.907500000000002,3.044522437723423,-0.13353139262452274,0.4054651081081646,0.27193371548364187,1.6582280766035324,11,24.19,24.76,24.89,24.29,71.0,5.3,5.8,23.7,80.14,74.29,75.14,80.0,18.0,39.0,24.0,47.0
2023-03-26,202313,18.0,18,18,18,0.43677884,4.304778,0,2,250400920231319814,2024-04-01,Campina Grande,0.9495415,418140,1,0,1,1,,,,,19833,20.29,23.54,27.74,33.1,82.14,20.0,20.46,1.2779168,23.0,21.04,2.0080938,13.0,20.94,1.7568995,15.0,21.19,2.4355764,18.5,20.6825,2.9444389791664403,-0.10008345855698275,-0.2336148511815055,0.30538164955118186,0.17185025692665912,12,23.59,24.19,24.76,24.89,45.2,71.0,5.3,5.8,82.57,80.14,74.29,75.14,39.0,24.0,47.0,29.0
2023-04-02,202314,39.0,39,39,39,0.99165744,9.32702,0,2,250400920231419821,2024-04-08,Campina Grande,1.8773409,418140,1,1,2,2,,,,,19833,20.74,24.1,28.51,13.9,81.71,18.0,20.29,0.9495415,20.0,20.46,1.2779168,23.0,21.04,2.0080938,13.0,20.94,1.7568995,25.0,20.6325,3.6888794541139363,0.744440474947496,0.6443570163905132,0.5108256237659905,1.0498221244986778,13,23.54,23.59,24.19,24.76,33.1,45.2,71.0,5.3,82.14,82.57,80.14,74.29,24.0,47.0,29.0,17.0
2023-04-09,202315,24.0,24,24,24,0.49683997,5.7397046,0,2,250400920231519827,2024-04-14,Campina Grande,0.997737,418140,1,0,1,1,,,,,19833,20.24,23.7,28.03,12.2,82.71,39.0,20.74,1.8773409,18.0,20.29,0.9495415,20.0,20.46,1.2779168,23.0,21.04,2.0080938,25.25,20.432499999999997,3.2188758248682006,-0.4700036292457357,0.2744368457017603,0.17435338714477755,0.04082199452025481,14,24.1,23.54,23.59,24.19,13.9,33.1,45.2,71.0,81.71,82.14,82.57,80.14,47.0,29.0,17.0,17.0
2023-04-16,202316,47.0,47,47,47,0.9787401,11.240254,0,2,250400920231619835,2024-04-22,Campina Grande,1.596326,418140,1,1,2,2,,,,,19833,21.03,24.53,29.5,12.9,80.71,24.0,20.24,0.997737,39.0,20.74,1.8773409,18.0,20.29,0.9495415,20.0,20.46,1.2779168,32.0,20.575,3.871201010907891,0.6523251860396906,0.1823215567939549,0.9267620317414509,0.8266785731844681,15,23.7,24.1,23.54,23.59,12.2,13.9,33.1,45.2,82.71,81.71,82.14,82.57,29.0,17.0,17.0,17.0
2023-04-23,202317,29.0,29,29,29,0.3038797,6.9354763,0,2,250400920231719841,2024-04-28,Campina Grande,0.878431,418140,1,0,1,0,,,,,19833,20.54,23.89,28.14,12.1,82.86,47.0,21.03,1.596326,24.0,20.24,0.997737,39.0,20.74,1.8773409,18.0,20.29,0.9495415,34.75,20.6375,3.4011973816621555,-0.4700036292457357,0.1823215567939549,-0.2876820724517808,0.4567584024957152,16,24.53,23.7,24.1,23.54,12.9,12.2,13.9,33.1,80.71,82.71,81.71,82.14,17.0,17.0,17.0,19.0
2023-04-30,202318,17.0,17,17,17,0.0061121006,4.0656238,0,2,250400920231819849,2024-05-06,Campina Grande,0.49018598,418140,1,0,1,1,,,,,19833,21.3,24.14,28.19,9.0,82.0,29.0,20.54,0.878431,47.0,21.03,1.596326,24.0,20.24,0.997737,39.0,20.74,1.8773409,29.25,20.7775,2.8903717578961645,-0.5108256237659909,-0.9808292530117266,-0.32850406697203605,-0.7985076962177717,17,23.89,24.53,23.7,24.1,12.1,12.9,12.2,13.9,82.86,80.71,82.71,81.71,17.0,17.0,19.0,25.0
2023-05-07,202319,17.0,17,17,17,0.031848054,4.0656238,0,1,250400920231919856,2024-05-13,Campina Grande,0.5773601,418140,0,0,1,4,,,,,19833,20.59,24.36,29.01,1.9,78.57,17.0,21.3,0.49018598,29.0,20.54,0.878431,47.0,21.03,1.596326,24.0,20.24,0.997737,27.5,20.865000000000002,2.8903717578961645,0.0,-0.5108256237659909,-0.9808292530117266,-0.32850406697203605,18,24.14,23.89,24.53,23.7,9.0,12.1,12.9,12.2,82.0,82.86,80.71,82.71,17.0,19.0,25.0,20.0
2023-05-14,202320,17.0,17,17,17,0.23241648,4.0656238,0,1,250400920232019863,2024-05-20,Campina Grande,0.7914448,418140,0,0,1,2,,,,,19833,20.8,23.66,27.44,14.7,82.86,17.0,20.59,0.5773601,17.0,21.3,0.49018598,29.0,20.54,0.878431,47.0,21.03,1.596326,20.0,20.8075,2.8903717578961645,0.0,0.0,-0.5108256237659909,-0.9808292530117266,19,24.36,24.14,23.89,24.53,1.9,9.0,12.1,12.9,78.57,82.0,82.86,80.71,19.0,25.0,20.0,31.0
2023-05-21,202321,19.0,19,19,19,0.57848936,4.5439324,0,1,250400920232119869,2024-05-26,Campina Grande,1.0666872,418140,1,0,1,7,,,,,19833,20.29,23.09,26.76,11.0,85.14,17.0,20.8,0.7914448,17.0,20.59,0.5773601,17.0,21.3,0.49018598,29.0,20.54,0.878431,17.5,20.744999999999997,2.995732273553991,0.10536051565782634,0.10536051565782634,0.10536051565782634,-0.4054651081081646,20,23.66,24.36,24.14,23.89,14.7,1.9,9.0,12.1,82.86,78.57,82.0,82.86,25.0,20.0,31.0,16.0
2023-05-28,202322,25.0,25,25,25,0.86389977,5.978859,0,1,250400920232219876,2024-06-02,Campina Grande,1.3970044,418140,1,0,1,19,,,,,19833,20.41,23.46,27.61,6.8,82.43,19.0,20.29,1.0666872,17.0,20.8,0.7914448,17.0,20.59,0.5773601,17.0,21.3,0.49018598,19.5,20.5225,3.258096538021482,0.2623642644674913,0.3677247801253176,0.3677247801253176,0.3677247801253176,21,23.09,23.66,24.36,24.14,11.0,14.7,1.9,9.0,85.14,82.86,78.57,82.0,20.0,31.0,16.0,14.0
2023-06-04,202323,20.0,20,20,20,0.5115217,4.783087,0,2,250400920232319884,2024-06-10,Campina Grande,1.0091004,418140,1,0,1,17,,,,,19833,19.93,22.99,27.09,6.3,82.57,25.0,20.41,1.3970044,19.0,20.29,1.0666872,17.0,20.8,0.7914448,17.0,20.59,0.5773601,20.25,20.357499999999998,3.044522437723423,-0.21357410029805912,0.04879016416943216,0.1541506798272585,0.1541506798272585,22,23.46,23.09,23.66,24.36,6.8,11.0,14.7,1.9,82.43,85.14,82.86,78.57,31.0,16.0,14.0,14.0
2023-06-11,202324,31.0,31,31,31,0.89197356,7.413785,0,2,250400920232419884,2024-06-10,Campina Grande,1.4040083,418140,1,0,1,26,,,,,19833,19.59,21.91,25.1,48.4,87.43,20.0,19.93,1.0091004,25.0,20.41,1.3970044,19.0,20.29,1.0666872,17.0,20.8,0.7914448,23.75,20.055,3.4657359027997265,0.42121346507630353,0.2076393647782444,0.4700036292457357,0.575364144903562,23,22.99,23.46,23.09,23.66,6.3,6.8,11.0,14.7,82.57,82.43,85.14,82.86,16.0,14.0,14.0,15.0
2023-06-18,202325,16.0,16,16,16,0.11326187,3.8264697,0,1,250400920232519898,2024-06-24,Campina Grande,0.68095154,418140,1,0,1,2,,,,,19833,19.46,21.94,25.4,10.2,86.14,31.0,19.59,1.4040083,20.0,19.93,1.0091004,25.0,20.41,1.3970044,19.0,20.29,1.0666872,23.0,19.8475,2.833213344056216,-0.6325225587435104,-0.21130909366720685,-0.42488319396526597,-0.1625189294977747,24,21.91,22.99,23.46,23.09,48.4,6.3,6.8,11.0,87.43,82.57,82.43,85.14,14.0,14.0,15.0,12.0
2023-06-25,202326,14.0,14,14,14,0.06127889,3.348161,0,1,250400920232619905,2024-07-01,Campina Grande,0.60162497,418140,1,0,1,0,,,,,19833,19.27,21.19,24.23,27.6,91.0,16.0,19.46,0.68095154,31.0,19.59,1.4040083,20.0,19.93,1.0091004,25.0,20.41,1.3970044,20.25,19.5625,2.70805020110221,-0.1251631429540061,-0.7576857016975165,-0.33647223662121295,-0.5500463369192721,25,21.94,21.91,22.99,23.46,10.2,48.4,6.3,6.8,86.14,87.43,82.57,82.43,14.0,15.0,12.0,15.0
2023-07-02,202327,14.0,14,14,14,0.17897403,3.348161,0,2,250400920232719913,2024-07-09,Campina Grande,0.728377,418140,1,0,1,1,,,,,19833,19.24,21.47,24.73,46.6,87.86,14.0,19.27,0.60162497,16.0,19.46,0.68095154,31.0,19.59,1.4040083,20.0,19.93,1.0091004,18.75,19.39,2.70805020110221,0.0,-0.1251631429540061,-0.7576857016975165,-0.33647223662121295,26,21.19,21.94,21.91,22.99,27.6,10.2,48.4,6.3,91.0,86.14,87.43,82.57,15.0,12.0,15.0,10.0
2023-07-09,202328,15.0,15,15,15,0.46923688,3.5873153,0,2,250400920232819919,2024-07-15,Campina Grande,0.97276837,418140,1,0,1,1,,,,,19833,18.77,22.29,26.74,2.8,83.71,14.0,19.24,0.728377,14.0,19.27,0.60162497,16.0,19.46,0.68095154,31.0,19.59,1.4040083,14.75,19.185,2.772588722239781,0.06453852113757108,0.06453852113757108,-0.06062462181643502,-0.6931471805599454,27,21.47,21.19,21.94,21.91,46.6,27.6,10.2,48.4,87.86,91.0,86.14,87.43,12.0,15.0,10.0,22.0
2023-07-16,202329,12.0,12,12,12,0.32733038,2.8698523,0,2,250400920232919929,2024-07-25,Campina Grande,0.8418577,418140,1,0,1,1,,,,,19833,18.73,21.57,25.33,7.6,82.14,15.0,18.77,0.97276837,14.0,19.24,0.728377,14.0,19.27,0.60162497,16.0,19.46,0.68095154,13.75,19.002499999999998,2.5649493574615367,-0.2076393647782444,-0.14310084364067333,-0.14310084364067333,-0.2682639865946794,28,22.29,21.47,21.19,21.94,2.8,46.6,27.6,10.2,83.71,87.86,91.0,86.14,15.0,10.0,22.0,14.0
2023-07-23,202330,15.0,15,15,15,0.581022,3.5873153,0,2,250400920233019934,2024-07-30,Campina Grande,1.0778805,418140,1,0,1,1,,,,,19833,18.29,21.81,26.14,3.7,80.43,12.0,18.73,0.8418577,15.0,18.77,0.97276837,14.0,19.24,0.728377,14.0,19.27,0.60162497,14.0,18.7575,2.772588722239781,0.2076393647782444,0.0,0.06453852113757108,0.06453852113757108,29,21.57,22.29,21.47,21.19,7.6,2.8,46.6,27.6,82.14,83.71,87.86,91.0,10.0,22.0,14.0,12.0
2023-07-30,202331,10.0,10,10,10,0.23632455,2.3915434,0,2,250400920233119941,2024-08-06,Campina Grande,0.74590987,418140,1,0,1,2,,,,,19833,18.2,22.04,26.87,1.9,79.0,15.0,18.29,1.0778805,12.0,18.73,0.8418577,15.0,18.77,0.97276837,14.0,19.24,0.728377,13.0,18.4975,2.3978952727983707,-0.3746934494414105,-0.16705408466316607,-0.3746934494414105,-0.3101549283038394,30,21.81,21.57,22.29,21.47,3.7,7.6,2.8,46.6,80.43,82.14,83.71,87.86,22.0,14.0,12.0,6.0
2023-08-06,202332,22.0,22,22,22,0.93007565,5.261396,0,2,250400920233219948,2024-08-13,Campina Grande,1.6455858,418140,1,0,1,1,,,,,19833,18.67,21.7,25.8,11.2,82.29,10.0,18.2,0.74590987,15.0,18.29,1.0778805,12.0,18.73,0.8418577,15.0,18.77,0.97276837,14.75,18.4725,3.1354942159291497,0.737598943130779,0.36290549368936853,0.5705448584676129,0.36290549368936853,31,22.04,21.81,21.57,22.29,1.9,3.7,7.6,2.8,79.0,80.43,82.14,83.71,14.0,12.0,6.0,11.0
2023-08-13,202333,14.0,14,14,14,0.46855232,3.348161,0,2,250400920233319955,2024-08-20,Campina Grande,0.97124577,418140,1,0,1,3,,,,,19833,18.17,20.99,24.69,9.6,83.86,22.0,18.67,1.6455858,10.0,18.2,0.74590987,15.0,18.29,1.0778805,12.0,18.73,0.8418577,15.25,18.3325,2.70805020110221,-0.4274440148269396,0.3101549283038394,-0.06453852113757108,0.14310084364067333,32,21.7,22.04,21.81,21.57,11.2,1.9,3.7,7.6,82.29,79.0,80.43,82.14,12.0,6.0,11.0,7.0
2023-08-20,202334,12.0,12,12,12,0.2159324,2.8698523,0,2,250400920233419962,2024-08-27,Campina Grande,0.7454808,418140,1,0,1,1,,,,,19833,19.14,22.36,26.66,5.9,83.57,14.0,18.17,0.97124577,22.0,18.67,1.6455858,10.0,18.2,0.74590987,15.0,18.29,1.0778805,14.5,18.545,2.5649493574615367,-0.14310084364067333,-0.5705448584676129,0.16705408466316607,-0.2076393647782444,33,20.99,21.7,22.04,21.81,9.6,11.2,1.9,3.7,83.86,82.29,79.0,80.43,6.0,11.0,7.0,11.0
2023-08-27,202335,6.0,6,6,6,0.023125462,1.4349262,0,2,250400920233519969,2024-09-03,Campina Grande,0.40694085,418140,1,0,0,2,,,,,19833,19.73,23.31,28.19,7.6,79.29,12.0,19.14,0.7454808,14.0,18.17,0.97124577,22.0,18.67,1.6455858,10.0,18.2,0.74590987,13.5,18.927500000000002,1.9459101490553132,-0.6190392084062235,-0.7621400520468968,-1.1895840668738364,-0.45198512374305744,34,22.36,20.99,21.7,22.04,5.9,9.6,11.2,1.9,83.57,83.86,82.29,79.0,11.0,7.0,11.0,9.0
2023-09-03,202336,11.0,11,11,11,0.46105406,2.630698,0,2,250400920233619978,2024-09-12,Campina Grande,0.96029884,418140,1,0,1,1,,,,,19833,18.89,22.14,26.24,8.2,80.14,6.0,19.73,0.40694085,12.0,19.14,0.7454808,14.0,18.17,0.97124577,22.0,18.67,1.6455858,10.75,18.9825,2.4849066497880004,0.5389965007326871,-0.08004270767353638,-0.2231435513142097,-0.6505875661411493,35,23.31,22.36,20.99,21.7,7.6,5.9,9.6,11.2,79.29,83.57,83.86,82.29,7.0,11.0,9.0,7.0
2023-09-10,202337,7.0,7,7,7,0.28777426,1.6740805,0,2,250400920233719983,2024-09-17,Campina Grande,0.7615606,418140,1,0,1,3,,,,,19833,18.97,22.13,26.27,11.2,82.0,11.0,18.89,0.96029884,6.0,19.73,0.40694085,12.0,19.14,0.7454808,14.0,18.17,0.97124577,9.0,19.182499999999997,2.0794415416798357,-0.4054651081081646,0.13353139262452252,-0.485507815781701,-0.6286086594223743,36,22.14,23.31,22.36,20.99,8.2,7.6,5.9,9.6,80.14,79.29,83.57,83.86,11.0,9.0,7.0,8.0
2023-09-17,202338,11.0,11,11,11,0.6899199,2.630698,0,2,250400920233819990,2024-09-24,Campina Grande,1.2442338,418140,1,0,1,0,,,,,19833,19.6,22.57,26.7,13.0,82.14,7.0,18.97,0.7615606,11.0,18.89,0.96029884,6.0,19.73,0.40694085,12.0,19.14,0.7454808,8.75,19.2975,2.4849066497880004,0.4054651081081646,0.0,0.5389965007326871,-0.08004270767353638,37,22.13,22.14,23.31,22.36,11.2,8.2,7.6,5.9,82.0,80.14,79.29,83.57,9.0,7.0,8.0,7.0
2023-09-24,202339,9.0,9,9,9,0.5018388,2.152389,0,2,250400920233919997,2024-10-01,Campina Grande,1.0021262,418140,1,0,1,0,,,,,19833,19.3,23.46,28.93,3.2,76.43,11.0,19.6,1.2442338,7.0,18.97,0.7615606,11.0,18.89,0.96029884,6.0,19.73,0.40694085,9.5,19.19,2.302585092994046,-0.18232155679395445,0.22314355131421015,-0.18232155679395445,0.35667494393873267,38,22.57,22.13,22.14,23.31,13.0,11.2,8.2,7.6,82.14,82.0,80.14,79.29,7.0,8.0,7.0,13.0
2023-10-01,202340,7.0,7,7,7,0.2822656,1.6740805,0,2,250400920234020004,2024-10-08,Campina Grande,0.7559434,418140,1,0,1,0,,,,,19833,18.83,23.31,28.91,4.4,75.57,9.0,19.3,1.0021262,11.0,19.6,1.2442338,7.0,18.97,0.7615606,11.0,18.89,0.96029884,8.5,19.175,2.0794415416798357,-0.22314355131421015,-0.4054651081081646,0.0,-0.4054651081081646,39,23.46,22.57,22.13,22.14,3.2,13.0,11.2,8.2,76.43,82.14,82.0,80.14,8.0,7.0,13.0,5.0
2023-10-08,202341,8.0,8,8,8,0.4201675,1.9132348,0,2,250400920234120011,2024-10-15,Campina Grande,0.9085345,418140,1,0,1,0,,,,,19833,20.03,23.87,29.11,3.8,74.86,7.0,18.83,0.7559434,9.0,19.3,1.0021262,11.0,19.6,1.2442338,7.0,18.97,0.7615606,8.75,19.44,2.1972245773362196,0.11778303565638382,-0.10536051565782634,-0.2876820724517808,0.11778303565638382,40,23.31,23.46,22.57,22.13,4.4,3.2,13.0,11.2,75.57,76.43,82.14,82.0,7.0,13.0,5.0,10.0
2023-10-15,202342,7.0,7,7,7,0.404163,1.6740805,0,1,250400920234220019,2024-10-23,Campina Grande,0.88490653,418140,0,0,1,0,,,,,19833,19.37,23.57,28.93,2.0,71.86,8.0,20.03,0.9085345,7.0,18.83,0.7559434,9.0,19.3,1.0021262,11.0,19.6,1.2442338,7.75,19.3825,2.0794415416798357,-0.11778303565638382,0.0,-0.22314355131421015,-0.4054651081081646,41,23.87,23.31,23.46,22.57,3.8,4.4,3.2,13.0,74.86,75.57,76.43,82.14,13.0,5.0,10.0,12.0
2023-10-22,202343,13.0,13,13,13,0.8781615,3.1090066,0,1,250400920234320026,2024-10-30,Campina Grande,1.6631202,418140,1,0,1,0,,,,,19833,19.57,24.14,29.87,2.3,72.43,7.0,19.37,0.88490653,8.0,20.03,0.9085345,7.0,18.83,0.7559434,9.0,19.3,1.0021262,8.75,19.450000000000003,2.6390573296152584,0.5596157879354227,0.44183275227903884,0.5596157879354227,0.3364722366212125,42,23.57,23.87,23.31,23.46,2.0,3.8,4.4,3.2,71.86,74.86,75.57,76.43,5.0,10.0,12.0,5.0
2023-10-29,202344,5.0,5,5,5,0.15753338,1.1957717,0,1,250400920234420032,2024-11-05,Campina Grande,0.58389103,418140,1,0,0,0,,,,,19833,20.1,24.49,30.09,2.7,73.0,13.0,19.57,1.6631202,7.0,19.37,0.88490653,8.0,20.03,0.9085345,7.0,18.83,0.7559434,8.25,19.767500000000002,1.791759469228055,-0.8472978603872034,-0.2876820724517808,-0.4054651081081646,-0.2876820724517808,43,24.14,23.57,23.87,23.31,2.3,2.0,3.8,4.4,72.43,71.86,74.86,75.57,10.0,12.0,5.0,18.0
2023-11-05,202345,10.0,10,10,10,0.5839401,2.3915434,0,1,250400920234520039,2024-11-12,Campina Grande,1.0996286,418140,0,0,1,0,,,,,19833,20.3,24.31,29.8,2.7,72.14,5.0,20.1,0.58389103,13.0,19.57,1.6631202,7.0,19.37,0.88490653,8.0,20.03,0.9085345,8.75,19.835,2.3978952727983707,0.6061358035703157,-0.24116205681688774,0.3184537311185349,0.2006706954621511,44,24.49,24.14,23.57,23.87,2.7,2.3,2.0,3.8,73.0,72.43,71.86,74.86,12.0,5.0,18.0,6.0
2023-11-12,202346,12.0,12,12,12,0.77664864,2.8698523,0,1,250400920234620046,2024-11-19,Campina Grande,1.3917446,418140,1,0,1,3,,,,,19833,20.16,24.86,30.7,1.2,70.71,10.0,20.3,1.0996286,5.0,20.1,0.58389103,13.0,19.57,1.6631202,7.0,19.37,0.88490653,10.0,20.0325,2.5649493574615367,0.16705408466316607,0.7731898882334818,-0.07410797215372167,0.485507815781701,45,24.31,24.49,24.14,23.57,2.7,2.7,2.3,2.0,72.14,73.0,72.43,71.86,5.0,18.0,6.0,14.0
2023-11-19,202347,5.0,5,5,5,0.12802349,1.1957717,0,2,250400920234720056,2024-11-29,Campina Grande,0.54903626,418140,1,0,0,0,,,,,19833,20.57,24.7,30.1,3.1,72.29,12.0,20.16,1.3917446,10.0,20.3,1.0996286,5.0,20.1,0.58389103,13.0,19.57,1.6631202,8.0,20.2825,1.791759469228055,-0.7731898882334818,-0.6061358035703157,0.0,-0.8472978603872034,46,24.86,24.31,24.49,24.14,1.2,2.7,2.7,2.3,70.71,72.14,73.0,72.43,18.0,6.0,14.0,5.0
2023-11-26,202348,18.0,18,18,18,0.9463366,4.304778,0,1,250400920234820060,2024-12-03,Campina Grande,1.852381,418140,0,0,1,1,,,,,19833,20.14,24.3,29.61,9.7,72.57,5.0,20.57,0.54903626,12.0,20.16,1.3917446,10.0,20.3,1.0996286,5.0,20.1,0.58389103,11.25,20.2925,2.9444389791664403,1.1526795099383853,0.3794896217049035,0.5465437063680696,1.1526795099383853,47,24.7,24.86,24.31,24.49,3.1,1.2,2.7,2.7,72.29,70.71,72.14,73.0,6.0,14.0,5.0,3.0
2023-12-03,202349,6.0,6,6,6,0.14352357,1.4349262,0,1,250400920234920067,2024-12-10,Campina Grande,0.5916227,418140,1,0,1,1,,,,,19833,21.07,24.91,29.94,4.1,74.0,18.0,20.14,1.852381,5.0,20.57,0.54903626,12.0,20.16,1.3917446,10.0,20.3,1.0996286,10.25,20.485,1.9459101490553132,-0.998528830111127,0.15415067982725827,-0.6190392084062235,-0.45198512374305744,48,24.3,24.7,24.86,24.31,9.7,3.1,1.2,2.7,72.57,72.29,70.71,72.14,14.0,5.0,3.0,13.0
2023-12-10,202350,14.0,14,14,14,0.70819986,3.348161,0,1,250400920235020074,2024-12-17,Campina Grande,1.2398804,418140,0,0,1,11,,,,,19833,20.26,24.14,28.77,4.2,74.14,6.0,21.07,0.5916227,18.0,20.14,1.852381,5.0,20.57,0.54903626,12.0,20.16,1.3917446,10.75,20.51,2.70805020110221,0.7621400520468968,-0.2363887780642302,0.9162907318741551,0.14310084364067333,49,24.91,24.3,24.7,24.86,4.1,9.7,3.1,1.2,74.0,72.57,72.29,70.71,5.0,3.0,13.0,12.0
2023-12-17,202351,5.0,5,5,5,0.066361405,1.1957717,0,1,250400920235120080,2024-12-23,Campina Grande,0.46593308,418140,1,0,0,4,,,,,19833,20.96,24.07,28.16,24.0,80.71,14.0,20.26,1.2398804,6.0,21.07,0.5916227,18.0,20.14,1.852381,5.0,20.57,0.54903626,10.75,20.6075,1.791759469228055,-0.9162907318741551,-0.15415067982725827,-1.1526795099383853,0.0,50,24.14,24.91,24.3,24.7,4.2,4.1,9.7,3.1,74.14,74.0,72.57,72.29,3.0,13.0,12.0,10.0
2023-12-24,202352,3.0,3,3,3,0.026462745,0.7174631,0,1,250400920235220087,2024-12-30,Campina Grande,0.31899756,418140,1,0,0,0,,,,,19833,20.74,25.01,30.34,4.4,74.86,5.0,20.96,0.46593308,14.0,20.26,1.2398804,6.0,21.07,0.5916227,18.0,20.14,1.852381,7.0,20.7575,1.3862943611198906,-0.4054651081081644,-1.3217558399823195,-0.5596157879354227,-1.5581446180465497,51,24.07,24.14,24.91,24.3,24.0,4.2,4.1,9.7,80.71,74.14,74.0,72.57,13.0,12.0,10.0,5.0
2023-12-31,202401,13.0,13,13,13,0.90722466,3.1090066,0,2,250400920240120095,2025-01-07,Campina Grande,1.801926,418140,1,0,1,1,,,,,19833,20.93,24.93,29.83,92.9,78.57,3.0,20.74,0.31899756,5.0,20.96,0.46593308,14.0,20.26,1.2398804,6.0,21.07,0.5916227,8.75,20.7225,2.6390573296152584,1.2527629684953678,0.8472978603872034,-0.06899287148695166,0.6931471805599452,52,25.01,24.07,24.14,24.91,4.4,24.0,4.2,4.1,74.86,80.71,74.14,74.0,12.0,10.0,5.0,8.0
2024-01-07,202402,12.0,12,12,12,0.8818649,2.8698523,0,2,250400920240220102,2025-01-14,Campina Grande,1.7179493,418140,1,0,1,1,,,,,19833,20.93,24.63,29.53,9.9,79.14,13.0,20.93,1.801926,3.0,20.74,0.31899756,5.0,20.96,0.46593308,14.0,20.26,1.2398804,8.25,20.89,2.5649493574615367,-0.07410797215372167,1.1786549963416462,0.7731898882334818,-0.14310084364067333,1,24.93,25.01,24.07,24.14,92.9,4.4,24.0,4.2,78.57,74.86,80.71,74.14,10.0,5.0,8.0,30.0
2024-01-14,202403,10.0,10,10,10,0.52858,2.3915434,0,2,250400920240320109,2025-01-21,Campina Grande,1.0321461,418140,1,0,1,1,,,,,19833,20.76,24.89,30.17,5.8,75.71,12.0,20.93,1.7179493,13.0,20.93,1.801926,3.0,20.74,0.31899756,5.0,20.96,0.46593308,9.5,20.84,2.3978952727983707,-0.16705408466316607,-0.24116205681688774,1.01160091167848,0.6061358035703157,2,24.63,24.93,25.01,24.07,9.9,92.9,4.4,24.0,79.14,78.57,74.86,80.71,5.0,8.0,30.0,41.0
2024-01-21,202404,5.0,5,5,5,0.06423307,1.1957717,0,2,250400920240420116,2025-01-28,Campina Grande,0.46259445,418140,1,0,0,0,,,,,19833,22.14,25.49,29.84,12.8,78.14,10.0,20.76,1.0321461,12.0,20.93,1.7179493,13.0,20.93,1.801926,3.0,20.74,0.31899756,10.0,21.19,1.791759469228055,-0.6061358035703157,-0.7731898882334818,-0.8472978603872034,0.4054651081081644,3,24.89,24.63,24.93,25.01,5.8,9.9,92.9,4.4,75.71,79.14,78.57,74.86,8.0,30.0,41.0,165.0
2024-01-28,202405,8.0,8,8,8,0.37878123,1.9132348,0,2,250400920240520123,2025-02-04,Campina Grande,0.8647975,418140,1,0,1,0,,,,,19833,21.04,25.21,30.37,4.1,74.57,5.0,22.14,0.46259445,10.0,20.76,1.0321461,12.0,20.93,1.7179493,13.0,20.93,1.801926,8.75,21.2175,2.1972245773362196,0.4054651081081646,-0.2006706954621511,-0.3677247801253172,-0.44183275227903884,4,25.49,24.89,24.63,24.93,12.8,5.8,9.9,92.9,78.14,75.71,79.14,78.57,30.0,41.0,165.0,311.0
2024-02-04,202406,30.0,30,30,30,0.9998221,7.1746306,0,2,250400920240620130,2025-02-11,Campina Grande,3.4578831,418140,1,1,1,4,,,,,19833,21.97,25.84,31.27,6.2,74.43,8.0,21.04,0.8647975,5.0,22.14,0.46259445,10.0,20.76,1.0321461,12.0,20.93,1.7179493,13.25,21.4775,3.4339872044851463,1.2367626271489267,1.6422277352570913,1.0360919316867756,0.8690378470236095,5,25.21,25.49,24.89,24.63,4.1,12.8,5.8,9.9,74.57,78.14,75.71,79.14,41.0,165.0,311.0,308.0
2024-02-11,202407,41.0,41,41,41,0.9998772,9.805328,0,3,250400920240720137,2025-02-18,Campina Grande,2.8336484,418140,1,1,2,5,,,,,19833,21.57,24.91,30.04,37.0,80.57,30.0,21.97,3.4578831,8.0,21.04,0.8647975,5.0,22.14,0.46259445,10.0,20.76,1.0321461,21.0,21.68,3.7376696182833684,0.30368241379822214,1.5404450409471488,1.9459101490553135,1.3397743454849977,6,25.84,25.21,25.49,24.89,6.2,4.1,12.8,5.8,74.43,74.57,78.14,75.71,165.0,311.0,308.0,223.0
2024-02-18,202408,165.0,165,165,165,1.0,39.46047,0,4,250400920240820145,2025-02-26,Campina Grande,4.9925504,418140,1,1,2,14,,,,,19833,22.41,25.5,30.23,16.4,80.14,41.0,21.57,2.8336484,30.0,21.97,3.4578831,8.0,21.04,0.8647975,5.0,22.14,0.46259445,61.0,21.7475,5.111987788356544,1.3743181700731752,1.6780005838713974,2.914763211020324,3.3202283191284887,7,24.91,25.84,25.21,25.49,37.0,6.2,4.1,12.8,80.57,74.43,74.57,78.14,311.0,308.0,223.0,240.0
2024-02-25,202409,311.0,311,311,311,1.0,74.37701,0,4,250400920240920153,2025-03-06,Campina Grande,3.8496027,418140,1,1,2,13,,,,,19833,22.06,25.24,29.71,33.8,80.57,165.0,22.41,4.9925504,41.0,21.57,2.8336484,30.0,21.97,3.4578831,8.0,21.04,0.8647975,136.75,22.0025,5.7430031878094825,0.6310153994529388,2.005333569526114,2.309015983324336,3.545778610473263,8,25.5,24.91,25.84,25.21,16.4,37.0,6.2,4.1,80.14,80.57,74.43,74.57,308.0,223.0,240.0,146.0
2024-03-03,202410,308.0,308,308,308,1.0,73.65954,0,4,250400920241020158,2025-03-11,Campina Grande,1.819425,418140,1,1,2,6,,,,,19833,22.27,25.49,30.24,23.1,79.57,311.0,22.06,3.8496027,165.0,22.41,4.9925504,41.0,21.57,2.8336484,30.0,21.97,3.4578831,206.25,22.0775,5.733341276897746,-0.009661910911736626,0.6213534885412022,1.9956716586143775,2.2993540724125996,9,25.24,25.5,24.91,25.84,33.8,16.4,37.0,6.2,80.57,80.14,80.57,74.43,223.0,240.0,146.0,193.0
2024-03-10,202411,223.0,223,223,223,0.084915765,53.33142,0,4,250400920241120165,2025-03-18,Campina Grande,0.8817336,418140,1,0,2,5,,,,,19833,22.1,25.26,29.59,23.3,82.43,308.0,22.27,1.819425,311.0,22.06,3.8496027,165.0,22.41,4.9925504,41.0,21.57,2.8336484,251.75,22.21,5.4116460518550396,-0.3216952250427063,-0.33135713595444294,0.2996582634984959,1.6739764335716711,10,25.49,25.24,25.5,24.91,23.1,33.8,16.4,37.0,79.57,80.57,80.14,80.57,240.0,146.0,193.0,181.0
2024-03-17,202412,240.0,240,240,240,0.06585841,57.397045,0,4,250400920241220171,2025-03-24,Campina Grande,0.8754694,418140,1,0,2,5,,,,,19833,22.41,25.87,30.63,12.6,78.57,223.0,22.1,0.8817336,308.0,22.27,1.819425,311.0,22.06,3.8496027,165.0,22.41,4.9925504,270.5,22.21,5.484796933490655,0.07315088163561523,-0.24854434340709108,-0.2582062543188277,0.3728091451341111,11,25.26,25.49,25.24,25.5,23.3,23.1,33.8,16.4,82.43,79.57,80.57,80.14,146.0,193.0,181.0,167.0
2024-03-24,202413,146.0,146,146,146,1.4645572e-07,34.916534,0,4,250400920241320178,2025-03-31,Campina Grande,0.59115356,418140,1,0,2,8,,,,,19833,21.5,24.9,28.96,23.3,82.86,240.0,22.41,0.8754694,223.0,22.1,0.8817336,308.0,22.27,1.819425,311.0,22.06,3.8496027,229.25,22.07,4.990432586778736,-0.49436434671191876,-0.42121346507630353,-0.7429086901190098,-0.7525706010307465,12,25.87,25.26,25.49,25.24,12.6,23.3,23.1,33.8,78.57,82.43,79.57,80.57,193.0,181.0,167.0,103.0
2024-03-31,202414,193.0,193,193,193,0.15452401,46.156788,0,4,250400920241420188,2025-04-10,Campina Grande,0.90405214,418140,1,0,2,9,,,,,19833,21.67,25.2,30.37,41.8,82.0,146.0,21.5,0.59115356,240.0,22.41,0.8754694,223.0,22.1,0.8817336,308.0,22.27,1.819425,200.5,21.92,5.267858159063328,0.2774255722845922,-0.21693877442732656,-0.14378789279171134,-0.46548311783441765,13,24.9,25.87,25.26,25.49,23.3,12.6,23.3,23.1,82.86,78.57,82.43,79.57,181.0,167.0,103.0,108.0
2024-04-07,202415,181.0,181,181,181,0.3921752,43.286938,0,4,250400920241520192,2025-04-14,Campina Grande,0.97187406,418140,1,0,2,9,,,,,19833,21.8,25.23,30.09,28.4,81.43,193.0,21.67,0.90405214,146.0,21.5,0.59115356,240.0,22.41,0.8754694,223.0,22.1,0.8817336,190.0,21.845000000000002,5.204006687076795,-0.06385147198653307,0.21357410029805912,-0.28079024641385963,-0.2076393647782444,14,25.2,24.9,25.87,25.26,41.8,23.3,12.6,23.3,82.0,82.86,78.57,82.43,167.0,103.0,108.0,66.0
2024-04-14,202416,167.0,167,167,167,0.25702086,39.938778,0,4,250400920241620200,2025-04-22,Campina Grande,0.93231195,418140,1,0,2,12,,,,,19833,21.83,24.67,28.77,20.1,84.71,181.0,21.8,0.97187406,193.0,21.67,0.90405214,146.0,21.5,0.59115356,240.0,22.41,0.8754694,171.75,21.7,5.123963979403259,-0.08004270767353638,-0.14389417966006945,0.13353139262452274,-0.360832954087396,15,25.23,25.2,24.9,25.87,28.4,41.8,23.3,12.6,81.43,82.0,82.86,78.57,103.0,108.0,66.0,84.0
2024-04-21,202417,103.0,103,103,103,8.980402e-06,24.632898,0,4,250400920241720206,2025-04-28,Campina Grande,0.5924453,418140,1,0,2,9,,,,,19833,21.56,24.77,28.94,11.7,82.43,167.0,21.83,0.93231195,181.0,21.8,0.97187406,193.0,21.67,0.90405214,146.0,21.5,0.59115356,161.0,21.715,4.6443908991413725,-0.4795730802618863,-0.5596157879354227,-0.6234672599219557,-0.34604168763736354,16,24.67,25.23,25.2,24.9,20.1,28.4,41.8,23.3,84.71,81.43,82.0,82.86,108.0,66.0,84.0,78.0
2024-04-28,202418,108.0,108,108,108,0.0029306074,25.82867,0,4,250400920241820213,2025-05-05,Campina Grande,0.7092486,418140,1,0,2,16,,,,,19833,21.17,24.16,28.24,10.1,83.43,103.0,21.56,0.5924453,167.0,21.83,0.93231195,181.0,21.8,0.97187406,193.0,21.67,0.90405214,139.75,21.59,4.6913478822291435,0.046956983087770965,-0.4326160971741153,-0.5126588048476517,-0.5765102768341848,17,24.77,24.67,25.23,25.2,11.7,20.1,28.4,41.8,82.43,84.71,81.43,82.0,66.0,84.0,78.0,54.0
2024-05-05,202419,66.0,66,66,66,1.9360707e-05,15.784187,0,4,250400920241920224,2025-05-16,Campina Grande,0.54167616,418140,1,0,2,14,,,,,19833,20.76,24.04,28.21,10.2,84.0,108.0,21.17,0.7092486,103.0,21.56,0.5924453,167.0,21.83,0.93231195,181.0,21.8,0.97187406,111.0,21.33,4.204692619390966,-0.4866552628381777,-0.43969827975040676,-0.919271360012293,-0.9993140676858294,18,24.16,24.77,24.67,25.23,10.1,11.7,20.1,28.4,83.43,82.43,84.71,81.43,84.0,78.0,54.0,54.0
2024-05-12,202420,84.0,84,84,84,0.14314719,20.088966,0,4,250400920242020227,2025-05-19,Campina Grande,0.8540164,418140,1,0,2,25,,,,,19833,20.7,24.04,28.4,9.4,83.0,66.0,20.76,0.54167616,108.0,21.17,0.7092486,103.0,21.56,0.5924453,167.0,21.83,0.93231195,90.25,21.0475,4.442651256490317,0.23795863709935094,-0.24869662573882678,-0.20173964265105582,-0.6813127229129421,19,24.04,24.16,24.77,24.67,10.2,10.1,11.7,20.1,84.0,83.43,82.43,84.71,78.0,54.0,54.0,65.0
2024-05-19,202421,78.0,78,78,78,0.3370918,18.65404,0,4,250400920242120236,2025-05-28,Campina Grande,0.93608725,418140,1,0,2,27,,,,,19833,20.34,23.51,27.46,6.4,83.57,84.0,20.7,0.8540164,66.0,20.76,0.54167616,108.0,21.17,0.7092486,103.0,21.56,0.5924453,84.0,20.7425,4.3694478524670215,-0.07320340402329517,0.16475523307605577,-0.32190002976212195,-0.274943046674351,20,24.04,24.04,24.16,24.77,9.4,10.2,10.1,11.7,83.0,84.0,83.43,82.43,54.0,54.0,65.0,41.0
2024-05-26,202422,54.0,54,54,54,0.019325525,12.914335,0,4,250400920242220241,2025-06-02,Campina Grande,0.6960505,418140,1,0,2,16,,,,,19833,20.19,23.03,26.61,4.9,84.0,78.0,20.34,0.93608725,84.0,20.7,0.8540164,66.0,20.76,0.54167616,108.0,21.17,0.7092486,70.5,20.4975,4.007333185232471,-0.3621146672345503,-0.4353180712578455,-0.19735943415849455,-0.6840146969966723,21,23.51,24.04,24.04,24.16,6.4,9.4,10.2,10.1,83.57,83.0,84.0,83.43,54.0,65.0,41.0,37.0
2024-06-02,202423,54.0,54,54,54,0.05840143,12.914335,0,4,250400920242320248,2025-06-09,Campina Grande,0.755445,418140,1,0,2,21,,,,,19833,20.59,22.94,26.41,12.9,86.57,54.0,20.19,0.6960505,78.0,20.34,0.93608725,84.0,20.7,0.8540164,66.0,20.76,0.54167616,67.5,20.455,4.007333185232471,0.0,-0.3621146672345503,-0.4353180712578455,-0.19735943415849455,22,23.03,23.51,24.04,24.04,4.9,6.4,9.4,10.2,84.0,83.57,83.0,84.0,65.0,41.0,37.0,52.0
2024-06-09,202424,65.0,65,65,65,0.61102474,15.5450325,0,4,250400920242420255,2025-06-16,Campina Grande,1.0511883,418140,1,0,2,21,,,,,19833,19.79,22.56,26.44,16.9,85.0,54.0,20.59,0.755445,54.0,20.19,0.6960505,78.0,20.34,0.93608725,84.0,20.7,0.8540164,62.75,20.2275,4.189654742026425,0.182321556793954,0.182321556793954,-0.17979311044059632,-0.2529965144638915,23,22.94,23.03,23.51,24.04,12.9,4.9,6.4,9.4,86.57,84.0,83.57,83.0,41.0,37.0,52.0,46.0
2024-06-16,202425,41.0,41,41,41,0.050472066,9.805328,0,4,250400920242520262,2025-06-23,Campina Grande,0.71749073,418140,1,0,2,17,,,,,19833,19.17,21.84,25.49,12.6,85.86,65.0,19.79,1.0511883,54.0,20.59,0.755445,54.0,20.19,0.6960505,78.0,20.34,0.93608725,53.5,19.935000000000002,3.7376696182833684,-0.45198512374305677,-0.26966356694910276,-0.26966356694910276,-0.6317782341836531,24,22.56,22.94,23.03,23.51,16.9,12.9,4.9,6.4,85.0,86.57,84.0,83.57,37.0,52.0,46.0,79.0
2024-06-23,202426,37.0,37,37,37,0.03485536,8.848711,0,4,250400920242620269,2025-06-30,Campina Grande,0.6827996,418140,1,0,2,17,,,,,19833,18.53,22.09,26.3,7.4,83.57,41.0,19.17,0.71749073,65.0,19.79,1.0511883,54.0,20.59,0.755445,54.0,20.19,0.6960505,49.25,19.520000000000003,3.6375861597263857,-0.10008345855698275,-0.5520685823000395,-0.3697470255060855,-0.3697470255060855,25,21.84,22.56,22.94,23.03,12.6,16.9,12.9,4.9,85.86,85.0,86.57,84.0,52.0,46.0,79.0,69.0
2024-06-30,202427,52.0,52,52,52,0.69274807,12.436027,0,4,250400920242720278,2025-07-09,Campina Grande,1.1061342,418140,1,0,2,26,,,,,19833,18.44,21.49,24.96,26.0,86.0,37.0,18.53,0.6827996,41.0,19.17,0.71749073,65.0,19.79,1.0511883,54.0,20.59,0.755445,48.75,18.9825,3.970291913552122,0.3327057538257363,0.23262229526875355,-0.21936282847430322,-0.03704127168034921,26,22.09,21.84,22.56,22.94,7.4,12.6,16.9,12.9,83.57,85.86,85.0,86.57,46.0,79.0,69.0,73.0
2024-07-07,202428,46.0,46,46,46,0.6045341,11.001101,0,4,250400920242820283,2025-07-14,Campina Grande,1.0573789,418140,1,0,2,18,,,,,19833,18.76,21.4,24.46,17.8,87.14,52.0,18.44,1.1061342,37.0,18.53,0.6827996,41.0,19.17,0.71749073,65.0,19.79,1.0511883,44.0,18.725,3.8501476017100584,-0.12014431184206353,0.21256144198367277,0.11247798342669002,-0.33950714031636675,27,21.49,22.09,21.84,22.56,26.0,7.4,12.6,16.9,86.0,83.57,85.86,85.0,79.0,69.0,73.0,74.0
2024-07-14,202429,79.0,79,79,79,0.99755746,18.893194,0,4,250400920242920291,2025-07-22,Campina Grande,1.659564,418140,1,1,2,30,,,,,19833,18.21,21.27,25.09,5.9,82.14,46.0,18.76,1.0573789,52.0,18.44,1.1061342,37.0,18.53,0.6827996,41.0,19.17,0.71749073,53.5,18.485,4.382026634673881,0.5318790329638228,0.41173472112175924,0.7444404749474955,0.6443570163905128,28,21.4,21.49,22.09,21.84,17.8,26.0,7.4,12.6,87.14,86.0,83.57,85.86,69.0,73.0,74.0,73.0
2024-07-21,202430,69.0,69,69,69,0.8792435,16.50165,0,4,250400920243020298,2025-07-29,Campina Grande,1.2329566,418140,0,0,2,22,,,,,19833,17.43,20.91,25.41,3.0,79.71,79.0,18.21,1.659564,46.0,18.76,1.0573789,52.0,18.44,1.1061342,37.0,18.53,0.6827996,61.5,18.21,4.248495242049359,-0.13353139262452185,0.3983476403393009,0.2782033284972374,0.6109090823229737,29,21.27,21.4,21.49,22.09,5.9,17.8,26.0,7.4,82.14,87.14,86.0,83.57,73.0,74.0,73.0,64.0
2024-07-28,202431,73.0,73,73,73,0.7166236,17.458267,0,4,250400920243120305,2025-08-05,Campina Grande,1.1016954,418140,1,0,2,13,,,,,19833,18.73,21.89,25.67,5.6,80.14,69.0,17.43,1.2329566,79.0,18.21,1.659564,46.0,18.76,1.0573789,52.0,18.44,1.1061342,66.75,18.282500000000002,4.30406509320417,0.055569851154810834,-0.07796154146971102,0.45391749149411176,0.3337731796520482,30,20.91,21.27,21.4,21.49,3.0,5.9,17.8,26.0,79.71,82.14,87.14,86.0,74.0,73.0,64.0,56.0
2024-08-04,202432,74.0,74,74,74,0.5979714,17.697422,0,4,250400920243220312,2025-08-12,Campina Grande,1.041946,418140,1,0,2,19,,,,,19833,17.07,21.19,25.74,8.0,80.86,73.0,18.73,1.1016954,69.0,17.43,1.2329566,79.0,18.21,1.659564,46.0,18.76,1.0573789,73.75,17.86,4.31748811353631,0.013423020332139934,0.06899287148695077,-0.06453852113757108,0.4673405118262517,31,21.89,20.91,21.27,21.4,5.6,3.0,5.9,17.8,80.14,79.71,82.14,87.14,73.0,64.0,56.0,46.0
2024-08-11,202433,73.0,73,73,73,0.528466,17.458267,0,4,250400920243320321,2025-08-21,Campina Grande,1.0118917,418140,1,0,2,16,,,,,19833,17.93,22.13,27.16,2.9,76.43,74.0,17.07,1.041946,73.0,18.73,1.1016954,69.0,17.43,1.2329566,79.0,18.21,1.659564,72.25,17.79,4.30406509320417,-0.013423020332139934,0.0,0.055569851154810834,-0.07796154146971102,32,21.19,21.89,20.91,21.27,8.0,5.6,3.0,5.9,80.86,80.14,79.71,82.14,64.0,56.0,46.0,38.0
2024-08-18,202434,64.0,64,64,64,0.2355918,15.305879,0,4,250400920243420328,2025-08-28,Campina Grande,0.8841415,418140,1,0,2,15,,,,,19833,18.91,21.99,26.16,6.4,79.86,73.0,17.93,1.0118917,74.0,17.07,1.041946,73.0,18.73,1.1016954,69.0,17.43,1.2329566,71.0,18.16,4.174387269895637,-0.1296778233085334,-0.14310084364067333,-0.1296778233085334,-0.07410797215372256,33,22.13,21.19,21.89,20.91,2.9,8.0,5.6,3.0,76.43,80.86,80.14,79.71,56.0,46.0,38.0,33.0
2024-08-25,202435,56.0,56,56,56,0.10834301,13.392644,0,4,250400920243520332,2025-09-01,Campina Grande,0.802338,418140,1,0,2,8,,,,,19833,17.69,21.64,26.2,4.8,76.43,64.0,18.91,0.8841415,73.0,17.93,1.0118917,74.0,17.07,1.041946,73.0,18.73,1.1016954,66.75,17.9,4.04305126783455,-0.13133600206108653,-0.2610138253696199,-0.27443684570175986,-0.2610138253696199,34,21.99,22.13,21.19,21.89,6.4,2.9,8.0,5.6,79.86,76.43,80.86,80.14,46.0,38.0,33.0,19.0
2024-09-01,202436,46.0,46,46,46,0.045745015,11.001101,0,4,250400920243620339,2025-09-08,Campina Grande,0.7237447,418140,0,0,2,8,,,,,19833,17.39,21.93,27.16,1.1,73.29,56.0,17.69,0.802338,64.0,18.91,0.8841415,73.0,17.93,1.0118917,74.0,17.07,1.041946,59.75,17.98,3.8501476017100584,-0.19290366612449183,-0.32423966818557837,-0.45391749149411176,-0.4673405118262517,35,21.64,21.99,22.13,21.19,4.8,6.4,2.9,8.0,76.43,79.86,76.43,80.86,38.0,33.0,19.0,21.0
2024-09-08,202437,38.0,38,38,38,0.035671733,9.087865,0,4,250400920243720346,2025-09-15,Campina Grande,0.68730545,418140,1,0,2,3,,,,,19833,18.69,21.89,26.19,12.0,78.86,46.0,17.39,0.7237447,56.0,17.69,0.802338,64.0,18.91,0.8841415,73.0,17.93,1.0118917,51.0,18.17,3.6635616461296463,-0.18658595558041213,-0.37948962170490397,-0.5108256237659905,-0.6405034470745239,36,21.93,21.64,21.99,22.13,1.1,4.8,6.4,2.9,73.29,76.43,79.86,76.43,33.0,19.0,21.0,26.0
2024-09-15,202438,33.0,33,33,33,0.061393682,7.8920937,0,4,250400920243820353,2025-09-22,Campina Grande,0.70713395,418140,1,0,2,4,,,,,19833,18.51,22.77,28.16,3.5,73.14,38.0,18.69,0.68730545,46.0,17.39,0.7237447,56.0,17.69,0.802338,64.0,18.91,0.8841415,43.25,18.07,3.5263605246161616,-0.13720112151348474,-0.32378707709389687,-0.5166907432183887,-0.6480267452794752,37,21.89,21.93,21.64,21.99,12.0,1.1,4.8,6.4,78.86,73.29,76.43,79.86,19.0,21.0,26.0,23.0
2024-09-22,202439,19.0,19,19,19,0.0042632567,4.5439324,0,2,250400920243920363,2025-10-02,Campina Grande,0.4919943,418140,1,0,1,1,,,,,19833,18.89,22.67,27.57,3.3,75.43,33.0,18.51,0.70713395,38.0,18.69,0.68730545,46.0,17.39,0.7237447,56.0,17.69,0.802338,34.0,18.37,2.995732273553991,-0.5306282510621707,-0.6678293725756554,-0.8544153281560676,-1.0473189942805594,38,22.77,21.89,21.93,21.64,3.5,12.0,1.1,4.8,73.14,78.86,73.29,76.43,21.0,26.0,23.0,29.0
2024-09-29,202440,21.0,21,21,21,0.08363958,5.0222416,0,2,250400920244020367,2025-10-06,Campina Grande,0.68111765,418140,1,0,1,3,,,,,19833,19.33,23.13,28.36,3.8,73.86,19.0,18.89,0.4919943,33.0,18.51,0.70713395,38.0,18.69,0.68730545,46.0,17.39,0.7237447,27.75,18.855,3.091042453358316,0.09531017980432521,-0.4353180712578455,-0.5725191927713302,-0.7591051483517424,39,22.67,22.77,21.89,21.93,3.3,3.5,12.0,1.1,75.43,73.14,78.86,73.29,26.0,23.0,29.0,19.0
2024-10-06,202441,26.0,26,26,26,0.59476155,6.2180133,0,2,250400920244120375,2025-10-14,Campina Grande,1.069378,418140,1,0,1,3,,,,,19833,18.9,23.74,29.74,1.0,71.71,21.0,19.33,0.68111765,19.0,18.89,0.4919943,33.0,18.51,0.70713395,38.0,18.69,0.68730545,24.75,18.9075,3.295836866004329,0.20479441264601306,0.30010459245033827,-0.23052365861183244,-0.3677247801253172,40,23.13,22.67,22.77,21.89,3.8,3.3,3.5,12.0,73.86,75.43,73.14,78.86,23.0,29.0,19.0,18.0
2024-10-13,202442,23.0,23,23,23,0.53193516,5.5005503,0,2,250400920244220381,2025-10-20,Campina Grande,1.0238324,418140,1,0,1,2,,,,,19833,20.04,23.86,28.99,2.7,73.29,26.0,18.9,1.069378,21.0,19.33,0.68111765,19.0,18.89,0.4919943,33.0,18.51,0.70713395,22.25,19.29,3.1780538303479458,-0.11778303565638337,0.08701137698962969,0.1823215567939549,-0.3483066942682158,41,23.74,23.13,22.67,22.77,1.0,3.8,3.3,3.5,71.71,73.86,75.43,73.14,29.0,19.0,18.0,25.0
2024-10-20,202443,29.0,29,29,29,0.76652104,6.9354763,0,1,250400920244320389,2025-10-28,Campina Grande,1.2204266,418140,0,0,1,1,,,,,19833,19.87,23.93,29.77,2.6,70.0,23.0,20.04,1.0238324,26.0,18.9,1.069378,21.0,19.33,0.68111765,19.0,18.89,0.4919943,24.75,19.534999999999997,3.4011973816621555,0.2231435513142097,0.10536051565782634,0.3101549283038394,0.4054651081081646,42,23.86,23.74,23.13,22.67,2.7,1.0,3.8,3.3,73.29,71.71,73.86,75.43,19.0,18.0,25.0,23.0
2024-10-27,202444,19.0,19,19,19,0.1903896,4.5439324,0,1,250400920244420395,2025-11-03,Campina Grande,0.7682237,418140,1,0,1,2,,,,,19833,19.84,24.07,29.63,2.8,71.29,29.0,19.87,1.2204266,23.0,20.04,1.0238324,26.0,18.9,1.069378,21.0,19.33,0.68111765,24.25,19.662499999999998,2.995732273553991,-0.4054651081081646,-0.1823215567939549,-0.30010459245033827,-0.09531017980432521,43,23.93,23.86,23.74,23.13,2.6,2.7,1.0,3.8,70.0,73.29,71.71,73.86,18.0,25.0,23.0,20.0
2024-11-03,202445,18.0,18,18,18,0.16696824,4.304778,0,1,250400920244520403,2025-11-11,Campina Grande,0.7436984,418140,0,0,1,2,,,,,19833,19.83,23.99,29.51,4.7,71.86,19.0,19.84,0.7682237,29.0,19.87,1.2204266,23.0,20.04,1.0238324,26.0,18.9,1.069378,22.25,19.895,2.9444389791664403,-0.05129329438755059,-0.4567584024957152,-0.2336148511815055,-0.35139788683788886,44,24.07,23.93,23.86,23.74,2.8,2.6,2.7,1.0,71.29,70.0,73.29,71.71,25.0,23.0,20.0,12.0
2024-11-10,202446,25.0,25,25,25,0.6890801,5.978859,0,1,250400920244620410,2025-11-18,Campina Grande,1.1540861,418140,1,0,1,1,,,,,19833,19.81,24.33,30.17,2.1,69.71,18.0,19.83,0.7436984,19.0,19.84,0.7682237,29.0,19.87,1.2204266,23.0,20.04,1.0238324,22.75,19.8375,3.258096538021482,0.3136575588550419,0.2623642644674913,-0.14310084364067333,0.08004270767353638,45,23.99,24.07,23.93,23.86,4.7,2.8,2.6,2.7,71.86,71.29,70.0,73.29,23.0,20.0,12.0,24.0
2024-11-17,202447,23.0,23,23,23,0.6349438,5.5005503,0,1,250400920244720418,2025-11-26,Campina Grande,1.1089336,418140,1,0,1,1,,,,,19833,20.36,24.81,30.73,1.8,71.0,25.0,19.81,1.1540861,18.0,19.83,0.7436984,19.0,19.84,0.7682237,29.0,19.87,1.2204266,21.25,19.96,3.1780538303479458,-0.08004270767353638,0.2336148511815055,0.1823215567939549,-0.2231435513142097,46,24.33,23.99,24.07,23.93,2.1,4.7,2.8,2.6,69.71,71.86,71.29,70.0,20.0,12.0,24.0,16.0
2024-11-24,202448,20.0,20,20,20,0.3700385,4.783087,0,2,250400920244820425,2025-12-03,Campina Grande,0.9036834,418140,1,0,1,4,,,,,19833,20.29,24.8,30.91,1.4,69.14,23.0,20.36,1.1089336,25.0,19.81,1.1540861,18.0,19.83,0.7436984,19.0,19.84,0.7682237,21.5,20.072499999999998,3.044522437723423,-0.13353139262452274,-0.21357410029805912,0.10008345855698275,0.04879016416943216,47,24.81,24.33,23.99,24.07,1.8,2.1,4.7,2.8,71.0,69.71,71.86,71.29,12.0,24.0,16.0,14.0
2024-12-01,202449,12.0,12,12,12,0.043130986,2.8698523,0,2,250400920244920431,2025-12-09,Campina Grande,0.55116147,418140,1,0,1,0,,,,,19833,20.33,24.07,29.13,11.8,76.86,20.0,20.29,0.9036834,23.0,20.36,1.1089336,25.0,19.81,1.1540861,18.0,19.83,0.7436984,20.0,20.197499999999998,2.5649493574615367,-0.4795730802618863,-0.613104472886409,-0.6931471805599454,-0.3794896217049035,48,24.8,24.81,24.33,23.99,1.4,1.8,2.1,4.7,69.14,71.0,69.71,71.86,24.0,16.0,14.0,21.0
2024-12-08,202450,24.0,24,24,24,0.7709985,5.7397046,0,2,250400920245020437,2025-12-15,Campina Grande,1.2515815,418140,1,0,1,2,,,,,19833,20.53,24.53,29.81,4.6,73.43,12.0,20.33,0.55116147,20.0,20.29,0.9036834,23.0,20.36,1.1089336,25.0,19.81,1.1540861,19.75,20.377499999999998,3.2188758248682006,0.6539264674066638,0.17435338714477755,0.04082199452025481,-0.03922071315328157,49,24.07,24.8,24.81,24.33,11.8,1.4,1.8,2.1,76.86,69.14,71.0,69.71,16.0,14.0,21.0,32.0
2024-12-15,202451,16.0,16,16,16,0.38646302,3.8264697,0,2,250400920245120437,2025-12-15,Campina Grande,0.90636665,418140,1,0,1,0,,,,,19833,21.33,24.8,29.44,11.5,77.29,24.0,20.53,1.2515815,12.0,20.33,0.55116147,20.0,20.29,0.9036834,23.0,20.36,1.1089336,18.0,20.619999999999997,2.833213344056216,-0.3856624808119844,0.2682639865946794,-0.21130909366720685,-0.3448404862917296,50,24.53,24.07,24.8,24.81,4.6,11.8,1.4,1.8,73.43,76.86,69.14,71.0,14.0,21.0,32.0,24.0
2024-12-22,202452,14.0,14,14,14,0.22180106,3.348161,0,2,250400920245220437,2025-12-15,Campina Grande,0.7654124,418140,1,0,1,1,,,,,19833,20.46,24.63,30.0,5.3,72.43,16.0,21.33,0.90636665,24.0,20.53,1.2515815,12.0,20.33,0.55116147,20.0,20.29,0.9036834,16.5,20.6625,2.70805020110221,-0.1251631429540061,-0.5108256237659905,0.14310084364067333,-0.33647223662121295,51,24.8,24.53,24.07,24.8,11.5,4.6,11.8,1.4,77.29,73.43,76.86,69.14,21.0,32.0,24.0,96.0
2024-12-29,202501,21.0,21,21,21,0.71868855,5.0222416,0,2,250400920250120459,2026-01-06,Campina Grande,1.2033406,418140,1,0,1,2,,,,,19833,21.43,25.33,30.57,5.7,72.86,14.0,20.46,0.7654124,16.0,21.33,0.90636665,24.0,20.53,1.2515815,12.0,20.33,0.55116147,18.75,20.9375,3.091042453358316,0.382992252256106,0.2578291093020999,-0.1278333715098845,0.5260930958967793,52,24.63,24.8,24.53,24.07,5.3,11.5,4.6,11.8,72.43,77.29,73.43,76.86,32.0,24.0,96.0,116.0
2025-01-05,202502,32.0,32,32,32,0.9809846,7.6529393,0,2,250400920250220459,2026-01-06,Campina Grande,1.8163762,418140,1,1,2,2,,,,,19833,21.86,25.56,30.84,6.2,74.43,21.0,21.43,1.2033406,14.0,20.46,0.7654124,16.0,21.33,0.90636665,24.0,20.53,1.2515815,20.75,21.27,3.4965075614664802,0.40546510810816416,0.7884573603642702,0.6632942174102641,0.27763173659827967,1,25.33,24.63,24.8,24.53,5.7,5.3,11.5,4.6,72.86,72.43,77.29,73.43,24.0,96.0,116.0,128.0
2025-01-12,202503,24.0,24,24,24,0.6299724,5.7397046,0,2,250400920250320486,2026-02-02,Campina Grande,1.1021267,418140,1,0,1,2,,,,,19833,21.51,24.69,29.34,28.2,77.0,32.0,21.86,1.8163762,21.0,21.43,1.2033406,14.0,20.46,0.7654124,16.0,21.33,0.90636665,22.75,21.315,3.2188758248682006,-0.27763173659827967,0.1278333715098845,0.5108256237659905,0.3856624808119844,2,25.56,25.33,24.63,24.8,6.2,5.7,5.3,11.5,74.43,72.86,72.43,77.29,96.0,116.0,128.0,165.0
2025-01-19,202504,96.0,96,96,96,1.0,22.958818,0,2,250400920250420491,2026-02-07,Campina Grande,3.2358117,418140,1,1,2,8,,,,,19833,21.1,25.04,30.29,8.3,74.43,24.0,21.51,1.1021267,32.0,21.86,1.8163762,21.0,21.43,1.2033406,14.0,20.46,0.7654124,43.25,21.475,4.574710978503383,1.3558351536351823,1.0782034170369026,1.4836685251450668,1.8666607774011728,3,24.69,25.56,25.33,24.63,28.2,6.2,5.7,5.3,77.0,74.43,72.86,72.43,116.0,128.0,165.0,166.0
2025-01-26,202505,116.0,116,116,116,0.99999994,27.741905,0,4,250400920250520495,2026-02-11,Campina Grande,2.4162714,418140,1,1,2,4,,,,,19833,20.73,23.89,28.44,18.6,81.86,96.0,21.1,3.2358117,24.0,21.51,1.1021267,32.0,21.86,1.8163762,21.0,21.43,1.2033406,67.0,21.3,4.762173934797756,0.18746295629437348,1.5432981099295557,1.265666373331276,1.6711314814394402,4,25.04,24.69,25.56,25.33,8.3,28.2,6.2,5.7,74.43,77.0,74.43,72.86,128.0,165.0,166.0,85.0
2025-02-02,202506,128.0,128,128,128,0.9994789,30.611757,0,4,250400920250620503,2026-02-19,Campina Grande,1.5820462,418140,1,1,2,8,,,,,19833,20.46,23.49,27.8,17.6,81.57,116.0,20.73,2.4162714,96.0,21.1,3.2358117,24.0,21.51,1.1021267,32.0,21.86,1.8163762,91.0,20.950000000000003,4.859812404361672,0.09763846956391564,0.2851014258582891,1.6409365794934714,1.3633048428951917,5,23.89,25.04,24.69,25.56,18.6,8.3,28.2,6.2,81.86,74.43,77.0,74.43,165.0,166.0,85.0,86.0
2025-02-09,202507,165.0,165,165,165,0.99947625,39.46047,0,4,250400920250720507,2026-02-23,Campina Grande,1.4887977,418140,1,1,2,5,,,,,19833,20.57,24.51,29.26,3.0,75.43,128.0,20.46,1.5820462,116.0,20.73,2.4162714,96.0,21.1,3.2358117,24.0,21.51,1.1021267,126.25,20.715,5.111987788356544,0.2521753839948717,0.34981385355878736,0.5372768098531608,1.893111963488343,6,23.49,23.89,25.04,24.69,17.6,18.6,8.3,28.2,81.57,81.86,74.43,77.0,166.0,85.0,86.0,95.0
2025-02-16,202508,166.0,166,166,166,0.9708728,39.699623,0,4,250400920250820516,2026-03-04,Campina Grande,1.245174,418140,1,1,2,8,,,,,19833,20.87,24.91,29.93,5.5,75.43,165.0,20.57,1.4887977,128.0,20.46,1.5820462,116.0,20.73,2.4162714,96.0,21.1,3.2358117,143.75,20.657500000000002,5.117993812416755,0.006006024060211779,0.2581814080550835,0.35581987761899914,0.5432828339133726,7,24.51,23.49,23.89,25.04,3.0,17.6,18.6,8.3,75.43,81.57,81.86,74.43,85.0,86.0,95.0,108.0
2025-02-23,202509,85.0,85,85,85,1.4904467e-05,20.32812,0,4,250400920250920521,2026-03-09,Campina Grande,0.5733722,418140,1,0,2,6,,,,,19833,21.0,24.16,28.39,16.6,79.57,166.0,20.87,1.245174,165.0,20.57,1.4887977,128.0,20.46,1.5820462,116.0,20.73,2.4162714,136.0,20.725,4.454347296253507,-0.6636465161632481,-0.6576404921030363,-0.4054651081081646,-0.30782663854424896,8,24.91,24.51,23.49,23.89,5.5,3.0,17.6,18.6,75.43,75.43,81.57,81.86,86.0,95.0,108.0,92.0
2025-03-02,202510,86.0,86,86,86,0.00019654504,20.567274,0,4,250400920251020529,2026-03-17,Campina Grande,0.6196048,418140,1,0,2,1,,,,,19833,20.94,24.17,28.89,9.9,79.71,85.0,21.0,0.5733722,166.0,20.87,1.245174,165.0,20.57,1.4887977,128.0,20.46,1.5820462,125.5,20.845,4.465908118654584,0.011560822401076365,-0.6520856937621717,-0.64607966970196,-0.39390428570708824,9,24.16,24.91,24.51,23.49,16.6,5.5,3.0,17.6,79.57,75.43,75.43,81.57,95.0,108.0,92.0,90.0
2025-03-09,202511,95.0,95,95,95,0.15458734,22.719664,0,4,250400920251120535,2026-03-23,Campina Grande,0.867522,418140,1,0,2,4,,,,,19833,20.97,24.27,28.79,21.0,81.0,86.0,20.94,0.6196048,85.0,21.0,0.5733722,166.0,20.87,1.245174,165.0,20.57,1.4887977,108.0,20.945,4.564348191467836,0.0984400728132524,0.11000089521432876,-0.5536456209489193,-0.5476395968887076,10,24.17,24.16,24.91,24.51,9.9,16.6,5.5,3.0,79.71,79.57,75.43,75.43,108.0,92.0,90.0,85.0
2025-03-16,202512,108.0,108,108,108,0.8487158,25.82867,0,4,250400920251220543,2026-03-31,Campina Grande,1.1562445,418140,1,0,2,5,,,,,19833,20.93,24.16,28.66,35.7,82.71,95.0,20.97,0.867522,86.0,20.94,0.6196048,85.0,21.0,0.5733722,166.0,20.87,1.245174,93.5,20.96,4.6913478822291435,0.12699969076130735,0.22543976357455975,0.2370005859756361,-0.426645930187612,11,24.27,24.17,24.16,24.91,21.0,9.9,16.6,5.5,81.0,79.71,79.57,75.43,92.0,90.0,85.0,48.0
2025-03-23,202513,92.0,92,92,92,0.40856895,22.002201,0,4,250400920251320552,2026-04-09,Campina Grande,0.9668314,418140,1,0,2,8,,,,,19833,20.84,24.67,29.51,4.6,77.29,108.0,20.93,1.1562445,95.0,20.97,0.867522,86.0,20.94,0.6196048,85.0,21.0,0.5733722,95.25,20.919999999999998,4.532599493153256,-0.15874838907588718,-0.031748698314579826,0.06669137449867257,0.07825219689974894,12,24.16,24.27,24.17,24.16,35.7,21.0,9.9,16.6,82.71,81.0,79.71,79.57,90.0,85.0,48.0,66.0
2025-03-30,202514,90.0,90,90,90,0.27368224,21.523891,0,4,250400920251420557,2026-04-14,Campina Grande,0.9161623,418140,1,0,2,15,,,,,19833,21.1,24.33,28.99,7.0,79.71,92.0,20.84,0.9668314,108.0,20.93,1.1562445,95.0,20.97,0.867522,86.0,20.94,0.6196048,96.25,20.96,4.51085950651685,-0.021739986636406528,-0.1804883757122937,-0.053488684950986354,0.044951387862266046,13,24.67,24.16,24.27,24.17,4.6,35.7,21.0,9.9,77.29,82.71,81.0,79.71,85.0,48.0,66.0,52.0
2025-04-06,202515,85.0,85,85,85,0.23354971,20.32812,0,4,250400920251520566,2026-04-23,Campina Grande,0.8973436,418140,1,0,2,1,,,,,19833,21.13,24.79,29.5,13.8,79.86,90.0,21.1,0.9161623,92.0,20.84,0.9668314,108.0,20.93,1.1562445,95.0,20.97,0.867522,93.75,21.0,4.454347296253507,-0.05651221026334241,-0.07825219689974894,-0.2370005859756361,-0.11000089521432876,14,24.33,24.67,24.16,24.27,7.0,4.6,35.7,21.0,79.71,77.29,82.71,81.0,48.0,66.0,52.0,85.0
2025-04-13,202516,48.0,48,48,48,0.00029552422,11.479409,0,4,250400920251620571,2026-04-28,Campina Grande,0.5480148,418140,1,0,2,7,,,,,19833,20.71,25.06,30.5,5.7,76.14,85.0,21.13,0.8973436,90.0,21.1,0.9161623,92.0,20.84,0.9668314,108.0,20.93,1.1562445,78.75,20.945,3.8918202981106265,-0.5625269981428809,-0.6190392084062233,-0.6407791950426298,-0.799527584118517,15,24.79,24.33,24.67,24.16,13.8,7.0,4.6,35.7,79.86,79.71,77.29,82.71,66.0,52.0,85.0,81.0
2025-04-20,202517,66.0,66,66,66,0.19261006,15.784187,0,4,250400920251720578,2026-05-05,Campina Grande,0.86473334,418140,1,0,2,3,,,,,19833,21.37,24.64,29.46,11.6,79.71,48.0,20.71,0.5480148,85.0,21.13,0.8973436,90.0,21.1,0.9161623,92.0,20.84,0.9668314,72.25,21.0775,4.204692619390966,0.31287232128033926,-0.2496546768625416,-0.306166887125884,-0.32790687376229055,16,25.06,24.79,24.33,24.67,5.7,13.8,7.0,4.6,76.14,79.86,79.71,77.29,52.0,85.0,81.0,69.0
2025-04-27,202518,52.0,52,52,52,0.13581133,12.436027,0,4,250400920251820586,2026-05-13,Campina Grande,0.81535566,418140,1,0,2,1,,,,,19833,19.57,24.7,30.54,0.5,74.43,66.0,21.37,0.86473334,48.0,20.71,0.5480148,85.0,21.13,0.8973436,90.0,21.1,0.9161623,62.75,20.695,3.970291913552122,-0.23440070583884376,0.0784716154414955,-0.4840553827013854,-0.5405675929647278,17,24.64,25.06,24.79,24.33,11.6,5.7,13.8,7.0,79.71,76.14,79.86,79.71,85.0,81.0,69.0,56.0
2025-05-04,202519,85.0,85,85,85,0.9810864,20.32812,0,4,250400920251920592,2026-05-19,Campina Grande,1.413908,418140,1,1,2,3,,,,,19833,20.54,24.5,29.51,6.3,76.57,52.0,19.57,0.81535566,66.0,21.37,0.86473334,48.0,20.71,0.5480148,85.0,21.13,0.8973436,62.75,20.5475,4.454347296253507,0.4840553827013854,0.2496546768625416,0.5625269981428809,0.0,18,24.7,24.64,25.06,24.79,0.5,11.6,5.7,13.8,74.43,79.71,76.14,79.86,81.0,69.0,56.0,91.0
2025-05-11,202520,81.0,81,81,81,0.913291,19.371502,0,4,250400920252020599,2026-05-26,Campina Grande,1.2531657,418140,1,0,2,9,,,,,19833,20.0,23.43,28.01,12.9,79.29,85.0,20.54,1.413908,52.0,19.57,0.81535566,66.0,21.37,0.86473334,48.0,20.71,0.5480148,71.0,20.37,4.406719247264253,-0.04762804898925399,0.4364273337121314,0.20202662787328762,0.5148989491536269,19,24.5,24.7,24.64,25.06,6.3,0.5,11.6,5.7,76.57,74.43,79.71,76.14,69.0,56.0,91.0,78.0
2025-05-18,202521,69.0,69,69,69,0.34945074,16.50165,0,4,250400920252120608,2026-06-04,Campina Grande,0.93743354,418140,1,0,2,6,,,,,19833,20.3,22.89,26.44,44.6,86.14,81.0,20.0,1.2531657,85.0,20.54,1.413908,52.0,19.57,0.81535566,66.0,21.37,0.86473334,71.75,20.1025,4.248495242049359,-0.158224005214894,-0.20585205420414798,0.2782033284972374,0.04380262265839363,20,23.43,24.5,24.7,24.64,12.9,6.3,0.5,11.6,79.29,76.57,74.43,79.71,56.0,91.0,78.0,37.0
2025-05-25,202522,56.0,56,56,56,0.042175043,13.392644,0,4,250400920252220619,2026-06-15,Campina Grande,0.7396851,418140,1,0,2,2,,,,,19833,19.96,23.14,27.26,7.6,82.43,69.0,20.3,0.93743354,81.0,20.0,1.2531657,85.0,20.54,1.413908,52.0,19.57,0.81535566,72.75,20.200000000000003,4.04305126783455,-0.2054439742148091,-0.3636679794297031,-0.41129602841895707,0.0727593542824283,21,22.89,23.43,24.5,24.7,44.6,12.9,6.3,0.5,86.14,79.29,76.57,74.43,91.0,78.0,37.0,40.0
2025-06-01,202523,91.0,91,91,91,0.9480624,21.763046,0,4,250400920252320621,2026-06-17,Campina Grande,1.292269,418140,1,0,2,8,,,,,19833,20.13,22.91,26.7,10.4,84.29,56.0,19.96,0.7396851,69.0,20.3,0.93743354,81.0,20.0,1.2531657,85.0,20.54,1.413908,74.25,20.0975,4.5217885770490405,0.4787373092144902,0.2732933349996811,0.11506932978478712,0.06744128079553313,22,23.14,22.89,23.43,24.5,7.6,44.6,12.9,6.3,82.43,86.14,79.29,76.57,78.0,37.0,40.0,40.0
2025-06-08,202524,78.0,78,78,78,0.7445849,18.65404,0,4,250400920252420627,2026-06-23,Campina Grande,1.1138972,418140,1,0,2,4,,,,,19833,19.64,22.4,25.97,7.3,85.43,91.0,20.13,1.292269,56.0,19.96,0.7396851,69.0,20.3,0.93743354,81.0,20.0,1.2531657,73.5,20.0075,4.3694478524670215,-0.15234072458201897,0.32639658463247123,0.12095261041766214,-0.03727139479723185,23,22.91,23.14,22.89,23.43,10.4,7.6,44.6,12.9,84.29,82.43,86.14,79.29,37.0,40.0,40.0,45.0
2025-06-15,202525,37.0,37,37,37,0.00014373679,8.848711,0,2,250400920252520636,2026-07-02,Campina Grande,0.49451157,418140,1,0,1,3,,,,,19833,19.4,21.89,25.3,15.5,86.71,78.0,19.64,1.1138972,91.0,20.13,1.292269,56.0,19.96,0.7396851,69.0,20.3,0.93743354,65.5,19.7825,3.6375861597263857,-0.7318616927406358,-0.8842024173226548,-0.4054651081081646,-0.6109090823229737,24,22.4,22.91,23.14,22.89,7.3,10.4,7.6,44.6,85.43,84.29,82.43,86.14,40.0,40.0,45.0,33.0
2025-06-22,202526,40.0,40,40,40,0.0036215112,9.566174,0,2,250400920252620642,2026-07-08,Campina Grande,0.5918066,418140,1,0,1,7,,,,,19833,19.63,22.26,25.74,23.0,87.29,37.0,19.4,0.49451157,78.0,19.64,1.1138972,91.0,20.13,1.292269,56.0,19.96,0.7396851,61.5,19.7,3.713572066704308,0.07598590697792229,-0.6558757857627135,-0.8082165103447325,-0.3294792011302423,25,21.89,22.4,22.91,23.14,15.5,7.3,10.4,7.6,86.71,85.43,84.29,82.43,40.0,45.0,33.0,46.0
2025-06-29,202527,40.0,40,40,40,0.13041309,9.566174,0,2,250400920252720647,2026-07-13,Campina Grande,0.7898307,418140,1,0,1,3,,,,,19833,18.83,21.69,25.5,9.9,84.57,40.0,19.63,0.5918066,37.0,19.4,0.49451157,78.0,19.64,1.1138972,91.0,20.13,1.292269,48.75,19.375,3.713572066704308,0.0,0.07598590697792229,-0.6558757857627135,-0.8082165103447325,26,22.26,21.89,22.4,22.91,23.0,15.5,7.3,10.4,87.29,86.71,85.43,84.29,45.0,33.0,46.0,52.0
2025-07-06,202528,45.0,45,45,45,0.64155996,10.761946,0,2,250400920252820654,2026-07-20,Campina Grande,1.08066,418140,1,0,2,6,,,,,19833,18.86,21.33,24.49,9.2,84.0,40.0,18.83,0.7898307,40.0,19.63,0.5918066,37.0,19.4,0.49451157,78.0,19.64,1.1138972,40.5,19.18,3.828641396489095,0.11506932978478712,0.11506932978478712,0.1910552367627094,-0.5408064559779264,27,21.69,22.26,21.89,22.4,9.9,23.0,15.5,7.3,84.57,87.29,86.71,85.43,33.0,46.0,52.0,47.0
2025-07-13,202529,33.0,33,33,33,0.18440825,7.8920937,0,2,250400920252920662,2026-07-28,Campina Grande,0.81155825,418140,1,0,1,7,,,,,19833,18.11,21.67,25.86,3.1,81.29,45.0,18.86,1.08066,40.0,18.83,0.7898307,40.0,19.63,0.5918066,37.0,19.4,0.49451157,39.5,18.857499999999998,3.5263605246161616,-0.3022808718729335,-0.1872115420881464,-0.1872115420881464,-0.1112256351102241,28,21.33,21.69,22.26,21.89,9.2,9.9,23.0,15.5,84.0,84.57,87.29,86.71,46.0,52.0,47.0,66.0
2025-07-20,202530,46.0,46,46,46,0.72634405,11.001101,0,2,250400920253020671,2026-08-06,Campina Grande,1.1376553,418140,1,0,2,7,,,,,19833,18.61,21.87,25.57,7.5,82.71,33.0,18.11,0.81155825,45.0,18.86,1.08066,40.0,18.83,0.7898307,40.0,19.63,0.5918066,41.0,18.6025,3.8501476017100584,0.32378707709389687,0.02150620522096336,0.13657553500575048,0.13657553500575048,29,21.67,21.33,21.69,22.26,3.1,9.2,9.9,23.0,81.29,84.0,84.57,87.29,52.0,47.0,66.0,54.0
2025-07-27,202531,52.0,52,52,52,0.8890008,12.436027,0,4,250400920253120676,2026-08-11,Campina Grande,1.2892368,418140,1,0,2,4,,,,,19833,19.2,21.81,25.49,9.9,85.71,46.0,18.61,1.1376553,33.0,18.11,0.81155825,45.0,18.86,1.08066,40.0,18.83,0.7898307,44.0,18.695,3.970291913552122,0.12014431184206353,0.4439313889359604,0.1416505170630269,0.256719846847814,30,21.87,21.67,21.33,21.69,7.5,3.1,9.2,9.9,82.71,81.29,84.0,84.57,47.0,66.0,54.0,59.0
2025-08-03,202532,47.0,47,47,47,0.62118876,11.240254,0,4,250400920253220683,2026-08-18,Campina Grande,1.0665164,418140,1,0,2,4,,,,,19833,18.67,21.61,25.59,12.1,84.43,52.0,19.2,1.2892368,46.0,18.61,1.1376553,33.0,18.11,0.81155825,45.0,18.86,1.08066,44.5,18.6475,3.871201010907891,-0.09909090264423082,0.021053409197832718,0.3448404862917296,0.04255961441879608,31,21.81,21.87,21.67,21.33,9.9,7.5,3.1,9.2,85.71,82.71,81.29,84.0,66.0,54.0,59.0,73.0
2025-08-10,202533,66.0,66,66,66,0.9467813,15.784187,0,4,250400920253320689,2026-08-24,Campina Grande,1.3525082,418140,1,0,2,6,,,,,19833,18.81,21.9,26.04,22.6,83.57,47.0,18.67,1.0665164,52.0,19.2,1.2892368,46.0,18.61,1.1376553,33.0,18.11,0.81155825,52.75,18.822499999999998,4.204692619390966,0.3334916084830746,0.23440070583884376,0.3545450176809073,0.6783320947748042,32,21.61,21.81,21.87,21.67,12.1,9.9,7.5,3.1,84.43,85.71,82.71,81.29,54.0,59.0,73.0,84.0
2025-08-17,202534,54.0,54,54,54,0.54429996,12.914335,0,4,250400920253420698,2026-09-02,Campina Grande,1.0216773,418140,1,0,2,9,,,,,19833,17.66,21.07,25.21,8.0,81.57,66.0,18.81,1.3525082,47.0,18.67,1.0665164,52.0,19.2,1.2892368,46.0,18.61,1.1376553,54.75,18.585,4.007333185232471,-0.19735943415849455,0.13613217432458002,0.03704127168034921,0.15718558352241274,33,21.9,21.61,21.81,21.87,22.6,12.1,9.9,7.5,83.57,84.43,85.71,82.71,59.0,73.0,84.0,64.0
2025-08-24,202535,59.0,59,59,59,0.57500637,14.110106,0,4,250400920253520707,2026-09-11,Campina Grande,1.0356222,418140,1,0,2,5,,,,,19833,18.27,21.83,26.34,5.1,79.71,54.0,17.66,1.0216773,66.0,18.81,1.3525082,47.0,18.67,1.0665164,52.0,19.2,1.2892368,56.5,18.3525,4.0943445622221,0.08701137698962924,-0.11034805716886531,0.22314355131420927,0.12405264866997845,34,21.07,21.9,21.61,21.81,8.0,22.6,12.1,9.9,81.57,83.57,84.43,85.71,73.0,84.0,64.0,75.0
2025-08-31,202536,73.0,73,73,73,0.8978402,17.458267,0,4,250400920253620713,2026-09-17,Campina Grande,1.2477609,418140,1,0,2,5,,,,,19833,18.89,21.17,24.67,17.7,86.71,59.0,18.27,1.0356222,54.0,17.66,1.0216773,66.0,18.81,1.3525082,47.0,18.67,1.0665164,63.0,18.4075,4.30406509320417,0.20972053098206977,0.296731907971699,0.09937247381320446,0.43286408229627904,35,21.83,21.07,21.9,21.61,5.1,8.0,22.6,12.1,79.71,81.57,83.57,84.43,84.0,64.0,75.0,60.0
2025-09-07,202537,84.0,84,84,84,0.96224207,20.088966,0,4,250400920253720719,2026-09-23,Campina Grande,1.3422422,418140,1,1,2,8,,,,,19833,18.53,22.2,26.89,6.0,79.14,73.0,18.89,1.2477609,59.0,18.27,1.0356222,54.0,17.66,1.0216773,66.0,18.81,1.3525082,67.5,18.3375,4.442651256490317,0.13858616328614648,0.34830669426821625,0.4353180712578455,0.23795863709935094,36,21.17,21.83,21.07,21.9,17.7,5.1,8.0,22.6,86.71,79.71,81.57,83.57,64.0,75.0,60.0,47.0
2025-09-14,202538,64.0,64,64,64,0.28999436,15.305879,0,4,250400920253820719,2026-09-23,Campina Grande,0.9091632,418140,1,0,2,10,,,,,19833,18.7,22.53,27.37,4.9,76.71,84.0,18.53,1.3422422,73.0,18.89,1.2477609,59.0,18.27,1.0356222,54.0,17.66,1.0216773,70.0,18.5975,4.174387269895637,-0.26826398659467987,-0.1296778233085334,0.08004270767353638,0.16705408466316563,37,22.2,21.17,21.83,21.07,6.0,17.7,5.1,8.0,79.14,86.71,79.71,81.57,75.0,60.0,47.0,68.0
2025-09-21,202539,75.0,75,75,75,0.5280131,17.936577,0,4,250400920253920719,2026-09-23,Campina Grande,1.011543,418140,1,0,2,8,,,,,19833,19.13,22.69,27.33,7.6,76.14,64.0,18.7,0.9091632,84.0,18.53,1.3422422,73.0,18.89,1.2477609,59.0,18.27,1.0356222,74.0,18.8125,4.330733340286331,0.15634607039069426,-0.11191791620398561,0.026668247082160867,0.23638877806423064,38,22.53,22.2,21.17,21.83,4.9,6.0,17.7,5.1,76.71,79.14,86.71,79.71,60.0,47.0,68.0,54.0
2025-09-28,202540,60.0,60,60,60,0.15794611,14.349261,0,4,250400920254020719,2026-09-23,Campina Grande,0.83968633,418140,0,0,2,6,,,,,19833,18.8,22.23,26.91,5.8,76.86,75.0,19.13,1.011543,64.0,18.7,0.9091632,84.0,18.53,1.3422422,73.0,18.89,1.2477609,70.75,18.79,4.110873864173311,-0.2198594761130197,-0.06351340572232544,-0.3317773923170053,-0.19319122903085884,39,22.69,22.53,22.2,21.17,7.6,4.9,6.0,17.7,76.14,76.71,79.14,86.71,47.0,68.0,54.0,54.0
2025-10-05,202541,47.0,47,47,47,0.02784895,11.240254,0,4,250400920254120719,2026-09-23,Campina Grande,0.698061,418140,1,0,2,1,,,,,19833,18.76,22.9,27.97,3.9,75.43,60.0,18.8,0.83968633,75.0,19.13,1.011543,64.0,18.7,0.9091632,84.0,18.53,1.3422422,61.5,18.8475,3.871201010907891,-0.2396728532654202,-0.4595323293784399,-0.30318625898774565,-0.5714502455824255,40,22.23,22.69,22.53,22.2,5.8,7.6,4.9,6.0,76.86,76.14,76.71,79.14,68.0,54.0,54.0,43.0
2025-10-12,202542,68.0,68,68,68,0.732885,16.262495,0,4,250400920254220719,2026-09-23,Campina Grande,1.1153775,418140,1,0,2,9,,,,,19833,19.09,23.09,28.07,4.4,75.0,47.0,18.76,0.698061,60.0,18.8,0.83968633,75.0,19.13,1.011543,64.0,18.7,0.9091632,62.5,18.945,4.23410650459726,0.36290549368936853,0.12323264042394833,-0.09662683568907138,0.05971923470162288,41,22.9,22.23,22.69,22.53,3.9,5.8,7.6,4.9,75.43,76.86,76.14,76.71,54.0,54.0,43.0,38.0
2025-10-19,202543,54.0,54,54,54,0.38813654,12.914335,0,4,250400920254320719,2026-09-23,Campina Grande,0.94766164,418140,1,0,2,3,,,,,19833,19.7,23.64,28.97,6.1,73.43,68.0,19.09,1.1153775,47.0,18.76,0.698061,60.0,18.8,0.83968633,75.0,19.13,1.011543,57.25,19.0875,4.007333185232471,-0.2267733193647885,0.13613217432458002,-0.10354067894084018,-0.3234001550538599,42,23.09,22.9,22.23,22.69,4.4,3.9,5.8,7.6,75.0,75.43,76.86,76.14,54.0,43.0,38.0,22.0
2025-10-26,202544,54.0,54,54,54,0.35000792,12.914335,0,4,250400920254420719,2026-09-23,Campina Grande,0.9300216,418140,1,0,2,6,,,,,19833,19.31,23.1,28.04,4.4,75.0,54.0,19.7,0.94766164,68.0,19.09,1.1153775,47.0,18.76,0.698061,60.0,18.8,0.83968633,55.75,19.215,4.007333185232471,0.0,-0.2267733193647885,0.13613217432458002,-0.10354067894084018,43,23.64,23.09,22.9,22.23,6.1,4.4,3.9,5.8,73.43,75.0,75.43,76.86,43.0,38.0,22.0,20.0
2025-11-02,202545,43.0,43,43,43,0.09130331,10.283637,0,4,250400920254520719,2026-09-23,Campina Grande,0.7651444,418140,1,0,2,4,,,,,19833,19.36,24.14,30.26,1.0,71.57,54.0,19.31,0.9300216,54.0,19.7,0.94766164,68.0,19.09,1.1153775,47.0,18.76,0.698061,54.75,19.365,3.784189633918261,-0.22314355131421015,-0.22314355131421015,-0.44991687067899866,-0.08701137698963013,44,23.1,23.64,23.09,22.9,4.4,6.1,4.4,3.9,75.0,73.43,75.0,75.43,38.0,22.0,20.0,23.0
2025-11-09,202546,38.0,38,38,38,0.08342532,9.087865,0,2,250400920254620719,2026-09-23,Campina Grande,0.74577767,418140,1,0,1,4,,,,,19833,19.24,23.83,29.26,1.4,71.0,43.0,19.36,0.7651444,54.0,19.31,0.9300216,54.0,19.7,0.94766164,68.0,19.09,1.1153775,47.25,19.402499999999996,3.6635616461296463,-0.12062798778861472,-0.3437715391028249,-0.3437715391028249,-0.5705448584676134,45,24.14,23.1,23.64,23.09,1.0,4.4,6.1,4.4,71.57,75.0,73.43,75.0,22.0,20.0,23.0,31.0
2025-11-16,202547,22.0,22,22,22,0.0031289747,5.261396,0,2,250400920254720719,2026-09-23,Campina Grande,0.501975,418140,1,0,1,3,,,,,19833,20.0,24.39,30.19,2.2,71.0,38.0,19.24,0.74577767,43.0,19.36,0.7651444,54.0,19.31,0.9300216,54.0,19.7,0.94766164,39.25,19.4775,3.1354942159291497,-0.5280674302004966,-0.6486954179891113,-0.8718389693033215,-0.8718389693033215,46,23.83,24.14,23.1,23.64,1.4,1.0,4.4,6.1,71.0,71.57,75.0,73.43,20.0,23.0,31.0,26.0
2025-11-23,202548,20.0,20,20,20,0.01936111,4.783087,0,2,250400920254820719,2026-09-23,Campina Grande,0.569286,418140,1,0,1,1,,,,,19833,20.1,24.4,29.67,3.5,72.0,22.0,20.0,0.501975,38.0,19.24,0.74577767,43.0,19.36,0.7651444,54.0,19.31,0.9300216,30.75,19.674999999999997,3.044522437723423,-0.09097177820572666,-0.6190392084062233,-0.739667196194838,-0.9628107475090482,47,24.39,23.83,24.14,23.1,2.2,1.4,1.0,4.4,71.0,71.0,71.57,75.0,23.0,31.0,26.0,12.0
2025-11-30,202549,23.0,23,23,23,0.3020084,5.5005503,0,2,250400920254920719,2026-09-23,Campina Grande,0.86397684,418140,1,0,1,0,,,,,19833,20.41,24.64,29.94,5.2,72.43,20.0,20.1,0.569286,22.0,20.0,0.501975,38.0,19.24,0.74577767,43.0,19.36,0.7651444,25.75,19.9375,3.1780538303479458,0.13353139262452274,0.04255961441879608,-0.48550781578170055,-0.6061358035703153,48,24.4,24.39,23.83,24.14,3.5,2.2,1.4,1.0,72.0,71.0,71.0,71.57,31.0,26.0,12.0,17.0
2025-12-07,202550,31.0,31,31,31,0.870827,7.413785,0,2,250400920255020719,2026-09-23,Campina Grande,1.3601991,418140,1,0,1,2,,,,,19833,20.31,24.77,30.46,2.0,70.43,23.0,20.41,0.86397684,20.0,20.1,0.569286,22.0,20.0,0.501975,38.0,19.24,0.74577767,24.0,20.205,3.4657359027997265,0.2876820724517808,0.42121346507630353,0.33024168687057687,-0.19782574332991976,49,24.64,24.4,24.39,23.83,5.2,3.5,2.2,1.4,72.43,72.0,71.0,71.0,26.0,12.0,17.0,33.0
2025-12-14,202551,26.0,26,26,26,0.5965107,6.2180133,0,2,250400920255120719,2026-09-23,Campina Grande,1.0707524,418140,1,0,1,2,,,,,19833,20.3,24.36,29.64,3.6,71.0,31.0,20.31,1.3601991,23.0,20.41,0.86397684,20.0,20.1,0.569286,22.0,20.0,0.501975,25.0,20.28,3.295836866004329,-0.16989903679539742,0.11778303565638337,0.2513144282809061,0.16034265007517945,50,24.77,24.64,24.4,24.39,2.0,5.2,3.5,2.2,70.43,72.43,72.0,71.0,12.0,17.0,33.0,27.0
2025-12-21,202552,12.0,12,12,12,0.009839706,2.8698523,0,2,250400920255220719,2026-09-23,Campina Grande,0.46057943,418140,1,0,1,0,,,,,19833,20.33,24.04,28.81,6.0,74.14,26.0,20.3,1.0707524,31.0,20.31,1.3601991,23.0,20.41,0.86397684,20.0,20.1,0.569286,23.0,20.3375,2.5649493574615367,-0.7308875085427924,-0.9007865453381898,-0.613104472886409,-0.4795730802618863,51,24.36,24.77,24.64,24.4,3.6,2.0,5.2,3.5,71.0,70.43,72.43,72.0,17.0,33.0,27.0,25.0
2025-12-28,202553,17.0,17,17,17,0.16733013,4.0656238,0,2,250400920255320719,2026-09-23,Campina Grande,0.73821515,418140,1,0,1,1,,,,,19833,20.96,25.1,30.46,2.2,71.71,12.0,20.33,0.46057943,26.0,20.3,1.0707524,31.0,20.31,1.3601991,23.0,20.41,0.86397684,21.5,20.475,2.8903717578961645,0.3254224004346278,-0.4054651081081646,-0.575364144903562,-0.28768207245178123,52,24.04,24.36,24.77,24.64,6.0,3.6,2.0,5.2,74.14,71.0,70.43,72.43,33.0,27.0,25.0,13.0
2026-01-04,202601,33.0,33,33,33,0.9777868,7.8920937,0,2,250400920260120719,2026-09-23,Campina Grande,1.7598017,418140,1,1,1,3,,,,,19833,20.33,24.79,30.29,2.3,70.43,17.0,20.96,0.73821515,12.0,20.33,0.46057943,26.0,20.3,1.0707524,31.0,20.31,1.3601991,22.0,20.48,3.5263605246161616,0.635988766719997,0.9614111671546248,0.23052365861183244,0.06062462181643502,1,25.1,24.04,24.36,24.77,2.2,6.0,3.6,2.0,71.71,74.14,71.0,70.43,27.0,25.0,13.0,46.0
2026-01-11,202602,27.0,27,27,27,0.8227446,6.4571676,0,2,250400920260220719,2026-09-23,Campina Grande,1.3060693,418140,1,0,1,2,,,,,19833,20.83,24.37,29.27,9.0,73.71,33.0,20.33,1.7598017,17.0,20.96,0.73821515,12.0,20.33,0.46057943,26.0,20.3,1.0707524,22.25,20.6125,3.332204510175204,-0.19415601444095776,0.4418327522790393,0.7672551527136671,0.03636764417087468,2,24.79,25.1,24.04,24.36,2.3,2.2,6.0,3.6,70.43,71.71,74.14,71.0,25.0,13.0,46.0,33.0
2026-01-18,202603,25.0,25,25,25,0.4477944,5.978859,0,2,250400920260320719,2026-09-23,Campina Grande,0.9641757,418140,1,0,1,0,,,,,19833,20.3,24.43,29.44,4.8,73.29,27.0,20.83,1.3060693,33.0,20.33,1.7598017,17.0,20.96,0.73821515,12.0,20.33,0.46057943,25.5,20.605,3.258096538021482,-0.07410797215372167,-0.2682639865946794,0.3677247801253176,0.6931471805599454,3,24.37,24.79,25.1,24.04,9.0,2.3,2.2,6.0,73.71,70.43,71.71,74.14,13.0,46.0,33.0,64.0
2026-01-25,202604,13.0,13,13,13,0.01420494,3.1090066,0,2,250400920260420719,2026-09-23,Campina Grande,0.49089614,418140,1,0,1,0,,,,,19833,21.13,25.01,30.36,5.4,73.71,25.0,20.3,0.9641757,27.0,20.83,1.3060693,33.0,20.33,1.7598017,17.0,20.96,0.73821515,24.5,20.647499999999997,2.6390573296152584,-0.6190392084062237,-0.6931471805599454,-0.8873031950009032,-0.2513144282809061,4,24.43,24.37,24.79,25.1,4.8,9.0,2.3,2.2,73.29,73.71,70.43,71.71,46.0,33.0,64.0,59.0
2026-02-01,202605,46.0,46,46,46,0.9961984,11.001101,0,1,250400920260520719,2026-09-23,Campina Grande,1.9170933,418140,0,1,2,2,,,,,19833,20.89,24.79,30.14,14.7,74.43,13.0,21.13,0.49089614,25.0,20.3,0.9641757,27.0,20.83,1.3060693,33.0,20.33,1.7598017,27.75,20.787499999999998,3.8501476017100584,1.2110902720948,0.5920510636885763,0.5179430915348546,0.32378707709389687,5,25.01,24.43,24.37,24.79,5.4,4.8,9.0,2.3,73.71,73.29,73.71,70.43,33.0,64.0,59.0,53.0
2026-02-08,202606,33.0,33,33,33,0.8297782,7.8920937,0,1,250400920260620719,2026-09-23,Campina Grande,1.2813457,418140,1,0,1,1,,,,,19833,20.7,23.49,27.67,27.8,81.71,46.0,20.89,1.9170933,13.0,21.13,0.49089614,25.0,20.3,0.9641757,27.0,20.83,1.3060693,29.25,20.755,3.5263605246161616,-0.32378707709389687,0.8873031950009032,0.2682639865946794,0.19415601444095776,6,24.79,25.01,24.43,24.37,14.7,5.4,4.8,9.0,74.43,73.71,73.29,73.71,64.0,59.0,53.0,68.0
2026-02-15,202607,64.0,64,64,64,0.99873245,15.305879,0,1,250400920260720719,2026-09-23,Campina Grande,1.8598543,418140,1,1,2,1,,,,,19833,21.17,24.83,29.6,5.6,76.0,33.0,20.7,1.2813457,46.0,20.89,1.9170933,13.0,21.13,0.49089614,25.0,20.3,0.9641757,39.0,20.9725,4.174387269895637,0.6480267452794752,0.32423966818557837,1.5353299402803784,0.9162907318741547,7,23.49,24.79,25.01,24.43,27.8,14.7,5.4,4.8,81.71,74.43,73.71,73.29,59.0,53.0,68.0,62.0
2026-02-22,202608,59.0,59,59,59,0.9344544,14.110106,0,4,250400920260820719,2026-09-23,Campina Grande,1.347534,418140,1,0,2,2,,,,,19833,21.43,24.93,29.69,10.6,77.71,64.0,21.17,1.8598543,33.0,20.7,1.2813457,46.0,20.89,1.9170933,13.0,21.13,0.49089614,50.5,21.0475,4.0943445622221,-0.08004270767353638,0.5679840376059389,0.24419696051204198,1.455287232606842,8,24.83,23.49,24.79,25.01,5.6,27.8,14.7,5.4,76.0,81.71,74.43,73.71,53.0,68.0,62.0,62.0
2026-03-01,202609,53.0,53,53,53,0.49223852,12.67518,0,4,250400920260920719,2026-09-23,Campina Grande,0.99624586,418140,1,0,2,3,,,,,19833,20.96,23.99,28.23,24.1,81.0,59.0,21.43,1.347534,64.0,21.17,1.8598543,33.0,20.7,1.2813457,46.0,20.89,1.9170933,52.25,21.065,3.9889840465642745,-0.10536051565782589,-0.18540322333136228,0.46262352194811296,0.1388364448542161,9,24.93,24.83,23.49,24.79,10.6,5.6,27.8,14.7,77.71,76.0,81.71,74.43,68.0,62.0,62.0,44.0
2026-03-08,202610,68.0,68,68,68,0.8264703,16.262495,0,4,250400920261020719,2026-09-23,Campina Grande,1.1824669,418140,1,0,2,2,,,,,19833,20.83,24.84,29.8,8.7,77.29,53.0,20.96,0.99624586,59.0,21.43,1.347534,64.0,21.17,1.8598543,33.0,20.7,1.2813457,61.0,21.0975,4.23410650459726,0.24512245803298516,0.13976194237515926,0.05971923470162288,0.7077459799810981,10,23.99,24.93,24.83,23.49,24.1,10.6,5.6,27.8,81.0,77.71,76.0,81.71,62.0,62.0,44.0,68.0
2026-03-15,202611,62.0,62,62,62,0.613879,14.82757,0,4,250400920261120719,2026-09-23,Campina Grande,1.0538929,418140,1,0,2,3,,,,,19833,21.2,25.17,30.34,9.9,76.43,68.0,20.83,1.1824669,53.0,20.96,0.99624586,59.0,21.43,1.347534,64.0,21.17,1.8598543,60.5,21.105,4.143134726391533,-0.0909717782057271,0.15415067982725805,0.04879016416943216,-0.031252543504104224,11,24.84,23.99,24.93,24.83,8.7,24.1,10.6,5.6,77.29,81.0,77.71,76.0,62.0,44.0,68.0,78.0
2026-03-22,202612,62.0,62,62,62,0.50806826,14.82757,0,4,250400920261220719,2026-09-23,Campina Grande,1.0036303,418140,1,0,2,3,,,,,19833,20.87,24.44,29.04,19.8,79.57,62.0,21.2,1.0538929,68.0,20.83,1.1824669,53.0,20.96,0.99624586,59.0,21.43,1.347534,61.25,20.965,4.143134726391533,0.0,-0.0909717782057271,0.15415067982725805,0.04879016416943216,12,25.17,24.84,23.99,24.93,9.9,8.7,24.1,10.6,76.43,77.29,81.0,77.71,44.0,68.0,78.0,53.0
2026-03-29,202613,44.0,44,44,44,0.041603126,10.522792,0,4,250400920261320719,2026-09-23,Campina Grande,0.71315306,418140,1,0,2,1,,,,,19833,21.0,23.87,28.0,68.2,84.29,62.0,20.87,1.0036303,62.0,21.2,1.0538929,68.0,20.83,1.1824669,53.0,20.96,0.99624586,59.0,20.975,3.8066624897703196,-0.33647223662121295,-0.33647223662121295,-0.42744401482694006,-0.1823215567939549,13,24.44,25.17,24.84,23.99,19.8,9.9,8.7,24.1,79.57,76.43,77.29,81.0,68.0,78.0,53.0,68.0
2026-04-05,202614,68.0,68,68,68,0.81519145,16.262495,0,4,250400920261420719,2026-09-23,Campina Grande,1.1730413,418140,1,0,2,5,,,,,19833,20.53,23.7,27.99,28.0,84.29,44.0,21.0,0.71315306,62.0,20.87,1.0036303,62.0,21.2,1.0538929,68.0,20.83,1.1824669,59.0,20.9,4.23410650459726,0.42744401482694006,0.0909717782057271,0.0909717782057271,0.0,14,23.87,24.44,25.17,24.84,68.2,19.8,9.9,8.7,84.29,79.57,76.43,77.29,78.0,53.0,68.0,56.0
2026-04-12,202615,78.0,78,78,78,0.9662447,18.65404,0,4,250400920261520719,2026-09-23,Campina Grande,1.3713819,418140,1,1,2,5,,,,,19833,20.86,23.74,27.7,41.7,85.14,68.0,20.53,1.1730413,44.0,21.0,0.71315306,62.0,20.87,1.0036303,62.0,21.2,1.0538929,63.0,20.814999999999998,4.3694478524670215,0.13534134786976182,0.5627853626967019,0.22631312607548892,0.22631312607548892,15,23.7,23.87,24.44,25.17,28.0,68.2,19.8,9.9,84.29,84.29,79.57,76.43,53.0,68.0,56.0,57.0
2026-04-19,202616,53.0,53,53,53,0.17232174,12.67518,0,4,250400920261620719,2026-09-23,Campina Grande,0.8393856,418140,1,0,2,1,,,,,19833,20.66,23.67,27.71,11.1,83.71,78.0,20.86,1.3713819,68.0,20.53,1.1730413,44.0,21.0,0.71315306,62.0,20.87,1.0036303,60.75,20.7625,3.9889840465642745,-0.380463805902747,-0.24512245803298516,0.1823215567939549,-0.15415067982725805,16,23.74,23.7,23.87,24.44,41.7,28.0,68.2,19.8,85.14,84.29,84.29,79.57,68.0,56.0,57.0,67.0
2026-04-26,202617,68.0,68,68,68,0.5438313,16.262495,0,4,250400920261720719,2026-09-23,Campina Grande,1.0190912,418140,1,0,2,7,,,,,19833,20.24,22.86,26.37,96.4,86.0,53.0,20.66,0.8393856,78.0,20.86,1.3713819,68.0,20.53,1.1730413,44.0,21.0,0.71315306,66.75,20.572499999999998,4.23410650459726,0.24512245803298516,-0.13534134786976182,0.0,0.42744401482694006,17,23.67,23.74,23.7,23.87,11.1,41.7,28.0,68.2,83.71,85.14,84.29,84.29,56.0,57.0,67.0,50.0
2026-05-03,202618,56.0,56,56,56,0.24916084,13.392644,0,4,250400920261820719,2026-09-23,Campina Grande,0.8836998,418140,1,0,2,4,,,,,19833,20.46,23.4,27.5,12.7,84.14,68.0,20.24,1.0190912,53.0,20.66,0.8393856,78.0,20.86,1.3713819,68.0,20.53,1.1730413,63.75,20.555,4.04305126783455,-0.1910552367627094,0.054067221270275745,-0.32639658463247123,-0.1910552367627094,18,22.86,23.67,23.74,23.7,96.4,11.1,41.7,28.0,86.0,83.71,85.14,84.29,57.0,67.0,50.0,43.0
2026-05-10,202619,57.0,57,57,57,0.3525076,13.631798,0,4,250400920261920719,2026-09-23,Campina Grande,0.932912,418140,1,0,2,7,,,,,19833,20.37,22.7,26.39,37.4,88.14,56.0,20.46,0.8836998,68.0,20.24,1.0190912,53.0,20.66,0.8393856,78.0,20.86,1.3713819,58.5,20.4325,4.060443010546419,0.01739174271186883,-0.17366349405084058,0.07145896398214457,-0.3090048419206024,19,23.4,22.86,23.67,23.74,12.7,96.4,11.1,41.7,84.14,86.0,83.71,85.14,67.0,50.0,43.0,72.0
2026-05-17,202620,67.0,67,67,67,0.75064164,16.023342,0,4,250400920262020719,2026-09-23,Campina Grande,1.1275499,418140,1,0,2,10,,,,,19833,19.64,22.87,27.16,6.2,83.0,57.0,20.37,0.932912,56.0,20.46,0.8836998,68.0,20.24,1.0190912,53.0,20.66,0.8393856,62.0,20.177500000000002,4.219507705176107,0.15906469462968786,0.1764564373415567,-0.01459879942115272,0.23052365861183244,20,22.7,23.4,22.86,23.67,37.4,12.7,96.4,11.1,88.14,84.14,86.0,83.71,50.0,43.0,72.0,72.0
2026-05-24,202621,50.0,50,50,50,0.19030318,11.957718,0,4,250400920262120719,2026-09-23,Campina Grande,0.84575933,418140,1,0,2,11,,,,,19833,19.97,22.41,25.94,9.9,86.57,67.0,19.64,1.1275499,57.0,20.37,0.932912,56.0,20.46,0.8836998,68.0,20.24,1.0190912,57.5,20.11,3.9318256327243257,-0.28768207245178123,-0.12861737782209337,-0.11122563511022454,-0.30228087187293395,21,22.87,22.7,23.4,22.86,6.2,37.4,12.7,96.4,83.0,88.14,84.14,86.0,43.0,72.0,72.0,77.0
2026-05-31,202622,43.0,43,43,43,0.06338508,10.283637,0,4,250400920262220719,2026-09-23,Campina Grande,0.73789746,418140,1,0,2,7,,,,,19833,19.81,22.59,26.39,9.1,84.0,50.0,19.97,0.84575933,67.0,19.64,1.1275499,57.0,20.37,0.932912,56.0,20.46,0.8836998,54.25,19.947499999999998,3.784189633918261,-0.1476359988060647,-0.43531807125784594,-0.2762533766281581,-0.25886163391628925,22,22.41,22.87,22.7,23.4,9.9,6.2,37.4,12.7,86.57,83.0,88.14,84.14,72.0,72.0,77.0,66.0
2026-06-07,202623,72.0,72,72,72,0.9486926,17.219112,0,4,250400920262320719,2026-09-23,Campina Grande,1.338636,418140,1,0,2,8,,,,,19833,19.53,22.41,26.01,13.2,84.14,43.0,19.81,0.73789746,50.0,19.97,0.84575933,67.0,19.64,1.1275499,57.0,20.37,0.932912,58.0,19.737499999999997,4.290459441148391,0.5062698072301299,0.3586338084240652,0.07095173597228399,0.23001643060197186,23,22.59,22.41,22.87,22.7,9.1,9.9,6.2,37.4,84.0,86.57,83.0,88.14,72.0,77.0,66.0,82.0
2026-06-14,202624,72.0,72,72,72,0.9417211,17.219112,0,4,250400920262420719,2026-09-23,Campina Grande,1.3225594,418140,1,0,2,17,,,,,19833,19.41,22.31,26.11,7.8,85.57,72.0,19.53,1.338636,43.0,19.81,0.73789746,50.0,19.97,0.84575933,67.0,19.64,1.1275499,59.25,19.68,4.290459441148391,0.0,0.5062698072301299,0.3586338084240652,0.07095173597228399,24,22.41,22.59,22.41,22.87,13.2,9.1,9.9,6.2,84.14,84.0,86.57,83.0,77.0,66.0,82.0,80.0
2026-06-21,202625,77.0,77,77,77,0.8695722,18.414885,0,4,250400920262520719,2026-09-23,Campina Grande,1.208564,418140,1,0,2,19,,,,,19833,19.4,21.61,24.77,54.5,88.71,72.0,19.41,1.3225594,72.0,19.53,1.338636,43.0,19.81,0.73789746,50.0,19.97,0.84575933,66.0,19.537499999999998,4.356708826689592,0.06624938554120074,0.06624938554120074,0.5725191927713307,0.42488319396526597,25,22.31,22.41,22.59,22.41,7.8,13.2,9.1,9.9,85.57,84.14,84.0,86.57,66.0,82.0,80.0,75.0
2026-06-28,202626,66.0,66,66,66,0.3374131,15.784187,0,4,250400920262620719,2026-09-23,Campina Grande,0.93097866,418140,1,0,2,20,,,,,19833,18.77,21.8,25.74,4.0,81.0,77.0,19.4,1.208564,72.0,19.41,1.3225594,72.0,19.53,1.338636,43.0,19.81,0.73789746,71.75,19.2775,4.204692619390966,-0.15201620729862597,-0.08576682175742523,-0.08576682175742523,0.4205029854727047,26,21.61,22.31,22.41,22.59,54.5,7.8,13.2,9.1,88.71,85.57,84.14,84.0,82.0,80.0,75.0,70.0
2026-07-05,202627,82.0,82,82,82,0.77529836,19.610657,0,4,250400920262720719,2026-09-23,Campina Grande,1.1291269,418140,1,0,2,19,,,,,19833,18.74,22.24,26.41,2.9,81.86,66.0,18.77,0.93097866,77.0,19.4,1.208564,72.0,19.41,1.3225594,72.0,19.53,1.338636,74.25,19.08,4.418840607796598,0.21414798840563254,0.06213178110700657,0.1283811666482073,0.1283811666482073,27,21.8,21.61,22.31,22.41,4.0,54.5,7.8,13.2,81.0,88.71,85.57,84.14,80.0,75.0,70.0,64.0
2026-07-12,202628,80.0,80,82,80,0.7053287,19.132347,0,4,250400920262820719,2026-09-23,Campina Grande,1.090883,418140,1,0,2,18,,,,,19833,19.07,22.04,25.87,9.6,84.0,82.0,18.74,1.1291269,66.0,18.77,0.93097866,77.0,19.4,1.208564,72.0,19.41,1.3225594,76.25,18.995,4.394449154672439,-0.024391453124159135,0.1897565352814734,0.03774032798284743,0.10398971352404818,28,22.24,21.8,21.61,22.31,2.9,4.0,54.5,7.8,81.86,81.0,88.71,85.57,75.0,70.0,64.0,87.0
2026-07-19,202629,75.0,75,78,75,0.44891766,17.936577,0,4,250400920262920719,2026-09-23,Campina Grande,0.97941387,418140,1,0,2,24,,,,,19833,19.07,21.79,25.46,10.7,83.0,80.0,19.07,1.090883,82.0,18.74,1.1291269,66.0,18.77,0.93097866,77.0,19.4,1.208564,75.75,18.912499999999998,4.330733340286331,-0.06371581438610807,-0.0881072675102672,0.12604072089536533,-0.02597548640326064,29,22.04,22.24,21.8,21.61,9.6,2.9,4.0,54.5,84.0,81.86,81.0,88.71,70.0,64.0,87.0,91.0
2026-07-26,202630,70.0,69,74,69,0.265213,16.740805,0,4,250400920263020719,2026-09-23,Campina Grande,0.9020787,418140,1,0,2,13,,,,,19833,17.96,21.79,26.54,4.5,79.86,75.0,19.07,0.97941387,80.0,19.07,1.090883,82.0,18.74,1.1291269,66.0,18.77,0.93097866,76.75,18.71,4.2626798770413155,-0.0680534632450156,-0.13176927763112367,-0.1561607307552828,0.05798725765034973,30,21.79,22.04,22.24,21.8,10.7,9.6,2.9,4.0,83.0,84.0,81.86,81.0,64.0,87.0,91.0,106.0
2026-08-02,202631,64.0,62,70,62,0.18746631,15.305879,0,4,250400920263120719,2026-09-23,Campina Grande,0.8601934,418140,1,0,2,18,,,,,19833,18.34,21.81,26.04,8.6,82.0,70.0,17.96,0.9020787,75.0,19.07,0.97941387,80.0,19.07,1.090883,82.0,18.74,1.1291269,72.25,18.61,4.174387269895637,-0.08829260714567866,-0.15634607039069426,-0.22006188477680233,-0.24445333790096146,31,21.79,21.79,22.04,22.24,4.5,10.7,9.6,2.9,79.86,83.0,84.0,81.86,87.0,91.0,106.0,104.0
2026-08-09,202632,87.0,84,94,84,0.90002114,20.806429,0,4,250400920263220719,2026-09-23,Campina Grande,1.2262374,418140,1,0,2,24,,,,,19833,18.33,22.13,26.83,4.1,77.71,64.0,18.34,0.8601934,70.0,17.96,0.9020787,75.0,19.07,0.97941387,80.0,19.07,1.090883,74.0,18.424999999999997,4.477336814478207,0.30294954458257006,0.2146569374368914,0.1466034741918758,0.08288765980576773,32,21.81,21.79,21.79,22.04,8.6,4.5,10.7,9.6,82.0,79.86,83.0,84.0,91.0,106.0,104.0,98.0
2026-08-16,202633,91.0,86,99,86,0.9226361,21.763046,0,4,250400920263320719,2026-09-23,Campina Grande,1.249145,418140,1,0,2,21,,,,,19833,18.3,22.06,26.94,6.6,77.29,87.0,18.33,1.2262374,64.0,18.34,0.8601934,70.0,17.96,0.9020787,75.0,19.07,0.97941387,78.0,18.2325,4.5217885770490405,0.04445176257083361,0.34740130715340367,0.259108700007725,0.1910552367627094,33,22.13,21.81,21.79,21.79,4.1,8.6,4.5,10.7,77.71,82.0,79.86,83.0,106.0,104.0,98.0,122.0
2026-08-23,202634,106.0,100,117,99,0.96011937,25.35036,0,4,250400920263420719,2026-09-23,Campina Grande,1.2917525,418140,1,1,2,22,,,,,19833,19.07,22.57,27.16,7.6,77.43,91.0,18.3,1.249145,87.0,18.33,1.2262374,64.0,18.34,0.8601934,70.0,17.96,0.9020787,87.0,18.509999999999998,4.672828834461906,0.1510402574128653,0.19549201998369892,0.498441564566269,0.4101489574205903,34,22.06,22.13,21.81,21.79,6.6,4.1,8.6,4.5,77.29,77.71,82.0,79.86,104.0,98.0,122.0,
2026-08-30,202635,104.0,97,117,95,0.7967591,24.872053,0,4,250400920263520719,2026-09-23,Campina Grande,1.1256025,418140,1,0,2,22,,,,,19833,19.04,22.89,27.76,8.5,80.14,106.0,19.07,1.2917525,91.0,18.3,1.249145,87.0,18.33,1.2262374,64.0,18.34,0.8601934,97.0,18.685,4.653960350157523,-0.018868484304382704,0.1321717731084826,0.1766235356793162,0.4795730802618863,35,22.57,22.06,22.13,21.81,7.6,6.6,4.1,8.6,77.43,77.29,77.71,82.0,98.0,122.0,,
2026-09-06,202636,98.0,81,150,76,0.45027524,23.437126,0,4,250400920263620719,2026-09-23,Campina Grande,0.9824205,418140,1,0,2,36,,,,,19833,19.5,23.27,28.39,6.6,75.57,104.0,19.04,1.1256025,106.0,19.07,1.2917525,91.0,18.3,1.249145,87.0,18.33,1.2262374,99.75,18.9775,4.59511985013459,-0.058840500022933284,-0.07770898432731599,0.07333127308554932,0.11778303565638293,36,22.89,22.57,22.06,22.13,8.5,7.6,6.6,4.1,80.14,77.43,77.29,77.71,122.0,,,
2026-09-13,202637,122.0,55,425,37,0.9010367,29.17683,0,4,250400920263720719,2026-09-23,Campina Grande,1.1873902,418140,0,0,2,33,,,,,19833,18.89,23.24,28.86,6.0,70.86,98.0,19.5,0.9824205,104.0,19.04,1.1256025,106.0,19.07,1.2917525,91.0,18.3,1.249145,107.5,19.125,4.812184355372417,0.21706450523782728,0.158224005214894,0.1393555209105113,0.2903957783233766,37,23.27,22.89,22.57,22.06,6.6,8.5,7.6,6.6,75.57,80.14,77.43,77.29,,,,
