data_iniSE,SE,casos_est,casos_est_min,casos_est_max,casos,p_rt1,p_inc100k,Localidade_id,nivel,id,versao_modelo,municipio_nome,rt,pop,receptivo,transmissao,nivel_inc,casprov,casprov_est,casprov_est_min,casprov_est_max,casconf,notif_accum_year,tmin,tmed,tmax,precipitacao,umidade,casos_est_lag_1,tmin_lag_1,rt_lag_1,casos_est_lag_2,tmin_lag_2,rt_lag_2,casos_est_lag_3,tmin_lag_3,rt_lag_3,casos_est_lag_4,tmin_lag_4,rt_lag_4,casos_est_roll_4,tmin_roll_4,log_casos,var_log_1,var_log_2,var_log_3,var_log_4,semana_ano,tmed_s1,tmed_s2,tmed_s3,tmed_s4,precipitacao_s1,precipitacao_s2,precipitacao_s3,precipitacao_s4,umidade_s1,umidade_s2,umidade_s3,umidade_s4,target_h1,target_h2,target_h3,target_h4
2010-01-03,201001,3.0,3,3,3,0.0,0.52329993,0,1,313670220100119589,2023-08-20,Juiz de Fora,0.0,573285,1,0,0,4,,,,,103009,19.94,24.83,30.74,49.3,75.86,,,,,,,,,,,,,,,1.3862943611198906,,,,,53,,,,,,,,,,,,,11.0,5.0,8.0,28.0
2010-01-10,201002,11.0,11,11,11,0.0,1.9187664,0,1,313670220100219589,2023-08-20,Juiz de Fora,0.0,573285,1,0,1,9,,,,,103009,20.01,24.84,30.53,40.5,74.57,3.0,19.94,0.0,,,,,,,,,,,,2.4849066497880004,1.0986122886681098,,,,1,24.83,,,,49.3,,,,75.86,,,,5.0,8.0,28.0,51.0
2010-01-17,201003,5.0,5,5,5,0.0,0.8721666,0,2,313670220100319589,2023-08-20,Juiz de Fora,0.0,573285,1,0,0,2,,,,,103009,19.76,24.3,30.61,53.8,77.43,11.0,20.01,0.0,3.0,19.94,0.0,,,,,,,,,1.791759469228055,-0.6931471805599454,0.4054651081081644,,,2,24.84,24.83,,,40.5,49.3,,,74.57,75.86,,,8.0,28.0,51.0,86.0
2010-01-24,201004,8.0,8,8,8,0.0,1.3954664,0,2,313670220100419589,2023-08-20,Juiz de Fora,0.0,573285,1,0,0,5,,,,,103009,19.9,24.01,29.07,19.3,77.29,5.0,19.76,0.0,11.0,20.01,0.0,3.0,19.94,0.0,,,,6.75,19.9025,2.1972245773362196,0.4054651081081646,-0.2876820724517808,0.810930216216329,,3,24.3,24.84,24.83,,53.8,40.5,49.3,,77.43,74.57,75.86,,28.0,51.0,86.0,125.0
2010-01-31,201005,28.0,28,28,28,0.0,4.884133,0,2,313670220100519589,2023-08-20,Juiz de Fora,0.0,573285,1,0,1,27,,,,,103009,20.46,25.49,31.37,2.5,71.14,8.0,19.9,0.0,5.0,19.76,0.0,11.0,20.01,0.0,3.0,19.94,0.0,13.0,20.032500000000002,3.367295829986474,1.1700712526502546,1.5755363607584192,0.8823891801984738,1.9810014688665836,4,24.01,24.3,24.84,24.83,19.3,53.8,40.5,49.3,77.29,77.43,74.57,75.86,51.0,86.0,125.0,254.0
2010-02-07,201006,51.0,51,51,51,0.9999985,8.896099,0,2,313670220100619589,2023-08-20,Juiz de Fora,3.508215,573285,1,1,1,47,,,,,103009,20.03,25.23,31.14,25.4,70.57,28.0,20.46,0.0,8.0,19.9,0.0,5.0,19.76,0.0,11.0,20.01,0.0,23.0,20.0375,3.9512437185814275,0.5839478885949534,1.754019141245208,2.1594842493533726,1.4663370687934272,5,25.49,24.01,24.3,24.84,2.5,19.3,53.8,40.5,71.14,77.29,77.43,74.57,86.0,125.0,254.0,275.0
2010-02-14,201007,86.0,86,86,86,0.99999994,15.001265,0,3,313670220100719589,2023-08-20,Juiz de Fora,2.8281114,573285,1,1,1,82,,,,,103009,19.91,24.66,30.31,24.5,72.14,51.0,20.03,3.508215,28.0,20.46,0.0,8.0,19.9,0.0,5.0,19.76,0.0,43.25,20.075,4.465908118654584,0.5146644000731562,1.0986122886681096,2.268683541318364,2.6741486494265287,6,25.23,25.49,24.01,24.3,25.4,2.5,19.3,53.8,70.57,71.14,77.29,77.43,125.0,254.0,275.0,543.0
2010-02-21,201008,125.0,125,125,125,0.99999994,21.804163,0,3,313670220100819589,2023-08-20,Juiz de Fora,2.2671561,573285,1,1,1,119,,,,,103009,19.24,23.89,29.21,17.3,75.43,86.0,19.91,2.8281114,51.0,20.03,3.508215,28.0,20.46,0.0,8.0,19.9,0.0,72.5,19.91,4.836281906951478,0.37037378829689427,0.8850381883700504,1.4689860769650038,2.6390573296152584,7,24.66,25.23,25.49,24.01,24.5,25.4,2.5,19.3,72.14,70.57,71.14,77.29,254.0,275.0,543.0,714.0
2010-02-28,201009,254.0,254,254,254,1.0,44.30606,0,3,313670220100919589,2023-08-20,Juiz de Fora,2.756152,573285,1,1,2,245,,,,,103009,18.41,20.67,23.47,165.5,90.14,125.0,19.24,2.2671561,86.0,19.91,2.8281114,51.0,20.03,3.508215,28.0,20.46,0.0,129.0,19.3975,5.541263545158426,0.7049816382069478,1.075355426503842,1.5900198265769983,2.1739677151719516,8,23.89,24.66,25.23,25.49,17.3,24.5,25.4,2.5,75.43,72.14,70.57,71.14,275.0,543.0,714.0,833.0
2010-03-07,201010,275.0,275,275,275,1.0,47.969162,0,3,313670220101019589,2023-08-20,Juiz de Fora,1.8349963,573285,1,1,2,246,,,,,103009,18.81,24.71,31.53,37.7,75.29,254.0,18.41,2.756152,125.0,19.24,2.2671561,86.0,19.91,2.8281114,51.0,20.03,3.508215,185.0,19.092499999999998,5.62040086571715,0.0791373205587238,0.7841189587656716,1.1544927470625659,1.669157147135722,9,20.67,23.89,24.66,25.23,165.5,17.3,24.5,25.4,90.14,75.43,72.14,70.57,543.0,714.0,833.0,1481.0
2010-03-14,201011,543.0,543,543,543,1.0,94.717285,0,4,313670220101119589,2023-08-20,Juiz de Fora,2.3373966,573285,1,1,2,503,,,,,103009,19.39,22.87,28.46,83.3,83.0,275.0,18.81,1.8349963,254.0,18.41,2.756152,125.0,19.24,2.2671561,86.0,19.91,2.8281114,299.25,18.9625,6.298949246855942,0.6785483811387927,0.7576857016975165,1.4626673399044643,1.8330411282013586,10,24.71,20.67,23.89,24.66,37.7,165.5,17.3,24.5,75.29,90.14,75.43,72.14,714.0,833.0,1481.0,885.0
2010-03-21,201012,714.0,714,714,714,1.0,124.54538,0,4,313670220101219589,2023-08-20,Juiz de Fora,2.0502734,573285,1,1,2,681,,,,,103009,19.64,23.84,29.44,21.4,80.29,543.0,19.39,2.3373966,275.0,18.81,1.8349963,254.0,18.41,2.756152,125.0,19.24,2.2671561,446.5,19.0625,6.5722825426940075,0.2733332958380652,0.9518816769768579,1.0310189975355817,1.7360006357425295,11,22.87,24.71,20.67,23.89,83.3,37.7,165.5,17.3,83.0,75.29,90.14,75.43,833.0,1481.0,885.0,715.0
2010-03-28,201013,833.0,833,833,833,1.0,145.30295,0,4,313670220101319589,2023-08-20,Juiz de Fora,1.6168841,573285,1,1,2,759,,,,,103009,19.57,23.16,28.21,37.5,82.86,714.0,19.64,2.0502734,543.0,19.39,2.3373966,275.0,18.81,1.8349963,254.0,18.41,2.756152,591.25,19.3525,6.726233402358747,0.15395085966473943,0.42728415550280463,1.1058325366415973,1.184969857200321,12,23.84,22.87,24.71,20.67,21.4,83.3,37.7,165.5,80.29,83.0,75.29,90.14,1481.0,885.0,715.0,910.0
2010-04-04,201014,1481.0,1481,1481,1481,1.0,258.33572,0,4,313670220101419589,2023-08-20,Juiz de Fora,2.0749643,573285,0,1,2,1370,,,,,103009,15.87,19.47,24.33,49.8,81.71,833.0,19.57,1.6168841,714.0,19.64,2.0502734,543.0,19.39,2.3373966,275.0,18.81,1.8349963,892.75,18.6175,7.301147805856032,0.5749144034972851,0.7288652631620245,1.0021985590000897,1.6807469401388824,13,23.16,23.84,22.87,24.71,37.5,21.4,83.3,37.7,82.86,80.29,83.0,75.29,885.0,715.0,910.0,771.0
2010-04-11,201015,885.0,885,885,885,0.09188002,154.37347,0,4,313670220101519589,2023-08-20,Juiz de Fora,0.9396933,573285,0,0,2,808,,,,,103009,15.37,20.09,25.67,5.9,78.71,1481.0,15.87,2.0749643,833.0,19.57,1.6168841,714.0,19.64,2.0502734,543.0,19.39,2.3373966,978.25,17.612499999999997,6.786716950605081,-0.5144308552509509,0.06048354824633417,0.2144344079110736,0.4877677037491388,14,19.47,23.16,23.84,22.87,49.8,37.5,21.4,83.3,81.71,82.86,80.29,83.0,715.0,910.0,771.0,676.0
2010-04-18,201016,715.0,715,715,715,0.0,124.71982,0,4,313670220101619589,2023-08-20,Juiz de Fora,0.65829694,573285,0,0,2,701,,,,,103009,17.23,22.36,28.73,0.7,77.0,885.0,15.37,0.9396933,1481.0,15.87,2.0749643,833.0,19.57,1.6168841,714.0,19.64,2.0502734,978.5,17.009999999999998,6.573680166960646,-0.21303678364443535,-0.7274676388953862,-0.15255323539810117,0.0013976242666382532,15,20.09,19.47,23.16,23.84,5.9,49.8,37.5,21.4,78.71,81.71,82.86,80.29,910.0,771.0,676.0,330.0
2010-04-25,201017,910.0,910,910,910,0.049392182,158.73431,0,4,313670220101719589,2023-08-20,Juiz de Fora,0.92689234,573285,1,0,2,908,,,,,103009,17.56,21.01,26.03,19.8,82.0,715.0,17.23,0.65829694,885.0,15.37,0.9396933,1481.0,15.87,2.0749643,833.0,19.57,1.6168841,997.75,16.5075,6.814542897259958,0.2408627302993125,0.027825946654877143,-0.48660490859607375,0.08830949490121132,16,22.36,20.09,19.47,23.16,0.7,5.9,49.8,37.5,77.0,78.71,81.71,82.86,771.0,676.0,330.0,216.0
2010-05-02,201018,771.0,771,771,771,0.032842427,134.48808,0,4,313670220101819589,2023-08-20,Juiz de Fora,0.91247255,573285,0,0,2,767,,,,,103009,14.84,20.53,27.01,0.1,75.14,910.0,17.56,0.92689234,715.0,17.23,0.65829694,885.0,15.37,0.9396933,1481.0,15.87,2.0749643,820.25,16.25,6.648984550024776,-0.1655583472351818,0.07530438306413068,-0.13773240058030467,-0.6521632558312556,17,21.01,22.36,20.09,19.47,19.8,0.7,5.9,49.8,82.0,77.0,78.71,81.71,676.0,330.0,216.0,141.0
2010-05-09,201019,676.0,676,676,676,0.00017999548,117.916916,0,4,313670220101919589,2023-08-20,Juiz de Fora,0.83091396,573285,0,0,2,678,,,,,103009,12.8,17.11,22.46,22.9,82.57,771.0,14.84,0.91247255,910.0,17.56,0.92689234,715.0,17.23,0.65829694,885.0,15.37,0.9396933,768.0,15.6075,6.517671272912275,-0.1313132771125014,-0.2968716243476832,-0.05600889404837073,-0.2690456776928061,18,20.53,21.01,22.36,20.09,0.1,19.8,0.7,5.9,75.14,82.0,77.0,78.71,330.0,216.0,141.0,89.0
2010-05-16,201020,330.0,330,330,330,0.0,57.562992,0,4,313670220102019589,2023-08-20,Juiz de Fora,0.43889266,573285,0,0,2,329,,,,,103009,14.43,18.69,23.99,6.9,82.0,676.0,12.8,0.83091396,771.0,14.84,0.91247255,910.0,17.56,0.92689234,715.0,17.23,0.65829694,671.75,14.9075,5.802118375377063,-0.7155528975352121,-0.8468661746477135,-1.0124245218828953,-0.7715617915835828,19,17.11,20.53,21.01,22.36,22.9,0.1,19.8,0.7,82.57,75.14,82.0,77.0,216.0,141.0,89.0,38.0
2010-05-23,201021,216.0,216,216,216,0.0,37.677593,0,4,313670220102119589,2023-08-20,Juiz de Fora,0.35989323,573285,0,0,2,216,,,,,103009,14.51,18.39,23.41,0.9,84.29,330.0,14.43,0.43889266,676.0,12.8,0.83091396,771.0,14.84,0.91247255,910.0,17.56,0.92689234,498.25,14.145,5.37989735354046,-0.42222102183660315,-1.1377739193718153,-1.2690871964843167,-1.4346455437194985,20,18.69,17.11,20.53,21.01,6.9,22.9,0.1,19.8,82.0,82.57,75.14,82.0,141.0,89.0,38.0,27.0
2010-05-30,201022,141.0,141,141,141,0.0,24.595097,0,4,313670220102219589,2023-08-20,Juiz de Fora,0.35174498,573285,0,0,2,137,,,,,103009,13.63,17.03,21.71,9.7,83.43,216.0,14.51,0.35989323,330.0,14.43,0.43889266,676.0,12.8,0.83091396,771.0,14.84,0.91247255,340.75,13.8425,4.955827057601261,-0.42407029593919887,-0.846291317775802,-1.5618442153110141,-1.6931574924235155,21,18.39,18.69,17.11,20.53,0.9,6.9,22.9,0.1,84.29,82.0,82.57,75.14,89.0,38.0,27.0,17.0
2010-06-06,201023,89.0,89,89,89,0.0,15.524565,0,4,313670220102319589,2023-08-20,Juiz de Fora,0.36329105,573285,0,0,1,85,,,,,103009,10.91,15.6,20.89,1.1,78.0,141.0,13.63,0.35174498,216.0,14.51,0.35989323,330.0,14.43,0.43889266,676.0,12.8,0.83091396,194.0,13.370000000000001,4.499809670330265,-0.45601738727099583,-0.8800876832101947,-1.3023087050467979,-2.01786160258201,22,17.03,18.39,18.69,17.11,9.7,0.9,6.9,22.9,83.43,84.29,82.0,82.57,38.0,27.0,17.0,16.0
2010-06-13,201024,38.0,38,38,38,0.0,6.6284657,0,1,313670220102419589,2023-08-20,Juiz de Fora,0.2483318,573285,0,0,1,36,,,,,103009,9.34,15.73,23.76,0.0,73.71,89.0,10.91,0.36329105,141.0,13.63,0.35174498,216.0,14.51,0.35989323,330.0,14.43,0.43889266,121.0,12.0975,3.6635616461296463,-0.8362480242006187,-1.2922654114716146,-1.7163357074108134,-2.1385567292474166,23,15.6,17.03,18.39,18.69,1.1,9.7,0.9,6.9,78.0,83.43,84.29,82.0,27.0,17.0,16.0,7.0
2010-06-20,201025,27.0,27,27,27,1.9758362e-10,4.709699,0,1,313670220102519589,2023-08-20,Juiz de Fora,0.28879303,573285,0,0,1,22,,,,,103009,11.84,17.26,24.3,0.6,80.0,38.0,9.34,0.2483318,89.0,10.91,0.36329105,141.0,13.63,0.35174498,216.0,14.51,0.35989323,73.75,11.43,3.332204510175204,-0.3313571359544425,-1.1676051601550612,-1.623622547426057,-2.047692843365256,24,15.73,15.6,17.03,18.39,0.0,1.1,9.7,0.9,73.71,78.0,83.43,84.29,17.0,16.0,7.0,8.0
2010-06-27,201026,17.0,17,17,17,5.048605e-06,2.9653664,0,1,313670220102619589,2023-08-20,Juiz de Fora,0.32220504,573285,0,0,1,17,,,,,103009,10.89,16.16,22.77,0.0,77.14,27.0,11.84,0.28879303,38.0,9.34,0.2483318,89.0,10.91,0.36329105,141.0,13.63,0.35174498,42.75,10.745000000000001,2.8903717578961645,-0.4418327522790393,-0.7731898882334818,-1.6094379124341005,-2.0654552997050963,25,17.26,15.73,15.6,17.03,0.6,0.0,1.1,9.7,80.0,73.71,78.0,83.43,16.0,7.0,8.0,3.0
2010-07-04,201027,16.0,16,16,16,0.01569887,2.790933,0,1,313670220102719589,2023-08-20,Juiz de Fora,0.5262608,573285,0,0,1,15,,,,,103009,12.36,17.43,23.36,1.2,77.0,17.0,10.89,0.32220504,27.0,11.84,0.28879303,38.0,9.34,0.2483318,89.0,10.91,0.36329105,24.5,11.107500000000002,2.833213344056216,-0.05715841383994835,-0.49899116611898764,-0.8303483020734301,-1.6665963262740489,26,16.16,17.26,15.73,15.6,0.0,0.6,0.0,1.1,77.14,80.0,73.71,78.0,7.0,8.0,3.0,5.0
2010-07-11,201028,7.0,7,7,7,0.004614643,1.2210332,0,1,313670220102819589,2023-08-20,Juiz de Fora,0.34947613,573285,0,0,0,5,,,,,103009,16.06,18.99,23.11,17.4,84.29,16.0,12.36,0.5262608,17.0,10.89,0.32220504,27.0,11.84,0.28879303,38.0,9.34,0.2483318,16.75,12.7875,2.0794415416798357,-0.7537718023763804,-0.8109302162163288,-1.252762968495368,-1.5841201044498106,27,17.43,16.16,17.26,15.73,1.2,0.0,0.6,0.0,77.0,77.14,80.0,73.71,8.0,3.0,5.0,7.0
2010-07-18,201029,8.0,8,8,8,0.08658545,1.3954664,0,1,313670220102919589,2023-08-20,Juiz de Fora,0.56098664,573285,0,0,0,6,,,,,103009,14.14,18.3,23.79,1.4,80.14,7.0,16.06,0.34947613,16.0,12.36,0.5262608,17.0,10.89,0.32220504,27.0,11.84,0.28879303,12.0,13.3625,2.1972245773362196,0.11778303565638382,-0.6359887667199966,-0.693147180559945,-1.1349799328389842,28,18.99,17.43,16.16,17.26,17.4,1.2,0.0,0.6,84.29,77.0,77.14,80.0,3.0,5.0,7.0,4.0
2010-07-25,201030,3.0,3,3,3,0.021407174,0.52329993,0,1,313670220103019589,2023-08-20,Juiz de Fora,0.3059791,573285,0,0,0,1,,,,,103009,13.84,18.49,23.8,1.4,75.14,8.0,14.14,0.56098664,7.0,16.06,0.34947613,16.0,12.36,0.5262608,17.0,10.89,0.32220504,8.5,14.100000000000001,1.3862943611198906,-0.810930216216329,-0.6931471805599452,-1.4469189829363256,-1.504077396776274,29,18.3,18.99,17.43,16.16,1.4,17.4,1.2,0.0,80.14,84.29,77.0,77.14,5.0,7.0,4.0,3.0
2010-08-01,201031,5.0,5,5,5,0.29084858,0.8721666,0,1,313670220103119589,2023-08-20,Juiz de Fora,0.7327008,573285,0,0,0,5,,,,,103009,13.49,18.03,24.11,0.3,75.0,3.0,13.84,0.3059791,8.0,14.14,0.56098664,7.0,16.06,0.34947613,16.0,12.36,0.5262608,5.75,14.3825,1.791759469228055,0.4054651081081644,-0.4054651081081646,-0.2876820724517808,-1.0414538748281612,30,18.49,18.3,18.99,17.43,1.4,1.4,17.4,1.2,75.14,80.14,84.29,77.0,7.0,4.0,3.0,1.0
2010-08-08,201032,7.0,7,7,7,0.70666504,1.2210332,0,1,313670220103219589,2023-08-20,Juiz de Fora,1.3535607,573285,0,0,0,6,,,,,103009,12.2,17.37,23.83,1.0,74.0,5.0,13.49,0.7327008,3.0,13.84,0.3059791,8.0,14.14,0.56098664,7.0,16.06,0.34947613,5.75,13.4175,2.0794415416798357,0.2876820724517808,0.6931471805599452,-0.11778303565638382,0.0,31,18.03,18.49,18.3,18.99,0.3,1.4,1.4,17.4,75.0,75.14,80.14,84.29,4.0,3.0,1.0,5.0
2010-08-15,201033,4.0,4,4,4,0.35161003,0.6977332,0,1,313670220103319589,2023-08-20,Juiz de Fora,0.7850064,573285,0,0,0,4,,,,,103009,8.86,14.16,19.9,5.7,71.43,7.0,12.2,1.3535607,5.0,13.49,0.7327008,3.0,13.84,0.3059791,8.0,14.14,0.56098664,4.75,12.0975,1.6094379124341003,-0.47000362924573547,-0.18232155679395468,0.2231435513142097,-0.5877866649021193,32,17.37,18.03,18.49,18.3,1.0,0.3,1.4,1.4,74.0,75.0,75.14,80.14,3.0,1.0,5.0,5.0
2010-08-22,201034,3.0,3,3,3,0.19589913,0.52329993,0,1,313670220103419589,2023-08-20,Juiz de Fora,0.56277853,573285,0,0,0,2,,,,,103009,11.67,19.4,27.71,0.0,58.57,4.0,8.86,0.7850064,7.0,12.2,1.3535607,5.0,13.49,0.7327008,3.0,13.84,0.3059791,4.75,11.555,1.3862943611198906,-0.2231435513142097,-0.6931471805599452,-0.4054651081081644,0.0,33,14.16,17.37,18.03,18.49,5.7,1.0,0.3,1.4,71.43,74.0,75.0,75.14,1.0,5.0,5.0,4.0
2010-08-29,201035,1.0,1,1,1,0.048907556,0.1744333,0,1,313670220103519589,2023-08-20,Juiz de Fora,0.22968447,573285,0,0,0,0,,,,,103009,14.19,20.36,27.33,2.3,63.43,3.0,11.67,0.56277853,4.0,8.86,0.7850064,7.0,12.2,1.3535607,5.0,13.49,0.7327008,3.75,11.73,0.6931471805599453,-0.6931471805599453,-0.916290731874155,-1.3862943611198904,-1.0986122886681096,34,19.4,14.16,17.37,18.03,0.0,5.7,1.0,0.3,58.57,71.43,74.0,75.0,5.0,5.0,4.0,3.0
2010-09-05,201036,5.0,5,5,5,0.76331335,0.8721666,0,1,313670220103619589,2023-08-20,Juiz de Fora,1.6248829,573285,0,0,0,5,,,,,103009,13.81,18.14,23.69,12.7,71.57,1.0,14.19,0.22968447,3.0,11.67,0.56277853,4.0,8.86,0.7850064,7.0,12.2,1.3535607,3.25,12.1325,1.791759469228055,1.0986122886681096,0.4054651081081644,0.18232155679395468,-0.2876820724517808,35,20.36,19.4,14.16,17.37,2.3,0.0,5.7,1.0,63.43,58.57,71.43,74.0,5.0,4.0,3.0,2.0
2010-09-12,201037,5.0,5,5,5,0.7924865,0.8721666,0,1,313670220103719589,2023-08-20,Juiz de Fora,1.7529569,573285,0,0,0,3,,,,,103009,14.6,20.39,27.33,0.4,65.86,5.0,13.81,1.6248829,1.0,14.19,0.22968447,3.0,11.67,0.56277853,4.0,8.86,0.7850064,3.5,13.567499999999999,1.791759469228055,0.0,1.0986122886681096,0.4054651081081644,0.18232155679395468,36,18.14,20.36,19.4,14.16,12.7,2.3,0.0,5.7,71.57,63.43,58.57,71.43,4.0,3.0,2.0,5.0
2010-09-19,201038,4.0,4,4,4,0.52356184,0.6977332,0,1,313670220103819589,2023-08-20,Juiz de Fora,1.0408144,573285,0,0,0,3,,,,,103009,15.39,19.87,25.31,2.3,66.86,5.0,14.6,1.7529569,5.0,13.81,1.6248829,1.0,14.19,0.22968447,3.0,11.67,0.56277853,3.75,14.497499999999999,1.6094379124341003,-0.18232155679395468,-0.18232155679395468,0.916290731874155,0.2231435513142097,37,20.39,18.14,20.36,19.4,0.4,12.7,2.3,0.0,65.86,71.57,63.43,58.57,3.0,2.0,5.0,1.0
2010-09-26,201039,3.0,3,3,3,0.29197687,0.52329993,0,1,313670220103919589,2023-08-20,Juiz de Fora,0.6814692,573285,1,0,0,2,,,,,103009,18.03,21.83,26.77,51.0,78.43,4.0,15.39,1.0408144,5.0,14.6,1.7529569,5.0,13.81,1.6248829,1.0,14.19,0.22968447,4.25,15.4575,1.3862943611198906,-0.2231435513142097,-0.4054651081081644,-0.4054651081081644,0.6931471805599453,38,19.87,20.39,18.14,20.36,2.3,0.4,12.7,2.3,66.86,65.86,71.57,63.43,2.0,5.0,1.0,0.0
2010-10-03,201040,2.0,2,2,2,0.1961323,0.3488666,0,1,313670220104019589,2023-08-20,Juiz de Fora,0.5109456,573285,0,0,0,2,,,,,103009,16.5,20.13,25.27,30.8,78.29,3.0,18.03,0.6814692,4.0,15.39,1.0408144,5.0,14.6,1.7529569,5.0,13.81,1.6248829,3.5,16.13,1.0986122886681098,-0.2876820724517808,-0.5108256237659905,-0.6931471805599452,-0.6931471805599452,39,21.83,19.87,20.39,18.14,51.0,2.3,0.4,12.7,78.43,66.86,65.86,71.57,5.0,1.0,0.0,2.0
2010-10-10,201041,5.0,5,5,5,0.74552035,0.8721666,0,1,313670220104119589,2023-08-20,Juiz de Fora,1.5572159,573285,0,0,0,4,,,,,103009,13.54,18.01,22.86,1.4,74.14,2.0,16.5,0.5109456,3.0,18.03,0.6814692,4.0,15.39,1.0408144,5.0,14.6,1.7529569,3.5,15.865,1.791759469228055,0.6931471805599452,0.4054651081081644,0.18232155679395468,0.0,40,20.13,21.83,19.87,20.39,30.8,51.0,2.3,0.4,78.29,78.43,66.86,65.86,1.0,0.0,2.0,2.0
2010-10-17,201042,1.0,1,1,1,0.122730434,0.1744333,0,1,313670220104219589,2023-08-20,Juiz de Fora,0.33042175,573285,0,0,0,1,,,,,103009,16.13,20.59,26.21,40.5,74.57,5.0,13.54,1.5572159,2.0,16.5,0.5109456,3.0,18.03,0.6814692,4.0,15.39,1.0408144,2.75,16.05,0.6931471805599453,-1.0986122886681096,-0.4054651081081645,-0.6931471805599453,-0.916290731874155,41,18.01,20.13,21.83,19.87,1.4,30.8,51.0,2.3,74.14,78.29,78.43,66.86,0.0,2.0,2.0,5.0
2010-10-24,201043,0.0,0,0,0,0.0,0.0,0,1,313670220104319589,2023-08-20,Juiz de Fora,0.0,573285,0,0,0,0,,,,,103009,16.83,20.9,26.19,76.6,78.86,1.0,16.13,0.33042175,5.0,13.54,1.5572159,2.0,16.5,0.5109456,3.0,18.03,0.6814692,2.0,15.75,0.0,-0.6931471805599453,-1.791759469228055,-1.0986122886681098,-1.3862943611198906,42,20.59,18.01,20.13,21.83,40.5,1.4,30.8,51.0,74.57,74.14,78.29,78.43,2.0,2.0,5.0,5.0
2010-10-31,201044,2.0,2,2,2,0.53662324,0.3488666,0,1,313670220104419589,2023-08-20,Juiz de Fora,1.0877854,573285,1,0,0,1,,,,,103009,17.74,21.16,25.61,75.6,81.43,0.0,16.83,0.0,1.0,16.13,0.33042175,5.0,13.54,1.5572159,2.0,16.5,0.5109456,2.0,16.06,1.0986122886681098,1.0986122886681098,0.4054651081081645,-0.6931471805599452,0.0,43,20.9,20.59,18.01,20.13,76.6,40.5,1.4,30.8,78.86,74.57,74.14,78.29,2.0,5.0,5.0,4.0
2010-11-07,201045,2.0,2,2,2,0.719587,0.3488666,0,1,313670220104519589,2023-08-20,Juiz de Fora,1.7967513,573285,1,0,0,1,,,,,103009,17.04,19.89,23.77,153.5,85.14,2.0,17.74,1.0877854,0.0,16.83,0.0,1.0,16.13,0.33042175,5.0,13.54,1.5572159,1.25,16.935,1.0986122886681098,0.0,1.0986122886681098,0.4054651081081645,-0.6931471805599452,44,21.16,20.9,20.59,18.01,75.6,76.6,40.5,1.4,81.43,78.86,74.57,74.14,5.0,5.0,4.0,13.0
2010-11-14,201046,5.0,5,5,5,0.92505264,0.8721666,0,1,313670220104619589,2023-08-20,Juiz de Fora,3.0708697,573285,0,0,0,2,,,,,103009,16.44,20.36,25.19,40.4,81.57,2.0,17.04,1.7967513,2.0,17.74,1.0877854,0.0,16.83,0.0,1.0,16.13,0.33042175,2.25,17.0125,1.791759469228055,0.6931471805599452,0.6931471805599452,1.791759469228055,1.0986122886681096,45,19.89,21.16,20.9,20.59,153.5,75.6,76.6,40.5,85.14,81.43,78.86,74.57,5.0,4.0,13.0,14.0
2010-11-21,201047,5.0,5,5,5,0.8033044,0.8721666,0,1,313670220104719589,2023-08-20,Juiz de Fora,1.8071821,573285,1,0,0,3,,,,,103009,18.99,22.34,27.3,136.9,83.57,5.0,16.44,3.0708697,2.0,17.04,1.7967513,2.0,17.74,1.0877854,0.0,16.83,0.0,3.5,17.552500000000002,1.791759469228055,0.0,0.6931471805599452,0.6931471805599452,1.791759469228055,46,20.36,19.89,21.16,20.9,40.4,153.5,75.6,76.6,81.57,85.14,81.43,78.86,4.0,13.0,14.0,13.0
2010-11-28,201048,4.0,4,4,4,0.49812952,0.6977332,0,1,313670220104819589,2023-08-20,Juiz de Fora,0.9968615,573285,1,0,0,1,,,,,103009,19.87,23.87,29.29,80.8,79.29,5.0,18.99,1.8071821,5.0,16.44,3.0708697,2.0,17.04,1.7967513,2.0,17.74,1.0877854,4.0,18.085,1.6094379124341003,-0.18232155679395468,-0.18232155679395468,0.5108256237659905,0.5108256237659905,47,22.34,20.36,19.89,21.16,136.9,40.4,153.5,75.6,83.57,81.57,85.14,81.43,13.0,14.0,13.0,7.0
2010-12-05,201049,13.0,13,13,13,0.97564036,2.267633,0,2,313670220104919589,2023-08-20,Juiz de Fora,2.6045957,573285,1,1,1,5,,,,,103009,20.1,23.69,28.7,120.3,81.57,4.0,19.87,0.9968615,5.0,18.99,1.8071821,5.0,16.44,3.0708697,2.0,17.04,1.7967513,6.75,18.85,2.6390573296152584,1.0296194171811581,0.8472978603872034,0.8472978603872034,1.5404450409471486,48,23.87,22.34,20.36,19.89,80.8,136.9,40.4,153.5,79.29,83.57,81.57,85.14,14.0,13.0,7.0,18.0
2010-12-12,201050,14.0,14,14,14,0.9427709,2.4420664,0,2,313670220105019589,2023-08-20,Juiz de Fora,2.00395,573285,1,0,1,8,,,,,103009,19.61,23.83,29.83,87.2,79.86,13.0,20.1,2.6045957,4.0,19.87,0.9968615,5.0,18.99,1.8071821,5.0,16.44,3.0708697,9.0,19.642500000000002,2.70805020110221,0.06899287148695166,1.0986122886681098,0.9162907318741551,0.9162907318741551,49,23.69,23.87,22.34,20.36,120.3,80.8,136.9,40.4,81.57,79.29,83.57,81.57,13.0,7.0,18.0,44.0
2010-12-19,201051,13.0,13,13,13,0.69760287,2.267633,0,2,313670220105119589,2023-08-20,Juiz de Fora,1.233866,573285,1,0,1,11,,,,,103009,19.43,23.71,29.39,144.8,79.14,14.0,19.61,2.00395,13.0,20.1,2.6045957,4.0,19.87,0.9968615,5.0,18.99,1.8071821,11.0,19.7525,2.6390573296152584,-0.06899287148695166,0.0,1.0296194171811581,0.8472978603872034,50,23.83,23.69,23.87,22.34,87.2,120.3,80.8,136.9,79.86,81.57,79.29,83.57,7.0,18.0,44.0,31.0
2010-12-26,201052,7.0,7,7,7,0.10014666,1.2210332,0,2,313670220105219589,2023-08-20,Juiz de Fora,0.5603065,573285,1,0,0,6,,,,,103009,18.96,21.49,25.23,144.4,87.57,13.0,19.43,1.233866,14.0,19.61,2.00395,13.0,20.1,2.6045957,4.0,19.87,0.9968615,11.75,19.525,2.0794415416798357,-0.5596157879354227,-0.6286086594223743,-0.5596157879354227,0.47000362924573547,51,23.71,23.83,23.69,23.87,144.8,87.2,120.3,80.8,79.14,79.86,81.57,79.29,18.0,44.0,31.0,43.0
2011-01-02,201101,18.0,18,18,18,0.8693089,3.1397996,0,2,313670220110119589,2023-08-20,Juiz de Fora,1.5050471,573285,1,0,1,14,,,,,103009,19.66,22.26,25.97,112.5,85.71,7.0,18.96,0.5603065,13.0,19.43,1.233866,14.0,19.61,2.00395,13.0,20.1,2.6045957,13.0,19.415,2.9444389791664403,0.8649974374866045,0.30538164955118186,0.2363887780642302,0.30538164955118186,52,21.49,23.71,23.83,23.69,144.4,144.8,87.2,120.3,87.57,79.14,79.86,81.57,44.0,31.0,43.0,66.0
2011-01-09,201102,44.0,44,44,44,0.99998444,7.6750655,0,2,313670220110219589,2023-08-20,Juiz de Fora,3.263291,573285,1,1,1,36,,,,,103009,19.96,23.26,28.14,142.2,82.29,18.0,19.66,1.5050471,7.0,18.96,0.5603065,13.0,19.43,1.233866,14.0,19.61,2.00395,20.5,19.5025,3.8066624897703196,0.8622235106038794,1.7272209480904839,1.1676051601550612,1.0986122886681096,1,22.26,21.49,23.71,23.83,112.5,144.4,144.8,87.2,85.71,87.57,79.14,79.86,31.0,43.0,66.0,70.0
2011-01-16,201103,31.0,31,31,31,0.89527696,5.4074326,0,2,313670220110319589,2023-08-20,Juiz de Fora,1.4116021,573285,1,0,1,26,,,,,103009,19.81,24.41,30.06,36.6,77.14,44.0,19.96,3.263291,18.0,19.66,1.5050471,7.0,18.96,0.5603065,13.0,19.43,1.233866,25.0,19.5975,3.4657359027997265,-0.3409265869705931,0.5212969236332863,1.3862943611198908,0.8266785731844681,2,23.26,22.26,21.49,23.71,142.2,112.5,144.4,144.8,82.29,85.71,87.57,79.14,43.0,66.0,70.0,101.0
2011-01-23,201104,43.0,43,43,43,0.89588314,7.5006323,0,2,313670220110419589,2023-08-20,Juiz de Fora,1.3366872,573285,1,0,1,28,,,,,103009,19.51,24.44,29.99,4.4,73.0,31.0,19.81,1.4116021,44.0,19.96,3.263291,18.0,19.66,1.5050471,7.0,18.96,0.5603065,34.0,19.735,3.784189633918261,0.3184537311185345,-0.022472855852058604,0.8397506547518208,1.7047480922384253,3,24.41,23.26,22.26,21.49,36.6,142.2,112.5,144.4,77.14,82.29,85.71,87.57,66.0,70.0,101.0,91.0
2011-01-30,201105,66.0,66,66,66,0.99724495,11.512598,0,2,313670220110519589,2023-08-20,Juiz de Fora,1.7374507,573285,1,1,1,46,,,,,103009,19.76,24.93,30.74,5.6,69.43,43.0,19.51,1.3366872,31.0,19.81,1.4116021,44.0,19.96,3.263291,18.0,19.66,1.5050471,46.0,19.76,4.204692619390966,0.4205029854727047,0.7389567165912392,0.3980301296206461,1.2602536402245255,4,24.44,24.41,23.26,22.26,4.4,36.6,142.2,112.5,73.0,77.14,82.29,85.71,70.0,101.0,91.0,94.0
2011-02-06,201106,70.0,70,70,70,0.9844316,12.210332,0,3,313670220110619589,2023-08-20,Juiz de Fora,1.4937674,573285,1,1,1,54,,,,,103009,19.67,24.93,30.6,0.9,65.29,66.0,19.76,1.7374507,43.0,19.51,1.3366872,31.0,19.81,1.4116021,44.0,19.96,3.263291,52.5,19.6875,4.2626798770413155,0.05798725765034973,0.47849024312305444,0.7969439742415889,0.45601738727099583,5,24.93,24.44,24.41,23.26,5.6,4.4,36.6,142.2,69.43,73.0,77.14,82.29,101.0,91.0,94.0,98.0
2011-02-13,201107,101.0,101,101,101,0.9992315,17.617764,0,3,313670220110719589,2023-08-20,Juiz de Fora,1.6558161,573285,1,1,1,79,,,,,103009,19.01,24.37,30.2,4.5,65.86,70.0,19.67,1.4937674,66.0,19.76,1.7374507,43.0,19.51,1.3366872,31.0,19.81,1.4116021,70.0,19.4875,4.624972813284271,0.3622929362429552,0.42028019389330495,0.8407831793660097,1.1592369104845441,6,24.93,24.93,24.44,24.41,0.9,5.6,4.4,36.6,65.29,69.43,73.0,77.14,91.0,94.0,98.0,161.0
2011-02-20,201108,91.0,91,91,91,0.8825353,15.873431,0,3,313670220110819589,2023-08-20,Juiz de Fora,1.2019047,573285,1,0,1,73,,,,,103009,19.71,24.41,31.44,29.8,74.0,101.0,19.01,1.6558161,70.0,19.67,1.4937674,66.0,19.76,1.7374507,43.0,19.51,1.3366872,82.0,19.5375,4.5217885770490405,-0.10318423623523021,0.259108700007725,0.31709595765807475,0.7375989431307794,7,24.37,24.93,24.93,24.44,4.5,0.9,5.6,4.4,65.86,65.29,69.43,73.0,94.0,98.0,161.0,201.0
2011-02-27,201109,94.0,94,94,94,0.6698436,16.39673,0,2,313670220110919589,2023-08-20,Juiz de Fora,1.0671656,573285,1,0,1,82,,,,,103009,19.04,21.21,24.71,199.6,89.43,91.0,19.71,1.2019047,101.0,19.01,1.6558161,70.0,19.67,1.4937674,66.0,19.76,1.7374507,89.0,19.3575,4.553876891600541,0.0320883145515003,-0.07109592168372991,0.2911970145592253,0.34918427220957504,8,24.41,24.37,24.93,24.93,29.8,4.5,0.9,5.6,74.0,65.86,65.29,69.43,98.0,161.0,201.0,187.0
2011-03-06,201110,98.0,98,98,98,0.64547175,17.094465,0,2,313670220111019589,2023-08-20,Juiz de Fora,1.0553882,573285,1,0,1,89,,,,,103009,18.7,21.39,24.87,100.6,88.71,94.0,19.04,1.0671656,91.0,19.71,1.2019047,101.0,19.01,1.6558161,70.0,19.67,1.4937674,96.0,19.115,4.59511985013459,0.04124295853404902,0.07333127308554932,-0.02985296314968089,0.33243997309327433,9,21.21,24.41,24.37,24.93,199.6,29.8,4.5,0.9,89.43,74.0,65.86,65.29,161.0,201.0,187.0,273.0
2011-03-13,201111,161.0,161,161,161,0.99996287,28.083763,0,2,313670220111119589,2023-08-20,Juiz de Fora,1.6479388,573285,1,1,2,142,,,,,103009,19.33,22.66,27.1,34.2,82.57,98.0,18.7,1.0553882,94.0,19.04,1.0671656,91.0,19.71,1.2019047,101.0,19.01,1.6558161,111.0,19.195,5.087596335232384,0.49247648509779385,0.5337194436318429,0.5658077581833432,0.46262352194811296,10,21.39,21.21,24.41,24.37,100.6,199.6,29.8,4.5,88.71,89.43,74.0,65.86,201.0,187.0,273.0,221.0
2011-03-20,201112,201.0,201,201,201,0.9999989,35.061096,0,4,313670220111219589,2023-08-20,Juiz de Fora,1.7176356,573285,1,1,2,166,,,,,103009,18.06,21.81,26.31,12.2,81.86,161.0,19.33,1.6479388,98.0,18.7,1.0553882,94.0,19.04,1.0671656,91.0,19.71,1.2019047,138.5,18.7825,5.308267697401205,0.22067136216882144,0.7131478472666153,0.7543908058006643,0.7864791203521646,11,22.66,21.39,21.21,24.41,34.2,100.6,199.6,29.8,82.57,88.71,89.43,74.0,187.0,273.0,221.0,269.0
2011-03-27,201113,187.0,187,187,187,0.9709796,32.61903,0,4,313670220111319589,2023-08-20,Juiz de Fora,1.2289102,573285,1,1,2,170,,,,,103009,19.31,23.23,28.44,53.1,80.86,201.0,18.06,1.7176356,161.0,19.33,1.6479388,98.0,18.7,1.0553882,94.0,19.04,1.0671656,161.75,18.849999999999998,5.236441962829949,-0.07182573457125585,0.1488456275975656,0.6413221126953594,0.6825650712294085,12,21.81,22.66,21.39,21.21,12.2,34.2,100.6,199.6,81.86,82.57,88.71,89.43,273.0,221.0,269.0,268.0
2011-04-03,201114,273.0,273,273,273,0.99998236,47.620293,0,4,313670220111419589,2023-08-20,Juiz de Fora,1.4768509,573285,1,1,2,261,,,,,103009,17.66,21.27,26.16,82.2,82.0,187.0,19.31,1.2289102,201.0,18.06,1.7176356,161.0,19.33,1.6479388,98.0,18.7,1.0553882,205.5,18.589999999999996,5.6131281063880705,0.37668614355812124,0.3048604089868654,0.5255317711556868,1.0180082562534807,13,23.23,21.81,22.66,21.39,53.1,12.2,34.2,100.6,80.86,81.86,82.57,88.71,221.0,269.0,268.0,236.0
2011-04-10,201115,221.0,221,221,221,0.69582564,38.549763,0,4,313670220111519589,2023-08-20,Juiz de Fora,1.0505404,573285,0,0,2,202,,,,,103009,17.93,22.11,27.27,12.3,79.71,273.0,17.66,1.4768509,187.0,19.31,1.2289102,201.0,18.06,1.7176356,161.0,19.33,1.6479388,220.5,18.24,5.402677381872279,-0.21045072451579117,0.16623541904233008,0.09440968447107423,0.31508104663989567,14,21.27,23.23,21.81,22.66,82.2,53.1,12.2,34.2,82.0,80.86,81.86,82.57,269.0,268.0,236.0,220.0
2011-04-17,201116,269.0,269,269,269,0.9423285,46.92256,0,4,313670220111619589,2023-08-20,Juiz de Fora,1.150862,573285,1,0,2,260,,,,,103009,17.29,21.63,27.07,4.8,80.57,221.0,17.93,1.0505404,273.0,17.66,1.4768509,187.0,19.31,1.2289102,201.0,18.06,1.7176356,237.5,18.0475,5.598421958998375,0.19574457712609572,-0.014706147389695445,0.3619799961684258,0.29015426159716995,15,22.11,21.27,23.23,21.81,12.3,82.2,53.1,12.2,79.71,82.0,80.86,81.86,268.0,236.0,220.0,167.0
2011-04-24,201117,268.0,268,268,268,0.84751666,46.748127,0,4,313670220111719589,2023-08-20,Juiz de Fora,1.0948036,573285,0,0,2,255,,,,,103009,16.29,19.89,24.66,21.4,84.29,269.0,17.29,1.150862,221.0,17.93,1.0505404,273.0,17.66,1.4768509,187.0,19.31,1.2289102,257.75,17.292499999999997,5.594711379601839,-0.0037105793965359624,0.19203399772955976,-0.018416726786231408,0.35826941677188984,16,21.63,22.11,21.27,23.23,4.8,12.3,82.2,53.1,80.57,79.71,82.0,80.86,236.0,220.0,167.0,91.0
2011-05-01,201118,236.0,236,236,236,0.20813896,41.16626,0,4,313670220111819589,2023-08-20,Juiz de Fora,0.92922,573285,0,0,2,218,,,,,103009,16.36,20.61,25.96,2.4,78.57,268.0,16.29,1.0948036,269.0,17.29,1.150862,221.0,17.93,1.0505404,273.0,17.66,1.4768509,248.5,16.9675,5.4680601411351315,-0.12665123846670756,-0.13036181786324352,0.0653827592628522,-0.14506796525293897,17,19.89,21.63,22.11,21.27,21.4,4.8,12.3,82.2,84.29,80.57,79.71,82.0,220.0,167.0,91.0,47.0
2011-05-08,201119,220.0,220,220,220,0.05812795,38.375328,0,4,313670220111919589,2023-08-20,Juiz de Fora,0.8656067,573285,0,0,2,215,,,,,103009,15.06,18.73,23.63,1.5,81.86,236.0,16.36,0.92922,268.0,16.29,1.0948036,269.0,17.29,1.150862,221.0,17.93,1.0505404,248.25,16.25,5.3981627015177525,-0.06989743961737904,-0.1965486780840866,-0.20025925748062257,-0.0045146803545268455,18,20.61,19.89,21.63,22.11,2.4,21.4,4.8,12.3,78.57,84.29,80.57,79.71,167.0,91.0,47.0,23.0
2011-05-15,201120,167.0,167,167,167,0.0002457118,29.130363,0,4,313670220112019589,2023-08-20,Juiz de Fora,0.705271,573285,0,0,2,156,,,,,103009,12.91,16.46,21.03,11.4,82.71,220.0,15.06,0.8656067,236.0,16.36,0.92922,268.0,16.29,1.0948036,269.0,17.29,1.150862,222.75,15.155,5.123963979403259,-0.2741987221144937,-0.34409616173187274,-0.4707474001985803,-0.47445797959511626,19,18.73,20.61,19.89,21.63,1.5,2.4,21.4,4.8,81.86,78.57,84.29,80.57,91.0,47.0,23.0,13.0
2011-05-22,201121,91.0,91,91,91,6.6293637e-12,15.873431,0,4,313670220112119589,2023-08-20,Juiz de Fora,0.4419913,573285,0,0,1,81,,,,,103009,11.64,16.91,22.93,2.3,77.14,167.0,12.91,0.705271,220.0,15.06,0.8656067,236.0,16.36,0.92922,268.0,16.29,1.0948036,178.5,13.9925,4.5217885770490405,-0.6021754023542183,-0.876374124468712,-0.946271564086091,-1.0729228025527986,20,16.46,18.73,20.61,19.89,11.4,1.5,2.4,21.4,82.71,81.86,78.57,84.29,47.0,23.0,13.0,10.0
2011-05-29,201122,47.0,47,47,47,6.661338e-16,8.198365,0,1,313670220112219589,2023-08-20,Juiz de Fora,0.29675508,573285,0,0,1,44,,,,,103009,12.54,16.83,22.24,1.2,80.14,91.0,11.64,0.4419913,167.0,12.91,0.705271,220.0,15.06,0.8656067,236.0,16.36,0.92922,131.25,13.0375,3.871201010907891,-0.6505875661411493,-1.2527629684953676,-1.5269616906098613,-1.5968591302272404,21,16.91,16.46,18.73,20.61,2.3,11.4,1.5,2.4,77.14,82.71,81.86,78.57,23.0,13.0,10.0,7.0
2011-06-05,201123,23.0,23,23,23,7.194245e-14,4.011966,0,1,313670220112319589,2023-08-20,Juiz de Fora,0.22485647,573285,0,0,1,20,,,,,103009,10.13,15.59,21.64,18.9,75.57,47.0,12.54,0.29675508,91.0,11.64,0.4419913,167.0,12.91,0.705271,220.0,15.06,0.8656067,82.0,11.805,3.1780538303479458,-0.6931471805599454,-1.3437347467010947,-1.945910149055313,-2.2201088711698067,22,16.83,16.91,16.46,18.73,1.2,2.3,11.4,1.5,80.14,77.14,82.71,81.86,13.0,10.0,7.0,4.0
2011-06-12,201124,13.0,13,13,13,1.8146727e-08,2.267633,0,1,313670220112419589,2023-08-20,Juiz de Fora,0.2278291,573285,0,0,1,8,,,,,103009,10.49,15.71,21.61,0.3,78.57,23.0,10.13,0.22485647,47.0,12.54,0.29675508,91.0,11.64,0.4419913,167.0,12.91,0.705271,43.5,11.200000000000001,2.6390573296152584,-0.5389965007326873,-1.2321436812926327,-1.882731247433782,-2.4849066497880004,23,15.59,16.83,16.91,16.46,18.9,1.2,2.3,11.4,75.57,80.14,77.14,82.71,10.0,7.0,4.0,5.0
2011-06-19,201125,10.0,10,10,10,0.0005526013,1.7443331,0,1,313670220112519589,2023-08-20,Juiz de Fora,0.33425903,573285,0,0,1,4,,,,,103009,12.44,17.37,23.73,0.1,81.29,13.0,10.49,0.2278291,23.0,10.13,0.22485647,47.0,12.54,0.29675508,91.0,11.64,0.4419913,23.25,11.4,2.3978952727983707,-0.24116205681688774,-0.7801585575495751,-1.4733057381095205,-2.12389330425067,24,15.71,15.59,16.83,16.91,0.3,18.9,1.2,2.3,78.57,75.57,80.14,77.14,7.0,4.0,5.0,7.0
2011-06-26,201126,7.0,7,7,7,0.021254342,1.2210332,0,1,313670220112619589,2023-08-20,Juiz de Fora,0.42391428,573285,0,0,0,5,,,,,103009,13.34,17.29,22.64,0.6,81.14,10.0,12.44,0.33425903,13.0,10.49,0.2278291,23.0,10.13,0.22485647,47.0,12.54,0.29675508,13.25,11.600000000000001,2.0794415416798357,-0.3184537311185349,-0.5596157879354227,-1.09861228866811,-1.7917594692280554,25,17.37,15.71,15.59,16.83,0.1,0.3,18.9,1.2,81.29,78.57,75.57,80.14,4.0,5.0,7.0,0.0
2011-07-03,201127,4.0,4,4,4,0.03632602,0.6977332,0,1,313670220112719589,2023-08-20,Juiz de Fora,0.38068706,573285,0,0,0,2,,,,,103009,11.41,15.2,19.5,0.0,81.57,7.0,13.34,0.42391428,10.0,12.44,0.33425903,13.0,10.49,0.2278291,23.0,10.13,0.22485647,8.5,11.92,1.6094379124341003,-0.47000362924573547,-0.7884573603642704,-1.0296194171811581,-1.5686159179138455,26,17.29,17.37,15.71,15.59,0.6,0.1,0.3,18.9,81.14,81.29,78.57,75.57,5.0,7.0,0.0,4.0
2011-07-10,201128,5.0,5,5,5,0.2513523,0.8721666,0,1,313670220112819589,2023-08-20,Juiz de Fora,0.68866897,573285,0,0,0,4,,,,,103009,10.0,16.1,24.14,0.0,70.14,4.0,11.41,0.38068706,7.0,13.34,0.42391428,10.0,12.44,0.33425903,13.0,10.49,0.2278291,6.5,11.7975,1.791759469228055,0.18232155679395468,-0.2876820724517808,-0.6061358035703157,-0.8472978603872034,27,15.2,17.29,17.37,15.71,0.0,0.6,0.1,0.3,81.57,81.14,81.29,78.57,7.0,0.0,4.0,2.0
2011-07-17,201129,7.0,7,7,7,0.67228425,1.2210332,0,1,313670220112919589,2023-08-20,Juiz de Fora,1.2778324,573285,0,0,0,1,,,,,103009,13.79,18.7,24.67,6.7,76.14,5.0,10.0,0.68866897,4.0,11.41,0.38068706,7.0,13.34,0.42391428,10.0,12.44,0.33425903,5.75,12.135,2.0794415416798357,0.2876820724517808,0.47000362924573547,0.0,-0.3184537311185349,28,16.1,15.2,17.29,17.37,0.0,0.0,0.6,0.1,70.14,81.57,81.14,81.29,0.0,4.0,2.0,0.0
2011-07-24,201130,0.0,0,0,0,0.0,0.0,0,1,313670220113019589,2023-08-20,Juiz de Fora,0.0,573285,0,0,0,0,,,,,103009,12.16,17.41,23.3,0.5,71.14,7.0,13.79,1.2778324,5.0,10.0,0.68866897,4.0,11.41,0.38068706,7.0,13.34,0.42391428,4.0,11.84,0.0,-2.0794415416798357,-1.791759469228055,-1.6094379124341003,-2.0794415416798357,29,18.7,16.1,15.2,17.29,6.7,0.0,0.0,0.6,76.14,70.14,81.57,81.14,4.0,2.0,0.0,0.0
2011-07-31,201131,4.0,4,4,4,0.43304533,0.6977332,0,1,313670220113119589,2023-08-20,Juiz de Fora,0.89550406,573285,0,0,0,1,,,,,103009,14.01,19.04,25.21,12.2,69.57,0.0,12.16,0.0,7.0,13.79,1.2778324,5.0,10.0,0.68866897,4.0,11.41,0.38068706,4.0,12.49,1.6094379124341003,1.6094379124341003,-0.47000362924573547,-0.18232155679395468,0.0,30,17.41,18.7,16.1,15.2,0.5,6.7,0.0,0.0,71.14,76.14,70.14,81.57,2.0,0.0,0.0,1.0
2011-08-07,201132,2.0,2,2,2,0.30362383,0.3488666,0,1,313670220113219589,2023-08-20,Juiz de Fora,0.6539594,573285,0,0,0,0,,,,,103009,14.16,19.27,25.94,1.9,73.29,4.0,14.01,0.89550406,0.0,12.16,0.0,7.0,13.79,1.2778324,5.0,10.0,0.68866897,3.25,13.53,1.0986122886681098,-0.5108256237659905,1.0986122886681098,-0.980829253011726,-0.6931471805599452,31,19.04,17.41,18.7,16.1,12.2,0.5,6.7,0.0,69.57,71.14,76.14,70.14,0.0,0.0,1.0,0.0
2011-08-14,201133,0.0,0,0,0,0.0,0.0,0,1,313670220113319589,2023-08-20,Juiz de Fora,0.0,573285,0,0,0,0,,,,,103009,13.53,19.83,27.6,0.0,65.29,2.0,14.16,0.6539594,4.0,14.01,0.89550406,0.0,12.16,0.0,7.0,13.79,1.2778324,1.5,13.465,0.0,-1.0986122886681098,-1.6094379124341003,0.0,-2.0794415416798357,32,19.27,19.04,17.41,18.7,1.9,12.2,0.5,6.7,73.29,69.57,71.14,76.14,0.0,1.0,0.0,0.0
2011-08-21,201134,0.0,0,0,0,0.0,0.0,0,1,313670220113419589,2023-08-20,Juiz de Fora,0.0,573285,0,0,0,0,,,,,103009,14.66,18.21,23.19,1.2,76.43,0.0,13.53,0.0,2.0,14.16,0.6539594,4.0,14.01,0.89550406,0.0,12.16,0.0,1.5,14.09,0.0,0.0,-1.0986122886681098,-1.6094379124341003,0.0,33,19.83,19.27,19.04,17.41,0.0,1.9,12.2,0.5,65.29,73.29,69.57,71.14,1.0,0.0,0.0,2.0
2011-08-28,201135,1.0,1,1,1,0.59261185,0.1744333,0,1,313670220113519589,2023-08-20,Juiz de Fora,1.3247831,573285,0,0,0,0,,,,,103009,12.57,18.11,25.06,1.5,63.57,0.0,14.66,0.0,0.0,13.53,0.0,2.0,14.16,0.6539594,4.0,14.01,0.89550406,0.75,13.73,0.6931471805599453,0.6931471805599453,0.6931471805599453,-0.4054651081081645,-0.916290731874155,34,18.21,19.83,19.27,19.04,1.2,0.0,1.9,12.2,76.43,65.29,73.29,69.57,0.0,0.0,2.0,2.0
2011-09-04,201136,0.0,0,0,0,0.0,0.0,0,1,313670220113619589,2023-08-20,Juiz de Fora,0.0,573285,0,0,0,0,,,,,103009,12.43,20.43,28.57,0.0,57.14,1.0,12.57,1.3247831,0.0,14.66,0.0,0.0,13.53,0.0,2.0,14.16,0.6539594,0.25,13.2975,0.0,-0.6931471805599453,0.0,0.0,-1.0986122886681098,35,18.11,18.21,19.83,19.27,1.5,1.2,0.0,1.9,63.57,76.43,65.29,73.29,0.0,2.0,2.0,1.0
2011-09-11,201137,0.0,0,0,0,0.0,0.0,0,1,313670220113719589,2023-08-20,Juiz de Fora,0.0,573285,0,0,0,0,,,,,103009,14.93,18.11,22.07,6.4,76.14,0.0,12.43,0.0,1.0,12.57,1.3247831,0.0,14.66,0.0,0.0,13.53,0.0,0.25,13.6475,0.0,0.0,-0.6931471805599453,0.0,0.0,36,20.43,18.11,18.21,19.83,0.0,1.5,1.2,0.0,57.14,63.57,76.43,65.29,2.0,2.0,1.0,2.0
2011-09-18,201138,2.0,2,2,2,0.9218305,0.3488666,0,1,313670220113819589,2023-08-20,Juiz de Fora,5.710594,573285,0,0,0,1,,,,,103009,13.61,19.1,25.34,1.5,66.0,0.0,14.93,0.0,0.0,12.43,0.0,1.0,12.57,1.3247831,0.0,14.66,0.0,0.75,13.385000000000002,1.0986122886681098,1.0986122886681098,1.0986122886681098,0.4054651081081645,1.0986122886681098,37,18.11,20.43,18.11,18.21,6.4,0.0,1.5,1.2,76.14,57.14,63.57,76.43,2.0,1.0,2.0,2.0
2011-09-25,201139,2.0,2,2,2,0.84548473,0.3488666,0,1,313670220113919589,2023-08-20,Juiz de Fora,3.0963714,573285,0,0,0,1,,,,,103009,14.13,19.76,26.16,2.5,66.29,2.0,13.61,5.710594,0.0,14.93,0.0,0.0,12.43,0.0,1.0,12.57,1.3247831,1.0,13.774999999999999,1.0986122886681098,0.0,1.0986122886681098,1.0986122886681098,0.4054651081081645,38,19.1,18.11,20.43,18.11,1.5,6.4,0.0,1.5,66.0,76.14,57.14,63.57,1.0,2.0,2.0,2.0
2011-10-02,201140,1.0,1,1,1,0.39495254,0.1744333,0,1,313670220114019589,2023-08-20,Juiz de Fora,0.7461301,573285,0,0,0,0,,,,,103009,16.06,20.71,26.06,10.9,71.57,2.0,14.13,3.0963714,2.0,13.61,5.710594,0.0,14.93,0.0,0.0,12.43,0.0,1.25,14.682500000000001,0.6931471805599453,-0.4054651081081645,-0.4054651081081645,0.6931471805599453,0.6931471805599453,39,19.76,19.1,18.11,20.43,2.5,1.5,6.4,0.0,66.29,66.0,76.14,57.14,2.0,2.0,2.0,2.0
2011-10-09,201141,2.0,2,2,2,0.5859368,0.3488666,0,1,313670220114119589,2023-08-20,Juiz de Fora,1.2255559,573285,1,0,0,0,,,,,103009,18.71,21.91,26.81,80.2,79.0,1.0,16.06,0.7461301,2.0,14.13,3.0963714,2.0,13.61,5.710594,0.0,14.93,0.0,1.75,15.6275,1.0986122886681098,0.4054651081081645,0.0,0.0,1.0986122886681098,40,20.71,19.76,19.1,18.11,10.9,2.5,1.5,6.4,71.57,66.29,66.0,76.14,2.0,2.0,2.0,2.0
2011-10-16,201142,2.0,2,2,2,0.5980314,0.3488666,0,1,313670220114219589,2023-08-20,Juiz de Fora,1.263591,573285,0,0,0,0,,,,,103009,14.59,17.69,21.4,60.4,80.43,2.0,18.71,1.2255559,1.0,16.06,0.7461301,2.0,14.13,3.0963714,2.0,13.61,5.710594,1.75,15.872500000000002,1.0986122886681098,0.0,0.4054651081081645,0.0,0.0,41,21.91,20.71,19.76,19.1,80.2,10.9,2.5,1.5,79.0,71.57,66.29,66.0,2.0,2.0,2.0,0.0
2011-10-23,201143,2.0,2,2,2,0.5577679,0.3488666,0,1,313670220114319589,2023-08-20,Juiz de Fora,1.1437563,573285,0,0,0,0,,,,,103009,16.93,21.06,26.33,34.8,77.71,2.0,14.59,1.263591,2.0,18.71,1.2255559,1.0,16.06,0.7461301,2.0,14.13,3.0963714,1.75,16.5725,1.0986122886681098,0.0,0.0,0.4054651081081645,0.0,42,17.69,21.91,20.71,19.76,60.4,80.2,10.9,2.5,80.43,79.0,71.57,66.29,2.0,2.0,0.0,4.0
2011-10-30,201144,2.0,2,2,2,0.51412034,0.3488666,0,1,313670220114419589,2023-08-20,Juiz de Fora,1.0325929,573285,0,0,0,1,,,,,103009,12.96,17.21,22.19,30.2,75.0,2.0,16.93,1.1437563,2.0,14.59,1.263591,2.0,18.71,1.2255559,1.0,16.06,0.7461301,2.0,15.7975,1.0986122886681098,0.0,0.0,0.0,0.4054651081081645,43,21.06,17.69,21.91,20.71,34.8,60.4,80.2,10.9,77.71,80.43,79.0,71.57,2.0,0.0,4.0,2.0
2011-11-06,201145,2.0,2,2,2,0.50301206,0.3488666,0,1,313670220114519589,2023-08-20,Juiz de Fora,1.0068294,573285,0,0,0,0,,,,,103009,15.36,20.91,26.87,3.6,72.86,2.0,12.96,1.0325929,2.0,16.93,1.1437563,2.0,14.59,1.263591,2.0,18.71,1.2255559,2.0,14.96,1.0986122886681098,0.0,0.0,0.0,0.0,44,17.21,21.06,17.69,21.91,30.2,34.8,60.4,80.2,75.0,77.71,80.43,79.0,0.0,4.0,2.0,2.0
2011-11-13,201146,0.0,0,0,0,0.0,0.0,0,1,313670220114619589,2023-08-20,Juiz de Fora,0.0,573285,0,0,0,0,,,,,103009,16.84,19.27,22.56,67.4,82.71,2.0,15.36,1.0068294,2.0,12.96,1.0325929,2.0,16.93,1.1437563,2.0,14.59,1.263591,1.5,15.522499999999999,0.0,-1.0986122886681098,-1.0986122886681098,-1.0986122886681098,-1.0986122886681098,45,20.91,17.21,21.06,17.69,3.6,30.2,34.8,60.4,72.86,75.0,77.71,80.43,4.0,2.0,2.0,4.0
2011-11-20,201147,4.0,4,4,4,0.8662758,0.6977332,0,1,313670220114719589,2023-08-20,Juiz de Fora,2.4769263,573285,1,0,0,2,,,,,103009,16.79,20.71,25.29,72.5,80.57,0.0,16.84,0.0,2.0,15.36,1.0068294,2.0,12.96,1.0325929,2.0,16.93,1.1437563,2.0,15.487499999999999,1.6094379124341003,1.6094379124341003,0.5108256237659905,0.5108256237659905,0.5108256237659905,46,19.27,20.91,17.21,21.06,67.4,3.6,30.2,34.8,82.71,72.86,75.0,77.71,2.0,2.0,4.0,10.0
2011-11-27,201148,2.0,2,2,2,0.57497704,0.3488666,0,1,313670220114819589,2023-08-20,Juiz de Fora,1.1926609,573285,0,0,0,0,,,,,103009,17.2,19.66,23.43,170.4,87.14,4.0,16.79,2.4769263,0.0,16.84,0.0,2.0,15.36,1.0068294,2.0,12.96,1.0325929,2.0,16.5475,1.0986122886681098,-0.5108256237659905,1.0986122886681098,0.0,0.0,47,20.71,19.27,20.91,17.21,72.5,67.4,3.6,30.2,80.57,82.71,72.86,75.0,2.0,4.0,10.0,5.0
2011-12-04,201149,2.0,2,2,2,0.43561947,0.3488666,0,1,313670220114919589,2023-08-20,Juiz de Fora,0.86775094,573285,1,0,0,0,,,,,103009,18.1,20.9,24.54,93.4,86.14,2.0,17.2,1.1926609,4.0,16.79,2.4769263,0.0,16.84,0.0,2.0,15.36,1.0068294,2.0,17.232499999999998,1.0986122886681098,0.0,-0.5108256237659905,1.0986122886681098,0.0,48,19.66,20.71,19.27,20.91,170.4,72.5,67.4,3.6,87.14,80.57,82.71,72.86,4.0,10.0,5.0,10.0
2011-12-11,201150,4.0,4,4,4,0.7400752,0.6977332,0,1,313670220115019589,2023-08-20,Juiz de Fora,1.6162876,573285,1,0,0,0,,,,,103009,18.2,21.66,26.43,97.3,82.14,2.0,18.1,0.86775094,2.0,17.2,1.1926609,4.0,16.79,2.4769263,0.0,16.84,0.0,3.0,17.572499999999998,1.6094379124341003,0.5108256237659905,0.5108256237659905,0.0,1.6094379124341003,49,20.9,19.66,20.71,19.27,93.4,170.4,72.5,67.4,86.14,87.14,80.57,82.71,10.0,5.0,10.0,15.0
2011-12-18,201151,10.0,10,10,10,0.9805991,1.7443331,0,2,313670220115119589,2023-08-20,Juiz de Fora,3.3268425,573285,1,1,1,1,,,,,103009,18.24,22.31,27.76,69.6,80.57,4.0,18.2,1.6162876,2.0,18.1,0.86775094,2.0,17.2,1.1926609,4.0,16.79,2.4769263,4.5,17.935,2.3978952727983707,0.7884573603642704,1.2992829841302609,1.2992829841302609,0.7884573603642704,50,21.66,20.9,19.66,20.71,97.3,93.4,170.4,72.5,82.14,86.14,87.14,80.57,5.0,10.0,15.0,10.0
2011-12-25,201152,5.0,5,5,5,0.5138799,0.8721666,0,2,313670220115219589,2023-08-20,Juiz de Fora,1.0214328,573285,1,0,0,1,,,,,103009,18.33,21.2,25.86,135.3,86.14,10.0,18.24,3.3268425,4.0,18.2,1.6162876,2.0,18.1,0.86775094,2.0,17.2,1.1926609,5.25,18.217499999999998,1.791759469228055,-0.6061358035703157,0.18232155679395468,0.6931471805599452,0.6931471805599452,51,22.31,21.66,20.9,19.66,69.6,97.3,93.4,170.4,80.57,82.14,86.14,87.14,10.0,15.0,10.0,15.0
2012-01-01,201201,10.0,10,10,10,0.7870916,1.7443331,0,2,313670220120119589,2023-08-20,Juiz de Fora,1.4653195,573285,1,0,1,0,,,,,103009,17.93,20.99,25.3,251.9,87.0,5.0,18.33,1.0214328,10.0,18.24,3.3268425,4.0,18.2,1.6162876,2.0,18.1,0.86775094,7.25,18.175,2.3978952727983707,0.6061358035703157,0.0,0.7884573603642704,1.2992829841302609,52,21.2,22.31,21.66,20.9,135.3,69.6,97.3,93.4,86.14,80.57,82.14,86.14,15.0,10.0,15.0,11.0
2012-01-08,201202,15.0,15,15,15,0.93730444,2.6164997,0,2,313670220120219589,2023-08-20,Juiz de Fora,1.9061921,573285,1,0,1,4,,,,,103009,18.21,20.99,25.04,173.4,87.14,10.0,17.93,1.4653195,5.0,18.33,1.0214328,10.0,18.24,3.3268425,4.0,18.2,1.6162876,10.0,18.1775,2.772588722239781,0.3746934494414105,0.9808292530117262,0.3746934494414105,1.1631508098056809,1,20.99,21.2,22.31,21.66,251.9,135.3,69.6,97.3,87.0,86.14,80.57,82.14,10.0,15.0,11.0,6.0
2012-01-15,201203,10.0,10,10,10,0.5066937,1.7443331,0,2,313670220120319589,2023-08-20,Juiz de Fora,1.0073887,573285,1,0,1,1,,,,,103009,18.7,22.99,28.31,35.6,77.29,15.0,18.21,1.9061921,10.0,17.93,1.4653195,5.0,18.33,1.0214328,10.0,18.24,3.3268425,10.0,18.2925,2.3978952727983707,-0.3746934494414105,0.0,0.6061358035703157,0.0,2,20.99,20.99,21.2,22.31,173.4,251.9,135.3,69.6,87.14,87.0,86.14,80.57,15.0,11.0,6.0,4.0
2012-01-22,201204,15.0,15,15,15,0.7249992,2.6164997,0,2,313670220120419589,2023-08-20,Juiz de Fora,1.2554166,573285,1,0,1,0,,,,,103009,18.39,22.44,27.49,56.2,76.71,10.0,18.7,1.0073887,15.0,18.21,1.9061921,10.0,17.93,1.4653195,5.0,18.33,1.0214328,12.5,18.3075,2.772588722239781,0.3746934494414105,0.0,0.3746934494414105,0.9808292530117262,3,22.99,20.99,20.99,21.2,35.6,173.4,251.9,135.3,77.29,87.14,87.0,86.14,11.0,6.0,4.0,6.0
2012-01-29,201205,11.0,11,11,11,0.3836433,1.9187664,0,2,313670220120519589,2023-08-20,Juiz de Fora,0.88667786,573285,1,0,1,5,,,,,103009,17.96,21.44,26.39,189.1,81.86,15.0,18.39,1.2554166,10.0,18.7,1.0073887,15.0,18.21,1.9061921,10.0,17.93,1.4653195,12.75,18.314999999999998,2.4849066497880004,-0.2876820724517808,0.08701137698962969,-0.2876820724517808,0.08701137698962969,4,22.44,22.99,20.99,20.99,56.2,35.6,173.4,251.9,76.71,77.29,87.14,87.0,6.0,4.0,6.0,10.0
2012-02-05,201206,6.0,6,6,6,0.06516766,1.0465999,0,2,313670220120619589,2023-08-20,Juiz de Fora,0.49002263,573285,1,0,0,0,,,,,103009,18.76,24.2,30.06,24.1,71.86,11.0,17.96,0.88667786,15.0,18.39,1.2554166,10.0,18.7,1.0073887,15.0,18.21,1.9061921,10.5,18.4525,1.9459101490553132,-0.5389965007326871,-0.8266785731844679,-0.45198512374305744,-0.8266785731844679,5,21.44,22.44,22.99,20.99,189.1,56.2,35.6,173.4,81.86,76.71,77.29,87.14,4.0,6.0,10.0,6.0
2012-02-12,201207,4.0,4,4,4,0.040200356,0.6977332,0,2,313670220120719589,2023-08-20,Juiz de Fora,0.38859674,573285,1,0,0,0,,,,,103009,18.47,22.33,27.43,33.8,79.29,6.0,18.76,0.49002263,11.0,17.96,0.88667786,15.0,18.39,1.2554166,10.0,18.7,1.0073887,9.0,18.395,1.6094379124341003,-0.33647223662121295,-0.8754687373539001,-1.1631508098056809,-0.7884573603642704,6,24.2,21.44,22.44,22.99,24.1,189.1,56.2,35.6,71.86,81.86,76.71,77.29,6.0,10.0,6.0,4.0
2012-02-19,201208,6.0,6,6,6,0.36612558,1.0465999,0,2,313670220120819589,2023-08-20,Juiz de Fora,0.832944,573285,1,0,0,1,,,,,103009,18.11,22.53,27.81,19.3,78.0,4.0,18.47,0.38859674,6.0,18.76,0.49002263,11.0,17.96,0.88667786,15.0,18.39,1.2554166,6.75,18.325,1.9459101490553132,0.33647223662121295,0.0,-0.5389965007326871,-0.8266785731844679,7,22.33,24.2,21.44,22.44,33.8,24.1,189.1,56.2,79.29,71.86,81.86,76.71,10.0,6.0,4.0,7.0
2012-02-26,201209,10.0,10,10,10,0.8691349,1.7443331,0,1,313670220120919589,2023-08-20,Juiz de Fora,1.7540578,573285,0,0,1,1,,,,,103009,17.53,23.97,30.77,0.0,64.14,6.0,18.11,0.832944,4.0,18.47,0.38859674,6.0,18.76,0.49002263,11.0,17.96,0.88667786,6.5,18.2175,2.3978952727983707,0.45198512374305744,0.7884573603642704,0.45198512374305744,-0.08701137698962969,8,22.53,22.33,24.2,21.44,19.3,33.8,24.1,189.1,78.0,79.29,71.86,81.86,6.0,4.0,7.0,7.0
2012-03-04,201210,6.0,6,6,6,0.44412798,1.0465999,0,1,313670220121019589,2023-08-20,Juiz de Fora,0.925939,573285,1,0,0,0,,,,,103009,18.43,22.91,28.19,10.5,70.71,10.0,17.53,1.7540578,6.0,18.11,0.832944,4.0,18.47,0.38859674,6.0,18.76,0.49002263,6.5,18.134999999999998,1.9459101490553132,-0.45198512374305744,0.0,0.33647223662121295,0.0,9,23.97,22.53,22.33,24.2,0.0,19.3,33.8,24.1,64.14,78.0,79.29,71.86,4.0,7.0,7.0,7.0
2012-03-11,201211,4.0,4,4,4,0.14876722,0.6977332,0,1,313670220121119589,2023-08-20,Juiz de Fora,0.54398936,573285,1,0,0,2,,,,,103009,17.74,21.43,26.43,103.4,84.71,6.0,18.43,0.925939,10.0,17.53,1.7540578,6.0,18.11,0.832944,4.0,18.47,0.38859674,6.5,17.9525,1.6094379124341003,-0.33647223662121295,-0.7884573603642704,-0.33647223662121295,0.0,10,22.91,23.97,22.53,22.33,10.5,0.0,19.3,33.8,70.71,64.14,78.0,79.29,7.0,7.0,7.0,8.0
2012-03-18,201212,7.0,7,7,7,0.55563647,1.2210332,0,2,313670220121219589,2023-08-20,Juiz de Fora,1.076646,573285,1,0,0,4,,,,,103009,17.59,21.74,26.87,30.8,81.43,4.0,17.74,0.54398936,6.0,18.43,0.925939,10.0,17.53,1.7540578,6.0,18.11,0.832944,6.75,17.822499999999998,2.0794415416798357,0.47000362924573547,0.13353139262452252,-0.3184537311185349,0.13353139262452252,11,21.43,22.91,23.97,22.53,103.4,10.5,0.0,19.3,84.71,70.71,64.14,78.0,7.0,7.0,8.0,6.0
2012-03-25,201213,7.0,7,7,7,0.6486219,1.2210332,0,2,313670220121319589,2023-08-20,Juiz de Fora,1.2310138,573285,1,0,0,0,,,,,103009,17.91,21.27,26.23,75.8,85.43,7.0,17.59,1.076646,4.0,17.74,0.54398936,6.0,18.43,0.925939,10.0,17.53,1.7540578,6.0,17.917499999999997,2.0794415416798357,0.0,0.47000362924573547,0.13353139262452252,-0.3184537311185349,12,21.74,21.43,22.91,23.97,30.8,103.4,10.5,0.0,81.43,84.71,70.71,64.14,7.0,8.0,6.0,2.0
2012-04-01,201214,7.0,7,7,7,0.58978945,1.2210332,0,2,313670220121419589,2023-08-20,Juiz de Fora,1.1287985,573285,1,0,0,2,,,,,103009,18.2,21.99,27.57,34.4,83.14,7.0,17.91,1.2310138,7.0,17.59,1.076646,4.0,17.74,0.54398936,6.0,18.43,0.925939,6.25,17.86,2.0794415416798357,0.0,0.0,0.47000362924573547,0.13353139262452252,13,21.27,21.74,21.43,22.91,75.8,30.8,103.4,10.5,85.43,81.43,84.71,70.71,8.0,6.0,2.0,10.0
2012-04-08,201215,8.0,8,8,8,0.6199947,1.3954664,0,2,313670220121519589,2023-08-20,Juiz de Fora,1.1668584,573285,1,0,0,3,,,,,103009,18.17,21.96,26.83,12.5,81.57,7.0,18.2,1.1287985,7.0,17.91,1.2310138,7.0,17.59,1.076646,4.0,17.74,0.54398936,7.25,17.9675,2.1972245773362196,0.11778303565638382,0.11778303565638382,0.11778303565638382,0.5877866649021193,14,21.99,21.27,21.74,21.43,34.4,75.8,30.8,103.4,83.14,85.43,81.43,84.71,6.0,2.0,10.0,8.0
2012-04-15,201216,6.0,6,6,6,0.37235335,1.0465999,0,1,313670220121619589,2023-08-20,Juiz de Fora,0.84003204,573285,0,0,0,2,,,,,103009,16.67,20.5,25.46,5.8,80.0,8.0,18.17,1.1668584,7.0,18.2,1.1287985,7.0,17.91,1.2310138,7.0,17.59,1.076646,7.0,17.7375,1.9459101490553132,-0.25131442828090633,-0.13353139262452252,-0.13353139262452252,-0.13353139262452252,15,21.96,21.99,21.27,21.74,12.5,34.4,75.8,30.8,81.57,83.14,85.43,81.43,2.0,10.0,8.0,1.0
2012-04-22,201217,2.0,2,2,2,0.03825496,0.3488666,0,1,313670220121719589,2023-08-20,Juiz de Fora,0.29177302,573285,1,0,0,1,,,,,103009,17.47,20.7,25.06,12.1,84.86,6.0,16.67,0.84003204,8.0,18.17,1.1668584,7.0,18.2,1.1287985,7.0,17.91,1.2310138,5.75,17.6275,1.0986122886681098,-0.8472978603872034,-1.0986122886681098,-0.980829253011726,-0.980829253011726,16,20.5,21.96,21.99,21.27,5.8,12.5,34.4,75.8,80.0,81.57,83.14,85.43,10.0,8.0,1.0,2.0
2012-04-29,201218,10.0,10,10,10,0.86509484,1.7443331,0,1,313670220121819589,2023-08-20,Juiz de Fora,1.7351552,573285,0,0,1,3,,,,,103009,14.03,17.87,22.34,69.1,84.71,2.0,17.47,0.29177302,6.0,16.67,0.84003204,8.0,18.17,1.1668584,7.0,18.2,1.1287985,6.5,16.585,2.3978952727983707,1.2992829841302609,0.45198512374305744,0.2006706954621511,0.3184537311185349,17,20.7,20.5,21.96,21.99,12.1,5.8,12.5,34.4,84.86,80.0,81.57,83.14,8.0,1.0,2.0,1.0
2012-05-06,201219,8.0,8,8,8,0.7529906,1.3954664,0,1,313670220121919589,2023-08-20,Juiz de Fora,1.4374937,573285,0,0,0,6,,,,,103009,14.26,18.49,23.7,33.8,82.29,10.0,14.03,1.7351552,2.0,17.47,0.29177302,6.0,16.67,0.84003204,8.0,18.17,1.1668584,6.5,15.607499999999998,2.1972245773362196,-0.2006706954621511,1.0986122886681098,0.25131442828090633,0.0,18,17.87,20.7,20.5,21.96,69.1,12.1,5.8,12.5,84.71,84.86,80.0,81.57,1.0,2.0,1.0,4.0
2012-05-13,201220,1.0,1,1,1,0.0088294,0.1744333,0,1,313670220122019589,2023-08-20,Juiz de Fora,0.14655302,573285,0,0,0,0,,,,,103009,14.09,16.89,20.44,38.8,84.86,8.0,14.26,1.4374937,10.0,14.03,1.7351552,2.0,17.47,0.29177302,6.0,16.67,0.84003204,5.25,14.962499999999999,0.6931471805599453,-1.5040773967762742,-1.7047480922384253,-0.4054651081081645,-1.252762968495368,19,18.49,17.87,20.7,20.5,33.8,69.1,12.1,5.8,82.29,84.71,84.86,80.0,2.0,1.0,4.0,1.0
2012-05-20,201221,2.0,2,2,2,0.059149463,0.3488666,0,1,313670220122119589,2023-08-20,Juiz de Fora,0.32803813,573285,0,0,0,2,,,,,103009,13.37,17.27,22.31,12.5,84.43,1.0,14.09,0.14655302,8.0,14.26,1.4374937,10.0,14.03,1.7351552,2.0,17.47,0.29177302,5.25,13.937499999999998,1.0986122886681098,0.4054651081081645,-1.0986122886681098,-1.2992829841302609,0.0,20,16.89,18.49,17.87,20.7,38.8,33.8,69.1,12.1,84.86,82.29,84.71,84.86,1.0,4.0,1.0,6.0
2012-05-27,201222,1.0,1,1,1,0.093283854,0.1744333,0,1,313670220122219589,2023-08-20,Juiz de Fora,0.29220724,573285,0,0,0,0,,,,,103009,15.24,19.9,26.04,11.1,82.29,2.0,13.37,0.32803813,1.0,14.09,0.14655302,8.0,14.26,1.4374937,10.0,14.03,1.7351552,3.0,14.24,0.6931471805599453,-0.4054651081081645,0.0,-1.5040773967762742,-1.7047480922384253,21,17.27,16.89,18.49,17.87,12.5,38.8,33.8,69.1,84.43,84.86,82.29,84.71,4.0,1.0,6.0,2.0
2012-06-03,201223,4.0,4,4,4,0.81625324,0.6977332,0,1,313670220122319589,2023-08-20,Juiz de Fora,2.0260215,573285,0,0,0,2,,,,,103009,15.94,19.47,24.51,26.4,86.29,1.0,15.24,0.29220724,2.0,13.37,0.32803813,1.0,14.09,0.14655302,8.0,14.26,1.4374937,2.0,14.66,1.6094379124341003,0.916290731874155,0.5108256237659905,0.916290731874155,-0.5877866649021193,22,19.9,17.27,16.89,18.49,11.1,12.5,38.8,33.8,82.29,84.43,84.86,82.29,1.0,6.0,2.0,3.0
2012-06-10,201224,1.0,1,1,1,0.25077325,0.1744333,0,1,313670220122419589,2023-08-20,Juiz de Fora,0.50111634,573285,0,0,0,0,,,,,103009,14.06,17.8,22.89,5.2,84.86,4.0,15.94,2.0260215,1.0,15.24,0.29220724,2.0,13.37,0.32803813,1.0,14.09,0.14655302,2.0,14.6525,0.6931471805599453,-0.916290731874155,0.0,-0.4054651081081645,0.0,23,19.47,19.9,17.27,16.89,26.4,11.1,12.5,38.8,86.29,82.29,84.43,84.86,6.0,2.0,3.0,3.0
2012-06-17,201225,6.0,6,6,6,0.89918905,1.0465999,0,1,313670220122519589,2023-08-20,Juiz de Fora,2.383643,573285,0,0,0,0,,,,,103009,14.93,19.07,24.43,11.5,81.43,1.0,14.06,0.50111634,4.0,15.94,2.0260215,1.0,15.24,0.29220724,2.0,13.37,0.32803813,3.0,15.0425,1.9459101490553132,1.252762968495368,0.33647223662121295,1.252762968495368,0.8472978603872034,24,17.8,19.47,19.9,17.27,5.2,26.4,11.1,12.5,84.86,86.29,82.29,84.43,2.0,3.0,3.0,3.0
2012-06-24,201226,2.0,2,2,2,0.31410122,0.3488666,0,1,313670220122619589,2023-08-20,Juiz de Fora,0.6689787,573285,0,0,0,0,,,,,103009,13.21,17.16,22.2,2.1,84.14,6.0,14.93,2.383643,1.0,14.06,0.50111634,4.0,15.94,2.0260215,1.0,15.24,0.29220724,3.25,14.535,1.0986122886681098,-0.8472978603872034,0.4054651081081645,-0.5108256237659905,0.4054651081081645,25,19.07,17.8,19.47,19.9,11.5,5.2,26.4,11.1,81.43,84.86,86.29,82.29,3.0,3.0,3.0,1.0
2012-07-01,201227,3.0,3,3,3,0.4167377,0.52329993,0,1,313670220122719589,2023-08-20,Juiz de Fora,0.8566035,573285,0,0,0,0,,,,,103009,12.0,17.57,24.4,0.0,77.86,2.0,13.21,0.6689787,6.0,14.93,2.383643,1.0,14.06,0.50111634,4.0,15.94,2.0260215,3.0,13.55,1.3862943611198906,0.2876820724517808,-0.5596157879354227,0.6931471805599453,-0.2231435513142097,26,17.16,19.07,17.8,19.47,2.1,11.5,5.2,26.4,84.14,81.43,84.86,86.29,3.0,3.0,1.0,3.0
2012-07-08,201228,3.0,3,3,3,0.46416095,0.52329993,0,1,313670220122819589,2023-08-20,Juiz de Fora,0.9347398,573285,0,0,0,1,,,,,103009,11.7,16.51,23.07,1.7,75.29,3.0,12.0,0.8566035,2.0,13.21,0.6689787,6.0,14.93,2.383643,1.0,14.06,0.50111634,3.5,12.96,1.3862943611198906,0.0,0.2876820724517808,-0.5596157879354227,0.6931471805599453,27,17.57,17.16,19.07,17.8,0.0,2.1,11.5,5.2,77.86,84.14,81.43,84.86,3.0,1.0,3.0,0.0
2012-07-15,201229,3.0,3,3,3,0.5180659,0.52329993,0,1,313670220122919589,2023-08-20,Juiz de Fora,1.035351,573285,0,0,0,1,,,,,103009,12.39,15.64,20.37,17.6,82.71,3.0,11.7,0.9347398,3.0,12.0,0.8566035,2.0,13.21,0.6689787,6.0,14.93,2.383643,2.75,12.325,1.3862943611198906,0.0,0.0,0.2876820724517808,-0.5596157879354227,28,16.51,17.57,17.16,19.07,1.7,0.0,2.1,11.5,75.29,77.86,84.14,81.43,1.0,3.0,0.0,0.0
2012-07-22,201230,1.0,1,1,1,0.13991718,0.1744333,0,1,313670220123019589,2023-08-20,Juiz de Fora,0.35244092,573285,0,0,0,0,,,,,103009,12.07,18.63,26.64,0.0,72.57,3.0,12.39,1.035351,3.0,11.7,0.9347398,3.0,12.0,0.8566035,2.0,13.21,0.6689787,2.5,12.04,0.6931471805599453,-0.6931471805599453,-0.6931471805599453,-0.6931471805599453,-0.4054651081081645,29,15.64,16.51,17.57,17.16,17.6,1.7,0.0,2.1,82.71,75.29,77.86,84.14,3.0,0.0,0.0,4.0
2012-07-29,201231,3.0,3,3,3,0.5914135,0.52329993,0,1,313670220123119589,2023-08-20,Juiz de Fora,1.2008052,573285,0,0,0,0,,,,,103009,13.67,18.24,23.84,4.7,77.71,1.0,12.07,0.35244092,3.0,12.39,1.035351,3.0,11.7,0.9347398,3.0,12.0,0.8566035,2.5,12.4575,1.3862943611198906,0.6931471805599453,0.0,0.0,0.0,30,18.63,15.64,16.51,17.57,0.0,17.6,1.7,0.0,72.57,82.71,75.29,77.86,0.0,0.0,4.0,1.0
2012-08-05,201232,0.0,0,0,0,0.0,0.0,0,1,313670220123219589,2023-08-20,Juiz de Fora,0.0,573285,0,0,0,0,,,,,103009,11.91,17.07,22.81,0.2,74.86,3.0,13.67,1.2008052,1.0,12.07,0.35244092,3.0,12.39,1.035351,3.0,11.7,0.9347398,1.75,12.51,0.0,-1.3862943611198906,-0.6931471805599453,-1.3862943611198906,-1.3862943611198906,31,18.24,18.63,15.64,16.51,4.7,0.0,17.6,1.7,77.71,72.57,82.71,75.29,0.0,4.0,1.0,1.0
2012-08-12,201233,0.0,0,0,0,0.0,0.0,0,1,313670220123319589,2023-08-20,Juiz de Fora,0.0,573285,0,0,0,0,,,,,103009,14.66,17.89,21.99,8.4,82.0,0.0,11.91,0.0,3.0,13.67,1.2008052,1.0,12.07,0.35244092,3.0,12.39,1.035351,1.0,13.0775,0.0,0.0,-1.3862943611198906,-0.6931471805599453,-1.3862943611198906,32,17.07,18.24,18.63,15.64,0.2,4.7,0.0,17.6,74.86,77.71,72.57,82.71,4.0,1.0,1.0,2.0
2012-08-19,201234,4.0,4,4,4,0.93656176,0.6977332,0,1,313670220123419589,2023-08-20,Juiz de Fora,3.9620886,573285,0,0,0,0,,,,,103009,13.44,17.34,22.14,4.7,77.29,0.0,14.66,0.0,0.0,11.91,0.0,3.0,13.67,1.2008052,1.0,12.07,0.35244092,1.75,13.419999999999998,1.6094379124341003,1.6094379124341003,1.6094379124341003,0.2231435513142097,0.916290731874155,33,17.89,17.07,18.24,18.63,8.4,0.2,4.7,0.0,82.0,74.86,77.71,72.57,1.0,1.0,2.0,0.0
2012-08-26,201235,1.0,1,1,1,0.43870267,0.1744333,0,1,313670220123519589,2023-08-20,Juiz de Fora,0.84126604,573285,0,0,0,0,,,,,103009,13.1,17.71,23.74,8.8,75.57,4.0,13.44,3.9620886,0.0,14.66,0.0,0.0,11.91,0.0,3.0,13.67,1.2008052,1.25,13.2775,0.6931471805599453,-0.916290731874155,0.6931471805599453,0.6931471805599453,-0.6931471805599453,34,17.34,17.89,17.07,18.24,4.7,8.4,0.2,4.7,77.29,82.0,74.86,77.71,1.0,2.0,0.0,3.0
2012-09-02,201236,1.0,1,1,1,0.26698586,0.1744333,0,1,313670220123619589,2023-08-20,Juiz de Fora,0.524889,573285,0,0,0,1,,,,,103009,12.96,18.83,25.47,0.7,68.29,1.0,13.1,0.84126604,4.0,13.44,3.9620886,0.0,14.66,0.0,0.0,11.91,0.0,1.5,13.54,0.6931471805599453,0.0,-0.916290731874155,0.6931471805599453,0.6931471805599453,35,17.71,17.34,17.89,17.07,8.8,4.7,8.4,0.2,75.57,77.29,82.0,74.86,2.0,0.0,3.0,2.0
2012-09-09,201237,2.0,2,2,2,0.56527627,0.3488666,0,1,313670220123719589,2023-08-20,Juiz de Fora,1.1646997,573285,0,0,0,1,,,,,103009,15.71,21.34,27.7,4.2,68.57,1.0,12.96,0.524889,1.0,13.1,0.84126604,4.0,13.44,3.9620886,0.0,14.66,0.0,2.0,13.8025,1.0986122886681098,0.4054651081081645,0.4054651081081645,-0.5108256237659905,1.0986122886681098,36,18.83,17.71,17.34,17.89,0.7,8.8,4.7,8.4,68.29,75.57,77.29,82.0,0.0,3.0,2.0,2.0
2012-09-16,201238,0.0,0,0,0,0.0,0.0,0,1,313670220123819589,2023-08-20,Juiz de Fora,0.0,573285,0,0,0,0,,,,,103009,16.94,21.6,27.86,16.4,67.14,2.0,15.71,1.1646997,1.0,12.96,0.524889,1.0,13.1,0.84126604,4.0,13.44,3.9620886,1.0,14.6775,0.0,-1.0986122886681098,-0.6931471805599453,-0.6931471805599453,-1.6094379124341003,37,21.34,18.83,17.71,17.34,4.2,0.7,8.8,4.7,68.57,68.29,75.57,77.29,3.0,2.0,2.0,2.0
2012-09-23,201239,3.0,3,3,3,0.8267484,0.52329993,0,1,313670220123919589,2023-08-20,Juiz de Fora,2.3556266,573285,0,0,0,0,,,,,103009,11.71,16.19,20.59,30.3,73.0,0.0,16.94,0.0,2.0,15.71,1.1646997,1.0,12.96,0.524889,1.0,13.1,0.84126604,1.5,14.330000000000002,1.3862943611198906,1.3862943611198906,0.2876820724517808,0.6931471805599453,0.6931471805599453,38,21.6,21.34,18.83,17.71,16.4,4.2,0.7,8.8,67.14,68.57,68.29,75.57,2.0,2.0,2.0,3.0
2012-09-30,201240,2.0,2,2,2,0.65015715,0.3488666,0,1,313670220124019589,2023-08-20,Juiz de Fora,1.4526504,573285,0,0,0,1,,,,,103009,14.09,19.63,25.86,0.7,70.0,3.0,11.71,2.3556266,0.0,16.94,0.0,2.0,15.71,1.1646997,1.0,12.96,0.524889,1.75,14.6125,1.0986122886681098,-0.2876820724517808,1.0986122886681098,0.0,0.4054651081081645,39,16.19,21.6,21.34,18.83,30.3,16.4,4.2,0.7,73.0,67.14,68.57,68.29,2.0,2.0,3.0,1.0
2012-10-07,201241,2.0,2,2,2,0.5221921,0.3488666,0,1,313670220124119589,2023-08-20,Juiz de Fora,1.0519098,573285,0,0,0,1,,,,,103009,16.09,20.61,26.06,26.3,71.86,2.0,14.09,1.4526504,3.0,11.71,2.3556266,0.0,16.94,0.0,2.0,15.71,1.1646997,1.75,14.707500000000001,1.0986122886681098,0.0,-0.2876820724517808,1.0986122886681098,0.0,40,19.63,16.19,21.6,21.34,0.7,30.3,16.4,4.2,70.0,73.0,67.14,68.57,2.0,3.0,1.0,2.0
2012-10-14,201242,2.0,2,2,2,0.47289008,0.3488666,0,1,313670220124219589,2023-08-20,Juiz de Fora,0.94130087,573285,0,0,0,1,,,,,103009,15.31,20.14,25.87,7.9,72.29,2.0,16.09,1.0519098,2.0,14.09,1.4526504,3.0,11.71,2.3556266,0.0,16.94,0.0,2.25,14.3,1.0986122886681098,0.0,0.0,-0.2876820724517808,1.0986122886681098,41,20.61,19.63,16.19,21.6,26.3,0.7,30.3,16.4,71.86,70.0,73.0,67.14,3.0,1.0,2.0,4.0
2012-10-21,201243,3.0,3,3,3,0.6699448,0.52329993,0,1,313670220124319589,2023-08-20,Juiz de Fora,1.4354187,573285,1,0,0,0,,,,,103009,18.63,23.46,29.19,9.2,72.14,2.0,15.31,0.94130087,2.0,16.09,1.0519098,2.0,14.09,1.4526504,3.0,11.71,2.3556266,2.25,16.03,1.3862943611198906,0.2876820724517808,0.2876820724517808,0.2876820724517808,0.0,42,20.14,20.61,19.63,16.19,7.9,26.3,0.7,30.3,72.29,71.86,70.0,73.0,1.0,2.0,4.0,2.0
2012-10-28,201244,1.0,1,1,1,0.22021587,0.1744333,0,1,313670220124419589,2023-08-20,Juiz de Fora,0.45808318,573285,1,0,0,0,,,,,103009,18.93,23.27,29.24,45.2,77.14,3.0,18.63,1.4354187,2.0,15.31,0.94130087,2.0,16.09,1.0519098,2.0,14.09,1.4526504,2.0,17.24,0.6931471805599453,-0.6931471805599453,-0.4054651081081645,-0.4054651081081645,-0.4054651081081645,43,23.46,20.14,20.61,19.63,9.2,7.9,26.3,0.7,72.14,72.29,71.86,70.0,2.0,4.0,2.0,5.0
2012-11-04,201245,2.0,2,2,2,0.46795338,0.3488666,0,2,313670220124519589,2023-08-20,Juiz de Fora,0.9311125,573285,1,0,0,1,,,,,103009,18.09,20.67,24.41,93.5,86.29,1.0,18.93,0.45808318,3.0,18.63,1.4354187,2.0,15.31,0.94130087,2.0,16.09,1.0519098,2.0,17.74,1.0986122886681098,0.4054651081081645,-0.2876820724517808,0.0,0.0,44,23.27,23.46,20.14,20.61,45.2,9.2,7.9,26.3,77.14,72.14,72.29,71.86,4.0,2.0,5.0,6.0
2012-11-11,201246,4.0,4,4,4,0.82096225,0.6977332,0,1,313670220124619589,2023-08-20,Juiz de Fora,2.0598621,573285,0,0,0,1,,,,,103009,16.6,19.9,24.39,44.7,82.29,2.0,18.09,0.9311125,1.0,18.93,0.45808318,3.0,18.63,1.4354187,2.0,15.31,0.94130087,2.5,18.0625,1.6094379124341003,0.5108256237659905,0.916290731874155,0.2231435513142097,0.5108256237659905,45,20.67,23.27,23.46,20.14,93.5,45.2,9.2,7.9,86.29,77.14,72.14,72.29,2.0,5.0,6.0,5.0
2012-11-18,201247,2.0,2,2,2,0.4392405,0.3488666,0,1,313670220124719589,2023-08-20,Juiz de Fora,0.8745741,573285,0,0,0,1,,,,,103009,17.07,21.54,27.64,14.6,74.43,4.0,16.6,2.0598621,2.0,18.09,0.9311125,1.0,18.93,0.45808318,3.0,18.63,1.4354187,2.25,17.6725,1.0986122886681098,-0.5108256237659905,0.0,0.4054651081081645,-0.2876820724517808,46,19.9,20.67,23.27,23.46,44.7,93.5,45.2,9.2,82.29,86.29,77.14,72.14,5.0,6.0,5.0,5.0
2012-11-25,201248,5.0,5,5,5,0.7862378,0.8721666,0,1,313670220124819589,2023-08-20,Juiz de Fora,1.7234461,573285,1,0,0,1,,,,,103009,18.29,21.5,25.47,51.6,82.71,2.0,17.07,0.8745741,4.0,16.6,2.0598621,2.0,18.09,0.9311125,1.0,18.93,0.45808318,3.25,17.5125,1.791759469228055,0.6931471805599452,0.18232155679395468,0.6931471805599452,1.0986122886681096,47,21.54,19.9,20.67,23.27,14.6,44.7,93.5,45.2,74.43,82.29,86.29,77.14,6.0,5.0,5.0,5.0
2012-12-02,201249,6.0,6,6,6,0.81295687,1.0465999,0,1,313670220124919589,2023-08-20,Juiz de Fora,1.7583009,573285,1,0,0,3,,,,,103009,19.79,24.27,29.59,34.4,75.14,5.0,18.29,1.7234461,2.0,17.07,0.8745741,4.0,16.6,2.0598621,2.0,18.09,0.9311125,4.25,17.9375,1.9459101490553132,0.15415067982725827,0.8472978603872034,0.33647223662121295,0.8472978603872034,48,21.5,21.54,19.9,20.67,51.6,14.6,44.7,93.5,82.71,74.43,82.29,86.29,5.0,5.0,5.0,6.0
2012-12-09,201250,5.0,5,5,5,0.5776028,0.8721666,0,2,313670220125019589,2023-08-20,Juiz de Fora,1.1298419,573285,1,0,0,1,,,,,103009,20.7,23.93,29.11,98.8,82.0,6.0,19.79,1.7583009,5.0,18.29,1.7234461,2.0,17.07,0.8745741,4.0,16.6,2.0598621,4.5,18.9625,1.791759469228055,-0.15415067982725827,0.0,0.6931471805599452,0.18232155679395468,49,24.27,21.5,21.54,19.9,34.4,51.6,14.6,44.7,75.14,82.71,74.43,82.29,5.0,5.0,6.0,23.0
2012-12-16,201251,5.0,5,5,5,0.47279105,0.8721666,0,2,313670220125119589,2023-08-20,Juiz de Fora,0.9598229,573285,1,0,0,1,,,,,103009,20.26,24.5,30.01,32.9,76.71,5.0,20.7,1.1298419,6.0,19.79,1.7583009,5.0,18.29,1.7234461,2.0,17.07,0.8745741,5.25,19.759999999999998,1.791759469228055,0.0,-0.15415067982725827,0.0,0.6931471805599452,50,23.93,24.27,21.5,21.54,98.8,34.4,51.6,14.6,82.0,75.14,82.71,74.43,5.0,6.0,23.0,20.0
2012-12-23,201252,5.0,5,5,5,0.47325242,0.8721666,0,2,313670220125219589,2023-08-20,Juiz de Fora,0.96048546,573285,1,0,0,4,,,,,103009,19.83,24.46,29.73,32.9,75.14,5.0,20.26,0.9598229,5.0,20.7,1.1298419,6.0,19.79,1.7583009,5.0,18.29,1.7234461,5.25,20.145,1.791759469228055,0.0,0.0,-0.15415067982725827,0.0,51,24.5,23.93,24.27,21.5,32.9,98.8,34.4,51.6,76.71,82.0,75.14,82.71,6.0,23.0,20.0,28.0
2012-12-30,201301,6.0,6,6,6,0.61244714,1.0465999,0,2,313670220130119589,2023-08-20,Juiz de Fora,1.1800007,573285,1,0,0,3,,,,,103009,19.29,23.59,28.6,12.7,76.29,5.0,19.83,0.96048546,5.0,20.26,0.9598229,5.0,20.7,1.1298419,6.0,19.79,1.7583009,5.25,20.02,1.9459101490553132,0.15415067982725827,0.15415067982725827,0.15415067982725827,0.0,52,24.46,24.5,23.93,24.27,32.9,32.9,98.8,34.4,75.14,76.71,82.0,75.14,23.0,20.0,28.0,35.0
2013-01-06,201302,23.0,23,23,23,0.99944705,4.011966,0,2,313670220130219589,2023-08-20,Juiz de Fora,3.712432,573285,1,1,1,18,,,,,103009,19.11,22.13,25.86,116.0,82.86,6.0,19.29,1.1800007,5.0,19.83,0.96048546,5.0,20.26,0.9598229,5.0,20.7,1.1298419,9.75,19.6225,3.1780538303479458,1.2321436812926325,1.3862943611198908,1.3862943611198908,1.3862943611198908,1,23.59,24.46,24.5,23.93,12.7,32.9,32.9,98.8,76.29,75.14,76.71,82.0,20.0,28.0,35.0,40.0
2013-01-13,201303,20.0,20,20,20,0.9599718,3.4886663,0,3,313670220130319589,2023-08-20,Juiz de Fora,1.8972492,573285,1,1,1,14,,,,,103009,18.44,22.16,28.13,147.2,83.14,23.0,19.11,3.712432,6.0,19.29,1.1800007,5.0,19.83,0.96048546,5.0,20.26,0.9598229,13.5,19.167499999999997,3.044522437723423,-0.13353139262452274,1.0986122886681098,1.252762968495368,1.252762968495368,2,22.13,23.59,24.46,24.5,116.0,12.7,32.9,32.9,82.86,76.29,75.14,76.71,28.0,35.0,40.0,69.0
2013-01-20,201304,28.0,28,28,28,0.9470937,4.884133,0,3,313670220130419589,2023-08-20,Juiz de Fora,1.6211724,573285,1,0,1,21,,,,,103009,18.47,22.24,27.06,57.7,80.43,20.0,18.44,1.8972492,23.0,19.11,3.712432,6.0,19.29,1.1800007,5.0,19.83,0.96048546,19.25,18.8275,3.367295829986474,0.32277339226305113,0.1892419996385284,1.421385680931161,1.5755363607584192,3,22.16,22.13,23.59,24.46,147.2,116.0,12.7,32.9,83.14,82.86,76.29,75.14,35.0,40.0,69.0,122.0
2013-01-27,201305,35.0,35,35,35,0.9514417,6.105166,0,2,313670220130519589,2023-08-20,Juiz de Fora,1.5517061,573285,1,1,1,25,,,,,103009,19.31,21.61,25.06,70.9,88.29,28.0,18.47,1.6211724,20.0,18.44,1.8972492,23.0,19.11,3.712432,6.0,19.29,1.1800007,26.5,18.8325,3.58351893845611,0.21622310846963577,0.5389965007326869,0.40546510810816416,1.6376087894007967,4,22.24,22.16,22.13,23.59,57.7,147.2,116.0,12.7,80.43,83.14,82.86,76.29,40.0,69.0,122.0,177.0
2013-02-03,201306,40.0,40,40,40,0.9306347,6.9773326,0,2,313670220130619589,2023-08-20,Juiz de Fora,1.4333079,573285,1,0,1,34,,,,,103009,18.84,22.5,27.87,79.4,83.57,35.0,19.31,1.5517061,28.0,18.47,1.6211724,20.0,18.44,1.8972492,23.0,19.11,3.712432,30.75,18.765,3.713572066704308,0.13005312824819804,0.3462762367178338,0.6690496289808849,0.5355182363563622,5,21.61,22.24,22.16,22.13,70.9,57.7,147.2,116.0,88.29,80.43,83.14,82.86,69.0,122.0,177.0,245.0
2013-02-10,201307,69.0,69,69,69,0.999582,12.035898,0,1,313670220130719589,2023-08-20,Juiz de Fora,1.9532949,573285,0,1,1,55,,,,,103009,18.87,24.56,30.4,2.7,71.86,40.0,18.84,1.4333079,35.0,19.31,1.5517061,28.0,18.47,1.6211724,20.0,18.44,1.8972492,43.0,18.8725,4.248495242049359,0.5349231753450514,0.6649763035932494,0.8811994120628852,1.2039728043259363,6,22.5,21.61,22.24,22.16,79.4,70.9,57.7,147.2,83.57,88.29,80.43,83.14,122.0,177.0,245.0,331.0
2013-02-17,201308,122.0,122,122,122,1.0,21.280865,0,3,313670220130819589,2023-08-20,Juiz de Fora,2.4739919,573285,1,1,1,102,,,,,103009,19.09,24.5,30.23,5.6,69.86,69.0,18.87,1.9532949,40.0,18.84,1.4333079,35.0,19.31,1.5517061,28.0,18.47,1.6211724,66.5,19.0275,4.812184355372417,0.5636891133230577,1.0986122886681091,1.2286654169163072,1.444888525385943,7,24.56,22.5,21.61,22.24,2.7,79.4,70.9,57.7,71.86,83.57,88.29,80.43,177.0,245.0,331.0,442.0
2013-02-24,201309,177.0,177,177,177,1.0,30.874697,0,3,313670220130919589,2023-08-20,Juiz de Fora,2.2605605,573285,1,1,2,156,,,,,103009,18.73,22.23,26.67,114.4,82.29,122.0,19.09,2.4739919,69.0,18.87,1.9532949,40.0,18.84,1.4333079,35.0,19.31,1.5517061,102.0,18.8825,5.181783550292085,0.369599194919668,0.9332883082427257,1.468211483587777,1.5982646118359751,8,24.5,24.56,22.5,21.61,5.6,2.7,79.4,70.9,69.86,71.86,83.57,88.29,245.0,331.0,442.0,408.0
2013-03-03,201310,245.0,245,245,245,1.0,42.73616,0,3,313670220131019589,2023-08-20,Juiz de Fora,1.9799248,573285,1,1,2,218,,,,,103009,19.46,23.99,30.24,41.1,80.0,177.0,18.73,2.2605605,122.0,19.09,2.4739919,69.0,18.87,1.9532949,40.0,18.84,1.4333079,153.25,19.0375,5.5053315359323625,0.3235479856402774,0.6931471805599454,1.256836293883003,1.7917594692280545,9,22.23,24.5,24.56,22.5,114.4,5.6,2.7,79.4,82.29,69.86,71.86,83.57,331.0,442.0,408.0,588.0
2013-03-10,201311,331.0,331,331,331,1.0,57.737427,0,4,313670220131119589,2023-08-20,Juiz de Fora,1.826767,573285,1,1,2,300,,,,,103009,20.3,23.93,29.53,79.0,81.57,245.0,19.46,1.9799248,177.0,18.73,2.2605605,122.0,19.09,2.4739919,69.0,18.87,1.9532949,218.75,19.395,5.805134968916488,0.2998034329841257,0.6233514186244031,0.9929506135440711,1.5566397268671288,10,23.99,22.23,24.5,24.56,41.1,114.4,5.6,2.7,80.0,82.29,69.86,71.86,442.0,408.0,588.0,780.0
2013-03-17,201312,442.0,442,442,442,1.0,77.099525,0,4,313670220131219589,2023-08-20,Juiz de Fora,1.7579858,573285,0,1,2,405,,,,,103009,17.37,20.97,25.5,76.8,85.71,331.0,20.3,1.826767,245.0,19.46,1.9799248,177.0,18.73,2.2605605,122.0,19.09,2.4739919,298.75,18.965,6.093569770045136,0.2884348011286475,0.5882382341127732,0.9117862197530506,1.2813854146727186,11,23.93,23.99,22.23,24.5,79.0,41.1,114.4,5.6,81.57,80.0,82.29,69.86,408.0,588.0,780.0,736.0
2013-03-24,201313,408.0,408,408,408,0.9978769,71.16879,0,4,313670220131319589,2023-08-20,Juiz de Fora,1.2347977,573285,1,1,2,380,,,,,103009,18.34,21.11,25.31,71.5,86.0,442.0,17.37,1.7579858,331.0,20.3,1.826767,245.0,19.46,1.9799248,177.0,18.73,2.2605605,356.5,18.8675,6.013715156042802,-0.07985461400233351,0.208580187126314,0.5083836201104397,0.8319316057507171,12,20.97,23.93,23.99,22.23,76.8,79.0,41.1,114.4,85.71,81.57,80.0,82.29,588.0,780.0,736.0,553.0
2013-03-31,201314,588.0,588,588,588,1.0,102.56679,0,4,313670220131419589,2023-08-20,Juiz de Fora,1.4666114,573285,1,1,2,533,,,,,103009,18.74,21.8,26.09,46.8,85.43,408.0,18.34,1.2347977,442.0,17.37,1.7579858,331.0,20.3,1.826767,245.0,19.46,1.9799248,442.25,18.6875,6.3784261836515865,0.3647110276087844,0.28485641360645086,0.5732912147350984,0.8730946477192241,13,21.11,20.97,23.93,23.99,71.5,76.8,79.0,41.1,86.0,85.71,81.57,80.0,780.0,736.0,553.0,505.0
2013-04-07,201315,780.0,780,780,780,1.0,136.05798,0,4,313670220131519589,2023-08-20,Juiz de Fora,1.6487281,573285,1,1,2,695,,,,,103009,18.69,21.19,24.8,73.1,86.43,588.0,18.74,1.4666114,408.0,18.34,1.2347977,442.0,17.37,1.7579858,331.0,20.3,1.826767,554.5,18.285,6.660575149839686,0.2821489661880996,0.646859993796884,0.5670053797945505,0.855440180923198,14,21.8,21.11,20.97,23.93,46.8,71.5,76.8,79.0,85.43,86.0,85.71,81.57,736.0,553.0,505.0,344.0
2013-04-14,201316,736.0,736,736,736,0.99997914,128.38292,0,4,313670220131619589,2023-08-20,Juiz de Fora,1.2535328,573285,0,1,2,685,,,,,103009,15.67,19.33,23.91,0.5,77.71,780.0,18.69,1.6487281,588.0,18.74,1.4666114,408.0,18.34,1.2347977,442.0,17.37,1.7579858,628.0,17.86,6.602587892189336,-0.05798725765034973,0.22416170853774986,0.5888727361465342,0.5090181221442007,15,21.19,21.8,21.11,20.97,73.1,46.8,71.5,76.8,86.43,85.43,86.0,85.71,553.0,505.0,344.0,215.0
2013-04-21,201317,553.0,553,553,553,8.22477e-05,96.46162,0,4,313670220131719589,2023-08-20,Juiz de Fora,0.8067892,573285,0,0,2,529,,,,,103009,13.01,17.79,23.13,1.0,77.57,736.0,15.67,1.2535328,780.0,18.69,1.6487281,588.0,18.74,1.4666114,408.0,18.34,1.2347977,664.25,16.5275,6.317164686747284,-0.28542320544205246,-0.3434104630924022,-0.061261496904302604,0.3034495307044818,16,19.33,21.19,21.8,21.11,0.5,73.1,46.8,71.5,77.71,86.43,85.43,86.0,505.0,344.0,215.0,103.0
2013-04-28,201318,505.0,505,505,505,2.653514e-07,88.08882,0,4,313670220131819589,2023-08-20,Juiz de Fora,0.7458846,573285,0,0,2,481,,,,,103009,13.81,19.41,26.06,0.1,76.86,553.0,13.01,0.8067892,736.0,15.67,1.2535328,780.0,18.69,1.6487281,588.0,18.74,1.4666114,643.5,15.295000000000002,6.226536669287466,-0.09062801745981819,-0.37605122290187065,-0.4340384805522204,-0.1518895143641208,17,17.79,19.33,21.19,21.8,1.0,0.5,73.1,46.8,77.57,77.71,86.43,85.43,344.0,215.0,103.0,49.0
2013-05-05,201319,344.0,344,344,344,1.110223e-15,60.00506,0,4,313670220131919589,2023-08-20,Juiz de Fora,0.58879125,573285,0,0,2,327,,,,,103009,10.74,16.59,23.11,0.3,75.57,505.0,13.81,0.7458846,553.0,13.01,0.8067892,736.0,15.67,1.2535328,780.0,18.69,1.6487281,534.5,13.307500000000001,5.84354441703136,-0.38299225225610556,-0.47362026971592375,-0.7590434751579762,-0.8170307328083259,18,19.41,17.79,19.33,21.19,0.1,1.0,0.5,73.1,76.86,77.57,77.71,86.43,215.0,103.0,49.0,34.0
2013-05-12,201320,215.0,215,215,215,0.0,37.503162,0,4,313670220132019589,2023-08-20,Juiz de Fora,0.45416605,573285,0,0,2,207,,,,,103009,13.91,18.87,24.61,4.8,80.57,344.0,10.74,0.58879125,505.0,13.81,0.7458846,553.0,13.01,0.8067892,736.0,15.67,1.2535328,404.25,12.8675,5.375278407684165,-0.46826600934719487,-0.8512582616033004,-0.9418862790631186,-1.227309484505171,19,16.59,19.41,17.79,19.33,0.3,0.1,1.0,0.5,75.57,76.86,77.57,77.71,103.0,49.0,34.0,27.0
2013-05-19,201321,103.0,103,103,103,0.0,17.96663,0,4,313670220132119589,2023-08-20,Juiz de Fora,0.29408386,573285,0,0,1,102,,,,,103009,14.63,18.2,22.47,24.9,83.14,215.0,13.91,0.45416605,344.0,10.74,0.58879125,505.0,13.81,0.7458846,553.0,13.01,0.8067892,291.75,13.2725,4.6443908991413725,-0.7308875085427928,-1.1991535178899877,-1.5821457701460933,-1.6727737876059114,20,18.87,16.59,19.41,17.79,4.8,0.3,0.1,1.0,80.57,75.57,76.86,77.57,49.0,34.0,27.0,12.0
2013-05-26,201322,49.0,49,49,49,0.0,8.547233,0,1,313670220132219589,2023-08-20,Juiz de Fora,0.2164359,573285,0,0,1,49,,,,,103009,14.61,18.14,22.37,14.0,84.0,103.0,14.63,0.29408386,215.0,13.91,0.45416605,344.0,10.74,0.58879125,505.0,13.81,0.7458846,177.75,13.4725,3.912023005428146,-0.7323678937132265,-1.4632554022560194,-1.9315214116032142,-2.31451366385932,21,18.2,18.87,16.59,19.41,24.9,4.8,0.3,0.1,83.14,80.57,75.57,76.86,34.0,27.0,12.0,8.0
2013-06-02,201323,34.0,34,34,34,1.1990409e-14,5.9307327,0,1,313670220132319589,2023-08-20,Juiz de Fora,0.2662634,573285,0,0,1,34,,,,,103009,14.29,18.21,23.46,26.8,85.29,49.0,14.61,0.2164359,103.0,14.63,0.29408386,215.0,13.91,0.45416605,344.0,10.74,0.58879125,100.25,14.360000000000001,3.5553480614894135,-0.35667494393873245,-1.089042837651959,-1.8199303461947518,-2.2881963555419467,22,18.14,18.2,18.87,16.59,14.0,24.9,4.8,0.3,84.0,83.14,80.57,75.57,27.0,12.0,8.0,2.0
2013-06-09,201324,27.0,27,27,27,1.104198e-05,4.709699,0,1,313670220132419589,2023-08-20,Juiz de Fora,0.40084955,573285,0,0,1,27,,,,,103009,14.59,18.61,24.29,4.5,82.29,34.0,14.29,0.2662634,49.0,14.61,0.2164359,103.0,14.63,0.29408386,215.0,13.91,0.45416605,53.25,14.53,3.332204510175204,-0.2231435513142097,-0.5798184952529422,-1.3121863889661687,-2.0430738975089615,23,18.21,18.14,18.2,18.87,26.8,14.0,24.9,4.8,85.29,84.0,83.14,80.57,12.0,8.0,2.0,3.0
2013-06-16,201325,12.0,12,12,12,4.1884803e-05,2.0931997,0,1,313670220132519589,2023-08-20,Juiz de Fora,0.30641624,573285,0,0,1,11,,,,,103009,14.8,18.99,24.81,0.6,80.14,27.0,14.59,0.40084955,34.0,14.29,0.2662634,49.0,14.61,0.2164359,103.0,14.63,0.29408386,30.5,14.5725,2.5649493574615367,-0.7672551527136671,-0.9903987040278768,-1.3470736479666092,-2.0794415416798357,24,18.61,18.21,18.14,18.2,4.5,26.8,14.0,24.9,82.29,85.29,84.0,83.14,8.0,2.0,3.0,2.0
2013-06-23,201326,8.0,8,8,8,0.0008468663,1.3954664,0,1,313670220132619589,2023-08-20,Juiz de Fora,0.3141524,573285,0,0,0,8,,,,,103009,15.47,18.7,23.1,4.5,84.43,12.0,14.8,0.30641624,27.0,14.59,0.40084955,34.0,14.29,0.2662634,49.0,14.61,0.2164359,20.25,14.7875,2.1972245773362196,-0.3677247801253172,-1.1349799328389842,-1.358123484153194,-1.7147984280919264,25,18.99,18.61,18.21,18.14,0.6,4.5,26.8,14.0,80.14,82.29,85.29,84.0,2.0,3.0,2.0,0.0
2013-06-30,201327,2.0,2,2,2,0.00019725885,0.3488666,0,1,313670220132719589,2023-08-20,Juiz de Fora,0.12960735,573285,0,0,0,2,,,,,103009,13.14,16.96,22.29,19.9,83.0,8.0,15.47,0.3141524,12.0,14.8,0.30641624,27.0,14.59,0.40084955,34.0,14.29,0.2662634,12.25,14.5,1.0986122886681098,-1.0986122886681098,-1.466337068793427,-2.2335922215070942,-2.456735772821304,26,18.7,18.99,18.61,18.21,4.5,0.6,4.5,26.8,84.43,80.14,82.29,85.29,3.0,2.0,0.0,2.0
2013-07-07,201328,3.0,3,3,3,0.04562348,0.52329993,0,1,313670220132819589,2023-08-20,Juiz de Fora,0.3590126,573285,0,0,0,1,,,,,103009,10.3,15.84,21.91,6.8,80.57,2.0,13.14,0.12960735,8.0,15.47,0.3141524,12.0,14.8,0.30641624,27.0,14.59,0.40084955,6.25,13.427500000000002,1.3862943611198906,0.2876820724517808,-0.810930216216329,-1.1786549963416462,-1.9459101490553132,27,16.96,18.7,18.99,18.61,19.9,4.5,0.6,4.5,83.0,84.43,80.14,82.29,2.0,0.0,2.0,3.0
2013-07-14,201329,2.0,2,2,2,0.15655044,0.3488666,0,1,313670220132919589,2023-08-20,Juiz de Fora,0.46085927,573285,0,0,0,1,,,,,103009,14.26,19.27,26.17,0.5,76.57,3.0,10.3,0.3590126,2.0,13.14,0.12960735,8.0,15.47,0.3141524,12.0,14.8,0.30641624,3.75,13.2925,1.0986122886681098,-0.2876820724517808,0.0,-1.0986122886681098,-1.466337068793427,28,15.84,16.96,18.7,18.99,6.8,19.9,4.5,0.6,80.57,83.0,84.43,80.14,0.0,2.0,3.0,1.0
2013-07-21,201330,0.0,0,0,0,0.0,0.0,0,1,313670220133019589,2023-08-20,Juiz de Fora,0.0,573285,0,0,0,0,,,,,103009,13.41,16.73,21.3,15.6,81.0,2.0,14.26,0.46085927,3.0,10.3,0.3590126,2.0,13.14,0.12960735,8.0,15.47,0.3141524,1.75,12.7775,0.0,-1.0986122886681098,-1.3862943611198906,-1.0986122886681098,-2.1972245773362196,29,19.27,15.84,16.96,18.7,0.5,6.8,19.9,4.5,76.57,80.57,83.0,84.43,2.0,3.0,1.0,0.0
2013-07-28,201331,2.0,2,2,2,0.5510772,0.3488666,0,1,313670220133119589,2023-08-20,Juiz de Fora,1.12558,573285,0,0,0,1,,,,,103009,9.41,16.01,24.09,0.0,75.0,0.0,13.41,0.0,2.0,14.26,0.46085927,3.0,10.3,0.3590126,2.0,13.14,0.12960735,1.75,11.845,1.0986122886681098,1.0986122886681098,0.0,-0.2876820724517808,0.0,30,16.73,19.27,15.84,16.96,15.6,0.5,6.8,19.9,81.0,76.57,80.57,83.0,3.0,1.0,0.0,3.0
2013-08-04,201332,3.0,3,3,3,0.82157034,0.52329993,0,1,313670220133219589,2023-08-20,Juiz de Fora,2.304535,573285,0,0,0,2,,,,,103009,12.93,18.87,25.99,0.0,70.29,2.0,9.41,1.12558,0.0,13.41,0.0,2.0,14.26,0.46085927,3.0,10.3,0.3590126,1.75,12.5025,1.3862943611198906,0.2876820724517808,1.3862943611198906,0.2876820724517808,0.0,31,16.01,16.73,19.27,15.84,0.0,15.6,0.5,6.8,75.0,81.0,76.57,80.57,1.0,0.0,3.0,2.0
2013-08-11,201333,1.0,1,1,1,0.3079259,0.1744333,0,1,313670220133319589,2023-08-20,Juiz de Fora,0.5884621,573285,0,0,0,0,,,,,103009,13.11,17.14,22.51,6.7,75.57,3.0,12.93,2.304535,2.0,9.41,1.12558,0.0,13.41,0.0,2.0,14.26,0.46085927,1.5,12.215,0.6931471805599453,-0.6931471805599453,-0.4054651081081645,0.6931471805599453,-0.4054651081081645,32,18.87,16.01,16.73,19.27,0.0,0.0,15.6,0.5,70.29,75.0,81.0,76.57,0.0,3.0,2.0,2.0
2013-08-18,201334,0.0,0,0,0,0.0,0.0,0,1,313670220133419589,2023-08-20,Juiz de Fora,0.0,573285,0,0,0,0,,,,,103009,14.4,18.64,24.04,6.3,74.86,1.0,13.11,0.5884621,3.0,12.93,2.304535,2.0,9.41,1.12558,0.0,13.41,0.0,1.5,12.4625,0.0,-0.6931471805599453,-1.3862943611198906,-1.0986122886681098,0.0,33,17.14,18.87,16.01,16.73,6.7,0.0,0.0,15.6,75.57,70.29,75.0,81.0,3.0,2.0,2.0,1.0
2013-08-25,201335,3.0,3,3,3,0.804251,0.52329993,0,1,313670220133519589,2023-08-20,Juiz de Fora,2.150412,573285,0,0,0,1,,,,,103009,12.26,17.89,24.69,6.5,71.29,0.0,14.4,0.0,1.0,13.11,0.5884621,3.0,12.93,2.304535,2.0,9.41,1.12558,1.75,13.174999999999999,1.3862943611198906,1.3862943611198906,0.6931471805599453,0.0,0.2876820724517808,34,18.64,17.14,18.87,16.01,6.3,6.7,0.0,0.0,74.86,75.57,70.29,75.0,2.0,2.0,1.0,5.0
2013-09-01,201336,2.0,2,2,2,0.68409646,0.3488666,0,1,313670220133619589,2023-08-20,Juiz de Fora,1.6042295,573285,0,0,0,1,,,,,103009,13.47,18.04,23.43,20.6,76.57,3.0,12.26,2.150412,0.0,14.4,0.0,1.0,13.11,0.5884621,3.0,12.93,2.304535,1.5,13.309999999999999,1.0986122886681098,-0.2876820724517808,1.0986122886681098,0.4054651081081645,-0.2876820724517808,35,17.89,18.64,17.14,18.87,6.5,6.3,6.7,0.0,71.29,74.86,75.57,70.29,2.0,1.0,5.0,1.0
2013-09-08,201337,2.0,2,2,2,0.53252256,0.3488666,0,1,313670220133719589,2023-08-20,Juiz de Fora,1.0774095,573285,0,0,0,2,,,,,103009,13.93,19.31,25.27,0.8,72.43,2.0,13.47,1.6042295,3.0,12.26,2.150412,0.0,14.4,0.0,1.0,13.11,0.5884621,1.75,13.515,1.0986122886681098,0.0,-0.2876820724517808,1.0986122886681098,0.4054651081081645,36,18.04,17.89,18.64,17.14,20.6,6.5,6.3,6.7,76.57,71.29,74.86,75.57,1.0,5.0,1.0,3.0
2013-09-15,201338,1.0,1,1,1,0.23872715,0.1744333,0,1,313670220133819589,2023-08-20,Juiz de Fora,0.48389468,573285,0,0,0,0,,,,,103009,17.1,21.87,27.69,11.7,72.29,2.0,13.93,1.0774095,2.0,13.47,1.6042295,3.0,12.26,2.150412,0.0,14.4,0.0,2.0,14.190000000000001,0.6931471805599453,-0.4054651081081645,-0.4054651081081645,-0.6931471805599453,0.6931471805599453,37,19.31,18.04,17.89,18.64,0.8,20.6,6.5,6.3,72.43,76.57,71.29,74.86,5.0,1.0,3.0,9.0
2013-09-22,201339,5.0,5,5,5,0.89501745,0.8721666,0,1,313670220133919589,2023-08-20,Juiz de Fora,2.5564165,573285,0,0,0,1,,,,,103009,15.07,19.61,25.33,43.9,73.0,1.0,17.1,0.48389468,2.0,13.93,1.0774095,2.0,13.47,1.6042295,3.0,12.26,2.150412,2.5,14.892500000000002,1.791759469228055,1.0986122886681096,0.6931471805599452,0.6931471805599452,0.4054651081081644,38,21.87,19.31,18.04,17.89,11.7,0.8,20.6,6.5,72.29,72.43,76.57,71.29,1.0,3.0,9.0,3.0
2013-09-29,201340,1.0,1,1,1,0.20761645,0.1744333,0,1,313670220134019589,2023-08-20,Juiz de Fora,0.44091567,573285,0,0,0,0,,,,,103009,17.06,19.76,23.57,43.0,84.29,5.0,15.07,2.5564165,1.0,17.1,0.48389468,2.0,13.93,1.0774095,2.0,13.47,1.6042295,2.25,15.790000000000001,0.6931471805599453,-1.0986122886681096,0.0,-0.4054651081081645,-0.4054651081081645,39,19.61,21.87,19.31,18.04,43.9,11.7,0.8,20.6,73.0,72.29,72.43,76.57,3.0,9.0,3.0,1.0
2013-10-06,201341,3.0,3,3,3,0.5432308,0.52329993,0,1,313670220134119589,2023-08-20,Juiz de Fora,1.0877949,573285,0,0,0,0,,,,,103009,13.04,17.13,21.53,3.9,72.71,1.0,17.06,0.44091567,5.0,15.07,2.5564165,1.0,17.1,0.48389468,2.0,13.93,1.0774095,2.5,15.5675,1.3862943611198906,0.6931471805599453,-0.4054651081081644,0.6931471805599453,0.2876820724517808,40,19.76,19.61,21.87,19.31,43.0,43.9,11.7,0.8,84.29,73.0,72.29,72.43,9.0,3.0,1.0,1.0
2013-10-13,201342,9.0,9,9,9,0.9707063,1.5698998,0,1,313670220134219589,2023-08-20,Juiz de Fora,3.1209323,573285,0,0,0,4,,,,,103009,16.77,20.74,25.79,57.6,77.0,3.0,13.04,1.0877949,1.0,17.06,0.44091567,5.0,15.07,2.5564165,1.0,17.1,0.48389468,4.5,15.485,2.302585092994046,0.9162907318741553,1.6094379124341005,0.5108256237659909,1.6094379124341005,41,17.13,19.76,19.61,21.87,3.9,43.0,43.9,11.7,72.71,84.29,73.0,72.29,3.0,1.0,1.0,1.0
2013-10-20,201343,3.0,3,3,3,0.33653855,0.52329993,0,1,313670220134319589,2023-08-20,Juiz de Fora,0.74016243,573285,1,0,0,0,,,,,103009,18.56,23.43,29.47,14.9,72.86,9.0,16.77,3.1209323,3.0,13.04,1.0877949,1.0,17.06,0.44091567,5.0,15.07,2.5564165,4.0,16.357499999999998,1.3862943611198906,-0.9162907318741553,0.0,0.6931471805599453,-0.4054651081081644,42,20.74,17.13,19.76,19.61,57.6,3.9,43.0,43.9,77.0,72.71,84.29,73.0,1.0,1.0,1.0,4.0
2013-10-27,201344,1.0,1,1,1,0.02772665,0.1744333,0,1,313670220134419589,2023-08-20,Juiz de Fora,0.19332701,573285,0,0,0,0,,,,,103009,15.61,19.01,23.3,11.1,76.57,3.0,18.56,0.74016243,9.0,16.77,3.1209323,3.0,13.04,1.0877949,1.0,17.06,0.44091567,4.0,15.995,0.6931471805599453,-0.6931471805599453,-1.6094379124341005,-0.6931471805599453,0.0,43,23.43,20.74,17.13,19.76,14.9,57.6,3.9,43.0,72.86,77.0,72.71,84.29,1.0,1.0,4.0,9.0
2013-11-03,201345,1.0,1,1,1,0.069946684,0.1744333,0,1,313670220134519589,2023-08-20,Juiz de Fora,0.2605795,573285,0,0,0,0,,,,,103009,15.47,19.43,23.84,41.4,80.71,1.0,15.61,0.19332701,3.0,18.56,0.74016243,9.0,16.77,3.1209323,3.0,13.04,1.0877949,3.5,16.6025,0.6931471805599453,0.0,-0.6931471805599453,-1.6094379124341005,-0.6931471805599453,44,19.01,23.43,20.74,17.13,11.1,14.9,57.6,3.9,76.57,72.86,77.0,72.71,1.0,4.0,9.0,8.0
2013-11-10,201346,1.0,1,1,1,0.26422307,0.1744333,0,1,313670220134619589,2023-08-20,Juiz de Fora,0.52078676,573285,1,0,0,0,,,,,103009,18.07,23.16,28.9,6.6,70.57,1.0,15.47,0.2605795,1.0,15.61,0.19332701,3.0,18.56,0.74016243,9.0,16.77,3.1209323,1.5,16.927500000000002,0.6931471805599453,0.0,0.0,-0.6931471805599453,-1.6094379124341005,45,19.43,19.01,23.43,20.74,41.4,11.1,14.9,57.6,80.71,76.57,72.86,77.0,4.0,9.0,8.0,2.0
2013-11-17,201347,4.0,4,4,4,0.90525347,0.6977332,0,1,313670220134719589,2023-08-20,Juiz de Fora,3.0742977,573285,0,0,0,2,,,,,103009,17.49,21.61,26.6,67.2,79.57,1.0,18.07,0.52078676,1.0,15.47,0.2605795,1.0,15.61,0.19332701,3.0,18.56,0.74016243,1.75,16.66,1.6094379124341003,0.916290731874155,0.916290731874155,0.916290731874155,0.2231435513142097,46,23.16,19.43,19.01,23.43,6.6,41.4,11.1,14.9,70.57,80.71,76.57,72.86,9.0,8.0,2.0,7.0
2013-11-24,201348,9.0,9,9,9,0.98673666,1.5698998,0,1,313670220134819589,2023-08-20,Juiz de Fora,4.160484,573285,1,0,0,2,,,,,103009,18.51,20.93,24.09,105.8,88.14,4.0,17.49,3.0742977,1.0,18.07,0.52078676,1.0,15.47,0.2605795,1.0,15.61,0.19332701,3.75,17.384999999999998,2.302585092994046,0.6931471805599456,1.6094379124341005,1.6094379124341005,1.6094379124341005,47,21.61,23.16,19.43,19.01,67.2,6.6,41.4,11.1,79.57,70.57,80.71,76.57,8.0,2.0,7.0,3.0
2013-12-01,201349,8.0,8,8,8,0.8483908,1.3954664,0,1,313670220134919589,2023-08-20,Juiz de Fora,1.7753153,573285,1,0,0,1,,,,,103009,19.47,23.3,28.64,131.7,81.14,9.0,18.51,4.160484,4.0,17.49,3.0742977,1.0,18.07,0.52078676,1.0,15.47,0.2605795,5.5,18.384999999999998,2.1972245773362196,-0.10536051565782634,0.5877866649021193,1.5040773967762742,1.5040773967762742,48,20.93,21.61,23.16,19.43,105.8,67.2,6.6,41.4,88.14,79.57,70.57,80.71,2.0,7.0,3.0,8.0
2013-12-08,201350,2.0,2,2,2,0.042801544,0.3488666,0,2,313670220135019589,2023-08-20,Juiz de Fora,0.30027,573285,1,0,0,1,,,,,103009,19.06,22.19,26.43,69.0,82.86,8.0,19.47,1.7753153,9.0,18.51,4.160484,4.0,17.49,3.0742977,1.0,18.07,0.52078676,5.75,18.6325,1.0986122886681098,-1.0986122886681098,-1.2039728043259361,-0.5108256237659905,0.4054651081081645,49,23.3,20.93,21.61,23.16,131.7,105.8,67.2,6.6,81.14,88.14,79.57,70.57,7.0,3.0,8.0,8.0
2013-12-15,201351,7.0,7,7,7,0.56129706,1.2210332,0,2,313670220135119589,2023-08-20,Juiz de Fora,1.084988,573285,1,0,0,1,,,,,103009,18.8,21.7,26.06,63.7,80.57,2.0,19.06,0.30027,8.0,19.47,1.7753153,9.0,18.51,4.160484,4.0,17.49,3.0742977,6.5,18.96,2.0794415416798357,0.980829253011726,-0.11778303565638382,-0.22314355131421015,0.47000362924573547,50,22.19,23.3,20.93,21.61,69.0,131.7,105.8,67.2,82.86,81.14,88.14,79.57,3.0,8.0,8.0,6.0
2013-12-22,201352,3.0,3,3,3,0.21754014,0.52329993,0,2,313670220135219589,2023-08-20,Juiz de Fora,0.58902067,573285,1,0,0,2,,,,,103009,19.87,23.04,27.2,92.0,84.29,7.0,18.8,1.084988,2.0,19.06,0.30027,8.0,19.47,1.7753153,9.0,18.51,4.160484,5.0,19.3,1.3862943611198906,-0.6931471805599452,0.2876820724517808,-0.810930216216329,-0.9162907318741553,51,21.7,22.19,23.3,20.93,63.7,69.0,131.7,105.8,80.57,82.86,81.14,88.14,8.0,8.0,6.0,5.0
2013-12-29,201401,8.0,8,8,8,0.8144621,1.3954664,0,2,313670220140119589,2023-08-20,Juiz de Fora,1.6304142,573285,1,0,0,5,,,,,103009,20.31,25.79,31.87,21.5,72.86,3.0,19.87,0.58902067,7.0,18.8,1.084988,2.0,19.06,0.30027,8.0,19.47,1.7753153,5.0,19.509999999999998,2.1972245773362196,0.810930216216329,0.11778303565638382,1.0986122886681098,0.0,52,23.04,21.7,22.19,23.3,92.0,63.7,69.0,131.7,84.29,80.57,82.86,81.14,8.0,6.0,5.0,7.0
2014-01-05,201402,8.0,8,8,8,0.76870257,1.3954664,0,2,313670220140219589,2023-08-20,Juiz de Fora,1.4806691,573285,1,0,0,4,,,,,103009,19.37,23.91,29.07,8.2,71.71,8.0,20.31,1.6304142,3.0,19.87,0.58902067,7.0,18.8,1.084988,2.0,19.06,0.30027,6.5,19.5875,2.1972245773362196,0.0,0.810930216216329,0.11778303565638382,1.0986122886681098,1,25.79,23.04,21.7,22.19,21.5,92.0,63.7,69.0,72.86,84.29,80.57,82.86,6.0,5.0,7.0,11.0
2014-01-12,201403,6.0,6,6,6,0.4345317,1.0465999,0,2,313670220140319589,2023-08-20,Juiz de Fora,0.9139311,573285,1,0,0,2,,,,,103009,18.5,23.61,29.36,49.3,74.86,8.0,19.37,1.4806691,8.0,20.31,1.6304142,3.0,19.87,0.58902067,7.0,18.8,1.084988,6.25,19.5125,1.9459101490553132,-0.25131442828090633,-0.25131442828090633,0.5596157879354227,-0.13353139262452252,2,23.91,25.79,23.04,21.7,8.2,21.5,92.0,63.7,71.71,72.86,84.29,80.57,5.0,7.0,11.0,10.0
2014-01-19,201404,5.0,5,5,5,0.27056012,0.8721666,0,1,313670220140419589,2023-08-20,Juiz de Fora,0.7099894,573285,0,0,0,1,,,,,103009,18.89,23.56,29.47,57.5,77.86,6.0,18.5,0.9139311,8.0,19.37,1.4806691,8.0,20.31,1.6304142,3.0,19.87,0.58902067,6.75,19.2675,1.791759469228055,-0.15415067982725827,-0.4054651081081646,-0.4054651081081646,0.4054651081081644,3,23.61,23.91,25.79,23.04,49.3,8.2,21.5,92.0,74.86,71.71,72.86,84.29,7.0,11.0,10.0,12.0
2014-01-26,201405,7.0,7,7,7,0.5713223,1.2210332,0,1,313670220140519589,2023-08-20,Juiz de Fora,1.1000456,573285,0,0,0,0,,,,,103009,17.91,23.76,29.1,1.1,70.29,5.0,18.89,0.7099894,6.0,18.5,0.9139311,8.0,19.37,1.4806691,8.0,20.31,1.6304142,6.5,18.6675,2.0794415416798357,0.2876820724517808,0.13353139262452252,-0.11778303565638382,-0.11778303565638382,4,23.56,23.61,23.91,25.79,57.5,49.3,8.2,21.5,77.86,74.86,71.71,72.86,11.0,10.0,12.0,7.0
2014-02-02,201406,11.0,11,11,11,0.88379043,1.9187664,0,1,313670220140619589,2023-08-20,Juiz de Fora,1.773614,573285,1,0,1,2,,,,,103009,19.27,24.76,30.17,2.2,69.43,7.0,17.91,1.1000456,5.0,18.89,0.7099894,6.0,18.5,0.9139311,8.0,19.37,1.4806691,7.25,18.6425,2.4849066497880004,0.4054651081081646,0.6931471805599454,0.5389965007326871,0.2876820724517808,5,23.76,23.56,23.61,23.91,1.1,57.5,49.3,8.2,70.29,77.86,74.86,71.71,10.0,12.0,7.0,16.0
2014-02-09,201407,10.0,10,10,10,0.7244828,1.7443331,0,1,313670220140719589,2023-08-20,Juiz de Fora,1.3219621,573285,0,0,1,2,,,,,103009,18.27,23.91,29.77,4.3,68.29,11.0,19.27,1.773614,7.0,17.91,1.1000456,5.0,18.89,0.7099894,6.0,18.5,0.9139311,8.25,18.585,2.3978952727983707,-0.08701137698962969,0.3184537311185349,0.6061358035703157,0.45198512374305744,6,24.76,23.76,23.56,23.61,2.2,1.1,57.5,49.3,69.43,70.29,77.86,74.86,12.0,7.0,16.0,23.0
2014-02-16,201408,12.0,12,12,12,0.71320486,2.0931997,0,1,313670220140819589,2023-08-20,Juiz de Fora,1.2701924,573285,1,0,1,5,,,,,103009,17.97,22.29,27.07,66.5,77.43,10.0,18.27,1.3219621,11.0,19.27,1.773614,7.0,17.91,1.1000456,5.0,18.89,0.7099894,10.0,18.354999999999997,2.5649493574615367,0.16705408466316607,0.08004270767353638,0.485507815781701,0.7731898882334818,7,23.91,24.76,23.76,23.56,4.3,2.2,1.1,57.5,68.29,69.43,70.29,77.86,7.0,16.0,23.0,39.0
2014-02-23,201409,7.0,7,7,7,0.20521724,1.2210332,0,1,313670220140919589,2023-08-20,Juiz de Fora,0.6774021,573285,1,0,0,5,,,,,103009,18.73,23.59,29.04,19.1,73.71,12.0,17.97,1.2701924,10.0,18.27,1.3219621,11.0,19.27,1.773614,7.0,17.91,1.1000456,10.0,18.56,2.0794415416798357,-0.485507815781701,-0.3184537311185349,-0.4054651081081646,0.0,8,22.29,23.91,24.76,23.76,66.5,4.3,2.2,1.1,77.43,68.29,69.43,70.29,16.0,23.0,39.0,57.0
2014-03-02,201410,16.0,16,16,16,0.8673586,2.790933,0,2,313670220141019589,2023-08-20,Juiz de Fora,1.5399027,573285,1,0,1,14,,,,,103009,18.61,21.96,26.44,86.0,83.86,7.0,18.73,0.6774021,12.0,17.97,1.2701924,10.0,18.27,1.3219621,11.0,19.27,1.773614,11.25,18.395,2.833213344056216,0.7537718023763804,0.2682639865946794,0.4353180712578455,0.3483066942682158,9,23.59,22.29,23.91,24.76,19.1,66.5,4.3,2.2,73.71,77.43,68.29,69.43,23.0,39.0,57.0,76.0
2014-03-09,201411,23.0,23,23,23,0.9784661,4.011966,0,2,313670220141119589,2023-08-20,Juiz de Fora,2.0176902,573285,1,1,1,14,,,,,103009,19.03,23.3,28.53,20.3,77.71,16.0,18.61,1.5399027,7.0,18.73,0.6774021,12.0,17.97,1.2701924,10.0,18.27,1.3219621,14.5,18.585,3.1780538303479458,0.3448404862917296,1.09861228866811,0.613104472886409,0.7801585575495751,10,21.96,23.59,22.29,23.91,86.0,19.1,66.5,4.3,83.86,73.71,77.43,68.29,39.0,57.0,76.0,63.0
2014-03-16,201412,39.0,39,39,39,0.99902916,6.802899,0,3,313670220141219589,2023-08-20,Juiz de Fora,2.3720407,573285,0,1,1,33,,,,,103009,17.46,22.9,28.77,33.7,77.14,23.0,19.03,2.0176902,16.0,18.61,1.5399027,7.0,18.73,0.6774021,12.0,17.97,1.2701924,21.25,18.4575,3.6888794541139363,0.5108256237659905,0.8556661100577201,1.6094379124341005,1.1239300966523995,11,23.3,21.96,23.59,22.29,20.3,86.0,19.1,66.5,77.71,83.86,73.71,77.43,57.0,76.0,63.0,53.0
2014-03-23,201413,57.0,57,57,57,0.99973345,9.9426985,0,3,313670220141319589,2023-08-20,Juiz de Fora,2.192812,573285,1,1,1,46,,,,,103009,17.97,21.17,25.17,13.3,81.86,39.0,17.46,2.3720407,23.0,19.03,2.0176902,16.0,18.61,1.5399027,7.0,18.73,0.6774021,33.75,18.2675,4.060443010546419,0.37156355643248284,0.8823891801984733,1.227229666490203,1.9810014688665833,12,22.9,23.3,21.96,23.59,33.7,20.3,86.0,19.1,77.14,77.71,83.86,73.71,76.0,63.0,53.0,90.0
2014-03-30,201414,76.0,76,76,76,0.99965334,13.256931,0,3,313670220141419589,2023-08-20,Juiz de Fora,1.9039879,573285,1,1,1,71,,,,,103009,18.8,22.26,27.23,51.0,84.86,57.0,17.97,2.192812,39.0,17.46,2.3720407,23.0,19.03,2.0176902,16.0,18.61,1.5399027,48.75,18.314999999999998,4.343805421853684,0.283362411307265,0.6549259677397479,1.1657515915057384,1.510592077797468,13,21.17,22.9,23.3,21.96,13.3,33.7,20.3,86.0,81.86,77.14,77.71,83.86,63.0,53.0,90.0,73.0
2014-04-06,201415,63.0,63,63,63,0.76191306,10.989299,0,3,313670220141519589,2023-08-20,Juiz de Fora,1.1396232,573285,0,0,1,58,,,,,103009,17.8,22.21,27.69,1.8,76.86,76.0,18.8,1.9039879,57.0,17.97,2.192812,39.0,17.46,2.3720407,23.0,19.03,2.0176902,58.75,18.0075,4.1588830833596715,-0.18492233849401263,0.0984400728132524,0.47000362924573524,0.9808292530117257,14,22.26,21.17,22.9,23.3,51.0,13.3,33.7,20.3,84.86,81.86,77.14,77.71,53.0,90.0,73.0,71.0
2014-04-13,201416,53.0,53,53,53,0.14476843,9.244966,0,1,313670220141619589,2023-08-20,Juiz de Fora,0.82263196,573285,1,0,1,44,,,,,103009,17.56,21.04,25.17,35.1,85.29,63.0,17.8,1.1396232,76.0,18.8,1.9039879,57.0,17.97,2.192812,39.0,17.46,2.3720407,62.25,18.0325,3.9889840465642745,-0.16989903679539697,-0.3548213752894096,-0.07145896398214457,0.30010459245033827,15,22.21,22.26,21.17,22.9,1.8,51.0,13.3,33.7,76.86,84.86,81.86,77.14,90.0,73.0,71.0,49.0
2014-04-20,201417,90.0,90,90,90,0.98055464,15.6989975,0,1,313670220141719589,2023-08-20,Juiz de Fora,1.3962103,573285,0,1,1,82,,,,,103009,17.31,20.86,25.59,34.2,82.0,53.0,17.56,0.82263196,63.0,17.8,1.1396232,76.0,18.8,1.9039879,57.0,17.97,2.192812,70.5,17.8675,4.51085950651685,0.5218754599525752,0.35197642315717825,0.16705408466316563,0.45041649597043065,16,21.04,22.21,22.26,21.17,35.1,1.8,51.0,13.3,85.29,76.86,84.86,81.86,73.0,71.0,49.0,43.0
2014-04-27,201418,73.0,73,73,73,0.71050715,12.733632,0,1,313670220141819589,2023-08-20,Juiz de Fora,1.0982732,573285,0,0,1,69,,,,,103009,11.21,17.19,23.64,1.4,76.0,90.0,17.31,1.3962103,53.0,17.56,0.82263196,63.0,17.8,1.1396232,76.0,18.8,1.9039879,69.75,15.969999999999999,4.30406509320417,-0.20679441331267956,0.31508104663989567,0.1451820098444987,-0.039740328649513934,17,20.86,21.04,22.21,22.26,34.2,35.1,1.8,51.0,82.0,85.29,76.86,84.86,71.0,49.0,43.0,59.0
2014-05-04,201419,71.0,71,71,71,0.4022263,12.384765,0,1,313670220141919589,2023-08-20,Juiz de Fora,0.9598173,573285,0,0,1,60,,,,,103009,13.99,19.61,26.09,0.4,77.71,73.0,11.21,1.0982732,90.0,17.31,1.3962103,53.0,17.56,0.82263196,63.0,17.8,1.1396232,71.75,15.0175,4.276666119016055,-0.027398974188114877,-0.23419338750079444,0.2876820724517808,0.11778303565638382,18,17.19,20.86,21.04,22.21,1.4,34.2,35.1,1.8,76.0,82.0,85.29,76.86,49.0,43.0,59.0,29.0
2014-05-11,201420,49.0,49,49,49,0.011918993,8.547233,0,1,313670220142019589,2023-08-20,Juiz de Fora,0.6632681,573285,0,0,1,42,,,,,103009,12.2,17.66,24.0,1.0,75.71,71.0,13.99,0.9598173,73.0,11.21,1.0982732,90.0,17.31,1.3962103,53.0,17.56,0.82263196,70.75,13.6775,3.912023005428146,-0.36464311358790935,-0.39204208777602423,-0.5988365010887038,-0.07696104113612856,19,19.61,17.19,20.86,21.04,0.4,1.4,34.2,35.1,77.71,76.0,82.0,85.29,43.0,59.0,29.0,18.0
2014-05-18,201421,43.0,43,43,43,0.015529856,7.5006323,0,1,313670220142119589,2023-08-20,Juiz de Fora,0.6588063,573285,0,0,1,34,,,,,103009,14.57,19.23,24.83,2.3,80.43,49.0,12.2,0.6632681,71.0,13.99,0.9598173,73.0,11.21,1.0982732,90.0,17.31,1.3962103,59.0,12.992500000000001,3.784189633918261,-0.12783337150988494,-0.4924764850977943,-0.5198754592859092,-0.7266698725985887,20,17.66,19.61,17.19,20.86,1.0,0.4,1.4,34.2,75.71,77.71,76.0,82.0,59.0,29.0,18.0,27.0
2014-05-25,201422,59.0,59,59,59,0.65839475,10.291565,0,1,313670220142219589,2023-08-20,Juiz de Fora,1.0792874,573285,0,0,1,53,,,,,103009,14.63,18.07,22.59,5.9,81.43,43.0,14.57,0.6588063,49.0,12.2,0.6632681,71.0,13.99,0.9598173,73.0,11.21,1.0982732,55.5,13.8475,4.0943445622221,0.3101549283038394,0.18232155679395445,-0.1823215567939549,-0.20972053098206977,21,19.23,17.66,19.61,17.19,2.3,1.0,0.4,1.4,80.43,75.71,77.71,76.0,29.0,18.0,27.0,9.0
2014-06-01,201423,29.0,29,29,29,0.0109523935,5.058566,0,1,313670220142319589,2023-08-20,Juiz de Fora,0.5915699,573285,0,0,1,26,,,,,103009,14.2,18.73,25.07,3.8,80.0,59.0,14.63,1.0792874,43.0,14.57,0.6588063,49.0,12.2,0.6632681,71.0,13.99,0.9598173,45.0,13.9,3.4011973816621555,-0.693147180559945,-0.38299225225610556,-0.5108256237659905,-0.8754687373538999,22,18.07,19.23,17.66,19.61,5.9,2.3,1.0,0.4,81.43,80.43,75.71,77.71,18.0,27.0,9.0,15.0
2014-06-08,201424,18.0,18,18,18,0.00025819856,3.1397996,0,1,313670220142419589,2023-08-20,Juiz de Fora,0.40087795,573285,0,0,1,17,,,,,103009,15.81,19.4,24.06,7.0,81.0,29.0,14.2,0.5915699,59.0,14.63,1.0792874,43.0,14.57,0.6588063,49.0,12.2,0.6632681,37.25,14.8025,2.9444389791664403,-0.4567584024957152,-1.1499055830556602,-0.8397506547518208,-0.9675840262617057,23,18.73,18.07,19.23,17.66,3.8,5.9,2.3,1.0,80.0,81.43,80.43,75.71,27.0,9.0,15.0,15.0
2014-06-15,201425,27.0,27,27,27,0.17653817,4.709699,0,1,313670220142519589,2023-08-20,Juiz de Fora,0.78930724,573285,0,0,1,24,,,,,103009,13.17,17.56,23.0,2.0,82.43,18.0,15.81,0.40087795,29.0,14.2,0.5915699,59.0,14.63,1.0792874,43.0,14.57,0.6588063,33.25,14.4525,3.332204510175204,0.38776553100876354,-0.06899287148695166,-0.7621400520468966,-0.4519851237430572,24,19.4,18.73,18.07,19.23,7.0,3.8,5.9,2.3,81.0,80.0,81.43,80.43,9.0,15.0,15.0,6.0
2014-06-22,201426,9.0,9,9,9,0.0027061622,1.5698998,0,1,313670220142619589,2023-08-20,Juiz de Fora,0.36585453,573285,0,0,0,9,,,,,103009,11.57,16.93,24.04,0.8,80.43,27.0,13.17,0.78930724,18.0,15.81,0.40087795,29.0,14.2,0.5915699,59.0,14.63,1.0792874,20.75,13.6875,2.302585092994046,-1.029619417181158,-0.6418538861723944,-1.0986122886681096,-1.7917594692280545,25,17.56,19.4,18.73,18.07,2.0,7.0,3.8,5.9,82.43,81.0,80.0,81.43,15.0,15.0,6.0,1.0
2014-06-29,201427,15.0,15,15,15,0.19808364,2.6164997,0,1,313670220142719589,2023-08-20,Juiz de Fora,0.75197166,573285,0,0,1,11,,,,,103009,14.47,19.5,26.01,1.4,76.57,9.0,11.57,0.36585453,27.0,13.17,0.78930724,18.0,15.81,0.40087795,29.0,14.2,0.5915699,17.25,13.755,2.772588722239781,0.47000362924573524,-0.5596157879354227,-0.17185025692665912,-0.6286086594223743,26,16.93,17.56,19.4,18.73,0.8,2.0,7.0,3.8,80.43,82.43,81.0,80.0,15.0,6.0,1.0,5.0
2014-07-06,201428,15.0,15,15,15,0.45109054,2.6164997,0,1,313670220142819589,2023-08-20,Juiz de Fora,0.9571554,573285,0,0,1,13,,,,,103009,15.04,18.06,22.16,21.9,82.57,15.0,14.47,0.75197166,9.0,11.57,0.36585453,27.0,13.17,0.78930724,18.0,15.81,0.40087795,16.5,13.5625,2.772588722239781,0.0,0.47000362924573524,-0.5596157879354227,-0.17185025692665912,27,19.5,16.93,17.56,19.4,1.4,0.8,2.0,7.0,76.57,80.43,82.43,81.0,6.0,1.0,5.0,3.0
2014-07-13,201429,6.0,6,6,6,0.036707822,1.0465999,0,1,313670220142919589,2023-08-20,Juiz de Fora,0.43933913,573285,0,0,0,6,,,,,103009,12.59,16.94,22.43,0.4,75.57,15.0,15.04,0.9571554,15.0,14.47,0.75197166,9.0,11.57,0.36585453,27.0,13.17,0.78930724,11.25,13.417499999999999,1.9459101490553132,-0.8266785731844679,-0.8266785731844679,-0.35667494393873267,-1.3862943611198906,28,18.06,19.5,16.93,17.56,21.9,1.4,0.8,2.0,82.57,76.57,80.43,82.43,1.0,5.0,3.0,1.0
2014-07-20,201430,1.0,1,1,1,0.0002948888,0.1744333,0,1,313670220143019589,2023-08-20,Juiz de Fora,0.08526936,573285,0,0,0,1,,,,,103009,13.33,16.9,21.3,30.7,79.57,6.0,12.59,0.43933913,15.0,15.04,0.9571554,15.0,14.47,0.75197166,9.0,11.57,0.36585453,9.25,13.857499999999998,0.6931471805599453,-1.252762968495368,-2.0794415416798357,-2.0794415416798357,-1.6094379124341005,29,16.94,18.06,19.5,16.93,0.4,21.9,1.4,0.8,75.57,82.57,76.57,80.43,5.0,3.0,1.0,6.0
2014-07-27,201431,5.0,5,5,5,0.24055028,0.8721666,0,1,313670220143119589,2023-08-20,Juiz de Fora,0.67672443,573285,0,0,0,3,,,,,103009,11.91,16.34,21.64,7.5,81.57,1.0,13.33,0.08526936,6.0,12.59,0.43933913,15.0,15.04,0.9571554,15.0,14.47,0.75197166,6.75,13.2175,1.791759469228055,1.0986122886681096,-0.15415067982725827,-0.9808292530117262,-0.9808292530117262,30,16.9,16.94,18.06,19.5,30.7,0.4,21.9,1.4,79.57,75.57,82.57,76.57,3.0,1.0,6.0,1.0
2014-08-03,201432,3.0,3,3,3,0.3302552,0.52329993,0,1,313670220143219589,2023-08-20,Juiz de Fora,0.73167515,573285,0,0,0,3,,,,,103009,10.03,16.67,24.17,0.4,71.71,5.0,11.91,0.67672443,1.0,13.33,0.08526936,6.0,12.59,0.43933913,15.0,15.04,0.9571554,3.75,11.965,1.3862943611198906,-0.4054651081081644,0.6931471805599453,-0.5596157879354227,-1.3862943611198906,31,16.34,16.9,16.94,18.06,7.5,30.7,0.4,21.9,81.57,79.57,75.57,82.57,1.0,6.0,1.0,2.0
2014-08-10,201433,1.0,1,1,1,0.09414121,0.1744333,0,1,313670220143319589,2023-08-20,Juiz de Fora,0.2933386,573285,0,0,0,0,,,,,103009,12.67,17.13,22.77,1.4,76.14,3.0,10.03,0.73167515,5.0,11.91,0.67672443,1.0,13.33,0.08526936,6.0,12.59,0.43933913,2.5,11.985,0.6931471805599453,-0.6931471805599453,-1.0986122886681096,0.0,-1.252762968495368,32,16.67,16.34,16.9,16.94,0.4,7.5,30.7,0.4,71.71,81.57,79.57,75.57,6.0,1.0,2.0,8.0
2014-08-17,201434,6.0,6,6,6,0.8500318,1.0465999,0,1,313670220143419589,2023-08-20,Juiz de Fora,1.9638592,573285,0,0,0,4,,,,,103009,14.87,19.31,25.0,3.2,72.57,1.0,12.67,0.2933386,3.0,10.03,0.73167515,5.0,11.91,0.67672443,1.0,13.33,0.08526936,3.75,12.370000000000001,1.9459101490553132,1.252762968495368,0.5596157879354227,0.15415067982725827,1.252762968495368,33,17.13,16.67,16.34,16.9,1.4,0.4,7.5,30.7,76.14,71.71,81.57,79.57,1.0,2.0,8.0,5.0
2014-08-24,201435,1.0,1,1,1,0.13342659,0.1744333,0,1,313670220143519589,2023-08-20,Juiz de Fora,0.34412962,573285,0,0,0,1,,,,,103009,13.41,18.63,24.53,8.9,70.57,6.0,14.87,1.9638592,1.0,12.67,0.2933386,3.0,10.03,0.73167515,5.0,11.91,0.67672443,2.75,12.745,0.6931471805599453,-1.252762968495368,0.0,-0.6931471805599453,-1.0986122886681096,34,19.31,17.13,16.67,16.34,3.2,1.4,0.4,7.5,72.57,76.14,71.71,81.57,2.0,8.0,5.0,8.0
2014-08-31,201436,2.0,2,2,2,0.28722852,0.3488666,0,1,313670220143619589,2023-08-20,Juiz de Fora,0.63094425,573285,0,0,0,2,,,,,103009,14.71,19.46,25.74,2.6,70.14,1.0,13.41,0.34412962,6.0,14.87,1.9638592,1.0,12.67,0.2933386,3.0,10.03,0.73167515,2.5,13.915,1.0986122886681098,0.4054651081081645,-0.8472978603872034,0.4054651081081645,-0.2876820724517808,35,18.63,19.31,17.13,16.67,8.9,3.2,1.4,0.4,70.57,72.57,76.14,71.71,8.0,5.0,8.0,5.0
2014-09-07,201437,8.0,8,8,8,0.95270604,1.3954664,0,1,313670220143719589,2023-08-20,Juiz de Fora,2.8222747,573285,0,0,0,7,,,,,103009,13.43,19.79,26.59,0.6,63.57,2.0,14.71,0.63094425,1.0,13.41,0.34412962,6.0,14.87,1.9638592,1.0,12.67,0.2933386,4.25,14.104999999999999,2.1972245773362196,1.0986122886681098,1.5040773967762742,0.25131442828090633,1.5040773967762742,36,19.46,18.63,19.31,17.13,2.6,8.9,3.2,1.4,70.14,70.57,72.57,76.14,5.0,8.0,5.0,9.0
2014-09-14,201438,5.0,5,5,5,0.69594806,0.8721666,0,1,313670220143819589,2023-08-20,Juiz de Fora,1.3988508,573285,0,0,0,3,,,,,103009,16.36,21.26,27.11,1.4,67.14,8.0,13.43,2.8222747,2.0,14.71,0.63094425,1.0,13.41,0.34412962,6.0,14.87,1.9638592,4.0,14.4775,1.791759469228055,-0.4054651081081646,0.6931471805599452,1.0986122886681096,-0.15415067982725827,37,19.79,19.46,18.63,19.31,0.6,2.6,8.9,3.2,63.57,70.14,70.57,72.57,8.0,5.0,9.0,9.0
2014-09-21,201439,8.0,8,8,8,0.7691796,1.3954664,0,1,313670220143919589,2023-08-20,Juiz de Fora,1.4820355,573285,0,0,0,4,,,,,103009,15.41,20.8,27.47,4.5,63.86,5.0,16.36,1.3988508,8.0,13.43,2.8222747,2.0,14.71,0.63094425,1.0,13.41,0.34412962,5.75,14.9775,2.1972245773362196,0.4054651081081646,0.0,1.0986122886681098,1.5040773967762742,38,21.26,19.79,19.46,18.63,1.4,0.6,2.6,8.9,67.14,63.57,70.14,70.57,5.0,9.0,9.0,5.0
2014-09-28,201440,5.0,5,5,5,0.3493258,0.8721666,0,1,313670220144019589,2023-08-20,Juiz de Fora,0.80007476,573285,0,0,0,3,,,,,103009,16.86,21.23,26.59,14.9,70.71,8.0,15.41,1.4820355,5.0,16.36,1.3988508,8.0,13.43,2.8222747,2.0,14.71,0.63094425,6.5,15.515,1.791759469228055,-0.4054651081081646,0.0,-0.4054651081081646,0.6931471805599452,39,20.8,21.26,19.79,19.46,4.5,1.4,0.6,2.6,63.86,67.14,63.57,70.14,9.0,9.0,5.0,6.0
2014-10-05,201441,9.0,9,9,9,0.7399371,1.5698998,0,1,313670220144119589,2023-08-20,Juiz de Fora,1.3765471,573285,0,0,0,7,,,,,103009,13.54,19.59,25.47,0.1,61.0,5.0,16.86,0.80007476,8.0,15.41,1.4820355,5.0,16.36,1.3988508,8.0,13.43,2.8222747,6.75,15.5425,2.302585092994046,0.5108256237659909,0.10536051565782634,0.5108256237659909,0.10536051565782634,40,21.23,20.8,21.26,19.79,14.9,4.5,1.4,0.6,70.71,63.86,67.14,63.57,9.0,5.0,6.0,6.0
2014-10-12,201442,9.0,9,9,9,0.7059701,1.5698998,0,1,313670220144219589,2023-08-20,Juiz de Fora,1.3043835,573285,1,0,0,7,,,,,103009,18.26,24.71,31.6,0.6,59.57,9.0,13.54,1.3765471,5.0,16.86,0.80007476,8.0,15.41,1.4820355,5.0,16.36,1.3988508,7.75,16.0175,2.302585092994046,0.0,0.5108256237659909,0.10536051565782634,0.5108256237659909,41,19.59,21.23,20.8,21.26,0.1,14.9,4.5,1.4,61.0,70.71,63.86,67.14,5.0,6.0,6.0,3.0
2014-10-19,201443,5.0,5,5,5,0.21553361,0.8721666,0,1,313670220144319589,2023-08-20,Juiz de Fora,0.64908206,573285,0,0,0,2,,,,,103009,16.53,21.17,26.33,22.9,72.86,9.0,18.26,1.3043835,9.0,13.54,1.3765471,5.0,16.86,0.80007476,8.0,15.41,1.4820355,7.0,16.2975,1.791759469228055,-0.5108256237659909,-0.5108256237659909,0.0,-0.4054651081081646,42,24.71,19.59,21.23,20.8,0.6,0.1,14.9,4.5,59.57,61.0,70.71,63.86,6.0,6.0,3.0,4.0
2014-10-26,201444,6.0,6,6,6,0.3262937,1.0465999,0,1,313670220144419589,2023-08-20,Juiz de Fora,0.78863245,573285,0,0,0,3,,,,,103009,17.83,21.41,26.29,31.8,77.71,5.0,16.53,0.64908206,9.0,18.26,1.3043835,9.0,13.54,1.3765471,5.0,16.86,0.80007476,7.25,16.54,1.9459101490553132,0.15415067982725827,-0.35667494393873267,-0.35667494393873267,0.15415067982725827,43,21.17,24.71,19.59,21.23,22.9,0.6,0.1,14.9,72.86,59.57,61.0,70.71,6.0,3.0,4.0,8.0
2014-11-02,201445,6.0,6,6,6,0.44668496,1.0465999,0,1,313670220144519589,2023-08-20,Juiz de Fora,0.92917025,573285,1,0,0,6,,,,,103009,18.57,23.01,28.76,20.9,73.57,6.0,17.83,0.78863245,5.0,16.53,0.64908206,9.0,18.26,1.3043835,9.0,13.54,1.3765471,6.5,17.7975,1.9459101490553132,0.0,0.15415067982725827,-0.35667494393873267,-0.35667494393873267,44,21.41,21.17,24.71,19.59,31.8,22.9,0.6,0.1,77.71,72.86,59.57,61.0,3.0,4.0,8.0,8.0
2014-11-09,201446,3.0,3,3,3,0.16261189,0.52329993,0,1,313670220144619589,2023-08-20,Juiz de Fora,0.5223031,573285,1,0,0,2,,,,,103009,17.76,20.93,25.7,57.8,80.0,6.0,18.57,0.92917025,6.0,17.83,0.78863245,5.0,16.53,0.64908206,9.0,18.26,1.3043835,5.0,17.6725,1.3862943611198906,-0.5596157879354227,-0.5596157879354227,-0.4054651081081644,-0.9162907318741553,45,23.01,21.41,21.17,24.71,20.9,31.8,22.9,0.6,73.57,77.71,72.86,59.57,4.0,8.0,8.0,5.0
2014-11-16,201447,4.0,4,4,4,0.35125872,0.6977332,0,1,313670220144719589,2023-08-20,Juiz de Fora,0.7845587,573285,0,0,0,3,,,,,103009,15.43,21.16,27.41,11.9,66.57,3.0,17.76,0.5223031,6.0,18.57,0.92917025,6.0,17.83,0.78863245,5.0,16.53,0.64908206,4.75,17.3975,1.6094379124341003,0.2231435513142097,-0.33647223662121295,-0.33647223662121295,-0.18232155679395468,46,20.93,23.01,21.41,21.17,57.8,20.9,31.8,22.9,80.0,73.57,77.71,72.86,8.0,8.0,5.0,4.0
2014-11-23,201448,8.0,8,8,8,0.85721016,1.3954664,0,1,313670220144819589,2023-08-20,Juiz de Fora,1.8199253,573285,1,0,0,8,,,,,103009,19.51,21.74,25.11,166.4,87.29,4.0,15.43,0.7845587,3.0,17.76,0.5223031,6.0,18.57,0.92917025,6.0,17.83,0.78863245,5.25,17.817500000000003,2.1972245773362196,0.5877866649021193,0.810930216216329,0.25131442828090633,0.25131442828090633,47,21.16,20.93,23.01,21.41,11.9,57.8,20.9,31.8,66.57,80.0,73.57,77.71,8.0,5.0,4.0,6.0
2014-11-30,201449,8.0,8,8,8,0.80249107,1.3954664,0,1,313670220144919589,2023-08-20,Juiz de Fora,1.5871145,573285,0,0,0,6,,,,,103009,18.07,21.91,26.26,24.9,77.86,8.0,19.51,1.8199253,4.0,15.43,0.7845587,3.0,17.76,0.5223031,6.0,18.57,0.92917025,5.75,17.692500000000003,2.1972245773362196,0.0,0.5877866649021193,0.810930216216329,0.25131442828090633,48,21.74,21.16,20.93,23.01,166.4,11.9,57.8,20.9,87.29,66.57,80.0,73.57,5.0,4.0,6.0,2.0
2014-12-07,201450,5.0,5,5,5,0.31736726,0.8721666,0,1,313670220145019589,2023-08-20,Juiz de Fora,0.7628328,573285,1,0,0,2,,,,,103009,18.9,22.97,27.81,15.4,76.0,8.0,18.07,1.5871145,8.0,19.51,1.8199253,4.0,15.43,0.7845587,3.0,17.76,0.5223031,6.25,17.9775,1.791759469228055,-0.4054651081081646,-0.4054651081081646,0.18232155679395468,0.4054651081081644,49,21.91,21.74,21.16,20.93,24.9,166.4,11.9,57.8,77.86,87.29,66.57,80.0,4.0,6.0,2.0,2.0
2014-12-14,201451,4.0,4,4,4,0.18750285,0.6977332,0,1,313670220145119589,2023-08-20,Juiz de Fora,0.5896928,573285,1,0,0,2,,,,,103009,18.96,23.06,28.51,36.2,73.43,5.0,18.9,0.7628328,8.0,18.07,1.5871145,8.0,19.51,1.8199253,4.0,15.43,0.7845587,6.25,18.86,1.6094379124341003,-0.18232155679395468,-0.5877866649021193,-0.5877866649021193,0.0,50,22.97,21.91,21.74,21.16,15.4,24.9,166.4,11.9,76.0,77.86,87.29,66.57,6.0,2.0,2.0,10.0
2014-12-21,201452,6.0,6,6,6,0.53959525,1.0465999,0,2,313670220145219589,2023-08-20,Juiz de Fora,1.0577587,573285,1,0,0,4,,,,,103009,20.27,24.29,29.47,46.4,77.0,4.0,18.96,0.5896928,5.0,18.9,0.7628328,8.0,18.07,1.5871145,8.0,19.51,1.8199253,5.75,19.05,1.9459101490553132,0.33647223662121295,0.15415067982725827,-0.25131442828090633,-0.25131442828090633,51,23.06,22.97,21.91,21.74,36.2,15.4,24.9,166.4,73.43,76.0,77.86,87.29,2.0,2.0,10.0,4.0
2014-12-28,201453,2.0,2,2,2,0.119845025,0.3488666,0,2,313670220145319589,2023-08-20,Juiz de Fora,0.41379157,573285,1,0,0,3,,,,,103009,19.77,25.3,32.07,39.7,71.0,6.0,20.27,1.0577587,4.0,18.96,0.5896928,5.0,18.9,0.7628328,8.0,18.07,1.5871145,4.25,19.475,1.0986122886681098,-0.8472978603872034,-0.5108256237659905,-0.6931471805599452,-1.0986122886681098,52,24.29,23.06,22.97,21.91,46.4,36.2,15.4,24.9,77.0,73.43,76.0,77.86,2.0,10.0,4.0,2.0
2015-01-04,201501,2.0,2,2,2,0.16336876,0.3488666,0,2,313670220150119589,2023-08-20,Juiz de Fora,0.46948949,573285,1,0,0,2,,,,,103009,19.03,23.61,28.96,28.9,74.29,2.0,19.77,0.41379157,6.0,20.27,1.0577587,4.0,18.96,0.5896928,5.0,18.9,0.7628328,3.5,19.5075,1.0986122886681098,0.0,-0.8472978603872034,-0.5108256237659905,-0.6931471805599452,1,25.3,24.29,23.06,22.97,39.7,46.4,36.2,15.4,71.0,77.0,73.43,76.0,10.0,4.0,2.0,6.0
2015-01-11,201502,10.0,10,10,10,0.9688851,1.7443331,0,2,313670220150219589,2023-08-20,Juiz de Fora,2.8467598,573285,1,1,1,8,,,,,103009,18.76,24.81,30.14,0.7,67.29,2.0,19.03,0.46948949,2.0,19.77,0.41379157,6.0,20.27,1.0577587,4.0,18.96,0.5896928,5.0,19.4575,2.3978952727983707,1.2992829841302609,1.2992829841302609,0.45198512374305744,0.7884573603642704,2,23.61,25.3,24.29,23.06,28.9,39.7,46.4,36.2,74.29,71.0,77.0,73.43,4.0,2.0,6.0,14.0
2015-01-18,201503,4.0,4,4,4,0.46210015,0.6977332,0,1,313670220150319589,2023-08-20,Juiz de Fora,0.9389999,573285,0,0,0,1,,,,,103009,18.31,24.0,29.77,38.7,71.43,10.0,18.76,2.8467598,2.0,19.03,0.46948949,2.0,19.77,0.41379157,6.0,20.27,1.0577587,4.5,18.9675,1.6094379124341003,-0.7884573603642704,0.5108256237659905,0.5108256237659905,-0.33647223662121295,3,24.81,23.61,25.3,24.29,0.7,28.9,39.7,46.4,67.29,74.29,71.0,77.0,2.0,6.0,14.0,20.0
2015-01-25,201504,2.0,2,2,2,0.07471684,0.3488666,0,1,313670220150419589,2023-08-20,Juiz de Fora,0.35184354,573285,1,0,0,5,,,,,103009,19.04,23.76,30.0,68.6,81.29,4.0,18.31,0.9389999,10.0,18.76,2.8467598,2.0,19.03,0.46948949,2.0,19.77,0.41379157,4.5,18.785,1.0986122886681098,-0.5108256237659905,-1.2992829841302609,0.0,0.0,4,24.0,24.81,23.61,25.3,38.7,0.7,28.9,39.7,71.43,67.29,74.29,71.0,6.0,14.0,20.0,20.0
2015-02-01,201505,6.0,6,6,6,0.6304261,1.0465999,0,1,313670220150519589,2023-08-20,Juiz de Fora,1.2143246,573285,1,0,0,4,,,,,103009,19.13,22.31,27.23,86.8,83.29,2.0,19.04,0.35184354,4.0,18.31,0.9389999,10.0,18.76,2.8467598,2.0,19.03,0.46948949,5.5,18.81,1.9459101490553132,0.8472978603872034,0.33647223662121295,-0.45198512374305744,0.8472978603872034,5,23.76,24.0,24.81,23.61,68.6,38.7,0.7,28.9,81.29,71.43,67.29,74.29,14.0,20.0,20.0,32.0
2015-02-08,201506,14.0,14,14,14,0.98964626,2.4420664,0,2,313670220150619589,2023-08-20,Juiz de Fora,3.0956225,573285,1,1,1,13,,,,,103009,19.56,24.4,29.81,58.2,75.43,6.0,19.13,1.2143246,2.0,19.04,0.35184354,4.0,18.31,0.9389999,10.0,18.76,2.8467598,6.5,19.009999999999998,2.70805020110221,0.7621400520468968,1.6094379124341003,1.0986122886681098,0.3101549283038394,6,22.31,23.76,24.0,24.81,86.8,68.6,38.7,0.7,83.29,81.29,71.43,67.29,20.0,20.0,32.0,61.0
2015-02-15,201507,20.0,20,20,20,0.99269146,3.4886663,0,3,313670220150719589,2023-08-20,Juiz de Fora,2.629656,573285,1,1,1,19,,,,,103009,19.4,23.7,28.86,37.5,77.0,14.0,19.56,3.0956225,6.0,19.13,1.2143246,2.0,19.04,0.35184354,4.0,18.31,0.9389999,10.5,19.2825,3.044522437723423,0.33647223662121295,1.0986122886681098,1.9459101490553132,1.4350845252893227,7,24.4,22.31,23.76,24.0,58.2,86.8,68.6,38.7,75.43,83.29,81.29,71.43,20.0,32.0,61.0,103.0
2015-02-22,201508,20.0,20,20,20,0.8892558,3.4886663,0,3,313670220150819589,2023-08-20,Juiz de Fora,1.5286663,573285,1,0,1,17,,,,,103009,18.97,23.79,29.27,42.1,77.14,20.0,19.4,2.629656,14.0,19.56,3.0956225,6.0,19.13,1.2143246,2.0,19.04,0.35184354,15.0,19.265,3.044522437723423,0.0,0.33647223662121295,1.0986122886681098,1.9459101490553132,8,23.7,24.4,22.31,23.76,37.5,58.2,86.8,68.6,77.0,75.43,83.29,81.29,32.0,61.0,103.0,139.0
2015-03-01,201509,32.0,32,32,32,0.9753569,5.581866,0,2,313670220150919589,2023-08-20,Juiz de Fora,1.7518004,573285,1,1,1,27,,,,,103009,19.14,23.24,28.53,24.4,77.43,20.0,18.97,1.5286663,20.0,19.4,2.629656,14.0,19.56,3.0956225,6.0,19.13,1.2143246,21.5,19.2675,3.4965075614664802,0.4519851237430572,0.4519851237430572,0.7884573603642702,1.550597412411167,9,23.79,23.7,24.4,22.31,42.1,37.5,58.2,86.8,77.14,77.0,75.43,83.29,61.0,103.0,139.0,219.0
2015-03-08,201510,61.0,61,61,61,0.9999701,10.640432,0,3,313670220151019589,2023-08-20,Juiz de Fora,2.4758995,573285,1,1,1,56,,,,,103009,19.24,22.9,27.8,86.3,85.86,32.0,19.14,1.7518004,20.0,18.97,1.5286663,20.0,19.4,2.629656,14.0,19.56,3.0956225,33.25,19.1875,4.127134385045092,0.6306268235786114,1.0826119473216687,1.0826119473216687,1.4190841839428816,10,23.24,23.79,23.7,24.4,24.4,42.1,37.5,58.2,77.43,77.14,77.0,75.43,103.0,139.0,219.0,326.0
2015-03-15,201511,103.0,103,103,103,1.0,17.96663,0,3,313670220151119589,2023-08-20,Juiz de Fora,2.636326,573285,1,1,1,97,,,,,103009,19.23,22.7,27.89,51.6,83.0,61.0,19.24,2.4758995,32.0,19.14,1.7518004,20.0,18.97,1.5286663,20.0,19.4,2.629656,54.0,19.145,4.6443908991413725,0.5172565140962808,1.1478833376748923,1.5998684614179495,1.5998684614179495,11,22.9,23.24,23.79,23.7,86.3,24.4,42.1,37.5,85.86,77.43,77.14,77.0,139.0,219.0,326.0,473.0
2015-03-22,201512,139.0,139,139,139,0.9999999,24.24623,0,3,313670220151219589,2023-08-20,Juiz de Fora,2.1164308,573285,0,1,2,132,,,,,103009,18.13,22.53,27.87,24.5,78.86,103.0,19.23,2.636326,61.0,19.24,2.4758995,32.0,19.14,1.7518004,20.0,18.97,1.5286663,83.75,18.935,4.941642422609304,0.2972515234679314,0.8145080375642122,1.4451348611428236,1.8971199848858809,12,22.7,22.9,23.24,23.79,51.6,86.3,24.4,42.1,83.0,85.86,77.43,77.14,219.0,326.0,473.0,522.0
2015-03-29,201513,219.0,219,219,219,1.0,38.200893,0,3,313670220151319589,2023-08-20,Juiz de Fora,2.123569,573285,1,1,2,209,,,,,103009,18.64,22.36,27.79,38.2,81.71,139.0,18.13,2.1164308,103.0,19.23,2.636326,61.0,19.24,2.4758995,32.0,19.14,1.7518004,130.5,18.81,5.393627546352362,0.4519851237430581,0.7492366472109895,1.2664931613072703,1.8971199848858817,13,22.53,22.7,22.9,23.24,24.5,51.6,86.3,24.4,78.86,83.0,85.86,77.43,326.0,473.0,522.0,634.0
2015-04-05,201514,326.0,326,326,326,1.0,56.865257,0,4,313670220151419589,2023-08-20,Juiz de Fora,2.111309,573285,0,1,2,315,,,,,103009,17.06,20.56,25.26,8.0,81.29,219.0,18.64,2.123569,139.0,18.13,2.1164308,103.0,19.23,2.636326,61.0,19.24,2.4758995,196.75,18.265,5.7899601708972535,0.3963326245448915,0.8483177482879496,1.145569271755881,1.6628257858521618,14,22.36,22.53,22.7,22.9,38.2,24.5,51.6,86.3,81.71,78.86,83.0,85.86,473.0,522.0,634.0,515.0
2015-04-12,201515,473.0,473,473,473,1.0,82.50696,0,4,313670220151519589,2023-08-20,Juiz de Fora,2.045333,573285,0,1,2,454,,,,,103009,17.24,22.01,27.31,6.7,76.29,326.0,17.06,2.111309,219.0,18.64,2.123569,139.0,18.13,2.1164308,103.0,19.23,2.636326,289.25,17.7675,6.161207321695077,0.37124715079782344,0.7675797753427149,1.219564899085773,1.5168164225537044,15,20.56,22.36,22.53,22.7,8.0,38.2,24.5,51.6,81.29,81.71,78.86,83.0,522.0,634.0,515.0,390.0
2015-04-19,201516,522.0,522,522,522,1.0,91.054184,0,4,313670220151619589,2023-08-20,Juiz de Fora,1.564506,573285,1,1,2,513,,,,,103009,18.84,22.29,26.61,8.2,82.86,473.0,17.24,2.045333,326.0,17.06,2.111309,219.0,18.64,2.123569,139.0,18.13,2.1164308,385.0,17.945,6.259581464064923,0.09837414236984632,0.46962129316766976,0.8659539177125612,1.3179390414556194,16,22.01,20.56,22.36,22.53,6.7,8.0,38.2,24.5,76.29,81.29,81.71,78.86,634.0,515.0,390.0,303.0
2015-04-26,201517,634.0,634,634,634,1.0,110.59072,0,4,313670220151719589,2023-08-20,Juiz de Fora,1.4390283,573285,0,1,2,628,,,,,103009,16.06,19.4,23.73,9.1,82.71,522.0,18.84,1.564506,473.0,17.24,2.045333,326.0,17.06,2.111309,219.0,18.64,2.123569,488.75,17.3,6.453624998892692,0.19404353482776848,0.2924176771976148,0.6636648279954382,1.0599974525403297,17,22.29,22.01,20.56,22.36,8.2,6.7,8.0,38.2,82.86,76.29,81.29,81.71,515.0,390.0,303.0,175.0
2015-05-03,201518,515.0,515,515,515,0.40784168,89.83315,0,4,313670220151819589,2023-08-20,Juiz de Fora,0.9856361,573285,0,0,2,506,,,,,103009,15.93,19.19,23.27,20.7,83.71,634.0,16.06,1.4390283,522.0,18.84,1.564506,473.0,17.24,2.045333,326.0,17.06,2.111309,536.0,17.0175,6.246106765481563,-0.20751823341112896,-0.013474698583360478,0.08489944378648584,0.4561465945843093,18,19.4,22.29,22.01,20.56,9.1,8.2,6.7,8.0,82.71,82.86,76.29,81.29,390.0,303.0,175.0,156.0
2015-05-10,201519,390.0,390,390,390,6.068922e-08,68.02899,0,4,313670220151919589,2023-08-20,Juiz de Fora,0.7066222,573285,0,0,2,387,,,,,103009,14.57,18.24,22.56,15.1,82.43,515.0,15.93,0.9856361,634.0,16.06,1.4390283,522.0,18.84,1.564506,473.0,17.24,2.045333,515.25,16.35,5.968707559985366,-0.2773992054961969,-0.48491743890732586,-0.2908739040795574,-0.19249976170971106,19,19.19,19.4,22.29,22.01,20.7,9.1,8.2,6.7,83.71,82.71,82.86,76.29,303.0,175.0,156.0,133.0
2015-05-17,201520,303.0,303,303,303,1.3872237e-12,52.853294,0,4,313670220152019589,2023-08-20,Juiz de Fora,0.60610175,573285,0,0,2,296,,,,,103009,15.81,18.46,21.96,9.9,86.0,390.0,14.57,0.7066222,515.0,15.93,0.9856361,634.0,16.06,1.4390283,522.0,18.84,1.564506,460.5,15.5925,5.717027701406222,-0.251679858579144,-0.5290790640753409,-0.7365972974864698,-0.5425537626587014,20,18.24,19.19,19.4,22.29,15.1,20.7,9.1,8.2,82.43,83.71,82.71,82.86,175.0,156.0,133.0,81.0
2015-05-24,201521,175.0,175,175,175,0.0,30.52583,0,4,313670220152119589,2023-08-20,Juiz de Fora,0.43796486,573285,0,0,2,171,,,,,103009,13.29,19.27,26.34,6.0,78.71,303.0,15.81,0.60610175,390.0,14.57,0.7066222,515.0,15.93,0.9856361,634.0,16.06,1.4390283,345.75,14.9,5.170483995038151,-0.5465437063680705,-0.7982235649472145,-1.0756227704434114,-1.2831410038545403,21,18.46,18.24,19.19,19.4,9.9,15.1,20.7,9.1,86.0,82.43,83.71,82.71,156.0,133.0,81.0,20.0
2015-05-31,201522,156.0,156,156,156,1.24078525e-11,27.211596,0,4,313670220152219589,2023-08-20,Juiz de Fora,0.5257814,573285,0,0,2,154,,,,,103009,14.09,17.96,22.49,2.0,85.86,175.0,13.29,0.43796486,303.0,15.81,0.60610175,390.0,14.57,0.7066222,515.0,15.93,0.9856361,256.0,14.440000000000001,5.056245805348308,-0.11423818968984367,-0.6607818960579142,-0.9124617546370581,-1.189860960133255,22,19.27,18.46,18.24,19.19,6.0,9.9,15.1,20.7,78.71,86.0,82.43,83.71,133.0,81.0,20.0,17.0
2015-06-07,201523,133.0,133,133,133,1.05688205e-05,23.19963,0,4,313670220152319589,2023-08-20,Juiz de Fora,0.6288869,573285,0,0,2,130,,,,,103009,11.2,17.94,26.4,0.0,78.14,156.0,14.09,0.5257814,175.0,13.29,0.43796486,303.0,15.81,0.60610175,390.0,14.57,0.7066222,191.75,13.597499999999998,4.897839799950911,-0.15840600539739658,-0.27264419508724025,-0.8191879014553107,-1.0708677600344547,23,17.96,19.27,18.46,18.24,2.0,6.0,9.9,15.1,85.86,78.71,86.0,82.43,81.0,20.0,17.0,26.0
2015-06-14,201524,81.0,81,81,81,1.6417333e-07,14.129098,0,4,313670220152419589,2023-08-20,Juiz de Fora,0.50849754,573285,0,0,1,79,,,,,103009,14.47,18.24,23.24,4.4,83.71,133.0,11.2,0.6288869,156.0,14.09,0.5257814,175.0,13.29,0.43796486,303.0,15.81,0.60610175,136.25,13.2625,4.406719247264253,-0.4911205526866578,-0.6495265580840544,-0.763764747773898,-1.3103084541419685,24,17.94,17.96,19.27,18.46,0.0,2.0,6.0,9.9,78.14,85.86,78.71,86.0,20.0,17.0,26.0,17.0
2015-06-21,201525,20.0,20,20,20,0.0,3.4886663,0,1,313670220152519589,2023-08-20,Juiz de Fora,0.1634916,573285,0,0,1,20,,,,,103009,12.33,16.14,20.89,12.1,84.29,81.0,14.47,0.50849754,133.0,11.2,0.6288869,156.0,14.09,0.5257814,175.0,13.29,0.43796486,97.5,13.0225,3.044522437723423,-1.3621968095408303,-1.853317362227488,-2.0117233676248847,-2.1259615573147284,25,18.24,17.94,17.96,19.27,4.4,0.0,2.0,6.0,83.71,78.14,85.86,78.71,17.0,26.0,17.0,5.0
2015-06-28,201526,17.0,17,17,17,1.3461676e-11,2.9653664,0,1,313670220152619589,2023-08-20,Juiz de Fora,0.21385534,573285,0,0,1,16,,,,,103009,14.14,18.19,23.46,3.0,81.57,20.0,12.33,0.1634916,81.0,14.47,0.50849754,133.0,11.2,0.6288869,156.0,14.09,0.5257814,62.75,13.035,2.8903717578961645,-0.1541506798272585,-1.5163474893680888,-2.0074680420547466,-2.165874047452143,26,16.14,18.24,17.94,17.96,12.1,4.4,0.0,2.0,84.29,83.71,78.14,85.86,26.0,17.0,5.0,6.0
2015-07-05,201527,26.0,26,26,26,0.0320739,4.535266,0,1,313670220152719589,2023-08-20,Juiz de Fora,0.63427347,573285,0,0,1,22,,,,,103009,13.76,17.03,21.09,1.2,83.71,17.0,14.14,0.21385534,20.0,12.33,0.1634916,81.0,14.47,0.50849754,133.0,11.2,0.6288869,36.0,13.675,3.295836866004329,0.4054651081081646,0.2513144282809061,-1.1108823812599242,-1.602002933946582,27,18.19,16.14,18.24,17.94,3.0,12.1,4.4,0.0,81.57,84.29,83.71,78.14,17.0,5.0,6.0,4.0
2015-07-12,201528,17.0,17,17,17,0.14001322,2.9653664,0,1,313670220152819589,2023-08-20,Juiz de Fora,0.7138549,573285,0,0,1,15,,,,,103009,13.3,18.49,25.04,0.0,79.71,26.0,13.76,0.63427347,17.0,14.14,0.21385534,20.0,12.33,0.1634916,81.0,14.47,0.50849754,20.0,13.3825,2.8903717578961645,-0.4054651081081646,0.0,-0.1541506798272585,-1.5163474893680888,28,17.03,18.19,16.14,18.24,1.2,3.0,12.1,4.4,83.71,81.57,84.29,83.71,5.0,6.0,4.0,4.0
2015-07-19,201529,5.0,5,5,5,0.00065025035,0.8721666,0,1,313670220152919589,2023-08-20,Juiz de Fora,0.24598685,573285,0,0,0,4,,,,,103009,13.77,17.94,23.2,13.0,79.0,17.0,13.3,0.7138549,26.0,13.76,0.63427347,17.0,14.14,0.21385534,20.0,12.33,0.1634916,16.25,13.7425,1.791759469228055,-1.0986122886681096,-1.5040773967762742,-1.0986122886681096,-1.252762968495368,29,18.49,17.03,18.19,16.14,0.0,1.2,3.0,12.1,79.71,83.71,81.57,84.29,6.0,4.0,4.0,7.0
2015-07-26,201530,6.0,6,6,6,0.015725194,1.0465999,0,1,313670220153019589,2023-08-20,Juiz de Fora,0.38401034,573285,0,0,0,4,,,,,103009,13.83,18.77,25.17,36.2,81.0,5.0,13.77,0.24598685,17.0,13.3,0.7138549,26.0,13.76,0.63427347,17.0,14.14,0.21385534,13.5,13.665,1.9459101490553132,0.15415067982725827,-0.9444616088408513,-1.349926716949016,-0.9444616088408513,30,17.94,18.49,17.03,18.19,13.0,0.0,1.2,3.0,79.0,79.71,83.71,81.57,4.0,4.0,7.0,6.0
2015-08-02,201531,4.0,4,4,4,0.06496564,0.6977332,0,1,313670220153119589,2023-08-20,Juiz de Fora,0.43206313,573285,0,0,0,4,,,,,103009,11.43,18.23,25.5,0.0,70.43,6.0,13.83,0.38401034,5.0,13.77,0.24598685,17.0,13.3,0.7138549,26.0,13.76,0.63427347,8.0,13.0825,1.6094379124341003,-0.33647223662121295,-0.18232155679395468,-1.2809338454620642,-1.6863989535702288,31,18.77,17.94,18.49,17.03,36.2,13.0,0.0,1.2,81.0,79.0,79.71,83.71,4.0,7.0,6.0,2.0
2015-08-09,201532,4.0,4,4,4,0.27123046,0.6977332,0,1,313670220153219589,2023-08-20,Juiz de Fora,0.68696254,573285,0,0,0,1,,,,,103009,14.33,17.57,22.04,1.8,79.86,4.0,11.43,0.43206313,6.0,13.83,0.38401034,5.0,13.77,0.24598685,17.0,13.3,0.7138549,4.75,13.34,1.6094379124341003,0.0,-0.33647223662121295,-0.18232155679395468,-1.2809338454620642,32,18.23,18.77,17.94,18.49,0.0,36.2,13.0,0.0,70.43,81.0,79.0,79.71,7.0,6.0,2.0,8.0
2015-08-16,201533,7.0,7,7,7,0.75343484,1.2210332,0,1,313670220153319589,2023-08-20,Juiz de Fora,1.4761037,573285,0,0,0,3,,,,,103009,14.29,18.67,24.14,3.4,75.43,4.0,14.33,0.68696254,4.0,11.43,0.43206313,6.0,13.83,0.38401034,5.0,13.77,0.24598685,5.25,13.469999999999999,2.0794415416798357,0.47000362924573547,0.47000362924573547,0.13353139262452252,0.2876820724517808,33,17.57,18.23,18.77,17.94,1.8,0.0,36.2,13.0,79.86,70.43,81.0,79.0,6.0,2.0,8.0,6.0
2015-08-23,201534,6.0,6,6,6,0.63182807,1.0465999,0,1,313670220153419589,2023-08-20,Juiz de Fora,1.217085,573285,0,0,0,5,,,,,103009,14.37,18.87,24.54,10.9,79.14,7.0,14.29,1.4761037,4.0,14.33,0.68696254,4.0,11.43,0.43206313,6.0,13.83,0.38401034,5.25,13.605,1.9459101490553132,-0.13353139262452252,0.33647223662121295,0.33647223662121295,0.0,34,18.67,17.57,18.23,18.77,3.4,1.8,0.0,36.2,75.43,79.86,70.43,81.0,2.0,8.0,6.0,6.0
2015-08-30,201535,2.0,2,2,2,0.07996575,0.3488666,0,1,313670220153519589,2023-08-20,Juiz de Fora,0.3594837,573285,0,0,0,1,,,,,103009,13.86,19.49,26.76,4.3,75.43,6.0,14.37,1.217085,7.0,14.29,1.4761037,4.0,14.33,0.68696254,4.0,11.43,0.43206313,4.75,14.2125,1.0986122886681098,-0.8472978603872034,-0.980829253011726,-0.5108256237659905,-0.5108256237659905,35,18.87,18.67,17.57,18.23,10.9,3.4,1.8,0.0,79.14,75.43,79.86,70.43,8.0,6.0,6.0,9.0
2015-09-06,201536,8.0,8,8,8,0.7843376,1.3954664,0,1,313670220153619589,2023-08-20,Juiz de Fora,1.527353,573285,0,0,0,4,,,,,103009,16.16,18.56,21.61,93.0,89.0,2.0,13.86,0.3594837,6.0,14.37,1.217085,7.0,14.29,1.4761037,4.0,14.33,0.68696254,5.75,14.669999999999998,2.1972245773362196,1.0986122886681098,0.25131442828090633,0.11778303565638382,0.5877866649021193,36,19.49,18.87,18.67,17.57,4.3,10.9,3.4,1.8,75.43,79.14,75.43,79.86,6.0,6.0,9.0,3.0
2015-09-13,201537,6.0,6,6,6,0.6348531,1.0465999,0,1,313670220153719589,2023-08-20,Juiz de Fora,1.2230848,573285,0,0,0,3,,,,,103009,15.57,20.49,26.29,27.0,78.14,8.0,16.16,1.527353,2.0,13.86,0.3594837,6.0,14.37,1.217085,7.0,14.29,1.4761037,5.5,14.99,1.9459101490553132,-0.25131442828090633,0.8472978603872034,0.0,-0.13353139262452252,37,18.56,19.49,18.87,18.67,93.0,4.3,10.9,3.4,89.0,75.43,79.14,75.43,6.0,9.0,3.0,4.0
2015-09-20,201538,6.0,6,6,6,0.5232349,1.0465999,0,1,313670220153819589,2023-08-20,Juiz de Fora,1.0332785,573285,0,0,0,1,,,,,103009,16.24,23.24,30.2,0.1,64.57,6.0,15.57,1.2230848,8.0,16.16,1.527353,2.0,13.86,0.3594837,6.0,14.37,1.217085,5.5,15.4575,1.9459101490553132,0.0,-0.25131442828090633,0.8472978603872034,0.0,38,20.49,18.56,19.49,18.87,27.0,93.0,4.3,10.9,78.14,89.0,75.43,79.14,9.0,3.0,4.0,4.0
2015-09-27,201539,9.0,9,9,9,0.7523445,1.5698998,0,1,313670220153919589,2023-08-20,Juiz de Fora,1.4056617,573285,1,0,0,7,,,,,103009,19.11,23.33,28.53,3.8,73.71,6.0,16.24,1.0332785,6.0,15.57,1.2230848,8.0,16.16,1.527353,2.0,13.86,0.3594837,7.25,16.77,2.302585092994046,0.35667494393873267,0.35667494393873267,0.10536051565782634,1.2039728043259361,39,23.24,20.49,18.56,19.49,0.1,27.0,93.0,4.3,64.57,78.14,89.0,75.43,3.0,4.0,4.0,13.0
2015-10-04,201540,3.0,3,3,3,0.107575305,0.52329993,0,1,313670220154019589,2023-08-20,Juiz de Fora,0.4527077,573285,0,0,0,0,,,,,103009,16.27,20.81,26.49,23.1,75.86,9.0,19.11,1.4056617,6.0,16.24,1.0332785,6.0,15.57,1.2230848,8.0,16.16,1.527353,6.0,16.7975,1.3862943611198906,-0.9162907318741553,-0.5596157879354227,-0.5596157879354227,-0.810930216216329,40,23.33,23.24,20.49,18.56,3.8,0.1,27.0,93.0,73.71,64.57,78.14,89.0,4.0,4.0,13.0,9.0
2015-10-11,201541,4.0,4,4,4,0.22276244,0.6977332,0,1,313670220154119589,2023-08-20,Juiz de Fora,0.63053113,573285,1,0,0,2,,,,,103009,17.69,24.01,30.74,0.0,64.43,3.0,16.27,0.4527077,9.0,19.11,1.4056617,6.0,16.24,1.0332785,6.0,15.57,1.2230848,5.5,17.3275,1.6094379124341003,0.2231435513142097,-0.6931471805599456,-0.33647223662121295,-0.33647223662121295,41,20.81,23.33,23.24,20.49,23.1,3.8,0.1,27.0,75.86,73.71,64.57,78.14,4.0,13.0,9.0,15.0
2015-10-18,201542,4.0,4,4,4,0.37451133,0.6977332,0,1,313670220154219589,2023-08-20,Juiz de Fora,0.81466055,573285,1,0,0,1,,,,,103009,18.49,22.49,28.64,5.2,74.57,4.0,17.69,0.63053113,3.0,16.27,0.4527077,9.0,19.11,1.4056617,6.0,16.24,1.0332785,5.0,17.89,1.6094379124341003,0.0,0.2231435513142097,-0.6931471805599456,-0.33647223662121295,42,24.01,20.81,23.33,23.24,0.0,23.1,3.8,0.1,64.43,75.86,73.71,64.57,13.0,9.0,15.0,11.0
2015-10-25,201543,13.0,13,13,13,0.9834058,2.267633,0,2,313670220154319589,2023-08-20,Juiz de Fora,2.885829,573285,1,1,1,7,,,,,103009,18.51,21.73,26.39,52.8,80.0,4.0,18.49,0.81466055,4.0,17.69,0.63053113,3.0,16.27,0.4527077,9.0,19.11,1.4056617,6.0,17.740000000000002,2.6390573296152584,1.0296194171811581,1.0296194171811581,1.2527629684953678,0.3364722366212125,43,22.49,24.01,20.81,23.33,5.2,0.0,23.1,3.8,74.57,64.43,75.86,73.71,9.0,15.0,11.0,22.0
2015-11-01,201544,9.0,9,9,9,0.75278234,1.5698998,0,2,313670220154419589,2023-08-20,Juiz de Fora,1.40672,573285,1,0,0,7,,,,,103009,20.44,24.16,29.36,41.0,79.86,13.0,18.51,2.885829,4.0,18.49,0.81466055,4.0,17.69,0.63053113,3.0,16.27,0.4527077,7.5,18.7825,2.302585092994046,-0.3364722366212125,0.6931471805599456,0.6931471805599456,0.9162907318741553,44,21.73,22.49,24.01,20.81,52.8,5.2,0.0,23.1,80.0,74.57,64.43,75.86,15.0,11.0,22.0,50.0
2015-11-08,201545,15.0,15,15,15,0.87806475,2.6164997,0,2,313670220154519589,2023-08-20,Juiz de Fora,1.6004769,573285,1,0,1,9,,,,,103009,19.96,23.86,29.67,39.4,81.14,9.0,20.44,1.40672,13.0,18.51,2.885829,4.0,18.49,0.81466055,4.0,17.69,0.63053113,10.25,19.35,2.772588722239781,0.47000362924573524,0.13353139262452274,1.1631508098056809,1.1631508098056809,45,24.16,21.73,22.49,24.01,41.0,52.8,5.2,0.0,79.86,80.0,74.57,64.43,11.0,22.0,50.0,57.0
2015-11-15,201546,11.0,11,11,11,0.4832923,1.9187664,0,2,313670220154619589,2023-08-20,Juiz de Fora,0.98269844,573285,1,0,1,9,,,,,103009,20.19,22.97,27.54,159.5,85.71,15.0,19.96,1.6004769,9.0,20.44,1.40672,13.0,18.51,2.885829,4.0,18.49,0.81466055,12.0,19.775000000000002,2.4849066497880004,-0.2876820724517808,0.18232155679395445,-0.15415067982725805,0.8754687373539001,46,23.86,24.16,21.73,22.49,39.4,41.0,52.8,5.2,81.14,79.86,80.0,74.57,22.0,50.0,57.0,56.0
2015-11-22,201547,22.0,22,22,22,0.9454198,3.8375328,0,2,313670220154719589,2023-08-20,Juiz de Fora,1.7279975,573285,1,0,1,18,,,,,103009,18.84,22.36,27.11,31.1,81.14,11.0,20.19,0.98269844,15.0,19.96,1.6004769,9.0,20.44,1.40672,13.0,18.51,2.885829,14.25,19.8575,3.1354942159291497,0.6505875661411493,0.36290549368936853,0.8329091229351038,0.49643688631389127,47,22.97,23.86,24.16,21.73,159.5,39.4,41.0,52.8,85.71,81.14,79.86,80.0,50.0,57.0,56.0,107.0
2015-11-29,201548,50.0,50,50,50,0.9999877,8.721665,0,2,313670220154819589,2023-08-20,Juiz de Fora,3.0147898,573285,1,1,1,42,,,,,103009,19.53,22.33,26.36,163.4,87.57,22.0,18.84,1.7279975,11.0,20.19,0.98269844,15.0,19.96,1.6004769,9.0,20.44,1.40672,24.5,19.630000000000003,3.9318256327243257,0.796331416795176,1.4469189829363254,1.1592369104845446,1.6292405397302798,48,22.36,22.97,23.86,24.16,31.1,159.5,39.4,41.0,81.14,85.71,81.14,79.86,57.0,56.0,107.0,141.0
2015-12-06,201549,57.0,57,57,57,0.99945205,9.9426985,0,3,313670220154919589,2023-08-20,Juiz de Fora,2.0752985,573285,1,1,1,56,,,,,103009,19.93,23.34,28.46,148.7,83.29,50.0,19.53,3.0147898,22.0,18.84,1.7279975,11.0,20.19,0.98269844,15.0,19.96,1.6004769,35.0,19.622500000000002,4.060443010546419,0.12861737782209337,0.9249487946172694,1.5755363607584187,1.287854288306638,49,22.33,22.36,22.97,23.86,163.4,31.1,159.5,39.4,87.57,81.14,85.71,81.14,56.0,107.0,141.0,542.0
2015-12-13,201550,56.0,56,56,56,0.9100871,9.768266,0,3,313670220155019589,2023-08-20,Juiz de Fora,1.3100059,573285,1,0,1,55,,,,,103009,20.14,24.74,30.39,27.5,74.43,57.0,19.93,2.0752985,50.0,19.53,3.0147898,22.0,18.84,1.7279975,11.0,20.19,0.98269844,46.25,19.61,4.04305126783455,-0.01739174271186883,0.11122563511022454,0.9075570519054006,1.55814461804655,50,23.34,22.33,22.36,22.97,148.7,163.4,31.1,159.5,83.29,87.57,81.14,85.71,107.0,141.0,542.0,719.0
2015-12-20,201551,107.0,107,107,107,0.9999789,18.664364,0,2,313670220155119589,2023-08-20,Juiz de Fora,1.9312611,573285,1,1,1,106,,,,,103009,19.5,24.23,29.64,15.9,75.0,56.0,20.14,1.3100059,57.0,19.93,2.0752985,50.0,19.53,3.0147898,22.0,18.84,1.7279975,67.5,19.775,4.68213122712422,0.6390799592896697,0.6216882165778008,0.7503055943998942,1.5466370111950702,51,24.74,23.34,22.33,22.36,27.5,148.7,163.4,31.1,74.43,83.29,87.57,81.14,141.0,542.0,719.0,722.0
2015-12-27,201552,141.0,141,141,141,0.9999989,24.595097,0,3,313670220155219589,2023-08-20,Juiz de Fora,1.9465665,573285,1,1,2,265,,,,,103009,19.9,24.41,30.33,69.2,77.86,107.0,19.5,1.9312611,56.0,20.14,1.3100059,57.0,19.93,2.0752985,50.0,19.53,3.0147898,90.25,19.8675,4.955827057601261,0.27369583047704094,0.9127757897667106,0.8953840470548418,1.0240014248769351,52,24.23,24.74,23.34,22.33,15.9,27.5,148.7,163.4,75.0,74.43,83.29,87.57,542.0,719.0,722.0,823.0
2016-01-03,201601,542.0,542,542,542,1.0,94.542854,0,3,313670220160119589,2023-08-20,Juiz de Fora,4.4093647,573285,1,1,2,539,,,,,103009,18.84,23.26,27.83,41.7,74.57,141.0,19.9,1.9465665,107.0,19.5,1.9312611,56.0,20.14,1.3100059,57.0,19.93,2.0752985,211.5,19.595,6.297109319933935,1.3412822623326743,1.6149780928097153,2.254058052099385,2.236666309387516,53,24.41,24.23,24.74,23.34,69.2,15.9,27.5,148.7,77.86,75.0,74.43,83.29,719.0,722.0,823.0,1169.0
2016-01-10,201602,719.0,719,719,719,1.0,125.41755,0,4,313670220160219589,2023-08-20,Juiz de Fora,2.8152778,573285,1,1,2,714,,,,,103009,20.83,23.53,27.13,116.1,84.71,542.0,18.84,4.4093647,141.0,19.9,1.9465665,107.0,19.5,1.9312611,56.0,20.14,1.3100059,377.25,19.7675,6.579251212010101,0.282141892076166,1.6234241544088404,1.8971199848858813,2.536199944175551,1,23.26,24.41,24.23,24.74,41.7,69.2,15.9,27.5,74.57,77.86,75.0,74.43,722.0,823.0,1169.0,1722.0
2016-01-17,201603,722.0,722,722,722,1.0,125.94085,0,4,313670220160319589,2023-08-20,Juiz de Fora,1.5383438,573285,1,1,2,717,,,,,103009,18.16,20.57,23.74,107.2,89.57,719.0,20.83,2.8152778,542.0,18.84,4.4093647,141.0,19.9,1.9465665,107.0,19.5,1.9312611,531.0,19.432499999999997,6.583409222158765,0.004158010148663571,0.2862999022248296,1.627582164557504,1.9012779950345449,2,23.53,23.26,24.41,24.23,116.1,41.7,69.2,15.9,84.71,74.57,77.86,75.0,823.0,1169.0,1722.0,3026.0
2016-01-24,201604,823.0,823,823,823,0.99999833,143.55861,0,4,313670220160419589,2023-08-20,Juiz de Fora,1.2755347,573285,1,1,2,821,,,,,103009,19.99,24.26,29.71,51.1,79.43,722.0,18.16,1.5383438,719.0,20.83,2.8152778,542.0,18.84,4.4093647,141.0,19.9,1.9465665,701.5,19.455,6.714170529909472,0.13076130775070727,0.13491931789937084,0.41706120997553686,1.7583434723082112,3,20.57,23.53,23.26,24.41,107.2,116.1,41.7,69.2,89.57,84.71,74.57,77.86,1169.0,1722.0,3026.0,2850.0
2016-01-31,201605,1169.0,1169,1169,1169,1.0,203.91254,0,4,313670220160519589,2023-08-20,Juiz de Fora,1.5500422,573285,1,1,2,1215,,,,,103009,19.04,25.36,31.7,0.0,68.43,823.0,19.99,1.2755347,722.0,18.16,1.5383438,719.0,20.83,2.8152778,542.0,18.84,4.4093647,858.25,19.505,7.064759027791802,0.35058849788233015,0.4813498056330374,0.485507815781701,0.767649707857867,4,24.26,20.57,23.53,23.26,51.1,107.2,116.1,41.7,79.43,89.57,84.71,74.57,1722.0,3026.0,2850.0,2970.0
2016-02-07,201606,1722.0,1722,1722,1722,1.0,300.37415,0,4,313670220160619589,2023-08-20,Juiz de Fora,1.8715171,573285,1,1,2,1772,,,,,103009,19.23,24.17,30.19,57.3,76.71,1169.0,19.04,1.5500422,823.0,19.99,1.2755347,722.0,18.16,1.5383438,719.0,20.83,2.8152778,1109.0,19.104999999999997,7.45182223652793,0.38706320873612743,0.7376517066184576,0.8684130143691648,0.8725710245178284,5,25.36,24.26,20.57,23.53,0.0,51.1,107.2,116.1,68.43,79.43,89.57,84.71,3026.0,2850.0,2970.0,2525.0
2016-02-14,201607,3026.0,3026,3026,3026,1.0,527.8352,0,4,313670220160719589,2023-08-20,Juiz de Fora,2.3497503,573285,1,1,2,3092,,,,,103009,20.57,24.64,30.97,105.0,78.71,1722.0,19.23,1.8715171,1169.0,19.04,1.5500422,823.0,19.99,1.2755347,722.0,18.16,1.5383438,1685.0,19.7075,8.01532730902172,0.5635050724937898,0.9505682812299172,1.3011567791122474,1.4319180868629546,6,24.17,25.36,24.26,20.57,57.3,0.0,51.1,107.2,76.71,68.43,79.43,89.57,2850.0,2970.0,2525.0,2534.0
2016-02-21,201608,2850.0,2850,2850,2850,1.0,497.13492,0,4,313670220160819589,2023-08-20,Juiz de Fora,1.4971228,573285,1,1,2,2866,,,,,103009,19.86,23.84,29.54,53.4,81.0,3026.0,20.57,2.3497503,1722.0,19.23,1.8715171,1169.0,19.04,1.5500422,823.0,19.99,1.2755347,2191.75,19.675,7.955425088912672,-0.059902220109047555,0.5036028523847422,0.8906660611208697,1.2412545590031998,7,24.64,24.17,25.36,24.26,105.0,57.3,0.0,51.1,78.71,76.71,68.43,79.43,2970.0,2525.0,2534.0,2344.0
2016-02-28,201609,2970.0,2970,2970,2970,1.0,518.06696,0,4,313670220160919589,2023-08-20,Juiz de Fora,1.1689677,573285,1,1,2,2999,,,,,103009,19.04,22.6,27.24,37.6,83.29,2850.0,19.86,1.4971228,3026.0,20.57,2.3497503,1722.0,19.23,1.8715171,1169.0,19.04,1.5500422,2642.0,19.674999999999997,7.9966538754626075,0.04122878654993567,-0.018673433559111885,0.5448316389346779,0.9318948476708053,8,23.84,24.64,24.17,25.36,53.4,105.0,57.3,0.0,81.0,78.71,76.71,68.43,2525.0,2534.0,2344.0,2192.0
2016-03-06,201610,2525.0,2525,2525,2525,2.3630784e-05,440.44412,0,4,313670220161019589,2023-08-20,Juiz de Fora,0.89461803,573285,1,0,2,2535,,,,,103009,20.24,23.99,28.81,55.3,80.14,2970.0,19.04,1.1689677,2850.0,19.86,1.4971228,3026.0,20.57,2.3497503,1722.0,19.23,1.8715171,2842.75,19.9275,7.8343923029104365,-0.162261572552171,-0.12103278600223533,-0.18093500611128288,0.3825700663825069,9,22.6,23.84,24.64,24.17,37.6,53.4,105.0,57.3,83.29,81.0,78.71,76.71,2534.0,2344.0,2192.0,2275.0
2016-03-13,201611,2534.0,2534,2534,2534,0.00018874195,442.014,0,4,313670220161119589,2023-08-20,Juiz de Fora,0.9071284,573285,1,0,2,2532,,,,,103009,19.59,22.94,27.84,26.6,81.71,2525.0,20.24,0.89461803,2970.0,19.04,1.1689677,2850.0,19.86,1.4971228,3026.0,20.57,2.3497503,2719.75,19.682499999999997,7.837948916025283,0.003556613114846563,-0.15870495943732443,-0.11747617288738876,-0.17737839299643632,10,23.99,22.6,23.84,24.64,55.3,37.6,53.4,105.0,80.14,83.29,81.0,78.71,2344.0,2192.0,2275.0,2301.0
2016-03-20,201612,2344.0,2344,2344,2344,2.0579657e-05,408.87167,0,4,313670220161219589,2023-08-20,Juiz de Fora,0.8901689,573285,1,0,2,2345,,,,,103009,19.09,23.43,29.23,20.3,79.57,2534.0,19.59,0.9071284,2525.0,20.24,0.89461803,2970.0,19.04,1.1689677,2850.0,19.86,1.4971228,2593.25,19.49,7.76004068088038,-0.07790823514490341,-0.07435162203005685,-0.23661319458222785,-0.19538440803229218,11,22.94,23.99,22.6,23.84,26.6,55.3,37.6,53.4,81.71,80.14,83.29,81.0,2192.0,2275.0,2301.0,1944.0
2016-03-27,201613,2192.0,2192,2192,2192,1.1854077e-05,382.35782,0,4,313670220161319589,2023-08-20,Juiz de Fora,0.8835806,573285,1,0,2,2188,,,,,103009,19.64,23.94,29.31,25.0,81.57,2344.0,19.09,0.8901689,2534.0,19.59,0.9071284,2525.0,20.24,0.89461803,2970.0,19.04,1.1689677,2398.75,19.64,7.693025748417888,-0.06701493246249157,-0.144923167607395,-0.14136655449254842,-0.3036281270447194,12,23.43,22.94,23.99,22.6,20.3,26.6,55.3,37.6,79.57,81.71,80.14,83.29,2275.0,2301.0,1944.0,1480.0
2016-04-03,201614,2275.0,2275,2275,2275,0.13070478,396.8358,0,4,313670220161419589,2023-08-20,Juiz de Fora,0.96751714,573285,0,0,2,2275,,,,,103009,17.54,23.17,29.54,0.6,76.0,2192.0,19.64,0.8835806,2344.0,19.09,0.8901689,2534.0,19.59,0.9071284,2525.0,20.24,0.89461803,2336.25,18.965,7.730174795246222,0.03714904682833353,-0.02986588563415804,-0.10777412077906146,-0.10421750766421489,13,23.94,23.43,22.94,23.99,25.0,20.3,26.6,55.3,81.57,79.57,81.71,80.14,2301.0,1944.0,1480.0,1262.0
2016-04-10,201615,2301.0,2301,2301,2301,0.70403576,401.37103,0,4,313670220161519589,2023-08-20,Juiz de Fora,1.0159914,573285,0,0,2,2270,,,,,103009,18.26,23.3,28.93,1.9,74.14,2275.0,17.54,0.96751714,2192.0,19.64,0.8835806,2344.0,19.09,0.8901689,2534.0,19.59,0.9071284,2278.0,18.6325,7.741533589281828,0.011358794035606579,0.04850784086394011,-0.01850709159855146,-0.09641532674345488,14,23.17,23.94,23.43,22.94,0.6,25.0,20.3,26.6,76.0,81.57,79.57,81.71,1944.0,1480.0,1262.0,522.0
2016-04-17,201616,1944.0,1944,1944,1944,2.7282965e-06,339.09836,0,4,313670220161619589,2023-08-20,Juiz de Fora,0.86868936,573285,0,0,2,1928,,,,,103009,17.9,22.89,28.5,2.3,77.0,2301.0,18.26,1.0159914,2275.0,17.54,0.96751714,2192.0,19.64,0.8835806,2344.0,19.09,0.8901689,2178.0,18.335,7.573017256052546,-0.16851633322928183,-0.15715753919367526,-0.12000849236534172,-0.1870234248278333,15,23.3,23.17,23.94,23.43,1.9,0.6,25.0,20.3,74.14,76.0,81.57,79.57,1480.0,1262.0,522.0,341.0
2016-04-24,201617,1480.0,1480,1480,1480,0.0,258.1613,0,4,313670220161719589,2023-08-20,Juiz de Fora,0.6890686,573285,0,0,2,1437,,,,,103009,15.87,20.03,25.17,39.1,79.29,1944.0,17.9,0.86868936,2301.0,18.26,1.0159914,2275.0,17.54,0.96751714,2192.0,19.64,0.8835806,2000.0,17.3925,7.300472814267799,-0.27254444178474735,-0.4410607750140292,-0.4297019809784226,-0.3925529341500891,16,22.89,23.3,23.17,23.94,2.3,1.9,0.6,25.0,77.0,74.14,76.0,81.57,1262.0,522.0,341.0,180.0
2016-05-01,201618,1262.0,1262,1262,1262,0.0,220.13484,0,4,313670220161819589,2023-08-20,Juiz de Fora,0.6672189,573285,0,0,2,1228,,,,,103009,12.76,18.3,24.57,2.9,78.43,1480.0,15.87,0.6890686,1944.0,17.9,0.86868936,2301.0,18.26,1.0159914,2275.0,17.54,0.96751714,1746.75,16.1975,7.141245122350491,-0.1592276919173079,-0.43177213370205525,-0.6002884669313371,-0.5889296728957305,17,20.03,22.89,23.3,23.17,39.1,2.3,1.9,0.6,79.29,77.0,74.14,76.0,522.0,341.0,180.0,108.0
2016-05-08,201619,522.0,522,522,522,0.0,91.054184,0,4,313670220161919589,2023-08-20,Juiz de Fora,0.34140217,573285,0,0,2,477,,,,,103009,16.7,20.34,25.29,8.1,81.29,1262.0,12.76,0.6672189,1480.0,15.87,0.6890686,1944.0,17.9,0.86868936,2301.0,18.26,1.0159914,1302.0,15.8075,6.259581464064923,-0.8816636582855679,-1.0408913502028758,-1.3134357919876232,-1.481952125216905,18,18.3,20.03,22.89,23.3,2.9,39.1,2.3,1.9,78.43,79.29,77.0,74.14,341.0,180.0,108.0,40.0
2016-05-15,201620,341.0,341,341,341,0.0,59.48176,0,4,313670220162019589,2023-08-20,Juiz de Fora,0.30398515,573285,0,0,2,309,,,,,103009,16.91,20.29,24.69,6.9,83.0,522.0,16.7,0.34140217,1262.0,12.76,0.6672189,1480.0,15.87,0.6890686,1944.0,17.9,0.86868936,901.25,15.559999999999999,5.834810737062605,-0.42477072700231844,-1.3064343852878864,-1.4656620772051943,-1.7382065189899416,19,20.34,18.3,20.03,22.89,8.1,2.9,39.1,2.3,81.29,78.43,79.29,77.0,180.0,108.0,40.0,25.0
2016-05-22,201621,180.0,180,180,180,0.0,31.397995,0,4,313670220162119589,2023-08-20,Juiz de Fora,0.25911257,573285,0,0,2,135,,,,,103009,13.3,17.87,23.43,0.4,79.86,341.0,16.91,0.30398515,522.0,16.7,0.34140217,1262.0,12.76,0.6672189,1480.0,15.87,0.6890686,576.25,14.9175,5.198497031265826,-0.6363137057967787,-1.0610844327990971,-1.942748091084665,-2.101975783001973,20,20.29,20.34,18.3,20.03,6.9,8.1,2.9,39.1,83.0,81.29,78.43,79.29,108.0,40.0,25.0,14.0
2016-05-29,201622,108.0,108,108,108,0.0,18.838797,0,4,313670220162219589,2023-08-20,Juiz de Fora,0.27929124,573285,0,0,1,97,,,,,103009,14.83,19.51,25.76,32.8,79.71,180.0,13.3,0.25911257,341.0,16.91,0.30398515,522.0,16.7,0.34140217,1262.0,12.76,0.6672189,287.75,15.434999999999999,4.6913478822291435,-0.5071491490366826,-1.1434628548334613,-1.5682335818357798,-2.4498972401213477,21,17.87,20.29,20.34,18.3,0.4,6.9,8.1,2.9,79.86,83.0,81.29,78.43,40.0,25.0,14.0,9.0
2016-06-05,201623,40.0,40,40,40,0.0,6.9773326,0,1,313670220162319589,2023-08-20,Juiz de Fora,0.18467958,573285,0,0,1,23,,,,,103009,14.09,17.27,21.26,24.5,85.0,108.0,14.83,0.27929124,180.0,13.3,0.25911257,341.0,16.91,0.30398515,522.0,16.7,0.34140217,167.25,14.7825,3.713572066704308,-0.9777758155248355,-1.4849249645615181,-2.121238670358297,-2.5460093973606153,22,19.51,17.87,20.29,20.34,32.8,0.4,6.9,8.1,79.71,79.86,83.0,81.29,25.0,14.0,9.0,6.0
2016-06-12,201624,25.0,25,25,25,2.220446e-16,4.3608327,0,1,313670220162419589,2023-08-20,Juiz de Fora,0.2108556,573285,0,0,1,19,,,,,103009,7.4,13.61,21.1,0.0,78.0,40.0,14.09,0.18467958,108.0,14.83,0.27929124,180.0,13.3,0.25911257,341.0,16.91,0.30398515,88.25,12.405,3.258096538021482,-0.4554755286828258,-1.4332513442076613,-1.940400493244344,-2.5767141990411226,23,17.27,19.51,17.87,20.29,24.5,32.8,0.4,6.9,85.0,79.71,79.86,83.0,14.0,9.0,6.0,11.0
2016-06-19,201625,14.0,14,14,14,1.0446956e-08,2.4420664,0,1,313670220162519589,2023-08-20,Juiz de Fora,0.23256953,573285,0,0,1,9,,,,,103009,13.44,16.81,21.69,3.7,84.71,25.0,7.4,0.2108556,40.0,14.09,0.18467958,108.0,14.83,0.27929124,180.0,13.3,0.25911257,46.75,12.44,2.70805020110221,-0.5500463369192721,-1.0055218656020979,-1.9832976811269334,-2.490446830163616,24,13.61,17.27,19.51,17.87,0.0,24.5,32.8,0.4,78.0,85.0,79.71,79.86,9.0,6.0,11.0,7.0
2016-06-26,201626,9.0,9,9,9,0.00021468174,1.5698998,0,1,313670220162619589,2023-08-20,Juiz de Fora,0.29800266,573285,0,0,0,7,,,,,103009,13.17,16.87,21.06,3.3,86.43,14.0,13.44,0.23256953,25.0,7.4,0.2108556,40.0,14.09,0.18467958,108.0,14.83,0.27929124,22.0,12.025,2.302585092994046,-0.40546510810816416,-0.9555114450274362,-1.410986973710262,-2.3887627892350976,25,16.81,13.61,17.27,19.51,3.7,0.0,24.5,32.8,84.71,78.0,85.0,79.71,6.0,11.0,7.0,8.0
2016-07-03,201627,6.0,6,6,6,0.009265285,1.0465999,0,1,313670220162719589,2023-08-20,Juiz de Fora,0.3571637,573285,0,0,0,6,,,,,103009,11.93,17.09,23.64,0.1,77.14,9.0,13.17,0.29800266,14.0,13.44,0.23256953,25.0,7.4,0.2108556,40.0,14.09,0.18467958,13.5,11.485,1.9459101490553132,-0.35667494393873267,-0.7621400520468968,-1.312186388966169,-1.7676619176489947,26,16.87,16.81,13.61,17.27,3.3,3.7,0.0,24.5,86.43,84.71,78.0,85.0,11.0,7.0,8.0,5.0
2016-07-10,201628,11.0,11,11,11,0.537996,1.9187664,0,1,313670220162819589,2023-08-20,Juiz de Fora,1.0411178,573285,0,0,1,10,,,,,103009,11.64,19.1,27.87,0.0,72.14,6.0,11.93,0.3571637,9.0,13.17,0.29800266,14.0,13.44,0.23256953,25.0,7.4,0.2108556,10.0,12.545,2.4849066497880004,0.5389965007326871,0.18232155679395445,-0.2231435513142097,-0.7731898882334818,27,17.09,16.87,16.81,13.61,0.1,3.3,3.7,0.0,77.14,86.43,84.71,78.0,7.0,8.0,5.0,10.0
2016-07-17,201629,7.0,7,7,7,0.34915242,1.2210332,0,1,313670220162919589,2023-08-20,Juiz de Fora,0.82516134,573285,0,0,0,4,,,,,103009,12.2,15.51,19.76,2.2,80.0,11.0,11.64,1.0411178,6.0,11.93,0.3571637,9.0,13.17,0.29800266,14.0,13.44,0.23256953,8.25,12.235,2.0794415416798357,-0.4054651081081646,0.13353139262452252,-0.22314355131421015,-0.6286086594223743,28,19.1,17.09,16.87,16.81,0.0,0.1,3.3,3.7,72.14,77.14,86.43,84.71,8.0,5.0,10.0,3.0
2016-07-24,201630,8.0,8,8,8,0.44806132,1.3954664,0,1,313670220163019589,2023-08-20,Juiz de Fora,0.9392667,573285,0,0,0,6,,,,,103009,12.77,17.76,23.97,0.5,75.43,7.0,12.2,0.82516134,11.0,11.64,1.0411178,6.0,11.93,0.3571637,9.0,13.17,0.29800266,8.0,12.135,2.1972245773362196,0.11778303565638382,-0.2876820724517808,0.25131442828090633,-0.10536051565782634,29,15.51,19.1,17.09,16.87,2.2,0.0,0.1,3.3,80.0,72.14,77.14,86.43,5.0,10.0,3.0,3.0
2016-07-31,201631,5.0,5,5,5,0.19205235,0.8721666,0,1,313670220163119589,2023-08-20,Juiz de Fora,0.6229957,573285,0,0,0,4,,,,,103009,13.93,18.01,23.86,1.9,76.14,8.0,12.77,0.9392667,7.0,12.2,0.82516134,11.0,11.64,1.0411178,6.0,11.93,0.3571637,7.75,12.635,1.791759469228055,-0.4054651081081646,-0.2876820724517808,-0.6931471805599454,-0.15415067982725827,30,17.76,15.51,19.1,17.09,0.5,2.2,0.0,0.1,75.43,80.0,72.14,77.14,10.0,3.0,3.0,6.0
2016-08-07,201632,10.0,10,10,10,0.75116897,1.7443331,0,1,313670220163219589,2023-08-20,Juiz de Fora,1.3780153,573285,0,0,1,5,,,,,103009,12.79,17.81,24.7,6.2,74.43,5.0,13.93,0.6229957,8.0,12.77,0.9392667,7.0,12.2,0.82516134,11.0,11.64,1.0411178,7.5,12.9225,2.3978952727983707,0.6061358035703157,0.2006706954621511,0.3184537311185349,-0.08701137698962969,31,18.01,17.76,15.51,19.1,1.9,0.5,2.2,0.0,76.14,75.43,80.0,72.14,3.0,3.0,6.0,2.0
2016-08-14,201633,3.0,3,3,3,0.09251737,0.52329993,0,1,313670220163319589,2023-08-20,Juiz de Fora,0.43229777,573285,0,0,0,1,,,,,103009,14.81,20.73,28.0,5.8,71.86,10.0,12.79,1.3780153,5.0,13.93,0.6229957,8.0,12.77,0.9392667,7.0,12.2,0.82516134,6.5,13.575,1.3862943611198906,-1.01160091167848,-0.4054651081081644,-0.810930216216329,-0.6931471805599452,32,17.81,18.01,17.76,15.51,6.2,1.9,0.5,2.2,74.43,76.14,75.43,80.0,3.0,6.0,2.0,3.0
2016-08-21,201634,3.0,3,3,3,0.11150967,0.52329993,0,1,313670220163419589,2023-08-20,Juiz de Fora,0.4579039,573285,0,0,0,1,,,,,103009,11.9,16.9,22.43,1.5,72.86,3.0,14.81,0.43229777,10.0,12.79,1.3780153,5.0,13.93,0.6229957,8.0,12.77,0.9392667,5.25,13.3575,1.3862943611198906,0.0,-1.01160091167848,-0.4054651081081644,-0.810930216216329,33,20.73,17.81,18.01,17.76,5.8,6.2,1.9,0.5,71.86,74.43,76.14,75.43,6.0,2.0,3.0,3.0
2016-08-28,201635,6.0,6,6,6,0.62645555,1.0465999,0,1,313670220163519589,2023-08-20,Juiz de Fora,1.2065747,573285,0,0,0,4,,,,,103009,15.56,20.41,26.39,23.5,73.29,3.0,11.9,0.4579039,3.0,14.81,0.43229777,10.0,12.79,1.3780153,5.0,13.93,0.6229957,5.5,13.765,1.9459101490553132,0.5596157879354227,0.5596157879354227,-0.45198512374305744,0.15415067982725827,34,16.9,20.73,17.81,18.01,1.5,5.8,6.2,1.9,72.86,71.86,74.43,76.14,2.0,3.0,3.0,6.0
2016-09-04,201636,2.0,2,2,2,0.18303773,0.3488666,0,1,313670220163619589,2023-08-20,Juiz de Fora,0.4943526,573285,0,0,0,1,,,,,103009,16.56,21.23,26.86,2.4,71.29,6.0,15.56,1.2065747,3.0,11.9,0.4579039,3.0,14.81,0.43229777,10.0,12.79,1.3780153,3.5,14.7075,1.0986122886681098,-0.8472978603872034,-0.2876820724517808,-0.2876820724517808,-1.2992829841302609,35,20.41,16.9,20.73,17.81,23.5,1.5,5.8,6.2,73.29,72.86,71.86,74.43,3.0,3.0,6.0,6.0
2016-09-11,201637,3.0,3,3,3,0.34753108,0.52329993,0,1,313670220163719589,2023-08-20,Juiz de Fora,0.7552009,573285,0,0,0,0,,,,,103009,17.03,21.74,27.71,3.2,68.57,2.0,16.56,0.4943526,6.0,15.56,1.2065747,3.0,11.9,0.4579039,3.0,14.81,0.43229777,3.5,15.2625,1.3862943611198906,0.2876820724517808,-0.5596157879354227,0.0,0.0,36,21.23,20.41,16.9,20.73,2.4,23.5,1.5,5.8,71.29,73.29,72.86,71.86,3.0,6.0,6.0,1.0
2016-09-18,201638,3.0,3,3,3,0.4468223,0.52329993,0,1,313670220163819589,2023-08-20,Juiz de Fora,0.90519357,573285,0,0,0,0,,,,,103009,14.57,19.81,26.29,21.1,73.71,3.0,17.03,0.7552009,2.0,16.56,0.4943526,6.0,15.56,1.2065747,3.0,11.9,0.4579039,3.5,15.93,1.3862943611198906,0.0,0.2876820724517808,-0.5596157879354227,0.0,37,21.74,21.23,20.41,16.9,3.2,2.4,23.5,1.5,68.57,71.29,73.29,72.86,6.0,6.0,1.0,12.0
2016-09-25,201639,6.0,6,6,6,0.84873194,1.0465999,0,1,313670220163919589,2023-08-20,Juiz de Fora,1.9554905,573285,0,0,0,1,,,,,103009,15.09,18.21,22.39,42.7,82.0,3.0,14.57,0.90519357,3.0,17.03,0.7552009,2.0,16.56,0.4943526,6.0,15.56,1.2065747,3.5,15.8125,1.9459101490553132,0.5596157879354227,0.5596157879354227,0.8472978603872034,0.0,38,19.81,21.74,21.23,20.41,21.1,3.2,2.4,23.5,73.71,68.57,71.29,73.29,6.0,1.0,12.0,7.0
2016-10-02,201640,6.0,6,6,6,0.76564986,1.0465999,0,1,313670220164019589,2023-08-20,Juiz de Fora,1.5651542,573285,0,0,0,3,,,,,103009,14.33,17.63,21.6,52.4,84.14,6.0,15.09,1.9554905,3.0,14.57,0.90519357,3.0,17.03,0.7552009,2.0,16.56,0.4943526,4.5,15.255,1.9459101490553132,0.0,0.5596157879354227,0.5596157879354227,0.8472978603872034,39,18.21,19.81,21.74,21.23,42.7,21.1,3.2,2.4,82.0,73.71,68.57,71.29,1.0,12.0,7.0,4.0
2016-10-09,201641,1.0,1,1,1,0.03597092,0.1744333,0,1,313670220164119589,2023-08-20,Juiz de Fora,0.20846252,573285,0,0,0,1,,,,,103009,16.9,20.83,25.56,16.5,79.0,6.0,14.33,1.5651542,6.0,15.09,1.9554905,3.0,14.57,0.90519357,3.0,17.03,0.7552009,4.0,15.2225,0.6931471805599453,-1.252762968495368,-1.252762968495368,-0.6931471805599453,-0.6931471805599453,40,17.63,18.21,19.81,21.74,52.4,42.7,21.1,3.2,84.14,82.0,73.71,68.57,12.0,7.0,4.0,12.0
2016-10-16,201642,12.0,12,12,12,0.96392393,2.0931997,0,1,313670220164219589,2023-08-20,Juiz de Fora,2.4435513,573285,1,1,1,9,,,,,103009,19.54,24.0,29.33,14.6,74.71,1.0,16.9,0.20846252,6.0,14.33,1.5651542,6.0,15.09,1.9554905,3.0,14.57,0.90519357,6.25,16.465,2.5649493574615367,1.8718021769015913,0.6190392084062235,0.6190392084062235,1.1786549963416462,41,20.83,17.63,18.21,19.81,16.5,52.4,42.7,21.1,79.0,84.14,82.0,73.71,7.0,4.0,12.0,11.0
2016-10-23,201643,7.0,7,7,7,0.6731923,1.2210332,0,1,313670220164319589,2023-08-20,Juiz de Fora,1.279708,573285,1,0,0,2,,,,,103009,17.97,21.71,25.59,9.4,78.29,12.0,19.54,2.4435513,1.0,16.9,0.20846252,6.0,14.33,1.5651542,6.0,15.09,1.9554905,6.5,17.185,2.0794415416798357,-0.485507815781701,1.3862943611198904,0.13353139262452252,0.13353139262452252,42,24.0,20.83,17.63,18.21,14.6,16.5,52.4,42.7,74.71,79.0,84.14,82.0,4.0,12.0,11.0,15.0
2016-10-30,201644,4.0,4,4,4,0.15269195,0.6977332,0,1,313670220164419589,2023-08-20,Juiz de Fora,0.54869837,573285,0,0,0,0,,,,,103009,17.06,20.43,24.34,42.5,79.43,7.0,17.97,1.279708,12.0,19.54,2.4435513,1.0,16.9,0.20846252,6.0,14.33,1.5651542,6.0,17.8675,1.6094379124341003,-0.47000362924573547,-0.9555114450274365,0.916290731874155,-0.33647223662121295,43,21.71,24.0,20.83,17.63,9.4,14.6,16.5,52.4,78.29,74.71,79.0,84.14,12.0,11.0,15.0,10.0
2016-11-06,201645,12.0,12,12,12,0.8587054,2.0931997,0,1,313670220164519589,2023-08-20,Juiz de Fora,1.6230674,573285,1,0,1,6,,,,,103009,18.04,21.64,27.2,72.3,81.86,4.0,17.06,0.54869837,7.0,17.97,1.279708,12.0,19.54,2.4435513,1.0,16.9,0.20846252,8.75,18.1525,2.5649493574615367,0.9555114450274365,0.485507815781701,0.0,1.8718021769015913,44,20.43,21.71,24.0,20.83,42.5,9.4,14.6,16.5,79.43,78.29,74.71,79.0,11.0,15.0,10.0,9.0
2016-11-13,201646,11.0,11,11,11,0.8026022,1.9187664,0,1,313670220164619589,2023-08-20,Juiz de Fora,1.4784452,573285,0,0,1,7,,,,,103009,17.09,20.84,25.37,161.9,82.71,12.0,18.04,1.6230674,4.0,17.06,0.54869837,7.0,17.97,1.279708,12.0,19.54,2.4435513,8.5,17.54,2.4849066497880004,-0.08004270767353638,0.8754687373539001,0.4054651081081646,-0.08004270767353638,45,21.64,20.43,21.71,24.0,72.3,42.5,9.4,14.6,81.86,79.43,78.29,74.71,15.0,10.0,9.0,14.0
2016-11-20,201647,15.0,15,15,15,0.8640903,2.6164997,0,1,313670220164719589,2023-08-20,Juiz de Fora,1.5531175,573285,0,0,1,8,,,,,103009,16.71,21.41,26.47,23.7,76.86,11.0,17.09,1.4784452,12.0,18.04,1.6230674,4.0,17.06,0.54869837,7.0,17.97,1.279708,10.5,17.225,2.772588722239781,0.2876820724517808,0.2076393647782444,1.1631508098056809,0.6931471805599454,46,20.84,21.64,20.43,21.71,161.9,72.3,42.5,9.4,82.71,81.86,79.43,78.29,10.0,9.0,14.0,9.0
2016-11-27,201648,10.0,10,10,10,0.3540645,1.7443331,0,1,313670220164819589,2023-08-20,Juiz de Fora,0.8539652,573285,1,0,1,5,,,,,103009,18.17,21.87,26.46,53.1,78.71,15.0,16.71,1.5531175,11.0,17.09,1.4784452,12.0,18.04,1.6230674,4.0,17.06,0.54869837,12.0,17.502499999999998,2.3978952727983707,-0.3746934494414105,-0.08701137698962969,-0.16705408466316607,0.7884573603642704,47,21.41,20.84,21.64,20.43,23.7,161.9,72.3,42.5,76.86,82.71,81.86,79.43,9.0,14.0,9.0,132.0
2016-12-04,201649,9.0,9,9,9,0.23760489,1.5698998,0,1,313670220164919589,2023-08-20,Juiz de Fora,0.7366174,573285,1,0,0,4,,,,,103009,19.53,23.67,29.14,98.9,78.86,10.0,18.17,0.8539652,15.0,16.71,1.5531175,11.0,17.09,1.4784452,12.0,18.04,1.6230674,11.25,17.875,2.302585092994046,-0.09531017980432477,-0.47000362924573524,-0.18232155679395445,-0.26236426446749084,48,21.87,21.41,20.84,21.64,53.1,23.7,161.9,72.3,78.71,76.86,82.71,81.86,14.0,9.0,132.0,11.0
2016-12-11,201650,14.0,14,14,14,0.71487737,2.4420664,0,1,313670220165019589,2023-08-20,Juiz de Fora,1.2499752,573285,0,0,1,7,,,,,103009,18.23,21.54,25.81,160.3,86.43,9.0,19.53,0.7366174,10.0,18.17,0.8539652,15.0,16.71,1.5531175,11.0,17.09,1.4784452,12.0,18.16,2.70805020110221,0.40546510810816416,0.3101549283038394,-0.06453852113757108,0.2231435513142097,49,23.67,21.87,21.41,20.84,98.9,53.1,23.7,161.9,78.86,78.71,76.86,82.71,9.0,132.0,11.0,12.0
2016-12-18,201651,9.0,9,9,9,0.34414726,1.5698998,0,1,313670220165119589,2023-08-20,Juiz de Fora,0.83768284,573285,1,0,0,2,,,,,103009,19.24,23.71,29.19,20.2,75.0,14.0,18.23,1.2499752,9.0,19.53,0.7366174,10.0,18.17,0.8539652,15.0,16.71,1.5531175,10.5,18.7925,2.302585092994046,-0.40546510810816416,0.0,-0.09531017980432477,-0.47000362924573524,50,21.54,23.67,21.87,21.41,160.3,98.9,53.1,23.7,86.43,78.86,78.71,76.86,132.0,11.0,12.0,13.0
2016-12-25,201652,132.0,132,132,132,1.0,23.025196,0,1,313670220165219589,2023-08-20,Juiz de Fora,7.4680276,573285,1,1,2,4,,,,,103009,19.61,25.46,31.47,7.5,69.57,9.0,19.24,0.83768284,14.0,18.23,1.2499752,9.0,19.53,0.7366174,10.0,18.17,0.8539652,41.0,19.1525,4.890349128221754,2.587764035227708,2.1822989271195437,2.587764035227708,2.492453855423383,51,23.71,21.54,23.67,21.87,20.2,160.3,98.9,53.1,75.0,86.43,78.86,78.71,11.0,12.0,13.0,18.0
2017-01-01,201701,11.0,11,11,11,1.1679412e-05,1.9187664,0,2,313670220170119589,2023-08-20,Juiz de Fora,0.2746953,573285,1,0,1,6,,,,,103009,20.1,25.16,31.49,24.7,74.57,132.0,19.61,7.4680276,9.0,19.24,0.83768284,14.0,18.23,1.2499752,9.0,19.53,0.7366174,41.5,19.295,2.4849066497880004,-2.4054424784337534,0.18232155679395445,-0.2231435513142097,0.18232155679395445,52,25.46,23.71,21.54,23.67,7.5,20.2,160.3,98.9,69.57,75.0,86.43,78.86,12.0,13.0,18.0,12.0
2017-01-08,201702,12.0,12,12,12,2.2989906e-09,2.0931997,0,2,313670220170219589,2023-08-20,Juiz de Fora,0.20358028,573285,1,0,1,8,,,,,103009,20.39,23.81,28.49,86.6,81.57,11.0,20.1,0.2746953,132.0,19.61,7.4680276,9.0,19.24,0.83768284,14.0,18.23,1.2499752,41.0,19.835,2.5649493574615367,0.08004270767353638,-2.325399770760217,0.26236426446749084,-0.14310084364067333,1,25.16,25.46,23.71,21.54,24.7,7.5,20.2,160.3,74.57,69.57,75.0,86.43,13.0,18.0,12.0,7.0
2017-01-15,201703,13.0,13,13,13,5.145848e-05,2.267633,0,2,313670220170319589,2023-08-20,Juiz de Fora,0.32112074,573285,1,0,1,4,,,,,103009,19.76,24.03,28.91,30.7,74.71,12.0,20.39,0.20358028,11.0,20.1,0.2746953,132.0,19.61,7.4680276,9.0,19.24,0.83768284,42.0,19.965,2.6390573296152584,0.07410797215372167,0.15415067982725805,-2.2512917986064953,0.3364722366212125,2,23.81,25.16,25.46,23.71,86.6,24.7,7.5,20.2,81.57,74.57,69.57,75.0,18.0,12.0,7.0,12.0
2017-01-22,201704,18.0,18,18,18,0.45118678,3.1397996,0,2,313670220170419589,2023-08-20,Juiz de Fora,0.9607674,573285,1,0,1,5,,,,,103009,19.87,24.3,29.33,15.1,75.57,13.0,19.76,0.32112074,12.0,20.39,0.20358028,11.0,20.1,0.2746953,132.0,19.61,7.4680276,13.5,20.03,2.9444389791664403,0.30538164955118186,0.3794896217049035,0.4595323293784399,-1.9459101490553135,3,24.03,23.81,25.16,25.46,30.7,86.6,24.7,7.5,74.71,81.57,74.57,69.57,12.0,7.0,12.0,12.0
2017-01-29,201705,12.0,12,12,12,0.32601586,2.0931997,0,2,313670220170519589,2023-08-20,Juiz de Fora,0.8407251,573285,1,0,1,4,,,,,103009,19.56,23.13,28.5,100.1,80.43,18.0,19.87,0.9607674,13.0,19.76,0.32112074,12.0,20.39,0.20358028,11.0,20.1,0.2746953,13.75,19.895,2.5649493574615367,-0.3794896217049035,-0.07410797215372167,0.0,0.08004270767353638,4,24.3,24.03,23.81,25.16,15.1,30.7,86.6,24.7,75.57,74.71,81.57,74.57,7.0,12.0,12.0,16.0
2017-02-05,201706,7.0,7,7,7,0.050987016,1.2210332,0,2,313670220170619589,2023-08-20,Juiz de Fora,0.48874193,573285,1,0,0,1,,,,,103009,19.81,23.57,28.39,90.3,80.86,12.0,19.56,0.8407251,18.0,19.87,0.9607674,13.0,19.76,0.32112074,12.0,20.39,0.20358028,12.5,19.75,2.0794415416798357,-0.485507815781701,-0.8649974374866045,-0.5596157879354227,-0.485507815781701,5,23.13,24.3,24.03,23.81,100.1,15.1,30.7,86.6,80.43,75.57,74.71,81.57,12.0,12.0,16.0,8.0
2017-02-12,201707,12.0,12,12,12,0.480124,2.0931997,0,2,313670220170719589,2023-08-20,Juiz de Fora,0.980296,573285,1,0,1,3,,,,,103009,19.4,23.56,28.11,5.3,75.57,7.0,19.81,0.48874193,12.0,19.56,0.8407251,18.0,19.87,0.9607674,13.0,19.76,0.32112074,12.25,19.659999999999997,2.5649493574615367,0.485507815781701,0.0,-0.3794896217049035,-0.07410797215372167,6,23.57,23.13,24.3,24.03,90.3,100.1,15.1,30.7,80.86,80.43,75.57,74.71,12.0,16.0,8.0,3.0
2017-02-19,201708,12.0,12,12,12,0.6449638,2.0931997,0,2,313670220170819589,2023-08-20,Juiz de Fora,1.1674447,573285,1,0,1,4,,,,,103009,18.6,23.16,28.66,15.3,76.86,12.0,19.4,0.980296,7.0,19.81,0.48874193,12.0,19.56,0.8407251,18.0,19.87,0.9607674,10.75,19.3425,2.5649493574615367,0.0,0.485507815781701,0.0,-0.3794896217049035,7,23.56,23.57,23.13,24.3,5.3,90.3,100.1,15.1,75.57,80.86,80.43,75.57,16.0,8.0,3.0,9.0
2017-02-26,201709,16.0,16,16,16,0.8377003,2.790933,0,2,313670220170919589,2023-08-20,Juiz de Fora,1.4574565,573285,1,0,1,12,,,,,103009,18.71,22.8,27.76,70.3,83.14,12.0,18.6,1.1674447,12.0,19.4,0.980296,7.0,19.81,0.48874193,12.0,19.56,0.8407251,11.75,19.13,2.833213344056216,0.2682639865946794,0.2682639865946794,0.7537718023763804,0.2682639865946794,8,23.16,23.56,23.57,23.13,15.3,5.3,90.3,100.1,76.86,75.57,80.86,80.43,8.0,3.0,9.0,8.0
2017-03-05,201710,8.0,8,8,8,0.15760826,1.3954664,0,2,313670220171019589,2023-08-20,Juiz de Fora,0.6437097,573285,1,0,0,2,,,,,103009,20.23,24.3,29.59,38.8,79.86,16.0,18.71,1.4574565,12.0,18.6,1.1674447,12.0,19.4,0.980296,7.0,19.81,0.48874193,12.0,19.235,2.1972245773362196,-0.6359887667199966,-0.3677247801253172,-0.3677247801253172,0.11778303565638382,9,22.8,23.16,23.56,23.57,70.3,15.3,5.3,90.3,83.14,76.86,75.57,80.86,3.0,9.0,8.0,11.0
2017-03-12,201711,3.0,3,3,3,0.00623978,0.52329993,0,2,313670220171119589,2023-08-20,Juiz de Fora,0.24865289,573285,1,0,0,1,,,,,103009,18.76,23.43,29.17,34.5,76.57,8.0,20.23,0.6437097,16.0,18.71,1.4574565,12.0,18.6,1.1674447,12.0,19.4,0.980296,9.75,19.075000000000003,1.3862943611198906,-0.810930216216329,-1.4469189829363256,-1.1786549963416462,-1.1786549963416462,10,24.3,22.8,23.16,23.56,38.8,70.3,15.3,5.3,79.86,83.14,76.86,75.57,9.0,8.0,11.0,3.0
2017-03-19,201712,9.0,9,9,9,0.50222194,1.5698998,0,1,313670220171219589,2023-08-20,Juiz de Fora,1.00257,573285,0,0,0,1,,,,,103009,16.03,20.37,25.44,45.2,81.0,3.0,18.76,0.24865289,8.0,20.23,0.6437097,16.0,18.71,1.4574565,12.0,18.6,1.1674447,9.0,18.4325,2.302585092994046,0.9162907318741553,0.10536051565782634,-0.5306282510621703,-0.26236426446749084,11,23.43,24.3,22.8,23.16,34.5,38.8,70.3,15.3,76.57,79.86,83.14,76.86,8.0,11.0,3.0,4.0
2017-03-26,201713,8.0,8,8,8,0.6406338,1.3954664,0,1,313670220171319589,2023-08-20,Juiz de Fora,1.2010369,573285,0,0,0,1,,,,,103009,16.03,20.26,25.74,2.9,78.43,9.0,16.03,1.00257,3.0,18.76,0.24865289,8.0,20.23,0.6437097,16.0,18.71,1.4574565,7.0,17.762500000000003,2.1972245773362196,-0.10536051565782634,0.810930216216329,0.0,-0.6359887667199966,12,20.37,23.43,24.3,22.8,45.2,34.5,38.8,70.3,81.0,76.57,79.86,83.14,11.0,3.0,4.0,2.0
2017-04-02,201714,11.0,11,11,11,0.80916417,1.9187664,0,1,313670220171419589,2023-08-20,Juiz de Fora,1.4964927,573285,0,0,1,3,,,,,103009,17.0,21.96,27.37,8.2,77.14,8.0,16.03,1.2010369,9.0,16.03,1.00257,3.0,18.76,0.24865289,8.0,20.23,0.6437097,7.75,16.955,2.4849066497880004,0.2876820724517808,0.18232155679395445,1.0986122886681098,0.2876820724517808,13,20.26,20.37,23.43,24.3,2.9,45.2,34.5,38.8,78.43,81.0,76.57,79.86,3.0,4.0,2.0,3.0
2017-04-09,201715,3.0,3,3,3,0.04478443,0.52329993,0,1,313670220171519589,2023-08-20,Juiz de Fora,0.35746148,573285,1,0,0,2,,,,,103009,18.63,22.17,26.8,3.1,80.14,11.0,17.0,1.4964927,8.0,16.03,1.2010369,9.0,16.03,1.00257,3.0,18.76,0.24865289,7.75,16.9225,1.3862943611198906,-1.0986122886681098,-0.810930216216329,-0.9162907318741553,0.0,14,21.96,20.26,20.37,23.43,8.2,2.9,45.2,34.5,77.14,78.43,81.0,76.57,4.0,2.0,3.0,3.0
2017-04-16,201716,4.0,4,4,4,0.12514225,0.6977332,0,1,313670220171619589,2023-08-20,Juiz de Fora,0.51504475,573285,0,0,0,0,,,,,103009,16.64,20.59,25.6,4.1,77.71,3.0,18.63,0.35746148,11.0,17.0,1.4964927,8.0,16.03,1.2010369,9.0,16.03,1.00257,6.5,17.075,1.6094379124341003,0.2231435513142097,-0.8754687373539001,-0.5877866649021193,-0.6931471805599456,15,22.17,21.96,20.26,20.37,3.1,8.2,2.9,45.2,80.14,77.14,78.43,81.0,2.0,3.0,3.0,3.0
2017-04-23,201717,2.0,2,2,2,0.08730532,0.3488666,0,1,313670220171719589,2023-08-20,Juiz de Fora,0.3699184,573285,0,0,0,0,,,,,103009,16.61,19.73,23.69,7.9,84.86,4.0,16.64,0.51504475,3.0,18.63,0.35746148,11.0,17.0,1.4964927,8.0,16.03,1.2010369,5.0,17.22,1.0986122886681098,-0.5108256237659905,-0.2876820724517808,-1.3862943611198906,-1.0986122886681098,16,20.59,22.17,21.96,20.26,4.1,3.1,8.2,2.9,77.71,80.14,77.14,78.43,3.0,3.0,3.0,3.0
2017-04-30,201718,3.0,3,3,3,0.4019061,0.52329993,0,1,313670220171819589,2023-08-20,Juiz de Fora,0.8337595,573285,0,0,0,1,,,,,103009,14.31,18.43,23.04,25.8,82.43,2.0,16.61,0.3699184,4.0,16.64,0.51504475,3.0,18.63,0.35746148,11.0,17.0,1.4964927,3.0,16.5475,1.3862943611198906,0.2876820724517808,-0.2231435513142097,0.0,-1.0986122886681098,17,19.73,20.59,22.17,21.96,7.9,4.1,3.1,8.2,84.86,77.71,80.14,77.14,3.0,3.0,3.0,1.0
2017-05-07,201719,3.0,3,3,3,0.52379763,0.52329993,0,1,313670220171919589,2023-08-20,Juiz de Fora,1.0469524,573285,0,0,0,0,,,,,103009,14.26,18.87,24.87,1.0,79.86,3.0,14.31,0.8337595,2.0,16.61,0.3699184,4.0,16.64,0.51504475,3.0,18.63,0.35746148,3.0,15.455000000000002,1.3862943611198906,0.0,0.2876820724517808,-0.2231435513142097,0.0,18,18.43,19.73,20.59,22.17,25.8,7.9,4.1,3.1,82.43,84.86,77.71,80.14,3.0,3.0,1.0,1.0
2017-05-14,201720,3.0,3,3,3,0.5356898,0.52329993,0,1,313670220172019589,2023-08-20,Juiz de Fora,1.0716594,573285,0,0,0,1,,,,,103009,14.86,18.09,21.71,15.9,83.14,3.0,14.26,1.0469524,3.0,14.31,0.8337595,2.0,16.61,0.3699184,4.0,16.64,0.51504475,2.75,15.010000000000002,1.3862943611198906,0.0,0.0,0.2876820724517808,-0.2231435513142097,19,18.87,18.43,19.73,20.59,1.0,25.8,7.9,4.1,79.86,82.43,84.86,77.71,3.0,1.0,1.0,3.0
2017-05-21,201721,3.0,3,3,3,0.5111152,0.52329993,0,1,313670220172119589,2023-08-20,Juiz de Fora,1.021537,573285,0,0,0,2,,,,,103009,15.5,18.83,23.07,19.2,87.29,3.0,14.86,1.0716594,3.0,14.26,1.0469524,3.0,14.31,0.8337595,2.0,16.61,0.3699184,3.0,14.732500000000002,1.3862943611198906,0.0,0.0,0.0,0.2876820724517808,20,18.09,18.87,18.43,19.73,15.9,1.0,25.8,7.9,83.14,79.86,82.43,84.86,1.0,1.0,3.0,0.0
2017-05-28,201722,1.0,1,1,1,0.13640623,0.1744333,0,1,313670220172219589,2023-08-20,Juiz de Fora,0.34794486,573285,0,0,0,0,,,,,103009,13.1,18.31,24.64,0.0,78.86,3.0,15.5,1.021537,3.0,14.86,1.0716594,3.0,14.26,1.0469524,3.0,14.31,0.8337595,2.5,14.43,0.6931471805599453,-0.6931471805599453,-0.6931471805599453,-0.6931471805599453,-0.6931471805599453,21,18.83,18.09,18.87,18.43,19.2,15.9,1.0,25.8,87.29,83.14,79.86,82.43,1.0,3.0,0.0,1.0
2017-06-04,201723,1.0,1,1,1,0.19022216,0.1744333,0,1,313670220172319589,2023-08-20,Juiz de Fora,0.41766858,573285,0,0,0,0,,,,,103009,14.81,20.2,26.04,0.0,77.71,1.0,13.1,0.34794486,3.0,15.5,1.021537,3.0,14.86,1.0716594,3.0,14.26,1.0469524,2.0,14.567499999999999,0.6931471805599453,0.0,-0.6931471805599453,-0.6931471805599453,-0.6931471805599453,22,18.31,18.83,18.09,18.87,0.0,19.2,15.9,1.0,78.86,87.29,83.14,79.86,3.0,0.0,1.0,0.0
2017-06-11,201724,3.0,3,3,3,0.74512947,0.52329993,0,1,313670220172419589,2023-08-20,Juiz de Fora,1.7600769,573285,0,0,0,1,,,,,103009,13.99,17.67,22.49,6.3,85.0,1.0,14.81,0.41766858,1.0,13.1,0.34794486,3.0,15.5,1.021537,3.0,14.86,1.0716594,2.0,14.35,1.3862943611198906,0.6931471805599453,0.6931471805599453,0.0,0.0,23,20.2,18.31,18.83,18.09,0.0,0.0,19.2,15.9,77.71,78.86,87.29,83.14,0.0,1.0,0.0,0.0
2017-06-18,201725,0.0,0,0,0,0.0,0.0,0,1,313670220172519589,2023-08-20,Juiz de Fora,0.0,573285,0,0,0,0,,,,,103009,13.34,17.46,22.76,2.4,81.71,3.0,13.99,1.7600769,1.0,14.81,0.41766858,1.0,13.1,0.34794486,3.0,15.5,1.021537,1.25,13.81,0.0,-1.3862943611198906,-0.6931471805599453,-0.6931471805599453,-1.3862943611198906,24,17.67,20.2,18.31,18.83,6.3,0.0,0.0,19.2,85.0,77.71,78.86,87.29,1.0,0.0,0.0,2.0
2017-06-25,201726,1.0,1,1,1,0.339038,0.1744333,0,1,313670220172619589,2023-08-20,Juiz de Fora,0.6408281,573285,0,0,0,0,,,,,103009,11.21,16.37,22.5,1.1,78.71,0.0,13.34,0.0,3.0,13.99,1.7600769,1.0,14.81,0.41766858,1.0,13.1,0.34794486,1.25,13.3375,0.6931471805599453,0.6931471805599453,-0.6931471805599453,0.0,0.0,25,17.46,17.67,20.2,18.31,2.4,6.3,0.0,0.0,81.71,85.0,77.71,78.86,0.0,0.0,2.0,1.0
2017-07-02,201727,0.0,0,0,0,0.0,0.0,0,1,313670220172719589,2023-08-20,Juiz de Fora,0.0,573285,0,0,0,0,,,,,103009,11.01,14.77,19.06,2.3,81.14,1.0,11.21,0.6408281,0.0,13.34,0.0,3.0,13.99,1.7600769,1.0,14.81,0.41766858,1.0,12.3875,0.0,-0.6931471805599453,0.0,-1.3862943611198906,-0.6931471805599453,26,16.37,17.46,17.67,20.2,1.1,2.4,6.3,0.0,78.71,81.71,85.0,77.71,0.0,2.0,1.0,2.0
2017-07-09,201728,0.0,0,0,0,0.0,0.0,0,1,313670220172819589,2023-08-20,Juiz de Fora,0.0,573285,0,0,0,0,,,,,103009,13.2,16.79,21.59,3.3,82.43,0.0,11.01,0.0,1.0,11.21,0.6408281,0.0,13.34,0.0,3.0,13.99,1.7600769,0.25,12.19,0.0,0.0,-0.6931471805599453,0.0,-1.3862943611198906,27,14.77,16.37,17.46,17.67,2.3,1.1,2.4,6.3,81.14,78.71,81.71,85.0,2.0,1.0,2.0,0.0
2017-07-16,201729,2.0,2,2,2,0.9185755,0.3488666,0,1,313670220172919589,2023-08-20,Juiz de Fora,5.5038266,573285,0,0,0,1,,,,,103009,11.41,16.26,22.27,0.5,78.86,0.0,13.2,0.0,0.0,11.01,0.0,1.0,11.21,0.6408281,0.0,13.34,0.0,0.75,11.7075,1.0986122886681098,1.0986122886681098,1.0986122886681098,0.4054651081081645,1.0986122886681098,28,16.79,14.77,16.37,17.46,3.3,2.3,1.1,2.4,82.43,81.14,78.71,81.71,1.0,2.0,0.0,1.0
2017-07-23,201730,1.0,1,1,1,0.6632725,0.1744333,0,1,313670220173019589,2023-08-20,Juiz de Fora,1.6882584,573285,0,0,0,1,,,,,103009,11.91,16.34,21.93,1.8,78.0,2.0,11.41,5.5038266,0.0,13.2,0.0,0.0,11.01,0.0,1.0,11.21,0.6408281,0.75,11.8825,0.6931471805599453,-0.4054651081081645,0.6931471805599453,0.6931471805599453,0.0,29,16.26,16.79,14.77,16.37,0.5,3.3,2.3,1.1,78.86,82.43,81.14,78.71,2.0,0.0,1.0,1.0
2017-07-30,201731,2.0,2,2,2,0.7091286,0.3488666,0,1,313670220173119589,2023-08-20,Juiz de Fora,1.7356989,573285,0,0,0,1,,,,,103009,11.6,16.89,22.97,0.4,71.43,1.0,11.91,1.6882584,2.0,11.41,5.5038266,0.0,13.2,0.0,0.0,11.01,0.0,1.25,12.03,1.0986122886681098,0.4054651081081645,0.0,1.0986122886681098,1.0986122886681098,30,16.34,16.26,16.79,14.77,1.8,0.5,3.3,2.3,78.0,78.86,82.43,81.14,0.0,1.0,1.0,4.0
2017-08-06,201732,0.0,0,0,0,0.0,0.0,0,1,313670220173219589,2023-08-20,Juiz de Fora,0.0,573285,0,0,0,0,,,,,103009,11.94,17.29,23.89,0.0,71.57,2.0,11.6,1.7356989,1.0,11.91,1.6882584,2.0,11.41,5.5038266,0.0,13.2,0.0,1.25,11.715,0.0,-1.0986122886681098,-0.6931471805599453,-1.0986122886681098,0.0,31,16.89,16.34,16.26,16.79,0.4,1.8,0.5,3.3,71.43,78.0,78.86,82.43,1.0,1.0,4.0,4.0
2017-08-13,201733,1.0,1,1,1,0.43472362,0.1744333,0,1,313670220173319589,2023-08-20,Juiz de Fora,0.8320647,573285,0,0,0,0,,,,,103009,15.07,18.31,22.73,11.9,82.71,0.0,11.94,0.0,2.0,11.6,1.7356989,1.0,11.91,1.6882584,2.0,11.41,5.5038266,1.0,12.63,0.6931471805599453,0.6931471805599453,-0.4054651081081645,0.0,-0.4054651081081645,32,17.29,16.89,16.34,16.26,0.0,0.4,1.8,0.5,71.57,71.43,78.0,78.86,1.0,4.0,4.0,5.0
2017-08-20,201734,1.0,1,1,1,0.5575767,0.1744333,0,1,313670220173419589,2023-08-20,Juiz de Fora,1.1865805,573285,0,0,0,1,,,,,103009,12.89,16.17,20.41,11.5,77.86,1.0,15.07,0.8320647,0.0,11.94,0.0,2.0,11.6,1.7356989,1.0,11.91,1.6882584,1.0,12.875,0.6931471805599453,0.0,0.6931471805599453,-0.4054651081081645,0.0,33,18.31,17.29,16.89,16.34,11.9,0.0,0.4,1.8,82.71,71.57,71.43,78.0,4.0,4.0,5.0,4.0
2017-08-27,201735,4.0,4,4,4,0.94044524,0.6977332,0,1,313670220173519589,2023-08-20,Juiz de Fora,4.12559,573285,0,0,0,4,,,,,103009,11.6,17.53,24.11,0.3,73.14,1.0,12.89,1.1865805,1.0,15.07,0.8320647,0.0,11.94,0.0,2.0,11.6,1.7356989,1.5,12.875,1.6094379124341003,0.916290731874155,0.916290731874155,1.6094379124341003,0.5108256237659905,34,16.17,18.31,17.29,16.89,11.5,11.9,0.0,0.4,77.86,82.71,71.57,71.43,4.0,5.0,4.0,2.0
2017-09-03,201736,4.0,4,4,4,0.8364004,0.6977332,0,1,313670220173619589,2023-08-20,Juiz de Fora,2.1813102,573285,0,0,0,3,,,,,103009,12.27,18.04,24.89,0.0,67.71,4.0,11.6,4.12559,1.0,12.89,1.1865805,1.0,15.07,0.8320647,0.0,11.94,0.0,2.5,12.9575,1.6094379124341003,0.0,0.916290731874155,0.916290731874155,1.6094379124341003,35,17.53,16.17,18.31,17.29,0.3,11.5,11.9,0.0,73.14,77.86,82.71,71.57,5.0,4.0,2.0,6.0
2017-09-10,201737,5.0,5,5,5,0.7563367,0.8721666,0,1,313670220173719589,2023-08-20,Juiz de Fora,1.5975269,573285,0,0,0,4,,,,,103009,14.74,20.43,27.1,0.0,65.86,4.0,12.27,2.1813102,4.0,11.6,4.12559,1.0,12.89,1.1865805,1.0,15.07,0.8320647,3.5,12.875,1.791759469228055,0.18232155679395468,0.18232155679395468,1.0986122886681096,1.0986122886681096,36,18.04,17.53,16.17,18.31,0.0,0.3,11.5,11.9,67.71,73.14,77.86,82.71,4.0,2.0,6.0,3.0
2017-09-17,201738,4.0,4,4,4,0.49290383,0.6977332,0,1,313670220173819589,2023-08-20,Juiz de Fora,0.9881678,573285,0,0,0,3,,,,,103009,14.74,19.76,25.57,0.9,69.71,5.0,14.74,1.5975269,4.0,12.27,2.1813102,4.0,11.6,4.12559,1.0,12.89,1.1865805,4.25,13.3375,1.6094379124341003,-0.18232155679395468,0.0,0.0,0.916290731874155,37,20.43,18.04,17.53,16.17,0.0,0.0,0.3,11.5,65.86,67.71,73.14,77.86,2.0,6.0,3.0,4.0
2017-09-24,201739,2.0,2,2,2,0.16345222,0.3488666,0,1,313670220173919589,2023-08-20,Juiz de Fora,0.46959504,573285,0,0,0,1,,,,,103009,15.1,20.34,25.71,16.5,70.0,4.0,14.74,0.9881678,5.0,14.74,1.5975269,4.0,12.27,2.1813102,4.0,11.6,4.12559,3.75,14.212499999999999,1.0986122886681098,-0.5108256237659905,-0.6931471805599452,-0.5108256237659905,-0.5108256237659905,38,19.76,20.43,18.04,17.53,0.9,0.0,0.0,0.3,69.71,65.86,67.71,73.14,6.0,3.0,4.0,5.0
2017-10-01,201740,6.0,6,6,6,0.7640395,1.0465999,0,1,313670220174019589,2023-08-20,Juiz de Fora,1.5595205,573285,0,0,0,3,,,,,103009,17.27,21.4,26.36,18.8,73.29,2.0,15.1,0.46959504,4.0,14.74,0.9881678,5.0,14.74,1.5975269,4.0,12.27,2.1813102,4.25,15.4625,1.9459101490553132,0.8472978603872034,0.33647223662121295,0.15415067982725827,0.33647223662121295,39,20.34,19.76,20.43,18.04,16.5,0.9,0.0,0.0,70.0,69.71,65.86,67.71,3.0,4.0,5.0,7.0
2017-10-08,201741,3.0,3,3,3,0.39137045,0.52329993,0,1,313670220174119589,2023-08-20,Juiz de Fora,0.8179326,573285,0,0,0,1,,,,,103009,17.53,23.24,29.67,0.0,63.43,6.0,17.27,1.5595205,2.0,15.1,0.46959504,4.0,14.74,0.9881678,5.0,14.74,1.5975269,3.75,16.16,1.3862943611198906,-0.5596157879354227,0.2876820724517808,-0.2231435513142097,-0.4054651081081644,40,21.4,20.34,19.76,20.43,18.8,16.5,0.9,0.0,73.29,70.0,69.71,65.86,4.0,5.0,7.0,3.0
2017-10-15,201742,4.0,4,4,4,0.49139288,0.6977332,0,1,313670220174219589,2023-08-20,Juiz de Fora,0.9856743,573285,0,0,0,3,,,,,103009,17.44,22.01,27.67,3.3,67.14,3.0,17.53,0.8179326,6.0,17.27,1.5595205,2.0,15.1,0.46959504,4.0,14.74,0.9881678,3.75,16.835,1.6094379124341003,0.2231435513142097,-0.33647223662121295,0.5108256237659905,0.0,41,23.24,21.4,20.34,19.76,0.0,18.8,16.5,0.9,63.43,73.29,70.0,69.71,5.0,7.0,3.0,10.0
2017-10-22,201743,5.0,5,5,5,0.6349219,0.8721666,0,1,313670220174319589,2023-08-20,Juiz de Fora,1.2459899,573285,0,0,0,0,,,,,103009,17.81,21.63,26.94,92.4,78.29,4.0,17.44,0.9856743,3.0,17.53,0.8179326,6.0,17.27,1.5595205,2.0,15.1,0.46959504,4.5,17.512500000000003,1.791759469228055,0.18232155679395468,0.4054651081081644,-0.15415067982725827,0.6931471805599452,42,22.01,23.24,21.4,20.34,3.3,0.0,18.8,16.5,67.14,63.43,73.29,70.0,7.0,3.0,10.0,2.0
2017-10-29,201744,7.0,7,7,7,0.8047494,1.2210332,0,1,313670220174419589,2023-08-20,Juiz de Fora,1.6498445,573285,0,0,0,5,,,,,103009,17.51,21.19,25.96,31.2,74.71,5.0,17.81,1.2459899,4.0,17.44,0.9856743,3.0,17.53,0.8179326,6.0,17.27,1.5595205,4.75,17.5725,2.0794415416798357,0.2876820724517808,0.47000362924573547,0.6931471805599452,0.13353139262452252,43,21.63,22.01,23.24,21.4,92.4,3.3,0.0,18.8,78.29,67.14,63.43,73.29,3.0,10.0,2.0,0.0
2017-11-05,201745,3.0,3,3,3,0.2258546,0.52329993,0,1,313670220174519589,2023-08-20,Juiz de Fora,0.59913725,573285,0,0,0,0,,,,,103009,16.99,20.11,23.54,48.9,80.14,7.0,17.51,1.6498445,5.0,17.81,1.2459899,4.0,17.44,0.9856743,3.0,17.53,0.8179326,4.75,17.4375,1.3862943611198906,-0.6931471805599452,-0.4054651081081644,-0.2231435513142097,0.0,44,21.19,21.63,22.01,23.24,31.2,92.4,3.3,0.0,74.71,78.29,67.14,63.43,10.0,2.0,0.0,8.0
2017-11-12,201746,10.0,10,10,10,0.8818788,1.7443331,0,1,313670220174619589,2023-08-20,Juiz de Fora,1.8187318,573285,0,0,1,2,,,,,103009,17.09,22.24,28.54,18.2,69.0,3.0,16.99,0.59913725,7.0,17.51,1.6498445,5.0,17.81,1.2459899,4.0,17.44,0.9856743,6.25,17.35,2.3978952727983707,1.01160091167848,0.3184537311185349,0.6061358035703157,0.7884573603642704,45,20.11,21.19,21.63,22.01,48.9,31.2,92.4,3.3,80.14,74.71,78.29,67.14,2.0,0.0,8.0,8.0
2017-11-19,201747,2.0,2,2,2,0.07379434,0.3488666,0,1,313670220174719589,2023-08-20,Juiz de Fora,0.35048345,573285,1,0,0,0,,,,,103009,18.01,21.07,24.74,89.1,86.86,10.0,17.09,1.8187318,3.0,16.99,0.59913725,7.0,17.51,1.6498445,5.0,17.81,1.2459899,5.5,17.4,1.0986122886681098,-1.2992829841302609,-0.2876820724517808,-0.980829253011726,-0.6931471805599452,46,22.24,20.11,21.19,21.63,18.2,48.9,31.2,92.4,69.0,80.14,74.71,78.29,0.0,8.0,8.0,7.0
2017-11-26,201748,0.0,0,0,0,0.0,0.0,0,1,313670220174819589,2023-08-20,Juiz de Fora,0.0,573285,0,0,0,0,,,,,103009,18.74,21.47,24.43,72.4,81.29,2.0,18.01,0.35048345,10.0,17.09,1.8187318,3.0,16.99,0.59913725,7.0,17.51,1.6498445,3.75,17.7075,0.0,-1.0986122886681098,-2.3978952727983707,-1.3862943611198906,-2.0794415416798357,47,21.07,22.24,20.11,21.19,89.1,18.2,48.9,31.2,86.86,69.0,80.14,74.71,8.0,8.0,7.0,3.0
2017-12-03,201749,8.0,8,8,8,0.8974578,1.3954664,0,1,313670220174919589,2023-08-20,Juiz de Fora,2.0816038,573285,1,0,0,1,,,,,103009,19.26,22.06,26.26,61.9,83.86,0.0,18.74,0.0,2.0,18.01,0.35048345,10.0,17.09,1.8187318,3.0,16.99,0.59913725,5.0,18.275,2.1972245773362196,2.1972245773362196,1.0986122886681098,-0.2006706954621511,0.810930216216329,48,21.47,21.07,22.24,20.11,72.4,89.1,18.2,48.9,81.29,86.86,69.0,80.14,8.0,7.0,3.0,10.0
2017-12-10,201750,8.0,8,8,8,0.9243985,1.3954664,0,1,313670220175019589,2023-08-20,Juiz de Fora,2.348945,573285,1,0,0,3,,,,,103009,18.56,22.56,27.39,21.1,76.0,8.0,19.26,2.0816038,0.0,18.74,0.0,2.0,18.01,0.35048345,10.0,17.09,1.8187318,4.5,18.6425,2.1972245773362196,0.0,2.1972245773362196,1.0986122886681098,-0.2006706954621511,49,22.06,21.47,21.07,22.24,61.9,72.4,89.1,18.2,83.86,81.29,86.86,69.0,7.0,3.0,10.0,7.0
2017-12-17,201751,7.0,7,7,7,0.65185887,1.2210332,0,2,313670220175119589,2023-08-20,Juiz de Fora,1.2371966,573285,1,0,0,1,,,,,103009,19.4,24.24,29.51,3.0,71.71,8.0,18.56,2.348945,8.0,19.26,2.0816038,0.0,18.74,0.0,2.0,18.01,0.35048345,5.75,18.99,2.0794415416798357,-0.11778303565638382,-0.11778303565638382,2.0794415416798357,0.980829253011726,50,22.56,22.06,21.47,21.07,21.1,61.9,72.4,89.1,76.0,83.86,81.29,86.86,3.0,10.0,7.0,12.0
2017-12-24,201752,3.0,3,3,3,0.090138055,0.52329993,0,2,313670220175219589,2023-08-20,Juiz de Fora,0.42898333,573285,1,0,0,1,,,,,103009,20.77,23.99,29.2,67.0,81.86,7.0,19.4,1.2371966,8.0,18.56,2.348945,8.0,19.26,2.0816038,0.0,18.74,0.0,6.5,19.497500000000002,1.3862943611198906,-0.6931471805599452,-0.810930216216329,-0.810930216216329,1.3862943611198906,51,24.24,22.56,22.06,21.47,3.0,21.1,61.9,72.4,71.71,76.0,83.86,81.29,10.0,7.0,12.0,4.0
2017-12-31,201801,10.0,10,10,10,0.8182101,1.7443331,0,2,313670220180119589,2023-08-20,Juiz de Fora,1.5560826,573285,1,0,1,5,,,,,103009,20.1,23.57,28.46,84.9,80.14,3.0,20.77,0.42898333,7.0,19.4,1.2371966,8.0,18.56,2.348945,8.0,19.26,2.0816038,7.0,19.7075,2.3978952727983707,1.01160091167848,0.3184537311185349,0.2006706954621511,0.2006706954621511,52,23.99,24.24,22.56,22.06,67.0,3.0,21.1,61.9,81.86,71.71,76.0,83.86,7.0,12.0,4.0,9.0
2018-01-07,201802,7.0,7,7,7,0.59499985,1.2210332,0,2,313670220180219589,2023-08-20,Juiz de Fora,1.1371664,573285,1,0,0,5,,,,,103009,19.43,23.3,29.07,39.7,77.71,10.0,20.1,1.5560826,3.0,20.77,0.42898333,7.0,19.4,1.2371966,8.0,18.56,2.348945,6.75,19.924999999999997,2.0794415416798357,-0.3184537311185349,0.6931471805599452,0.0,-0.11778303565638382,1,23.57,23.99,24.24,22.56,84.9,67.0,3.0,21.1,80.14,81.86,71.71,76.0,12.0,4.0,9.0,4.0
2018-01-14,201803,12.0,12,12,12,0.8540269,2.0931997,0,1,313670220180319589,2023-08-20,Juiz de Fora,1.6061066,573285,0,0,1,6,,,,,103009,19.4,24.56,30.61,48.8,72.57,7.0,19.43,1.1371664,10.0,20.1,1.5560826,3.0,20.77,0.42898333,7.0,19.4,1.2371966,8.0,19.925,2.5649493574615367,0.485507815781701,0.16705408466316607,1.1786549963416462,0.485507815781701,2,23.3,23.57,23.99,24.24,39.7,84.9,67.0,3.0,77.71,80.14,81.86,71.71,4.0,9.0,4.0,5.0
2018-01-21,201804,4.0,4,4,4,0.09013559,0.6977332,0,1,313670220180419589,2023-08-20,Juiz de Fora,0.4691535,573285,1,0,0,2,,,,,103009,20.43,24.5,29.87,13.6,74.43,12.0,19.4,1.6061066,7.0,19.43,1.1371664,10.0,20.1,1.5560826,3.0,20.77,0.42898333,8.25,19.84,1.6094379124341003,-0.9555114450274365,-0.47000362924573547,-0.7884573603642704,0.2231435513142097,3,24.56,23.3,23.57,23.99,48.8,39.7,84.9,67.0,72.57,77.71,80.14,81.86,9.0,4.0,5.0,11.0
2018-01-28,201805,9.0,9,9,9,0.5497967,1.5698998,0,1,313670220180519589,2023-08-20,Juiz de Fora,1.0601883,573285,1,0,0,2,,,,,103009,18.69,22.84,28.4,63.1,78.14,4.0,20.43,0.4691535,12.0,19.4,1.6061066,7.0,19.43,1.1371664,10.0,20.1,1.5560826,8.0,19.4875,2.302585092994046,0.6931471805599456,-0.26236426446749084,0.22314355131421015,-0.09531017980432477,4,24.5,24.56,23.3,23.57,13.6,48.8,39.7,84.9,74.43,72.57,77.71,80.14,4.0,5.0,11.0,3.0
2018-02-04,201806,4.0,4,4,4,0.15107648,0.6977332,0,2,313670220180619589,2023-08-20,Juiz de Fora,0.5467629,573285,1,0,0,2,,,,,103009,19.11,22.24,26.87,102.1,84.0,9.0,18.69,1.0601883,4.0,20.43,0.4691535,12.0,19.4,1.6061066,7.0,19.43,1.1371664,7.25,19.4075,1.6094379124341003,-0.6931471805599456,0.0,-0.9555114450274365,-0.47000362924573547,5,22.84,24.5,24.56,23.3,63.1,13.6,48.8,39.7,78.14,74.43,72.57,77.71,5.0,11.0,3.0,8.0
2018-02-11,201807,5.0,5,5,5,0.32534838,0.8721666,0,2,313670220180719589,2023-08-20,Juiz de Fora,0.7720269,573285,1,0,0,4,,,,,103009,20.44,24.69,30.03,8.4,70.71,4.0,19.11,0.5467629,9.0,18.69,1.0601883,4.0,20.43,0.4691535,12.0,19.4,1.6061066,5.5,19.6675,1.791759469228055,0.18232155679395468,-0.5108256237659909,0.18232155679395468,-0.7731898882334818,6,22.24,22.84,24.5,24.56,102.1,63.1,13.6,48.8,84.0,78.14,74.43,72.57,11.0,3.0,8.0,13.0
2018-02-18,201808,11.0,11,11,11,0.902952,1.9187664,0,2,313670220180819589,2023-08-20,Juiz de Fora,1.8811916,573285,1,0,1,2,,,,,103009,20.2,23.1,28.24,153.1,83.57,5.0,20.44,0.7720269,4.0,19.11,0.5467629,9.0,18.69,1.0601883,4.0,20.43,0.4691535,7.25,19.61,2.4849066497880004,0.6931471805599454,0.8754687373539001,0.18232155679395445,0.8754687373539001,7,24.69,22.24,22.84,24.5,8.4,102.1,63.1,13.6,70.71,84.0,78.14,74.43,3.0,8.0,13.0,8.0
2018-02-25,201809,3.0,3,3,3,0.12613271,0.52329993,0,2,313670220180919589,2023-08-20,Juiz de Fora,0.47683325,573285,1,0,0,3,,,,,103009,20.29,23.44,28.43,151.0,84.57,11.0,20.2,1.8811916,5.0,20.44,0.7720269,4.0,19.11,0.5467629,9.0,18.69,1.0601883,5.75,20.01,1.3862943611198906,-1.0986122886681098,-0.4054651081081644,-0.2231435513142097,-0.9162907318741553,8,23.1,24.69,22.24,22.84,153.1,8.4,102.1,63.1,83.57,70.71,84.0,78.14,8.0,13.0,8.0,11.0
2018-03-04,201810,8.0,8,8,8,0.6034155,1.3954664,0,2,313670220181019589,2023-08-20,Juiz de Fora,1.1408261,573285,1,0,0,6,,,,,103009,20.87,23.76,28.29,145.5,85.71,3.0,20.29,0.47683325,11.0,20.2,1.8811916,5.0,20.44,0.7720269,4.0,19.11,0.5467629,6.75,20.450000000000003,2.1972245773362196,0.810930216216329,-0.2876820724517808,0.4054651081081646,0.5877866649021193,9,23.44,23.1,24.69,22.24,151.0,153.1,8.4,102.1,84.57,83.57,70.71,84.0,13.0,8.0,11.0,10.0
2018-03-11,201811,13.0,13,13,13,0.92513704,2.267633,0,2,313670220181119589,2023-08-20,Juiz de Fora,1.9159782,573285,1,0,1,9,,,,,103009,20.59,24.74,30.99,121.3,77.71,8.0,20.87,1.1408261,3.0,20.29,0.47683325,11.0,20.2,1.8811916,5.0,20.44,0.7720269,8.75,20.4875,2.6390573296152584,0.44183275227903884,1.2527629684953678,0.15415067982725805,0.8472978603872034,10,23.76,23.44,23.1,24.69,145.5,151.0,153.1,8.4,85.71,84.57,83.57,70.71,8.0,11.0,10.0,10.0
2018-03-18,201812,8.0,8,8,8,0.48861676,1.3954664,0,2,313670220181219589,2023-08-20,Juiz de Fora,0.98624116,573285,1,0,0,5,,,,,103009,20.3,23.73,28.73,33.4,81.43,13.0,20.59,1.9159782,8.0,20.87,1.1408261,3.0,20.29,0.47683325,11.0,20.2,1.8811916,8.0,20.5125,2.1972245773362196,-0.44183275227903884,0.0,0.810930216216329,-0.2876820724517808,11,24.74,23.76,23.44,23.1,121.3,145.5,151.0,153.1,77.71,85.71,84.57,83.57,11.0,10.0,10.0,12.0
2018-03-25,201813,11.0,11,11,11,0.6002605,1.9187664,0,2,313670220181319589,2023-08-20,Juiz de Fora,1.1152703,573285,1,0,1,10,,,,,103009,18.6,22.86,28.04,5.6,76.14,8.0,20.3,0.98624116,13.0,20.59,1.9159782,8.0,20.87,1.1408261,3.0,20.29,0.47683325,10.0,20.090000000000003,2.4849066497880004,0.2876820724517808,-0.15415067982725805,0.2876820724517808,1.0986122886681098,12,23.73,24.74,23.76,23.44,33.4,121.3,145.5,151.0,81.43,77.71,85.71,84.57,10.0,10.0,12.0,6.0
2018-04-01,201814,10.0,10,10,10,0.5013261,1.7443331,0,2,313670220181419589,2023-08-20,Juiz de Fora,1.0014573,573285,1,0,1,4,,,,,103009,19.3,22.71,27.97,53.0,83.0,11.0,18.6,1.1152703,8.0,20.3,0.98624116,13.0,20.59,1.9159782,8.0,20.87,1.1408261,10.5,19.6975,2.3978952727983707,-0.08701137698962969,0.2006706954621511,-0.24116205681688774,0.2006706954621511,13,22.86,23.73,24.74,23.76,5.6,33.4,121.3,145.5,76.14,81.43,77.71,85.71,10.0,12.0,6.0,12.0
2018-04-08,201815,10.0,10,10,10,0.49804235,1.7443331,0,1,313670220181519589,2023-08-20,Juiz de Fora,0.9978543,573285,0,0,1,10,,,,,103009,18.3,22.03,26.53,5.8,77.43,10.0,19.3,1.0014573,11.0,18.6,1.1152703,8.0,20.3,0.98624116,13.0,20.59,1.9159782,9.75,19.125,2.3978952727983707,0.0,-0.08701137698962969,0.2006706954621511,-0.24116205681688774,14,22.71,22.86,23.73,24.74,53.0,5.6,33.4,121.3,83.0,76.14,81.43,77.71,12.0,6.0,12.0,10.0
2018-04-15,201816,12.0,12,12,12,0.6507798,2.0931997,0,1,313670220181619589,2023-08-20,Juiz de Fora,1.175397,573285,0,0,1,7,,,,,103009,15.77,19.43,23.83,11.8,79.43,10.0,18.3,0.9978543,10.0,19.3,1.0014573,11.0,18.6,1.1152703,8.0,20.3,0.98624116,10.75,17.9925,2.5649493574615367,0.16705408466316607,0.16705408466316607,0.08004270767353638,0.3677247801253172,15,22.03,22.71,22.86,23.73,5.8,53.0,5.6,33.4,77.43,83.0,76.14,81.43,6.0,12.0,10.0,6.0
2018-04-22,201817,6.0,6,6,6,0.13721909,1.0465999,0,1,313670220181719589,2023-08-20,Juiz de Fora,0.5843493,573285,0,0,0,5,,,,,103009,16.87,20.57,25.44,4.0,80.29,12.0,15.77,1.175397,10.0,18.3,0.9978543,10.0,19.3,1.0014573,11.0,18.6,1.1152703,9.5,17.560000000000002,1.9459101490553132,-0.6190392084062235,-0.45198512374305744,-0.45198512374305744,-0.5389965007326871,16,19.43,22.03,22.71,22.86,11.8,5.8,53.0,5.6,79.43,77.43,83.0,76.14,12.0,10.0,6.0,3.0
2018-04-29,201818,12.0,12,12,12,0.6767351,2.0931997,0,1,313670220181819589,2023-08-20,Juiz de Fora,1.2125523,573285,0,0,1,10,,,,,103009,15.09,20.2,26.59,0.4,77.14,6.0,16.87,0.5843493,12.0,15.77,1.175397,10.0,18.3,0.9978543,10.0,19.3,1.0014573,10.0,16.5075,2.5649493574615367,0.6190392084062235,0.0,0.16705408466316607,0.16705408466316607,17,20.57,19.43,22.03,22.71,4.0,11.8,5.8,53.0,80.29,79.43,77.43,83.0,10.0,6.0,3.0,3.0
2018-05-06,201819,10.0,10,10,10,0.5622025,1.7443331,0,1,313670220181919589,2023-08-20,Juiz de Fora,1.0722052,573285,0,0,1,6,,,,,103009,15.39,19.89,25.61,3.2,77.86,12.0,15.09,1.2125523,6.0,16.87,0.5843493,12.0,15.77,1.175397,10.0,18.3,0.9978543,10.0,15.780000000000001,2.3978952727983707,-0.16705408466316607,0.45198512374305744,-0.16705408466316607,0.0,18,20.2,20.57,19.43,22.03,0.4,4.0,11.8,5.8,77.14,80.29,79.43,77.43,6.0,3.0,3.0,3.0
2018-05-13,201820,6.0,6,6,6,0.16885631,1.0465999,0,1,313670220182019589,2023-08-20,Juiz de Fora,0.62006855,573285,0,0,0,2,,,,,103009,17.31,20.29,24.8,31.7,83.29,10.0,15.39,1.0722052,12.0,15.09,1.2125523,6.0,16.87,0.5843493,12.0,15.77,1.175397,8.5,16.165,1.9459101490553132,-0.45198512374305744,-0.6190392084062235,0.0,-0.6190392084062235,19,19.89,20.2,20.57,19.43,3.2,0.4,4.0,11.8,77.86,77.14,80.29,79.43,3.0,3.0,3.0,3.0
2018-05-20,201821,3.0,3,3,3,0.034727205,0.52329993,0,1,313670220182119589,2023-08-20,Juiz de Fora,0.3376344,573285,0,0,0,3,,,,,103009,11.01,16.89,23.14,4.2,76.29,6.0,17.31,0.62006855,10.0,15.39,1.0722052,12.0,15.09,1.2125523,6.0,16.87,0.5843493,7.75,14.7,1.3862943611198906,-0.5596157879354227,-1.01160091167848,-1.1786549963416462,-0.5596157879354227,20,20.29,19.89,20.2,20.57,31.7,3.2,0.4,4.0,83.29,77.86,77.14,80.29,3.0,3.0,3.0,2.0
2018-05-27,201822,3.0,3,3,3,0.12112717,0.52329993,0,1,313670220182219589,2023-08-20,Juiz de Fora,0.47041485,573285,0,0,0,2,,,,,103009,12.67,17.61,23.73,0.6,77.14,3.0,11.01,0.3376344,6.0,17.31,0.62006855,10.0,15.39,1.0722052,12.0,15.09,1.2125523,5.5,14.094999999999999,1.3862943611198906,0.0,-0.5596157879354227,-1.01160091167848,-1.1786549963416462,21,16.89,20.29,19.89,20.2,4.2,31.7,3.2,0.4,76.29,83.29,77.86,77.14,3.0,3.0,2.0,1.0
2018-06-03,201823,3.0,3,3,3,0.3262566,0.52329993,0,1,313670220182319589,2023-08-20,Juiz de Fora,0.7263133,573285,0,0,0,1,,,,,103009,14.76,18.17,22.96,21.1,82.29,3.0,12.67,0.47041485,3.0,11.01,0.3376344,6.0,17.31,0.62006855,10.0,15.39,1.0722052,3.75,13.937499999999998,1.3862943611198906,0.0,0.0,-0.5596157879354227,-1.01160091167848,22,17.61,16.89,20.29,19.89,0.6,4.2,31.7,3.2,77.14,76.29,83.29,77.86,3.0,2.0,1.0,0.0
2018-06-10,201824,3.0,3,3,3,0.46902218,0.52329993,0,1,313670220182419589,2023-08-20,Juiz de Fora,0.9432469,573285,0,0,0,3,,,,,103009,15.47,19.0,23.47,2.8,84.86,3.0,14.76,0.7263133,3.0,12.67,0.47041485,3.0,11.01,0.3376344,6.0,17.31,0.62006855,3.0,13.4775,1.3862943611198906,0.0,0.0,0.0,-0.5596157879354227,23,18.17,17.61,16.89,20.29,21.1,0.6,4.2,31.7,82.29,77.14,76.29,83.29,2.0,1.0,0.0,0.0
2018-06-17,201825,2.0,2,2,2,0.32082763,0.3488666,0,1,313670220182519589,2023-08-20,Juiz de Fora,0.67875916,573285,0,0,0,2,,,,,103009,12.71,17.51,23.2,2.5,81.0,3.0,15.47,0.9432469,3.0,14.76,0.7263133,3.0,12.67,0.47041485,3.0,11.01,0.3376344,2.75,13.9025,1.0986122886681098,-0.2876820724517808,-0.2876820724517808,-0.2876820724517808,-0.2876820724517808,24,19.0,18.17,17.61,16.89,2.8,21.1,0.6,4.2,84.86,82.29,77.14,76.29,1.0,0.0,0.0,1.0
2018-06-24,201826,1.0,1,1,1,0.16078918,0.1744333,0,1,313670220182619589,2023-08-20,Juiz de Fora,0.37925366,573285,0,0,0,0,,,,,103009,13.74,18.84,25.03,0.1,77.14,2.0,12.71,0.67875916,3.0,15.47,0.9432469,3.0,14.76,0.7263133,3.0,12.67,0.47041485,2.25,14.17,0.6931471805599453,-0.4054651081081645,-0.6931471805599453,-0.6931471805599453,-0.6931471805599453,25,17.51,19.0,18.17,17.61,2.5,2.8,21.1,0.6,81.0,84.86,82.29,77.14,0.0,0.0,1.0,4.0
2018-07-01,201827,0.0,0,0,0,0.0,0.0,0,1,313670220182719589,2023-08-20,Juiz de Fora,0.0,573285,0,0,0,0,,,,,103009,12.9,18.61,25.5,0.2,75.71,1.0,13.74,0.37925366,2.0,12.71,0.67875916,3.0,15.47,0.9432469,3.0,14.76,0.7263133,1.5,13.705000000000002,0.0,-0.6931471805599453,-1.0986122886681098,-1.3862943611198906,-1.3862943611198906,26,18.84,17.51,19.0,18.17,0.1,2.5,2.8,21.1,77.14,81.0,84.86,82.29,0.0,1.0,4.0,2.0
2018-07-08,201828,0.0,0,0,0,0.0,0.0,0,1,313670220182819589,2023-08-20,Juiz de Fora,0.0,573285,0,0,0,0,,,,,103009,11.29,16.49,23.01,14.0,79.57,0.0,12.9,0.0,1.0,13.74,0.37925366,2.0,12.71,0.67875916,3.0,15.47,0.9432469,0.75,12.66,0.0,0.0,-0.6931471805599453,-1.0986122886681098,-1.3862943611198906,27,18.61,18.84,17.51,19.0,0.2,0.1,2.5,2.8,75.71,77.14,81.0,84.86,1.0,4.0,2.0,0.0
2018-07-15,201829,1.0,1,1,1,0.7486456,0.1744333,0,1,313670220182919589,2023-08-20,Juiz de Fora,2.3943772,573285,0,0,0,0,,,,,103009,11.39,17.97,25.74,0.0,74.29,0.0,11.29,0.0,0.0,12.9,0.0,1.0,13.74,0.37925366,2.0,12.71,0.67875916,0.5,12.329999999999998,0.6931471805599453,0.6931471805599453,0.6931471805599453,0.0,-0.4054651081081645,28,16.49,18.61,18.84,17.51,14.0,0.2,0.1,2.5,79.57,75.71,77.14,81.0,4.0,2.0,0.0,0.0
2018-07-22,201830,4.0,4,4,4,0.9764502,0.6977332,0,1,313670220183019589,2023-08-20,Juiz de Fora,7.6746674,573285,0,0,0,4,,,,,103009,13.11,17.86,23.76,1.5,78.14,1.0,11.39,2.3943772,0.0,11.29,0.0,0.0,12.9,0.0,1.0,13.74,0.37925366,1.25,12.1725,1.6094379124341003,0.916290731874155,1.6094379124341003,1.6094379124341003,0.916290731874155,29,17.97,16.49,18.61,18.84,0.0,14.0,0.2,0.1,74.29,79.57,75.71,77.14,2.0,0.0,0.0,1.0
2018-07-29,201831,2.0,2,2,2,0.6238943,0.3488666,0,1,313670220183119589,2023-08-20,Juiz de Fora,1.3517979,573285,0,0,0,1,,,,,103009,14.39,17.81,22.23,59.2,83.0,4.0,13.11,7.6746674,1.0,11.39,2.3943772,0.0,11.29,0.0,0.0,12.9,0.0,1.75,12.544999999999998,1.0986122886681098,-0.5108256237659905,0.4054651081081645,1.0986122886681098,1.0986122886681098,30,17.86,17.97,16.49,18.61,1.5,0.0,14.0,0.2,78.14,74.29,79.57,75.71,0.0,0.0,1.0,2.0
2018-08-05,201832,0.0,0,0,0,0.0,0.0,0,1,313670220183219589,2023-08-20,Juiz de Fora,0.0,573285,0,0,0,0,,,,,103009,14.54,18.5,22.87,17.7,79.71,2.0,14.39,1.3517979,4.0,13.11,7.6746674,1.0,11.39,2.3943772,0.0,11.29,0.0,1.75,13.357500000000002,0.0,-1.0986122886681098,-1.6094379124341003,-0.6931471805599453,0.0,31,17.81,17.86,17.97,16.49,59.2,1.5,0.0,14.0,83.0,78.14,74.29,79.57,0.0,1.0,2.0,2.0
2018-08-12,201833,0.0,0,0,0,0.0,0.0,0,1,313670220183319589,2023-08-20,Juiz de Fora,0.0,573285,0,0,0,0,,,,,103009,13.16,17.13,22.21,5.4,79.14,0.0,14.54,0.0,2.0,14.39,1.3517979,4.0,13.11,7.6746674,1.0,11.39,2.3943772,1.5,13.8,0.0,0.0,-1.0986122886681098,-1.6094379124341003,-0.6931471805599453,32,18.5,17.81,17.86,17.97,17.7,59.2,1.5,0.0,79.71,83.0,78.14,74.29,1.0,2.0,2.0,2.0
2018-08-19,201834,1.0,1,1,1,0.59118104,0.1744333,0,1,313670220183419589,2023-08-20,Juiz de Fora,1.3186903,573285,0,0,0,1,,,,,103009,13.43,18.67,24.66,0.5,75.43,0.0,13.16,0.0,0.0,14.54,0.0,2.0,14.39,1.3517979,4.0,13.11,7.6746674,0.75,13.88,0.6931471805599453,0.6931471805599453,0.6931471805599453,-0.4054651081081645,-0.916290731874155,33,17.13,18.5,17.81,17.86,5.4,17.7,59.2,1.5,79.14,79.71,83.0,78.14,2.0,2.0,2.0,3.0
2018-08-26,201835,2.0,2,2,2,0.8901353,0.3488666,0,1,313670220183519589,2023-08-20,Juiz de Fora,4.2034836,573285,0,0,0,1,,,,,103009,14.27,18.21,22.43,1.8,78.86,1.0,13.43,1.3186903,0.0,13.16,0.0,0.0,14.54,0.0,2.0,14.39,1.3517979,0.75,13.849999999999998,1.0986122886681098,0.4054651081081645,1.0986122886681098,1.0986122886681098,0.0,34,18.67,17.13,18.5,17.81,0.5,5.4,17.7,59.2,75.43,79.14,79.71,83.0,2.0,2.0,3.0,5.0
2018-09-02,201836,2.0,2,2,2,0.7499282,0.3488666,0,1,313670220183619589,2023-08-20,Juiz de Fora,1.9994678,573285,0,0,0,0,,,,,103009,13.87,19.09,25.29,3.8,67.0,2.0,14.27,4.2034836,1.0,13.43,1.3186903,0.0,13.16,0.0,0.0,14.54,0.0,1.25,13.682500000000001,1.0986122886681098,0.0,0.4054651081081645,1.0986122886681098,1.0986122886681098,35,18.21,18.67,17.13,18.5,1.8,0.5,5.4,17.7,78.86,75.43,79.14,79.71,2.0,3.0,5.0,1.0
2018-09-09,201837,2.0,2,2,2,0.5859026,0.3488666,0,1,313670220183719589,2023-08-20,Juiz de Fora,1.225451,573285,0,0,0,2,,,,,103009,14.6,18.29,23.03,27.0,77.57,2.0,13.87,1.9994678,2.0,14.27,4.2034836,1.0,13.43,1.3186903,0.0,13.16,0.0,1.75,14.0425,1.0986122886681098,0.0,0.0,0.4054651081081645,1.0986122886681098,36,19.09,18.21,18.67,17.13,3.8,1.8,0.5,5.4,67.0,78.86,75.43,79.14,3.0,5.0,1.0,4.0
2018-09-16,201838,3.0,3,3,3,0.6910675,0.52329993,0,1,313670220183819589,2023-08-20,Juiz de Fora,1.5138255,573285,0,0,0,2,,,,,103009,17.51,20.94,25.57,33.9,83.43,2.0,14.6,1.225451,2.0,13.87,1.9994678,2.0,14.27,4.2034836,1.0,13.43,1.3186903,2.25,15.0625,1.3862943611198906,0.2876820724517808,0.2876820724517808,0.2876820724517808,0.6931471805599453,37,18.29,19.09,18.21,18.67,27.0,3.8,1.8,0.5,77.57,67.0,78.86,75.43,5.0,1.0,4.0,1.0
2018-09-23,201839,5.0,5,5,5,0.8485915,0.8721666,0,1,313670220183919589,2023-08-20,Juiz de Fora,2.0919566,573285,1,0,0,4,,,,,103009,18.16,22.53,27.97,15.1,76.14,3.0,17.51,1.5138255,2.0,14.6,1.225451,2.0,13.87,1.9994678,2.0,14.27,4.2034836,3.0,16.035,1.791759469228055,0.4054651081081644,0.6931471805599452,0.6931471805599452,0.6931471805599452,38,20.94,18.29,19.09,18.21,33.9,27.0,3.8,1.8,83.43,77.57,67.0,78.86,1.0,4.0,1.0,6.0
2018-09-30,201840,1.0,1,1,1,0.11977574,0.1744333,0,1,313670220184019589,2023-08-20,Juiz de Fora,0.3266274,573285,0,0,0,1,,,,,103009,18.43,22.09,26.43,16.3,78.14,5.0,18.16,2.0919566,3.0,17.51,1.5138255,2.0,14.6,1.225451,2.0,13.87,1.9994678,2.75,17.175,0.6931471805599453,-1.0986122886681096,-0.6931471805599453,-0.4054651081081645,-0.4054651081081645,39,22.53,20.94,18.29,19.09,15.1,33.9,27.0,3.8,76.14,83.43,77.57,67.0,4.0,1.0,6.0,0.0
2018-10-07,201841,4.0,4,4,4,0.60891986,0.6977332,0,1,313670220184119589,2023-08-20,Juiz de Fora,1.2137127,573285,1,0,0,3,,,,,103009,18.37,21.51,25.87,82.6,85.71,1.0,18.43,0.3266274,5.0,18.16,2.0919566,3.0,17.51,1.5138255,2.0,14.6,1.225451,3.25,18.1175,1.6094379124341003,0.916290731874155,-0.18232155679395468,0.2231435513142097,0.5108256237659905,40,22.09,22.53,20.94,18.29,16.3,15.1,33.9,27.0,78.14,76.14,83.43,77.57,1.0,6.0,0.0,1.0
2018-10-14,201842,1.0,1,1,1,0.14341055,0.1744333,0,1,313670220184219589,2023-08-20,Juiz de Fora,0.35691634,573285,1,0,0,1,,,,,103009,18.01,20.87,24.71,31.3,85.29,4.0,18.37,1.2137127,1.0,18.43,0.3266274,5.0,18.16,2.0919566,3.0,17.51,1.5138255,2.75,18.2425,0.6931471805599453,-0.916290731874155,0.0,-1.0986122886681096,-0.6931471805599453,41,21.51,22.09,22.53,20.94,82.6,16.3,15.1,33.9,85.71,78.14,76.14,83.43,6.0,0.0,1.0,6.0
2018-10-21,201843,6.0,6,6,6,0.88461477,1.0465999,0,1,313670220184319589,2023-08-20,Juiz de Fora,2.2328262,573285,0,0,0,4,,,,,103009,15.71,20.21,24.84,34.3,80.43,1.0,18.01,0.35691634,4.0,18.37,1.2137127,1.0,18.43,0.3266274,5.0,18.16,2.0919566,3.0,17.630000000000003,1.9459101490553132,1.252762968495368,0.33647223662121295,1.252762968495368,0.15415067982725827,42,20.87,21.51,22.09,22.53,31.3,82.6,16.3,15.1,85.29,85.71,78.14,76.14,0.0,1.0,6.0,2.0
2018-10-28,201844,0.0,0,0,0,0.0,0.0,0,1,313670220184419589,2023-08-20,Juiz de Fora,0.0,573285,0,0,0,0,,,,,103009,17.69,21.29,26.03,11.5,79.0,6.0,15.71,2.2328262,1.0,18.01,0.35691634,4.0,18.37,1.2137127,1.0,18.43,0.3266274,2.75,17.445,0.0,-1.9459101490553132,-0.6931471805599453,-1.6094379124341003,-0.6931471805599453,43,20.21,20.87,21.51,22.09,34.3,31.3,82.6,16.3,80.43,85.29,85.71,78.14,1.0,6.0,2.0,2.0
2018-11-04,201845,1.0,1,1,1,0.13298315,0.1744333,0,1,313670220184519589,2023-08-20,Juiz de Fora,0.34356177,573285,0,0,0,2,,,,,103009,17.23,19.63,22.89,103.0,88.0,0.0,17.69,0.0,6.0,15.71,2.2328262,1.0,18.01,0.35691634,4.0,18.37,1.2137127,2.0,17.16,0.6931471805599453,0.6931471805599453,-1.252762968495368,0.0,-0.916290731874155,44,21.29,20.21,20.87,21.51,11.5,34.3,31.3,82.6,79.0,80.43,85.29,85.71,6.0,2.0,2.0,7.0
2018-11-11,201846,6.0,6,6,6,0.9315374,1.0465999,0,1,313670220184619589,2023-08-20,Juiz de Fora,2.8713622,573285,1,0,0,4,,,,,103009,19.49,23.07,28.11,53.9,79.43,1.0,17.23,0.34356177,0.0,17.69,0.0,6.0,15.71,2.2328262,1.0,18.01,0.35691634,3.25,17.53,1.9459101490553132,1.252762968495368,1.9459101490553132,0.0,1.252762968495368,45,19.63,21.29,20.21,20.87,103.0,11.5,34.3,31.3,88.0,79.0,80.43,85.29,2.0,2.0,7.0,8.0
2018-11-18,201847,2.0,2,2,2,0.4390717,0.3488666,0,1,313670220184719589,2023-08-20,Juiz de Fora,0.87425464,573285,1,0,0,2,,,,,103009,17.41,20.66,24.1,65.5,83.71,6.0,19.49,2.8713622,1.0,17.23,0.34356177,0.0,17.69,0.0,6.0,15.71,2.2328262,2.25,17.955000000000002,1.0986122886681098,-0.8472978603872034,0.4054651081081645,1.0986122886681098,-0.8472978603872034,46,23.07,19.63,21.29,20.21,53.9,103.0,11.5,34.3,79.43,88.0,79.0,80.43,2.0,7.0,8.0,5.0
2018-11-25,201848,2.0,2,2,2,0.27532625,0.3488666,0,1,313670220184819589,2023-08-20,Juiz de Fora,0.6145755,573285,0,0,0,1,,,,,103009,18.06,22.06,26.83,41.6,77.86,2.0,17.41,0.87425464,6.0,19.49,2.8713622,1.0,17.23,0.34356177,0.0,17.69,0.0,2.75,18.0475,1.0986122886681098,0.0,-0.8472978603872034,0.4054651081081645,1.0986122886681098,47,20.66,23.07,19.63,21.29,65.5,53.9,103.0,11.5,83.71,79.43,88.0,79.0,7.0,8.0,5.0,7.0
2018-12-02,201849,7.0,7,7,7,0.89828867,1.2210332,0,1,313670220184919589,2023-08-20,Juiz de Fora,2.2107246,573285,1,0,0,4,,,,,103009,18.1,21.57,26.26,139.4,80.86,2.0,18.06,0.6145755,2.0,17.41,0.87425464,6.0,19.49,2.8713622,1.0,17.23,0.34356177,4.25,18.265,2.0794415416798357,0.980829253011726,0.980829253011726,0.13353139262452252,1.3862943611198904,48,22.06,20.66,23.07,19.63,41.6,65.5,53.9,103.0,77.86,83.71,79.43,88.0,8.0,5.0,7.0,7.0
2018-12-09,201850,8.0,8,8,8,0.90447915,1.3954664,0,1,313670220185019589,2023-08-20,Juiz de Fora,2.1413646,573285,0,0,0,3,,,,,103009,17.33,23.11,28.53,1.2,69.14,7.0,18.1,2.2107246,2.0,18.06,0.6145755,2.0,17.41,0.87425464,6.0,19.49,2.8713622,4.75,17.725,2.1972245773362196,0.11778303565638382,1.0986122886681098,1.0986122886681098,0.25131442828090633,49,21.57,22.06,20.66,23.07,139.4,41.6,65.5,53.9,80.86,77.86,83.71,79.43,5.0,7.0,7.0,5.0
2018-12-16,201851,5.0,5,5,5,0.42189407,0.8721666,0,1,313670220185119589,2023-08-20,Juiz de Fora,0.89016044,573285,1,0,0,3,,,,,103009,20.79,25.14,30.47,21.0,74.29,8.0,17.33,2.1413646,7.0,18.1,2.2107246,2.0,18.06,0.6145755,2.0,17.41,0.87425464,5.5,18.57,1.791759469228055,-0.4054651081081646,-0.2876820724517808,0.6931471805599452,0.6931471805599452,50,23.11,21.57,22.06,20.66,1.2,139.4,41.6,65.5,69.14,80.86,77.86,83.71,7.0,7.0,5.0,17.0
2018-12-23,201852,7.0,7,7,7,0.54557633,1.2210332,0,1,313670220185219589,2023-08-20,Juiz de Fora,1.0620908,573285,1,0,0,4,,,,,103009,19.01,21.97,26.33,130.0,86.57,5.0,20.79,0.89016044,8.0,17.33,2.1413646,7.0,18.1,2.2107246,2.0,18.06,0.6145755,6.75,18.8075,2.0794415416798357,0.2876820724517808,-0.11778303565638382,0.0,0.980829253011726,51,25.14,23.11,21.57,22.06,21.0,1.2,139.4,41.6,74.29,69.14,80.86,77.86,7.0,5.0,17.0,25.0
2018-12-30,201901,7.0,7,7,7,0.56837755,1.2210332,0,2,313670220190119589,2023-08-20,Juiz de Fora,1.095584,573285,1,0,0,5,,,,,103009,20.14,24.16,29.91,53.7,80.29,7.0,19.01,1.0620908,5.0,20.79,0.89016044,8.0,17.33,2.1413646,7.0,18.1,2.2107246,6.75,19.3175,2.0794415416798357,0.0,0.2876820724517808,-0.11778303565638382,0.0,52,21.97,25.14,23.11,21.57,130.0,21.0,1.2,139.4,86.57,74.29,69.14,80.86,5.0,17.0,25.0,42.0
2019-01-06,201902,5.0,5,5,5,0.3302229,0.8721666,0,2,313670220190219589,2023-08-20,Juiz de Fora,0.77767503,573285,1,0,0,6,,,,,103009,19.49,24.6,29.9,5.0,71.57,7.0,20.14,1.095584,7.0,19.01,1.0620908,5.0,20.79,0.89016044,8.0,17.33,2.1413646,6.0,19.8575,1.791759469228055,-0.2876820724517808,-0.2876820724517808,0.0,-0.4054651081081646,1,24.16,21.97,25.14,23.11,53.7,130.0,21.0,1.2,80.29,86.57,74.29,69.14,17.0,25.0,42.0,44.0
2019-01-13,201903,17.0,17,17,17,0.9835499,2.9653664,0,2,313670220190319589,2023-08-20,Juiz de Fora,2.456491,573285,1,1,1,8,,,,,103009,19.64,24.54,30.24,21.4,74.57,5.0,19.49,0.77767503,7.0,20.14,1.095584,7.0,19.01,1.0620908,5.0,20.79,0.89016044,9.0,19.57,2.8903717578961645,1.0986122886681096,0.8109302162163288,0.8109302162163288,1.0986122886681096,2,24.6,24.16,21.97,25.14,5.0,53.7,130.0,21.0,71.57,80.29,86.57,74.29,25.0,42.0,44.0,62.0
2019-01-20,201904,25.0,25,25,25,0.99664104,4.3608327,0,3,313670220190419589,2023-08-20,Juiz de Fora,2.6169899,573285,1,1,1,15,,,,,103009,20.01,24.76,30.69,32.0,75.0,17.0,19.64,2.456491,5.0,19.49,0.77767503,7.0,20.14,1.095584,7.0,19.01,1.0620908,13.5,19.82,3.258096538021482,0.3677247801253176,1.4663370687934272,1.1786549963416464,1.1786549963416464,3,24.54,24.6,24.16,21.97,21.4,5.0,53.7,130.0,74.57,71.57,80.29,86.57,42.0,44.0,62.0,64.0
2019-01-27,201905,42.0,42,42,42,0.9996373,7.326199,0,3,313670220190519589,2023-08-20,Juiz de Fora,2.5122018,573285,1,1,1,32,,,,,103009,19.94,25.83,31.14,1.3,65.86,25.0,20.01,2.6169899,17.0,19.64,2.456491,5.0,19.49,0.77767503,7.0,20.14,1.095584,22.25,19.77,3.7612001156935624,0.5031035776720802,0.8708283577973979,1.9694406464655074,1.6817585740137266,4,24.76,24.54,24.6,24.16,32.0,21.4,5.0,53.7,75.0,74.57,71.57,80.29,44.0,62.0,64.0,66.0
2019-02-03,201906,44.0,44,44,44,0.9797922,7.6750655,0,3,313670220190619589,2023-08-20,Juiz de Fora,1.634026,573285,1,1,1,33,,,,,103009,19.59,22.79,28.04,100.8,81.43,42.0,19.94,2.5122018,25.0,20.01,2.6169899,17.0,19.64,2.456491,5.0,19.49,0.77767503,32.0,19.795,3.8066624897703196,0.04546237407675724,0.5485659517488375,0.9162907318741551,2.0149030205422647,5,25.83,24.76,24.54,24.6,1.3,32.0,21.4,5.0,65.86,75.0,74.57,71.57,62.0,64.0,66.0,116.0
2019-02-10,201907,62.0,62,62,62,0.9928942,10.814865,0,3,313670220190719589,2023-08-20,Juiz de Fora,1.6428216,573285,1,1,1,50,,,,,103009,19.37,22.97,27.2,67.6,82.57,44.0,19.59,1.634026,42.0,19.94,2.5122018,25.0,20.01,2.6169899,17.0,19.64,2.456491,43.25,19.7275,4.143134726391533,0.33647223662121295,0.3819346106979702,0.8850381883700504,1.252762968495368,6,22.79,25.83,24.76,24.54,100.8,1.3,32.0,21.4,81.43,65.86,75.0,74.57,64.0,66.0,116.0,170.0
2019-02-17,201908,64.0,64,64,64,0.94075614,11.163732,0,3,313670220190819589,2023-08-20,Juiz de Fora,1.3445482,573285,1,0,1,51,,,,,103009,20.29,24.3,29.47,49.4,80.86,62.0,19.37,1.6428216,44.0,19.59,1.634026,42.0,19.94,2.5122018,25.0,20.01,2.6169899,53.0,19.7975,4.174387269895637,0.031252543504104224,0.3677247801253172,0.4131871542020744,0.9162907318741547,7,22.97,22.79,25.83,24.76,67.6,100.8,1.3,32.0,82.57,81.43,65.86,75.0,66.0,116.0,170.0,214.0
2019-02-24,201909,66.0,66,66,66,0.79739785,11.512598,0,2,313670220190919589,2023-08-20,Juiz de Fora,1.1617395,573285,1,0,1,55,,,,,103009,20.19,24.26,29.86,52.0,79.14,64.0,20.29,1.3445482,62.0,19.37,1.6428216,44.0,19.59,1.634026,42.0,19.94,2.5122018,59.0,19.86,4.204692619390966,0.030305349495328926,0.06155789299943315,0.3980301296206461,0.44349250369740334,8,24.3,22.97,22.79,25.83,49.4,67.6,100.8,1.3,80.86,82.57,81.43,65.86,116.0,170.0,214.0,320.0
2019-03-03,201910,116.0,116,116,116,0.9999267,20.234264,0,2,313670220191019589,2023-08-20,Juiz de Fora,1.7755295,573285,1,1,1,112,,,,,103009,20.09,24.26,29.73,21.9,80.43,66.0,20.19,1.1617395,64.0,20.29,1.3445482,62.0,19.37,1.6428216,44.0,19.59,1.634026,77.0,19.985,4.762173934797756,0.5574813154067906,0.5877866649021195,0.6190392084062237,0.9555114450274367,9,24.26,24.3,22.97,22.79,52.0,49.4,67.6,100.8,79.14,80.86,82.57,81.43,170.0,214.0,320.0,340.0
2019-03-10,201911,170.0,170,170,170,1.0,29.653662,0,3,313670220191119589,2023-08-20,Juiz de Fora,2.0578253,573285,1,1,2,157,,,,,103009,20.5,24.34,30.07,56.7,80.71,116.0,20.09,1.7755295,66.0,20.19,1.1617395,64.0,20.29,1.3445482,62.0,19.37,1.6428216,104.0,20.2675,5.14166355650266,0.37948962170490397,0.9369709371116945,0.9672762866070235,0.9985288301111277,10,24.26,24.26,24.3,22.97,21.9,52.0,49.4,67.6,80.43,79.14,80.86,82.57,214.0,320.0,340.0,325.0
2019-03-17,201912,214.0,214,214,214,0.99999994,37.328728,0,3,313670220191219589,2023-08-20,Juiz de Fora,1.8032805,573285,1,1,2,206,,,,,103009,19.46,22.51,27.06,74.5,86.57,170.0,20.5,2.0578253,116.0,20.09,1.7755295,66.0,20.19,1.1617395,64.0,20.29,1.3445482,141.5,20.060000000000002,5.3706380281276624,0.22897447162500217,0.6084640933299061,1.1659454087366967,1.1962507582320256,11,24.34,24.26,24.26,24.3,56.7,21.9,52.0,49.4,80.71,80.43,79.14,80.86,320.0,340.0,325.0,417.0
2019-03-24,201913,320.0,320,320,320,1.0,55.81866,0,4,313670220191319589,2023-08-20,Juiz de Fora,1.8957005,573285,0,1,2,311,,,,,103009,18.17,22.2,27.0,28.0,77.86,214.0,19.46,1.8032805,170.0,20.5,2.0578253,116.0,20.09,1.7755295,66.0,20.19,1.1617395,205.0,19.555,5.771441123130016,0.40080309500235334,0.6297775666273555,1.0092671883322595,1.56674850373905,12,22.51,24.34,24.26,24.26,74.5,56.7,21.9,52.0,86.57,80.71,80.43,79.14,340.0,325.0,417.0,540.0
2019-03-31,201914,340.0,340,340,340,0.99999857,59.307323,0,4,313670220191419589,2023-08-20,Juiz de Fora,1.4856222,573285,1,1,2,328,,,,,103009,19.11,23.11,28.74,5.7,80.57,320.0,18.17,1.8957005,214.0,19.46,1.8032805,170.0,20.5,2.0578253,116.0,20.09,1.7755295,261.0,19.310000000000002,5.831882477283517,0.06044135415350116,0.4612444491558545,0.6902189207808567,1.0697085424857606,13,22.2,22.51,24.34,24.26,28.0,74.5,56.7,21.9,77.86,86.57,80.71,80.43,325.0,417.0,540.0,788.0
2019-04-07,201915,325.0,325,325,325,0.92728066,56.690826,0,4,313670220191519589,2023-08-20,Juiz de Fora,1.1247159,573285,1,0,2,321,,,,,103009,18.89,22.57,27.47,11.9,81.71,340.0,19.11,1.4856222,320.0,18.17,1.8957005,214.0,19.46,1.8032805,170.0,20.5,2.0578253,299.75,18.9075,5.786897381366708,-0.044985095916809215,0.015456258236691944,0.4162593532390453,0.6452338248640475,14,23.11,22.2,22.51,24.34,5.7,28.0,74.5,56.7,80.57,77.86,86.57,80.71,417.0,540.0,788.0,982.0
2019-04-14,201916,417.0,417,417,417,0.9995549,72.73869,0,4,313670220191619589,2023-08-20,Juiz de Fora,1.2769912,573285,1,1,2,403,,,,,103009,18.4,22.07,27.21,15.5,82.43,325.0,18.89,1.1247159,340.0,19.11,1.4856222,320.0,18.17,1.8957005,214.0,19.46,1.8032805,350.5,18.6425,6.035481432524756,0.2485840511580486,0.2035989552412394,0.26404030939474055,0.6648434043970939,15,22.57,23.11,22.2,22.51,11.9,5.7,28.0,74.5,81.71,80.57,77.86,86.57,540.0,788.0,982.0,819.0
2019-04-21,201917,540.0,540,540,540,1.0,94.193985,0,4,313670220191719589,2023-08-20,Juiz de Fora,1.4990354,573285,0,1,2,522,,,,,103009,17.99,22.44,28.01,6.3,79.57,417.0,18.4,1.2769912,325.0,18.89,1.1247159,340.0,19.11,1.4856222,320.0,18.17,1.8957005,405.5,18.5975,6.293419278846481,0.2579378463217248,0.5065218974797734,0.46153680156296417,0.5219781557164653,16,22.07,22.57,23.11,22.2,15.5,11.9,5.7,28.0,82.43,81.71,80.57,77.86,788.0,982.0,819.0,791.0
2019-04-28,201918,788.0,788,788,788,1.0,137.45345,0,4,313670220191819589,2023-08-20,Juiz de Fora,1.7990354,573285,1,1,2,747,,,,,103009,17.74,21.9,27.17,8.1,82.29,540.0,17.99,1.4990354,417.0,18.4,1.2769912,325.0,18.89,1.1247159,340.0,19.11,1.4856222,517.5,18.255,6.670766320845874,0.37734704199939273,0.6352848883211175,0.8838689394791661,0.8388838435623569,17,22.44,22.07,22.57,23.11,6.3,15.5,11.9,5.7,79.57,82.43,81.71,80.57,982.0,819.0,791.0,595.0
2019-05-05,201919,982.0,982,982,982,1.0,171.2935,0,4,313670220191919589,2023-08-20,Juiz de Fora,1.695677,573285,0,1,2,927,,,,,103009,17.59,20.76,24.87,7.8,83.29,788.0,17.74,1.7990354,540.0,17.99,1.4990354,417.0,18.4,1.2769912,325.0,18.89,1.1247159,681.75,17.93,6.890609120147166,0.21984279930129258,0.5971898413006853,0.8551276876224101,1.1037117387804587,18,21.9,22.44,22.07,22.57,8.1,6.3,15.5,11.9,82.29,79.57,82.43,81.71,819.0,791.0,595.0,402.0
2019-05-12,201920,819.0,819,819,819,0.9573174,142.86089,0,4,313670220192019589,2023-08-20,Juiz de Fora,1.0907419,573285,0,1,2,768,,,,,103009,17.87,20.53,24.19,59.1,88.14,982.0,17.59,1.695677,788.0,17.74,1.7990354,540.0,17.99,1.4990354,417.0,18.4,1.2769912,782.25,17.7975,6.709304340258298,-0.18130477988886806,0.03853801941242452,0.41588506141181725,0.673822907733542,19,20.76,21.9,22.44,22.07,7.8,8.1,6.3,15.5,83.29,82.29,79.57,82.43,791.0,595.0,402.0,284.0
2019-05-19,201921,791.0,791,791,791,0.05906645,137.97675,0,4,313670220192119589,2023-08-20,Juiz de Fora,0.9258367,573285,0,0,2,747,,,,,103009,14.87,20.01,26.56,0.3,78.14,819.0,17.87,1.0907419,982.0,17.59,1.695677,788.0,17.74,1.7990354,540.0,17.99,1.4990354,845.0,17.017500000000002,6.674561391814426,-0.03474294844387238,-0.21604772833274044,0.003795070968552139,0.38114211296794487,20,20.53,20.76,21.9,22.44,59.1,7.8,8.1,6.3,88.14,83.29,82.29,79.57,595.0,402.0,284.0,164.0
2019-05-26,201922,595.0,595,595,595,1.3818724e-10,103.78782,0,4,313670220192219589,2023-08-20,Juiz de Fora,0.71439993,573285,0,0,2,557,,,,,103009,14.43,20.09,26.93,0.0,80.0,791.0,14.87,0.9258367,819.0,17.87,1.0907419,982.0,17.59,1.695677,788.0,17.74,1.7990354,796.75,16.19,6.39024066706535,-0.284320724749076,-0.31906367319294837,-0.5003684530818164,-0.28052565378052385,21,20.01,20.53,20.76,21.9,0.3,59.1,7.8,8.1,78.14,88.14,83.29,82.29,402.0,284.0,164.0,126.0
2019-06-02,201923,402.0,402,402,402,0.0,70.12219,0,4,313670220192319589,2023-08-20,Juiz de Fora,0.54619664,573285,0,0,2,388,,,,,103009,13.37,17.36,22.44,13.3,82.43,595.0,14.43,0.71439993,791.0,14.87,0.9258367,819.0,17.87,1.0907419,982.0,17.59,1.695677,651.75,15.134999999999998,5.998936561946683,-0.3913041051186674,-0.6756248298677434,-0.7103677783116158,-0.8916725582004839,22,20.09,20.01,20.53,20.76,0.0,0.3,59.1,7.8,80.0,78.14,88.14,83.29,284.0,164.0,126.0,89.0
2019-06-09,201924,284.0,284,284,284,0.0,49.53906,0,4,313670220192419589,2023-08-20,Juiz de Fora,0.48131344,573285,0,0,2,275,,,,,103009,13.84,18.46,23.74,0.3,84.29,402.0,13.37,0.54619664,595.0,14.43,0.71439993,791.0,14.87,0.9258367,819.0,17.87,1.0907419,518.0,14.1275,5.652489180268651,-0.3464473816780318,-0.7377514867966992,-1.0220722115457752,-1.0568151599896476,23,17.36,20.09,20.01,20.53,13.3,0.0,0.3,59.1,82.43,80.0,78.14,88.14,164.0,126.0,89.0,40.0
2019-06-16,201925,164.0,164,164,164,0.0,28.607063,0,4,313670220192519589,2023-08-20,Juiz de Fora,0.3828281,573285,0,0,2,159,,,,,103009,14.07,18.14,23.36,0.7,82.57,284.0,13.84,0.48131344,402.0,13.37,0.54619664,595.0,14.43,0.71439993,791.0,14.87,0.9258367,361.25,13.9275,5.10594547390058,-0.5465437063680705,-0.8929910880461023,-1.2842951931647697,-1.5686159179138457,24,18.46,17.36,20.09,20.01,0.3,13.3,0.0,0.3,84.29,82.43,80.0,78.14,126.0,89.0,40.0,21.0
2019-06-23,201926,126.0,126,126,126,0.0,21.978598,0,4,313670220192619589,2023-08-20,Juiz de Fora,0.43032905,573285,0,0,1,124,,,,,103009,14.41,19.77,26.11,0.7,78.71,164.0,14.07,0.3828281,284.0,13.84,0.48131344,402.0,13.37,0.54619664,595.0,14.43,0.71439993,244.0,13.9225,4.844187086458591,-0.2617583874419891,-0.8083020938100596,-1.1547494754880914,-1.5460535806067588,25,18.14,18.46,17.36,20.09,0.7,0.3,13.3,0.0,82.57,84.29,82.43,80.0,89.0,40.0,21.0,16.0
2019-06-30,201927,89.0,89,89,89,1.2972978e-10,15.524565,0,1,313670220192719589,2023-08-20,Juiz de Fora,0.4590276,573285,0,0,1,85,,,,,103009,12.34,18.51,25.79,7.4,75.14,126.0,14.41,0.43032905,164.0,14.07,0.3828281,284.0,13.84,0.48131344,402.0,13.37,0.54619664,165.75,13.665,4.499809670330265,-0.3443774161283262,-0.6061358035703153,-1.1526795099383857,-1.4991268916164175,26,19.77,18.14,18.46,17.36,0.7,0.7,0.3,13.3,78.71,82.57,84.29,82.43,40.0,21.0,16.0,11.0
2019-07-07,201928,40.0,40,40,40,4.2454928e-13,6.9773326,0,1,313670220192819589,2023-08-20,Juiz de Fora,0.30571502,573285,0,0,1,38,,,,,103009,8.3,14.23,22.0,0.0,75.14,89.0,12.34,0.4590276,126.0,14.41,0.43032905,164.0,14.07,0.3828281,284.0,13.84,0.48131344,104.75,12.280000000000001,3.713572066704308,-0.7862376036259571,-1.1306150197542832,-1.3923734071962723,-1.9389171135643428,27,18.51,19.77,18.14,18.46,7.4,0.7,0.7,0.3,75.14,78.71,82.57,84.29,21.0,16.0,11.0,11.0
2019-07-14,201929,21.0,21,21,21,1.9218738e-11,3.6630995,0,1,313670220192919589,2023-08-20,Juiz de Fora,0.24144962,573285,0,0,1,21,,,,,103009,10.41,15.9,21.79,0.0,77.43,40.0,8.3,0.30571502,89.0,12.34,0.4590276,126.0,14.41,0.43032905,164.0,14.07,0.3828281,69.0,11.365,3.091042453358316,-0.6225296133459919,-1.408767216971949,-1.7531446331002751,-2.0149030205422642,28,14.23,18.51,19.77,18.14,0.0,7.4,0.7,0.7,75.14,75.14,78.71,82.57,16.0,11.0,11.0,5.0
2019-07-21,201930,16.0,16,16,16,5.0332246e-06,2.790933,0,1,313670220193019589,2023-08-20,Juiz de Fora,0.31368476,573285,0,0,1,14,,,,,103009,12.3,17.7,24.1,0.4,77.43,21.0,10.41,0.24144962,40.0,8.3,0.30571502,89.0,12.34,0.4590276,126.0,14.41,0.43032905,41.5,10.8375,2.833213344056216,-0.2578291093020999,-0.8803587226480918,-1.6665963262740489,-2.010973742402375,29,15.9,14.23,18.51,19.77,0.0,0.0,7.4,0.7,77.43,75.14,75.14,78.71,11.0,11.0,5.0,6.0
2019-07-28,201931,11.0,11,11,11,0.0026461005,1.9187664,0,1,313670220193119589,2023-08-20,Juiz de Fora,0.39415178,573285,0,0,1,9,,,,,103009,12.83,18.33,24.44,7.9,76.71,16.0,12.3,0.31368476,21.0,10.41,0.24144962,40.0,8.3,0.30571502,89.0,12.34,0.4590276,22.0,10.96,2.4849066497880004,-0.3483066942682158,-0.6061358035703157,-1.2286654169163076,-2.0149030205422647,30,17.7,15.9,14.23,18.51,0.4,0.0,0.0,7.4,77.43,77.43,75.14,75.14,11.0,5.0,6.0,5.0
2019-08-04,201932,11.0,11,11,11,0.11395077,1.9187664,0,1,313670220193219589,2023-08-20,Juiz de Fora,0.63616097,573285,0,0,1,9,,,,,103009,13.2,17.17,22.03,3.9,81.86,11.0,12.83,0.39415178,16.0,12.3,0.31368476,21.0,10.41,0.24144962,40.0,8.3,0.30571502,14.75,12.185,2.4849066497880004,0.0,-0.3483066942682158,-0.6061358035703157,-1.2286654169163076,31,18.33,17.7,15.9,14.23,7.9,0.4,0.0,0.0,76.71,77.43,77.43,75.14,5.0,6.0,5.0,4.0
2019-08-11,201933,5.0,5,5,5,0.030541478,0.8721666,0,1,313670220193319589,2023-08-20,Juiz de Fora,0.39952973,573285,0,0,0,5,,,,,103009,11.83,17.44,23.74,0.0,72.29,11.0,13.2,0.63616097,11.0,12.83,0.39415178,16.0,12.3,0.31368476,21.0,10.41,0.24144962,10.75,12.54,1.791759469228055,-0.6931471805599454,-0.6931471805599454,-1.0414538748281612,-1.299282984130261,32,17.17,18.33,17.7,15.9,3.9,7.9,0.4,0.0,81.86,76.71,77.43,77.43,6.0,5.0,4.0,5.0
2019-08-18,201934,6.0,6,6,6,0.17655449,1.0465999,0,1,313670220193419589,2023-08-20,Juiz de Fora,0.6285189,573285,0,0,0,5,,,,,103009,13.66,17.59,22.56,14.6,79.43,5.0,11.83,0.39952973,11.0,13.2,0.63616097,11.0,12.83,0.39415178,16.0,12.3,0.31368476,8.25,12.88,1.9459101490553132,0.15415067982725827,-0.5389965007326871,-0.5389965007326871,-0.8873031950009029,33,17.44,17.17,18.33,17.7,0.0,3.9,7.9,0.4,72.29,81.86,76.71,77.43,5.0,4.0,5.0,5.0
2019-08-25,201935,5.0,5,5,5,0.27024433,0.8721666,0,1,313670220193519589,2023-08-20,Juiz de Fora,0.70963764,573285,0,0,0,5,,,,,103009,13.43,17.81,23.2,0.1,74.0,6.0,13.66,0.6285189,5.0,11.83,0.39952973,11.0,13.2,0.63616097,11.0,12.83,0.39415178,6.75,13.03,1.791759469228055,-0.15415067982725827,0.0,-0.6931471805599454,-0.6931471805599454,34,17.59,17.44,17.17,18.33,14.6,0.0,3.9,7.9,79.43,72.29,81.86,76.71,4.0,5.0,5.0,7.0
2019-09-01,201936,4.0,4,4,4,0.28643098,0.6977332,0,1,313670220193619589,2023-08-20,Juiz de Fora,0.7049516,573285,0,0,0,1,,,,,103009,16.06,20.11,25.41,13.0,79.0,5.0,13.43,0.70963764,6.0,13.66,0.6285189,5.0,11.83,0.39952973,11.0,13.2,0.63616097,5.0,13.745000000000001,1.6094379124341003,-0.18232155679395468,-0.33647223662121295,-0.18232155679395468,-0.8754687373539001,35,17.81,17.59,17.44,17.17,0.1,14.6,0.0,3.9,74.0,79.43,72.29,81.86,5.0,5.0,7.0,3.0
2019-09-08,201937,5.0,5,5,5,0.49939826,0.8721666,0,1,313670220193719589,2023-08-20,Juiz de Fora,0.9990859,573285,0,0,0,5,,,,,103009,15.83,21.66,28.51,0.9,68.57,4.0,16.06,0.7049516,5.0,13.43,0.70963764,6.0,13.66,0.6285189,5.0,11.83,0.39952973,5.0,14.745000000000001,1.791759469228055,0.18232155679395468,0.0,-0.15415067982725827,0.0,36,20.11,17.81,17.59,17.44,13.0,0.1,14.6,0.0,79.0,74.0,79.43,72.29,5.0,7.0,3.0,9.0
2019-09-15,201938,5.0,5,5,5,0.54915416,0.8721666,0,1,313670220193819589,2023-08-20,Juiz de Fora,1.0792085,573285,1,0,0,5,,,,,103009,18.37,23.4,30.07,0.1,65.0,5.0,15.83,0.9990859,4.0,16.06,0.7049516,5.0,13.43,0.70963764,6.0,13.66,0.6285189,4.75,15.9225,1.791759469228055,0.0,0.18232155679395468,0.0,-0.15415067982725827,37,21.66,20.11,17.81,17.59,0.9,13.0,0.1,14.6,68.57,79.0,74.0,79.43,7.0,3.0,9.0,12.0
2019-09-22,201939,7.0,7,7,7,0.74214244,1.2210332,0,1,313670220193919589,2023-08-20,Juiz de Fora,1.4440087,573285,0,0,0,6,,,,,103009,14.63,17.3,20.49,64.4,84.43,5.0,18.37,1.0792085,5.0,15.83,0.9990859,4.0,16.06,0.7049516,5.0,13.43,0.70963764,5.25,16.2225,2.0794415416798357,0.2876820724517808,0.2876820724517808,0.47000362924573547,0.2876820724517808,38,23.4,21.66,20.11,17.81,0.1,0.9,13.0,0.1,65.0,68.57,79.0,74.0,3.0,9.0,12.0,4.0
2019-09-29,201940,3.0,3,3,3,0.19865403,0.52329993,0,1,313670220194019589,2023-08-20,Juiz de Fora,0.5661161,573285,0,0,0,2,,,,,103009,15.67,19.96,25.06,5.6,76.14,7.0,14.63,1.4440087,5.0,18.37,1.0792085,5.0,15.83,0.9990859,4.0,16.06,0.7049516,5.0,16.125,1.3862943611198906,-0.6931471805599452,-0.4054651081081644,-0.4054651081081644,-0.2231435513142097,39,17.3,23.4,21.66,20.11,64.4,0.1,0.9,13.0,84.43,65.0,68.57,79.0,9.0,12.0,4.0,8.0
2019-10-06,201941,9.0,9,9,9,0.82909876,1.5698998,0,1,313670220194119589,2023-08-20,Juiz de Fora,1.6355783,573285,0,0,0,3,,,,,103009,17.91,21.2,25.61,21.4,82.43,3.0,15.67,0.5661161,7.0,14.63,1.4440087,5.0,18.37,1.0792085,5.0,15.83,0.9990859,6.0,16.645,2.302585092994046,0.9162907318741553,0.22314355131421015,0.5108256237659909,0.5108256237659909,40,19.96,17.3,23.4,21.66,5.6,64.4,0.1,0.9,76.14,84.43,65.0,68.57,12.0,4.0,8.0,2.0
2019-10-13,201942,12.0,12,12,12,0.92791,2.0931997,0,1,313670220194219589,2023-08-20,Juiz de Fora,1.9970354,573285,0,0,1,7,,,,,103009,17.87,23.06,28.86,3.8,71.57,9.0,17.91,1.6355783,3.0,15.67,0.5661161,7.0,14.63,1.4440087,5.0,18.37,1.0792085,7.75,16.52,2.5649493574615367,0.26236426446749084,1.1786549963416462,0.485507815781701,0.7731898882334818,41,21.2,19.96,17.3,23.4,21.4,5.6,64.4,0.1,82.43,76.14,84.43,65.0,4.0,8.0,2.0,2.0
2019-10-20,201943,4.0,4,4,4,0.12145678,0.6977332,0,1,313670220194319589,2023-08-20,Juiz de Fora,0.51041394,573285,1,0,0,2,,,,,103009,17.39,20.56,25.34,37.0,81.43,12.0,17.87,1.9970354,9.0,17.91,1.6355783,3.0,15.67,0.5661161,7.0,14.63,1.4440087,7.0,17.21,1.6094379124341003,-0.9555114450274365,-0.6931471805599456,0.2231435513142097,-0.47000362924573547,42,23.06,21.2,19.96,17.3,3.8,21.4,5.6,64.4,71.57,82.43,76.14,84.43,8.0,2.0,2.0,7.0
2019-10-27,201944,8.0,8,8,8,0.44401857,1.3954664,0,1,313670220194419589,2023-08-20,Juiz de Fora,0.9347403,573285,1,0,0,7,,,,,103009,19.31,23.06,28.46,44.1,79.29,4.0,17.39,0.51041394,12.0,17.87,1.9970354,9.0,17.91,1.6355783,3.0,15.67,0.5661161,8.25,18.119999999999997,2.1972245773362196,0.5877866649021193,-0.3677247801253172,-0.10536051565782634,0.810930216216329,43,20.56,23.06,21.2,19.96,37.0,3.8,21.4,5.6,81.43,71.57,82.43,76.14,2.0,2.0,7.0,6.0
2019-11-03,201945,2.0,2,2,2,0.03428043,0.3488666,0,2,313670220194519589,2023-08-20,Juiz de Fora,0.28395683,573285,1,0,0,1,,,,,103009,18.84,23.39,29.03,39.7,74.0,8.0,19.31,0.9347403,4.0,17.39,0.51041394,12.0,17.87,1.9970354,9.0,17.91,1.6355783,6.5,18.3525,1.0986122886681098,-1.0986122886681098,-0.5108256237659905,-1.466337068793427,-1.2039728043259361,44,23.06,20.56,23.06,21.2,44.1,37.0,3.8,21.4,79.29,81.43,71.57,82.43,2.0,7.0,6.0,6.0
2019-11-10,201946,2.0,2,2,2,0.08571418,0.3488666,0,2,313670220194619589,2023-08-20,Juiz de Fora,0.36767852,573285,1,0,0,2,,,,,103009,17.99,21.1,25.69,41.3,82.29,2.0,18.84,0.28395683,8.0,19.31,0.9347403,4.0,17.39,0.51041394,12.0,17.87,1.9970354,4.0,18.3825,1.0986122886681098,0.0,-1.0986122886681098,-0.5108256237659905,-1.466337068793427,45,23.39,23.06,20.56,23.06,39.7,44.1,37.0,3.8,74.0,79.29,81.43,71.57,7.0,6.0,6.0,10.0
2019-11-17,201947,7.0,7,7,7,0.8405193,1.2210332,0,2,313670220194719589,2023-08-20,Juiz de Fora,1.8107115,573285,1,0,0,2,,,,,103009,18.1,20.57,24.19,81.3,86.14,2.0,17.99,0.36767852,2.0,18.84,0.28395683,8.0,19.31,0.9347403,4.0,17.39,0.51041394,4.75,18.56,2.0794415416798357,0.980829253011726,0.980829253011726,-0.11778303565638382,0.47000362924573547,46,21.1,23.39,23.06,20.56,41.3,39.7,44.1,37.0,82.29,74.0,79.29,81.43,6.0,6.0,10.0,4.0
2019-11-24,201948,6.0,6,6,6,0.77519464,1.0465999,0,1,313670220194819589,2023-08-20,Juiz de Fora,1.5996411,573285,0,0,0,5,,,,,103009,16.41,20.1,24.23,21.3,78.57,7.0,18.1,1.8107115,2.0,17.99,0.36767852,2.0,18.84,0.28395683,8.0,19.31,0.9347403,4.25,17.835,1.9459101490553132,-0.13353139262452252,0.8472978603872034,0.8472978603872034,-0.25131442828090633,47,20.57,21.1,23.39,23.06,81.3,41.3,39.7,44.1,86.14,82.29,74.0,79.29,6.0,10.0,4.0,6.0
2019-12-01,201949,6.0,6,6,6,0.59850985,1.0465999,0,1,313670220194919589,2023-08-20,Juiz de Fora,1.1546683,573285,1,0,0,4,,,,,103009,17.79,21.27,25.71,64.3,82.57,6.0,16.41,1.5996411,7.0,18.1,1.8107115,2.0,17.99,0.36767852,2.0,18.84,0.28395683,5.25,17.572499999999998,1.9459101490553132,0.0,-0.13353139262452252,0.8472978603872034,0.8472978603872034,48,20.1,20.57,21.1,23.39,21.3,81.3,41.3,39.7,78.57,86.14,82.29,74.0,10.0,4.0,6.0,6.0
2019-12-08,201950,10.0,10,10,10,0.8351638,1.7443331,0,1,313670220195019589,2023-08-20,Juiz de Fora,1.6136566,573285,1,0,1,9,,,,,103009,18.69,21.57,25.59,90.0,83.43,6.0,17.79,1.1546683,6.0,16.41,1.5996411,7.0,18.1,1.8107115,2.0,17.99,0.36767852,7.25,17.747500000000002,2.3978952727983707,0.45198512374305744,0.45198512374305744,0.3184537311185349,1.2992829841302609,49,21.27,20.1,20.57,21.1,64.3,21.3,81.3,41.3,82.57,78.57,86.14,82.29,4.0,6.0,6.0,8.0
2019-12-15,201951,4.0,4,4,4,0.18123825,0.6977332,0,2,313670220195119589,2023-08-20,Juiz de Fora,0.58239174,573285,1,0,0,4,,,,,103009,19.69,23.61,28.86,37.0,74.86,10.0,18.69,1.6136566,6.0,17.79,1.1546683,6.0,16.41,1.5996411,7.0,18.1,1.8107115,6.5,18.145,1.6094379124341003,-0.7884573603642704,-0.33647223662121295,-0.33647223662121295,-0.47000362924573547,50,21.57,21.27,20.1,20.57,90.0,64.3,21.3,81.3,83.43,82.57,78.57,86.14,6.0,6.0,8.0,13.0
2019-12-22,201952,6.0,6,6,6,0.3779668,1.0465999,0,2,313670220195219589,2023-08-20,Juiz de Fora,0.8464635,573285,1,0,0,4,,,,,103009,19.11,22.89,28.01,65.8,78.86,4.0,19.69,0.58239174,10.0,18.69,1.6136566,6.0,17.79,1.1546683,6.0,16.41,1.5996411,6.5,18.82,1.9459101490553132,0.33647223662121295,-0.45198512374305744,0.0,0.0,51,23.61,21.57,21.27,20.1,37.0,90.0,64.3,21.3,74.86,83.43,82.57,78.57,6.0,8.0,13.0,5.0
2019-12-29,202001,6.0,6,6,6,0.48309064,1.0465999,0,2,313670220200119589,2023-08-20,Juiz de Fora,0.9767655,573285,1,0,0,6,,,,,103009,19.4,22.9,28.19,62.8,78.71,6.0,19.11,0.8464635,4.0,19.69,0.58239174,10.0,18.69,1.6136566,6.0,17.79,1.1546683,6.5,19.2225,1.9459101490553132,0.0,0.33647223662121295,-0.45198512374305744,0.0,52,22.89,23.61,21.57,21.27,65.8,37.0,90.0,64.3,78.86,74.86,83.43,82.57,8.0,13.0,5.0,14.0
2020-01-05,202002,8.0,8,8,8,0.7284581,1.3954664,0,2,313670220200219589,2023-08-20,Juiz de Fora,1.3763198,573285,1,0,0,7,,,,,103009,20.47,24.39,30.17,98.7,79.29,6.0,19.4,0.9767655,6.0,19.11,0.8464635,4.0,19.69,0.58239174,10.0,18.69,1.6136566,6.0,19.6675,2.1972245773362196,0.25131442828090633,0.25131442828090633,0.5877866649021193,-0.2006706954621511,1,22.9,22.89,23.61,21.57,62.8,65.8,37.0,90.0,78.71,78.86,74.86,83.43,13.0,5.0,14.0,11.0
2020-01-12,202003,13.0,13,13,13,0.92671746,2.267633,0,2,313670220200319589,2023-08-20,Juiz de Fora,1.9275763,573285,1,0,1,4,,,,,103009,19.6,23.09,27.53,75.0,82.43,8.0,20.47,1.3763198,6.0,19.4,0.9767655,6.0,19.11,0.8464635,4.0,19.69,0.58239174,8.25,19.645,2.6390573296152584,0.44183275227903884,0.6931471805599452,0.6931471805599452,1.0296194171811581,2,24.39,22.9,22.89,23.61,98.7,62.8,65.8,37.0,79.29,78.71,78.86,74.86,5.0,14.0,11.0,13.0
2020-01-19,202004,5.0,5,5,5,0.16730851,0.8721666,0,2,313670220200419589,2023-08-20,Juiz de Fora,0.59509945,573285,1,0,0,3,,,,,103009,18.64,21.19,24.46,96.1,83.86,13.0,19.6,1.9275763,8.0,20.47,1.3763198,6.0,19.4,0.9767655,6.0,19.11,0.8464635,8.0,19.5275,1.791759469228055,-0.8472978603872034,-0.4054651081081646,-0.15415067982725827,-0.15415067982725827,3,23.09,24.39,22.9,22.89,75.0,98.7,62.8,65.8,82.43,79.29,78.71,78.86,14.0,11.0,13.0,11.0
2020-01-26,202005,14.0,14,14,14,0.8320784,2.4420664,0,2,313670220200519589,2023-08-20,Juiz de Fora,1.4832348,573285,1,0,1,8,,,,,103009,19.56,24.13,30.41,67.5,78.57,5.0,18.64,0.59509945,13.0,19.6,1.9275763,8.0,20.47,1.3763198,6.0,19.4,0.9767655,10.0,19.5675,2.70805020110221,0.9162907318741551,0.06899287148695166,0.5108256237659905,0.7621400520468968,4,21.19,23.09,24.39,22.9,96.1,75.0,98.7,62.8,83.86,82.43,79.29,78.71,11.0,13.0,11.0,14.0
2020-02-02,202006,11.0,11,11,11,0.62525696,1.9187664,0,2,313670220200619589,2023-08-20,Juiz de Fora,1.1480877,573285,1,0,1,6,,,,,103009,20.27,22.96,27.24,188.1,84.29,14.0,19.56,1.4832348,5.0,18.64,0.59509945,13.0,19.6,1.9275763,8.0,20.47,1.3763198,10.75,19.5175,2.4849066497880004,-0.2231435513142097,0.6931471805599454,-0.15415067982725805,0.2876820724517808,5,24.13,21.19,23.09,24.39,67.5,96.1,75.0,98.7,78.57,83.86,82.43,79.29,13.0,11.0,14.0,9.0
2020-02-09,202007,13.0,13,13,13,0.6693624,2.267633,0,2,313670220200719589,2023-08-20,Juiz de Fora,1.1930157,573285,1,0,1,6,,,,,103009,19.17,22.13,26.56,126.3,83.29,11.0,20.27,1.1480877,14.0,19.56,1.4832348,5.0,18.64,0.59509945,13.0,19.6,1.9275763,10.75,19.41,2.6390573296152584,0.15415067982725805,-0.06899287148695166,0.8472978603872034,0.0,6,22.96,24.13,21.19,23.09,188.1,67.5,96.1,75.0,84.29,78.57,83.86,82.43,11.0,14.0,9.0,16.0
2020-02-16,202008,11.0,11,11,11,0.4286163,1.9187664,0,2,313670220200819589,2023-08-20,Juiz de Fora,0.9287306,573285,1,0,1,2,,,,,103009,19.77,23.79,29.33,40.3,78.43,13.0,19.17,1.1930157,11.0,20.27,1.1480877,14.0,19.56,1.4832348,5.0,18.64,0.59509945,12.25,19.692500000000003,2.4849066497880004,-0.15415067982725805,0.0,-0.2231435513142097,0.6931471805599454,7,22.13,22.96,24.13,21.19,126.3,188.1,67.5,96.1,83.29,84.29,78.57,83.86,14.0,9.0,16.0,11.0
2020-02-23,202009,14.0,14,14,14,0.65151656,2.4420664,0,2,313670220200919589,2023-08-20,Juiz de Fora,1.1622826,573285,1,0,1,5,,,,,103009,18.27,20.91,23.99,58.9,86.57,11.0,19.77,0.9287306,13.0,19.17,1.1930157,11.0,20.27,1.1480877,14.0,19.56,1.4832348,12.25,19.37,2.70805020110221,0.2231435513142097,0.06899287148695166,0.2231435513142097,0.0,8,23.79,22.13,22.96,24.13,40.3,126.3,188.1,67.5,78.43,83.29,84.29,78.57,9.0,16.0,11.0,8.0
2020-03-01,202010,9.0,9,9,9,0.24750999,1.5698998,0,2,313670220201019589,2023-08-20,Juiz de Fora,0.7460133,573285,1,0,0,8,,,,,103009,17.34,20.36,24.57,65.0,84.86,14.0,18.27,1.1622826,11.0,19.77,0.9287306,13.0,19.17,1.1930157,11.0,20.27,1.1480877,11.75,18.637500000000003,2.302585092994046,-0.40546510810816416,-0.18232155679395445,-0.3364722366212125,-0.18232155679395445,9,20.91,23.79,22.13,22.96,58.9,40.3,126.3,188.1,86.57,78.43,83.29,84.29,16.0,11.0,8.0,6.0
2020-03-08,202011,16.0,16,16,16,0.77644,2.790933,0,2,313670220201119589,2023-08-20,Juiz de Fora,1.3287959,573285,1,0,1,9,,,,,103009,18.44,22.53,27.56,9.9,76.57,9.0,17.34,0.7460133,14.0,18.27,1.1622826,11.0,19.77,0.9287306,13.0,19.17,1.1930157,12.5,18.455000000000002,2.833213344056216,0.5306282510621703,0.1251631429540061,0.3483066942682158,0.19415601444095776,10,20.36,20.91,23.79,22.13,65.0,58.9,40.3,126.3,84.86,86.57,78.43,83.29,11.0,8.0,6.0,7.0
2020-03-15,202012,11.0,11,11,11,0.40812227,1.9187664,0,2,313670220201219589,2023-08-20,Juiz de Fora,0.90935314,573285,1,0,1,7,,,,,103009,19.71,23.14,28.47,64.9,82.43,16.0,18.44,1.3287959,9.0,17.34,0.7460133,14.0,18.27,1.1622826,11.0,19.77,0.9287306,12.5,18.44,2.4849066497880004,-0.3483066942682158,0.18232155679395445,-0.2231435513142097,0.0,11,22.53,20.36,20.91,23.79,9.9,65.0,58.9,40.3,76.57,84.86,86.57,78.43,8.0,6.0,7.0,8.0
2020-03-22,202013,8.0,8,8,8,0.15601061,1.3954664,0,1,313670220201319589,2023-08-20,Juiz de Fora,0.64201343,573285,0,0,0,3,,,,,103009,16.36,20.34,25.23,3.9,76.0,11.0,19.71,0.90935314,16.0,18.44,1.3287959,9.0,17.34,0.7460133,14.0,18.27,1.1622826,11.0,17.962500000000002,2.1972245773362196,-0.2876820724517808,-0.6359887667199966,-0.10536051565782634,-0.5108256237659905,12,23.14,22.53,20.36,20.91,64.9,9.9,65.0,58.9,82.43,76.57,84.86,86.57,6.0,7.0,8.0,11.0
2020-03-29,202014,6.0,6,6,6,0.10238625,1.0465999,0,1,313670220201419589,2023-08-20,Juiz de Fora,0.54205126,573285,1,0,0,5,,,,,103009,19.16,22.64,27.56,34.3,79.43,8.0,16.36,0.64201343,11.0,19.71,0.90935314,16.0,18.44,1.3287959,9.0,17.34,0.7460133,10.25,18.4175,1.9459101490553132,-0.25131442828090633,-0.5389965007326871,-0.8873031950009029,-0.35667494393873267,13,20.34,23.14,22.53,20.36,3.9,64.9,9.9,65.0,76.0,82.43,76.57,84.86,7.0,8.0,11.0,14.0
2020-04-05,202015,7.0,7,7,7,0.339538,1.2210332,0,1,313670220201519589,2023-08-20,Juiz de Fora,0.81503296,573285,1,0,0,4,,,,,103009,17.51,20.07,23.93,35.9,83.71,6.0,19.16,0.54205126,8.0,16.36,0.64201343,11.0,19.71,0.90935314,16.0,18.44,1.3287959,8.0,18.185000000000002,2.0794415416798357,0.13353139262452252,-0.11778303565638382,-0.4054651081081646,-0.7537718023763804,14,22.64,20.34,23.14,22.53,34.3,3.9,64.9,9.9,79.43,76.0,82.43,76.57,8.0,11.0,14.0,5.0
2020-04-12,202016,8.0,8,8,8,0.591896,1.3954664,0,1,313670220201619589,2023-08-20,Juiz de Fora,1.1234096,573285,0,0,0,4,,,,,103009,16.7,19.89,23.76,10.7,83.14,7.0,17.51,0.81503296,6.0,19.16,0.54205126,8.0,16.36,0.64201343,11.0,19.71,0.90935314,7.25,17.432499999999997,2.1972245773362196,0.11778303565638382,0.25131442828090633,0.0,-0.2876820724517808,15,20.07,22.64,20.34,23.14,35.9,34.3,3.9,64.9,83.71,79.43,76.0,82.43,11.0,14.0,5.0,11.0
2020-04-19,202017,11.0,11,11,11,0.8159062,1.9187664,0,1,313670220201719589,2023-08-20,Juiz de Fora,1.5157946,573285,0,0,1,9,,,,,103009,15.16,19.19,24.33,1.9,77.57,8.0,16.7,1.1234096,7.0,17.51,0.81503296,6.0,19.16,0.54205126,8.0,16.36,0.64201343,8.0,17.1325,2.4849066497880004,0.2876820724517808,0.4054651081081646,0.5389965007326871,0.2876820724517808,16,19.89,20.07,22.64,20.34,10.7,35.9,34.3,3.9,83.14,83.71,79.43,76.0,14.0,5.0,11.0,6.0
2020-04-26,202018,14.0,14,14,14,0.87443906,2.4420664,0,1,313670220201819589,2023-08-20,Juiz de Fora,1.6159226,573285,0,0,1,10,,,,,103009,13.49,19.07,25.64,0.0,76.0,11.0,15.16,1.5157946,8.0,16.7,1.1234096,7.0,17.51,0.81503296,6.0,19.16,0.54205126,10.0,15.715,2.70805020110221,0.2231435513142097,0.5108256237659905,0.6286086594223743,0.7621400520468968,17,19.19,19.89,20.07,22.64,1.9,10.7,35.9,34.3,77.57,83.14,83.71,79.43,5.0,11.0,6.0,3.0
2020-05-03,202019,5.0,5,5,5,0.07659476,0.8721666,0,1,313670220201919589,2023-08-20,Juiz de Fora,0.48135746,573285,0,0,0,2,,,,,103009,12.99,17.49,22.69,2.5,79.57,14.0,13.49,1.6159226,11.0,15.16,1.5157946,8.0,16.7,1.1234096,7.0,17.51,0.81503296,9.5,14.584999999999999,1.791759469228055,-0.9162907318741551,-0.6931471805599454,-0.4054651081081646,-0.2876820724517808,18,19.07,19.19,19.89,20.07,0.0,1.9,10.7,35.9,76.0,77.57,83.14,83.71,11.0,6.0,3.0,3.0
2020-05-10,202020,11.0,11,11,11,0.5425086,1.9187664,0,1,313670220202019589,2023-08-20,Juiz de Fora,1.0461853,573285,0,0,1,8,,,,,103009,12.8,17.24,22.54,15.4,83.0,5.0,12.99,0.48135746,14.0,13.49,1.6159226,11.0,15.16,1.5157946,8.0,16.7,1.1234096,10.25,13.61,2.4849066497880004,0.6931471805599454,-0.2231435513142097,0.0,0.2876820724517808,19,17.49,19.07,19.19,19.89,2.5,0.0,1.9,10.7,79.57,76.0,77.57,83.14,6.0,3.0,3.0,5.0
2020-05-17,202021,6.0,6,6,6,0.21209848,1.0465999,0,1,313670220202119589,2023-08-20,Juiz de Fora,0.66679806,573285,0,0,0,1,,,,,103009,14.9,18.79,23.96,2.7,80.14,11.0,12.8,1.0461853,5.0,12.99,0.48135746,14.0,13.49,1.6159226,11.0,15.16,1.5157946,9.0,13.545000000000002,1.9459101490553132,-0.5389965007326871,0.15415067982725827,-0.7621400520468968,-0.5389965007326871,20,17.24,17.49,19.07,19.19,15.4,2.5,0.0,1.9,83.0,79.57,76.0,77.57,3.0,3.0,5.0,3.0
2020-05-24,202022,3.0,3,3,3,0.054199513,0.52329993,0,1,313670220202219589,2023-08-20,Juiz de Fora,0.37417117,573285,0,0,0,1,,,,,103009,10.79,15.8,22.2,39.4,74.71,6.0,14.9,0.66679806,11.0,12.8,1.0461853,5.0,12.99,0.48135746,14.0,13.49,1.6159226,6.25,12.870000000000001,1.3862943611198906,-0.5596157879354227,-1.0986122886681098,-0.4054651081081644,-1.3217558399823195,21,18.79,17.24,17.49,19.07,2.7,15.4,2.5,0.0,80.14,83.0,79.57,76.0,3.0,5.0,3.0,5.0
2020-05-31,202023,3.0,3,3,3,0.12701449,0.52329993,0,1,313670220202319589,2023-08-20,Juiz de Fora,0.47795805,573285,0,0,0,3,,,,,103009,12.13,17.47,23.76,0.1,79.86,3.0,10.79,0.37417117,6.0,14.9,0.66679806,11.0,12.8,1.0461853,5.0,12.99,0.48135746,5.75,12.655000000000001,1.3862943611198906,0.0,-0.5596157879354227,-1.0986122886681098,-0.4054651081081644,22,15.8,18.79,17.24,17.49,39.4,2.7,15.4,2.5,74.71,80.14,83.0,79.57,5.0,3.0,5.0,5.0
2020-06-07,202024,5.0,5,5,5,0.6001525,0.8721666,0,1,313670220202419589,2023-08-20,Juiz de Fora,1.1730293,573285,1,0,0,4,,,,,103009,14.79,19.86,26.71,0.6,80.0,3.0,12.13,0.47795805,3.0,10.79,0.37417117,6.0,14.9,0.66679806,11.0,12.8,1.0461853,4.25,13.1525,1.791759469228055,0.4054651081081644,0.4054651081081644,-0.15415067982725827,-0.6931471805599454,23,17.47,15.8,18.79,17.24,0.1,39.4,2.7,15.4,79.86,74.71,80.14,83.0,3.0,5.0,5.0,7.0
2020-06-14,202025,3.0,3,3,3,0.39134526,0.52329993,0,1,313670220202519589,2023-08-20,Juiz de Fora,0.8178952,573285,0,0,0,2,,,,,103009,14.21,17.9,22.71,1.6,81.57,5.0,14.79,1.1730293,3.0,12.13,0.47795805,3.0,10.79,0.37417117,6.0,14.9,0.66679806,3.5,12.98,1.3862943611198906,-0.4054651081081644,0.0,0.0,-0.5596157879354227,24,19.86,17.47,15.8,18.79,0.6,0.1,39.4,2.7,80.0,79.86,74.71,80.14,5.0,5.0,7.0,7.0
2020-06-21,202026,5.0,5,5,5,0.6497649,0.8721666,0,1,313670220202619589,2023-08-20,Juiz de Fora,1.2799069,573285,0,0,0,3,,,,,103009,11.84,17.8,25.16,0.0,73.71,3.0,14.21,0.8178952,5.0,14.79,1.1730293,3.0,12.13,0.47795805,3.0,10.79,0.37417117,4.0,13.2425,1.791759469228055,0.4054651081081644,0.0,0.4054651081081644,0.4054651081081644,25,17.9,19.86,17.47,15.8,1.6,0.6,0.1,39.4,81.57,80.0,79.86,74.71,5.0,7.0,7.0,5.0
2020-06-28,202027,5.0,5,5,5,0.62798595,0.8721666,0,1,313670220202719589,2023-08-20,Juiz de Fora,1.230746,573285,0,0,0,4,,,,,103009,14.16,17.64,22.17,2.2,78.71,5.0,11.84,1.2799069,3.0,14.21,0.8178952,5.0,14.79,1.1730293,3.0,12.13,0.47795805,4.5,13.75,1.791759469228055,0.0,0.4054651081081644,0.0,0.4054651081081644,26,17.8,17.9,19.86,17.47,0.0,1.6,0.6,0.1,73.71,81.57,80.0,79.86,7.0,7.0,5.0,1.0
2020-07-05,202028,7.0,7,7,7,0.7692664,1.2210332,0,1,313670220202819589,2023-08-20,Juiz de Fora,1.5243654,573285,0,0,0,1,,,,,103009,13.09,18.11,24.83,1.6,75.86,5.0,14.16,1.230746,5.0,11.84,1.2799069,3.0,14.21,0.8178952,5.0,14.79,1.1730293,5.0,13.325,2.0794415416798357,0.2876820724517808,0.2876820724517808,0.6931471805599452,0.2876820724517808,27,17.64,17.8,17.9,19.86,2.2,0.0,1.6,0.6,78.71,73.71,81.57,80.0,7.0,5.0,1.0,1.0
2020-07-12,202029,7.0,7,7,7,0.67422825,1.2210332,0,1,313670220202919589,2023-08-20,Juiz de Fora,1.2818552,573285,1,0,0,4,,,,,103009,13.71,17.53,22.74,8.5,81.14,7.0,13.09,1.5243654,5.0,14.16,1.230746,5.0,11.84,1.2799069,3.0,14.21,0.8178952,6.0,13.200000000000001,2.0794415416798357,0.0,0.2876820724517808,0.2876820724517808,0.6931471805599452,28,18.11,17.64,17.8,17.9,1.6,2.2,0.0,1.6,75.86,78.71,73.71,81.57,5.0,1.0,1.0,3.0
2020-07-19,202030,5.0,5,5,5,0.34924933,0.8721666,0,1,313670220203019589,2023-08-20,Juiz de Fora,0.7999842,573285,0,0,0,3,,,,,103009,12.51,17.73,24.4,0.0,75.57,7.0,13.71,1.2818552,7.0,13.09,1.5243654,5.0,14.16,1.230746,5.0,11.84,1.2799069,6.0,13.3675,1.791759469228055,-0.2876820724517808,-0.2876820724517808,0.0,0.0,29,17.53,18.11,17.64,17.8,8.5,1.6,2.2,0.0,81.14,75.86,78.71,73.71,1.0,1.0,3.0,2.0
2020-07-26,202031,1.0,1,1,1,0.015168701,0.1744333,0,1,313670220203119589,2023-08-20,Juiz de Fora,0.16548733,573285,0,0,0,1,,,,,103009,14.07,17.9,22.87,8.6,78.43,5.0,12.51,0.7999842,7.0,13.71,1.2818552,7.0,13.09,1.5243654,5.0,14.16,1.230746,5.0,13.345,0.6931471805599453,-1.0986122886681096,-1.3862943611198904,-1.3862943611198904,-1.0986122886681096,30,17.73,17.53,18.11,17.64,0.0,8.5,1.6,2.2,75.57,81.14,75.86,78.71,1.0,3.0,2.0,4.0
2020-08-02,202032,1.0,1,1,1,0.0478533,0.1744333,0,1,313670220203219589,2023-08-20,Juiz de Fora,0.2280378,573285,0,0,0,0,,,,,103009,9.93,15.17,21.37,0.0,75.71,1.0,14.07,0.16548733,5.0,12.51,0.7999842,7.0,13.71,1.2818552,7.0,13.09,1.5243654,3.5,12.555,0.6931471805599453,0.0,-1.0986122886681096,-1.3862943611198904,-1.3862943611198904,31,17.9,17.73,17.53,18.11,8.6,0.0,8.5,1.6,78.43,75.57,81.14,75.86,3.0,2.0,4.0,3.0
2020-08-09,202033,3.0,3,3,3,0.60581183,0.52329993,0,1,313670220203319589,2023-08-20,Juiz de Fora,1.2384536,573285,0,0,0,1,,,,,103009,13.66,18.97,25.33,0.0,71.71,1.0,9.93,0.2280378,1.0,14.07,0.16548733,5.0,12.51,0.7999842,7.0,13.71,1.2818552,2.5,12.5425,1.3862943611198906,0.6931471805599453,0.6931471805599453,-0.4054651081081644,-0.6931471805599452,32,15.17,17.9,17.73,17.53,0.0,8.6,0.0,8.5,75.71,78.43,75.57,81.14,2.0,4.0,3.0,3.0
2020-08-16,202034,2.0,2,2,2,0.5511085,0.3488666,0,1,313670220203419589,2023-08-20,Juiz de Fora,1.125664,573285,0,0,0,1,,,,,103009,15.09,18.41,22.39,17.6,80.86,3.0,13.66,1.2384536,1.0,9.93,0.2280378,1.0,14.07,0.16548733,5.0,12.51,0.7999842,1.75,13.1875,1.0986122886681098,-0.2876820724517808,0.4054651081081645,0.4054651081081645,-0.6931471805599452,33,18.97,15.17,17.9,17.73,0.0,0.0,8.6,0.0,71.71,75.71,78.43,75.57,4.0,3.0,3.0,2.0
2020-08-23,202035,4.0,4,4,4,0.7802204,0.6977332,0,1,313670220203519589,2023-08-20,Juiz de Fora,1.8052168,573285,0,0,0,3,,,,,103009,11.83,16.49,22.29,0.0,74.14,2.0,15.09,1.125664,3.0,13.66,1.2384536,1.0,9.93,0.2280378,1.0,14.07,0.16548733,2.5,12.627500000000001,1.6094379124341003,0.5108256237659905,0.2231435513142097,0.916290731874155,0.916290731874155,34,18.41,18.97,15.17,17.9,17.6,0.0,0.0,8.6,80.86,71.71,75.71,78.43,3.0,3.0,2.0,4.0
2020-08-30,202036,3.0,3,3,3,0.55148023,0.52329993,0,1,313670220203619589,2023-08-20,Juiz de Fora,1.1058868,573285,0,0,0,0,,,,,103009,15.67,21.06,27.39,4.1,64.14,4.0,11.83,1.8052168,2.0,15.09,1.125664,3.0,13.66,1.2384536,1.0,9.93,0.2280378,3.0,14.0625,1.3862943611198906,-0.2231435513142097,0.2876820724517808,0.0,0.6931471805599453,35,16.49,18.41,18.97,15.17,0.0,17.6,0.0,0.0,74.14,80.86,71.71,75.71,3.0,2.0,4.0,8.0
2020-09-06,202037,3.0,3,3,3,0.47687063,0.52329993,0,1,313670220203719589,2023-08-20,Juiz de Fora,0.9571999,573285,0,0,0,1,,,,,103009,15.06,21.73,28.91,0.0,62.71,3.0,15.67,1.1058868,4.0,11.83,1.8052168,2.0,15.09,1.125664,3.0,13.66,1.2384536,3.0,14.4125,1.3862943611198906,0.0,-0.2231435513142097,0.2876820724517808,0.0,36,21.06,16.49,18.41,18.97,4.1,0.0,17.6,0.0,64.14,74.14,80.86,71.71,2.0,4.0,8.0,2.0
2020-09-13,202038,2.0,2,2,2,0.2944576,0.3488666,0,1,313670220203819589,2023-08-20,Juiz de Fora,0.6410222,573285,0,0,0,0,,,,,103009,16.77,22.34,28.69,0.8,61.43,3.0,15.06,0.9571999,3.0,15.67,1.1058868,4.0,11.83,1.8052168,2.0,15.09,1.125664,3.0,14.8325,1.0986122886681098,-0.2876820724517808,-0.2876820724517808,-0.5108256237659905,0.0,37,21.73,21.06,16.49,18.41,0.0,4.1,0.0,17.6,62.71,64.14,74.14,80.86,4.0,8.0,2.0,2.0
2020-09-20,202039,4.0,4,4,4,0.6806794,0.6977332,0,1,313670220203919589,2023-08-20,Juiz de Fora,1.404556,573285,0,0,0,1,,,,,103009,16.57,19.63,23.43,36.9,80.14,2.0,16.77,0.6410222,3.0,15.06,0.9571999,3.0,15.67,1.1058868,4.0,11.83,1.8052168,3.0,16.017500000000002,1.6094379124341003,0.5108256237659905,0.2231435513142097,0.2231435513142097,0.0,38,22.34,21.73,21.06,16.49,0.8,0.0,4.1,0.0,61.43,62.71,64.14,74.14,8.0,2.0,2.0,7.0
2020-09-27,202040,8.0,8,8,8,0.94034994,1.3954664,0,1,313670220204019589,2023-08-20,Juiz de Fora,2.5776687,573285,0,0,0,4,,,,,103009,18.4,25.11,33.07,1.1,60.43,4.0,16.57,1.404556,2.0,16.77,0.6410222,3.0,15.06,0.9571999,3.0,15.67,1.1058868,4.25,16.7,2.1972245773362196,0.5877866649021193,1.0986122886681098,0.810930216216329,0.810930216216329,39,19.63,22.34,21.73,21.06,36.9,0.8,0.0,4.1,80.14,61.43,62.71,64.14,2.0,2.0,7.0,3.0
2020-10-04,202041,2.0,2,2,2,0.159975,0.3488666,0,1,313670220204119589,2023-08-20,Juiz de Fora,0.46519578,573285,1,0,0,0,,,,,103009,19.59,23.54,29.24,17.5,74.71,8.0,18.4,2.5776687,4.0,16.57,1.404556,2.0,16.77,0.6410222,3.0,15.06,0.9571999,4.0,17.8325,1.0986122886681098,-1.0986122886681098,-0.5108256237659905,0.0,-0.2876820724517808,40,25.11,19.63,22.34,21.73,1.1,36.9,0.8,0.0,60.43,80.14,61.43,62.71,2.0,7.0,3.0,8.0
2020-10-11,202042,2.0,2,2,2,0.11727088,0.3488666,0,1,313670220204219589,2023-08-20,Juiz de Fora,0.4104223,573285,0,0,0,0,,,,,103009,16.14,19.5,23.8,15.2,76.86,2.0,19.59,0.46519578,8.0,18.4,2.5776687,4.0,16.57,1.404556,2.0,16.77,0.6410222,4.0,17.675,1.0986122886681098,0.0,-1.0986122886681098,-0.5108256237659905,0.0,41,23.54,25.11,19.63,22.34,17.5,1.1,36.9,0.8,74.71,60.43,80.14,61.43,7.0,3.0,8.0,3.0
2020-10-18,202043,7.0,7,7,7,0.84460115,1.2210332,0,1,313670220204319589,2023-08-20,Juiz de Fora,1.8320953,573285,0,0,0,2,,,,,103009,16.19,19.53,23.29,16.1,78.29,2.0,16.14,0.4104223,2.0,19.59,0.46519578,8.0,18.4,2.5776687,4.0,16.57,1.404556,4.75,17.58,2.0794415416798357,0.980829253011726,0.980829253011726,-0.11778303565638382,0.47000362924573547,42,19.5,23.54,25.11,19.63,15.2,17.5,1.1,36.9,76.86,74.71,60.43,80.14,3.0,8.0,3.0,3.0
2020-10-25,202044,3.0,3,3,3,0.40353277,0.52329993,0,1,313670220204419589,2023-08-20,Juiz de Fora,0.836232,573285,1,0,0,2,,,,,103009,17.31,21.63,26.63,48.2,77.71,7.0,16.19,1.8320953,2.0,16.14,0.4104223,2.0,19.59,0.46519578,8.0,18.4,2.5776687,3.5,17.3075,1.3862943611198906,-0.6931471805599452,0.2876820724517808,0.2876820724517808,-0.810930216216329,43,19.53,19.5,23.54,25.11,16.1,15.2,17.5,1.1,78.29,76.86,74.71,60.43,8.0,3.0,3.0,1.0
2020-11-01,202045,8.0,8,8,8,0.842503,1.3954664,0,1,313670220204519589,2023-08-20,Juiz de Fora,1.7473536,573285,0,0,0,1,,,,,103009,14.59,18.39,23.5,47.7,78.43,3.0,17.31,0.836232,7.0,16.19,1.8320953,2.0,16.14,0.4104223,2.0,19.59,0.46519578,5.0,16.0575,2.1972245773362196,0.810930216216329,0.11778303565638382,1.0986122886681098,1.0986122886681098,44,21.63,19.53,19.5,23.54,48.2,16.1,15.2,17.5,77.71,78.29,76.86,74.71,3.0,3.0,1.0,5.0
2020-11-08,202046,3.0,3,3,3,0.21629791,0.52329993,0,1,313670220204619589,2023-08-20,Juiz de Fora,0.58751154,573285,1,0,0,1,,,,,103009,18.84,21.93,27.07,183.7,84.14,8.0,14.59,1.7473536,3.0,17.31,0.836232,7.0,16.19,1.8320953,2.0,16.14,0.4104223,5.25,16.7325,1.3862943611198906,-0.810930216216329,0.0,-0.6931471805599452,0.2876820724517808,45,18.39,21.63,19.53,19.5,47.7,48.2,16.1,15.2,78.43,77.71,78.29,76.86,3.0,1.0,5.0,6.0
2020-11-15,202047,3.0,3,3,3,0.20826693,0.52329993,0,1,313670220204719589,2023-08-20,Juiz de Fora,0.57776576,573285,1,0,0,1,,,,,103009,17.97,21.67,27.01,61.7,81.0,3.0,18.84,0.58751154,8.0,14.59,1.7473536,3.0,17.31,0.836232,7.0,16.19,1.8320953,4.25,17.177500000000002,1.3862943611198906,0.0,-0.810930216216329,0.0,-0.6931471805599452,46,21.93,18.39,21.63,19.53,183.7,47.7,48.2,16.1,84.14,78.43,77.71,78.29,1.0,5.0,6.0,2.0
2020-11-22,202048,1.0,1,1,1,0.05808211,0.1744333,0,2,313670220204819589,2023-08-20,Juiz de Fora,0.24356014,573285,1,0,0,1,,,,,103009,17.84,21.53,26.5,33.5,77.14,3.0,17.97,0.57776576,3.0,18.84,0.58751154,8.0,14.59,1.7473536,3.0,17.31,0.836232,3.75,17.31,0.6931471805599453,-0.6931471805599453,-0.6931471805599453,-1.5040773967762742,-0.6931471805599453,47,21.67,21.93,18.39,21.63,61.7,183.7,47.7,48.2,81.0,84.14,78.43,77.71,5.0,6.0,2.0,1.0
2020-11-29,202049,5.0,5,5,5,0.788846,0.8721666,0,2,313670220204919589,2023-08-20,Juiz de Fora,1.7356124,573285,1,0,0,5,,,,,103009,19.27,23.0,28.01,42.5,78.57,1.0,17.84,0.24356014,3.0,17.97,0.57776576,3.0,18.84,0.58751154,8.0,14.59,1.7473536,3.0,18.479999999999997,1.791759469228055,1.0986122886681096,0.4054651081081644,0.4054651081081644,-0.4054651081081646,48,21.53,21.67,21.93,18.39,33.5,61.7,183.7,47.7,77.14,81.0,84.14,78.43,6.0,2.0,1.0,5.0
2020-12-06,202050,6.0,6,6,6,0.86919945,1.0465999,0,2,313670220205019589,2023-08-20,Juiz de Fora,2.1004775,573285,1,0,0,2,,,,,103009,19.3,21.7,25.69,126.0,87.14,5.0,19.27,1.7356124,1.0,17.84,0.24356014,3.0,17.97,0.57776576,3.0,18.84,0.58751154,3.75,18.595,1.9459101490553132,0.15415067982725827,1.252762968495368,0.5596157879354227,0.5596157879354227,49,23.0,21.53,21.67,21.93,42.5,33.5,61.7,183.7,78.57,77.14,81.0,84.14,2.0,1.0,5.0,5.0
2020-12-13,202051,2.0,2,2,2,0.19019921,0.3488666,0,2,313670220205119589,2023-08-20,Juiz de Fora,0.5034192,573285,1,0,0,0,,,,,103009,19.36,23.99,29.64,44.4,73.86,6.0,19.3,2.1004775,5.0,19.27,1.7356124,1.0,17.84,0.24356014,3.0,17.97,0.57776576,3.5,18.9425,1.0986122886681098,-0.8472978603872034,-0.6931471805599452,0.4054651081081645,-0.2876820724517808,50,21.7,23.0,21.53,21.67,126.0,42.5,33.5,61.7,87.14,78.57,77.14,81.0,1.0,5.0,5.0,4.0
2020-12-20,202052,1.0,1,1,1,0.05406581,0.1744333,0,2,313670220205219589,2023-08-20,Juiz de Fora,0.23757824,573285,1,0,0,0,,,,,103009,18.6,21.94,26.14,116.2,84.43,2.0,19.36,0.5034192,6.0,19.3,2.1004775,5.0,19.27,1.7356124,1.0,17.84,0.24356014,3.5,19.1325,0.6931471805599453,-0.4054651081081645,-1.252762968495368,-1.0986122886681096,0.0,51,23.99,21.7,23.0,21.53,44.4,126.0,42.5,33.5,73.86,87.14,78.57,77.14,5.0,5.0,4.0,4.0
2020-12-27,202053,5.0,5,5,5,0.7686708,0.8721666,0,2,313670220205319589,2023-08-20,Juiz de Fora,1.6466721,573285,1,0,0,1,,,,,103009,19.01,22.74,27.53,46.4,80.14,1.0,18.6,0.23757824,2.0,19.36,0.5034192,6.0,19.3,2.1004775,5.0,19.27,1.7356124,3.5,19.067500000000003,1.791759469228055,1.0986122886681096,0.6931471805599452,-0.15415067982725827,0.0,52,21.94,23.99,21.7,23.0,116.2,44.4,126.0,42.5,84.43,73.86,87.14,78.57,5.0,4.0,4.0,7.0
2021-01-03,202101,5.0,5,5,5,0.8670551,0.8721666,0,2,313670220210119684,2023-11-23,Juiz de Fora,2.247197,573285,1,0,0,2,,,,,103009,19.37,23.03,28.74,108.8,81.71,5.0,19.01,1.6466721,1.0,18.6,0.23757824,2.0,19.36,0.5034192,6.0,19.3,2.1004775,3.25,19.085,1.791759469228055,0.0,1.0986122886681096,0.6931471805599452,-0.15415067982725827,53,22.74,21.94,23.99,21.7,46.4,116.2,44.4,126.0,80.14,84.43,73.86,87.14,4.0,4.0,7.0,2.0
2021-01-10,202102,4.0,4,4,4,0.6562727,0.6977332,0,2,313670220210219684,2023-11-23,Juiz de Fora,1.3333961,573285,1,0,0,0,,,,,103009,20.29,23.74,28.84,74.3,79.43,5.0,19.37,2.247197,5.0,19.01,1.6466721,1.0,18.6,0.23757824,2.0,19.36,0.5034192,3.75,19.317500000000003,1.6094379124341003,-0.18232155679395468,-0.18232155679395468,0.916290731874155,0.5108256237659905,1,23.03,22.74,21.94,23.99,108.8,46.4,116.2,44.4,81.71,80.14,84.43,73.86,4.0,7.0,2.0,4.0
2021-01-17,202103,4.0,4,4,4,0.5047473,0.6977332,0,2,313670220210319684,2023-11-23,Juiz de Fora,1.00803,573285,1,0,0,1,,,,,103009,18.24,23.54,28.63,0.7,66.71,4.0,20.29,1.3333961,5.0,19.37,2.247197,5.0,19.01,1.6466721,1.0,18.6,0.23757824,4.5,19.2275,1.6094379124341003,0.0,-0.18232155679395468,-0.18232155679395468,0.916290731874155,2,23.74,23.03,22.74,21.94,74.3,108.8,46.4,116.2,79.43,81.71,80.14,84.43,7.0,2.0,4.0,2.0
2021-01-24,202104,7.0,7,7,7,0.79727364,1.2210332,0,2,313670220210419684,2023-11-23,Juiz de Fora,1.6210744,573285,1,0,0,2,,,,,103009,17.81,23.7,29.51,1.2,67.29,4.0,18.24,1.00803,4.0,20.29,1.3333961,5.0,19.37,2.247197,5.0,19.01,1.6466721,5.0,18.9275,2.0794415416798357,0.47000362924573547,0.47000362924573547,0.2876820724517808,0.2876820724517808,3,23.54,23.74,23.03,22.74,0.7,74.3,108.8,46.4,66.71,79.43,81.71,80.14,2.0,4.0,2.0,3.0
2021-01-31,202105,2.0,2,2,2,0.13251993,0.3488666,0,2,313670220210519684,2023-11-23,Juiz de Fora,0.43021706,573285,1,0,0,0,,,,,103009,18.84,23.8,29.64,95.3,73.29,7.0,17.81,1.6210744,4.0,18.24,1.00803,4.0,20.29,1.3333961,5.0,19.37,2.247197,4.25,18.794999999999998,1.0986122886681098,-0.980829253011726,-0.5108256237659905,-0.5108256237659905,-0.6931471805599452,4,23.7,23.54,23.74,23.03,1.2,0.7,74.3,108.8,67.29,66.71,79.43,81.71,4.0,2.0,3.0,11.0
2021-02-07,202106,4.0,4,4,4,0.40173477,0.6977332,0,2,313670220210619684,2023-11-23,Juiz de Fora,0.8512612,573285,1,0,0,1,,,,,103009,18.29,20.91,24.94,82.7,86.14,2.0,18.84,0.43021706,7.0,17.81,1.6210744,4.0,18.24,1.00803,4.0,20.29,1.3333961,4.25,18.295,1.6094379124341003,0.5108256237659905,-0.47000362924573547,0.0,0.0,5,23.8,23.7,23.54,23.74,95.3,1.2,0.7,74.3,73.29,67.29,66.71,79.43,2.0,3.0,11.0,8.0
2021-02-14,202107,2.0,2,2,2,0.20799467,0.3488666,0,2,313670220210719684,2023-11-23,Juiz de Fora,0.52605146,573285,1,0,0,1,,,,,103009,19.27,22.81,28.6,121.5,82.57,4.0,18.29,0.8512612,2.0,18.84,0.43021706,7.0,17.81,1.6210744,4.0,18.24,1.00803,3.75,18.5525,1.0986122886681098,-0.5108256237659905,0.0,-0.980829253011726,-0.5108256237659905,6,20.91,23.8,23.7,23.54,82.7,95.3,1.2,0.7,86.14,73.29,67.29,66.71,3.0,11.0,8.0,8.0
2021-02-21,202108,3.0,3,3,3,0.47896728,0.52329993,0,2,313670220210819684,2023-11-23,Juiz de Fora,0.9609742,573285,1,0,0,2,,,,,103009,18.57,22.37,27.39,75.9,80.71,2.0,19.27,0.52605146,4.0,18.29,0.8512612,2.0,18.84,0.43021706,7.0,17.81,1.6210744,2.75,18.7425,1.3862943611198906,0.2876820724517808,-0.2231435513142097,0.2876820724517808,-0.6931471805599452,7,22.81,20.91,23.8,23.7,121.5,82.7,95.3,1.2,82.57,86.14,73.29,67.29,11.0,8.0,8.0,6.0
2021-02-28,202109,11.0,11,11,11,0.98580563,1.9187664,0,2,313670220210919684,2023-11-23,Juiz de Fora,3.410719,573285,1,1,1,3,,,,,103009,18.67,23.13,28.5,13.3,73.14,3.0,18.57,0.9609742,2.0,19.27,0.52605146,4.0,18.29,0.8512612,2.0,18.84,0.43021706,5.0,18.7,2.4849066497880004,1.0986122886681098,1.3862943611198906,0.8754687373539001,1.3862943611198906,8,22.37,22.81,20.91,23.8,75.9,121.5,82.7,95.3,80.71,82.57,86.14,73.29,8.0,8.0,6.0,3.0
2021-03-07,202110,8.0,8,8,8,0.80613935,1.3954664,0,2,313670220211019684,2023-11-23,Juiz de Fora,1.5999538,573285,1,0,0,4,,,,,103009,18.81,22.13,27.76,124.7,84.29,11.0,18.67,3.410719,3.0,18.57,0.9609742,2.0,19.27,0.52605146,4.0,18.29,0.8512612,6.0,18.83,2.1972245773362196,-0.2876820724517808,0.810930216216329,1.0986122886681098,0.5877866649021193,9,23.13,22.37,22.81,20.91,13.3,75.9,121.5,82.7,73.14,80.71,82.57,86.14,8.0,6.0,3.0,3.0
2021-03-14,202111,8.0,8,8,8,0.54059786,1.3954664,0,2,313670220211119684,2023-11-23,Juiz de Fora,1.0515305,573285,1,0,0,3,,,,,103009,18.83,23.16,28.49,5.7,74.0,8.0,18.81,1.5999538,11.0,18.67,3.410719,3.0,18.57,0.9609742,2.0,19.27,0.52605146,7.5,18.72,2.1972245773362196,0.0,-0.2876820724517808,0.810930216216329,1.0986122886681098,10,22.13,23.13,22.37,22.81,124.7,13.3,75.9,121.5,84.29,73.14,80.71,82.57,6.0,3.0,3.0,2.0
2021-03-21,202112,6.0,6,6,6,0.26634026,1.0465999,0,2,313670220211219684,2023-11-23,Juiz de Fora,0.72426134,573285,1,0,0,1,,,,,103009,18.07,23.36,29.04,3.1,76.0,8.0,18.83,1.0515305,8.0,18.81,1.5999538,11.0,18.67,3.410719,3.0,18.57,0.9609742,8.25,18.595,1.9459101490553132,-0.25131442828090633,-0.25131442828090633,-0.5389965007326871,0.5596157879354227,11,23.16,22.13,23.13,22.37,5.7,124.7,13.3,75.9,74.0,84.29,73.14,80.71,3.0,3.0,2.0,6.0
2021-03-28,202113,3.0,3,3,3,0.07573244,0.52329993,0,1,313670220211319684,2023-11-23,Juiz de Fora,0.40824264,573285,0,0,0,1,,,,,103009,16.89,21.86,28.74,30.6,78.43,6.0,18.07,0.72426134,8.0,18.83,1.0515305,8.0,18.81,1.5999538,11.0,18.67,3.410719,6.25,18.15,1.3862943611198906,-0.5596157879354227,-0.810930216216329,-0.810930216216329,-1.0986122886681098,12,23.36,23.16,22.13,23.13,3.1,5.7,124.7,13.3,76.0,74.0,84.29,73.14,3.0,2.0,6.0,1.0
2021-04-04,202114,3.0,3,3,3,0.16601379,0.52329993,0,1,313670220211419684,2023-11-23,Juiz de Fora,0.52646476,573285,0,0,0,2,,,,,103009,15.79,19.9,25.04,3.3,78.86,3.0,16.89,0.40824264,6.0,18.07,0.72426134,8.0,18.83,1.0515305,8.0,18.81,1.5999538,5.0,17.395,1.3862943611198906,0.0,-0.5596157879354227,-0.810930216216329,-0.810930216216329,13,21.86,23.36,23.16,22.13,30.6,3.1,5.7,124.7,78.43,76.0,74.0,84.29,2.0,6.0,1.0,13.0
2021-04-11,202115,2.0,2,2,2,0.19235267,0.3488666,0,1,313670220211519684,2023-11-23,Juiz de Fora,0.5061492,573285,0,0,0,1,,,,,103009,14.21,19.31,25.59,1.3,76.14,3.0,15.79,0.52646476,3.0,16.89,0.40824264,6.0,18.07,0.72426134,8.0,18.83,1.0515305,3.5,16.240000000000002,1.0986122886681098,-0.2876820724517808,-0.2876820724517808,-0.8472978603872034,-1.0986122886681098,14,19.9,21.86,23.36,23.16,3.3,30.6,3.1,5.7,78.86,78.43,76.0,74.0,6.0,1.0,13.0,5.0
2021-04-18,202116,6.0,6,6,6,0.84645134,1.0465999,0,1,313670220211619684,2023-11-23,Juiz de Fora,1.9410479,573285,0,0,0,2,,,,,103009,15.24,19.53,25.29,15.7,79.14,2.0,14.21,0.5061492,3.0,15.79,0.52646476,3.0,16.89,0.40824264,6.0,18.07,0.72426134,3.5,15.5325,1.9459101490553132,0.8472978603872034,0.5596157879354227,0.5596157879354227,0.0,15,19.31,19.9,21.86,23.36,1.3,3.3,30.6,3.1,76.14,78.86,78.43,76.0,1.0,13.0,5.0,3.0
2021-04-25,202117,1.0,1,1,1,0.107375845,0.1744333,0,1,313670220211719684,2023-11-23,Juiz de Fora,0.31063053,573285,0,0,0,0,,,,,103009,15.74,19.34,23.9,44.5,83.43,6.0,15.24,1.9410479,2.0,14.21,0.5061492,3.0,15.79,0.52646476,3.0,16.89,0.40824264,3.0,15.245000000000001,0.6931471805599453,-1.252762968495368,-0.4054651081081645,-0.6931471805599453,-0.6931471805599453,16,19.53,19.31,19.9,21.86,15.7,1.3,3.3,30.6,79.14,76.14,78.86,78.43,13.0,5.0,3.0,6.0
2021-05-02,202118,13.0,13,13,13,0.9893891,2.267633,0,1,313670220211819684,2023-11-23,Juiz de Fora,3.2520068,573285,0,1,1,5,,,,,103009,13.83,18.53,24.41,4.3,80.29,1.0,15.74,0.31063053,6.0,15.24,1.9410479,2.0,14.21,0.5061492,3.0,15.79,0.52646476,5.5,14.755,2.6390573296152584,1.945910149055313,0.6931471805599452,1.5404450409471486,1.2527629684953678,17,19.34,19.53,19.31,19.9,44.5,15.7,1.3,3.3,83.43,79.14,76.14,78.86,5.0,3.0,6.0,1.0
2021-05-09,202119,5.0,5,5,5,0.45011345,0.8721666,0,1,313670220211919684,2023-11-23,Juiz de Fora,0.92798316,573285,0,0,0,0,,,,,103009,13.03,17.16,22.09,1.7,82.86,13.0,13.83,3.2520068,1.0,15.74,0.31063053,6.0,15.24,1.9410479,2.0,14.21,0.5061492,6.25,14.46,1.791759469228055,-0.8472978603872034,1.0986122886681096,-0.15415067982725827,0.6931471805599452,18,18.53,19.34,19.53,19.31,4.3,44.5,15.7,1.3,80.29,83.43,79.14,76.14,3.0,6.0,1.0,3.0
2021-05-16,202120,3.0,3,3,3,0.08418688,0.52329993,0,1,313670220212019684,2023-11-23,Juiz de Fora,0.42056492,573285,0,0,0,2,,,,,103009,14.11,18.83,25.4,0.7,80.57,5.0,13.03,0.92798316,13.0,13.83,3.2520068,1.0,15.74,0.31063053,6.0,15.24,1.9410479,5.5,14.177499999999998,1.3862943611198906,-0.4054651081081644,-1.2527629684953678,0.6931471805599453,-0.5596157879354227,19,17.16,18.53,19.34,19.53,1.7,4.3,44.5,15.7,82.86,80.29,83.43,79.14,6.0,1.0,3.0,4.0
2021-05-23,202121,6.0,6,6,6,0.46809116,1.0465999,0,1,313670220212119684,2023-11-23,Juiz de Fora,0.95677865,573285,0,0,0,2,,,,,103009,15.94,20.14,26.03,0.0,77.14,3.0,14.11,0.42056492,5.0,13.03,0.92798316,13.0,13.83,3.2520068,1.0,15.74,0.31063053,6.75,14.227500000000001,1.9459101490553132,0.5596157879354227,0.15415067982725827,-0.6931471805599452,1.252762968495368,20,18.83,17.16,18.53,19.34,0.7,1.7,4.3,44.5,80.57,82.86,80.29,83.43,1.0,3.0,4.0,4.0
2021-05-30,202122,1.0,1,1,1,0.040677752,0.1744333,0,1,313670220212219684,2023-11-23,Juiz de Fora,0.2164682,573285,0,0,0,0,,,,,103009,15.1,19.01,24.5,32.3,84.71,6.0,15.94,0.95677865,3.0,14.11,0.42056492,5.0,13.03,0.92798316,13.0,13.83,3.2520068,3.75,14.544999999999998,0.6931471805599453,-1.252762968495368,-0.6931471805599453,-1.0986122886681096,-1.945910149055313,21,20.14,18.83,17.16,18.53,0.0,0.7,1.7,4.3,77.14,80.57,82.86,80.29,3.0,4.0,4.0,1.0
2021-06-06,202123,3.0,3,3,3,0.36453173,0.52329993,0,1,313670220212319684,2023-11-23,Juiz de Fora,0.7789737,573285,0,0,0,1,,,,,103009,15.27,18.71,23.13,8.0,85.29,1.0,15.1,0.2164682,6.0,15.94,0.95677865,3.0,14.11,0.42056492,5.0,13.03,0.92798316,3.25,15.104999999999999,1.3862943611198906,0.6931471805599453,-0.5596157879354227,0.0,-0.4054651081081644,22,19.01,20.14,18.83,17.16,32.3,0.0,0.7,1.7,84.71,77.14,80.57,82.86,4.0,4.0,1.0,1.0
2021-06-13,202124,4.0,4,4,4,0.6597007,0.6977332,0,1,313670220212419684,2023-11-23,Juiz de Fora,1.3429506,573285,0,0,0,0,,,,,103009,11.7,15.61,20.67,1.7,83.71,3.0,15.27,0.7789737,1.0,15.1,0.2164682,6.0,15.94,0.95677865,3.0,14.11,0.42056492,3.5,14.502500000000001,1.6094379124341003,0.2231435513142097,0.916290731874155,-0.33647223662121295,0.2231435513142097,23,18.71,19.01,20.14,18.83,8.0,32.3,0.0,0.7,85.29,84.71,77.14,80.57,4.0,1.0,1.0,1.0
2021-06-20,202125,4.0,4,4,4,0.66258264,0.6977332,0,1,313670220212519684,2023-11-23,Juiz de Fora,1.3510892,573285,0,0,0,0,,,,,103009,12.17,16.67,22.5,0.3,80.14,4.0,11.7,1.3429506,3.0,15.27,0.7789737,1.0,15.1,0.2164682,6.0,15.94,0.95677865,3.0,13.559999999999999,1.6094379124341003,0.0,0.2231435513142097,0.916290731874155,-0.33647223662121295,24,15.61,18.71,19.01,20.14,1.7,8.0,32.3,0.0,83.71,85.29,84.71,77.14,1.0,1.0,1.0,1.0
2021-06-27,202126,1.0,1,1,1,0.09313413,0.1744333,0,1,313670220212619684,2023-11-23,Juiz de Fora,0.2920095,573285,0,0,0,0,,,,,103009,9.36,14.84,21.47,0.0,76.71,4.0,12.17,1.3510892,4.0,11.7,1.3429506,3.0,15.27,0.7789737,1.0,15.1,0.2164682,3.0,12.125,0.6931471805599453,-0.916290731874155,-0.916290731874155,-0.6931471805599453,0.0,25,16.67,15.61,18.71,19.01,0.3,1.7,8.0,32.3,80.14,83.71,85.29,84.71,1.0,1.0,1.0,0.0
2021-07-04,202127,1.0,1,1,1,0.12269719,0.1744333,0,1,313670220212719684,2023-11-23,Juiz de Fora,0.3303791,573285,0,0,0,0,,,,,103009,9.53,14.84,21.23,0.0,76.57,1.0,9.36,0.2920095,4.0,12.17,1.3510892,4.0,11.7,1.3429506,3.0,15.27,0.7789737,2.5,10.69,0.6931471805599453,0.0,-0.916290731874155,-0.916290731874155,-0.6931471805599453,26,14.84,16.67,15.61,18.71,0.0,0.3,1.7,8.0,76.71,80.14,83.71,85.29,1.0,1.0,0.0,0.0
2021-07-11,202128,1.0,1,1,1,0.26939797,0.1744333,0,1,313670220212819684,2023-11-23,Juiz de Fora,0.5284884,573285,0,0,0,1,,,,,103009,11.33,17.56,25.03,0.0,74.43,1.0,9.53,0.3303791,1.0,9.36,0.2920095,4.0,12.17,1.3510892,4.0,11.7,1.3429506,1.75,10.5975,0.6931471805599453,0.0,0.0,-0.916290731874155,-0.916290731874155,27,14.84,14.84,16.67,15.61,0.0,0.0,0.3,1.7,76.57,76.71,80.14,83.71,1.0,0.0,0.0,2.0
2021-07-18,202129,1.0,1,1,1,0.44412294,0.1744333,0,1,313670220212919684,2023-11-23,Juiz de Fora,0.8539936,573285,0,0,0,0,,,,,103009,9.6,15.27,22.24,1.4,75.86,1.0,11.33,0.5284884,1.0,9.53,0.3303791,1.0,9.36,0.2920095,4.0,12.17,1.3510892,1.0,9.954999999999998,0.6931471805599453,0.0,0.0,0.0,-0.916290731874155,28,17.56,14.84,14.84,16.67,0.0,0.0,0.0,0.3,74.43,76.57,76.71,80.14,0.0,0.0,2.0,5.0
2021-07-25,202130,0.0,0,0,0,0.0,0.0,0,1,313670220213019684,2023-11-23,Juiz de Fora,0.0,573285,0,0,0,0,,,,,103009,8.84,14.71,21.66,2.3,72.29,1.0,9.6,0.8539936,1.0,11.33,0.5284884,1.0,9.53,0.3303791,1.0,9.36,0.2920095,0.75,9.825,0.0,-0.6931471805599453,-0.6931471805599453,-0.6931471805599453,-0.6931471805599453,29,15.27,17.56,14.84,14.84,1.4,0.0,0.0,0.0,75.86,74.43,76.57,76.71,0.0,2.0,5.0,1.0
2021-08-01,202131,0.0,0,0,0,0.0,0.0,0,1,313670220213119684,2023-11-23,Juiz de Fora,0.0,573285,0,0,0,0,,,,,103009,10.94,15.11,20.43,0.6,76.86,0.0,8.84,0.0,1.0,9.6,0.8539936,1.0,11.33,0.5284884,1.0,9.53,0.3303791,0.5,10.1775,0.0,0.0,-0.6931471805599453,-0.6931471805599453,-0.6931471805599453,30,14.71,15.27,17.56,14.84,2.3,1.4,0.0,0.0,72.29,75.86,74.43,76.57,2.0,5.0,1.0,1.0
2021-08-08,202132,2.0,2,2,2,0.9072857,0.3488666,0,1,313670220213219684,2023-11-23,Juiz de Fora,4.8957777,573285,0,0,0,0,,,,,103009,13.79,17.91,23.64,3.0,76.29,0.0,10.94,0.0,0.0,8.84,0.0,1.0,9.6,0.8539936,1.0,11.33,0.5284884,0.75,10.7925,1.0986122886681098,1.0986122886681098,1.0986122886681098,0.4054651081081645,0.4054651081081645,31,15.11,14.71,15.27,17.56,0.6,2.3,1.4,0.0,76.86,72.29,75.86,74.43,5.0,1.0,1.0,2.0
2021-08-15,202133,5.0,5,5,5,0.9780748,0.8721666,0,1,313670220213319684,2023-11-23,Juiz de Fora,6.1541915,573285,0,0,0,1,,,,,103009,14.21,18.97,25.49,3.9,75.0,2.0,13.79,4.8957777,0.0,10.94,0.0,0.0,8.84,0.0,1.0,9.6,0.8539936,1.75,11.945,1.791759469228055,0.6931471805599452,1.791759469228055,1.791759469228055,1.0986122886681096,32,17.91,15.11,14.71,15.27,3.0,0.6,2.3,1.4,76.29,76.86,72.29,75.86,1.0,1.0,2.0,4.0
2021-08-22,202134,1.0,1,1,1,0.23877169,0.1744333,0,1,313670220213419684,2023-11-23,Juiz de Fora,0.48395768,573285,0,0,0,0,,,,,103009,14.0,20.01,27.03,3.9,63.43,5.0,14.21,6.1541915,2.0,13.79,4.8957777,0.0,10.94,0.0,0.0,8.84,0.0,2.0,13.235,0.6931471805599453,-1.0986122886681096,-0.4054651081081645,0.6931471805599453,0.6931471805599453,33,18.97,17.91,15.11,14.71,3.9,3.0,0.6,2.3,75.0,76.29,76.86,72.29,1.0,2.0,4.0,2.0
2021-08-29,202135,1.0,1,1,1,0.14612249,0.1744333,0,1,313670220213519684,2023-11-23,Juiz de Fora,0.36039284,573285,0,0,0,0,,,,,103009,15.17,19.16,24.07,14.6,73.71,1.0,14.0,0.48395768,5.0,14.21,6.1541915,2.0,13.79,4.8957777,0.0,10.94,0.0,2.25,14.2925,0.6931471805599453,0.0,-1.0986122886681096,-0.4054651081081645,0.6931471805599453,34,20.01,18.97,17.91,15.11,3.9,3.9,3.0,0.6,63.43,75.0,76.29,76.86,2.0,4.0,2.0,1.0
2021-09-05,202136,2.0,2,2,2,0.48536363,0.3488666,0,1,313670220213619684,2023-11-23,Juiz de Fora,0.9677113,573285,0,0,0,0,,,,,103009,17.71,22.03,28.03,21.2,72.71,1.0,15.17,0.36039284,1.0,14.0,0.48395768,5.0,14.21,6.1541915,2.0,13.79,4.8957777,2.25,15.2725,1.0986122886681098,0.4054651081081645,0.4054651081081645,-0.6931471805599452,0.0,35,19.16,20.01,18.97,17.91,14.6,3.9,3.9,3.0,73.71,63.43,75.0,76.29,4.0,2.0,1.0,0.0
2021-09-12,202137,4.0,4,4,4,0.8656513,0.6977332,0,1,313670220213719684,2023-11-23,Juiz de Fora,2.4696894,573285,0,0,0,0,,,,,103009,18.14,22.5,28.49,5.5,71.57,2.0,17.71,0.9677113,1.0,15.17,0.36039284,1.0,14.0,0.48395768,5.0,14.21,6.1541915,2.0,16.255,1.6094379124341003,0.5108256237659905,0.916290731874155,0.916290731874155,-0.18232155679395468,36,22.03,19.16,20.01,18.97,21.2,14.6,3.9,3.9,72.71,73.71,63.43,75.0,2.0,1.0,0.0,2.0
2021-09-19,202138,2.0,2,2,2,0.45867628,0.3488666,0,1,313670220213819684,2023-11-23,Juiz de Fora,0.9123513,573285,0,0,0,0,,,,,103009,14.77,19.59,25.79,4.0,70.43,4.0,18.14,2.4696894,2.0,17.71,0.9677113,1.0,15.17,0.36039284,1.0,14.0,0.48395768,2.25,16.447499999999998,1.0986122886681098,-0.5108256237659905,0.0,0.4054651081081645,0.4054651081081645,37,22.5,22.03,19.16,20.01,5.5,21.2,14.6,3.9,71.57,72.71,73.71,63.43,1.0,0.0,2.0,1.0
2021-09-26,202139,1.0,1,1,1,0.15639454,0.1744333,0,1,313670220213919684,2023-11-23,Juiz de Fora,0.37358907,573285,0,0,0,0,,,,,103009,16.56,21.36,27.7,38.6,76.0,2.0,14.77,0.9123513,4.0,18.14,2.4696894,2.0,17.71,0.9677113,1.0,15.17,0.36039284,2.25,16.794999999999998,0.6931471805599453,-0.4054651081081645,-0.916290731874155,-0.4054651081081645,0.0,38,19.59,22.5,22.03,19.16,4.0,5.5,21.2,14.6,70.43,71.57,72.71,73.71,0.0,2.0,1.0,1.0
2021-10-03,202140,0.0,0,0,0,0.0,0.0,0,1,313670220214019684,2023-11-23,Juiz de Fora,0.0,573285,0,0,0,0,,,,,103009,17.26,19.86,23.8,40.8,86.0,1.0,16.56,0.37358907,2.0,14.77,0.9123513,4.0,18.14,2.4696894,2.0,17.71,0.9677113,1.75,16.6825,0.0,-0.6931471805599453,-1.0986122886681098,-1.6094379124341003,-1.0986122886681098,39,21.36,19.59,22.5,22.03,38.6,4.0,5.5,21.2,76.0,70.43,71.57,72.71,2.0,1.0,1.0,0.0
2021-10-10,202141,2.0,2,2,2,0.6922485,0.3488666,0,1,313670220214119684,2023-11-23,Juiz de Fora,1.6449687,573285,0,0,0,0,,,,,103009,16.2,19.29,23.2,99.4,86.14,0.0,17.26,0.0,1.0,16.56,0.37358907,2.0,14.77,0.9123513,4.0,18.14,2.4696894,1.25,16.1975,1.0986122886681098,1.0986122886681098,0.4054651081081645,0.0,-0.5108256237659905,40,19.86,21.36,19.59,22.5,40.8,38.6,4.0,5.5,86.0,76.0,70.43,71.57,1.0,1.0,0.0,1.0
2021-10-17,202142,1.0,1,1,1,0.5337065,0.1744333,0,1,313670220214219684,2023-11-23,Juiz de Fora,1.103897,573285,0,0,0,0,,,,,103009,15.47,18.03,21.11,66.9,86.71,2.0,16.2,1.6449687,0.0,17.26,0.0,1.0,16.56,0.37358907,2.0,14.77,0.9123513,1.0,16.3725,0.6931471805599453,-0.4054651081081645,0.6931471805599453,0.0,-0.4054651081081645,41,19.29,19.86,21.36,19.59,99.4,40.8,38.6,4.0,86.14,86.0,76.0,70.43,1.0,0.0,1.0,6.0
2021-10-24,202143,1.0,1,1,1,0.44836974,0.1744333,0,1,313670220214319684,2023-11-23,Juiz de Fora,0.86412555,573285,1,0,0,0,,,,,103009,17.83,20.99,24.61,17.5,78.86,1.0,15.47,1.103897,2.0,16.2,1.6449687,0.0,17.26,0.0,1.0,16.56,0.37358907,1.0,16.689999999999998,0.6931471805599453,0.0,-0.4054651081081645,0.6931471805599453,0.0,42,18.03,19.29,19.86,21.36,66.9,99.4,40.8,38.6,86.71,86.14,86.0,76.0,0.0,1.0,6.0,3.0
2021-10-31,202144,0.0,0,0,0,0.0,0.0,0,1,313670220214419684,2023-11-23,Juiz de Fora,0.0,573285,0,0,0,0,,,,,103009,17.16,20.67,25.31,62.6,79.0,1.0,17.83,0.86412555,1.0,15.47,1.103897,2.0,16.2,1.6449687,0.0,17.26,0.0,1.0,16.665,0.0,-0.6931471805599453,-0.6931471805599453,-1.0986122886681098,0.0,43,20.99,18.03,19.29,19.86,17.5,66.9,99.4,40.8,78.86,86.71,86.14,86.0,1.0,6.0,3.0,0.0
2021-11-07,202145,1.0,1,1,1,0.57314706,0.1744333,0,1,313670220214519684,2023-11-23,Juiz de Fora,1.2452948,573285,0,0,0,0,,,,,103009,16.14,18.71,22.01,34.6,85.43,0.0,17.16,0.0,1.0,17.83,0.86412555,1.0,15.47,1.103897,2.0,16.2,1.6449687,0.75,16.65,0.6931471805599453,0.6931471805599453,0.0,0.0,-0.4054651081081645,44,20.67,20.99,18.03,19.29,62.6,17.5,66.9,99.4,79.0,78.86,86.71,86.14,6.0,3.0,0.0,0.0
2021-11-14,202146,6.0,6,6,6,0.9879156,1.0465999,0,1,313670220214619684,2023-11-23,Juiz de Fora,6.8906636,573285,0,0,0,2,,,,,103009,15.87,19.99,24.63,63.8,78.71,1.0,16.14,1.2452948,0.0,17.16,0.0,1.0,17.83,0.86412555,1.0,15.47,1.103897,2.0,16.75,1.9459101490553132,1.252762968495368,1.9459101490553132,1.252762968495368,1.252762968495368,45,18.71,20.67,20.99,18.03,34.6,62.6,17.5,66.9,85.43,79.0,78.86,86.71,3.0,0.0,0.0,0.0
2021-11-21,202147,3.0,3,3,3,0.67356074,0.52329993,0,1,313670220214719684,2023-11-23,Juiz de Fora,1.4482749,573285,0,0,0,2,,,,,103009,16.96,21.6,27.34,58.2,71.57,6.0,15.87,6.8906636,1.0,16.14,1.2452948,0.0,17.16,0.0,1.0,17.83,0.86412555,2.5,16.5325,1.3862943611198906,-0.5596157879354227,0.6931471805599453,1.3862943611198906,0.6931471805599453,46,19.99,18.71,20.67,20.99,63.8,34.6,62.6,17.5,78.71,85.43,79.0,78.86,0.0,0.0,0.0,0.0
2021-11-28,202148,0.0,0,0,0,0.0,0.0,0,1,313670220214819684,2023-11-23,Juiz de Fora,0.0,573285,0,0,0,0,,,,,103009,18.56,22.4,27.89,58.9,78.0,3.0,16.96,1.4482749,6.0,15.87,6.8906636,1.0,16.14,1.2452948,0.0,17.16,0.0,2.5,16.8825,0.0,-1.3862943611198906,-1.9459101490553132,-0.6931471805599453,0.0,47,21.6,19.99,18.71,20.67,58.2,63.8,34.6,62.6,71.57,78.71,85.43,79.0,0.0,0.0,0.0,1.0
2021-12-05,202149,0.0,0,0,0,0.0,0.0,0,1,313670220214919684,2023-11-23,Juiz de Fora,0.0,573285,0,0,0,0,,,,,103009,17.0,20.4,24.8,39.7,81.57,0.0,18.56,0.0,3.0,16.96,1.4482749,6.0,15.87,6.8906636,1.0,16.14,1.2452948,2.25,17.0975,0.0,0.0,-1.3862943611198906,-1.9459101490553132,-0.6931471805599453,48,22.4,21.6,19.99,18.71,58.9,58.2,63.8,34.6,78.0,71.57,78.71,85.43,0.0,0.0,1.0,4.0
2021-12-12,202150,0.0,0,0,0,0.0,0.0,0,1,313670220215019684,2023-11-23,Juiz de Fora,0.0,573285,0,0,0,0,,,,,103009,20.27,22.61,26.76,133.1,86.0,0.0,17.0,0.0,0.0,18.56,0.0,3.0,16.96,1.4482749,6.0,15.87,6.8906636,0.75,18.197499999999998,0.0,0.0,0.0,-1.3862943611198906,-1.9459101490553132,49,20.4,22.4,21.6,19.99,39.7,58.9,58.2,63.8,81.57,78.0,71.57,78.71,0.0,1.0,4.0,5.0
2021-12-19,202151,0.0,0,0,0,0.0,0.0,0,1,313670220215119684,2023-11-23,Juiz de Fora,0.0,573285,0,0,0,0,,,,,103009,16.83,21.03,25.73,12.2,76.29,0.0,20.27,0.0,0.0,17.0,0.0,0.0,18.56,0.0,3.0,16.96,1.4482749,0.0,18.165,0.0,0.0,0.0,0.0,-1.3862943611198906,50,22.61,20.4,22.4,21.6,133.1,39.7,58.9,58.2,86.0,81.57,78.0,71.57,1.0,4.0,5.0,7.0
2021-12-26,202152,1.0,1,1,1,0.9538994,0.1744333,0,1,313670220215219684,2023-11-23,Juiz de Fora,14.6862335,573285,1,0,0,0,,,,,103009,17.81,21.04,25.86,161.3,85.0,0.0,16.83,0.0,0.0,20.27,0.0,0.0,17.0,0.0,0.0,18.56,0.0,0.25,17.9775,0.6931471805599453,0.6931471805599453,0.6931471805599453,0.6931471805599453,0.6931471805599453,51,21.03,22.61,20.4,22.4,12.2,133.1,39.7,58.9,76.29,86.0,81.57,78.0,4.0,5.0,7.0,4.0
2022-01-02,202201,4.0,4,4,4,0.98034495,0.6977332,0,1,313670220220119684,2023-11-23,Juiz de Fora,8.727051,573285,1,0,0,0,,,,,103009,19.97,22.07,25.07,138.0,85.29,1.0,17.81,14.6862335,0.0,16.83,0.0,0.0,20.27,0.0,0.0,17.0,0.0,1.25,18.72,1.6094379124341003,0.916290731874155,1.6094379124341003,1.6094379124341003,1.6094379124341003,52,21.04,21.03,22.61,20.4,161.3,12.2,133.1,39.7,85.0,76.29,86.0,81.57,5.0,7.0,4.0,3.0
2022-01-09,202202,5.0,5,5,5,0.9243263,0.8721666,0,2,313670220220219684,2023-11-23,Juiz de Fora,3.0547698,573285,1,0,0,1,,,,,103009,19.26,22.53,26.96,145.3,83.29,4.0,19.97,8.727051,1.0,17.81,14.6862335,0.0,16.83,0.0,0.0,20.27,0.0,2.5,18.4675,1.791759469228055,0.18232155679395468,1.0986122886681096,1.791759469228055,1.791759469228055,1,22.07,21.04,21.03,22.61,138.0,161.3,12.2,133.1,85.29,85.0,76.29,86.0,7.0,4.0,3.0,3.0
2022-01-16,202203,7.0,7,7,7,0.87831783,1.2210332,0,2,313670220220319684,2023-11-23,Juiz de Fora,2.0434792,573285,1,0,0,0,,,,,103009,19.89,24.3,29.79,6.0,73.43,5.0,19.26,3.0547698,4.0,19.97,8.727051,1.0,17.81,14.6862335,0.0,16.83,0.0,4.25,19.2325,2.0794415416798357,0.2876820724517808,0.47000362924573547,1.3862943611198904,2.0794415416798357,2,22.53,22.07,21.04,21.03,145.3,138.0,161.3,12.2,83.29,85.29,85.0,76.29,4.0,3.0,3.0,1.0
2022-01-23,202204,4.0,4,4,4,0.37245733,0.6977332,0,2,313670220220419684,2023-11-23,Juiz de Fora,0.8119611,573285,1,0,0,0,,,,,103009,19.0,23.81,29.83,40.2,71.71,7.0,19.89,2.0434792,5.0,19.26,3.0547698,4.0,19.97,8.727051,1.0,17.81,14.6862335,5.0,19.53,1.6094379124341003,-0.47000362924573547,-0.18232155679395468,0.0,0.916290731874155,3,24.3,22.53,22.07,21.04,6.0,145.3,138.0,161.3,73.43,83.29,85.29,85.0,3.0,3.0,1.0,2.0
2022-01-30,202205,3.0,3,3,3,0.19398932,0.52329993,0,2,313670220220519684,2023-11-23,Juiz de Fora,0.5604647,573285,1,0,0,0,,,,,103009,19.86,22.66,27.6,180.2,85.57,4.0,19.0,0.8119611,7.0,19.89,2.0434792,5.0,19.26,3.0547698,4.0,19.97,8.727051,4.75,19.502499999999998,1.3862943611198906,-0.2231435513142097,-0.6931471805599452,-0.4054651081081644,-0.2231435513142097,4,23.81,24.3,22.53,22.07,40.2,6.0,145.3,138.0,71.71,73.43,83.29,85.29,3.0,1.0,2.0,1.0
2022-02-06,202206,3.0,3,3,3,0.28444365,0.52329993,0,2,313670220220619684,2023-11-23,Juiz de Fora,0.6718526,573285,1,0,0,1,,,,,103009,18.37,20.69,24.2,130.7,89.71,3.0,19.86,0.5604647,4.0,19.0,0.8119611,7.0,19.89,2.0434792,5.0,19.26,3.0547698,4.25,19.28,1.3862943611198906,0.0,-0.2231435513142097,-0.6931471805599452,-0.4054651081081644,5,22.66,23.81,24.3,22.53,180.2,40.2,6.0,145.3,85.57,71.71,73.43,83.29,1.0,2.0,1.0,7.0
2022-02-13,202207,1.0,1,1,1,0.09839674,0.1744333,0,2,313670220220719684,2023-11-23,Juiz de Fora,0.29893172,573285,1,0,0,1,,,,,103009,19.1,22.31,27.74,185.1,83.57,3.0,18.37,0.6718526,3.0,19.86,0.5604647,4.0,19.0,0.8119611,7.0,19.89,2.0434792,2.75,19.0825,0.6931471805599453,-0.6931471805599453,-0.6931471805599453,-0.916290731874155,-1.3862943611198904,6,20.69,22.66,23.81,24.3,130.7,180.2,40.2,6.0,89.71,85.57,71.71,73.43,2.0,1.0,7.0,12.0
2022-02-20,202208,2.0,2,2,2,0.39394936,0.3488666,0,2,313670220220819684,2023-11-23,Juiz de Fora,0.79353946,573285,1,0,0,1,,,,,103009,19.44,23.19,28.33,93.6,81.43,1.0,19.1,0.29893172,3.0,18.37,0.6718526,3.0,19.86,0.5604647,4.0,19.0,0.8119611,2.25,19.192500000000003,1.0986122886681098,0.4054651081081645,-0.2876820724517808,-0.2876820724517808,-0.5108256237659905,7,22.31,20.69,22.66,23.81,185.1,130.7,180.2,40.2,83.57,89.71,85.57,71.71,1.0,7.0,12.0,6.0
2022-02-27,202209,1.0,1,1,1,0.2786582,0.1744333,0,1,313670220220919684,2023-11-23,Juiz de Fora,0.5424666,573285,0,0,0,0,,,,,103009,17.81,23.59,29.83,0.6,70.57,2.0,19.44,0.79353946,1.0,19.1,0.29893172,3.0,18.37,0.6718526,3.0,19.86,0.5604647,1.75,18.68,0.6931471805599453,-0.4054651081081645,0.0,-0.6931471805599453,-0.6931471805599453,8,23.19,22.31,20.69,22.66,93.6,185.1,130.7,180.2,81.43,83.57,89.71,85.57,7.0,12.0,6.0,6.0
2022-03-06,202210,7.0,7,7,7,0.9710988,1.2210332,0,1,313670220221019684,2023-11-23,Juiz de Fora,3.8135147,573285,1,0,0,3,,,,,103009,17.99,23.53,29.6,9.2,73.14,1.0,17.81,0.5424666,2.0,19.44,0.79353946,1.0,19.1,0.29893172,3.0,18.37,0.6718526,2.75,18.585,2.0794415416798357,1.3862943611198904,0.980829253011726,1.3862943611198904,0.6931471805599452,9,23.59,23.19,22.31,20.69,0.6,93.6,185.1,130.7,70.57,81.43,83.57,89.71,12.0,6.0,6.0,14.0
2022-03-13,202211,12.0,12,12,12,0.99109197,2.0931997,0,1,313670220221119684,2023-11-23,Juiz de Fora,3.6449077,573285,1,1,1,6,,,,,103009,18.79,24.16,30.14,4.5,72.29,7.0,17.99,3.8135147,1.0,17.81,0.5424666,2.0,19.44,0.79353946,1.0,19.1,0.29893172,5.5,18.5075,2.5649493574615367,0.485507815781701,1.8718021769015913,1.466337068793427,1.8718021769015913,10,23.53,23.59,23.19,22.31,9.2,0.6,93.6,185.1,73.14,70.57,81.43,83.57,6.0,6.0,14.0,9.0
2022-03-20,202212,6.0,6,6,6,0.45609364,1.0465999,0,1,313670220221219684,2023-11-23,Juiz de Fora,0.9411793,573285,0,0,0,5,,,,,103009,17.16,21.96,27.33,17.1,73.0,12.0,18.79,3.6449077,7.0,17.99,3.8135147,1.0,17.81,0.5424666,2.0,19.44,0.79353946,6.5,17.9375,1.9459101490553132,-0.6190392084062235,-0.13353139262452252,1.252762968495368,0.8472978603872034,11,24.16,23.53,23.59,23.19,4.5,9.2,0.6,93.6,72.29,73.14,70.57,81.43,6.0,14.0,9.0,7.0
2022-03-27,202213,6.0,6,6,6,0.26341918,1.0465999,0,1,313670220221319684,2023-11-23,Juiz de Fora,0.7211655,573285,1,0,0,4,,,,,103009,19.26,22.7,27.84,59.2,82.14,6.0,17.16,0.9411793,12.0,18.79,3.6449077,7.0,17.99,3.8135147,1.0,17.81,0.5424666,7.75,18.299999999999997,1.9459101490553132,0.0,-0.6190392084062235,-0.13353139262452252,1.252762968495368,12,21.96,24.16,23.53,23.59,17.1,4.5,9.2,0.6,73.0,72.29,73.14,70.57,14.0,9.0,7.0,16.0
2022-04-03,202214,14.0,14,14,14,0.91010803,2.4420664,0,1,313670220221419684,2023-11-23,Juiz de Fora,1.7749293,573285,1,0,1,10,,,,,103009,19.41,22.56,27.24,14.5,81.43,6.0,19.26,0.7211655,6.0,17.16,0.9411793,12.0,18.79,3.6449077,7.0,17.99,3.8135147,9.5,18.655,2.70805020110221,0.7621400520468968,0.7621400520468968,0.14310084364067333,0.6286086594223743,13,22.7,21.96,24.16,23.53,59.2,17.1,4.5,9.2,82.14,73.0,72.29,73.14,9.0,7.0,16.0,15.0
2022-04-10,202215,9.0,9,9,9,0.5587695,1.5698998,0,1,313670220221519684,2023-11-23,Juiz de Fora,1.0716789,573285,0,0,0,7,,,,,103009,16.93,20.93,26.21,24.2,80.0,14.0,19.41,1.7749293,6.0,19.26,0.7211655,6.0,17.16,0.9411793,12.0,18.79,3.6449077,8.75,18.19,2.302585092994046,-0.40546510810816416,0.35667494393873267,0.35667494393873267,-0.26236426446749084,14,22.56,22.7,21.96,24.16,14.5,59.2,17.1,4.5,81.43,82.14,73.0,72.29,7.0,16.0,15.0,16.0
2022-04-17,202216,7.0,7,7,7,0.22926164,1.2210332,0,1,313670220221619684,2023-11-23,Juiz de Fora,0.70205307,573285,0,0,0,7,,,,,103009,13.73,19.53,26.27,0.1,75.14,9.0,16.93,1.0716789,14.0,19.41,1.7749293,6.0,19.26,0.7211655,6.0,17.16,0.9411793,9.0,17.332500000000003,2.0794415416798357,-0.22314355131421015,-0.6286086594223743,0.13353139262452252,0.13353139262452252,15,20.93,22.56,22.7,21.96,24.2,14.5,59.2,17.1,80.0,81.43,82.14,73.0,16.0,15.0,16.0,13.0
2022-04-24,202217,16.0,16,16,16,0.8901004,2.790933,0,1,313670220221719684,2023-11-23,Juiz de Fora,1.6181436,573285,0,0,1,12,,,,,103009,16.29,21.27,26.86,1.9,77.14,7.0,13.73,0.70205307,9.0,16.93,1.0716789,14.0,19.41,1.7749293,6.0,19.26,0.7211655,11.5,16.59,2.833213344056216,0.7537718023763804,0.5306282510621703,0.1251631429540061,0.8873031950009029,16,19.53,20.93,22.56,22.7,0.1,24.2,14.5,59.2,75.14,80.0,81.43,82.14,15.0,16.0,13.0,4.0
2022-05-01,202218,15.0,15,15,15,0.82195723,2.6164997,0,1,313670220221819684,2023-11-23,Juiz de Fora,1.4374682,573285,0,0,1,13,,,,,103009,16.37,20.77,26.63,15.0,73.86,16.0,16.29,1.6181436,7.0,13.73,0.70205307,9.0,16.93,1.0716789,14.0,19.41,1.7749293,11.75,15.830000000000002,2.772588722239781,-0.06062462181643502,0.6931471805599454,0.47000362924573524,0.06453852113757108,17,21.27,19.53,20.93,22.56,1.9,0.1,24.2,14.5,77.14,75.14,80.0,81.43,16.0,13.0,4.0,5.0
2022-05-08,202219,16.0,16,16,16,0.70611614,2.790933,0,1,313670220221919684,2023-11-23,Juiz de Fora,1.2195991,573285,0,0,1,14,,,,,103009,14.83,18.76,24.11,3.7,78.71,15.0,16.37,1.4374682,16.0,16.29,1.6181436,7.0,13.73,0.70205307,9.0,16.93,1.0716789,13.5,15.305,2.833213344056216,0.06062462181643502,0.0,0.7537718023763804,0.5306282510621703,18,20.77,21.27,19.53,20.93,15.0,1.9,0.1,24.2,73.86,77.14,75.14,80.0,13.0,4.0,5.0,6.0
2022-05-15,202220,13.0,13,13,13,0.36100486,2.267633,0,1,313670220222019684,2023-11-23,Juiz de Fora,0.87549245,573285,0,0,1,11,,,,,103009,11.71,15.94,21.54,4.7,69.14,16.0,14.83,1.2195991,15.0,16.37,1.4374682,16.0,16.29,1.6181436,7.0,13.73,0.70205307,15.0,14.8,2.6390573296152584,-0.19415601444095776,-0.13353139262452274,-0.19415601444095776,0.5596157879354227,19,18.76,20.77,21.27,19.53,3.7,15.0,1.9,0.1,78.71,73.86,77.14,75.14,4.0,5.0,6.0,5.0
2022-05-22,202221,4.0,4,4,4,0.0055281753,0.6977332,0,1,313670220222119684,2023-11-23,Juiz de Fora,0.28030196,573285,0,0,0,1,,,,,103009,11.27,16.26,22.56,1.9,79.43,13.0,11.71,0.87549245,16.0,14.83,1.2195991,15.0,16.37,1.4374682,16.0,16.29,1.6181436,12.0,13.545,1.6094379124341003,-1.0296194171811581,-1.2237754316221159,-1.1631508098056809,-1.2237754316221159,20,15.94,18.76,20.77,21.27,4.7,3.7,15.0,1.9,69.14,78.71,73.86,77.14,5.0,6.0,5.0,2.0
2022-05-29,202222,5.0,5,5,5,0.054919813,0.8721666,0,1,313670220222219684,2023-11-23,Juiz de Fora,0.44733348,573285,0,0,0,2,,,,,103009,15.1,19.49,25.3,0.8,78.71,4.0,11.27,0.28030196,13.0,11.71,0.87549245,16.0,14.83,1.2195991,15.0,16.37,1.4374682,9.5,13.227500000000001,1.791759469228055,0.18232155679395468,-0.8472978603872034,-1.0414538748281612,-0.9808292530117262,21,16.26,15.94,18.76,20.77,1.9,4.7,3.7,15.0,79.43,69.14,78.71,73.86,6.0,5.0,2.0,3.0
2022-06-05,202223,6.0,6,6,6,0.36568663,1.0465999,0,1,313670220222319684,2023-11-23,Juiz de Fora,0.8324462,573285,0,0,0,3,,,,,103009,13.06,17.67,23.41,3.9,78.14,5.0,15.1,0.44733348,4.0,11.27,0.28030196,13.0,11.71,0.87549245,16.0,14.83,1.2195991,7.0,12.785,1.9459101490553132,0.15415067982725827,0.33647223662121295,-0.6931471805599452,-0.8873031950009029,22,19.49,16.26,15.94,18.76,0.8,1.9,4.7,3.7,78.71,79.43,69.14,78.71,5.0,2.0,3.0,2.0
2022-06-12,202224,5.0,5,5,5,0.44123814,0.8721666,0,1,313670220222419684,2023-11-23,Juiz de Fora,0.9158856,573285,0,0,0,2,,,,,103009,10.06,15.3,22.11,0.1,75.57,6.0,13.06,0.8324462,5.0,15.1,0.44733348,4.0,11.27,0.28030196,13.0,11.71,0.87549245,5.0,12.372499999999999,1.791759469228055,-0.15415067982725827,0.0,0.18232155679395468,-0.8472978603872034,23,17.67,19.49,16.26,15.94,3.9,0.8,1.9,4.7,78.14,78.71,79.43,69.14,2.0,3.0,2.0,0.0
2022-06-19,202225,2.0,2,2,2,0.09809532,0.3488666,0,1,313670220222519684,2023-11-23,Juiz de Fora,0.38483116,573285,0,0,0,1,,,,,103009,11.5,16.84,24.1,0.9,78.43,5.0,10.06,0.9158856,6.0,13.06,0.8324462,5.0,15.1,0.44733348,4.0,11.27,0.28030196,4.5,12.43,1.0986122886681098,-0.6931471805599452,-0.8472978603872034,-0.6931471805599452,-0.5108256237659905,24,15.3,17.67,19.49,16.26,0.1,3.9,0.8,1.9,75.57,78.14,78.71,79.43,3.0,2.0,0.0,1.0
2022-06-26,202226,3.0,3,3,3,0.29444364,0.52329993,0,1,313670220222619684,2023-11-23,Juiz de Fora,0.68463516,573285,0,0,0,0,,,,,103009,11.3,16.03,22.31,2.0,79.29,2.0,11.5,0.38483116,5.0,10.06,0.9158856,6.0,13.06,0.8324462,5.0,15.1,0.44733348,4.0,11.48,1.3862943611198906,0.2876820724517808,-0.4054651081081644,-0.5596157879354227,-0.4054651081081644,25,16.84,15.3,17.67,19.49,0.9,0.1,3.9,0.8,78.43,75.57,78.14,78.71,2.0,0.0,1.0,0.0
2022-07-03,202227,2.0,2,2,2,0.28459212,0.3488666,0,1,313670220222719684,2023-11-23,Juiz de Fora,0.6272951,573285,0,0,0,0,,,,,103009,10.34,16.91,24.87,0.0,71.0,3.0,11.3,0.68463516,2.0,11.5,0.38483116,5.0,10.06,0.9158856,6.0,13.06,0.8324462,3.0,10.8,1.0986122886681098,-0.2876820724517808,0.0,-0.6931471805599452,-0.8472978603872034,26,16.03,16.84,15.3,17.67,2.0,0.9,0.1,3.9,79.29,78.43,75.57,78.14,0.0,1.0,0.0,0.0
2022-07-10,202228,0.0,0,0,0,0.0,0.0,0,1,313670220222819684,2023-11-23,Juiz de Fora,0.0,573285,0,0,0,0,,,,,103009,13.64,18.56,25.0,1.1,71.86,2.0,10.34,0.6272951,3.0,11.3,0.68463516,2.0,11.5,0.38483116,5.0,10.06,0.9158856,1.75,11.695,0.0,-1.0986122886681098,-1.3862943611198906,-1.0986122886681098,-1.791759469228055,27,16.91,16.03,16.84,15.3,0.0,2.0,0.9,0.1,71.0,79.29,78.43,75.57,1.0,0.0,0.0,5.0
2022-07-17,202229,1.0,1,1,1,0.30592728,0.1744333,0,1,313670220222919684,2023-11-23,Juiz de Fora,0.5852268,573285,0,0,0,0,,,,,103009,13.56,18.43,25.03,1.3,75.57,0.0,13.64,0.0,2.0,10.34,0.6272951,3.0,11.3,0.68463516,2.0,11.5,0.38483116,1.5,12.209999999999999,0.6931471805599453,0.6931471805599453,-0.4054651081081645,-0.6931471805599453,-0.4054651081081645,28,18.56,16.91,16.03,16.84,1.1,0.0,2.0,0.9,71.86,71.0,79.29,78.43,0.0,0.0,5.0,0.0
2022-07-24,202230,0.0,0,0,0,0.0,0.0,0,1,313670220223019684,2023-11-23,Juiz de Fora,0.0,573285,0,0,0,0,,,,,103009,11.64,17.07,23.84,2.3,76.0,1.0,13.56,0.5852268,0.0,13.64,0.0,2.0,10.34,0.6272951,3.0,11.3,0.68463516,0.75,12.295,0.0,-0.6931471805599453,0.0,-1.0986122886681098,-1.3862943611198906,29,18.43,18.56,16.91,16.03,1.3,1.1,0.0,2.0,75.57,71.86,71.0,79.29,0.0,5.0,0.0,1.0
2022-07-31,202231,0.0,0,0,0,0.0,0.0,0,1,313670220223119684,2023-11-23,Juiz de Fora,0.0,573285,0,0,0,0,,,,,103009,13.04,18.39,25.01,0.3,73.43,0.0,11.64,0.0,1.0,13.56,0.5852268,0.0,13.64,0.0,2.0,10.34,0.6272951,0.25,12.97,0.0,0.0,-0.6931471805599453,0.0,-1.0986122886681098,30,17.07,18.43,18.56,16.91,2.3,1.3,1.1,0.0,76.0,75.57,71.86,71.0,5.0,0.0,1.0,2.0
2022-08-07,202232,5.0,5,5,5,0.98922217,0.8721666,0,1,313670220223219684,2023-11-23,Juiz de Fora,9.593362,573285,0,0,0,2,,,,,103009,13.87,17.39,22.03,9.6,75.43,0.0,13.04,0.0,0.0,11.64,0.0,1.0,13.56,0.5852268,0.0,13.64,0.0,1.5,13.0275,1.791759469228055,1.791759469228055,1.791759469228055,1.0986122886681096,1.791759469228055,31,18.39,17.07,18.43,18.56,0.3,2.3,1.3,1.1,73.43,76.0,75.57,71.86,0.0,1.0,2.0,2.0
2022-08-14,202233,0.0,0,0,0,0.0,0.0,0,1,313670220223319684,2023-11-23,Juiz de Fora,0.0,573285,0,0,0,0,,,,,103009,12.79,17.81,23.76,0.2,66.71,5.0,13.87,9.593362,0.0,13.04,0.0,0.0,11.64,0.0,1.0,13.56,0.5852268,1.25,12.835,0.0,-1.791759469228055,0.0,0.0,-0.6931471805599453,32,17.39,18.39,17.07,18.43,9.6,0.3,2.3,1.3,75.43,73.43,76.0,75.57,1.0,2.0,2.0,2.0
2022-08-21,202234,1.0,1,1,1,0.24095954,0.1744333,0,1,313670220223419684,2023-11-23,Juiz de Fora,0.4870595,573285,0,0,0,0,,,,,103009,13.17,17.37,22.43,3.1,72.14,0.0,12.79,0.0,5.0,13.87,9.593362,0.0,13.04,0.0,0.0,11.64,0.0,1.5,13.2175,0.6931471805599453,0.6931471805599453,-1.0986122886681096,0.6931471805599453,0.6931471805599453,33,17.81,17.39,18.39,17.07,0.2,9.6,0.3,2.3,66.71,75.43,73.43,76.0,2.0,2.0,2.0,1.0
2022-08-28,202235,2.0,2,2,2,0.60370386,0.3488666,0,1,313670220223519684,2023-11-23,Juiz de Fora,1.2821004,573285,0,0,0,0,,,,,103009,11.33,17.11,23.5,0.0,65.43,1.0,13.17,0.4870595,0.0,12.79,0.0,5.0,13.87,9.593362,0.0,13.04,0.0,2.0,12.79,1.0986122886681098,0.4054651081081645,1.0986122886681098,-0.6931471805599452,1.0986122886681098,34,17.37,17.81,17.39,18.39,3.1,0.2,9.6,0.3,72.14,66.71,75.43,73.43,2.0,2.0,1.0,0.0
2022-09-04,202236,2.0,2,2,2,0.6803805,0.3488666,0,1,313670220223619684,2023-11-23,Juiz de Fora,1.5862668,573285,0,0,0,1,,,,,103009,13.97,18.86,25.33,0.1,65.57,2.0,11.33,1.2821004,1.0,13.17,0.4870595,0.0,12.79,0.0,5.0,13.87,9.593362,1.25,12.815,1.0986122886681098,0.0,0.4054651081081645,1.0986122886681098,-0.6931471805599452,35,17.11,17.37,17.81,17.39,0.0,3.1,0.2,9.6,65.43,72.14,66.71,75.43,2.0,1.0,0.0,2.0
2022-09-11,202237,2.0,2,2,2,0.58055884,0.3488666,0,1,313670220223719684,2023-11-23,Juiz de Fora,1.2092352,573285,0,0,0,0,,,,,103009,15.23,18.4,22.7,56.2,79.14,2.0,13.97,1.5862668,2.0,11.33,1.2821004,1.0,13.17,0.4870595,0.0,12.79,0.0,1.75,13.424999999999999,1.0986122886681098,0.0,0.0,0.4054651081081645,1.0986122886681098,36,18.86,17.11,17.37,17.81,0.1,0.0,3.1,0.2,65.57,65.43,72.14,66.71,1.0,0.0,2.0,4.0
2022-09-18,202238,1.0,1,1,1,0.27273685,0.1744333,0,1,313670220223819684,2023-11-23,Juiz de Fora,0.53349876,573285,0,0,0,0,,,,,103009,13.47,19.26,25.44,22.5,72.0,2.0,15.23,1.2092352,2.0,13.97,1.5862668,2.0,11.33,1.2821004,1.0,13.17,0.4870595,1.75,13.5,0.6931471805599453,-0.4054651081081645,-0.4054651081081645,-0.4054651081081645,0.0,37,18.4,18.86,17.11,17.37,56.2,0.1,0.0,3.1,79.14,65.57,65.43,72.14,0.0,2.0,4.0,4.0
2022-09-25,202239,0.0,0,0,0,0.0,0.0,0,1,313670220223919684,2023-11-23,Juiz de Fora,0.0,573285,0,0,0,0,,,,,103009,15.59,18.2,21.44,36.6,85.14,1.0,13.47,0.53349876,2.0,15.23,1.2092352,2.0,13.97,1.5862668,2.0,11.33,1.2821004,1.25,14.565000000000001,0.0,-0.6931471805599453,-1.0986122886681098,-1.0986122886681098,-1.0986122886681098,38,19.26,18.4,18.86,17.11,22.5,56.2,0.1,0.0,72.0,79.14,65.57,65.43,2.0,4.0,4.0,1.0
2022-10-02,202240,2.0,2,2,2,0.7209992,0.3488666,0,1,313670220224019684,2023-11-23,Juiz de Fora,1.8053064,573285,1,0,0,0,,,,,103009,17.67,20.74,25.39,50.8,82.71,0.0,15.59,0.0,1.0,13.47,0.53349876,2.0,15.23,1.2092352,2.0,13.97,1.5862668,1.25,15.49,1.0986122886681098,1.0986122886681098,0.4054651081081645,0.0,0.0,39,18.2,19.26,18.4,18.86,36.6,22.5,56.2,0.1,85.14,72.0,79.14,65.57,4.0,4.0,1.0,2.0
2022-10-09,202241,4.0,4,4,4,0.931622,0.6977332,0,1,313670220224119684,2023-11-23,Juiz de Fora,3.777181,573285,1,0,0,1,,,,,103009,18.11,22.34,27.44,11.7,74.57,2.0,17.67,1.8053064,0.0,15.59,0.0,1.0,13.47,0.53349876,2.0,15.23,1.2092352,1.75,16.21,1.6094379124341003,0.5108256237659905,1.6094379124341003,0.916290731874155,0.5108256237659905,40,20.74,18.2,19.26,18.4,50.8,36.6,22.5,56.2,82.71,85.14,72.0,79.14,4.0,1.0,2.0,1.0
2022-10-16,202242,4.0,4,4,4,0.8058972,0.6977332,0,2,313670220224219684,2023-11-23,Juiz de Fora,1.9561274,573285,1,0,0,0,,,,,103009,17.24,21.27,26.34,27.7,77.71,4.0,18.11,3.777181,2.0,17.67,1.8053064,0.0,15.59,0.0,1.0,13.47,0.53349876,2.5,17.1525,1.6094379124341003,0.0,0.5108256237659905,1.6094379124341003,0.916290731874155,41,22.34,20.74,18.2,19.26,11.7,50.8,36.6,22.5,74.57,82.71,85.14,72.0,1.0,2.0,1.0,3.0
2022-10-23,202243,1.0,1,1,1,0.116121985,0.1744333,0,2,313670220224319684,2023-11-23,Juiz de Fora,0.32192776,573285,1,0,0,0,,,,,103009,17.66,21.54,27.29,46.4,78.71,4.0,17.24,1.9561274,4.0,18.11,3.777181,2.0,17.67,1.8053064,0.0,15.59,0.0,2.75,17.67,0.6931471805599453,-0.916290731874155,-0.916290731874155,-0.4054651081081645,0.6931471805599453,42,21.27,22.34,20.74,18.2,27.7,11.7,50.8,36.6,77.71,74.57,82.71,85.14,2.0,1.0,3.0,5.0
2022-10-30,202244,2.0,2,2,2,0.3091672,0.3488666,0,1,313670220224419684,2023-11-23,Juiz de Fora,0.66187394,573285,0,0,0,1,,,,,103009,15.24,18.27,22.0,36.8,83.14,1.0,17.66,0.32192776,4.0,17.24,1.9561274,4.0,18.11,3.777181,2.0,17.67,1.8053064,2.75,17.0625,1.0986122886681098,0.4054651081081645,-0.5108256237659905,-0.5108256237659905,0.0,43,21.54,21.27,22.34,20.74,46.4,27.7,11.7,50.8,78.71,77.71,74.57,82.71,1.0,3.0,5.0,3.0
2022-11-06,202245,1.0,1,1,1,0.22852333,0.1744333,0,1,313670220224519684,2023-11-23,Juiz de Fora,0.4695747,573285,0,0,0,1,,,,,103009,15.79,19.36,24.34,156.8,83.86,2.0,15.24,0.66187394,1.0,17.66,0.32192776,4.0,17.24,1.9561274,4.0,18.11,3.777181,2.0,16.482499999999998,0.6931471805599453,-0.4054651081081645,0.0,-0.916290731874155,-0.916290731874155,44,18.27,21.54,21.27,22.34,36.8,46.4,27.7,11.7,83.14,78.71,77.71,74.57,3.0,5.0,3.0,1.0
2022-11-13,202246,3.0,3,3,3,0.7503063,0.52329993,0,1,313670220224619684,2023-11-23,Juiz de Fora,1.7881007,573285,1,0,0,2,,,,,103009,16.84,21.1,26.4,55.7,75.43,1.0,15.79,0.4695747,2.0,15.24,0.66187394,1.0,17.66,0.32192776,4.0,17.24,1.9561274,1.75,16.3825,1.3862943611198906,0.6931471805599453,0.2876820724517808,0.6931471805599453,-0.2231435513142097,45,19.36,18.27,21.54,21.27,156.8,36.8,46.4,27.7,83.86,83.14,78.71,77.71,5.0,3.0,1.0,3.0
2022-11-20,202247,5.0,5,5,5,0.89549583,0.8721666,0,1,313670220224719684,2023-11-23,Juiz de Fora,2.5627787,573285,1,0,0,1,,,,,103009,16.93,20.9,25.81,51.2,78.14,3.0,16.84,1.7881007,1.0,15.79,0.4695747,2.0,15.24,0.66187394,1.0,17.66,0.32192776,2.75,16.2,1.791759469228055,0.4054651081081644,1.0986122886681096,0.6931471805599452,1.0986122886681096,46,21.1,19.36,18.27,21.54,55.7,156.8,36.8,46.4,75.43,83.86,83.14,78.71,3.0,1.0,3.0,5.0
2022-11-27,202248,3.0,3,3,3,0.51344633,0.52329993,0,2,313670220224819684,2023-11-23,Juiz de Fora,1.0261395,573285,1,0,0,0,,,,,103009,18.71,21.49,26.31,75.0,85.0,5.0,16.93,2.5627787,3.0,16.84,1.7881007,1.0,15.79,0.4695747,2.0,15.24,0.66187394,3.0,17.0675,1.3862943611198906,-0.4054651081081644,0.0,0.6931471805599453,0.2876820724517808,47,20.9,21.1,19.36,18.27,51.2,55.7,156.8,36.8,78.14,75.43,83.86,83.14,1.0,3.0,5.0,3.0
2022-12-04,202249,1.0,1,1,1,0.084581085,0.1744333,0,2,313670220224919708,2023-12-17,Juiz de Fora,0.28062132,573285,1,0,0,0,,,,,103009,18.87,21.93,26.3,56.2,81.71,3.0,18.71,1.0261395,5.0,16.93,2.5627787,3.0,16.84,1.7881007,1.0,15.79,0.4695747,3.0,17.8375,0.6931471805599453,-0.6931471805599453,-1.0986122886681096,-0.6931471805599453,0.0,48,21.49,20.9,21.1,19.36,75.0,51.2,55.7,156.8,85.0,78.14,75.43,83.86,3.0,5.0,3.0,9.0
2022-12-11,202250,3.0,3,3,3,0.50397456,0.52329993,0,2,313670220225019718,2023-12-27,Juiz de Fora,1.007625,573285,1,0,0,1,,,,,103009,17.6,21.97,27.63,61.7,76.71,1.0,18.87,0.28062132,3.0,18.71,1.0261395,5.0,16.93,2.5627787,3.0,16.84,1.7881007,3.0,18.0275,1.3862943611198906,0.6931471805599453,0.0,-0.4054651081081644,0.0,49,21.93,21.49,20.9,21.1,56.2,75.0,51.2,55.7,81.71,85.0,78.14,75.43,5.0,3.0,9.0,5.0
2022-12-18,202251,5.0,5,5,5,0.8469836,0.8721666,0,2,313670220225119718,2023-12-27,Juiz de Fora,2.079773,573285,1,0,0,1,,,,,103009,17.27,20.1,23.5,73.6,85.57,3.0,17.6,1.007625,1.0,18.87,0.28062132,3.0,18.71,1.0261395,5.0,16.93,2.5627787,3.0,18.1125,1.791759469228055,0.4054651081081644,1.0986122886681096,0.4054651081081644,0.0,50,21.97,21.93,21.49,20.9,61.7,56.2,75.0,51.2,76.71,81.71,85.0,78.14,3.0,9.0,5.0,7.0
2022-12-25,202252,3.0,3,3,3,0.5008461,0.52329993,0,2,313670220225219734,2024-01-12,Juiz de Fora,1.0016162,573285,1,0,0,1,,,,,103009,19.2,21.93,25.84,69.1,84.71,5.0,17.27,2.079773,3.0,17.6,1.007625,1.0,18.87,0.28062132,3.0,18.71,1.0261395,3.0,18.235,1.3862943611198906,-0.4054651081081644,0.0,0.6931471805599453,0.0,51,20.1,21.97,21.93,21.49,73.6,61.7,56.2,75.0,85.57,76.71,81.71,85.0,9.0,5.0,7.0,15.0
2023-01-01,202301,9.0,9,9,9,0.9269811,1.5698998,0,2,313670220230119740,2024-01-18,Juiz de Fora,2.2497668,573285,1,0,0,5,,,,,103009,18.07,20.81,24.83,141.8,87.14,3.0,19.2,1.0016162,5.0,17.27,2.079773,3.0,17.6,1.007625,1.0,18.87,0.28062132,5.0,18.035,2.302585092994046,0.9162907318741553,0.5108256237659909,0.9162907318741553,1.6094379124341005,52,21.93,20.1,21.97,21.93,69.1,73.6,61.7,56.2,84.71,85.57,76.71,81.71,5.0,7.0,15.0,15.0
2023-01-08,202302,5.0,5,5,5,0.4972159,0.8721666,0,2,313670220230219747,2024-01-25,Juiz de Fora,0.99578077,573285,1,0,0,0,,,,,103009,19.2,22.14,26.61,182.4,86.0,9.0,18.07,2.2497668,3.0,19.2,1.0016162,5.0,17.27,2.079773,3.0,17.6,1.007625,5.5,18.435000000000002,1.791759469228055,-0.5108256237659909,0.4054651081081644,0.0,0.4054651081081644,1,20.81,21.93,20.1,21.97,141.8,69.1,73.6,61.7,87.14,84.71,85.57,76.71,7.0,15.0,15.0,24.0
2023-01-15,202303,7.0,7,7,7,0.59135467,1.2210332,0,2,313670220230319747,2024-01-25,Juiz de Fora,1.1313,573285,1,0,0,4,,,,,103009,19.87,23.26,27.93,89.9,79.14,5.0,19.2,0.99578077,9.0,18.07,2.2497668,3.0,19.2,1.0016162,5.0,17.27,2.079773,6.0,19.085,2.0794415416798357,0.2876820724517808,-0.22314355131421015,0.6931471805599452,0.2876820724517808,2,22.14,20.81,21.93,20.1,182.4,141.8,69.1,73.6,86.0,87.14,84.71,85.57,15.0,15.0,24.0,24.0
2023-01-22,202304,15.0,15,15,15,0.9639165,2.6164997,0,2,313670220230419752,2024-01-30,Juiz de Fora,2.1863842,573285,1,1,1,8,,,,,103009,19.11,22.89,28.56,84.5,80.29,7.0,19.87,1.1313,5.0,19.2,0.99578077,9.0,18.07,2.2497668,3.0,19.2,1.0016162,9.0,19.0625,2.772588722239781,0.6931471805599454,0.9808292530117262,0.47000362924573524,1.3862943611198906,3,23.26,22.14,20.81,21.93,89.9,182.4,141.8,69.1,79.14,86.0,87.14,84.71,15.0,24.0,24.0,32.0
2023-01-29,202305,15.0,15,15,15,0.8974936,2.6164997,0,2,313670220230519759,2024-02-06,Juiz de Fora,1.6775216,573285,1,0,1,6,,,,,103009,19.73,23.96,29.51,63.1,76.0,15.0,19.11,2.1863842,7.0,19.87,1.1313,5.0,19.2,0.99578077,9.0,18.07,2.2497668,10.5,19.4775,2.772588722239781,0.0,0.6931471805599454,0.9808292530117262,0.47000362924573524,4,22.89,23.26,22.14,20.81,84.5,89.9,182.4,141.8,80.29,79.14,86.0,87.14,24.0,24.0,32.0,53.0
2023-02-05,202306,24.0,24,24,24,0.9686002,4.302795,0,2,313670220230619768,2024-02-15,Juiz de Fora,1.8585167,557777,1,1,1,14,,,,,103009,19.24,22.93,29.17,166.3,81.29,15.0,19.73,1.6775216,15.0,19.11,2.1863842,7.0,19.87,1.1313,5.0,19.2,0.99578077,15.25,19.4875,3.2188758248682006,0.4462871026284194,0.4462871026284194,1.1394342831883648,1.4271163556401456,5,23.96,22.89,23.26,22.14,63.1,84.5,89.9,182.4,76.0,80.29,79.14,86.0,24.0,32.0,53.0,59.0
2023-02-12,202307,24.0,24,24,24,0.86145127,4.302795,0,2,313670220230719773,2024-02-20,Juiz de Fora,1.4020263,557777,1,0,1,16,,,,,103009,19.61,23.16,28.96,165.1,83.86,24.0,19.24,1.8585167,15.0,19.73,1.6775216,15.0,19.11,2.1863842,7.0,19.87,1.1313,19.5,19.4225,3.2188758248682006,0.0,0.4462871026284194,0.4462871026284194,1.1394342831883648,6,22.93,23.96,22.89,23.26,166.3,63.1,84.5,89.9,81.29,76.0,80.29,79.14,32.0,53.0,59.0,98.0
2023-02-19,202308,32.0,32,32,32,0.92496645,5.7370596,0,2,313670220230819780,2024-02-27,Juiz de Fora,1.4828027,557777,1,0,1,20,,,,,103009,19.33,23.51,28.96,21.5,77.43,24.0,19.61,1.4020263,24.0,19.24,1.8585167,15.0,19.73,1.6775216,15.0,19.11,2.1863842,23.75,19.4775,3.4965075614664802,0.27763173659827967,0.27763173659827967,0.7239188392266991,0.7239188392266991,7,23.16,22.93,23.96,22.89,165.1,166.3,63.1,84.5,83.86,81.29,76.0,80.29,53.0,59.0,98.0,108.0
2023-02-26,202309,53.0,53,53,53,0.99850076,9.502006,0,2,313670220230919787,2024-03-05,Juiz de Fora,1.9729165,557777,1,1,1,27,,,,,103009,19.24,24.24,29.7,11.5,74.29,32.0,19.33,1.4828027,24.0,19.61,1.4020263,24.0,19.24,1.8585167,15.0,19.73,1.6775216,33.25,19.354999999999997,3.9889840465642745,0.4924764850977943,0.770108221696074,0.770108221696074,1.2163953243244934,8,23.51,23.16,22.93,23.96,21.5,165.1,166.3,63.1,77.43,83.86,81.29,76.0,59.0,98.0,108.0,149.0
2023-03-05,202310,59.0,59,59,59,0.99153805,10.577704,0,3,313670220231019794,2024-03-12,Juiz de Fora,1.6412759,557777,1,1,1,33,,,,,103009,19.27,23.36,28.99,27.3,76.86,53.0,19.24,1.9729165,32.0,19.33,1.4828027,24.0,19.61,1.4020263,24.0,19.24,1.8585167,42.0,19.3625,4.0943445622221,0.10536051565782589,0.5978370007556202,0.8754687373538999,0.8754687373538999,9,24.24,23.51,23.16,22.93,11.5,21.5,165.1,166.3,74.29,77.43,83.86,81.29,98.0,108.0,149.0,180.0
2023-03-12,202311,98.0,98,98,98,0.9999693,17.569746,0,3,313670220231119801,2024-03-19,Juiz de Fora,1.9655598,557777,1,1,1,65,,,,,103009,18.5,22.4,27.17,23.7,78.43,59.0,19.27,1.6412759,53.0,19.24,1.9729165,32.0,19.33,1.4828027,24.0,19.61,1.4020263,60.5,19.085,4.59511985013459,0.5007752879124894,0.6061358035703153,1.0986122886681096,1.3762440252663892,10,23.36,24.24,23.51,23.16,27.3,11.5,21.5,165.1,76.86,74.29,77.43,83.86,108.0,149.0,180.0,221.0
2023-03-19,202312,108.0,108,108,108,0.9988844,19.362577,0,3,313670220231219808,2024-03-26,Juiz de Fora,1.5942487,557777,1,1,2,65,,,,,103009,18.57,23.17,28.81,13.8,76.86,98.0,18.5,1.9655598,59.0,19.27,1.6412759,53.0,19.24,1.9729165,32.0,19.33,1.4828027,79.5,18.895,4.6913478822291435,0.09622803209455366,0.597003320007043,0.7023638356648689,1.1948403207626632,11,22.4,23.36,24.24,23.51,23.7,27.3,11.5,21.5,78.43,76.86,74.29,77.43,149.0,180.0,221.0,231.0
2023-03-26,202313,149.0,149,149,149,0.9999282,26.713184,0,3,313670220231319815,2024-04-02,Juiz de Fora,1.645378,557777,1,1,2,94,,,,,103009,18.84,23.1,28.97,25.5,77.86,108.0,18.57,1.5942487,98.0,18.5,1.9655598,59.0,19.27,1.6412759,53.0,19.24,1.9729165,103.5,18.795,5.0106352940962555,0.31928741186711207,0.41551544396166573,0.9162907318741551,1.021651247531981,12,23.17,22.4,23.36,24.24,13.8,23.7,27.3,11.5,76.86,78.43,76.86,74.29,180.0,221.0,231.0,176.0
2023-04-02,202314,180.0,180,180,180,0.9999081,32.27096,0,4,313670220231419821,2024-04-08,Juiz de Fora,1.5517832,557777,1,1,2,147,,,,,103009,17.61,21.11,25.7,51.3,81.29,149.0,18.84,1.645378,108.0,18.57,1.5942487,98.0,18.5,1.9655598,59.0,19.27,1.6412759,133.75,18.380000000000003,5.198497031265826,0.18786173716957055,0.5071491490366826,0.6033771811312363,1.1041524690437257,13,23.1,23.17,22.4,23.36,25.5,13.8,23.7,27.3,77.86,76.86,78.43,76.86,221.0,231.0,176.0,196.0
2023-04-09,202315,221.0,221,221,221,0.99995136,39.62157,0,4,313670220231519828,2024-04-15,Juiz de Fora,1.5072802,557777,1,1,2,131,,,,,103009,17.44,20.54,25.16,63.5,85.43,180.0,17.61,1.5517832,149.0,18.84,1.645378,108.0,18.57,1.5942487,98.0,18.5,1.9655598,164.5,18.115000000000002,5.402677381872279,0.20418035060645323,0.3920420877760238,0.7113294996431359,0.8075575317376895,14,21.11,23.1,23.17,22.4,51.3,25.5,13.8,23.7,81.29,77.86,76.86,78.43,231.0,176.0,196.0,232.0
2023-04-16,202316,231.0,231,231,231,0.9940827,41.414402,0,4,313670220231619835,2024-04-22,Juiz de Fora,1.2827346,557777,1,1,2,128,,,,,103009,17.07,20.9,25.39,6.1,78.0,221.0,17.44,1.5072802,180.0,17.61,1.5517832,149.0,18.84,1.645378,108.0,18.57,1.5942487,195.25,17.74,5.44673737166631,0.044059989794030585,0.24824034040048382,0.43610207757005437,0.7553894894371664,15,20.54,21.11,23.1,23.17,63.5,51.3,25.5,13.8,85.43,81.29,77.86,76.86,176.0,196.0,232.0,184.0
2023-04-23,202317,176.0,176,176,176,0.06420501,31.55383,0,4,313670220231719842,2024-04-29,Juiz de Fora,0.8558017,557777,1,0,2,116,,,,,103009,16.54,19.84,24.4,23.0,82.0,231.0,17.07,1.2827346,221.0,17.44,1.5072802,180.0,17.61,1.5517832,149.0,18.84,1.645378,202.0,17.165,5.176149732573829,-0.27058763909248107,-0.22652764929845048,-0.022347298691997253,0.1655144384775733,16,20.9,20.54,21.11,23.1,6.1,63.5,51.3,25.5,78.0,85.43,81.29,77.86,196.0,232.0,184.0,92.0
2023-04-30,202318,196.0,196,196,196,0.25585705,35.139492,0,4,313670220231819849,2024-05-06,Juiz de Fora,0.9369312,557777,1,0,2,131,,,,,103009,16.43,20.41,25.84,10.7,79.57,176.0,16.54,0.8558017,231.0,17.07,1.2827346,221.0,17.44,1.5072802,180.0,17.61,1.5517832,206.0,16.87,5.2832037287379885,0.10705399616415967,-0.1635336429283214,-0.11947365313429081,0.08470669747216242,17,19.84,20.9,20.54,21.11,23.0,6.1,63.5,51.3,82.0,78.0,85.43,81.29,232.0,184.0,92.0,53.0
2023-05-07,202319,232.0,232,232,232,0.94535017,41.593685,0,4,313670220231919856,2024-05-13,Juiz de Fora,1.166937,557777,1,0,2,165,,,,,103009,16.34,19.39,23.81,4.8,83.14,196.0,16.43,0.9369312,176.0,16.54,0.8558017,231.0,17.07,1.2827346,221.0,17.44,1.5072802,208.75,16.595,5.4510384535657,0.16783472482771167,0.27488872099187134,0.004301081899390269,0.048361071693420854,18,20.41,19.84,20.9,20.54,10.7,23.0,6.1,63.5,79.57,82.0,78.0,85.43,184.0,92.0,53.0,43.0
2023-05-14,202320,184.0,184,184,184,0.20218386,32.988094,0,4,313670220232019863,2024-05-20,Juiz de Fora,0.9184994,557777,0,0,2,117,,,,,103009,12.26,16.31,21.87,1.4,78.43,232.0,16.34,1.166937,196.0,16.43,0.9369312,176.0,16.54,0.8558017,231.0,17.07,1.2827346,197.0,15.392499999999998,5.220355825078324,-0.23068262848737575,-0.06284790365966408,0.04420609250449559,-0.22638154658798548,19,19.39,20.41,19.84,20.9,4.8,10.7,23.0,6.1,83.14,79.57,82.0,78.0,92.0,53.0,43.0,50.0
2023-05-21,202321,92.0,92,92,92,7.4188544e-11,16.494047,0,4,313670220232119870,2024-05-27,Juiz de Fora,0.45993868,557777,0,0,1,60,,,,,103009,14.1,17.81,22.94,2.8,82.86,184.0,12.26,0.9184994,232.0,16.34,1.166937,196.0,16.43,0.9369312,176.0,16.54,0.8558017,176.0,14.7825,4.532599493153256,-0.6877563319250681,-0.9184389604124439,-0.7506042355847322,-0.6435502394205725,20,16.31,19.39,20.41,19.84,1.4,4.8,10.7,23.0,78.43,83.14,79.57,82.0,53.0,43.0,50.0,49.0
2023-05-28,202322,53.0,53,53,53,2.220446e-15,9.502006,0,1,313670220232219877,2024-06-03,Juiz de Fora,0.31916386,557777,0,0,1,33,,,,,103009,14.14,17.2,21.46,8.1,84.71,92.0,14.1,0.45993868,184.0,12.26,0.9184994,232.0,16.34,1.166937,196.0,16.43,0.9369312,140.25,14.21,3.9889840465642745,-0.5436154465889818,-1.2313717785140499,-1.4620544070014256,-1.294219682173714,21,17.81,16.31,19.39,20.41,2.8,1.4,4.8,10.7,82.86,78.43,83.14,79.57,43.0,50.0,49.0,24.0
2023-06-04,202323,43.0,43,43,43,1.7720739e-08,7.709174,0,1,313670220232319884,2024-06-10,Juiz de Fora,0.39165747,557777,0,0,1,28,,,,,103009,9.93,15.91,24.03,0.0,78.43,53.0,14.14,0.31916386,92.0,14.1,0.45993868,184.0,12.26,0.9184994,232.0,16.34,1.166937,93.0,12.6075,3.784189633918261,-0.2047944126460135,-0.7484098592349953,-1.4361661911600634,-1.6668488196474391,22,17.2,17.81,16.31,19.39,8.1,2.8,1.4,4.8,84.71,82.86,78.43,83.14,50.0,49.0,24.0,12.0
2023-06-11,202324,50.0,50,50,50,0.052282654,8.964156,0,1,313670220232419884,2024-06-10,Juiz de Fora,0.7407566,557777,0,0,1,31,,,,,103009,14.61,19.01,24.64,26.6,80.86,43.0,9.93,0.39165747,53.0,14.14,0.31916386,92.0,14.1,0.45993868,184.0,12.26,0.9184994,59.5,13.195,3.9318256327243257,0.1476359988060647,-0.057158413839948796,-0.6007738604289306,-1.2885301923539987,23,15.91,17.2,17.81,16.31,0.0,8.1,2.8,1.4,78.43,84.71,82.86,78.43,49.0,24.0,12.0,19.0
2023-06-18,202325,49.0,49,49,49,0.42902857,8.784873,0,1,313670220232519898,2024-06-24,Juiz de Fora,0.9649658,557777,0,0,1,34,,,,,103009,10.23,15.13,21.6,0.3,78.0,50.0,14.61,0.7407566,43.0,9.93,0.39165747,53.0,14.14,0.31916386,92.0,14.1,0.45993868,48.75,12.2275,3.912023005428146,-0.019802627296179764,0.12783337150988494,-0.07696104113612856,-0.6205764877251103,24,19.01,15.91,17.2,17.81,26.6,0.0,8.1,2.8,80.86,78.43,84.71,82.86,24.0,12.0,19.0,10.0
2023-06-25,202326,24.0,24,24,24,0.0026231678,4.302795,0,1,313670220232619905,2024-07-01,Juiz de Fora,0.5085029,557777,0,0,1,9,,,,,103009,11.41,16.81,23.96,0.6,79.57,49.0,10.23,0.9649658,50.0,14.61,0.7407566,43.0,9.93,0.39165747,53.0,14.14,0.31916386,41.5,11.545,3.2188758248682006,-0.6931471805599454,-0.7129498078561252,-0.5653138090500605,-0.770108221696074,25,15.13,19.01,15.91,17.2,0.3,26.6,0.0,8.1,78.0,80.86,78.43,84.71,12.0,19.0,10.0,7.0
2023-07-02,202327,12.0,12,12,12,1.8685929e-05,2.1513975,0,1,313670220232719913,2024-07-09,Juiz de Fora,0.29330564,557777,0,0,1,6,,,,,103009,8.56,14.47,21.77,0.0,76.14,24.0,11.41,0.5085029,49.0,10.23,0.9649658,50.0,14.61,0.7407566,43.0,9.93,0.39165747,33.75,11.2025,2.5649493574615367,-0.6539264674066638,-1.3470736479666092,-1.366876275262789,-1.2192402764567243,26,16.81,15.13,19.01,15.91,0.6,0.3,26.6,0.0,79.57,78.0,80.86,78.43,19.0,10.0,7.0,1.0
2023-07-09,202328,19.0,19,19,19,0.08527161,3.4063792,0,1,313670220232819919,2024-07-15,Juiz de Fora,0.6710936,557777,0,0,1,10,,,,,103009,13.47,18.39,23.89,4.9,74.29,12.0,8.56,0.29330564,24.0,11.41,0.5085029,49.0,10.23,0.9649658,50.0,14.61,0.7407566,26.0,10.9175,2.995732273553991,0.4307829160924541,-0.2231435513142097,-0.9162907318741551,-0.9360933591703349,27,14.47,16.81,15.13,19.01,0.0,0.6,0.3,26.6,76.14,79.57,78.0,80.86,10.0,7.0,1.0,8.0
2023-07-16,202329,10.0,10,10,10,0.04978847,1.7928312,0,1,313670220232919929,2024-07-25,Juiz de Fora,0.5373636,557777,0,0,0,5,,,,,103009,13.83,17.44,22.3,3.1,82.0,19.0,13.47,0.6710936,12.0,8.56,0.29330564,24.0,11.41,0.5085029,49.0,10.23,0.9649658,16.25,11.817499999999999,2.3978952727983707,-0.5978370007556202,-0.16705408466316607,-0.8209805520698299,-1.5141277326297753,28,18.39,14.47,16.81,15.13,4.9,0.0,0.6,0.3,74.29,76.14,79.57,78.0,7.0,1.0,8.0,10.0
2023-07-23,202330,7.0,7,7,7,0.042358503,1.2549819,0,1,313670220233019934,2024-07-30,Juiz de Fora,0.4729401,557777,0,0,0,6,,,,,103009,14.71,18.11,23.41,5.7,83.43,10.0,13.83,0.5373636,19.0,13.47,0.6710936,12.0,8.56,0.29330564,24.0,11.41,0.5085029,12.0,12.6425,2.0794415416798357,-0.3184537311185349,-0.9162907318741551,-0.485507815781701,-1.1394342831883648,29,17.44,18.39,14.47,16.81,3.1,4.9,0.0,0.6,82.0,74.29,76.14,79.57,1.0,8.0,10.0,6.0
2023-07-30,202331,1.0,1,1,1,0.00045699236,0.17928311,0,1,313670220233119941,2024-08-06,Juiz de Fora,0.09012628,557777,0,0,0,1,,,,,103009,11.51,16.83,23.79,0.9,77.14,7.0,14.71,0.4729401,10.0,13.83,0.5373636,19.0,13.47,0.6710936,12.0,8.56,0.29330564,9.25,13.379999999999999,0.6931471805599453,-1.3862943611198904,-1.7047480922384253,-2.3025850929940455,-1.8718021769015913,30,18.11,17.44,18.39,14.47,5.7,3.1,4.9,0.0,83.43,82.0,74.29,76.14,8.0,10.0,6.0,10.0
2023-08-06,202332,8.0,8,8,8,0.6080753,1.4342649,0,1,313670220233219949,2024-08-14,Juiz de Fora,1.1480237,557777,0,0,0,1,,,,,103009,14.7,19.31,25.91,3.3,74.14,1.0,11.51,0.09012628,7.0,14.71,0.4729401,10.0,13.83,0.5373636,19.0,13.47,0.6710936,6.5,13.6875,2.1972245773362196,1.5040773967762742,0.11778303565638382,-0.2006706954621511,-0.7985076962177713,31,16.83,18.11,17.44,18.39,0.9,5.7,3.1,4.9,77.14,83.43,82.0,74.29,10.0,6.0,10.0,6.0
2023-08-13,202333,10.0,10,10,10,0.8996899,1.7928312,0,1,313670220233319956,2024-08-21,Juiz de Fora,1.9252356,557777,1,0,0,2,,,,,103009,15.89,19.63,24.61,5.5,78.29,8.0,14.7,1.1480237,1.0,11.51,0.09012628,7.0,14.71,0.4729401,10.0,13.83,0.5373636,6.5,14.2025,2.3978952727983707,0.2006706954621511,1.7047480922384253,0.3184537311185349,0.0,32,19.31,16.83,18.11,17.44,3.3,0.9,5.7,3.1,74.14,77.14,83.43,82.0,6.0,10.0,6.0,13.0
2023-08-20,202334,6.0,6,6,6,0.43040136,1.0756987,0,1,313670220233419962,2024-08-27,Juiz de Fora,0.90881854,557777,0,0,0,3,,,,,103009,14.84,20.61,27.79,11.0,71.43,10.0,15.89,1.9252356,8.0,14.7,1.1480237,1.0,11.51,0.09012628,7.0,14.71,0.4729401,6.25,14.235,1.9459101490553132,-0.45198512374305744,-0.25131442828090633,1.252762968495368,-0.13353139262452252,33,19.63,19.31,16.83,18.11,5.5,3.3,0.9,5.7,78.29,74.14,77.14,83.43,10.0,6.0,13.0,14.0
2023-08-27,202335,10.0,10,10,10,0.6851701,1.7928312,0,1,313670220233519969,2024-09-03,Juiz de Fora,1.2494841,557777,0,0,0,6,,,,,103009,14.9,17.66,21.36,50.3,84.86,6.0,14.84,0.90881854,10.0,15.89,1.9252356,8.0,14.7,1.1480237,1.0,11.51,0.09012628,8.5,15.0825,2.3978952727983707,0.45198512374305744,0.0,0.2006706954621511,1.7047480922384253,34,20.61,19.63,19.31,16.83,11.0,5.5,3.3,0.9,71.43,78.29,74.14,77.14,6.0,13.0,14.0,11.0
2023-09-03,202336,6.0,6,6,6,0.29102522,1.0756987,0,1,313670220233619978,2024-09-12,Juiz de Fora,0.7505324,557777,1,0,0,2,,,,,103009,16.87,20.87,26.33,13.9,75.0,10.0,14.9,1.2494841,6.0,14.84,0.90881854,10.0,15.89,1.9252356,8.0,14.7,1.1480237,8.0,15.625,1.9459101490553132,-0.45198512374305744,0.0,-0.45198512374305744,-0.25131442828090633,35,17.66,20.61,19.63,19.31,50.3,11.0,5.5,3.3,84.86,71.43,78.29,74.14,13.0,14.0,11.0,12.0
2023-09-10,202337,13.0,13,13,13,0.85898274,2.3306806,0,1,313670220233719984,2024-09-18,Juiz de Fora,1.5910971,557777,1,0,1,0,,,,,103009,15.11,20.46,26.59,8.3,71.57,6.0,16.87,0.7505324,10.0,14.9,1.2494841,6.0,14.84,0.90881854,10.0,15.89,1.9252356,8.75,15.43,2.6390573296152584,0.6931471805599452,0.24116205681688774,0.6931471805599452,0.24116205681688774,36,20.87,17.66,20.61,19.63,13.9,50.3,11.0,5.5,75.0,84.86,71.43,78.29,14.0,11.0,12.0,6.0
2023-09-17,202338,14.0,14,14,14,0.8522645,2.5099638,0,2,313670220233819990,2024-09-24,Juiz de Fora,1.541139,557777,1,0,1,1,,,,,103009,15.76,21.93,28.9,0.3,69.86,13.0,15.11,1.5910971,6.0,16.87,0.7505324,10.0,14.9,1.2494841,6.0,14.84,0.90881854,10.75,15.659999999999998,2.70805020110221,0.06899287148695166,0.7621400520468968,0.3101549283038394,0.7621400520468968,37,20.46,20.87,17.66,20.61,8.3,13.9,50.3,11.0,71.57,75.0,84.86,71.43,11.0,12.0,6.0,16.0
2023-09-24,202339,11.0,11,11,11,0.483829,1.9721143,0,2,313670220233919998,2024-10-02,Juiz de Fora,0.98324764,557777,1,0,1,2,,,,,103009,18.13,22.4,27.89,3.6,73.14,14.0,15.76,1.541139,13.0,15.11,1.5910971,6.0,16.87,0.7505324,10.0,14.9,1.2494841,11.0,16.4675,2.4849066497880004,-0.2231435513142097,-0.15415067982725805,0.5389965007326871,0.08701137698962969,38,21.93,20.46,20.87,17.66,0.3,8.3,13.9,50.3,69.86,71.57,75.0,84.86,12.0,6.0,16.0,13.0
2023-10-01,202340,12.0,12,12,12,0.46640423,2.1513975,0,2,313670220234020005,2024-10-09,Juiz de Fora,0.96700394,557777,1,0,1,3,,,,,103009,19.61,22.89,27.66,39.3,82.0,11.0,18.13,0.98324764,14.0,15.76,1.541139,13.0,15.11,1.5910971,6.0,16.87,0.7505324,12.5,17.1525,2.5649493574615367,0.08004270767353638,-0.14310084364067333,-0.07410797215372167,0.6190392084062235,39,22.4,21.93,20.46,20.87,3.6,0.3,8.3,13.9,73.14,69.86,71.57,75.0,6.0,16.0,13.0,16.0
2023-10-08,202341,6.0,6,6,6,0.0795561,1.0756987,0,2,313670220234120012,2024-10-16,Juiz de Fora,0.511362,557777,1,0,0,2,,,,,103009,19.34,22.64,26.96,33.7,79.0,12.0,19.61,0.96700394,11.0,18.13,0.98324764,14.0,15.76,1.541139,13.0,15.11,1.5910971,10.75,18.21,1.9459101490553132,-0.6190392084062235,-0.5389965007326871,-0.7621400520468968,-0.6931471805599452,40,22.89,22.4,21.93,20.46,39.3,3.6,0.3,8.3,82.0,73.14,69.86,71.57,16.0,13.0,16.0,20.0
2023-10-15,202342,16.0,16,16,16,0.8581879,2.8685298,0,2,313670220234220019,2024-10-23,Juiz de Fora,1.5124345,557777,1,0,1,4,,,,,103009,17.93,20.66,24.13,13.8,84.0,6.0,19.34,0.511362,12.0,19.61,0.96700394,11.0,18.13,0.98324764,14.0,15.76,1.541139,11.25,18.7525,2.833213344056216,0.8873031950009029,0.2682639865946794,0.3483066942682158,0.1251631429540061,41,22.64,22.89,22.4,21.93,33.7,39.3,3.6,0.3,79.0,82.0,73.14,69.86,13.0,16.0,20.0,21.0
2023-10-22,202343,13.0,13,13,13,0.69818944,2.3306806,0,2,313670220234320026,2024-10-30,Juiz de Fora,1.2347541,557777,1,0,1,5,,,,,103009,18.41,21.99,26.96,70.2,80.57,16.0,17.93,1.5124345,6.0,19.34,0.511362,12.0,19.61,0.96700394,11.0,18.13,0.98324764,11.75,18.822499999999998,2.6390573296152584,-0.19415601444095776,0.6931471805599452,0.07410797215372167,0.15415067982725805,42,20.66,22.64,22.89,22.4,13.8,33.7,39.3,3.6,84.0,79.0,82.0,73.14,16.0,20.0,21.0,23.0
2023-10-29,202344,16.0,16,16,16,0.7445682,2.8685298,0,2,313670220234420032,2024-11-05,Juiz de Fora,1.2756209,557777,1,0,1,5,,,,,103009,19.71,23.26,29.39,145.5,81.43,13.0,18.41,1.2347541,16.0,17.93,1.5124345,6.0,19.34,0.511362,12.0,19.61,0.96700394,12.75,18.8475,2.833213344056216,0.19415601444095776,0.0,0.8873031950009029,0.2682639865946794,43,21.99,20.66,22.64,22.89,70.2,13.8,33.7,39.3,80.57,84.0,79.0,82.0,20.0,21.0,23.0,23.0
2023-11-05,202345,20.0,20,20,20,0.8342363,3.5856624,0,2,313670220234520039,2024-11-12,Juiz de Fora,1.3900712,557777,1,0,1,5,,,,,103009,15.76,21.47,28.19,2.8,67.86,16.0,19.71,1.2756209,13.0,18.41,1.2347541,16.0,17.93,1.5124345,6.0,19.34,0.511362,16.25,17.9525,3.044522437723423,0.21130909366720685,0.4054651081081646,0.21130909366720685,1.0986122886681098,44,23.26,21.99,20.66,22.64,145.5,70.2,13.8,33.7,81.43,80.57,84.0,79.0,21.0,23.0,23.0,20.0
2023-11-12,202346,21.0,21,21,21,0.77717984,3.7649455,0,2,313670220234620046,2024-11-19,Juiz de Fora,1.2809572,557777,1,0,1,4,,,,,103009,20.93,27.37,34.03,1.3,64.86,20.0,15.76,1.3900712,16.0,19.71,1.2756209,13.0,18.41,1.2347541,16.0,17.93,1.5124345,17.5,18.7025,3.091042453358316,0.04652001563489305,0.2578291093020999,0.45198512374305766,0.2578291093020999,45,21.47,23.26,21.99,20.66,2.8,145.5,70.2,13.8,67.86,81.43,80.57,84.0,23.0,23.0,20.0,24.0
2023-11-19,202347,23.0,23,23,23,0.7364818,4.123512,0,2,313670220234720056,2024-11-29,Juiz de Fora,1.2139018,557777,1,0,1,9,,,,,103009,19.54,22.97,27.03,54.1,80.43,21.0,20.93,1.2809572,20.0,15.76,1.3900712,16.0,19.71,1.2756209,13.0,18.41,1.2347541,20.0,18.985,3.1780538303479458,0.08701137698962969,0.13353139262452274,0.3448404862917296,0.5389965007326873,46,27.37,21.47,23.26,21.99,1.3,2.8,145.5,70.2,64.86,67.86,81.43,80.57,23.0,20.0,24.0,25.0
2023-11-26,202348,23.0,23,23,23,0.6226915,4.123512,0,2,313670220234820060,2024-12-03,Juiz de Fora,1.09796,557777,1,0,1,9,,,,,103009,18.94,22.64,27.5,34.1,79.57,23.0,19.54,1.2139018,21.0,20.93,1.2809572,20.0,15.76,1.3900712,16.0,19.71,1.2756209,21.75,18.7925,3.1780538303479458,0.0,0.08701137698962969,0.13353139262452274,0.3448404862917296,47,22.97,27.37,21.47,23.26,54.1,1.3,2.8,145.5,80.43,64.86,67.86,81.43,20.0,24.0,25.0,49.0
2023-12-03,202349,20.0,20,20,20,0.37445796,3.5856624,0,2,313670220234920067,2024-12-10,Juiz de Fora,0.90683633,557777,1,0,1,9,,,,,103009,20.44,24.34,29.67,100.5,80.43,23.0,18.94,1.09796,23.0,19.54,1.2139018,21.0,20.93,1.2809572,20.0,15.76,1.3900712,21.75,19.9625,3.044522437723423,-0.13353139262452274,-0.13353139262452274,-0.04652001563489305,0.0,48,22.64,22.97,27.37,21.47,34.1,54.1,1.3,2.8,79.57,80.43,64.86,67.86,24.0,25.0,49.0,145.0
2023-12-10,202350,24.0,24,24,24,0.6111438,4.302795,0,2,313670220235020074,2024-12-17,Juiz de Fora,1.0859333,557777,1,0,1,15,,,,,103009,18.86,22.44,26.64,33.2,78.86,20.0,20.44,0.90683633,23.0,18.94,1.09796,23.0,19.54,1.2139018,21.0,20.93,1.2809572,22.5,19.445,3.2188758248682006,0.17435338714477755,0.04082199452025481,0.04082199452025481,0.1278333715098845,49,24.34,22.64,22.97,27.37,100.5,34.1,54.1,1.3,80.43,79.57,80.43,64.86,25.0,49.0,145.0,191.0
2023-12-17,202351,25.0,25,25,25,0.6684931,4.482078,0,2,313670220235120081,2024-12-24,Juiz de Fora,1.1343628,557777,1,0,1,17,,,,,103009,19.26,23.44,28.33,47.3,77.29,24.0,18.86,1.0859333,20.0,20.44,0.90683633,23.0,18.94,1.09796,23.0,19.54,1.2139018,23.0,19.375,3.258096538021482,0.03922071315328157,0.21357410029805912,0.08004270767353638,0.08004270767353638,50,22.44,24.34,22.64,22.97,33.2,100.5,34.1,54.1,78.86,80.43,79.57,80.43,49.0,145.0,191.0,251.0
2023-12-24,202352,49.0,49,49,49,0.9981859,8.784873,0,2,313670220235220088,2024-12-31,Juiz de Fora,2.003646,557777,1,1,1,40,,,,,103009,19.37,23.57,29.41,49.1,79.29,25.0,19.26,1.1343628,24.0,18.86,1.0859333,20.0,20.44,0.90683633,23.0,18.94,1.09796,29.5,19.4825,3.912023005428146,0.6539264674066638,0.6931471805599454,0.867500567704723,0.7339691750802002,51,23.44,22.44,24.34,22.64,47.3,33.2,100.5,34.1,77.29,78.86,80.43,79.57,145.0,191.0,251.0,364.0
2023-12-31,202401,145.0,145,145,145,1.0,25.996052,0,3,313670220240120096,2025-01-08,Juiz de Fora,3.956239,557777,1,1,2,112,,,,,103009,18.99,21.21,24.56,95.2,87.0,49.0,19.37,2.003646,25.0,19.26,1.1343628,24.0,18.86,1.0859333,20.0,20.44,0.90683633,60.75,19.12,4.983606621708336,1.0715836162801904,1.7255100836868542,1.7647307968401358,1.9390841839849133,52,23.57,23.44,22.44,24.34,49.1,47.3,33.2,100.5,79.29,77.29,78.86,80.43,191.0,251.0,364.0,497.0
2024-01-07,202402,191.0,191,191,191,1.0,34.243076,0,3,313670220240220102,2025-01-14,Juiz de Fora,2.638741,557777,1,1,2,139,,,,,103009,20.59,24.16,29.14,95.0,80.43,145.0,18.99,3.956239,49.0,19.37,2.003646,25.0,19.26,1.1343628,24.0,18.86,1.0859333,102.5,19.552500000000002,5.2574953720277815,0.27388875031944515,1.3454723665996355,1.9993988340062994,2.038619547159581,1,21.21,23.57,23.44,22.44,95.2,49.1,47.3,33.2,87.0,79.29,77.29,78.86,251.0,364.0,497.0,625.0
2024-01-14,202403,251.0,251,251,251,1.0,45.00006,0,4,313670220240320109,2025-01-21,Juiz de Fora,1.9170521,557777,1,1,2,196,,,,,103009,20.7,24.84,30.33,35.4,80.57,191.0,20.59,2.638741,145.0,18.99,3.956239,49.0,19.37,2.003646,25.0,19.26,1.1343628,159.0,19.912499999999998,5.529429087511423,0.27193371548364187,0.545822465803087,1.6174060820832774,2.2713325494899412,2,24.16,21.21,23.57,23.44,95.0,95.2,49.1,47.3,80.43,87.0,79.29,77.29,364.0,497.0,625.0,985.0
2024-01-21,202404,364.0,364,364,364,1.0,65.259056,0,4,313670220240420117,2025-01-29,Juiz de Fora,1.8721324,557777,1,1,2,294,,,,,103009,18.49,21.99,26.73,72.2,83.0,251.0,20.7,1.9170521,191.0,20.59,2.638741,145.0,18.99,3.956239,49.0,19.37,2.003646,237.75,19.6925,5.8998973535824915,0.3704682660710681,0.64240198155471,0.9162907318741551,1.9878743481543455,3,24.84,24.16,21.21,23.57,35.4,95.0,95.2,49.1,80.57,80.43,87.0,79.29,497.0,625.0,985.0,1175.0
2024-01-28,202405,497.0,497,497,497,1.0,89.10371,0,4,313670220240520123,2025-02-04,Juiz de Fora,1.84545,557777,1,1,2,370,,,,,103009,19.61,23.11,28.27,121.0,83.57,364.0,18.49,1.8721324,251.0,20.7,1.9170521,191.0,20.59,2.638741,145.0,18.99,3.956239,325.75,19.8475,6.210600077024653,0.3107027234421613,0.6811709895132294,0.9531047049968713,1.2269934553163164,4,21.99,24.84,24.16,21.21,72.2,35.4,95.0,95.2,83.0,80.57,80.43,87.0,625.0,985.0,1175.0,1013.0
2024-02-04,202406,625.0,625,625,625,1.0,112.05195,0,4,313670220240620130,2025-02-11,Juiz de Fora,1.6795441,557777,1,1,2,521,,,,,103009,19.11,23.21,28.73,56.8,81.57,497.0,19.61,1.84545,364.0,18.49,1.8721324,251.0,20.7,1.9170521,191.0,20.59,2.638741,434.25,19.4775,6.439350371100098,0.22875029407544556,0.5394530175176069,0.909921283588675,1.1818549990723168,5,23.11,21.99,24.84,24.16,121.0,72.2,35.4,95.0,83.57,83.0,80.57,80.43,985.0,1175.0,1013.0,912.0
2024-02-11,202407,985.0,985,985,985,1.0,176.59387,0,4,313670220240720137,2025-02-18,Juiz de Fora,1.9421233,557777,1,1,2,866,,,,,103009,19.46,23.77,29.36,31.7,77.0,625.0,19.11,1.6795441,497.0,19.61,1.84545,364.0,18.49,1.8721324,251.0,20.7,1.9170521,617.75,19.167499999999997,6.893656354602635,0.4543059835025369,0.6830562775779825,0.9937590010201438,1.364227267091212,6,23.21,23.11,21.99,24.84,56.8,121.0,72.2,35.4,81.57,83.57,83.0,80.57,1175.0,1013.0,912.0,1092.0
2024-02-18,202408,1175.0,1175,1175,1175,1.0,210.65767,0,4,313670220240820145,2025-02-26,Juiz de Fora,1.6945983,557777,1,1,2,986,,,,,103009,20.73,23.24,27.44,136.2,86.57,985.0,19.46,1.9421233,625.0,19.11,1.6795441,497.0,19.61,1.84545,364.0,18.49,1.8721324,820.5,19.7275,7.069874128458572,0.17621777385593695,0.6305237573584739,0.8592740514339194,1.1699767748760808,7,23.77,23.21,23.11,21.99,31.7,56.8,121.0,72.2,77.0,81.57,83.57,83.0,1013.0,912.0,1092.0,1691.0
2024-02-25,202409,1013.0,1013,1013,1013,0.9893951,181.6138,0,4,313670220240920154,2025-03-07,Juiz de Fora,1.1108079,557777,1,1,2,865,,,,,103009,20.9,24.84,30.39,37.8,78.43,1175.0,20.73,1.6945983,985.0,19.46,1.9421233,625.0,19.11,1.6795441,497.0,19.61,1.84545,949.5,20.05,6.921658184151129,-0.14821594430744334,0.028001829548493617,0.48230781305103054,0.7110581071264761,8,23.24,23.77,23.21,23.11,136.2,31.7,56.8,121.0,86.57,77.0,81.57,83.57,912.0,1092.0,1691.0,1441.0
2024-03-03,202410,912.0,912,912,912,0.0022319467,163.50621,0,4,313670220241020158,2025-03-11,Juiz de Fora,0.8790593,557777,1,0,2,796,,,,,103009,19.99,23.9,29.53,72.1,81.14,1013.0,20.9,1.1108079,1175.0,20.73,1.6945983,985.0,19.46,1.9421233,625.0,19.11,1.6795441,1021.25,20.27,6.816735880594968,-0.10492230355616083,-0.25313824786360417,-0.07692047400766722,0.3773855094948697,9,24.84,23.24,23.77,23.21,37.8,136.2,31.7,56.8,78.43,86.57,77.0,81.57,1092.0,1691.0,1441.0,1613.0
2024-03-10,202411,1092.0,1092,1092,1092,0.9300961,195.77716,0,4,313670220241120165,2025-03-18,Juiz de Fora,1.0663038,557777,1,0,2,966,,,,,103009,20.56,24.54,30.03,13.3,77.86,912.0,19.99,0.8790593,1013.0,20.9,1.1108079,1175.0,20.73,1.6945983,985.0,19.46,1.9421233,1048.0,20.544999999999998,6.996681488176539,0.17994560758157085,0.07502330402541002,-0.07319264028203332,0.10302513357390364,10,23.9,24.84,23.24,23.77,72.1,37.8,136.2,31.7,81.14,78.43,86.57,77.0,1691.0,1441.0,1613.0,1857.0
2024-03-17,202412,1691.0,1691,1691,1691,1.0,303.16776,0,4,313670220241220172,2025-03-25,Juiz de Fora,1.637976,557777,1,1,2,1590,,,,,103009,20.81,24.23,29.17,54.0,82.57,1092.0,20.56,1.0663038,912.0,19.99,0.8790593,1013.0,20.9,1.1108079,1175.0,20.73,1.6945983,1177.0,20.564999999999998,7.433666540166168,0.43698505198962945,0.6169306595712003,0.5120083560150395,0.36379241170759613,11,24.54,23.9,24.84,23.24,13.3,72.1,37.8,136.2,77.86,81.14,78.43,86.57,1441.0,1613.0,1857.0,1720.0
2024-03-24,202413,1441.0,1441,1441,1441,0.99999815,258.347,0,4,313670220241320179,2025-04-01,Juiz de Fora,1.1975114,557777,1,1,2,1381,,,,,103009,19.29,21.19,24.31,83.2,91.43,1691.0,20.81,1.637976,1092.0,20.56,1.0663038,912.0,19.99,0.8790593,1013.0,20.9,1.1108079,1284.0,20.1625,7.273786317844895,-0.15988022232127364,0.2771048296683558,0.45705043724992667,0.35212813369376583,12,24.23,24.54,23.9,24.84,54.0,13.3,72.1,37.8,82.57,77.86,81.14,78.43,1613.0,1857.0,1720.0,1391.0
2024-03-31,202414,1613.0,1613,1613,1613,0.99959147,289.1837,0,4,313670220241420188,2025-04-10,Juiz de Fora,1.1291575,557777,1,1,2,1490,,,,,103009,19.03,23.36,28.67,0.5,74.57,1441.0,19.29,1.1975114,1691.0,20.81,1.637976,1092.0,20.56,1.0663038,912.0,19.99,0.8790593,1459.25,19.9225,7.3864708488298945,0.11268453098499975,-0.04719569133627388,0.38978936065335557,0.5697349682349264,13,21.19,24.23,24.54,23.9,83.2,54.0,13.3,72.1,91.43,82.57,77.86,81.14,1857.0,1720.0,1391.0,1710.0
2024-04-07,202415,1857.0,1857,1857,1857,1.0,332.92874,0,4,313670220241520192,2025-04-14,Juiz de Fora,1.2076119,557777,1,1,2,1697,,,,,103009,18.5,22.54,27.7,3.2,77.57,1613.0,19.03,1.1291575,1441.0,19.29,1.1975114,1691.0,20.81,1.637976,1092.0,20.56,1.0663038,1650.5,19.4075,7.527255919373784,0.1407850705438891,0.25346960152888887,0.09358937920761523,0.5305744311972447,14,23.36,21.19,24.23,24.54,0.5,83.2,54.0,13.3,74.57,91.43,82.57,77.86,1720.0,1391.0,1710.0,1668.0
2024-04-14,202416,1720.0,1720,1720,1720,0.9378609,308.36697,0,4,313670220241620201,2025-04-23,Juiz de Fora,1.0545428,557777,1,0,2,1664,,,,,103009,17.61,21.03,25.04,10.1,81.14,1857.0,18.5,1.2076119,1613.0,19.03,1.1291575,1441.0,19.29,1.1975114,1691.0,20.81,1.637976,1657.75,18.6075,7.450660796211539,-0.07659512316224415,0.06418994738164496,0.17687447836664472,0.01699425604537108,15,22.54,23.36,21.19,24.23,3.2,0.5,83.2,54.0,77.57,74.57,91.43,82.57,1391.0,1710.0,1668.0,1578.0
2024-04-21,202417,1391.0,1391,1391,1391,5.9188783e-09,249.38281,0,4,313670220241720207,2025-04-29,Juiz de Fora,0.8143502,557777,1,0,2,1347,,,,,103009,16.47,21.51,27.71,1.7,77.57,1720.0,17.61,1.0545428,1857.0,18.5,1.2076119,1613.0,19.03,1.1291575,1441.0,19.29,1.1975114,1645.25,17.9025,7.238496840894365,-0.21216395531717414,-0.2887590784794183,-0.14797400793552917,-0.03528947695052942,16,21.03,22.54,23.36,21.19,10.1,3.2,0.5,83.2,81.14,77.57,74.57,91.43,1710.0,1668.0,1578.0,1245.0
2024-04-28,202418,1710.0,1710,1710,1710,0.81220794,306.57413,0,4,313670220241820214,2025-05-06,Juiz de Fora,1.0310019,557777,1,0,2,1644,,,,,103009,17.11,22.79,30.07,0.0,75.0,1391.0,16.47,0.8143502,1720.0,17.61,1.0545428,1857.0,18.5,1.2076119,1613.0,19.03,1.1291575,1669.5,17.4225,7.444833273892193,0.2063364329978281,-0.0058275223193460235,-0.08242264548159017,0.05836242506229894,17,21.51,21.03,22.54,23.36,1.7,10.1,3.2,0.5,77.57,81.14,77.57,74.57,1668.0,1578.0,1245.0,838.0
2024-05-05,202419,1668.0,1668,1668,1668,0.9315674,299.04425,0,4,313670220241920224,2025-05-16,Juiz de Fora,1.0535653,557777,1,0,2,1622,,,,,103009,16.3,21.57,28.21,0.5,76.0,1710.0,17.11,1.0310019,1391.0,16.47,0.8143502,1720.0,17.61,1.0545428,1857.0,18.5,1.2076119,1622.25,16.8725,7.419979923661835,-0.02485335023035873,0.18148308276746938,-0.030680872549704752,-0.1072759957119489,18,22.79,21.51,21.03,22.54,0.0,1.7,10.1,3.2,75.0,77.57,81.14,77.57,1578.0,1245.0,838.0,466.0
2024-05-12,202420,1578.0,1578,1578,1578,0.29030985,282.90875,0,4,313670220242020227,2025-05-19,Juiz de Fora,0.98062,557777,1,0,2,1539,,,,,103009,16.97,22.19,29.16,1.1,71.57,1668.0,16.3,1.0535653,1710.0,17.11,1.0310019,1391.0,16.47,0.8143502,1720.0,17.61,1.0545428,1586.75,16.7125,7.364547014255642,-0.05543290940619272,-0.08028625963655145,0.12605017336127666,-0.08611378195589747,19,21.57,22.79,21.51,21.03,0.5,0.0,1.7,10.1,76.0,75.0,77.57,81.14,1245.0,838.0,466.0,313.0
2024-05-19,202421,1245.0,1245,1245,1245,3.345546e-12,223.20749,0,4,313670220242120236,2025-05-28,Juiz de Fora,0.7726739,557777,1,0,2,1224,,,,,103009,16.71,21.09,27.0,1.9,75.0,1578.0,16.97,0.98062,1668.0,16.3,1.0535653,1710.0,17.11,1.0310019,1391.0,16.47,0.8143502,1550.25,16.7725,7.1276936993473985,-0.23685331490824346,-0.2922862243144362,-0.3171395745447949,-0.1108031415469668,20,22.19,21.57,22.79,21.51,1.1,0.5,0.0,1.7,71.57,76.0,75.0,77.57,838.0,466.0,313.0,214.0
2024-05-26,202422,838.0,838,838,838,0.0,150.23926,0,4,313670220242220242,2025-06-03,Juiz de Fora,0.5668433,557777,0,0,2,832,,,,,103009,14.2,17.69,22.43,10.0,82.43,1245.0,16.71,0.7726739,1578.0,16.97,0.98062,1668.0,16.3,1.0535653,1710.0,17.11,1.0310019,1332.25,16.045,6.732210706467206,-0.3954829928801926,-0.6323363077884361,-0.6877692171946288,-0.7126225674249875,21,21.09,22.19,21.57,22.79,1.9,1.1,0.5,0.0,75.0,71.57,76.0,75.0,466.0,313.0,214.0,173.0
2024-06-02,202423,466.0,466,466,466,0.0,83.54594,0,4,313670220242320249,2025-06-10,Juiz de Fora,0.3869569,557777,0,0,2,460,,,,,103009,14.04,18.14,23.86,1.4,80.0,838.0,14.2,0.5668433,1245.0,16.71,0.7726739,1578.0,16.97,0.98062,1668.0,16.3,1.0535653,1031.75,15.48,6.1463292576688975,-0.5858814487983084,-0.981364441678501,-1.2182177565867445,-1.2736506659929372,22,17.69,21.09,22.19,21.57,10.0,1.9,1.1,0.5,82.43,75.0,71.57,76.0,313.0,214.0,173.0,143.0
2024-06-09,202424,313.0,313,313,313,0.0,56.115616,0,4,313670220242420256,2025-06-17,Juiz de Fora,0.36478242,557777,0,0,2,310,,,,,103009,12.13,18.11,25.89,0.0,74.0,466.0,14.04,0.3869569,838.0,14.2,0.5668433,1245.0,16.71,0.7726739,1578.0,16.97,0.98062,715.5,14.270000000000001,5.749392985908253,-0.3969362717606444,-0.9828177205589528,-1.3783007134391454,-1.6151540283473889,23,18.14,17.69,21.09,22.19,1.4,10.0,1.9,1.1,80.0,82.43,75.0,71.57,214.0,173.0,143.0,84.0
2024-06-16,202425,214.0,214,214,214,0.0,38.36659,0,4,313670220242520263,2025-06-24,Juiz de Fora,0.38880286,557777,0,0,2,209,,,,,103009,12.36,18.5,26.56,0.0,70.43,313.0,12.13,0.36478242,466.0,14.04,0.3869569,838.0,14.2,0.5668433,1245.0,16.71,0.7726739,457.75,13.182500000000001,5.3706380281276624,-0.37875495778059065,-0.775691229541235,-1.3615726783395434,-1.757055671219736,24,18.11,18.14,17.69,21.09,0.0,1.4,10.0,1.9,74.0,80.0,82.43,75.0,173.0,143.0,84.0,66.0
2024-06-23,202426,173.0,173,173,173,2.7755576e-15,31.01598,0,4,313670220242620270,2025-07-01,Juiz de Fora,0.4946741,557777,0,0,2,168,,,,,103009,15.03,20.54,27.81,0.5,71.43,214.0,12.36,0.38880286,313.0,12.13,0.36478242,466.0,14.04,0.3869569,838.0,14.2,0.5668433,291.5,13.39,5.159055299214529,-0.21158272891313334,-0.590337686693724,-0.9872739584543684,-1.5731554072526768,25,18.5,18.11,18.14,17.69,0.0,0.0,1.4,10.0,70.43,74.0,80.0,82.43,143.0,84.0,66.0,45.0
2024-06-30,202427,143.0,143,143,143,3.2267863e-07,25.637486,0,4,313670220242720278,2025-07-09,Juiz de Fora,0.5964925,557777,0,0,2,143,,,,,103009,14.14,17.9,23.27,7.1,79.29,173.0,15.03,0.4946741,214.0,12.36,0.38880286,313.0,12.13,0.36478242,466.0,14.04,0.3869569,210.75,13.415,4.969813299576001,-0.1892419996385284,-0.40082472855166174,-0.7795796863322524,-1.1765159580928968,26,20.54,18.5,18.11,18.14,0.5,0.0,0.0,1.4,71.43,70.43,74.0,80.0,84.0,66.0,45.0,34.0
2024-07-07,202428,84.0,84,84,84,1.4649568e-09,15.059782,0,4,313670220242820284,2025-07-15,Juiz de Fora,0.46923643,557777,0,0,1,83,,,,,103009,15.77,19.77,25.46,3.5,77.86,143.0,14.14,0.5964925,173.0,15.03,0.4946741,214.0,12.36,0.38880286,313.0,12.13,0.36478242,153.5,14.325,4.442651256490317,-0.527162043085684,-0.7164040427242124,-0.9279867716373458,-1.3067417294179364,27,17.9,20.54,18.5,18.11,7.1,0.5,0.0,0.0,79.29,71.43,70.43,74.0,66.0,45.0,34.0,27.0
2024-07-14,202429,66.0,66,66,66,3.249921e-07,11.832685,0,1,313670220242920291,2025-07-22,Juiz de Fora,0.4859964,557777,0,0,1,66,,,,,103009,12.79,17.61,23.84,1.5,74.0,84.0,15.77,0.46923643,143.0,14.14,0.5964925,173.0,15.03,0.4946741,214.0,12.36,0.38880286,116.5,14.4325,4.204692619390966,-0.23795863709935094,-0.765120680185035,-0.9543626798235634,-1.1659454087366967,28,19.77,17.9,20.54,18.5,3.5,7.1,0.5,0.0,77.86,79.29,71.43,70.43,45.0,34.0,27.0,16.0
2024-07-21,202430,45.0,45,45,45,4.9884397e-06,8.06774,0,1,313670220243020298,2025-07-29,Juiz de Fora,0.46466452,557777,0,0,1,43,,,,,103009,10.41,16.76,24.76,0.0,69.29,66.0,12.79,0.4859964,84.0,15.77,0.46923643,143.0,14.14,0.5964925,173.0,15.03,0.4946741,84.5,13.2775,3.828641396489095,-0.37605122290187065,-0.6140098600012216,-1.1411719030869056,-1.330413902725434,29,17.61,19.77,17.9,20.54,1.5,3.5,7.1,0.5,74.0,77.86,79.29,71.43,34.0,27.0,16.0,13.0
2024-07-28,202431,34.0,34,34,34,0.00033110892,6.095626,0,1,313670220243120305,2025-08-05,Juiz de Fora,0.5007612,557777,0,0,1,34,,,,,103009,14.24,18.31,23.87,5.2,75.14,45.0,10.41,0.46466452,66.0,12.79,0.4859964,84.0,15.77,0.46923643,143.0,14.14,0.5964925,57.25,13.3025,3.5553480614894135,-0.27329333499968156,-0.6493445579015522,-0.8873031950009032,-1.4144652380865872,30,16.76,17.61,19.77,17.9,0.0,1.5,3.5,7.1,69.29,74.0,77.86,79.29,27.0,16.0,13.0,8.0
2024-08-04,202432,27.0,27,27,27,0.0056052995,4.8406444,0,1,313670220243220312,2025-08-12,Juiz de Fora,0.5532821,557777,0,0,1,27,,,,,103009,13.57,19.39,26.26,4.8,71.57,34.0,14.24,0.5007612,45.0,10.41,0.46466452,66.0,12.79,0.4859964,84.0,15.77,0.46923643,43.0,12.7525,3.332204510175204,-0.2231435513142097,-0.49643688631389127,-0.8724881092157619,-1.1104467463151129,31,18.31,16.76,17.61,19.77,5.2,0.0,1.5,3.5,75.14,69.29,74.0,77.86,16.0,13.0,8.0,11.0
2024-08-11,202433,16.0,16,16,16,0.0024698542,2.8685298,0,1,313670220243320321,2025-08-21,Juiz de Fora,0.4468667,557777,0,0,1,16,,,,,103009,9.97,16.8,25.06,0.0,65.43,27.0,13.57,0.5532821,34.0,14.24,0.5007612,45.0,10.41,0.46466452,66.0,12.79,0.4859964,30.5,12.0475,2.833213344056216,-0.49899116611898764,-0.7221347174331973,-0.9954280524328789,-1.3714792753347496,32,19.39,18.31,16.76,17.61,4.8,5.2,0.0,1.5,71.57,75.14,69.29,74.0,13.0,8.0,11.0,17.0
2024-08-18,202434,13.0,13,13,13,0.015102256,2.3306806,0,1,313670220243420328,2025-08-28,Juiz de Fora,0.4941949,557777,0,0,1,13,,,,,103009,14.44,21.27,29.36,0.1,58.43,16.0,9.97,0.4468667,27.0,13.57,0.5532821,34.0,14.24,0.5007612,45.0,10.41,0.46466452,22.5,13.055000000000001,2.6390573296152584,-0.19415601444095776,-0.6931471805599454,-0.9162907318741551,-1.1895840668738367,33,16.8,19.39,18.31,16.76,0.0,4.8,5.2,0.0,65.43,71.57,75.14,69.29,8.0,11.0,17.0,19.0
2024-08-25,202435,8.0,8,8,8,0.017460112,1.4342649,0,1,313670220243520333,2025-09-02,Juiz de Fora,0.43154794,557777,0,0,0,8,,,,,103009,11.57,16.6,22.47,11.8,71.71,13.0,14.44,0.4941949,16.0,9.97,0.4468667,27.0,13.57,0.5532821,34.0,14.24,0.5007612,16.0,12.387500000000001,2.1972245773362196,-0.44183275227903884,-0.6359887667199966,-1.1349799328389842,-1.358123484153194,34,21.27,16.8,19.39,18.31,0.1,0.0,4.8,5.2,58.43,65.43,71.57,75.14,11.0,17.0,19.0,19.0
2024-09-01,202436,11.0,11,11,11,0.32428616,1.9721143,0,1,313670220243620340,2025-09-09,Juiz de Fora,0.8332066,557777,0,0,1,11,,,,,103009,15.44,21.56,29.24,0.0,68.0,8.0,11.57,0.43154794,13.0,14.44,0.4941949,16.0,9.97,0.4468667,27.0,13.57,0.5532821,12.0,12.855,2.4849066497880004,0.2876820724517808,-0.15415067982725805,-0.3483066942682158,-0.8472978603872034,35,16.6,21.27,16.8,19.39,11.8,0.1,0.0,4.8,71.71,58.43,65.43,71.57,17.0,19.0,19.0,11.0
2024-09-08,202437,17.0,17,17,17,0.88026804,3.047813,0,1,313670220243720347,2025-09-16,Juiz de Fora,1.5589443,557777,1,0,1,17,,,,,103009,15.7,22.34,29.9,0.0,56.86,11.0,15.44,0.8332066,8.0,11.57,0.43154794,13.0,14.44,0.4941949,16.0,9.97,0.4468667,12.25,14.287500000000001,2.8903717578961645,0.40546510810816416,0.693147180559945,0.2513144282809061,0.05715841383994835,36,21.56,16.6,21.27,16.8,0.0,11.8,0.1,0.0,68.0,71.71,58.43,65.43,19.0,19.0,11.0,10.0
2024-09-15,202438,19.0,19,19,19,0.89082545,3.4063792,0,1,313670220243820354,2025-09-23,Juiz de Fora,1.552298,557777,1,0,1,18,,,,,103009,16.2,20.74,26.61,16.0,71.71,17.0,15.7,1.5589443,11.0,15.44,0.8332066,8.0,11.57,0.43154794,13.0,14.44,0.4941949,13.75,14.7275,2.995732273553991,0.10536051565782634,0.5108256237659905,0.7985076962177713,0.35667494393873245,37,22.34,21.56,16.6,21.27,0.0,0.0,11.8,0.1,56.86,68.0,71.71,58.43,19.0,11.0,10.0,6.0
2024-09-22,202439,19.0,19,19,19,0.723419,3.4063792,0,2,313670220243920363,2025-10-02,Juiz de Fora,1.2211823,557777,1,0,1,19,,,,,103009,17.54,22.44,28.4,4.7,68.0,19.0,16.2,1.552298,17.0,15.7,1.5589443,11.0,15.44,0.8332066,8.0,11.57,0.43154794,16.5,16.22,2.995732273553991,0.0,0.10536051565782634,0.5108256237659905,0.7985076962177713,38,20.74,22.34,21.56,16.6,16.0,0.0,0.0,11.8,71.71,56.86,68.0,71.71,11.0,10.0,6.0,11.0
2024-09-29,202440,11.0,11,11,11,0.106735535,1.9721143,0,2,313670220244020368,2025-10-07,Juiz de Fora,0.6280019,557777,1,0,1,11,,,,,103009,17.54,21.87,27.33,3.6,68.29,19.0,17.54,1.2211823,19.0,16.2,1.552298,17.0,15.7,1.5589443,11.0,15.44,0.8332066,16.5,16.744999999999997,2.4849066497880004,-0.5108256237659905,-0.5108256237659905,-0.40546510810816416,0.0,39,22.44,20.74,22.34,21.56,4.7,16.0,0.0,0.0,68.0,71.71,56.86,68.0,10.0,6.0,11.0,7.0
2024-10-06,202441,10.0,10,10,10,0.10331219,1.7928312,0,2,313670220244120376,2025-10-15,Juiz de Fora,0.6117472,557777,1,0,1,10,,,,,103009,16.76,21.23,26.89,89.5,73.71,11.0,17.54,0.6280019,19.0,17.54,1.2211823,19.0,16.2,1.552298,17.0,15.7,1.5589443,14.75,17.009999999999998,2.3978952727983707,-0.08701137698962969,-0.5978370007556202,-0.5978370007556202,-0.49247648509779385,40,21.87,22.44,20.74,22.34,3.6,4.7,16.0,0.0,68.29,68.0,71.71,56.86,6.0,11.0,7.0,4.0
2024-10-13,202442,6.0,6,6,6,0.051520314,1.0756987,0,2,313670220244220381,2025-10-20,Juiz de Fora,0.46757683,557777,1,0,0,6,,,,,103009,17.53,21.19,25.91,28.8,77.57,10.0,16.76,0.6117472,11.0,17.54,0.6280019,19.0,17.54,1.2211823,19.0,16.2,1.552298,11.5,17.3425,1.9459101490553132,-0.45198512374305744,-0.5389965007326871,-1.0498221244986776,-1.0498221244986776,41,21.23,21.87,22.44,20.74,89.5,3.6,4.7,16.0,73.71,68.29,68.0,71.71,11.0,7.0,4.0,9.0
2024-10-20,202443,11.0,11,11,11,0.60504854,1.9721143,0,2,313670220244320389,2025-10-28,Juiz de Fora,1.1214019,557777,1,0,1,9,,,,,103009,18.96,22.49,26.93,71.7,79.57,6.0,17.53,0.46757683,10.0,16.76,0.6117472,11.0,17.54,0.6280019,19.0,17.54,1.2211823,9.5,17.6975,2.4849066497880004,0.5389965007326871,0.08701137698962969,0.0,-0.5108256237659905,42,21.19,21.23,21.87,22.44,28.8,89.5,3.6,4.7,77.57,73.71,68.29,68.0,7.0,4.0,9.0,18.0
2024-10-27,202444,7.0,7,7,7,0.3445299,1.2549819,0,2,313670220244420395,2025-11-03,Juiz de Fora,0.8202821,557777,1,0,0,6,,,,,103009,17.56,20.77,24.63,17.4,78.57,11.0,18.96,1.1214019,6.0,17.53,0.46757683,10.0,16.76,0.6117472,11.0,17.54,0.6280019,8.5,17.7025,2.0794415416798357,-0.4054651081081646,0.13353139262452252,-0.3184537311185349,-0.4054651081081646,43,22.49,21.19,21.23,21.87,71.7,28.8,89.5,3.6,79.57,77.57,73.71,68.29,4.0,9.0,18.0,15.0
2024-11-03,202445,4.0,4,4,4,0.09773879,0.71713245,0,2,313670220244520404,2025-11-12,Juiz de Fora,0.47954848,557777,1,0,0,2,,,,,103009,19.43,21.69,24.81,82.0,83.14,7.0,17.56,0.8202821,11.0,18.96,1.1214019,6.0,17.53,0.46757683,10.0,16.76,0.6117472,7.0,18.369999999999997,1.6094379124341003,-0.47000362924573547,-0.8754687373539001,-0.33647223662121295,-0.7884573603642704,44,20.77,22.49,21.19,21.23,17.4,71.7,28.8,89.5,78.57,79.57,77.57,73.71,9.0,18.0,15.0,25.0
2024-11-10,202446,9.0,9,9,9,0.6694652,1.613548,0,2,313670220244620411,2025-11-19,Juiz de Fora,1.2366306,557777,1,0,0,7,,,,,103009,16.91,20.5,24.44,62.6,82.43,4.0,19.43,0.47954848,7.0,17.56,0.8202821,11.0,18.96,1.1214019,6.0,17.53,0.46757683,7.75,18.215,2.302585092994046,0.6931471805599456,0.22314355131421015,-0.18232155679395445,0.35667494393873267,45,21.69,20.77,22.49,21.19,82.0,17.4,71.7,28.8,83.14,78.57,79.57,77.57,18.0,15.0,25.0,17.0
2024-11-17,202447,18.0,18,18,18,0.98818135,3.227096,0,2,313670220244720418,2025-11-26,Juiz de Fora,2.5492196,557777,1,1,1,15,,,,,103009,18.57,22.17,26.63,31.7,80.14,9.0,16.91,1.2366306,4.0,19.43,0.47954848,7.0,17.56,0.8202821,11.0,18.96,1.1214019,9.5,18.1175,2.9444389791664403,0.6418538861723944,1.33500106673234,0.8649974374866045,0.4595323293784399,46,20.5,21.69,20.77,22.49,62.6,82.0,17.4,71.7,82.43,83.14,78.57,79.57,15.0,25.0,17.0,16.0
2024-11-24,202448,15.0,15,15,15,0.8380249,2.689247,0,2,313670220244820425,2025-12-03,Juiz de Fora,1.477657,557777,1,0,1,11,,,,,103009,17.64,23.09,29.04,4.6,68.57,18.0,18.57,2.5492196,9.0,16.91,1.2366306,4.0,19.43,0.47954848,7.0,17.56,0.8202821,11.5,18.1375,2.772588722239781,-0.17185025692665912,0.47000362924573524,1.1631508098056809,0.6931471805599454,47,22.17,20.5,21.69,20.77,31.7,62.6,82.0,17.4,80.14,82.43,83.14,78.57,25.0,17.0,16.0,7.0
2024-12-01,202449,25.0,25,25,25,0.95381516,4.482078,0,2,313670220244920432,2025-12-10,Juiz de Fora,1.7139134,557777,1,1,1,17,,,,,103009,19.63,23.99,29.13,59.2,76.71,15.0,17.64,1.477657,18.0,18.57,2.5492196,9.0,16.91,1.2366306,4.0,19.43,0.47954848,16.75,18.1875,3.258096538021482,0.485507815781701,0.3136575588550419,0.9555114450274362,1.6486586255873819,48,23.09,22.17,20.5,21.69,4.6,31.7,62.6,82.0,68.57,80.14,82.43,83.14,17.0,16.0,7.0,20.0
2024-12-08,202450,17.0,17,17,17,0.4446553,3.047813,0,2,313670220245020438,2025-12-16,Juiz de Fora,0.9544491,557777,1,0,1,12,,,,,103009,19.26,22.94,27.49,54.3,77.29,25.0,19.63,1.7139134,15.0,17.64,1.477657,18.0,18.57,2.5492196,9.0,16.91,1.2366306,18.75,18.775000000000002,2.8903717578961645,-0.3677247801253176,0.11778303565638337,-0.054067221270275745,0.5877866649021186,49,23.99,23.09,22.17,20.5,59.2,4.6,31.7,62.6,76.71,68.57,80.14,82.43,16.0,7.0,20.0,38.0
2024-12-15,202451,16.0,16,16,16,0.27097574,2.8685298,0,2,313670220245120438,2025-12-16,Juiz de Fora,0.8166288,557777,1,0,1,13,,,,,103009,19.59,22.96,28.06,47.9,79.43,17.0,19.26,0.9544491,25.0,19.63,1.7139134,15.0,17.64,1.477657,18.0,18.57,2.5492196,18.25,19.03,2.833213344056216,-0.05715841383994835,-0.42488319396526597,0.06062462181643502,-0.1112256351102241,50,22.94,23.99,23.09,22.17,54.3,59.2,4.6,31.7,77.29,76.71,68.57,80.14,7.0,20.0,38.0,51.0
2024-12-22,202452,7.0,7,7,7,0.011467599,1.2549819,0,2,313670220245220438,2025-12-16,Juiz de Fora,0.38950336,557777,1,0,0,7,,,,,103009,20.3,22.74,26.6,93.3,83.86,16.0,19.59,0.8166288,17.0,19.26,0.9544491,25.0,19.63,1.7139134,15.0,17.64,1.477657,16.25,19.695,2.0794415416798357,-0.7537718023763804,-0.8109302162163288,-1.1786549963416464,-0.6931471805599454,51,22.96,22.94,23.99,23.09,47.9,54.3,59.2,4.6,79.43,77.29,76.71,68.57,20.0,38.0,51.0,59.0
2024-12-29,202501,20.0,20,20,20,0.81979567,3.5856624,0,2,313670220250120460,2026-01-07,Juiz de Fora,1.3615754,557777,1,0,1,18,,,,,103009,19.21,22.59,28.06,117.0,82.14,7.0,20.3,0.38950336,16.0,19.59,0.8166288,17.0,19.26,0.9544491,25.0,19.63,1.7139134,15.0,19.59,3.044522437723423,0.9650808960435873,0.21130909366720685,0.1541506798272585,-0.21357410029805912,52,22.74,22.96,22.94,23.99,93.3,47.9,54.3,59.2,83.86,79.43,77.29,76.71,38.0,51.0,59.0,69.0
2025-01-05,202502,38.0,38,38,38,0.9995415,6.8127584,0,2,313670220250220460,2026-01-07,Juiz de Fora,2.6052601,557777,1,1,1,35,,,,,103009,18.99,22.54,28.04,76.1,79.71,20.0,19.21,1.3615754,7.0,20.3,0.38950336,16.0,19.59,0.8166288,17.0,19.26,0.9544491,20.25,19.5225,3.6635616461296463,0.6190392084062233,1.5841201044498106,0.8303483020734301,0.7731898882334818,1,22.59,22.74,22.96,22.94,117.0,93.3,47.9,54.3,82.14,83.86,79.43,77.29,51.0,59.0,69.0,87.0
2025-01-12,202503,51.0,51,51,51,0.9996368,9.143439,0,3,313670220250320486,2026-02-02,Juiz de Fora,2.2602744,557777,1,1,1,50,,,,,103009,19.37,22.24,25.93,27.0,83.71,38.0,18.99,2.6052601,20.0,19.21,1.3615754,7.0,20.3,0.38950336,16.0,19.59,0.8166288,29.0,19.4675,3.9512437185814275,0.28768207245178123,0.9067212808580045,1.8718021769015918,1.1180303745252114,2,22.54,22.59,22.74,22.96,76.1,117.0,93.3,47.9,79.71,82.14,83.86,79.43,59.0,69.0,87.0,123.0
2025-01-19,202504,59.0,59,59,59,0.99145997,10.577704,0,3,313670220250420491,2026-02-07,Juiz de Fora,1.6399661,557777,1,1,1,53,,,,,103009,21.06,25.71,31.31,11.6,72.43,51.0,19.37,2.2602744,38.0,18.99,2.6052601,20.0,19.21,1.3615754,7.0,20.3,0.38950336,42.0,19.6575,4.0943445622221,0.14310084364067288,0.4307829160924541,1.0498221244986774,2.0149030205422647,3,22.24,22.54,22.59,22.74,27.0,76.1,117.0,93.3,83.71,79.71,82.14,83.86,69.0,87.0,123.0,174.0
2025-01-26,202505,69.0,69,69,69,0.9704245,12.370535,0,3,313670220250520495,2026-02-11,Juiz de Fora,1.4181306,557777,1,1,1,67,,,,,103009,20.1,22.81,27.2,172.6,85.14,59.0,21.06,1.6399661,51.0,19.37,2.2602744,38.0,18.99,2.6052601,20.0,19.21,1.3615754,54.25,19.88,4.248495242049359,0.15415067982725894,0.2972515234679318,0.5849335959197131,1.2039728043259363,4,25.71,22.24,22.54,22.59,11.6,27.0,76.1,117.0,72.43,83.71,79.71,82.14,87.0,123.0,174.0,111.0
2025-02-02,202506,87.0,87,87,87,0.98908687,15.597631,0,3,313670220250620503,2026-02-19,Juiz de Fora,1.4643371,557777,1,1,1,81,,,,,103009,19.26,24.53,29.77,4.1,69.29,69.0,20.1,1.4181306,59.0,21.06,1.6399661,51.0,19.37,2.2602744,38.0,18.99,2.6052601,66.5,19.9475,4.477336814478207,0.2288415724288475,0.38299225225610645,0.5260930958967793,0.8137751683485606,5,22.81,25.71,22.24,22.54,172.6,11.6,27.0,76.1,85.14,72.43,83.71,79.71,123.0,174.0,111.0,168.0
2025-02-09,202507,123.0,123,123,123,0.99986726,22.051823,0,3,313670220250720508,2026-02-24,Juiz de Fora,1.6984196,557777,1,1,1,111,,,,,103009,19.26,24.23,29.39,2.5,71.71,87.0,19.26,1.4643371,69.0,20.1,1.4181306,59.0,21.06,1.6399661,51.0,19.37,2.2602744,84.5,19.92,4.820281565605037,0.3429447511268302,0.5717863235556777,0.7259370033829367,0.8690378470236095,6,24.53,22.81,25.71,22.24,4.1,172.6,11.6,27.0,69.29,85.14,72.43,83.71,174.0,111.0,168.0,234.0
2025-02-16,202508,174.0,174,174,174,0.9999996,31.195263,0,3,313670220250820516,2026-03-04,Juiz de Fora,1.8515091,557777,1,1,2,153,,,,,103009,19.03,25.2,31.46,0.4,63.86,123.0,19.26,1.6984196,87.0,19.26,1.4643371,69.0,20.1,1.4181306,59.0,21.06,1.6399661,113.25,19.4125,5.1647859739235145,0.3445044083184774,0.6874491594453076,0.9162907318741551,1.070441411701414,7,24.23,24.53,22.81,25.71,2.5,4.1,172.6,11.6,71.71,69.29,85.14,72.43,111.0,168.0,234.0,319.0
2025-02-23,202509,111.0,111,111,111,0.23099297,19.900427,0,3,313670220250920522,2026-03-10,Juiz de Fora,0.90826523,557777,1,0,1,109,,,,,103009,19.4,24.07,29.61,2.6,69.14,174.0,19.03,1.8515091,123.0,19.26,1.6984196,87.0,19.26,1.4643371,69.0,20.1,1.4181306,123.75,19.2375,4.718498871295094,-0.4462871026284203,-0.10178269430994291,0.2411620568168873,0.4700036292457348,8,25.2,24.23,24.53,22.81,0.4,2.5,4.1,172.6,63.86,71.71,69.29,85.14,168.0,234.0,319.0,275.0
2025-03-02,202510,168.0,168,168,168,0.9442662,30.119564,0,2,313670220251020529,2026-03-17,Juiz de Fora,1.1989845,557777,1,0,2,163,,,,,103009,19.41,23.73,28.64,5.1,69.0,111.0,19.4,0.90826523,174.0,19.03,1.8515091,123.0,19.26,1.6984196,87.0,19.26,1.4643371,144.0,19.275,5.1298987149230735,0.4113998436279793,-0.034887259000440984,0.3096171493180364,0.6525619004448666,9,24.07,25.2,24.23,24.53,2.6,0.4,2.5,4.1,69.14,63.86,71.71,69.29,234.0,319.0,275.0,273.0
2025-03-09,202511,234.0,234,234,234,0.9999966,41.95225,0,4,313670220251120536,2026-03-24,Juiz de Fora,1.5950241,557777,1,1,2,219,,,,,103009,19.79,23.89,29.59,63.1,79.71,168.0,19.41,1.1989845,111.0,19.4,0.90826523,174.0,19.03,1.8515091,123.0,19.26,1.6984196,171.75,19.4075,5.459585514144159,0.32968679922108546,0.7410866428490648,0.2947995402206445,0.6393039485391219,10,23.73,24.07,25.2,24.23,5.1,2.6,0.4,2.5,69.0,69.14,63.86,71.71,319.0,275.0,273.0,264.0
2025-03-16,202512,319.0,319,319,319,1.0,57.191315,0,4,313670220251220544,2026-04-01,Juiz de Fora,1.7953967,557777,1,1,2,295,,,,,103009,19.26,22.01,25.73,109.4,84.57,234.0,19.79,1.5950241,168.0,19.41,1.1989845,111.0,19.4,0.90826523,174.0,19.03,1.8515091,208.0,19.465,5.768320995793772,0.30873548164961306,0.6384222808706985,1.0498221244986778,0.6035350218702575,11,23.89,23.73,24.07,25.2,63.1,5.1,2.6,0.4,79.71,69.0,69.14,63.86,275.0,273.0,264.0,271.0
2025-03-23,202513,275.0,275,275,275,0.9695599,49.302856,0,4,313670220251320552,2026-04-09,Juiz de Fora,1.1811676,557777,1,1,2,247,,,,,103009,19.2,22.77,27.3,133.9,81.71,319.0,19.26,1.7953967,234.0,19.79,1.5950241,168.0,19.41,1.1989845,111.0,19.4,0.90826523,249.0,19.415,5.62040086571715,-0.1479201300766224,0.16081535157299065,0.4905021507940761,0.9019019944220554,12,22.01,23.89,23.73,24.07,109.4,63.1,5.1,2.6,84.57,79.71,69.0,69.14,273.0,264.0,271.0,327.0
2025-03-30,202514,273.0,273,273,273,0.47015604,48.94429,0,4,313670220251420557,2026-04-14,Juiz de Fora,0.9936266,557777,1,0,2,256,,,,,103009,19.31,22.39,26.54,43.2,85.14,275.0,19.2,1.1811676,319.0,19.26,1.7953967,234.0,19.79,1.5950241,168.0,19.41,1.1989845,275.25,19.39,5.6131281063880705,-0.007272759329079115,-0.15519288940570153,0.15354259224391154,0.483229391464997,13,22.77,22.01,23.89,23.73,133.9,109.4,63.1,5.1,81.71,84.57,79.71,69.0,264.0,271.0,327.0,302.0
2025-04-06,202515,264.0,264,264,264,0.2382163,47.33074,0,4,313670220251520566,2026-04-23,Juiz de Fora,0.9408311,557777,1,0,2,242,,,,,103009,16.69,20.6,25.73,16.7,78.0,273.0,19.31,0.9936266,275.0,19.2,1.1811676,319.0,19.26,1.7953967,234.0,19.79,1.5950241,282.75,18.615,5.579729825986222,-0.033398280401848446,-0.04067103973092756,-0.18859116980754997,0.12014431184206309,14,22.39,22.77,22.01,23.89,43.2,133.9,109.4,63.1,85.14,81.71,84.57,79.71,271.0,327.0,302.0,313.0
2025-04-13,202516,271.0,271,271,271,0.47863543,48.585724,0,4,313670220251620571,2026-04-28,Juiz de Fora,0.9954165,557777,1,0,2,259,,,,,103009,18.33,21.33,25.54,30.1,83.29,264.0,16.69,0.9408311,273.0,19.31,0.9936266,275.0,19.2,1.1811676,319.0,19.26,1.7953967,270.75,18.3825,5.605802066295998,0.02607224030977573,-0.0073260400920727164,-0.014598799421151831,-0.16251892949777424,15,20.6,22.39,22.77,22.01,16.7,43.2,133.9,109.4,78.0,85.14,81.71,84.57,327.0,302.0,313.0,249.0
2025-04-20,202517,327.0,327,327,327,0.98920643,58.62558,0,4,313670220251720578,2026-05-05,Juiz de Fora,1.2070843,557777,1,1,2,291,,,,,103009,18.04,20.43,23.96,13.5,84.71,271.0,18.33,0.9954165,264.0,16.69,0.9408311,273.0,19.31,0.9936266,275.0,19.2,1.1811676,283.75,18.092499999999998,5.793013608384144,0.1872115420881464,0.21328378239792212,0.17988550199607367,0.17261274266699456,16,21.33,20.6,22.39,22.77,30.1,16.7,43.2,133.9,83.29,78.0,85.14,81.71,302.0,313.0,249.0,203.0
2025-04-27,202518,302.0,302,302,302,0.77885234,54.1435,0,4,313670220251820587,2026-05-14,Juiz de Fora,1.0655384,557777,0,0,2,266,,,,,103009,16.77,19.7,23.76,2.3,80.0,327.0,18.04,1.2070843,271.0,18.33,0.9954165,264.0,16.69,0.9408311,273.0,19.31,0.9936266,291.0,17.4575,5.713732805509369,-0.07928080287477535,0.10793073921337104,0.13400297952314677,0.10060469912129832,17,20.43,21.33,20.6,22.39,13.5,30.1,16.7,43.2,84.71,83.29,78.0,85.14,313.0,249.0,203.0,100.0
2025-05-04,202519,313.0,313,313,313,0.67871433,56.115616,0,4,313670220251920592,2026-05-19,Juiz de Fora,1.0381312,557777,0,0,2,276,,,,,103009,15.57,19.86,25.09,1.6,80.14,302.0,16.77,1.0655384,327.0,18.04,1.2070843,271.0,18.33,0.9954165,264.0,16.69,0.9408311,303.25,17.177500000000002,5.749392985908253,0.0356601803988843,-0.04362062247589105,0.14359091961225534,0.16966315992203107,18,19.7,20.43,21.33,20.6,2.3,13.5,30.1,16.7,80.0,84.71,83.29,78.0,249.0,203.0,100.0,221.0
2025-05-11,202520,249.0,249,249,249,0.008946435,44.641495,0,4,313670220252020599,2026-05-26,Juiz de Fora,0.8174009,557777,0,0,2,219,,,,,103009,15.19,18.21,21.91,3.8,81.29,313.0,15.57,1.0381312,302.0,16.77,1.0655384,327.0,18.04,1.2070843,271.0,18.33,0.9954165,297.75,16.392500000000002,5.521460917862246,-0.22793206804600707,-0.19227188764712277,-0.2715526905218981,-0.08434114843375173,19,19.86,19.7,20.43,21.33,1.6,2.3,13.5,30.1,80.14,80.0,84.71,83.29,203.0,100.0,221.0,94.0
2025-05-18,202521,203.0,203,203,203,5.883574e-05,36.394474,0,4,313670220252120608,2026-06-04,Juiz de Fora,0.7047466,557777,0,0,2,191,,,,,103009,12.41,17.81,24.33,4.6,79.71,249.0,15.19,0.8174009,313.0,15.57,1.0381312,302.0,16.77,1.0655384,327.0,18.04,1.2070843,266.75,14.985,5.318119993844216,-0.20334092401802994,-0.431272992064037,-0.3956128116651527,-0.47489361453992807,20,18.21,19.86,19.7,20.43,3.8,1.6,2.3,13.5,81.29,80.14,80.0,84.71,100.0,221.0,94.0,72.0
2025-05-25,202522,100.0,100,100,100,4.440892e-16,17.928312,0,4,313670220252220619,2026-06-15,Juiz de Fora,0.40423024,557777,0,0,1,91,,,,,103009,16.17,18.89,22.79,1.5,81.29,203.0,12.41,0.7047466,249.0,15.19,0.8174009,313.0,15.57,1.0381312,302.0,16.77,1.0655384,216.25,14.835,4.61512051684126,-0.7029994770029564,-0.9063404010209863,-1.1342724690669934,-1.0986122886681091,21,17.81,18.21,19.86,19.7,4.6,3.8,1.6,2.3,79.71,81.29,80.14,80.0,221.0,94.0,72.0,53.0
2025-06-01,202523,221.0,221,221,221,0.893196,39.62157,0,1,313670220252320621,2026-06-17,Juiz de Fora,1.1295865,557777,0,0,2,205,,,,,103009,15.29,19.14,24.36,1.5,81.29,100.0,16.17,0.40423024,203.0,12.41,0.7047466,249.0,15.19,0.8174009,313.0,15.57,1.0381312,193.25,14.765,5.402677381872279,0.7875568650310196,0.08455738802806323,-0.11878353598996672,-0.3467156040359738,22,18.89,17.81,18.21,19.86,1.5,4.6,3.8,1.6,81.29,79.71,81.29,80.14,94.0,72.0,53.0,47.0
2025-06-08,202524,94.0,94,94,94,8.27863e-06,16.852613,0,1,313670220252420627,2026-06-23,Juiz de Fora,0.57868665,557777,0,0,1,91,,,,,103009,12.54,15.5,19.63,13.0,83.71,221.0,15.29,1.1295865,100.0,16.17,0.40423024,203.0,12.41,0.7047466,249.0,15.19,0.8174009,154.5,14.102500000000001,4.553876891600541,-0.8488004902717385,-0.06124362524071891,-0.7642431022436753,-0.9675840262617053,23,19.14,18.89,17.81,18.21,1.5,1.5,4.6,3.8,81.29,81.29,79.71,81.29,72.0,53.0,47.0,37.0
2025-06-15,202525,72.0,72,72,72,4.0581693e-08,12.908384,0,1,313670220252520636,2026-07-02,Juiz de Fora,0.47649947,557777,0,0,1,65,,,,,103009,11.26,16.7,23.53,0.0,76.57,94.0,12.54,0.57868665,221.0,15.29,1.1295865,100.0,16.17,0.40423024,203.0,12.41,0.7047466,121.75,13.815,4.290459441148391,-0.2634174504521498,-1.1122179407238884,-0.32466107569286873,-1.0276605526958251,24,15.5,19.14,18.89,17.81,13.0,1.5,1.5,4.6,83.71,81.29,81.29,79.71,53.0,47.0,37.0,19.0
2025-06-22,202526,53.0,53,53,53,2.5739138e-07,9.502006,0,1,313670220252620642,2026-07-08,Juiz de Fora,0.45071065,557777,0,0,1,45,,,,,103009,12.7,17.83,24.06,4.2,77.0,72.0,11.26,0.47649947,94.0,12.54,0.57868665,221.0,15.29,1.1295865,100.0,16.17,0.40423024,110.0,12.9475,3.9889840465642745,-0.30147539458411643,-0.5648928450362662,-1.4136933353080048,-0.6261364702769852,25,16.7,15.5,19.14,18.89,0.0,13.0,1.5,1.5,76.57,83.71,81.29,81.29,47.0,37.0,19.0,14.0
2025-06-29,202527,47.0,47,47,47,0.0018975337,8.426307,0,1,313670220252720647,2026-07-13,Juiz de Fora,0.59318084,557777,0,0,1,42,,,,,103009,13.01,16.94,22.23,1.1,78.71,53.0,12.7,0.45071065,72.0,11.26,0.47649947,94.0,12.54,0.57868665,221.0,15.29,1.1295865,66.5,12.3775,3.871201010907891,-0.11778303565638337,-0.4192584302404998,-0.6826758806926496,-1.5314763709643882,26,17.83,16.7,15.5,19.14,4.2,0.0,13.0,1.5,77.0,76.57,83.71,81.29,37.0,19.0,14.0,15.0
2025-07-06,202528,37.0,37,37,37,0.014867885,6.6334753,0,1,313670220252820654,2026-07-20,Juiz de Fora,0.63788265,557777,0,0,1,30,,,,,103009,11.1,15.64,21.04,0.2,76.43,47.0,13.01,0.59318084,53.0,12.7,0.45071065,72.0,11.26,0.47649947,94.0,12.54,0.57868665,52.25,12.0175,3.6375861597263857,-0.2336148511815055,-0.35139788683788886,-0.6528732814220053,-0.9162907318741551,27,16.94,17.83,16.7,15.5,1.1,4.2,0.0,13.0,78.71,77.0,76.57,83.71,19.0,14.0,15.0,16.0
2025-07-13,202529,19.0,19,19,19,0.0003221119,3.4063792,0,1,313670220252920662,2026-07-28,Juiz de Fora,0.41405928,557777,0,0,1,16,,,,,103009,10.96,16.29,22.76,0.0,70.57,37.0,11.1,0.63788265,47.0,13.01,0.59318084,53.0,12.7,0.45071065,72.0,11.26,0.47649947,39.0,11.9425,2.995732273553991,-0.6418538861723948,-0.8754687373539003,-0.9932517730102837,-1.2947271675944,28,15.64,16.94,17.83,16.7,0.2,1.1,4.2,0.0,76.43,78.71,77.0,76.57,14.0,15.0,16.0,15.0
2025-07-20,202530,14.0,14,14,14,0.001183998,2.5099638,0,1,313670220253020671,2026-08-06,Juiz de Fora,0.40368706,557777,0,0,0,12,,,,,103009,12.14,16.71,22.19,6.8,79.43,19.0,10.96,0.41405928,37.0,11.1,0.63788265,47.0,13.01,0.59318084,53.0,12.7,0.45071065,29.25,11.8025,2.70805020110221,-0.2876820724517808,-0.9295359586241756,-1.163150809805681,-1.2809338454620645,29,16.29,15.64,16.94,17.83,0.0,0.2,1.1,4.2,70.57,76.43,78.71,77.0,15.0,16.0,15.0,14.0
2025-07-27,202531,15.0,15,15,15,0.08185755,2.689247,0,1,313670220253120676,2026-08-11,Juiz de Fora,0.6379581,557777,0,0,0,14,,,,,103009,10.23,15.56,21.8,0.5,72.29,14.0,12.14,0.40368706,19.0,10.96,0.41405928,37.0,11.1,0.63788265,47.0,13.01,0.59318084,21.25,11.1075,2.772588722239781,0.06453852113757108,-0.2231435513142097,-0.8649974374866045,-1.09861228866811,30,16.71,16.29,15.64,16.94,6.8,0.0,0.2,1.1,79.43,70.57,76.43,78.71,16.0,15.0,14.0,15.0
2025-08-03,202532,16.0,16,16,16,0.43760434,2.8685298,0,1,313670220253220683,2026-08-18,Juiz de Fora,0.9473501,557777,0,0,1,12,,,,,103009,12.63,17.27,23.31,0.7,74.57,15.0,10.23,0.6379581,14.0,12.14,0.40368706,19.0,10.96,0.41405928,37.0,11.1,0.63788265,16.0,11.49,2.833213344056216,0.06062462181643502,0.1251631429540061,-0.1625189294977747,-0.8043728156701695,31,15.56,16.71,16.29,15.64,0.5,6.8,0.0,0.2,72.29,79.43,70.57,76.43,15.0,14.0,15.0,7.0
2025-08-10,202533,15.0,15,15,15,0.4816718,2.689247,0,1,313670220253320689,2026-08-24,Juiz de Fora,0.98365194,557777,0,0,0,11,,,,,103009,11.86,15.64,21.04,0.1,75.29,16.0,12.63,0.9473501,15.0,10.23,0.6379581,14.0,12.14,0.40368706,19.0,10.96,0.41405928,15.0,11.715,2.772588722239781,-0.06062462181643502,0.0,0.06453852113757108,-0.2231435513142097,32,17.27,15.56,16.71,16.29,0.7,0.5,6.8,0.0,74.57,72.29,79.43,70.57,14.0,15.0,7.0,12.0
2025-08-17,202534,14.0,14,14,14,0.40778872,2.5099638,0,1,313670220253420698,2026-09-02,Juiz de Fora,0.918444,557777,0,0,0,11,,,,,103009,13.8,18.79,25.13,0.0,69.29,15.0,11.86,0.98365194,16.0,12.63,0.9473501,15.0,10.23,0.6379581,14.0,12.14,0.40368706,15.0,12.129999999999999,2.70805020110221,-0.06453852113757108,-0.1251631429540061,-0.06453852113757108,0.0,33,15.64,17.27,15.56,16.71,0.1,0.7,0.5,6.8,75.29,74.57,72.29,79.43,15.0,7.0,12.0,19.0
2025-08-24,202535,15.0,15,15,15,0.5053517,2.689247,0,1,313670220253520707,2026-09-11,Juiz de Fora,1.0048481,557777,0,0,0,9,,,,,103009,15.23,19.23,24.14,11.4,73.86,14.0,13.8,0.918444,15.0,11.86,0.98365194,16.0,12.63,0.9473501,15.0,10.23,0.6379581,15.0,13.38,2.772588722239781,0.06453852113757108,0.0,-0.06062462181643502,0.0,34,18.79,15.64,17.27,15.56,0.0,0.1,0.7,0.5,69.29,75.29,74.57,72.29,7.0,12.0,19.0,21.0
2025-08-31,202536,7.0,7,7,7,0.054371398,1.2549819,0,1,313670220253620713,2026-09-17,Juiz de Fora,0.49454287,557777,0,0,0,4,,,,,103009,14.01,18.24,23.46,5.1,74.71,15.0,15.23,1.0048481,14.0,13.8,0.918444,15.0,11.86,0.98365194,16.0,12.63,0.9473501,12.75,13.725,2.0794415416798357,-0.6931471805599454,-0.6286086594223743,-0.6931471805599454,-0.7537718023763804,35,19.23,18.79,15.64,17.27,11.4,0.0,0.1,0.7,73.86,69.29,75.29,74.57,12.0,19.0,21.0,19.0
2025-09-07,202537,12.0,12,12,12,0.45133632,2.1513975,0,1,313670220253720719,2026-09-23,Juiz de Fora,0.95266724,557777,0,0,0,6,,,,,103009,15.91,19.71,24.26,8.5,75.57,7.0,14.01,0.49454287,15.0,15.23,1.0048481,14.0,13.8,0.918444,15.0,11.86,0.98365194,12.0,14.7375,2.5649493574615367,0.485507815781701,-0.2076393647782444,-0.14310084364067333,-0.2076393647782444,36,18.24,19.23,18.79,15.64,5.1,11.4,0.0,0.1,74.71,73.86,69.29,75.29,19.0,21.0,19.0,13.0
2025-09-14,202538,19.0,19,19,19,0.92688084,3.4063792,0,1,313670220253820719,2026-09-23,Juiz de Fora,1.7000489,557777,0,0,1,12,,,,,103009,15.87,19.86,24.99,4.9,74.43,12.0,15.91,0.95266724,7.0,14.01,0.49454287,15.0,15.23,1.0048481,14.0,13.8,0.918444,13.25,15.255,2.995732273553991,0.4307829160924541,0.9162907318741551,0.2231435513142097,0.2876820724517808,37,19.71,18.24,19.23,18.79,8.5,5.1,11.4,0.0,75.57,74.71,73.86,69.29,21.0,19.0,13.0,14.0
2025-09-21,202539,21.0,21,21,21,0.91602623,3.7649455,0,1,313670220253920719,2026-09-23,Juiz de Fora,1.6047319,557777,0,0,1,19,,,,,103009,15.77,19.04,23.31,20.5,73.57,19.0,15.87,1.7000489,12.0,15.91,0.95266724,7.0,14.01,0.49454287,15.0,15.23,1.0048481,14.75,15.39,3.091042453358316,0.09531017980432521,0.5260930958967793,1.0116009116784803,0.3184537311185349,38,19.86,19.71,18.24,19.23,4.9,8.5,5.1,11.4,74.43,75.57,74.71,73.86,19.0,13.0,14.0,27.0
2025-09-28,202540,19.0,19,19,19,0.62963426,3.4063792,0,1,313670220254020719,2026-09-23,Juiz de Fora,1.1152148,557777,0,0,1,17,,,,,103009,13.73,19.39,25.44,2.6,69.0,21.0,15.77,1.6047319,19.0,15.87,1.7000489,12.0,15.91,0.95266724,7.0,14.01,0.49454287,17.75,15.32,2.995732273553991,-0.09531017980432521,0.0,0.4307829160924541,0.9162907318741551,39,19.04,19.86,19.71,18.24,20.5,4.9,8.5,5.1,73.57,74.43,75.57,74.71,13.0,14.0,27.0,19.0
2025-10-05,202541,13.0,13,13,13,0.14214963,2.3306806,0,1,313670220254120719,2026-09-23,Juiz de Fora,0.68581676,557777,1,0,0,10,,,,,103009,16.7,20.24,25.1,29.3,76.14,19.0,13.73,1.1152148,21.0,15.77,1.6047319,19.0,15.87,1.7000489,12.0,15.91,0.95266724,18.0,15.517499999999998,2.6390573296152584,-0.35667494393873245,-0.45198512374305766,-0.35667494393873245,0.07410797215372167,40,19.39,19.04,19.86,19.71,2.6,20.5,4.9,8.5,69.0,73.57,74.43,75.57,14.0,27.0,19.0,26.0
2025-10-12,202542,14.0,14,14,14,0.25560316,2.5099638,0,1,313670220254220719,2026-09-23,Juiz de Fora,0.793527,557777,1,0,0,11,,,,,103009,18.09,21.84,27.01,33.6,76.43,13.0,16.7,0.68581676,19.0,13.73,1.1152148,21.0,15.77,1.6047319,19.0,15.87,1.7000489,16.75,16.072499999999998,2.70805020110221,0.06899287148695166,-0.2876820724517808,-0.382992252256106,-0.2876820724517808,41,20.24,19.39,19.04,19.86,29.3,2.6,20.5,4.9,76.14,69.0,73.57,74.43,27.0,19.0,26.0,20.0
2025-10-19,202543,27.0,27,27,27,0.9582427,4.8406444,0,1,313670220254320719,2026-09-23,Juiz de Fora,1.7036128,557777,0,1,1,21,,,,,103009,12.37,17.0,21.39,23.3,71.14,14.0,18.09,0.793527,13.0,16.7,0.68581676,19.0,13.73,1.1152148,21.0,15.77,1.6047319,18.25,15.2225,3.332204510175204,0.6241543090729937,0.6931471805599454,0.33647223662121295,0.24116205681688774,42,21.84,20.24,19.39,19.04,33.6,29.3,2.6,20.5,76.43,76.14,69.0,73.57,19.0,26.0,20.0,15.0
2025-10-26,202544,19.0,19,19,19,0.60502106,3.4063792,0,1,313670220254420719,2026-09-23,Juiz de Fora,1.0912449,557777,1,0,1,13,,,,,103009,17.19,21.0,25.66,40.8,78.57,27.0,12.37,1.7036128,14.0,18.09,0.793527,13.0,16.7,0.68581676,19.0,13.73,1.1152148,18.25,16.0875,2.995732273553991,-0.33647223662121295,0.2876820724517808,0.35667494393873245,0.0,43,17.0,21.84,20.24,19.39,23.3,33.6,29.3,2.6,71.14,76.43,76.14,69.0,26.0,20.0,15.0,23.0
2025-11-02,202545,26.0,26,26,26,0.7717048,4.661361,0,1,313670220254520719,2026-09-23,Juiz de Fora,1.2410995,557777,1,0,1,22,,,,,103009,18.16,21.43,25.91,45.2,80.43,19.0,17.19,1.0912449,27.0,12.37,1.7036128,14.0,18.09,0.793527,13.0,16.7,0.68581676,21.5,16.4525,3.295836866004329,0.30010459245033827,-0.03636764417087468,0.5877866649021191,0.6567795363890707,44,21.0,17.0,21.84,20.24,40.8,23.3,33.6,29.3,78.57,71.14,76.43,76.14,20.0,15.0,23.0,30.0
2025-11-09,202546,20.0,20,20,20,0.36044368,3.5856624,0,1,313670220254620719,2026-09-23,Juiz de Fora,0.8968516,557777,0,0,1,12,,,,,103009,15.26,19.99,24.7,6.7,72.57,26.0,18.16,1.2410995,19.0,17.19,1.0912449,27.0,12.37,1.7036128,14.0,18.09,0.793527,23.0,15.745000000000001,3.044522437723423,-0.2513144282809061,0.04879016416943216,-0.2876820724517808,0.33647223662121295,45,21.43,21.0,17.0,21.84,45.2,40.8,23.3,33.6,80.43,78.57,71.14,76.43,15.0,23.0,30.0,22.0
2025-11-16,202547,15.0,15,15,15,0.11724829,2.689247,0,1,313670220254720719,2026-09-23,Juiz de Fora,0.67748255,557777,1,0,0,11,,,,,103009,16.39,21.61,27.03,44.8,71.71,20.0,15.26,0.8968516,26.0,18.16,1.2410995,19.0,17.19,1.0912449,27.0,12.37,1.7036128,20.0,16.75,2.772588722239781,-0.27193371548364187,-0.523248143764548,-0.2231435513142097,-0.5596157879354227,46,19.99,21.43,21.0,17.0,6.7,45.2,40.8,23.3,72.57,80.43,78.57,71.14,23.0,30.0,22.0,17.0
2025-11-23,202548,23.0,23,23,23,0.6613705,4.123512,0,1,313670220254820719,2026-09-23,Juiz de Fora,1.1336293,557777,1,0,1,18,,,,,103009,16.59,20.61,25.99,49.8,78.14,15.0,16.39,0.67748255,20.0,15.26,0.8968516,26.0,18.16,1.2410995,19.0,17.19,1.0912449,21.0,16.6,3.1780538303479458,0.4054651081081646,0.13353139262452274,-0.11778303565638337,0.1823215567939549,47,21.61,19.99,21.43,21.0,44.8,6.7,45.2,40.8,71.71,72.57,80.43,78.57,30.0,22.0,17.0,10.0
2025-11-30,202549,30.0,30,30,30,0.9346019,5.378494,0,2,313670220254920719,2026-09-23,Juiz de Fora,1.5384451,557777,1,0,1,21,,,,,103009,17.71,22.29,27.89,63.1,75.71,23.0,16.59,1.1336293,15.0,16.39,0.67748255,20.0,15.26,0.8968516,26.0,18.16,1.2410995,22.0,16.4875,3.4339872044851463,0.2559333741372005,0.6613984822453651,0.38946476676172326,0.13815033848081715,48,20.61,21.61,19.99,21.43,49.8,44.8,6.7,45.2,78.14,71.71,72.57,80.43,22.0,17.0,10.0,15.0
2025-12-07,202550,22.0,22,22,22,0.47285247,3.9442286,0,2,313670220255020719,2026-09-23,Juiz de Fora,0.9799648,557777,1,0,1,15,,,,,103009,19.5,24.0,28.71,41.6,73.14,30.0,17.71,1.5384451,23.0,16.59,1.1336293,15.0,16.39,0.67748255,20.0,15.26,0.8968516,22.5,17.5475,3.1354942159291497,-0.2984929885559966,-0.04255961441879608,0.36290549368936853,0.09097177820572666,49,22.29,20.61,21.61,19.99,63.1,49.8,44.8,6.7,75.71,78.14,71.71,72.57,17.0,10.0,15.0,34.0
2025-12-14,202551,17.0,17,17,17,0.114157096,3.047813,0,2,313670220255120719,2026-09-23,Juiz de Fora,0.688906,557777,1,0,1,11,,,,,103009,18.64,21.4,25.61,168.9,87.29,22.0,19.5,0.9799648,30.0,17.71,1.5384451,23.0,16.59,1.1336293,15.0,16.39,0.67748255,23.0,18.11,2.8903717578961645,-0.24512245803298516,-0.5436154465889818,-0.28768207245178123,0.11778303565638337,50,24.0,22.29,20.61,21.61,41.6,63.1,49.8,44.8,73.14,75.71,78.14,71.71,10.0,15.0,34.0,40.0
2025-12-21,202552,10.0,10,10,10,0.014723297,1.7928312,0,2,313670220255220719,2026-09-23,Juiz de Fora,0.4545403,557777,1,0,0,6,,,,,103009,19.29,24.7,30.73,3.0,70.14,17.0,18.64,0.688906,22.0,19.5,0.9799648,30.0,17.71,1.5384451,23.0,16.59,1.1336293,19.75,18.785,2.3978952727983707,-0.49247648509779385,-0.737598943130779,-1.0360919316867756,-0.7801585575495751,51,21.4,24.0,22.29,20.61,168.9,41.6,63.1,49.8,87.29,73.14,75.71,78.14,15.0,34.0,40.0,26.0
2025-12-28,202553,15.0,15,15,15,0.35625294,2.689247,0,2,313670220255320719,2026-09-23,Juiz de Fora,0.87931955,557777,1,0,0,10,,,,,103009,20.96,25.71,32.03,35.8,72.43,10.0,19.29,0.4545403,17.0,18.64,0.688906,22.0,19.5,0.9799648,30.0,17.71,1.5384451,16.0,19.5975,2.772588722239781,0.3746934494414105,-0.11778303565638337,-0.36290549368936853,-0.6613984822453651,52,24.7,21.4,24.0,22.29,3.0,168.9,41.6,63.1,70.14,87.29,73.14,75.71,34.0,40.0,26.0,37.0
2026-01-04,202601,34.0,34,34,34,0.99740374,6.095626,0,2,313670220260120719,2026-09-23,Juiz de Fora,2.2830994,557777,1,1,1,29,,,,,103009,18.54,21.7,25.53,45.5,81.57,15.0,20.96,0.87931955,10.0,19.29,0.4545403,17.0,18.64,0.688906,22.0,19.5,0.9799648,19.0,19.3575,3.5553480614894135,0.7827593392496324,1.1574527886910428,0.664976303593249,0.41985384556026384,1,25.71,24.7,21.4,24.0,35.8,3.0,168.9,41.6,72.43,70.14,87.29,73.14,40.0,26.0,37.0,45.0
2026-01-11,202602,40.0,40,40,40,0.99604464,7.1713247,0,3,313670220260220719,2026-09-23,Juiz de Fora,2.0191944,557777,1,1,1,35,,,,,103009,18.67,23.39,28.9,32.4,74.71,34.0,18.54,2.2830994,15.0,20.96,0.87931955,10.0,19.29,0.4545403,17.0,18.64,0.688906,24.75,19.365000000000002,3.713572066704308,0.15822400521489444,0.9409833444645268,1.3156767939059373,0.8232003088081434,2,21.7,25.71,24.7,21.4,45.5,35.8,3.0,168.9,81.57,72.43,70.14,87.29,26.0,37.0,45.0,23.0
2026-01-18,202603,26.0,26,26,26,0.3468877,4.661361,0,3,313670220260320719,2026-09-23,Juiz de Fora,0.8998273,557777,1,0,1,22,,,,,103009,17.63,19.6,22.09,199.8,90.43,40.0,18.67,2.0191944,34.0,18.54,2.2830994,15.0,20.96,0.87931955,10.0,19.29,0.4545403,28.75,18.95,3.295836866004329,-0.4177352006999788,-0.2595111954850844,0.523248143764548,0.8979415932059585,3,23.39,21.7,25.71,24.7,32.4,45.5,35.8,3.0,74.71,81.57,72.43,70.14,37.0,45.0,23.0,28.0
2026-01-25,202604,37.0,37,37,37,0.6701452,6.6334753,0,2,313670220260420719,2026-09-23,Juiz de Fora,1.110108,557777,1,0,1,31,,,,,103009,18.91,22.59,27.86,110.6,80.57,26.0,17.63,0.8998273,40.0,18.67,2.0191944,34.0,18.54,2.2830994,15.0,20.96,0.87931955,34.25,18.4375,3.6375861597263857,0.34174929372205654,-0.07598590697792229,0.08223809823697215,0.8649974374866045,4,19.6,23.39,21.7,25.71,199.8,32.4,45.5,35.8,90.43,74.71,81.57,72.43,45.0,23.0,28.0,13.0
2026-02-01,202605,45.0,45,45,45,0.90778667,8.06774,0,2,313670220260520719,2026-09-23,Juiz de Fora,1.3498365,557777,1,0,1,33,,,,,103009,20.46,23.86,29.46,180.7,82.43,37.0,18.91,1.110108,26.0,17.63,0.8998273,40.0,18.67,2.0191944,34.0,18.54,2.2830994,37.0,18.9175,3.828641396489095,0.1910552367627094,0.532804530484766,0.11506932978478712,0.27329333499968156,5,22.59,19.6,23.39,21.7,110.6,199.8,32.4,45.5,80.57,90.43,74.71,81.57,23.0,28.0,13.0,18.0
2026-02-08,202606,23.0,23,23,23,0.04926982,4.123512,0,2,313670220260620719,2026-09-23,Juiz de Fora,0.64798003,557777,1,0,1,18,,,,,103009,19.5,23.21,27.87,71.8,81.43,45.0,20.46,1.3498365,37.0,18.91,1.110108,26.0,17.63,0.8998273,40.0,18.67,2.0191944,32.75,19.125,3.1780538303479458,-0.6505875661411493,-0.4595323293784399,-0.11778303565638337,-0.5355182363563622,6,23.86,22.59,19.6,23.39,180.7,110.6,199.8,32.4,82.43,80.57,90.43,74.71,28.0,13.0,18.0,33.0
2026-02-15,202607,28.0,28,28,28,0.16937712,5.0199275,0,2,313670220260720719,2026-09-23,Juiz de Fora,0.78722435,557777,1,0,1,20,,,,,103009,19.79,24.06,30.07,77.3,76.86,23.0,19.5,0.64798003,45.0,20.46,1.3498365,37.0,18.91,1.110108,26.0,17.63,0.8998273,33.25,19.665,3.367295829986474,0.1892419996385284,-0.46134556650262093,-0.2702903297399115,0.07145896398214502,7,23.21,23.86,22.59,19.6,71.8,180.7,110.6,199.8,81.43,82.43,80.57,90.43,13.0,18.0,33.0,47.0
2026-02-22,202608,13.0,13,13,13,0.0044994936,2.3306806,0,2,313670220260820719,2026-09-23,Juiz de Fora,0.43830493,557777,1,0,0,9,,,,,103009,19.99,22.83,27.57,116.1,84.43,28.0,19.79,0.78722435,23.0,19.5,0.64798003,45.0,20.46,1.3498365,37.0,18.91,1.110108,27.25,19.935000000000002,2.6390573296152584,-0.7282385003712157,-0.5389965007326873,-1.1895840668738367,-0.9985288301111273,8,24.06,23.21,23.86,22.59,77.3,71.8,180.7,110.6,76.86,81.43,82.43,80.57,18.0,33.0,47.0,25.0
2026-03-01,202609,18.0,18,18,18,0.1958816,3.227096,0,2,313670220260920719,2026-09-23,Juiz de Fora,0.7675815,557777,1,0,1,11,,,,,103009,18.04,22.44,27.47,19.8,77.43,13.0,19.99,0.43830493,28.0,19.79,0.78722435,23.0,19.5,0.64798003,45.0,20.46,1.3498365,20.5,19.33,2.9444389791664403,0.30538164955118186,-0.4228568508200339,-0.2336148511815055,-0.8842024173226548,9,22.83,24.06,23.21,23.86,116.1,77.3,71.8,180.7,84.43,76.86,81.43,82.43,33.0,47.0,25.0,13.0
2026-03-08,202610,33.0,33,33,33,0.9700725,5.9163427,0,2,313670220261020719,2026-09-23,Juiz de Fora,1.6884269,557777,1,1,1,21,,,,,103009,19.41,22.17,26.91,98.8,85.86,18.0,18.04,0.7675815,13.0,19.99,0.43830493,28.0,19.79,0.78722435,23.0,19.5,0.64798003,23.0,19.307499999999997,3.5263605246161616,0.5819215454497213,0.8873031950009032,0.15906469462968742,0.3483066942682158,10,22.44,22.83,24.06,23.21,19.8,116.1,77.3,71.8,77.43,84.43,76.86,81.43,47.0,25.0,13.0,24.0
2026-03-15,202611,47.0,47,47,47,0.99862367,8.426307,0,3,313670220261120719,2026-09-23,Juiz de Fora,2.091776,557777,1,1,1,44,,,,,103009,18.6,22.71,27.34,22.9,79.43,33.0,19.41,1.6884269,18.0,18.04,0.7675815,13.0,19.99,0.43830493,28.0,19.79,0.78722435,27.75,19.01,3.871201010907891,0.3448404862917296,0.9267620317414509,1.2321436812926327,0.503905180921417,11,22.17,22.44,22.83,24.06,98.8,19.8,116.1,77.3,85.86,77.43,84.43,76.86,25.0,13.0,24.0,19.0
2026-03-22,202612,25.0,25,25,25,0.20674066,4.482078,0,3,313670220261220719,2026-09-23,Juiz de Fora,0.8045807,557777,1,0,1,17,,,,,103009,18.6,22.41,27.44,8.8,78.43,47.0,18.6,2.091776,33.0,19.41,1.6884269,18.0,18.04,0.7675815,13.0,19.99,0.43830493,30.75,18.6625,3.258096538021482,-0.613104472886409,-0.2682639865946794,0.3136575588550419,0.6190392084062237,12,22.71,22.17,22.44,22.83,22.9,98.8,19.8,116.1,79.43,85.86,77.43,84.43,13.0,24.0,19.0,18.0
2026-03-29,202613,13.0,13,13,13,0.0006635119,2.3306806,0,2,313670220261320719,2026-09-23,Juiz de Fora,0.3765965,557777,1,0,0,10,,,,,103009,18.17,21.77,26.46,63.2,82.14,25.0,18.6,0.8045807,47.0,18.6,2.091776,33.0,19.41,1.6884269,18.0,18.04,0.7675815,29.5,18.695,2.6390573296152584,-0.6190392084062237,-1.2321436812926327,-0.8873031950009032,-0.30538164955118186,13,22.41,22.71,22.17,22.44,8.8,22.9,98.8,19.8,78.43,79.43,85.86,77.43,24.0,19.0,18.0,17.0
2026-04-05,202614,24.0,24,24,24,0.30420905,4.302795,0,2,313670220261420719,2026-09-23,Juiz de Fora,0.8679664,557777,1,0,1,19,,,,,103009,17.97,21.93,26.84,31.6,82.14,13.0,18.17,0.3765965,25.0,18.6,0.8045807,47.0,18.6,2.091776,33.0,19.41,1.6884269,27.25,18.335,3.2188758248682006,0.5798184952529422,-0.03922071315328157,-0.6523251860396906,-0.307484699747961,14,21.77,22.41,22.71,22.17,63.2,8.8,22.9,98.8,82.14,78.43,79.43,85.86,19.0,18.0,17.0,13.0
2026-04-12,202615,19.0,19,19,19,0.3892342,3.4063792,0,1,313670220261520719,2026-09-23,Juiz de Fora,0.9154465,557777,0,0,1,15,,,,,103009,16.06,20.24,26.04,1.1,78.0,24.0,17.97,0.8679664,13.0,18.17,0.3765965,25.0,18.6,0.8045807,47.0,18.6,2.091776,20.25,17.7,2.995732273553991,-0.2231435513142097,0.35667494393873245,-0.2623642644674913,-0.8754687373539003,15,21.93,21.77,22.41,22.71,31.6,63.2,8.8,22.9,82.14,82.14,78.43,79.43,18.0,17.0,13.0,21.0
2026-04-19,202616,18.0,18,18,18,0.38040015,3.227096,0,1,313670220261620719,2026-09-23,Juiz de Fora,0.9067083,557777,0,0,1,10,,,,,103009,15.93,20.23,25.96,1.1,77.86,19.0,16.06,0.9154465,24.0,17.97,0.8679664,13.0,18.17,0.3765965,25.0,18.6,0.8045807,18.5,17.0325,2.9444389791664403,-0.05129329438755059,-0.2744368457017603,0.30538164955118186,-0.3136575588550419,16,20.24,21.93,21.77,22.41,1.1,31.6,63.2,8.8,78.0,82.14,82.14,78.43,17.0,13.0,21.0,6.0
2026-04-26,202617,17.0,17,17,17,0.33891416,3.047813,0,1,313670220261720719,2026-09-23,Juiz de Fora,0.87271065,557777,1,0,1,15,,,,,103009,16.24,21.91,27.99,7.3,77.43,18.0,15.93,0.9067083,19.0,16.06,0.9154465,24.0,17.97,0.8679664,13.0,18.17,0.3765965,19.5,16.55,2.8903717578961645,-0.054067221270275745,-0.10536051565782634,-0.32850406697203605,0.2513144282809061,17,20.23,20.24,21.93,21.77,1.1,1.1,31.6,63.2,77.86,78.0,82.14,82.14,13.0,21.0,6.0,5.0
2026-05-03,202618,13.0,13,13,13,0.18299167,2.3306806,0,1,313670220261820719,2026-09-23,Juiz de Fora,0.72420967,557777,1,0,0,10,,,,,103009,16.5,20.34,25.27,2.2,80.43,17.0,16.24,0.87271065,18.0,15.93,0.9067083,19.0,16.06,0.9154465,24.0,17.97,0.8679664,16.75,16.1825,2.6390573296152584,-0.2513144282809061,-0.30538164955118186,-0.35667494393873245,-0.5798184952529422,18,21.91,20.23,20.24,21.93,7.3,1.1,1.1,31.6,77.43,77.86,78.0,82.14,21.0,6.0,5.0,7.0
2026-05-10,202619,21.0,21,21,21,0.76885253,3.7649455,0,1,313670220261920719,2026-09-23,Juiz de Fora,1.2688138,557777,0,0,1,19,,,,,103009,15.96,19.19,23.87,8.2,84.29,13.0,16.5,0.72420967,17.0,16.24,0.87271065,18.0,15.93,0.9067083,19.0,16.06,0.9154465,17.25,16.1575,3.091042453358316,0.45198512374305766,0.20067069546215155,0.1466034741918758,0.09531017980432521,19,20.34,21.91,20.23,20.24,2.2,7.3,1.1,1.1,80.43,77.43,77.86,78.0,6.0,5.0,7.0,4.0
2026-05-17,202620,6.0,6,6,6,0.014778132,1.0756987,0,1,313670220262020719,2026-09-23,Juiz de Fora,0.38060543,557777,1,0,0,3,,,,,103009,16.79,19.03,22.19,22.6,88.14,21.0,15.96,1.2688138,13.0,16.5,0.72420967,17.0,16.24,0.87271065,18.0,15.93,0.9067083,14.25,16.3725,1.9459101490553132,-1.1451323043030028,-0.6931471805599452,-0.9444616088408513,-0.998528830111127,20,19.19,20.34,21.91,20.23,8.2,2.2,7.3,1.1,84.29,80.43,77.43,77.86,5.0,7.0,4.0,2.0
2026-05-24,202621,5.0,5,5,5,0.013758767,0.8964156,0,1,313670220262120719,2026-09-23,Juiz de Fora,0.35099086,557777,0,0,0,4,,,,,103009,15.39,18.9,23.14,0.1,81.86,6.0,16.79,0.38060543,21.0,15.96,1.2688138,13.0,16.5,0.72420967,17.0,16.24,0.87271065,11.25,16.16,1.791759469228055,-0.15415067982725827,-1.299282984130261,-0.8472978603872034,-1.0986122886681096,21,19.03,19.19,20.34,21.91,22.6,8.2,2.2,7.3,88.14,84.29,80.43,77.43,7.0,4.0,2.0,2.0
2026-05-31,202622,7.0,7,7,7,0.23824441,1.2549819,0,1,313670220262220719,2026-09-23,Juiz de Fora,0.7112021,557777,0,0,0,2,,,,,103009,14.36,17.09,21.19,16.3,82.0,5.0,15.39,0.35099086,6.0,16.79,0.38060543,21.0,15.96,1.2688138,13.0,16.5,0.72420967,9.75,15.625,2.0794415416798357,0.2876820724517808,0.13353139262452252,-1.0116009116784803,-0.5596157879354227,22,18.9,19.03,19.19,20.34,0.1,22.6,8.2,2.2,81.86,88.14,84.29,80.43,4.0,2.0,2.0,2.0
2026-06-07,202623,4.0,4,4,4,0.20560113,0.71713245,0,1,313670220262320719,2026-09-23,Juiz de Fora,0.61068505,557777,0,0,0,4,,,,,103009,11.66,16.51,22.64,8.8,81.57,7.0,14.36,0.7112021,5.0,15.39,0.35099086,6.0,16.79,0.38060543,21.0,15.96,1.2688138,5.5,14.549999999999999,1.6094379124341003,-0.47000362924573547,-0.18232155679395468,-0.33647223662121295,-1.4816045409242158,23,17.09,18.9,19.03,19.19,16.3,0.1,22.6,8.2,82.0,81.86,88.14,84.29,2.0,2.0,2.0,3.0
2026-06-14,202624,2.0,2,2,2,0.082998976,0.35856622,0,1,313670220262420719,2026-09-23,Juiz de Fora,0.36382857,557777,0,0,0,2,,,,,103009,12.77,17.07,22.66,1.9,80.71,4.0,11.66,0.61068505,7.0,14.36,0.7112021,5.0,15.39,0.35099086,6.0,16.79,0.38060543,4.5,13.544999999999998,1.0986122886681098,-0.5108256237659905,-0.980829253011726,-0.6931471805599452,-0.8472978603872034,24,16.51,17.09,18.9,19.03,8.8,16.3,0.1,22.6,81.57,82.0,81.86,88.14,2.0,2.0,3.0,3.0
2026-06-21,202625,2.0,2,2,2,0.17039382,0.35856622,0,1,313670220262520719,2026-09-23,Juiz de Fora,0.4783701,557777,0,0,0,1,,,,,103009,14.63,18.21,23.01,12.3,83.43,2.0,12.77,0.36382857,4.0,11.66,0.61068505,7.0,14.36,0.7112021,5.0,15.39,0.35099086,3.75,13.354999999999999,1.0986122886681098,0.0,-0.5108256237659905,-0.980829253011726,-0.6931471805599452,25,17.07,16.51,17.09,18.9,1.9,8.8,16.3,0.1,80.71,81.57,82.0,81.86,2.0,3.0,3.0,1.0
2026-06-28,202626,2.0,2,2,2,0.3515794,0.35856622,0,1,313670220262620719,2026-09-23,Juiz de Fora,0.7249999,557777,0,0,0,2,,,,,103009,12.73,18.14,25.03,0.5,80.29,2.0,14.63,0.4783701,2.0,12.77,0.36382857,4.0,11.66,0.61068505,7.0,14.36,0.7112021,2.5,12.947500000000002,1.0986122886681098,0.0,0.0,-0.5108256237659905,-0.980829253011726,26,18.21,17.07,16.51,17.09,12.3,1.9,8.8,16.3,83.43,80.71,81.57,82.0,3.0,3.0,1.0,4.0
2026-07-05,202627,3.0,3,3,3,0.65333056,0.53784937,0,1,313670220262720719,2026-09-23,Juiz de Fora,1.3790534,557777,0,0,0,3,,,,,103009,12.3,16.93,23.41,0.8,80.29,2.0,12.73,0.7249999,2.0,14.63,0.4783701,2.0,12.77,0.36382857,4.0,11.66,0.61068505,2.25,13.1075,1.3862943611198906,0.2876820724517808,0.2876820724517808,0.2876820724517808,-0.2231435513142097,27,18.14,18.21,17.07,16.51,0.5,12.3,1.9,8.8,80.29,83.43,80.71,81.57,3.0,1.0,4.0,0.0
2026-07-12,202628,3.0,3,3,3,0.6299416,0.53784937,0,1,313670220262820719,2026-09-23,Juiz de Fora,1.3064127,557777,0,0,0,0,,,,,103009,10.66,15.63,21.69,0.3,71.71,3.0,12.3,1.3790534,2.0,12.73,0.7249999,2.0,14.63,0.4783701,2.0,12.77,0.36382857,2.5,12.58,1.3862943611198906,0.0,0.2876820724517808,0.2876820724517808,0.2876820724517808,28,16.93,18.14,18.21,17.07,0.8,0.5,12.3,1.9,80.29,80.29,83.43,80.71,1.0,4.0,0.0,2.0
2026-07-19,202629,1.0,1,1,1,0.16746566,0.17928311,0,1,313670220262920719,2026-09-23,Juiz de Fora,0.38788813,557777,0,0,0,1,,,,,103009,14.24,18.7,24.9,16.1,74.86,3.0,10.66,1.3064127,3.0,12.3,1.3790534,2.0,12.73,0.7249999,2.0,14.63,0.4783701,2.25,12.482500000000002,0.6931471805599453,-0.6931471805599453,-0.6931471805599453,-0.4054651081081645,-0.4054651081081645,29,15.63,16.93,18.14,18.21,0.3,0.8,0.5,12.3,71.71,80.29,80.29,83.43,4.0,0.0,2.0,2.0
2026-07-26,202630,4.0,4,4,4,0.736457,0.71713245,0,1,313670220263020719,2026-09-23,Juiz de Fora,1.6014138,557777,0,0,0,3,,,,,103009,13.33,18.3,24.96,0.3,75.57,1.0,14.24,0.38788813,3.0,10.66,1.3064127,3.0,12.3,1.3790534,2.0,12.73,0.7249999,2.75,12.6325,1.6094379124341003,0.916290731874155,0.2231435513142097,0.2231435513142097,0.5108256237659905,30,18.7,15.63,16.93,18.14,16.1,0.3,0.8,0.5,74.86,71.71,80.29,80.29,0.0,2.0,2.0,0.0
2026-08-02,202631,0.0,0,0,0,0.0,0.0,0,1,313670220263120719,2026-09-23,Juiz de Fora,0.0,557777,0,0,0,0,,,,,103009,13.64,19.39,26.59,0.6,71.43,4.0,13.33,1.6014138,1.0,14.24,0.38788813,3.0,10.66,1.3064127,3.0,12.3,1.3790534,2.0,12.967500000000001,0.0,-1.6094379124341003,-0.6931471805599453,-1.3862943611198906,-1.3862943611198906,31,18.3,18.7,15.63,16.93,0.3,16.1,0.3,0.8,75.57,74.86,71.71,80.29,2.0,2.0,0.0,0.0
2026-08-09,202632,2.0,2,2,2,0.47362757,0.35856622,0,1,313670220263220719,2026-09-23,Juiz de Fora,0.94283545,557777,0,0,0,2,,,,,103009,15.77,19.76,24.9,3.2,80.14,0.0,13.64,0.0,4.0,13.33,1.6014138,1.0,14.24,0.38788813,3.0,10.66,1.3064127,1.75,14.245,1.0986122886681098,1.0986122886681098,-0.5108256237659905,0.4054651081081645,-0.2876820724517808,32,19.39,18.3,18.7,15.63,0.6,0.3,16.1,0.3,71.43,75.57,74.86,71.71,2.0,0.0,0.0,0.0
2026-08-16,202633,2.0,2,2,2,0.58701825,0.35856622,0,1,313670220263320719,2026-09-23,Juiz de Fora,1.2288808,557777,0,0,0,2,,,,,103009,14.0,19.19,25.84,6.5,74.43,2.0,15.77,0.94283545,0.0,13.64,0.0,4.0,13.33,1.6014138,1.0,14.24,0.38788813,2.0,14.184999999999999,1.0986122886681098,0.0,1.0986122886681098,-0.5108256237659905,0.4054651081081645,33,19.76,19.39,18.3,18.7,3.2,0.6,0.3,16.1,80.14,71.43,75.57,74.86,0.0,0.0,0.0,0.0
2026-08-23,202634,0.0,0,0,0,0.0,0.0,0,1,313670220263420719,2026-09-23,Juiz de Fora,0.0,557777,0,0,0,0,,,,,103009,16.27,19.07,23.3,46.4,85.86,2.0,14.0,1.2288808,2.0,15.77,0.94283545,0.0,13.64,0.0,4.0,13.33,1.6014138,1.0,14.92,0.0,-1.0986122886681098,-1.0986122886681098,0.0,-1.6094379124341003,34,19.19,19.76,19.39,18.3,6.5,3.2,0.6,0.3,74.43,80.14,71.43,75.57,0.0,0.0,0.0,
2026-08-30,202635,0.0,0,0,0,0.0,0.0,0,1,313670220263520719,2026-09-23,Juiz de Fora,0.0,557777,0,0,0,0,,,,,103009,16.8,21.11,26.91,28.3,76.43,0.0,16.27,0.0,2.0,14.0,1.2288808,2.0,15.77,0.94283545,0.0,13.64,0.0,1.0,15.71,0.0,0.0,-1.0986122886681098,-1.0986122886681098,0.0,35,19.07,19.19,19.76,19.39,46.4,6.5,3.2,0.6,85.86,74.43,80.14,71.43,0.0,0.0,,
2026-09-06,202636,0.0,0,0,0,0.0,0.0,0,1,313670220263620719,2026-09-23,Juiz de Fora,0.0,557777,0,0,0,0,,,,,103009,15.9,18.73,22.2,63.0,86.86,0.0,16.8,0.0,0.0,16.27,0.0,2.0,14.0,1.2288808,2.0,15.77,0.94283545,0.5,15.742500000000001,0.0,0.0,0.0,-1.0986122886681098,-1.0986122886681098,36,21.11,19.07,19.19,19.76,28.3,46.4,6.5,3.2,76.43,85.86,74.43,80.14,0.0,,,
2026-09-13,202637,0.0,0,0,0,0.0,0.0,0,1,313670220263720719,2026-09-23,Juiz de Fora,0.0,557777,0,0,0,0,,,,,103009,15.8,17.63,20.3,78.5,88.14,0.0,15.9,0.0,0.0,16.8,0.0,0.0,16.27,0.0,2.0,14.0,1.2288808,0.0,16.192500000000003,0.0,0.0,0.0,0.0,-1.0986122886681098,37,18.73,21.11,19.07,19.19,63.0,28.3,46.4,6.5,86.86,76.43,85.86,74.43,,,,
