data_iniSE,SE,casos_est,casos_est_min,casos_est_max,casos,p_rt1,p_inc100k,Localidade_id,nivel,id,versao_modelo,municipio_nome,rt,pop,receptivo,transmissao,nivel_inc,casprov,casprov_est,casprov_est_min,casprov_est_max,casconf,notif_accum_year,tmin,tmed,tmax,precipitacao,umidade,casos_est_lag_1,tmin_lag_1,rt_lag_1,casos_est_lag_2,tmin_lag_2,rt_lag_2,casos_est_lag_3,tmin_lag_3,rt_lag_3,casos_est_lag_4,tmin_lag_4,rt_lag_4,casos_est_roll_4,tmin_roll_4,log_casos,var_log_1,var_log_2,var_log_3,var_log_4,semana_ano,tmed_s1,tmed_s2,tmed_s3,tmed_s4,precipitacao_s1,precipitacao_s2,precipitacao_s3,precipitacao_s4,umidade_s1,umidade_s2,umidade_s3,umidade_s4,target_h1,target_h2,target_h3,target_h4
2010-01-03,201001,162.0,162,162,162,0.0,52.890015,0,1,172100020100119589,2023-08-20,Palmas,0.0,306296,1,,1,87,,,,,144514,22.7,26.69,31.53,67.0,82.0,,,,,,,,,,,,,,,5.093750200806762,,,,,53,,,,,,,,,,,,,136.0,156.0,163.0,198.0
2010-01-10,201002,136.0,136,136,136,0.0,44.401493,0,1,172100020100219589,2023-08-20,Palmas,0.0,306296,1,,1,90,,,,,144514,22.97,27.17,32.19,52.4,81.57,162.0,22.7,0.0,,,,,,,,,,,,4.919980925828125,-0.17376927497863726,,,,1,26.69,,,,67.0,,,,82.0,,,,156.0,163.0,198.0,174.0
2010-01-17,201003,156.0,156,156,156,0.0,50.931126,0,2,172100020100319589,2023-08-20,Palmas,0.0,306296,1,,1,107,,,,,144514,23.41,27.63,32.53,44.1,78.29,136.0,22.97,0.0,162.0,22.7,0.0,,,,,,,,,5.056245805348308,0.13626487952018262,-0.03750439545845463,,,2,27.17,26.69,,,52.4,67.0,,,81.57,82.0,,,163.0,198.0,174.0,159.0
2010-01-24,201004,163.0,163,163,163,0.0,53.216496,0,2,172100020100419589,2023-08-20,Palmas,0.0,306296,1,,1,92,,,,,144514,23.39,26.59,31.16,92.4,85.57,156.0,23.41,0.0,136.0,22.97,0.0,162.0,22.7,0.0,,,,154.25,23.1175,5.099866427824199,0.04362062247589105,0.17988550199607367,0.006116227017436415,,3,27.63,27.17,26.69,,44.1,52.4,67.0,,78.29,81.57,82.0,,198.0,174.0,159.0,187.0
2010-01-31,201005,198.0,198,198,198,0.0,64.64335,0,2,172100020100519589,2023-08-20,Palmas,0.0,306296,1,,1,121,,,,,144514,24.43,28.6,33.66,10.3,74.86,163.0,23.39,0.0,156.0,23.41,0.0,136.0,22.97,0.0,162.0,22.7,0.0,163.25,23.549999999999997,5.293304824724492,0.19343839690029352,0.23705901937618457,0.3733238988963672,0.19955462391772993,4,26.59,27.63,27.17,26.69,92.4,44.1,52.4,67.0,85.57,78.29,81.57,82.0,174.0,159.0,187.0,207.0
2010-02-07,201006,174.0,174,174,174,0.6244467,56.807793,0,2,172100020100619589,2023-08-20,Palmas,1.0348495,306296,1,0.0,1,109,,,,,144514,23.59,27.14,31.71,49.8,80.0,198.0,24.43,0.0,163.0,23.39,0.0,156.0,23.41,0.0,136.0,22.97,0.0,172.75,23.705,5.1647859739235145,-0.1285188508009778,0.06491954609931572,0.10854016857520676,0.2448050480953894,5,28.6,26.59,27.63,27.17,10.3,92.4,44.1,52.4,74.86,85.57,78.29,81.57,159.0,187.0,207.0,194.0
2010-02-14,201007,159.0,159,159,159,0.14792593,51.910572,0,2,172100020100719589,2023-08-20,Palmas,0.8924248,306296,1,0.0,1,110,,,,,144514,24.17,27.59,32.37,60.3,81.57,174.0,23.59,1.0348495,198.0,24.43,0.0,163.0,23.39,0.0,156.0,23.41,0.0,173.5,23.895,5.075173815233827,-0.08961215868968786,-0.21813100949066566,-0.024692612590372143,0.018928009885518904,6,27.14,28.6,26.59,27.63,49.8,10.3,92.4,44.1,80.0,74.86,85.57,78.29,187.0,207.0,194.0,199.0
2010-02-21,201008,187.0,187,187,187,0.7289931,61.052055,0,2,172100020100819589,2023-08-20,Palmas,1.0660971,306296,1,0.0,1,124,,,,,144514,24.13,27.34,32.16,93.9,82.43,159.0,24.17,0.8924248,174.0,23.59,1.0348495,198.0,24.43,0.0,163.0,23.39,0.0,179.5,24.08,5.236441962829949,0.16126814759612262,0.07165598890643476,-0.05686286189454304,0.13657553500575048,7,27.59,27.14,28.6,26.59,60.3,49.8,10.3,92.4,81.57,80.0,74.86,85.57,207.0,194.0,199.0,189.0
2010-02-28,201009,207.0,207,207,207,0.9578378,67.58169,0,2,172100020100919589,2023-08-20,Palmas,1.1938194,306296,1,1.0,1,128,,,,,144514,24.14,27.03,31.79,95.6,86.0,187.0,24.13,1.0660971,159.0,24.17,0.8924248,174.0,23.59,1.0348495,198.0,24.43,0.0,181.75,24.0075,5.337538079701318,0.10109611687136866,0.2623642644674913,0.17275210577780342,0.04423325497682562,8,27.34,27.59,27.14,28.6,93.9,60.3,49.8,10.3,82.43,81.57,80.0,74.86,194.0,199.0,189.0,169.0
2010-03-07,201010,194.0,194,194,194,0.6979472,63.337425,0,2,172100020101019589,2023-08-20,Palmas,1.0547392,306296,1,0.0,1,123,,,,,144514,24.16,27.34,32.21,77.8,85.0,207.0,24.14,1.1938194,187.0,24.13,1.0660971,159.0,24.17,0.8924248,174.0,23.59,1.0348495,186.75,24.150000000000002,5.272999558563747,-0.06453852113757108,0.03655759573379758,0.1978257433299202,0.10821358464023234,9,27.03,27.34,27.59,27.14,95.6,93.9,60.3,49.8,86.0,82.43,81.57,80.0,199.0,189.0,169.0,204.0
2010-03-14,201011,199.0,199,199,199,0.58194643,64.96983,0,2,172100020101119589,2023-08-20,Palmas,1.021044,306296,1,0.0,1,126,,,,,144514,23.73,27.71,32.67,31.3,79.71,194.0,24.16,1.0547392,207.0,24.14,1.1938194,187.0,24.13,1.0660971,159.0,24.17,0.8924248,196.75,24.04,5.298317366548036,0.02531780798428951,-0.03922071315328157,0.061875403718087085,0.2231435513142097,10,27.34,27.03,27.34,27.59,77.8,95.6,93.9,60.3,85.0,86.0,82.43,81.57,189.0,169.0,204.0,187.0
2010-03-21,201012,189.0,189,189,189,0.3480168,61.705017,0,2,172100020101219589,2023-08-20,Palmas,0.96103114,306296,1,0.0,1,137,,,,,144514,23.59,27.03,31.53,74.2,83.43,199.0,23.73,1.021044,194.0,24.16,1.0547392,207.0,24.14,1.1938194,187.0,24.13,1.0660971,197.25,23.905,5.247024072160486,-0.05129329438755015,-0.02597548640326064,-0.09051400754083172,0.010582109330536937,11,27.71,27.34,27.03,27.34,31.3,77.8,95.6,93.9,79.71,85.0,86.0,82.43,169.0,204.0,187.0,195.0
2010-03-28,201013,169.0,169,169,169,0.10128086,55.175385,0,2,172100020101319589,2023-08-20,Palmas,0.8746724,306296,1,0.0,1,108,,,,,144514,23.54,26.57,30.69,102.4,86.14,189.0,23.59,0.96103114,199.0,23.73,1.021044,194.0,24.16,1.0547392,207.0,24.14,1.1938194,187.75,23.755,5.135798437050262,-0.1112256351102241,-0.16251892949777424,-0.13720112151348474,-0.20173964265105582,12,27.03,27.71,27.34,27.03,74.2,31.3,77.8,95.6,83.43,79.71,85.0,86.0,204.0,187.0,195.0,235.0
2010-04-04,201014,204.0,204,204,204,0.80707806,66.60224,0,2,172100020101419589,2023-08-20,Palmas,1.0916307,306296,1,0.0,1,123,,,,,144514,23.46,26.94,31.93,100.5,86.14,169.0,23.54,0.8746724,189.0,23.59,0.96103114,199.0,23.73,1.021044,194.0,24.16,1.0547392,190.25,23.58,5.3230099791384085,0.1872115420881464,0.07598590697792229,0.024692612590372143,0.05001042057466165,13,26.57,27.03,27.71,27.34,102.4,74.2,31.3,77.8,86.14,83.43,79.71,85.0,187.0,195.0,235.0,234.0
2010-04-11,201015,187.0,187,187,187,0.5569331,61.052055,0,1,172100020101519589,2023-08-20,Palmas,1.0149584,306296,0,0.0,1,119,,,,,144514,23.79,28.0,32.99,4.0,75.0,204.0,23.46,1.0916307,169.0,23.54,0.8746724,189.0,23.59,0.96103114,199.0,23.73,1.021044,187.25,23.595000000000002,5.236441962829949,-0.08656801630845923,0.10064352577968716,-0.010582109330536937,-0.061875403718087085,14,26.94,26.57,27.03,27.71,100.5,102.4,74.2,31.3,86.14,86.14,83.43,79.71,195.0,235.0,234.0,160.0
2010-04-18,201016,195.0,195,195,195,0.6171299,63.663906,0,1,172100020101619589,2023-08-20,Palmas,1.0308377,306296,0,0.0,1,133,,,,,144514,23.41,28.93,34.77,1.5,69.57,187.0,23.79,1.0149584,204.0,23.46,1.0916307,169.0,23.54,0.8746724,189.0,23.59,0.96103114,188.75,23.55,5.278114659230517,0.04167269640056759,-0.04489531990789164,0.14231622218025475,0.03109058707003065,15,28.0,26.94,26.57,27.03,4.0,100.5,102.4,74.2,75.0,86.14,86.14,83.43,235.0,234.0,160.0,127.0
2010-04-25,201017,235.0,235,235,235,0.97680384,76.72317,0,1,172100020101719589,2023-08-20,Palmas,1.2124313,306296,0,1.0,2,142,,,,,144514,23.19,29.0,34.97,0.0,62.43,195.0,23.41,1.0308377,187.0,23.79,1.0149584,204.0,23.46,1.0916307,169.0,23.54,0.8746724,205.25,23.4625,5.4638318050256105,0.18571714579509369,0.22738984219566127,0.14082182588720205,0.32803336797534843,16,28.93,28.0,26.94,26.57,1.5,4.0,100.5,102.4,69.57,75.0,86.14,86.14,234.0,160.0,127.0,107.0
2010-05-02,201018,234.0,234,234,234,0.92207164,76.39669,0,4,172100020101819589,2023-08-20,Palmas,1.1452174,306296,0,0.0,2,132,,,,,144514,23.5,28.71,34.34,2.1,65.43,235.0,23.19,1.2124313,195.0,23.41,1.0308377,187.0,23.79,1.0149584,204.0,23.46,1.0916307,212.75,23.4725,5.459585514144159,-0.004246290881451564,0.18147085491364212,0.2231435513142097,0.13657553500575048,17,29.0,28.93,28.0,26.94,0.0,1.5,4.0,100.5,62.43,69.57,75.0,86.14,160.0,127.0,107.0,83.0
2010-05-09,201019,160.0,160,160,160,0.0015631036,52.237053,0,1,172100020101919589,2023-08-20,Palmas,0.7365847,306296,0,0.0,1,90,,,,,144514,24.96,29.06,34.1,5.3,67.0,234.0,23.5,1.1452174,235.0,23.19,1.2124313,195.0,23.41,1.0308377,187.0,23.79,1.0149584,206.0,23.765,5.081404364984463,-0.3781811491596958,-0.38242744004114737,-0.19671029424605369,-0.1550375978454861,18,28.71,29.0,28.93,28.0,2.1,0.0,1.5,4.0,65.43,62.43,69.57,75.0,127.0,107.0,83.0,75.0
2010-05-16,201020,127.0,127,127,127,5.1018983e-06,41.46316,0,1,172100020102019589,2023-08-20,Palmas,0.61301625,306296,0,0.0,1,76,,,,,144514,25.46,29.47,34.44,0.1,65.14,160.0,24.96,0.7365847,234.0,23.5,1.1452174,235.0,23.19,1.2124313,195.0,23.41,1.0308377,189.0,24.2775,4.852030263919617,-0.22937410106484624,-0.607555250224542,-0.6118015411059936,-0.4260843953108999,19,29.06,28.71,29.0,28.93,5.3,2.1,0.0,1.5,67.0,65.43,62.43,69.57,107.0,83.0,75.0,60.0
2010-05-23,201021,107.0,107,107,107,6.2347666e-05,34.93353,0,1,172100020102119589,2023-08-20,Palmas,0.6274311,306296,0,0.0,1,70,,,,,144514,24.76,29.33,35.01,0.1,61.0,127.0,25.46,0.61301625,160.0,24.96,0.7365847,234.0,23.5,1.1452174,235.0,23.19,1.2124313,157.0,24.67,4.68213122712422,-0.16989903679539697,-0.3992731378602432,-0.777454287019939,-0.7817005779013906,20,29.47,29.06,28.71,29.0,0.1,5.3,2.1,0.0,65.14,67.0,65.43,62.43,83.0,75.0,60.0,50.0
2010-05-30,201022,83.0,83,83,83,0.0002781949,27.097971,0,1,172100020102219589,2023-08-20,Palmas,0.62193316,306296,0,0.0,1,56,,,,,144514,23.99,28.66,34.56,0.1,61.43,107.0,24.76,0.6274311,127.0,25.46,0.61301625,160.0,24.96,0.7365847,234.0,23.5,1.1452174,119.25,24.7925,4.430816798843313,-0.25131442828090655,-0.42121346507630353,-0.6505875661411498,-1.0287687153008456,21,29.33,29.47,29.06,28.71,0.1,0.1,5.3,2.1,61.0,65.14,67.0,65.43,75.0,60.0,50.0,41.0
2010-06-06,201023,75.0,75,75,75,0.0081697,24.486118,0,1,172100020102319589,2023-08-20,Palmas,0.6992528,306296,0,0.0,1,56,,,,,144514,23.23,28.63,34.84,0.0,57.86,83.0,23.99,0.62193316,107.0,24.76,0.6274311,127.0,25.46,0.61301625,160.0,24.96,0.7365847,98.0,24.36,4.330733340286331,-0.10008345855698231,-0.35139788683788886,-0.5212969236332858,-0.7506710246981321,22,28.66,29.33,29.47,29.06,0.1,0.1,0.1,5.3,61.43,61.0,65.14,67.0,60.0,50.0,41.0,47.0
2010-06-13,201024,60.0,60,60,60,0.010327389,19.588894,0,1,172100020102419589,2023-08-20,Palmas,0.6819115,306296,0,0.0,1,44,,,,,144514,21.0,26.89,33.8,0.0,55.0,75.0,23.23,0.6992528,83.0,23.99,0.62193316,107.0,24.76,0.6274311,127.0,25.46,0.61301625,81.25,23.245,4.110873864173311,-0.2198594761130197,-0.319942934670002,-0.5712573629509086,-0.7411563997463055,23,28.63,28.66,29.33,29.47,0.0,0.1,0.1,0.1,57.86,61.43,61.0,65.14,50.0,41.0,47.0,32.0
2010-06-20,201025,50.0,50,50,50,0.016370019,16.32408,0,1,172100020102519589,2023-08-20,Palmas,0.67949855,306296,0,0.0,1,35,,,,,144514,21.66,27.73,34.41,0.0,56.14,60.0,21.0,0.6819115,75.0,23.23,0.6992528,83.0,23.99,0.62193316,107.0,24.76,0.6274311,67.0,22.47,3.9318256327243257,-0.17904823144898563,-0.39890770756200533,-0.49899116611898764,-0.7503055943998942,24,26.89,28.63,28.66,29.33,0.0,0.0,0.1,0.1,55.0,57.86,61.43,61.0,41.0,47.0,32.0,44.0
2010-06-27,201026,41.0,41,41,41,0.021263734,13.385744,0,1,172100020102619589,2023-08-20,Palmas,0.66808754,306296,0,0.0,1,22,,,,,144514,22.37,27.29,33.21,0.0,54.71,50.0,21.66,0.67949855,60.0,21.0,0.6819115,75.0,23.23,0.6992528,83.0,23.99,0.62193316,56.5,22.065,3.7376696182833684,-0.19415601444095731,-0.37320424588994294,-0.5930637220029626,-0.693147180559945,25,27.73,26.89,28.63,28.66,0.0,0.0,0.0,0.1,56.14,55.0,57.86,61.43,47.0,32.0,44.0,45.0
2010-07-04,201027,47.0,47,47,47,0.3295678,15.344634,0,1,172100020102719589,2023-08-20,Palmas,0.9151909,306296,0,0.0,1,19,,,,,144514,20.93,26.8,33.63,0.0,53.86,41.0,22.37,0.66808754,50.0,21.66,0.67949855,60.0,21.0,0.6819115,75.0,23.23,0.6992528,49.5,21.490000000000002,3.871201010907891,0.13353139262452274,-0.060624621816434576,-0.2396728532654202,-0.4595323293784399,26,27.29,27.73,26.89,28.63,0.0,0.0,0.0,0.0,54.71,56.14,55.0,57.86,32.0,44.0,45.0,42.0
2010-07-11,201028,32.0,32,32,32,0.065800816,10.447411,0,1,172100020102819589,2023-08-20,Palmas,0.70892733,306296,0,0.0,0,16,,,,,144514,22.47,27.99,34.57,0.1,56.43,47.0,20.93,0.9151909,41.0,22.37,0.66808754,50.0,21.66,0.67949855,60.0,21.0,0.6819115,42.5,21.8575,3.4965075614664802,-0.3746934494414109,-0.24116205681688818,-0.4353180712578455,-0.6143663027068311,27,26.8,27.29,27.73,26.89,0.0,0.0,0.0,0.0,53.86,54.71,56.14,55.0,44.0,45.0,42.0,28.0
2010-07-18,201029,44.0,44,44,44,0.5957982,14.36519,0,1,172100020102919589,2023-08-20,Palmas,1.0535043,306296,0,0.0,1,10,,,,,144514,21.57,27.43,33.89,0.0,49.86,32.0,22.47,0.70892733,47.0,20.93,0.9151909,41.0,22.37,0.66808754,50.0,21.66,0.67949855,41.0,21.835,3.8066624897703196,0.3101549283038394,-0.06453852113757153,0.06899287148695121,-0.1251631429540061,28,27.99,26.8,27.29,27.73,0.1,0.0,0.0,0.0,56.43,53.86,54.71,56.14,45.0,42.0,28.0,40.0
2010-07-25,201030,45.0,45,45,45,0.7202574,14.69167,0,1,172100020103019589,2023-08-20,Palmas,1.134689,306296,0,0.0,1,14,,,,,144514,20.14,26.61,33.7,0.0,48.43,44.0,21.57,1.0535043,32.0,22.47,0.70892733,47.0,20.93,0.9151909,41.0,22.37,0.66808754,42.0,21.2775,3.828641396489095,0.02197890671877545,0.33213383502261484,-0.04255961441879608,0.09097177820572666,29,27.43,27.99,26.8,27.29,0.0,0.1,0.0,0.0,49.86,56.43,53.86,54.71,42.0,28.0,40.0,21.0
2010-08-01,201031,42.0,42,42,42,0.5360491,13.712226,0,1,172100020103119589,2023-08-20,Palmas,1.0199401,306296,0,0.0,1,9,,,,,144514,19.4,26.73,34.39,0.0,49.14,45.0,20.14,1.134689,44.0,21.57,1.0535043,32.0,22.47,0.70892733,47.0,20.93,0.9151909,40.75,20.895000000000003,3.7612001156935624,-0.06744128079553269,-0.04546237407675724,0.26469255422708216,-0.11000089521432876,30,26.61,27.43,27.99,26.8,0.0,0.0,0.1,0.0,48.43,49.86,56.43,53.86,28.0,40.0,21.0,19.0
2010-08-08,201032,28.0,28,28,28,0.043390922,9.141484,0,1,172100020103219589,2023-08-20,Palmas,0.6632682,306296,0,0.0,0,4,,,,,144514,19.27,26.6,34.54,0.0,45.29,42.0,19.4,1.0199401,45.0,20.14,1.134689,44.0,21.57,1.0535043,32.0,22.47,0.70892733,39.75,20.095,3.367295829986474,-0.39390428570708824,-0.46134556650262093,-0.4393666597838455,-0.1292117314800061,31,26.73,26.61,27.43,27.99,0.0,0.0,0.0,0.1,49.14,48.43,49.86,56.43,40.0,21.0,19.0,15.0
2010-08-15,201033,40.0,40,40,40,0.54038596,13.059263,0,1,172100020103319589,2023-08-20,Palmas,1.0229434,306296,0,0.0,1,8,,,,,144514,21.24,27.67,34.87,0.0,44.43,28.0,19.27,0.6632682,42.0,19.4,1.0199401,45.0,20.14,1.134689,44.0,21.57,1.0535043,38.75,20.0125,3.713572066704308,0.3462762367178338,-0.047628048989254435,-0.11506932978478712,-0.09309042306601167,32,26.6,26.73,26.61,27.43,0.0,0.0,0.0,0.0,45.29,49.14,48.43,49.86,21.0,19.0,15.0,15.0
2010-08-22,201034,21.0,21,21,21,0.030861078,6.856113,0,1,172100020103419589,2023-08-20,Palmas,0.6038866,306296,0,0.0,0,2,,,,,144514,21.23,28.31,36.16,0.0,44.43,40.0,21.24,1.0229434,28.0,19.27,0.6632682,42.0,19.4,1.0199401,45.0,20.14,1.134689,32.75,20.285,3.091042453358316,-0.6225296133459919,-0.2762533766281581,-0.6701576623352463,-0.737598943130779,33,27.67,26.6,26.73,26.61,0.0,0.0,0.0,0.0,44.43,45.29,49.14,48.43,19.0,15.0,15.0,14.0
2010-08-29,201035,19.0,19,19,19,0.039234456,6.20315,0,1,172100020103519589,2023-08-20,Palmas,0.6067753,306296,0,0.0,0,1,,,,,144514,22.9,29.09,36.01,0.0,41.0,21.0,21.23,0.6038866,40.0,21.24,1.0229434,28.0,19.27,0.6632682,42.0,19.4,1.0199401,27.0,21.16,2.995732273553991,-0.09531017980432521,-0.7178397931503171,-0.3715635564324833,-0.7654678421395715,34,28.31,27.67,26.6,26.73,0.0,0.0,0.0,0.0,44.43,44.43,45.29,49.14,15.0,15.0,14.0,21.0
2010-09-05,201036,15.0,15,15,15,0.051510755,4.8972235,0,1,172100020103619589,2023-08-20,Palmas,0.59599733,306296,0,0.0,0,2,,,,,144514,22.84,29.76,37.44,0.0,39.71,19.0,22.9,0.6067753,21.0,21.23,0.6038866,40.0,21.24,1.0229434,28.0,19.27,0.6632682,23.75,22.052500000000002,2.772588722239781,-0.2231435513142097,-0.3184537311185349,-0.9409833444645268,-0.594707107746693,35,29.09,28.31,27.67,26.6,0.0,0.0,0.0,0.0,41.0,44.43,44.43,45.29,15.0,14.0,21.0,20.0
2010-09-12,201037,15.0,15,15,15,0.22396743,4.8972235,0,1,172100020103719589,2023-08-20,Palmas,0.7735894,306296,0,0.0,0,2,,,,,144514,23.3,30.3,37.54,0.0,37.14,15.0,22.84,0.59599733,19.0,22.9,0.6067753,21.0,21.23,0.6038866,40.0,21.24,1.0229434,17.5,22.5675,2.772588722239781,0.0,-0.2231435513142097,-0.3184537311185349,-0.9409833444645268,36,29.76,29.09,28.31,27.67,0.0,0.0,0.0,0.0,39.71,41.0,44.43,44.43,14.0,21.0,20.0,26.0
2010-09-19,201038,14.0,14,14,14,0.33700567,4.570742,0,1,172100020103819589,2023-08-20,Palmas,0.85985017,306296,0,0.0,0,1,,,,,144514,24.26,30.31,37.4,0.0,35.43,15.0,23.3,0.7735894,15.0,22.84,0.59599733,19.0,22.9,0.6067753,21.0,21.23,0.6038866,15.75,23.325000000000003,2.70805020110221,-0.06453852113757108,-0.06453852113757108,-0.2876820724517808,-0.382992252256106,37,30.3,29.76,29.09,28.31,0.0,0.0,0.0,0.0,37.14,39.71,41.0,44.43,21.0,20.0,26.0,36.0
2010-09-26,201039,21.0,21,21,21,0.83311,6.856113,0,1,172100020103919589,2023-08-20,Palmas,1.376202,306296,0,0.0,0,2,,,,,144514,25.2,30.17,36.21,3.1,52.57,14.0,24.26,0.85985017,15.0,23.3,0.7735894,15.0,22.84,0.59599733,19.0,22.9,0.6067753,16.25,23.9,3.091042453358316,0.382992252256106,0.3184537311185349,0.3184537311185349,0.09531017980432521,38,30.31,30.3,29.76,29.09,0.0,0.0,0.0,0.0,35.43,37.14,39.71,41.0,20.0,26.0,36.0,25.0
2010-10-03,201040,20.0,20,20,20,0.7345372,6.5296316,0,1,172100020104019589,2023-08-20,Palmas,1.2290374,306296,0,0.0,0,2,,,,,144514,25.26,31.03,37.13,2.0,53.0,21.0,25.2,1.376202,14.0,24.26,0.85985017,15.0,23.3,0.7735894,15.0,22.84,0.59599733,17.5,24.505,3.044522437723423,-0.04652001563489305,0.33647223662121295,0.27193371548364187,0.27193371548364187,39,30.17,30.31,30.3,29.76,3.1,0.0,0.0,0.0,52.57,35.43,37.14,39.71,26.0,36.0,25.0,42.0
2010-10-10,201041,26.0,26,26,26,0.858562,8.488521,0,1,172100020104119589,2023-08-20,Palmas,1.3765737,306296,0,0.0,0,7,,,,,144514,25.13,29.79,36.0,8.4,60.43,20.0,25.26,1.2290374,21.0,25.2,1.376202,14.0,24.26,0.85985017,15.0,23.3,0.7735894,20.25,24.9625,3.295836866004329,0.2513144282809061,0.20479441264601306,0.5877866649021191,0.523248143764548,40,31.03,30.17,30.31,30.3,2.0,3.1,0.0,0.0,53.0,52.57,35.43,37.14,36.0,25.0,42.0,65.0
2010-10-17,201042,36.0,36,36,36,0.9673381,11.753337,0,1,172100020104219589,2023-08-20,Palmas,1.6275209,306296,0,0.0,0,7,,,,,144514,24.46,28.23,33.71,63.3,73.43,26.0,25.13,1.3765737,20.0,25.26,1.2290374,21.0,25.2,1.376202,14.0,24.26,0.85985017,25.75,25.012500000000003,3.6109179126442243,0.3150810466398952,0.5663954749208013,0.5198754592859083,0.9028677115420143,41,29.79,31.03,30.17,30.31,8.4,2.0,3.1,0.0,60.43,53.0,52.57,35.43,25.0,42.0,65.0,71.0
2010-10-24,201043,25.0,25,25,25,0.41813985,8.16204,0,1,172100020104319589,2023-08-20,Palmas,0.94444686,306296,1,0.0,0,5,,,,,144514,23.11,26.6,31.21,99.8,84.86,36.0,24.46,1.6275209,26.0,25.13,1.3765737,20.0,25.26,1.2290374,21.0,25.2,1.376202,26.75,24.490000000000002,3.258096538021482,-0.3528213746227422,-0.03774032798284699,0.21357410029805912,0.16705408466316607,42,28.23,29.79,31.03,30.17,63.3,8.4,2.0,3.1,73.43,60.43,53.0,52.57,42.0,65.0,71.0,70.0
2010-10-31,201044,42.0,42,42,42,0.9203027,13.712226,0,1,172100020104419589,2023-08-20,Palmas,1.3932736,306296,1,0.0,1,13,,,,,144514,23.79,27.61,32.04,30.4,78.0,25.0,23.11,0.94444686,36.0,24.46,1.6275209,26.0,25.13,1.3765737,20.0,25.26,1.2290374,32.25,24.1225,3.7612001156935624,0.5031035776720802,0.15028220304933804,0.46536324968923326,0.7166776779701394,43,26.6,28.23,29.79,31.03,99.8,63.3,8.4,2.0,84.86,73.43,60.43,53.0,65.0,71.0,70.0,78.0
2010-11-07,201045,65.0,65,65,65,0.99924725,21.221302,0,2,172100020104519589,2023-08-20,Palmas,1.9201274,306296,1,1.0,1,13,,,,,144514,24.0,27.96,32.83,22.5,76.29,42.0,23.79,1.3932736,25.0,23.11,0.94444686,36.0,24.46,1.6275209,26.0,25.13,1.3765737,42.0,23.84,4.189654742026425,0.4284546263328628,0.931558204004943,0.5787368293822008,0.8938178760220961,44,27.61,26.6,28.23,29.79,30.4,99.8,63.3,8.4,78.0,84.86,73.43,60.43,71.0,70.0,78.0,78.0
2010-11-14,201046,71.0,71,71,71,0.9936768,23.180191,0,2,172100020104619589,2023-08-20,Palmas,1.5980945,306296,1,1.0,1,18,,,,,144514,23.11,25.94,30.23,76.0,86.29,65.0,24.0,1.9201274,42.0,23.79,1.3932736,25.0,23.11,0.94444686,36.0,24.46,1.6275209,50.75,23.502499999999998,4.276666119016055,0.08701137698963013,0.5154660033224929,1.0185695809945732,0.665748206371831,45,27.96,27.61,26.6,28.23,22.5,30.4,99.8,63.3,76.29,78.0,84.86,73.43,70.0,78.0,78.0,65.0
2010-11-21,201047,70.0,70,70,70,0.8443139,22.85371,0,2,172100020104719589,2023-08-20,Palmas,1.1952299,306296,1,0.0,1,29,,,,,144514,23.19,27.29,32.31,72.0,82.14,71.0,23.11,1.5980945,65.0,24.0,1.9201274,42.0,23.79,1.3932736,25.0,23.11,0.94444686,62.0,23.5225,4.2626798770413155,-0.013986241974739855,0.07302513501489027,0.5014797613477531,1.0045833390198333,46,25.94,27.96,27.61,26.6,76.0,22.5,30.4,99.8,86.29,76.29,78.0,84.86,78.0,78.0,65.0,49.0
2010-11-28,201048,78.0,78,78,78,0.8067508,25.465563,0,1,172100020104819589,2023-08-20,Palmas,1.1540934,306296,0,0.0,1,19,,,,,144514,23.7,27.9,32.84,39.7,78.57,70.0,23.19,1.1952299,71.0,23.11,1.5980945,65.0,24.0,1.9201274,42.0,23.79,1.3932736,71.0,23.5,4.3694478524670215,0.10676797542570604,0.09278173345096619,0.17979311044059632,0.6082477367734591,47,27.29,25.94,27.96,27.61,72.0,76.0,22.5,30.4,82.14,86.29,76.29,78.0,78.0,65.0,49.0,102.0
2010-12-05,201049,78.0,78,78,78,0.6916511,25.465563,0,1,172100020104919589,2023-08-20,Palmas,1.0849934,306296,1,0.0,1,16,,,,,144514,23.69,27.0,31.26,108.6,83.86,78.0,23.7,1.1540934,70.0,23.19,1.1952299,71.0,23.11,1.5980945,65.0,24.0,1.9201274,74.25,23.4225,4.3694478524670215,0.0,0.10676797542570604,0.09278173345096619,0.17979311044059632,48,27.9,27.29,25.94,27.96,39.7,72.0,76.0,22.5,78.57,82.14,86.29,76.29,65.0,49.0,102.0,119.0
2010-12-12,201050,65.0,65,65,65,0.20826711,21.221302,0,1,172100020105019589,2023-08-20,Palmas,0.8717149,306296,1,0.0,1,15,,,,,144514,22.53,25.34,29.13,75.1,86.29,78.0,23.69,1.0849934,78.0,23.7,1.1540934,70.0,23.19,1.1952299,71.0,23.11,1.5980945,72.75,23.277500000000003,4.189654742026425,-0.17979311044059632,-0.17979311044059632,-0.07302513501489027,-0.08701137698963013,49,27.0,27.9,27.29,25.94,108.6,39.7,72.0,76.0,83.86,78.57,82.14,86.29,49.0,102.0,119.0,146.0
2010-12-19,201051,49.0,49,49,49,0.01603741,15.997597,0,2,172100020105119589,2023-08-20,Palmas,0.6761637,306296,1,0.0,1,11,,,,,144514,22.99,26.84,31.66,38.8,80.71,65.0,22.53,0.8717149,78.0,23.69,1.0849934,78.0,23.7,1.1540934,70.0,23.19,1.1952299,67.5,23.227500000000003,3.912023005428146,-0.2776317365982792,-0.45742484703887554,-0.45742484703887554,-0.3506568716131695,50,25.34,27.0,27.9,27.29,75.1,108.6,39.7,72.0,86.29,83.86,78.57,82.14,102.0,119.0,146.0,139.0
2010-12-26,201052,102.0,102,102,102,0.9968787,33.30112,0,2,172100020105219589,2023-08-20,Palmas,1.5292416,306296,1,1.0,1,20,,,,,144514,23.04,25.69,29.13,136.8,88.71,49.0,22.99,0.6761637,65.0,22.53,0.8717149,78.0,23.69,1.0849934,78.0,23.7,1.1540934,73.5,23.0625,4.634728988229636,0.7227059828014899,0.4450742462032107,0.26528113576261436,0.26528113576261436,51,26.84,25.34,27.0,27.9,38.8,75.1,108.6,39.7,80.71,86.29,83.86,78.57,119.0,146.0,139.0,150.0
2011-01-02,201101,119.0,119,119,119,0.9997788,38.851307,0,2,172100020110119589,2023-08-20,Palmas,1.6772691,306296,1,1.0,1,69,,,,,144514,22.59,26.09,30.41,67.3,84.29,102.0,23.04,1.5292416,49.0,22.99,0.6761637,65.0,22.53,0.8717149,78.0,23.69,1.0849934,83.75,22.7875,4.787491742782046,0.15276275455240995,0.8754687373538999,0.5978370007556206,0.4180438903150243,52,25.69,26.84,25.34,27.0,136.8,38.8,75.1,108.6,88.71,80.71,86.29,83.86,146.0,139.0,150.0,112.0
2011-01-09,201102,146.0,146,146,146,0.99971133,47.66631,0,3,172100020110219589,2023-08-20,Palmas,1.5683491,306296,1,1.0,1,63,,,,,144514,23.06,25.84,30.21,145.4,87.86,119.0,22.59,1.6772691,102.0,23.04,1.5292416,49.0,22.99,0.6761637,65.0,22.53,0.8717149,104.0,22.92,4.990432586778736,0.2029408439966902,0.35570359854910016,1.07840958135059,0.8007778447523108,1,26.09,25.69,26.84,25.34,67.3,136.8,38.8,75.1,84.29,88.71,80.71,86.29,139.0,150.0,112.0,169.0
2011-01-16,201103,139.0,139,139,139,0.90612286,45.38094,0,2,172100020110319589,2023-08-20,Palmas,1.1786474,306296,1,0.0,1,72,,,,,144514,22.63,26.44,31.27,50.1,82.71,146.0,23.06,1.5683491,119.0,22.59,1.6772691,102.0,23.04,1.5292416,49.0,22.99,0.6761637,126.5,22.83,4.941642422609304,-0.04879016416943216,0.15415067982725805,0.306913434379668,1.029619417181158,2,25.84,26.09,25.69,26.84,145.4,67.3,136.8,38.8,87.86,84.29,88.71,80.71,150.0,112.0,169.0,118.0
2011-01-23,201104,150.0,150,150,150,0.82125926,48.972237,0,1,172100020110419589,2023-08-20,Palmas,1.1151942,306296,0,0.0,1,70,,,,,144514,22.51,25.26,29.19,75.4,86.43,139.0,22.63,1.1786474,146.0,23.06,1.5683491,119.0,22.59,1.6772691,102.0,23.04,1.5292416,138.5,22.6975,5.017279836814924,0.07563741420562042,0.026847250036188264,0.22978809403287848,0.3825508485852884,3,26.44,25.84,26.09,25.69,50.1,145.4,67.3,136.8,82.71,87.86,84.29,88.71,112.0,169.0,118.0,116.0
2011-01-30,201105,112.0,112,112,112,0.03844631,36.565937,0,1,172100020110519589,2023-08-20,Palmas,0.79996043,306296,1,0.0,1,56,,,,,144514,22.66,26.43,31.33,96.2,84.43,150.0,22.51,1.1151942,139.0,22.63,1.1786474,146.0,23.06,1.5683491,119.0,22.59,1.6772691,136.75,22.715,4.727387818712341,-0.28989201810258347,-0.21425460389696305,-0.2630447680663952,-0.060103924069704995,4,25.26,26.44,25.84,26.09,75.4,50.1,145.4,67.3,86.43,82.71,87.86,84.29,169.0,118.0,116.0,151.0
2011-02-06,201106,169.0,169,169,169,0.96127754,55.175385,0,1,172100020110619589,2023-08-20,Palmas,1.2235359,306296,1,1.0,1,99,,,,,144514,22.71,26.06,31.23,115.9,84.86,112.0,22.66,0.79996043,150.0,22.51,1.1151942,139.0,22.63,1.1786474,146.0,23.06,1.5683491,142.5,22.627499999999998,5.135798437050262,0.40841061833792125,0.11851860023533778,0.1941560144409582,0.14536585027152604,5,26.43,25.26,26.44,25.84,96.2,75.4,50.1,145.4,84.43,86.43,82.71,87.86,118.0,116.0,151.0,192.0
2011-02-13,201107,118.0,118,118,118,0.12372684,38.524826,0,2,172100020110719589,2023-08-20,Palmas,0.86504555,306296,1,0.0,1,58,,,,,144514,22.96,25.53,29.33,138.7,88.29,169.0,22.71,1.2235359,112.0,22.66,0.79996043,150.0,22.51,1.1151942,139.0,22.63,1.1786474,137.25,22.71,4.77912349311153,-0.35667494393873245,0.0517356743991888,-0.23815634370339467,-0.16251892949777424,6,26.06,26.43,25.26,26.44,115.9,96.2,75.4,50.1,84.86,84.43,86.43,82.71,116.0,151.0,192.0,207.0
2011-02-20,201108,116.0,116,116,116,0.0825883,37.871864,0,2,172100020110819589,2023-08-20,Palmas,0.84014225,306296,1,0.0,1,63,,,,,144514,22.56,25.27,29.13,112.6,89.14,118.0,22.96,0.86504555,169.0,22.71,1.2235359,112.0,22.66,0.79996043,150.0,22.51,1.1151942,128.75,22.7225,4.762173934797756,-0.016949558313773316,-0.37362450225250576,0.034786116085415486,-0.255105902017168,7,25.53,26.06,26.43,25.26,138.7,115.9,96.2,75.4,88.29,84.86,84.43,86.43,151.0,192.0,207.0,256.0
2011-02-27,201109,151.0,151,151,151,0.8845789,49.298717,0,2,172100020110919589,2023-08-20,Palmas,1.1533755,306296,1,0.0,1,84,,,,,144514,22.5,25.24,29.17,109.2,87.71,116.0,22.56,0.84014225,118.0,22.96,0.86504555,169.0,22.71,1.2235359,112.0,22.66,0.79996043,138.5,22.6825,5.0238805208462765,0.26170658604852015,0.24475702773474683,-0.11191791620398561,0.29649270213393564,8,25.27,25.53,26.06,26.43,112.6,138.7,115.9,96.2,89.14,88.29,84.86,84.43,192.0,207.0,256.0,244.0
2011-03-06,201110,192.0,192,192,192,0.99964505,62.684464,0,2,172100020111019589,2023-08-20,Palmas,1.4614673,306296,1,1.0,1,91,,,,,144514,22.86,26.39,31.01,97.7,85.43,151.0,22.5,1.1533755,116.0,22.56,0.84014225,118.0,22.96,0.86504555,169.0,22.71,1.2235359,144.25,22.720000000000002,5.262690188904886,0.23880966805860915,0.5005162541071293,0.483566695793356,0.12689175185462354,9,25.24,25.27,25.53,26.06,109.2,112.6,138.7,115.9,87.71,89.14,88.29,84.86,207.0,256.0,244.0,265.0
2011-03-13,201111,207.0,207,207,207,0.99781597,67.58169,0,2,172100020111119589,2023-08-20,Palmas,1.3522471,306296,1,1.0,1,108,,,,,144514,22.5,26.23,30.63,47.5,85.14,192.0,22.86,1.4614673,151.0,22.5,1.1533755,116.0,22.56,0.84014225,118.0,22.96,0.86504555,166.5,22.605,5.337538079701318,0.07484789079643228,0.31365755885504143,0.5753641449035616,0.5584145865897883,10,26.39,25.24,25.27,25.53,97.7,109.2,112.6,138.7,85.43,87.71,89.14,88.29,256.0,244.0,265.0,271.0
2011-03-20,201112,256.0,256,256,256,0.9997209,83.579285,0,3,172100020111219589,2023-08-20,Palmas,1.3924181,306296,1,1.0,2,125,,,,,144514,22.89,26.5,31.33,83.4,84.71,207.0,22.5,1.3522471,192.0,22.86,1.4614673,151.0,22.5,1.1533755,116.0,22.56,0.84014225,201.5,22.6875,5.54907608489522,0.2115380051939022,0.2863858959903345,0.5251955640489436,0.7869021500974638,11,26.23,26.39,25.24,25.27,47.5,97.7,109.2,112.6,85.14,85.43,87.71,89.14,244.0,265.0,271.0,226.0
2011-03-27,201113,244.0,244,244,244,0.92781836,79.66151,0,4,172100020111319589,2023-08-20,Palmas,1.1463983,306296,1,0.0,2,112,,,,,144514,23.11,26.49,31.06,66.0,85.57,256.0,22.89,1.3924181,207.0,22.5,1.3522471,192.0,22.86,1.4614673,151.0,22.5,1.1533755,224.75,22.84,5.501258210544727,-0.04781787435049267,0.16372013084340953,0.2385680216398418,0.47737768969845096,12,26.5,26.23,26.39,25.24,83.4,47.5,97.7,109.2,84.71,85.14,85.43,87.71,265.0,271.0,226.0,256.0
2011-04-03,201114,265.0,265,265,265,0.8977226,86.51762,0,4,172100020111419589,2023-08-20,Palmas,1.1199542,306296,1,0.0,2,134,,,,,144514,22.81,26.37,30.8,50.4,85.86,244.0,23.11,1.1463983,256.0,22.89,1.3924181,207.0,22.5,1.3522471,192.0,22.86,1.4614673,243.0,22.8275,5.583496308781699,0.0822380982369717,0.03442022388647903,0.24595822908038123,0.3208061198768135,13,26.49,26.5,26.23,26.39,66.0,83.4,47.5,97.7,85.57,84.71,85.14,85.43,271.0,226.0,256.0,366.0
2011-04-10,201115,271.0,271,271,271,0.8204199,88.47651,0,4,172100020111519589,2023-08-20,Palmas,1.0836201,306296,1,0.0,2,124,,,,,144514,22.27,26.96,31.71,18.0,79.57,265.0,22.81,1.1199542,244.0,23.11,1.1463983,256.0,22.89,1.3924181,207.0,22.5,1.3522471,259.0,22.77,5.605802066295998,0.02230575751429864,0.10454385575127034,0.05672598140077767,0.26826398659467987,14,26.37,26.49,26.5,26.23,50.4,66.0,83.4,47.5,85.86,85.57,84.71,85.14,226.0,256.0,366.0,443.0
2011-04-17,201116,226.0,226,226,226,0.07699825,73.784836,0,2,172100020111619589,2023-08-20,Palmas,0.8783467,306296,1,0.0,1,117,,,,,144514,22.7,26.93,31.94,22.3,81.14,271.0,22.27,1.0836201,265.0,22.81,1.1199542,244.0,23.11,1.1463983,256.0,22.89,1.3924181,251.5,22.722499999999997,5.424950017481403,-0.18085204881459482,-0.15854629130029618,-0.07630819306332448,-0.12412606741381715,15,26.96,26.37,26.49,26.5,18.0,50.4,66.0,83.4,79.57,85.86,85.57,84.71,256.0,366.0,443.0,347.0
2011-04-24,201117,256.0,256,256,256,0.5162613,83.579285,0,2,172100020111719589,2023-08-20,Palmas,1.0036106,306296,1,0.0,2,121,,,,,144514,22.97,26.76,31.77,12.4,77.0,226.0,22.7,0.8783467,271.0,22.27,1.0836201,265.0,22.81,1.1199542,244.0,23.11,1.1463983,254.5,22.6875,5.54907608489522,0.12412606741381715,-0.05672598140077767,-0.03442022388647903,0.04781787435049267,16,26.93,26.96,26.37,26.49,22.3,18.0,50.4,66.0,81.14,79.57,85.86,85.57,366.0,443.0,347.0,407.0
2011-05-01,201118,366.0,366,366,366,0.9999975,119.492256,0,4,172100020111819589,2023-08-20,Palmas,1.4474198,306296,0,1.0,2,224,,,,,144514,23.14,27.76,32.86,21.2,75.14,256.0,22.97,1.0036106,226.0,22.7,0.8783467,271.0,22.27,1.0836201,265.0,22.81,1.1199542,279.75,22.769999999999996,5.905361848054571,0.35628576315935057,0.4804118305731677,0.2995597817585729,0.32186553927287154,17,26.76,26.93,26.96,26.37,12.4,22.3,18.0,50.4,77.0,81.14,79.57,85.86,443.0,347.0,407.0,406.0
2011-05-08,201119,443.0,443,443,443,1.0,144.63133,0,4,172100020111919589,2023-08-20,Palmas,1.5536613,306296,0,1.0,2,257,,,,,144514,22.26,27.43,33.21,0.0,68.14,366.0,23.14,1.4474198,256.0,22.97,1.0036106,226.0,22.7,0.8783467,271.0,22.27,1.0836201,322.75,22.7675,6.095824562432225,0.19046271437765405,0.5467484775370046,0.6708745449508218,0.49002249613622695,18,27.76,26.76,26.93,26.96,21.2,12.4,22.3,18.0,75.14,77.0,81.14,79.57,347.0,407.0,406.0,380.0
2011-05-15,201120,347.0,347,347,347,0.49509034,113.28911,0,4,172100020112019589,2023-08-20,Palmas,0.9990669,306296,1,0.0,2,223,,,,,144514,22.94,26.3,30.63,36.1,79.0,443.0,22.26,1.5536613,366.0,23.14,1.4474198,256.0,22.97,1.0036106,226.0,22.7,0.8783467,353.0,22.8275,5.8522024797744745,-0.2436220826577502,-0.05315936828009615,0.3031263948792544,0.42725246229307157,19,27.43,27.76,26.76,26.93,0.0,21.2,12.4,22.3,68.14,75.14,77.0,81.14,407.0,406.0,380.0,385.0
2011-05-22,201121,407.0,407,407,407,0.7712281,132.878,0,4,172100020112119589,2023-08-20,Palmas,1.0541561,306296,0,0.0,2,272,,,,,144514,21.64,26.89,32.74,0.0,66.57,347.0,22.94,0.9990669,443.0,22.26,1.5536613,366.0,23.14,1.4474198,256.0,22.97,1.0036106,390.75,22.495000000000005,6.0112671744041615,0.15906469462968698,-0.08455738802806323,0.10590532634959082,0.4621910895089414,20,26.3,27.43,27.76,26.76,36.1,0.0,21.2,12.4,79.0,68.14,75.14,77.0,406.0,380.0,385.0,271.0
2011-05-29,201122,406.0,406,406,406,0.7507144,132.55151,0,4,172100020112219589,2023-08-20,Palmas,1.0492195,306296,0,0.0,2,292,,,,,144514,21.43,26.99,33.19,0.0,64.0,407.0,21.64,1.0541561,347.0,22.94,0.9990669,443.0,22.26,1.5536613,366.0,23.14,1.4474198,400.75,22.0675,6.008813185442595,-0.0024539889615668997,0.15661070566812008,-0.08701137698963013,0.10345133738802392,21,26.89,26.3,27.43,27.76,0.0,36.1,0.0,21.2,66.57,79.0,68.14,75.14,380.0,385.0,271.0,274.0
2011-06-05,201123,380.0,380,380,380,0.35034963,124.062996,0,4,172100020112319589,2023-08-20,Palmas,0.9727012,306296,0,0.0,2,242,,,,,144514,20.89,27.14,34.01,0.0,61.57,406.0,21.43,1.0492195,407.0,21.64,1.0541561,347.0,22.94,0.9990669,443.0,22.26,1.5536613,385.0,21.725,5.942799375126701,-0.06601381031589337,-0.06846779927746027,0.0905968953522267,-0.1530251873055235,22,26.99,26.89,26.3,27.43,0.0,0.0,36.1,0.0,64.0,66.57,79.0,68.14,385.0,271.0,274.0,244.0
2011-06-12,201124,385.0,385,385,385,0.3743558,125.695404,0,4,172100020112419589,2023-08-20,Palmas,0.97731715,306296,0,0.0,2,272,,,,,144514,20.99,26.61,33.14,0.0,61.43,380.0,20.89,0.9727012,406.0,21.43,1.0492195,407.0,21.64,1.0541561,347.0,22.94,0.9990669,394.5,21.2375,5.955837369464831,0.013037994338129799,-0.052975815977763574,-0.055429804939330474,0.1036348896903565,23,27.14,26.99,26.89,26.3,0.0,0.0,0.0,36.1,61.57,64.0,66.57,79.0,271.0,274.0,244.0,189.0
2011-06-19,201125,271.0,271,271,271,7.513658e-06,88.47651,0,4,172100020112519589,2023-08-20,Palmas,0.71091205,306296,0,0.0,2,142,,,,,144514,21.77,27.4,34.13,0.2,58.86,385.0,20.99,0.97731715,380.0,20.89,0.9727012,406.0,21.43,1.0492195,407.0,21.64,1.0541561,360.5,21.27,5.605802066295998,-0.35003530316883325,-0.33699730883070345,-0.4030111191465968,-0.4054651081081637,24,26.61,27.14,26.99,26.89,0.0,0.0,0.0,0.0,61.43,61.57,64.0,66.57,274.0,244.0,189.0,169.0
2011-06-26,201126,274.0,274,274,274,0.0011979187,89.45595,0,4,172100020112619589,2023-08-20,Palmas,0.78357255,306296,0,0.0,2,149,,,,,144514,20.9,27.09,34.33,0.0,56.14,271.0,21.77,0.71091205,385.0,20.99,0.97731715,380.0,20.89,0.9727012,406.0,21.43,1.0492195,327.5,21.1375,5.616771097666572,0.010969031370573923,-0.3390662717982593,-0.3260282774601295,-0.3920420877760229,25,27.4,26.61,27.14,26.99,0.2,0.0,0.0,0.0,58.86,61.43,61.57,64.0,244.0,189.0,169.0,153.0
2011-07-03,201127,244.0,244,244,244,0.005674172,79.66151,0,4,172100020112719589,2023-08-20,Palmas,0.8049704,306296,0,0.0,2,152,,,,,144514,20.69,27.2,34.49,0.1,57.71,274.0,20.9,0.78357255,271.0,21.77,0.71091205,385.0,20.99,0.97731715,380.0,20.89,0.9727012,293.5,21.0875,5.501258210544727,-0.11551288712184427,-0.10454385575127034,-0.4545791589201036,-0.4415411645819738,26,27.09,27.4,26.61,27.14,0.0,0.2,0.0,0.0,56.14,58.86,61.43,61.57,189.0,169.0,153.0,130.0
2011-07-10,201128,189.0,189,189,189,0.00013103063,61.705017,0,1,172100020112819589,2023-08-20,Palmas,0.7087811,306296,0,0.0,1,130,,,,,144514,20.86,26.66,33.43,0.1,59.0,244.0,20.69,0.8049704,274.0,20.9,0.78357255,271.0,21.77,0.71091205,385.0,20.99,0.97731715,244.5,21.055,5.247024072160486,-0.25423413838424125,-0.3697470255060855,-0.3587779941355116,-0.7088132973043448,27,27.2,27.09,27.4,26.61,0.1,0.0,0.2,0.0,57.71,56.14,58.86,61.43,169.0,153.0,130.0,124.0
2011-07-17,201129,169.0,169,169,169,0.00050222425,55.175385,0,1,172100020112919589,2023-08-20,Palmas,0.7194915,306296,0,0.0,1,101,,,,,144514,20.17,26.66,33.93,0.0,54.14,189.0,20.86,0.7087811,244.0,20.69,0.8049704,274.0,20.9,0.78357255,271.0,21.77,0.71091205,219.0,20.655,5.135798437050262,-0.1112256351102241,-0.36545977349446535,-0.4809726606163096,-0.4700036292457357,28,26.66,27.2,27.09,27.4,0.1,0.1,0.0,0.2,59.0,57.71,56.14,58.86,153.0,130.0,124.0,132.0
2011-07-24,201130,153.0,153,153,153,0.006381209,49.95168,0,1,172100020113019589,2023-08-20,Palmas,0.76637465,306296,0,0.0,1,59,,,,,144514,19.57,26.04,33.04,0.0,52.29,169.0,20.17,0.7194915,189.0,20.86,0.7087811,244.0,20.69,0.8049704,274.0,20.9,0.78357255,188.75,20.3225,5.0369526024136295,-0.09884583463663255,-0.21007146974685664,-0.4643056081310979,-0.5798184952529422,29,26.66,26.66,27.2,27.09,0.0,0.1,0.1,0.0,54.14,59.0,57.71,56.14,130.0,124.0,132.0,105.0
2011-07-31,201131,130.0,130,130,130,0.008117503,42.442604,0,1,172100020113119589,2023-08-20,Palmas,0.75749177,306296,0,0.0,1,76,,,,,144514,22.33,28.17,35.1,0.5,56.86,153.0,19.57,0.76637465,169.0,20.17,0.7194915,189.0,20.86,0.7087811,244.0,20.69,0.8049704,160.25,20.7325,4.875197323201151,-0.16175527921247834,-0.2606011138491109,-0.371826748959335,-0.6260608873435762,30,26.04,26.66,26.66,27.2,0.0,0.0,0.1,0.1,52.29,54.14,59.0,57.71,124.0,132.0,105.0,119.0
2011-08-07,201132,124.0,124,124,124,0.048936885,40.483715,0,1,172100020113219589,2023-08-20,Palmas,0.81899524,306296,0,0.0,1,69,,,,,144514,20.63,27.91,35.66,0.0,48.29,130.0,22.33,0.75749177,153.0,19.57,0.76637465,169.0,20.17,0.7194915,189.0,20.86,0.7087811,144.0,20.675,4.8283137373023015,-0.04688358589884967,-0.208638865111328,-0.30748469974796055,-0.41871033485818465,31,28.17,26.04,26.66,26.66,0.5,0.0,0.0,0.1,56.86,52.29,54.14,59.0,132.0,105.0,119.0,98.0
2011-08-14,201133,132.0,132,132,132,0.40309182,43.095566,0,1,172100020113319589,2023-08-20,Palmas,0.97051436,306296,0,0.0,1,71,,,,,144514,20.73,27.89,35.54,0.0,46.29,124.0,20.63,0.81899524,130.0,22.33,0.75749177,153.0,19.57,0.76637465,169.0,20.17,0.7194915,134.75,20.815,4.890349128221754,0.062035390919452205,0.015151805020602538,-0.1466034741918758,-0.24544930882850835,32,27.91,28.17,26.04,26.66,0.0,0.5,0.0,0.0,48.29,56.86,52.29,54.14,105.0,119.0,98.0,118.0
2011-08-21,201134,105.0,105,105,105,0.06893422,34.280563,0,1,172100020113419589,2023-08-20,Palmas,0.82308084,306296,0,0.0,1,69,,,,,144514,22.11,29.14,36.26,0.0,43.86,132.0,20.73,0.97051436,124.0,20.63,0.81899524,130.0,22.33,0.75749177,153.0,19.57,0.76637465,122.75,21.45,4.663439094112067,-0.2269100341096868,-0.1648746431902346,-0.21175822908908426,-0.3735135083015626,33,27.89,27.91,28.17,26.04,0.0,0.0,0.5,0.0,46.29,48.29,56.86,52.29,119.0,98.0,118.0,124.0
2011-08-28,201135,119.0,119,119,119,0.4178273,38.851307,0,1,172100020113519589,2023-08-20,Palmas,0.97368276,306296,0,0.0,1,71,,,,,144514,22.37,29.47,37.11,0.0,42.86,105.0,22.11,0.82308084,132.0,20.73,0.97051436,124.0,20.63,0.81899524,130.0,22.33,0.75749177,120.0,21.46,4.787491742782046,0.1240526486699789,-0.1028573854397079,-0.0408219945202557,-0.08770558041910537,34,29.14,27.89,27.91,28.17,0.0,0.0,0.0,0.5,43.86,46.29,48.29,56.86,98.0,118.0,124.0,134.0
2011-09-04,201136,98.0,98,98,98,0.11873183,31.995193,0,1,172100020113619589,2023-08-20,Palmas,0.8506468,306296,0,0.0,1,64,,,,,144514,21.31,28.93,36.91,0.0,38.57,119.0,22.37,0.97368276,105.0,22.11,0.82308084,132.0,20.73,0.97051436,124.0,20.63,0.81899524,113.5,21.63,4.59511985013459,-0.19237189264745602,-0.06831924397747713,-0.2952292780871639,-0.23319388716771172,35,29.47,29.14,27.89,27.91,0.0,0.0,0.0,0.0,42.86,43.86,46.29,48.29,118.0,124.0,134.0,82.0
2011-09-11,201137,118.0,118,118,118,0.68665445,38.524826,0,1,172100020113719589,2023-08-20,Palmas,1.066338,306296,0,0.0,1,62,,,,,144514,22.14,29.33,36.96,0.0,38.29,98.0,21.31,0.8506468,119.0,22.37,0.97368276,105.0,22.11,0.82308084,132.0,20.73,0.97051436,110.0,21.982499999999998,4.77912349311153,0.18400364297693983,-0.008368249670516192,0.1156843989994627,-0.1112256351102241,36,28.93,29.47,29.14,27.89,0.0,0.0,0.0,0.0,38.57,42.86,43.86,46.29,124.0,134.0,82.0,103.0
2011-09-18,201138,124.0,124,124,124,0.83073235,40.483715,0,1,172100020113819589,2023-08-20,Palmas,1.1333606,306296,0,0.0,1,61,,,,,144514,22.43,29.61,36.7,0.0,37.43,118.0,22.14,1.066338,98.0,21.31,0.8506468,119.0,22.37,0.97368276,105.0,22.11,0.82308084,114.75,22.0625,4.8283137373023015,0.04919024419077189,0.23319388716771172,0.0408219945202557,0.1648746431902346,37,29.33,28.93,29.47,29.14,0.0,0.0,0.0,0.0,38.29,38.57,42.86,43.86,134.0,82.0,103.0,116.0
2011-09-25,201139,134.0,134,134,134,0.88704,43.74853,0,1,172100020113919589,2023-08-20,Palmas,1.1658703,306296,0,0.0,1,77,,,,,144514,25.33,30.89,36.56,1.2,44.14,124.0,22.43,1.1333606,118.0,22.14,1.066338,98.0,21.31,0.8506468,119.0,22.37,0.97368276,118.5,22.8025,4.90527477843843,0.07696104113612812,0.1261512853269,0.31015492830383984,0.11778303565638382,38,29.61,29.33,28.93,29.47,0.0,0.0,0.0,0.0,37.43,38.29,38.57,42.86,82.0,103.0,116.0,163.0
2011-10-02,201140,82.0,82,82,82,0.003141577,26.771488,0,1,172100020114019589,2023-08-20,Palmas,0.6793395,306296,0,0.0,1,29,,,,,144514,23.93,28.51,34.39,20.8,64.86,134.0,25.33,1.1658703,124.0,22.43,1.1333606,118.0,22.14,1.066338,98.0,21.31,0.8506468,114.5,23.4575,4.418840607796598,-0.48643417064183136,-0.40947312950570325,-0.36028288531493136,-0.17627924233799153,39,30.89,29.61,29.33,28.93,1.2,0.0,0.0,0.0,44.14,37.43,38.29,38.57,103.0,116.0,163.0,136.0
2011-10-09,201141,103.0,103,103,103,0.19495568,33.6276,0,1,172100020114119589,2023-08-20,Palmas,0.89033616,306296,0,0.0,1,45,,,,,144514,24.13,27.86,32.86,69.5,75.0,82.0,23.93,0.6793395,134.0,25.33,1.1658703,124.0,22.43,1.1333606,118.0,22.14,1.066338,110.75,23.955,4.6443908991413725,0.22555029134477422,-0.26088387929705714,-0.18392283816092903,-0.13473259397015713,40,28.51,30.89,29.61,29.33,20.8,1.2,0.0,0.0,64.86,44.14,37.43,38.29,116.0,163.0,136.0,139.0
2011-10-16,201142,116.0,116,116,116,0.8000378,37.871864,0,1,172100020114219589,2023-08-20,Palmas,1.1201841,306296,0,0.0,1,37,,,,,144514,23.07,26.54,31.36,90.0,82.43,103.0,24.13,0.89033616,82.0,23.93,0.6793395,134.0,25.33,1.1658703,124.0,22.43,1.1333606,108.75,24.115,4.762173934797756,0.11778303565638382,0.34333332700115804,-0.14310084364067333,-0.06613980250454521,41,27.86,28.51,30.89,29.61,69.5,20.8,1.2,0.0,75.0,64.86,44.14,37.43,163.0,136.0,139.0,167.0
2011-10-23,201143,163.0,163,163,163,0.9997853,53.216496,0,1,172100020114319589,2023-08-20,Palmas,1.5435305,306296,0,1.0,1,64,,,,,144514,23.39,27.97,33.64,21.4,72.0,116.0,23.07,1.1201841,103.0,24.13,0.89033616,82.0,23.93,0.6793395,134.0,25.33,1.1658703,116.0,23.63,5.099866427824199,0.33769249302644244,0.45547552868282626,0.6810258200276005,0.19459164938576912,42,26.54,27.86,28.51,30.89,90.0,69.5,20.8,1.2,82.43,75.0,64.86,44.14,136.0,139.0,167.0,181.0
2011-10-30,201144,136.0,136,136,136,0.79040766,44.401493,0,1,172100020114419589,2023-08-20,Palmas,1.1054916,306296,1,0.0,1,17,,,,,144514,22.61,25.64,29.89,98.9,86.0,163.0,23.39,1.5435305,116.0,23.07,1.1201841,103.0,24.13,0.89033616,82.0,23.93,0.6793395,129.5,23.3,4.919980925828125,-0.17988550199607367,0.15780699103036877,0.2755900266867526,0.5011403180315268,43,27.97,26.54,27.86,28.51,21.4,90.0,69.5,20.8,72.0,82.43,75.0,64.86,139.0,167.0,181.0,174.0
2011-11-06,201145,139.0,139,139,139,0.4891895,45.38094,0,1,172100020114519589,2023-08-20,Palmas,0.9967619,306296,1,0.0,1,22,,,,,144514,22.46,25.56,28.99,69.6,83.57,136.0,22.61,1.1054916,163.0,23.39,1.5435305,116.0,23.07,1.1201841,103.0,24.13,0.89033616,138.5,22.8825,4.941642422609304,0.02166149678117879,-0.15822400521489488,0.17946848781154756,0.2972515234679314,44,25.64,27.97,26.54,27.86,98.9,21.4,90.0,69.5,86.0,72.0,82.43,75.0,167.0,181.0,174.0,202.0
2011-11-13,201146,167.0,167,167,167,0.9132417,54.522423,0,2,172100020114619589,2023-08-20,Palmas,1.1671922,306296,1,0.0,1,32,,,,,144514,22.8,26.61,31.89,75.9,83.57,139.0,22.46,0.9967619,136.0,22.61,1.1054916,163.0,23.39,1.5435305,116.0,23.07,1.1201841,151.25,22.815,5.123963979403259,0.1823215567939549,0.2039830535751337,0.024097551579060017,0.36179004460550246,45,25.56,25.64,27.97,26.54,69.6,98.9,21.4,90.0,83.57,86.0,72.0,82.43,181.0,174.0,202.0,174.0
2011-11-20,201147,181.0,181,181,181,0.9664271,59.093166,0,1,172100020114719589,2023-08-20,Palmas,1.2240399,306296,0,1.0,1,79,,,,,144514,23.0,26.23,30.83,116.8,86.14,167.0,22.8,1.1671922,139.0,22.46,0.9967619,136.0,22.61,1.1054916,163.0,23.39,1.5435305,155.75,22.7175,5.204006687076795,0.08004270767353638,0.2623642644674913,0.28402576124867007,0.1041402592525964,46,26.61,25.56,25.64,27.97,75.9,69.6,98.9,21.4,83.57,83.57,86.0,72.0,174.0,202.0,174.0,183.0
2011-11-27,201148,174.0,174,174,174,0.7522973,56.807793,0,1,172100020114819589,2023-08-20,Palmas,1.0772042,306296,1,0.0,1,98,,,,,144514,22.94,25.84,29.4,77.5,87.0,181.0,23.0,1.2240399,167.0,22.8,1.1671922,139.0,22.46,0.9967619,136.0,22.61,1.1054916,165.25,22.8,5.1647859739235145,-0.039220713153280684,0.0408219945202557,0.2231435513142106,0.2448050480953894,47,26.23,26.61,25.56,25.64,116.8,75.9,69.6,98.9,86.14,83.57,83.57,86.0,202.0,174.0,183.0,221.0
2011-12-04,201149,202.0,202,202,202,0.9277647,65.94928,0,1,172100020114919589,2023-08-20,Palmas,1.1625484,306296,1,0.0,1,95,,,,,144514,22.91,27.6,32.71,20.5,74.86,174.0,22.94,1.0772042,181.0,23.0,1.2240399,167.0,22.8,1.1671922,139.0,22.46,0.9967619,181.0,22.9125,5.313205979041787,0.1484200051182727,0.109199291964992,0.1892419996385284,0.3715635564324833,48,25.84,26.23,26.61,25.56,77.5,116.8,75.9,69.6,87.0,86.14,83.57,83.57,174.0,183.0,221.0,256.0
2011-12-11,201150,174.0,174,174,174,0.35229507,56.807793,0,2,172100020115019589,2023-08-20,Palmas,0.9606035,306296,1,0.0,1,100,,,,,144514,23.01,25.86,30.21,90.6,86.71,202.0,22.91,1.1625484,174.0,22.94,1.0772042,181.0,23.0,1.2240399,167.0,22.8,1.1671922,182.75,22.965,5.1647859739235145,-0.1484200051182727,0.0,-0.039220713153280684,0.0408219945202557,49,27.6,25.84,26.23,26.61,20.5,77.5,116.8,75.9,74.86,87.0,86.14,83.57,183.0,221.0,256.0,299.0
2011-12-18,201151,183.0,183,183,183,0.45423084,59.746128,0,2,172100020115119589,2023-08-20,Palmas,0.9881007,306296,1,0.0,1,91,,,,,144514,22.87,26.71,31.71,47.8,82.86,174.0,23.01,0.9606035,202.0,22.91,1.1625484,174.0,22.94,1.0772042,181.0,23.0,1.2240399,183.25,22.9325,5.214935757608986,0.050149783685471405,-0.09827022143280129,0.050149783685471405,0.010929070532190721,50,25.86,27.6,25.84,26.23,90.6,20.5,77.5,116.8,86.71,74.86,87.0,86.14,221.0,256.0,299.0,327.0
2011-12-25,201152,221.0,221,221,221,0.9643785,72.15243,0,2,172100020115219589,2023-08-20,Palmas,1.1963675,306296,1,1.0,1,98,,,,,144514,23.17,26.84,31.69,81.9,84.14,183.0,22.87,0.9881007,174.0,23.01,0.9606035,202.0,22.91,1.1625484,174.0,22.94,1.0772042,195.0,22.990000000000002,5.402677381872279,0.18774162426329344,0.23789140794876484,0.08947140283049215,0.23789140794876484,51,26.71,25.86,27.6,25.84,47.8,90.6,20.5,77.5,82.86,86.71,74.86,87.0,256.0,299.0,327.0,344.0
2012-01-01,201201,256.0,256,256,256,0.9982755,83.579285,0,2,172100020120119589,2023-08-20,Palmas,1.318851,306296,1,1.0,2,122,,,,,144514,22.66,25.07,28.17,121.6,88.29,221.0,23.17,1.1963675,183.0,22.87,0.9881007,174.0,23.01,0.9606035,202.0,22.91,1.1625484,208.5,22.927500000000002,5.54907608489522,0.14639870302294078,0.3341403272862342,0.3842901109717056,0.23587010585343293,52,26.84,26.71,25.86,27.6,81.9,47.8,90.6,20.5,84.14,82.86,86.71,74.86,299.0,327.0,344.0,384.0
2012-01-08,201202,299.0,299,299,299,0.9997059,97.61799,0,4,172100020120219589,2023-08-20,Palmas,1.3538729,306296,0,1.0,2,150,,,,,144514,22.9,26.03,30.59,59.1,83.29,256.0,22.66,1.318851,221.0,23.17,1.1963675,183.0,22.87,0.9881007,174.0,23.01,0.9606035,239.75,22.9,5.703782474656201,0.15470638976098083,0.3011050927839216,0.48884671704721505,0.5389965007326865,1,25.07,26.84,26.71,25.86,121.6,81.9,47.8,90.6,88.29,84.14,82.86,86.71,327.0,344.0,384.0,419.0
2012-01-15,201203,327.0,327,327,327,0.99832463,106.759476,0,4,172100020120319589,2023-08-20,Palmas,1.2759092,306296,0,1.0,2,161,,,,,144514,21.93,25.23,29.8,104.9,86.57,299.0,22.9,1.3538729,256.0,22.66,1.318851,221.0,23.17,1.1963675,183.0,22.87,0.9881007,275.75,22.665,5.793013608384144,0.08923113372794322,0.24393752348892406,0.39033622651186484,0.5780778507751583,2,26.03,25.07,26.84,26.71,59.1,121.6,81.9,47.8,83.29,88.29,84.14,82.86,344.0,384.0,419.0,419.0
2012-01-22,201204,344.0,344,344,344,0.98110753,112.30966,0,4,172100020120419589,2023-08-20,Palmas,1.1793253,306296,0,1.0,2,191,,,,,144514,22.47,25.41,29.81,106.6,87.86,327.0,21.93,1.2759092,299.0,22.9,1.3538729,256.0,22.66,1.318851,221.0,23.17,1.1963675,306.5,22.49,5.84354441703136,0.05053080864721604,0.13976194237515926,0.2944683321361401,0.4408670351590809,3,25.23,26.03,25.07,26.84,104.9,59.1,121.6,81.9,86.57,83.29,88.29,84.14,384.0,419.0,419.0,370.0
2012-01-29,201205,384.0,384,384,384,0.99066514,125.36893,0,4,172100020120519589,2023-08-20,Palmas,1.1940309,306296,1,1.0,2,251,,,,,144514,22.3,25.96,30.73,104.6,83.43,344.0,22.47,1.1793253,327.0,21.93,1.2759092,299.0,22.9,1.3538729,256.0,22.66,1.318851,338.5,22.4,5.953243334287785,0.10969891725642444,0.16022972590364049,0.2494608596315837,0.40416724939256454,4,25.41,25.23,26.03,25.07,106.6,104.9,59.1,121.6,87.86,86.57,83.29,88.29,419.0,419.0,370.0,420.0
2012-02-05,201206,419.0,419,419,419,0.9941522,136.79578,0,4,172100020120619589,2023-08-20,Palmas,1.1998606,306296,1,1.0,2,301,,,,,144514,22.64,26.76,31.9,51.0,77.57,384.0,22.3,1.1940309,344.0,22.47,1.1793253,327.0,21.93,1.2759092,299.0,22.9,1.3538729,368.5,22.334999999999997,6.040254711277414,0.08701137698962924,0.19671029424605369,0.24724110289326973,0.33647223662121295,5,25.96,25.41,25.23,26.03,104.6,106.6,104.9,59.1,83.43,87.86,86.57,83.29,419.0,370.0,420.0,348.0
2012-02-12,201207,419.0,419,419,419,0.9193205,136.79578,0,4,172100020120719589,2023-08-20,Palmas,1.1042168,306296,0,0.0,2,265,,,,,144514,21.9,25.11,29.77,81.1,83.57,419.0,22.64,1.1998606,384.0,22.3,1.1940309,344.0,22.47,1.1793253,327.0,21.93,1.2759092,391.5,22.3275,6.040254711277414,0.0,0.08701137698962924,0.19671029424605369,0.24724110289326973,6,26.76,25.96,25.41,25.23,51.0,104.6,106.6,104.9,77.57,83.43,87.86,86.57,370.0,420.0,348.0,345.0
2012-02-19,201208,370.0,370,370,370,0.12823084,120.79818,0,4,172100020120819589,2023-08-20,Palmas,0.9215477,306296,0,0.0,2,193,,,,,144514,22.19,25.67,29.91,85.1,85.43,419.0,21.9,1.1042168,419.0,22.64,1.1998606,384.0,22.3,1.1940309,344.0,22.47,1.1793253,398.0,22.2575,5.916202062607435,-0.1240526486699789,-0.1240526486699789,-0.03704127168034965,0.07265764557607479,7,25.11,26.76,25.96,25.41,81.1,51.0,104.6,106.6,83.57,77.57,83.43,87.86,420.0,348.0,345.0,439.0
2012-02-26,201209,420.0,420,420,420,0.7227966,137.12225,0,4,172100020120919589,2023-08-20,Palmas,1.0420563,306296,0,0.0,2,226,,,,,144514,22.53,25.99,30.34,58.6,84.86,370.0,22.19,0.9215477,419.0,21.9,1.1042168,419.0,22.64,1.1998606,384.0,22.3,1.1940309,407.0,22.315,6.042632833682381,0.12643077107494616,0.0023781224049672645,0.0023781224049672645,0.0893894993945965,8,25.67,25.11,26.76,25.96,85.1,81.1,51.0,104.6,85.43,83.57,77.57,83.43,348.0,345.0,439.0,402.0
2012-03-04,201210,348.0,348,348,348,0.046243705,113.615585,0,4,172100020121019589,2023-08-20,Palmas,0.8837388,306296,1,0.0,2,213,,,,,144514,22.71,25.79,30.26,60.1,85.71,420.0,22.53,1.0420563,370.0,22.19,0.9215477,419.0,21.9,1.1042168,419.0,22.64,1.1998606,389.25,22.332500000000003,5.855071922202427,-0.18756091147995413,-0.06113014040500797,-0.18518278907498686,-0.18518278907498686,9,25.99,25.67,25.11,26.76,58.6,85.1,81.1,51.0,84.86,85.43,83.57,77.57,345.0,439.0,402.0,394.0
2012-03-11,201211,345.0,345,345,345,0.071897306,112.63615,0,4,172100020121119589,2023-08-20,Palmas,0.89738894,306296,1,0.0,2,195,,,,,144514,22.8,26.61,31.3,41.4,84.14,348.0,22.71,0.8837388,420.0,22.53,1.0420563,370.0,22.19,0.9215477,419.0,21.9,1.1042168,370.75,22.5575,5.846438775057725,-0.008633147144702313,-0.19619405862465644,-0.06976328754971028,-0.19381593621968918,10,25.79,25.99,25.67,25.11,60.1,58.6,85.1,81.1,85.71,84.86,85.43,83.57,439.0,402.0,394.0,340.0
2012-03-18,201212,439.0,439,439,439,0.9927744,143.32541,0,4,172100020121219589,2023-08-20,Palmas,1.1879897,306296,1,1.0,2,258,,,,,144514,22.81,26.03,30.54,69.0,86.14,345.0,22.8,0.89738894,348.0,22.71,0.8837388,420.0,22.53,1.0420563,370.0,22.19,0.9215477,388.0,22.7125,6.0867747269123065,0.2403359518545818,0.23170280470987947,0.044141893229925344,0.1705726643048715,11,26.61,25.79,25.99,25.67,41.4,60.1,58.6,85.1,84.14,85.71,84.86,85.43,402.0,394.0,340.0,345.0
2012-03-25,201213,402.0,402,402,402,0.8414794,131.24559,0,4,172100020121319589,2023-08-20,Palmas,1.0744551,306296,1,0.0,2,243,,,,,144514,22.9,27.3,32.93,29.4,82.86,439.0,22.81,1.1879897,345.0,22.8,0.89738894,348.0,22.71,0.8837388,420.0,22.53,1.0420563,383.5,22.805,5.998936561946683,-0.08783816496562391,0.15249778688895788,0.14386463974425556,-0.043696271735698566,12,26.03,26.61,25.79,25.99,69.0,41.4,60.1,58.6,86.14,84.14,85.71,84.86,394.0,340.0,345.0,406.0
2012-04-01,201214,394.0,394,394,394,0.44541055,128.63374,0,4,172100020121419589,2023-08-20,Palmas,0.9902966,306296,0,0.0,2,189,,,,,144514,23.84,28.1,33.36,13.5,76.71,402.0,22.9,1.0744551,439.0,22.81,1.1879897,345.0,22.8,0.89738894,348.0,22.71,0.8837388,395.0,23.0875,5.978885764901122,-0.020050797045560564,-0.10788896201118447,0.1324469898433973,0.123813842698695,13,27.3,26.03,26.61,25.79,29.4,69.0,41.4,60.1,82.86,86.14,84.14,85.71,340.0,345.0,406.0,302.0
2012-04-08,201215,340.0,340,340,340,0.012992066,111.00374,0,4,172100020121519589,2023-08-20,Palmas,0.848898,306296,1,0.0,2,190,,,,,144514,23.03,26.96,32.03,39.1,82.43,394.0,23.84,0.9902966,402.0,22.9,1.0744551,439.0,22.81,1.1879897,345.0,22.8,0.89738894,393.75,23.145,5.831882477283517,-0.14700328761760506,-0.16705408466316563,-0.25489224962878954,-0.01455629777420775,14,28.1,27.3,26.03,26.61,13.5,29.4,69.0,41.4,76.71,82.86,86.14,84.14,345.0,406.0,302.0,268.0
2012-04-15,201216,345.0,345,345,345,0.09279465,112.63615,0,4,172100020121619589,2023-08-20,Palmas,0.9063905,306296,1,0.0,2,177,,,,,144514,22.8,27.0,32.19,31.7,82.0,340.0,23.03,0.848898,394.0,23.84,0.9902966,402.0,22.9,1.0744551,439.0,22.81,1.1879897,370.25,23.142500000000002,5.846438775057725,0.01455629777420775,-0.1324469898433973,-0.15249778688895788,-0.2403359518545818,15,26.96,28.1,27.3,26.03,39.1,13.5,29.4,69.0,82.43,76.71,82.86,86.14,406.0,302.0,268.0,321.0
2012-04-22,201217,406.0,406,406,406,0.9516138,132.55151,0,4,172100020121719589,2023-08-20,Palmas,1.1275469,306296,1,1.0,2,199,,,,,144514,23.33,27.37,32.61,29.4,82.29,345.0,22.8,0.9063905,340.0,23.03,0.848898,394.0,23.84,0.9902966,402.0,22.9,1.0744551,371.25,23.25,6.008813185442595,0.16237441038486988,0.17693070815907763,0.02992742054147257,0.009876623495912007,16,27.0,26.96,28.1,27.3,31.7,39.1,13.5,29.4,82.0,82.43,76.71,82.86,302.0,268.0,321.0,228.0
2012-04-29,201218,302.0,302,302,302,0.015148382,98.597435,0,4,172100020121819589,2023-08-20,Palmas,0.84460443,306296,0,0.0,2,152,,,,,144514,22.86,28.11,34.0,0.0,64.57,406.0,23.33,1.1275469,345.0,22.8,0.9063905,340.0,23.03,0.848898,394.0,23.84,0.9902966,348.25,23.005,5.713732805509369,-0.2950803799332258,-0.1327059695483559,-0.11814967177414815,-0.2651529593917532,17,27.37,27.0,26.96,28.1,29.4,31.7,39.1,13.5,82.29,82.0,82.43,76.71,268.0,321.0,228.0,152.0
2012-05-06,201219,268.0,268,268,268,0.00030814568,87.49706,0,4,172100020121919589,2023-08-20,Palmas,0.75887847,306296,0,0.0,2,158,,,,,144514,22.93,28.31,34.61,0.0,60.29,302.0,22.86,0.84460443,406.0,23.33,1.1275469,345.0,22.8,0.9063905,340.0,23.03,0.848898,330.25,22.979999999999997,5.594711379601839,-0.11902142590752973,-0.4141018058407555,-0.2517273954558856,-0.23717109768167788,18,28.11,27.37,27.0,26.96,0.0,29.4,31.7,39.1,64.57,82.29,82.0,82.43,321.0,228.0,152.0,162.0
2012-05-13,201220,321.0,321,321,321,0.49862972,104.80058,0,4,172100020122019589,2023-08-20,Palmas,0.9997291,306296,1,0.0,2,160,,,,,144514,23.6,26.77,31.73,47.3,77.14,268.0,22.93,0.75887847,302.0,22.86,0.84460443,406.0,23.33,1.1275469,345.0,22.8,0.9063905,324.25,23.18,5.7745515455444085,0.17984016594256946,0.06081874003503973,-0.23426163989818605,-0.07188722951331616,19,28.31,28.11,27.37,27.0,0.0,0.0,29.4,31.7,60.29,64.57,82.29,82.0,228.0,152.0,162.0,198.0
2012-05-20,201221,228.0,228,228,228,0.0020324474,74.4378,0,1,172100020122119589,2023-08-20,Palmas,0.7769117,306296,0,0.0,1,113,,,,,144514,22.44,27.09,32.61,0.4,70.0,321.0,23.6,0.9997291,268.0,22.93,0.75887847,302.0,22.86,0.84460443,406.0,23.33,1.1275469,279.75,22.9575,5.43372200355424,-0.34082954199016857,-0.1609893760475991,-0.28001080195512884,-0.5750911818883546,20,26.77,28.31,28.11,27.37,47.3,0.0,0.0,29.4,77.14,60.29,64.57,82.29,152.0,162.0,198.0,133.0
2012-05-27,201222,152.0,152,152,152,1.1362953e-09,49.6252,0,1,172100020122219589,2023-08-20,Palmas,0.55386347,306296,0,0.0,1,55,,,,,144514,23.07,27.73,33.49,2.6,66.86,228.0,22.44,0.7769117,321.0,23.6,0.9997291,268.0,22.93,0.75887847,302.0,22.86,0.84460443,242.25,23.01,5.030437921392435,-0.40328408216180467,-0.7441136241519732,-0.5642734582094038,-0.6832948841169335,21,27.09,26.77,28.31,28.11,0.4,47.3,0.0,0.0,70.0,77.14,60.29,64.57,162.0,198.0,133.0,138.0
2012-06-03,201223,162.0,162,162,162,0.00028250515,52.890015,0,1,172100020122319589,2023-08-20,Palmas,0.70428544,306296,0,0.0,1,72,,,,,144514,22.84,27.71,33.41,1.8,66.14,152.0,23.07,0.55386347,228.0,22.44,0.7769117,321.0,23.6,0.9997291,268.0,22.93,0.75887847,215.75,22.987500000000004,5.093750200806762,0.06331227941432704,-0.3399718027474776,-0.6808013447376462,-0.5009611787950767,22,27.73,27.09,26.77,28.31,2.6,0.4,47.3,0.0,66.86,70.0,77.14,60.29,198.0,133.0,138.0,81.0
2012-06-10,201224,198.0,198,198,198,0.7591945,64.64335,0,1,172100020122419589,2023-08-20,Palmas,1.0745809,306296,0,0.0,1,69,,,,,144514,21.19,26.99,33.59,0.0,62.71,162.0,22.84,0.70428544,152.0,23.07,0.55386347,228.0,22.44,0.7769117,321.0,23.6,0.9997291,185.0,22.385,5.293304824724492,0.19955462391772993,0.262866903332057,-0.1404171788297477,-0.48124672081991626,23,27.71,27.73,27.09,26.77,1.8,2.6,0.4,47.3,66.14,66.86,70.0,77.14,133.0,138.0,81.0,74.0
2012-06-17,201225,133.0,133,133,133,0.015947644,43.42205,0,1,172100020122519589,2023-08-20,Palmas,0.78112113,306296,0,0.0,1,55,,,,,144514,22.86,28.04,34.24,0.7,64.86,198.0,21.19,1.0745809,162.0,22.84,0.70428544,152.0,23.07,0.55386347,228.0,22.44,0.7769117,161.25,22.490000000000002,4.897839799950911,-0.39546502477358114,-0.1959104008558512,-0.13259812144152416,-0.5358822036033288,24,26.99,27.71,27.73,27.09,0.0,1.8,2.6,0.4,62.71,66.14,66.86,70.0,138.0,81.0,74.0,86.0
2012-06-24,201226,138.0,138,138,138,0.0475964,45.05446,0,1,172100020122619589,2023-08-20,Palmas,0.82593614,306296,0,0.0,1,46,,,,,144514,21.19,26.74,33.37,0.0,57.43,133.0,22.86,0.78112113,198.0,21.19,1.0745809,162.0,22.84,0.70428544,152.0,23.07,0.55386347,157.75,22.02,4.9344739331306915,0.03663413317978037,-0.35883089159380077,-0.15927626767607084,-0.0959639882617438,25,28.04,26.99,27.71,27.73,0.7,0.0,1.8,2.6,64.86,62.71,66.14,66.86,81.0,74.0,86.0,61.0
2012-07-01,201227,81.0,81,81,81,3.7463328e-06,26.445007,0,1,172100020122719589,2023-08-20,Palmas,0.5466106,306296,0,0.0,1,44,,,,,144514,20.13,25.97,33.1,0.0,54.29,138.0,21.19,0.82593614,133.0,22.86,0.78112113,198.0,21.19,1.0745809,162.0,22.84,0.70428544,137.5,21.3425,4.406719247264253,-0.5277546858664381,-0.4911205526866578,-0.8865855774602389,-0.687030953542509,26,26.74,28.04,26.99,27.71,0.0,0.7,0.0,1.8,57.43,64.86,62.71,66.14,74.0,86.0,61.0,40.0
2012-07-08,201228,74.0,74,74,74,0.00026009616,24.159636,0,1,172100020122819589,2023-08-20,Palmas,0.6052677,306296,0,0.0,1,33,,,,,144514,20.66,27.29,34.83,0.0,54.29,81.0,20.13,0.5466106,138.0,21.19,0.82593614,133.0,22.86,0.78112113,198.0,21.19,1.0745809,106.5,21.21,4.31748811353631,-0.08923113372794322,-0.6169858195943814,-0.580351686414601,-0.9758167111881821,27,25.97,26.74,28.04,26.99,0.0,0.0,0.7,0.0,54.29,57.43,64.86,62.71,86.0,61.0,40.0,65.0
2012-07-15,201229,86.0,86,86,86,0.22142875,28.077415,0,1,172100020122919589,2023-08-20,Palmas,0.892713,306296,0,0.0,1,33,,,,,144514,21.54,27.64,34.67,0.0,52.29,74.0,20.66,0.6052677,81.0,20.13,0.5466106,138.0,21.19,0.82593614,133.0,22.86,0.78112113,94.75,20.88,4.465908118654584,0.14842000511827358,0.059188871390330355,-0.4685658144761078,-0.4319316812963274,28,27.29,25.97,26.74,28.04,0.0,0.0,0.0,0.7,54.29,54.29,57.43,64.86,61.0,40.0,65.0,47.0
2012-07-22,201230,61.0,61,61,61,0.043725412,19.915377,0,1,172100020123019589,2023-08-20,Palmas,0.75038856,306296,0,0.0,1,26,,,,,144514,19.83,27.23,35.09,0.0,51.0,86.0,21.54,0.892713,74.0,20.66,0.6052677,81.0,20.13,0.5466106,138.0,21.19,0.82593614,75.5,20.54,4.127134385045092,-0.33877373360949203,-0.19035372849121845,-0.2795848622191617,-0.8073395480855998,29,27.64,27.29,25.97,26.74,0.0,0.0,0.0,0.0,52.29,54.29,54.29,57.43,40.0,65.0,47.0,44.0
2012-07-29,201231,40.0,40,40,40,0.0006142421,13.059263,0,1,172100020123119589,2023-08-20,Palmas,0.5395367,306296,0,0.0,1,14,,,,,144514,19.4,26.36,33.64,0.0,48.57,61.0,19.83,0.75038856,86.0,21.54,0.892713,74.0,20.66,0.6052677,81.0,20.13,0.5466106,65.25,20.3575,3.713572066704308,-0.4135623183407837,-0.7523360519502758,-0.6039160468320022,-0.6931471805599454,30,27.23,27.64,27.29,25.97,0.0,0.0,0.0,0.0,51.0,52.29,54.29,54.29,65.0,47.0,44.0,24.0
2012-08-05,201232,65.0,65,65,65,0.5806862,21.221302,0,1,172100020123219589,2023-08-20,Palmas,1.0365804,306296,0,0.0,1,16,,,,,144514,20.14,27.26,34.99,0.0,44.86,40.0,19.4,0.5395367,61.0,19.83,0.75038856,86.0,21.54,0.892713,74.0,20.66,0.6052677,63.0,20.2275,4.189654742026425,0.47608267532211723,0.06252035698133351,-0.2762533766281585,-0.12783337150988494,31,26.36,27.23,27.64,27.29,0.0,0.0,0.0,0.0,48.57,51.0,52.29,54.29,47.0,44.0,24.0,30.0
2012-08-12,201233,47.0,47,47,47,0.24309161,15.344634,0,1,172100020123319589,2023-08-20,Palmas,0.8709219,306296,0,0.0,1,21,,,,,144514,21.54,27.59,34.4,0.0,43.71,65.0,20.14,1.0365804,40.0,19.4,0.5395367,61.0,19.83,0.75038856,86.0,21.54,0.892713,53.25,20.2275,3.871201010907891,-0.31845373111853403,0.1576289442035832,-0.2559333741372005,-0.5947071077466926,32,27.26,26.36,27.23,27.64,0.0,0.0,0.0,0.0,44.86,48.57,51.0,52.29,44.0,24.0,30.0,37.0
2012-08-19,201234,44.0,44,44,44,0.17810728,14.36519,0,1,172100020123419589,2023-08-20,Palmas,0.829517,306296,0,0.0,1,24,,,,,144514,21.9,27.51,34.04,0.0,40.57,47.0,21.54,0.8709219,65.0,20.14,1.0365804,40.0,19.4,0.5395367,61.0,19.83,0.75038856,49.0,20.744999999999997,3.8066624897703196,-0.06453852113757153,-0.38299225225610556,0.09309042306601167,-0.32047189527477205,33,27.59,27.26,26.36,27.23,0.0,0.0,0.0,0.0,43.71,44.86,48.57,51.0,24.0,30.0,37.0,33.0
2012-08-26,201235,24.0,24,24,24,0.0015387562,7.835558,0,1,172100020123519589,2023-08-20,Palmas,0.4911744,306296,0,0.0,0,11,,,,,144514,23.29,29.7,36.74,0.0,42.57,44.0,21.9,0.829517,47.0,21.54,0.8709219,65.0,20.14,1.0365804,40.0,19.4,0.5395367,45.0,21.7175,3.2188758248682006,-0.5877866649021191,-0.6523251860396906,-0.9707789171582246,-0.4946962418361074,34,27.51,27.59,27.26,26.36,0.0,0.0,0.0,0.0,40.57,43.71,44.86,48.57,30.0,37.0,33.0,38.0
2012-09-02,201236,30.0,30,30,30,0.11316256,9.794447,0,1,172100020123619589,2023-08-20,Palmas,0.74909943,306296,0,0.0,0,5,,,,,144514,21.6,28.77,36.64,0.0,38.86,24.0,23.29,0.4911744,44.0,21.9,0.829517,47.0,21.54,0.8709219,65.0,20.14,1.0365804,36.25,22.0825,3.4339872044851463,0.2151113796169457,-0.37267528528517335,-0.4372138064227449,-0.7556675375412789,35,29.7,27.51,27.59,27.26,0.0,0.0,0.0,0.0,42.57,40.57,43.71,44.86,37.0,33.0,38.0,44.0
2012-09-09,201237,37.0,37,37,37,0.71466655,12.079818,0,1,172100020123719589,2023-08-20,Palmas,1.1451845,306296,0,0.0,1,8,,,,,144514,22.93,30.04,37.8,0.0,38.57,30.0,21.6,0.74909943,24.0,23.29,0.4911744,44.0,21.9,0.829517,47.0,21.54,0.8709219,33.75,22.43,3.6375861597263857,0.2035989552412394,0.4187103348581851,-0.16907633004393396,-0.2336148511815055,36,28.77,29.7,27.51,27.59,0.0,0.0,0.0,0.0,38.86,42.57,40.57,43.71,33.0,38.0,44.0,25.0
2012-09-16,201238,33.0,33,33,33,0.5942611,10.773891,0,1,172100020123819589,2023-08-20,Palmas,1.0609963,306296,0,0.0,0,9,,,,,144514,24.0,29.57,35.9,2.5,48.86,37.0,22.93,1.1451845,30.0,21.6,0.74909943,24.0,23.29,0.4911744,44.0,21.9,0.829517,31.0,22.955,3.5263605246161616,-0.1112256351102241,0.09237332013101529,0.307484699747961,-0.28030196515415806,37,30.04,28.77,29.7,27.51,0.0,0.0,0.0,0.0,38.57,38.86,42.57,40.57,38.0,44.0,25.0,52.0
2012-09-23,201239,38.0,38,38,38,0.70155007,12.4063,0,1,172100020123919589,2023-08-20,Palmas,1.1325079,306296,0,0.0,1,20,,,,,144514,24.79,30.46,36.44,0.5,47.71,33.0,24.0,1.0609963,37.0,22.93,1.1451845,30.0,21.6,0.74909943,24.0,23.29,0.4911744,34.5,23.330000000000002,3.6635616461296463,0.13720112151348474,0.02597548640326064,0.22957444164450003,0.44468582126144574,38,29.57,30.04,28.77,29.7,2.5,0.0,0.0,0.0,48.86,38.57,38.86,42.57,44.0,25.0,52.0,77.0
2012-09-30,201240,44.0,44,44,44,0.833663,14.36519,0,1,172100020124019589,2023-08-20,Palmas,1.2422166,306296,0,0.0,1,13,,,,,144514,23.77,30.64,37.13,0.0,44.57,38.0,24.79,1.1325079,33.0,24.0,1.0609963,37.0,22.93,1.1451845,30.0,21.6,0.74909943,38.0,23.8725,3.8066624897703196,0.14310084364067333,0.28030196515415806,0.16907633004393396,0.37267528528517335,39,30.46,29.57,30.04,28.77,0.5,2.5,0.0,0.0,47.71,48.86,38.57,38.86,25.0,52.0,77.0,73.0
2012-10-07,201241,25.0,25,25,25,0.058060583,8.16204,0,1,172100020124119589,2023-08-20,Palmas,0.6706868,306296,0,0.0,0,10,,,,,144514,24.89,30.04,35.79,3.6,52.14,44.0,23.77,1.2422166,38.0,24.79,1.1325079,33.0,24.0,1.0609963,37.0,22.93,1.1451845,35.0,24.3625,3.258096538021482,-0.5485659517488375,-0.40546510810816416,-0.2682639865946794,-0.3794896217049035,40,30.64,30.46,29.57,30.04,0.0,0.5,2.5,0.0,44.57,47.71,48.86,38.57,52.0,77.0,73.0,64.0
2012-10-14,201242,52.0,52,52,52,0.9378512,16.977041,0,1,172100020124219589,2023-08-20,Palmas,1.3846403,306296,0,0.0,1,23,,,,,144514,24.69,28.46,33.29,17.4,67.14,25.0,24.89,0.6706868,44.0,23.77,1.2422166,38.0,24.79,1.1325079,33.0,24.0,1.0609963,39.75,24.534999999999997,3.970291913552122,0.7121953755306398,0.16362942378180234,0.30673026742247567,0.4439313889359604,41,30.04,30.64,30.46,29.57,3.6,0.0,0.5,2.5,52.14,44.57,47.71,48.86,77.0,73.0,64.0,69.0
2012-10-21,201243,77.0,77,77,77,0.99977726,25.139082,0,1,172100020124319589,2023-08-20,Palmas,1.9462651,306296,0,1.0,1,36,,,,,144514,24.57,29.54,35.53,10.3,67.86,52.0,24.69,1.3846403,25.0,24.89,0.6706868,44.0,23.77,1.2422166,38.0,24.79,1.1325079,49.5,24.48,4.356708826689592,0.38641691313746973,1.0986122886681096,0.5500463369192721,0.6931471805599454,42,28.46,30.04,30.64,30.46,17.4,3.6,0.0,0.5,67.14,52.14,44.57,47.71,73.0,64.0,69.0,65.0
2012-10-28,201244,73.0,73,73,73,0.9711109,23.833155,0,1,172100020124419589,2023-08-20,Palmas,1.406122,306296,1,1.0,1,26,,,,,144514,24.53,29.17,34.77,27.9,70.57,77.0,24.57,1.9462651,52.0,24.69,1.3846403,25.0,24.89,0.6706868,44.0,23.77,1.2422166,56.75,24.67,4.30406509320417,-0.05264373348542151,0.3337731796520482,1.045968555182688,0.49740260343385057,43,29.54,28.46,30.04,30.64,10.3,17.4,3.6,0.0,67.86,67.14,52.14,44.57,64.0,69.0,65.0,123.0
2012-11-04,201245,64.0,64,64,64,0.43117678,20.894821,0,1,172100020124519589,2023-08-20,Palmas,0.97013456,306296,0,0.0,1,15,,,,,144514,23.79,26.94,31.46,83.8,82.71,73.0,24.53,1.406122,77.0,24.57,1.9462651,52.0,24.69,1.3846403,25.0,24.89,0.6706868,66.5,24.395000000000003,4.174387269895637,-0.1296778233085334,-0.1823215567939549,0.20409535634351483,0.9162907318741547,44,29.17,29.54,28.46,30.04,27.9,10.3,17.4,3.6,70.57,67.86,67.14,52.14,69.0,65.0,123.0,124.0
2012-11-11,201246,69.0,69,69,69,0.4698002,22.52723,0,1,172100020124619589,2023-08-20,Palmas,0.98726135,306296,1,0.0,1,21,,,,,144514,23.51,26.24,29.81,60.1,85.57,64.0,23.79,0.97013456,73.0,24.53,1.406122,77.0,24.57,1.9462651,52.0,24.69,1.3846403,70.75,24.1,4.248495242049359,0.07410797215372256,-0.055569851154810834,-0.10821358464023234,0.2782033284972374,45,26.94,29.17,29.54,28.46,83.8,27.9,10.3,17.4,82.71,70.57,67.86,67.14,65.0,123.0,124.0,86.0
2012-11-18,201247,65.0,65,65,65,0.40395585,21.221302,0,1,172100020124719589,2023-08-20,Palmas,0.95880485,306296,0,0.0,1,22,,,,,144514,23.97,27.27,32.0,61.1,82.0,69.0,23.51,0.98726135,64.0,23.79,0.97013456,73.0,24.53,1.406122,77.0,24.57,1.9462651,67.75,23.95,4.189654742026425,-0.05884050002293417,0.015267472130788384,-0.114410351177745,-0.1670540846631665,46,26.24,26.94,29.17,29.54,60.1,83.8,27.9,10.3,85.57,82.71,70.57,67.86,123.0,124.0,86.0,80.0
2012-11-25,201248,123.0,123,123,123,0.99994683,40.157234,0,1,172100020124819589,2023-08-20,Palmas,1.7654222,306296,1,1.0,1,51,,,,,144514,23.9,26.5,30.37,113.8,85.43,65.0,23.97,0.95880485,69.0,23.51,0.98726135,64.0,23.79,0.97013456,73.0,24.53,1.406122,80.25,23.7925,4.820281565605037,0.6306268235786119,0.5717863235556777,0.6458942957094003,0.5162164724008669,47,27.27,26.24,26.94,29.17,61.1,60.1,83.8,27.9,82.0,85.57,82.71,70.57,124.0,86.0,80.0,117.0
2012-12-02,201249,124.0,124,124,124,0.9979783,40.483715,0,1,172100020124919589,2023-08-20,Palmas,1.4962503,306296,1,1.0,1,39,,,,,144514,23.13,26.46,31.2,54.1,83.43,123.0,23.9,1.7654222,65.0,23.97,0.95880485,69.0,23.51,0.98726135,64.0,23.79,0.97013456,95.25,23.627499999999998,4.8283137373023015,0.008032171697264445,0.6386589952758763,0.5798184952529422,0.6539264674066647,48,26.5,27.27,26.24,26.94,113.8,61.1,60.1,83.8,85.43,82.0,85.57,82.71,86.0,80.0,117.0,160.0
2012-12-09,201250,86.0,86,86,86,0.10159714,28.077415,0,2,172100020125019589,2023-08-20,Palmas,0.83120304,306296,1,0.0,1,37,,,,,144514,22.8,26.8,31.43,85.9,84.0,124.0,23.13,1.4962503,123.0,23.9,1.7654222,65.0,23.97,0.95880485,69.0,23.51,0.98726135,99.5,23.45,4.465908118654584,-0.3624056186477178,-0.35437344695045336,0.2762533766281585,0.21741287660522435,49,26.46,26.5,27.27,26.24,54.1,113.8,61.1,60.1,83.43,85.43,82.0,85.57,80.0,117.0,160.0,195.0
2012-12-16,201251,80.0,80,80,80,0.0195567,26.118526,0,2,172100020125119589,2023-08-20,Palmas,0.7394817,306296,1,0.0,1,25,,,,,144514,23.49,28.4,34.01,12.3,76.86,86.0,22.8,0.83120304,124.0,23.13,1.4962503,123.0,23.9,1.7654222,65.0,23.97,0.95880485,103.25,23.33,4.394449154672439,-0.07145896398214457,-0.4338645826298624,-0.42583241093259794,0.20479441264601395,50,26.8,26.46,26.5,27.27,85.9,54.1,113.8,61.1,84.0,83.43,85.43,82.0,117.0,160.0,195.0,198.0
2012-12-23,201252,117.0,117,117,117,0.91561157,38.198345,0,2,172100020125219589,2023-08-20,Palmas,1.2071028,306296,1,0.0,1,57,,,,,144514,23.21,26.87,31.9,70.9,82.29,80.0,23.49,0.7394817,86.0,22.8,0.83120304,124.0,23.13,1.4962503,123.0,23.9,1.7654222,101.75,23.1575,4.770684624465665,0.376235469793226,0.3047765058110814,-0.05762911283663641,-0.049596941139371964,51,28.4,26.8,26.46,26.5,12.3,85.9,54.1,113.8,76.86,84.0,83.43,85.43,160.0,195.0,198.0,209.0
2012-12-30,201301,160.0,160,160,160,0.99996287,52.237053,0,2,172100020130119589,2023-08-20,Palmas,1.6507984,306296,1,1.0,1,63,,,,,144514,22.87,27.14,32.16,84.6,81.0,117.0,23.21,1.2071028,80.0,23.49,0.7394817,86.0,22.8,0.83120304,124.0,23.13,1.4962503,110.75,23.0925,5.081404364984463,0.310719740518798,0.686955210312024,0.6154962463298794,0.2530906276821616,52,26.87,28.4,26.8,26.46,70.9,12.3,85.9,54.1,82.29,76.86,84.0,83.43,195.0,198.0,209.0,302.0
2013-01-06,201302,195.0,195,195,195,0.99998784,63.663906,0,2,172100020130219589,2023-08-20,Palmas,1.6184347,306296,1,1.0,1,71,,,,,144514,23.3,26.13,30.04,117.9,86.57,160.0,22.87,1.6507984,117.0,23.21,1.2071028,80.0,23.49,0.7394817,86.0,22.8,0.83120304,138.0,23.2175,5.278114659230517,0.19671029424605369,0.5074300347648517,0.8836655045580777,0.8122065405759331,1,27.14,26.87,28.4,26.8,84.6,70.9,12.3,85.9,81.0,82.29,76.86,84.0,198.0,209.0,302.0,280.0
2013-01-13,201303,198.0,198,198,198,0.9895389,64.64335,0,3,172100020130319589,2023-08-20,Palmas,1.2796233,306296,1,1.0,1,73,,,,,144514,22.86,25.76,29.83,92.0,86.57,195.0,23.3,1.6184347,160.0,22.87,1.6507984,117.0,23.21,1.2071028,80.0,23.49,0.7394817,167.5,23.06,5.293304824724492,0.01519016549397545,0.21190045974002913,0.5226202002588272,0.8988556700520531,2,26.13,27.14,26.87,28.4,117.9,84.6,70.9,12.3,86.57,81.0,82.29,76.86,209.0,302.0,280.0,313.0
2013-01-20,201304,209.0,209,209,209,0.9110405,68.23465,0,2,172100020130419589,2023-08-20,Palmas,1.1459178,306296,1,0.0,1,80,,,,,144514,22.96,25.51,29.09,168.8,89.43,198.0,22.86,1.2796233,195.0,23.3,1.6184347,160.0,22.87,1.6507984,117.0,23.21,1.2071028,190.5,22.997500000000002,5.3471075307174685,0.05380270599297621,0.06899287148695166,0.26570316573300534,0.5764229062518034,3,25.76,26.13,27.14,26.87,92.0,117.9,84.6,70.9,86.57,86.57,81.0,82.29,302.0,280.0,313.0,337.0
2013-01-27,201305,302.0,302,302,302,0.99999595,98.597435,0,1,172100020130519589,2023-08-20,Palmas,1.4934235,306296,0,1.0,2,94,,,,,144514,23.54,26.83,31.76,90.2,85.0,209.0,22.96,1.1459178,198.0,22.86,1.2796233,195.0,23.3,1.6184347,160.0,22.87,1.6507984,226.0,23.165,5.713732805509369,0.3666252747919003,0.42042798078487653,0.435618146278852,0.6323284405249057,4,25.51,25.76,26.13,27.14,168.8,92.0,117.9,84.6,89.43,86.57,86.57,81.0,280.0,313.0,337.0,363.0
2013-02-03,201306,280.0,280,280,280,0.9854972,91.41484,0,4,172100020130619589,2023-08-20,Palmas,1.213514,306296,1,1.0,2,125,,,,,144514,23.37,27.01,31.93,17.9,80.71,302.0,23.54,1.4934235,209.0,22.96,1.1459178,198.0,22.86,1.2796233,195.0,23.3,1.6184347,247.25,23.1825,5.638354669333745,-0.07537813617562339,0.29124713861627693,0.34504984460925314,0.3602400101032286,5,26.83,25.51,25.76,26.13,90.2,168.8,92.0,117.9,85.0,89.43,86.57,86.57,313.0,337.0,363.0,302.0
2013-02-10,201307,313.0,313,313,313,0.97130555,102.188736,0,4,172100020130719589,2023-08-20,Palmas,1.171059,306296,1,1.0,2,142,,,,,144514,23.43,27.57,33.04,13.5,78.14,280.0,23.37,1.213514,302.0,23.54,1.4934235,209.0,22.96,1.1459178,198.0,22.86,1.2796233,276.0,23.325,5.749392985908253,0.11103831657450769,0.0356601803988843,0.4022854551907846,0.45608816118376083,6,27.01,26.83,25.51,25.76,17.9,90.2,168.8,92.0,80.71,85.0,89.43,86.57,337.0,363.0,302.0,355.0
2013-02-17,201308,337.0,337,337,337,0.9672508,110.02429,0,4,172100020130819589,2023-08-20,Palmas,1.1584787,306296,1,1.0,2,138,,,,,144514,23.11,27.3,32.33,38.9,79.86,313.0,23.43,1.171059,280.0,23.37,1.213514,302.0,23.54,1.4934235,209.0,22.96,1.1459178,308.0,23.3625,5.823045895483019,0.07365290957476578,0.18469122614927347,0.10931308997365008,0.4759383647655504,7,27.57,27.01,26.83,25.51,13.5,17.9,90.2,168.8,78.14,80.71,85.0,89.43,363.0,302.0,355.0,326.0
2013-02-24,201309,363.0,363,363,363,0.9774824,118.51281,0,4,172100020130919589,2023-08-20,Palmas,1.1671203,306296,1,1.0,2,160,,,,,144514,23.74,27.0,32.09,33.1,83.0,337.0,23.11,1.1584787,313.0,23.43,1.171059,280.0,23.37,1.213514,302.0,23.54,1.4934235,323.25,23.4125,5.8971538676367405,0.07410797215372167,0.14776088172848745,0.25879919830299514,0.18342106212737175,8,27.3,27.57,27.01,26.83,38.9,13.5,17.9,90.2,79.86,78.14,80.71,85.0,302.0,355.0,326.0,354.0
2013-03-03,201310,302.0,302,302,302,0.12589087,98.597435,0,4,172100020131019589,2023-08-20,Palmas,0.91292405,306296,1,0.0,2,134,,,,,144514,24.21,28.27,33.44,28.0,76.57,363.0,23.74,1.1671203,337.0,23.11,1.1584787,313.0,23.43,1.171059,280.0,23.37,1.213514,328.75,23.6225,5.713732805509369,-0.18342106212737175,-0.10931308997365008,-0.0356601803988843,0.07537813617562339,9,27.0,27.3,27.57,27.01,33.1,38.9,13.5,17.9,83.0,79.86,78.14,80.71,355.0,326.0,354.0,368.0
2013-03-10,201311,355.0,355,355,355,0.75586855,115.900955,0,4,172100020131119589,2023-08-20,Palmas,1.0540913,306296,1,0.0,2,161,,,,,144514,24.04,27.71,32.36,87.0,82.71,302.0,24.21,0.91292405,363.0,23.74,1.1671203,337.0,23.11,1.1584787,313.0,23.43,1.171059,339.25,23.775,5.87493073085203,0.16119792534266164,-0.022223136784710107,0.05188483536901156,0.12553774494377734,10,28.27,27.0,27.3,27.57,28.0,33.1,38.9,13.5,76.57,83.0,79.86,78.14,326.0,354.0,368.0,406.0
2013-03-17,201312,326.0,326,326,326,0.41598752,106.43299,0,4,172100020131219589,2023-08-20,Palmas,0.9835967,306296,1,0.0,2,140,,,,,144514,23.4,26.11,30.4,141.3,88.14,355.0,24.04,1.0540913,302.0,24.21,0.91292405,363.0,23.74,1.1671203,337.0,23.11,1.1584787,336.5,23.8475,5.7899601708972535,-0.08497055995477698,0.07622736538788466,-0.10719369673948709,-0.03308572458576542,11,27.71,28.27,27.0,27.3,87.0,28.0,33.1,38.9,82.71,76.57,83.0,79.86,354.0,368.0,406.0,448.0
2013-03-24,201313,354.0,354,354,354,0.77923447,115.57448,0,4,172100020131319589,2023-08-20,Palmas,1.0604216,306296,1,0.0,2,162,,,,,144514,23.01,25.81,29.47,135.9,88.14,326.0,23.4,0.9835967,355.0,24.04,1.0540913,302.0,24.21,0.91292405,363.0,23.74,1.1671203,334.25,23.665000000000003,5.872117789475416,0.0821576185781625,-0.002812941376614475,0.15838498396604717,-0.025036078161324582,12,26.11,27.71,28.27,27.0,141.3,87.0,28.0,33.1,88.14,82.71,76.57,83.0,368.0,406.0,448.0,469.0
2013-03-31,201314,368.0,368,368,368,0.85870683,120.14522,0,4,172100020131419589,2023-08-20,Palmas,1.0841364,306296,1,0.0,2,168,,,,,144514,23.26,27.9,33.14,13.4,78.71,354.0,23.01,1.0604216,326.0,23.4,0.9835967,355.0,24.04,1.0540913,302.0,24.21,0.91292405,350.75,23.427500000000002,5.910796644040527,0.03867885456511111,0.12083647314327361,0.035865913188496634,0.19706383853115828,13,25.81,26.11,27.71,28.27,135.9,141.3,87.0,28.0,88.14,88.14,82.71,76.57,406.0,448.0,469.0,276.0
2013-04-07,201315,406.0,406,406,406,0.9759966,132.55151,0,4,172100020131519589,2023-08-20,Palmas,1.1546297,306296,1,1.0,2,163,,,,,144514,23.5,27.34,32.33,61.0,84.71,368.0,23.26,1.0841364,354.0,23.01,1.0604216,326.0,23.4,0.9835967,355.0,24.04,1.0540913,363.5,23.292500000000004,6.008813185442595,0.0980165414020675,0.1366953959671786,0.21885301454534112,0.13388245459056414,14,27.9,25.81,26.11,27.71,13.4,135.9,141.3,87.0,78.71,88.14,88.14,82.71,448.0,469.0,276.0,256.0
2013-04-14,201316,448.0,448,448,448,0.9950603,146.26375,0,4,172100020131619589,2023-08-20,Palmas,1.1975031,306296,1,1.0,2,168,,,,,144514,23.13,26.9,31.07,78.2,84.43,406.0,23.5,1.1546297,368.0,23.26,1.0841364,354.0,23.01,1.0604216,326.0,23.4,0.9835967,394.0,23.225,6.1070228877422545,0.09820970229965997,0.19622624370172748,0.23490509826683859,0.3170627168450011,15,27.34,27.9,25.81,26.11,61.0,13.4,135.9,141.3,84.71,78.71,88.14,88.14,469.0,276.0,256.0,238.0
2013-04-21,201317,469.0,469,469,469,0.9844067,153.11986,0,4,172100020131719589,2023-08-20,Palmas,1.1570363,306296,1,1.0,2,203,,,,,144514,23.11,27.06,31.61,10.8,76.86,448.0,23.13,1.1975031,406.0,23.5,1.1546297,368.0,23.26,1.0841364,354.0,23.01,1.0604216,422.75,23.25,6.152732694704104,0.045709806961849786,0.14391950926150976,0.24193605066357726,0.28061490522868837,16,26.9,27.34,27.9,25.81,78.2,61.0,13.4,135.9,84.43,84.71,78.71,88.14,276.0,256.0,238.0,196.0
2013-04-28,201318,276.0,276,276,276,5.481076e-09,90.10892,0,4,172100020131819589,2023-08-20,Palmas,0.6466218,306296,0,0.0,2,119,,,,,144514,23.04,27.94,33.24,0.5,72.0,469.0,23.11,1.1570363,448.0,23.13,1.1975031,406.0,23.5,1.1546297,368.0,23.26,1.0841364,399.75,23.195,5.6240175061873385,-0.5287151885167658,-0.483005381554916,-0.38479567925525604,-0.28677913785318854,17,27.06,26.9,27.34,27.9,10.8,78.2,61.0,13.4,76.86,84.43,84.71,78.71,256.0,238.0,196.0,151.0
2013-05-05,201319,256.0,256,256,256,8.565097e-09,83.579285,0,4,172100020131919589,2023-08-20,Palmas,0.64046186,306296,1,0.0,2,111,,,,,144514,23.5,27.27,31.77,46.2,77.71,276.0,23.04,0.6466218,469.0,23.11,1.1570363,448.0,23.13,1.1975031,406.0,23.5,1.1546297,362.25,23.195,5.54907608489522,-0.07494142129211845,-0.6036566098088842,-0.5579468028470345,-0.4597371005473745,18,27.94,27.06,26.9,27.34,0.5,10.8,78.2,61.0,72.0,76.86,84.43,84.71,238.0,196.0,151.0,135.0
2013-05-12,201320,238.0,238,238,238,0.00012901505,77.702614,0,4,172100020132019589,2023-08-20,Palmas,0.7336084,306296,0,0.0,2,104,,,,,144514,22.57,27.99,33.34,0.3,67.71,256.0,23.5,0.64046186,276.0,23.04,0.6466218,469.0,23.11,1.1570363,448.0,23.13,1.1975031,309.75,23.055,5.476463551931511,-0.07261253296370906,-0.1475539542558275,-0.6762691427725933,-0.6305593358107435,19,27.27,27.94,27.06,26.9,46.2,0.5,10.8,78.2,77.71,72.0,76.86,84.43,196.0,151.0,135.0,140.0
2013-05-19,201321,196.0,196,196,196,0.00069041963,63.990387,0,1,172100020132119589,2023-08-20,Palmas,0.74117064,306296,0,0.0,1,102,,,,,144514,23.53,28.49,34.11,0.0,63.57,238.0,22.57,0.7336084,256.0,23.5,0.64046186,276.0,23.04,0.6466218,469.0,23.11,1.1570363,241.5,23.16,5.2832037287379885,-0.19325982319352253,-0.2658723561572316,-0.34081377744935004,-0.8695289659661158,20,27.99,27.27,27.94,27.06,0.3,46.2,0.5,10.8,67.71,77.71,72.0,76.86,151.0,135.0,140.0,116.0
2013-05-26,201322,151.0,151,151,151,2.6286541e-05,49.298717,0,1,172100020132219589,2023-08-20,Palmas,0.6579169,306296,1,0.0,1,58,,,,,144514,23.0,27.66,32.71,8.5,72.57,196.0,23.53,0.74117064,238.0,22.57,0.7336084,256.0,23.5,0.64046186,276.0,23.04,0.6466218,210.25,23.150000000000002,5.0238805208462765,-0.25932320789171204,-0.45258303108523457,-0.5251955640489436,-0.6001369853410621,21,28.49,27.99,27.27,27.94,0.0,0.3,46.2,0.5,63.57,67.71,77.71,72.0,135.0,140.0,116.0,73.0
2013-06-02,201323,135.0,135,135,135,0.0004799678,44.075012,0,1,172100020132319589,2023-08-20,Palmas,0.69331604,306296,1,0.0,1,58,,,,,144514,22.87,27.2,32.5,12.3,71.57,151.0,23.0,0.6579169,196.0,23.53,0.74117064,238.0,22.57,0.7336084,256.0,23.5,0.64046186,180.0,22.9925,4.912654885736052,-0.1112256351102241,-0.37054884300193613,-0.5638086661954587,-0.6364211991591677,22,27.66,28.49,27.99,27.27,8.5,0.0,0.3,46.2,72.57,63.57,67.71,77.71,140.0,116.0,73.0,51.0
2013-06-09,201324,140.0,140,140,140,0.103212886,45.70742,0,1,172100020132419589,2023-08-20,Palmas,0.8646599,306296,0,0.0,1,76,,,,,144514,22.13,27.5,33.47,0.0,62.86,135.0,22.87,0.69331604,151.0,23.0,0.6579169,196.0,23.53,0.74117064,238.0,22.57,0.7336084,155.5,22.8825,4.948759890378168,0.03610500464211608,-0.07512063046810802,-0.33444383835982006,-0.5277036615533426,23,27.2,27.66,28.49,27.99,12.3,8.5,0.0,0.3,71.57,72.57,63.57,67.71,116.0,73.0,51.0,51.0
2013-06-16,201325,116.0,116,116,116,0.051037554,37.871864,0,1,172100020132519589,2023-08-20,Palmas,0.8157219,306296,0,0.0,1,44,,,,,144514,22.43,27.77,33.74,0.0,64.57,140.0,22.13,0.8646599,135.0,22.87,0.69331604,151.0,23.0,0.6579169,196.0,23.53,0.74117064,135.5,22.607499999999998,4.762173934797756,-0.18658595558041213,-0.15048095093829605,-0.26170658604852015,-0.5210297939402322,24,27.5,27.2,27.66,28.49,0.0,12.3,8.5,0.0,62.86,71.57,72.57,63.57,73.0,51.0,51.0,37.0
2013-06-23,201326,73.0,73,73,73,3.0304225e-05,23.833155,0,1,172100020132619589,2023-08-20,Palmas,0.56335235,306296,0,0.0,1,35,,,,,144514,21.31,27.6,34.33,0.0,56.71,116.0,22.43,0.8157219,140.0,22.13,0.8646599,135.0,22.87,0.69331604,151.0,23.0,0.6579169,116.0,22.185,4.30406509320417,-0.4581088415935861,-0.6446947971739982,-0.6085897925318822,-0.7198154276421063,25,27.77,27.5,27.2,27.66,0.0,0.0,12.3,8.5,64.57,62.86,71.57,72.57,51.0,51.0,37.0,29.0
2013-06-30,201327,51.0,51,51,51,1.909014e-06,16.65056,0,1,172100020132719589,2023-08-20,Palmas,0.46980715,306296,0,0.0,1,20,,,,,144514,22.36,27.83,34.3,0.0,54.43,73.0,21.31,0.56335235,116.0,22.43,0.8157219,140.0,22.13,0.8646599,135.0,22.87,0.69331604,95.0,22.0575,3.9512437185814275,-0.35282137462274266,-0.8109302162163288,-0.9975161717967409,-0.9614111671546248,26,27.6,27.77,27.5,27.2,0.0,0.0,0.0,12.3,56.71,64.57,62.86,71.57,51.0,37.0,29.0,51.0
2013-07-07,201328,51.0,51,51,51,0.0048132217,16.65056,0,1,172100020132819589,2023-08-20,Palmas,0.6338319,306296,0,0.0,1,22,,,,,144514,21.13,26.7,33.21,0.0,54.14,51.0,22.36,0.46980715,73.0,21.31,0.56335235,116.0,22.43,0.8157219,140.0,22.13,0.8646599,72.75,21.807499999999997,3.9512437185814275,0.0,-0.35282137462274266,-0.8109302162163288,-0.9975161717967409,27,27.83,27.6,27.77,27.5,0.0,0.0,0.0,0.0,54.43,56.71,64.57,62.86,37.0,29.0,51.0,48.0
2013-07-14,201329,37.0,37,37,37,0.011059781,12.079818,0,1,172100020132919589,2023-08-20,Palmas,0.6244747,306296,0,0.0,1,19,,,,,144514,22.01,28.04,34.54,0.0,57.57,51.0,21.13,0.6338319,51.0,22.36,0.46980715,73.0,21.31,0.56335235,116.0,22.43,0.8157219,53.0,21.7025,3.6375861597263857,-0.3136575588550419,-0.3136575588550419,-0.6664789334777845,-1.1245877750713706,28,26.7,27.83,27.6,27.77,0.0,0.0,0.0,0.0,54.14,54.43,56.71,64.57,29.0,51.0,48.0,57.0
2013-07-21,201330,29.0,29,29,29,0.015544662,9.467966,0,1,172100020133019589,2023-08-20,Palmas,0.6082267,306296,0,0.0,0,10,,,,,144514,22.61,28.76,35.57,0.0,53.57,37.0,22.01,0.6244747,51.0,21.13,0.6338319,51.0,22.36,0.46980715,73.0,21.31,0.56335235,42.0,22.0275,3.4011973816621555,-0.2363887780642302,-0.5500463369192721,-0.5500463369192721,-0.9028677115420147,29,28.04,26.7,27.83,27.6,0.0,0.0,0.0,0.0,57.57,54.14,54.43,56.71,51.0,48.0,57.0,55.0
2013-07-28,201331,51.0,51,51,51,0.87774765,16.65056,0,1,172100020133119589,2023-08-20,Palmas,1.2761211,306296,0,0.0,1,16,,,,,144514,21.9,28.16,34.87,0.0,52.14,29.0,22.61,0.6082267,37.0,22.01,0.6244747,51.0,21.13,0.6338319,51.0,22.36,0.46980715,42.0,21.9125,3.9512437185814275,0.5500463369192721,0.3136575588550419,0.0,0.0,30,28.76,28.04,26.7,27.83,0.0,0.0,0.0,0.0,53.57,57.57,54.14,54.43,48.0,57.0,55.0,39.0
2013-08-04,201332,48.0,48,48,48,0.84940195,15.671116,0,1,172100020133219589,2023-08-20,Palmas,1.2485751,306296,0,0.0,1,9,,,,,144514,19.94,27.39,35.06,0.0,49.14,51.0,21.9,1.2761211,29.0,22.61,0.6082267,37.0,22.01,0.6244747,51.0,21.13,0.6338319,41.25,21.615000000000002,3.8918202981106265,-0.05942342047080107,0.490622916448471,0.2542341383842408,-0.05942342047080107,31,28.16,28.76,28.04,26.7,0.0,0.0,0.0,0.0,52.14,53.57,57.57,54.14,57.0,55.0,39.0,39.0
2013-08-11,201333,57.0,57,57,57,0.89799887,18.60945,0,1,172100020133319589,2023-08-20,Palmas,1.287091,306296,0,0.0,1,24,,,,,144514,22.19,29.03,36.3,0.0,48.43,48.0,19.94,1.2485751,51.0,21.9,1.2761211,29.0,22.61,0.6082267,37.0,22.01,0.6244747,46.25,21.66,4.060443010546419,0.16862271243579263,0.10919929196499156,0.6592456288842636,0.42285685082003344,32,27.39,28.16,28.76,28.04,0.0,0.0,0.0,0.0,49.14,52.14,53.57,57.57,55.0,39.0,39.0,35.0
2013-08-18,201334,55.0,55,55,55,0.68834764,17.956486,0,1,172100020133419589,2023-08-20,Palmas,1.1002599,306296,0,0.0,1,19,,,,,144514,22.97,29.19,36.03,0.0,41.71,57.0,22.19,1.287091,48.0,19.94,1.2485751,51.0,21.9,1.2761211,29.0,22.61,0.6082267,52.75,21.75,4.02535169073515,-0.03509131981126945,0.13353139262452318,0.07410797215372211,0.6241543090729942,33,29.03,27.39,28.16,28.76,0.0,0.0,0.0,0.0,48.43,49.14,52.14,53.57,39.0,39.0,35.0,59.0
2013-08-25,201335,39.0,39,39,39,0.07556042,12.732781,0,1,172100020133519589,2023-08-20,Palmas,0.7406643,306296,0,0.0,1,14,,,,,144514,23.6,29.93,36.57,0.1,45.0,55.0,22.97,1.1002599,57.0,22.19,1.287091,48.0,19.94,1.2485751,51.0,21.9,1.2761211,49.75,22.174999999999997,3.6888794541139363,-0.3364722366212134,-0.37156355643248284,-0.2029408439966902,-0.2623642644674913,34,29.19,29.03,27.39,28.16,0.0,0.0,0.0,0.0,41.71,48.43,49.14,52.14,39.0,35.0,59.0,60.0
2013-09-01,201336,39.0,39,39,39,0.118435636,12.732781,0,1,172100020133619589,2023-08-20,Palmas,0.77847123,306296,0,0.0,1,6,,,,,144514,24.4,29.8,35.89,1.1,49.57,39.0,23.6,0.7406643,55.0,22.97,1.1002599,57.0,22.19,1.287091,48.0,19.94,1.2485751,47.5,23.29,3.6888794541139363,0.0,-0.3364722366212134,-0.37156355643248284,-0.2029408439966902,35,29.93,29.19,29.03,27.39,0.1,0.0,0.0,0.0,45.0,41.71,48.43,49.14,35.0,59.0,60.0,44.0
2013-09-08,201337,35.0,35,35,35,0.16740939,11.426855,0,1,172100020133719589,2023-08-20,Palmas,0.80476856,306296,0,0.0,0,12,,,,,144514,24.97,30.16,36.01,0.0,39.86,39.0,24.4,0.77847123,39.0,23.6,0.7406643,55.0,22.97,1.1002599,57.0,22.19,1.287091,42.0,23.985,3.58351893845611,-0.10536051565782634,-0.10536051565782634,-0.44183275227903973,-0.4769240720903092,36,29.8,29.93,29.19,29.03,1.1,0.1,0.0,0.0,49.57,45.0,41.71,48.43,59.0,60.0,44.0,51.0
2013-09-15,201338,59.0,59,59,59,0.9736451,19.262413,0,1,172100020133819589,2023-08-20,Palmas,1.4794878,306296,0,1.0,1,11,,,,,144514,25.79,31.24,37.43,0.0,46.29,35.0,24.97,0.80476856,39.0,24.4,0.77847123,39.0,23.6,0.7406643,55.0,22.97,1.1002599,43.0,24.689999999999998,4.0943445622221,0.5108256237659905,0.40546510810816416,0.40546510810816416,0.06899287148695077,37,30.16,29.8,29.93,29.19,0.0,1.1,0.1,0.0,39.86,49.57,45.0,41.71,60.0,44.0,51.0,67.0
2013-09-22,201339,60.0,60,60,60,0.95117867,19.588894,0,1,172100020133919589,2023-08-20,Palmas,1.3865565,306296,0,1.0,1,20,,,,,144514,24.7,29.79,35.96,4.3,58.0,59.0,25.79,1.4794878,35.0,24.97,0.80476856,39.0,24.4,0.77847123,39.0,23.6,0.7406643,48.25,24.965,4.110873864173311,0.01652930195121094,0.5273549257172014,0.4219944100593751,0.4219944100593751,38,31.24,30.16,29.8,29.93,0.0,0.0,1.1,0.1,46.29,39.86,49.57,45.0,44.0,51.0,67.0,62.0
2013-09-29,201340,44.0,44,44,44,0.22959663,14.36519,0,1,172100020134019589,2023-08-20,Palmas,0.8596041,306296,0,0.0,1,8,,,,,144514,24.97,30.4,36.41,10.3,57.71,60.0,24.7,1.3865565,59.0,25.79,1.4794878,35.0,24.97,0.80476856,39.0,24.4,0.77847123,49.5,25.107499999999998,3.8066624897703196,-0.30421137440299173,-0.2876820724517808,0.2231435513142097,0.11778303565638337,39,29.79,31.24,30.16,29.8,4.3,0.0,0.0,1.1,58.0,46.29,39.86,49.57,51.0,67.0,62.0,72.0
2013-10-06,201341,51.0,51,51,51,0.39624172,16.65056,0,1,172100020134119589,2023-08-20,Palmas,0.9500588,306296,0,0.0,1,11,,,,,144514,24.57,29.1,34.31,20.7,62.43,44.0,24.97,0.8596041,60.0,24.7,1.3865565,59.0,25.79,1.4794878,35.0,24.97,0.80476856,53.5,25.0075,3.9512437185814275,0.1445812288111079,-0.15963014559188382,-0.14310084364067288,0.3677247801253176,40,30.4,29.79,31.24,30.16,10.3,4.3,0.0,0.0,57.71,58.0,46.29,39.86,67.0,62.0,72.0,92.0
2013-10-13,201342,67.0,67,67,67,0.92552906,21.874266,0,1,172100020134219589,2023-08-20,Palmas,1.3041245,306296,0,0.0,1,11,,,,,144514,25.24,29.49,34.6,23.2,57.71,51.0,24.57,0.9500588,44.0,24.97,0.8596041,60.0,24.7,1.3865565,59.0,25.79,1.4794878,55.5,24.87,4.219507705176107,0.2682639865946794,0.41284521540578734,0.1086338410027956,0.12516314295400655,41,29.1,30.4,29.79,31.24,20.7,10.3,4.3,0.0,62.43,57.71,58.0,46.29,62.0,72.0,92.0,79.0
2013-10-20,201343,62.0,62,62,62,0.7704006,20.241858,0,1,172100020134319589,2023-08-20,Palmas,1.1469178,306296,0,0.0,1,12,,,,,144514,23.46,27.89,33.4,29.2,74.0,67.0,25.24,1.3041245,51.0,24.57,0.9500588,44.0,24.97,0.8596041,60.0,24.7,1.3865565,56.0,24.560000000000002,4.143134726391533,-0.07637297878457439,0.19189100781010504,0.33647223662121295,0.03226086221822122,42,29.49,29.1,30.4,29.79,23.2,20.7,10.3,4.3,57.71,62.43,57.71,58.0,72.0,92.0,79.0,118.0
2013-10-27,201344,72.0,72,72,72,0.8396326,23.506674,0,1,172100020134419589,2023-08-20,Palmas,1.1879495,306296,0,0.0,1,17,,,,,144514,23.53,26.86,31.8,98.4,80.43,62.0,23.46,1.1469178,67.0,25.24,1.3041245,51.0,24.57,0.9500588,44.0,24.97,0.8596041,63.0,24.200000000000003,4.290459441148391,0.14732471475685838,0.07095173597228399,0.3392157225669634,0.4837969513780713,43,27.89,29.49,29.1,30.4,29.2,23.2,20.7,10.3,74.0,57.71,62.43,57.71,92.0,79.0,118.0,107.0
2013-11-03,201345,92.0,92,92,92,0.9799785,30.036304,0,1,172100020134519589,2023-08-20,Palmas,1.3877957,306296,1,1.0,1,21,,,,,144514,22.86,26.9,31.66,33.5,79.29,72.0,23.53,1.1879495,62.0,23.46,1.1469178,67.0,25.24,1.3041245,51.0,24.57,0.9500588,73.25,23.7725,4.532599493153256,0.24214005200486532,0.3894647667617237,0.3130917879771493,0.5813557745718287,44,26.86,27.89,29.49,29.1,98.4,29.2,23.2,20.7,80.43,74.0,57.71,62.43,79.0,118.0,107.0,108.0
2013-11-10,201346,79.0,79,79,79,0.6543016,25.792044,0,1,172100020134619589,2023-08-20,Palmas,1.0660979,306296,1,0.0,1,22,,,,,144514,23.33,26.67,31.4,75.4,82.86,92.0,22.86,1.3877957,72.0,23.53,1.1879495,62.0,23.46,1.1469178,67.0,25.24,1.3041245,76.25,23.295,4.382026634673881,-0.15057285847937507,0.09156719352549025,0.23889190828234863,0.16251892949777424,45,26.9,26.86,27.89,29.49,33.5,98.4,29.2,23.2,79.29,80.43,74.0,57.71,118.0,107.0,108.0,116.0
2013-11-17,201347,118.0,118,118,118,0.99305105,38.524826,0,1,172100020134719589,2023-08-20,Palmas,1.4172052,306296,0,1.0,1,29,,,,,144514,23.54,27.7,32.59,35.1,75.71,79.0,23.33,1.0660979,92.0,22.86,1.3877957,72.0,23.53,1.1879495,62.0,23.46,1.1469178,90.25,23.314999999999998,4.77912349311153,0.3970968584376484,0.24652399995827334,0.48866405196313867,0.635988766719997,46,26.67,26.9,26.86,27.89,75.4,33.5,98.4,29.2,82.86,79.29,80.43,74.0,107.0,108.0,116.0,107.0
2013-11-24,201348,107.0,107,107,107,0.8521075,34.93353,0,1,172100020134819589,2023-08-20,Palmas,1.1595335,306296,0,0.0,1,16,,,,,144514,23.09,26.04,29.86,80.1,85.14,118.0,23.54,1.4172052,79.0,23.33,1.0660979,92.0,22.86,1.3877957,72.0,23.53,1.1879495,99.0,23.205,4.68213122712422,-0.0969922659873097,0.3001045924503387,0.14953173397096364,0.39167178597582897,47,27.7,26.67,26.9,26.86,35.1,75.4,33.5,98.4,75.71,82.86,79.29,80.43,108.0,116.0,107.0,86.0
2013-12-01,201349,108.0,108,108,108,0.6294655,35.26001,0,1,172100020134919589,2023-08-20,Palmas,1.0464363,306296,0,0.0,1,24,,,,,144514,22.93,27.37,32.46,37.0,77.71,107.0,23.09,1.1595335,118.0,23.54,1.4172052,79.0,23.33,1.0660979,92.0,22.86,1.3877957,103.0,23.2225,4.6913478822291435,0.009216655104923532,-0.08777561088238617,0.30932124755526225,0.15874838907588718,48,26.04,27.7,26.67,26.9,80.1,35.1,75.4,33.5,85.14,75.71,82.86,79.29,116.0,107.0,86.0,93.0
2013-12-08,201350,116.0,116,116,116,0.6963469,37.871864,0,1,172100020135019589,2023-08-20,Palmas,1.0709218,306296,1,0.0,1,20,,,,,144514,22.8,26.4,30.44,83.1,84.29,108.0,22.93,1.0464363,107.0,23.09,1.1595335,118.0,23.54,1.4172052,79.0,23.33,1.0660979,112.25,23.090000000000003,4.762173934797756,0.07082605256861285,0.08004270767353638,-0.016949558313773316,0.3801473001238751,49,27.37,26.04,27.7,26.67,37.0,80.1,35.1,75.4,77.71,85.14,75.71,82.86,107.0,86.0,93.0,150.0
2013-12-15,201351,107.0,107,107,107,0.43092898,34.93353,0,1,172100020135119589,2023-08-20,Palmas,0.97667176,306296,1,0.0,1,20,,,,,144514,23.34,25.14,27.93,123.6,90.29,116.0,22.8,1.0709218,108.0,22.93,1.0464363,107.0,23.09,1.1595335,118.0,23.54,1.4172052,109.5,23.04,4.68213122712422,-0.08004270767353638,-0.009216655104923532,0.0,-0.0969922659873097,50,26.4,27.37,26.04,27.7,83.1,37.0,80.1,35.1,84.29,77.71,85.14,75.71,86.0,93.0,150.0,156.0
2013-12-22,201352,86.0,86,86,86,0.047480404,28.077415,0,2,172100020135219589,2023-08-20,Palmas,0.7871498,306296,1,0.0,1,25,,,,,144514,22.99,25.79,29.49,133.6,87.0,107.0,23.34,0.97667176,116.0,22.8,1.0709218,108.0,22.93,1.0464363,107.0,23.09,1.1595335,104.25,23.015,4.465908118654584,-0.21622310846963622,-0.2962658161431726,-0.22543976357455975,-0.21622310846963622,51,25.14,26.4,27.37,26.04,123.6,83.1,37.0,80.1,90.29,84.29,77.71,85.14,93.0,150.0,156.0,173.0
2013-12-29,201401,93.0,93,93,93,0.2390114,30.362787,0,1,172100020140119589,2023-08-20,Palmas,0.90372676,306296,0,0.0,1,30,,,,,144514,23.27,27.36,32.19,27.1,79.0,86.0,22.99,0.7871498,107.0,23.34,0.97667176,116.0,22.8,1.0709218,108.0,22.93,1.0464363,100.5,23.1,4.543294782270004,0.07738666361542013,-0.1388364448542161,-0.21887915252775247,-0.14805309995913962,52,25.79,25.14,26.4,27.37,133.6,123.6,83.1,37.0,87.0,90.29,84.29,77.71,150.0,156.0,173.0,175.0
2014-01-05,201402,150.0,150,150,150,0.999598,48.972237,0,1,172100020140219589,2023-08-20,Palmas,1.5375483,306296,1,1.0,1,34,,,,,144514,23.13,27.16,32.1,25.1,75.57,93.0,23.27,0.90372676,86.0,22.99,0.7871498,107.0,23.34,0.97667176,116.0,22.8,1.0709218,109.0,23.182499999999997,5.017279836814924,0.47398505454492046,0.5513717181603406,0.33514860969070437,0.255105902017168,1,27.36,25.79,25.14,26.4,27.1,133.6,123.6,83.1,79.0,87.0,90.29,84.29,156.0,173.0,175.0,159.0
2014-01-12,201403,156.0,156,156,156,0.9981569,50.931126,0,1,172100020140319589,2023-08-20,Palmas,1.4320459,306296,1,1.0,1,25,,,,,144514,23.56,26.61,31.14,39.9,81.43,150.0,23.13,1.5375483,93.0,23.27,0.90372676,86.0,22.99,0.7871498,107.0,23.34,0.97667176,121.25,23.2375,5.056245805348308,0.03896596853338341,0.5129510230783039,0.590337686693724,0.3741145782240878,2,27.16,27.36,25.79,25.14,25.1,27.1,133.6,123.6,75.57,79.0,87.0,90.29,173.0,175.0,159.0,168.0
2014-01-19,201404,173.0,173,173,173,0.9860044,56.48131,0,3,172100020140419589,2023-08-20,Palmas,1.2856183,306296,1,1.0,1,39,,,,,144514,23.07,25.94,29.91,99.7,85.29,156.0,23.56,1.4320459,150.0,23.13,1.5375483,93.0,23.27,0.90372676,86.0,22.99,0.7871498,143.0,23.2575,5.159055299214529,0.1028094938662214,0.1417754623996048,0.6157605169445253,0.6931471805599454,3,26.61,27.16,27.36,25.79,39.9,25.1,27.1,133.6,81.43,75.57,79.0,87.0,175.0,159.0,168.0,176.0
2014-01-26,201405,175.0,175,175,175,0.8617258,57.134274,0,1,172100020140519589,2023-08-20,Palmas,1.1271652,306296,0,0.0,1,43,,,,,144514,22.67,25.8,29.97,42.9,82.14,173.0,23.07,1.2856183,156.0,23.56,1.4320459,150.0,23.13,1.5375483,93.0,23.27,0.90372676,163.5,23.107499999999998,5.170483995038151,0.01142869582362227,0.11423818968984367,0.15320415822322708,0.6271892127681475,4,25.94,26.61,27.16,27.36,99.7,39.9,25.1,27.1,85.29,81.43,75.57,79.0,159.0,168.0,176.0,163.0
2014-02-02,201406,159.0,159,159,159,0.34432477,51.910572,0,1,172100020140619589,2023-08-20,Palmas,0.9565845,306296,1,0.0,1,43,,,,,144514,23.04,26.67,30.8,26.0,82.86,175.0,22.67,1.1271652,173.0,23.07,1.2856183,156.0,23.56,1.4320459,150.0,23.13,1.5375483,165.75,23.085,5.075173815233827,-0.09531017980432477,-0.0838814839807025,0.018928009885518904,0.057893978418902314,5,25.8,25.94,26.61,27.16,42.9,99.7,39.9,25.1,82.14,85.29,81.43,75.57,168.0,176.0,163.0,139.0
2014-02-09,201407,168.0,168,168,168,0.49303913,54.848904,0,1,172100020140719589,2023-08-20,Palmas,0.9981012,306296,1,0.0,1,49,,,,,144514,22.99,25.86,29.76,65.9,86.43,159.0,23.04,0.9565845,175.0,22.67,1.1271652,173.0,23.07,1.2856183,156.0,23.56,1.4320459,168.75,22.9425,5.1298987149230735,0.054724899689246875,-0.04058528011507789,-0.029156584291455623,0.07365290957476578,6,26.67,25.8,25.94,26.61,26.0,42.9,99.7,39.9,82.86,82.14,85.29,81.43,176.0,163.0,139.0,114.0
2014-02-16,201408,176.0,176,176,176,0.70623326,57.46076,0,2,172100020140819589,2023-08-20,Palmas,1.0603546,306296,1,0.0,1,57,,,,,144514,22.93,25.53,29.27,97.2,87.0,168.0,22.99,0.9981012,159.0,23.04,0.9565845,175.0,22.67,1.1271652,173.0,23.07,1.2856183,169.5,22.9075,5.176149732573829,0.046251017650755344,0.10097591734000222,0.005665737535677451,0.01709443335929972,7,25.86,26.67,25.8,25.94,65.9,26.0,42.9,99.7,86.43,82.86,82.14,85.29,163.0,139.0,114.0,102.0
2014-02-23,201409,163.0,163,163,163,0.4102096,53.216496,0,2,172100020140919589,2023-08-20,Palmas,0.9753514,306296,1,0.0,1,43,,,,,144514,22.91,26.07,30.19,50.6,83.57,176.0,22.93,1.0603546,168.0,22.99,0.9981012,159.0,23.04,0.9565845,175.0,22.67,1.1271652,166.5,22.9675,5.099866427824199,-0.07628330474963008,-0.030032287098874733,0.024692612590372143,-0.07061756721395263,8,25.53,25.86,26.67,25.8,97.2,65.9,26.0,42.9,87.0,86.43,82.86,82.14,139.0,114.0,102.0,106.0
2014-03-02,201410,139.0,139,139,139,0.053198554,45.38094,0,2,172100020141019589,2023-08-20,Palmas,0.8313675,306296,1,0.0,1,39,,,,,144514,22.74,25.76,29.73,99.1,87.0,163.0,22.91,0.9753514,176.0,22.93,1.0603546,168.0,22.99,0.9981012,159.0,23.04,0.9565845,161.5,22.8925,4.941642422609304,-0.15822400521489488,-0.23450730996452496,-0.1882562923137696,-0.13353139262452274,9,26.07,25.53,25.86,26.67,50.6,97.2,65.9,26.0,83.57,87.0,86.43,82.86,114.0,102.0,106.0,98.0
2014-03-09,201411,114.0,114,114,114,0.0042311265,37.2189,0,2,172100020141119589,2023-08-20,Palmas,0.72518086,306296,1,0.0,1,37,,,,,144514,22.87,26.57,30.99,37.8,83.0,139.0,22.74,0.8313675,163.0,22.91,0.9753514,176.0,22.93,1.0603546,168.0,22.99,0.9981012,148.0,22.8625,4.74493212836325,-0.19671029424605369,-0.35493429946094857,-0.43121760421057864,-0.3849665865598233,10,25.76,26.07,25.53,25.86,99.1,50.6,97.2,65.9,87.0,83.57,87.0,86.43,102.0,106.0,98.0,92.0
2014-03-16,201412,102.0,102,102,102,0.009448558,33.30112,0,2,172100020141219589,2023-08-20,Palmas,0.73777014,306296,1,0.0,1,36,,,,,144514,23.26,26.89,31.24,26.3,82.43,114.0,22.87,0.72518086,139.0,22.74,0.8313675,163.0,22.91,0.9753514,176.0,22.93,1.0603546,129.5,22.945,4.634728988229636,-0.11020314013361432,-0.306913434379668,-0.4651374395945629,-0.541420744344193,11,26.57,25.76,26.07,25.53,37.8,99.1,50.6,97.2,83.0,87.0,83.57,87.0,106.0,98.0,92.0,116.0
2014-03-23,201413,106.0,106,106,106,0.1904206,34.607048,0,2,172100020141319589,2023-08-20,Palmas,0.889854,306296,1,0.0,1,36,,,,,144514,22.96,26.14,30.0,95.5,86.14,102.0,23.26,0.73777014,114.0,22.87,0.72518086,139.0,22.74,0.8313675,163.0,22.91,0.9753514,115.25,22.9575,4.672828834461906,0.03809984623226992,-0.0721032939013444,-0.2688135881473981,-0.42703759336229297,12,26.89,26.57,25.76,26.07,26.3,37.8,99.1,50.6,82.43,83.0,87.0,83.57,98.0,92.0,116.0,124.0
2014-03-30,201414,98.0,98,98,98,0.25399798,31.995193,0,2,172100020141419589,2023-08-20,Palmas,0.91190165,306296,1,0.0,1,31,,,,,144514,23.06,27.2,32.14,47.3,82.14,106.0,22.96,0.889854,102.0,23.26,0.73777014,114.0,22.87,0.72518086,139.0,22.74,0.8313675,105.0,23.0375,4.59511985013459,-0.07770898432731599,-0.03960913809504607,-0.1498122782286604,-0.3465225724747141,13,26.14,26.89,26.57,25.76,95.5,26.3,37.8,99.1,86.14,82.43,83.0,87.0,92.0,116.0,124.0,118.0
2014-04-06,201415,92.0,92,92,92,0.22643234,30.036304,0,2,172100020141519589,2023-08-20,Palmas,0.89806676,306296,1,0.0,1,27,,,,,144514,23.0,26.46,30.47,108.9,86.29,98.0,23.06,0.91190165,106.0,22.96,0.889854,102.0,23.26,0.73777014,114.0,22.87,0.72518086,99.5,23.07,4.532599493153256,-0.06252035698133351,-0.1402293413086495,-0.10212949507637958,-0.2123326352099939,14,27.2,26.14,26.89,26.57,47.3,95.5,26.3,37.8,82.14,86.14,82.43,83.0,116.0,124.0,118.0,110.0
2014-04-13,201416,116.0,116,116,116,0.8730388,37.871864,0,2,172100020141619589,2023-08-20,Palmas,1.1681695,306296,1,0.0,1,29,,,,,144514,23.03,27.31,31.87,13.2,79.86,92.0,23.0,0.89806676,98.0,23.06,0.91190165,106.0,22.96,0.889854,102.0,23.26,0.73777014,103.0,23.012500000000003,4.762173934797756,0.22957444164450003,0.1670540846631665,0.08934510033585052,0.12744494656812044,15,26.46,27.2,26.14,26.89,108.9,47.3,95.5,26.3,86.29,82.14,86.14,82.43,124.0,118.0,110.0,118.0
2014-04-20,201417,124.0,124,124,124,0.93467104,40.483715,0,2,172100020141719589,2023-08-20,Palmas,1.2232432,306296,1,0.0,1,33,,,,,144514,23.93,27.59,32.26,15.6,79.43,116.0,23.03,1.1681695,92.0,23.0,0.89806676,98.0,23.06,0.91190165,106.0,22.96,0.889854,107.5,23.255,4.8283137373023015,0.06613980250454521,0.29571424414904524,0.23319388716771172,0.15548490284039573,16,27.31,26.46,27.2,26.14,13.2,108.9,47.3,95.5,79.86,86.29,82.14,86.14,118.0,110.0,118.0,106.0
2014-04-27,201418,118.0,118,118,118,0.68594956,38.524826,0,1,172100020141819589,2023-08-20,Palmas,1.0660535,306296,0,0.0,1,24,,,,,144514,22.11,27.04,32.11,18.7,74.14,124.0,23.93,1.2232432,116.0,23.03,1.1681695,92.0,23.0,0.89806676,98.0,23.06,0.91190165,112.5,23.0175,4.77912349311153,-0.04919024419077189,0.016949558313773316,0.24652399995827334,0.18400364297693983,17,27.59,27.31,26.46,27.2,15.6,13.2,108.9,47.3,79.43,79.86,86.29,82.14,110.0,118.0,106.0,81.0
2014-05-04,201419,110.0,110,110,110,0.31044224,35.91297,0,1,172100020141919589,2023-08-20,Palmas,0.93661,306296,0,0.0,1,24,,,,,144514,22.63,27.9,33.43,0.6,68.14,118.0,22.11,1.0660535,124.0,23.93,1.2232432,116.0,23.03,1.1681695,92.0,23.0,0.89806676,117.0,22.924999999999997,4.709530201312334,-0.06959329179919571,-0.1187835359899676,-0.052643733485422395,0.17693070815907763,18,27.04,27.59,27.31,26.46,18.7,15.6,13.2,108.9,74.14,79.43,79.86,86.29,118.0,106.0,81.0,88.0
2014-05-11,201420,118.0,118,118,118,0.5325371,38.524826,0,1,172100020142019589,2023-08-20,Palmas,1.010696,306296,1,0.0,1,33,,,,,144514,23.29,27.59,32.67,9.2,71.0,110.0,22.63,0.93661,118.0,22.11,1.0660535,124.0,23.93,1.2232432,116.0,23.03,1.1681695,117.5,22.99,4.77912349311153,0.06959329179919571,0.0,-0.04919024419077189,0.016949558313773316,19,27.9,27.04,27.59,27.31,0.6,18.7,15.6,13.2,68.14,74.14,79.43,79.86,106.0,81.0,88.0,87.0
2014-05-18,201421,106.0,106,106,106,0.2959751,34.607048,0,1,172100020142119589,2023-08-20,Palmas,0.93036956,306296,1,0.0,1,29,,,,,144514,23.64,28.09,33.24,6.5,72.43,118.0,23.29,1.010696,110.0,22.63,0.93661,118.0,22.11,1.0660535,124.0,23.93,1.2232432,113.0,22.9175,4.672828834461906,-0.10629465864962384,-0.03670136685042813,-0.10629465864962384,-0.15548490284039573,20,27.59,27.9,27.04,27.59,9.2,0.6,18.7,15.6,71.0,68.14,74.14,79.43,81.0,88.0,87.0,77.0
2014-05-25,201422,81.0,81,81,81,0.015745964,26.445007,0,2,172100020142219589,2023-08-20,Palmas,0.7320361,306296,1,0.0,1,26,,,,,144514,23.34,27.57,32.56,8.6,74.29,106.0,23.64,0.93036956,118.0,23.29,1.010696,110.0,22.63,0.93661,118.0,22.11,1.0660535,103.75,23.225,4.406719247264253,-0.26610958719765243,-0.37240424584727627,-0.30281095404808056,-0.37240424584727627,21,28.09,27.59,27.9,27.04,6.5,9.2,0.6,18.7,72.43,71.0,68.14,74.14,88.0,87.0,77.0,67.0
2014-06-01,201423,88.0,88,88,88,0.15981764,28.73038,0,1,172100020142319589,2023-08-20,Palmas,0.86554545,306296,0,0.0,1,35,,,,,144514,22.49,28.1,34.24,0.0,62.86,81.0,23.34,0.7320361,106.0,23.64,0.93036956,118.0,23.29,1.010696,110.0,22.63,0.93661,98.25,23.19,4.48863636973214,0.0819171224678863,-0.18419246472976614,-0.29048712337939,-0.22089383158019427,22,27.57,28.09,27.59,27.9,8.6,6.5,9.2,0.6,74.29,72.43,71.0,68.14,87.0,77.0,67.0,54.0
2014-06-08,201424,87.0,87,87,87,0.38676336,28.403896,0,1,172100020142419589,2023-08-20,Palmas,0.9578515,306296,0,0.0,1,28,,,,,144514,21.03,27.01,33.81,0.0,60.14,88.0,22.49,0.86554545,81.0,23.34,0.7320361,106.0,23.64,0.93036956,118.0,23.29,1.010696,90.5,22.625,4.477336814478207,-0.01129955525393278,0.07061756721395351,-0.19549201998369892,-0.30178667863332276,23,28.1,27.57,28.09,27.59,0.0,8.6,6.5,9.2,62.86,74.29,72.43,71.0,77.0,67.0,54.0,50.0
2014-06-15,201425,77.0,77,77,77,0.23564625,25.139082,0,1,172100020142519589,2023-08-20,Palmas,0.8935181,306296,0,0.0,1,30,,,,,144514,22.41,27.36,33.36,0.0,60.14,87.0,21.03,0.9578515,88.0,22.49,0.86554545,81.0,23.34,0.7320361,106.0,23.64,0.93036956,83.25,22.3175,4.356708826689592,-0.12062798778861517,-0.13192754304254795,-0.05001042057466165,-0.3161200077723141,24,27.01,28.1,27.57,28.09,0.0,0.0,8.6,6.5,60.14,62.86,74.29,72.43,67.0,54.0,50.0,35.0
2014-06-22,201426,67.0,67,67,67,0.09345048,21.874266,0,1,172100020142619589,2023-08-20,Palmas,0.8061649,306296,0,0.0,1,23,,,,,144514,21.24,26.96,33.6,0.0,58.86,77.0,22.41,0.8935181,87.0,21.03,0.9578515,88.0,22.49,0.86554545,81.0,23.34,0.7320361,79.75,21.792499999999997,4.219507705176107,-0.13720112151348474,-0.2578291093020999,-0.2691286645560327,-0.1872115420881464,25,27.36,27.01,28.1,27.57,0.0,0.0,0.0,8.6,60.14,60.14,62.86,74.29,54.0,50.0,35.0,25.0
2014-06-29,201427,54.0,54,54,54,0.026053185,17.630005,0,1,172100020142719589,2023-08-20,Palmas,0.7103197,306296,0,0.0,1,12,,,,,144514,21.17,27.43,34.8,0.0,54.86,67.0,21.24,0.8061649,77.0,22.41,0.8935181,87.0,21.03,0.9578515,88.0,22.49,0.86554545,71.25,21.4625,4.007333185232471,-0.2121745199436358,-0.3493756414571205,-0.4700036292457357,-0.48130318449966847,26,26.96,27.36,27.01,28.1,0.0,0.0,0.0,0.0,58.86,60.14,60.14,62.86,50.0,35.0,25.0,33.0
2014-07-06,201428,50.0,50,50,50,0.06515001,16.32408,0,1,172100020142819589,2023-08-20,Palmas,0.7550012,306296,0,0.0,1,12,,,,,144514,20.77,26.77,34.01,0.0,56.29,54.0,21.17,0.7103197,67.0,21.24,0.8061649,77.0,22.41,0.8935181,87.0,21.03,0.9578515,62.0,21.3975,3.9318256327243257,-0.07550755250814545,-0.28768207245178123,-0.42488319396526597,-0.5455111817538811,27,27.43,26.96,27.36,27.01,0.0,0.0,0.0,0.0,54.86,58.86,60.14,60.14,35.0,25.0,33.0,47.0
2014-07-13,201429,35.0,35,35,35,0.012231964,11.426855,0,1,172100020142919589,2023-08-20,Palmas,0.62169266,306296,0,0.0,0,12,,,,,144514,21.86,27.47,34.14,0.0,56.29,50.0,20.77,0.7550012,54.0,21.17,0.7103197,67.0,21.24,0.8061649,77.0,22.41,0.8935181,51.5,21.26,3.58351893845611,-0.3483066942682158,-0.42381424677636126,-0.635988766719997,-0.7731898882334818,28,26.77,27.43,26.96,27.36,0.0,0.0,0.0,0.0,56.29,54.86,58.86,60.14,25.0,33.0,47.0,48.0
2014-07-20,201430,25.0,25,25,25,0.0045386916,8.16204,0,1,172100020143019589,2023-08-20,Palmas,0.53415716,306296,0,0.0,0,6,,,,,144514,23.03,28.3,34.7,0.0,52.43,35.0,21.86,0.62169266,50.0,20.77,0.7550012,54.0,21.17,0.7103197,67.0,21.24,0.8061649,41.0,21.7075,3.258096538021482,-0.3254224004346278,-0.6737290947028436,-0.749236647210989,-0.9614111671546248,29,27.47,26.77,27.43,26.96,0.0,0.0,0.0,0.0,56.29,56.29,54.86,58.86,33.0,47.0,48.0,45.0
2014-07-27,201431,33.0,33,33,33,0.31045708,10.773891,0,1,172100020143119589,2023-08-20,Palmas,0.8891196,306296,0,0.0,0,14,,,,,144514,23.13,28.44,35.01,0.0,49.29,25.0,23.03,0.53415716,35.0,21.86,0.62169266,50.0,20.77,0.7550012,54.0,21.17,0.7103197,35.75,22.197499999999998,3.5263605246161616,0.2682639865946794,-0.05715841383994835,-0.40546510810816416,-0.4809726606163096,30,28.3,27.47,26.77,27.43,0.0,0.0,0.0,0.0,52.43,56.29,56.29,54.86,47.0,48.0,45.0,38.0
2014-08-03,201432,47.0,47,47,47,0.9566201,15.344634,0,1,172100020143219589,2023-08-20,Palmas,1.4727498,306296,0,1.0,1,14,,,,,144514,21.76,28.29,35.79,0.0,48.0,33.0,23.13,0.8891196,25.0,23.03,0.53415716,35.0,21.86,0.62169266,50.0,20.77,0.7550012,35.0,22.445,3.871201010907891,0.3448404862917296,0.613104472886409,0.28768207245178123,-0.060624621816434576,31,28.44,28.3,27.47,26.77,0.0,0.0,0.0,0.0,49.29,52.43,56.29,56.29,48.0,45.0,38.0,28.0
2014-08-10,201433,48.0,48,48,48,0.9194845,15.671116,0,1,172100020143319589,2023-08-20,Palmas,1.359883,306296,0,0.0,1,12,,,,,144514,20.87,27.79,35.11,0.0,46.14,47.0,21.76,1.4727498,33.0,23.13,0.8891196,25.0,23.03,0.53415716,35.0,21.86,0.62169266,38.25,22.1975,3.8918202981106265,0.020619287202735315,0.3654597734944649,0.6337237600891443,0.30830135965451655,32,28.29,28.44,28.3,27.47,0.0,0.0,0.0,0.0,48.0,49.29,52.43,56.29,45.0,38.0,28.0,30.0
2014-08-17,201434,45.0,45,45,45,0.61460626,14.69167,0,1,172100020143419589,2023-08-20,Palmas,1.0640519,306296,0,0.0,1,11,,,,,144514,21.39,27.99,35.36,0.0,44.14,48.0,20.87,1.359883,47.0,21.76,1.4727498,33.0,23.13,0.8891196,25.0,23.03,0.53415716,43.25,21.7875,3.828641396489095,-0.06317890162153139,-0.04255961441879608,0.3022808718729335,0.5705448584676129,33,27.79,28.29,28.44,28.3,0.0,0.0,0.0,0.0,46.14,48.0,49.29,52.43,38.0,28.0,30.0,35.0
2014-08-24,201435,38.0,38,38,38,0.20878488,12.4063,0,1,172100020143519589,2023-08-20,Palmas,0.83775264,306296,0,0.0,1,7,,,,,144514,23.86,29.74,36.64,0.0,46.14,45.0,21.39,1.0640519,48.0,20.87,1.359883,47.0,21.76,1.4727498,33.0,23.13,0.8891196,44.5,21.970000000000002,3.6635616461296463,-0.16507975035944877,-0.22825865198098017,-0.20763936477824485,0.13720112151348474,34,27.99,27.79,28.29,28.44,0.0,0.0,0.0,0.0,44.14,46.14,48.0,49.29,28.0,30.0,35.0,26.0
2014-08-31,201436,28.0,28,28,28,0.036454808,9.141484,0,1,172100020143619589,2023-08-20,Palmas,0.6517561,306296,0,0.0,0,9,,,,,144514,24.84,29.84,36.01,2.9,54.14,38.0,23.86,0.83775264,45.0,21.39,1.0640519,48.0,20.87,1.359883,47.0,21.76,1.4727498,39.75,22.740000000000002,3.367295829986474,-0.29626581614317216,-0.46134556650262093,-0.5245244681241523,-0.503905180921417,35,29.74,27.99,27.79,28.29,0.0,0.0,0.0,0.0,46.14,44.14,46.14,48.0,30.0,35.0,26.0,37.0
2014-09-07,201437,30.0,30,30,30,0.18667735,9.794447,0,1,172100020143719589,2023-08-20,Palmas,0.8054185,306296,0,0.0,0,7,,,,,144514,23.77,29.76,36.07,0.0,42.71,28.0,24.84,0.6517561,38.0,23.86,0.83775264,45.0,21.39,1.0640519,48.0,20.87,1.359883,35.25,23.465,3.4339872044851463,0.06669137449867213,-0.22957444164450003,-0.3946541920039488,-0.4578330936254802,36,29.84,29.74,27.99,27.79,2.9,0.0,0.0,0.0,54.14,46.14,44.14,46.14,35.0,26.0,37.0,47.0
2014-09-14,201438,35.0,35,35,35,0.63623667,11.426855,0,1,172100020143819589,2023-08-20,Palmas,1.0882158,306296,0,0.0,0,8,,,,,144514,24.74,30.21,36.4,0.3,48.86,30.0,23.77,0.8054185,28.0,24.84,0.6517561,38.0,23.86,0.83775264,45.0,21.39,1.0640519,32.75,24.3025,3.58351893845611,0.14953173397096364,0.21622310846963577,-0.08004270767353638,-0.24512245803298516,37,29.76,29.84,29.74,27.99,0.0,2.9,0.0,0.0,42.71,54.14,46.14,44.14,26.0,37.0,47.0,36.0
2014-09-21,201439,26.0,26,26,26,0.25738248,8.488521,0,1,172100020143919589,2023-08-20,Palmas,0.8421387,306296,0,0.0,0,10,,,,,144514,24.41,29.0,34.86,13.0,64.43,35.0,24.74,1.0882158,30.0,23.77,0.8054185,28.0,24.84,0.6517561,38.0,23.86,0.83775264,29.75,24.439999999999998,3.295836866004329,-0.2876820724517808,-0.13815033848081715,-0.07145896398214502,-0.3677247801253172,38,30.21,29.76,29.84,29.74,0.3,0.0,2.9,0.0,48.86,42.71,54.14,46.14,37.0,47.0,36.0,45.0
2014-09-28,201440,37.0,37,37,37,0.7603471,12.079818,0,1,172100020144019589,2023-08-20,Palmas,1.1860017,306296,0,0.0,1,16,,,,,144514,24.03,28.31,34.29,17.0,70.14,26.0,24.41,0.8421387,35.0,24.74,1.0882158,30.0,23.77,0.8054185,28.0,24.84,0.6517561,32.0,24.237499999999997,3.6375861597263857,0.34174929372205654,0.054067221270275745,0.2035989552412394,0.2702903297399115,39,29.0,30.21,29.76,29.84,13.0,0.3,0.0,2.9,64.43,48.86,42.71,54.14,47.0,36.0,45.0,46.0
2014-10-05,201441,47.0,47,47,47,0.9546511,15.344634,0,1,172100020144119589,2023-08-20,Palmas,1.4650444,306296,0,1.0,1,16,,,,,144514,23.94,30.03,36.44,0.0,47.43,37.0,24.03,1.1860017,26.0,24.41,0.8421387,35.0,24.74,1.0882158,30.0,23.77,0.8054185,36.25,24.28,3.871201010907891,0.2336148511815055,0.575364144903562,0.28768207245178123,0.4372138064227449,40,28.31,29.0,30.21,29.76,17.0,13.0,0.3,0.0,70.14,64.43,48.86,42.71,36.0,45.0,46.0,46.0
2014-10-12,201442,36.0,36,36,36,0.48138642,11.753337,0,1,172100020144219589,2023-08-20,Palmas,0.98915106,306296,0,0.0,0,13,,,,,144514,23.53,30.61,37.63,0.0,45.14,47.0,23.94,1.4650444,37.0,24.03,1.1860017,26.0,24.41,0.8421387,35.0,24.74,1.0882158,36.5,23.977500000000003,3.6109179126442243,-0.2602830982636668,-0.02666824708216131,0.3150810466398952,0.027398974188114433,41,30.03,28.31,29.0,30.21,0.0,17.0,13.0,0.3,47.43,70.14,64.43,48.86,45.0,46.0,46.0,44.0
2014-10-19,201443,45.0,45,45,45,0.69131625,14.69167,0,1,172100020144319589,2023-08-20,Palmas,1.1136773,306296,1,0.0,1,21,,,,,144514,24.01,27.6,32.17,36.3,74.43,36.0,23.53,0.98915106,47.0,23.94,1.4650444,37.0,24.03,1.1860017,26.0,24.41,0.8421387,41.25,23.877499999999998,3.828641396489095,0.21772348384487072,-0.04255961441879608,0.1910552367627094,0.532804530484766,42,30.61,30.03,28.31,29.0,0.0,0.0,17.0,13.0,45.14,47.43,70.14,64.43,46.0,46.0,44.0,49.0
2014-10-26,201444,46.0,46,46,46,0.6963452,15.018152,0,1,172100020144419589,2023-08-20,Palmas,1.115843,306296,1,0.0,1,17,,,,,144514,24.04,27.34,31.66,30.2,76.71,45.0,24.01,1.1136773,36.0,23.53,0.98915106,47.0,23.94,1.4650444,37.0,24.03,1.1860017,43.5,23.88,3.8501476017100584,0.02150620522096336,0.23922968906583408,-0.021053409197832718,0.21256144198367277,43,27.6,30.61,30.03,28.31,36.3,0.0,0.0,17.0,74.43,45.14,47.43,70.14,46.0,44.0,49.0,60.0
2014-11-02,201445,46.0,46,46,46,0.626047,15.018152,0,1,172100020144519589,2023-08-20,Palmas,1.0701987,306296,0,0.0,1,20,,,,,144514,24.46,28.37,33.31,22.8,73.43,46.0,24.04,1.115843,45.0,24.01,1.1136773,36.0,23.53,0.98915106,47.0,23.94,1.4650444,43.25,24.009999999999998,3.8501476017100584,0.0,0.02150620522096336,0.23922968906583408,-0.021053409197832718,44,27.34,27.6,30.61,30.03,30.2,36.3,0.0,0.0,76.71,74.43,45.14,47.43,44.0,49.0,60.0,56.0
2014-11-09,201446,44.0,44,44,44,0.46166208,14.36519,0,1,172100020144619589,2023-08-20,Palmas,0.9798846,306296,1,0.0,1,13,,,,,144514,23.54,27.21,31.43,74.9,79.0,46.0,24.46,1.0701987,46.0,24.04,1.115843,45.0,24.01,1.1136773,36.0,23.53,0.98915106,45.25,24.0125,3.8066624897703196,-0.04348511193973881,-0.04348511193973881,-0.02197890671877545,0.19574457712609528,45,28.37,27.34,27.6,30.61,22.8,30.2,36.3,0.0,73.43,76.71,74.43,45.14,49.0,60.0,56.0,75.0
2014-11-16,201447,49.0,49,49,49,0.64631844,15.997597,0,1,172100020144719589,2023-08-20,Palmas,1.0800147,306296,1,0.0,1,17,,,,,144514,23.11,26.99,31.09,39.8,80.57,44.0,23.54,0.9798846,46.0,24.46,1.0701987,46.0,24.04,1.115843,45.0,24.01,1.1136773,46.25,23.787499999999998,3.912023005428146,0.10536051565782634,0.06187540371808753,0.06187540371808753,0.08338160893905089,46,27.21,28.37,27.34,27.6,74.9,22.8,30.2,36.3,79.0,73.43,76.71,74.43,60.0,56.0,75.0,57.0
2014-11-23,201448,60.0,60,60,60,0.90631664,19.588894,0,2,172100020144819589,2023-08-20,Palmas,1.2912099,306296,1,0.0,1,26,,,,,144514,23.83,27.24,31.31,16.1,80.0,49.0,23.11,1.0800147,44.0,23.54,0.9798846,46.0,24.46,1.0701987,46.0,24.04,1.115843,49.75,23.735,4.110873864173311,0.1988508587451654,0.30421137440299173,0.2607262624632529,0.2607262624632529,47,26.99,27.21,28.37,27.34,39.8,74.9,22.8,30.2,80.57,79.0,73.43,76.71,56.0,75.0,57.0,55.0
2014-11-30,201449,56.0,56,56,56,0.70614016,18.282969,0,2,172100020144919589,2023-08-20,Palmas,1.1104469,306296,1,0.0,1,21,,,,,144514,23.83,27.54,32.36,26.2,75.14,60.0,23.83,1.2912099,49.0,23.11,1.0800147,44.0,23.54,0.9798846,46.0,24.46,1.0701987,52.25,23.577499999999997,4.04305126783455,-0.06782259633876109,0.1310282624064043,0.23638877806423064,0.19290366612449183,48,27.24,26.99,27.21,28.37,16.1,39.8,74.9,22.8,80.0,80.57,79.0,73.43,75.0,57.0,55.0,24.0
2014-12-07,201450,75.0,75,75,75,0.9525749,24.486118,0,2,172100020145019589,2023-08-20,Palmas,1.3398007,306296,1,1.0,1,28,,,,,144514,23.46,26.57,31.31,75.8,81.0,56.0,23.83,1.1104469,60.0,23.83,1.2912099,49.0,23.11,1.0800147,44.0,23.54,0.9798846,60.0,23.557499999999997,4.330733340286331,0.2876820724517808,0.2198594761130197,0.4187103348581851,0.5240708505160114,49,27.54,27.24,26.99,27.21,26.2,16.1,39.8,74.9,75.14,80.0,80.57,79.0,57.0,55.0,24.0,80.0
2014-12-14,201451,57.0,57,57,57,0.35818744,18.60945,0,2,172100020145119589,2023-08-20,Palmas,0.9354831,306296,1,0.0,1,29,,,,,144514,23.06,25.89,29.34,98.0,86.14,75.0,23.46,1.3398007,56.0,23.83,1.1104469,60.0,23.83,1.2912099,49.0,23.11,1.0800147,62.0,23.544999999999998,4.060443010546419,-0.27029032973991196,0.01739174271186883,-0.05043085362689226,0.14842000511827314,50,26.57,27.54,27.24,26.99,75.8,26.2,16.1,39.8,81.0,75.14,80.0,80.57,55.0,24.0,80.0,65.0
2014-12-21,201452,55.0,55,55,55,0.2114774,17.956486,0,2,172100020145219589,2023-08-20,Palmas,0.8634841,306296,1,0.0,1,27,,,,,144514,22.9,27.16,31.79,26.7,78.14,57.0,23.06,0.9354831,75.0,23.46,1.3398007,56.0,23.83,1.1104469,60.0,23.83,1.2912099,60.75,23.3125,4.02535169073515,-0.03509131981126945,-0.3053816495511814,-0.01769957709940062,-0.08552217343816171,51,25.89,26.57,27.54,27.24,98.0,75.8,26.2,16.1,86.14,81.0,75.14,80.0,24.0,80.0,65.0,60.0
2014-12-28,201453,24.0,24,24,24,4.7189795e-05,7.835558,0,1,172100020145319589,2023-08-20,Palmas,0.40824854,306296,0,0.0,0,24,,,,,144514,23.46,28.36,33.69,28.6,73.43,55.0,22.9,0.8634841,57.0,23.06,0.9354831,75.0,23.46,1.3398007,56.0,23.83,1.1104469,52.75,23.22,3.2188758248682006,-0.8064758658669491,-0.8415671856782185,-1.1118575154181305,-0.8241754429663497,52,27.16,25.89,26.57,27.54,26.7,98.0,75.8,26.2,78.14,86.14,81.0,75.14,80.0,65.0,60.0,108.0
2015-01-04,201501,80.0,80,80,80,0.99579537,26.118526,0,1,172100020150119589,2023-08-20,Palmas,1.5946947,306296,1,1.0,1,37,,,,,144514,23.07,26.97,31.24,24.5,79.57,24.0,23.46,0.40824854,55.0,22.9,0.8634841,57.0,23.06,0.9354831,75.0,23.46,1.3398007,54.0,23.1225,4.394449154672439,1.1755733298042386,0.3690974639372895,0.33400614412602003,0.06371581438610807,1,28.36,27.16,25.89,26.57,28.6,26.7,98.0,75.8,73.43,78.14,86.14,81.0,65.0,60.0,108.0,98.0
2015-01-11,201502,65.0,65,65,65,0.9318379,21.221302,0,1,172100020150219589,2023-08-20,Palmas,1.3220106,306296,1,0.0,1,25,,,,,144514,23.39,26.8,31.2,33.0,78.71,80.0,23.07,1.5946947,24.0,23.46,0.40824854,55.0,22.9,0.8634841,57.0,23.06,0.9354831,56.0,23.205000000000002,4.189654742026425,-0.20479441264601395,0.9707789171582246,0.16430305129127554,0.1292117314800061,2,26.97,28.36,27.16,25.89,24.5,28.6,26.7,98.0,79.57,73.43,78.14,86.14,60.0,108.0,98.0,158.0
2015-01-18,201503,60.0,60,60,60,0.5028341,19.588894,0,2,172100020150319589,2023-08-20,Palmas,1.0012938,306296,1,0.0,1,29,,,,,144514,22.46,25.89,29.97,72.5,84.0,65.0,23.39,1.3220106,80.0,23.07,1.5946947,24.0,23.46,0.40824854,55.0,22.9,0.8634841,57.25,23.095,4.110873864173311,-0.07878087785311383,-0.2835752904991278,0.8919980393051108,0.08552217343816171,3,26.8,26.97,28.36,27.16,33.0,24.5,28.6,26.7,78.71,79.57,73.43,78.14,108.0,98.0,158.0,211.0
2015-01-25,201504,108.0,108,108,108,0.99904996,35.26001,0,2,172100020150419589,2023-08-20,Palmas,1.6074909,306296,1,1.0,1,49,,,,,144514,23.24,27.46,32.71,34.7,76.0,60.0,22.46,1.0012938,65.0,23.39,1.3220106,80.0,23.07,1.5946947,24.0,23.46,0.40824854,78.25,23.04,4.6913478822291435,0.5804740180558321,0.5016931402027183,0.2968987275567043,1.4724720573609429,4,25.89,26.8,26.97,28.36,72.5,33.0,24.5,28.6,84.0,78.71,79.57,73.43,98.0,158.0,211.0,223.0
2015-02-01,201505,98.0,98,98,98,0.95664024,31.995193,0,2,172100020150519589,2023-08-20,Palmas,1.2976407,306296,1,1.0,1,49,,,,,144514,22.94,25.93,30.37,95.8,85.29,108.0,23.24,1.6074909,60.0,22.46,1.0012938,65.0,23.39,1.3220106,80.0,23.07,1.5946947,82.75,23.0075,4.59511985013459,-0.09622803209455366,0.48424598596127844,0.4054651081081646,0.20067069546215066,5,27.46,25.89,26.8,26.97,34.7,72.5,33.0,24.5,76.0,84.0,78.71,79.57,158.0,211.0,223.0,359.0
2015-02-08,201506,158.0,158,158,158,0.9999776,51.584087,0,3,172100020150619589,2023-08-20,Palmas,1.6859633,306296,1,1.0,1,108,,,,,144514,23.33,27.24,32.13,42.4,79.14,98.0,22.94,1.2976407,108.0,23.24,1.6074909,60.0,22.46,1.0012938,65.0,23.39,1.3220106,106.0,22.9925,5.0689042022202315,0.47378435208564174,0.3775563199910881,0.9580303380469202,0.8792494601938063,6,25.93,27.46,25.89,26.8,95.8,34.7,72.5,33.0,85.29,76.0,84.0,78.71,211.0,223.0,359.0,418.0
2015-02-15,201507,211.0,211,211,211,0.9999999,68.88761,0,3,172100020150719589,2023-08-20,Palmas,1.7822312,306296,1,1.0,1,119,,,,,144514,22.74,25.81,29.57,102.7,84.71,158.0,23.33,1.6859633,98.0,22.94,1.2976407,108.0,23.24,1.6074909,60.0,22.46,1.0012938,143.75,23.0625,5.356586274672012,0.2876820724517808,0.7614664245374225,0.6652383924428689,1.245712410498701,7,27.24,25.93,27.46,25.89,42.4,95.8,34.7,72.5,79.14,85.29,76.0,84.0,223.0,359.0,418.0,460.0
2015-02-22,201508,223.0,223,223,223,0.9997273,72.80539,0,3,172100020150819589,2023-08-20,Palmas,1.4299678,306296,0,1.0,1,129,,,,,144514,22.49,26.46,31.01,68.8,82.0,211.0,22.74,1.7822312,158.0,23.33,1.6859633,98.0,22.94,1.2976407,108.0,23.24,1.6074909,172.5,22.874999999999996,5.4116460518550396,0.055059777183027236,0.342741849634808,0.8165262017204498,0.7202981696258961,8,25.81,27.24,25.93,27.46,102.7,42.4,95.8,34.7,84.71,79.14,85.29,76.0,359.0,418.0,460.0,473.0
2015-03-01,201509,359.0,359,359,359,1.0,117.20689,0,3,172100020150919589,2023-08-20,Palmas,1.7813874,306296,1,1.0,2,189,,,,,144514,22.5,26.43,30.64,63.7,82.29,223.0,22.49,1.4299678,211.0,22.74,1.7822312,158.0,23.33,1.6859633,98.0,22.94,1.2976407,237.75,22.764999999999997,5.886104031450156,0.47445797959511626,0.5295177567781435,0.8171998292299243,1.290984181315566,9,26.46,25.81,27.24,25.93,68.8,102.7,42.4,95.8,82.0,84.71,79.14,85.29,418.0,460.0,473.0,355.0
2015-03-08,201510,418.0,418,418,418,1.0,136.4693,0,4,172100020151019589,2023-08-20,Palmas,1.6174273,306296,1,1.0,2,181,,,,,144514,23.43,27.24,31.89,79.5,82.43,359.0,22.5,1.7813874,223.0,22.49,1.4299678,211.0,22.74,1.7822312,158.0,23.33,1.6859633,302.75,22.79,6.037870919922137,0.1517668884719816,0.6262248680670979,0.6812846452501251,0.9689667177019059,10,26.43,26.46,25.81,27.24,63.7,68.8,102.7,42.4,82.29,82.0,84.71,79.14,460.0,473.0,355.0,356.0
2015-03-15,201511,460.0,460,460,460,0.9999954,150.18152,0,4,172100020151119589,2023-08-20,Palmas,1.3720491,306296,1,1.0,2,224,,,,,144514,23.13,25.73,29.5,91.8,86.71,418.0,23.43,1.6174273,359.0,22.5,1.7813874,223.0,22.49,1.4299678,211.0,22.74,1.7822312,365.0,22.8875,6.133398042996649,0.09552712307451117,0.24729401154649278,0.721751991141609,0.7768117683246363,11,27.24,26.43,26.46,25.81,79.5,63.7,68.8,102.7,82.43,82.29,82.0,84.71,473.0,355.0,356.0,398.0
2015-03-22,201512,473.0,473,473,473,0.99064016,154.42578,0,4,172100020151219589,2023-08-20,Palmas,1.1723416,306296,1,1.0,2,239,,,,,144514,22.71,26.56,31.13,53.2,84.14,460.0,23.13,1.3720491,418.0,23.43,1.6174273,359.0,22.5,1.7813874,223.0,22.49,1.4299678,427.5,22.942500000000003,6.161207321695077,0.027809278698428308,0.12333640177293947,0.2751032902449211,0.7495612698400373,12,25.73,27.24,26.43,26.46,91.8,79.5,63.7,68.8,86.71,82.43,82.29,82.0,355.0,356.0,398.0,334.0
2015-03-29,201513,355.0,355,355,355,0.0014674483,115.900955,0,4,172100020151319589,2023-08-20,Palmas,0.8092539,306296,1,0.0,2,178,,,,,144514,23.1,27.53,32.23,58.0,82.43,473.0,22.71,1.1723416,460.0,23.13,1.3720491,418.0,23.43,1.6174273,359.0,22.5,1.7813874,426.5,23.0925,5.87493073085203,-0.28627659084304646,-0.25846731214461816,-0.162940189070107,-0.01117330059812538,13,26.56,25.73,27.24,26.43,53.2,91.8,79.5,63.7,84.14,86.71,82.43,82.29,356.0,398.0,334.0,292.0
2015-04-05,201514,356.0,356,356,356,0.004402481,116.22744,0,4,172100020151419589,2023-08-20,Palmas,0.82922596,306296,1,0.0,2,169,,,,,144514,23.23,26.71,31.11,53.3,84.29,355.0,23.1,0.8092539,473.0,22.71,1.1723416,460.0,23.13,1.3720491,418.0,23.43,1.6174273,411.0,23.0425,5.877735781779639,0.002805050927608299,-0.28347153991543816,-0.25566226121700986,-0.1601351381424987,14,27.53,26.56,25.73,27.24,58.0,53.2,91.8,79.5,82.43,84.14,86.71,82.43,398.0,334.0,292.0,332.0
2015-04-12,201515,398.0,398,398,398,0.606136,129.93967,0,4,172100020151519589,2023-08-20,Palmas,1.019354,306296,1,0.0,2,170,,,,,144514,23.09,26.9,31.36,60.4,83.86,356.0,23.23,0.82922596,355.0,23.1,0.8092539,473.0,22.71,1.1723416,460.0,23.13,1.3720491,395.5,23.0325,5.988961416889864,0.11122563511022499,0.11403068603783328,-0.17224590480521318,-0.14443662610678487,15,26.71,27.53,26.56,25.73,53.3,58.0,53.2,91.8,84.29,82.43,84.14,86.71,334.0,292.0,332.0,340.0
2015-04-19,201516,334.0,334,334,334,0.08787207,109.044846,0,4,172100020151619589,2023-08-20,Palmas,0.9029632,306296,1,0.0,2,161,,,,,144514,22.97,26.51,30.93,53.0,86.0,398.0,23.09,1.019354,356.0,23.23,0.82922596,355.0,23.1,0.8092539,473.0,22.71,1.1723416,360.75,23.097499999999997,5.814130531825066,-0.1748308850647975,-0.06360524995457251,-0.06080019902696421,-0.34707678987001067,16,26.9,26.71,27.53,26.56,60.4,53.3,58.0,53.2,83.86,84.29,82.43,84.14,292.0,332.0,340.0,303.0
2015-04-26,201517,292.0,292,292,292,0.0027824289,95.33262,0,4,172100020151719589,2023-08-20,Palmas,0.80478585,306296,1,0.0,2,144,,,,,144514,23.11,25.84,29.73,98.9,88.14,334.0,22.97,0.9029632,398.0,23.09,1.019354,356.0,23.23,0.82922596,355.0,23.1,0.8092539,345.0,23.1,5.680172609017068,-0.13395792280799856,-0.30878880787279606,-0.19756317276257107,-0.19475812183496277,17,26.51,26.9,26.71,27.53,53.0,60.4,53.3,58.0,86.0,83.86,84.29,82.43,332.0,340.0,303.0,321.0
2015-05-03,201518,332.0,332,332,332,0.39357907,108.391884,0,4,172100020151819589,2023-08-20,Palmas,0.9793811,306296,1,0.0,2,156,,,,,144514,22.53,26.56,31.0,33.5,84.29,292.0,23.11,0.80478585,334.0,22.97,0.9029632,398.0,23.09,1.019354,356.0,23.23,0.82922596,339.0,22.924999999999997,5.808142489980444,0.12796988096337625,-0.005988041844622316,-0.1808189269094198,-0.06959329179919482,18,25.84,26.51,26.9,26.71,98.9,53.0,60.4,53.3,88.14,86.0,83.86,84.29,340.0,303.0,321.0,306.0
2015-05-10,201519,340.0,340,340,340,0.7922,111.00374,0,4,172100020151919589,2023-08-20,Palmas,1.0654469,306296,1,0.0,2,109,,,,,144514,23.21,27.6,32.71,10.1,74.43,332.0,22.53,0.9793811,292.0,23.11,0.80478585,334.0,22.97,0.9029632,398.0,23.09,1.019354,324.5,22.955,5.831882477283517,0.02373998730307303,0.15170986826644928,0.017751945458450713,-0.15707893960634678,19,26.56,25.84,26.51,26.9,33.5,98.9,53.0,60.4,84.29,88.14,86.0,83.86,303.0,321.0,306.0,291.0
2015-05-17,201520,303.0,303,303,303,0.22845425,98.92392,0,4,172100020152019589,2023-08-20,Palmas,0.94222677,306296,0,0.0,2,160,,,,,144514,23.24,28.13,33.07,0.0,68.71,340.0,23.21,1.0654469,332.0,22.53,0.9793811,292.0,23.11,0.80478585,334.0,22.97,0.9029632,316.75,23.022499999999997,5.717027701406222,-0.11485477587729509,-0.09111478857422206,0.03685509238915419,-0.09710283041884438,20,27.6,26.56,25.84,26.51,10.1,33.5,98.9,53.0,74.43,84.29,88.14,86.0,321.0,306.0,291.0,268.0
2015-05-24,201521,321.0,321,321,321,0.45416462,104.80058,0,4,172100020152119589,2023-08-20,Palmas,0.9909785,306296,0,0.0,2,119,,,,,144514,23.44,28.26,33.87,0.4,68.71,303.0,23.24,0.94222677,340.0,23.21,1.0654469,332.0,22.53,0.9793811,292.0,23.11,0.80478585,324.0,23.104999999999997,5.7745515455444085,0.057523844138186675,-0.057330931739108415,-0.033590944436035386,0.09437893652734086,21,28.13,27.6,26.56,25.84,0.0,10.1,33.5,98.9,68.71,74.43,84.29,88.14,306.0,291.0,268.0,218.0
2015-05-31,201522,306.0,306,306,306,0.33526492,99.90336,0,4,172100020152219589,2023-08-20,Palmas,0.9664955,306296,0,0.0,2,81,,,,,144514,22.29,28.3,34.43,0.0,61.57,321.0,23.44,0.9909785,303.0,23.24,0.94222677,340.0,23.21,1.0654469,332.0,22.53,0.9793811,317.5,23.044999999999998,5.726847747587197,-0.04770379795721169,0.009820046180974984,-0.1050347296963201,-0.08129474239324708,22,28.26,28.13,27.6,26.56,0.4,0.0,10.1,33.5,68.71,68.71,74.43,84.29,291.0,268.0,218.0,182.0
2015-06-07,201523,291.0,291,291,291,0.2073145,95.00614,0,4,172100020152319589,2023-08-20,Palmas,0.93569165,306296,0,0.0,2,119,,,,,144514,22.29,27.6,33.69,0.0,63.57,306.0,22.29,0.9664955,321.0,23.44,0.9909785,303.0,23.24,0.94222677,340.0,23.21,1.0654469,305.25,22.814999999999998,5.676753802268282,-0.05009394531891509,-0.09779774327612678,-0.040273899137940106,-0.1551286750152352,23,28.3,28.26,28.13,27.6,0.0,0.4,0.0,10.1,61.57,68.71,68.71,74.43,268.0,218.0,182.0,113.0
2015-06-14,201524,268.0,268,268,268,0.07385643,87.49706,0,4,172100020152419589,2023-08-20,Palmas,0.8858246,306296,0,0.0,2,120,,,,,144514,21.44,27.6,34.73,0.0,58.14,291.0,22.29,0.93569165,306.0,22.29,0.9664955,321.0,23.44,0.9909785,303.0,23.24,0.94222677,296.5,22.365000000000002,5.594711379601839,-0.08204242266644268,-0.13213636798535777,-0.17984016594256946,-0.12231632180438279,24,27.6,28.3,28.26,28.13,0.0,0.0,0.4,0.0,63.57,61.57,68.71,68.71,218.0,182.0,113.0,120.0
2015-06-21,201525,218.0,218,218,218,0.0012886497,71.17298,0,1,172100020152519589,2023-08-20,Palmas,0.76364386,306296,0,0.0,1,89,,,,,144514,21.74,26.94,33.23,0.0,56.43,268.0,21.44,0.8858246,291.0,22.29,0.93569165,306.0,22.29,0.9664955,321.0,23.44,0.9909785,270.75,21.94,5.389071729816501,-0.2056396497853381,-0.2876820724517808,-0.3377760177706959,-0.38547981572790757,25,27.6,27.6,28.3,28.26,0.0,0.0,0.0,0.4,58.14,63.57,61.57,68.71,182.0,113.0,120.0,97.0
2015-06-28,201526,182.0,182,182,182,0.00014118744,59.419647,0,1,172100020152619589,2023-08-20,Palmas,0.7057248,306296,0,0.0,1,69,,,,,144514,22.2,27.44,33.64,0.0,59.57,218.0,21.74,0.76364386,268.0,21.44,0.8858246,291.0,22.29,0.93569165,306.0,22.29,0.9664955,239.75,21.9175,5.209486152841421,-0.1795855769750796,-0.3852252267604177,-0.4672676494268604,-0.5173615947457755,26,26.94,27.6,27.6,28.3,0.0,0.0,0.0,0.0,56.43,58.14,63.57,61.57,113.0,120.0,97.0,76.0
2015-07-05,201527,113.0,113,113,113,2.0547801e-09,36.892418,0,1,172100020152719589,2023-08-20,Palmas,0.5158212,306296,0,0.0,1,47,,,,,144514,23.03,28.19,33.91,0.0,60.14,182.0,22.2,0.7057248,218.0,21.74,0.76364386,268.0,21.44,0.8858246,291.0,22.29,0.93569165,195.25,22.1025,4.736198448394496,-0.4732877044469257,-0.6528732814220053,-0.8585129312073434,-0.9405553538737861,27,27.44,26.94,27.6,27.6,0.0,0.0,0.0,0.0,59.57,56.43,58.14,63.57,120.0,97.0,76.0,86.0
2015-07-12,201528,120.0,120,120,120,0.0006519495,39.177788,0,1,172100020152819589,2023-08-20,Palmas,0.685795,306296,0,0.0,1,62,,,,,144514,22.43,27.8,34.17,0.0,50.86,113.0,23.03,0.5158212,182.0,22.2,0.7057248,218.0,21.74,0.76364386,268.0,21.44,0.8858246,158.25,22.349999999999998,4.795790545596741,0.059592097202245675,-0.41369560724468,-0.5932811842197596,-0.7989208340050977,28,28.19,27.44,26.94,27.6,0.0,0.0,0.0,0.0,60.14,59.57,56.43,58.14,97.0,76.0,86.0,87.0
2015-07-19,201529,97.0,97,97,97,0.0048097204,31.668713,0,1,172100020152919589,2023-08-20,Palmas,0.7111962,306296,0,0.0,1,51,,,,,144514,21.36,27.73,34.76,0.0,50.0,120.0,22.43,0.685795,113.0,23.03,0.5158212,182.0,22.2,0.7057248,218.0,21.74,0.76364386,128.0,22.255,4.584967478670572,-0.21082306692616903,-0.15123096972392336,-0.624518674170849,-0.8041042511459287,29,27.8,28.19,27.44,26.94,0.0,0.0,0.0,0.0,50.86,60.14,59.57,56.43,76.0,86.0,87.0,65.0
2015-07-26,201530,76.0,76,76,76,0.0030060085,24.8126,0,1,172100020153019589,2023-08-20,Palmas,0.668902,306296,0,0.0,1,50,,,,,144514,21.84,28.24,35.59,0.0,48.0,97.0,21.36,0.7111962,120.0,22.43,0.685795,113.0,23.03,0.5158212,182.0,22.2,0.7057248,101.5,22.165,4.343805421853684,-0.24116205681688818,-0.4519851237430572,-0.39239302654081154,-0.8656807309877372,30,27.73,27.8,28.19,27.44,0.0,0.0,0.0,0.0,50.0,50.86,60.14,59.57,86.0,87.0,65.0,52.0
2015-08-02,201531,86.0,86,86,86,0.19330378,28.077415,0,1,172100020153119589,2023-08-20,Palmas,0.88020927,306296,0,0.0,1,44,,,,,144514,19.91,27.43,35.49,0.0,47.86,76.0,21.84,0.668902,97.0,21.36,0.7111962,120.0,22.43,0.685795,113.0,23.03,0.5158212,94.75,21.384999999999998,4.465908118654584,0.12210269680089958,-0.1190593600159886,-0.32988242694215764,-0.27029032973991196,31,28.24,27.73,27.8,28.19,0.0,0.0,0.0,0.0,48.0,50.0,50.86,60.14,87.0,65.0,52.0,58.0
2015-08-09,201532,87.0,87,87,87,0.5211976,28.403896,0,1,172100020153219589,2023-08-20,Palmas,1.0080894,306296,0,0.0,1,44,,,,,144514,21.63,27.53,34.27,0.0,42.57,86.0,19.91,0.88020927,76.0,21.84,0.668902,97.0,21.36,0.7111962,120.0,22.43,0.685795,86.5,21.185000000000002,4.477336814478207,0.011428695823623158,0.13353139262452274,-0.10763066419236544,-0.3184537311185345,32,27.43,28.24,27.73,27.8,0.0,0.0,0.0,0.0,47.86,48.0,50.0,50.86,65.0,52.0,58.0,61.0
2015-08-16,201533,65.0,65,65,65,0.06823769,21.221302,0,1,172100020153319589,2023-08-20,Palmas,0.7827174,306296,0,0.0,1,38,,,,,144514,22.54,29.26,36.41,0.0,43.29,87.0,21.63,1.0080894,86.0,19.91,0.88020927,76.0,21.84,0.668902,97.0,21.36,0.7111962,78.5,21.48,4.189654742026425,-0.2876820724517817,-0.2762533766281585,-0.15415067982725894,-0.3953127366441471,33,27.53,27.43,28.24,27.73,0.0,0.0,0.0,0.0,42.57,47.86,48.0,50.0,52.0,58.0,61.0,55.0
2015-08-23,201534,52.0,52,52,52,0.009550173,16.977041,0,1,172100020153419589,2023-08-20,Palmas,0.6615564,306296,0,0.0,1,22,,,,,144514,24.24,30.47,37.46,0.0,48.71,65.0,22.54,0.7827174,87.0,21.63,1.0080894,86.0,19.91,0.88020927,76.0,21.84,0.668902,72.5,22.08,3.970291913552122,-0.21936282847430322,-0.5070449009260849,-0.49561620510246174,-0.37351350830156216,34,29.26,27.53,27.43,28.24,0.0,0.0,0.0,0.0,43.29,42.57,47.86,48.0,58.0,61.0,55.0,56.0
2015-08-30,201535,58.0,58,58,58,0.19280262,18.935932,0,1,172100020153519589,2023-08-20,Palmas,0.8568492,306296,0,0.0,1,27,,,,,144514,22.97,30.17,37.7,0.0,41.86,52.0,24.24,0.6615564,65.0,22.54,0.7827174,87.0,21.63,1.0080894,86.0,19.91,0.88020927,65.5,22.845,4.07753744390572,0.10724553035359774,-0.11211729812070548,-0.39979937057248716,-0.388370674748864,35,30.47,29.26,27.53,27.43,0.0,0.0,0.0,0.0,48.71,43.29,42.57,47.86,61.0,55.0,56.0,54.0
2015-09-06,201536,61.0,61,61,61,0.5766871,19.915377,0,1,172100020153619589,2023-08-20,Palmas,1.035838,306296,0,0.0,1,14,,,,,144514,25.0,30.7,37.19,0.2,50.29,58.0,22.97,0.8568492,52.0,24.24,0.6615564,65.0,22.54,0.7827174,87.0,21.63,1.0080894,59.0,23.6875,4.127134385045092,0.049596941139371964,0.1568424714929697,-0.06252035698133351,-0.3502024294331152,36,30.17,30.47,29.26,27.53,0.0,0.0,0.0,0.0,41.86,48.71,43.29,42.57,55.0,56.0,54.0,37.0
2015-09-13,201537,55.0,55,55,55,0.41167468,17.956486,0,1,172100020153719589,2023-08-20,Palmas,0.9588989,306296,0,0.0,1,16,,,,,144514,25.36,31.07,37.57,0.1,42.0,61.0,25.0,1.035838,58.0,22.97,0.8568492,52.0,24.24,0.6615564,65.0,22.54,0.7827174,56.5,24.3925,4.02535169073515,-0.10178269430994202,-0.05218575317057006,0.05505977718302768,-0.16430305129127554,37,30.7,30.17,30.47,29.26,0.2,0.0,0.0,0.0,50.29,41.86,48.71,43.29,56.0,54.0,37.0,45.0
2015-09-20,201538,56.0,56,56,56,0.4324264,18.282969,0,1,172100020153819589,2023-08-20,Palmas,0.96870667,306296,0,0.0,1,28,,,,,144514,24.43,30.86,37.36,0.1,48.57,55.0,25.36,0.9588989,61.0,25.0,1.035838,58.0,22.97,0.8568492,52.0,24.24,0.6615564,57.5,24.44,4.04305126783455,0.01769957709940062,-0.0840831172105414,-0.03448617607116944,0.0727593542824283,38,31.07,30.7,30.17,30.47,0.1,0.2,0.0,0.0,42.0,50.29,41.86,48.71,54.0,37.0,45.0,70.0
2015-09-27,201539,54.0,54,54,54,0.40424052,17.630005,0,1,172100020153919589,2023-08-20,Palmas,0.95509845,306296,0,0.0,1,22,,,,,144514,24.8,30.44,37.01,2.9,52.71,56.0,24.43,0.96870667,55.0,25.36,0.9588989,61.0,25.0,1.035838,58.0,22.97,0.8568492,56.5,24.8975,4.007333185232471,-0.03571808260207909,-0.018018505502678472,-0.1198011998126205,-0.07020425867324853,39,30.86,31.07,30.7,30.17,0.1,0.1,0.2,0.0,48.57,42.0,50.29,41.86,37.0,45.0,70.0,45.0
2015-10-04,201540,37.0,37,37,37,0.0342527,12.079818,0,1,172100020154019589,2023-08-20,Palmas,0.68176633,306296,0,0.0,1,21,,,,,144514,24.66,30.2,36.51,8.0,59.43,54.0,24.8,0.95509845,56.0,24.43,0.96870667,55.0,25.36,0.9588989,61.0,25.0,1.035838,50.5,24.8125,3.6375861597263857,-0.3697470255060855,-0.4054651081081646,-0.387765531008764,-0.489548225318706,40,30.44,30.86,31.07,30.7,2.9,0.1,0.1,0.2,52.71,48.57,42.0,50.29,45.0,70.0,45.0,64.0
2015-10-11,201541,45.0,45,45,45,0.31292844,14.69167,0,1,172100020154119589,2023-08-20,Palmas,0.90500575,306296,0,0.0,1,23,,,,,144514,24.76,31.77,38.71,0.0,40.57,37.0,24.66,0.68176633,54.0,24.8,0.95509845,56.0,24.43,0.96870667,55.0,25.36,0.9588989,48.0,24.6625,3.828641396489095,0.1910552367627094,-0.1786917887433761,-0.2144098713454552,-0.19671029424605457,41,30.2,30.44,30.86,31.07,8.0,2.9,0.1,0.1,59.43,52.71,48.57,42.0,70.0,45.0,64.0,95.0
2015-10-18,201542,70.0,70,70,70,0.9883504,22.85371,0,1,172100020154219589,2023-08-20,Palmas,1.5293584,306296,0,1.0,1,34,,,,,144514,25.57,30.67,36.04,26.2,57.29,45.0,24.76,0.90500575,37.0,24.66,0.68176633,54.0,24.8,0.95509845,56.0,24.43,0.96870667,51.5,24.947499999999998,4.2626798770413155,0.4340384805522204,0.6250937173149298,0.2553466918088443,0.2196286092067652,42,31.77,30.2,30.44,30.86,0.0,8.0,2.9,0.1,40.57,59.43,52.71,48.57,45.0,64.0,95.0,109.0
2015-10-25,201543,45.0,45,45,45,0.32297468,14.69167,0,1,172100020154319589,2023-08-20,Palmas,0.9101203,306296,1,0.0,1,17,,,,,144514,24.34,28.0,32.77,55.5,79.0,70.0,25.57,1.5293584,45.0,24.76,0.90500575,37.0,24.66,0.68176633,54.0,24.8,0.95509845,49.25,24.8325,3.828641396489095,-0.4340384805522204,0.0,0.1910552367627094,-0.1786917887433761,43,30.67,31.77,30.2,30.44,26.2,0.0,8.0,2.9,57.29,40.57,59.43,52.71,64.0,95.0,109.0,111.0
2015-11-01,201544,64.0,64,64,64,0.785185,20.894821,0,1,172100020154419589,2023-08-20,Palmas,1.1551657,306296,0,0.0,1,39,,,,,144514,24.1,28.71,34.24,16.8,71.71,45.0,24.34,0.9101203,70.0,25.57,1.5293584,45.0,24.76,0.90500575,37.0,24.66,0.68176633,56.0,24.692500000000003,4.174387269895637,0.3457458734065417,-0.08829260714567866,0.3457458734065417,0.5368011101692511,44,28.0,30.67,31.77,30.2,55.5,26.2,0.0,8.0,79.0,57.29,40.57,59.43,95.0,109.0,111.0,217.0
2015-11-08,201545,95.0,95,95,95,0.9986709,31.015749,0,1,172100020154519589,2023-08-20,Palmas,1.6349288,306296,0,1.0,1,49,,,,,144514,24.46,29.16,34.69,20.8,71.29,64.0,24.1,1.1551657,45.0,24.34,0.9101203,70.0,25.57,1.5293584,45.0,24.76,0.90500575,68.5,24.6175,4.564348191467836,0.3899609215721993,0.735706794978741,0.30166831442652065,0.735706794978741,45,28.71,28.0,30.67,31.77,16.8,55.5,26.2,0.0,71.71,79.0,57.29,40.57,109.0,111.0,217.0,265.0
2015-11-15,201546,109.0,109,109,109,0.9986265,35.58649,0,1,172100020154619589,2023-08-20,Palmas,1.5733925,306296,1,1.0,1,57,,,,,144514,24.24,27.69,32.87,86.0,81.14,95.0,24.46,1.6349288,64.0,24.1,1.1551657,45.0,24.34,0.9101203,70.0,25.57,1.5293584,78.25,24.285000000000004,4.700480365792417,0.13613217432458047,0.5260930958967798,0.8718389693033215,0.4378004887511011,46,29.16,28.71,28.0,30.67,20.8,16.8,55.5,26.2,71.29,71.71,79.0,57.29,111.0,217.0,265.0,318.0
2015-11-22,201547,111.0,111,111,111,0.94498736,36.239456,0,1,172100020154719589,2023-08-20,Palmas,1.2542465,306296,1,0.0,1,61,,,,,144514,23.89,27.96,33.43,77.2,81.14,109.0,24.24,1.5733925,95.0,24.46,1.6349288,64.0,24.1,1.1551657,45.0,24.34,0.9101203,94.75,24.1725,4.718498871295094,0.018018505502677584,0.15415067982725805,0.5441116013994574,0.8898574748059991,47,27.69,29.16,28.71,28.0,86.0,20.8,16.8,55.5,81.14,71.29,71.71,79.0,217.0,265.0,318.0,283.0
2015-11-29,201548,217.0,217,217,217,1.0,70.846504,0,2,172100020154819589,2023-08-20,Palmas,1.996118,306296,1,1.0,1,91,,,,,144514,24.69,29.46,35.1,18.8,68.29,111.0,23.89,1.2542465,109.0,24.24,1.5733925,95.0,24.46,1.6349288,64.0,24.1,1.1551657,133.0,24.32,5.384495062789089,0.6659961914939947,0.6840146969966723,0.8201468713212527,1.210107792893452,48,27.96,27.69,29.16,28.71,77.2,86.0,20.8,16.8,81.14,81.14,71.29,71.71,265.0,318.0,283.0,177.0
2015-12-06,201549,265.0,265,265,265,1.0,86.51762,0,2,172100020154919589,2023-08-20,Palmas,1.8545532,306296,1,1.0,2,109,,,,,144514,24.43,28.77,33.9,17.0,76.14,217.0,24.69,1.996118,111.0,23.89,1.2542465,109.0,24.24,1.5733925,95.0,24.46,1.6349288,175.5,24.3125,5.583496308781699,0.19900124599261027,0.864997437486605,0.8830159429892825,1.019148117313863,49,29.46,27.96,27.69,29.16,18.8,77.2,86.0,20.8,68.29,81.14,81.14,71.29,318.0,283.0,177.0,405.0
2015-12-13,201550,318.0,318,318,318,0.9999999,103.821144,0,4,172100020155019589,2023-08-20,Palmas,1.581812,306296,1,1.0,2,118,,,,,144514,23.71,27.99,33.51,19.0,76.29,265.0,24.43,1.8545532,217.0,24.69,1.996118,111.0,23.89,1.2542465,109.0,24.24,1.5733925,227.75,24.18,5.765191102784844,0.18169479400314525,0.3806960399957555,1.0466922314897502,1.0647107369924278,50,28.77,29.46,27.96,27.69,17.0,18.8,77.2,86.0,76.14,68.29,81.14,81.14,283.0,177.0,405.0,375.0
2015-12-20,201551,283.0,283,283,283,0.8691722,92.39429,0,4,172100020155119589,2023-08-20,Palmas,1.1014143,306296,1,0.0,2,94,,,,,144514,24.09,27.97,32.9,45.7,77.14,318.0,23.71,1.581812,265.0,24.43,1.8545532,217.0,24.69,1.996118,111.0,23.89,1.2542465,270.75,24.230000000000004,5.648974238161206,-0.11621686462363812,0.06547792937950714,0.2644791753721174,0.9304753668661121,51,27.99,28.77,29.46,27.96,19.0,17.0,18.8,77.2,76.29,76.14,68.29,81.14,177.0,405.0,375.0,401.0
2015-12-27,201552,177.0,177,177,177,4.9005513e-07,57.78724,0,2,172100020155219589,2023-08-20,Palmas,0.62934965,306296,1,0.0,1,109,,,,,144514,24.01,27.8,32.69,47.5,78.57,283.0,24.09,1.1014143,318.0,23.71,1.581812,265.0,24.43,1.8545532,217.0,24.69,1.996118,260.75,24.06,5.181783550292085,-0.4671906878691212,-0.5834075524927593,-0.4017127584896141,-0.2027115124970038,52,27.97,27.99,28.77,29.46,45.7,19.0,17.0,18.8,77.14,76.29,76.14,68.29,405.0,375.0,401.0,454.0
2016-01-03,201601,405.0,405,405,405,0.99999994,132.22504,0,2,172100020160119589,2023-08-20,Palmas,1.5009626,306296,1,1.0,2,149,,,,,144514,23.91,26.5,30.13,112.4,86.71,177.0,24.01,0.62934965,283.0,24.09,1.1014143,318.0,23.71,1.581812,265.0,24.43,1.8545532,295.75,23.93,6.0063531596017325,0.8245696093096475,0.3573789214405263,0.24116205681688818,0.42285685082003344,53,27.8,27.97,27.99,28.77,47.5,45.7,19.0,17.0,78.57,77.14,76.29,76.14,375.0,401.0,454.0,482.0
2016-01-10,201602,375.0,375,375,375,0.99995244,122.43059,0,4,172100020160219589,2023-08-20,Palmas,1.3601345,306296,1,1.0,2,150,,,,,144514,23.9,26.69,30.71,93.7,85.57,405.0,23.91,1.5009626,177.0,24.01,0.62934965,283.0,24.09,1.1014143,318.0,23.71,1.581812,310.0,23.9775,5.929589143389895,-0.07676401621183793,0.7478055930978096,0.28061490522868837,0.16439804060505026,1,26.5,27.8,27.97,27.99,112.4,47.5,45.7,19.0,86.71,78.57,77.14,76.29,401.0,454.0,482.0,435.0
2016-01-17,201603,401.0,401,401,401,0.9936709,130.91911,0,4,172100020160319589,2023-08-20,Palmas,1.2023469,306296,1,1.0,2,87,,,,,144514,23.66,25.7,28.63,258.4,91.29,375.0,23.9,1.3601345,405.0,23.91,1.5009626,177.0,24.01,0.62934965,283.0,24.09,1.1014143,339.5,23.869999999999997,5.996452088619021,0.0668629452291265,-0.009901070982711424,0.8146685383269361,0.3474778504578149,2,26.69,26.5,27.8,27.97,93.7,112.4,47.5,45.7,85.57,86.71,78.57,77.14,454.0,482.0,435.0,507.0
2016-01-24,201604,454.0,454,454,454,0.9948484,148.22264,0,4,172100020160419589,2023-08-20,Palmas,1.1947455,306296,1,1.0,2,117,,,,,144514,23.09,26.46,30.2,117.1,85.86,401.0,23.66,1.2023469,375.0,23.9,1.3601345,405.0,23.91,1.5009626,177.0,24.01,0.62934965,408.75,23.64,6.12029741895095,0.12384533033192913,0.19070827556105563,0.1139442593492177,0.9385138686588652,3,25.7,26.69,26.5,27.8,258.4,93.7,112.4,47.5,91.29,85.57,86.71,78.57,482.0,435.0,507.0,395.0
2016-01-31,201605,482.0,482,482,482,0.9926206,157.36412,0,4,172100020160519589,2023-08-20,Palmas,1.1776711,306296,0,1.0,2,106,,,,,144514,22.77,27.67,33.06,40.3,75.29,454.0,23.09,1.1947455,401.0,23.66,1.2023469,375.0,23.9,1.3601345,405.0,23.91,1.5009626,428.0,23.355,6.180016653652572,0.05971923470162199,0.18356456503355112,0.2504275102626776,0.1736634940508397,4,26.46,25.7,26.69,26.5,117.1,258.4,93.7,112.4,85.86,91.29,85.57,86.71,435.0,507.0,395.0,246.0
2016-02-07,201606,435.0,435,435,435,0.42846072,142.01949,0,4,172100020160619589,2023-08-20,Palmas,0.9878918,306296,0,0.0,2,91,,,,,144514,23.11,29.19,35.07,21.4,68.57,482.0,22.77,1.1776711,454.0,23.09,1.1947455,401.0,23.66,1.2023469,375.0,23.9,1.3601345,443.0,23.1575,6.077642243349034,-0.102374410303538,-0.04265517560191601,0.08119015473001312,0.14805309995913962,5,27.67,26.46,25.7,26.69,40.3,117.1,258.4,93.7,75.29,85.86,91.29,85.57,507.0,395.0,246.0,234.0
2016-02-14,201607,507.0,507,507,507,0.9422196,165.52615,0,4,172100020160719589,2023-08-20,Palmas,1.106643,306296,1,0.0,2,140,,,,,144514,23.61,29.27,34.91,20.3,69.57,435.0,23.11,0.9878918,482.0,22.77,1.1776711,454.0,23.09,1.1947455,401.0,23.66,1.2023469,469.5,23.145,6.230481447578482,0.15283920422944774,0.050464793925909746,0.11018402862753174,0.23402935895946086,6,29.19,27.67,26.46,25.7,21.4,40.3,117.1,258.4,68.57,75.29,85.86,91.29,395.0,246.0,234.0,179.0
2016-02-21,201608,395.0,395,395,395,0.012477779,128.96022,0,4,172100020160819589,2023-08-20,Palmas,0.8577349,306296,1,0.0,2,109,,,,,144514,24.34,30.0,35.77,15.6,65.71,507.0,23.61,1.106643,435.0,23.11,0.9878918,482.0,22.77,1.1776711,454.0,23.09,1.1947455,454.75,23.4575,5.981414211254481,-0.2490672363240014,-0.09622803209455366,-0.19860244239809166,-0.13888320769646967,7,29.27,29.19,27.67,26.46,20.3,21.4,40.3,117.1,69.57,68.57,75.29,85.86,246.0,234.0,179.0,153.0
2016-02-28,201609,246.0,246,246,246,1.3544721e-14,80.31447,0,4,172100020160919589,2023-08-20,Palmas,0.55346674,306296,1,0.0,2,65,,,,,144514,25.11,29.43,34.44,33.2,70.86,395.0,24.34,0.8577349,507.0,23.61,1.106643,435.0,23.11,0.9878918,482.0,22.77,1.1776711,395.75,24.0425,5.5093883366279774,-0.47202587462650314,-0.7210931109505045,-0.5682539067210568,-0.6706283170245948,8,30.0,29.27,29.19,27.67,15.6,20.3,21.4,40.3,65.71,69.57,68.57,75.29,234.0,179.0,153.0,175.0
2016-03-06,201610,234.0,234,234,234,2.3697013e-09,76.39669,0,4,172100020161019589,2023-08-20,Palmas,0.61887795,306296,1,0.0,2,81,,,,,144514,23.67,26.86,31.07,120.2,86.43,246.0,25.11,0.55346674,395.0,24.34,0.8577349,507.0,23.61,1.106643,435.0,23.11,0.9878918,345.5,24.1825,5.459585514144159,-0.04980282248381851,-0.5218286971103216,-0.770895933434323,-0.6180567292048753,9,29.43,30.0,29.27,29.19,33.2,15.6,20.3,21.4,70.86,65.71,69.57,68.57,179.0,153.0,175.0,131.0
2016-03-13,201611,179.0,179,179,179,1.4595985e-07,58.4402,0,2,172100020161119589,2023-08-20,Palmas,0.6185847,306296,1,0.0,1,64,,,,,144514,24.13,28.19,32.69,46.1,80.57,234.0,23.67,0.61887795,246.0,25.11,0.55346674,395.0,24.34,0.8577349,507.0,23.61,1.106643,263.5,24.3125,5.19295685089021,-0.2666286632539485,-0.316431485737767,-0.7884573603642702,-1.0375245966882716,10,26.86,29.43,30.0,29.27,120.2,33.2,15.6,20.3,86.43,70.86,65.71,69.57,153.0,175.0,131.0,113.0
2016-03-20,201612,153.0,153,153,153,5.597797e-05,49.95168,0,2,172100020161219589,2023-08-20,Palmas,0.6708085,306296,1,0.0,1,58,,,,,144514,24.19,27.67,31.66,77.6,84.0,179.0,24.13,0.6185847,234.0,23.67,0.61887795,246.0,25.11,0.55346674,395.0,24.34,0.8577349,203.0,24.275,5.0369526024136295,-0.1560042484765809,-0.4226329117305294,-0.4724357342143479,-0.9444616088408511,11,28.19,26.86,29.43,30.0,46.1,120.2,33.2,15.6,80.57,86.43,70.86,65.71,175.0,131.0,113.0,125.0
2016-03-27,201613,175.0,175,175,175,0.2219185,57.134274,0,2,172100020161319589,2023-08-20,Palmas,0.92298305,306296,1,0.0,1,65,,,,,144514,24.66,28.67,33.47,21.5,80.43,153.0,24.19,0.6708085,179.0,24.13,0.6185847,234.0,23.67,0.61887795,246.0,25.11,0.55346674,185.25,24.1625,5.170483995038151,0.13353139262452185,-0.022472855852059048,-0.28910151910600757,-0.3389043415898261,12,27.67,28.19,26.86,29.43,77.6,46.1,120.2,33.2,84.0,80.57,86.43,70.86,131.0,113.0,125.0,117.0
2016-04-03,201614,131.0,131,131,131,0.016970713,42.769085,0,2,172100020161419589,2023-08-20,Palmas,0.78187317,306296,1,0.0,1,52,,,,,144514,24.64,28.7,33.6,16.1,79.29,175.0,24.66,0.92298305,153.0,24.19,0.6708085,179.0,24.13,0.6185847,234.0,23.67,0.61887795,159.5,24.405,4.882801922586371,-0.2876820724517808,-0.15415067982725894,-0.31015492830383984,-0.5767835915577884,13,28.67,27.67,28.19,26.86,21.5,77.6,46.1,120.2,80.43,84.0,80.57,86.43,113.0,125.0,117.0,112.0
2016-04-10,201615,113.0,113,113,113,0.004717294,36.892418,0,2,172100020161519589,2023-08-20,Palmas,0.7272937,306296,1,0.0,1,65,,,,,144514,23.5,27.77,32.71,29.3,78.14,131.0,24.64,0.78187317,175.0,24.66,0.92298305,153.0,24.19,0.6708085,179.0,24.13,0.6185847,143.0,24.247500000000002,4.736198448394496,-0.14660347419187492,-0.4342855466436557,-0.30075415401913386,-0.45675840249571475,14,28.7,28.67,27.67,28.19,16.1,21.5,77.6,46.1,79.29,80.43,84.0,80.57,125.0,117.0,112.0,93.0
2016-04-17,201616,125.0,125,125,125,0.21476483,40.810196,0,2,172100020161619589,2023-08-20,Palmas,0.9072205,306296,1,0.0,1,63,,,,,144514,23.29,28.83,35.03,0.0,64.43,113.0,23.5,0.7272937,131.0,24.64,0.78187317,175.0,24.66,0.92298305,153.0,24.19,0.6708085,136.0,24.0225,4.836281906951478,0.10008345855698231,-0.04652001563489261,-0.3342020880866734,-0.20067069546215155,15,27.77,28.7,28.67,27.67,29.3,16.1,21.5,77.6,78.14,79.29,80.43,84.0,117.0,112.0,93.0,88.0
2016-04-24,201617,117.0,117,117,117,0.33745244,38.198345,0,2,172100020161719589,2023-08-20,Palmas,0.94742423,306296,1,0.0,1,54,,,,,144514,24.19,28.41,33.43,10.9,75.0,125.0,23.29,0.9072205,113.0,23.5,0.7272937,131.0,24.64,0.78187317,175.0,24.66,0.92298305,121.5,23.905,4.770684624465665,-0.06559728248581287,0.03448617607116944,-0.11211729812070548,-0.39979937057248627,16,28.83,27.77,28.7,28.67,0.0,29.3,16.1,21.5,64.43,78.14,79.29,80.43,112.0,93.0,88.0,58.0
2016-05-01,201618,112.0,112,112,112,0.3121407,36.565937,0,2,172100020161819589,2023-08-20,Palmas,0.9377315,306296,1,0.0,1,53,,,,,144514,24.61,28.79,33.89,0.1,69.71,117.0,24.19,0.94742423,125.0,23.29,0.9072205,113.0,23.5,0.7272937,131.0,24.64,0.78187317,116.75,23.8975,4.727387818712341,-0.043296805753324286,-0.10889408823913715,-0.008810629682154847,-0.15541410387402976,17,28.41,28.83,27.77,28.7,10.9,0.0,29.3,16.1,75.0,64.43,78.14,79.29,93.0,88.0,58.0,84.0
2016-05-08,201619,93.0,93,93,93,0.05713357,30.362787,0,2,172100020161919589,2023-08-20,Palmas,0.80345803,306296,1,0.0,1,49,,,,,144514,23.59,29.06,35.51,0.9,62.86,112.0,24.61,0.9377315,117.0,24.19,0.94742423,125.0,23.29,0.9072205,113.0,23.5,0.7272937,111.75,23.919999999999998,4.543294782270004,-0.184093036442337,-0.22738984219566127,-0.29298712468147414,-0.19290366612449183,18,28.79,28.41,28.83,27.77,0.1,10.9,0.0,29.3,69.71,75.0,64.43,78.14,88.0,58.0,84.0,66.0
2016-05-15,201620,88.0,88,88,88,0.080794476,28.73038,0,2,172100020162019589,2023-08-20,Palmas,0.81849766,306296,1,0.0,1,52,,,,,144514,23.77,29.33,35.64,0.0,59.43,93.0,23.59,0.80345803,112.0,24.61,0.9377315,117.0,24.19,0.94742423,125.0,23.29,0.9072205,102.5,24.04,4.48863636973214,-0.05465841253786419,-0.23875144898020118,-0.28204825473352546,-0.34764553721933833,19,29.06,28.79,28.41,28.83,0.9,0.1,10.9,0.0,62.86,69.71,75.0,64.43,58.0,84.0,66.0,54.0
2016-05-22,201621,58.0,58,58,58,0.0011382141,18.935932,0,2,172100020162119589,2023-08-20,Palmas,0.607244,306296,1,0.0,1,26,,,,,144514,23.9,29.14,35.36,0.0,57.0,88.0,23.77,0.81849766,93.0,23.59,0.80345803,112.0,24.61,0.9377315,117.0,24.19,0.94742423,87.75,23.9675,4.07753744390572,-0.41109892582641994,-0.4657573383642841,-0.6498503748066211,-0.6931471805599454,20,29.33,29.06,28.79,28.41,0.0,0.9,0.1,10.9,59.43,62.86,69.71,75.0,84.0,66.0,54.0,34.0
2016-05-29,201622,84.0,84,84,84,0.53827786,27.424452,0,2,172100020162219589,2023-08-20,Palmas,1.0149567,306296,1,0.0,1,27,,,,,144514,23.96,29.17,35.39,0.1,61.0,58.0,23.9,0.607244,88.0,23.77,0.81849766,93.0,23.59,0.80345803,112.0,24.61,0.9377315,80.75,23.805,4.442651256490317,0.36511381258459696,-0.04598511324182297,-0.10064352577968716,-0.28473656222202415,21,29.14,29.33,29.06,28.79,0.0,0.0,0.9,0.1,57.0,59.43,62.86,69.71,66.0,54.0,34.0,36.0
2016-06-05,201623,66.0,66,66,66,0.25260216,21.547783,0,2,172100020162319589,2023-08-20,Palmas,0.8936503,306296,1,0.0,1,30,,,,,144514,23.97,28.01,33.34,19.5,73.71,84.0,23.96,1.0149567,58.0,23.9,0.607244,88.0,23.77,0.81849766,93.0,23.59,0.80345803,74.0,23.9,4.204692619390966,-0.23795863709935094,0.12715517548524602,-0.2839437503411739,-0.3386021628790381,22,29.17,29.14,29.33,29.06,0.1,0.0,0.0,0.9,61.0,57.0,59.43,62.86,54.0,34.0,36.0,29.0
2016-06-12,201624,54.0,54,54,54,0.05715828,17.630005,0,2,172100020162419589,2023-08-20,Palmas,0.75408924,306296,1,0.0,1,11,,,,,144514,22.71,27.76,33.74,0.6,64.0,66.0,23.97,0.8936503,84.0,23.96,1.0149567,58.0,23.9,0.607244,88.0,23.77,0.81849766,65.5,23.634999999999998,4.007333185232471,-0.19735943415849455,-0.4353180712578455,-0.07020425867324853,-0.48130318449966847,23,28.01,29.17,29.14,29.33,19.5,0.1,0.0,0.0,73.71,61.0,57.0,59.43,34.0,36.0,29.0,19.0
2016-06-19,201625,34.0,34,34,34,0.000778637,11.100373,0,1,172100020162519589,2023-08-20,Palmas,0.52233815,306296,0,0.0,0,16,,,,,144514,21.79,27.56,34.36,0.0,55.86,54.0,22.71,0.75408924,66.0,23.97,0.8936503,84.0,23.96,1.0149567,58.0,23.9,0.607244,59.5,23.1075,3.5553480614894135,-0.45198512374305766,-0.6493445579015522,-0.8873031950009032,-0.5221893824163062,24,27.76,28.01,29.17,29.14,0.6,19.5,0.1,0.0,64.0,73.71,61.0,57.0,36.0,29.0,19.0,32.0
2016-06-26,201626,36.0,36,36,36,0.038671963,11.753337,0,1,172100020162619589,2023-08-20,Palmas,0.6858732,306296,0,0.0,0,5,,,,,144514,21.37,27.03,33.39,0.0,50.29,34.0,21.79,0.52233815,54.0,22.71,0.75408924,66.0,23.97,0.8936503,84.0,23.96,1.0149567,47.5,22.459999999999997,3.6109179126442243,0.055569851154810834,-0.3964152725882468,-0.5937747067467414,-0.8317333438460923,25,27.56,27.76,28.01,29.17,0.0,0.6,19.5,0.1,55.86,64.0,73.71,61.0,29.0,19.0,32.0,23.0
2016-07-03,201627,29.0,29,29,29,0.07635986,9.467966,0,1,172100020162719589,2023-08-20,Palmas,0.7099019,306296,0,0.0,0,11,,,,,144514,20.71,27.44,35.1,0.0,50.29,36.0,21.37,0.6858732,34.0,21.79,0.52233815,54.0,22.71,0.75408924,66.0,23.97,0.8936503,38.25,21.645000000000003,3.4011973816621555,-0.2097205309820689,-0.15415067982725805,-0.6061358035703157,-0.8034952377288103,26,27.03,27.56,27.76,28.01,0.0,0.0,0.6,19.5,50.29,55.86,64.0,73.71,19.0,32.0,23.0,15.0
2016-07-10,201628,19.0,19,19,19,0.01906278,6.20315,0,1,172100020162819589,2023-08-20,Palmas,0.5612791,306296,0,0.0,0,6,,,,,144514,20.47,27.69,35.64,0.0,51.14,29.0,20.71,0.7099019,36.0,21.37,0.6858732,34.0,21.79,0.52233815,54.0,22.71,0.75408924,29.5,21.085,2.995732273553991,-0.4054651081081646,-0.6151856390902335,-0.5596157879354227,-1.0116009116784803,27,27.44,27.03,27.56,27.76,0.0,0.0,0.0,0.6,50.29,50.29,55.86,64.0,32.0,23.0,15.0,14.0
2016-07-17,201629,32.0,32,32,32,0.6656761,10.447411,0,1,172100020162919589,2023-08-20,Palmas,1.1153946,306296,0,0.0,0,12,,,,,144514,22.79,28.83,36.39,0.0,47.0,19.0,20.47,0.5612791,29.0,20.71,0.7099019,36.0,21.37,0.6858732,34.0,21.79,0.52233815,29.0,21.335,3.4965075614664802,0.5007752879124894,0.09531017980432477,-0.11441035117774412,-0.058840500022933284,28,27.69,27.44,27.03,27.56,0.0,0.0,0.0,0.0,51.14,50.29,50.29,55.86,23.0,15.0,14.0,18.0
2016-07-24,201630,23.0,23,23,23,0.34899724,7.509076,0,1,172100020163019589,2023-08-20,Palmas,0.89551336,306296,0,0.0,0,7,,,,,144514,21.01,27.66,34.64,0.0,44.71,32.0,22.79,1.1153946,19.0,20.47,0.5612791,29.0,20.71,0.7099019,36.0,21.37,0.6858732,25.75,21.244999999999997,3.1780538303479458,-0.3184537311185345,0.1823215567939549,-0.2231435513142097,-0.4328640822962786,29,28.83,27.69,27.44,27.03,0.0,0.0,0.0,0.0,47.0,51.14,50.29,50.29,15.0,14.0,18.0,12.0
2016-07-31,201631,15.0,15,15,15,0.047196954,4.8972235,0,1,172100020163119589,2023-08-20,Palmas,0.58895814,306296,0,0.0,0,3,,,,,144514,20.7,27.6,34.77,0.0,44.71,23.0,21.01,0.89551336,32.0,22.79,1.1153946,19.0,20.47,0.5612791,29.0,20.71,0.7099019,22.25,21.2425,2.772588722239781,-0.4054651081081646,-0.7239188392266991,-0.2231435513142097,-0.6286086594223743,30,27.66,28.83,27.69,27.44,0.0,0.0,0.0,0.0,44.71,47.0,51.14,50.29,14.0,18.0,12.0,14.0
2016-08-07,201632,14.0,14,14,14,0.07714256,4.570742,0,1,172100020163219589,2023-08-20,Palmas,0.6232363,306296,0,0.0,0,4,,,,,144514,21.73,29.17,37.4,0.0,43.57,15.0,20.7,0.58895814,23.0,21.01,0.89551336,32.0,22.79,1.1153946,19.0,20.47,0.5612791,21.0,21.5575,2.70805020110221,-0.06453852113757108,-0.4700036292457357,-0.7884573603642702,-0.2876820724517808,31,27.6,27.66,28.83,27.69,0.0,0.0,0.0,0.0,44.71,44.71,47.0,51.14,18.0,12.0,14.0,8.0
2016-08-14,201633,18.0,18,18,18,0.5185821,5.8766685,0,1,172100020163319589,2023-08-20,Palmas,1.0155298,306296,1,0.0,0,9,,,,,144514,24.5,30.56,37.6,0.0,46.29,14.0,21.73,0.6232363,15.0,20.7,0.58895814,23.0,21.01,0.89551336,32.0,22.79,1.1153946,17.5,21.985,2.9444389791664403,0.2363887780642302,0.17185025692665912,-0.2336148511815055,-0.55206858230004,32,29.17,27.6,27.66,28.83,0.0,0.0,0.0,0.0,43.57,44.71,44.71,47.0,12.0,14.0,8.0,15.0
2016-08-21,201634,12.0,12,12,12,0.24272925,3.917779,0,1,172100020163419589,2023-08-20,Palmas,0.76901805,306296,0,0.0,0,4,,,,,144514,24.39,30.61,36.99,0.0,43.71,18.0,24.5,1.0155298,14.0,21.73,0.6232363,15.0,20.7,0.58895814,23.0,21.01,0.89551336,14.75,22.830000000000002,2.5649493574615367,-0.3794896217049035,-0.14310084364067333,-0.2076393647782444,-0.613104472886409,33,30.56,29.17,27.6,27.66,0.0,0.0,0.0,0.0,46.29,43.57,44.71,44.71,14.0,8.0,15.0,6.0
2016-08-28,201635,14.0,14,14,14,0.41487023,4.570742,0,1,172100020163519589,2023-08-20,Palmas,0.9244475,306296,0,0.0,0,6,,,,,144514,25.84,31.16,37.34,0.0,39.29,12.0,24.39,0.76901805,18.0,24.5,1.0155298,14.0,21.73,0.6232363,15.0,20.7,0.58895814,14.5,24.115000000000002,2.70805020110221,0.14310084364067333,-0.2363887780642302,0.0,-0.06453852113757108,34,30.61,30.56,29.17,27.6,0.0,0.0,0.0,0.0,43.71,46.29,43.57,44.71,8.0,15.0,6.0,10.0
2016-09-04,201636,8.0,8,8,8,0.10163186,2.6118526,0,1,172100020163619589,2023-08-20,Palmas,0.58022416,306296,0,0.0,0,3,,,,,144514,26.24,31.33,37.4,0.0,38.14,14.0,25.84,0.9244475,12.0,24.39,0.76901805,18.0,24.5,1.0155298,14.0,21.73,0.6232363,13.0,25.2425,2.1972245773362196,-0.5108256237659905,-0.3677247801253172,-0.7472144018302207,-0.5108256237659905,35,31.16,30.61,30.56,29.17,0.0,0.0,0.0,0.0,39.29,43.71,46.29,43.57,15.0,6.0,10.0,13.0
2016-09-11,201637,15.0,15,15,15,0.7023785,4.8972235,0,1,172100020163719589,2023-08-20,Palmas,1.2224544,306296,0,0.0,0,7,,,,,144514,25.31,31.23,37.86,1.1,42.14,8.0,26.24,0.58022416,14.0,25.84,0.9244475,12.0,24.39,0.76901805,18.0,24.5,1.0155298,12.25,25.445,2.772588722239781,0.5753641449035616,0.06453852113757108,0.2076393647782444,-0.17185025692665912,36,31.33,31.16,30.61,30.56,0.0,0.0,0.0,0.0,38.14,39.29,43.71,46.29,6.0,10.0,13.0,22.0
2016-09-18,201638,6.0,6,6,6,0.09522672,1.9588895,0,1,172100020163819589,2023-08-20,Palmas,0.5327558,306296,1,0.0,0,5,,,,,144514,24.7,29.13,34.59,18.4,62.29,15.0,25.31,1.2224544,8.0,26.24,0.58022416,14.0,25.84,0.9244475,12.0,24.39,0.76901805,10.75,25.5225,1.9459101490553132,-0.8266785731844679,-0.25131442828090633,-0.7621400520468968,-0.6190392084062235,37,31.23,31.33,31.16,30.61,1.1,0.0,0.0,0.0,42.14,38.14,39.29,43.71,10.0,13.0,22.0,19.0
2016-09-25,201639,10.0,10,10,10,0.43561077,3.2648158,0,1,172100020163919589,2023-08-20,Palmas,0.93256444,306296,1,0.0,0,6,,,,,144514,24.03,27.19,31.44,47.2,78.29,6.0,24.7,0.5327558,15.0,25.31,1.2224544,8.0,26.24,0.58022416,14.0,25.84,0.9244475,9.75,25.07,2.3978952727983707,0.45198512374305744,-0.3746934494414105,0.2006706954621511,-0.3101549283038394,38,29.13,31.23,31.33,31.16,18.4,1.1,0.0,0.0,62.29,42.14,38.14,39.29,13.0,22.0,19.0,20.0
2016-10-02,201640,13.0,13,13,13,0.76444554,4.2442603,0,2,172100020164019589,2023-08-20,Palmas,1.3484902,306296,1,0.0,0,5,,,,,144514,24.11,28.84,34.29,18.7,68.14,10.0,24.03,0.93256444,6.0,24.7,0.5327558,15.0,25.31,1.2224544,8.0,26.24,0.58022416,11.0,24.5375,2.6390573296152584,0.24116205681688774,0.6931471805599452,-0.13353139262452274,0.44183275227903884,39,27.19,29.13,31.23,31.33,47.2,18.4,1.1,0.0,78.29,62.29,42.14,38.14,22.0,19.0,20.0,31.0
2016-10-09,201641,22.0,22,22,22,0.9793504,7.182595,0,2,172100020164119589,2023-08-20,Palmas,2.0711968,306296,1,0.0,0,8,,,,,144514,25.21,30.13,36.5,10.3,54.71,13.0,24.11,1.3484902,10.0,24.03,0.93256444,6.0,24.7,0.5327558,15.0,25.31,1.2224544,12.75,24.5125,3.1354942159291497,0.49643688631389127,0.737598943130779,1.1895840668738364,0.36290549368936853,40,28.84,27.19,29.13,31.23,18.7,47.2,18.4,1.1,68.14,78.29,62.29,42.14,19.0,20.0,31.0,37.0
2016-10-16,201642,19.0,19,19,19,0.79314804,6.20315,0,2,172100020164219589,2023-08-20,Palmas,1.3243504,306296,1,0.0,0,4,,,,,144514,24.37,29.26,34.94,40.9,63.71,22.0,25.21,2.0711968,13.0,24.11,1.3484902,10.0,24.03,0.93256444,6.0,24.7,0.5327558,16.0,24.43,2.995732273553991,-0.13976194237515882,0.35667494393873245,0.5978370007556202,1.0498221244986776,41,30.13,28.84,27.19,29.13,10.3,18.7,47.2,18.4,54.71,68.14,78.29,62.29,20.0,31.0,37.0,39.0
2016-10-23,201643,20.0,20,20,20,0.61784905,6.5296316,0,2,172100020164319589,2023-08-20,Palmas,1.1008285,306296,1,0.0,0,8,,,,,144514,24.03,28.3,32.99,38.1,75.57,19.0,24.37,1.3243504,22.0,25.21,2.0711968,13.0,24.11,1.3484902,10.0,24.03,0.93256444,18.5,24.43,3.044522437723423,0.04879016416943216,-0.09097177820572666,0.4054651081081646,0.6466271649250523,42,29.26,30.13,28.84,27.19,40.9,10.3,18.7,47.2,63.71,54.71,68.14,78.29,31.0,37.0,39.0,39.0
2016-10-30,201644,31.0,31,31,31,0.9374153,10.120929,0,2,172100020164419589,2023-08-20,Palmas,1.5374376,306296,1,0.0,0,8,,,,,144514,24.41,29.79,35.81,12.9,65.43,20.0,24.03,1.1008285,19.0,24.37,1.3243504,22.0,25.21,2.0711968,13.0,24.11,1.3484902,23.0,24.505000000000003,3.4657359027997265,0.42121346507630353,0.4700036292457357,0.33024168687057687,0.8266785731844681,43,28.3,29.26,30.13,28.84,38.1,40.9,10.3,18.7,75.57,63.71,54.71,68.14,37.0,39.0,39.0,34.0
2016-11-06,201645,37.0,37,37,37,0.9625719,12.079818,0,2,172100020164519589,2023-08-20,Palmas,1.5864978,306296,1,1.0,1,10,,,,,144514,25.34,28.21,31.84,85.5,74.14,31.0,24.41,1.5374376,20.0,24.03,1.1008285,19.0,24.37,1.3243504,22.0,25.21,2.0711968,26.75,24.5375,3.6375861597263857,0.17185025692665912,0.5930637220029626,0.6418538861723948,0.502091943797236,44,29.79,28.3,29.26,30.13,12.9,38.1,40.9,10.3,65.43,75.57,63.71,54.71,39.0,39.0,34.0,30.0
2016-11-13,201646,39.0,39,39,39,0.8792254,12.732781,0,2,172100020164619589,2023-08-20,Palmas,1.3269696,306296,1,0.0,1,15,,,,,144514,23.69,26.76,30.69,95.7,84.14,37.0,25.34,1.5864978,31.0,24.41,1.5374376,20.0,24.03,1.1008285,19.0,24.37,1.3243504,31.75,24.3675,3.6888794541139363,0.05129329438755059,0.2231435513142097,0.6443570163905132,0.6931471805599454,45,28.21,29.79,28.3,29.26,85.5,12.9,38.1,40.9,74.14,65.43,75.57,63.71,39.0,34.0,30.0,39.0
2016-11-20,201647,39.0,39,39,39,0.68123984,12.732781,0,2,172100020164719589,2023-08-20,Palmas,1.1151954,306296,1,0.0,1,14,,,,,144514,24.44,28.21,32.7,54.6,77.0,39.0,23.69,1.3269696,37.0,25.34,1.5864978,31.0,24.41,1.5374376,20.0,24.03,1.1008285,36.5,24.47,3.6888794541139363,0.0,0.05129329438755059,0.2231435513142097,0.6443570163905132,46,26.76,28.21,29.79,28.3,95.7,85.5,12.9,38.1,84.14,74.14,65.43,75.57,34.0,30.0,39.0,29.0
2016-11-27,201648,34.0,34,34,34,0.33646506,11.100373,0,2,172100020164819589,2023-08-20,Palmas,0.9054799,306296,1,0.0,0,16,,,,,144514,23.03,28.83,34.64,49.5,69.57,39.0,24.44,1.1151954,39.0,23.69,1.3269696,37.0,25.34,1.5864978,31.0,24.41,1.5374376,37.25,24.125,3.5553480614894135,-0.13353139262452274,-0.13353139262452274,-0.08223809823697215,0.08961215868968697,47,28.21,26.76,28.21,29.79,54.6,95.7,85.5,12.9,77.0,84.14,74.14,65.43,30.0,39.0,29.0,193.0
2016-12-04,201649,30.0,30,30,30,0.19516659,9.794447,0,2,172100020164919589,2023-08-20,Palmas,0.81124717,306296,1,0.0,0,12,,,,,144514,23.61,27.39,32.03,83.1,81.29,34.0,23.03,0.9054799,39.0,24.44,1.1151954,39.0,23.69,1.3269696,37.0,25.34,1.5864978,35.5,23.6925,3.4339872044851463,-0.12136085700426724,-0.25489224962879,-0.25489224962879,-0.2035989552412394,48,28.83,28.21,26.76,28.21,49.5,54.6,95.7,85.5,69.57,77.0,84.14,74.14,39.0,29.0,193.0,74.0
2016-12-11,201650,39.0,39,39,39,0.69538796,12.732781,0,2,172100020165019589,2023-08-20,Palmas,1.1258832,306296,1,0.0,1,19,,,,,144514,23.59,26.69,30.79,94.4,85.0,30.0,23.61,0.81124717,34.0,23.03,0.9054799,39.0,24.44,1.1151954,39.0,23.69,1.3269696,35.5,23.6675,3.6888794541139363,0.25489224962879,0.13353139262452274,0.0,0.0,49,27.39,28.83,28.21,26.76,83.1,49.5,54.6,95.7,81.29,69.57,77.0,84.14,29.0,193.0,74.0,74.0
2016-12-18,201651,29.0,29,29,29,0.28400376,9.467966,0,2,172100020165119589,2023-08-20,Palmas,0.86615366,306296,1,0.0,0,8,,,,,144514,23.57,28.21,33.0,4.5,72.57,39.0,23.59,1.1258832,30.0,23.61,0.81124717,34.0,23.03,0.9054799,39.0,24.44,1.1151954,33.0,23.450000000000003,3.4011973816621555,-0.2876820724517808,-0.03278982282299081,-0.15415067982725805,-0.2876820724517808,50,26.69,27.39,28.83,28.21,94.4,83.1,49.5,54.6,85.0,81.29,69.57,77.0,193.0,74.0,74.0,86.0
2016-12-25,201652,193.0,193,193,193,1.0,63.010944,0,2,172100020165219589,2023-08-20,Palmas,4.5659847,306296,1,1.0,1,26,,,,,144514,23.93,28.07,32.76,19.6,75.14,29.0,23.57,0.86615366,39.0,23.59,1.1258832,30.0,23.61,0.81124717,34.0,23.03,0.9054799,72.75,23.675,5.267858159063328,1.8666607774011728,1.578978704949392,1.833870954578182,1.7125100975739147,51,28.21,26.69,27.39,28.83,4.5,94.4,83.1,49.5,72.57,85.0,81.29,69.57,74.0,74.0,86.0,117.0
2017-01-01,201701,74.0,74,74,74,0.5172061,24.159636,0,2,172100020170119589,2023-08-20,Palmas,1.0071102,306296,1,0.0,1,23,,,,,144514,23.61,27.61,32.5,26.3,77.43,193.0,23.93,4.5659847,29.0,23.57,0.86615366,39.0,23.59,1.1258832,30.0,23.61,0.81124717,83.75,23.675,4.31748811353631,-0.9503700455270181,0.9162907318741547,0.6286086594223739,0.8835009090511639,52,28.07,28.21,26.69,27.39,19.6,4.5,94.4,83.1,75.14,72.57,85.0,81.29,74.0,86.0,117.0,154.0
2017-01-08,201702,74.0,74,74,74,0.005476028,24.159636,0,2,172100020170219589,2023-08-20,Palmas,0.6841881,306296,1,0.0,1,21,,,,,144514,23.26,26.9,31.43,81.1,83.0,74.0,23.61,1.0071102,193.0,23.93,4.5659847,29.0,23.57,0.86615366,39.0,23.59,1.1258832,92.5,23.5925,4.31748811353631,0.0,-0.9503700455270181,0.9162907318741547,0.6286086594223739,1,27.61,28.07,28.21,26.69,26.3,19.6,4.5,94.4,77.43,75.14,72.57,85.0,86.0,117.0,154.0,192.0
2017-01-15,201703,86.0,86,86,86,0.14328927,28.077415,0,2,172100020170319589,2023-08-20,Palmas,0.85560405,306296,1,0.0,1,24,,,,,144514,22.89,25.94,29.44,83.2,86.0,74.0,23.26,0.6841881,74.0,23.61,1.0071102,193.0,23.93,4.5659847,29.0,23.57,0.86615366,106.75,23.422500000000003,4.465908118654584,0.14842000511827358,0.14842000511827358,-0.8019500404087445,1.0647107369924282,2,26.9,27.61,28.07,28.21,81.1,26.3,19.6,4.5,83.0,77.43,75.14,72.57,117.0,154.0,192.0,224.0
2017-01-22,201704,117.0,117,117,117,0.98786074,38.198345,0,2,172100020170419589,2023-08-20,Palmas,1.3747233,306296,1,1.0,1,40,,,,,144514,22.81,26.33,30.34,92.6,85.29,86.0,22.89,0.85560405,74.0,23.26,0.6841881,74.0,23.61,1.0071102,193.0,23.93,4.5659847,87.75,23.1425,4.770684624465665,0.3047765058110814,0.453196510929355,0.453196510929355,-0.4971735345976631,3,25.94,26.9,27.61,28.07,83.2,81.1,26.3,19.6,86.0,83.0,77.43,75.14,154.0,192.0,224.0,184.0
2017-01-29,201705,154.0,154,154,154,0.9999428,50.278164,0,2,172100020170519589,2023-08-20,Palmas,1.6436367,306296,1,1.0,1,48,,,,,144514,23.67,26.87,30.51,108.1,84.86,117.0,22.81,1.3747233,86.0,22.89,0.85560405,74.0,23.26,0.6841881,74.0,23.61,1.0071102,107.75,23.1575,5.043425116919247,0.2727404924535817,0.5775169982646631,0.7259370033829367,0.7259370033829367,4,26.33,25.94,26.9,27.61,92.6,83.2,81.1,26.3,85.29,86.0,83.0,77.43,192.0,224.0,184.0,188.0
2017-02-05,201706,192.0,192,192,192,0.99998224,62.684464,0,3,172100020170619589,2023-08-20,Palmas,1.60717,306296,1,1.0,1,48,,,,,144514,23.61,26.3,29.93,135.7,88.14,154.0,23.67,1.6436367,117.0,22.81,1.3747233,86.0,22.89,0.85560405,74.0,23.26,0.6841881,137.25,23.244999999999997,5.262690188904886,0.21926507198563883,0.4920055644392205,0.7967820702503019,0.9452020753685755,5,26.87,26.33,25.94,26.9,108.1,92.6,83.2,81.1,84.86,85.29,86.0,83.0,224.0,184.0,188.0,160.0
2017-02-12,201707,224.0,224,224,224,0.9998718,73.131874,0,3,172100020170719589,2023-08-20,Palmas,1.4613644,306296,1,1.0,1,67,,,,,144514,22.99,25.89,29.41,180.9,84.57,192.0,23.61,1.60717,154.0,23.67,1.6436367,117.0,22.81,1.3747233,86.0,22.89,0.85560405,171.75,23.27,5.41610040220442,0.15341021329953453,0.37267528528517335,0.645415777738755,0.9501922835498364,6,26.3,26.87,26.33,25.94,135.7,108.1,92.6,83.2,88.14,84.86,85.29,86.0,184.0,188.0,160.0,144.0
2017-02-19,201708,184.0,184,184,184,0.4853542,60.07261,0,2,172100020170819589,2023-08-20,Palmas,0.996187,306296,1,0.0,1,46,,,,,144514,23.09,25.9,29.86,111.3,85.14,224.0,22.99,1.4613644,192.0,23.61,1.60717,154.0,23.67,1.6436367,117.0,22.81,1.3747233,188.5,23.340000000000003,5.220355825078324,-0.19574457712609572,-0.042334363826561194,0.17693070815907763,0.4496712006126593,7,25.89,26.3,26.87,26.33,180.9,135.7,108.1,92.6,84.57,88.14,84.86,85.29,188.0,160.0,144.0,222.0
2017-02-26,201709,188.0,188,188,188,0.2820342,61.378536,0,2,172100020170919589,2023-08-20,Palmas,0.9431164,306296,1,0.0,1,45,,,,,144514,23.11,26.73,30.83,112.7,84.43,184.0,23.09,0.996187,224.0,22.99,1.4613644,192.0,23.61,1.60717,154.0,23.67,1.6436367,197.0,23.199999999999996,5.241747015059643,0.02139118998131817,-0.17435338714477755,-0.020943173845243024,0.1983218981403958,8,25.9,25.89,26.3,26.87,111.3,180.9,135.7,108.1,85.14,84.57,88.14,84.86,160.0,144.0,222.0,169.0
2017-03-05,201710,160.0,160,160,160,0.040092077,52.237053,0,2,172100020171019589,2023-08-20,Palmas,0.8298737,306296,1,0.0,1,34,,,,,144514,23.74,27.99,32.83,33.1,79.86,188.0,23.11,0.9431164,184.0,23.09,0.996187,224.0,22.99,1.4613644,192.0,23.61,1.60717,189.0,23.2325,5.081404364984463,-0.16034265007517945,-0.13895146009386128,-0.334696037219957,-0.18128582392042247,9,26.73,25.9,25.89,26.3,112.7,111.3,180.9,135.7,84.43,85.14,84.57,88.14,144.0,222.0,169.0,188.0
2017-03-12,201711,144.0,144,144,144,0.025539936,47.013348,0,2,172100020171119589,2023-08-20,Palmas,0.8045616,306296,1,0.0,1,38,,,,,144514,23.16,26.21,30.37,73.0,84.29,160.0,23.74,0.8298737,188.0,23.11,0.9431164,184.0,23.09,0.996187,224.0,22.99,1.4613644,169.0,23.275,4.976733742420574,-0.10467062256388893,-0.2650132726390684,-0.2436220826577502,-0.4393666597838459,10,27.99,26.73,25.9,25.89,33.1,112.7,111.3,180.9,79.86,84.43,85.14,84.57,222.0,169.0,188.0,163.0
2017-03-19,201712,222.0,222,222,222,0.99736965,72.47891,0,2,172100020171219589,2023-08-20,Palmas,1.3285137,306296,1,1.0,1,46,,,,,144514,23.14,27.11,32.0,53.7,84.14,144.0,23.16,0.8045616,160.0,23.74,0.8298737,188.0,23.11,0.9431164,184.0,23.09,0.996187,178.5,23.287499999999998,5.407171771460119,0.43043802903954465,0.3257674064756557,0.16542475640047627,0.18681594638179444,11,26.21,27.99,26.73,25.9,73.0,33.1,112.7,111.3,84.29,79.86,84.43,85.14,169.0,188.0,163.0,178.0
2017-03-26,201713,169.0,169,169,169,0.4782947,55.175385,0,2,172100020171319589,2023-08-20,Palmas,0.9941118,306296,1,0.0,1,41,,,,,144514,23.54,26.81,31.11,120.3,86.43,222.0,23.14,1.3285137,144.0,23.16,0.8045616,160.0,23.74,0.8298737,188.0,23.11,0.9431164,173.75,23.394999999999996,5.135798437050262,-0.2713733344098568,0.15906469462968786,0.05439407206579894,-0.10594857800938051,12,27.11,26.21,27.99,26.73,53.7,73.0,33.1,112.7,84.14,84.29,79.86,84.43,188.0,163.0,178.0,198.0
2017-04-02,201714,188.0,188,188,188,0.58327746,61.378536,0,2,172100020171419589,2023-08-20,Palmas,1.0220222,306296,1,0.0,1,53,,,,,144514,23.39,26.64,30.61,43.8,83.71,169.0,23.54,0.9941118,222.0,23.14,1.3285137,144.0,23.16,0.8045616,160.0,23.74,0.8298737,180.75,23.307499999999997,5.241747015059643,0.10594857800938051,-0.16542475640047627,0.2650132726390684,0.16034265007517945,13,26.81,27.11,26.21,27.99,120.3,53.7,73.0,33.1,86.43,84.14,84.29,79.86,163.0,178.0,198.0,241.0
2017-04-09,201715,163.0,163,163,163,0.13011272,53.216496,0,2,172100020171519589,2023-08-20,Palmas,0.88616335,306296,1,0.0,1,39,,,,,144514,23.69,28.13,33.16,10.4,77.86,188.0,23.39,1.0220222,169.0,23.54,0.9941118,222.0,23.14,1.3285137,144.0,23.16,0.8045616,185.5,23.44,5.099866427824199,-0.14188058723544383,-0.03593200922606332,-0.3073053436359201,0.12313268540362454,14,26.64,26.81,27.11,26.21,43.8,120.3,53.7,73.0,83.71,86.43,84.14,84.29,178.0,198.0,241.0,282.0
2017-04-16,201716,178.0,178,178,178,0.50864756,58.11372,0,2,172100020171619589,2023-08-20,Palmas,1.0022991,306296,1,0.0,1,53,,,,,144514,24.19,27.93,32.59,33.8,80.57,163.0,23.69,0.88616335,188.0,23.39,1.0220222,169.0,23.54,0.9941118,222.0,23.14,1.3285137,174.5,23.7025,5.187385805840755,0.08751937801655618,-0.05436120921888765,0.05158736879049286,-0.21978596561936392,15,28.13,26.64,26.81,27.11,10.4,43.8,120.3,53.7,77.86,83.71,86.43,84.14,198.0,241.0,282.0,270.0
2017-04-23,201717,198.0,198,198,198,0.8895909,64.64335,0,2,172100020171719589,2023-08-20,Palmas,1.135276,306296,1,0.0,1,58,,,,,144514,23.97,27.9,32.54,29.0,80.86,178.0,24.19,1.0022991,163.0,23.69,0.88616335,188.0,23.39,1.0220222,169.0,23.54,0.9941118,181.75,23.810000000000002,5.293304824724492,0.10591901888373734,0.19343839690029352,0.051557809664849685,0.1575063876742302,16,27.93,28.13,26.64,26.81,33.8,10.4,43.8,120.3,80.57,77.86,83.71,86.43,241.0,282.0,270.0,276.0
2017-04-30,201718,241.0,241,241,241,0.9978838,78.68206,0,2,172100020171819589,2023-08-20,Palmas,1.3219663,306296,1,1.0,2,52,,,,,144514,23.54,28.23,33.84,0.2,66.57,198.0,23.97,1.135276,178.0,24.19,1.0022991,163.0,23.69,0.88616335,188.0,23.39,1.0220222,195.0,23.847499999999997,5.488937726156687,0.19563290143219447,0.3015519203159318,0.389071298332488,0.24719071109704416,17,27.9,27.93,28.13,26.64,29.0,33.8,10.4,43.8,80.86,80.57,77.86,83.71,282.0,270.0,276.0,190.0
2017-05-07,201719,282.0,282,282,282,0.9997556,92.0678,0,4,172100020171919589,2023-08-20,Palmas,1.3738779,306296,1,1.0,2,71,,,,,144514,23.86,28.64,34.13,0.1,66.71,241.0,23.54,1.3219663,198.0,23.97,1.135276,178.0,24.19,1.0022991,163.0,23.69,0.88616335,224.75,23.89,5.645446897643238,0.15650917148655097,0.35214207291874544,0.4580610918024828,0.545580469819039,18,28.23,27.9,27.93,28.13,0.2,29.0,33.8,10.4,66.57,80.86,80.57,77.86,270.0,276.0,190.0,194.0
2017-05-14,201720,270.0,270,270,270,0.9274265,88.150024,0,4,172100020172019589,2023-08-20,Palmas,1.1381514,306296,1,0.0,2,59,,,,,144514,23.87,28.53,34.31,7.9,68.0,282.0,23.86,1.3738779,241.0,23.54,1.3219663,198.0,23.97,1.135276,178.0,24.19,1.0022991,247.75,23.81,5.602118820879701,-0.04332807676353667,0.1131810947230143,0.30881399615520877,0.4147330150389461,19,28.64,28.23,27.9,27.93,0.1,0.2,29.0,33.8,66.71,66.57,80.86,80.57,276.0,190.0,194.0,137.0
2017-05-21,201721,276.0,276,276,276,0.71903944,90.10892,0,4,172100020172119589,2023-08-20,Palmas,1.0512226,306296,1,0.0,2,54,,,,,144514,24.06,28.81,34.37,1.2,67.43,270.0,23.87,1.1381514,282.0,23.86,1.3738779,241.0,23.54,1.3219663,198.0,23.97,1.135276,267.25,23.8325,5.6240175061873385,0.0218986853076375,-0.02142939145589917,0.1350797800306518,0.33071268146284627,20,28.53,28.64,28.23,27.9,7.9,0.1,0.2,29.0,68.0,66.71,66.57,80.86,190.0,194.0,137.0,129.0
2017-05-28,201722,190.0,190,190,190,0.00015322915,62.031498,0,2,172100020172219589,2023-08-20,Palmas,0.7118617,306296,1,0.0,1,29,,,,,144514,23.07,28.53,34.66,0.3,63.14,276.0,24.06,1.0512226,270.0,23.87,1.1381514,282.0,23.86,1.3738779,241.0,23.54,1.3219663,254.5,23.714999999999996,5.25227342804663,-0.37174407814070864,-0.34984539283307114,-0.3931734695966078,-0.23666429811005685,21,28.81,28.53,28.64,28.23,1.2,7.9,0.1,0.2,67.43,68.0,66.71,66.57,194.0,137.0,129.0,97.0
2017-06-04,201723,194.0,194,194,194,0.004889474,63.337425,0,1,172100020172319589,2023-08-20,Palmas,0.7815989,306296,0,0.0,1,33,,,,,144514,21.96,27.61,34.41,0.1,61.71,190.0,23.07,0.7118617,276.0,24.06,1.0512226,270.0,23.87,1.1381514,282.0,23.86,1.3738779,232.5,23.240000000000002,5.272999558563747,0.020726130517116914,-0.35101794762359173,-0.32911926231595423,-0.3724473390794909,22,28.53,28.81,28.53,28.64,0.3,1.2,7.9,0.1,63.14,67.43,68.0,66.71,137.0,129.0,97.0,89.0
2017-06-11,201724,137.0,137,137,137,2.3201996e-05,44.727974,0,1,172100020172419589,2023-08-20,Palmas,0.6438517,306296,0,0.0,1,18,,,,,144514,20.93,27.39,34.53,0.0,57.43,194.0,21.96,0.7815989,190.0,23.07,0.7118617,276.0,24.06,1.0512226,270.0,23.87,1.1381514,199.25,22.505000000000003,4.927253685157205,-0.3457458734065417,-0.3250197428894248,-0.6967638210301335,-0.674865135722496,23,27.61,28.53,28.81,28.53,0.1,0.3,1.2,7.9,61.71,63.14,67.43,68.0,129.0,97.0,89.0,65.0
2017-06-18,201725,129.0,129,129,129,0.0019144567,42.116123,0,1,172100020172519589,2023-08-20,Palmas,0.7181817,306296,0,0.0,1,20,,,,,144514,21.49,27.16,34.0,0.0,55.86,137.0,20.93,0.6438517,194.0,21.96,0.7815989,190.0,23.07,0.7118617,276.0,24.06,1.0512226,162.5,21.8625,4.867534450455582,-0.05971923470162288,-0.4054651081081646,-0.3847389775910477,-0.7564830557317563,24,27.39,27.61,28.53,28.81,0.0,0.1,0.3,1.2,57.43,61.71,63.14,67.43,97.0,89.0,65.0,66.0
2017-06-25,201726,97.0,97,97,97,0.00038083878,31.668713,0,1,172100020172619589,2023-08-20,Palmas,0.6485397,306296,0,0.0,1,19,,,,,144514,20.83,26.64,33.63,0.0,53.14,129.0,21.49,0.7181817,137.0,20.93,0.6438517,194.0,21.96,0.7815989,190.0,23.07,0.7118617,139.25,21.3025,4.584967478670572,-0.2825669717850099,-0.34228620648663277,-0.6880320798931745,-0.6673059493760576,25,27.16,27.39,27.61,28.53,0.0,0.0,0.1,0.3,55.86,57.43,61.71,63.14,89.0,65.0,66.0,68.0
2017-07-02,201727,89.0,89,89,89,0.007679555,29.05686,0,1,172100020172719589,2023-08-20,Palmas,0.71633506,306296,0,0.0,1,10,,,,,144514,21.21,26.14,32.83,0.0,49.86,97.0,20.83,0.6485397,129.0,21.49,0.7181817,137.0,20.93,0.6438517,194.0,21.96,0.7815989,113.0,21.115,4.499809670330265,-0.08515780834030728,-0.3677247801253172,-0.42744401482694006,-0.7731898882334818,26,26.64,27.16,27.39,27.61,0.0,0.0,0.0,0.1,53.14,55.86,57.43,61.71,65.0,66.0,68.0,63.0
2017-07-09,201728,65.0,65,65,65,0.001496189,21.221302,0,1,172100020172819589,2023-08-20,Palmas,0.62960815,306296,0,0.0,1,7,,,,,144514,20.64,26.26,32.97,0.0,50.14,89.0,21.21,0.71633506,97.0,20.83,0.6485397,129.0,21.49,0.7181817,137.0,20.93,0.6438517,95.0,21.0425,4.189654742026425,-0.31015492830383984,-0.3953127366441471,-0.677879708429157,-0.7375989431307799,27,26.14,26.64,27.16,27.39,0.0,0.0,0.0,0.0,49.86,53.14,55.86,57.43,66.0,68.0,63.0,37.0
2017-07-16,201729,66.0,66,66,66,0.052734952,21.547783,0,1,172100020172919589,2023-08-20,Palmas,0.76863265,306296,0,0.0,1,12,,,,,144514,19.23,26.26,34.04,0.0,52.71,65.0,20.64,0.62960815,89.0,21.21,0.71633506,97.0,20.83,0.6485397,129.0,21.49,0.7181817,79.25,20.4775,4.204692619390966,0.015037877364540542,-0.2951170509392993,-0.3802748592796066,-0.6628418310646165,28,26.26,26.14,26.64,27.16,0.0,0.0,0.0,0.0,50.14,49.86,53.14,55.86,68.0,63.0,37.0,46.0
2017-07-23,201730,68.0,68,68,68,0.3383324,22.200747,0,1,172100020173019589,2023-08-20,Palmas,0.93232995,306296,0,0.0,1,13,,,,,144514,21.17,26.83,33.56,0.0,46.71,66.0,19.23,0.76863265,65.0,20.64,0.62960815,89.0,21.21,0.71633506,97.0,20.83,0.6485397,72.0,20.5625,4.23410650459726,0.029413885206293955,0.0444517625708345,-0.26570316573300534,-0.3508609740733126,29,26.26,26.26,26.14,26.64,0.0,0.0,0.0,0.0,52.71,50.14,49.86,53.14,63.0,37.0,46.0,23.0
2017-07-30,201731,63.0,63,63,63,0.35704184,20.568338,0,1,172100020173119589,2023-08-20,Palmas,0.93797064,306296,0,0.0,1,12,,,,,144514,20.43,27.2,34.7,0.0,47.43,68.0,21.17,0.93232995,66.0,19.23,0.76863265,65.0,20.64,0.62960815,89.0,21.21,0.71633506,65.5,20.3675,4.1588830833596715,-0.07522342123758818,-0.04580953603129423,-0.030771658666753687,-0.3409265869705935,30,26.83,26.26,26.26,26.14,0.0,0.0,0.0,0.0,46.71,52.71,50.14,49.86,37.0,46.0,23.0,19.0
2017-08-06,201732,37.0,37,37,37,0.0030992273,12.079818,0,1,172100020173219589,2023-08-20,Palmas,0.5758129,306296,0,0.0,1,7,,,,,144514,22.24,29.01,36.49,0.0,47.71,63.0,20.43,0.93797064,68.0,21.17,0.93232995,66.0,19.23,0.76863265,65.0,20.64,0.62960815,58.5,20.7675,3.6375861597263857,-0.5212969236332858,-0.596520344870874,-0.5671064596645801,-0.5520685823000395,31,27.2,26.83,26.26,26.26,0.0,0.0,0.0,0.0,47.43,46.71,52.71,50.14,46.0,23.0,19.0,29.0
2017-08-13,201733,46.0,46,46,46,0.14035122,15.018152,0,1,172100020173319589,2023-08-20,Palmas,0.80861485,306296,0,0.0,1,14,,,,,144514,21.69,29.16,37.31,0.0,45.14,37.0,22.24,0.5758129,63.0,20.43,0.93797064,68.0,21.17,0.93232995,66.0,19.23,0.76863265,53.5,21.3825,3.8501476017100584,0.21256144198367277,-0.30873548164961306,-0.38395890288720125,-0.3545450176809073,32,29.01,27.2,26.83,26.26,0.0,0.0,0.0,0.0,47.71,47.43,46.71,52.71,23.0,19.0,29.0,28.0
2017-08-20,201734,23.0,23,23,23,0.0021898816,7.509076,0,1,172100020173419589,2023-08-20,Palmas,0.4962224,306296,0,0.0,0,2,,,,,144514,23.66,29.91,36.69,0.0,40.43,46.0,21.69,0.80861485,37.0,22.24,0.5758129,63.0,20.43,0.93797064,68.0,21.17,0.93232995,42.25,22.005,3.1780538303479458,-0.6720937713621127,-0.4595323293784399,-0.9808292530117257,-1.056052674249314,33,29.16,29.01,27.2,26.83,0.0,0.0,0.0,0.0,45.14,47.71,47.43,46.71,19.0,29.0,28.0,16.0
2017-08-27,201735,19.0,19,19,19,0.0059419116,6.20315,0,1,172100020173519589,2023-08-20,Palmas,0.50522316,306296,0,0.0,0,4,,,,,144514,23.29,30.2,37.71,0.0,37.71,23.0,23.66,0.4962224,46.0,21.69,0.80861485,37.0,22.24,0.5758129,63.0,20.43,0.93797064,31.25,22.720000000000002,2.995732273553991,-0.1823215567939549,-0.8544153281560676,-0.6418538861723948,-1.1631508098056806,34,29.91,29.16,29.01,27.2,0.0,0.0,0.0,0.0,40.43,45.14,47.71,47.43,29.0,28.0,16.0,14.0
2017-09-03,201736,29.0,29,29,29,0.5129216,9.467966,0,1,172100020173619589,2023-08-20,Palmas,1.0085,306296,0,0.0,0,5,,,,,144514,25.06,30.39,36.71,0.0,38.71,19.0,23.29,0.50522316,23.0,23.66,0.4962224,46.0,21.69,0.80861485,37.0,22.24,0.5758129,29.25,23.424999999999997,3.4011973816621555,0.4054651081081646,0.2231435513142097,-0.44895022004790297,-0.2363887780642302,35,30.2,29.91,29.16,29.01,0.0,0.0,0.0,0.0,37.71,40.43,45.14,47.71,28.0,16.0,14.0,28.0
2017-09-10,201737,28.0,28,28,28,0.69552714,9.141484,0,1,172100020173719589,2023-08-20,Palmas,1.150832,306296,0,0.0,0,6,,,,,144514,25.83,30.99,37.24,0.0,33.14,29.0,25.06,1.0085,19.0,23.29,0.50522316,23.0,23.66,0.4962224,46.0,21.69,0.80861485,24.75,24.46,3.367295829986474,-0.03390155167568132,0.3715635564324833,0.1892419996385284,-0.4828517717235843,36,30.39,30.2,29.91,29.16,0.0,0.0,0.0,0.0,38.71,37.71,40.43,45.14,16.0,14.0,28.0,15.0
2017-09-17,201738,16.0,16,16,16,0.07183021,5.2237053,0,1,172100020173819589,2023-08-20,Palmas,0.63350004,306296,0,0.0,0,2,,,,,144514,26.3,31.24,37.09,0.0,35.14,28.0,25.83,1.150832,29.0,25.06,1.0085,19.0,23.29,0.50522316,23.0,23.66,0.4962224,23.0,25.12,2.833213344056216,-0.534082485930258,-0.5679840376059393,-0.1625189294977747,-0.3448404862917296,37,30.99,30.39,30.2,29.91,0.0,0.0,0.0,0.0,33.14,38.71,37.71,40.43,14.0,28.0,15.0,15.0
2017-09-24,201739,14.0,14,14,14,0.050194748,4.570742,0,1,172100020173919589,2023-08-20,Palmas,0.5845777,306296,0,0.0,0,3,,,,,144514,26.77,32.06,38.13,0.3,35.86,16.0,26.3,0.63350004,28.0,25.83,1.150832,29.0,25.06,1.0085,19.0,23.29,0.50522316,21.75,25.99,2.70805020110221,-0.1251631429540061,-0.6592456288842641,-0.6931471805599454,-0.2876820724517808,38,31.24,30.99,30.39,30.2,0.0,0.0,0.0,0.0,35.14,33.14,38.71,37.71,28.0,15.0,15.0,21.0
2017-10-01,201740,28.0,28,28,28,0.887594,9.141484,0,1,172100020174019589,2023-08-20,Palmas,1.4205494,306296,0,0.0,0,11,,,,,144514,26.4,31.29,36.97,4.5,47.0,14.0,26.77,0.5845777,16.0,26.3,0.63350004,28.0,25.83,1.150832,29.0,25.06,1.0085,21.5,26.325000000000003,3.367295829986474,0.6592456288842641,0.534082485930258,0.0,-0.03390155167568132,39,32.06,31.24,30.99,30.39,0.3,0.0,0.0,0.0,35.86,35.14,33.14,38.71,15.0,15.0,21.0,19.0
2017-10-08,201741,15.0,15,15,15,0.25996202,4.8972235,0,1,172100020174119589,2023-08-20,Palmas,0.80279946,306296,0,0.0,0,10,,,,,144514,25.71,31.29,37.27,0.0,46.71,28.0,26.4,1.4205494,14.0,26.77,0.5845777,16.0,26.3,0.63350004,28.0,25.83,1.150832,18.25,26.294999999999998,2.772588722239781,-0.594707107746693,0.06453852113757108,-0.06062462181643502,-0.594707107746693,40,31.29,32.06,31.24,30.99,4.5,0.3,0.0,0.0,47.0,35.86,35.14,33.14,15.0,21.0,19.0,21.0
2017-10-15,201742,15.0,15,15,15,0.19623777,4.8972235,0,1,172100020174219589,2023-08-20,Palmas,0.7504031,306296,0,0.0,0,8,,,,,144514,26.03,31.49,37.49,2.2,45.71,15.0,25.71,0.80279946,28.0,26.4,1.4205494,14.0,26.77,0.5845777,16.0,26.3,0.63350004,18.0,26.2275,2.772588722239781,0.0,-0.594707107746693,0.06453852113757108,-0.06062462181643502,41,31.29,31.29,32.06,31.24,0.0,4.5,0.3,0.0,46.71,47.0,35.86,35.14,21.0,19.0,21.0,36.0
2017-10-22,201743,21.0,21,21,21,0.66515815,6.856113,0,1,172100020174319589,2023-08-20,Palmas,1.1442109,306296,0,0.0,0,14,,,,,144514,26.74,31.83,37.26,2.7,45.86,15.0,26.03,0.7504031,15.0,25.71,0.80279946,28.0,26.4,1.4205494,14.0,26.77,0.5845777,19.75,26.22,3.091042453358316,0.3184537311185349,0.3184537311185349,-0.2762533766281581,0.382992252256106,42,31.49,31.29,31.29,32.06,2.2,0.0,4.5,0.3,45.71,46.71,47.0,35.86,19.0,21.0,36.0,42.0
2017-10-29,201744,19.0,19,19,19,0.61256754,6.20315,0,1,172100020174419589,2023-08-20,Palmas,1.0984637,306296,0,0.0,0,10,,,,,144514,24.16,28.29,33.31,52.2,72.86,21.0,26.74,1.1442109,15.0,26.03,0.7504031,15.0,25.71,0.80279946,28.0,26.4,1.4205494,17.5,25.659999999999997,2.995732273553991,-0.09531017980432521,0.2231435513142097,0.2231435513142097,-0.3715635564324833,43,31.83,31.49,31.29,31.29,2.7,2.2,0.0,4.5,45.86,45.71,46.71,47.0,21.0,36.0,42.0,45.0
2017-11-05,201745,21.0,21,21,21,0.64550984,6.856113,0,1,172100020174519589,2023-08-20,Palmas,1.1245307,306296,1,0.0,0,4,,,,,144514,24.37,27.3,31.09,82.3,80.71,19.0,24.16,1.0984637,21.0,26.74,1.1442109,15.0,26.03,0.7504031,15.0,25.71,0.80279946,19.0,25.325,3.091042453358316,0.09531017980432521,0.0,0.3184537311185349,0.3184537311185349,44,28.29,31.83,31.49,31.29,52.2,2.7,2.2,0.0,72.86,45.86,45.71,46.71,36.0,42.0,45.0,36.0
2017-11-12,201746,36.0,36,36,36,0.981277,11.753337,0,1,172100020174619589,2023-08-20,Palmas,1.7504228,306296,1,0.0,0,6,,,,,144514,24.13,27.23,30.8,31.7,78.71,21.0,24.37,1.1245307,19.0,24.16,1.0984637,21.0,26.74,1.1442109,15.0,26.03,0.7504031,24.25,24.85,3.6109179126442243,0.5198754592859083,0.6151856390902335,0.5198754592859083,0.8383291904044432,45,27.3,28.29,31.83,31.49,82.3,52.2,2.7,2.2,80.71,72.86,45.86,45.71,42.0,45.0,36.0,29.0
2017-11-19,201747,42.0,42,42,42,0.9812205,13.712226,0,2,172100020174719589,2023-08-20,Palmas,1.6695728,306296,1,1.0,1,6,,,,,144514,23.93,27.56,31.6,55.7,79.57,36.0,24.13,1.7504228,21.0,24.37,1.1245307,19.0,24.16,1.0984637,21.0,26.74,1.1442109,29.5,24.1475,3.7612001156935624,0.15028220304933804,0.6701576623352463,0.7654678421395715,0.6701576623352463,46,27.23,27.3,28.29,31.83,31.7,82.3,52.2,2.7,78.71,80.71,72.86,45.86,45.0,36.0,29.0,39.0
2017-11-26,201748,45.0,45,45,45,0.91141,14.69167,0,2,172100020174819589,2023-08-20,Palmas,1.357196,306296,1,0.0,1,12,,,,,144514,24.01,28.01,32.89,50.3,77.29,42.0,23.93,1.6695728,36.0,24.13,1.7504228,21.0,24.37,1.1245307,19.0,24.16,1.0984637,36.0,24.110000000000003,3.828641396489095,0.06744128079553269,0.21772348384487072,0.737598943130779,0.8329091229351042,47,27.56,27.23,27.3,28.29,55.7,31.7,82.3,52.2,79.57,78.71,80.71,72.86,36.0,29.0,39.0,38.0
2017-12-03,201749,36.0,36,36,36,0.34187853,11.753337,0,2,172100020174919589,2023-08-20,Palmas,0.9109374,306296,1,0.0,0,9,,,,,144514,24.46,27.47,31.1,41.4,81.0,45.0,24.01,1.357196,42.0,23.93,1.6695728,36.0,24.13,1.7504228,21.0,24.37,1.1245307,39.75,24.1325,3.6109179126442243,-0.21772348384487072,-0.15028220304933804,0.0,0.5198754592859083,48,28.01,27.56,27.23,27.3,50.3,55.7,31.7,82.3,77.29,79.57,78.71,80.71,29.0,39.0,38.0,134.0
2017-12-10,201750,29.0,29,29,29,0.08327487,9.467966,0,2,172100020175019589,2023-08-20,Palmas,0.7172683,306296,1,0.0,0,7,,,,,144514,23.64,26.21,30.33,89.2,85.14,36.0,24.46,0.9109374,45.0,24.01,1.357196,42.0,23.93,1.6695728,36.0,24.13,1.7504228,38.0,24.01,3.4011973816621555,-0.2097205309820689,-0.4274440148269396,-0.3600027340314069,-0.2097205309820689,49,27.47,28.01,27.56,27.23,41.4,50.3,55.7,31.7,81.0,77.29,79.57,78.71,39.0,38.0,134.0,46.0
2017-12-17,201751,39.0,39,39,39,0.60013765,12.732781,0,2,172100020175119589,2023-08-20,Palmas,1.0596844,306296,1,0.0,1,10,,,,,144514,22.87,26.61,30.96,63.4,82.14,29.0,23.64,0.7172683,36.0,24.46,0.9109374,45.0,24.01,1.357196,42.0,23.93,1.6695728,37.25,23.745,3.6888794541139363,0.2876820724517808,0.0779615414697119,-0.13976194237515882,-0.07232066157962613,50,26.21,27.47,28.01,27.56,89.2,41.4,50.3,55.7,85.14,81.0,77.29,79.57,38.0,134.0,46.0,69.0
2017-12-24,201752,38.0,38,38,38,0.66527945,12.4063,0,2,172100020175219589,2023-08-20,Palmas,1.1049927,306296,1,0.0,1,14,,,,,144514,23.23,26.76,31.09,110.9,83.43,39.0,22.87,1.0596844,29.0,23.64,0.7172683,36.0,24.46,0.9109374,45.0,24.01,1.357196,35.5,23.55,3.6635616461296463,-0.025317807984289953,0.26236426446749084,0.05264373348542195,-0.16507975035944877,51,26.61,26.21,27.47,28.01,63.4,89.2,41.4,50.3,82.14,85.14,81.0,77.29,134.0,46.0,69.0,71.0
2017-12-31,201801,134.0,134,134,134,1.0,43.74853,0,2,172100020180119589,2023-08-20,Palmas,3.2560341,306296,1,1.0,1,4,,,,,144514,23.34,26.66,30.94,113.2,84.86,38.0,23.23,1.1049927,39.0,22.87,1.0596844,29.0,23.64,0.7172683,36.0,24.46,0.9109374,60.0,23.270000000000003,4.90527477843843,1.2417131323087833,1.2163953243244934,1.5040773967762742,1.2943568657942053,52,26.76,26.61,26.21,27.47,110.9,63.4,89.2,41.4,83.43,82.14,85.14,81.0,46.0,69.0,71.0,67.0
2018-01-07,201802,46.0,46,46,46,0.06949661,15.018152,0,2,172100020180219589,2023-08-20,Palmas,0.75119585,306296,1,0.0,1,2,,,,,144514,22.51,26.39,31.34,76.1,81.86,134.0,23.34,3.2560341,38.0,23.23,1.1049927,39.0,22.87,1.0596844,29.0,23.64,0.7172683,64.25,22.9875,3.8501476017100584,-1.0551271767283712,0.18658595558041213,0.16126814759612218,0.44895022004790297,1,26.66,26.76,26.61,26.21,113.2,110.9,63.4,89.2,84.86,83.43,82.14,85.14,69.0,71.0,67.0,65.0
2018-01-14,201803,69.0,69,69,69,0.18831065,22.52723,0,2,172100020180319589,2023-08-20,Palmas,0.8652229,306296,1,0.0,1,9,,,,,144514,23.03,27.3,32.1,35.0,76.43,46.0,22.51,0.75119585,134.0,23.34,3.2560341,38.0,23.23,1.1049927,39.0,22.87,1.0596844,71.75,23.0275,4.248495242049359,0.3983476403393009,-0.6567795363890703,0.5849335959197131,0.5596157879354231,2,26.39,26.66,26.76,26.61,76.1,113.2,110.9,63.4,81.86,84.86,83.43,82.14,71.0,67.0,65.0,45.0
2018-01-21,201804,71.0,71,71,71,0.41631722,23.180191,0,2,172100020180419589,2023-08-20,Palmas,0.9655503,306296,1,0.0,1,10,,,,,144514,22.96,26.39,30.59,71.9,83.86,69.0,23.03,0.8652229,46.0,22.51,0.75119585,134.0,23.34,3.2560341,38.0,23.23,1.1049927,80.0,22.96,4.276666119016055,0.028170876966695957,0.4265185173059969,-0.6286086594223743,0.613104472886409,3,27.3,26.39,26.66,26.76,35.0,76.1,113.2,110.9,76.43,81.86,84.86,83.43,67.0,65.0,45.0,61.0
2018-01-28,201805,67.0,67,67,67,0.50472295,21.874266,0,2,172100020180519589,2023-08-20,Palmas,1.0020422,306296,1,0.0,1,7,,,,,144514,23.67,26.4,30.16,99.8,85.86,71.0,22.96,0.9655503,69.0,23.03,0.8652229,46.0,22.51,0.75119585,134.0,23.34,3.2560341,63.25,23.0425,4.219507705176107,-0.05715841383994835,-0.028987536873252395,0.36936010346604853,-0.6857670732623227,4,26.39,27.3,26.39,26.66,71.9,35.0,76.1,113.2,83.86,76.43,81.86,84.86,65.0,45.0,61.0,61.0
2018-02-04,201806,65.0,65,65,65,0.40288216,21.221302,0,2,172100020180619589,2023-08-20,Palmas,0.9583497,306296,1,0.0,1,6,,,,,144514,22.8,25.24,28.16,171.5,88.86,67.0,23.67,1.0020422,71.0,22.96,0.9655503,69.0,23.03,0.8652229,46.0,22.51,0.75119585,68.0,23.115000000000002,4.189654742026425,-0.029852963149681777,-0.08701137698963013,-0.05884050002293417,0.33950714031636675,5,26.4,26.39,27.3,26.39,99.8,71.9,35.0,76.1,85.86,83.86,76.43,81.86,45.0,61.0,61.0,50.0
2018-02-11,201807,45.0,45,45,45,0.022316424,14.69167,0,2,172100020180719589,2023-08-20,Palmas,0.6816738,306296,1,0.0,1,6,,,,,144514,22.91,27.1,31.87,59.6,80.86,65.0,22.8,0.9583497,67.0,23.67,1.0020422,71.0,22.96,0.9655503,69.0,23.03,0.8652229,62.0,23.085,3.828641396489095,-0.3610133455373301,-0.3908663086870119,-0.44802472252696024,-0.4198538455602643,6,25.24,26.4,26.39,27.3,171.5,99.8,71.9,35.0,88.86,85.86,83.86,76.43,61.0,61.0,50.0,41.0
2018-02-18,201808,61.0,61,61,61,0.51920927,19.915377,0,2,172100020180819589,2023-08-20,Palmas,1.0087491,306296,1,0.0,1,11,,,,,144514,23.3,26.27,30.37,103.3,85.86,45.0,22.91,0.6816738,65.0,22.8,0.9583497,67.0,23.67,1.0020422,71.0,22.96,0.9655503,59.5,23.17,4.127134385045092,0.2984929885559966,-0.06252035698133351,-0.09237332013101529,-0.14953173397096364,7,27.1,25.24,26.4,26.39,59.6,171.5,99.8,71.9,80.86,88.86,85.86,83.86,61.0,50.0,41.0,57.0
2018-02-25,201809,61.0,61,61,61,0.6896239,19.915377,0,2,172100020180919589,2023-08-20,Palmas,1.0956341,306296,1,0.0,1,14,,,,,144514,22.94,27.06,31.77,70.8,81.43,61.0,23.3,1.0087491,45.0,22.91,0.6816738,65.0,22.8,0.9583497,67.0,23.67,1.0020422,58.0,22.9875,4.127134385045092,0.0,0.2984929885559966,-0.06252035698133351,-0.09237332013101529,8,26.27,27.1,25.24,26.4,103.3,59.6,171.5,99.8,85.86,80.86,88.86,85.86,50.0,41.0,57.0,60.0
2018-03-04,201810,50.0,50,50,50,0.26352626,16.32408,0,2,172100020181019589,2023-08-20,Palmas,0.8849577,306296,1,0.0,1,18,,,,,144514,23.84,27.1,31.21,76.6,84.71,61.0,22.94,1.0956341,61.0,23.3,1.0087491,45.0,22.91,0.6816738,65.0,22.8,0.9583497,54.25,23.247500000000002,3.9318256327243257,-0.19530875232076594,-0.19530875232076594,0.10318423623523065,-0.25782910930209946,9,27.06,26.27,27.1,25.24,70.8,103.3,59.6,171.5,81.43,85.86,80.86,88.86,41.0,57.0,60.0,78.0
2018-03-11,201811,41.0,41,41,41,0.061120287,13.385744,0,2,172100020181119589,2023-08-20,Palmas,0.7303874,306296,1,0.0,1,15,,,,,144514,23.59,26.57,30.17,88.7,86.14,50.0,23.84,0.8849577,61.0,22.94,1.0956341,61.0,23.3,1.0087491,45.0,22.91,0.6816738,53.25,23.4175,3.7376696182833684,-0.19415601444095731,-0.38946476676172326,-0.38946476676172326,-0.09097177820572666,10,27.1,27.06,26.27,27.1,76.6,70.8,103.3,59.6,84.71,81.43,85.86,80.86,57.0,60.0,78.0,108.0
2018-03-18,201812,57.0,57,57,57,0.71197224,18.60945,0,2,172100020181219589,2023-08-20,Palmas,1.1131227,306296,1,0.0,1,25,,,,,144514,23.26,26.39,30.54,158.5,87.0,41.0,23.59,0.7303874,50.0,23.84,0.8849577,61.0,22.94,1.0956341,61.0,23.3,1.0087491,52.25,23.407500000000002,4.060443010546419,0.3227733922630507,0.12861737782209337,-0.06669137449867257,-0.06669137449867257,11,26.57,27.1,27.06,26.27,88.7,76.6,70.8,103.3,86.14,84.71,81.43,85.86,60.0,78.0,108.0,85.0
2018-03-25,201813,60.0,60,60,60,0.8537847,19.588894,0,2,172100020181319589,2023-08-20,Palmas,1.2230703,306296,1,0.0,1,27,,,,,144514,23.26,26.91,30.84,56.0,81.71,57.0,23.26,1.1131227,41.0,23.59,0.7303874,50.0,23.84,0.8849577,61.0,22.94,1.0956341,52.0,23.4875,4.110873864173311,0.05043085362689226,0.37320424588994294,0.17904823144898563,-0.016260520871780315,12,26.39,26.57,27.1,27.06,158.5,88.7,76.6,70.8,87.0,86.14,84.71,81.43,78.0,108.0,85.0,129.0
2018-04-01,201814,78.0,78,78,78,0.9805914,25.465563,0,2,172100020181419589,2023-08-20,Palmas,1.4346629,306296,1,1.0,1,32,,,,,144514,23.14,26.51,30.66,49.7,85.57,60.0,23.26,1.2230703,57.0,23.26,1.1131227,41.0,23.59,0.7303874,50.0,23.84,0.8849577,59.0,23.312500000000004,4.3694478524670215,0.25857398829371014,0.3090048419206024,0.6317782341836531,0.4376222197426958,13,26.91,26.39,26.57,27.1,56.0,158.5,88.7,76.6,81.71,87.0,86.14,84.71,108.0,85.0,129.0,113.0
2018-04-08,201815,108.0,108,108,108,0.9995256,35.26001,0,2,172100020181519589,2023-08-20,Palmas,1.6646863,306296,1,1.0,1,32,,,,,144514,22.73,25.51,29.21,63.1,86.14,78.0,23.14,1.4346629,60.0,23.26,1.2230703,57.0,23.26,1.1131227,41.0,23.59,0.7303874,75.75,23.097500000000004,4.6913478822291435,0.32190002976212195,0.5804740180558321,0.6309048716827244,0.953678263945775,14,26.51,26.91,26.39,26.57,49.7,56.0,158.5,88.7,85.57,81.71,87.0,86.14,85.0,129.0,113.0,83.0
2018-04-15,201816,85.0,85,85,85,0.66279966,27.750935,0,2,172100020181619589,2023-08-20,Palmas,1.0675203,306296,1,0.0,1,19,,,,,144514,23.29,27.53,32.37,5.4,76.14,108.0,22.73,1.6646863,78.0,23.14,1.4346629,60.0,23.26,1.2230703,57.0,23.26,1.1131227,82.75,23.105,4.454347296253507,-0.2370005859756361,0.08489944378648584,0.343473432080196,0.39390428570708824,15,25.51,26.51,26.91,26.39,63.1,49.7,56.0,158.5,86.14,85.57,81.71,87.0,129.0,113.0,83.0,123.0
2018-04-22,201817,129.0,129,129,129,0.99238527,42.116123,0,2,172100020181719589,2023-08-20,Palmas,1.3872539,306296,1,1.0,1,25,,,,,144514,23.34,28.1,33.21,4.4,74.71,85.0,23.29,1.0675203,108.0,22.73,1.6646863,78.0,23.14,1.4346629,60.0,23.26,1.2230703,100.0,23.125,4.867534450455582,0.41318715420207486,0.17618656822643874,0.4980865979885607,0.7566605862822708,16,27.53,25.51,26.51,26.91,5.4,63.1,49.7,56.0,76.14,86.14,85.57,81.71,113.0,83.0,123.0,89.0
2018-04-29,201818,113.0,113,113,113,0.7772171,36.892418,0,1,172100020181819589,2023-08-20,Palmas,1.1095506,306296,0,0.0,1,26,,,,,144514,23.31,28.47,34.07,0.3,68.43,129.0,23.34,1.3872539,85.0,23.29,1.0675203,108.0,22.73,1.6646863,78.0,23.14,1.4346629,108.75,23.167499999999997,4.736198448394496,-0.13133600206108653,0.2818511521409883,0.04485056616535221,0.36675059592747417,17,28.1,27.53,25.51,26.51,4.4,5.4,63.1,49.7,74.71,76.14,86.14,85.57,83.0,123.0,89.0,75.0
2018-05-06,201819,83.0,83,83,83,0.02537314,27.097971,0,1,172100020181919589,2023-08-20,Palmas,0.75427234,306296,0,0.0,1,28,,,,,144514,22.81,28.23,34.11,0.0,63.43,113.0,23.31,1.1095506,129.0,23.34,1.3872539,85.0,23.29,1.0675203,108.0,22.73,1.6646863,102.5,23.1875,4.430816798843313,-0.3053816495511823,-0.43671765161226883,-0.023530497410193973,-0.2605310833858301,18,28.47,28.1,27.53,25.51,0.3,4.4,5.4,63.1,68.43,74.71,76.14,86.14,123.0,89.0,75.0,58.0
2018-05-13,201820,123.0,123,123,123,0.8370523,40.157234,0,1,172100020182019589,2023-08-20,Palmas,1.137861,306296,1,0.0,1,41,,,,,144514,23.47,27.97,33.2,0.6,67.43,83.0,22.81,0.75427234,113.0,23.31,1.1095506,129.0,23.34,1.3872539,85.0,23.29,1.0675203,112.0,23.232499999999998,4.820281565605037,0.3894647667617237,0.0840831172105414,-0.04725288485054513,0.36593426935152973,19,28.23,28.47,28.1,27.53,0.0,0.3,4.4,5.4,63.43,68.43,74.71,76.14,89.0,75.0,58.0,50.0
2018-05-20,201821,89.0,89,89,89,0.16612488,29.05686,0,1,172100020182119589,2023-08-20,Palmas,0.86932224,306296,1,0.0,1,28,,,,,144514,23.64,28.29,34.09,0.4,65.71,123.0,23.47,1.137861,83.0,22.81,0.75427234,113.0,23.31,1.1095506,129.0,23.34,1.3872539,102.0,23.307499999999997,4.499809670330265,-0.32047189527477205,0.06899287148695166,-0.23638877806423064,-0.3677247801253172,20,27.97,28.23,28.47,28.1,0.6,0.0,0.3,4.4,67.43,63.43,68.43,74.71,75.0,58.0,50.0,48.0
2018-05-27,201822,75.0,75,75,75,0.02287013,24.486118,0,1,172100020182219589,2023-08-20,Palmas,0.7394815,306296,0,0.0,1,28,,,,,144514,22.09,27.44,33.64,0.0,58.29,89.0,23.64,0.86932224,123.0,23.47,1.137861,83.0,22.81,0.75427234,113.0,23.31,1.1095506,92.5,23.002499999999998,4.330733340286331,-0.16907633004393396,-0.489548225318706,-0.10008345855698231,-0.4054651081081646,21,28.29,27.97,28.23,28.47,0.4,0.6,0.0,0.3,65.71,67.43,63.43,68.43,58.0,50.0,48.0,65.0
2018-06-03,201823,58.0,58,58,58,0.0028653708,18.935932,0,1,172100020182319589,2023-08-20,Palmas,0.63355446,306296,0,0.0,1,18,,,,,144514,23.0,28.49,34.96,0.0,60.14,75.0,22.09,0.7394815,89.0,23.64,0.86932224,123.0,23.47,1.137861,83.0,22.81,0.75427234,86.25,23.05,4.07753744390572,-0.25319589638061135,-0.4222722264245453,-0.7427441216993174,-0.35327935493759366,22,27.44,28.29,27.97,28.23,0.0,0.4,0.6,0.0,58.29,65.71,67.43,63.43,50.0,48.0,65.0,37.0
2018-06-10,201824,50.0,50,50,50,0.011644376,16.32408,0,1,172100020182419589,2023-08-20,Palmas,0.6647702,306296,0,0.0,1,6,,,,,144514,21.43,27.46,34.21,0.0,60.29,58.0,23.0,0.63355446,75.0,22.09,0.7394815,89.0,23.64,0.86932224,123.0,23.47,1.137861,68.0,22.54,3.9318256327243257,-0.14571181118139398,-0.39890770756200533,-0.5679840376059393,-0.8884559328807113,23,28.49,27.44,28.29,27.97,0.0,0.0,0.4,0.6,60.14,58.29,65.71,67.43,48.0,65.0,37.0,33.0
2018-06-17,201825,48.0,48,48,48,0.09990648,15.671116,0,1,172100020182519589,2023-08-20,Palmas,0.78254724,306296,0,0.0,1,7,,,,,144514,20.94,26.86,33.64,0.0,54.71,50.0,21.43,0.6647702,58.0,23.0,0.63355446,75.0,22.09,0.7394815,89.0,23.64,0.86932224,57.75,21.865000000000002,3.8918202981106265,-0.04000533461369926,-0.18571714579509324,-0.4389130421757046,-0.6079893722196386,24,27.46,28.49,27.44,28.29,0.0,0.0,0.0,0.4,60.29,60.14,58.29,65.71,65.0,37.0,33.0,30.0
2018-06-24,201826,65.0,65,65,65,0.85420144,21.221302,0,1,172100020182619589,2023-08-20,Palmas,1.2134616,306296,0,0.0,1,6,,,,,144514,18.94,25.9,33.53,0.0,54.86,48.0,20.94,0.78254724,50.0,21.43,0.6647702,58.0,23.0,0.63355446,75.0,22.09,0.7394815,55.25,21.0775,4.189654742026425,0.2978344439157987,0.25782910930209946,0.11211729812070548,-0.14107859825990587,25,26.86,27.46,28.49,27.44,0.0,0.0,0.0,0.0,54.71,60.29,60.14,58.29,37.0,33.0,30.0,25.0
2018-07-01,201827,37.0,37,37,37,0.04994684,12.079818,0,1,172100020182719589,2023-08-20,Palmas,0.70544064,306296,0,0.0,1,8,,,,,144514,19.9,26.61,34.33,0.0,52.14,65.0,18.94,1.2134616,48.0,20.94,0.78254724,50.0,21.43,0.6647702,58.0,23.0,0.63355446,50.0,20.302500000000002,3.6375861597263857,-0.5520685823000395,-0.2542341383842408,-0.29423947299794007,-0.43995128417933405,26,25.9,26.86,27.46,28.49,0.0,0.0,0.0,0.0,54.86,54.71,60.29,60.14,33.0,30.0,25.0,23.0
2018-07-08,201828,33.0,33,33,33,0.022427868,10.773891,0,1,172100020182819589,2023-08-20,Palmas,0.6439373,306296,0,0.0,0,8,,,,,144514,20.41,27.4,35.13,0.0,52.57,37.0,19.9,0.70544064,65.0,18.94,1.2134616,48.0,20.94,0.78254724,50.0,21.43,0.6647702,45.75,20.0475,3.5263605246161616,-0.1112256351102241,-0.6632942174102636,-0.3654597734944649,-0.40546510810816416,27,26.61,25.9,26.86,27.46,0.0,0.0,0.0,0.0,52.14,54.86,54.71,60.29,30.0,25.0,23.0,24.0
2018-07-15,201829,30.0,30,30,30,0.063598715,9.794447,0,1,172100020182919589,2023-08-20,Palmas,0.6990602,306296,0,0.0,0,3,,,,,144514,20.26,26.87,34.4,0.0,51.29,33.0,20.41,0.6439373,37.0,19.9,0.70544064,65.0,18.94,1.2134616,48.0,20.94,0.78254724,41.25,19.8775,3.4339872044851463,-0.09237332013101529,-0.2035989552412394,-0.7556675375412789,-0.4578330936254802,28,27.4,26.61,25.9,26.86,0.0,0.0,0.0,0.0,52.57,52.14,54.86,54.71,25.0,23.0,24.0,24.0
2018-07-22,201830,25.0,25,25,25,0.107920125,8.16204,0,1,172100020183019589,2023-08-20,Palmas,0.7255667,306296,0,0.0,0,4,,,,,144514,20.31,27.17,34.99,0.0,49.29,30.0,20.26,0.6990602,33.0,20.41,0.6439373,37.0,19.9,0.70544064,65.0,18.94,1.2134616,31.25,20.22,3.258096538021482,-0.17589066646366414,-0.2682639865946794,-0.3794896217049035,-0.931558204004943,29,26.87,27.4,26.61,25.9,0.0,0.0,0.0,0.0,51.29,52.57,52.14,54.86,23.0,24.0,24.0,27.0
2018-07-29,201831,23.0,23,23,23,0.18134852,7.509076,0,1,172100020183119589,2023-08-20,Palmas,0.778695,306296,0,0.0,0,7,,,,,144514,19.93,27.56,35.89,0.0,48.86,25.0,20.31,0.7255667,30.0,20.26,0.6990602,33.0,20.41,0.6439373,37.0,19.9,0.70544064,27.75,20.2275,3.1780538303479458,-0.08004270767353638,-0.2559333741372005,-0.3483066942682158,-0.4595323293784399,30,27.17,26.87,27.4,26.61,0.0,0.0,0.0,0.0,49.29,51.29,52.57,52.14,24.0,24.0,27.0,23.0
2018-08-05,201832,24.0,24,24,24,0.38514605,7.835558,0,1,172100020183219589,2023-08-20,Palmas,0.92136747,306296,0,0.0,0,8,,,,,144514,22.73,29.46,36.77,0.0,48.29,23.0,19.93,0.778695,25.0,20.31,0.7255667,30.0,20.26,0.6990602,33.0,20.41,0.6439373,25.5,20.8075,3.2188758248682006,0.04082199452025481,-0.03922071315328157,-0.2151113796169457,-0.307484699747961,31,27.56,27.17,26.87,27.4,0.0,0.0,0.0,0.0,48.86,49.29,51.29,52.57,24.0,27.0,23.0,24.0
2018-08-12,201833,24.0,24,24,24,0.4942529,7.835558,0,1,172100020183319589,2023-08-20,Palmas,0.9958899,306296,1,0.0,0,3,,,,,144514,24.2,28.74,34.04,4.3,59.14,24.0,22.73,0.92136747,23.0,19.93,0.778695,25.0,20.31,0.7255667,30.0,20.26,0.6990602,24.0,21.7925,3.2188758248682006,0.0,0.04082199452025481,-0.03922071315328157,-0.2151113796169457,32,29.46,27.56,27.17,26.87,0.0,0.0,0.0,0.0,48.29,48.86,49.29,51.29,27.0,23.0,24.0,18.0
2018-08-19,201834,27.0,27,27,27,0.66980344,8.815002,0,1,172100020183419589,2023-08-20,Palmas,1.130076,306296,0,0.0,0,6,,,,,144514,23.64,29.67,36.27,0.0,47.0,24.0,24.2,0.9958899,24.0,22.73,0.92136747,23.0,19.93,0.778695,25.0,20.31,0.7255667,24.5,22.625,3.332204510175204,0.11332868530700324,0.11332868530700324,0.15415067982725805,0.07410797215372167,33,28.74,29.46,27.56,27.17,4.3,0.0,0.0,0.0,59.14,48.29,48.86,49.29,23.0,24.0,18.0,24.0
2018-08-26,201835,23.0,23,23,23,0.41233692,7.509076,0,1,172100020183519589,2023-08-20,Palmas,0.93825597,306296,0,0.0,0,1,,,,,144514,24.57,30.14,36.4,0.0,38.71,27.0,23.64,1.130076,24.0,24.2,0.9958899,24.0,22.73,0.92136747,23.0,19.93,0.778695,24.5,23.785,3.1780538303479458,-0.15415067982725805,-0.04082199452025481,-0.04082199452025481,0.0,34,29.67,28.74,29.46,27.56,0.0,4.3,0.0,0.0,47.0,59.14,48.29,48.86,24.0,18.0,24.0,26.0
2018-09-02,201836,24.0,24,24,24,0.45169973,7.835558,0,1,172100020183619589,2023-08-20,Palmas,0.9661464,306296,0,0.0,0,7,,,,,144514,23.84,30.03,36.56,0.6,44.86,23.0,24.57,0.93825597,27.0,23.64,1.130076,24.0,24.2,0.9958899,24.0,22.73,0.92136747,24.5,24.0625,3.2188758248682006,0.04082199452025481,-0.11332868530700324,0.0,0.0,35,30.14,29.67,28.74,29.46,0.0,0.0,4.3,0.0,38.71,47.0,59.14,48.29,18.0,24.0,26.0,38.0
2018-09-09,201837,18.0,18,18,18,0.17846532,5.8766685,0,1,172100020183719589,2023-08-20,Palmas,0.7533499,306296,0,0.0,0,4,,,,,144514,23.99,30.13,36.21,0.0,42.86,24.0,23.84,0.9661464,23.0,24.57,0.93825597,27.0,23.64,1.130076,24.0,24.2,0.9958899,23.0,24.009999999999998,2.9444389791664403,-0.2744368457017603,-0.2336148511815055,-0.38776553100876354,-0.2744368457017603,36,30.03,30.14,29.67,28.74,0.6,0.0,0.0,4.3,44.86,38.71,47.0,59.14,24.0,26.0,38.0,47.0
2018-09-16,201838,24.0,24,24,24,0.59610826,7.835558,0,1,172100020183819589,2023-08-20,Palmas,1.0734142,306296,1,0.0,0,7,,,,,144514,25.01,30.69,36.83,0.0,50.29,18.0,23.99,0.7533499,24.0,23.84,0.9661464,23.0,24.57,0.93825597,27.0,23.64,1.130076,22.25,24.3525,3.2188758248682006,0.2744368457017603,0.0,0.04082199452025481,-0.11332868530700324,37,30.13,30.03,30.14,29.67,0.0,0.6,0.0,0.0,42.86,44.86,38.71,47.0,26.0,38.0,47.0,54.0
2018-09-23,201839,26.0,26,26,26,0.74194974,8.488521,0,1,172100020183919589,2023-08-20,Palmas,1.2057121,306296,1,0.0,0,8,,,,,144514,24.76,29.66,35.11,4.3,60.57,24.0,25.01,1.0734142,18.0,23.99,0.7533499,24.0,23.84,0.9661464,23.0,24.57,0.93825597,23.0,24.400000000000002,3.295836866004329,0.07696104113612856,0.35139788683788886,0.07696104113612856,0.11778303565638337,38,30.69,30.13,30.03,30.14,0.0,0.0,0.6,0.0,50.29,42.86,44.86,38.71,38.0,47.0,54.0,57.0
2018-09-30,201840,38.0,38,38,38,0.9674975,12.4063,0,2,172100020184019589,2023-08-20,Palmas,1.6051128,306296,1,1.0,1,3,,,,,144514,24.41,28.06,32.93,47.5,76.29,26.0,24.76,1.2057121,24.0,25.01,1.0734142,18.0,23.99,0.7533499,24.0,23.84,0.9661464,26.5,24.5425,3.6635616461296463,0.3677247801253172,0.44468582126144574,0.719122666963206,0.44468582126144574,39,29.66,30.69,30.13,30.03,4.3,0.0,0.0,0.6,60.57,50.29,42.86,44.86,47.0,54.0,57.0,88.0
2018-10-07,201841,47.0,47,47,47,0.98156065,15.344634,0,1,172100020184119589,2023-08-20,Palmas,1.6210486,306296,0,1.0,1,7,,,,,144514,23.43,28.3,33.7,12.4,73.43,38.0,24.41,1.6051128,26.0,24.76,1.2057121,24.0,25.01,1.0734142,18.0,23.99,0.7533499,33.75,24.402500000000003,3.871201010907891,0.20763936477824485,0.575364144903562,0.6523251860396906,0.9267620317414509,40,28.06,29.66,30.69,30.13,47.5,4.3,0.0,0.0,76.29,60.57,50.29,42.86,54.0,57.0,88.0,102.0
2018-10-14,201842,54.0,54,54,54,0.9626203,17.630005,0,3,172100020184219589,2023-08-20,Palmas,1.4548204,306296,1,1.0,1,13,,,,,144514,23.73,27.1,31.6,76.4,81.29,47.0,23.43,1.6210486,38.0,24.41,1.6051128,26.0,24.76,1.2057121,24.0,25.01,1.0734142,41.25,24.0825,4.007333185232471,0.13613217432458002,0.3437715391028249,0.711496319228142,0.7884573603642706,41,28.3,28.06,29.66,30.69,12.4,47.5,4.3,0.0,73.43,76.29,60.57,50.29,57.0,88.0,102.0,129.0
2018-10-21,201843,57.0,57,57,57,0.8709857,18.60945,0,1,172100020184319589,2023-08-20,Palmas,1.2499547,306296,1,0.0,1,7,,,,,144514,24.16,29.04,34.49,12.2,71.43,54.0,23.73,1.4548204,47.0,23.43,1.6210486,38.0,24.41,1.6051128,26.0,24.76,1.2057121,49.0,23.932499999999997,4.060443010546419,0.05310982531394792,0.18924199963852795,0.3968813644167728,0.76460614454209,42,27.1,28.3,28.06,29.66,76.4,12.4,47.5,4.3,81.29,73.43,76.29,60.57,88.0,102.0,129.0,131.0
2018-10-28,201844,88.0,88,88,88,0.9982006,28.73038,0,2,172100020184419589,2023-08-20,Palmas,1.6408981,306296,1,1.0,1,19,,,,,144514,23.79,27.67,32.14,47.9,79.57,57.0,24.16,1.2499547,54.0,23.73,1.4548204,47.0,23.43,1.6210486,38.0,24.41,1.6051128,61.5,23.7775,4.48863636973214,0.42819335918572055,0.48130318449966847,0.6174353588242485,0.8250747236024933,43,29.04,27.1,28.3,28.06,12.2,76.4,12.4,47.5,71.43,81.29,73.43,76.29,102.0,129.0,131.0,246.0
2018-11-04,201845,102.0,102,102,102,0.9978468,33.30112,0,2,172100020184519589,2023-08-20,Palmas,1.5616356,306296,1,1.0,1,38,,,,,144514,23.71,26.84,31.21,118.2,84.29,88.0,23.79,1.6408981,57.0,24.16,1.2499547,54.0,23.73,1.4548204,47.0,23.43,1.6210486,75.25,23.847500000000004,4.634728988229636,0.14609261849749622,0.5742859776832168,0.6273958029971647,0.7635279773217447,44,27.67,29.04,27.1,28.3,47.9,12.2,76.4,12.4,79.57,71.43,81.29,73.43,129.0,131.0,246.0,244.0
2018-11-11,201846,129.0,129,129,129,0.99911475,42.116123,0,3,172100020184619589,2023-08-20,Palmas,1.5416969,306296,1,1.0,1,50,,,,,144514,24.21,27.5,31.71,45.1,80.71,102.0,23.71,1.5616356,88.0,23.79,1.6408981,57.0,24.16,1.2499547,54.0,23.73,1.4548204,94.0,23.9675,4.867534450455582,0.23280546222594634,0.37889808072344255,0.8070914399091631,0.860201265223111,45,26.84,27.67,29.04,27.1,118.2,47.9,12.2,76.4,84.29,79.57,71.43,81.29,131.0,246.0,244.0,310.0
2018-11-18,201847,131.0,131,131,131,0.9636288,42.769085,0,3,172100020184719589,2023-08-20,Palmas,1.2645309,306296,1,1.0,1,63,,,,,144514,24.17,28.13,32.5,29.6,75.14,129.0,24.21,1.5416969,102.0,23.71,1.5616356,88.0,23.79,1.6408981,57.0,24.16,1.2499547,112.5,23.970000000000002,4.882801922586371,0.015267472130788384,0.24807293435673472,0.39416555285423094,0.8223589120399515,46,27.5,26.84,27.67,29.04,45.1,118.2,47.9,12.2,80.71,84.29,79.57,71.43,246.0,244.0,310.0,369.0
2018-11-25,201848,246.0,246,246,246,1.0,80.31447,0,3,172100020184819589,2023-08-20,Palmas,1.9502816,306296,1,1.0,2,96,,,,,144514,23.64,26.63,30.57,76.8,84.86,131.0,24.17,1.2645309,129.0,24.21,1.5416969,102.0,23.71,1.5616356,88.0,23.79,1.6408981,152.0,23.9325,5.5093883366279774,0.6265864140416069,0.6418538861723952,0.8746593483983416,1.0207519668958378,47,28.13,27.5,26.84,27.67,29.6,45.1,118.2,47.9,75.14,80.71,84.29,79.57,244.0,310.0,369.0,361.0
2018-12-02,201849,244.0,244,244,244,0.9999778,79.66151,0,4,172100020184919589,2023-08-20,Palmas,1.5054383,306296,1,1.0,2,116,,,,,144514,23.06,25.23,28.3,158.0,89.86,246.0,23.64,1.9502816,131.0,24.17,1.2645309,129.0,24.21,1.5416969,102.0,23.71,1.5616356,187.5,23.770000000000003,5.501258210544727,-0.008130126083250033,0.6184562879583568,0.6337237600891452,0.8665292223150916,48,26.63,28.13,27.5,26.84,76.8,29.6,45.1,118.2,84.86,75.14,80.71,84.29,310.0,369.0,361.0,391.0
2018-12-09,201850,310.0,310,310,310,0.99998957,101.20929,0,4,172100020185019589,2023-08-20,Palmas,1.4550933,306296,1,1.0,2,123,,,,,144514,23.29,27.27,31.74,27.7,74.86,244.0,23.06,1.5054383,246.0,23.64,1.9502816,131.0,24.17,1.2645309,129.0,24.21,1.5416969,232.75,23.54,5.739792912179234,0.23853470163450652,0.23040457555125649,0.8569909895928634,0.8722584617236517,49,25.23,26.63,28.13,27.5,158.0,76.8,29.6,45.1,89.86,84.86,75.14,80.71,369.0,361.0,391.0,464.0
2018-12-16,201851,369.0,369,369,369,0.99999416,120.4717,0,4,172100020185119589,2023-08-20,Palmas,1.4221921,306296,0,1.0,2,164,,,,,144514,24.17,29.16,34.59,1.1,65.86,310.0,23.29,1.4550933,244.0,23.06,1.5054383,246.0,23.64,1.9502816,131.0,24.17,1.2645309,292.25,23.54,5.91350300563827,0.17371009345903587,0.4122447950935424,0.40411466901029236,1.0307010830518992,50,27.27,25.23,26.63,28.13,27.7,158.0,76.8,29.6,74.86,89.86,84.86,75.14,361.0,391.0,464.0,630.0
2018-12-23,201852,361.0,361,361,361,0.98452055,117.85985,0,4,172100020185219589,2023-08-20,Palmas,1.1821699,306296,1,1.0,2,147,,,,,144514,23.09,26.71,30.97,83.8,81.57,369.0,24.17,1.4221921,310.0,23.29,1.4550933,244.0,23.06,1.5054383,246.0,23.64,1.9502816,321.0,23.4025,5.8916442118257715,-0.021858793812498334,0.15185129964653754,0.39038600128104406,0.382255875197794,51,29.16,27.27,25.23,26.63,1.1,27.7,158.0,76.8,65.86,74.86,89.86,84.86,391.0,464.0,630.0,664.0
2018-12-30,201901,391.0,391,391,391,0.95528924,127.6543,0,4,172100020190119589,2023-08-20,Palmas,1.1334506,306296,1,1.0,2,213,,,,,144514,23.34,27.29,31.53,77.3,80.86,361.0,23.09,1.1821699,369.0,24.17,1.4221921,310.0,23.29,1.4550933,244.0,23.06,1.5054383,357.75,23.4725,5.971261839790462,0.07961762796469074,0.057758834152192406,0.23146892761122828,0.4700036292457348,52,26.71,29.16,27.27,25.23,83.8,1.1,27.7,158.0,81.57,65.86,74.86,89.86,464.0,630.0,664.0,813.0
2019-01-06,201902,464.0,464,464,464,0.999381,151.48746,0,4,172100020190219589,2023-08-20,Palmas,1.2512829,306296,1,1.0,2,203,,,,,144514,22.74,26.77,32.06,46.9,80.43,391.0,23.34,1.1334506,361.0,23.09,1.1821699,369.0,24.17,1.4221921,310.0,23.29,1.4550933,396.25,23.335,6.142037405587356,0.17077556579689368,0.2503931937615844,0.2285343999490861,0.40224449340812196,1,27.29,26.71,29.16,27.27,77.3,83.8,1.1,27.7,80.86,81.57,65.86,74.86,630.0,664.0,813.0,930.0
2019-01-13,201903,630.0,630,630,630,1.0,205.6834,0,4,172100020190319589,2023-08-20,Palmas,1.5330102,306296,1,1.0,2,304,,,,,144514,23.44,26.84,30.79,43.7,83.43,464.0,22.74,1.2512829,391.0,23.34,1.1334506,361.0,23.09,1.1821699,369.0,24.17,1.4221921,461.5,23.1525,6.447305862541213,0.30526845695385685,0.47604402275075053,0.5556616507154413,0.5338028569029429,2,26.77,27.29,26.71,29.16,46.9,77.3,83.8,1.1,80.43,80.86,81.57,65.86,664.0,813.0,930.0,840.0
2019-01-20,201904,664.0,664,664,664,0.9999999,216.78377,0,4,172100020190419589,2023-08-20,Palmas,1.3573756,306296,1,1.0,2,351,,,,,144514,23.4,26.5,30.67,93.4,85.43,630.0,23.44,1.5330102,464.0,22.74,1.2512829,391.0,23.34,1.1334506,361.0,23.09,1.1821699,537.25,23.23,6.499787040655854,0.05248117811464148,0.35774963506849833,0.528525200865392,0.6081428288300827,3,26.84,26.77,27.29,26.71,43.7,46.9,77.3,83.8,83.43,80.43,80.86,81.57,813.0,930.0,840.0,803.0
2019-01-27,201905,813.0,813,813,813,1.0,265.4295,0,4,172100020190519589,2023-08-20,Palmas,1.375794,306296,1,1.0,2,405,,,,,144514,23.06,26.86,31.6,52.6,82.43,664.0,23.4,1.3573756,630.0,23.44,1.5330102,464.0,22.74,1.2512829,391.0,23.34,1.1334506,642.75,23.159999999999997,6.70196036600254,0.20217332534668575,0.25465450346132723,0.5599229604151841,0.7306985262120778,4,26.5,26.84,26.77,27.29,93.4,43.7,46.9,77.3,85.43,83.43,80.43,80.86,930.0,840.0,803.0,707.0
2019-02-03,201906,930.0,930,930,930,1.0,303.62787,0,4,172100020190619589,2023-08-20,Palmas,1.3456681,306296,1,1.0,2,467,,,,,144514,23.57,26.44,30.41,144.7,86.71,813.0,23.06,1.375794,664.0,23.4,1.3573756,630.0,23.44,1.5330102,464.0,22.74,1.2512829,759.25,23.3675,6.836259277277067,0.1342989112745272,0.33647223662121295,0.38895341473585443,0.6942218716897113,5,26.86,26.5,26.84,26.77,52.6,93.4,43.7,46.9,82.43,85.43,83.43,80.43,840.0,803.0,707.0,591.0
2019-02-10,201907,840.0,840,840,840,0.8850655,274.2445,0,4,172100020190719589,2023-08-20,Palmas,1.0612527,306296,1,0.0,2,400,,,,,144514,23.89,27.8,32.5,37.6,78.86,930.0,23.57,1.3456681,813.0,23.06,1.375794,664.0,23.4,1.3573756,630.0,23.44,1.5330102,811.75,23.48,6.734591659972948,-0.10166761730411888,0.032631293970408315,0.23480461931709407,0.28728579743173555,6,26.44,26.86,26.5,26.84,144.7,52.6,93.4,43.7,86.71,82.43,85.43,83.43,803.0,707.0,591.0,625.0
2019-02-17,201908,803.0,803,803,803,0.10927757,262.1647,0,4,172100020190819589,2023-08-20,Palmas,0.9413244,306296,1,0.0,2,383,,,,,144514,23.54,26.61,30.51,69.9,85.86,840.0,23.89,1.0612527,930.0,23.57,1.3456681,813.0,23.06,1.375794,664.0,23.4,1.3573756,846.5,23.515,6.6895992691789665,-0.04499239079398176,-0.14666000809810065,-0.012361096823573448,0.1898122285231123,7,27.8,26.44,26.86,26.5,37.6,144.7,52.6,93.4,78.86,86.71,82.43,85.43,707.0,591.0,625.0,555.0
2019-02-24,201909,707.0,707,707,707,0.00037138892,230.82248,0,4,172100020190919589,2023-08-20,Palmas,0.842127,306296,1,0.0,2,316,,,,,144514,23.16,26.51,31.04,113.7,85.57,803.0,23.54,0.9413244,840.0,23.89,1.0612527,930.0,23.57,1.3456681,813.0,23.06,1.375794,820.0,23.54,6.56244409369372,-0.1271551754852469,-0.17214756627922867,-0.27381518358334755,-0.13951627230882035,8,26.61,27.8,26.44,26.86,69.9,37.6,144.7,52.6,85.86,78.86,86.71,82.43,591.0,625.0,555.0,487.0
2019-03-03,201910,591.0,591,591,591,1.475671e-07,192.9506,0,4,172100020191019589,2023-08-20,Palmas,0.7572142,306296,1,0.0,2,261,,,,,144514,23.17,26.3,29.99,63.2,85.57,707.0,23.16,0.842127,803.0,23.54,0.9413244,840.0,23.89,1.0612527,930.0,23.57,1.3456681,735.25,23.44,6.3835066348840055,-0.17893745880971412,-0.30609263429496103,-0.3510850250889428,-0.4527526423930617,9,26.51,26.61,27.8,26.44,113.7,69.9,37.6,144.7,85.57,85.86,78.86,86.71,625.0,555.0,487.0,434.0
2019-03-10,201911,625.0,625,625,625,0.016447617,204.05098,0,4,172100020191119589,2023-08-20,Palmas,0.88944227,306296,1,0.0,2,283,,,,,144514,23.26,26.9,31.4,53.2,83.86,591.0,23.17,0.7572142,707.0,23.16,0.842127,803.0,23.54,0.9413244,840.0,23.89,1.0612527,681.5,23.2825,6.439350371100098,0.05584373621609284,-0.12309372259362128,-0.2502488980788682,-0.29524128887284995,10,26.3,26.51,26.61,27.8,63.2,113.7,69.9,37.6,85.57,85.57,85.86,78.86,555.0,487.0,434.0,401.0
2019-03-17,201912,555.0,555,555,555,0.009963192,181.19727,0,4,172100020191219589,2023-08-20,Palmas,0.87367445,306296,1,0.0,2,261,,,,,144514,23.91,27.31,31.26,43.0,84.29,625.0,23.26,0.88944227,591.0,23.17,0.7572142,707.0,23.16,0.842127,803.0,23.54,0.9413244,619.5,23.375000000000004,6.320768294250582,-0.11858207684951605,-0.0627383406334232,-0.24167579944313733,-0.36883097492838424,11,26.9,26.3,26.51,26.61,53.2,63.2,113.7,69.9,83.86,85.57,85.57,85.86,487.0,434.0,401.0,313.0
2019-03-24,201913,487.0,487,487,487,0.0005175833,158.99652,0,4,172100020191319589,2023-08-20,Palmas,0.8187968,306296,1,0.0,2,228,,,,,144514,23.77,26.71,30.34,75.4,86.14,555.0,23.91,0.87367445,625.0,23.26,0.88944227,591.0,23.17,0.7572142,707.0,23.16,0.842127,564.5,23.5275,6.1903154058531475,-0.13045288839743474,-0.2490349652469508,-0.19319122903085795,-0.37212868784057207,12,27.31,26.9,26.3,26.51,43.0,53.2,63.2,113.7,84.29,83.86,85.57,85.57,434.0,401.0,313.0,309.0
2019-03-31,201914,434.0,434,434,434,0.000118587726,141.69301,0,4,172100020191419589,2023-08-20,Palmas,0.7904315,306296,1,0.0,2,184,,,,,144514,23.56,27.04,31.03,210.5,85.71,487.0,23.77,0.8187968,555.0,23.91,0.87367445,625.0,23.26,0.88944227,591.0,23.17,0.7572142,525.25,23.625,6.075346031088684,-0.11496937476446334,-0.24542226316189808,-0.36400434001141413,-0.3081606037953213,13,26.71,27.31,26.9,26.3,75.4,43.0,53.2,63.2,86.14,84.29,83.86,85.57,401.0,313.0,309.0,232.0
2019-04-07,201915,401.0,401,401,401,0.0011835465,130.91911,0,4,172100020191519589,2023-08-20,Palmas,0.8155318,306296,1,0.0,2,201,,,,,144514,23.7,26.56,29.79,68.7,86.43,434.0,23.56,0.7904315,487.0,23.77,0.8187968,555.0,23.91,0.87367445,625.0,23.26,0.88944227,469.25,23.735,5.996452088619021,-0.07889394246966308,-0.19386331723412642,-0.32431620563156116,-0.4428982824810772,14,27.04,26.71,27.31,26.9,210.5,75.4,43.0,53.2,85.71,86.14,84.29,83.86,313.0,309.0,232.0,214.0
2019-04-14,201916,313.0,313,313,313,2.494442e-06,102.188736,0,4,172100020191619589,2023-08-20,Palmas,0.71506053,306296,1,0.0,2,151,,,,,144514,24.04,27.86,32.79,41.7,80.86,401.0,23.7,0.8155318,434.0,23.56,0.7904315,487.0,23.77,0.8187968,555.0,23.91,0.87367445,408.75,23.7675,5.749392985908253,-0.24705910271076803,-0.3259530451804311,-0.44092241994489445,-0.5713753083423292,15,26.56,27.04,26.71,27.31,68.7,210.5,75.4,43.0,86.43,85.71,86.14,84.29,309.0,232.0,214.0,177.0
2019-04-21,201917,309.0,309,309,309,0.0016704779,100.882805,0,4,172100020191719589,2023-08-20,Palmas,0.8000021,306296,1,0.0,2,161,,,,,144514,23.61,27.73,32.06,18.1,78.29,313.0,24.04,0.71506053,401.0,23.7,0.8155318,434.0,23.56,0.7904315,487.0,23.77,0.8187968,364.25,23.7275,5.736572297479192,-0.012820688429060922,-0.25987979113982895,-0.33877373360949203,-0.4537431083739554,16,27.86,26.56,27.04,26.71,41.7,68.7,210.5,75.4,80.86,86.43,85.71,86.14,232.0,214.0,177.0,127.0
2019-04-28,201918,232.0,232,232,232,7.272908e-06,75.74373,0,2,172100020191819589,2023-08-20,Palmas,0.6928276,306296,1,0.0,1,118,,,,,144514,24.11,28.31,33.1,7.2,77.57,309.0,23.61,0.8000021,313.0,24.04,0.71506053,401.0,23.7,0.8155318,434.0,23.56,0.7904315,313.75,23.865,5.4510384535657,-0.285533843913492,-0.29835453234255294,-0.545413635053321,-0.624307577522984,17,27.73,27.86,26.56,27.04,18.1,41.7,68.7,210.5,78.29,80.86,86.43,85.71,214.0,177.0,127.0,119.0
2019-05-05,201919,214.0,214,214,214,0.0003263227,69.86706,0,2,172100020191919589,2023-08-20,Palmas,0.7370641,306296,1,0.0,1,112,,,,,144514,23.87,29.06,34.9,0.0,67.29,232.0,24.11,0.6928276,309.0,23.61,0.8000021,313.0,24.04,0.71506053,401.0,23.7,0.8155318,267.0,23.9075,5.3706380281276624,-0.08040042543803771,-0.36593426935152973,-0.37875495778059065,-0.6258140604913587,18,28.31,27.73,27.86,26.56,7.2,18.1,41.7,68.7,77.57,78.29,80.86,86.43,177.0,127.0,119.0,78.0
2019-05-12,201920,177.0,177,177,177,0.00030347644,57.78724,0,2,172100020192019589,2023-08-20,Palmas,0.7154497,306296,1,0.0,1,89,,,,,144514,23.76,27.6,32.03,50.9,77.14,214.0,23.87,0.7370641,232.0,24.11,0.6928276,309.0,23.61,0.8000021,313.0,24.04,0.71506053,233.0,23.8375,5.181783550292085,-0.1888544778355774,-0.2692549032736151,-0.5547887471871071,-0.5676094356161681,19,29.06,28.31,27.73,27.86,0.0,7.2,18.1,41.7,67.29,77.57,78.29,80.86,127.0,119.0,78.0,70.0
2019-05-19,201921,127.0,127,127,127,3.129033e-06,41.46316,0,2,172100020192119589,2023-08-20,Palmas,0.606723,306296,1,0.0,1,68,,,,,144514,24.0,28.53,33.87,0.7,73.43,177.0,23.76,0.7154497,214.0,23.87,0.7370641,232.0,24.11,0.6928276,309.0,23.61,0.8000021,187.5,23.935000000000002,4.852030263919617,-0.32975328637246815,-0.5186077642080456,-0.5990081896460833,-0.8845420335595753,20,27.6,29.06,28.31,27.73,50.9,0.0,7.2,18.1,77.14,67.29,77.57,78.29,119.0,78.0,70.0,60.0
2019-05-26,201922,119.0,119,119,119,0.0006873005,38.851307,0,1,172100020192219589,2023-08-20,Palmas,0.68592817,306296,0,0.0,1,70,,,,,144514,22.87,28.21,34.54,0.0,66.57,127.0,24.0,0.606723,177.0,23.76,0.7154497,214.0,23.87,0.7370641,232.0,24.11,0.6928276,159.25,23.625,4.787491742782046,-0.06453852113757108,-0.3942918075100392,-0.5831462853456166,-0.6635467107836543,21,28.53,27.6,29.06,28.31,0.7,50.9,0.0,7.2,73.43,77.14,67.29,77.57,78.0,70.0,60.0,50.0
2019-06-02,201923,78.0,78,78,78,1.4277947e-05,25.465563,0,1,172100020192319589,2023-08-20,Palmas,0.5606494,306296,0,0.0,1,36,,,,,144514,22.99,28.19,34.67,0.0,59.71,119.0,22.87,0.68592817,127.0,24.0,0.606723,177.0,23.76,0.7154497,214.0,23.87,0.7370641,125.25,23.405,4.3694478524670215,-0.4180438903150243,-0.4825824114525954,-0.8123356978250635,-1.001190175660641,22,28.21,28.53,27.6,29.06,0.0,0.7,50.9,0.0,66.57,73.43,77.14,67.29,70.0,60.0,50.0,34.0
2019-06-09,201924,70.0,70,70,70,0.000986471,22.85371,0,1,172100020192419589,2023-08-20,Palmas,0.6284011,306296,1,0.0,1,34,,,,,144514,22.96,27.96,33.79,0.0,57.86,78.0,22.99,0.5606494,119.0,22.87,0.68592817,127.0,24.0,0.606723,177.0,23.76,0.7154497,98.5,23.205000000000002,4.2626798770413155,-0.10676797542570604,-0.5248118657407304,-0.5893503868783014,-0.9191036732507696,23,28.19,28.21,28.53,27.6,0.0,0.0,0.7,50.9,59.71,66.57,73.43,77.14,60.0,50.0,34.0,37.0
2019-06-16,201925,60.0,60,60,60,0.0108079305,19.588894,0,1,172100020192519589,2023-08-20,Palmas,0.6836851,306296,0,0.0,1,26,,,,,144514,22.09,27.61,34.06,0.0,58.0,70.0,22.96,0.6284011,78.0,22.99,0.5606494,119.0,22.87,0.68592817,127.0,24.0,0.606723,81.75,22.7275,4.110873864173311,-0.1518060128680041,-0.25857398829371014,-0.6766178786087345,-0.7411563997463055,24,27.96,28.19,28.21,28.53,0.0,0.0,0.0,0.7,57.86,59.71,66.57,73.43,50.0,34.0,37.0,14.0
2019-06-23,201926,50.0,50,50,50,0.027235573,16.32408,0,1,172100020192619589,2023-08-20,Palmas,0.7039354,306296,0,0.0,1,21,,,,,144514,20.21,26.73,33.96,0.0,57.14,60.0,22.09,0.6836851,70.0,22.96,0.6284011,78.0,22.99,0.5606494,119.0,22.87,0.68592817,64.5,22.0625,3.9318256327243257,-0.17904823144898563,-0.33085424431698973,-0.4376222197426958,-0.8556661100577201,25,27.61,27.96,28.19,28.21,0.0,0.0,0.0,0.0,58.0,57.86,59.71,66.57,34.0,37.0,14.0,30.0
2019-06-30,201927,34.0,34,34,34,0.0037694413,11.100373,0,1,172100020192719589,2023-08-20,Palmas,0.57080823,306296,0,0.0,0,15,,,,,144514,21.91,27.47,34.77,0.0,56.43,50.0,20.21,0.7039354,60.0,22.09,0.6836851,70.0,22.96,0.6284011,78.0,22.99,0.5606494,53.5,21.792499999999997,3.5553480614894135,-0.3764775712349122,-0.5555258026838978,-0.7073318155519019,-0.814099790977608,26,26.73,27.61,27.96,28.19,0.0,0.0,0.0,0.0,57.14,58.0,57.86,59.71,37.0,14.0,30.0,29.0
2019-07-07,201928,37.0,37,37,37,0.09933376,12.079818,0,1,172100020192819589,2023-08-20,Palmas,0.75771236,306296,0,0.0,1,12,,,,,144514,22.37,27.69,34.16,6.8,55.29,34.0,21.91,0.57080823,50.0,20.21,0.7039354,60.0,22.09,0.6836851,70.0,22.96,0.6284011,45.25,21.645,3.6375861597263857,0.08223809823697215,-0.29423947299794007,-0.4732877044469257,-0.6250937173149298,27,27.47,26.73,27.61,27.96,0.0,0.0,0.0,0.0,56.43,57.14,58.0,57.86,14.0,30.0,29.0,14.0
2019-07-14,201929,14.0,14,14,14,0.00021071892,4.570742,0,1,172100020192919589,2023-08-20,Palmas,0.35960442,306296,0,0.0,0,6,,,,,144514,21.07,27.3,34.67,0.0,50.43,37.0,22.37,0.75771236,34.0,21.91,0.57080823,50.0,20.21,0.7039354,60.0,22.09,0.6836851,33.75,21.39,2.70805020110221,-0.9295359586241756,-0.8472978603872034,-1.2237754316221157,-1.4028236630711013,28,27.69,27.47,26.73,27.61,6.8,0.0,0.0,0.0,55.29,56.43,57.14,58.0,30.0,29.0,14.0,9.0
2019-07-21,201930,30.0,30,30,30,0.4502225,9.794447,0,1,172100020193019589,2023-08-20,Palmas,0.96867526,306296,0,0.0,0,8,,,,,144514,21.56,27.14,33.84,0.0,48.0,14.0,21.07,0.35960442,37.0,22.37,0.75771236,34.0,21.91,0.57080823,50.0,20.21,0.7039354,28.75,21.7275,3.4339872044851463,0.7259370033829362,-0.2035989552412394,-0.12136085700426724,-0.49783842823917945,29,27.3,27.69,27.47,26.73,0.0,6.8,0.0,0.0,50.43,55.29,56.43,57.14,29.0,14.0,9.0,22.0
2019-07-28,201931,29.0,29,29,29,0.68723464,9.467966,0,1,172100020193119589,2023-08-20,Palmas,1.1404576,306296,0,0.0,0,9,,,,,144514,21.6,28.29,35.57,0.0,48.86,30.0,21.56,0.96867526,14.0,21.07,0.35960442,37.0,22.37,0.75771236,34.0,21.91,0.57080823,27.5,21.650000000000002,3.4011973816621555,-0.03278982282299081,0.6931471805599454,-0.2363887780642302,-0.15415067982725805,30,27.14,27.3,27.69,27.47,0.0,0.0,6.8,0.0,48.0,50.43,55.29,56.43,14.0,9.0,22.0,11.0
2019-08-04,201932,14.0,14,14,14,0.033392053,4.570742,0,1,172100020193219589,2023-08-20,Palmas,0.55370957,306296,0,0.0,0,5,,,,,144514,22.1,28.0,34.7,0.0,43.0,29.0,21.6,1.1404576,30.0,21.56,0.96867526,14.0,21.07,0.35960442,37.0,22.37,0.75771236,21.75,21.582500000000003,2.70805020110221,-0.6931471805599454,-0.7259370033829362,0.0,-0.9295359586241756,31,28.29,27.14,27.3,27.69,0.0,0.0,0.0,6.8,48.86,48.0,50.43,55.29,9.0,22.0,11.0,19.0
2019-08-11,201933,9.0,9,9,9,0.00410188,2.9383342,0,1,172100020193319589,2023-08-20,Palmas,0.38092926,306296,0,0.0,0,6,,,,,144514,23.34,29.07,35.7,0.0,42.14,14.0,22.1,0.55370957,29.0,21.6,1.1404576,30.0,21.56,0.96867526,14.0,21.07,0.35960442,20.5,22.15,2.302585092994046,-0.40546510810816416,-1.0986122886681096,-1.1314021114911004,-0.40546510810816416,32,28.0,28.29,27.14,27.3,0.0,0.0,0.0,0.0,43.0,48.86,48.0,50.43,22.0,11.0,19.0,15.0
2019-08-18,201934,22.0,22,22,22,0.7574381,7.182595,0,1,172100020193419589,2023-08-20,Palmas,1.24613,306296,0,0.0,0,5,,,,,144514,22.34,29.3,36.7,0.0,45.86,9.0,23.34,0.38092926,14.0,22.1,0.55370957,29.0,21.6,1.1404576,30.0,21.56,0.96867526,18.5,22.345,3.1354942159291497,0.8329091229351038,0.4274440148269396,-0.2657031657330058,-0.2984929885559966,33,29.07,28.0,28.29,27.14,0.0,0.0,0.0,0.0,42.14,43.0,48.86,48.0,11.0,19.0,15.0,10.0
2019-08-25,201935,11.0,11,11,11,0.23460566,3.5912974,0,1,172100020193519589,2023-08-20,Palmas,0.75363374,306296,0,0.0,0,0,,,,,144514,23.67,29.66,36.49,0.0,38.86,22.0,22.34,1.24613,9.0,23.34,0.38092926,14.0,22.1,0.55370957,29.0,21.6,1.1404576,14.0,22.8625,2.4849066497880004,-0.6505875661411493,0.18232155679395445,-0.2231435513142097,-0.9162907318741551,34,29.3,29.07,28.0,28.29,0.0,0.0,0.0,0.0,45.86,42.14,43.0,48.86,19.0,15.0,10.0,14.0
2019-09-01,201936,19.0,19,19,19,0.72513455,6.20315,0,1,172100020193619589,2023-08-20,Palmas,1.2234066,306296,0,0.0,0,3,,,,,144514,23.47,30.4,38.0,0.0,39.57,11.0,23.67,0.75363374,22.0,22.34,1.24613,9.0,23.34,0.38092926,14.0,22.1,0.55370957,15.25,23.205,2.995732273553991,0.5108256237659905,-0.13976194237515882,0.693147180559945,0.2876820724517808,35,29.66,29.3,29.07,28.0,0.0,0.0,0.0,0.0,38.86,45.86,42.14,43.0,15.0,10.0,14.0,27.0
2019-09-08,201937,15.0,15,15,15,0.45112762,4.8972235,0,1,172100020193719589,2023-08-20,Palmas,0.95718694,306296,0,0.0,0,3,,,,,144514,24.57,31.06,38.34,0.0,37.43,19.0,23.47,1.2234066,11.0,23.67,0.75363374,22.0,22.34,1.24613,9.0,23.34,0.38092926,16.75,23.512500000000003,2.772588722239781,-0.2231435513142097,0.2876820724517808,-0.36290549368936853,0.47000362924573524,36,30.4,29.66,29.3,29.07,0.0,0.0,0.0,0.0,39.57,38.86,45.86,42.14,10.0,14.0,27.0,21.0
2019-09-15,201938,10.0,10,10,10,0.12771413,3.2648158,0,1,172100020193819589,2023-08-20,Palmas,0.63935935,306296,0,0.0,0,1,,,,,144514,25.37,31.5,38.37,0.0,39.71,15.0,24.57,0.95718694,19.0,23.47,1.2234066,11.0,23.67,0.75363374,22.0,22.34,1.24613,13.75,24.27,2.3978952727983707,-0.3746934494414105,-0.5978370007556202,-0.08701137698962969,-0.737598943130779,37,31.06,30.4,29.66,29.3,0.0,0.0,0.0,0.0,37.43,39.57,38.86,45.86,14.0,27.0,21.0,33.0
2019-09-22,201939,14.0,14,14,14,0.4659013,4.570742,0,1,172100020193919589,2023-08-20,Palmas,0.9688725,306296,1,0.0,0,2,,,,,144514,25.46,30.86,37.04,1.5,49.29,10.0,25.37,0.63935935,15.0,24.57,0.95718694,19.0,23.47,1.2234066,11.0,23.67,0.75363374,14.5,24.7175,2.70805020110221,0.3101549283038394,-0.06453852113757108,-0.2876820724517808,0.2231435513142097,38,31.5,31.06,30.4,29.66,0.0,0.0,0.0,0.0,39.71,37.43,39.57,38.86,27.0,21.0,33.0,61.0
2019-09-29,201940,27.0,27,27,27,0.9844955,8.815002,0,1,172100020194019589,2023-08-20,Palmas,1.9938167,306296,1,0.0,0,11,,,,,144514,23.51,26.93,31.33,61.2,79.0,14.0,25.46,0.9688725,10.0,25.37,0.63935935,15.0,24.57,0.95718694,19.0,23.47,1.2234066,16.5,24.7275,3.332204510175204,0.6241543090729937,0.9343092373768331,0.5596157879354227,0.33647223662121295,39,30.86,31.5,31.06,30.4,1.5,0.0,0.0,0.0,49.29,39.71,37.43,39.57,21.0,33.0,61.0,84.0
2019-10-06,201941,21.0,21,21,21,0.76796365,6.856113,0,2,172100020194119589,2023-08-20,Palmas,1.2675424,306296,1,0.0,0,10,,,,,144514,23.73,28.1,32.91,23.5,73.14,27.0,23.51,1.9938167,14.0,25.46,0.9688725,10.0,25.37,0.63935935,15.0,24.57,0.95718694,18.0,24.517500000000002,3.091042453358316,-0.24116205681688774,0.382992252256106,0.6931471805599454,0.3184537311185349,40,26.93,30.86,31.5,31.06,61.2,1.5,0.0,0.0,79.0,49.29,39.71,37.43,33.0,61.0,84.0,91.0
2019-10-13,201942,33.0,33,33,33,0.94012606,10.773891,0,2,172100020194219589,2023-08-20,Palmas,1.5255836,306296,1,0.0,0,13,,,,,144514,24.19,27.76,31.69,19.6,73.71,21.0,23.73,1.2675424,27.0,23.51,1.9938167,14.0,25.46,0.9688725,10.0,25.37,0.63935935,23.75,24.222500000000004,3.5263605246161616,0.4353180712578455,0.19415601444095776,0.8183103235139515,1.128465251817791,41,28.1,26.93,30.86,31.5,23.5,61.2,1.5,0.0,73.14,79.0,49.29,39.71,61.0,84.0,91.0,107.0
2019-10-20,201943,61.0,61,61,61,0.99988866,19.915377,0,2,172100020194319589,2023-08-20,Palmas,2.2599533,306296,1,1.0,1,24,,,,,144514,23.97,27.71,32.34,23.4,77.57,33.0,24.19,1.5255836,21.0,23.73,1.2675424,27.0,23.51,1.9938167,14.0,25.46,0.9688725,35.5,23.85,4.127134385045092,0.6007738604289301,1.0360919316867756,0.7949298748698879,1.4190841839428816,42,27.76,28.1,26.93,30.86,19.6,23.5,61.2,1.5,73.71,73.14,79.0,49.29,84.0,91.0,107.0,85.0
2019-10-27,201944,84.0,84,84,84,0.99998045,27.424452,0,2,172100020194419589,2023-08-20,Palmas,2.150367,306296,1,1.0,1,19,,,,,144514,23.89,28.01,32.57,28.7,76.86,61.0,23.97,2.2599533,33.0,24.19,1.5255836,21.0,23.73,1.2675424,27.0,23.51,1.9938167,49.75,23.945,4.442651256490317,0.315516871445225,0.9162907318741551,1.3516088031320006,1.1104467463151129,43,27.71,27.76,28.1,26.93,23.4,19.6,23.5,61.2,77.57,73.71,73.14,79.0,91.0,107.0,85.0,113.0
2019-11-03,201945,91.0,91,91,91,0.9959434,29.709824,0,3,172100020194519589,2023-08-20,Palmas,1.5472351,306296,1,1.0,1,15,,,,,144514,22.69,26.64,32.1,57.0,80.86,84.0,23.89,2.150367,61.0,23.97,2.2599533,33.0,24.19,1.5255836,21.0,23.73,1.2675424,67.25,23.685000000000002,4.5217885770490405,0.0791373205587238,0.3946541920039488,0.9954280524328789,1.4307461236907244,44,28.01,27.71,27.76,28.1,28.7,23.4,19.6,23.5,76.86,77.57,73.71,73.14,107.0,85.0,113.0,109.0
2019-11-10,201946,107.0,107,107,107,0.98405164,34.93353,0,3,172100020194619589,2023-08-20,Palmas,1.3727428,306296,1,1.0,1,25,,,,,144514,23.09,27.7,33.2,9.2,76.71,91.0,22.69,1.5472351,84.0,23.89,2.150367,61.0,23.97,2.2599533,33.0,24.19,1.5255836,85.75,23.410000000000004,4.68213122712422,0.16034265007517945,0.23947997063390325,0.5549968420791282,1.1557707025080584,45,26.64,28.01,27.71,27.76,57.0,28.7,23.4,19.6,80.86,76.86,77.57,73.71,85.0,113.0,109.0,158.0
2019-11-17,201947,85.0,85,85,85,0.33722132,27.750935,0,2,172100020194719589,2023-08-20,Palmas,0.9386878,306296,1,0.0,1,24,,,,,144514,23.0,26.61,31.53,103.2,80.86,107.0,23.09,1.3727428,91.0,22.69,1.5472351,84.0,23.89,2.150367,61.0,23.97,2.2599533,91.75,23.167500000000004,4.454347296253507,-0.22778393087071258,-0.06744128079553313,0.011696039763190669,0.32721291120841567,46,27.7,26.64,28.01,27.71,9.2,57.0,28.7,23.4,76.71,80.86,76.86,77.57,113.0,109.0,158.0,86.0
2019-11-24,201948,113.0,113,113,113,0.87810785,36.892418,0,2,172100020194819589,2023-08-20,Palmas,1.1748233,306296,1,0.0,1,36,,,,,144514,23.54,27.4,32.2,71.4,80.86,85.0,23.0,0.9386878,107.0,23.09,1.3727428,91.0,22.69,1.5472351,84.0,23.89,2.150367,99.0,23.08,4.736198448394496,0.2818511521409883,0.054067221270275745,0.2144098713454552,0.293547191904179,47,26.61,27.7,26.64,28.01,103.2,9.2,57.0,28.7,80.86,76.71,80.86,76.86,109.0,158.0,86.0,62.0
2019-12-01,201949,109.0,109,109,109,0.7713289,35.58649,0,2,172100020194919589,2023-08-20,Palmas,1.1085986,306296,1,0.0,1,28,,,,,144514,23.41,27.24,32.11,43.4,80.43,113.0,23.54,1.1748233,85.0,23.0,0.9386878,107.0,23.09,1.3727428,91.0,22.69,1.5472351,103.5,23.259999999999998,4.700480365792417,-0.03571808260207909,0.24613306953890923,0.018349138668196652,0.1786917887433761,48,27.4,26.61,27.7,26.64,71.4,103.2,9.2,57.0,80.86,80.86,76.71,80.86,158.0,86.0,62.0,50.0
2019-12-08,201950,158.0,158,158,158,0.9992249,51.584087,0,2,172100020195019589,2023-08-20,Palmas,1.4801625,306296,1,1.0,1,32,,,,,144514,22.91,26.99,31.96,50.4,81.43,109.0,23.41,1.1085986,113.0,23.54,1.1748233,85.0,23.0,0.9386878,107.0,23.09,1.3727428,116.25,23.214999999999996,5.0689042022202315,0.36842383642781495,0.33270575382573586,0.6145569059667242,0.3867729750960116,49,27.24,27.4,26.61,27.7,43.4,71.4,103.2,9.2,80.43,80.86,80.86,76.71,86.0,62.0,50.0,85.0
2019-12-15,201951,86.0,86,86,86,0.010718508,28.077415,0,2,172100020195119589,2023-08-20,Palmas,0.7240414,306296,1,0.0,1,11,,,,,144514,23.01,28.11,33.54,2.8,74.43,158.0,22.91,1.4801625,109.0,23.41,1.1085986,113.0,23.54,1.1748233,85.0,23.0,0.9386878,116.5,23.217499999999998,4.465908118654584,-0.6029960835656478,-0.23457224713783287,-0.27029032973991196,0.011560822401076365,50,26.99,27.24,27.4,26.61,50.4,43.4,71.4,103.2,81.43,80.43,80.86,80.86,62.0,50.0,85.0,90.0
2019-12-22,201952,62.0,62,62,62,6.7758156e-06,20.241858,0,2,172100020195219589,2023-08-20,Palmas,0.51642245,306296,1,0.0,1,11,,,,,144514,23.51,27.64,33.1,21.3,78.71,86.0,23.01,0.7240414,158.0,22.91,1.4801625,109.0,23.41,1.1085986,113.0,23.54,1.1748233,103.75,23.21,4.143134726391533,-0.32277339226305113,-0.925769475828699,-0.557345639400884,-0.5930637220029631,51,28.11,26.99,27.24,27.4,2.8,50.4,43.4,71.4,74.43,81.43,80.43,80.86,50.0,85.0,90.0,75.0
2019-12-29,202001,50.0,50,50,50,4.875512e-05,16.32408,0,2,172100020200119589,2023-08-20,Palmas,0.5173868,306296,1,0.0,1,10,,,,,144514,23.09,25.43,28.97,113.5,88.0,62.0,23.51,0.51642245,86.0,23.01,0.7240414,158.0,22.91,1.4801625,109.0,23.41,1.1085986,89.0,23.130000000000003,3.9318256327243257,-0.21130909366720685,-0.534082485930258,-1.1370785694959058,-0.7686547330680908,52,27.64,28.11,26.99,27.24,21.3,2.8,50.4,43.4,78.71,74.43,81.43,80.43,85.0,90.0,75.0,79.0
2020-01-05,202002,85.0,85,85,85,0.8649375,27.750935,0,2,172100020200219589,2023-08-20,Palmas,1.1928055,306296,1,0.0,1,17,,,,,144514,23.01,26.37,30.61,78.4,84.14,50.0,23.09,0.5173868,62.0,23.51,0.51642245,86.0,23.01,0.7240414,158.0,22.91,1.4801625,70.75,23.155,4.454347296253507,0.5225216635291816,0.31121256986197476,-0.011560822401076365,-0.6145569059667242,1,25.43,27.64,28.11,26.99,113.5,21.3,2.8,50.4,88.0,78.71,74.43,81.43,90.0,75.0,79.0,92.0
2020-01-12,202003,90.0,90,90,90,0.97463256,29.38334,0,2,172100020200319589,2023-08-20,Palmas,1.3691502,306296,1,1.0,1,14,,,,,144514,23.41,27.93,33.61,17.3,78.43,85.0,23.01,1.1928055,50.0,23.09,0.5173868,62.0,23.51,0.51642245,86.0,23.01,0.7240414,71.75,23.255000000000003,4.51085950651685,0.05651221026334241,0.579033873792524,0.3677247801253172,0.044951387862266046,2,26.37,25.43,27.64,28.11,78.4,113.5,21.3,2.8,84.14,88.0,78.71,74.43,75.0,79.0,92.0,69.0
2020-01-19,202004,75.0,75,75,75,0.4809294,24.486118,0,2,172100020200419589,2023-08-20,Palmas,0.99225765,306296,1,0.0,1,9,,,,,144514,23.41,26.13,30.04,135.4,85.57,90.0,23.41,1.3691502,85.0,23.01,1.1928055,50.0,23.09,0.5173868,62.0,23.51,0.51642245,75.0,23.23,4.330733340286331,-0.1801261662305187,-0.12361395596717628,0.39890770756200533,0.18759861389479848,3,27.93,26.37,25.43,27.64,17.3,78.4,113.5,21.3,78.43,84.14,88.0,78.71,79.0,92.0,69.0,77.0
2020-01-26,202005,79.0,79,79,79,0.41021654,25.792044,0,2,172100020200519589,2023-08-20,Palmas,0.964927,306296,1,0.0,1,9,,,,,144514,23.54,27.16,32.06,72.0,81.29,75.0,23.41,0.99225765,90.0,23.41,1.3691502,85.0,23.01,1.1928055,50.0,23.09,0.5173868,82.25,23.3425,4.382026634673881,0.05129329438755015,-0.12883287184296854,-0.07232066157962613,0.4502010019495555,4,26.13,27.93,26.37,25.43,135.4,17.3,78.4,113.5,85.57,78.43,84.14,88.0,92.0,69.0,77.0,82.0
2020-02-02,202006,92.0,92,92,92,0.80788726,30.036304,0,2,172100020200619589,2023-08-20,Palmas,1.1414372,306296,1,0.0,1,19,,,,,144514,22.74,25.31,29.47,137.1,87.86,79.0,23.54,0.964927,75.0,23.41,0.99225765,90.0,23.41,1.3691502,85.0,23.01,1.1928055,84.0,23.275000000000002,4.532599493153256,0.15057285847937507,0.20186615286692522,0.021739986636406528,0.07825219689974894,5,27.16,26.13,27.93,26.37,72.0,135.4,17.3,78.4,81.29,85.57,78.43,84.14,69.0,77.0,82.0,79.0
2020-02-09,202007,69.0,69,69,69,0.16485997,22.52723,0,2,172100020200719589,2023-08-20,Palmas,0.8529722,306296,1,0.0,1,20,,,,,144514,22.94,27.04,31.89,36.8,79.57,92.0,22.74,1.1414372,79.0,23.54,0.964927,75.0,23.41,0.99225765,90.0,23.41,1.3691502,78.75,23.1575,4.248495242049359,-0.2841042511038969,-0.13353139262452185,-0.0822380982369717,-0.2623642644674904,6,25.31,27.16,26.13,27.93,137.1,72.0,135.4,17.3,87.86,81.29,85.57,78.43,77.0,82.0,79.0,65.0
2020-02-16,202008,77.0,77,77,77,0.3709197,25.139082,0,2,172100020200819589,2023-08-20,Palmas,0.94907886,306296,1,0.0,1,9,,,,,144514,23.31,26.71,31.23,66.1,82.57,69.0,22.94,0.8529722,92.0,22.74,1.1414372,79.0,23.54,0.964927,75.0,23.41,0.99225765,79.25,23.1325,4.356708826689592,0.10821358464023234,-0.17589066646366458,-0.02531780798428951,0.02597548640326064,7,27.04,25.31,27.16,26.13,36.8,137.1,72.0,135.4,79.57,87.86,81.29,85.57,82.0,79.0,65.0,56.0
2020-02-23,202009,82.0,82,82,82,0.6408453,26.771488,0,2,172100020200919589,2023-08-20,Palmas,1.0586495,306296,1,0.0,1,14,,,,,144514,23.84,26.96,31.34,49.5,83.29,77.0,23.31,0.94907886,69.0,22.94,0.8529722,92.0,22.74,1.1414372,79.0,23.54,0.964927,80.0,23.207500000000003,4.418840607796598,0.06213178110700657,0.1703453657472389,-0.11375888535665801,0.03681397312271706,8,26.71,27.04,25.31,27.16,66.1,36.8,137.1,72.0,82.57,79.57,87.86,81.29,79.0,65.0,56.0,28.0
2020-03-01,202010,79.0,79,79,79,0.56858605,25.792044,0,2,172100020201019589,2023-08-20,Palmas,1.0279915,306296,1,0.0,1,19,,,,,144514,23.73,26.31,30.26,81.7,85.71,82.0,23.84,1.0586495,77.0,23.31,0.94907886,69.0,22.94,0.8529722,92.0,22.74,1.1414372,76.75,23.455,4.382026634673881,-0.03681397312271706,0.02531780798428951,0.13353139262452185,-0.15057285847937507,9,26.96,26.71,27.04,25.31,49.5,66.1,36.8,137.1,83.29,82.57,79.57,87.86,65.0,56.0,28.0,24.0
2020-03-08,202011,65.0,65,65,65,0.13562611,21.221302,0,2,172100020201119589,2023-08-20,Palmas,0.83211815,306296,1,0.0,1,28,,,,,144514,23.89,26.33,30.36,95.3,86.71,79.0,23.73,1.0279915,82.0,23.84,1.0586495,77.0,23.31,0.94907886,69.0,22.94,0.8529722,75.75,23.6925,4.189654742026425,-0.19237189264745602,-0.22918586577017308,-0.1670540846631665,-0.05884050002293417,10,26.31,26.96,26.71,27.04,81.7,49.5,66.1,36.8,85.71,83.29,82.57,79.57,56.0,28.0,24.0,32.0
2020-03-15,202012,56.0,56,56,56,0.05108889,18.282969,0,2,172100020201219589,2023-08-20,Palmas,0.75081956,306296,1,0.0,1,16,,,,,144514,23.39,26.0,29.86,73.6,86.29,65.0,23.89,0.83211815,79.0,23.73,1.0279915,82.0,23.84,1.0586495,77.0,23.31,0.94907886,70.5,23.7125,4.04305126783455,-0.14660347419187492,-0.33897536683933094,-0.375789339962048,-0.31365755885504143,11,26.33,26.31,26.96,26.71,95.3,81.7,49.5,66.1,86.71,85.71,83.29,82.57,28.0,24.0,32.0,30.0
2020-03-22,202013,28.0,28,28,28,4.822912e-05,9.141484,0,2,172100020201319589,2023-08-20,Palmas,0.4315199,306296,1,0.0,0,13,,,,,144514,23.54,26.43,30.46,66.3,85.57,56.0,23.39,0.75081956,65.0,23.89,0.83211815,79.0,23.73,1.0279915,82.0,23.84,1.0586495,57.0,23.6375,3.367295829986474,-0.6757554378480761,-0.822358912039951,-1.014730804687407,-1.0515447778101241,12,26.0,26.33,26.31,26.96,73.6,95.3,81.7,49.5,86.29,86.71,85.71,83.29,24.0,32.0,30.0,30.0
2020-03-29,202014,24.0,24,24,24,0.00081664836,7.835558,0,2,172100020201419589,2023-08-20,Palmas,0.47263694,306296,1,0.0,0,12,,,,,144514,23.29,28.4,34.06,0.6,74.0,28.0,23.54,0.4315199,56.0,23.39,0.75081956,65.0,23.89,0.83211815,79.0,23.73,1.0279915,43.25,23.5275,3.2188758248682006,-0.14842000511827358,-0.8241754429663497,-0.9707789171582246,-1.1631508098056806,13,26.43,26.0,26.33,26.31,66.3,73.6,95.3,81.7,85.57,86.29,86.71,85.71,32.0,30.0,30.0,36.0
2020-04-05,202015,32.0,32,32,32,0.30742538,10.447411,0,2,172100020201519589,2023-08-20,Palmas,0.88577956,306296,1,0.0,0,15,,,,,144514,23.96,28.06,32.76,18.6,80.0,24.0,23.29,0.47263694,28.0,23.54,0.4315199,56.0,23.39,0.75081956,65.0,23.89,0.83211815,35.0,23.545,3.4965075614664802,0.27763173659827967,0.1292117314800061,-0.54654370636807,-0.693147180559945,14,28.4,26.43,26.0,26.33,0.6,66.3,73.6,95.3,74.0,85.57,86.29,86.71,30.0,30.0,36.0,34.0
2020-04-12,202016,30.0,30,30,30,0.55033565,9.794447,0,2,172100020201619589,2023-08-20,Palmas,1.0332413,306296,1,0.0,0,15,,,,,144514,23.4,25.81,29.7,105.8,87.43,32.0,23.96,0.88577956,24.0,23.29,0.47263694,28.0,23.54,0.4315199,56.0,23.39,0.75081956,28.5,23.5475,3.4339872044851463,-0.06252035698133396,0.2151113796169457,0.06669137449867213,-0.609064063349404,15,28.06,28.4,26.43,26.0,18.6,0.6,66.3,73.6,80.0,74.0,85.57,86.29,30.0,36.0,34.0,28.0
2020-04-19,202017,30.0,30,30,30,0.5405974,9.794447,0,2,172100020201719589,2023-08-20,Palmas,1.0266572,306296,1,0.0,0,15,,,,,144514,23.04,25.89,30.1,70.6,86.86,30.0,23.4,1.0332413,32.0,23.96,0.88577956,24.0,23.29,0.47263694,28.0,23.54,0.4315199,29.0,23.4225,3.4339872044851463,0.0,-0.06252035698133396,0.2151113796169457,0.06669137449867213,16,25.81,28.06,28.4,26.43,105.8,18.6,0.6,66.3,87.43,80.0,74.0,85.57,36.0,34.0,28.0,36.0
2020-04-26,202018,36.0,36,36,36,0.75788856,11.753337,0,2,172100020201819589,2023-08-20,Palmas,1.18649,306296,1,0.0,0,14,,,,,144514,21.56,27.27,33.24,0.0,74.71,30.0,23.04,1.0266572,30.0,23.4,1.0332413,32.0,23.96,0.88577956,24.0,23.29,0.47263694,32.0,22.990000000000002,3.6109179126442243,0.17693070815907808,0.17693070815907808,0.11441035117774412,0.3920420877760238,17,25.89,25.81,28.06,28.4,70.6,105.8,18.6,0.6,86.86,87.43,80.0,74.0,34.0,28.0,36.0,41.0
2020-05-03,202019,34.0,34,34,34,0.61666495,11.100373,0,2,172100020201919589,2023-08-20,Palmas,1.0755432,306296,1,0.0,0,9,,,,,144514,23.59,27.79,32.83,6.8,76.29,36.0,21.56,1.18649,30.0,23.04,1.0266572,30.0,23.4,1.0332413,32.0,23.96,0.88577956,32.5,22.897499999999997,3.5553480614894135,-0.055569851154810834,0.12136085700426724,0.12136085700426724,0.058840500022933284,18,27.27,25.89,25.81,28.06,0.0,70.6,105.8,18.6,74.71,86.86,87.43,80.0,28.0,36.0,41.0,39.0
2020-05-10,202020,28.0,28,28,28,0.25451183,9.141484,0,2,172100020202019589,2023-08-20,Palmas,0.8452933,306296,1,0.0,0,12,,,,,144514,22.49,27.23,32.64,0.6,74.43,34.0,23.59,1.0755432,36.0,21.56,1.18649,30.0,23.04,1.0266572,30.0,23.4,1.0332413,32.0,22.67,3.367295829986474,-0.18805223150293937,-0.2436220826577502,-0.06669137449867213,-0.06669137449867213,19,27.79,27.27,25.89,25.81,6.8,0.0,70.6,105.8,76.29,74.71,86.86,87.43,36.0,41.0,39.0,44.0
2020-05-17,202021,36.0,36,36,36,0.6533283,11.753337,0,2,172100020202119589,2023-08-20,Palmas,1.0992084,306296,1,0.0,0,13,,,,,144514,23.26,27.24,31.97,8.2,76.14,28.0,22.49,0.8452933,34.0,23.59,1.0755432,36.0,21.56,1.18649,30.0,23.04,1.0266572,33.5,22.724999999999998,3.6109179126442243,0.2436220826577502,0.055569851154810834,0.0,0.17693070815907808,20,27.23,27.79,27.27,25.89,0.6,6.8,0.0,70.6,74.43,76.29,74.71,86.86,41.0,39.0,44.0,33.0
2020-05-24,202022,41.0,41,41,41,0.8438454,13.385744,0,2,172100020202219589,2023-08-20,Palmas,1.2653283,306296,1,0.0,1,14,,,,,144514,22.57,26.41,31.31,25.6,82.14,36.0,23.26,1.0992084,28.0,22.49,0.8452933,34.0,23.59,1.0755432,36.0,21.56,1.18649,34.75,22.977500000000003,3.7376696182833684,0.12675170563914406,0.37037378829689427,0.1823215567939549,0.12675170563914406,21,27.24,27.23,27.79,27.27,8.2,0.6,6.8,0.0,76.14,74.43,76.29,74.71,39.0,44.0,33.0,49.0
2020-05-31,202023,39.0,39,39,39,0.67299056,12.732781,0,2,172100020202319589,2023-08-20,Palmas,1.1091251,306296,1,0.0,1,13,,,,,144514,21.74,26.79,32.84,0.4,74.71,41.0,22.57,1.2653283,36.0,23.26,1.0992084,28.0,22.49,0.8452933,34.0,23.59,1.0755432,36.0,22.515,3.6888794541139363,-0.04879016416943216,0.0779615414697119,0.3215836241274621,0.13353139262452274,22,26.41,27.24,27.23,27.79,25.6,8.2,0.6,6.8,82.14,76.14,74.43,76.29,44.0,33.0,49.0,60.0
2020-06-07,202024,44.0,44,44,44,0.72688276,14.36519,0,1,172100020202419589,2023-08-20,Palmas,1.1414539,306296,0,0.0,1,16,,,,,144514,20.91,26.67,33.33,0.0,70.43,39.0,21.74,1.1091251,41.0,22.57,1.2653283,36.0,23.26,1.0992084,28.0,22.49,0.8452933,40.0,22.119999999999997,3.8066624897703196,0.11778303565638337,0.06899287148695121,0.19574457712609528,0.4393666597838455,23,26.79,26.41,27.24,27.23,0.4,25.6,8.2,0.6,74.71,82.14,76.14,74.43,33.0,49.0,60.0,43.0
2020-06-14,202025,33.0,33,33,33,0.20541726,10.773891,0,1,172100020202519589,2023-08-20,Palmas,0.82540584,306296,0,0.0,0,10,,,,,144514,20.21,25.89,32.44,0.0,64.86,44.0,20.91,1.1414539,39.0,21.74,1.1091251,41.0,22.57,1.2653283,36.0,23.26,1.0992084,39.25,21.3575,3.5263605246161616,-0.28030196515415806,-0.1625189294977747,-0.21130909366720685,-0.08455738802806279,24,26.67,26.79,26.41,27.24,0.0,0.4,25.6,8.2,70.43,74.71,82.14,76.14,49.0,60.0,43.0,50.0
2020-06-21,202026,49.0,49,49,49,0.8313603,15.997597,0,1,172100020202619589,2023-08-20,Palmas,1.2250648,306296,0,0.0,1,17,,,,,144514,19.61,25.86,32.83,0.0,66.14,33.0,20.21,0.82540584,44.0,20.91,1.1414539,39.0,21.74,1.1091251,41.0,22.57,1.2653283,41.25,20.6175,3.912023005428146,0.3856624808119844,0.10536051565782634,0.2231435513142097,0.17435338714477755,25,25.89,26.67,26.79,26.41,0.0,0.0,0.4,25.6,64.86,70.43,74.71,82.14,60.0,43.0,50.0,34.0
2020-06-28,202027,60.0,60,60,60,0.9700888,19.588894,0,1,172100020202719589,2023-08-20,Palmas,1.4563091,306296,0,1.0,1,18,,,,,144514,18.77,25.91,34.14,0.0,61.29,49.0,19.61,1.2250648,33.0,20.21,0.82540584,44.0,20.91,1.1414539,39.0,21.74,1.1091251,46.5,19.875,4.110873864173311,0.1988508587451654,0.5845133395571498,0.30421137440299173,0.4219944100593751,26,25.86,25.89,26.67,26.79,0.0,0.0,0.0,0.4,66.14,64.86,70.43,74.71,43.0,50.0,34.0,44.0
2020-07-05,202028,43.0,43,43,43,0.33866554,14.038708,0,1,172100020202819589,2023-08-20,Palmas,0.9163159,306296,0,0.0,1,13,,,,,144514,19.3,26.07,33.83,0.0,59.29,60.0,18.77,1.4563091,49.0,19.61,1.2250648,33.0,20.21,0.82540584,44.0,20.91,1.1414539,46.25,19.4725,3.784189633918261,-0.32668423025505033,-0.12783337150988494,0.25782910930209946,-0.022472855852058604,27,25.91,25.86,25.89,26.67,0.0,0.0,0.0,0.0,61.29,66.14,64.86,70.43,50.0,34.0,44.0,30.0
2020-07-12,202029,50.0,50,50,50,0.46497142,16.32408,0,1,172100020202919589,2023-08-20,Palmas,0.98271644,306296,0,0.0,1,20,,,,,144514,19.47,26.41,33.94,0.0,57.86,43.0,19.3,0.9163159,60.0,18.77,1.4563091,49.0,19.61,1.2250648,33.0,20.21,0.82540584,50.5,19.287499999999998,3.9318256327243257,0.1476359988060647,-0.17904823144898563,0.019802627296179764,0.40546510810816416,28,26.07,25.91,25.86,25.89,0.0,0.0,0.0,0.0,59.29,61.29,66.14,64.86,34.0,44.0,30.0,27.0
2020-07-19,202030,34.0,34,34,34,0.054901317,11.100373,0,1,172100020203019589,2023-08-20,Palmas,0.70241046,306296,0,0.0,0,8,,,,,144514,19.16,25.96,33.47,0.0,56.43,50.0,19.47,0.98271644,43.0,19.3,0.9163159,60.0,18.77,1.4563091,49.0,19.61,1.2250648,46.75,19.174999999999997,3.5553480614894135,-0.3764775712349122,-0.2288415724288475,-0.5555258026838978,-0.35667494393873245,29,26.41,26.07,25.91,25.86,0.0,0.0,0.0,0.0,57.86,59.29,61.29,66.14,44.0,30.0,27.0,26.0
2020-07-26,202031,44.0,44,44,44,0.4822912,14.36519,0,1,172100020203119589,2023-08-20,Palmas,0.99064374,306296,0,0.0,1,19,,,,,144514,18.04,25.56,33.49,0.0,52.71,34.0,19.16,0.70241046,50.0,19.47,0.98271644,43.0,19.3,0.9163159,60.0,18.77,1.4563091,42.75,18.9925,3.8066624897703196,0.2513144282809061,-0.1251631429540061,0.022472855852058604,-0.30421137440299173,30,25.96,26.41,26.07,25.91,0.0,0.0,0.0,0.0,56.43,57.86,59.29,61.29,30.0,27.0,26.0,18.0
2020-08-02,202032,30.0,30,30,30,0.10330548,9.794447,0,1,172100020203219589,2023-08-20,Palmas,0.7403177,306296,0,0.0,0,7,,,,,144514,19.49,25.91,32.87,0.0,51.43,44.0,18.04,0.99064374,34.0,19.16,0.70241046,50.0,19.47,0.98271644,43.0,19.3,0.9163159,39.5,19.04,3.4339872044851463,-0.37267528528517335,-0.12136085700426724,-0.49783842823917945,-0.35020242943311475,31,25.56,25.96,26.41,26.07,0.0,0.0,0.0,0.0,52.71,56.43,57.86,59.29,27.0,26.0,18.0,20.0
2020-08-09,202033,27.0,27,27,27,0.09563811,8.815002,0,1,172100020203319589,2023-08-20,Palmas,0.7220108,306296,0,0.0,0,6,,,,,144514,18.84,26.9,34.93,0.0,54.14,30.0,19.49,0.7403177,44.0,18.04,0.99064374,34.0,19.16,0.70241046,50.0,19.47,0.98271644,33.75,18.8825,3.332204510175204,-0.10178269430994247,-0.4744579795951158,-0.2231435513142097,-0.5996211225491219,32,25.91,25.56,25.96,26.41,0.0,0.0,0.0,0.0,51.43,52.71,56.43,57.86,26.0,18.0,20.0,8.0
2020-08-16,202034,26.0,26,26,26,0.19183178,8.488521,0,1,172100020203419589,2023-08-20,Palmas,0.79717714,306296,0,0.0,0,11,,,,,144514,21.07,28.94,37.2,0.0,49.29,27.0,18.84,0.7220108,30.0,19.49,0.7403177,44.0,18.04,0.99064374,34.0,19.16,0.70241046,31.75,19.36,3.295836866004329,-0.03636764417087468,-0.13815033848081715,-0.5108256237659905,-0.2595111954850844,33,26.9,25.91,25.56,25.96,0.0,0.0,0.0,0.0,54.14,51.43,52.71,56.43,18.0,20.0,8.0,16.0
2020-08-23,202035,18.0,18,18,18,0.07066785,5.8766685,0,1,172100020203519589,2023-08-20,Palmas,0.6468612,306296,0,0.0,0,6,,,,,144514,21.99,29.06,36.16,0.0,48.71,26.0,21.07,0.79717714,27.0,18.84,0.7220108,30.0,19.49,0.7403177,44.0,18.04,0.99064374,25.25,20.3475,2.9444389791664403,-0.35139788683788886,-0.38776553100876354,-0.489548225318706,-0.8622235106038794,34,28.94,26.9,25.91,25.56,0.0,0.0,0.0,0.0,49.29,54.14,51.43,52.71,20.0,8.0,16.0,11.0
2020-08-30,202036,20.0,20,20,20,0.26353174,6.5296316,0,1,172100020203619589,2023-08-20,Palmas,0.82780236,306296,0,0.0,0,7,,,,,144514,21.3,28.8,36.41,0.0,40.86,18.0,21.99,0.6468612,26.0,21.07,0.79717714,27.0,18.84,0.7220108,30.0,19.49,0.7403177,22.75,20.8,3.044522437723423,0.10008345855698275,-0.2513144282809061,-0.2876820724517808,-0.38946476676172326,35,29.06,28.94,26.9,25.91,0.0,0.0,0.0,0.0,48.71,49.29,54.14,51.43,8.0,16.0,11.0,12.0
2020-09-06,202037,8.0,8,8,8,0.008302358,2.6118526,0,1,172100020203719589,2023-08-20,Palmas,0.39330992,306296,0,0.0,0,3,,,,,144514,21.17,29.23,37.19,0.0,41.71,20.0,21.3,0.82780236,18.0,21.99,0.6468612,26.0,21.07,0.79717714,27.0,18.84,0.7220108,18.0,21.3825,2.1972245773362196,-0.8472978603872034,-0.7472144018302207,-1.0986122886681096,-1.1349799328389842,36,28.8,29.06,28.94,26.9,0.0,0.0,0.0,0.0,40.86,48.71,49.29,54.14,16.0,11.0,12.0,9.0
2020-09-13,202038,16.0,16,16,16,0.4533378,5.2237053,0,1,172100020203819589,2023-08-20,Palmas,0.96030086,306296,0,0.0,0,8,,,,,144514,22.83,29.81,37.21,0.0,41.43,8.0,21.17,0.39330992,20.0,21.3,0.82780236,18.0,21.99,0.6468612,26.0,21.07,0.79717714,15.5,21.8225,2.833213344056216,0.6359887667199966,-0.21130909366720685,-0.1112256351102241,-0.46262352194811296,37,29.23,28.8,29.06,28.94,0.0,0.0,0.0,0.0,41.71,40.86,48.71,49.29,11.0,12.0,9.0,11.0
2020-09-20,202039,11.0,11,11,11,0.2976298,3.5912974,0,1,172100020203919589,2023-08-20,Palmas,0.80959094,306296,0,0.0,0,2,,,,,144514,24.8,30.0,35.86,0.6,56.29,16.0,22.83,0.96030086,8.0,21.17,0.39330992,20.0,21.3,0.82780236,18.0,21.99,0.6468612,13.75,22.525,2.4849066497880004,-0.3483066942682158,0.2876820724517808,-0.5596157879354227,-0.4595323293784399,38,29.81,29.23,28.8,29.06,0.0,0.0,0.0,0.0,41.43,41.71,40.86,48.71,12.0,9.0,11.0,9.0
2020-09-27,202040,12.0,12,12,12,0.43577552,3.917779,0,1,172100020204019589,2023-08-20,Palmas,0.9381212,306296,0,0.0,0,8,,,,,144514,22.9,30.74,38.34,0.0,43.29,11.0,24.8,0.80959094,16.0,22.83,0.96030086,8.0,21.17,0.39330992,20.0,21.3,0.82780236,11.75,22.925,2.5649493574615367,0.08004270767353638,-0.2682639865946794,0.3677247801253172,-0.4795730802618863,39,30.0,29.81,29.23,28.8,0.6,0.0,0.0,0.0,56.29,41.43,41.71,40.86,9.0,11.0,9.0,10.0
2020-10-04,202041,9.0,9,9,9,0.24050605,2.9383342,0,1,172100020204119589,2023-08-20,Palmas,0.73937297,306296,0,0.0,0,2,,,,,144514,24.34,30.86,37.53,0.7,48.14,12.0,22.9,0.9381212,11.0,24.8,0.80959094,16.0,22.83,0.96030086,8.0,21.17,0.39330992,12.0,23.7175,2.302585092994046,-0.26236426446749084,-0.18232155679395445,-0.5306282510621703,0.10536051565782634,40,30.74,30.0,29.81,29.23,0.0,0.6,0.0,0.0,43.29,56.29,41.43,41.71,11.0,9.0,10.0,11.0
2020-10-11,202042,11.0,11,11,11,0.48940074,3.5912974,0,1,172100020204219589,2023-08-20,Palmas,0.98897415,306296,0,0.0,0,2,,,,,144514,23.46,29.16,35.36,3.5,61.43,9.0,24.34,0.73937297,12.0,22.9,0.9381212,11.0,24.8,0.80959094,16.0,22.83,0.96030086,10.75,23.875,2.4849066497880004,0.18232155679395445,-0.08004270767353638,0.0,-0.3483066942682158,41,30.86,30.74,30.0,29.81,0.7,0.0,0.6,0.0,48.14,43.29,56.29,41.43,9.0,10.0,11.0,12.0
2020-10-18,202043,9.0,9,9,9,0.380471,2.9383342,0,1,172100020204319589,2023-08-20,Palmas,0.873139,306296,1,0.0,0,4,,,,,144514,23.81,29.03,34.56,21.9,61.71,11.0,23.46,0.98897415,9.0,24.34,0.73937297,12.0,22.9,0.9381212,11.0,24.8,0.80959094,10.25,23.6275,2.302585092994046,-0.18232155679395445,0.0,-0.26236426446749084,-0.18232155679395445,42,29.16,30.86,30.74,30.0,3.5,0.7,0.0,0.6,61.43,48.14,43.29,56.29,10.0,11.0,12.0,29.0
2020-10-25,202044,10.0,10,10,10,0.5015909,3.2648158,0,1,172100020204419589,2023-08-20,Palmas,1.0017488,306296,1,0.0,0,2,,,,,144514,23.79,27.23,31.84,44.0,78.0,9.0,23.81,0.873139,11.0,23.46,0.98897415,9.0,24.34,0.73937297,12.0,22.9,0.9381212,9.75,23.849999999999998,2.3978952727983707,0.09531017980432477,-0.08701137698962969,0.09531017980432477,-0.16705408466316607,43,29.03,29.16,30.86,30.74,21.9,3.5,0.7,0.0,61.71,61.43,48.14,43.29,11.0,12.0,29.0,38.0
2020-11-01,202045,11.0,11,11,11,0.60529596,3.5912974,0,2,172100020204519589,2023-08-20,Palmas,1.1217207,306296,1,0.0,0,2,,,,,144514,22.87,25.97,30.21,163.8,82.57,10.0,23.79,1.0017488,9.0,23.81,0.873139,11.0,23.46,0.98897415,9.0,24.34,0.73937297,10.25,23.4825,2.4849066497880004,0.08701137698962969,0.18232155679395445,0.0,0.18232155679395445,44,27.23,29.03,29.16,30.86,44.0,21.9,3.5,0.7,78.0,61.71,61.43,48.14,12.0,29.0,38.0,37.0
2020-11-08,202046,12.0,12,12,12,0.6588812,3.917779,0,2,172100020204619589,2023-08-20,Palmas,1.1866926,306296,1,0.0,0,7,,,,,144514,23.41,29.31,35.03,0.8,64.86,11.0,22.87,1.1217207,10.0,23.79,1.0017488,9.0,23.81,0.873139,11.0,23.46,0.98897415,10.5,23.47,2.5649493574615367,0.08004270767353638,0.16705408466316607,0.26236426446749084,0.08004270767353638,45,25.97,27.23,29.03,29.16,163.8,44.0,21.9,3.5,82.57,78.0,61.71,61.43,29.0,38.0,37.0,28.0
2020-11-15,202047,29.0,29,29,29,0.9971365,9.467966,0,2,172100020204719589,2023-08-20,Palmas,2.4548497,306296,1,0.0,0,7,,,,,144514,23.97,27.06,30.86,34.4,78.86,12.0,23.41,1.1866926,11.0,22.87,1.1217207,10.0,23.79,1.0017488,9.0,23.81,0.873139,15.5,23.509999999999998,3.4011973816621555,0.8362480242006187,0.9162907318741551,1.0033021088637848,1.0986122886681096,46,29.31,25.97,27.23,29.03,0.8,163.8,44.0,21.9,64.86,82.57,78.0,61.71,38.0,37.0,28.0,29.0
2020-11-22,202048,38.0,38,38,38,0.9979758,12.4063,0,2,172100020204819589,2023-08-20,Palmas,2.2223425,306296,1,1.0,1,4,,,,,144514,23.29,27.81,32.56,41.6,70.71,29.0,23.97,2.4548497,12.0,23.41,1.1866926,11.0,22.87,1.1217207,10.0,23.79,1.0017488,22.5,23.385,3.6635616461296463,0.26236426446749084,1.0986122886681096,1.178654996341646,1.2656663733312756,47,27.06,29.31,25.97,27.23,34.4,0.8,163.8,44.0,78.86,64.86,82.57,78.0,37.0,28.0,29.0,16.0
2020-11-29,202049,37.0,37,37,37,0.91252,12.079818,0,2,172100020204919589,2023-08-20,Palmas,1.4065784,306296,1,0.0,1,0,,,,,144514,23.14,28.47,34.13,10.1,67.29,38.0,23.29,2.2223425,29.0,23.97,2.4548497,12.0,23.41,1.1866926,11.0,22.87,1.1217207,29.0,23.4525,3.6375861597263857,-0.02597548640326064,0.2363887780642302,1.072636802264849,1.1526795099383853,48,27.81,27.06,29.31,25.97,41.6,34.4,0.8,163.8,70.71,78.86,64.86,82.57,28.0,29.0,16.0,20.0
2020-12-06,202050,28.0,28,28,28,0.24608076,9.141484,0,2,172100020205019589,2023-08-20,Palmas,0.8398417,306296,1,0.0,0,5,,,,,144514,23.01,26.23,30.73,66.0,82.0,37.0,23.14,1.4065784,38.0,23.29,2.2223425,29.0,23.97,2.4548497,12.0,23.41,1.1866926,33.0,23.3525,3.367295829986474,-0.2702903297399115,-0.29626581614317216,-0.03390155167568132,0.8023464725249374,49,28.47,27.81,27.06,29.31,10.1,41.6,34.4,0.8,67.29,70.71,78.86,64.86,29.0,16.0,20.0,38.0
2020-12-13,202051,29.0,29,29,29,0.26619723,9.467966,0,2,172100020205119589,2023-08-20,Palmas,0.8550265,306296,1,0.0,0,9,,,,,144514,23.73,27.69,32.53,12.6,75.0,28.0,23.01,0.8398417,37.0,23.14,1.4065784,38.0,23.29,2.2223425,29.0,23.97,2.4548497,33.0,23.2925,3.4011973816621555,0.03390155167568132,-0.2363887780642302,-0.26236426446749084,0.0,50,26.23,28.47,27.81,27.06,66.0,10.1,41.6,34.4,82.0,67.29,70.71,78.86,16.0,20.0,38.0,31.0
2020-12-20,202052,16.0,16,16,16,0.016825134,5.2237053,0,2,172100020205219589,2023-08-20,Palmas,0.5300451,306296,1,0.0,0,5,,,,,144514,23.23,25.87,29.87,77.1,85.57,29.0,23.73,0.8550265,28.0,23.01,0.8398417,37.0,23.14,1.4065784,38.0,23.29,2.2223425,27.5,23.2775,2.833213344056216,-0.5679840376059393,-0.534082485930258,-0.8043728156701695,-0.8303483020734301,51,27.69,26.23,28.47,27.81,12.6,66.0,10.1,41.6,75.0,82.0,67.29,70.71,20.0,38.0,31.0,40.0
2020-12-27,202053,20.0,20,20,20,0.20635776,6.5296316,0,1,172100020205319589,2023-08-20,Palmas,0.78536606,306296,0,0.0,0,3,,,,,144514,23.54,28.13,33.47,29.4,72.71,16.0,23.23,0.5300451,29.0,23.73,0.8550265,28.0,23.01,0.8398417,37.0,23.14,1.4065784,23.25,23.377499999999998,3.044522437723423,0.21130909366720685,-0.35667494393873245,-0.32277339226305113,-0.5930637220029626,52,25.87,27.69,26.23,28.47,77.1,12.6,66.0,10.1,85.57,75.0,82.0,67.29,38.0,31.0,40.0,38.0
2021-01-03,202101,38.0,38,38,38,0.9973252,12.4063,0,1,172100020210119684,2023-11-23,Palmas,2.1554527,306296,1,0.0,0,2,,,,,144514,22.87,26.91,31.77,31.3,79.86,20.0,23.54,0.78536606,16.0,23.23,0.5300451,29.0,23.73,0.8550265,28.0,23.01,0.8398417,25.75,23.3425,3.6635616461296463,0.6190392084062233,0.8303483020734301,0.26236426446749084,0.29626581614317216,53,28.13,25.87,27.69,26.23,29.4,77.1,12.6,66.0,72.71,85.57,75.0,82.0,31.0,40.0,38.0,44.0
2021-01-10,202102,31.0,31,31,31,0.96419364,10.120929,0,1,172100020210219684,2023-11-23,Palmas,1.6755252,306296,1,0.0,0,1,,,,,144514,22.51,25.74,30.27,95.3,85.43,38.0,22.87,2.1554527,20.0,23.54,0.78536606,16.0,23.23,0.5300451,29.0,23.73,0.8550265,26.25,23.0375,3.4657359027997265,-0.19782574332991976,0.42121346507630353,0.6325225587435104,0.06453852113757108,1,26.91,28.13,25.87,27.69,31.3,29.4,77.1,12.6,79.86,72.71,85.57,75.0,40.0,38.0,44.0,47.0
2021-01-17,202103,40.0,40,40,40,0.94013983,13.059263,0,2,172100020210319684,2023-11-23,Palmas,1.4626008,306296,1,0.0,0,5,,,,,144514,22.74,26.3,30.57,44.4,81.71,31.0,22.51,1.6755252,38.0,22.87,2.1554527,20.0,23.54,0.78536606,16.0,23.23,0.5300451,32.25,22.915,3.713572066704308,0.2478361639045814,0.05001042057466165,0.6690496289808849,0.8803587226480918,2,25.74,26.91,28.13,25.87,95.3,31.3,29.4,77.1,85.43,79.86,72.71,85.57,38.0,44.0,47.0,59.0
2021-01-24,202104,38.0,38,38,38,0.6939274,12.4063,0,2,172100020210419684,2023-11-23,Palmas,1.1265248,306296,1,0.0,0,7,,,,,144514,23.14,26.81,31.13,31.2,79.57,40.0,22.74,1.4626008,31.0,22.51,1.6755252,38.0,22.87,2.1554527,20.0,23.54,0.78536606,36.75,22.815,3.6635616461296463,-0.05001042057466165,0.19782574332991976,0.0,0.6190392084062233,3,26.3,25.74,26.91,28.13,44.4,95.3,31.3,29.4,81.71,85.43,79.86,72.71,44.0,47.0,59.0,48.0
2021-01-31,202105,44.0,44,44,44,0.7790593,14.36519,0,2,172100020210519684,2023-11-23,Palmas,1.1855448,306296,1,0.0,0,10,,,,,144514,22.79,26.17,30.33,73.9,83.57,38.0,23.14,1.1265248,40.0,22.74,1.4626008,31.0,22.51,1.6755252,38.0,22.87,2.1554527,38.25,22.795,3.8066624897703196,0.14310084364067333,0.09309042306601167,0.3409265869705931,0.14310084364067333,4,26.81,26.3,25.74,26.91,31.2,44.4,95.3,31.3,79.57,81.71,85.43,79.86,47.0,59.0,48.0,51.0
2021-02-07,202106,47.0,47,47,47,0.77921987,15.344634,0,2,172100020210619684,2023-11-23,Palmas,1.1789492,306296,1,0.0,0,13,,,,,144514,23.13,25.56,29.21,98.6,87.14,44.0,22.79,1.1855448,38.0,23.14,1.1265248,40.0,22.74,1.4626008,31.0,22.51,1.6755252,42.25,22.95,3.871201010907891,0.06453852113757153,0.20763936477824485,0.1576289442035832,0.4054651081081646,5,26.17,26.81,26.3,25.74,73.9,31.2,44.4,95.3,83.57,79.57,81.71,85.43,59.0,48.0,51.0,34.0
2021-02-14,202107,59.0,59,59,59,0.9368156,19.262413,0,2,172100020210719684,2023-11-23,Palmas,1.3529453,306296,1,0.0,0,20,,,,,144514,23.26,25.07,27.69,99.3,89.43,47.0,23.13,1.1789492,44.0,22.79,1.1855448,38.0,23.14,1.1265248,40.0,22.74,1.4626008,47.0,23.080000000000002,4.0943445622221,0.22314355131420927,0.2876820724517808,0.4307829160924541,0.38077249551779246,6,25.56,26.17,26.81,26.3,98.6,73.9,31.2,44.4,87.14,83.57,79.57,81.71,48.0,51.0,34.0,38.0
2021-02-21,202108,48.0,48,48,48,0.47969756,15.671116,0,2,172100020210819684,2023-11-23,Palmas,0.9897321,306296,1,0.0,0,20,,,,,144514,22.69,25.29,29.3,116.5,87.43,59.0,23.26,1.3529453,47.0,23.13,1.1789492,44.0,22.79,1.1855448,38.0,23.14,1.1265248,49.5,22.9675,3.8918202981106265,-0.20252426411147395,0.020619287202735315,0.08515780834030684,0.22825865198098017,7,25.07,25.56,26.17,26.81,99.3,98.6,73.9,31.2,89.43,87.14,83.57,79.57,51.0,34.0,38.0,39.0
2021-02-28,202109,51.0,51,51,51,0.46733823,16.65056,0,2,172100020210919684,2023-11-23,Palmas,0.9840285,306296,1,0.0,0,15,,,,,144514,22.84,25.9,30.14,61.8,84.43,48.0,22.69,0.9897321,59.0,23.26,1.3529453,47.0,23.13,1.1789492,44.0,22.79,1.1855448,51.25,22.98,3.9512437185814275,0.05942342047080107,-0.14310084364067288,0.08004270767353638,0.1445812288111079,8,25.29,25.07,25.56,26.17,116.5,99.3,98.6,73.9,87.43,89.43,87.14,83.57,34.0,38.0,39.0,49.0
2021-03-07,202110,34.0,34,34,34,0.036422163,11.100373,0,2,172100020211019684,2023-11-23,Palmas,0.675415,306296,1,0.0,0,13,,,,,144514,22.87,26.44,31.23,70.4,82.86,51.0,22.84,0.9840285,48.0,22.69,0.9897321,59.0,23.26,1.3529453,47.0,23.13,1.1789492,48.0,22.915,3.5553480614894135,-0.395895657092014,-0.33647223662121295,-0.5389965007326869,-0.31585294941847764,9,25.9,25.29,25.07,25.56,61.8,116.5,99.3,98.6,84.43,87.43,89.43,87.14,38.0,39.0,49.0,58.0
2021-03-14,202111,38.0,38,38,38,0.20043811,12.4063,0,2,172100020211119684,2023-11-23,Palmas,0.8326208,306296,1,0.0,0,13,,,,,144514,22.83,25.8,30.37,71.6,85.57,34.0,22.87,0.675415,51.0,22.84,0.9840285,48.0,22.69,0.9897321,59.0,23.26,1.3529453,42.75,22.807499999999997,3.6635616461296463,0.10821358464023279,-0.28768207245178123,-0.22825865198098017,-0.4307829160924541,10,26.44,25.9,25.29,25.07,70.4,61.8,116.5,99.3,82.86,84.43,87.43,89.43,39.0,49.0,58.0,65.0
2021-03-21,202112,39.0,39,39,39,0.45210302,12.732781,0,2,172100020211219684,2023-11-23,Palmas,0.9734308,306296,1,0.0,0,19,,,,,144514,23.01,27.21,31.8,5.4,78.86,38.0,22.83,0.8326208,34.0,22.87,0.675415,51.0,22.84,0.9840285,48.0,22.69,0.9897321,40.5,22.8875,3.6888794541139363,0.025317807984289953,0.13353139262452274,-0.2623642644674913,-0.2029408439966902,11,25.8,26.44,25.9,25.29,71.6,70.4,61.8,116.5,85.57,82.86,84.43,87.43,49.0,58.0,65.0,64.0
2021-03-28,202113,49.0,49,49,49,0.87196296,15.997597,0,2,172100020211319684,2023-11-23,Palmas,1.2745991,306296,1,0.0,0,20,,,,,144514,23.36,26.51,31.2,53.7,84.29,39.0,23.01,0.9734308,38.0,22.83,0.8326208,34.0,22.87,0.675415,51.0,22.84,0.9840285,40.0,23.0175,3.912023005428146,0.2231435513142097,0.24846135929849966,0.35667494393873245,-0.03922071315328157,12,27.21,25.8,26.44,25.9,5.4,71.6,70.4,61.8,78.86,85.57,82.86,84.43,58.0,65.0,64.0,76.0
2021-04-04,202114,58.0,58,58,58,0.9485555,18.935932,0,2,172100020211419684,2023-11-23,Palmas,1.387231,306296,1,0.0,0,25,,,,,144514,23.53,27.83,32.74,1.4,75.57,49.0,23.36,1.2745991,39.0,23.01,0.9734308,38.0,22.83,0.8326208,34.0,22.87,0.675415,46.0,23.182499999999997,4.07753744390572,0.16551443847757374,0.38865798979178345,0.4139757977760734,0.5221893824163062,13,26.51,27.21,25.8,26.44,53.7,5.4,71.6,70.4,84.29,78.86,85.57,82.86,65.0,64.0,76.0,104.0
2021-04-11,202115,65.0,65,65,65,0.93737465,21.221302,0,2,172100020211519684,2023-11-23,Palmas,1.3336622,306296,1,0.0,0,33,,,,,144514,23.06,27.16,31.94,16.7,78.57,58.0,23.53,1.387231,49.0,23.36,1.2745991,39.0,23.01,0.9734308,38.0,22.83,0.8326208,52.75,23.240000000000002,4.189654742026425,0.11211729812070548,0.2776317365982792,0.5007752879124889,0.5260930958967789,14,27.83,26.51,27.21,25.8,1.4,53.7,5.4,71.6,75.57,84.29,78.86,85.57,64.0,76.0,104.0,111.0
2021-04-18,202116,64.0,64,64,64,0.75485384,20.894821,0,2,172100020211619684,2023-11-23,Palmas,1.1335976,306296,1,0.0,0,27,,,,,144514,23.44,25.8,29.06,40.3,85.71,65.0,23.06,1.3336622,58.0,23.53,1.387231,49.0,23.36,1.2745991,39.0,23.01,0.9734308,59.0,23.3475,4.174387269895637,-0.015267472130788384,0.0968498259899171,0.26236426446749084,0.48550781578170055,15,27.16,27.83,26.51,27.21,16.7,1.4,53.7,5.4,78.57,75.57,84.29,78.86,76.0,104.0,111.0,113.0
2021-04-25,202117,76.0,76,76,76,0.8774631,24.8126,0,2,172100020211719684,2023-11-23,Palmas,1.218368,306296,1,0.0,1,31,,,,,144514,22.81,26.16,30.07,37.0,83.29,64.0,23.44,1.1335976,65.0,23.06,1.3336622,58.0,23.53,1.387231,49.0,23.36,1.2745991,65.75,23.21,4.343805421853684,0.16941815195804732,0.15415067982725894,0.2662679779479644,0.43178241642553816,16,25.8,27.16,27.83,26.51,40.3,16.7,1.4,53.7,85.71,78.57,75.57,84.29,104.0,111.0,113.0,113.0
2021-05-02,202118,104.0,104,104,104,0.99662703,33.954082,0,2,172100020211819684,2023-11-23,Palmas,1.5156119,306296,1,1.0,1,47,,,,,144514,22.13,26.89,32.09,0.6,74.86,76.0,22.81,1.218368,64.0,23.44,1.1335976,65.0,23.06,1.3336622,58.0,23.53,1.387231,77.25,22.86,4.653960350157523,0.31015492830383895,0.4795730802618863,0.4643056081310979,0.5764229062518034,17,26.16,25.8,27.16,27.83,37.0,40.3,16.7,1.4,83.29,85.71,78.57,75.57,111.0,113.0,113.0,118.0
2021-05-09,202119,111.0,111,111,111,0.9859164,36.239456,0,1,172100020211919684,2023-11-23,Palmas,1.3748382,306296,0,1.0,1,52,,,,,144514,21.21,26.6,32.57,0.0,70.71,104.0,22.13,1.5156119,76.0,22.81,1.218368,64.0,23.44,1.1335976,65.0,23.06,1.3336622,88.75,22.3975,4.718498871295094,0.06453852113757108,0.37469344944141003,0.5441116013994574,0.528844129268669,18,26.89,26.16,25.8,27.16,0.6,37.0,40.3,16.7,74.86,83.29,85.71,78.57,113.0,113.0,118.0,101.0
2021-05-16,202120,113.0,113,113,113,0.87208205,36.892418,0,1,172100020212019684,2023-11-23,Palmas,1.1698834,306296,0,0.0,1,67,,,,,144514,21.77,27.09,33.44,0.0,69.57,111.0,21.21,1.3748382,104.0,22.13,1.5156119,76.0,22.81,1.218368,64.0,23.44,1.1335976,101.0,21.98,4.736198448394496,0.01769957709940151,0.08223809823697259,0.39239302654081154,0.5618111784988589,19,26.6,26.89,26.16,25.8,0.0,0.6,37.0,40.3,70.71,74.86,83.29,85.71,113.0,118.0,101.0,122.0
2021-05-23,202121,113.0,113,113,113,0.6501307,36.892418,0,1,172100020212119684,2023-11-23,Palmas,1.0532501,306296,0,0.0,1,62,,,,,144514,20.97,26.9,34.13,0.0,66.29,113.0,21.77,1.1698834,111.0,21.21,1.3748382,104.0,22.13,1.5156119,76.0,22.81,1.218368,110.25,21.52,4.736198448394496,0.0,0.01769957709940151,0.08223809823697259,0.39239302654081154,20,27.09,26.6,26.89,26.16,0.0,0.0,0.6,37.0,69.57,70.71,74.86,83.29,118.0,101.0,122.0,119.0
2021-05-30,202122,118.0,118,118,118,0.66358525,38.524826,0,1,172100020212219684,2023-11-23,Palmas,1.0572207,306296,0,0.0,1,67,,,,,144514,20.01,26.71,33.91,0.0,64.86,113.0,20.97,1.0532501,113.0,21.77,1.1698834,111.0,21.21,1.3748382,104.0,22.13,1.5156119,113.75,20.990000000000002,4.77912349311153,0.042925044717033956,0.042925044717033956,0.060624621816435464,0.12516314295400655,21,26.9,27.09,26.6,26.89,0.0,0.0,0.0,0.6,66.29,69.57,70.71,74.86,101.0,122.0,119.0,126.0
2021-06-06,202123,101.0,101,101,101,0.20753929,32.97464,0,1,172100020212319684,2023-11-23,Palmas,0.8946526,306296,0,0.0,1,54,,,,,144514,20.87,26.69,33.6,0.0,65.43,118.0,20.01,1.0572207,113.0,20.97,1.0532501,113.0,21.77,1.1698834,111.0,21.21,1.3748382,111.25,20.905,4.624972813284271,-0.15415067982725894,-0.11122563511022499,-0.11122563511022499,-0.09352605801082348,22,26.71,26.9,27.09,26.6,0.0,0.0,0.0,0.0,64.86,66.29,69.57,70.71,122.0,119.0,126.0,80.0
2021-06-13,202124,122.0,122,122,122,0.74266696,39.830753,0,1,172100020212419684,2023-11-23,Palmas,1.0887922,306296,1,0.0,1,65,,,,,144514,21.34,27.27,33.83,0.0,66.57,101.0,20.87,0.8946526,118.0,20.01,1.0572207,113.0,20.97,1.0532501,113.0,21.77,1.1698834,113.5,20.7975,4.812184355372417,0.1872115420881464,0.03306086226088745,0.0759859069779214,0.0759859069779214,23,26.69,26.71,26.9,27.09,0.0,0.0,0.0,0.0,65.43,64.86,66.29,69.57,119.0,126.0,80.0,90.0
2021-06-20,202125,119.0,119,119,119,0.6918564,38.851307,0,1,172100020212519684,2023-11-23,Palmas,1.0681473,306296,0,0.0,1,62,,,,,144514,20.09,26.69,33.74,0.0,62.57,122.0,21.34,1.0887922,101.0,20.87,0.8946526,118.0,20.01,1.0572207,113.0,20.97,1.0532501,115.0,20.5775,4.787491742782046,-0.024692612590371255,0.16251892949777513,0.008368249670516192,0.05129329438755015,24,27.27,26.69,26.71,26.9,0.0,0.0,0.0,0.0,66.57,65.43,64.86,66.29,126.0,80.0,90.0,75.0
2021-06-27,202126,126.0,126,126,126,0.7488003,41.136677,0,1,172100020212619684,2023-11-23,Palmas,1.0900182,306296,0,0.0,1,55,,,,,144514,17.74,25.03,32.69,0.0,59.29,119.0,20.09,1.0681473,122.0,21.34,1.0887922,101.0,20.87,0.8946526,118.0,20.01,1.0572207,117.0,20.009999999999998,4.844187086458591,0.056695343676545384,0.03200273108617413,0.21921427317432052,0.06506359334706158,25,26.69,27.27,26.69,26.71,0.0,0.0,0.0,0.0,62.57,66.57,65.43,64.86,80.0,90.0,75.0,100.0
2021-07-04,202127,80.0,80,80,80,0.003453251,26.118526,0,1,172100020212719684,2023-11-23,Palmas,0.6791547,306296,0,0.0,1,42,,,,,144514,18.41,25.47,33.21,0.0,58.71,126.0,17.74,1.0900182,119.0,20.09,1.0681473,122.0,21.34,1.0887922,101.0,20.87,0.8946526,111.75,19.395,4.394449154672439,-0.44973793178615207,-0.3930425881096067,-0.41773520069997794,-0.23052365861183155,26,25.03,26.69,27.27,26.69,0.0,0.0,0.0,0.0,59.29,62.57,66.57,65.43,90.0,75.0,100.0,88.0
2021-07-11,202128,90.0,90,90,90,0.07486153,29.38334,0,1,172100020212819684,2023-11-23,Palmas,0.81574523,306296,0,0.0,1,51,,,,,144514,18.49,26.19,33.96,0.0,58.43,80.0,18.41,0.6791547,126.0,17.74,1.0900182,119.0,20.09,1.0681473,122.0,21.34,1.0887922,103.75,18.682499999999997,4.51085950651685,0.11641035184441062,-0.33332757994174145,-0.27663223626519606,-0.3013248488555673,27,25.47,25.03,26.69,27.27,0.0,0.0,0.0,0.0,58.71,59.29,62.57,66.57,75.0,100.0,88.0,71.0
2021-07-18,202129,75.0,75,75,75,0.060007606,24.486118,0,1,172100020212919684,2023-11-23,Palmas,0.787735,306296,0,0.0,1,47,,,,,144514,19.3,26.73,34.6,0.0,51.86,90.0,18.49,0.81574523,80.0,18.41,0.6791547,126.0,17.74,1.0900182,119.0,20.09,1.0681473,92.75,18.485,4.330733340286331,-0.1801261662305187,-0.06371581438610807,-0.5134537461722601,-0.45675840249571475,28,26.19,25.47,25.03,26.69,0.0,0.0,0.0,0.0,58.43,58.71,59.29,62.57,100.0,88.0,71.0,88.0
2021-07-25,202130,100.0,100,100,100,0.8455203,32.64816,0,1,172100020213019684,2023-11-23,Palmas,1.160684,306296,0,0.0,1,43,,,,,144514,19.36,26.83,34.57,0.0,52.0,75.0,19.3,0.787735,90.0,18.49,0.81574523,80.0,18.41,0.6791547,126.0,17.74,1.0900182,86.25,18.89,4.61512051684126,0.2843871765549286,0.10426101032440993,0.22067136216882055,-0.22906656961733152,29,26.73,26.19,25.47,25.03,0.0,0.0,0.0,0.0,51.86,58.43,58.71,59.29,88.0,71.0,88.0,72.0
2021-08-01,202131,88.0,88,88,88,0.5742414,28.73038,0,1,172100020213119684,2023-11-23,Palmas,1.0287571,306296,0,0.0,1,44,,,,,144514,19.9,26.6,33.96,0.0,49.57,100.0,19.36,1.160684,75.0,19.3,0.787735,90.0,18.49,0.81574523,80.0,18.41,0.6791547,88.25,19.2625,4.48863636973214,-0.12648414710912004,0.15790302944580858,-0.022223136784710107,0.09418721505970051,30,26.83,26.73,26.19,25.47,0.0,0.0,0.0,0.0,52.0,51.86,58.43,58.71,71.0,88.0,72.0,71.0
2021-08-08,202132,71.0,71,71,71,0.08330942,23.180191,0,1,172100020213219684,2023-11-23,Palmas,0.80317116,306296,0,0.0,1,26,,,,,144514,18.94,27.24,35.33,0.0,49.57,88.0,19.9,1.0287571,100.0,19.36,1.160684,75.0,19.3,0.787735,90.0,18.49,0.81574523,83.5,19.375,4.276666119016055,-0.21197025071608433,-0.33845439782520437,-0.054067221270275745,-0.23419338750079444,31,26.6,26.83,26.73,26.19,0.0,0.0,0.0,0.0,49.57,52.0,51.86,58.43,88.0,72.0,71.0,75.0
2021-08-15,202133,88.0,88,88,88,0.56960905,28.73038,0,1,172100020213319684,2023-11-23,Palmas,1.0269073,306296,0,0.0,1,50,,,,,144514,19.31,27.34,35.27,0.0,42.57,71.0,18.94,0.80317116,88.0,19.9,1.0287571,100.0,19.36,1.160684,75.0,19.3,0.787735,86.75,19.377499999999998,4.48863636973214,0.21197025071608433,0.0,-0.12648414710912004,0.15790302944580858,32,27.24,26.6,26.83,26.73,0.0,0.0,0.0,0.0,49.57,49.57,52.0,51.86,72.0,71.0,75.0,85.0
2021-08-22,202134,72.0,72,72,72,0.24391903,23.506674,0,1,172100020213419684,2023-11-23,Palmas,0.8939352,306296,0,0.0,1,37,,,,,144514,21.79,29.14,36.76,0.0,44.71,88.0,19.31,1.0269073,71.0,18.94,0.80317116,88.0,19.9,1.0287571,100.0,19.36,1.160684,79.75,19.985,4.290459441148391,-0.1981769285837487,0.01379332213233564,-0.1981769285837487,-0.32466107569286873,33,27.34,27.24,26.6,26.83,0.0,0.0,0.0,0.0,42.57,49.57,49.57,52.0,71.0,75.0,85.0,70.0
2021-08-29,202135,71.0,71,71,71,0.26272884,23.180191,0,1,172100020213519684,2023-11-23,Palmas,0.90162563,306296,0,0.0,1,30,,,,,144514,23.06,29.13,35.2,0.1,50.0,72.0,21.79,0.8939352,88.0,19.31,1.0269073,71.0,18.94,0.80317116,88.0,19.9,1.0287571,75.5,20.775,4.276666119016055,-0.01379332213233564,-0.21197025071608433,0.0,-0.21197025071608433,34,29.14,27.34,27.24,26.6,0.0,0.0,0.0,0.0,44.71,42.57,49.57,49.57,75.0,85.0,70.0,52.0
2021-09-05,202136,75.0,75,75,75,0.48424077,24.486118,0,1,172100020213619684,2023-11-23,Palmas,0.9935964,306296,0,0.0,1,43,,,,,144514,23.36,29.84,36.6,0.3,54.71,71.0,23.06,0.90162563,72.0,21.79,0.8939352,88.0,19.31,1.0269073,71.0,18.94,0.80317116,76.5,21.88,4.330733340286331,0.054067221270275745,0.040273899137940106,-0.15790302944580858,0.054067221270275745,35,29.13,29.14,27.34,27.24,0.1,0.0,0.0,0.0,50.0,44.71,42.57,49.57,85.0,70.0,52.0,54.0
2021-09-12,202137,85.0,85,85,85,0.8188964,27.750935,0,1,172100020213719684,2023-11-23,Palmas,1.1554939,306296,0,0.0,1,47,,,,,144514,23.17,30.19,36.8,0.0,49.29,75.0,23.36,0.9935964,71.0,23.06,0.90162563,72.0,21.79,0.8939352,88.0,19.31,1.0269073,75.75,22.845,4.454347296253507,0.12361395596717628,0.17768117723745203,0.1638878551051164,-0.034289073478632304,36,29.84,29.13,29.14,27.34,0.3,0.1,0.0,0.0,54.71,50.0,44.71,42.57,70.0,52.0,54.0,82.0
2021-09-19,202138,70.0,70,70,70,0.31687957,22.85371,0,1,172100020213819684,2023-11-23,Palmas,0.9242821,306296,0,0.0,0,34,,,,,144514,24.03,29.7,36.2,8.0,56.71,85.0,23.17,1.1554939,75.0,23.36,0.9935964,71.0,23.06,0.90162563,72.0,21.79,0.8939352,75.25,23.405,4.2626798770413155,-0.19166741921219188,-0.0680534632450156,-0.013986241974739855,-0.027779564107075494,37,30.19,29.84,29.13,29.14,0.0,0.3,0.1,0.0,49.29,54.71,50.0,44.71,52.0,54.0,82.0,97.0
2021-09-26,202139,52.0,52,52,52,0.016501965,16.977041,0,1,172100020213919684,2023-11-23,Palmas,0.6845013,306296,1,0.0,0,31,,,,,144514,23.47,27.67,32.94,17.7,72.29,70.0,24.03,0.9242821,85.0,23.17,1.1554939,75.0,23.36,0.9935964,71.0,23.06,0.90162563,70.5,23.5075,3.970291913552122,-0.2923879634891935,-0.4840553827013854,-0.3604414267342091,-0.30637420546393335,38,29.7,30.19,29.84,29.13,8.0,0.0,0.3,0.1,56.71,49.29,54.71,50.0,54.0,82.0,97.0,96.0
2021-10-03,202140,54.0,54,54,54,0.09601742,17.630005,0,1,172100020214019684,2023-11-23,Palmas,0.7898754,306296,0,0.0,0,25,,,,,144514,24.09,29.49,35.37,0.2,64.57,52.0,23.47,0.6845013,70.0,24.03,0.9242821,85.0,23.17,1.1554939,75.0,23.36,0.9935964,65.25,23.69,4.007333185232471,0.03704127168034921,-0.2553466918088443,-0.44701411102103616,-0.3234001550538599,39,27.67,29.7,30.19,29.84,17.7,8.0,0.0,0.3,72.29,56.71,49.29,54.71,82.0,97.0,96.0,130.0
2021-10-10,202141,82.0,82,82,82,0.9675226,26.771488,0,1,172100020214119684,2023-11-23,Palmas,1.3642143,306296,1,1.0,1,41,,,,,144514,23.67,27.37,32.33,51.0,78.14,54.0,24.09,0.7898754,52.0,23.47,0.6845013,70.0,24.03,0.9242821,85.0,23.17,1.1554939,64.5,23.815,4.418840607796598,0.4115074225641271,0.4485486942444763,0.1561607307552828,-0.035506688456909075,40,29.49,27.67,29.7,30.19,0.2,17.7,8.0,0.0,64.57,72.29,56.71,49.29,97.0,96.0,130.0,147.0
2021-10-17,202142,97.0,97,97,97,0.99623597,31.668713,0,1,172100020214219684,2023-11-23,Palmas,1.5306854,306296,1,1.0,1,54,,,,,144514,23.24,26.89,31.67,66.7,79.0,82.0,23.67,1.3642143,54.0,24.09,0.7898754,52.0,23.47,0.6845013,70.0,24.03,0.9242821,71.25,23.6175,4.584967478670572,0.16612687087397404,0.5776342934381011,0.6146755651184503,0.32228760162925685,41,27.37,29.49,27.67,29.7,51.0,0.2,17.7,8.0,78.14,64.57,72.29,56.71,96.0,130.0,147.0,247.0
2021-10-24,202143,96.0,96,96,96,0.9198629,31.342232,0,2,172100020214319684,2023-11-23,Palmas,1.2377,306296,1,0.0,1,64,,,,,144514,23.71,27.97,32.76,29.1,74.71,97.0,23.24,1.5306854,82.0,23.67,1.3642143,54.0,24.09,0.7898754,52.0,23.47,0.6845013,82.25,23.677500000000002,4.574710978503383,-0.010256500167189486,0.15587037070678456,0.5673777932709116,0.6044190649512609,42,26.89,27.37,29.49,27.67,66.7,51.0,0.2,17.7,79.0,78.14,64.57,72.29,130.0,147.0,247.0,301.0
2021-10-31,202144,130.0,130,130,130,0.9948528,42.442604,0,2,172100020214419684,2023-11-23,Palmas,1.4139276,306296,1,1.0,1,80,,,,,144514,23.14,25.71,29.49,80.3,85.71,96.0,23.71,1.2377,97.0,23.24,1.5306854,82.0,23.67,1.3642143,54.0,24.09,0.7898754,101.25,23.44,4.875197323201151,0.30048634469776836,0.2902298445305789,0.4563567154045529,0.86786413796868,43,27.97,26.89,27.37,29.49,29.1,66.7,51.0,0.2,74.71,79.0,78.14,64.57,147.0,247.0,301.0,468.0
2021-11-07,202145,147.0,147,147,147,0.99532366,47.99279,0,2,172100020214519684,2023-11-23,Palmas,1.3889397,306296,1,1.0,1,102,,,,,144514,23.39,26.06,29.86,86.8,86.43,130.0,23.14,1.4139276,96.0,23.71,1.2377,97.0,23.24,1.5306854,82.0,23.67,1.3642143,117.5,23.37,4.997212273764115,0.12201495056296352,0.4225012952607319,0.4122447950935424,0.5783716659675164,44,25.71,27.97,26.89,27.37,80.3,29.1,66.7,51.0,85.71,74.71,79.0,78.14,247.0,301.0,468.0,597.0
2021-11-14,202146,247.0,247,247,247,1.0,80.640945,0,3,172100020214619684,2023-11-23,Palmas,1.9057908,306296,1,1.0,1,169,,,,,144514,23.21,26.53,30.74,98.3,84.71,147.0,23.39,1.3889397,130.0,23.14,1.4139276,96.0,23.71,1.2377,97.0,23.24,1.5306854,155.0,23.3625,5.5134287461649825,0.5162164724008678,0.6382314229638313,0.9387177676615996,0.9284612674944102,45,26.06,25.71,27.97,26.89,86.8,80.3,29.1,66.7,86.43,85.71,74.71,79.0,301.0,468.0,597.0,873.0
2021-11-21,202147,301.0,301,301,301,1.0,98.27095,0,3,172100020214719684,2023-11-23,Palmas,1.7526205,306296,1,1.0,2,216,,,,,144514,23.07,26.73,30.89,88.5,84.0,247.0,23.21,1.9057908,147.0,23.39,1.3889397,130.0,23.14,1.4139276,96.0,23.71,1.2377,206.25,23.2025,5.71042701737487,0.19699827120988722,0.713214743610755,0.8352296941737185,1.1357160388714869,46,26.53,26.06,25.71,27.97,98.3,86.8,80.3,29.1,84.71,86.43,85.71,74.71,468.0,597.0,873.0,446.0
2021-11-28,202148,468.0,468,468,468,1.0,152.79338,0,4,172100020214819684,2023-11-23,Palmas,1.9527111,306296,1,1.0,2,351,,,,,144514,23.31,26.36,30.33,99.8,85.14,301.0,23.07,1.7526205,247.0,23.21,1.9057908,147.0,23.39,1.3889397,130.0,23.14,1.4139276,290.75,23.244999999999997,6.150602768446279,0.4401757510714095,0.6371740222812967,1.1533904946821645,1.275405445245128,47,26.73,26.53,26.06,25.71,88.5,98.3,86.8,80.3,84.0,84.71,86.43,85.71,597.0,873.0,446.0,87.0
2021-12-05,202149,597.0,597,597,597,1.0,194.9095,0,4,172100020214919684,2023-11-23,Palmas,1.788233,306296,1,1.0,2,499,,,,,144514,23.79,26.26,29.91,120.5,87.14,468.0,23.31,1.9527111,301.0,23.07,1.7526205,247.0,23.21,1.9057908,147.0,23.39,1.3889397,403.25,23.345,6.393590753950631,0.2429879855043522,0.6831637365757617,0.8801620077856489,1.3963784801865167,48,26.36,26.73,26.53,26.06,99.8,88.5,98.3,86.8,85.14,84.0,84.71,86.43,873.0,446.0,87.0,1248.0
2021-12-12,202150,873.0,873,873,873,1.0,285.0184,0,4,172100020215019684,2023-11-23,Palmas,1.87688,306296,1,1.0,2,858,,,,,144514,23.9,26.9,30.91,65.9,84.57,597.0,23.79,1.788233,468.0,23.31,1.9527111,301.0,23.07,1.7526205,247.0,23.21,1.9057908,559.75,23.5175,6.773080375655535,0.37948962170490397,0.6224776072092562,1.0626533582806656,1.2596516294905529,49,26.26,26.36,26.73,26.53,120.5,99.8,88.5,98.3,87.14,85.14,84.0,84.71,446.0,87.0,1248.0,1030.0
2021-12-19,202151,446.0,446,446,446,5.0417026e-07,145.61078,0,4,172100020215119684,2023-11-23,Palmas,0.7382919,306296,1,0.0,2,443,,,,,144514,23.51,25.59,28.36,130.1,89.0,873.0,23.9,1.87688,597.0,23.79,1.788233,468.0,23.31,1.9527111,301.0,23.07,1.7526205,596.0,23.627499999999998,6.102558594613569,-0.6705217810419661,-0.29103215933706217,-0.04804417383270998,0.3921315772386995,50,26.9,26.26,26.36,26.73,65.9,120.5,99.8,88.5,84.57,87.14,85.14,84.0,87.0,1248.0,1030.0,946.0
2021-12-26,202152,87.0,87,87,87,0.0,28.403896,0,2,172100020215219684,2023-11-23,Palmas,0.13766164,306296,1,0.0,1,87,,,,,144514,23.01,25.33,28.24,184.5,88.29,446.0,23.51,0.7382919,873.0,23.9,1.87688,597.0,23.79,1.788233,468.0,23.31,1.9527111,500.75,23.5525,4.477336814478207,-1.6252217801353623,-2.2957435611773285,-1.9162539394724245,-1.6732659539680723,51,25.59,26.9,26.26,26.36,130.1,65.9,120.5,99.8,89.0,84.57,87.14,85.14,1248.0,1030.0,946.0,901.0
2022-01-02,202201,1248.0,1248,1248,1248,1.0,407.449,0,2,172100020220119684,2023-11-23,Palmas,2.4377465,306296,1,1.0,2,760,,,,,144514,23.5,25.59,28.37,115.2,88.86,87.0,23.01,0.13766164,446.0,23.51,0.7382919,873.0,23.9,1.87688,597.0,23.79,1.788233,663.5,23.48,7.130098510125578,2.6527616956473707,1.0275399155120084,0.35701813447004227,0.7365077561749462,52,25.33,25.59,26.9,26.26,184.5,130.1,65.9,120.5,88.29,89.0,84.57,87.14,1030.0,946.0,901.0,892.0
2022-01-09,202202,1030.0,1030,1030,1030,1.0,336.27603,0,4,172100020220219684,2023-11-23,Palmas,1.8725227,306296,0,1.0,2,651,,,,,144514,22.3,25.66,29.79,52.7,85.57,1248.0,23.5,2.4377465,87.0,23.01,0.13766164,446.0,23.51,0.7382919,873.0,23.9,1.87688,702.75,23.080000000000002,6.93828448401696,-0.19181402610861742,2.4609476695387533,0.835725889403391,0.16520410836142485,1,25.59,25.33,25.59,26.9,115.2,184.5,130.1,65.9,88.86,88.29,89.0,84.57,946.0,901.0,892.0,798.0
2022-01-16,202203,946.0,946,946,946,0.9901674,308.85156,0,4,172100020220319684,2023-11-23,Palmas,1.1165321,306296,1,1.0,2,590,,,,,144514,22.9,27.29,32.44,31.6,77.43,1030.0,22.3,1.8725227,1248.0,23.5,2.4377465,87.0,23.01,0.13766164,446.0,23.51,0.7382919,827.75,22.927500000000002,6.853299093186078,-0.08498539083088197,-0.2767994169394994,2.3759622787078714,0.750740498572509,2,25.66,25.59,25.33,25.59,52.7,115.2,184.5,130.1,85.57,88.86,88.29,89.0,901.0,892.0,798.0,695.0
2022-01-23,202204,901.0,901,901,901,0.0135632,294.1599,0,4,172100020220419684,2023-11-23,Palmas,0.90350115,306296,1,0.0,2,585,,,,,144514,22.7,25.53,29.77,105.5,85.71,946.0,22.9,1.1165321,1030.0,22.3,1.8725227,1248.0,23.5,2.4377465,87.0,23.01,0.13766164,1031.25,22.85,6.804614520062624,-0.0486845731234542,-0.13366996395433617,-0.3254839900629536,2.327277705584417,3,27.29,25.66,25.59,25.33,31.6,52.7,115.2,184.5,77.43,85.57,88.86,88.29,892.0,798.0,695.0,542.0
2022-01-30,202205,892.0,892,892,892,0.055348154,291.22156,0,4,172100020220519684,2023-11-23,Palmas,0.92855525,306296,1,0.0,2,582,,,,,144514,23.14,26.6,30.69,19.9,82.71,901.0,22.7,0.90350115,946.0,22.9,1.1165321,1030.0,22.3,1.8725227,1248.0,23.5,2.4377465,942.25,22.759999999999998,6.794586580876499,-0.010027939186125323,-0.05871251230957952,-0.1436979031404615,-0.3355119292490789,4,25.53,27.29,25.66,25.59,105.5,31.6,52.7,115.2,85.71,77.43,85.57,88.86,798.0,695.0,542.0,545.0
2022-02-06,202206,798.0,798,798,798,0.0037385805,260.5323,0,4,172100020220619684,2023-11-23,Palmas,0.8784406,306296,1,0.0,2,531,,,,,144514,23.11,26.11,30.39,127.2,85.71,892.0,23.14,0.92855525,901.0,22.7,0.90350115,946.0,22.9,1.1165321,1030.0,22.3,1.8725227,884.25,22.9625,6.683360945766275,-0.1112256351102241,-0.12125357429634942,-0.16993814741980362,-0.2549235382506856,5,26.6,25.53,27.29,25.66,19.9,105.5,31.6,52.7,82.71,85.71,77.43,85.57,695.0,542.0,545.0,592.0
2022-02-13,202207,695.0,695,695,695,1.3556194e-05,226.9047,0,4,172100020220719684,2023-11-23,Palmas,0.80786157,306296,1,0.0,2,428,,,,,144514,22.99,25.84,29.67,136.5,86.57,798.0,23.11,0.8784406,892.0,23.14,0.92855525,901.0,22.7,0.90350115,946.0,22.9,1.1165321,821.5,22.985,6.54534966033442,-0.1380112854318547,-0.2492369205420788,-0.2592648597282041,-0.3079494328516583,6,26.11,26.6,25.53,27.29,127.2,19.9,105.5,31.6,85.71,82.71,85.71,77.43,542.0,545.0,592.0,613.0
2022-02-20,202208,542.0,542,542,542,1.18056676e-11,176.95302,0,4,172100020220819684,2023-11-23,Palmas,0.69079375,306296,1,0.0,2,310,,,,,144514,23.36,26.96,31.17,54.3,82.71,695.0,22.99,0.80786157,798.0,23.11,0.8784406,892.0,23.14,0.92855525,901.0,22.7,0.90350115,731.75,23.150000000000002,6.297109319933935,-0.2482403404004847,-0.3862516258323394,-0.4974772609425635,-0.5075052001286888,7,25.84,26.11,26.6,25.53,136.5,127.2,19.9,105.5,86.57,85.71,82.71,85.71,545.0,592.0,613.0,595.0
2022-02-27,202209,545.0,545,545,545,3.919467e-05,177.93246,0,4,172100020220919684,2023-11-23,Palmas,0.7977027,306296,1,0.0,2,307,,,,,144514,23.13,26.43,30.49,52.2,83.29,542.0,23.36,0.69079375,695.0,22.99,0.80786157,798.0,23.11,0.8784406,892.0,23.14,0.92855525,645.0,23.1475,6.302618975744905,0.00550965581096996,-0.24273068458951474,-0.38074197002136945,-0.49196760513159354,8,26.96,25.84,26.11,26.6,54.3,136.5,127.2,19.9,82.71,86.57,85.71,82.71,592.0,613.0,595.0,688.0
2022-03-06,202210,592.0,592,592,592,0.46076667,193.27708,0,4,172100020221019684,2023-11-23,Palmas,0.99430114,306296,1,0.0,2,304,,,,,144514,23.24,26.21,30.41,69.3,86.29,545.0,23.13,0.7977027,542.0,23.36,0.69079375,695.0,22.99,0.80786157,798.0,23.11,0.8784406,593.5,23.179999999999996,6.385194398997726,0.08257542325282063,0.0880850790637906,-0.1601552613366941,-0.2981665467685488,9,26.43,26.96,25.84,26.11,52.2,54.3,136.5,127.2,83.29,82.71,86.57,85.71,613.0,595.0,688.0,756.0
2022-03-13,202211,613.0,613,613,613,0.9141276,200.13321,0,4,172100020221119684,2023-11-23,Palmas,1.0828555,306296,1,0.0,2,307,,,,,144514,23.26,26.64,31.04,61.0,84.71,592.0,23.24,0.99430114,545.0,23.13,0.7977027,542.0,23.36,0.69079375,695.0,22.99,0.80786157,573.0,23.2475,6.419994928147142,0.03480052914941645,0.11737595240223708,0.12288560821320704,-0.12535473218727766,10,26.21,26.43,26.96,25.84,69.3,52.2,54.3,136.5,86.29,83.29,82.71,86.57,595.0,688.0,756.0,754.0
2022-03-20,202212,595.0,595,595,595,0.65902686,194.25653,0,4,172100020221219684,2023-11-23,Palmas,1.0241811,306296,1,0.0,2,316,,,,,144514,23.44,26.69,30.84,24.9,84.71,613.0,23.26,1.0828555,592.0,23.24,0.99430114,545.0,23.13,0.7977027,542.0,23.36,0.69079375,586.25,23.2675,6.39024066706535,-0.029754261081792244,0.0050462680676242044,0.08762169132044484,0.0931313471314148,11,26.64,26.21,26.43,26.96,61.0,69.3,52.2,54.3,84.71,86.29,83.29,82.71,688.0,756.0,754.0,882.0
2022-03-27,202213,688.0,688,688,688,0.9924422,224.61932,0,4,172100020221319684,2023-11-23,Palmas,1.1450675,306296,1,1.0,2,357,,,,,144514,23.2,26.43,31.06,23.4,86.0,595.0,23.44,1.0241811,613.0,23.26,1.0828555,592.0,23.24,0.99430114,545.0,23.13,0.7977027,622.0,23.285,6.535241271013659,0.14500060394830872,0.11524634286651647,0.15004687201593292,0.23262229526875355,12,26.69,26.64,26.21,26.43,24.9,61.0,69.3,52.2,84.71,84.71,86.29,83.29,756.0,754.0,882.0,857.0
2022-04-03,202214,756.0,756,756,756,0.99972975,246.82007,0,4,172100020221419684,2023-11-23,Palmas,1.2048897,306296,1,1.0,2,424,,,,,144514,23.61,27.91,33.0,2.7,78.57,688.0,23.2,1.1450675,595.0,23.44,1.0241811,613.0,23.26,1.0828555,592.0,23.24,0.99430114,663.0,23.3775,6.6293632534374485,0.09412198242378977,0.2391225863720985,0.20936832529030625,0.2441688544397227,13,26.43,26.69,26.64,26.21,23.4,24.9,61.0,69.3,86.0,84.71,84.71,86.29,754.0,882.0,857.0,866.0
2022-04-10,202215,754.0,754,754,754,0.97792894,246.1671,0,4,172100020221519684,2023-11-23,Palmas,1.1122949,306296,1,1.0,2,408,,,,,144514,23.8,27.39,32.07,49.4,82.29,756.0,23.61,1.2048897,688.0,23.2,1.1450675,595.0,23.44,1.0241811,613.0,23.26,1.0828555,698.25,23.5125,6.626717749249025,-0.0026455041884236863,0.09147647823536609,0.2364770821836748,0.20672282110188256,14,27.91,26.43,26.69,26.64,2.7,23.4,24.9,61.0,78.57,86.0,84.71,84.71,882.0,857.0,866.0,925.0
2022-04-17,202216,882.0,882,882,882,0.9998962,287.95676,0,4,172100020221619684,2023-11-23,Palmas,1.2031698,306296,1,1.0,2,470,,,,,144514,23.56,26.9,31.11,38.9,83.71,754.0,23.8,1.1122949,756.0,23.61,1.2048897,688.0,23.2,1.1450675,595.0,23.44,1.0241811,770.0,23.5425,6.78332520060396,0.15660745135493492,0.15396194716651124,0.248083929590301,0.3930845335386097,15,27.39,27.91,26.43,26.69,49.4,2.7,23.4,24.9,82.29,78.57,86.0,84.71,857.0,866.0,925.0,773.0
2022-04-24,202217,857.0,857,857,857,0.9656842,279.7947,0,4,172100020221719684,2023-11-23,Palmas,1.0941081,306296,1,1.0,2,436,,,,,144514,21.47,27.24,33.11,0.7,74.86,882.0,23.56,1.2031698,754.0,23.8,1.1122949,756.0,23.61,1.2048897,688.0,23.2,1.1450675,812.25,23.11,6.754604099487962,-0.02872110111599735,0.12788635023893757,0.1252408460505139,0.21936282847430366,16,26.9,27.39,27.91,26.43,38.9,49.4,2.7,23.4,83.71,82.29,78.57,86.0,866.0,925.0,773.0,703.0
2022-05-01,202218,866.0,866,866,866,0.7927212,282.73303,0,4,172100020221819684,2023-11-23,Palmas,1.040384,306296,1,0.0,2,410,,,,,144514,22.19,27.44,33.69,5.2,74.86,857.0,21.47,1.0941081,882.0,23.56,1.2031698,754.0,23.8,1.1122949,756.0,23.61,1.2048897,839.75,22.755,6.7650389767805414,0.010434877292579081,-0.01828622382341827,0.13832122753151666,0.13567572334309297,17,27.24,26.9,27.39,27.91,0.7,38.9,49.4,2.7,74.86,83.71,82.29,78.57,925.0,773.0,703.0,782.0
2022-05-08,202219,925.0,925,925,925,0.94112426,301.99545,0,4,172100020221919684,2023-11-23,Palmas,1.0768929,306296,0,0.0,2,434,,,,,144514,21.13,27.14,33.73,0.0,70.0,866.0,22.19,1.040384,857.0,21.47,1.0941081,882.0,23.56,1.2031698,754.0,23.8,1.1122949,882.5,22.0875,6.8308742346461795,0.06583525786563804,0.07627013515821712,0.04754903404221977,0.2041564853971547,18,27.44,27.24,26.9,27.39,5.2,0.7,38.9,49.4,74.86,74.86,83.71,82.29,773.0,703.0,782.0,608.0
2022-05-15,202220,773.0,773,773,773,0.0086148735,252.37025,0,4,172100020222019684,2023-11-23,Palmas,0.88904256,306296,0,0.0,2,376,,,,,144514,19.7,25.44,31.74,7.6,65.0,925.0,21.13,1.0768929,866.0,22.19,1.040384,857.0,21.47,1.0941081,882.0,23.56,1.2031698,855.25,21.1225,6.651571873589727,-0.17930236105645214,-0.1134671031908141,-0.10303222589823502,-0.13175332701423237,19,27.14,27.44,27.24,26.9,0.0,5.2,0.7,38.9,70.0,74.86,74.86,83.71,703.0,782.0,608.0,479.0
2022-05-22,202221,703.0,703,703,703,6.481854e-05,229.51654,0,4,172100020222119684,2023-11-23,Palmas,0.8233311,306296,0,0.0,2,360,,,,,144514,20.11,26.41,32.89,0.0,66.57,773.0,19.7,0.88904256,925.0,21.13,1.0768929,866.0,22.19,1.040384,857.0,21.47,1.0941081,816.75,20.7825,6.556778356158042,-0.09479351743168518,-0.2740958784881373,-0.20826062062249928,-0.1978257433299202,20,25.44,27.14,27.44,27.24,7.6,0.0,5.2,0.7,65.0,70.0,74.86,74.86,782.0,608.0,479.0,451.0
2022-05-29,202222,782.0,782,782,782,0.3697203,255.3086,0,4,172100020222219684,2023-11-23,Palmas,0.9833941,306296,0,0.0,2,360,,,,,144514,20.73,27.16,34.29,0.1,63.86,703.0,20.11,0.8233311,773.0,19.7,0.88904256,925.0,21.13,1.0768929,866.0,22.19,1.040384,795.75,20.4175,6.663132695990803,0.10635433983276066,0.011560822401075477,-0.16774153865537667,-0.10190628078973862,21,26.41,25.44,27.14,27.44,0.0,7.6,0.0,5.2,66.57,65.0,70.0,74.86,608.0,479.0,451.0,371.0
2022-06-05,202223,608.0,608,608,608,0.00011276321,198.5008,0,4,172100020222319684,2023-11-23,Palmas,0.8178165,306296,0,0.0,2,284,,,,,144514,19.77,26.6,34.01,0.0,62.0,782.0,20.73,0.9833941,703.0,20.11,0.8233311,773.0,19.7,0.88904256,925.0,21.13,1.0768929,716.5,20.0775,6.411818267709897,-0.25131442828090567,-0.144960088448145,-0.2397536058798302,-0.41905596693628233,22,27.16,26.41,25.44,27.14,0.1,0.0,7.6,0.0,63.86,66.57,65.0,70.0,479.0,451.0,371.0,306.0
2022-06-12,202224,479.0,479,479,479,4.449574e-11,156.38467,0,4,172100020222419684,2023-11-23,Palmas,0.6833,306296,0,0.0,2,233,,,,,144514,19.96,26.37,33.46,0.8,67.29,608.0,19.77,0.8178165,782.0,20.73,0.9833941,703.0,20.11,0.8233311,773.0,19.7,0.88904256,643.0,20.1425,6.173786103901937,-0.23803216380796055,-0.4893465920888662,-0.38299225225610556,-0.47778576968779074,23,26.6,27.16,26.41,25.44,0.0,0.1,0.0,7.6,62.0,63.86,66.57,65.0,451.0,371.0,306.0,271.0
2022-06-19,202225,451.0,451,451,451,2.9661638e-07,147.2432,0,4,172100020222519684,2023-11-23,Palmas,0.73508024,306296,0,0.0,2,203,,,,,144514,19.07,26.39,34.06,0.0,60.0,479.0,19.96,0.6833,608.0,19.77,0.8178165,782.0,20.73,0.9833941,703.0,20.11,0.8233311,580.0,19.8825,6.113682179832232,-0.060103924069704995,-0.29813608787766555,-0.5494505161585712,-0.44309617632581055,24,26.37,26.6,27.16,26.41,0.8,0.0,0.1,0.0,67.29,62.0,63.86,66.57,371.0,306.0,271.0,195.0
2022-06-26,202226,371.0,371,371,371,8.644435e-07,121.124664,0,4,172100020222619684,2023-11-23,Palmas,0.7234615,306296,0,0.0,2,189,,,,,144514,17.46,25.49,33.71,0.0,59.29,451.0,19.07,0.73508024,479.0,19.96,0.6833,608.0,19.77,0.8178165,782.0,20.73,0.9833941,477.25,19.065,5.918893854273146,-0.19478832555908543,-0.2548922496287904,-0.492924413436751,-0.7442388417176566,25,26.39,26.37,26.6,27.16,0.0,0.8,0.0,0.1,60.0,67.29,62.0,63.86,306.0,271.0,195.0,196.0
2022-07-03,202227,306.0,306,306,306,5.523532e-07,99.90336,0,4,172100020222719684,2023-11-23,Palmas,0.69782275,306296,0,0.0,2,152,,,,,144514,19.0,26.04,33.5,0.0,56.29,371.0,17.46,0.7234615,451.0,19.07,0.73508024,479.0,19.96,0.6833,608.0,19.77,0.8178165,401.75,18.872500000000002,5.726847747587197,-0.19204610668594935,-0.3868344322450348,-0.44693835631473977,-0.6849705201227003,26,25.49,26.39,26.37,26.6,0.0,0.0,0.8,0.0,59.29,60.0,67.29,62.0,271.0,195.0,196.0,173.0
2022-07-10,202228,271.0,271,271,271,2.2113125e-05,88.47651,0,1,172100020222819684,2023-11-23,Palmas,0.72368383,306296,0,0.0,1,124,,,,,144514,18.91,26.3,33.71,0.0,55.86,306.0,19.0,0.69782275,371.0,17.46,0.7234615,451.0,19.07,0.73508024,479.0,19.96,0.6833,349.75,18.61,5.605802066295998,-0.12104568129119908,-0.31309178797714843,-0.5078801135362339,-0.5679840376059389,27,26.04,25.49,26.39,26.37,0.0,0.0,0.0,0.8,56.29,59.29,60.0,67.29,195.0,196.0,173.0,190.0
2022-07-17,202229,195.0,195,195,195,5.0879805e-08,63.663906,0,1,172100020222919684,2023-11-23,Palmas,0.62002176,306296,0,0.0,1,93,,,,,144514,18.24,26.11,33.74,0.0,52.57,271.0,18.91,0.72368383,306.0,19.0,0.69782275,371.0,17.46,0.7234615,451.0,19.07,0.73508024,285.75,18.4025,5.278114659230517,-0.32768740706548094,-0.44873308835668,-0.6407791950426294,-0.8355675206017148,28,26.3,26.04,25.49,26.39,0.0,0.0,0.0,0.0,55.86,56.29,59.29,60.0,196.0,173.0,190.0,155.0
2022-07-24,202230,196.0,196,196,196,0.0009909031,63.990387,0,1,172100020223019684,2023-11-23,Palmas,0.7480421,306296,0,0.0,1,90,,,,,144514,17.77,25.97,34.09,0.0,53.0,195.0,18.24,0.62002176,271.0,18.91,0.72368383,306.0,19.0,0.69782275,371.0,17.46,0.7234615,242.0,18.479999999999997,5.2832037287379885,0.005089069507471677,-0.32259833755800926,-0.44364401884920834,-0.6356901255351577,29,26.11,26.3,26.04,25.49,0.0,0.0,0.0,0.0,52.57,55.86,56.29,59.29,173.0,190.0,155.0,111.0
2022-07-31,202231,173.0,173,173,173,0.01078131,56.48131,0,1,172100020223119684,2023-11-23,Palmas,0.7922659,306296,0,0.0,1,82,,,,,144514,19.41,27.56,35.57,0.0,52.29,196.0,17.77,0.7480421,195.0,18.24,0.62002176,271.0,18.91,0.72368383,306.0,19.0,0.69782275,208.75,18.5825,5.159055299214529,-0.12414842952345939,-0.11905936001598771,-0.44674676708146865,-0.5677924483726677,30,25.97,26.11,26.3,26.04,0.0,0.0,0.0,0.0,53.0,52.57,55.86,56.29,190.0,155.0,111.0,92.0
2022-08-07,202232,190.0,190,190,190,0.4283165,62.031498,0,1,172100020223219684,2023-11-23,Palmas,0.9817385,306296,0,0.0,1,68,,,,,144514,19.76,28.06,36.04,0.0,48.57,173.0,19.41,0.7922659,196.0,17.77,0.7480421,195.0,18.24,0.62002176,271.0,18.91,0.72368383,188.5,18.795,5.25227342804663,0.09321812883210079,-0.030930300691358603,-0.025841231183886926,-0.35352863824936787,31,27.56,25.97,26.11,26.3,0.0,0.0,0.0,0.0,52.29,53.0,52.57,55.86,155.0,111.0,92.0,64.0
2022-08-14,202233,155.0,155,155,155,0.06647306,50.604645,0,1,172100020223319684,2023-11-23,Palmas,0.84904945,306296,0,0.0,1,60,,,,,144514,20.3,27.83,35.39,0.0,44.57,190.0,19.76,0.9817385,173.0,19.41,0.7922659,196.0,17.77,0.7480421,195.0,18.24,0.62002176,178.5,19.310000000000002,5.049856007249537,-0.2024174207970928,-0.109199291964992,-0.2333477214884514,-0.22825865198097972,32,28.06,27.56,25.97,26.11,0.0,0.0,0.0,0.0,48.57,52.29,53.0,52.57,111.0,92.0,64.0,86.0
2022-08-21,202234,111.0,111,111,111,0.00011651523,36.239456,0,1,172100020223419684,2023-11-23,Palmas,0.64295053,306296,0,0.0,1,41,,,,,144514,21.21,27.9,34.87,0.0,43.57,155.0,20.3,0.84904945,190.0,19.76,0.9817385,173.0,19.41,0.7922659,196.0,17.77,0.7480421,157.25,20.17,4.718498871295094,-0.33135713595444294,-0.5337745567515357,-0.44055642791943495,-0.5647048574428943,33,27.83,28.06,27.56,25.97,0.0,0.0,0.0,0.0,44.57,48.57,52.29,53.0,92.0,64.0,86.0,69.0
2022-08-28,202235,92.0,92,92,92,8.988954e-05,30.036304,0,1,172100020223519684,2023-11-23,Palmas,0.6138572,306296,0,0.0,1,45,,,,,144514,19.86,27.6,35.67,0.0,41.14,111.0,21.21,0.64295053,155.0,20.3,0.84904945,190.0,19.76,0.9817385,173.0,19.41,0.7922659,137.0,20.282500000000002,4.532599493153256,-0.18589937814183788,-0.5172565140962808,-0.7196739348933736,-0.6264558060612728,34,27.9,27.83,28.06,27.56,0.0,0.0,0.0,0.0,43.57,44.57,48.57,52.29,64.0,86.0,69.0,94.0
2022-09-04,202236,64.0,64,64,64,2.2663024e-05,20.894821,0,1,172100020223619684,2023-11-23,Palmas,0.53982794,306296,0,0.0,0,24,,,,,144514,21.17,28.97,36.76,0.0,41.86,92.0,19.86,0.6138572,111.0,21.21,0.64295053,155.0,20.3,0.84904945,190.0,19.76,0.9817385,105.5,20.635,4.174387269895637,-0.3582122232576195,-0.5441116013994574,-0.8754687373539003,-1.077886158150993,35,27.6,27.9,27.83,28.06,0.0,0.0,0.0,0.0,41.14,43.57,44.57,48.57,86.0,69.0,94.0,73.0
2022-09-11,202237,86.0,86,86,86,0.3018901,28.077415,0,1,172100020223719684,2023-11-23,Palmas,0.9254787,306296,0,0.0,1,38,,,,,144514,23.34,30.24,37.27,0.0,46.86,64.0,21.17,0.53982794,92.0,19.86,0.6138572,111.0,21.21,0.64295053,155.0,20.3,0.84904945,88.25,21.395000000000003,4.465908118654584,0.2915208487589469,-0.06669137449867257,-0.25259075264051045,-0.5839478885949534,36,28.97,27.6,27.9,27.83,0.0,0.0,0.0,0.0,41.86,41.14,43.57,44.57,69.0,94.0,73.0,79.0
2022-09-18,202238,69.0,69,69,69,0.20401947,22.52723,0,1,172100020223819684,2023-11-23,Palmas,0.873041,306296,0,0.0,0,36,,,,,144514,23.66,29.06,34.83,12.2,61.14,86.0,23.34,0.9254787,64.0,21.17,0.53982794,92.0,19.86,0.6138572,111.0,21.21,0.64295053,77.75,22.0075,4.248495242049359,-0.21741287660522435,0.07410797215372256,-0.2841042511038969,-0.4700036292457348,37,30.24,28.97,27.6,27.9,0.0,0.0,0.0,0.0,46.86,41.86,41.14,43.57,94.0,73.0,79.0,64.0
2022-09-25,202239,94.0,94,94,94,0.9032919,30.689268,0,1,172100020223919684,2023-11-23,Palmas,1.2200437,306296,0,0.0,1,40,,,,,144514,21.94,28.9,35.87,21.2,55.14,69.0,23.66,0.873041,86.0,23.34,0.9254787,64.0,21.17,0.53982794,92.0,19.86,0.6138572,78.25,22.5275,4.553876891600541,0.3053816495511814,0.08796877294595706,0.37948962170490397,0.02127739844728449,38,29.06,30.24,28.97,27.6,12.2,0.0,0.0,0.0,61.14,46.86,41.86,41.14,73.0,79.0,64.0,89.0
2022-10-02,202240,73.0,73,73,73,0.3155449,23.833155,0,1,172100020224019684,2023-11-23,Palmas,0.92520624,306296,0,0.0,1,34,,,,,144514,23.89,29.77,35.99,7.7,58.14,94.0,21.94,1.2200437,69.0,23.66,0.873041,86.0,23.34,0.9254787,64.0,21.17,0.53982794,80.5,23.2075,4.30406509320417,-0.24981179839637058,0.055569851154810834,-0.1618430254504135,0.1296778233085334,39,28.9,29.06,30.24,28.97,21.2,12.2,0.0,0.0,55.14,61.14,46.86,41.86,79.0,64.0,89.0,69.0
2022-10-09,202241,79.0,79,79,79,0.435003,25.792044,0,1,172100020224119684,2023-11-23,Palmas,0.9745261,306296,0,0.0,1,25,,,,,144514,23.04,29.29,35.46,1.0,57.43,73.0,23.89,0.92520624,94.0,21.94,1.2200437,69.0,23.66,0.873041,86.0,23.34,0.9254787,78.75,23.1325,4.382026634673881,0.07796154146971102,-0.17185025692665956,0.13353139262452185,-0.0838814839807025,40,29.77,28.9,29.06,30.24,7.7,21.2,12.2,0.0,58.14,55.14,61.14,46.86,64.0,89.0,69.0,110.0
2022-10-16,202242,64.0,64,64,64,0.11054243,20.894821,0,1,172100020224219684,2023-11-23,Palmas,0.8147224,306296,0,0.0,0,30,,,,,144514,23.34,29.53,35.66,16.5,56.86,79.0,23.04,0.9745261,73.0,23.89,0.92520624,94.0,21.94,1.2200437,69.0,23.66,0.873041,77.5,23.0525,4.174387269895637,-0.2076393647782444,-0.1296778233085334,-0.37948962170490397,-0.07410797215372256,41,29.29,29.77,28.9,29.06,1.0,7.7,21.2,12.2,57.43,58.14,55.14,61.14,89.0,69.0,110.0,132.0
2022-10-23,202243,89.0,89,89,89,0.86602354,29.05686,0,1,172100020224319684,2023-11-23,Palmas,1.1888195,306296,1,0.0,1,29,,,,,144514,23.7,26.9,31.2,48.0,80.43,64.0,23.34,0.8147224,79.0,23.04,0.9745261,73.0,23.89,0.92520624,94.0,21.94,1.2200437,76.25,23.4925,4.499809670330265,0.3254224004346282,0.11778303565638382,0.19574457712609483,-0.054067221270275745,42,29.53,29.29,29.77,28.9,16.5,1.0,7.7,21.2,56.86,57.43,58.14,55.14,69.0,110.0,132.0,169.0
2022-10-30,202244,69.0,69,69,69,0.32920247,22.52723,0,1,172100020224419684,2023-11-23,Palmas,0.9289669,306296,1,0.0,0,20,,,,,144514,22.99,26.67,31.0,54.2,79.71,89.0,23.7,1.1888195,64.0,23.34,0.8147224,79.0,23.04,0.9745261,73.0,23.89,0.92520624,75.25,23.2675,4.248495242049359,-0.25131442828090567,0.07410797215372256,-0.13353139262452185,-0.055569851154810834,43,26.9,29.53,29.29,29.77,48.0,16.5,1.0,7.7,80.43,56.86,57.43,58.14,110.0,132.0,169.0,140.0
2022-11-06,202245,110.0,110,110,110,0.9900048,35.91297,0,2,172100020224519684,2023-11-23,Palmas,1.4061377,306296,1,1.0,1,40,,,,,144514,23.26,26.67,30.83,22.2,79.86,69.0,22.99,0.9289669,89.0,23.7,1.1888195,64.0,23.34,0.8147224,79.0,23.04,0.9745261,83.0,23.3225,4.709530201312334,0.46103495926297455,0.2097205309820689,0.5351429314166971,0.3275035666384527,44,26.67,26.9,29.53,29.29,54.2,48.0,16.5,1.0,79.71,80.43,56.86,57.43,132.0,169.0,140.0,142.0
2022-11-13,202246,132.0,132,132,132,0.9989864,43.095566,0,2,172100020224619684,2023-11-23,Palmas,1.523872,306296,1,1.0,1,64,,,,,144514,23.11,26.97,31.36,25.5,78.43,110.0,23.26,1.4061377,69.0,22.99,0.9289669,89.0,23.7,1.1888195,64.0,23.34,0.8147224,100.0,23.265,4.890349128221754,0.1808189269094198,0.6418538861723944,0.3905394578914887,0.7159618583261169,45,26.67,26.67,26.9,29.53,22.2,54.2,48.0,16.5,79.86,79.71,80.43,56.86,169.0,140.0,142.0,94.0
2022-11-20,202247,169.0,169,169,169,0.99991876,55.175385,0,3,172100020224719684,2023-11-23,Palmas,1.5832307,306296,1,1.0,1,83,,,,,144514,23.09,25.79,29.61,110.0,83.86,132.0,23.11,1.523872,110.0,23.26,1.4061377,69.0,22.99,0.9289669,89.0,23.7,1.1888195,120.0,23.1125,5.135798437050262,0.24544930882850835,0.42626823573792816,0.8873031950009027,0.635988766719997,46,26.97,26.67,26.67,26.9,25.5,22.2,54.2,48.0,78.43,79.86,79.71,80.43,140.0,142.0,94.0,33.0
2022-11-27,202248,140.0,140,140,140,0.6895727,45.70742,0,2,172100020224819684,2023-11-23,Palmas,1.0617527,306296,1,0.0,1,62,,,,,144514,23.11,25.61,29.16,62.5,85.29,169.0,23.09,1.5832307,132.0,23.11,1.523872,110.0,23.26,1.4061377,69.0,22.99,0.9289669,137.75,23.142500000000002,4.948759890378168,-0.18703854667209363,0.05841076215641472,0.23922968906583453,0.7002646483288091,47,25.79,26.97,26.67,26.67,110.0,25.5,22.2,54.2,83.86,78.43,79.86,79.71,142.0,94.0,33.0,62.0
2022-12-04,202249,142.0,142,142,142,0.40039423,46.360382,0,2,172100020224919708,2023-12-17,Palmas,0.9707548,306296,1,0.0,1,97,,,,,144514,23.34,26.94,31.31,29.1,79.86,140.0,23.11,1.0617527,169.0,23.09,1.5832307,132.0,23.11,1.523872,110.0,23.26,1.4061377,145.75,23.1625,4.962844630259907,0.014084739881738528,-0.1729538067903551,0.07249550203815325,0.25331442894757306,48,25.61,25.79,26.97,26.67,62.5,110.0,25.5,22.2,85.29,83.86,78.43,79.86,94.0,33.0,62.0,172.0
2022-12-11,202250,94.0,94,94,94,0.00062584877,30.689268,0,2,172100020225019718,2023-12-27,Palmas,0.6552637,306296,1,0.0,1,116,,,,,144514,23.31,26.49,30.66,59.2,82.71,142.0,23.34,0.9707548,140.0,23.11,1.0617527,169.0,23.09,1.5832307,132.0,23.11,1.523872,136.25,23.2125,4.553876891600541,-0.4089677386593662,-0.39488299877762767,-0.5819215454497213,-0.33647223662121295,49,26.94,25.61,25.79,26.97,29.1,62.5,110.0,25.5,79.86,85.29,83.86,78.43,33.0,62.0,172.0,179.0
2022-12-18,202251,33.0,33,33,33,1.976197e-14,10.773891,0,2,172100020225119718,2023-12-27,Palmas,0.2646052,306296,1,0.0,0,64,,,,,144514,23.23,25.71,29.33,67.2,85.14,94.0,23.31,0.6552637,142.0,23.34,0.9707548,140.0,23.11,1.0617527,169.0,23.09,1.5832307,102.25,23.2475,3.5263605246161616,-1.0275163669843792,-1.4364841056437454,-1.4223993657620069,-1.6094379124341005,50,26.49,26.94,25.61,25.79,59.2,29.1,62.5,110.0,82.71,79.86,85.29,83.86,62.0,172.0,179.0,193.0
2022-12-25,202252,62.0,62,62,62,0.008285851,20.241858,0,2,172100020225219733,2024-01-11,Palmas,0.67749393,306296,1,0.0,0,34,,,,,144514,23.23,25.76,28.99,73.4,85.0,33.0,23.23,0.2646052,94.0,23.31,0.6552637,142.0,23.34,0.9707548,140.0,23.11,1.0617527,82.75,23.2775,4.143134726391533,0.616774201775371,-0.4107421652090082,-0.8197099038683744,-0.8056251639866359,51,25.71,26.49,26.94,25.61,67.2,59.2,29.1,62.5,85.14,82.71,79.86,85.29,172.0,179.0,193.0,186.0
2023-01-01,202301,172.0,172,172,172,1.0,56.15483,0,2,172100020230119740,2024-01-18,Palmas,2.5086434,306296,1,1.0,1,19,,,,,144514,23.11,26.19,30.19,90.5,83.14,62.0,23.23,0.67749393,33.0,23.23,0.2646052,94.0,23.31,0.6552637,142.0,23.34,0.9707548,90.25,23.220000000000002,5.153291594497779,1.0101568681062467,1.6269310698816177,0.5994147028972385,0.19044696423787233,52,25.76,25.71,26.49,26.94,73.4,67.2,59.2,29.1,85.0,85.14,82.71,79.86,179.0,193.0,186.0,206.0
2023-01-08,202302,179.0,179,179,179,1.0,58.4402,0,2,172100020230219747,2024-01-25,Palmas,1.994858,306296,1,1.0,1,20,,,,,144514,22.57,25.99,30.71,101.2,84.57,172.0,23.11,2.5086434,62.0,23.23,0.67749393,33.0,23.23,0.2646052,94.0,23.31,0.6552637,111.5,23.035,5.19295685089021,0.039665256392431125,1.0498221244986778,1.6665963262740489,0.6390799592896697,1,26.19,25.76,25.71,26.49,90.5,73.4,67.2,59.2,83.14,85.0,85.14,82.71,193.0,186.0,206.0,234.0
2023-01-15,202303,193.0,193,193,193,0.9983582,63.010944,0,3,172100020230319747,2024-01-25,Palmas,1.3828096,306296,1,1.0,1,18,,,,,144514,22.14,25.59,29.89,66.6,84.0,179.0,22.57,1.994858,172.0,23.11,2.5086434,62.0,23.23,0.67749393,33.0,23.23,0.2646052,151.5,22.7625,5.267858159063328,0.0749013081731178,0.11456656456554892,1.1247234326717956,1.7414976344471667,2,25.99,26.19,25.76,25.71,101.2,90.5,73.4,67.2,84.57,83.14,85.0,85.14,186.0,206.0,234.0,233.0
2023-01-22,202304,186.0,186,186,186,0.74920464,60.725574,0,2,172100020230419752,2024-01-30,Palmas,1.0734147,306296,1,0.0,1,20,,,,,144514,22.36,25.44,29.63,110.9,86.0,193.0,22.14,1.3828096,179.0,22.57,1.994858,172.0,23.11,2.5086434,62.0,23.23,0.67749393,182.5,22.544999999999998,5.231108616854587,-0.03674954220874138,0.038151765964376416,0.07781702235680754,1.0879738904630543,3,25.59,25.99,26.19,25.76,66.6,101.2,90.5,73.4,84.0,84.57,83.14,85.0,206.0,234.0,233.0,268.0
2023-01-29,202305,206.0,206,206,206,0.84406054,67.2552,0,2,172100020230519759,2024-02-06,Palmas,1.1075084,306296,1,0.0,1,10,,,,,144514,22.53,26.54,31.59,33.8,80.14,186.0,22.36,1.0734147,193.0,22.14,1.3828096,179.0,22.57,1.994858,172.0,23.11,2.5086434,191.0,22.4,5.332718793265369,0.10161017641078196,0.06486063420204058,0.13976194237515838,0.1794271987675895,4,25.44,25.59,25.99,26.19,110.9,66.6,101.2,90.5,86.0,84.0,84.57,83.14,234.0,233.0,268.0,314.0
2023-02-05,202306,234.0,234,234,234,0.9741722,69.964775,0,2,172100020230619768,2024-02-15,Palmas,1.2073152,334454,1,1.0,1,27,,,,,144514,23.23,27.27,32.57,28.5,78.0,206.0,22.53,1.1075084,186.0,22.36,1.0734147,193.0,22.14,1.3828096,179.0,22.57,1.994858,204.75,22.565,5.459585514144159,0.12686672087879014,0.2284768972895721,0.19172735508083072,0.2666286632539485,5,26.54,25.44,25.59,25.99,33.8,110.9,66.6,101.2,80.14,86.0,84.0,84.57,233.0,268.0,314.0,338.0
2023-02-12,202307,233.0,233,233,233,0.88691044,69.66579,0,2,172100020230719773,2024-02-20,Palmas,1.1222081,334454,1,0.0,1,14,,,,,144514,23.66,27.41,31.77,44.6,80.0,234.0,23.23,1.2073152,206.0,22.53,1.1075084,186.0,22.36,1.0734147,193.0,22.14,1.3828096,214.75,22.945,5.455321115357702,-0.004264398786457235,0.1226023220923329,0.22421249850311487,0.18746295629437348,6,27.27,26.54,25.44,25.59,28.5,33.8,110.9,66.6,78.0,80.14,86.0,84.0,268.0,314.0,338.0,378.0
2023-02-19,202308,268.0,268,268,268,0.9738681,80.1306,0,2,172100020230819780,2024-02-27,Palmas,1.1912748,334454,1,1.0,1,24,,,,,144514,22.94,26.0,30.37,73.3,84.0,233.0,23.66,1.1222081,234.0,23.23,1.2073152,206.0,22.53,1.1075084,186.0,22.36,1.0734147,235.25,23.090000000000003,5.594711379601839,0.13939026424413736,0.13512586545768013,0.26199258633647027,0.36360276274725223,7,27.41,27.27,26.54,25.44,44.6,28.5,33.8,110.9,80.0,78.0,80.14,86.0,314.0,338.0,378.0,577.0
2023-02-26,202309,314.0,314,314,314,0.9986454,93.88436,0,2,172100020230919786,2024-03-04,Palmas,1.2903302,334454,1,1.0,1,27,,,,,144514,22.71,26.17,30.49,35.7,83.86,268.0,22.94,1.1912748,233.0,23.66,1.1222081,234.0,23.23,1.2073152,206.0,22.53,1.1075084,262.25,23.135,5.752572638825633,0.15786125922379401,0.2972515234679314,0.29298712468147414,0.4198538455602643,8,26.0,27.41,27.27,26.54,73.3,44.6,28.5,33.8,84.0,80.0,78.0,80.14,338.0,378.0,577.0,631.0
2023-03-05,202310,338.0,338,338,338,0.99669117,101.060234,0,3,172100020231019794,2024-03-12,Palmas,1.2467932,334454,1,1.0,2,15,,,,,144514,23.36,26.71,31.14,54.8,85.29,314.0,22.71,1.2903302,268.0,22.94,1.1912748,233.0,23.66,1.1222081,234.0,23.23,1.2073152,288.25,23.1675,5.82600010738045,0.07342746855481685,0.23128872777861087,0.37067899202274823,0.366414593236291,9,26.17,26.0,27.41,27.27,35.7,73.3,44.6,28.5,83.86,84.0,80.0,78.0,378.0,577.0,631.0,519.0
2023-03-12,202311,378.0,378,378,378,0.9971013,113.02003,0,4,172100020231119800,2024-03-18,Palmas,1.2354738,334454,1,1.0,2,12,,,,,144514,22.84,25.07,29.23,159.7,88.71,338.0,23.36,1.2467932,314.0,22.71,1.2903302,268.0,22.94,1.1912748,233.0,23.66,1.1222081,324.5,22.962500000000002,5.937536205082426,0.11153609770197637,0.18496356625679322,0.34282482548058724,0.4822150897247246,10,26.71,26.17,26.0,27.41,54.8,35.7,73.3,44.6,85.29,83.86,84.0,80.0,577.0,631.0,519.0,526.0
2023-03-19,202312,577.0,577,577,577,1.0,172.51999,0,4,172100020231219808,2024-03-26,Palmas,1.6534238,334454,1,1.0,2,29,,,,,144514,22.49,25.54,29.64,98.3,84.29,378.0,22.84,1.2354738,338.0,23.36,1.2467932,314.0,22.71,1.2903302,268.0,22.94,1.1912748,401.75,22.849999999999998,6.359573868672378,0.42203766358995143,0.5335737612919278,0.6070012298467446,0.7648624890705387,11,25.07,26.71,26.17,26.0,159.7,54.8,35.7,73.3,88.71,85.29,83.86,84.0,631.0,519.0,526.0,394.0
2023-03-26,202313,631.0,631,631,631,1.0,188.66571,0,4,172100020231319814,2024-04-01,Palmas,1.4866503,334454,1,1.0,2,28,,,,,144514,23.23,26.36,30.57,30.6,84.57,577.0,22.49,1.6534238,378.0,22.84,1.2354738,338.0,23.36,1.2467932,314.0,22.71,1.2903302,481.0,22.98,6.448889394146858,0.08931552547447996,0.5113531890644314,0.6228892867664078,0.6963167553212246,12,25.54,25.07,26.71,26.17,98.3,159.7,54.8,35.7,84.29,88.71,85.29,83.86,519.0,526.0,394.0,331.0
2023-04-02,202314,519.0,519,519,519,0.4624988,155.17828,0,4,172100020231419821,2024-04-08,Palmas,0.9941839,334454,1,0.0,2,30,,,,,144514,22.97,26.2,30.59,62.6,84.29,631.0,23.23,1.4866503,577.0,22.49,1.6534238,378.0,22.84,1.2354738,338.0,23.36,1.2467932,526.25,22.8825,6.253828811575473,-0.1950605825713847,-0.10574505709690474,0.3162926064930467,0.42782870419502306,13,26.36,25.54,25.07,26.71,30.6,98.3,159.7,54.8,84.57,84.29,88.71,85.29,526.0,394.0,331.0,359.0
2023-04-09,202315,526.0,526,526,526,0.10581352,157.27126,0,4,172100020231519827,2024-04-14,Palmas,0.92723054,334454,1,0.0,2,32,,,,,144514,23.37,26.99,31.66,56.1,82.71,519.0,22.97,0.9941839,631.0,23.23,1.4866503,577.0,22.49,1.6534238,378.0,22.84,1.2354738,563.25,23.015,6.267200548541362,0.013371736965889447,-0.18168884560549525,-0.09237332013101529,0.32966434345893614,14,26.2,26.36,25.54,25.07,62.6,30.6,98.3,159.7,84.29,84.57,84.29,88.71,394.0,331.0,359.0,290.0
2023-04-16,202316,394.0,394,394,394,7.023259e-07,117.80394,0,4,172100020231619834,2024-04-21,Palmas,0.7280692,334454,1,0.0,2,26,,,,,144514,23.66,27.54,32.29,8.2,80.0,526.0,23.37,0.92723054,519.0,22.97,0.9941839,631.0,23.23,1.4866503,577.0,22.49,1.6534238,517.5,23.3075,5.978885764901122,-0.28831478364024044,-0.274943046674351,-0.4700036292457357,-0.3806881037712557,15,26.99,26.2,26.36,25.54,56.1,62.6,30.6,98.3,82.71,84.29,84.57,84.29,331.0,359.0,290.0,302.0
2023-04-23,202317,331.0,331,331,331,2.9796746e-08,98.96727,0,4,172100020231719841,2024-04-28,Palmas,0.6820376,334454,1,0.0,2,24,,,,,144514,22.5,27.61,33.16,2.2,74.43,394.0,23.66,0.7280692,526.0,23.37,0.92723054,519.0,22.97,0.9941839,631.0,23.23,1.4866503,442.5,23.125,5.805134968916488,-0.17375079598463383,-0.46206557962487427,-0.4486938426589848,-0.6437544252303695,16,27.54,26.99,26.2,26.36,8.2,56.1,62.6,30.6,80.0,82.71,84.29,84.57,359.0,290.0,302.0,280.0
2023-04-30,202318,359.0,359,359,359,0.022270571,107.33913,0,4,172100020231819848,2024-05-05,Palmas,0.86541367,334454,1,0.0,2,13,,,,,144514,23.27,26.93,31.87,11.2,80.57,331.0,22.5,0.6820376,394.0,23.66,0.7280692,526.0,23.37,0.92723054,519.0,22.97,0.9941839,402.5,23.2,5.886104031450156,0.08096906253366765,-0.09278173345096619,-0.3810965170912066,-0.3677247801253172,17,27.61,27.54,26.99,26.2,2.2,8.2,56.1,62.6,74.43,80.0,82.71,84.29,290.0,302.0,280.0,255.0
2023-05-07,202319,290.0,290,290,290,0.0027519353,86.70849,0,2,172100020231919855,2024-05-12,Palmas,0.80400133,334454,1,0.0,1,21,,,,,144514,23.1,27.99,33.56,1.3,72.57,359.0,23.27,0.86541367,331.0,22.5,0.6820376,394.0,23.66,0.7280692,526.0,23.37,0.92723054,343.5,23.1325,5.673323267171493,-0.212780764278663,-0.13181170174499535,-0.3055624977296292,-0.5938772813698696,18,26.93,27.61,27.54,26.99,11.2,2.2,8.2,56.1,80.57,74.43,80.0,82.71,302.0,280.0,255.0,204.0
2023-05-14,202320,302.0,302,302,302,0.10579503,90.296425,0,2,172100020232019862,2024-05-19,Palmas,0.90564674,334454,1,0.0,1,28,,,,,144514,23.44,27.81,33.07,3.9,75.57,290.0,23.1,0.80400133,359.0,23.27,0.86541367,331.0,22.5,0.6820376,394.0,23.66,0.7280692,320.5,23.0775,5.713732805509369,0.04040953833787597,-0.17237122594078702,-0.09140216340711937,-0.2651529593917532,19,27.99,26.93,27.61,27.54,1.3,11.2,2.2,8.2,72.57,80.57,74.43,80.0,280.0,255.0,204.0,207.0
2023-05-21,202321,280.0,280,280,280,0.1049283,83.71854,0,2,172100020232119869,2024-05-26,Palmas,0.90194064,334454,1,0.0,1,15,,,,,144514,21.54,27.53,34.03,0.0,65.14,302.0,23.44,0.90564674,290.0,23.1,0.80400133,359.0,23.27,0.86541367,331.0,22.5,0.6820376,307.75,22.8375,5.638354669333745,-0.07537813617562339,-0.03496859783774742,-0.2477493621164104,-0.16678029958274276,20,27.81,27.99,26.93,27.61,3.9,1.3,11.2,2.2,75.57,72.57,80.57,74.43,255.0,204.0,207.0,173.0
2023-05-28,202322,255.0,255,255,255,0.051735036,76.24367,0,2,172100020232219876,2024-06-02,Palmas,0.87008506,334454,1,0.0,1,18,,,,,144514,21.9,27.8,34.17,0.2,66.57,280.0,21.54,0.90194064,302.0,23.44,0.90564674,290.0,23.1,0.80400133,359.0,23.27,0.86541367,281.75,22.495,5.545177444479562,-0.09317722485418312,-0.1685553610298065,-0.12814582269193053,-0.3409265869705935,21,27.53,27.81,27.99,26.93,0.0,3.9,1.3,11.2,65.14,75.57,72.57,80.57,204.0,207.0,173.0,157.0
2023-06-04,202323,204.0,204,204,204,0.0005894642,60.994934,0,1,172100020232319884,2024-06-10,Palmas,0.74238783,334454,0,0.0,1,15,,,,,144514,20.39,27.06,34.09,0.0,64.57,255.0,21.9,0.87008506,280.0,21.54,0.90194064,302.0,23.44,0.90564674,290.0,23.1,0.80400133,260.25,21.8175,5.3230099791384085,-0.22216746534115384,-0.31534469019533695,-0.39072282637096034,-0.35031328803308437,22,27.8,27.53,27.81,27.99,0.2,0.0,3.9,1.3,66.57,65.14,75.57,72.57,207.0,173.0,157.0,124.0
2023-06-11,202324,207.0,207,207,207,0.028074298,61.89192,0,1,172100020232419884,2024-06-10,Palmas,0.8358257,334454,0,0.0,1,11,,,,,144514,21.04,27.7,34.61,0.0,63.71,204.0,20.39,0.74238783,255.0,21.9,0.87008506,280.0,21.54,0.90194064,302.0,23.44,0.90564674,236.5,21.217499999999998,5.337538079701318,0.01452810056290943,-0.2076393647782444,-0.3008165896324275,-0.3761947258080509,23,27.06,27.8,27.53,27.81,0.0,0.2,0.0,3.9,64.57,66.57,65.14,75.57,173.0,157.0,124.0,126.0
2023-06-18,202325,173.0,173,173,173,0.0099292,51.726097,0,2,172100020232519897,2024-06-23,Palmas,0.78991693,334454,1,0.0,1,7,,,,,144514,20.2,26.81,33.86,0.0,62.57,207.0,21.04,0.8358257,204.0,20.39,0.74238783,255.0,21.9,0.87008506,280.0,21.54,0.90194064,209.75,20.8825,5.159055299214529,-0.17848278048678878,-0.16395467992387935,-0.3861221452650332,-0.4792993701192163,24,27.7,27.06,27.8,27.53,0.0,0.0,0.2,0.0,63.71,64.57,66.57,65.14,157.0,124.0,126.0,127.0
2023-06-25,202326,157.0,157,157,157,0.015881501,46.94218,0,2,172100020232619904,2024-06-30,Palmas,0.7956213,334454,1,0.0,1,8,,,,,144514,18.26,25.94,33.91,0.0,58.29,173.0,20.2,0.78991693,207.0,21.04,0.8358257,204.0,20.39,0.74238783,255.0,21.9,0.87008506,185.25,19.9725,5.062595033026967,-0.0964602661875622,-0.274943046674351,-0.26041494611144156,-0.4825824114525954,25,26.81,27.7,27.06,27.8,0.0,0.0,0.0,0.2,62.57,63.71,64.57,66.57,124.0,126.0,127.0,92.0
2023-07-02,202327,124.0,124,124,124,0.0012953826,37.07535,0,2,172100020232719912,2024-07-08,Palmas,0.7046598,334454,1,0.0,1,8,,,,,144514,18.27,25.64,33.89,0.0,57.43,157.0,18.26,0.7956213,173.0,20.2,0.78991693,207.0,21.04,0.8358257,204.0,20.39,0.74238783,165.25,19.4425,4.8283137373023015,-0.23428129572466538,-0.3307415619122276,-0.5092243423990164,-0.49469624183610694,26,25.94,26.81,27.7,27.06,0.0,0.0,0.0,0.0,58.29,62.57,63.71,64.57,126.0,127.0,92.0,98.0
2023-07-09,202328,126.0,126,126,126,0.050092183,37.673344,0,1,172100020232819919,2024-07-15,Palmas,0.8212916,334454,0,0.0,1,11,,,,,144514,19.89,27.61,35.96,0.0,56.14,124.0,18.27,0.7046598,157.0,18.26,0.7956213,173.0,20.2,0.78991693,207.0,21.04,0.8358257,145.0,19.155,4.844187086458591,0.015873349156289684,-0.2184079465683757,-0.3148682127559379,-0.4933509932427267,27,25.64,25.94,26.81,27.7,0.0,0.0,0.0,0.0,57.43,58.29,62.57,63.71,127.0,92.0,98.0,91.0
2023-07-16,202329,127.0,127,127,127,0.3083665,37.972336,0,1,172100020232919928,2024-07-24,Palmas,0.9401215,334454,0,0.0,1,11,,,,,144514,18.84,26.4,34.53,0.0,50.29,126.0,19.89,0.8212916,124.0,18.27,0.7046598,157.0,18.26,0.7956213,173.0,20.2,0.78991693,133.5,18.815,4.852030263919617,0.007843177461025697,0.02371652661731538,-0.21056476910735,-0.3070250352949122,28,27.61,25.64,25.94,26.81,0.0,0.0,0.0,0.0,56.14,57.43,58.29,62.57,92.0,98.0,91.0,124.0
2023-07-23,202330,92.0,92,92,92,0.011785896,27.507519,0,1,172100020233019933,2024-07-29,Palmas,0.7345905,334454,0,0.0,1,17,,,,,144514,18.53,26.34,34.8,0.0,52.57,127.0,18.84,0.9401215,126.0,19.89,0.8212916,124.0,18.27,0.7046598,157.0,18.26,0.7956213,117.25,18.8825,4.532599493153256,-0.3194307707663606,-0.3115875933053349,-0.29571424414904524,-0.5299955398737106,29,26.4,27.61,25.64,25.94,0.0,0.0,0.0,0.0,50.29,56.14,57.43,58.29,98.0,91.0,124.0,80.0
2023-07-30,202331,98.0,98,98,98,0.10720901,29.301489,0,1,172100020233119941,2024-08-06,Palmas,0.84395057,334454,0,0.0,1,14,,,,,144514,19.81,27.63,35.83,0.0,51.57,92.0,18.53,0.7345905,127.0,18.84,0.9401215,126.0,19.89,0.8212916,124.0,18.27,0.7046598,110.75,19.2675,4.59511985013459,0.06252035698133351,-0.2569104137850271,-0.2490672363240014,-0.23319388716771172,30,26.34,26.4,27.61,25.64,0.0,0.0,0.0,0.0,52.57,50.29,56.14,57.43,91.0,124.0,80.0,74.0
2023-08-06,202332,91.0,91,91,91,0.1856979,27.208525,0,1,172100020233219948,2024-08-13,Palmas,0.8797969,334454,0,0.0,1,10,,,,,144514,19.97,27.84,36.3,0.0,47.86,98.0,19.81,0.84395057,92.0,18.53,0.7345905,127.0,18.84,0.9401215,126.0,19.89,0.8212916,102.0,19.2875,4.5217885770490405,-0.07333127308554932,-0.010810916104215806,-0.3302416868705764,-0.3223985094095507,31,27.63,26.34,26.4,27.61,0.0,0.0,0.0,0.0,51.57,52.57,50.29,56.14,124.0,80.0,74.0,70.0
2023-08-13,202333,124.0,124,124,124,0.96293396,37.07535,0,1,172100020233319955,2024-08-20,Palmas,1.2717432,334454,0,1.0,1,16,,,,,144514,18.63,27.09,35.34,0.0,48.14,91.0,19.97,0.8797969,98.0,19.81,0.84395057,92.0,18.53,0.7345905,127.0,18.84,0.9401215,101.25,19.235,4.8283137373023015,0.30652516025326104,0.23319388716771172,0.29571424414904524,-0.02371652661731538,32,27.84,27.63,26.34,26.4,0.0,0.0,0.0,0.0,47.86,51.57,52.57,50.29,80.0,74.0,70.0,66.0
2023-08-20,202334,80.0,80,80,80,0.068405375,23.919582,0,1,172100020233419962,2024-08-27,Palmas,0.80090034,334454,0,0.0,1,5,,,,,144514,22.8,29.0,35.8,2.3,58.71,124.0,18.63,1.2717432,91.0,19.97,0.8797969,98.0,19.81,0.84395057,92.0,18.53,0.7345905,98.25,20.3025,4.394449154672439,-0.4338645826298624,-0.12733942237660134,-0.20067069546215066,-0.13815033848081715,33,27.09,27.84,27.63,26.34,0.0,0.0,0.0,0.0,48.14,47.86,51.57,52.57,74.0,70.0,66.0,47.0
2023-08-27,202335,74.0,74,74,74,0.021751514,22.125614,0,1,172100020233519969,2024-09-03,Palmas,0.73589957,334454,1,0.0,0,6,,,,,144514,23.96,27.57,32.87,21.7,74.57,80.0,22.8,0.80090034,124.0,18.63,1.2717432,91.0,19.97,0.8797969,98.0,19.81,0.84395057,92.25,21.34,4.31748811353631,-0.076961041136129,-0.5108256237659914,-0.20430046351273035,-0.27763173659827967,34,29.0,27.09,27.84,27.63,2.3,0.0,0.0,0.0,58.71,48.14,47.86,51.57,70.0,66.0,47.0,34.0
2023-09-03,202336,70.0,70,70,70,0.06552757,20.929634,0,1,172100020233619978,2024-09-12,Palmas,0.78682667,334454,0,0.0,0,3,,,,,144514,22.36,29.43,36.53,0.0,51.14,74.0,23.96,0.73589957,80.0,22.8,0.80090034,124.0,18.63,1.2717432,91.0,19.97,0.8797969,87.0,21.9375,4.2626798770413155,-0.05480823649499467,-0.13176927763112367,-0.565633860260986,-0.259108700007725,35,27.57,29.0,27.09,27.84,21.7,2.3,0.0,0.0,74.57,58.71,48.14,47.86,66.0,47.0,34.0,38.0
2023-09-10,202337,66.0,66,66,66,0.18890415,19.733656,0,1,172100020233719983,2024-09-17,Palmas,0.8628334,334454,0,0.0,0,2,,,,,144514,21.44,29.61,37.73,0.0,46.29,70.0,22.36,0.78682667,74.0,23.96,0.73589957,80.0,22.8,0.80090034,124.0,18.63,1.2717432,72.5,22.64,4.204692619390966,-0.05798725765034973,-0.1127954941453444,-0.1897565352814734,-0.6236211179113358,36,29.43,27.57,29.0,27.09,0.0,21.7,2.3,0.0,51.14,74.57,58.71,48.14,47.0,34.0,38.0,82.0
2023-09-17,202338,47.0,47,47,47,0.018990045,14.052754,0,1,172100020233819989,2024-09-23,Palmas,0.67898875,334454,0,0.0,0,2,,,,,144514,22.21,29.99,37.87,0.0,45.14,66.0,21.44,0.8628334,70.0,22.36,0.78682667,74.0,23.96,0.73589957,80.0,22.8,0.80090034,64.25,22.4925,3.871201010907891,-0.3334916084830746,-0.3914788661334243,-0.446287102628419,-0.523248143764548,37,29.61,29.43,27.57,29.0,0.0,0.0,21.7,2.3,46.29,51.14,74.57,58.71,34.0,38.0,82.0,103.0
2023-09-24,202339,34.0,34,34,34,0.0026526558,10.165822,0,1,172100020233919997,2024-10-01,Palmas,0.5588147,334454,0,0.0,0,4,,,,,144514,24.24,29.47,35.77,13.9,65.29,47.0,22.21,0.67898875,66.0,21.44,0.8628334,70.0,22.36,0.78682667,74.0,23.96,0.73589957,54.25,22.5625,3.5553480614894135,-0.31585294941847764,-0.6493445579015522,-0.7073318155519019,-0.7621400520468966,38,29.99,29.61,29.43,27.57,0.0,0.0,0.0,21.7,45.14,46.29,51.14,74.57,38.0,82.0,103.0,49.0
2023-10-01,202340,38.0,38,38,38,0.11536583,11.361801,0,1,172100020234020004,2024-10-08,Palmas,0.7736592,334454,0,0.0,0,3,,,,,144514,24.6,29.3,34.94,17.6,68.14,34.0,24.24,0.5588147,47.0,22.21,0.67898875,66.0,21.44,0.8628334,70.0,22.36,0.78682667,46.25,23.122500000000002,3.6635616461296463,0.10821358464023279,-0.20763936477824485,-0.5411309732613194,-0.5991182309116692,39,29.47,29.99,29.61,29.43,13.9,0.0,0.0,0.0,65.29,45.14,46.29,51.14,82.0,103.0,49.0,64.0
2023-10-08,202341,82.0,82,82,82,0.99983436,24.517572,0,1,172100020234120011,2024-10-15,Palmas,1.9320273,334454,0,1.0,1,4,,,,,144514,23.87,29.2,35.54,5.2,70.14,38.0,24.6,0.7736592,34.0,24.24,0.5588147,47.0,22.21,0.67898875,66.0,21.44,0.8628334,50.25,23.73,4.418840607796598,0.755278961666952,0.8634925463071847,0.5476395968887071,0.21414798840563254,40,29.3,29.47,29.99,29.61,17.6,13.9,0.0,0.0,68.14,65.29,45.14,46.29,103.0,49.0,64.0,70.0
2023-10-15,202342,103.0,103,103,103,0.9999856,30.796463,0,1,172100020234220018,2024-10-22,Palmas,1.9950014,334454,0,1.0,1,10,,,,,144514,23.8,30.01,36.73,0.4,57.14,82.0,23.87,1.9320273,38.0,24.6,0.7736592,34.0,24.24,0.5588147,47.0,22.21,0.67898875,64.25,24.127499999999998,4.6443908991413725,0.22555029134477422,0.9808292530117262,1.089042837651959,0.7731898882334813,41,29.2,29.3,29.47,29.99,5.2,17.6,13.9,0.0,70.14,68.14,65.29,45.14,49.0,64.0,70.0,84.0
2023-10-22,202343,49.0,49,49,49,0.019441638,14.650744,0,1,172100020234320026,2024-10-30,Palmas,0.6850309,334454,0,0.0,0,1,,,,,144514,24.61,29.04,34.56,8.0,69.14,103.0,23.8,1.9950014,82.0,23.87,1.9320273,38.0,24.6,0.7736592,34.0,24.24,0.5588147,68.0,24.22,3.912023005428146,-0.7323678937132265,-0.5068176023684523,0.24846135929849966,0.35667494393873245,42,30.01,29.2,29.3,29.47,0.4,5.2,17.6,13.9,57.14,70.14,68.14,65.29,64.0,70.0,84.0,83.0
2023-10-29,202344,64.0,64,64,64,0.11207296,19.135666,0,1,172100020234420032,2024-11-05,Palmas,0.8157712,334454,1,0.0,0,3,,,,,144514,23.77,28.27,33.64,20.3,74.57,49.0,24.61,0.6850309,103.0,23.8,1.9950014,82.0,23.87,1.9320273,38.0,24.6,0.7736592,74.5,24.012500000000003,4.174387269895637,0.26236426446749084,-0.4700036292457357,-0.24445333790096146,0.5108256237659905,43,29.04,30.01,29.2,29.3,8.0,0.4,5.2,17.6,69.14,57.14,70.14,68.14,70.0,84.0,83.0,96.0
2023-11-05,202345,70.0,70,70,70,0.55639094,20.929634,0,1,172100020234520038,2024-11-11,Palmas,1.0243362,334454,1,0.0,0,3,,,,,144514,23.76,28.03,32.8,29.4,76.86,64.0,23.77,0.8157712,49.0,24.61,0.6850309,103.0,23.8,1.9950014,82.0,23.87,1.9320273,71.5,23.985,4.2626798770413155,0.08829260714567866,0.3506568716131695,-0.38171102210005703,-0.1561607307552828,44,28.27,29.04,30.01,29.2,20.3,8.0,0.4,5.2,74.57,69.14,57.14,70.14,84.0,83.0,96.0,119.0
2023-11-12,202346,84.0,84,84,84,0.94310224,25.11556,0,1,172100020234620046,2024-11-19,Palmas,1.2964628,334454,0,0.0,1,4,,,,,144514,23.91,28.94,34.93,17.4,71.0,70.0,23.76,1.0243362,64.0,23.77,0.8157712,49.0,24.61,0.6850309,103.0,23.8,1.9950014,66.75,24.0125,4.442651256490317,0.1799713794490012,0.26826398659467987,0.5306282510621707,-0.20173964265105582,45,28.03,28.27,29.04,30.01,29.4,20.3,8.0,0.4,76.86,74.57,69.14,57.14,83.0,96.0,119.0,84.0
2023-11-19,202347,83.0,83,83,83,0.8269607,24.816566,0,1,172100020234720055,2024-11-28,Palmas,1.163574,334454,1,0.0,1,8,,,,,144514,22.89,27.31,32.96,32.2,78.86,84.0,23.91,1.2964628,70.0,23.76,1.0243362,64.0,23.77,0.8157712,49.0,24.61,0.6850309,75.25,23.5825,4.430816798843313,-0.011834457647003305,0.1681369218019979,0.25642952894767657,0.5187937934151674,46,28.94,28.03,28.27,29.04,17.4,29.4,20.3,8.0,71.0,76.86,74.57,69.14,96.0,119.0,84.0,88.0
2023-11-26,202348,96.0,96,96,96,0.8956525,28.703499,0,1,172100020234820059,2024-12-02,Palmas,1.2090331,334454,1,0.0,1,12,,,,,144514,23.1,27.83,33.81,31.9,76.0,83.0,22.89,1.163574,84.0,23.91,1.2964628,70.0,23.76,1.0243362,64.0,23.77,0.8157712,83.25,23.415,4.574710978503383,0.14389417966006945,0.13205972201306615,0.31203110146206736,0.400323708607746,47,27.31,28.94,28.03,28.27,32.2,17.4,29.4,20.3,78.86,71.0,76.86,74.57,119.0,84.0,88.0,52.0
2023-12-03,202349,119.0,119,119,119,0.98700637,35.58038,0,2,172100020234920066,2024-12-09,Palmas,1.3652804,334454,1,1.0,1,9,,,,,144514,23.46,27.87,33.2,20.0,76.14,96.0,23.1,1.2090331,83.0,22.89,1.163574,84.0,23.91,1.2964628,70.0,23.76,1.0243362,95.5,23.340000000000003,4.787491742782046,0.212780764278663,0.35667494393873245,0.34484048629172914,0.5248118657407304,48,27.83,27.31,28.94,28.03,31.9,32.2,17.4,29.4,76.0,78.86,71.0,76.86,84.0,88.0,52.0,104.0
2023-12-10,202350,84.0,84,84,84,0.17872573,25.11556,0,1,172100020235020073,2024-12-16,Palmas,0.8720575,334454,0,0.0,1,7,,,,,144514,23.57,28.1,33.6,25.4,74.57,119.0,23.46,1.3652804,96.0,23.1,1.2090331,83.0,22.89,1.163574,84.0,23.91,1.2964628,95.5,23.255,4.442651256490317,-0.34484048629172914,-0.13205972201306615,0.011834457647003305,0.0,49,27.87,27.83,27.31,28.94,20.0,31.9,32.2,17.4,76.14,76.0,78.86,71.0,88.0,52.0,104.0,137.0
2023-12-17,202351,88.0,88,88,88,0.17902407,26.31154,0,1,172100020235120080,2024-12-23,Palmas,0.8748466,334454,1,0.0,1,21,,,,,144514,23.74,27.4,32.13,34.7,78.57,84.0,23.57,0.8720575,119.0,23.46,1.3652804,96.0,23.1,1.2090331,83.0,22.89,1.163574,96.75,23.4675,4.48863636973214,0.04598511324182297,-0.29885537304990617,-0.08607460877124318,0.05781957088882628,50,28.1,27.87,27.83,27.31,25.4,20.0,31.9,32.2,74.57,76.14,76.0,78.86,52.0,104.0,137.0,192.0
2023-12-24,202352,52.0,52,52,52,0.00038576766,15.547729,0,1,172100020235220087,2024-12-30,Palmas,0.5654355,334454,1,0.0,0,35,,,,,144514,24.27,28.41,33.47,12.3,75.57,88.0,23.74,0.8748466,84.0,23.57,0.8720575,119.0,23.46,1.3652804,96.0,23.1,1.2090331,85.75,23.76,3.970291913552122,-0.5183444561800177,-0.4723593429381947,-0.8171998292299238,-0.6044190649512609,51,27.4,28.1,27.87,27.83,34.7,25.4,20.0,31.9,78.57,74.57,76.14,76.0,104.0,137.0,192.0,196.0
2023-12-31,202401,104.0,104,104,104,0.9588118,31.095457,0,2,172100020240120095,2025-01-07,Palmas,1.2920622,334454,1,1.0,1,13,,,,,144514,23.87,26.21,29.74,81.7,87.57,52.0,24.27,0.5654355,88.0,23.74,0.8748466,84.0,23.57,0.8720575,119.0,23.46,1.3652804,82.0,23.862499999999997,4.653960350157523,0.6836684366054011,0.16532398042538343,0.2113090936672064,-0.13353139262452274,52,28.41,27.4,28.1,27.87,12.3,34.7,25.4,20.0,75.57,78.57,74.57,76.14,137.0,192.0,196.0,358.0
2024-01-07,202402,137.0,137,137,137,0.9999567,40.962284,0,2,172100020240220095,2025-01-07,Palmas,1.7194694,334454,1,1.0,1,8,,,,,144514,23.87,26.53,30.24,45.8,85.29,104.0,23.87,1.2920622,52.0,24.27,0.5654355,88.0,23.74,0.8748466,84.0,23.57,0.8720575,95.25,23.9375,4.927253685157205,0.273293334999682,0.9569617716050831,0.43861731542506543,0.4846024286668884,1,26.21,28.41,27.4,28.1,81.7,12.3,34.7,25.4,87.57,75.57,78.57,74.57,192.0,196.0,358.0,300.0
2024-01-14,202403,192.0,192,192,192,0.99999994,57.406998,0,3,172100020240320108,2025-01-20,Palmas,1.8690082,334454,1,1.0,1,13,,,,,144514,22.93,27.09,32.39,28.3,81.43,137.0,23.87,1.7194694,104.0,23.87,1.2920622,52.0,24.27,0.5654355,88.0,23.74,0.8748466,121.25,23.735,5.262690188904886,0.3354365037476805,0.6087298387473625,1.2923982753527636,0.774053819172746,2,26.53,26.21,28.41,27.4,45.8,81.7,12.3,34.7,85.29,87.57,75.57,78.57,196.0,358.0,300.0,372.0
2024-01-21,202404,196.0,196,196,196,0.99890023,58.602978,0,3,172100020240420116,2025-01-28,Palmas,1.3993043,334454,1,1.0,1,8,,,,,144514,24.19,26.69,30.26,108.5,87.0,192.0,22.93,1.8690082,137.0,23.87,1.7194694,104.0,23.87,1.2920622,52.0,24.27,0.5654355,157.25,23.715,5.2832037287379885,0.02051353983310289,0.3559500435807834,0.6292433785804654,1.3129118151858665,3,27.09,26.53,26.21,28.41,28.3,45.8,81.7,12.3,81.43,85.29,87.57,75.57,358.0,300.0,372.0,364.0
2024-01-28,202405,358.0,358,358,358,1.0,107.04013,0,3,172100020240520122,2025-02-03,Palmas,1.9631568,334454,1,1.0,2,31,,,,,144514,23.49,26.16,29.73,74.0,85.71,196.0,24.19,1.3993043,192.0,22.93,1.8690082,137.0,23.87,1.7194694,104.0,23.87,1.2920622,220.75,23.62,5.883322388488279,0.6001186597502901,0.620632199583393,0.9560687033310735,1.2293620383307555,4,26.69,27.09,26.53,26.21,108.5,28.3,45.8,81.7,87.0,81.43,85.29,87.57,300.0,372.0,364.0,366.0
2024-02-04,202406,300.0,300,300,300,0.9974471,89.69843,0,4,172100020240620130,2025-02-11,Palmas,1.2747588,334454,1,1.0,2,30,,,,,144514,23.87,27.13,31.74,77.4,82.29,358.0,23.49,1.9631568,196.0,24.19,1.3993043,192.0,22.93,1.8690082,137.0,23.87,1.7194694,261.5,23.62,5.707110264748875,-0.1762121237394032,0.4239065360108869,0.4444200758439898,0.7798565795916703,5,26.16,26.69,27.09,26.53,74.0,108.5,28.3,45.8,85.71,87.0,81.43,85.29,372.0,364.0,366.0,348.0
2024-02-11,202407,372.0,372,372,372,0.99878323,111.22606,0,4,172100020240720137,2025-02-18,Palmas,1.2656897,334454,1,1.0,2,23,,,,,144514,23.57,27.4,31.9,25.9,79.86,300.0,23.87,1.2747588,358.0,23.49,1.9631568,196.0,24.19,1.3993043,192.0,22.93,1.8690082,306.5,23.78,5.921578419643816,0.21446815489494053,0.03825603115553733,0.6383746909058274,0.6588882307389303,6,27.13,26.16,26.69,27.09,77.4,74.0,108.5,28.3,82.29,85.71,87.0,81.43,364.0,366.0,348.0,294.0
2024-02-18,202408,364.0,364,364,364,0.9180524,108.8341,0,4,172100020240820145,2025-02-26,Palmas,1.1117027,334454,1,0.0,2,25,,,,,144514,23.69,26.19,30.03,74.8,86.43,372.0,23.57,1.2656897,300.0,23.87,1.2747588,358.0,23.49,1.9631568,196.0,24.19,1.3993043,348.5,23.655,5.8998973535824915,-0.021681066061324472,0.19278708883361606,0.016574965094212857,0.616693624844503,7,27.4,27.13,26.16,26.69,25.9,77.4,74.0,108.5,79.86,82.29,85.71,87.0,366.0,348.0,294.0,256.0
2024-02-25,202409,366.0,366,366,366,0.73693573,109.43209,0,4,172100020240920153,2025-03-06,Palmas,1.0485331,334454,1,0.0,2,43,,,,,144514,23.91,28.07,32.83,37.1,78.43,364.0,23.69,1.1117027,372.0,23.57,1.2656897,300.0,23.87,1.2747588,358.0,23.49,1.9631568,350.5,23.76,5.905361848054571,0.0054644944720791955,-0.016216571589245277,0.19825158330569526,0.022039459566292052,8,26.19,27.4,27.13,26.16,74.8,25.9,77.4,74.0,86.43,79.86,82.29,85.71,348.0,294.0,256.0,231.0
2024-03-03,202410,348.0,348,348,348,0.3206965,104.050186,0,4,172100020241020157,2025-03-10,Palmas,0.9656242,334454,1,0.0,2,37,,,,,144514,23.97,27.69,32.33,58.2,81.86,366.0,23.91,1.0485331,364.0,23.69,1.1117027,372.0,23.57,1.2656897,300.0,23.87,1.2747588,362.5,23.785,5.855071922202427,-0.050289925852143647,-0.04482543138006445,-0.06650649744138892,0.1479616574535516,9,28.07,26.19,27.4,27.13,37.1,74.8,25.9,77.4,78.43,86.43,79.86,82.29,294.0,256.0,231.0,338.0
2024-03-10,202411,294.0,294,294,294,0.0077291583,87.904465,0,4,172100020241120165,2025-03-18,Palmas,0.82669777,334454,1,0.0,2,32,,,,,144514,24.94,28.69,33.31,13.9,79.86,348.0,23.97,0.9656242,366.0,23.91,1.0485331,364.0,23.69,1.1117027,372.0,23.57,1.2656897,343.0,24.127499999999998,5.68697535633982,-0.1680965658626068,-0.21838649171475044,-0.21292199724267125,-0.23460306330399572,10,27.69,28.07,26.19,27.4,58.2,37.1,74.8,25.9,81.86,78.43,86.43,79.86,256.0,231.0,338.0,398.0
2024-03-17,202412,256.0,256,256,256,0.0006718762,76.54266,0,2,172100020241220171,2025-03-24,Palmas,0.7671646,334454,1,0.0,1,33,,,,,144514,24.6,27.77,32.23,38.9,83.71,294.0,24.94,0.82669777,348.0,23.97,0.9656242,366.0,23.91,1.0485331,364.0,23.69,1.1117027,316.0,24.355,5.54907608489522,-0.13789927144460012,-0.3059958373072069,-0.35628576315935057,-0.35082126868727137,11,28.69,27.69,28.07,26.19,13.9,58.2,37.1,74.8,79.86,81.86,78.43,86.43,231.0,338.0,398.0,495.0
2024-03-24,202413,231.0,231,231,231,0.0019135809,69.067795,0,2,172100020241320178,2025-03-31,Palmas,0.7769005,334454,1,0.0,1,18,,,,,144514,24.3,27.44,31.94,44.2,83.14,256.0,24.6,0.7671646,294.0,24.94,0.82669777,348.0,23.97,0.9656242,366.0,23.91,1.0485331,282.25,24.4525,5.44673737166631,-0.1023387132289102,-0.24023798467351032,-0.4083345505361171,-0.45862447638826076,12,27.77,28.69,27.69,28.07,38.9,13.9,58.2,37.1,83.71,79.86,81.86,78.43,338.0,398.0,495.0,450.0
2024-03-31,202414,338.0,338,338,338,0.9978426,101.060234,0,2,172100020241420188,2025-04-10,Palmas,1.2617921,334454,1,1.0,2,20,,,,,144514,23.99,27.37,31.91,59.8,83.71,231.0,24.3,0.7769005,256.0,24.6,0.7671646,294.0,24.94,0.82669777,348.0,23.97,0.9656242,279.75,24.4575,5.82600010738045,0.37926273571414004,0.27692402248522985,0.13902475104062972,-0.02907181482197707,13,27.44,27.77,28.69,27.69,44.2,38.9,13.9,58.2,83.14,83.71,79.86,81.86,398.0,495.0,450.0,537.0
2024-04-07,202415,398.0,398,398,398,0.99999905,118.99992,0,4,172100020241520192,2025-04-14,Palmas,1.4481162,334454,1,1.0,2,25,,,,,144514,24.5,27.33,31.37,31.6,85.71,338.0,23.99,1.2617921,231.0,24.3,0.7769005,256.0,24.6,0.7671646,294.0,24.94,0.82669777,305.75,24.3475,5.988961416889864,0.1629613095094138,0.5422240452235538,0.43988533199464364,0.3019860605500435,14,27.37,27.44,27.77,28.69,59.8,44.2,38.9,13.9,83.71,83.14,83.71,79.86,495.0,450.0,537.0,404.0
2024-04-14,202416,495.0,495,495,495,1.0,148.00241,0,4,172100020241620200,2025-04-22,Palmas,1.5048366,334454,1,1.0,2,50,,,,,144514,24.33,27.76,32.33,44.8,83.29,398.0,24.5,1.4481162,338.0,23.99,1.2617921,231.0,24.3,0.7769005,256.0,24.6,0.7671646,365.5,24.279999999999998,6.206575926724928,0.21761450983506414,0.38057581934447793,0.759838555058618,0.6574998418297078,15,27.33,27.37,27.44,27.77,31.6,59.8,44.2,38.9,85.71,83.71,83.14,83.71,450.0,537.0,404.0,309.0
2024-04-21,202417,450.0,450,450,450,0.9622242,134.54765,0,4,172100020241720206,2025-04-28,Palmas,1.1298501,334454,1,1.0,2,43,,,,,144514,24.03,27.79,32.49,12.6,82.29,495.0,24.33,1.5048366,398.0,24.5,1.4481162,338.0,23.99,1.2617921,231.0,24.3,0.7769005,420.25,24.2125,6.111467339502679,-0.09510858722224924,0.1225059226128149,0.2854672321222287,0.6647299678363687,16,27.76,27.33,27.37,27.44,44.8,31.6,59.8,44.2,83.29,85.71,83.71,83.14,537.0,404.0,309.0,235.0
2024-04-28,202418,537.0,537,537,537,0.9969278,160.5602,0,4,172100020241820213,2025-05-05,Palmas,1.1907715,334454,1,1.0,2,50,,,,,144514,22.77,28.03,33.94,1.9,75.14,450.0,24.03,1.1298501,495.0,24.33,1.5048366,398.0,24.5,1.4481162,338.0,23.99,1.2617921,470.0,23.9075,6.2878585601617845,0.17639122065910584,0.0812826334368566,0.29889714327192074,0.4618584527813345,17,27.79,27.76,27.33,27.37,12.6,44.8,31.6,59.8,82.29,83.29,85.71,83.71,404.0,309.0,235.0,194.0
2024-05-05,202419,404.0,404,404,404,0.008967272,120.79389,0,4,172100020241920223,2025-05-15,Palmas,0.8521987,334454,0,0.0,2,36,,,,,144514,21.91,27.87,34.2,0.0,69.29,537.0,22.77,1.1907715,450.0,24.03,1.1298501,495.0,24.33,1.5048366,398.0,24.5,1.4481162,471.5,23.26,6.003887067106539,-0.2839714930552457,-0.10758027239613988,-0.20268885961838912,0.014925650216675024,18,28.03,27.79,27.76,27.33,1.9,12.6,44.8,31.6,75.14,82.29,83.29,85.71,309.0,235.0,194.0,165.0
2024-05-12,202420,309.0,309,309,309,7.3377953e-09,92.38939,0,4,172100020242020227,2025-05-19,Palmas,0.66295755,334454,0,0.0,2,34,,,,,144514,21.96,28.21,34.63,0.3,68.57,404.0,21.91,0.8521987,537.0,22.77,1.1907715,450.0,24.03,1.1298501,495.0,24.33,1.5048366,425.0,22.6675,5.736572297479192,-0.26731476962734657,-0.5512862626825923,-0.37489504202348645,-0.4700036292457357,19,27.87,28.03,27.79,27.76,0.0,1.9,12.6,44.8,69.29,75.14,82.29,83.29,235.0,194.0,165.0,149.0
2024-05-19,202421,235.0,235,235,235,6.4932504e-12,70.26377,0,1,172100020242120236,2025-05-28,Palmas,0.58008754,334454,0,0.0,1,14,,,,,144514,21.76,27.7,34.1,0.0,67.14,309.0,21.96,0.66295755,404.0,21.91,0.8521987,537.0,22.77,1.1907715,450.0,24.03,1.1298501,371.25,22.1,5.4638318050256105,-0.2727404924535817,-0.5400552620809282,-0.824026755136174,-0.6476355344770681,20,28.21,27.87,28.03,27.79,0.3,0.0,1.9,12.6,68.57,69.29,75.14,82.29,194.0,165.0,149.0,111.0
2024-05-26,202422,194.0,194,194,194,1.2887113e-08,58.004986,0,1,172100020242220241,2025-06-02,Palmas,0.60734886,334454,0,0.0,1,33,,,,,144514,20.04,26.93,34.61,0.0,63.86,235.0,21.76,0.58008754,309.0,21.96,0.66295755,404.0,21.91,0.8521987,537.0,22.77,1.1907715,285.5,21.417499999999997,5.272999558563747,-0.1908322464618637,-0.46357273891544537,-0.7308875085427919,-1.0148590015980377,21,27.7,28.21,27.87,28.03,0.0,0.3,0.0,1.9,67.14,68.57,69.29,75.14,165.0,149.0,111.0,69.0
2024-06-02,202423,165.0,165,165,165,1.8120683e-05,49.334137,0,1,172100020242320248,2025-06-09,Palmas,0.6636516,334454,0,0.0,1,13,,,,,144514,20.3,26.84,34.2,0.0,64.57,194.0,20.04,0.60734886,235.0,21.76,0.58008754,309.0,21.96,0.66295755,404.0,21.91,0.8521987,225.75,21.015,5.111987788356544,-0.16101177020720314,-0.35184401666906684,-0.6245845091226485,-0.8918992787499951,22,26.93,27.7,28.21,27.87,0.0,0.0,0.3,0.0,63.86,67.14,68.57,69.29,149.0,111.0,69.0,53.0
2024-06-09,202424,149.0,149,149,149,0.002745207,44.55022,0,1,172100020242420255,2025-06-16,Palmas,0.74212813,334454,0,0.0,1,3,,,,,144514,19.17,26.34,34.1,0.0,62.43,165.0,20.3,0.6636516,194.0,20.04,0.60734886,235.0,21.76,0.58008754,309.0,21.96,0.66295755,185.75,20.317500000000003,5.0106352940962555,-0.10135249426028814,-0.2623642644674913,-0.453196510929355,-0.7259370033829367,23,26.84,26.93,27.7,28.21,0.0,0.0,0.0,0.3,64.57,63.86,67.14,68.57,111.0,69.0,53.0,36.0
2024-06-16,202425,111.0,111,111,111,0.00025066687,33.18842,0,1,172100020242520262,2025-06-23,Palmas,0.65709007,334454,0,0.0,1,5,,,,,144514,18.57,25.93,33.79,0.0,60.29,149.0,19.17,0.74212813,165.0,20.3,0.6636516,194.0,20.04,0.60734886,235.0,21.76,0.58008754,154.75,19.52,4.718498871295094,-0.29213642280116137,-0.3934889170614495,-0.5545006872686526,-0.7453329337305163,24,26.34,26.84,26.93,27.7,0.0,0.0,0.0,0.0,62.43,64.57,63.86,67.14,69.0,53.0,36.0,45.0
2024-06-23,202426,69.0,69,69,69,2.0995547e-07,20.63064,0,1,172100020242620269,2025-06-30,Palmas,0.48760018,334454,0,0.0,0,6,,,,,144514,19.19,26.51,35.04,0.0,59.86,111.0,18.57,0.65709007,149.0,19.17,0.74212813,165.0,20.3,0.6636516,194.0,20.04,0.60734886,123.5,19.3075,4.248495242049359,-0.4700036292457348,-0.7621400520468962,-0.8634925463071843,-1.0245043165143874,25,25.93,26.34,26.84,26.93,0.0,0.0,0.0,0.0,60.29,62.43,64.57,63.86,53.0,36.0,45.0,60.0
2024-06-30,202427,53.0,53,53,53,3.3351716e-06,15.846724,0,1,172100020242720277,2025-07-08,Palmas,0.48316255,334454,0,0.0,0,7,,,,,144514,18.06,26.24,34.63,0.0,58.14,69.0,19.19,0.48760018,111.0,18.57,0.65709007,149.0,19.17,0.74212813,165.0,20.3,0.6636516,95.5,18.747500000000002,3.9889840465642745,-0.25951119548508483,-0.7295148247308196,-1.021651247531981,-1.1230037417922691,26,26.51,25.93,26.34,26.84,0.0,0.0,0.0,0.0,59.86,60.29,62.43,64.57,36.0,45.0,60.0,49.0
2024-07-07,202428,36.0,36,36,36,3.2701915e-05,10.763812,0,1,172100020242820283,2025-07-14,Palmas,0.46179828,334454,0,0.0,0,3,,,,,144514,19.77,27.0,34.69,0.1,58.0,53.0,18.06,0.48316255,69.0,19.19,0.48760018,111.0,18.57,0.65709007,149.0,19.17,0.74212813,67.25,18.8975,3.6109179126442243,-0.3780661339200502,-0.637577329405135,-1.1075809586508698,-1.3997173814520312,27,26.24,26.51,25.93,26.34,0.0,0.0,0.0,0.0,58.14,59.86,60.29,62.43,45.0,60.0,49.0,57.0
2024-07-14,202429,45.0,45,45,45,0.1428578,13.454765,0,1,172100020242920291,2025-07-22,Palmas,0.80853564,334454,0,0.0,0,1,,,,,144514,16.61,25.04,33.63,0.0,55.43,36.0,19.77,0.46179828,53.0,18.06,0.48316255,69.0,19.19,0.48760018,111.0,18.57,0.65709007,50.75,18.4075,3.828641396489095,0.21772348384487072,-0.16034265007517945,-0.4198538455602643,-0.8898574748059991,28,27.0,26.24,26.51,25.93,0.1,0.0,0.0,0.0,58.0,58.14,59.86,60.29,60.0,49.0,57.0,41.0
2024-07-21,202430,60.0,60,60,60,0.9213358,17.939686,0,1,172100020243020298,2025-07-29,Palmas,1.3171756,334454,0,0.0,0,4,,,,,144514,16.37,25.24,33.86,0.0,55.43,45.0,16.61,0.80853564,36.0,19.77,0.46179828,53.0,18.06,0.48316255,69.0,19.19,0.48760018,48.5,17.7025,4.110873864173311,0.2822324676842163,0.499955951529087,0.12188981760903683,-0.137621377876048,29,25.04,27.0,26.24,26.51,0.0,0.1,0.0,0.0,55.43,58.0,58.14,59.86,49.0,57.0,41.0,50.0
2024-07-28,202431,49.0,49,49,49,0.58083564,14.650744,0,1,172100020243120305,2025-08-05,Palmas,1.0423415,334454,0,0.0,0,1,,,,,144514,18.86,26.86,35.16,0.0,51.57,60.0,16.37,1.3171756,45.0,16.61,0.80853564,36.0,19.77,0.46179828,53.0,18.06,0.48316255,47.5,17.9025,3.912023005428146,-0.1988508587451654,0.08338160893905089,0.3011050927839216,-0.07696104113612856,30,25.24,25.04,27.0,26.24,0.0,0.0,0.1,0.0,55.43,55.43,58.0,58.14,57.0,41.0,50.0,36.0
2024-08-04,202432,57.0,57,57,57,0.686527,17.042702,0,1,172100020243220312,2025-08-12,Palmas,1.0972673,334454,0,0.0,0,1,,,,,144514,17.1,26.4,35.11,0.0,47.86,49.0,18.86,1.0423415,60.0,16.37,1.3171756,45.0,16.61,0.80853564,36.0,19.77,0.46179828,52.75,17.235,4.060443010546419,0.14842000511827314,-0.05043085362689226,0.23180161405732402,0.44952509790219475,31,26.86,25.24,25.04,27.0,0.0,0.0,0.0,0.1,51.57,55.43,55.43,58.0,41.0,50.0,36.0,58.0
2024-08-11,202433,41.0,41,41,41,0.11263189,12.258786,0,1,172100020243320320,2025-08-20,Palmas,0.7784508,334454,0,0.0,0,2,,,,,144514,21.29,28.7,36.26,0.0,51.57,57.0,17.1,1.0972673,49.0,18.86,1.0423415,60.0,16.37,1.3171756,45.0,16.61,0.80853564,51.75,18.405,3.7376696182833684,-0.3227733922630507,-0.17435338714477755,-0.37320424588994294,-0.09097177820572666,32,26.4,26.86,25.24,25.04,0.0,0.0,0.0,0.0,47.86,51.57,55.43,55.43,50.0,36.0,58.0,50.0
2024-08-18,202434,50.0,50,50,50,0.47365,14.9497385,0,1,172100020243420327,2025-08-27,Palmas,0.9869639,334454,0,0.0,0,2,,,,,144514,19.49,28.16,36.33,0.0,45.71,41.0,21.29,0.7784508,57.0,17.1,1.0972673,49.0,18.86,1.0423415,60.0,16.37,1.3171756,49.25,19.185,3.9318256327243257,0.19415601444095731,-0.12861737782209337,0.019802627296179764,-0.17904823144898563,33,28.7,26.4,26.86,25.24,0.0,0.0,0.0,0.0,51.57,47.86,51.57,55.43,36.0,58.0,50.0,42.0
2024-08-25,202435,36.0,36,36,36,0.10999563,10.763812,0,1,172100020243520332,2025-09-01,Palmas,0.7641897,334454,0,0.0,0,1,,,,,144514,21.1,28.91,36.71,0.0,42.43,50.0,19.49,0.9869639,41.0,21.29,0.7784508,57.0,17.1,1.0972673,49.0,18.86,1.0423415,46.0,19.744999999999997,3.6109179126442243,-0.3209077200801014,-0.12675170563914406,-0.44952509790219475,-0.3011050927839216,34,28.16,28.7,26.4,26.86,0.0,0.0,0.0,0.0,45.71,51.57,47.86,51.57,58.0,50.0,42.0,42.0
2024-09-01,202436,58.0,58,58,58,0.9008643,17.341698,0,1,172100020243620339,2025-09-08,Palmas,1.2885144,334454,0,0.0,0,0,,,,,144514,19.04,28.49,37.59,0.0,37.29,36.0,21.1,0.7641897,50.0,19.49,0.9869639,41.0,21.29,0.7784508,57.0,17.1,1.0972673,46.25,20.23,4.07753744390572,0.46661953126149536,0.14571181118139398,0.3398678256223513,0.01709443335930061,35,28.91,28.16,28.7,26.4,0.0,0.0,0.0,0.0,42.43,45.71,51.57,47.86,50.0,42.0,42.0,41.0
2024-09-08,202437,50.0,50,50,50,0.67183876,14.9497385,0,1,172100020243720346,2025-09-15,Palmas,1.0948777,334454,0,0.0,0,4,,,,,144514,20.41,28.97,37.33,0.0,39.29,58.0,19.04,1.2885144,36.0,21.1,0.7641897,50.0,19.49,0.9869639,41.0,21.29,0.7784508,48.5,20.009999999999998,3.9318256327243257,-0.14571181118139398,0.3209077200801014,0.0,0.19415601444095731,36,28.49,28.91,28.16,28.7,0.0,0.0,0.0,0.0,37.29,42.43,45.71,51.57,42.0,42.0,41.0,35.0
2024-09-15,202438,42.0,42,42,42,0.2271844,12.55778,0,1,172100020243820353,2025-09-22,Palmas,0.8553151,334454,0,0.0,0,0,,,,,144514,21.64,30.14,38.53,0.0,38.43,50.0,20.41,1.0948777,58.0,19.04,1.2885144,36.0,21.1,0.7641897,50.0,19.49,0.9869639,46.5,20.5475,3.7612001156935624,-0.17062551703076334,-0.3163373282121573,0.15028220304933804,-0.17062551703076334,37,28.97,28.49,28.91,28.16,0.0,0.0,0.0,0.0,39.29,37.29,42.43,45.71,42.0,41.0,35.0,40.0
2024-09-22,202439,42.0,42,42,42,0.24348323,12.55778,0,1,172100020243920363,2025-10-02,Palmas,0.86450624,334454,0,0.0,0,1,,,,,144514,23.11,30.33,37.57,0.0,47.0,42.0,21.64,0.8553151,50.0,20.41,1.0948777,58.0,19.04,1.2885144,36.0,21.1,0.7641897,48.0,21.05,3.7612001156935624,0.0,-0.17062551703076334,-0.3163373282121573,0.15028220304933804,38,30.14,28.97,28.49,28.91,0.0,0.0,0.0,0.0,38.43,39.29,37.29,42.43,41.0,35.0,40.0,40.0
2024-09-29,202440,41.0,41,41,41,0.3506991,12.258786,0,1,172100020244020367,2025-10-06,Palmas,0.920763,334454,0,0.0,0,1,,,,,144514,24.26,31.43,38.41,0.0,42.0,42.0,23.11,0.86450624,42.0,21.64,0.8553151,50.0,20.41,1.0948777,58.0,19.04,1.2885144,43.75,22.354999999999997,3.7376696182833684,-0.023530497410193973,-0.023530497410193973,-0.19415601444095731,-0.3398678256223513,39,30.33,30.14,28.97,28.49,0.0,0.0,0.0,0.0,47.0,38.43,39.29,37.29,35.0,40.0,40.0,35.0
2024-10-06,202441,35.0,35,35,35,0.22105402,10.464817,0,1,172100020244120375,2025-10-14,Palmas,0.8395235,334454,0,0.0,0,0,,,,,144514,24.64,29.66,35.97,6.6,63.29,41.0,24.26,0.920763,42.0,23.11,0.86450624,42.0,21.64,0.8553151,50.0,20.41,1.0948777,40.0,23.4125,3.58351893845611,-0.1541506798272585,-0.17768117723745247,-0.17768117723745247,-0.3483066942682158,40,31.43,30.33,30.14,28.97,0.0,0.0,0.0,0.0,42.0,47.0,38.43,39.29,40.0,40.0,35.0,70.0
2024-10-13,202442,40.0,40,40,40,0.5159464,11.959791,0,1,172100020244220381,2025-10-20,Palmas,1.0089533,334454,0,0.0,0,0,,,,,144514,24.53,28.23,32.99,57.9,70.86,35.0,24.64,0.8395235,41.0,24.26,0.920763,42.0,23.11,0.86450624,42.0,21.64,0.8553151,39.5,24.134999999999998,3.713572066704308,0.13005312824819804,-0.02409755157906046,-0.047628048989254435,-0.047628048989254435,41,29.66,31.43,30.33,30.14,6.6,0.0,0.0,0.0,63.29,42.0,47.0,38.43,40.0,35.0,70.0,72.0
2024-10-20,202443,40.0,40,40,40,0.58184975,11.959791,0,1,172100020244320389,2025-10-28,Palmas,1.0475925,334454,1,0.0,0,1,,,,,144514,24.57,28.93,33.81,45.9,70.57,40.0,24.53,1.0089533,35.0,24.64,0.8395235,41.0,24.26,0.920763,42.0,23.11,0.86450624,39.0,24.5,3.713572066704308,0.0,0.13005312824819804,-0.02409755157906046,-0.047628048989254435,42,28.23,29.66,31.43,30.33,57.9,6.6,0.0,0.0,70.86,63.29,42.0,47.0,35.0,70.0,72.0,80.0
2024-10-27,202444,35.0,35,35,35,0.34484956,10.464817,0,1,172100020244420395,2025-11-03,Palmas,0.9114431,334454,1,0.0,0,0,,,,,144514,23.9,27.23,32.01,66.6,79.71,40.0,24.57,1.0475925,40.0,24.53,1.0089533,35.0,24.64,0.8395235,41.0,24.26,0.920763,37.5,24.410000000000004,3.58351893845611,-0.13005312824819804,-0.13005312824819804,0.0,-0.1541506798272585,43,28.93,28.23,29.66,31.43,45.9,57.9,6.6,0.0,70.57,70.86,63.29,42.0,70.0,72.0,80.0,88.0
2024-11-03,202445,70.0,70,70,70,0.99809873,20.929634,0,2,172100020244520403,2025-11-11,Palmas,1.7516669,334454,1,0.0,0,3,,,,,144514,24.01,27.34,32.29,27.9,78.43,35.0,23.9,0.9114431,40.0,24.57,1.0475925,40.0,24.53,1.0089533,35.0,24.64,0.8395235,46.25,24.252499999999998,4.2626798770413155,0.6791609385852055,0.5491078103370075,0.5491078103370075,0.6791609385852055,44,27.23,28.93,28.23,29.66,66.6,45.9,57.9,6.6,79.71,70.57,70.86,63.29,72.0,80.0,88.0,91.0
2024-11-10,202446,72.0,72,72,72,0.9901085,21.527624,0,2,172100020244620410,2025-11-18,Palmas,1.5388755,334454,1,1.0,1,2,,,,,144514,23.4,26.63,30.57,49.1,81.29,70.0,24.01,1.7516669,35.0,23.9,0.9114431,40.0,24.57,1.0475925,40.0,24.53,1.0089533,54.25,23.97,4.290459441148391,0.027779564107075494,0.706940502692281,0.576887374444083,0.576887374444083,45,27.34,27.23,28.93,28.23,27.9,66.6,45.9,57.9,78.43,79.71,70.57,70.86,80.0,88.0,91.0,116.0
2024-11-17,202447,80.0,80,80,80,0.9510105,23.919582,0,2,172100020244720418,2025-11-26,Palmas,1.3228003,334454,1,1.0,1,0,,,,,144514,23.47,27.41,32.19,28.9,78.86,72.0,23.4,1.5388755,70.0,24.01,1.7516669,35.0,23.9,0.9114431,40.0,24.57,1.0475925,64.25,23.695,4.394449154672439,0.10398971352404818,0.13176927763112367,0.8109302162163292,0.6808770879681312,46,26.63,27.34,27.23,28.93,49.1,27.9,66.6,45.9,81.29,78.43,79.71,70.57,88.0,91.0,116.0,77.0
2024-11-24,202448,88.0,88,88,88,0.90014774,26.31154,0,2,172100020244820424,2025-12-02,Palmas,1.2248929,334454,1,0.0,1,1,,,,,144514,23.71,27.54,32.73,38.0,79.43,80.0,23.47,1.3228003,72.0,23.4,1.5388755,70.0,24.01,1.7516669,35.0,23.9,0.9114431,77.5,23.647499999999997,4.48863636973214,0.09418721505970051,0.1981769285837487,0.22595649269082418,0.9051174312760297,47,27.41,26.63,27.34,27.23,28.9,49.1,27.9,66.6,78.86,81.29,78.43,79.71,91.0,116.0,77.0,66.0
2024-12-01,202449,91.0,91,91,91,0.8117869,27.208525,0,2,172100020244920431,2025-12-09,Palmas,1.1448878,334454,1,0.0,1,2,,,,,144514,23.29,26.94,31.64,64.7,81.71,88.0,23.71,1.2248929,80.0,23.47,1.3228003,72.0,23.4,1.5388755,70.0,24.01,1.7516669,82.75,23.4675,4.5217885770490405,0.03315220731690083,0.12733942237660134,0.23132913590064952,0.259108700007725,48,27.54,27.41,26.63,27.34,38.0,28.9,49.1,27.9,79.43,78.86,81.29,78.43,116.0,77.0,66.0,93.0
2024-12-08,202450,116.0,116,116,116,0.97966915,34.683395,0,2,172100020245020437,2025-12-15,Palmas,1.3341125,334454,1,1.0,1,4,,,,,144514,22.91,27.46,33.27,26.1,78.29,91.0,23.29,1.1448878,88.0,23.71,1.2248929,80.0,23.47,1.3228003,72.0,23.4,1.5388755,93.75,23.345,4.762173934797756,0.24038535774871583,0.27353756506561666,0.3677247801253172,0.47171449364936535,49,26.94,27.54,27.41,26.63,64.7,38.0,28.9,49.1,81.71,79.43,78.86,81.29,77.0,66.0,93.0,108.0
2024-12-15,202451,77.0,77,77,77,0.09034768,23.022598,0,2,172100020245120437,2025-12-15,Palmas,0.81506604,334454,1,0.0,1,0,,,,,144514,23.73,26.67,31.41,58.5,83.71,116.0,22.91,1.3341125,91.0,23.29,1.1448878,88.0,23.71,1.2248929,80.0,23.47,1.3228003,93.0,23.41,4.356708826689592,-0.4054651081081646,-0.16507975035944877,-0.13192754304254795,-0.03774032798284743,50,27.46,26.94,27.54,27.41,26.1,64.7,38.0,28.9,78.29,81.71,79.43,78.86,66.0,93.0,108.0,141.0
2024-12-22,202452,66.0,66,66,66,0.009598151,19.733656,0,2,172100020245220437,2025-12-15,Palmas,0.69032395,334454,1,0.0,0,4,,,,,144514,23.84,26.37,30.71,86.3,85.43,77.0,23.73,0.81506604,116.0,22.91,1.3341125,91.0,23.29,1.1448878,88.0,23.71,1.2248929,87.5,23.442500000000003,4.204692619390966,-0.15201620729862597,-0.5574813154067906,-0.31709595765807475,-0.2839437503411739,51,26.67,27.46,26.94,27.54,58.5,26.1,64.7,38.0,83.71,78.29,81.71,79.43,93.0,108.0,141.0,194.0
2024-12-29,202501,93.0,93,93,93,0.72375554,27.806515,0,2,172100020250120459,2026-01-06,Palmas,1.0929298,334454,1,0.0,1,2,,,,,144514,23.11,26.53,31.31,54.6,83.86,66.0,23.84,0.69032395,77.0,23.73,0.81506604,116.0,22.91,1.3341125,91.0,23.29,1.1448878,88.0,23.3975,4.543294782270004,0.3386021628790381,0.18658595558041213,-0.21887915252775247,0.02150620522096336,52,26.37,26.67,27.46,26.94,86.3,58.5,26.1,64.7,85.43,83.71,78.29,81.71,108.0,141.0,194.0,194.0
2025-01-05,202502,108.0,108,108,108,0.9799404,32.291435,0,2,172100020250220459,2026-01-06,Palmas,1.3504324,334454,1,1.0,1,5,,,,,144514,23.63,26.06,29.71,88.5,87.14,93.0,23.11,1.0929298,66.0,23.84,0.69032395,77.0,23.73,0.81506604,116.0,22.91,1.3341125,86.0,23.5775,4.6913478822291435,0.14805309995913962,0.4866552628381777,0.33463905553955176,-0.07082605256861285,1,26.53,26.37,26.67,27.46,54.6,86.3,58.5,26.1,83.86,85.43,83.71,78.29,141.0,194.0,194.0,209.0
2025-01-12,202503,141.0,141,141,141,0.99945205,42.158264,0,1,172100020250320486,2026-02-02,Palmas,1.5409672,334454,0,1.0,1,1,,,,,144514,22.97,25.24,28.57,93.3,87.43,108.0,23.63,1.3504324,93.0,23.11,1.0929298,66.0,23.84,0.69032395,77.0,23.73,0.81506604,102.0,23.3875,4.955827057601261,0.2644791753721174,0.412532275331257,0.7511344382102951,0.5991182309116692,2,26.06,26.53,26.37,26.67,88.5,54.6,86.3,58.5,87.14,83.86,85.43,83.71,194.0,194.0,209.0,251.0
2025-01-19,202504,194.0,194,194,194,0.99999774,58.004986,0,3,172100020250420491,2026-02-07,Palmas,1.7002409,334454,0,1.0,1,9,,,,,144514,22.44,26.56,31.63,43.7,82.71,141.0,22.97,1.5409672,108.0,23.63,1.3504324,93.0,23.11,1.0929298,66.0,23.84,0.69032395,134.0,23.0375,5.272999558563747,0.31717250096248595,0.5816516763346034,0.729704776293743,1.068306939172781,3,25.24,26.06,26.53,26.37,93.3,88.5,54.6,86.3,87.43,87.14,83.86,85.43,194.0,209.0,251.0,229.0
2025-01-26,202505,194.0,194,194,194,0.99611604,58.004986,0,3,172100020250520495,2026-02-11,Palmas,1.3367841,334454,1,1.0,1,5,,,,,144514,23.01,26.36,30.93,72.5,85.14,194.0,22.44,1.7002409,141.0,22.97,1.5409672,108.0,23.63,1.3504324,93.0,23.11,1.0929298,159.25,23.0125,5.272999558563747,0.0,0.31717250096248595,0.5816516763346034,0.729704776293743,4,26.56,25.24,26.06,26.53,43.7,93.3,88.5,54.6,82.71,87.43,87.14,83.86,209.0,251.0,229.0,223.0
2025-02-02,202506,209.0,209,209,209,0.9540214,62.48991,0,3,172100020250620503,2026-02-19,Palmas,1.1875591,334454,1,1.0,1,7,,,,,144514,22.63,26.89,32.14,54.0,80.14,194.0,23.01,1.3367841,194.0,22.44,1.7002409,141.0,22.97,1.5409672,108.0,23.63,1.3504324,184.5,22.7625,5.3471075307174685,0.07410797215372167,0.07410797215372167,0.3912804731162076,0.655759648488325,5,26.36,26.56,25.24,26.06,72.5,43.7,93.3,88.5,85.14,82.71,87.43,87.14,251.0,229.0,223.0,174.0
2025-02-09,202507,251.0,251,251,251,0.9950411,75.04769,0,3,172100020250720507,2026-02-23,Palmas,1.2769336,334454,1,1.0,1,8,,,,,144514,23.0,25.83,29.94,36.2,86.43,209.0,22.63,1.1875591,194.0,23.01,1.3367841,194.0,22.44,1.7002409,141.0,22.97,1.5409672,212.0,22.77,5.529429087511423,0.1823215567939549,0.25642952894767657,0.25642952894767657,0.5736020299101625,6,26.89,26.36,26.56,25.24,54.0,72.5,43.7,93.3,80.14,85.14,82.71,87.43,229.0,223.0,174.0,203.0
2025-02-16,202508,229.0,229,229,229,0.7541521,68.4698,0,2,172100020250820516,2026-03-04,Palmas,1.067432,334454,1,0.0,1,7,,,,,144514,22.77,26.31,30.84,109.7,85.29,251.0,23.0,1.2769336,209.0,22.63,1.1875591,194.0,23.01,1.3367841,194.0,22.44,1.7002409,220.75,22.8525,5.438079308923196,-0.09134977858822779,0.0909717782057271,0.16507975035944877,0.16507975035944877,7,25.83,26.89,26.36,26.56,36.2,54.0,72.5,43.7,86.43,80.14,85.14,82.71,223.0,174.0,203.0,147.0
2025-02-23,202509,223.0,223,223,223,0.37966773,66.675835,0,2,172100020250920521,2026-03-09,Palmas,0.9716321,334454,1,0.0,1,10,,,,,144514,23.01,25.66,29.71,78.4,88.0,229.0,22.77,1.067432,251.0,23.0,1.2769336,209.0,22.63,1.1875591,194.0,23.01,1.3367841,228.0,22.8525,5.4116460518550396,-0.026433257068156024,-0.11778303565638382,0.06453852113757108,0.13864649329129275,8,26.31,25.83,26.89,26.36,109.7,36.2,54.0,72.5,85.29,86.43,80.14,85.14,174.0,203.0,147.0,149.0
2025-03-02,202510,174.0,174,174,174,0.0036567731,52.025093,0,2,172100020251020529,2026-03-17,Palmas,0.76444405,334454,1,0.0,1,7,,,,,144514,23.4,27.03,31.47,16.2,83.0,223.0,23.01,0.9716321,229.0,22.77,1.067432,251.0,23.0,1.2769336,209.0,22.63,1.1875591,219.25,23.045,5.1647859739235145,-0.2468600779315251,-0.2732933349996811,-0.3646431135879089,-0.182321556793954,9,25.66,26.31,25.83,26.89,78.4,109.7,36.2,54.0,88.0,85.29,86.43,80.14,203.0,147.0,149.0,187.0
2025-03-09,202511,203.0,203,203,203,0.3301604,60.695942,0,2,172100020251120535,2026-03-23,Palmas,0.9578059,334454,1,0.0,1,7,,,,,144514,23.61,27.29,32.56,16.3,82.43,174.0,23.4,0.76444405,223.0,23.01,0.9716321,229.0,22.77,1.067432,251.0,23.0,1.2769336,207.25,23.197499999999998,5.318119993844216,0.15333401992070161,-0.09352605801082348,-0.1199593150789795,-0.2113090936672073,10,27.03,25.66,26.31,25.83,16.2,78.4,109.7,36.2,83.0,88.0,85.29,86.43,147.0,149.0,187.0,194.0
2025-03-16,202512,147.0,147,147,147,0.0053987973,43.952232,0,2,172100020251220543,2026-03-31,Palmas,0.7579791,334454,1,0.0,1,8,,,,,144514,23.4,26.5,30.71,62.1,84.57,203.0,23.61,0.9578059,174.0,23.4,0.76444405,223.0,23.01,0.9716321,229.0,22.77,1.067432,186.75,23.355,4.997212273764115,-0.3209077200801014,-0.16757370015939976,-0.41443377809092485,-0.4408670351590809,11,27.29,27.03,25.66,26.31,16.3,16.2,78.4,109.7,82.43,83.0,88.0,85.29,149.0,187.0,194.0,258.0
2025-03-23,202513,149.0,149,149,149,0.044422053,44.55022,0,2,172100020251320552,2026-04-09,Palmas,0.8287386,334454,1,0.0,1,8,,,,,144514,23.29,26.49,30.93,79.4,85.86,147.0,23.4,0.7579791,203.0,23.61,0.9578059,174.0,23.4,0.76444405,223.0,23.01,0.9716321,168.25,23.424999999999997,5.0106352940962555,0.013423020332140823,-0.30748469974796055,-0.15415067982725894,-0.40101075775878403,12,26.5,27.29,27.03,25.66,62.1,16.3,16.2,78.4,84.57,82.43,83.0,88.0,187.0,194.0,258.0,291.0
2025-03-30,202514,187.0,187,187,187,0.8871329,55.912025,0,2,172100020251420556,2026-04-13,Palmas,1.137966,334454,1,0.0,1,12,,,,,144514,23.59,26.86,31.26,43.1,83.86,149.0,23.29,0.8287386,147.0,23.4,0.7579791,203.0,23.61,0.9578059,174.0,23.4,0.76444405,171.5,23.472499999999997,5.236441962829949,0.2258066687336937,0.23922968906583453,-0.08167803101426685,0.07165598890643476,13,26.49,26.5,27.29,27.03,79.4,62.1,16.3,16.2,85.86,84.57,82.43,83.0,194.0,258.0,291.0,321.0
2025-04-06,202515,194.0,194,194,194,0.95269585,58.004986,0,2,172100020251520565,2026-04-22,Palmas,1.1938729,334454,1,1.0,1,5,,,,,144514,23.69,27.09,31.81,55.0,84.43,187.0,23.59,1.137966,149.0,23.29,0.8287386,147.0,23.4,0.7579791,203.0,23.61,0.9578059,169.25,23.4925,5.272999558563747,0.03655759573379758,0.2623642644674913,0.2757872847996321,-0.04512043528046927,14,26.86,26.49,26.5,27.29,43.1,79.4,62.1,16.3,83.86,85.86,84.57,82.43,258.0,291.0,321.0,228.0
2025-04-13,202516,258.0,258,258,258,0.99990046,77.140656,0,2,172100020251620571,2026-04-28,Palmas,1.430252,334454,1,1.0,1,10,,,,,144514,23.54,27.19,32.03,47.4,84.71,194.0,23.69,1.1938729,187.0,23.59,1.137966,149.0,23.29,0.8287386,147.0,23.4,0.7579791,197.0,23.5275,5.556828061699537,0.28382850313579056,0.32038609886958813,0.5461927676032818,0.5596157879354227,15,27.09,26.86,26.49,26.5,55.0,43.1,79.4,62.1,84.43,83.86,85.86,84.57,291.0,321.0,228.0,190.0
2025-04-20,202517,291.0,291,291,291,0.99987084,87.007484,0,3,172100020251720578,2026-05-05,Palmas,1.388977,334454,1,1.0,1,9,,,,,144514,23.8,27.3,31.89,43.8,83.43,258.0,23.54,1.430252,194.0,23.69,1.1938729,187.0,23.59,1.137966,149.0,23.29,0.8287386,232.5,23.654999999999998,5.676753802268282,0.11992574056874439,0.40375424370453494,0.4403118394383325,0.6661185081720262,16,27.19,27.09,26.86,26.49,47.4,55.0,43.1,79.4,84.71,84.43,83.86,85.86,321.0,228.0,190.0,148.0
2025-04-27,202518,321.0,321,321,321,0.9988531,95.977325,0,3,172100020251820586,2026-05-13,Palmas,1.2923192,334454,1,1.0,2,8,,,,,144514,23.74,27.21,32.11,42.1,84.14,291.0,23.8,1.388977,258.0,23.54,1.430252,194.0,23.69,1.1938729,187.0,23.59,1.137966,266.0,23.692500000000003,5.7745515455444085,0.09779774327612678,0.21772348384487117,0.5015519869806617,0.5381095827144593,17,27.3,27.19,27.09,26.86,43.8,47.4,55.0,43.1,83.43,84.71,84.43,83.86,228.0,190.0,148.0,129.0
2025-05-04,202519,228.0,228,228,228,0.010619279,68.17081,0,2,172100020251920592,2026-05-19,Palmas,0.814791,334454,1,0.0,1,7,,,,,144514,22.9,27.7,33.26,1.7,77.0,321.0,23.74,1.2923192,291.0,23.8,1.388977,258.0,23.54,1.430252,194.0,23.69,1.1938729,274.5,23.495,5.43372200355424,-0.34082954199016857,-0.2430317987140418,-0.1231060581452974,0.16072244499049315,18,27.21,27.3,27.19,27.09,42.1,43.8,47.4,55.0,84.14,83.43,84.71,84.43,190.0,148.0,129.0,141.0
2025-05-11,202520,190.0,190,190,190,1.9453573e-05,56.80901,0,1,172100020252020599,2026-05-26,Palmas,0.6816969,334454,0,0.0,1,15,,,,,144514,21.71,26.93,32.99,0.0,71.14,228.0,22.9,0.814791,321.0,23.74,1.2923192,291.0,23.8,1.388977,258.0,23.54,1.430252,257.5,23.0375,5.25227342804663,-0.18144857550761007,-0.5222781174977786,-0.42448037422165186,-0.30455463365290747,19,27.7,27.21,27.3,27.19,1.7,42.1,43.8,47.4,77.0,84.14,83.43,84.71,148.0,129.0,141.0,107.0
2025-05-18,202521,148.0,148,148,148,1.4743497e-06,44.25123,0,1,172100020252120608,2026-06-04,Palmas,0.61801195,334454,0,0.0,1,3,,,,,144514,21.51,27.07,33.51,0.0,70.71,190.0,21.71,0.6816969,228.0,22.9,0.814791,321.0,23.74,1.2923192,291.0,23.8,1.388977,221.75,22.465,5.003946305945459,-0.2483271221011707,-0.42977569760878076,-0.7706052395989493,-0.6728074963228226,20,26.93,27.7,27.21,27.3,0.0,1.7,42.1,43.8,71.14,77.0,84.14,83.43,129.0,141.0,107.0,100.0
2025-05-25,202522,129.0,129,129,129,0.00019060164,38.570328,0,1,172100020252220619,2026-06-15,Palmas,0.6704766,334454,0,0.0,1,11,,,,,144514,19.64,26.79,34.17,0.0,66.14,148.0,21.51,0.61801195,190.0,21.71,0.6816969,228.0,22.9,0.814791,321.0,23.74,1.2923192,173.75,21.44,4.867534450455582,-0.136411855489877,-0.3847389775910477,-0.5661875530986578,-0.9070170950888263,21,27.07,26.93,27.7,27.21,0.0,0.0,1.7,42.1,70.71,71.14,77.0,84.14,141.0,107.0,100.0,104.0
2025-06-01,202523,141.0,141,141,141,0.16772842,42.158264,0,1,172100020252320621,2026-06-17,Palmas,0.89457506,334454,0,0.0,1,5,,,,,144514,20.03,26.73,33.76,0.0,67.71,129.0,19.64,0.6704766,148.0,21.51,0.61801195,190.0,21.71,0.6816969,228.0,22.9,0.814791,152.0,20.7225,4.955827057601261,0.08829260714567866,-0.04811924834419834,-0.29644637044536903,-0.4778949459529791,22,26.79,27.07,26.93,27.7,0.0,0.0,0.0,1.7,66.14,70.71,71.14,77.0,107.0,100.0,104.0,84.0
2025-06-08,202524,107.0,107,107,107,0.021922866,31.992441,0,1,172100020252420627,2026-06-23,Palmas,0.7726621,334454,0,0.0,1,3,,,,,144514,19.96,26.81,34.74,0.0,62.71,141.0,20.03,0.89457506,129.0,19.64,0.6704766,148.0,21.51,0.61801195,190.0,21.71,0.6816969,131.25,20.285,4.68213122712422,-0.27369583047704094,-0.18540322333136228,-0.3218150788212393,-0.57014220092241,23,26.73,26.79,27.07,26.93,0.0,0.0,0.0,0.0,67.71,66.14,70.71,71.14,100.0,104.0,84.0,58.0
2025-06-15,202525,100.0,100,100,100,0.033159293,29.899477,0,1,172100020252520636,2026-07-02,Palmas,0.7835839,334454,0,0.0,1,3,,,,,144514,19.23,26.2,33.66,0.0,62.14,107.0,19.96,0.7726621,141.0,20.03,0.89457506,129.0,19.64,0.6704766,148.0,21.51,0.61801195,119.25,19.715,4.61512051684126,-0.06701071028296024,-0.3407065407600012,-0.2524139336143225,-0.3888257891041995,24,26.81,26.73,26.79,27.07,0.0,0.0,0.0,0.0,62.71,67.71,66.14,70.71,104.0,84.0,58.0,55.0
2025-06-22,202526,104.0,104,104,104,0.24316445,31.095457,0,1,172100020252620642,2026-07-08,Palmas,0.9101781,334454,0,0.0,1,8,,,,,144514,18.97,26.86,34.84,0.0,61.29,100.0,19.23,0.7835839,107.0,19.96,0.7726621,141.0,20.03,0.89457506,129.0,19.64,0.6704766,113.0,19.5475,4.653960350157523,0.038839833316263395,-0.028170876966696845,-0.3018667074437378,-0.21357410029805912,25,26.2,26.81,26.73,26.79,0.0,0.0,0.0,0.0,62.14,62.71,67.71,66.14,84.0,58.0,55.0,74.0
2025-06-29,202527,84.0,84,84,84,0.0746866,25.11556,0,1,172100020252720647,2026-07-13,Palmas,0.8101085,334454,0,0.0,1,7,,,,,144514,18.94,26.34,34.11,0.0,57.43,104.0,18.97,0.9101781,100.0,19.23,0.7835839,107.0,19.96,0.7726621,141.0,20.03,0.89457506,98.75,19.275,4.442651256490317,-0.2113090936672064,-0.172469260350943,-0.23947997063390325,-0.5131758011109442,26,26.86,26.2,26.81,26.73,0.0,0.0,0.0,0.0,61.29,62.14,62.71,67.71,58.0,55.0,74.0,72.0
2025-07-06,202528,58.0,58,58,58,0.0011246422,17.341698,0,1,172100020252820654,2026-07-20,Palmas,0.6069263,334454,0,0.0,0,4,,,,,144514,18.07,25.71,33.67,0.0,57.29,84.0,18.94,0.8101085,104.0,18.97,0.9101781,100.0,19.23,0.7835839,107.0,19.96,0.7726621,86.5,18.802500000000002,4.07753744390572,-0.36511381258459696,-0.5764229062518034,-0.53758307293554,-0.6045937832185002,27,26.34,26.86,26.2,26.81,0.0,0.0,0.0,0.0,57.43,61.29,62.14,62.71,55.0,74.0,72.0,89.0
2025-07-13,202529,55.0,55,55,55,0.011065171,16.444714,0,1,172100020252920662,2026-07-28,Palmas,0.67424864,334454,0,0.0,0,5,,,,,144514,16.57,24.9,33.59,0.0,56.14,58.0,18.07,0.6069263,84.0,18.94,0.8101085,104.0,18.97,0.9101781,100.0,19.23,0.7835839,75.25,18.1375,4.02535169073515,-0.05218575317057006,-0.417299565755167,-0.6286086594223734,-0.58976882610611,28,25.71,26.34,26.86,26.2,0.0,0.0,0.0,0.0,57.29,57.43,61.29,62.14,74.0,72.0,89.0,67.0
2025-07-20,202530,74.0,74,74,74,0.72747177,22.125614,0,1,172100020253020671,2026-08-06,Palmas,1.10711,334454,0,0.0,0,6,,,,,144514,18.13,26.83,35.33,0.0,53.0,55.0,16.57,0.67424864,58.0,18.07,0.6069263,84.0,18.94,0.8101085,104.0,18.97,0.9101781,67.75,17.927500000000002,4.31748811353631,0.2921364228011605,0.23995066963059042,-0.12516314295400655,-0.33647223662121295,29,24.9,25.71,26.34,26.86,0.0,0.0,0.0,0.0,56.14,57.29,57.43,61.29,72.0,89.0,67.0,56.0
2025-07-27,202531,72.0,72,72,72,0.78728724,21.527624,0,1,172100020253120676,2026-08-11,Palmas,1.1468801,334454,0,0.0,0,7,,,,,144514,19.04,27.01,35.53,0.0,51.86,74.0,18.13,1.10711,55.0,16.57,0.67424864,58.0,18.07,0.6069263,84.0,18.94,0.8101085,64.75,17.9525,4.290459441148391,-0.027028672387919173,0.2651077504132413,0.21292199724267125,-0.15219181534192572,30,26.83,24.9,25.71,26.34,0.0,0.0,0.0,0.0,53.0,56.14,57.29,57.43,89.0,67.0,56.0,62.0
2025-08-03,202532,89.0,89,89,89,0.9493272,26.610535,0,1,172100020253220683,2026-08-18,Palmas,1.2988712,334454,0,0.0,1,6,,,,,144514,18.99,27.24,35.34,0.0,51.0,72.0,19.04,1.1468801,74.0,18.13,1.10711,55.0,16.57,0.67424864,58.0,18.07,0.6069263,72.5,18.182499999999997,4.499809670330265,0.20935022918187407,0.1823215567939549,0.4744579795951154,0.4222722264245453,31,27.01,26.83,24.9,25.71,0.0,0.0,0.0,0.0,51.86,53.0,56.14,57.29,67.0,56.0,62.0,45.0
2025-08-10,202533,67.0,67,67,67,0.24989888,20.03265,0,1,172100020253320689,2026-08-24,Palmas,0.893143,334454,0,0.0,0,9,,,,,144514,21.11,28.07,35.66,2.0,50.14,89.0,18.99,1.2988712,72.0,19.04,1.1468801,74.0,18.13,1.10711,55.0,16.57,0.67424864,75.5,19.3175,4.219507705176107,-0.28030196515415806,-0.07095173597228399,-0.09798040836020316,0.19415601444095731,32,27.24,27.01,26.83,24.9,0.0,0.0,0.0,0.0,51.0,51.86,53.0,56.14,56.0,62.0,45.0,59.0
2025-08-17,202534,56.0,56,56,56,0.037299786,16.743708,0,1,172100020253420698,2026-09-02,Palmas,0.73288715,334454,0,0.0,0,7,,,,,144514,19.43,27.69,35.99,0.0,43.57,67.0,21.11,0.893143,89.0,18.99,1.2988712,72.0,19.04,1.1468801,74.0,18.13,1.10711,71.0,19.6425,4.04305126783455,-0.1764564373415567,-0.45675840249571475,-0.24740817331384068,-0.27443684570175986,33,28.07,27.24,27.01,26.83,2.0,0.0,0.0,0.0,50.14,51.0,51.86,53.0,62.0,45.0,59.0,65.0
2025-08-24,202535,62.0,62,62,62,0.2589739,18.537676,0,1,172100020253520707,2026-09-11,Palmas,0.89356387,334454,0,0.0,0,3,,,,,144514,20.19,28.7,36.94,0.0,42.0,56.0,19.43,0.73288715,67.0,21.11,0.893143,89.0,18.99,1.2988712,72.0,19.04,1.1468801,68.5,19.93,4.143134726391533,0.10008345855698231,-0.07637297878457439,-0.35667494393873245,-0.14732471475685838,34,27.69,28.07,27.24,27.01,0.0,2.0,0.0,0.0,43.57,50.14,51.0,51.86,45.0,59.0,65.0,60.0
2025-08-31,202536,45.0,45,45,45,0.05774531,13.454765,0,1,172100020253620713,2026-09-17,Palmas,0.7362703,334454,0,0.0,0,4,,,,,144514,21.83,28.86,36.6,0.0,43.14,62.0,20.19,0.89356387,56.0,19.43,0.73288715,67.0,21.11,0.893143,89.0,18.99,1.2988712,57.5,20.64,3.828641396489095,-0.3144933299024375,-0.2144098713454552,-0.3908663086870119,-0.67116827384117,35,28.7,27.69,28.07,27.24,0.0,0.0,2.0,0.0,42.0,43.57,50.14,51.0,59.0,65.0,60.0,63.0
2025-09-07,202537,59.0,59,59,59,0.59667873,17.640692,0,1,172100020253720719,2026-09-23,Palmas,1.046461,334454,0,0.0,0,1,,,,,144514,21.23,29.59,37.69,0.2,42.43,45.0,21.83,0.7362703,62.0,20.19,0.89356387,56.0,19.43,0.73288715,67.0,21.11,0.893143,55.5,20.67,4.0943445622221,0.26570316573300534,-0.04879016416943216,0.05129329438755015,-0.12516314295400655,36,28.86,28.7,27.69,28.07,0.0,0.0,0.0,2.0,43.14,42.0,43.57,50.14,65.0,60.0,63.0,79.0
2025-09-14,202538,65.0,65,65,65,0.84270275,19.43466,0,1,172100020253820719,2026-09-23,Palmas,1.2020849,334454,0,0.0,0,3,,,,,144514,23.93,30.06,36.34,0.5,49.29,59.0,21.23,1.046461,45.0,21.83,0.7362703,62.0,20.19,0.89356387,56.0,19.43,0.73288715,57.75,21.794999999999998,4.189654742026425,0.09531017980432477,0.3610133455373301,0.04652001563489261,0.14660347419187492,37,29.59,28.86,28.7,27.69,0.2,0.0,0.0,0.0,42.43,43.14,42.0,43.57,60.0,63.0,79.0,74.0
2025-09-21,202539,60.0,60,60,60,0.60968256,17.939686,0,1,172100020253920719,2026-09-23,Palmas,1.0526583,334454,0,0.0,0,1,,,,,144514,24.01,29.21,35.43,17.6,60.57,65.0,23.93,1.2020849,59.0,21.23,1.046461,45.0,21.83,0.7362703,62.0,20.19,0.89356387,57.25,22.75,4.110873864173311,-0.07878087785311383,0.01652930195121094,0.2822324676842163,-0.03226086221822122,38,30.06,29.59,28.86,28.7,0.5,0.2,0.0,0.0,49.29,42.43,43.14,42.0,63.0,79.0,74.0,53.0
2025-09-28,202540,63.0,63,63,63,0.57723904,18.836672,0,1,172100020254020719,2026-09-23,Palmas,1.0355173,334454,0,0.0,0,2,,,,,144514,23.24,30.5,37.73,0.0,41.29,60.0,24.01,1.0526583,65.0,23.93,1.2020849,59.0,21.23,1.046461,45.0,21.83,0.7362703,61.75,23.1025,4.1588830833596715,0.04800921918636014,-0.030771658666753687,0.06453852113757108,0.3302416868705764,39,29.21,30.06,29.59,28.86,17.6,0.5,0.2,0.0,60.57,49.29,42.43,43.14,79.0,74.0,53.0,62.0
2025-10-05,202541,79.0,79,79,79,0.91724247,23.620588,0,1,172100020254120719,2026-09-23,Palmas,1.2626393,334454,0,0.0,1,7,,,,,144514,23.49,29.44,35.99,4.5,54.29,63.0,23.24,1.0355173,60.0,24.01,1.0526583,65.0,23.93,1.2020849,59.0,21.23,1.046461,66.75,23.667499999999997,4.382026634673881,0.2231435513142097,0.27115277050056985,0.19237189264745602,0.2876820724517808,40,30.5,29.21,30.06,29.59,0.0,17.6,0.5,0.2,41.29,60.57,49.29,42.43,74.0,53.0,62.0,54.0
2025-10-12,202542,74.0,74,74,74,0.7360859,22.125614,0,1,172100020254220719,2026-09-23,Palmas,1.1121192,334454,0,0.0,0,1,,,,,144514,23.16,28.04,34.14,16.3,68.29,79.0,23.49,1.2626393,63.0,23.24,1.0355173,60.0,24.01,1.0526583,65.0,23.93,1.2020849,69.0,23.475,4.31748811353631,-0.06453852113757108,0.15860503017663863,0.20661424936299877,0.12783337150988494,41,29.44,30.5,29.21,30.06,4.5,0.0,17.6,0.5,54.29,41.29,60.57,49.29,53.0,62.0,54.0,57.0
2025-10-19,202543,53.0,53,53,53,0.05153692,15.846724,0,1,172100020254320719,2026-09-23,Palmas,0.7458125,334454,0,0.0,0,1,,,,,144514,23.8,28.24,33.4,7.9,61.29,74.0,23.16,1.1121192,79.0,23.49,1.2626393,63.0,23.24,1.0355173,60.0,24.01,1.0526583,67.25,23.4225,3.9889840465642745,-0.3285040669720356,-0.3930425881096067,-0.16989903679539697,-0.12188981760903683,42,28.04,29.44,30.5,29.21,16.3,4.5,0.0,17.6,68.29,54.29,41.29,60.57,62.0,54.0,57.0,49.0
2025-10-26,202544,62.0,62,62,62,0.28444487,18.537676,0,1,172100020254420719,2026-09-23,Palmas,0.905302,334454,0,0.0,0,2,,,,,144514,24.4,29.96,35.99,11.8,55.0,53.0,23.8,0.7458125,74.0,23.16,1.1121192,79.0,23.49,1.2626393,63.0,23.24,1.0355173,67.0,23.7125,4.143134726391533,0.15415067982725805,-0.17435338714477755,-0.23889190828234863,-0.01574835696813892,43,28.24,28.04,29.44,30.5,7.9,16.3,4.5,0.0,61.29,68.29,54.29,41.29,54.0,57.0,49.0,41.0
2025-11-02,202545,54.0,54,54,54,0.24119785,16.145718,0,1,172100020254520719,2026-09-23,Palmas,0.877762,334454,1,0.0,0,1,,,,,144514,23.81,27.7,33.09,38.6,78.43,62.0,24.4,0.905302,53.0,23.8,0.7458125,74.0,23.16,1.1121192,79.0,23.49,1.2626393,60.75,23.792499999999997,4.007333185232471,-0.1358015411590614,0.018349138668196652,-0.31015492830383895,-0.37469344944141003,44,29.96,28.24,28.04,29.44,11.8,7.9,16.3,4.5,55.0,61.29,68.29,54.29,57.0,49.0,41.0,71.0
2025-11-09,202546,57.0,57,57,57,0.4606184,17.042702,0,1,172100020254620719,2026-09-23,Palmas,0.9817981,334454,0,0.0,0,9,,,,,144514,23.81,28.41,33.6,40.8,72.29,54.0,23.81,0.877762,62.0,24.4,0.905302,53.0,23.8,0.7458125,74.0,23.16,1.1121192,56.5,23.955,4.060443010546419,0.05310982531394792,-0.08269171584511348,0.07145896398214457,-0.25704510298989103,45,27.7,29.96,28.24,28.04,38.6,11.8,7.9,16.3,78.43,55.0,61.29,68.29,49.0,41.0,71.0,63.0
2025-11-16,202547,49.0,49,49,49,0.24088773,14.650744,0,1,172100020254720719,2026-09-23,Palmas,0.8721484,334454,1,0.0,0,3,,,,,144514,23.46,27.61,32.41,42.3,75.29,57.0,23.81,0.9817981,54.0,23.81,0.877762,62.0,24.4,0.905302,53.0,23.8,0.7458125,55.5,23.869999999999997,3.912023005428146,-0.14842000511827314,-0.09531017980432521,-0.2311117209633866,-0.07696104113612856,46,28.41,27.7,29.96,28.24,40.8,38.6,11.8,7.9,72.29,78.43,55.0,61.29,41.0,71.0,63.0,65.0
2025-11-23,202548,41.0,41,41,41,0.09844758,12.258786,0,1,172100020254820719,2026-09-23,Palmas,0.76680416,334454,1,0.0,0,1,,,,,144514,23.8,26.73,30.99,61.1,83.86,49.0,23.46,0.8721484,57.0,23.81,0.9817981,54.0,23.81,0.877762,62.0,24.4,0.905302,50.25,23.72,3.7376696182833684,-0.17435338714477755,-0.3227733922630507,-0.26966356694910276,-0.40546510810816416,47,27.61,28.41,27.7,29.96,42.3,40.8,38.6,11.8,75.29,72.29,78.43,55.0,71.0,63.0,65.0,53.0
2025-11-30,202549,71.0,71,71,71,0.9707173,21.22863,0,2,172100020254920719,2026-09-23,Palmas,1.4117512,334454,1,0.0,0,2,,,,,144514,23.27,25.91,29.67,55.8,85.0,41.0,23.8,0.76680416,49.0,23.46,0.8721484,57.0,23.81,0.9817981,54.0,23.81,0.877762,54.5,23.585,4.276666119016055,0.5389965007326869,0.36464311358790935,0.21622310846963622,0.26933293378358414,48,26.73,27.61,28.41,27.7,61.1,42.3,40.8,38.6,83.86,75.29,72.29,78.43,63.0,65.0,53.0,84.0
2025-12-07,202550,63.0,63,63,63,0.84578335,18.836672,0,2,172100020255020719,2026-09-23,Palmas,1.2087553,334454,1,0.0,0,3,,,,,144514,23.31,26.56,31.09,48.7,82.43,71.0,23.27,1.4117512,41.0,23.8,0.76680416,49.0,23.46,0.8721484,57.0,23.81,0.9817981,56.0,23.46,4.1588830833596715,-0.11778303565638382,0.4212134650763031,0.24686007793152553,0.0984400728132524,49,25.91,26.73,27.61,28.41,55.8,61.1,42.3,40.8,85.0,83.86,75.29,72.29,65.0,53.0,84.0,102.0
2025-12-14,202551,65.0,65,65,65,0.67634225,19.43466,0,2,172100020255120719,2026-09-23,Palmas,1.0850556,334454,1,0.0,0,9,,,,,144514,23.71,26.93,31.16,113.8,83.71,63.0,23.31,1.2087553,71.0,23.27,1.4117512,41.0,23.8,0.76680416,49.0,23.46,0.8721484,60.0,23.522499999999997,4.189654742026425,0.030771658666753687,-0.08701137698963013,0.45198512374305677,0.2776317365982792,50,26.56,25.91,26.73,27.61,48.7,55.8,61.1,42.3,82.43,85.0,83.86,75.29,53.0,84.0,102.0,139.0
2025-12-21,202552,53.0,53,53,53,0.16781045,15.846724,0,1,172100020255220719,2026-09-23,Palmas,0.8367355,334454,0,0.0,0,7,,,,,144514,22.7,26.39,30.81,35.8,80.43,65.0,23.71,1.0850556,63.0,23.31,1.2087553,71.0,23.27,1.4117512,41.0,23.8,0.76680416,63.0,23.2475,3.9889840465642745,-0.20067069546215066,-0.16989903679539697,-0.2876820724517808,0.2513144282809061,51,26.93,26.56,25.91,26.73,113.8,48.7,55.8,61.1,83.71,82.43,85.0,83.86,84.0,102.0,139.0,128.0
2025-12-28,202553,84.0,84,84,84,0.9624259,25.11556,0,1,172100020255320719,2026-09-23,Palmas,1.3427796,334454,1,1.0,1,17,,,,,144514,23.17,26.9,31.97,65.2,81.86,53.0,22.7,0.8367355,65.0,23.71,1.0850556,63.0,23.31,1.2087553,71.0,23.27,1.4117512,66.25,23.2225,4.442651256490317,0.45366720992604215,0.2529965144638915,0.2837681731306452,0.16598513747426136,52,26.39,26.93,26.56,25.91,35.8,113.8,48.7,55.8,80.43,83.71,82.43,85.0,102.0,139.0,128.0,139.0
2026-01-04,202601,102.0,102,102,102,0.99709564,30.497467,0,1,172100020260120719,2026-09-23,Palmas,1.5355362,334454,1,1.0,1,13,,,,,144514,22.97,26.64,31.94,47.1,81.0,84.0,23.17,1.3427796,53.0,22.7,0.8367355,65.0,23.71,1.0850556,63.0,23.31,1.2087553,76.0,23.1375,4.634728988229636,0.1920777317393192,0.6457449416653613,0.4450742462032107,0.47584590486996436,1,26.9,26.39,26.93,26.56,65.2,35.8,113.8,48.7,81.86,80.43,83.71,82.43,139.0,128.0,139.0,205.0
2026-01-11,202602,139.0,139,139,139,0.9999382,41.560276,0,3,172100020260220719,2026-09-23,Palmas,1.688542,334454,1,1.0,1,33,,,,,144514,23.13,27.37,32.64,25.7,76.86,102.0,22.97,1.5355362,84.0,23.17,1.3427796,53.0,22.7,0.8367355,65.0,23.71,1.0850556,94.5,22.9925,4.941642422609304,0.306913434379668,0.4989911661189872,0.9526583760450293,0.7519876805828787,2,26.64,26.9,26.39,26.93,47.1,65.2,35.8,113.8,81.0,81.86,80.43,83.71,128.0,139.0,205.0,210.0
2026-01-18,202603,128.0,128,128,128,0.9369951,38.27133,0,2,172100020260320719,2026-09-23,Palmas,1.2223006,334454,1,0.0,1,36,,,,,144514,23.2,25.94,29.53,79.2,85.71,139.0,23.13,1.688542,102.0,22.97,1.5355362,84.0,23.17,1.3427796,53.0,22.7,0.8367355,113.25,23.1175,4.859812404361672,-0.08183001824763192,0.22508341613203608,0.4171611478713553,0.8708283577973974,3,27.37,26.64,26.9,26.39,25.7,47.1,65.2,35.8,76.86,81.0,81.86,80.43,139.0,205.0,210.0,190.0
2026-01-25,202604,139.0,139,139,139,0.832852,41.560276,0,2,172100020260420719,2026-09-23,Palmas,1.1265103,334454,1,0.0,1,41,,,,,144514,23.06,27.2,32.5,35.9,81.29,128.0,23.2,1.2223006,139.0,23.13,1.688542,102.0,22.97,1.5355362,84.0,23.17,1.3427796,127.0,23.09,4.941642422609304,0.08183001824763192,0.0,0.306913434379668,0.4989911661189872,4,25.94,27.37,26.64,26.9,79.2,25.7,47.1,65.2,85.71,76.86,81.0,81.86,205.0,210.0,190.0,177.0
2026-02-01,202605,205.0,205,205,205,0.99992687,61.29393,0,2,172100020260520719,2026-09-23,Palmas,1.5152953,334454,1,1.0,1,64,,,,,144514,22.96,26.53,31.04,87.7,83.43,139.0,23.06,1.1265103,128.0,23.2,1.2223006,139.0,23.13,1.688542,102.0,22.97,1.5355362,152.75,23.0875,5.327876168789581,0.3862337461802774,0.4680637644279093,0.3862337461802774,0.6931471805599454,5,27.2,25.94,27.37,26.64,35.9,79.2,25.7,47.1,81.29,85.71,76.86,81.0,210.0,190.0,177.0,208.0
2026-02-08,202606,210.0,210,210,210,0.99793875,62.788902,0,1,172100020260620719,2026-09-23,Palmas,1.351913,334454,0,1.0,1,61,,,,,144514,22.89,26.1,30.7,89.5,85.0,205.0,22.96,1.5152953,139.0,23.06,1.1265103,128.0,23.2,1.2223006,139.0,23.13,1.688542,170.5,23.0275,5.351858133476067,0.02398196468648539,0.4102157108667628,0.4920457291143947,0.4102157108667628,6,26.53,27.2,25.94,27.37,87.7,35.9,79.2,25.7,83.43,81.29,85.71,76.86,190.0,177.0,208.0,203.0
2026-02-15,202607,190.0,190,190,190,0.6213567,56.80901,0,1,172100020260720719,2026-09-23,Palmas,1.032441,334454,1,0.0,1,46,,,,,144514,23.07,26.03,30.29,81.8,86.29,210.0,22.89,1.351913,205.0,22.96,1.5152953,139.0,23.06,1.1265103,128.0,23.2,1.2223006,186.0,22.995,5.25227342804663,-0.09958470542943676,-0.07560274074295137,0.310631005437326,0.39246102368495794,7,26.1,26.53,27.2,25.94,89.5,87.7,35.9,79.2,85.0,83.43,81.29,85.71,177.0,208.0,203.0,210.0
2026-02-22,202608,177.0,177,177,177,0.15015876,52.922077,0,1,172100020260820719,2026-09-23,Palmas,0.8984612,334454,0,0.0,1,61,,,,,144514,23.49,25.57,29.07,299.9,88.86,190.0,23.07,1.032441,210.0,22.89,1.351913,205.0,22.96,1.5152953,139.0,23.06,1.1265103,195.5,23.1025,5.181783550292085,-0.07048987775454485,-0.1700745831839816,-0.14609261849749622,0.24014112768278117,8,26.03,26.1,26.53,27.2,81.8,89.5,87.7,35.9,86.29,85.0,83.43,81.29,208.0,203.0,210.0,258.0
2026-03-01,202609,208.0,208,208,208,0.782858,62.190914,0,1,172100020260920719,2026-09-23,Palmas,1.0812309,334454,0,0.0,1,40,,,,,144514,23.5,25.71,29.0,83.4,89.71,177.0,23.49,0.8984612,190.0,23.07,1.032441,210.0,22.89,1.351913,205.0,22.96,1.5152953,196.25,23.2375,5.342334251964811,0.1605507016727259,0.09006082391818104,-0.009523881511255716,0.014458083175229675,9,25.57,26.03,26.1,26.53,299.9,81.8,89.5,87.7,88.86,86.29,85.0,83.43,203.0,210.0,258.0,272.0
2026-03-08,202610,203.0,203,203,203,0.7418929,60.695942,0,1,172100020261020719,2026-09-23,Palmas,1.0676191,334454,1,0.0,1,50,,,,,144514,23.56,27.44,32.34,21.1,82.57,208.0,23.5,1.0812309,177.0,23.49,0.8984612,190.0,23.07,1.032441,210.0,22.89,1.351913,194.5,23.405,5.318119993844216,-0.024214258120594856,0.13633644355213104,0.06584656579758619,-0.03373813963185057,10,25.71,25.57,26.03,26.1,83.4,299.9,81.8,89.5,89.71,88.86,86.29,85.0,210.0,258.0,272.0,407.0
2026-03-15,202611,210.0,210,210,210,0.73261166,62.788902,0,1,172100020261120719,2026-09-23,Palmas,1.0633795,334454,1,0.0,1,47,,,,,144514,23.69,26.86,31.29,39.4,84.71,203.0,23.56,1.0676191,208.0,23.5,1.0812309,177.0,23.49,0.8984612,190.0,23.07,1.032441,199.5,23.56,5.351858133476067,0.03373813963185057,0.009523881511255716,0.1700745831839816,0.09958470542943676,11,27.44,25.71,25.57,26.03,21.1,83.4,299.9,81.8,82.57,89.71,88.86,86.29,258.0,272.0,407.0,501.0
2026-03-22,202612,258.0,258,258,258,0.99168676,77.140656,0,2,172100020261220719,2026-09-23,Palmas,1.2494819,334454,1,1.0,1,73,,,,,144514,23.33,26.91,31.84,63.7,82.14,210.0,23.69,1.0633795,203.0,23.56,1.0676191,208.0,23.5,1.0812309,177.0,23.49,0.8984612,219.75,23.52,5.556828061699537,0.2049699282234707,0.23870806785532128,0.21449380973472643,0.3750445114074523,12,26.86,27.44,25.71,25.57,39.4,21.1,83.4,299.9,84.71,82.57,89.71,88.86,272.0,407.0,501.0,541.0
2026-03-29,202613,272.0,272,272,272,0.9878061,81.32658,0,1,172100020261320719,2026-09-23,Palmas,1.2249371,334454,0,1.0,1,72,,,,,144514,22.96,26.94,31.26,55.1,81.86,258.0,23.33,1.2494819,210.0,23.69,1.0633795,203.0,23.56,1.0676191,208.0,23.5,1.0812309,235.75,23.384999999999998,5.60947179518496,0.052643733485422395,0.2576136617088931,0.2913518013407437,0.2671375432201488,13,26.91,26.86,27.44,25.71,63.7,39.4,21.1,83.4,82.14,84.71,82.57,89.71,407.0,501.0,541.0,678.0
2026-04-05,202614,407.0,407,407,407,1.0,121.69087,0,3,172100020261420719,2026-09-23,Palmas,1.60592,334454,1,1.0,2,83,,,,,144514,23.7,27.46,32.07,20.5,80.86,272.0,22.96,1.2249371,258.0,23.33,1.2494819,210.0,23.69,1.0633795,203.0,23.56,1.0676191,286.75,23.419999999999998,6.0112671744041615,0.4017953792192017,0.4544391127046241,0.6594090409280948,0.6931471805599454,14,26.94,26.91,26.86,27.44,55.1,63.7,39.4,21.1,81.86,82.14,84.71,82.57,501.0,541.0,678.0,776.0
2026-04-12,202615,501.0,501,501,501,1.0,149.79639,0,4,172100020261520719,2026-09-23,Palmas,1.6227342,334454,1,1.0,2,84,,,,,144514,24.03,27.27,31.8,14.9,82.86,407.0,23.7,1.60592,272.0,22.96,1.2249371,258.0,23.33,1.2494819,210.0,23.69,1.0633795,359.5,23.505,6.218600119691729,0.2073329452875674,0.6091283245067691,0.6617720579921915,0.8667419862156622,15,27.46,26.94,26.91,26.86,20.5,55.1,63.7,39.4,80.86,81.86,82.14,84.71,541.0,678.0,776.0,745.0
2026-04-19,202616,541.0,541,541,541,0.99999934,161.75618,0,4,172100020261620719,2026-09-23,Palmas,1.3748069,334454,1,1.0,2,65,,,,,144514,23.4,27.01,31.73,57.1,82.43,501.0,24.03,1.6227342,407.0,23.7,1.60592,272.0,22.96,1.2249371,258.0,23.33,1.2494819,430.25,23.5225,6.295266001439646,0.07666588174791755,0.28399882703548496,0.6857942062546867,0.7384379397401091,16,27.27,27.46,26.94,26.91,14.9,20.5,55.1,63.7,82.86,80.86,81.86,82.14,678.0,776.0,745.0,693.0
2026-04-26,202617,678.0,678,678,678,1.0,202.71846,0,4,172100020261720719,2026-09-23,Palmas,1.407452,334454,1,1.0,2,70,,,,,144514,23.2,27.79,32.97,5.4,77.71,541.0,23.4,1.3748069,501.0,24.03,1.6227342,407.0,23.7,1.60592,272.0,22.96,1.2249371,531.75,23.582499999999996,6.520621127558696,0.22535512611904984,0.3020210078669674,0.5093539531545348,0.9111493323737365,17,27.01,27.27,27.46,26.94,57.1,14.9,20.5,55.1,82.43,82.86,80.86,81.86,776.0,745.0,693.0,579.0
2026-05-03,202618,776.0,776,776,776,1.0,232.01994,0,4,172100020261820719,2026-09-23,Palmas,1.3704851,334454,0,1.0,2,107,,,,,144514,22.16,27.59,33.69,0.1,71.43,678.0,23.2,1.407452,541.0,23.4,1.3748069,501.0,24.03,1.6227342,407.0,23.7,1.60592,624.0,23.1975,6.655440350367647,0.1348192228089511,0.36017434892800093,0.4368402306759185,0.6441731759634859,18,27.79,27.01,27.27,27.46,5.4,57.1,14.9,20.5,77.71,82.43,82.86,80.86,745.0,693.0,579.0,486.0
2026-05-10,202619,745.0,745,745,745,0.9897382,222.75111,0,4,172100020261920719,2026-09-23,Palmas,1.1317517,334454,0,1.0,2,99,,,,,144514,23.14,28.01,33.89,0.0,70.86,776.0,22.16,1.3704851,678.0,23.2,1.407452,541.0,23.4,1.3748069,501.0,24.03,1.6227342,685.0,22.975,6.61472560020376,-0.040714750163886926,0.09410447264506416,0.319459598764114,0.39612548051203156,19,27.59,27.79,27.01,27.27,0.1,5.4,57.1,14.9,71.43,77.71,82.43,82.86,693.0,579.0,486.0,477.0
2026-05-17,202620,693.0,693,693,693,0.21408121,207.20338,0,4,172100020262020719,2026-09-23,Palmas,0.95876664,334454,0,0.0,2,121,,,,,144514,21.66,27.73,34.61,0.0,65.71,745.0,23.14,1.1317517,776.0,22.16,1.3704851,678.0,23.2,1.407452,541.0,23.4,1.3748069,723.0,22.54,6.542471960506805,-0.07225363969695575,-0.11296838986084268,0.021850832948108412,0.24720595906715825,20,28.01,27.59,27.79,27.01,0.0,0.1,5.4,57.1,70.86,71.43,77.71,82.43,579.0,486.0,477.0,407.0
2026-05-24,202621,579.0,579,579,579,3.2195232e-05,173.11798,0,4,172100020262120719,2026-09-23,Palmas,0.8008311,334454,0,0.0,2,115,,,,,144514,20.4,26.53,33.54,0.0,64.86,693.0,21.66,0.95876664,745.0,23.14,1.1317517,776.0,22.16,1.3704851,678.0,23.2,1.407452,698.25,21.840000000000003,6.363028103540465,-0.1794438569663397,-0.25169749666329544,-0.29241224682718236,-0.15759302401823128,21,27.73,28.01,27.59,27.79,0.0,0.0,0.1,5.4,65.71,70.86,71.43,77.71,486.0,477.0,407.0,321.0
2026-05-31,202622,486.0,486,486,486,3.89069e-08,145.31146,0,4,172100020262220719,2026-09-23,Palmas,0.7274896,334454,0,0.0,2,89,,,,,144514,21.51,26.89,33.47,0.0,67.14,579.0,20.4,0.8008311,693.0,21.66,0.95876664,745.0,23.14,1.1317517,776.0,22.16,1.3704851,625.75,21.6775,6.18826412308259,-0.17476398045787533,-0.354207837424215,-0.4264614771211708,-0.4671762272850577,22,26.53,27.73,28.01,27.59,0.0,0.0,0.0,0.1,64.86,65.71,70.86,71.43,477.0,407.0,321.0,269.0
2026-06-07,202623,477.0,477,477,477,0.00041741773,142.62051,0,4,172100020262320719,2026-09-23,Palmas,0.8143007,334454,0,0.0,2,87,,,,,144514,20.69,27.13,34.21,0.0,66.71,486.0,21.51,0.7274896,579.0,20.4,0.8008311,693.0,21.66,0.95876664,745.0,23.14,1.1317517,558.75,21.064999999999998,6.169610732491456,-0.018653390591133245,-0.19341737104900858,-0.37286122801534827,-0.445114867712304,23,26.89,26.53,27.73,28.01,0.0,0.0,0.0,0.0,67.14,64.86,65.71,70.86,407.0,321.0,269.0,258.0
2026-06-14,202624,407.0,407,407,407,0.00025509036,121.69087,0,4,172100020262420719,2026-09-23,Palmas,0.79460573,334454,0,0.0,2,86,,,,,144514,21.59,27.86,34.8,0.0,63.86,477.0,20.69,0.8143007,486.0,21.51,0.7274896,579.0,20.4,0.8008311,693.0,21.66,0.95876664,487.25,21.0475,6.0112671744041615,-0.15834355808729494,-0.1769969486784282,-0.3517609291363035,-0.5312047861026432,24,27.13,26.89,26.53,27.73,0.0,0.0,0.0,0.0,66.71,67.14,64.86,65.71,321.0,269.0,258.0,189.0
2026-06-21,202625,321.0,321,321,321,4.141459e-07,95.977325,0,4,172100020262520719,2026-09-23,Palmas,0.7006602,334454,0,0.0,2,48,,,,,144514,19.39,26.49,34.44,0.0,59.71,407.0,21.59,0.79460573,477.0,20.69,0.8143007,486.0,21.51,0.7274896,579.0,20.4,0.8008311,422.75,20.795,5.7745515455444085,-0.23671562885975295,-0.3950591869470479,-0.41371257753818114,-0.5884765579960565,25,27.86,27.13,26.89,26.53,0.0,0.0,0.0,0.0,63.86,66.71,67.14,64.86,269.0,258.0,189.0,205.0
2026-06-28,202626,269.0,269,269,269,2.2665093e-07,80.429596,0,1,172100020262620719,2026-09-23,Palmas,0.67437947,334454,0,0.0,1,74,,,,,144514,20.3,26.74,34.17,0.0,57.71,321.0,19.39,0.7006602,407.0,21.59,0.79460573,477.0,20.69,0.8143007,486.0,21.51,0.7274896,368.5,20.4925,5.598421958998375,-0.1761295865460335,-0.41284521540578645,-0.5711887734930814,-0.5898421640842146,26,26.49,27.86,27.13,26.89,0.0,0.0,0.0,0.0,59.71,63.86,66.71,67.14,258.0,189.0,205.0,221.0
2026-07-05,202627,258.0,258,258,258,0.0009270502,77.140656,0,1,172100020262720719,2026-09-23,Palmas,0.77350086,334454,0,0.0,1,71,,,,,144514,19.99,27.24,35.2,0.0,59.29,269.0,20.3,0.67437947,321.0,19.39,0.7006602,407.0,21.59,0.79460573,477.0,20.69,0.8143007,313.75,20.3175,5.556828061699537,-0.04159389729883767,-0.21772348384487117,-0.4544391127046241,-0.6127826707919191,27,26.74,26.49,27.86,27.13,0.0,0.0,0.0,0.0,57.71,59.71,63.86,66.71,189.0,205.0,221.0,195.0
2026-07-12,202628,189.0,189,189,189,8.783639e-06,56.510014,0,1,172100020262820719,2026-09-23,Palmas,0.6707479,334454,0,0.0,1,36,,,,,144514,22.27,27.54,33.93,0.8,60.29,258.0,19.99,0.77350086,269.0,20.3,0.67437947,321.0,19.39,0.7006602,407.0,21.59,0.79460573,259.25,20.487499999999997,5.247024072160486,-0.3098039895390512,-0.35139788683788886,-0.5275274733839224,-0.7642431022436753,28,27.24,26.74,26.49,27.86,0.0,0.0,0.0,0.0,59.29,57.71,59.71,63.86,205.0,221.0,195.0,183.0
2026-07-19,202629,205.0,205,206,205,0.03257838,61.29393,0,1,172100020262920719,2026-09-23,Palmas,0.84010446,334454,0,0.0,1,38,,,,,144514,20.17,27.3,35.06,0.0,55.57,189.0,22.27,0.6707479,258.0,19.99,0.77350086,269.0,20.3,0.67437947,321.0,19.39,0.7006602,230.25,20.682499999999997,5.327876168789581,0.0808520966290951,-0.2289518929099561,-0.27054579020879377,-0.44667537675482727,29,27.54,27.24,26.74,26.49,0.8,0.0,0.0,0.0,60.29,59.29,57.71,59.71,221.0,195.0,183.0,195.0
2026-07-26,202630,221.0,221,222,221,0.60640913,66.07784,0,1,172100020263020719,2026-09-23,Palmas,1.0261605,334454,0,0.0,1,41,,,,,144514,20.77,28.16,35.87,0.0,51.43,205.0,20.17,0.84010446,189.0,22.27,0.6707479,258.0,19.99,0.77350086,269.0,20.3,0.67437947,218.25,20.8,5.402677381872279,0.07480121308269805,0.15565330971179314,-0.15415067982725805,-0.19574457712609572,30,27.3,27.54,27.24,26.74,0.0,0.8,0.0,0.0,55.57,60.29,59.29,57.71,195.0,183.0,195.0,184.0
2026-08-02,202631,195.0,195,197,195,0.27972442,58.30398,0,1,172100020263120719,2026-09-23,Palmas,0.9434656,334454,0,0.0,1,34,,,,,144514,19.34,27.23,35.5,0.0,50.29,221.0,20.77,1.0261605,205.0,20.17,0.84010446,189.0,22.27,0.6707479,258.0,19.99,0.77350086,202.5,20.637500000000003,5.278114659230517,-0.12456272264176249,-0.04976150955906444,0.03109058707003065,-0.27871340246902054,31,28.16,27.3,27.54,27.24,0.0,0.0,0.8,0.0,51.43,55.57,60.29,59.29,183.0,195.0,184.0,178.0
2026-08-09,202632,183.0,182,187,182,0.11929175,54.716045,0,1,172100020263220719,2026-09-23,Palmas,0.8874058,334454,0,0.0,1,42,,,,,144514,21.21,28.67,36.76,0.0,45.71,195.0,19.34,0.9434656,221.0,20.77,1.0261605,205.0,20.17,0.84010446,189.0,22.27,0.6707479,201.0,20.372500000000002,5.214935757608986,-0.06317890162153095,-0.18774162426329344,-0.11294041118059539,-0.0320883145515003,32,27.23,28.16,27.3,27.54,0.0,0.0,0.0,0.8,50.29,51.43,55.57,60.29,195.0,184.0,178.0,161.0
2026-08-16,202633,195.0,194,200,194,0.43942007,58.30398,0,1,172100020263320719,2026-09-23,Palmas,0.98475474,334454,0,0.0,1,32,,,,,144514,20.8,28.57,36.96,0.0,42.57,183.0,21.21,0.8874058,195.0,19.34,0.9434656,221.0,20.77,1.0261605,205.0,20.17,0.84010446,198.5,20.53,5.278114659230517,0.06317890162153095,0.0,-0.12456272264176249,-0.04976150955906444,33,28.67,27.23,28.16,27.3,0.0,0.0,0.0,0.0,45.71,50.29,51.43,55.57,184.0,178.0,161.0,165.0
2026-08-23,202634,184.0,182,192,182,0.37462848,55.015038,0,1,172100020263420719,2026-09-23,Palmas,0.96752703,334454,0,0.0,1,21,,,,,144514,21.79,29.69,37.71,0.0,43.71,195.0,20.8,0.98475474,183.0,21.21,0.8874058,195.0,19.34,0.9434656,221.0,20.77,1.0261605,189.25,20.785,5.220355825078324,-0.057758834152192406,0.005420067469338541,-0.057758834152192406,-0.1823215567939549,34,28.57,28.67,27.23,28.16,0.0,0.0,0.0,0.0,42.57,45.71,50.29,51.43,178.0,161.0,165.0,
2026-08-30,202635,178.0,173,191,173,0.30500686,53.22107,0,1,172100020263520719,2026-09-23,Palmas,0.9481057,334454,0,0.0,1,36,,,,,144514,24.43,29.94,36.64,3.4,53.43,184.0,21.79,0.96752703,195.0,20.8,0.98475474,183.0,21.21,0.8874058,195.0,19.34,0.9434656,185.0,22.0575,5.187385805840755,-0.03297001923756948,-0.09072885338976189,-0.02754995176823094,-0.09072885338976189,35,29.69,28.57,28.67,27.23,0.0,0.0,0.0,0.0,43.71,42.57,45.71,50.29,161.0,165.0,,
2026-09-06,202636,161.0,151,203,149,0.11610784,48.13816,0,1,172100020263620719,2026-09-23,Palmas,0.87916917,334454,0,0.0,1,118,,,,,144514,22.97,29.07,36.06,3.6,56.57,178.0,24.43,0.9481057,184.0,21.79,0.96752703,195.0,20.8,0.98475474,183.0,21.21,0.8874058,179.5,22.497500000000002,5.087596335232384,-0.09978947060837129,-0.13275948984594077,-0.19051832399813318,-0.12733942237660223,36,29.94,29.69,28.57,28.67,3.4,0.0,0.0,0.0,53.43,43.71,42.57,45.71,165.0,,,
2026-09-13,202637,165.0,106,492,99,0.29788405,49.334137,0,1,172100020263720719,2026-09-23,Palmas,0.94412047,334454,0,0.0,1,99,,,,,144514,23.86,31.1,38.51,0.0,42.29,161.0,22.97,0.87916917,178.0,24.43,0.9481057,184.0,21.79,0.96752703,195.0,20.8,0.98475474,172.0,23.2625,5.111987788356544,0.024391453124160023,-0.07539801748421127,-0.10836803672178075,-0.16612687087397315,37,29.07,29.94,29.69,28.57,3.6,3.4,0.0,0.0,56.57,53.43,43.71,42.57,,,,
