data_iniSE,SE,casos_est,casos_est_min,casos_est_max,casos,p_rt1,p_inc100k,Localidade_id,nivel,id,versao_modelo,municipio_nome,rt,pop,receptivo,transmissao,nivel_inc,casprov,casprov_est,casprov_est_min,casprov_est_max,casconf,notif_accum_year,tmin,tmed,tmax,precipitacao,umidade,casos_est_lag_1,tmin_lag_1,rt_lag_1,casos_est_lag_2,tmin_lag_2,rt_lag_2,casos_est_lag_3,tmin_lag_3,rt_lag_3,casos_est_lag_4,tmin_lag_4,rt_lag_4,casos_est_roll_4,tmin_roll_4,log_casos,var_log_1,var_log_2,var_log_3,var_log_4,semana_ano,tmed_s1,tmed_s2,tmed_s3,tmed_s4,precipitacao_s1,precipitacao_s2,precipitacao_s3,precipitacao_s4,umidade_s1,umidade_s2,umidade_s3,umidade_s4,target_h1,target_h2,target_h3,target_h4
2010-01-03,201001,30.0,30,30.0,30,0.0,0.44458836,0,1,330455720100119589,2023-08-20,Rio de Janeiro,0.0,6747815,1,0,0,26,,,,,683938,25.03,28.86,33.84,51.4,80.14,,,,,,,,,,,,,,,3.4339872044851463,,,,,53,,,,,,,,,,,,,44.0,46.0,47.0,68.0
2010-01-10,201002,44.0,44,44.0,44,0.0,0.65206295,0,1,330455720100219589,2023-08-20,Rio de Janeiro,0.0,6747815,1,0,0,32,,,,,683938,25.23,29.21,34.17,49.7,77.86,30.0,25.03,0.0,,,,,,,,,,,,3.8066624897703196,0.37267528528517335,,,,1,28.86,,,,51.4,,,,80.14,,,,46.0,47.0,68.0,56.0
2010-01-17,201003,46.0,46,46.0,46,0.0,0.68170214,0,2,330455720100319589,2023-08-20,Rio de Janeiro,0.0,6747815,1,0,0,35,,,,,683938,25.03,28.79,34.64,66.6,78.14,44.0,25.23,0.0,30.0,25.03,0.0,,,,,,,,,3.8501476017100584,0.04348511193973881,0.41616039722491216,,,2,29.21,28.86,,,49.7,51.4,,,77.86,80.14,,,47.0,68.0,56.0,66.0
2010-01-24,201004,47.0,47,47.0,47,0.0,0.69652176,0,2,330455720100419589,2023-08-20,Rio de Janeiro,0.0,6747815,1,0,0,39,,,,,683938,24.41,28.07,33.1,31.5,80.71,46.0,25.03,0.0,44.0,25.23,0.0,30.0,25.03,0.0,,,,41.75,24.925,3.871201010907891,0.021053409197832718,0.06453852113757153,0.4372138064227449,,3,28.79,29.21,28.86,,66.6,49.7,51.4,,78.14,77.86,80.14,,68.0,56.0,66.0,74.0
2010-01-31,201005,68.0,68,68.0,68,0.0,1.0077336,0,2,330455720100519589,2023-08-20,Rio de Janeiro,0.0,6747815,1,0,0,50,,,,,683938,25.21,30.17,36.26,1.4,71.57,47.0,24.41,0.0,46.0,25.03,0.0,44.0,25.23,0.0,30.0,25.03,0.0,51.25,24.97,4.23410650459726,0.36290549368936853,0.38395890288720125,0.42744401482694006,0.8001193001121134,4,28.07,28.79,29.21,28.86,31.5,66.6,49.7,51.4,80.71,78.14,77.86,80.14,56.0,66.0,74.0,95.0
2010-02-07,201006,56.0,56,56.0,56,0.65525025,0.8298983,0,2,330455720100619589,2023-08-20,Rio de Janeiro,1.0796845,6747815,1,0,0,40,,,,,683938,25.31,30.36,36.7,8.6,68.14,68.0,25.21,0.0,47.0,24.41,0.0,46.0,25.03,0.0,44.0,25.23,0.0,54.25,24.99,4.04305126783455,-0.1910552367627094,0.17185025692665912,0.19290366612449183,0.23638877806423064,5,30.17,28.07,28.79,29.21,1.4,31.5,66.6,49.7,71.57,80.71,78.14,77.86,66.0,74.0,95.0,74.0
2010-02-14,201007,66.0,66,66.0,66,0.7559909,0.9780944,0,2,330455720100719589,2023-08-20,Rio de Janeiro,1.1321325,6747815,1,0,0,59,,,,,683938,24.59,28.99,34.17,25.3,73.0,56.0,25.31,1.0796845,68.0,25.21,0.0,47.0,24.41,0.0,46.0,25.03,0.0,59.25,24.88,4.204692619390966,0.16164135155641546,-0.029413885206293955,0.3334916084830746,0.3545450176809073,6,30.36,30.17,28.07,28.79,8.6,1.4,31.5,66.6,68.14,71.57,80.71,78.14,74.0,95.0,74.0,66.0
2010-02-21,201008,74.0,74,74.0,74,0.85931486,1.0966513,0,2,330455720100819589,2023-08-20,Rio de Janeiro,1.2031044,6747815,1,0,0,63,,,,,683938,24.14,28.04,33.03,59.3,75.86,66.0,24.59,1.1321325,56.0,25.31,1.0796845,68.0,25.21,0.0,47.0,24.41,0.0,66.0,24.8125,4.31748811353631,0.1127954941453444,0.27443684570175986,0.08338160893905044,0.446287102628419,7,28.99,30.36,30.17,28.07,25.3,8.6,1.4,31.5,73.0,68.14,71.57,80.71,95.0,74.0,66.0,101.0
2010-02-28,201009,95.0,95,95.0,95,0.98707044,1.4078631,0,2,330455720100919589,2023-08-20,Rio de Janeiro,1.4221252,6747815,1,0,0,73,,,,,683938,22.1,24.24,27.13,108.2,87.29,74.0,24.14,1.2031044,66.0,24.59,1.1321325,56.0,25.31,1.0796845,68.0,25.21,0.0,72.75,24.034999999999997,4.564348191467836,0.24686007793152598,0.3596555720768704,0.5212969236332858,0.3302416868705764,8,28.04,28.99,30.36,30.17,59.3,25.3,8.6,1.4,75.86,73.0,68.14,71.57,74.0,66.0,101.0,84.0
2010-03-07,201010,74.0,74,74.0,74,0.44119805,1.0966513,0,2,330455720101019589,2023-08-20,Rio de Janeiro,0.9761816,6747815,1,0,0,66,,,,,683938,23.86,28.5,34.43,20.7,78.0,95.0,22.1,1.4221252,74.0,24.14,1.2031044,66.0,24.59,1.1321325,56.0,25.31,1.0796845,77.25,23.6725,4.31748811353631,-0.24686007793152598,0.0,0.1127954941453444,0.27443684570175986,9,24.24,28.04,28.99,30.36,108.2,59.3,25.3,8.6,87.29,75.86,73.0,68.14,66.0,101.0,84.0,78.0
2010-03-14,201011,66.0,66,66.0,66,0.105780214,0.9780944,0,2,330455720101119589,2023-08-20,Rio de Janeiro,0.81385684,6747815,1,0,0,64,,,,,683938,23.63,26.83,31.69,72.6,82.86,74.0,23.86,0.9761816,95.0,22.1,1.4221252,74.0,24.14,1.2031044,66.0,24.59,1.1321325,77.25,23.4325,4.204692619390966,-0.1127954941453444,-0.3596555720768704,-0.1127954941453444,0.0,10,28.5,24.24,28.04,28.99,20.7,108.2,59.3,25.3,78.0,87.29,75.86,73.0,101.0,84.0,78.0,82.0
2010-03-21,201012,101.0,101,101.0,101,0.9561174,1.4967808,0,2,330455720101219589,2023-08-20,Rio de Janeiro,1.2911055,6747815,1,0,0,87,,,,,683938,24.19,28.4,34.01,9.9,79.0,66.0,23.63,0.81385684,74.0,23.86,0.9761816,95.0,22.1,1.4221252,74.0,24.14,1.2031044,84.0,23.445,4.624972813284271,0.42028019389330495,0.30748469974796055,0.060624621816434576,0.30748469974796055,11,26.83,28.5,24.24,28.04,72.6,20.7,108.2,59.3,82.86,78.0,87.29,75.86,84.0,78.0,82.0,92.0
2010-03-28,201013,84.0,84,84.0,84,0.6622114,1.2448474,0,2,330455720101319589,2023-08-20,Rio de Janeiro,1.0676656,6747815,1,0,0,71,,,,,683938,23.73,27.14,31.87,35.2,82.0,101.0,24.19,1.2911055,66.0,23.63,0.81385684,74.0,23.86,0.9761816,95.0,22.1,1.4221252,81.25,23.852500000000003,4.442651256490317,-0.182321556793954,0.23795863709935094,0.12516314295400655,-0.12169693497751943,12,28.4,26.83,28.5,24.24,9.9,72.6,20.7,108.2,79.0,82.86,78.0,87.29,78.0,82.0,92.0,121.0
2010-04-04,201014,78.0,78,78.0,78,0.28530085,1.1559297,0,1,330455720101419589,2023-08-20,Rio de Janeiro,0.915209,6747815,0,0,0,63,,,,,683938,20.39,23.13,26.89,141.1,85.43,84.0,23.73,1.0676656,101.0,24.19,1.2911055,66.0,23.63,0.81385684,74.0,23.86,0.9761816,82.25,22.985000000000003,4.3694478524670215,-0.07320340402329517,-0.2555249608172492,0.16475523307605577,0.051959738930711374,13,27.14,28.4,26.83,28.5,35.2,9.9,72.6,20.7,82.0,79.0,82.86,78.0,82.0,92.0,121.0,137.0
2010-04-11,201015,82.0,82,82.0,82,0.40335518,1.2152082,0,1,330455720101519589,2023-08-20,Rio de Janeiro,0.9629459,6747815,0,0,0,70,,,,,683938,19.63,24.1,29.23,6.1,82.14,78.0,20.39,0.915209,84.0,23.73,1.0676656,101.0,24.19,1.2911055,66.0,23.63,0.81385684,86.25,21.985,4.418840607796598,0.049392755329576765,-0.023810648693718406,-0.20613220548767242,0.21414798840563254,14,23.13,27.14,28.4,26.83,141.1,35.2,9.9,72.6,85.43,82.0,79.0,82.86,92.0,121.0,137.0,115.0
2010-04-18,201016,92.0,92,92.0,92,0.776237,1.3634043,0,1,330455720101619589,2023-08-20,Rio de Janeiro,1.1218494,6747815,1,0,0,83,,,,,683938,22.43,26.67,32.44,0.5,78.57,82.0,19.63,0.9629459,78.0,20.39,0.915209,84.0,23.73,1.0676656,101.0,24.19,1.2911055,84.0,21.545,4.532599493153256,0.11375888535665801,0.16315164068623478,0.0899482366629396,-0.0923733201310144,15,24.1,23.13,27.14,28.4,6.1,141.1,35.2,9.9,82.14,85.43,82.0,79.0,121.0,137.0,115.0,124.0
2010-04-25,201017,121.0,121,121.0,121,0.9936365,1.7931731,0,1,330455720101719589,2023-08-20,Rio de Janeiro,1.41731,6747815,0,0,0,110,,,,,683938,21.79,24.79,29.33,30.9,82.57,92.0,22.43,1.1218494,82.0,19.63,0.9629459,78.0,20.39,0.915209,84.0,23.73,1.0676656,93.25,21.06,4.804021044733257,0.2714215515800005,0.3851804369366585,0.43457319226623525,0.3613697882429401,16,26.67,24.1,23.13,27.14,0.5,6.1,141.1,35.2,78.57,82.14,85.43,82.0,137.0,115.0,124.0,103.0
2010-05-02,201018,137.0,137,137.0,137,0.9948802,2.0302868,0,1,330455720101819589,2023-08-20,Rio de Janeiro,1.4005789,6747815,0,0,0,122,,,,,683938,20.11,25.13,31.53,0.4,79.14,121.0,21.79,1.41731,92.0,22.43,1.1218494,82.0,19.63,0.9629459,78.0,20.39,0.915209,108.0,20.99,4.927253685157205,0.12323264042394833,0.3946541920039488,0.5084130773606068,0.5578058326901836,17,24.79,26.67,24.1,23.13,30.9,0.5,6.1,141.1,82.57,78.57,82.14,85.43,115.0,124.0,103.0,86.0
2010-05-09,201019,115.0,115,115.0,115,0.50852776,1.7042553,0,1,330455720101919589,2023-08-20,Rio de Janeiro,1.00282,6747815,0,0,0,94,,,,,683938,18.3,21.69,26.06,27.0,83.86,137.0,20.11,1.4005789,121.0,21.79,1.41731,92.0,22.43,1.1218494,82.0,19.63,0.9629459,116.25,20.6575,4.7535901911063645,-0.17366349405084058,-0.05043085362689226,0.22099069795310822,0.33474958330976623,18,25.13,24.79,26.67,24.1,0.4,30.9,0.5,6.1,79.14,82.57,78.57,82.14,124.0,103.0,86.0,55.0
2010-05-16,201020,124.0,124,124.0,124,0.5051733,1.837632,0,1,330455720102019589,2023-08-20,Rio de Janeiro,1.0016462,6747815,0,0,0,99,,,,,683938,18.56,22.24,26.63,3.6,84.43,115.0,18.3,1.00282,137.0,20.11,1.4005789,121.0,21.79,1.41731,92.0,22.43,1.1218494,124.25,19.689999999999998,4.8283137373023015,0.07472354619593702,-0.09893994785490356,0.02429269256904476,0.29571424414904524,19,21.69,25.13,24.79,26.67,27.0,0.4,30.9,0.5,83.86,79.14,82.57,78.57,103.0,86.0,55.0,95.0
2010-05-23,201021,103.0,103,103.0,103,0.10737112,1.52642,0,1,330455720102119589,2023-08-20,Rio de Janeiro,0.84741914,6747815,0,0,0,88,,,,,683938,18.76,22.29,26.64,15.5,85.71,124.0,18.56,1.0016462,115.0,18.3,1.00282,137.0,20.11,1.4005789,121.0,21.79,1.41731,119.75,18.9325,4.6443908991413725,-0.18392283816092903,-0.109199291964992,-0.2828627860158326,-0.15963014559188426,20,22.24,21.69,25.13,24.79,3.6,27.0,0.4,30.9,84.43,83.86,79.14,82.57,86.0,55.0,95.0,79.0
2010-05-30,201022,86.0,86,86.0,86,0.02064275,1.2744867,0,1,330455720102219589,2023-08-20,Rio de Janeiro,0.7490824,6747815,0,0,0,76,,,,,683938,18.09,20.94,24.94,25.9,84.0,103.0,18.76,0.84741914,124.0,18.56,1.0016462,115.0,18.3,1.00282,137.0,20.11,1.4005789,107.0,18.427500000000002,4.465908118654584,-0.17848278048678878,-0.3624056186477178,-0.2876820724517808,-0.4613455665026214,21,22.29,22.24,21.69,25.13,15.5,3.6,27.0,0.4,85.71,84.43,83.86,79.14,55.0,95.0,79.0,86.0
2010-06-06,201023,55.0,55,55.0,55,8.162084e-05,0.8150787,0,1,330455720102319589,2023-08-20,Rio de Janeiro,0.5407698,6747815,0,0,0,46,,,,,683938,15.24,19.04,23.59,12.5,81.86,86.0,18.09,0.7490824,103.0,18.76,0.84741914,124.0,18.56,1.0016462,115.0,18.3,1.00282,92.0,17.6625,4.02535169073515,-0.44055642791943406,-0.6190392084062228,-0.8029620465671519,-0.7282385003712148,22,20.94,22.29,22.24,21.69,25.9,15.5,3.6,27.0,84.0,85.71,84.43,83.86,95.0,79.0,86.0,100.0
2010-06-13,201024,95.0,95,95.0,95,0.77503586,1.4078631,0,1,330455720102419589,2023-08-20,Rio de Janeiro,1.1190609,6747815,0,0,0,77,,,,,683938,14.67,20.14,27.54,0.0,76.43,55.0,15.24,0.5407698,86.0,18.09,0.7490824,103.0,18.76,0.84741914,124.0,18.56,1.0016462,84.75,16.69,4.564348191467836,0.5389965007326865,0.0984400728132524,-0.08004270767353638,-0.2639655458344654,23,19.04,20.94,22.29,22.24,12.5,25.9,15.5,3.6,81.86,84.0,85.71,84.43,79.0,86.0,100.0,98.0
2010-06-20,201025,79.0,79,79.0,79,0.5913628,1.1707493,0,1,330455720102519589,2023-08-20,Rio de Janeiro,1.0376983,6747815,0,0,0,64,,,,,683938,17.0,21.17,26.81,7.8,82.14,95.0,14.67,1.1190609,55.0,15.24,0.5407698,86.0,18.09,0.7490824,103.0,18.76,0.84741914,78.75,16.25,4.382026634673881,-0.1823215567939549,0.35667494393873156,-0.0838814839807025,-0.2623642644674913,24,20.14,19.04,20.94,22.29,0.0,12.5,25.9,15.5,76.43,81.86,84.0,85.71,86.0,100.0,98.0,90.0
2010-06-27,201026,86.0,86,86.0,86,0.6773546,1.2744867,0,1,330455720102619589,2023-08-20,Rio de Janeiro,1.073882,6747815,0,0,0,71,,,,,683938,15.51,20.49,26.69,0.0,81.71,79.0,17.0,1.0376983,95.0,14.67,1.1190609,55.0,15.24,0.5407698,86.0,18.09,0.7490824,78.75,15.605,4.465908118654584,0.0838814839807025,-0.0984400728132524,0.44055642791943406,0.0,25,21.17,20.14,19.04,20.94,7.8,0.0,12.5,25.9,82.14,76.43,81.86,84.0,100.0,98.0,90.0,122.0
2010-07-04,201027,100.0,100,100.0,100,0.88040805,1.4819613,0,1,330455720102719589,2023-08-20,Rio de Janeiro,1.189388,6747815,0,0,0,82,,,,,683938,16.51,21.34,27.39,0.2,78.71,86.0,15.51,1.073882,79.0,17.0,1.0376983,95.0,14.67,1.1190609,55.0,15.24,0.5407698,90.0,15.9225,4.61512051684126,0.14921239818667598,0.23309388216737847,0.05077232537342358,0.58976882610611,26,20.49,21.17,20.14,19.04,0.0,7.8,0.0,12.5,81.71,82.14,76.43,81.86,98.0,90.0,122.0,129.0
2010-07-11,201028,98.0,98,98.0,98,0.7619569,1.452322,0,1,330455720102819589,2023-08-20,Rio de Janeiro,1.1098846,6747815,0,0,0,74,,,,,683938,19.57,22.1,25.46,49.3,88.0,100.0,16.51,1.189388,86.0,15.51,1.073882,79.0,17.0,1.0376983,95.0,14.67,1.1190609,90.75,17.1475,4.59511985013459,-0.02000066670666989,0.1292117314800061,0.21309321546070858,0.030771658666753687,27,21.34,20.49,21.17,20.14,0.2,0.0,7.8,0.0,78.71,81.71,82.14,76.43,90.0,122.0,129.0,107.0
2010-07-18,201029,90.0,90,90.0,90,0.3846238,1.333765,0,1,330455720102919589,2023-08-20,Rio de Janeiro,0.9577542,6747815,0,0,0,63,,,,,683938,18.6,22.27,27.57,5.5,82.71,98.0,19.57,1.1098846,100.0,16.51,1.189388,86.0,15.51,1.073882,79.0,17.0,1.0376983,93.5,17.5475,4.51085950651685,-0.08426034361774004,-0.10426101032440993,0.044951387862266046,0.12883287184296854,28,22.1,21.34,20.49,21.17,49.3,0.2,0.0,7.8,88.0,78.71,81.71,82.14,122.0,129.0,107.0,77.0
2010-07-25,201030,122.0,122,122.0,122,0.9571557,1.8079927,0,1,330455720103019589,2023-08-20,Rio de Janeiro,1.2621062,6747815,0,0,0,102,,,,,683938,17.86,22.26,27.97,0.4,79.14,90.0,18.6,0.9577542,98.0,19.57,1.1098846,100.0,16.51,1.189388,86.0,15.51,1.073882,102.5,18.134999999999998,4.812184355372417,0.3013248488555673,0.21706450523782728,0.1970638385311574,0.34627623671783336,29,22.27,22.1,21.34,20.49,5.5,49.3,0.2,0.0,82.71,88.0,78.71,81.71,129.0,107.0,77.0,90.0
2010-08-01,201031,129.0,129,129.0,129,0.9632043,1.9117299,0,1,330455720103119589,2023-08-20,Rio de Janeiro,1.2660197,6747815,0,0,0,97,,,,,683938,18.76,21.47,25.6,13.5,82.86,122.0,17.86,1.2621062,90.0,18.6,0.9577542,98.0,19.57,1.1098846,100.0,16.51,1.189388,109.75,18.6975,4.867534450455582,0.05535009508316513,0.35667494393873245,0.2724146003209924,0.2524139336143225,30,22.26,22.27,22.1,21.34,0.4,5.5,49.3,0.2,79.14,82.71,88.0,78.71,107.0,77.0,90.0,52.0
2010-08-08,201032,107.0,107,107.0,107,0.33809465,1.5856985,0,1,330455720103219589,2023-08-20,Rio de Janeiro,0.9453507,6747815,0,0,0,84,,,,,683938,16.81,20.9,26.06,5.0,77.86,129.0,18.76,1.2660197,122.0,17.86,1.2621062,90.0,18.6,0.9577542,98.0,19.57,1.1098846,112.0,18.0075,4.68213122712422,-0.18540322333136228,-0.13005312824819715,0.17127172060737017,0.08701137698963013,31,21.47,22.26,22.27,22.1,13.5,0.4,5.5,49.3,82.86,79.14,82.71,88.0,77.0,90.0,52.0,61.0
2010-08-15,201033,77.0,77,77.0,77,0.0022181661,1.1411102,0,1,330455720103319589,2023-08-20,Rio de Janeiro,0.6618579,6747815,0,0,0,55,,,,,683938,13.57,18.47,23.71,4.1,74.57,107.0,16.81,0.9453507,129.0,18.76,1.2660197,122.0,17.86,1.2621062,90.0,18.6,0.9577542,108.75,16.75,4.356708826689592,-0.3254224004346282,-0.5108256237659905,-0.45547552868282537,-0.15415067982725805,32,20.9,21.47,22.26,22.27,5.0,13.5,0.4,5.5,77.86,82.86,79.14,82.71,90.0,52.0,61.0,76.0
2010-08-22,201034,90.0,90,90.0,90,0.15036517,1.333765,0,1,330455720103419589,2023-08-20,Rio de Janeiro,0.8621432,6747815,0,0,0,68,,,,,683938,17.31,23.46,31.63,0.0,65.86,77.0,13.57,0.6618579,107.0,16.81,0.9453507,129.0,18.76,1.2660197,122.0,17.86,1.2621062,100.75,16.6125,4.51085950651685,0.15415067982725805,-0.17127172060737017,-0.35667494393873245,-0.3013248488555673,33,18.47,20.9,21.47,22.26,4.1,5.0,13.5,0.4,74.57,77.86,82.86,79.14,52.0,61.0,76.0,83.0
2010-08-29,201035,52.0,52,52.0,52,0.00089705235,0.7706198,0,1,330455720103519589,2023-08-20,Rio de Janeiro,0.58616626,6747815,0,0,0,39,,,,,683938,19.14,24.5,31.3,0.0,68.43,90.0,17.31,0.8621432,77.0,13.57,0.6618579,107.0,16.81,0.9453507,129.0,18.76,1.2660197,81.5,16.7075,3.970291913552122,-0.5405675929647278,-0.38641691313746973,-0.711839313572098,-0.8972425369034602,34,23.46,18.47,20.9,21.47,0.0,4.1,5.0,13.5,65.86,74.57,77.86,82.86,61.0,76.0,83.0,56.0
2010-09-05,201036,61.0,61,61.0,61,0.088549174,0.90399635,0,1,330455720103619589,2023-08-20,Rio de Janeiro,0.7945017,6747815,0,0,0,46,,,,,683938,18.39,21.16,24.71,26.6,79.14,52.0,19.14,0.58616626,90.0,17.31,0.8621432,77.0,13.57,0.6618579,107.0,16.81,0.9453507,70.0,17.1025,4.127134385045092,0.1568424714929697,-0.3837251214717581,-0.22957444164450003,-0.5549968420791282,35,24.5,23.46,18.47,20.9,0.0,0.0,4.1,5.0,68.43,65.86,74.57,77.86,76.0,83.0,56.0,34.0
2010-09-12,201037,76.0,76,76.0,76,0.7992546,1.1262906,0,1,330455720103719589,2023-08-20,Rio de Janeiro,1.1509074,6747815,0,0,0,57,,,,,683938,18.7,23.31,29.27,9.6,73.86,61.0,18.39,0.7945017,52.0,19.14,0.58616626,90.0,17.31,0.8621432,77.0,13.57,0.6618579,69.75,18.384999999999998,4.343805421853684,0.21667103680859245,0.37351350830156216,-0.16705408466316563,-0.012903404835907573,36,21.16,24.5,23.46,18.47,26.6,0.0,0.0,4.1,79.14,68.43,65.86,74.57,83.0,56.0,34.0,41.0
2010-09-19,201038,83.0,83,83.0,83,0.9312654,1.2300278,0,1,330455720103819589,2023-08-20,Rio de Janeiro,1.2768458,6747815,0,0,0,43,,,,,683938,19.1,23.24,28.79,11.0,74.29,76.0,18.7,1.1509074,61.0,18.39,0.7945017,52.0,19.14,0.58616626,90.0,17.31,0.8621432,68.0,18.8325,4.430816798843313,0.08701137698962924,0.3036824137982217,0.4605248852911914,-0.08004270767353638,37,23.31,21.16,24.5,23.46,9.6,26.6,0.0,0.0,73.86,79.14,68.43,65.86,56.0,34.0,41.0,46.0
2010-09-26,201039,56.0,56,56.0,56,0.08520776,0.8298983,0,1,330455720103919589,2023-08-20,Rio de Janeiro,0.7842725,6747815,1,0,0,39,,,,,683938,21.16,23.57,27.0,42.4,88.29,83.0,19.1,1.2768458,76.0,18.7,1.1509074,61.0,18.39,0.7945017,52.0,19.14,0.58616626,69.0,19.3375,4.04305126783455,-0.3877655310087631,-0.30075415401913386,-0.0840831172105414,0.0727593542824283,38,23.24,23.31,21.16,24.5,11.0,9.6,26.6,0.0,74.29,73.86,79.14,68.43,34.0,41.0,46.0,59.0
2010-10-03,201040,34.0,34,34.0,34,0.00014880844,0.5038668,0,1,330455720104019589,2023-08-20,Rio de Janeiro,0.48278925,6747815,0,0,0,28,,,,,683938,19.81,22.73,26.47,22.8,80.57,56.0,21.16,0.7842725,83.0,19.1,1.2768458,76.0,18.7,1.1509074,61.0,18.39,0.7945017,62.25,19.6925,3.5553480614894135,-0.48770320634513675,-0.8754687373538999,-0.7884573603642706,-0.5717863235556782,39,23.57,23.24,23.31,21.16,42.4,11.0,9.6,26.6,88.29,74.29,73.86,79.14,41.0,46.0,59.0,76.0
2010-10-10,201041,41.0,41,41.0,41,0.049487237,0.6076041,0,1,330455720104119589,2023-08-20,Rio de Janeiro,0.7162107,6747815,0,0,0,35,,,,,683938,17.73,22.1,26.79,2.0,73.29,34.0,19.81,0.48278925,56.0,21.16,0.7842725,83.0,19.1,1.2768458,76.0,18.7,1.1509074,53.5,19.45,3.7376696182833684,0.1823215567939549,-0.30538164955118186,-0.693147180559945,-0.6061358035703157,40,22.73,23.57,23.24,23.31,22.8,42.4,11.0,9.6,80.57,88.29,74.29,73.86,46.0,59.0,76.0,83.0
2010-10-17,201042,46.0,46,46.0,46,0.5694286,0.68170214,0,1,330455720104219589,2023-08-20,Rio de Janeiro,1.0373188,6747815,0,0,0,37,,,,,683938,19.59,23.3,27.74,32.9,77.14,41.0,17.73,0.7162107,34.0,19.81,0.48278925,56.0,21.16,0.7842725,83.0,19.1,1.2768458,44.25,19.572499999999998,3.8501476017100584,0.11247798342669002,0.2947995402206449,-0.19290366612449183,-0.5806691971332549,41,22.1,22.73,23.57,23.24,2.0,22.8,42.4,11.0,73.29,80.57,88.29,74.29,59.0,76.0,83.0,93.0
2010-10-24,201043,59.0,59,59.0,59,0.9525234,0.8743571,0,1,330455720104319589,2023-08-20,Rio de Janeiro,1.3947543,6747815,0,0,0,43,,,,,683938,20.51,23.94,28.27,46.1,80.43,46.0,19.59,1.0373188,41.0,17.73,0.7162107,34.0,19.81,0.48278925,56.0,21.16,0.7842725,45.0,19.41,4.0943445622221,0.24419696051204198,0.356674943938732,0.5389965007326869,0.05129329438755015,42,23.3,22.1,22.73,23.57,32.9,2.0,22.8,42.4,77.14,73.29,80.57,88.29,76.0,83.0,93.0,123.0
2010-10-31,201044,76.0,76,76.0,76,0.9930202,1.1262906,0,1,330455720104419589,2023-08-20,Rio de Janeiro,1.5590758,6747815,0,0,0,58,,,,,683938,21.04,24.51,28.31,66.7,81.0,59.0,20.51,1.3947543,46.0,19.59,1.0373188,41.0,17.73,0.7162107,34.0,19.81,0.48278925,55.5,19.7175,4.343805421853684,0.2494608596315837,0.4936578201436257,0.6061358035703157,0.7884573603642706,43,23.94,23.3,22.1,22.73,46.1,32.9,2.0,22.8,80.43,77.14,73.29,80.57,83.0,93.0,123.0,147.0
2010-11-07,201045,83.0,83,83.0,83,0.97389114,1.2300278,0,1,330455720104519589,2023-08-20,Rio de Janeiro,1.3853836,6747815,0,0,0,63,,,,,683938,20.84,23.74,27.31,58.0,81.57,76.0,21.04,1.5590758,59.0,20.51,1.3947543,46.0,19.59,1.0373188,41.0,17.73,0.7162107,66.0,20.494999999999997,4.430816798843313,0.08701137698962924,0.33647223662121295,0.5806691971332549,0.693147180559945,44,24.51,23.94,23.3,22.1,66.7,46.1,32.9,2.0,81.0,80.43,77.14,73.29,93.0,123.0,147.0,186.0
2010-11-14,201046,93.0,93,93.0,93,0.94634163,1.3782239,0,1,330455720104619589,2023-08-20,Rio de Janeiro,1.2850533,6747815,0,0,0,75,,,,,683938,20.19,23.41,27.6,21.4,84.0,83.0,20.84,1.3853836,76.0,21.04,1.5590758,59.0,20.51,1.3947543,46.0,19.59,1.0373188,77.75,20.645,4.543294782270004,0.11247798342669046,0.1994893604163197,0.4489502200479034,0.6931471805599454,45,23.74,24.51,23.94,23.3,58.0,66.7,46.1,32.9,81.57,81.0,80.43,77.14,123.0,147.0,186.0,234.0
2010-11-21,201047,123.0,123,123.0,123,0.9967478,1.8228123,0,1,330455720104719589,2023-08-20,Rio de Janeiro,1.463571,6747815,1,0,0,95,,,,,683938,23.01,25.56,29.17,71.9,85.0,93.0,20.19,1.2850533,83.0,20.84,1.3853836,76.0,21.04,1.5590758,59.0,20.51,1.3947543,93.75,21.27,4.820281565605037,0.27698678333503324,0.3894647667617237,0.47647614375135294,0.7259370033829367,46,23.41,23.74,24.51,23.94,21.4,58.0,66.7,46.1,84.0,81.57,81.0,80.43,147.0,186.0,234.0,201.0
2010-11-28,201048,147.0,147,147.0,147,0.9988837,2.178483,0,1,330455720104819589,2023-08-20,Rio de Janeiro,1.4810295,6747815,1,0,0,124,,,,,683938,23.93,27.67,32.34,59.1,79.14,123.0,23.01,1.463571,93.0,20.19,1.2850533,83.0,20.84,1.3853836,76.0,21.04,1.5590758,111.5,21.9925,4.997212273764115,0.17693070815907763,0.45391749149411087,0.5663954749208013,0.6534068519104306,47,25.56,23.41,23.74,24.51,71.9,21.4,58.0,66.7,85.0,84.0,81.57,81.0,186.0,234.0,201.0,149.0
2010-12-05,201049,186.0,186,186.0,186,0.999876,2.7564478,0,2,330455720104919589,2023-08-20,Rio de Janeiro,1.5244498,6747815,1,0,0,148,,,,,683938,24.11,26.67,30.3,69.6,84.43,147.0,23.93,1.4810295,123.0,23.01,1.463571,93.0,20.19,1.2850533,83.0,20.84,1.3853836,137.25,22.810000000000002,5.231108616854587,0.23389634309047214,0.41082705124954977,0.687813834584583,0.8002918180112735,48,27.67,25.56,23.41,23.74,59.1,71.9,21.4,58.0,79.14,85.0,84.0,81.57,234.0,201.0,149.0,310.0
2010-12-12,201050,234.0,234,234.0,234,0.9999881,3.4677892,0,2,330455720105019589,2023-08-20,Rio de Janeiro,1.5450989,6747815,1,0,0,194,,,,,683938,24.11,27.46,32.29,62.4,81.86,186.0,24.11,1.5244498,147.0,23.93,1.4810295,123.0,23.01,1.463571,93.0,20.19,1.2850533,172.5,23.79,5.459585514144159,0.2284768972895721,0.46237324038004424,0.6393039485391219,0.9162907318741551,49,26.67,27.67,25.56,23.41,69.6,59.1,71.9,21.4,84.43,79.14,85.0,84.0,201.0,149.0,310.0,385.0
2010-12-19,201051,201.0,201,201.0,201,0.802694,2.9787421,0,2,330455720105119589,2023-08-20,Rio de Janeiro,1.0905507,6747815,1,0,0,157,,,,,683938,24.09,27.27,31.33,90.1,82.14,234.0,24.11,1.5450989,186.0,24.11,1.5244498,147.0,23.93,1.4810295,123.0,23.01,1.463571,192.0,24.06,5.308267697401205,-0.15131781674295386,0.07715908054661824,0.3110554236370904,0.487986131796168,50,27.46,26.67,27.67,25.56,62.4,69.6,59.1,71.9,81.86,84.43,79.14,85.0,149.0,310.0,385.0,380.0
2010-12-26,201052,149.0,149,149.0,149,0.0017853245,2.2081223,0,2,330455720105219589,2023-08-20,Rio de Janeiro,0.7320638,6747815,1,0,0,149,,,,,683938,23.09,25.49,28.47,66.8,85.14,201.0,24.09,1.0905507,234.0,24.11,1.5450989,186.0,24.11,1.5244498,147.0,23.93,1.4810295,192.5,23.85,5.0106352940962555,-0.29763240330494956,-0.4489502200479034,-0.2204733227583313,0.013423020332140823,51,27.27,27.46,26.67,27.67,90.1,62.4,69.6,59.1,82.14,81.86,84.43,79.14,310.0,385.0,380.0,624.0
2011-01-02,201101,310.0,310,310.0,310,0.99999946,4.5940795,0,2,330455720110119589,2023-08-20,Rio de Janeiro,1.5476029,6747815,1,0,0,277,,,,,683938,23.9,26.97,30.94,51.8,83.14,149.0,23.09,0.7320638,201.0,24.09,1.0905507,234.0,24.11,1.5450989,186.0,24.11,1.5244498,223.5,23.7975,5.739792912179234,0.7291576180829784,0.43152521477802885,0.280207398035075,0.5086842953246471,52,25.49,27.27,27.46,26.67,66.8,90.1,62.4,69.6,85.14,82.14,81.86,84.43,385.0,380.0,624.0,1012.0
2011-01-09,201102,385.0,385,385.0,385,1.0,5.7055507,0,2,330455720110219589,2023-08-20,Rio de Janeiro,1.7713038,6747815,1,1,1,360,,,,,683938,24.43,27.64,32.4,96.8,81.71,310.0,23.9,1.5476029,149.0,23.09,0.7320638,201.0,24.09,1.0905507,234.0,24.11,1.5450989,261.25,23.8775,5.955837369464831,0.21604445728559707,0.9452020753685755,0.6475696720636259,0.49625185532067206,1,26.97,25.49,27.27,27.46,51.8,66.8,90.1,62.4,83.14,85.14,82.14,81.86,380.0,624.0,1012.0,1639.0
2011-01-16,201103,380.0,380,380.0,380,0.9998831,5.6314526,0,3,330455720110319589,2023-08-20,Rio de Janeiro,1.3318595,6747815,1,1,1,367,,,,,683938,24.96,28.59,33.83,44.4,80.71,385.0,24.43,1.7713038,310.0,23.9,1.5476029,149.0,23.09,0.7320638,201.0,24.09,1.0905507,306.0,24.095,5.942799375126701,-0.013037994338129799,0.20300646294746727,0.9321640810304457,0.6345316777254961,2,27.64,26.97,25.49,27.27,96.8,51.8,66.8,90.1,81.71,83.14,85.14,82.14,624.0,1012.0,1639.0,1983.0
2011-01-23,201104,624.0,624,624.0,624,1.0,9.2474375,0,3,330455720110419589,2023-08-20,Rio de Janeiro,1.7180144,6747815,1,1,1,605,,,,,683938,24.13,29.19,34.91,2.7,71.43,380.0,24.96,1.3318595,385.0,24.43,1.7713038,310.0,23.9,1.5476029,149.0,23.09,0.7320638,424.75,24.355,6.437751649736401,0.4949522746096999,0.48191428027157013,0.6979587375571672,1.4271163556401456,3,28.59,27.64,26.97,25.49,44.4,96.8,51.8,66.8,80.71,81.71,83.14,85.14,1012.0,1639.0,1983.0,2056.0
2011-01-30,201105,1012.0,1012,1012.0,1012,1.0,14.997447,0,3,330455720110519589,2023-08-20,Rio de Janeiro,2.1632705,6747815,1,1,1,988,,,,,683938,24.41,28.7,34.11,21.0,74.0,624.0,24.13,1.7180144,380.0,24.96,1.3318595,385.0,24.43,1.7713038,310.0,23.9,1.5476029,600.25,24.4825,6.920671504248683,0.48291985451228214,0.9778721291219821,0.9648341347838523,1.1808785920694493,4,29.19,28.59,27.64,26.97,2.7,44.4,96.8,51.8,71.43,80.71,81.71,83.14,1639.0,1983.0,2056.0,1898.0
2011-02-06,201106,1639.0,1639,1639.0,1639,1.0,24.289345,0,3,330455720110619589,2023-08-20,Rio de Janeiro,2.353414,6747815,1,1,1,1602,,,,,683938,24.49,29.49,35.59,2.1,65.57,1012.0,24.41,2.1632705,624.0,24.13,1.7180144,380.0,24.96,1.3318595,385.0,24.43,1.7713038,913.75,24.4975,7.402451520818244,0.4817800165695605,0.9646998710818426,1.4596521456915426,1.4466141513534128,5,28.7,29.19,28.59,27.64,21.0,2.7,44.4,96.8,74.0,71.43,80.71,81.71,1983.0,2056.0,1898.0,1984.0
2011-02-13,201107,1983.0,1983,1983.0,1983,1.0,29.387291,0,3,330455720110719589,2023-08-20,Rio de Janeiro,1.8350271,6747815,1,1,1,1958,,,,,683938,23.86,28.44,34.13,11.7,69.71,1639.0,24.49,2.353414,1012.0,24.41,2.1632705,624.0,24.13,1.7180144,380.0,24.96,1.3318595,1314.5,24.2225,7.592870287844818,0.190418767026574,0.6721987835961345,1.1551186381084166,1.6500709127181166,6,29.49,28.7,29.19,28.59,2.1,21.0,2.7,44.4,65.57,74.0,71.43,80.71,2056.0,1898.0,1984.0,3473.0
2011-02-20,201108,2056.0,2056,2056.0,2056,1.0,30.469122,0,3,330455720110819589,2023-08-20,Rio de Janeiro,1.3481961,6747815,1,1,1,2017,,,,,683938,23.96,27.84,33.09,50.1,77.57,1983.0,23.86,1.8350271,1639.0,24.49,2.353414,1012.0,24.41,2.1632705,624.0,24.13,1.7180144,1672.5,24.18,7.6290038896529575,0.03613360180813974,0.22655236883471375,0.7083323854042742,1.1912522399165564,7,28.44,29.49,28.7,29.19,11.7,2.1,21.0,2.7,69.71,65.57,74.0,71.43,1898.0,1984.0,3473.0,5472.0
2011-02-27,201109,1898.0,1898,1898.0,1898,0.80634695,28.127623,0,3,330455720110919589,2023-08-20,Rio de Janeiro,1.0286622,6747815,1,0,1,1898,,,,,683938,22.83,24.96,28.34,107.0,86.86,2056.0,23.96,1.3481961,1983.0,23.86,1.8350271,1639.0,24.49,2.353414,1012.0,24.41,2.1632705,1894.0,23.785,7.549082710812286,-0.07992117884067174,-0.043787577032532,0.146631189994042,0.6284112065636025,8,27.84,28.44,29.49,28.7,50.1,11.7,2.1,21.0,77.57,69.71,65.57,74.0,1984.0,3473.0,5472.0,6115.0
2011-03-06,201110,1984.0,1984,1984.0,1984,0.6518475,29.402111,0,2,330455720111019589,2023-08-20,Rio de Janeiro,1.0125073,6747815,1,0,1,1956,,,,,683938,22.74,25.07,27.79,66.1,88.71,1898.0,22.83,1.0286622,2056.0,23.96,1.3481961,1983.0,23.86,1.8350271,1639.0,24.49,2.353414,1980.25,23.3475,7.59337419312129,0.04429148230900459,-0.03562969653166714,0.0005039052764725938,0.1909226723030466,9,24.96,27.84,28.44,29.49,107.0,50.1,11.7,2.1,86.86,77.57,69.71,65.57,3473.0,5472.0,6115.0,7389.0
2011-03-13,201111,3473.0,3473,3473.0,3473,1.0,51.468513,0,2,330455720111119589,2023-08-20,Rio de Janeiro,1.705185,6747815,1,1,2,3421,,,,,683938,23.34,25.97,30.07,45.5,84.71,1984.0,22.74,1.0125073,1898.0,22.83,1.0286622,2056.0,23.96,1.3481961,1983.0,23.86,1.8350271,2352.75,23.2175,8.153061946801051,0.5596877536797606,0.6039792359887652,0.5240580571480935,0.5601916589562332,10,25.07,24.96,27.84,28.44,66.1,107.0,50.1,11.7,88.71,86.86,77.57,69.71,5472.0,6115.0,7389.0,6204.0
2011-03-20,201112,5472.0,5472,5472.0,5472,1.0,81.09292,0,4,330455720111219589,2023-08-20,Rio de Janeiro,2.1830547,6747815,1,1,2,5403,,,,,683938,22.13,25.54,29.89,20.7,83.86,3473.0,23.34,1.705185,1984.0,22.74,1.0125073,1898.0,22.83,1.0286622,2056.0,23.96,1.3481961,3206.75,22.759999999999998,8.607582191143917,0.4545202443428664,1.014207998022627,1.0584994803316317,0.9785783014909599,11,25.97,25.07,24.96,27.84,45.5,66.1,107.0,50.1,84.71,88.71,86.86,77.57,6115.0,7389.0,6204.0,5196.0
2011-03-27,201113,6115.0,6115,6115.0,6115,1.0,90.621925,0,4,330455720111319589,2023-08-20,Rio de Janeiro,1.6837986,6747815,1,1,2,6013,,,,,683938,23.51,26.4,30.77,83.8,84.0,5472.0,22.13,2.1830547,3473.0,23.34,1.705185,1984.0,22.74,1.0125073,1898.0,22.83,1.0286622,4261.0,22.93,8.718663567048953,0.11108137590503553,0.565601620247902,1.1252893739276626,1.1695808562366672,12,25.54,25.97,25.07,24.96,20.7,45.5,66.1,107.0,83.86,84.71,88.71,86.86,7389.0,6204.0,5196.0,5820.0
2011-04-03,201114,7389.0,7389,7389.0,7389,1.0,109.50211,0,4,330455720111419589,2023-08-20,Rio de Janeiro,1.4725652,6747815,1,1,2,7305,,,,,683938,21.66,24.7,28.84,66.5,84.29,6115.0,23.51,1.6837986,5472.0,22.13,2.1830547,3473.0,23.34,1.705185,1984.0,22.74,1.0125073,5612.25,22.66,8.907883013942248,0.18921944689329528,0.3003008227983308,0.7548210671411972,1.3145088208209579,13,26.4,25.54,25.97,25.07,83.8,20.7,45.5,66.1,84.0,83.86,84.71,88.71,6204.0,5196.0,5820.0,4805.0
2011-04-10,201115,6204.0,6204,6204.0,6204,0.86242926,91.94087,0,4,330455720111519589,2023-08-20,Rio de Janeiro,1.0198852,6747815,1,0,2,6171,,,,,683938,22.84,26.96,32.27,25.0,79.86,7389.0,21.66,1.4725652,6115.0,23.51,1.6837986,5472.0,22.13,2.1830547,3473.0,23.34,1.705185,6295.0,22.535,8.733110697638708,-0.17477231630354062,0.014447130589754664,0.1255285064947902,0.5800487508376566,14,24.7,26.4,25.54,25.97,66.5,83.8,20.7,45.5,84.29,84.0,83.86,84.71,5196.0,5820.0,4805.0,4445.0
2011-04-17,201116,5196.0,5196,5196.0,5196,0.0,77.0027,0,4,330455720111619589,2023-08-20,Rio de Janeiro,0.79690105,6747815,1,0,2,5270,,,,,683938,21.49,26.26,31.81,0.9,78.29,6204.0,22.84,1.0198852,7389.0,21.66,1.4725652,6115.0,23.51,1.6837986,5472.0,22.13,2.1830547,6226.0,22.375,8.555836815008442,-0.17727388263026533,-0.35204619893380595,-0.16282675204051067,-0.05174537613547514,15,26.96,24.7,26.4,25.54,25.0,66.5,83.8,20.7,79.86,84.29,84.0,83.86,5820.0,4805.0,4445.0,3432.0
2011-04-24,201117,5820.0,5820,5820.0,5820,0.0003749237,86.250145,0,4,330455720111719589,2023-08-20,Rio de Janeiro,0.94032633,6747815,0,0,2,5851,,,,,683938,20.86,23.6,27.14,52.0,85.14,5196.0,21.49,0.79690105,6204.0,22.84,1.0198852,7389.0,21.66,1.4725652,6115.0,23.51,1.6837986,6152.25,21.7125,8.669227347271736,0.11339053226329376,-0.06388335036697157,-0.2386556666705122,-0.049436219777216905,16,26.26,26.96,24.7,26.4,0.9,25.0,66.5,83.8,78.29,79.86,84.29,84.0,4805.0,4445.0,3432.0,2631.0
2011-05-01,201118,4805.0,4805,4805.0,4805,0.0,71.20824,0,4,330455720111819589,2023-08-20,Rio de Janeiro,0.8476573,6747815,0,0,2,4782,,,,,683938,20.63,23.9,28.37,8.1,81.29,5820.0,20.86,0.94032633,5196.0,21.49,0.79690105,6204.0,22.84,1.0198852,7389.0,21.66,1.4725652,5506.25,21.455,8.477620416296414,-0.1916069309753219,-0.07821639871202812,-0.25549028134229346,-0.4302625976458341,17,23.6,26.26,26.96,24.7,52.0,0.9,25.0,66.5,85.14,78.29,79.86,84.29,4445.0,3432.0,2631.0,2126.0
2011-05-08,201119,4445.0,4445,4445.0,4445,0.0,65.87318,0,4,330455720111919589,2023-08-20,Rio de Janeiro,0.83079195,6747815,0,0,2,4411,,,,,683938,19.41,22.46,26.41,17.7,85.29,4805.0,20.63,0.8476573,5820.0,20.86,0.94032633,5196.0,21.49,0.79690105,6204.0,22.84,1.0198852,5066.5,20.597499999999997,8.399760094524142,-0.0778603217722722,-0.2694672527475941,-0.15607672048430032,-0.33335060311456566,18,23.9,23.6,26.26,26.96,8.1,52.0,0.9,25.0,81.29,85.14,78.29,79.86,3432.0,2631.0,2126.0,1345.0
2011-05-15,201120,3432.0,3432,3432.0,3432,0.0,50.86091,0,4,330455720112019589,2023-08-20,Rio de Janeiro,0.7011129,6747815,0,0,2,3519,,,,,683938,17.0,20.37,24.26,23.0,84.57,4445.0,19.41,0.83079195,4805.0,20.63,0.8476573,5820.0,20.86,0.94032633,5196.0,21.49,0.79690105,4625.5,19.475,8.141189793457691,-0.2585703010664506,-0.3364306228387228,-0.5280375538140447,-0.41464702155075095,19,22.46,23.9,23.6,26.26,17.7,8.1,52.0,0.9,85.29,81.29,85.14,78.29,2631.0,2126.0,1345.0,1024.0
2011-05-22,201121,2631.0,2631,2631.0,2631,0.0,38.9904,0,4,330455720112119589,2023-08-20,Rio de Janeiro,0.6195606,6747815,0,0,1,2640,,,,,683938,16.33,20.93,26.31,6.9,79.14,3432.0,17.0,0.7011129,4445.0,19.41,0.83079195,4805.0,20.63,0.8476573,5820.0,20.86,0.94032633,3828.25,18.3425,7.875499292445208,-0.26569050101248326,-0.5242608020789339,-0.6021211238512061,-0.793728054826528,20,20.37,22.46,23.9,23.6,23.0,17.7,8.1,52.0,84.57,85.29,81.29,85.14,2126.0,1345.0,1024.0,633.0
2011-05-29,201122,2126.0,2126,2126.0,2126,0.0,31.506495,0,1,330455720112219589,2023-08-20,Rio de Janeiro,0.6105574,6747815,0,0,1,2213,,,,,683938,16.63,20.23,24.36,7.8,82.86,2631.0,16.33,0.6195606,3432.0,17.0,0.7011129,4445.0,19.41,0.83079195,4805.0,20.63,0.8476573,3158.5,17.3425,7.6624678152002375,-0.21303147724497062,-0.4787219782574539,-0.7372922793239045,-0.8151526010961767,21,20.93,20.37,22.46,23.9,6.9,23.0,17.7,8.1,79.14,84.57,85.29,81.29,1345.0,1024.0,633.0,547.0
2011-06-05,201123,1345.0,1345,1345.0,1345,0.0,19.932379,0,1,330455720112319589,2023-08-20,Rio de Janeiro,0.49282205,6747815,0,0,1,1376,,,,,683938,15.01,19.11,23.64,13.1,79.29,2126.0,16.63,0.6105574,2631.0,16.33,0.6195606,3432.0,17.0,0.7011129,4445.0,19.41,0.83079195,2383.5,16.2425,7.204892510204673,-0.4575753049955642,-0.6706067822405348,-0.9362972832530181,-1.1948675843194687,22,20.23,20.93,20.37,22.46,7.8,6.9,23.0,17.7,82.86,79.14,84.57,85.29,1024.0,633.0,547.0,341.0
2011-06-12,201124,1024.0,1024,1024.0,1024,0.0,15.1752825,0,1,330455720112419589,2023-08-20,Rio de Janeiro,0.49440846,6747815,0,0,1,1029,,,,,683938,15.11,19.47,25.19,4.8,80.57,1345.0,15.01,0.49282205,2126.0,16.63,0.6105574,2631.0,16.33,0.6195606,3432.0,17.0,0.7011129,1781.5,15.77,6.932447891572509,-0.2724446186321643,-0.7300199236277285,-0.9430514008726991,-1.2087419018851824,23,19.11,20.23,20.93,20.37,13.1,7.8,6.9,23.0,79.29,82.86,79.14,84.57,633.0,547.0,341.0,299.0
2011-06-19,201125,633.0,633,633.0,633,0.0,9.380815,0,1,330455720112519589,2023-08-20,Rio de Janeiro,0.42459744,6747815,0,0,1,638,,,,,683938,17.34,21.36,26.71,2.7,84.57,1024.0,15.11,0.49440846,1345.0,15.01,0.49282205,2126.0,16.63,0.6105574,2631.0,16.33,0.6195606,1282.0,16.0225,6.452048954437226,-0.48039893713528325,-0.7528435557674475,-1.2104188607630118,-1.4234503380079824,24,19.47,19.11,20.23,20.93,4.8,13.1,7.8,6.9,80.57,79.29,82.86,79.14,547.0,341.0,299.0,219.0
2011-06-26,201126,547.0,547,547.0,547,0.0,8.106328,0,1,330455720112619589,2023-08-20,Rio de Janeiro,0.52415776,6747815,0,0,1,515,,,,,683938,16.84,20.31,25.24,4.8,82.57,633.0,17.34,0.42459744,1024.0,15.11,0.49440846,1345.0,15.01,0.49282205,2126.0,16.63,0.6105574,887.25,16.075,6.306275286948016,-0.14577366748920983,-0.6261726046244931,-0.8986172232566574,-1.3561925282522216,25,21.36,19.47,19.11,20.23,2.7,4.8,13.1,7.8,84.57,80.57,79.29,82.86,341.0,299.0,219.0,293.0
2011-07-03,201127,341.0,341,341.0,341,0.0,5.053488,0,1,330455720112719589,2023-08-20,Rio de Janeiro,0.46491045,6747815,0,0,0,359,,,,,683938,15.56,18.1,21.21,10.1,84.29,547.0,16.84,0.52415776,633.0,17.34,0.42459744,1024.0,15.11,0.49440846,1345.0,15.01,0.49282205,636.25,16.2125,5.834810737062605,-0.4714645498854111,-0.6172382173746209,-1.0976371545099042,-1.3700817731420685,26,20.31,21.36,19.47,19.11,4.8,2.7,4.8,13.1,82.57,84.57,80.57,79.29,299.0,219.0,293.0,194.0
2011-07-10,201128,299.0,299,299.0,299,2.220446e-16,4.431064,0,1,330455720112819589,2023-08-20,Rio de Janeiro,0.5624739,6747815,0,0,0,297,,,,,683938,15.1,20.31,27.89,0.0,75.71,341.0,15.56,0.46491045,547.0,16.84,0.52415776,633.0,17.34,0.42459744,1024.0,15.11,0.49440846,455.0,16.21,5.703782474656201,-0.13102826240640386,-0.602492812291815,-0.7482664797810248,-1.228665416916308,27,18.1,20.31,21.36,19.47,10.1,4.8,2.7,4.8,84.29,82.57,84.57,80.57,219.0,293.0,194.0,204.0
2011-07-17,201129,219.0,219,219.0,219,1.0098589e-12,3.245495,0,1,330455720112919589,2023-08-20,Rio de Janeiro,0.5594323,6747815,0,0,0,221,,,,,683938,18.21,21.97,27.19,17.3,81.29,299.0,15.1,0.5624739,341.0,15.56,0.46491045,547.0,16.84,0.52415776,633.0,17.34,0.42459744,351.5,16.427500000000002,5.393627546352362,-0.31015492830383895,-0.4411831907102428,-0.9126477405956539,-1.0584214080848637,28,20.31,18.1,20.31,21.36,0.0,10.1,4.8,2.7,75.71,84.29,82.57,84.57,293.0,194.0,204.0,206.0
2011-07-24,201130,293.0,293,293.0,293,0.33968115,4.3421464,0,1,330455720113019589,2023-08-20,Rio de Janeiro,0.96672815,6747815,0,0,0,201,,,,,683938,16.04,21.07,27.6,0.0,76.0,219.0,18.21,0.5594323,299.0,15.1,0.5624739,341.0,15.56,0.46491045,547.0,16.84,0.52415776,288.0,16.2275,5.683579767338681,0.28995222098631945,-0.020202707317519497,-0.15123096972392336,-0.6226955196093344,29,21.97,20.31,18.1,20.31,17.3,0.0,10.1,4.8,81.29,75.71,84.29,82.57,194.0,204.0,206.0,154.0
2011-07-31,201131,194.0,194,194.0,194,0.00070219603,2.8750048,0,1,330455720113119589,2023-08-20,Rio de Janeiro,0.7404279,6747815,0,0,0,144,,,,,683938,16.99,21.0,25.9,7.7,77.57,293.0,16.04,0.96672815,219.0,18.21,0.5594323,299.0,15.1,0.5624739,341.0,15.56,0.46491045,251.25,16.585,5.272999558563747,-0.4105802087749346,-0.12062798778861517,-0.4307829160924541,-0.561811178498858,30,21.07,21.97,20.31,18.1,0.0,17.3,0.0,10.1,76.0,81.29,75.71,84.29,204.0,206.0,154.0,145.0
2011-08-07,201132,204.0,204,204.0,204,0.0247853,3.0232008,0,1,330455720113219589,2023-08-20,Rio de Janeiro,0.830731,6747815,0,0,0,148,,,,,683938,18.36,22.36,28.14,10.9,80.71,194.0,16.99,0.7404279,293.0,16.04,0.96672815,219.0,18.21,0.5594323,299.0,15.1,0.5624739,227.5,17.4,5.3230099791384085,0.05001042057466165,-0.36056978820027297,-0.07061756721395351,-0.38077249551779246,31,21.0,21.07,21.97,20.31,7.7,0.0,17.3,0.0,77.57,76.0,81.29,75.71,206.0,154.0,145.0,165.0
2011-08-14,201133,206.0,206,206.0,206,0.21978994,3.05284,0,1,330455720113319589,2023-08-20,Rio de Janeiro,0.92804503,6747815,0,0,0,151,,,,,683938,18.16,23.09,29.94,7.4,73.14,204.0,18.36,0.830731,194.0,16.99,0.7404279,293.0,16.04,0.96672815,219.0,18.21,0.5594323,224.25,17.3875,5.332718793265369,0.009708814126960341,0.05971923470162199,-0.3508609740733126,-0.06090875308699317,32,22.36,21.0,21.07,21.97,10.9,7.7,0.0,17.3,80.71,77.57,76.0,81.29,154.0,145.0,165.0,156.0
2011-08-21,201134,154.0,154,154.0,154,0.0044451393,2.2822204,0,1,330455720113419589,2023-08-20,Rio de Janeiro,0.75743574,6747815,0,0,0,107,,,,,683938,18.27,20.89,24.6,14.8,83.29,206.0,18.16,0.92804503,204.0,18.36,0.830731,194.0,16.99,0.7404279,293.0,16.04,0.96672815,189.5,17.945,5.043425116919247,-0.289293676346122,-0.2795848622191617,-0.22957444164450003,-0.6401546504194346,33,23.09,22.36,21.0,21.07,7.4,10.9,7.7,0.0,73.14,80.71,77.57,76.0,145.0,165.0,156.0,208.0
2011-08-28,201135,145.0,145,145.0,145,0.00853373,2.1488438,0,1,330455720113519589,2023-08-20,Rio de Janeiro,0.76948035,6747815,0,0,0,102,,,,,683938,17.46,21.76,27.5,8.4,68.14,154.0,18.27,0.75743574,206.0,18.16,0.92804503,204.0,18.36,0.830731,194.0,16.99,0.7404279,177.25,18.0625,4.983606621708336,-0.05981849521091043,-0.34911217155703245,-0.3394033574300721,-0.28939293685541045,34,20.89,23.09,22.36,21.0,14.8,7.4,10.9,7.7,83.29,73.14,80.71,77.57,165.0,156.0,208.0,240.0
2011-09-04,201136,165.0,165,165.0,165,0.45210147,2.445236,0,1,330455720113619589,2023-08-20,Rio de Janeiro,0.9868963,6747815,0,0,0,136,,,,,683938,16.77,22.53,29.56,0.0,72.29,145.0,17.46,0.76948035,154.0,18.27,0.75743574,206.0,18.16,0.92804503,204.0,18.36,0.830731,167.5,17.665,5.111987788356544,0.1283811666482073,0.06856267143729688,-0.22073100490882513,-0.2110221907818648,35,21.76,20.89,23.09,22.36,8.4,14.8,7.4,10.9,68.14,83.29,73.14,80.71,156.0,208.0,240.0,232.0
2011-09-11,201137,156.0,156,156.0,156,0.51107734,2.3118594,0,1,330455720113719589,2023-08-20,Rio de Janeiro,1.0031476,6747815,0,0,0,141,,,,,683938,18.21,20.89,24.1,23.2,80.57,165.0,16.77,0.9868963,145.0,17.46,0.76948035,154.0,18.27,0.75743574,206.0,18.16,0.92804503,155.0,17.677500000000002,5.056245805348308,-0.05574198300823596,0.07263918363997135,0.012820688429060922,-0.2764729879170611,36,22.53,21.76,20.89,23.09,0.0,8.4,14.8,7.4,72.29,68.14,83.29,73.14,208.0,240.0,232.0,257.0
2011-09-18,201138,208.0,208,208.0,208,0.994713,3.0824792,0,1,330455720113819589,2023-08-20,Rio de Janeiro,1.3069929,6747815,0,0,0,198,,,,,683938,17.47,22.31,28.5,4.1,73.0,156.0,18.21,1.0031476,165.0,16.77,0.9868963,145.0,17.46,0.76948035,154.0,18.27,0.75743574,168.5,17.4775,5.342334251964811,0.28608844661650323,0.23034646360826727,0.3587276302564746,0.29890913504556416,37,20.89,22.53,21.76,20.89,23.2,0.0,8.4,14.8,80.57,72.29,68.14,83.29,240.0,232.0,257.0,252.0
2011-09-25,201139,240.0,240,240.0,240,0.9994324,3.556707,0,1,330455720113919589,2023-08-20,Rio de Janeiro,1.3794136,6747815,0,0,0,224,,,,,683938,17.56,22.47,28.43,4.6,72.43,208.0,17.47,1.3069929,156.0,18.21,1.0031476,165.0,16.77,0.9868963,145.0,17.46,0.76948035,192.25,17.502499999999998,5.484796933490655,0.14246268152584385,0.4285511281423471,0.3728091451341111,0.5011903117823184,38,22.31,20.89,22.53,21.76,4.1,23.2,0.0,8.4,73.0,80.57,72.29,68.14,232.0,257.0,252.0,322.0
2011-10-02,201140,232.0,232,232.0,232,0.932792,3.43815,0,1,330455720114019589,2023-08-20,Rio de Janeiro,1.1548128,6747815,0,0,0,211,,,,,683938,19.94,23.71,28.37,15.8,75.57,240.0,17.56,1.3794136,208.0,17.47,1.3069929,156.0,18.21,1.0031476,165.0,16.77,0.9868963,209.0,18.295,5.4510384535657,-0.03375847992495462,0.10870420160088923,0.39479264821739246,0.3390506652091565,39,22.47,22.31,20.89,22.53,4.6,4.1,23.2,0.0,72.43,73.0,80.57,72.29,257.0,252.0,322.0,321.0
2011-10-09,201141,257.0,257,257.0,257,0.9260498,3.8086402,0,1,330455720114119589,2023-08-20,Rio de Janeiro,1.1408916,6747815,1,0,0,249,,,,,683938,21.91,25.61,30.2,37.9,76.57,232.0,19.94,1.1548128,240.0,17.56,1.3794136,208.0,17.47,1.3069929,156.0,18.21,1.0031476,234.25,19.22,5.552959584921617,0.10192113135591718,0.06816265143096256,0.2106253329568064,0.49671377957330964,40,23.71,22.47,22.31,20.89,15.8,4.6,4.1,23.2,75.57,72.43,73.0,80.57,252.0,322.0,321.0,406.0
2011-10-16,201142,252.0,252,252.0,252,0.7311736,3.7345421,0,1,330455720114219589,2023-08-20,Rio de Janeiro,1.0572085,6747815,0,0,0,231,,,,,683938,18.0,20.5,23.3,46.9,81.57,257.0,21.91,1.1408916,232.0,19.94,1.1548128,240.0,17.56,1.3794136,208.0,17.47,1.3069929,245.25,19.3525,5.53338948872752,-0.019570096194096998,0.08235103516182019,0.048592555236865564,0.1910552367627094,41,25.61,23.71,22.47,22.31,37.9,15.8,4.6,4.1,76.57,75.57,72.43,73.0,322.0,321.0,406.0,369.0
2011-10-23,201143,322.0,322,322.0,322,0.99853635,4.771915,0,1,330455720114319589,2023-08-20,Rio de Janeiro,1.2832373,6747815,0,0,0,301,,,,,683938,20.67,25.56,31.36,8.5,72.57,252.0,18.0,1.0572085,257.0,21.91,1.1408916,232.0,19.94,1.1548128,240.0,17.56,1.3794136,265.75,20.13,5.777652323222656,0.24426283449513608,0.22469273830103909,0.32661386965695627,0.29285538973200165,42,20.5,25.61,23.71,22.47,46.9,37.9,15.8,4.6,81.57,76.57,75.57,72.43,321.0,406.0,369.0,599.0
2011-10-30,201144,321.0,321,321.0,321,0.97895503,4.7570953,0,1,330455720114419589,2023-08-20,Rio de Janeiro,1.1819582,6747815,0,0,0,296,,,,,683938,17.24,20.81,25.19,20.4,73.43,322.0,20.67,1.2832373,252.0,18.0,1.0572085,257.0,21.91,1.1408916,232.0,19.94,1.1548128,288.0,19.455,5.7745515455444085,-0.0031007776782479013,0.24116205681688818,0.22159196062279118,0.32351309197870837,43,25.56,20.5,25.61,23.71,8.5,46.9,37.9,15.8,72.57,81.57,76.57,75.57,406.0,369.0,599.0,622.0
2011-11-06,201145,406.0,406,406.0,406,0.9999381,6.0167623,0,1,330455720114519589,2023-08-20,Rio de Janeiro,1.3356789,6747815,0,1,1,384,,,,,683938,20.0,24.86,30.39,1.2,69.57,321.0,17.24,1.1819582,322.0,20.67,1.2832373,252.0,18.0,1.0572085,257.0,21.91,1.1408916,325.25,18.9775,6.008813185442595,0.23426163989818605,0.23116086221993815,0.47542369671507423,0.45585360052097723,44,20.81,25.56,20.5,25.61,20.4,8.5,46.9,37.9,73.43,72.57,81.57,76.57,369.0,599.0,622.0,816.0
2011-11-13,201146,369.0,369,369.0,369,0.87110054,5.4684367,0,1,330455720114619589,2023-08-20,Rio de Janeiro,1.0887719,6747815,0,0,1,337,,,,,683938,20.31,22.51,25.11,64.3,82.57,406.0,20.0,1.3356789,321.0,17.24,1.1819582,322.0,20.67,1.2832373,252.0,18.0,1.0572085,354.5,19.555,5.91350300563827,-0.09531017980432477,0.13895146009386128,0.13585068241561338,0.38011351691074946,45,24.86,20.81,25.56,20.5,1.2,20.4,8.5,46.9,69.57,73.43,72.57,81.57,599.0,622.0,816.0,944.0
2011-11-20,201147,599.0,599,599.0,599,1.0,8.876947,0,1,330455720114719589,2023-08-20,Rio de Janeiro,1.5771142,6747815,0,1,1,532,,,,,683938,20.34,24.43,28.86,34.0,77.29,369.0,20.31,1.0887719,406.0,20.0,1.3356789,321.0,17.24,1.1819582,322.0,20.67,1.2832373,423.75,19.4725,6.396929655216146,0.4834266495778765,0.38811646977355174,0.6223781096717378,0.6192773319934899,46,22.51,24.86,20.81,25.56,64.3,1.2,20.4,8.5,82.57,69.57,73.43,72.57,622.0,816.0,944.0,869.0
2011-11-27,201148,622.0,622,622.0,622,1.0,9.217798,0,3,330455720114819589,2023-08-20,Rio de Janeiro,1.4048086,6747815,0,1,1,537,,,,,683938,21.36,23.93,27.5,96.8,83.71,599.0,20.34,1.5771142,369.0,20.31,1.0887719,406.0,20.0,1.3356789,321.0,17.24,1.1819582,499.0,20.502499999999998,6.434546518787453,0.03761686357130678,0.5210435131491833,0.4257333333448585,0.6599949732430446,47,24.43,22.51,24.86,20.81,34.0,64.3,1.2,20.4,77.29,82.57,69.57,73.43,816.0,944.0,869.0,1440.0
2011-12-04,201149,816.0,816,816.0,816,1.0,12.092803,0,3,330455720114919589,2023-08-20,Rio de Janeiro,1.4939516,6747815,1,1,1,704,,,,,683938,21.76,24.5,28.09,79.0,85.0,622.0,21.36,1.4048086,599.0,20.34,1.5771142,369.0,20.31,1.0887719,406.0,20.0,1.3356789,601.5,20.9425,6.705639094860003,0.27109257607255,0.3087094396438568,0.7921360892217333,0.6968259094174085,48,23.93,24.43,22.51,24.86,96.8,34.0,64.3,1.2,83.71,77.29,82.57,69.57,944.0,869.0,1440.0,1358.0
2011-12-11,201150,944.0,944,944.0,944,1.0,13.989714,0,3,330455720115019589,2023-08-20,Rio de Janeiro,1.4232652,6747815,1,1,1,840,,,,,683938,21.97,25.94,30.97,45.7,80.57,816.0,21.76,1.4939516,622.0,21.36,1.4048086,599.0,20.34,1.5771142,369.0,20.31,1.0887719,745.25,21.357499999999998,6.851184927493743,0.14554583263374,0.41663840870629,0.45425527227759677,0.9376819218554733,49,24.5,23.93,24.43,22.51,79.0,96.8,34.0,64.3,85.0,83.71,77.29,82.57,869.0,1440.0,1358.0,1383.0
2011-12-18,201151,869.0,869,869.0,869,0.980109,12.8782425,0,3,330455720115119589,2023-08-20,Rio de Janeiro,1.1064258,6747815,1,1,1,772,,,,,683938,23.37,27.83,33.19,16.8,72.57,944.0,21.97,1.4232652,816.0,21.76,1.4939516,622.0,21.36,1.4048086,599.0,20.34,1.5771142,812.75,22.115000000000002,6.76849321164863,-0.08269171584511348,0.06285411678862651,0.3339466928611765,0.3715635564324833,50,25.94,24.5,23.93,24.43,45.7,79.0,96.8,34.0,80.57,85.0,83.71,77.29,1440.0,1358.0,1383.0,1741.0
2011-12-25,201152,1440.0,1440,1440.0,1440,1.0,21.34024,0,3,330455720115219589,2023-08-20,Rio de Janeiro,1.6029276,6747815,1,1,1,778,,,,,683938,21.89,24.26,27.26,69.0,84.43,869.0,23.37,1.1064258,944.0,21.97,1.4232652,816.0,21.76,1.4939516,622.0,21.36,1.4048086,1017.25,22.2475,7.273092595999522,0.5045993843508922,0.42190766850577877,0.5674535011395188,0.8385460772120688,51,27.83,25.94,24.5,23.93,16.8,45.7,79.0,96.8,72.57,80.57,85.0,83.71,1358.0,1383.0,1741.0,2012.0
2012-01-01,201201,1358.0,1358,1358.0,1358,1.0,20.125032,0,3,330455720120119589,2023-08-20,Rio de Janeiro,1.3010744,6747815,1,1,1,982,,,,,683938,21.41,24.71,28.96,93.9,83.29,1440.0,21.89,1.6029276,869.0,23.37,1.1064258,944.0,21.97,1.4232652,816.0,21.76,1.4939516,1152.75,22.16,7.214504414151143,-0.05858818184837844,0.4460112025025138,0.3633194866574003,0.5088653192911403,52,24.26,27.83,25.94,24.5,69.0,16.8,45.7,79.0,84.43,72.57,80.57,85.0,1383.0,1741.0,2012.0,2164.0
2012-01-08,201202,1383.0,1383,1383.0,1383,0.99692273,20.495523,0,3,330455720120219589,2023-08-20,Rio de Janeiro,1.1129144,6747815,1,1,1,1108,,,,,683938,22.67,26.0,30.41,68.4,81.29,1358.0,21.41,1.3010744,1440.0,21.89,1.6029276,869.0,23.37,1.1064258,944.0,21.97,1.4232652,1262.5,22.335,7.232733136177615,0.01822872202647119,-0.04035945982190725,0.464239924528985,0.3815482086838715,1,24.71,24.26,27.83,25.94,93.9,69.0,16.8,45.7,83.29,84.43,72.57,80.57,1741.0,2012.0,2164.0,2750.0
2012-01-15,201203,1741.0,1741,1741.0,1741,1.0,25.800945,0,3,330455720120319589,2023-08-20,Rio de Janeiro,1.2707499,6747815,1,1,1,1473,,,,,683938,23.71,26.96,31.37,41.6,79.57,1383.0,22.67,1.1129144,1358.0,21.41,1.3010744,1440.0,21.89,1.6029276,869.0,23.37,1.1064258,1480.5,22.42,7.462789157412448,0.2300560212348337,0.2482847432613049,0.18969656141292646,0.6942959457638187,2,26.0,24.71,24.26,27.83,68.4,93.9,69.0,16.8,81.29,83.29,84.43,72.57,2012.0,2164.0,2750.0,3237.0
2012-01-22,201204,2012.0,2012,2012.0,2012,1.0,29.817059,0,3,330455720120419589,2023-08-20,Rio de Janeiro,1.3485615,6747815,1,1,1,1661,,,,,683938,22.64,26.24,30.73,69.2,76.71,1741.0,23.71,1.2707499,1383.0,22.67,1.1129144,1358.0,21.41,1.3010744,1440.0,21.89,1.6029276,1623.5,22.6075,7.607381425639791,0.14459226822734284,0.37464828946217654,0.39287701148864773,0.3342888296402693,3,26.96,26.0,24.71,24.26,41.6,68.4,93.9,69.0,79.57,81.29,83.29,84.43,2164.0,2750.0,3237.0,3819.0
2012-01-29,201205,2164.0,2164,2164.0,2164,1.0,32.06964,0,3,330455720120519589,2023-08-20,Rio de Janeiro,1.2634984,6747815,1,1,1,1894,,,,,683938,21.39,25.37,30.07,66.8,80.0,2012.0,22.64,1.3485615,1741.0,23.71,1.2707499,1383.0,22.67,1.1129144,1358.0,21.41,1.3010744,1825.0,22.602500000000003,7.68017564043659,0.07279421479679904,0.21738648302414187,0.4474425042589756,0.46567122628544677,4,26.24,26.96,26.0,24.71,69.2,41.6,68.4,93.9,76.71,79.57,81.29,83.29,2750.0,3237.0,3819.0,5546.0
2012-02-05,201206,2750.0,2750,2750.0,2750,1.0,40.753933,0,3,330455720120619589,2023-08-20,Rio de Janeiro,1.3910495,6747815,1,1,1,2301,,,,,683938,23.13,28.13,34.17,30.5,73.71,2164.0,21.39,1.2634984,2012.0,22.64,1.3485615,1741.0,23.71,1.2707499,1383.0,22.67,1.1129144,2166.75,22.7175,7.919719760924575,0.23954412048798446,0.3123383352847835,0.45693060351212633,0.68698662474696,5,25.37,26.24,26.96,26.0,66.8,69.2,41.6,68.4,80.0,76.71,79.57,81.29,3237.0,3819.0,5546.0,6757.0
2012-02-12,201207,3237.0,3237,3237.0,3237,1.0,47.971085,0,3,330455720120719589,2023-08-20,Rio de Janeiro,1.4131324,6747815,1,1,2,2771,,,,,683938,22.64,26.56,31.31,38.0,80.57,2750.0,23.13,1.3910495,2164.0,21.39,1.2634984,2012.0,22.64,1.3485615,1741.0,23.71,1.2707499,2540.75,22.45,8.08271113423758,0.16299137331300617,0.40253549380099063,0.47532970859778967,0.6199219768251325,6,28.13,25.37,26.24,26.96,30.5,66.8,69.2,41.6,73.71,80.0,76.71,79.57,3819.0,5546.0,6757.0,6953.0
2012-02-19,201208,3819.0,3819,3819.0,3819,1.0,56.5961,0,3,330455720120819589,2023-08-20,Rio de Janeiro,1.4005944,6747815,1,1,2,3294,,,,,683938,23.13,27.74,33.3,5.8,71.71,3237.0,22.64,1.4131324,2750.0,23.13,1.3910495,2164.0,21.39,1.2634984,2012.0,22.64,1.3485615,2992.5,22.572499999999998,8.24800570160062,0.1652945673630395,0.32828594067604566,0.5678300611640301,0.6406242759608292,7,26.56,28.13,25.37,26.24,38.0,30.5,66.8,69.2,80.57,73.71,80.0,76.71,5546.0,6757.0,6953.0,8806.0
2012-02-26,201209,5546.0,5546,5546.0,5546,1.0,82.18957,0,4,330455720120919589,2023-08-20,Rio de Janeiro,1.6774017,6747815,1,1,2,4804,,,,,683938,23.26,28.7,35.01,0.0,64.29,3819.0,23.13,1.4005944,3237.0,22.64,1.4131324,2750.0,23.13,1.3910495,2164.0,21.39,1.2634984,3838.0,23.04,8.621012520055235,0.3730068184546145,0.538301385817654,0.7012927591306601,0.9408368796186446,8,27.74,26.56,28.13,25.37,5.8,38.0,30.5,66.8,71.71,80.57,73.71,80.0,6757.0,6953.0,8806.0,9462.0
2012-03-04,201210,6757.0,6757,6757.0,6757,1.0,100.136116,0,4,330455720121019589,2023-08-20,Rio de Janeiro,1.6196287,6747815,1,1,2,5759,,,,,683938,22.27,26.41,31.29,7.1,76.29,5546.0,23.26,1.6774017,3819.0,23.13,1.4005944,3237.0,22.64,1.4131324,2750.0,23.13,1.3910495,4839.75,22.825,8.818482267274236,0.19746974721900123,0.5704765656736157,0.7357711330366552,0.8987625063496614,9,28.7,27.74,26.56,28.13,0.0,5.8,38.0,30.5,64.29,71.71,80.57,73.71,6953.0,8806.0,9462.0,9668.0
2012-03-11,201211,6953.0,6953,6953.0,6953,1.0,103.040764,0,4,330455720121119589,2023-08-20,Rio de Janeiro,1.30346,6747815,1,1,2,5593,,,,,683938,22.79,26.17,31.17,68.6,78.14,6757.0,22.27,1.6196287,5546.0,23.26,1.6774017,3819.0,23.13,1.4005944,3237.0,22.64,1.4131324,5768.75,22.8625,8.847072312567807,0.02859004529357101,0.22605979251257224,0.5990666109671867,0.7643611783302262,10,26.41,28.7,27.74,26.56,7.1,0.0,5.8,38.0,76.29,64.29,71.71,80.57,8806.0,9462.0,9668.0,12490.0
2012-03-18,201212,8806.0,8806,8806.0,8806,1.0,130.50151,0,4,330455720121219589,2023-08-20,Rio de Janeiro,1.372421,6747815,1,1,2,6837,,,,,683938,22.07,25.8,30.81,68.0,79.29,6953.0,22.79,1.30346,6757.0,22.27,1.6196287,5546.0,23.26,1.6774017,3819.0,23.13,1.4005944,7015.5,22.5975,9.08330213880546,0.23622982623765232,0.2648198715312233,0.46228961875022456,0.835296437204839,11,26.17,26.41,28.7,27.74,68.6,7.1,0.0,5.8,78.14,76.29,64.29,71.71,9462.0,9668.0,12490.0,14703.0
2012-03-25,201213,9462.0,9462,9462.0,9462,1.0,140.22318,0,4,330455720121319589,2023-08-20,Rio de Janeiro,1.2843249,6747815,1,1,2,7244,,,,,683938,22.4,25.37,29.3,52.9,84.0,8806.0,22.07,1.372421,6953.0,22.79,1.30346,6757.0,22.27,1.6196287,5546.0,23.26,1.6774017,7994.5,22.3825,9.155144736508232,0.07184259770277279,0.3080724239404251,0.3366624692339961,0.5341322164529974,12,25.8,26.17,26.41,28.7,68.0,68.6,7.1,0.0,79.29,78.14,76.29,64.29,9668.0,12490.0,14703.0,14708.0
2012-04-01,201214,9668.0,9668,9668.0,9668,1.0,143.276,0,4,330455720121419589,2023-08-20,Rio de Janeiro,1.1513729,6747815,1,1,2,7529,,,,,683938,22.46,26.01,30.69,19.6,82.14,9462.0,22.4,1.2843249,8806.0,22.07,1.372421,6953.0,22.79,1.30346,6757.0,22.27,1.6196287,8722.25,22.43,9.176680170483548,0.02153543397531621,0.093378031678089,0.3296078579157413,0.35819790320931233,13,25.37,25.8,26.17,26.41,52.9,68.0,68.6,7.1,84.0,79.29,78.14,76.29,12490.0,14703.0,14708.0,13691.0
2012-04-08,201215,12490.0,12490,,12490,1.0,185.09695,0,4,330455720121519589,2023-08-20,Rio de Janeiro,1.3393528,6747815,1,1,2,9203,,,,,683938,22.26,26.14,30.97,24.8,83.0,9668.0,22.46,1.1513729,9462.0,22.4,1.2843249,8806.0,22.07,1.372421,6953.0,22.79,1.30346,10106.5,22.2975,9.43276366396591,0.25608349348236104,0.27761892745767724,0.34946152516045004,0.5856913513981024,14,26.01,25.37,25.8,26.17,19.6,52.9,68.0,68.6,82.14,84.0,79.29,78.14,14703.0,14708.0,13691.0,13199.0
2012-04-15,201216,14703.0,14703,,14703,1.0,217.89276,0,4,330455720121619589,2023-08-20,Rio de Janeiro,1.4043361,6747815,1,1,2,10743,,,,,683938,21.01,24.63,29.06,21.9,82.29,12490.0,22.26,1.3393528,9668.0,22.46,1.1513729,9462.0,22.4,1.2843249,8806.0,22.07,1.372421,11580.75,22.032500000000002,9.595874844595468,0.1631111806295582,0.41919467411191924,0.44073010808723545,0.5125727057900082,15,26.14,26.01,25.37,25.8,24.8,19.6,52.9,68.0,83.0,82.14,84.0,79.29,14708.0,13691.0,13199.0,11482.0
2012-04-22,201217,14708.0,14708,,14708,1.0,217.96686,0,4,330455720121719589,2023-08-20,Rio de Janeiro,1.2031294,6747815,1,1,2,10233,,,,,683938,21.49,24.33,28.06,29.7,84.14,14703.0,21.01,1.4043361,12490.0,22.26,1.3393528,9668.0,22.46,1.1513729,9462.0,22.4,1.2843249,12892.25,21.805,9.596214830319344,0.0003399857238761683,0.16345116635343437,0.4195346598357954,0.4410700938111116,16,24.63,26.14,26.01,25.37,21.9,24.8,19.6,52.9,82.29,83.0,82.14,84.0,13691.0,13199.0,11482.0,10247.0
2012-04-29,201218,13691.0,13691,,13691,0.35845178,202.89531,0,4,330455720121819589,2023-08-20,Rio de Janeiro,0.9956319,6747815,0,0,2,8755,,,,,683938,18.3,21.73,25.1,38.2,84.43,14708.0,21.49,1.2031294,14703.0,21.01,1.4043361,12490.0,22.26,1.3393528,9668.0,22.46,1.1513729,13898.0,20.765,9.524566999650077,-0.07164783066926717,-0.071307844945391,0.09180333568416721,0.34788682916652824,17,24.33,24.63,26.14,26.01,29.7,21.9,24.8,19.6,84.14,82.29,83.0,82.14,13199.0,11482.0,10247.0,8084.0
2012-05-06,201219,13199.0,13199,,13199,2.2367665e-09,195.60406,0,4,330455720121919589,2023-08-20,Rio de Janeiro,0.93152356,6747815,0,0,2,8082,,,,,683938,18.83,22.91,28.03,9.4,82.86,13691.0,18.3,0.9956319,14708.0,21.49,1.2031294,14703.0,21.01,1.4043361,12490.0,22.26,1.3393528,14075.25,19.9075,9.487972108574462,-0.0365948910756142,-0.10824272174488136,-0.1079027360210052,0.05520844460855301,18,21.73,24.33,24.63,26.14,38.2,29.7,21.9,24.8,84.43,84.14,82.29,83.0,11482.0,10247.0,8084.0,5290.0
2012-05-13,201220,11482.0,11482,,11482,0.0,170.15878,0,4,330455720122019589,2023-08-20,Rio de Janeiro,0.83902013,6747815,0,0,2,7149,,,,,683938,17.97,20.49,23.7,49.4,87.57,13199.0,18.83,0.93152356,13691.0,18.3,0.9956319,14708.0,21.49,1.2031294,14703.0,21.01,1.4043361,13270.0,19.147499999999997,9.34862295977619,-0.13934914879827254,-0.17594403987388674,-0.2475918705431539,-0.24725188481927773,19,22.91,21.73,24.33,24.63,9.4,38.2,29.7,21.9,82.86,84.43,84.14,82.29,10247.0,8084.0,5290.0,4300.0
2012-05-20,201221,10247.0,10247,,10247,0.0,151.85657,0,4,330455720122119589,2023-08-20,Rio de Janeiro,0.8023672,6747815,0,0,2,6303,,,,,683938,17.19,21.51,27.09,3.1,81.29,11482.0,17.97,0.83902013,13199.0,18.83,0.93152356,13691.0,18.3,0.9956319,14708.0,21.49,1.2031294,12154.75,18.072499999999998,9.234837843576571,-0.11378511619961884,-0.2531342649978914,-0.2897291560735056,-0.36137698674277274,20,20.49,22.91,21.73,24.33,49.4,9.4,38.2,29.7,87.57,82.86,84.43,84.14,8084.0,5290.0,4300.0,2793.0
2012-05-27,201222,8084.0,8084,8084.0,8084,0.0,119.80174,0,4,330455720122219589,2023-08-20,Rio de Janeiro,0.7031568,6747815,0,0,2,4988,,,,,683938,20.01,23.84,29.11,19.4,82.43,10247.0,17.19,0.8023672,11482.0,17.97,0.83902013,13199.0,18.83,0.93152356,13691.0,18.3,0.9956319,10753.0,18.5,8.997765772011208,-0.23707207156536292,-0.35085718776498176,-0.4902063365632543,-0.5268012276388685,21,21.51,20.49,22.91,21.73,3.1,49.4,9.4,38.2,81.29,87.57,82.86,84.43,5290.0,4300.0,2793.0,1896.0
2012-06-03,201223,5290.0,5290,5290.0,5290,0.0,78.395744,0,4,330455720122319589,2023-08-20,Rio de Janeiro,0.53524816,6747815,0,0,2,3799,,,,,683938,20.66,23.21,26.8,46.6,86.71,8084.0,20.01,0.7031568,10247.0,17.19,0.8023672,11482.0,17.97,0.83902013,13199.0,18.83,0.93152356,8775.75,18.957500000000003,8.57376254290413,-0.4240032291070772,-0.6610753006724401,-0.774860416872059,-0.9142095656703315,22,23.84,21.51,20.49,22.91,19.4,3.1,49.4,9.4,82.43,81.29,87.57,82.86,4300.0,2793.0,1896.0,1321.0
2012-06-10,201224,4300.0,4300,4300.0,4300,0.0,63.72433,0,4,330455720122419589,2023-08-20,Rio de Janeiro,0.5445117,6747815,0,0,2,3219,,,,,683938,18.56,21.89,26.77,5.0,85.57,5290.0,20.66,0.53524816,8084.0,20.01,0.7031568,10247.0,17.19,0.8023672,11482.0,17.97,0.83902013,6980.25,19.105,8.366602832783736,-0.20715971012039525,-0.6311629392274725,-0.8682350107928354,-0.9820201269924542,23,23.21,23.84,21.51,20.49,46.6,19.4,3.1,49.4,86.71,82.43,81.29,87.57,2793.0,1896.0,1321.0,902.0
2012-06-17,201225,2793.0,2793,2793.0,2793,0.0,41.39118,0,4,330455720122519589,2023-08-20,Rio de Janeiro,0.47632158,6747815,0,0,1,2268,,,,,683938,19.83,22.79,26.89,19.2,84.71,4300.0,18.56,0.5445117,5290.0,20.66,0.53524816,8084.0,20.01,0.7031568,10247.0,17.19,0.8023672,5116.75,19.765,7.935229539816907,-0.43137329296682836,-0.6385330030872236,-1.0625362321943008,-1.2996083037596637,24,21.89,23.21,23.84,21.51,5.0,46.6,19.4,3.1,85.57,86.71,82.43,81.29,1896.0,1321.0,902.0,682.0
2012-06-24,201226,1896.0,1896,1896.0,1896,0.0,28.097984,0,1,330455720122619589,2023-08-20,Rio de Janeiro,0.44537356,6747815,0,0,1,1646,,,,,683938,17.34,21.36,26.77,0.3,82.71,2793.0,19.83,0.47632158,4300.0,18.56,0.5445117,5290.0,20.66,0.53524816,8084.0,20.01,0.7031568,3569.75,19.097499999999997,7.5480289699350145,-0.3872005698818928,-0.8185738628487211,-1.0257335729691164,-1.4497368020761936,25,22.79,21.89,23.21,23.84,19.2,5.0,46.6,19.4,84.71,85.57,86.71,82.43,1321.0,902.0,682.0,504.0
2012-07-01,201227,1321.0,1321,1321.0,1321,0.0,19.576708,0,1,330455720122719589,2023-08-20,Rio de Janeiro,0.4392139,6747815,0,0,1,1231,,,,,683938,17.89,22.73,29.56,0.0,75.86,1896.0,17.34,0.44537356,2793.0,19.83,0.47632158,4300.0,18.56,0.5445117,5290.0,20.66,0.53524816,2577.5,18.405,7.186901020411631,-0.36112794952338323,-0.748328519405276,-1.1797018123721044,-1.3868615224924996,26,21.36,22.79,21.89,23.21,0.3,19.2,5.0,46.6,82.71,84.71,85.57,86.71,902.0,682.0,504.0,571.0
2012-07-08,201228,902.0,902,902.0,902,0.0,13.36729,0,1,330455720122819589,2023-08-20,Rio de Janeiro,0.43844622,6747815,0,0,1,813,,,,,683938,16.37,19.96,24.71,9.7,80.71,1321.0,17.89,0.4392139,1896.0,17.34,0.44537356,2793.0,19.83,0.47632158,4300.0,18.56,0.5445117,1728.0,17.857499999999998,6.805722553416985,-0.38117846699464586,-0.7423064165180291,-1.1295069863999219,-1.5608802793667502,27,22.73,21.36,22.79,21.89,0.0,0.3,19.2,5.0,75.86,82.71,84.71,85.57,682.0,504.0,571.0,476.0
2012-07-15,201229,682.0,682,682.0,682,0.0,10.106976,0,1,330455720122919589,2023-08-20,Rio de Janeiro,0.48319706,6747815,0,0,1,621,,,,,683938,16.39,19.31,23.16,23.6,85.14,902.0,16.37,0.43844622,1321.0,17.89,0.4392139,1896.0,17.34,0.44537356,2793.0,19.83,0.47632158,1200.25,16.9975,6.52649485957079,-0.2792276938461953,-0.6604061608408411,-1.0215341103642244,-1.4087346802461171,28,19.96,22.73,21.36,22.79,9.7,0.0,0.3,19.2,80.71,75.86,82.71,84.71,504.0,571.0,476.0,494.0
2012-07-22,201230,504.0,504,504.0,504,0.0,7.4690843,0,1,330455720123019589,2023-08-20,Rio de Janeiro,0.5106108,6747815,0,0,1,460,,,,,683938,18.14,23.01,29.94,0.0,75.86,682.0,16.39,0.48319706,902.0,16.37,0.43844622,1321.0,17.89,0.4392139,1896.0,17.34,0.44537356,852.25,17.1975,6.22455842927536,-0.30193643029542994,-0.5811641241416252,-0.9623425911362711,-1.3234705406596543,29,19.31,19.96,22.73,21.36,23.6,9.7,0.0,0.3,85.14,80.71,75.86,82.71,571.0,476.0,494.0,409.0
2012-07-29,201231,571.0,571,571.0,571,1.1295989e-05,8.461998,0,1,330455720123119589,2023-08-20,Rio de Janeiro,0.7895209,6747815,0,0,1,512,,,,,683938,17.96,22.47,28.1,0.1,79.0,504.0,18.14,0.5106108,682.0,16.39,0.48319706,902.0,16.37,0.43844622,1321.0,17.89,0.4392139,664.75,17.215,6.349138991379798,0.12458056210443758,-0.17735586819099236,-0.45658356203718764,-0.8377620290318335,30,23.01,19.31,19.96,22.73,0.0,23.6,9.7,0.0,75.86,85.14,80.71,75.86,476.0,494.0,409.0,302.0
2012-08-05,201232,476.0,476,476.0,476,0.00041314654,7.0541353,0,1,330455720123219589,2023-08-20,Rio de Janeiro,0.8139978,6747815,0,0,1,442,,,,,683938,15.64,20.71,26.66,12.1,77.43,571.0,17.96,0.7895209,504.0,18.14,0.5106108,682.0,16.39,0.48319706,902.0,16.37,0.43844622,558.25,17.0325,6.1675164908883415,-0.18162250049145623,-0.057041938387018654,-0.3589783686824486,-0.6382060625286439,31,22.47,23.01,19.31,19.96,0.1,0.0,23.6,9.7,79.0,75.86,85.14,80.71,494.0,409.0,302.0,233.0
2012-08-12,201233,494.0,494,494.0,494,0.11404606,7.3208885,0,1,330455720123319589,2023-08-20,Rio de Janeiro,0.92752904,6747815,0,0,1,457,,,,,683938,17.0,21.8,27.2,8.3,80.0,476.0,15.64,0.8139978,571.0,17.96,0.7895209,504.0,18.14,0.5106108,682.0,16.39,0.48319706,511.25,17.185,6.20455776256869,0.037041271680348764,-0.14458122881110747,-0.02000066670666989,-0.3219370970020998,32,20.71,22.47,23.01,19.31,12.1,0.1,0.0,23.6,77.43,79.0,75.86,85.14,409.0,302.0,233.0,359.0
2012-08-19,201234,409.0,409,409.0,409,0.0012502382,6.061221,0,1,330455720123419589,2023-08-20,Rio de Janeiro,0.8179439,6747815,0,0,1,374,,,,,683938,16.41,21.74,28.04,0.6,74.14,494.0,17.0,0.92752904,476.0,15.64,0.8139978,571.0,17.96,0.7895209,504.0,18.14,0.5106108,487.5,16.752499999999998,6.016157159698354,-0.18840060287033644,-0.15135933118998768,-0.3329818316814439,-0.20840126957700633,33,21.8,20.71,22.47,23.01,8.3,12.1,0.1,0.0,80.0,77.43,79.0,75.86,302.0,233.0,359.0,246.0
2012-08-26,201235,302.0,302,302.0,302,3.9605084e-09,4.475523,0,1,330455720123519589,2023-08-20,Rio de Janeiro,0.6555499,6747815,0,0,0,256,,,,,683938,17.0,20.91,26.04,8.2,76.29,409.0,16.41,0.8179439,494.0,17.0,0.92752904,476.0,15.64,0.8139978,571.0,17.96,0.7895209,420.25,16.512500000000003,5.713732805509369,-0.30242435418898506,-0.4908249570593215,-0.45378368537897273,-0.635406185870429,34,21.74,21.8,20.71,22.47,0.6,8.3,12.1,0.1,74.14,80.0,77.43,79.0,233.0,359.0,246.0,191.0
2012-09-02,201236,233.0,233,233.0,233,2.6184388e-11,3.4529696,0,1,330455720123619589,2023-08-20,Rio de Janeiro,0.5874126,6747815,0,0,0,182,,,,,683938,17.14,22.31,28.23,3.3,72.71,302.0,17.0,0.6555499,409.0,16.41,0.8179439,494.0,17.0,0.92752904,476.0,15.64,0.8139978,359.5,16.887500000000003,5.455321115357702,-0.2584116901516671,-0.5608360443406522,-0.7492366472109886,-0.7121953755306398,35,20.91,21.74,21.8,20.71,8.2,0.6,8.3,12.1,76.29,74.14,80.0,77.43,359.0,246.0,191.0,206.0
2012-09-09,201237,359.0,359,359.0,359,0.9095069,5.3202405,0,1,330455720123719589,2023-08-20,Rio de Janeiro,1.1077963,6747815,0,0,1,207,,,,,683938,20.4,24.16,29.23,1.9,73.86,233.0,17.14,0.5874126,302.0,17.0,0.6555499,409.0,16.41,0.8179439,494.0,17.0,0.92752904,325.75,17.7375,5.886104031450156,0.4307829160924541,0.17237122594078702,-0.13005312824819804,-0.3184537311185345,36,22.31,20.91,21.74,21.8,3.3,8.2,0.6,8.3,72.71,76.29,74.14,80.0,246.0,191.0,206.0,197.0
2012-09-16,201238,246.0,246,246.0,246,0.027152166,3.6456246,0,1,330455720123819589,2023-08-20,Rio de Janeiro,0.8467745,6747815,0,0,0,214,,,,,683938,21.16,25.94,32.23,14.9,66.14,359.0,20.4,1.1077963,233.0,17.14,0.5874126,302.0,17.0,0.6555499,409.0,16.41,0.8179439,285.0,18.925,5.5093883366279774,-0.37671569482217837,0.054067221270275745,-0.20434446888139135,-0.5067688230703764,37,24.16,22.31,20.91,21.74,1.9,3.3,8.2,0.6,73.86,72.71,76.29,74.14,191.0,206.0,197.0,232.0
2012-09-23,201239,191.0,191,191.0,191,4.590232e-06,2.830546,0,1,330455720123919589,2023-08-20,Rio de Janeiro,0.66406775,6747815,0,0,0,161,,,,,683938,16.3,20.3,24.77,34.7,71.43,246.0,21.16,0.8467745,359.0,20.4,1.1077963,233.0,17.14,0.5874126,302.0,17.0,0.6555499,257.25,18.75,5.2574953720277815,-0.25189296460019595,-0.6286086594223743,-0.1978257433299202,-0.4562374334815873,38,25.94,24.16,22.31,20.91,14.9,1.9,3.3,8.2,66.14,73.86,72.71,76.29,206.0,197.0,232.0,257.0
2012-09-30,201240,206.0,206,206.0,206,0.009520846,3.05284,0,1,330455720124019589,2023-08-20,Rio de Janeiro,0.80368406,6747815,0,0,0,179,,,,,683938,18.34,24.17,31.33,0.0,67.14,191.0,16.3,0.66406775,246.0,21.16,0.8467745,359.0,20.4,1.1077963,233.0,17.14,0.5874126,250.5,19.05,5.332718793265369,0.0752234212375873,-0.17666954336260865,-0.553385238184787,-0.1226023220923329,39,20.3,25.94,24.16,22.31,34.7,14.9,1.9,3.3,71.43,66.14,73.86,72.71,197.0,232.0,257.0,226.0
2012-10-07,201241,197.0,197,197.0,197,0.166558,2.9194636,0,1,330455720124119589,2023-08-20,Rio de Janeiro,0.909253,6747815,0,0,0,169,,,,,683938,20.5,24.89,30.24,26.3,68.14,206.0,18.34,0.80368406,191.0,16.3,0.66406775,246.0,21.16,0.8467745,359.0,20.4,1.1077963,210.0,19.075,5.288267030694535,-0.04445176257083361,0.030771658666753687,-0.22112130593344226,-0.5978370007556206,40,24.17,20.3,25.94,24.16,0.0,34.7,14.9,1.9,67.14,71.43,66.14,73.86,232.0,257.0,226.0,228.0
2012-10-14,201242,232.0,232,232.0,232,0.9142857,3.43815,0,1,330455720124219589,2023-08-20,Rio de Janeiro,1.1400654,6747815,0,0,0,198,,,,,683938,19.23,23.47,28.67,6.0,75.14,197.0,20.5,0.909253,206.0,18.34,0.80368406,191.0,16.3,0.66406775,246.0,21.16,0.8467745,206.5,18.5925,5.4510384535657,0.16277142287116497,0.11831966030033136,0.19354308153791866,-0.058349883062277286,41,24.89,24.17,20.3,25.94,26.3,0.0,34.7,14.9,68.14,67.14,71.43,66.14,257.0,226.0,228.0,198.0
2012-10-21,201243,257.0,257,257.0,257,0.9855007,3.8086402,0,1,330455720124319589,2023-08-20,Rio de Janeiro,1.2243844,6747815,1,0,0,195,,,,,683938,22.96,27.2,32.93,2.6,70.86,232.0,19.23,1.1400654,197.0,20.5,0.909253,206.0,18.34,0.80368406,191.0,16.3,0.66406775,223.0,20.2575,5.552959584921617,0.10192113135591718,0.26469255422708216,0.22024079165624855,0.29546421289383584,42,23.47,24.89,24.17,20.3,6.0,26.3,0.0,34.7,75.14,68.14,67.14,71.43,226.0,228.0,198.0,216.0
2012-10-28,201244,226.0,226,226.0,226,0.4884894,3.3492322,0,1,330455720124419589,2023-08-20,Rio de Janeiro,0.99729335,6747815,1,0,0,181,,,,,683938,23.01,26.51,30.91,10.4,72.86,257.0,22.96,1.2243844,232.0,19.23,1.1400654,197.0,20.5,0.909253,206.0,18.34,0.80368406,228.0,21.425,5.424950017481403,-0.1280095674402144,-0.02608843608429723,0.13668298678686774,0.09223122421603414,43,27.2,23.47,24.89,24.17,2.6,6.0,26.3,0.0,70.86,75.14,68.14,67.14,228.0,198.0,216.0,316.0
2012-11-04,201245,228.0,228,228.0,228,0.33411092,3.3788714,0,2,330455720124519589,2023-08-20,Rio de Janeiro,0.9610691,6747815,1,0,0,190,,,,,683938,22.3,24.74,28.04,54.2,84.0,226.0,23.01,0.99729335,257.0,22.96,1.2243844,232.0,19.23,1.1400654,197.0,20.5,0.909253,235.75,21.875,5.43372200355424,0.008771986072837024,-0.11923758136737739,-0.017316450011460205,0.14545497285970477,44,26.51,27.2,23.47,24.89,10.4,2.6,6.0,26.3,72.86,70.86,75.14,68.14,198.0,216.0,316.0,335.0
2012-11-11,201246,198.0,198,198.0,198,0.052074168,2.9342833,0,1,330455720124619589,2023-08-20,Rio de Janeiro,0.85479754,6747815,0,0,0,160,,,,,683938,20.69,23.14,26.16,51.8,83.71,228.0,22.3,0.9610691,226.0,23.01,0.99729335,257.0,22.96,1.2243844,232.0,19.23,1.1400654,227.25,22.240000000000002,5.293304824724492,-0.1404171788297477,-0.13164519275691067,-0.2596547601971251,-0.1577336288412079,45,24.74,26.51,27.2,23.47,54.2,10.4,2.6,6.0,84.0,72.86,70.86,75.14,216.0,316.0,335.0,395.0
2012-11-18,201247,216.0,216,216.0,216,0.42122373,3.2010362,0,1,330455720124719589,2023-08-20,Rio de Janeiro,0.98116255,6747815,0,0,0,179,,,,,683938,20.44,24.74,30.31,10.6,77.14,198.0,20.69,0.85479754,228.0,22.3,0.9610691,226.0,23.01,0.99729335,257.0,22.96,1.2243844,217.0,21.61,5.37989735354046,0.08659252881596746,-0.05382465001378023,-0.045052663940943205,-0.17306223138115762,46,23.14,24.74,26.51,27.2,51.8,54.2,10.4,2.6,83.71,84.0,72.86,70.86,316.0,335.0,395.0,373.0
2012-11-25,201248,316.0,316,316.0,316,0.9999919,4.682997,0,1,330455720124819589,2023-08-20,Rio de Janeiro,1.457168,6747815,1,0,0,263,,,,,683938,22.01,24.7,28.69,27.8,82.71,216.0,20.44,0.98116255,198.0,20.69,0.85479754,228.0,22.3,0.9610691,226.0,23.01,0.99729335,239.5,21.36,5.75890177387728,0.3790044203368206,0.46559694915278804,0.32517977032304035,0.3339517563958774,47,24.74,23.14,24.74,26.51,10.6,51.8,54.2,10.4,77.14,83.71,84.0,72.86,335.0,395.0,373.0,485.0
2012-12-02,201249,335.0,335,335.0,335,0.9999486,4.96457,0,1,330455720124919589,2023-08-20,Rio de Janeiro,1.3844249,6747815,1,0,0,287,,,,,683938,24.14,28.71,34.01,22.0,72.71,316.0,22.01,1.457168,216.0,20.44,0.98116255,198.0,20.69,0.85479754,228.0,22.3,0.9610691,266.25,21.82,5.817111159963204,0.05820938608592385,0.43721380642274443,0.5238063352387119,0.3833891564089642,48,24.7,24.74,23.14,24.74,27.8,10.6,51.8,54.2,82.71,77.14,83.71,84.0,395.0,373.0,485.0,534.0
2012-12-09,201250,395.0,395,395.0,395,0.9999559,5.853747,0,2,330455720125019589,2023-08-20,Rio de Janeiro,1.3506612,6747815,1,1,1,338,,,,,683938,24.71,27.89,32.27,54.2,78.43,335.0,24.14,1.3844249,316.0,22.01,1.457168,216.0,20.44,0.98116255,198.0,20.69,0.85479754,315.5,22.825000000000003,5.981414211254481,0.16430305129127643,0.22251243737720028,0.6015168577140209,0.6881093865299883,49,28.71,24.7,24.74,23.14,22.0,27.8,10.6,51.8,72.71,82.71,77.14,83.71,373.0,485.0,534.0,862.0
2012-12-16,201251,373.0,373,373.0,373,0.90292704,5.527715,0,2,330455720125119589,2023-08-20,Rio de Janeiro,1.1022593,6747815,1,0,1,317,,,,,683938,25.14,28.73,33.46,35.1,75.43,395.0,24.71,1.3506612,335.0,24.14,1.3844249,316.0,22.01,1.457168,216.0,20.44,0.98116255,354.75,24.000000000000004,5.924255797414532,-0.05715841383994835,0.10714463745132807,0.16535402353725193,0.5443584438740725,50,27.89,28.71,24.7,24.74,54.2,22.0,27.8,10.6,78.43,72.71,82.71,77.14,485.0,534.0,862.0,919.0
2012-12-23,201252,485.0,485,485.0,485,0.999935,7.187512,0,2,330455720125219589,2023-08-20,Rio de Janeiro,1.2998208,6747815,1,1,1,436,,,,,683938,25.39,29.53,35.21,38.3,70.57,373.0,25.14,1.1022593,395.0,24.71,1.3506612,335.0,24.14,1.3844249,316.0,22.01,1.457168,397.0,24.845000000000002,6.186208623900494,0.2619528264859614,0.20479441264601306,0.3690974639372895,0.42730685002321334,51,28.73,27.89,28.71,24.7,35.1,54.2,22.0,27.8,75.43,78.43,72.71,82.71,534.0,862.0,919.0,1146.0
2012-12-30,201301,534.0,534,534.0,534,0.9999733,7.913673,0,3,330455720130119589,2023-08-20,Rio de Janeiro,1.3021611,6747815,1,1,1,572,,,,,683938,24.33,27.59,31.67,209.3,79.14,485.0,25.39,1.2998208,373.0,25.14,1.1022593,395.0,24.71,1.3506612,335.0,24.14,1.3844249,446.75,24.892500000000002,6.282266746896006,0.09605812299551264,0.35801094948147405,0.3008525356415257,0.4651555869328021,52,29.53,28.73,27.89,28.71,38.3,35.1,54.2,22.0,70.57,75.43,78.43,72.71,862.0,919.0,1146.0,1346.0
2013-01-06,201302,862.0,862,862.0,862,1.0,12.774506,0,3,330455720130219589,2023-08-20,Rio de Janeiro,1.7870901,6747815,1,1,1,795,,,,,683938,23.81,26.87,30.74,112.3,80.43,534.0,24.33,1.3021611,485.0,25.39,1.2998208,373.0,25.14,1.1022593,395.0,24.71,1.3506612,563.5,24.667499999999997,6.760414691083428,0.47814794418742146,0.5742060671829341,0.8361588936688955,0.7790004798289472,1,27.59,29.53,28.73,27.89,209.3,38.3,35.1,54.2,79.14,70.57,75.43,78.43,919.0,1146.0,1346.0,1321.0
2013-01-13,201303,919.0,919,919.0,919,1.0,13.619224,0,3,330455720130319589,2023-08-20,Rio de Janeiro,1.5052694,6747815,0,1,1,849,,,,,683938,22.93,26.0,30.71,109.8,84.29,862.0,23.81,1.7870901,534.0,24.33,1.3021611,485.0,25.39,1.2998208,373.0,25.14,1.1022593,700.0,24.115,6.824373670043086,0.06395897895965863,0.5421069231470801,0.6381650461425927,0.9001178726285541,2,26.87,27.59,29.53,28.73,112.3,209.3,38.3,35.1,80.43,79.14,70.57,75.43,1146.0,1346.0,1321.0,1749.0
2013-01-20,201304,1146.0,1146,1146.0,1146,1.0,16.983274,0,3,330455720130419589,2023-08-20,Rio de Janeiro,1.4594312,6747815,1,1,1,1084,,,,,683938,22.59,25.99,30.41,70.4,82.14,919.0,22.93,1.5052694,862.0,23.81,1.7870901,534.0,24.33,1.3021611,485.0,25.39,1.2998208,865.25,23.415,7.044905117129371,0.2205314470862847,0.2844904260459433,0.7626383702333648,0.8586964932288774,3,26.0,26.87,27.59,29.53,109.8,112.3,209.3,38.3,84.29,80.43,79.14,70.57,1346.0,1321.0,1749.0,3237.0
2013-01-27,201305,1346.0,1346,1346.0,1346,1.0,19.947197,0,3,330455720130519589,2023-08-20,Rio de Janeiro,1.4076433,6747815,1,1,1,1277,,,,,683938,22.87,25.64,29.21,29.4,84.0,1146.0,22.59,1.4594312,919.0,22.93,1.5052694,862.0,23.81,1.7870901,534.0,24.33,1.3021611,1068.25,23.049999999999997,7.205635176410364,0.1607300592809926,0.3812615063672773,0.4452204853269359,0.9233684295143574,4,25.99,26.0,26.87,27.59,70.4,109.8,112.3,209.3,82.14,84.29,80.43,79.14,1321.0,1749.0,3237.0,3852.0
2013-02-03,201306,1321.0,1321,1321.0,1321,0.9999616,19.576708,0,3,330455720130619589,2023-08-20,Rio de Janeiro,1.1736528,6747815,1,1,1,1278,,,,,683938,23.1,26.04,30.6,87.5,84.0,1346.0,22.87,1.4076433,1146.0,22.59,1.4594312,919.0,22.93,1.5052694,862.0,23.81,1.7870901,1183.0,22.8725,7.186901020411631,-0.018734155998732405,0.1419959032822602,0.3625273503685449,0.4264863293282035,5,25.64,25.99,26.0,26.87,29.4,70.4,109.8,112.3,84.0,82.14,84.29,80.43,1749.0,3237.0,3852.0,4017.0
2013-02-10,201307,1749.0,1749,1749.0,1749,1.0,25.919502,0,3,330455720130719589,2023-08-20,Rio de Janeiro,1.3644253,6747815,1,1,1,1681,,,,,683938,24.7,29.27,34.97,7.2,75.57,1321.0,23.1,1.1736528,1346.0,22.87,1.4076433,1146.0,22.59,1.4594312,919.0,22.93,1.5052694,1390.5,23.315,7.4673710669175595,0.2804700465059282,0.2617358905071958,0.4224659497881884,0.6429973968744731,6,26.04,25.64,25.99,26.0,87.5,29.4,70.4,109.8,84.0,84.0,82.14,84.29,3237.0,3852.0,4017.0,5395.0
2013-02-17,201308,3237.0,3237,3237.0,3237,1.0,47.971085,0,3,330455720130819589,2023-08-20,Rio de Janeiro,2.1341915,6747815,1,1,2,3125,,,,,683938,24.66,29.19,34.77,8.2,72.14,1749.0,24.7,1.3644253,1321.0,23.1,1.1736528,1346.0,22.87,1.4076433,1146.0,22.59,1.4594312,1913.25,23.8325,8.08271113423758,0.6153400673200213,0.8958101138259495,0.8770759578272171,1.0378060171082097,7,29.27,26.04,25.64,25.99,7.2,87.5,29.4,70.4,75.57,84.0,84.0,82.14,3852.0,4017.0,5395.0,5423.0
2013-02-24,201309,3852.0,3852,3852.0,3852,1.0,57.085144,0,3,330455720130919589,2023-08-20,Rio de Janeiro,1.8461531,6747815,1,1,2,3725,,,,,683938,23.0,26.39,30.63,62.9,79.29,3237.0,24.66,2.1341915,1749.0,24.7,1.3644253,1321.0,23.1,1.1736528,1346.0,22.87,1.4076433,2539.75,23.865000000000002,8.256607344626158,0.17389621038857683,0.7892362777085982,1.0697063242145264,1.050972168215794,8,29.19,29.27,26.04,25.64,8.2,7.2,87.5,29.4,72.14,75.57,84.0,84.0,4017.0,5395.0,5423.0,5351.0
2013-03-03,201310,4017.0,4017,4017.0,4017,1.0,59.53038,0,4,330455720131019589,2023-08-20,Rio de Janeiro,1.3658721,6747815,1,1,2,3892,,,,,683938,24.16,28.3,34.36,35.7,79.43,3852.0,23.0,1.8461531,3237.0,24.66,2.1341915,1749.0,24.7,1.3644253,1321.0,23.1,1.1736528,3213.75,24.13,8.29853954537488,0.041932200748721726,0.21582841113729856,0.8311684784573199,1.111638524963248,9,26.39,29.19,29.27,26.04,62.9,8.2,7.2,87.5,79.29,72.14,75.57,84.0,5395.0,5423.0,5351.0,6644.0
2013-03-10,201311,5395.0,5395,5395.0,5395,1.0,79.951805,0,4,330455720131119589,2023-08-20,Rio de Janeiro,1.4645485,6747815,1,1,2,5235,,,,,683938,24.57,27.7,31.93,36.7,82.29,4017.0,24.16,1.3658721,3852.0,23.0,1.8461531,3237.0,24.66,2.1341915,1749.0,24.7,1.3644253,4125.25,24.0975,8.593413217327646,0.29487367195276626,0.336805872701488,0.5107020830900648,1.1260421504100862,10,28.3,26.39,29.19,29.27,35.7,62.9,8.2,7.2,79.43,79.29,72.14,75.57,5423.0,5351.0,6644.0,6499.0
2013-03-17,201312,5423.0,5423,5423.0,5423,1.0,80.36675,0,4,330455720131219589,2023-08-20,Rio de Janeiro,1.2566196,6747815,1,1,2,5241,,,,,683938,22.31,25.04,28.81,92.1,84.57,5395.0,24.57,1.4645485,4017.0,24.16,1.3658721,3852.0,23.0,1.8461531,3237.0,24.66,2.1341915,4671.75,23.509999999999998,8.598588829620232,0.005175612292585896,0.30004928424535215,0.3419814849940739,0.5158776953826507,11,27.7,28.3,26.39,29.19,36.7,35.7,62.9,8.2,82.29,79.43,79.29,72.14,5351.0,6644.0,6499.0,5475.0
2013-03-24,201313,5351.0,5351,5351.0,5351,0.9999644,79.29974,0,4,330455720131319589,2023-08-20,Rio de Janeiro,1.0814562,6747815,1,1,2,5121,,,,,683938,22.29,24.7,28.47,74.2,84.86,5423.0,22.31,1.2566196,5395.0,24.57,1.4645485,4017.0,24.16,1.3658721,3852.0,23.0,1.8461531,5046.5,23.3325,8.585225601808064,-0.013363227812167366,-0.00818761551958147,0.2866860564331848,0.3286182571819065,12,25.04,27.7,28.3,26.39,92.1,36.7,35.7,62.9,84.57,82.29,79.43,79.29,6644.0,6499.0,5475.0,3931.0
2013-03-31,201314,6644.0,6644,6644.0,6644,1.0,98.4615,0,4,330455720131419589,2023-08-20,Rio de Janeiro,1.2402959,6747815,1,1,2,6431,,,,,683938,22.74,25.93,29.91,22.2,84.86,5351.0,22.29,1.0814562,5423.0,22.31,1.2566196,5395.0,24.57,1.4645485,4017.0,24.16,1.3658721,5703.25,22.9775,8.801619971147346,0.21639436933928202,0.20303114152711466,0.20820675381970055,0.5030804257724668,13,24.7,25.04,27.7,28.3,74.2,92.1,36.7,35.7,84.86,84.57,82.29,79.43,6499.0,5475.0,3931.0,2865.0
2013-04-07,201315,6499.0,6499,6499.0,6499,1.0,96.31266,0,4,330455720131519589,2023-08-20,Rio de Janeiro,1.1371645,6747815,1,1,2,6372,,,,,683938,22.77,25.56,29.37,17.0,82.29,6644.0,22.74,1.2402959,5351.0,22.29,1.0814562,5423.0,22.31,1.2566196,5395.0,24.57,1.4645485,5979.25,22.527499999999996,8.779557455883728,-0.022062515263618465,0.19433185407566356,0.1809686262634962,0.1861442385560821,14,25.93,24.7,25.04,27.7,22.2,74.2,92.1,36.7,84.86,84.86,84.57,82.29,5475.0,3931.0,2865.0,2292.0
2013-04-14,201316,5475.0,5475,5475.0,5475,5.680232e-10,81.137375,0,4,330455720131619589,2023-08-20,Rio de Janeiro,0.89303595,6747815,0,0,2,5395,,,,,683938,19.2,22.64,26.69,12.7,79.29,6499.0,22.77,1.1371645,6644.0,22.74,1.2402959,5351.0,22.29,1.0814562,5423.0,22.31,1.2566196,5992.25,21.749999999999996,8.60813018640834,-0.17142726947538733,-0.1934897847390058,0.022904584600276223,0.009541356788108857,15,25.56,25.93,24.7,25.04,17.0,22.2,74.2,92.1,82.29,84.86,84.86,84.57,3931.0,2865.0,2292.0,1670.0
2013-04-21,201317,3931.0,3931,3931.0,3931,0.0,58.255894,0,4,330455720131719589,2023-08-20,Rio de Janeiro,0.6496366,6747815,0,0,2,3838,,,,,683938,17.53,21.96,26.94,4.4,80.0,5475.0,19.2,0.89303595,6499.0,22.77,1.1371645,6644.0,22.74,1.2402959,5351.0,22.29,1.0814562,5637.25,20.56,8.276903481267057,-0.33122670514128316,-0.5026539746166705,-0.524716489880289,-0.30832212054100694,16,22.64,25.56,25.93,24.7,12.7,17.0,22.2,74.2,79.29,82.29,84.86,84.86,2865.0,2292.0,1670.0,1248.0
2013-04-28,201318,2865.0,2865,2865.0,2865,0.0,42.458187,0,4,330455720131819589,2023-08-20,Rio de Janeiro,0.5461499,6747815,0,0,1,2691,,,,,683938,18.99,23.8,30.06,0.0,78.71,3931.0,17.53,0.6496366,5475.0,19.2,0.89303595,6499.0,22.77,1.1371645,6644.0,22.74,1.2402959,4692.5,19.622500000000002,7.960672608388117,-0.3162308728789398,-0.647457578020223,-0.8188848474956103,-0.8409473627592288,17,21.96,22.64,25.56,25.93,4.4,12.7,17.0,22.2,80.0,79.29,82.29,84.86,2292.0,1670.0,1248.0,816.0
2013-05-05,201319,2292.0,2292,2292.0,2292,0.0,33.96655,0,1,330455720131919589,2023-08-20,Rio de Janeiro,0.560243,6747815,0,0,1,2193,,,,,683938,16.17,21.09,26.36,6.9,77.29,2865.0,18.99,0.5461499,3931.0,17.53,0.6496366,5475.0,19.2,0.89303595,6499.0,22.77,1.1371645,3640.75,17.9725,7.737616282857904,-0.22305632553021315,-0.539287198409153,-0.8705139035504361,-1.0419411730258235,18,23.8,21.96,22.64,25.56,0.0,4.4,12.7,17.0,78.71,80.0,79.29,82.29,1670.0,1248.0,816.0,614.0
2013-05-12,201320,1670.0,1670,1670.0,1670,0.0,24.748753,0,1,330455720132019589,2023-08-20,Rio de Janeiro,0.54500026,6747815,0,0,1,1579,,,,,683938,18.51,23.2,29.06,35.3,79.14,2292.0,16.17,0.560243,2865.0,18.99,0.5461499,3931.0,17.53,0.6496366,5475.0,19.2,0.89303595,2689.5,17.8,7.421177528595393,-0.3164387542625109,-0.539495079792724,-0.8557259526716638,-1.186952657812947,19,21.09,23.8,21.96,22.64,6.9,0.0,4.4,12.7,77.29,78.71,80.0,79.29,1248.0,816.0,614.0,520.0
2013-05-19,201321,1248.0,1248,1248.0,1248,0.0,18.494875,0,1,330455720132119589,2023-08-20,Rio de Janeiro,0.53874934,6747815,0,0,1,1181,,,,,683938,18.97,21.79,25.7,12.6,84.0,1670.0,18.51,0.54500026,2292.0,16.17,0.560243,2865.0,18.99,0.5461499,3931.0,17.53,0.6496366,2018.75,18.16,7.130098510125578,-0.29107901846981576,-0.6075177727323267,-0.8305740982625398,-1.1468049711414796,20,23.2,21.09,23.8,21.96,35.3,6.9,0.0,4.4,79.14,77.29,78.71,80.0,816.0,614.0,520.0,426.0
2013-05-26,201322,816.0,816,816.0,816,0.0,12.092803,0,1,330455720132219589,2023-08-20,Rio de Janeiro,0.46904242,6747815,0,0,1,725,,,,,683938,18.49,22.19,26.66,16.6,83.14,1248.0,18.97,0.53874934,1670.0,18.51,0.54500026,2292.0,16.17,0.560243,2865.0,18.99,0.5461499,1506.5,18.035,6.705639094860003,-0.4244594152655745,-0.7155384337353903,-1.0319771879979012,-1.2550335135281143,21,21.79,23.2,21.09,23.8,12.6,35.3,6.9,0.0,84.0,79.14,77.29,78.71,614.0,520.0,426.0,281.0
2013-06-02,201323,614.0,614,614.0,614,0.0,9.099242,0,1,330455720132319589,2023-08-20,Rio de Janeiro,0.48363653,6747815,0,0,1,542,,,,,683938,18.79,22.21,27.07,34.2,85.29,816.0,18.49,0.46904242,1248.0,18.97,0.53874934,1670.0,18.51,0.54500026,2292.0,16.17,0.560243,1087.0,18.689999999999998,6.421622267806518,-0.2840168270534855,-0.70847624231906,-0.9995552607888758,-1.3159940150513867,22,22.19,21.79,23.2,21.09,16.6,12.6,35.3,6.9,83.14,84.0,79.14,77.29,520.0,426.0,281.0,223.0
2013-06-09,201324,520.0,520,520.0,520,0.0,7.706198,0,1,330455720132419589,2023-08-20,Rio de Janeiro,0.57466584,6747815,0,0,1,458,,,,,683938,18.8,22.31,27.4,29.1,84.43,614.0,18.79,0.48363653,816.0,18.49,0.46904242,1248.0,18.97,0.53874934,1670.0,18.51,0.54500026,799.5,18.7625,6.255750041753367,-0.16587222605315066,-0.4498890531066362,-0.8743484683722107,-1.1654274868420265,23,22.21,22.19,21.79,23.2,34.2,16.6,12.6,35.3,85.29,83.14,84.0,79.14,426.0,281.0,223.0,206.0
2013-06-16,201325,426.0,426,426.0,426,1.3966606e-13,6.3131547,0,1,330455720132519589,2023-08-20,Rio de Janeiro,0.63933575,6747815,0,0,1,366,,,,,683938,18.83,22.53,27.77,1.8,82.71,520.0,18.8,0.57466584,614.0,18.79,0.48363653,816.0,18.49,0.46904242,1248.0,18.97,0.53874934,594.0,18.7275,6.056784013228625,-0.1989660285247421,-0.36483825457789276,-0.6488550816313783,-1.0733144968969528,24,22.31,22.21,22.19,21.79,29.1,34.2,16.6,12.6,84.43,85.29,83.14,84.0,281.0,223.0,206.0,185.0
2013-06-23,201326,281.0,281,281.0,281,0.0,4.164311,0,1,330455720132619589,2023-08-20,Rio de Janeiro,0.53617203,6747815,0,0,0,252,,,,,683938,19.4,22.5,26.81,16.9,84.14,426.0,18.83,0.63933575,520.0,18.8,0.57466584,614.0,18.79,0.48363653,816.0,18.49,0.46904242,460.25,18.955,5.641907070938114,-0.414876942290511,-0.6138429708152531,-0.7797151968684037,-1.0637320239218893,25,22.53,22.31,22.21,22.19,1.8,29.1,34.2,16.6,82.71,84.43,85.29,83.14,223.0,206.0,185.0,85.0
2013-06-30,201327,223.0,223,223.0,223,1.6209256e-14,3.3047736,0,1,330455720132719589,2023-08-20,Rio de Janeiro,0.54028606,6747815,0,0,0,201,,,,,683938,17.29,20.8,25.44,33.5,83.43,281.0,19.4,0.53617203,426.0,18.83,0.63933575,520.0,18.8,0.57466584,614.0,18.79,0.48363653,362.5,18.58,5.4116460518550396,-0.23026101908307428,-0.6451379613735853,-0.8441039898983274,-1.009976215951478,26,22.5,22.53,22.31,22.21,16.9,1.8,29.1,34.2,84.14,82.71,84.43,85.29,206.0,185.0,85.0,134.0
2013-07-07,201328,206.0,206,206.0,206,1.7032883e-06,3.05284,0,1,330455720132819589,2023-08-20,Rio de Janeiro,0.6620145,6747815,0,0,0,172,,,,,683938,15.31,20.16,25.84,17.9,80.14,223.0,17.29,0.54028606,281.0,19.4,0.53617203,426.0,18.83,0.63933575,520.0,18.8,0.57466584,284.0,17.7075,5.332718793265369,-0.07892725858967076,-0.30918827767274504,-0.724065219963256,-0.9230312484879981,27,20.8,22.5,22.53,22.31,33.5,16.9,1.8,29.1,83.43,84.14,82.71,84.43,185.0,85.0,134.0,93.0
2013-07-14,201329,185.0,185,185.0,185,0.0027733098,2.7416282,0,1,330455720132919589,2023-08-20,Rio de Janeiro,0.76389366,6747815,0,0,0,144,,,,,683938,18.69,23.09,29.59,7.6,80.43,206.0,15.31,0.6620145,223.0,17.29,0.54028606,281.0,19.4,0.53617203,426.0,18.83,0.63933575,223.75,17.6725,5.225746673713202,-0.10697211955216712,-0.18589937814183788,-0.41616039722491216,-0.8310373395154231,28,20.16,20.8,22.5,22.53,17.9,33.5,16.9,1.8,80.14,83.43,84.14,82.71,85.0,134.0,93.0,186.0
2013-07-21,201330,85.0,85,85.0,85,8.9728225e-13,1.259667,0,1,330455720133019589,2023-08-20,Rio de Janeiro,0.41949344,6747815,0,0,0,76,,,,,683938,16.97,19.69,23.09,36.0,83.43,185.0,18.69,0.76389366,206.0,15.31,0.6620145,223.0,17.29,0.54028606,281.0,19.4,0.53617203,174.75,17.064999999999998,4.454347296253507,-0.7713993774596943,-0.8783714970118615,-0.9572987556015322,-1.1875597746846065,29,23.09,20.16,20.8,22.5,7.6,17.9,33.5,16.9,80.43,80.14,83.43,84.14,134.0,93.0,186.0,76.0
2013-07-28,201331,134.0,134,134.0,134,0.03707772,1.985828,0,1,330455720133119589,2023-08-20,Rio de Janeiro,0.81312793,6747815,0,0,0,88,,,,,683938,13.96,19.7,26.96,0.0,78.43,85.0,16.97,0.41949344,185.0,18.69,0.76389366,206.0,15.31,0.6620145,223.0,17.29,0.54028606,152.5,16.2325,4.90527477843843,0.4509274821849223,-0.32047189527477205,-0.42744401482693917,-0.5063712734166099,30,19.69,23.09,20.16,20.8,36.0,7.6,17.9,33.5,83.43,80.43,80.14,83.43,93.0,186.0,76.0,232.0
2013-08-04,201332,93.0,93,93.0,93,0.008642891,1.3782239,0,1,330455720133219589,2023-08-20,Rio de Janeiro,0.72504103,6747815,0,0,0,60,,,,,683938,17.63,22.61,29.13,1.1,76.29,134.0,13.96,0.81312793,85.0,16.97,0.41949344,185.0,18.69,0.76389366,206.0,15.31,0.6620145,124.25,16.8125,4.543294782270004,-0.3619799961684258,0.08894748601649649,-0.6824518914431978,-0.789424010995365,31,19.7,19.69,23.09,20.16,0.0,36.0,7.6,17.9,78.43,83.43,80.43,80.14,186.0,76.0,232.0,61.0
2013-08-11,201333,186.0,186,186.0,186,0.9999616,2.7564478,0,1,330455720133319589,2023-08-20,Rio de Janeiro,1.5829393,6747815,0,0,0,48,,,,,683938,16.83,20.16,24.39,7.0,79.14,93.0,17.63,0.72504103,134.0,13.96,0.81312793,85.0,16.97,0.41949344,185.0,18.69,0.76389366,124.5,16.3475,5.231108616854587,0.687813834584583,0.3258338384161572,0.7767613206010795,0.0053619431413851615,32,22.61,19.7,19.69,23.09,1.1,0.0,36.0,7.6,76.29,78.43,83.43,80.43,76.0,232.0,61.0,83.0
2013-08-18,201334,76.0,76,76.0,76,0.000310113,1.1262906,0,1,330455720133419589,2023-08-20,Rio de Janeiro,0.6125446,6747815,0,0,0,57,,,,,683938,17.96,22.27,27.74,6.6,77.57,186.0,16.83,1.5829393,93.0,17.63,0.72504103,134.0,13.96,0.81312793,85.0,16.97,0.41949344,122.25,16.595,4.343805421853684,-0.8873031950009027,-0.1994893604163197,-0.5614693565847455,-0.11054187439982321,33,20.16,22.61,19.7,19.69,7.0,1.1,0.0,36.0,79.14,76.29,78.43,83.43,232.0,61.0,83.0,56.0
2013-08-25,201335,232.0,232,232.0,232,0.9999998,3.43815,0,1,330455720133519589,2023-08-20,Rio de Janeiro,1.7152306,6747815,0,0,0,46,,,,,683938,16.4,20.67,25.81,6.4,78.43,76.0,17.96,0.6125446,186.0,16.83,1.5829393,93.0,17.63,0.72504103,134.0,13.96,0.81312793,146.75,17.205,5.4510384535657,1.107233031712016,0.21992983671111332,0.9077436712956963,0.5457636751272705,34,22.27,20.16,22.61,19.7,6.6,7.0,1.1,0.0,77.57,79.14,76.29,78.43,61.0,83.0,56.0,104.0
2013-09-01,201336,61.0,61,61.0,61,6.6068315e-09,0.90399635,0,1,330455720133619589,2023-08-20,Rio de Janeiro,0.434524,6747815,0,0,0,50,,,,,683938,17.83,21.9,26.93,31.0,76.57,232.0,16.4,1.7152306,76.0,17.96,0.6125446,186.0,16.83,1.5829393,93.0,17.63,0.72504103,138.75,17.255,4.127134385045092,-1.3239040685206085,-0.21667103680859245,-1.1039742318094952,-0.41616039722491216,35,20.67,22.27,20.16,22.61,6.4,6.6,7.0,1.1,78.43,77.57,79.14,76.29,83.0,56.0,104.0,62.0
2013-09-08,201337,83.0,83,83.0,83,5.122753e-05,1.2300278,0,1,330455720133719589,2023-08-20,Rio de Janeiro,0.5900821,6747815,0,0,0,61,,,,,683938,17.69,23.4,29.83,0.0,72.86,61.0,17.83,0.434524,232.0,16.4,1.7152306,76.0,17.96,0.6125446,186.0,16.83,1.5829393,113.0,17.47,4.430816798843313,0.3036824137982217,-1.0202216547223868,0.08701137698962924,-0.8002918180112735,36,21.9,20.67,22.27,20.16,31.0,6.4,6.6,7.0,76.57,78.43,77.57,79.14,56.0,104.0,62.0,65.0
2013-09-15,201338,56.0,56,56.0,56,1.7240052e-05,0.8298983,0,1,330455720133819589,2023-08-20,Rio de Janeiro,0.51603377,6747815,1,0,0,45,,,,,683938,21.07,25.5,30.99,17.7,74.57,83.0,17.69,0.5900821,61.0,17.83,0.434524,232.0,16.4,1.7152306,76.0,17.96,0.6125446,108.0,18.2475,4.04305126783455,-0.3877655310087631,-0.0840831172105414,-1.40798718573115,-0.30075415401913386,37,23.4,21.9,20.67,22.27,0.0,31.0,6.4,6.6,72.86,76.57,78.43,77.57,104.0,62.0,65.0,62.0
2013-09-22,201339,104.0,104,104.0,104,0.9626056,1.5412396,0,1,330455720133919589,2023-08-20,Rio de Janeiro,1.3012102,6747815,0,0,0,61,,,,,683938,18.39,21.79,26.41,21.9,76.57,56.0,21.07,0.51603377,83.0,17.69,0.5900821,61.0,17.83,0.434524,232.0,16.4,1.7152306,76.0,18.745,4.653960350157523,0.6109090823229728,0.2231435513142097,0.5268259651124314,-0.7970781034081771,38,25.5,23.4,21.9,20.67,17.7,0.0,31.0,6.4,74.57,72.86,76.57,78.43,62.0,65.0,62.0,75.0
2013-09-29,201340,62.0,62,62.0,62,0.12779711,0.918816,0,1,330455720134019589,2023-08-20,Rio de Janeiro,0.82371426,6747815,0,0,0,42,,,,,683938,20.53,23.1,26.33,41.2,85.57,104.0,18.39,1.3012102,56.0,21.07,0.51603377,83.0,17.69,0.5900821,61.0,17.83,0.434524,76.25,19.42,4.143134726391533,-0.5108256237659905,0.10008345855698231,-0.2876820724517808,0.016000341346440905,39,21.79,25.5,23.4,21.9,21.9,17.7,0.0,31.0,76.57,74.57,72.86,76.57,65.0,62.0,75.0,73.0
2013-10-06,201341,65.0,65,65.0,65,0.13181224,0.9632748,0,1,330455720134119589,2023-08-20,Rio de Janeiro,0.82977265,6747815,0,0,0,45,,,,,683938,17.06,21.06,25.53,3.1,74.71,62.0,20.53,0.82371426,104.0,18.39,1.3012102,56.0,21.07,0.51603377,83.0,17.69,0.5900821,71.75,19.2625,4.189654742026425,0.04652001563489261,-0.4643056081310979,0.14660347419187492,-0.24116205681688818,40,23.1,21.79,25.5,23.4,41.2,21.9,17.7,0.0,85.57,76.57,74.57,72.86,62.0,75.0,73.0,48.0
2013-10-13,201342,62.0,62,62.0,62,0.1845323,0.918816,0,1,330455720134219589,2023-08-20,Rio de Janeiro,0.85665226,6747815,0,0,0,44,,,,,683938,20.71,24.23,28.64,84.9,79.14,65.0,17.06,0.82977265,62.0,20.53,0.82371426,104.0,18.39,1.3012102,56.0,21.07,0.51603377,73.25,19.1725,4.143134726391533,-0.04652001563489261,0.0,-0.5108256237659905,0.10008345855698231,41,21.06,23.1,21.79,25.5,3.1,41.2,21.9,17.7,74.71,85.57,76.57,74.57,75.0,73.0,48.0,74.0
2013-10-20,201343,75.0,75,75.0,75,0.78015625,1.1114709,0,1,330455720134319589,2023-08-20,Rio de Janeiro,1.1387899,6747815,1,0,0,54,,,,,683938,22.43,26.49,31.77,13.4,78.29,62.0,20.71,0.85665226,65.0,17.06,0.82977265,62.0,20.53,0.82371426,104.0,18.39,1.3012102,66.0,20.1825,4.330733340286331,0.18759861389479848,0.14107859825990587,0.18759861389479848,-0.323227009871192,42,24.23,21.06,23.1,21.79,84.9,3.1,41.2,21.9,79.14,74.71,85.57,76.57,73.0,48.0,74.0,108.0
2013-10-27,201344,73.0,73,73.0,73,0.7134864,1.0818317,0,1,330455720134419589,2023-08-20,Rio de Janeiro,1.0999337,6747815,0,0,0,55,,,,,683938,19.64,22.7,26.53,9.0,75.29,75.0,22.43,1.1387899,62.0,20.71,0.85665226,65.0,17.06,0.82977265,62.0,20.53,0.82371426,68.75,19.96,4.30406509320417,-0.026668247082160867,0.16093036681263762,0.114410351177745,0.16093036681263762,43,26.49,24.23,21.06,23.1,13.4,84.9,3.1,41.2,78.29,79.14,74.71,85.57,48.0,74.0,108.0,111.0
2013-11-03,201345,48.0,48,48.0,48,0.025483388,0.7113414,0,1,330455720134519589,2023-08-20,Rio de Janeiro,0.6958894,6747815,0,0,0,41,,,,,683938,19.56,22.9,26.81,38.0,81.29,73.0,19.64,1.0999337,75.0,22.43,1.1387899,62.0,20.71,0.85665226,65.0,17.06,0.82977265,64.5,20.585,3.8918202981106265,-0.4122447950935437,-0.4389130421757046,-0.2513144282809061,-0.2978344439157987,44,22.7,26.49,24.23,21.06,9.0,13.4,84.9,3.1,75.29,78.29,79.14,74.71,74.0,108.0,111.0,144.0
2013-11-10,201346,74.0,74,74.0,74,0.73651624,1.0966513,0,1,330455720134619589,2023-08-20,Rio de Janeiro,1.1123725,6747815,1,0,0,52,,,,,683938,22.03,26.96,32.79,18.5,70.86,48.0,19.56,0.6958894,73.0,19.64,1.0999337,75.0,22.43,1.1387899,62.0,20.71,0.85665226,67.5,20.915,4.31748811353631,0.42566781542568366,0.013423020332139934,-0.013245226750020933,0.17435338714477755,45,22.9,22.7,26.49,24.23,38.0,9.0,13.4,84.9,81.29,75.29,78.29,79.14,108.0,111.0,144.0,115.0
2013-11-17,201347,108.0,108,108.0,108,0.9995248,1.6005181,0,1,330455720134719589,2023-08-20,Rio de Janeiro,1.6645387,6747815,1,0,0,91,,,,,683938,21.53,25.37,29.56,106.2,81.0,74.0,22.03,1.1123725,48.0,19.56,0.6958894,73.0,19.64,1.0999337,75.0,22.43,1.1387899,75.75,20.689999999999998,4.6913478822291435,0.3738597686928333,0.799527584118517,0.38728278902497326,0.3606145419428124,46,26.96,22.9,22.7,26.49,18.5,38.0,9.0,13.4,70.86,81.29,75.29,78.29,111.0,144.0,115.0,77.0
2013-11-24,201348,111.0,111,111.0,111,0.99282587,1.644977,0,2,330455720134819589,2023-08-20,Rio de Janeiro,1.4314401,6747815,1,0,0,96,,,,,683938,22.36,25.09,28.19,86.2,85.0,108.0,21.53,1.6645387,74.0,22.03,1.1123725,48.0,19.56,0.6958894,73.0,19.64,1.0999337,85.25,21.369999999999997,4.718498871295094,0.027150989065950704,0.40101075775878403,0.8266785731844677,0.41443377809092397,47,25.37,26.96,22.9,22.7,106.2,18.5,38.0,9.0,81.0,70.86,81.29,75.29,144.0,115.0,77.0,81.0
2013-12-01,201349,144.0,144,144.0,144,0.99831635,2.1340241,0,2,330455720134919589,2023-08-20,Rio de Janeiro,1.4611832,6747815,1,0,0,108,,,,,683938,23.13,26.79,31.36,35.2,80.86,111.0,22.36,1.4314401,108.0,21.53,1.6645387,74.0,22.03,1.1123725,48.0,19.56,0.6958894,109.25,22.2625,4.976733742420574,0.25823487112548005,0.28538586019143075,0.6592456288842641,1.0849134443099477,48,25.09,25.37,26.96,22.9,86.2,106.2,18.5,38.0,85.0,81.0,70.86,81.29,115.0,77.0,81.0,89.0
2013-12-08,201350,115.0,115,115.0,115,0.48195174,1.7042553,0,2,330455720135019589,2023-08-20,Rio de Janeiro,0.99406916,6747815,1,0,0,91,,,,,683938,23.0,25.63,28.94,52.2,81.86,144.0,23.13,1.4611832,111.0,22.36,1.4314401,108.0,21.53,1.6645387,74.0,22.03,1.1123725,119.5,22.505000000000003,4.7535901911063645,-0.2231435513142097,0.03509131981127034,0.06224230887722104,0.43610207757005437,49,26.79,25.09,25.37,26.96,35.2,86.2,106.2,18.5,80.86,85.0,81.0,70.86,77.0,81.0,89.0,152.0
2013-12-15,201351,77.0,77,77.0,77,0.00059828995,1.1411102,0,2,330455720135119589,2023-08-20,Rio de Janeiro,0.6287978,6747815,1,0,0,55,,,,,683938,21.96,24.51,27.27,17.8,82.43,115.0,23.0,0.99406916,144.0,23.13,1.4611832,111.0,22.36,1.4314401,108.0,21.53,1.6645387,111.75,22.6125,4.356708826689592,-0.3968813644167728,-0.6200249157309825,-0.36179004460550246,-0.33463905553955176,50,25.63,26.79,25.09,25.37,52.2,35.2,86.2,106.2,81.86,80.86,85.0,81.0,81.0,89.0,152.0,142.0
2013-12-22,201352,81.0,81,81.0,81,0.016955806,1.2003886,0,2,330455720135219589,2023-08-20,Rio de Janeiro,0.7349687,6747815,1,0,0,61,,,,,683938,23.01,26.5,30.31,33.6,82.86,77.0,21.96,0.6287978,115.0,23.0,0.99406916,144.0,23.13,1.4611832,111.0,22.36,1.4314401,104.25,22.775000000000002,4.406719247264253,0.05001042057466165,-0.34687094384211115,-0.5700144951563209,-0.3117796240308408,51,24.51,25.63,26.79,25.09,17.8,52.2,35.2,86.2,82.43,81.86,80.86,85.0,89.0,152.0,142.0,156.0
2013-12-29,201401,89.0,89,89.0,89,0.4338483,1.3189454,0,2,330455720140119589,2023-08-20,Rio de Janeiro,0.9755433,6747815,1,0,0,96,,,,,683938,25.5,30.13,35.89,25.2,74.29,81.0,23.01,0.7349687,77.0,21.96,0.6287978,115.0,23.0,0.99406916,144.0,23.13,1.4611832,90.5,23.3675,4.499809670330265,0.09309042306601167,0.14310084364067333,-0.25378052077609947,-0.4769240720903092,52,26.5,24.51,25.63,26.79,33.6,17.8,52.2,35.2,82.86,82.43,81.86,80.86,152.0,142.0,156.0,119.0
2014-01-05,201402,152.0,152,152.0,152,0.9999865,2.2525811,0,2,330455720140219589,2023-08-20,Rio de Janeiro,1.7361457,6747815,1,0,0,112,,,,,683938,23.99,28.79,34.24,3.1,68.71,89.0,25.5,0.9755433,81.0,23.01,0.7349687,77.0,21.96,0.6287978,115.0,23.0,0.99406916,99.75,23.615,5.030437921392435,0.5306282510621703,0.6237186741281819,0.6737290947028436,0.2768477302860708,1,30.13,26.5,24.51,25.63,25.2,33.6,17.8,52.2,74.29,82.86,82.43,81.86,142.0,156.0,119.0,125.0
2014-01-12,201403,142.0,142,142.0,142,0.9921393,2.104385,0,2,330455720140319589,2023-08-20,Rio de Janeiro,1.362265,6747815,1,0,0,100,,,,,683938,23.87,28.29,33.33,47.0,72.0,152.0,23.99,1.7361457,89.0,25.5,0.9755433,81.0,23.01,0.7349687,77.0,21.96,0.6287978,116.0,24.0925,4.962844630259907,-0.06759329113252832,0.46303495992964194,0.5561253829956536,0.6061358035703153,2,28.79,30.13,26.5,24.51,3.1,25.2,33.6,17.8,68.71,74.29,82.86,82.43,156.0,119.0,125.0,119.0
2014-01-19,201404,156.0,156,156.0,156,0.9406374,2.3118594,0,2,330455720140419589,2023-08-20,Rio de Janeiro,1.2028946,6747815,1,0,0,109,,,,,683938,24.01,28.76,34.49,17.8,71.43,142.0,23.87,1.362265,152.0,23.99,1.7361457,89.0,25.5,0.9755433,81.0,23.01,0.7349687,134.75,24.3425,5.056245805348308,0.09340117508840073,0.025807883955872413,0.5564361350180427,0.6495265580840544,3,28.29,28.79,30.13,26.5,47.0,3.1,25.2,33.6,72.0,68.71,74.29,82.86,119.0,125.0,119.0,120.0
2014-01-26,201405,119.0,119,119.0,119,0.07038901,1.7635338,0,2,330455720140519589,2023-08-20,Rio de Janeiro,0.8334713,6747815,1,0,0,92,,,,,683938,23.77,29.43,35.24,0.5,64.0,156.0,24.01,1.2028946,142.0,23.87,1.362265,152.0,23.99,1.7361457,89.0,25.5,0.9755433,142.25,23.91,4.787491742782046,-0.2687540625662619,-0.17535288747786115,-0.24294617861038947,0.2876820724517808,4,28.76,28.29,28.79,30.13,17.8,47.0,3.1,25.2,71.43,72.0,68.71,74.29,125.0,119.0,120.0,67.0
2014-02-02,201406,125.0,125,125.0,125,0.16653086,1.8524514,0,2,330455720140619589,2023-08-20,Rio de Janeiro,0.88809794,6747815,1,0,0,88,,,,,683938,24.77,30.19,36.43,1.5,64.0,119.0,23.77,0.8334713,156.0,24.01,1.2028946,142.0,23.87,1.362265,152.0,23.99,1.7361457,135.5,24.105,4.836281906951478,0.04879016416943216,-0.21996389839682973,-0.126562723308429,-0.19415601444095731,5,29.43,28.76,28.29,28.79,0.5,17.8,47.0,3.1,64.0,71.43,72.0,68.71,119.0,120.0,67.0,74.0
2014-02-09,201407,119.0,119,119.0,119,0.23773713,1.7635338,0,2,330455720140719589,2023-08-20,Rio de Janeiro,0.9136612,6747815,1,0,0,83,,,,,683938,23.6,29.31,35.46,5.7,61.71,125.0,24.77,0.88809794,119.0,23.77,0.8334713,156.0,24.01,1.2028946,142.0,23.87,1.362265,129.75,24.0375,4.787491742782046,-0.04879016416943216,0.0,-0.2687540625662619,-0.17535288747786115,6,30.19,29.43,28.76,28.29,1.5,0.5,17.8,47.0,64.0,64.0,71.43,72.0,120.0,67.0,74.0,92.0
2014-02-16,201408,120.0,120,120.0,120,0.42336136,1.7783535,0,2,330455720140819589,2023-08-20,Rio de Janeiro,0.97554535,6747815,1,0,0,84,,,,,683938,22.04,26.1,30.59,56.5,77.86,119.0,23.6,0.9136612,125.0,24.77,0.88809794,119.0,23.77,0.8334713,156.0,24.01,1.2028946,120.75,23.544999999999998,4.795790545596741,0.008298802814695527,-0.04049136135473663,0.008298802814695527,-0.26045525975156636,7,29.31,30.19,29.43,28.76,5.7,1.5,0.5,17.8,61.71,64.0,64.0,71.43,67.0,74.0,92.0,117.0
2014-02-23,201409,67.0,67,67.0,67,8.803969e-05,0.992914,0,2,330455720140919589,2023-08-20,Rio de Janeiro,0.57016486,6747815,1,0,0,50,,,,,683938,24.03,29.03,34.69,6.2,68.14,120.0,22.04,0.97554535,119.0,23.6,0.9136612,125.0,24.77,0.88809794,119.0,23.77,0.8334713,107.75,23.61,4.219507705176107,-0.5762828404206344,-0.5679840376059389,-0.616774201775371,-0.5679840376059389,8,26.1,29.31,30.19,29.43,56.5,5.7,1.5,0.5,77.86,61.71,64.0,64.0,74.0,92.0,117.0,94.0
2014-03-02,201410,74.0,74,74.0,74,0.0115662115,1.0966513,0,2,330455720141019589,2023-08-20,Rio de Janeiro,0.71036154,6747815,1,0,0,61,,,,,683938,23.2,26.16,30.17,82.2,82.14,67.0,24.03,0.57016486,120.0,22.04,0.97554535,119.0,23.6,0.9136612,125.0,24.77,0.88809794,95.0,23.2175,4.31748811353631,0.09798040836020316,-0.4783024320604312,-0.4700036292457357,-0.5187937934151678,9,29.03,26.1,29.31,30.19,6.2,56.5,5.7,1.5,68.14,77.86,61.71,64.0,92.0,117.0,94.0,87.0
2014-03-09,201411,92.0,92,92.0,92,0.68397427,1.3634043,0,2,330455720141119589,2023-08-20,Rio de Janeiro,1.0743436,6747815,1,0,0,58,,,,,683938,23.63,28.1,33.57,6.1,75.43,74.0,23.2,0.71036154,67.0,24.03,0.57016486,120.0,22.04,0.97554535,119.0,23.6,0.9136612,88.25,23.224999999999998,4.532599493153256,0.21511137961694615,0.3130917879771493,-0.26319105244348506,-0.25489224962878954,10,26.16,29.03,26.1,29.31,82.2,6.2,56.5,5.7,82.14,68.14,77.86,61.71,117.0,94.0,87.0,86.0
2014-03-16,201412,117.0,117,117.0,117,0.9945323,1.7338946,0,2,330455720141219589,2023-08-20,Rio de Janeiro,1.4384911,6747815,1,0,0,66,,,,,683938,23.4,28.51,34.6,21.7,69.0,92.0,23.63,1.0743436,74.0,23.2,0.71036154,67.0,24.03,0.57016486,120.0,22.04,0.97554535,87.5,23.565,4.770684624465665,0.23808513131240883,0.453196510929355,0.5511769192895581,-0.025105921131076236,11,28.1,26.16,29.03,26.1,6.1,82.2,6.2,56.5,75.43,82.14,68.14,77.86,94.0,87.0,86.0,72.0
2014-03-23,201413,94.0,94,94.0,94,0.55376995,1.3930435,0,2,330455720141319589,2023-08-20,Rio de Janeiro,1.0199699,6747815,1,0,0,61,,,,,683938,21.7,24.69,27.97,37.1,81.86,117.0,23.4,1.4384911,92.0,23.63,1.0743436,74.0,23.2,0.71036154,67.0,24.03,0.57016486,94.25,22.9825,4.553876891600541,-0.21680773286512434,0.02127739844728449,0.23638877806423064,0.3343691864244338,12,28.51,28.1,26.16,29.03,21.7,6.1,82.2,6.2,69.0,75.43,82.14,68.14,87.0,86.0,72.0,70.0
2014-03-30,201414,87.0,87,87.0,87,0.1582112,1.2893063,0,2,330455720141419589,2023-08-20,Rio de Janeiro,0.86405087,6747815,1,0,0,64,,,,,683938,22.97,26.06,30.03,53.6,83.57,94.0,21.7,1.0199699,117.0,23.4,1.4384911,92.0,23.63,1.0743436,74.0,23.2,0.71036154,97.5,22.924999999999997,4.477336814478207,-0.0765400771223339,-0.29334780998745824,-0.055262678675049415,0.15984870094189674,13,24.69,28.51,28.1,26.16,37.1,21.7,6.1,82.2,81.86,69.0,75.43,82.14,86.0,72.0,70.0,89.0
2014-04-06,201415,86.0,86,86.0,86,0.21139742,1.2744867,0,2,330455720141519589,2023-08-20,Rio de Janeiro,0.8883371,6747815,1,0,0,67,,,,,683938,21.23,25.89,31.41,0.5,79.71,87.0,22.97,0.86405087,94.0,21.7,1.0199699,117.0,23.4,1.4384911,92.0,23.63,1.0743436,96.0,22.325,4.465908118654584,-0.011428695823623158,-0.08796877294595706,-0.3047765058110814,-0.06669137449867257,14,26.06,24.69,28.51,28.1,53.6,37.1,21.7,6.1,83.57,81.86,69.0,75.43,72.0,70.0,89.0,84.0
2014-04-13,201416,72.0,72,72.0,72,0.09079448,1.0670121,0,2,330455720141619589,2023-08-20,Rio de Janeiro,0.81003785,6747815,1,0,0,58,,,,,683938,21.79,24.51,27.99,86.5,87.14,86.0,21.23,0.8883371,87.0,22.97,0.86405087,94.0,21.7,1.0199699,117.0,23.4,1.4384911,84.75,21.9225,4.290459441148391,-0.17544867750619275,-0.1868773733298159,-0.2634174504521498,-0.48022518331727415,15,25.89,26.06,24.69,28.51,0.5,53.6,37.1,21.7,79.71,83.57,81.86,69.0,70.0,89.0,84.0,89.0
2014-04-20,201417,70.0,70,70.0,70,0.16117515,1.0373728,0,2,330455720141719589,2023-08-20,Rio de Janeiro,0.8519147,6747815,1,0,0,53,,,,,683938,21.46,24.36,28.14,39.1,83.86,72.0,21.79,0.81003785,86.0,21.23,0.8883371,87.0,22.97,0.86405087,94.0,21.7,1.0199699,78.75,21.8625,4.2626798770413155,-0.027779564107075494,-0.20322824161326825,-0.2146569374368914,-0.2911970145592253,16,24.51,25.89,26.06,24.69,86.5,0.5,53.6,37.1,87.14,79.71,83.57,81.86,89.0,84.0,89.0,81.0
2014-04-27,201418,89.0,89,89.0,89,0.83699524,1.3189454,0,1,330455720141819589,2023-08-20,Rio de Janeiro,1.1648288,6747815,0,0,0,68,,,,,683938,16.1,21.56,27.76,8.3,76.0,70.0,21.46,0.8519147,72.0,21.79,0.81003785,86.0,21.23,0.8883371,87.0,22.97,0.86405087,79.25,20.145,4.499809670330265,0.23712979328894956,0.20935022918187407,0.03390155167568132,0.02247285585205816,17,24.36,24.51,25.89,26.06,39.1,86.5,0.5,53.6,83.86,87.14,79.71,83.57,84.0,89.0,81.0,54.0
2014-05-04,201419,84.0,84,84.0,84,0.72471,1.2448474,0,1,330455720141919589,2023-08-20,Rio de Janeiro,1.0986131,6747815,0,0,0,63,,,,,683938,19.26,23.67,29.4,13.3,82.86,89.0,16.1,1.1648288,70.0,21.46,0.8519147,72.0,21.79,0.81003785,86.0,21.23,0.8883371,78.75,19.652500000000003,4.442651256490317,-0.05715841383994835,0.1799713794490012,0.15219181534192572,-0.023256862164267034,18,21.56,24.36,24.51,25.89,8.3,39.1,86.5,0.5,76.0,83.86,87.14,79.71,89.0,81.0,54.0,60.0
2014-05-11,201420,89.0,89,89.0,89,0.7081725,1.3189454,0,1,330455720142019589,2023-08-20,Rio de Janeiro,1.0872909,6747815,0,0,0,69,,,,,683938,16.29,21.36,27.46,5.6,80.14,84.0,19.26,1.0986131,89.0,16.1,1.1648288,70.0,21.46,0.8519147,72.0,21.79,0.81003785,83.0,18.2775,4.499809670330265,0.05715841383994835,0.0,0.23712979328894956,0.20935022918187407,19,23.67,21.56,24.36,24.51,13.3,8.3,39.1,86.5,82.86,76.0,83.86,87.14,81.0,54.0,60.0,49.0
2014-05-18,201421,81.0,81,81.0,81,0.37589648,1.2003886,0,1,330455720142119589,2023-08-20,Rio de Janeiro,0.95220953,6747815,0,0,0,58,,,,,683938,19.91,23.36,27.96,11.0,83.0,89.0,16.29,1.0872909,84.0,19.26,1.0986131,89.0,16.1,1.1648288,70.0,21.46,0.8519147,85.75,17.89,4.406719247264253,-0.09309042306601167,-0.03593200922606332,-0.09309042306601167,0.1440393702229379,20,21.36,23.67,21.56,24.36,5.6,13.3,8.3,39.1,80.14,82.86,76.0,83.86,54.0,60.0,49.0,57.0
2014-05-25,201422,54.0,54,54.0,54,0.0056835413,0.80025905,0,1,330455720142219589,2023-08-20,Rio de Janeiro,0.64692557,6747815,0,0,0,38,,,,,683938,18.57,21.4,24.97,15.5,85.43,81.0,19.91,0.95220953,89.0,16.29,1.0872909,84.0,19.26,1.0986131,89.0,16.1,1.1648288,77.0,18.5075,4.007333185232471,-0.3993860620317822,-0.49247648509779385,-0.4353180712578455,-0.49247648509779385,21,23.36,21.36,23.67,21.56,11.0,5.6,13.3,8.3,83.0,80.14,82.86,76.0,60.0,49.0,57.0,46.0
2014-06-01,201423,60.0,60,60.0,60,0.09610172,0.8891767,0,1,330455720142319589,2023-08-20,Rio de Janeiro,0.7989906,6747815,0,0,0,49,,,,,683938,18.41,22.44,28.19,11.3,80.29,54.0,18.57,0.64692557,81.0,19.91,0.95220953,89.0,16.29,1.0872909,84.0,19.26,1.0986131,71.0,18.295,4.110873864173311,0.10354067894084018,-0.295845383090942,-0.38893580615695367,-0.3317773923170053,22,21.4,23.36,21.36,23.67,15.5,11.0,5.6,13.3,85.43,83.0,80.14,82.86,49.0,57.0,46.0,59.0
2014-06-08,201424,49.0,49,49.0,49,0.08476432,0.726161,0,1,330455720142419589,2023-08-20,Rio de Janeiro,0.7717046,6747815,0,0,0,44,,,,,683938,20.36,23.46,28.0,23.0,83.0,60.0,18.41,0.7989906,54.0,18.57,0.64692557,81.0,19.91,0.95220953,89.0,16.29,1.0872909,61.0,19.3125,3.912023005428146,-0.1988508587451654,-0.09531017980432521,-0.4946962418361074,-0.5877866649021191,23,22.44,21.4,23.36,21.36,11.3,15.5,11.0,5.6,80.29,85.43,83.0,80.14,57.0,46.0,59.0,44.0
2014-06-15,201425,57.0,57,57.0,57,0.51065934,0.84471786,0,1,330455720142519589,2023-08-20,Rio de Janeiro,1.005006,6747815,0,0,0,41,,,,,683938,18.4,21.53,25.79,27.0,86.57,49.0,20.36,0.7717046,60.0,18.41,0.7989906,54.0,18.57,0.64692557,81.0,19.91,0.95220953,55.0,18.935000000000002,4.060443010546419,0.14842000511827314,-0.05043085362689226,0.05310982531394792,-0.34627623671783425,24,23.46,22.44,21.4,23.36,23.0,11.3,15.5,11.0,83.0,80.29,85.43,83.0,46.0,59.0,44.0,44.0
2014-06-22,201426,46.0,46,46.0,46,0.22127481,0.68170214,0,1,330455720142619589,2023-08-20,Rio de Janeiro,0.85774714,6747815,0,0,0,35,,,,,683938,16.6,21.47,28.46,0.2,80.43,57.0,18.4,1.005006,49.0,20.36,0.7717046,60.0,18.41,0.7989906,54.0,18.57,0.64692557,53.0,18.4425,3.8501476017100584,-0.21029540883636066,-0.06187540371808753,-0.2607262624632529,-0.15718558352241274,25,21.53,23.46,22.44,21.4,27.0,23.0,11.3,15.5,86.57,83.0,80.29,85.43,59.0,44.0,44.0,45.0
2014-06-29,201427,59.0,59,59.0,59,0.73488027,0.8743571,0,1,330455720142719589,2023-08-20,Rio de Janeiro,1.125908,6747815,0,0,0,39,,,,,683938,19.13,22.93,28.71,0.4,84.14,46.0,16.6,0.85774714,57.0,18.4,1.005006,49.0,20.36,0.7717046,60.0,18.41,0.7989906,52.75,18.6225,4.0943445622221,0.24419696051204198,0.03390155167568132,0.18232155679395445,-0.01652930195121094,26,21.47,21.53,23.46,22.44,0.2,27.0,23.0,11.3,80.43,86.57,83.0,80.29,44.0,44.0,45.0,58.0
2014-07-06,201428,44.0,44,44.0,44,0.21406369,0.65206295,0,1,330455720142819589,2023-08-20,Rio de Janeiro,0.8508274,6747815,0,0,0,30,,,,,683938,19.01,21.8,25.54,76.7,84.57,59.0,19.13,1.125908,46.0,16.6,0.85774714,57.0,18.4,1.005006,49.0,20.36,0.7717046,51.5,18.285,3.8066624897703196,-0.2876820724517808,-0.04348511193973881,-0.25378052077609947,-0.10536051565782634,27,22.93,21.47,21.53,23.46,0.4,0.2,27.0,23.0,84.14,80.43,86.57,83.0,44.0,45.0,58.0,56.0
2014-07-13,201429,44.0,44,44.0,44,0.23545022,0.65206295,0,1,330455720142919589,2023-08-20,Rio de Janeiro,0.8628581,6747815,0,0,0,32,,,,,683938,16.94,20.96,26.17,4.1,77.14,44.0,19.01,0.8508274,59.0,19.13,1.125908,46.0,16.6,0.85774714,57.0,18.4,1.005006,48.25,17.92,3.8066624897703196,0.0,-0.2876820724517808,-0.04348511193973881,-0.25378052077609947,28,21.8,22.93,21.47,21.53,76.7,0.4,0.2,27.0,84.57,84.14,80.43,86.57,45.0,58.0,56.0,53.0
2014-07-20,201430,45.0,45,45.0,45,0.3910983,0.6668825,0,1,330455720143019589,2023-08-20,Rio de Janeiro,0.94440824,6747815,0,0,0,27,,,,,683938,16.73,20.63,25.3,6.9,77.57,44.0,16.94,0.8628581,44.0,19.01,0.8508274,59.0,19.13,1.125908,46.0,16.6,0.85774714,48.0,17.9525,3.828641396489095,0.02197890671877545,0.02197890671877545,-0.26570316573300534,-0.02150620522096336,29,20.96,21.8,22.93,21.47,4.1,76.7,0.4,0.2,77.14,84.57,84.14,80.43,58.0,56.0,53.0,61.0
2014-07-27,201431,58.0,58,58.0,58,0.889307,0.8595375,0,1,330455720143119589,2023-08-20,Rio de Janeiro,1.2714456,6747815,0,0,0,42,,,,,683938,16.23,20.0,24.91,17.3,82.86,45.0,16.73,0.94440824,44.0,16.94,0.8628581,44.0,19.01,0.8508274,59.0,19.13,1.125908,47.75,17.227500000000003,4.07753744390572,0.24889604741662463,0.2708749541354001,0.2708749541354001,-0.01680711831638071,30,20.63,20.96,21.8,22.93,6.9,4.1,76.7,0.4,77.57,77.14,84.57,84.14,56.0,53.0,61.0,64.0
2014-08-03,201432,56.0,56,56.0,56,0.7755674,0.8298983,0,1,330455720143219589,2023-08-20,Rio de Janeiro,1.1594146,6747815,0,0,0,34,,,,,683938,15.79,20.81,26.9,15.5,75.0,58.0,16.23,1.2714456,45.0,16.73,0.94440824,44.0,16.94,0.8628581,44.0,19.01,0.8508274,50.75,16.4225,4.04305126783455,-0.03448617607116944,0.2144098713454552,0.23638877806423064,0.23638877806423064,31,20.0,20.63,20.96,21.8,17.3,6.9,4.1,76.7,82.86,77.57,77.14,84.57,53.0,61.0,64.0,76.0
2014-08-10,201433,53.0,53,53.0,53,0.4993082,0.78543943,0,1,330455720143319589,2023-08-20,Rio de Janeiro,0.99966455,6747815,0,0,0,35,,,,,683938,17.14,20.86,25.89,16.8,79.43,56.0,15.79,1.1594146,58.0,16.23,1.2714456,45.0,16.73,0.94440824,44.0,16.94,0.8628581,53.0,16.4725,3.9889840465642745,-0.054067221270275745,-0.08855339734144518,0.16034265007517945,0.1823215567939549,32,20.81,20.0,20.63,20.96,15.5,17.3,6.9,4.1,75.0,82.86,77.57,77.14,61.0,64.0,76.0,61.0
2014-08-17,201434,61.0,61,61.0,61,0.7079502,0.90399635,0,1,330455720143419589,2023-08-20,Rio de Janeiro,1.1066053,6747815,0,0,0,38,,,,,683938,17.67,22.23,27.89,3.3,80.29,53.0,17.14,0.99966455,56.0,15.79,1.1594146,58.0,16.23,1.2714456,45.0,16.73,0.94440824,57.0,16.7075,4.127134385045092,0.13815033848081715,0.0840831172105414,0.049596941139371964,0.2984929885559966,33,20.86,20.81,20.0,20.63,16.8,15.5,17.3,6.9,79.43,75.0,82.86,77.57,64.0,76.0,61.0,68.0
2014-08-24,201435,64.0,64,64.0,64,0.76106936,0.94845515,0,1,330455720143519589,2023-08-20,Rio de Janeiro,1.1378425,6747815,0,0,0,42,,,,,683938,17.69,21.69,26.66,15.3,77.14,61.0,17.67,1.1066053,53.0,17.14,0.99966455,56.0,15.79,1.1594146,58.0,16.23,1.2714456,58.5,17.072499999999998,4.174387269895637,0.04725288485054513,0.18540322333136228,0.13133600206108653,0.0968498259899171,34,22.23,20.86,20.81,20.0,3.3,16.8,15.5,17.3,80.29,79.43,75.0,82.86,76.0,61.0,68.0,76.0
2014-08-31,201436,76.0,76,76.0,76,0.9153611,1.1262906,0,1,330455720143619589,2023-08-20,Rio de Janeiro,1.2659072,6747815,0,0,0,57,,,,,683938,18.23,22.19,27.59,13.2,76.71,64.0,17.69,1.1378425,61.0,17.67,1.1066053,53.0,17.14,0.99966455,56.0,15.79,1.1594146,63.5,17.6825,4.343805421853684,0.16941815195804732,0.21667103680859245,0.3548213752894096,0.30075415401913386,35,21.69,22.23,20.86,20.81,15.3,3.3,16.8,15.5,77.14,80.29,79.43,75.0,61.0,68.0,76.0,90.0
2014-09-07,201437,61.0,61,61.0,61,0.3572708,0.90399635,0,1,330455720143719589,2023-08-20,Rio de Janeiro,0.93711674,6747815,0,0,0,47,,,,,683938,18.2,23.74,30.5,0.0,69.0,76.0,18.23,1.2659072,64.0,17.69,1.1378425,61.0,17.67,1.1066053,53.0,17.14,0.99966455,65.5,17.9475,4.127134385045092,-0.21667103680859245,-0.04725288485054513,0.0,0.13815033848081715,36,22.19,21.69,22.23,20.86,13.2,15.3,3.3,16.8,76.71,77.14,80.29,79.43,68.0,76.0,90.0,66.0
2014-09-14,201438,68.0,68,68.0,68,0.5077865,1.0077336,0,1,330455720143819589,2023-08-20,Rio de Janeiro,1.0033456,6747815,0,0,0,50,,,,,683938,19.99,24.2,29.7,5.0,73.71,61.0,18.2,0.93711674,76.0,18.23,1.2659072,64.0,17.69,1.1378425,61.0,17.67,1.1066053,67.25,18.5275,4.23410650459726,0.10697211955216801,-0.10969891725642444,0.05971923470162288,0.10697211955216801,37,23.74,22.19,21.69,22.23,0.0,13.2,15.3,3.3,69.0,76.71,77.14,80.29,76.0,90.0,66.0,63.0
2014-09-21,201439,76.0,76,76.0,76,0.7744926,1.1262906,0,1,330455720143919589,2023-08-20,Rio de Janeiro,1.1340657,6747815,0,0,0,52,,,,,683938,19.09,23.49,28.74,17.0,75.29,68.0,19.99,1.0033456,61.0,18.2,0.93711674,76.0,18.23,1.2659072,64.0,17.69,1.1378425,70.25,18.877499999999998,4.343805421853684,0.10969891725642444,0.21667103680859245,0.0,0.16941815195804732,38,24.2,23.74,22.19,21.69,5.0,0.0,13.2,15.3,73.71,69.0,76.71,77.14,90.0,66.0,63.0,61.0
2014-09-28,201440,90.0,90,90.0,90,0.94812936,1.333765,0,1,330455720144019589,2023-08-20,Rio de Janeiro,1.2943598,6747815,0,0,0,60,,,,,683938,20.89,24.11,28.43,11.0,74.0,76.0,19.09,1.1340657,68.0,19.99,1.0033456,61.0,18.2,0.93711674,76.0,18.23,1.2659072,73.75,19.542499999999997,4.51085950651685,0.16705408466316563,0.27675300191959007,0.3837251214717581,0.16705408466316563,39,23.49,24.2,23.74,22.19,17.0,5.0,0.0,13.2,75.29,73.71,69.0,76.71,66.0,63.0,61.0,47.0
2014-10-05,201441,66.0,66,66.0,66,0.20555717,0.9780944,0,1,330455720144119589,2023-08-20,Rio de Janeiro,0.87124896,6747815,0,0,0,41,,,,,683938,17.8,23.7,30.01,0.0,62.57,90.0,20.89,1.2943598,76.0,19.09,1.1340657,68.0,19.99,1.0033456,61.0,18.2,0.93711674,75.0,19.4425,4.204692619390966,-0.306166887125884,-0.1391128024627184,-0.029413885206293955,0.07755823434587406,40,24.11,23.49,24.2,23.74,11.0,17.0,5.0,0.0,74.0,75.29,73.71,69.0,63.0,61.0,47.0,49.0
2014-10-12,201442,63.0,63,63.0,63,0.10794555,0.93363553,0,1,330455720144219589,2023-08-20,Rio de Janeiro,0.8116666,6747815,0,0,0,45,,,,,683938,21.61,26.49,32.76,0.1,72.0,66.0,17.8,0.87124896,90.0,20.89,1.2943598,76.0,19.09,1.1340657,68.0,19.99,1.0033456,73.75,19.8475,4.1588830833596715,-0.04580953603129423,-0.35197642315717825,-0.18492233849401263,-0.07522342123758818,41,23.7,24.11,23.49,24.2,0.0,11.0,17.0,5.0,62.57,74.0,75.29,73.71,61.0,47.0,49.0,54.0
2014-10-19,201443,61.0,61,61.0,61,0.18984884,0.90399635,0,1,330455720144319589,2023-08-20,Rio de Janeiro,0.85845226,6747815,0,0,0,45,,,,,683938,20.4,24.36,28.9,17.9,74.14,63.0,21.61,0.8116666,66.0,17.8,0.87124896,90.0,20.89,1.2943598,76.0,19.09,1.1340657,70.0,20.175,4.127134385045092,-0.031748698314579826,-0.07755823434587406,-0.3837251214717581,-0.21667103680859245,42,26.49,23.7,24.11,23.49,0.1,0.0,11.0,17.0,72.0,62.57,74.0,75.29,47.0,49.0,54.0,43.0
2014-10-26,201444,47.0,47,47.0,47,0.05613963,0.69652176,0,1,330455720144419589,2023-08-20,Rio de Janeiro,0.73891914,6747815,1,0,0,37,,,,,683938,21.94,26.5,31.84,10.4,69.14,61.0,20.4,0.85845226,63.0,21.61,0.8116666,66.0,17.8,0.87124896,90.0,20.89,1.2943598,59.25,20.4375,3.871201010907891,-0.2559333741372005,-0.28768207245178035,-0.3334916084830746,-0.6396584956089586,43,24.36,26.49,23.7,24.11,17.9,0.1,0.0,11.0,74.14,72.0,62.57,74.0,49.0,54.0,43.0,46.0
2014-11-02,201445,49.0,49,49.0,49,0.2021659,0.726161,0,1,330455720144519589,2023-08-20,Rio de Janeiro,0.85113245,6747815,1,0,0,31,,,,,683938,23.43,27.46,32.9,18.9,69.14,47.0,21.94,0.73891914,61.0,20.4,0.85845226,63.0,21.61,0.8116666,66.0,17.8,0.87124896,55.0,21.845,3.912023005428146,0.04082199452025481,-0.2151113796169457,-0.24686007793152553,-0.29266961396281976,44,26.5,24.36,26.49,23.7,10.4,17.9,0.1,0.0,69.14,74.14,72.0,62.57,54.0,43.0,46.0,47.0
2014-11-09,201446,54.0,54,54.0,54,0.5777514,0.80025905,0,1,330455720144619589,2023-08-20,Rio de Janeiro,1.0386878,6747815,0,0,0,43,,,,,683938,21.43,24.46,28.17,48.8,79.0,49.0,23.43,0.85113245,47.0,21.94,0.73891914,61.0,20.4,0.85845226,63.0,21.61,0.8116666,52.75,21.8,4.007333185232471,0.09531017980432521,0.13613217432458002,-0.1198011998126205,-0.15154989812720032,45,27.46,26.5,24.36,26.49,18.9,10.4,17.9,0.1,69.14,69.14,74.14,72.0,43.0,46.0,47.0,39.0
2014-11-16,201447,43.0,43,43.0,43,0.23623016,0.63724333,0,1,330455720144719589,2023-08-20,Rio de Janeiro,0.8618884,6747815,0,0,0,32,,,,,683938,19.33,24.77,30.84,2.9,66.43,54.0,21.43,1.0386878,49.0,23.43,0.85113245,47.0,21.94,0.73891914,61.0,20.4,0.85845226,48.25,21.5325,3.784189633918261,-0.22314355131421015,-0.12783337150988494,-0.08701137698963013,-0.34294475112683065,46,24.46,27.46,26.5,24.36,48.8,18.9,10.4,17.9,79.0,69.14,69.14,74.14,46.0,47.0,39.0,34.0
2014-11-23,201448,46.0,46,46.0,46,0.3745827,0.68170214,0,1,330455720144819589,2023-08-20,Rio de Janeiro,0.93678296,6747815,1,0,0,35,,,,,683938,23.4,25.86,29.19,82.3,83.14,43.0,19.33,0.8618884,54.0,21.43,1.0386878,49.0,23.43,0.85113245,47.0,21.94,0.73891914,48.0,21.8975,3.8501476017100584,0.06595796779179741,-0.15718558352241274,-0.06187540371808753,-0.021053409197832718,47,24.77,24.46,27.46,26.5,2.9,48.8,18.9,10.4,66.43,79.0,69.14,69.14,47.0,39.0,34.0,25.0
2014-11-30,201449,47.0,47,47.0,47,0.5102925,0.69652176,0,1,330455720144919589,2023-08-20,Rio de Janeiro,1.0053201,6747815,1,0,0,32,,,,,683938,22.57,26.67,31.31,13.7,73.71,46.0,23.4,0.93678296,43.0,19.33,0.8618884,54.0,21.43,1.0386878,49.0,23.43,0.85113245,47.5,21.682499999999997,3.871201010907891,0.021053409197832718,0.08701137698963013,-0.13613217432458002,-0.04082199452025481,48,25.86,24.77,24.46,27.46,82.3,2.9,48.8,18.9,83.14,66.43,79.0,69.14,39.0,34.0,25.0,11.0
2014-12-07,201450,39.0,39,39.0,39,0.2427029,0.57796484,0,2,330455720145019589,2023-08-20,Rio de Janeiro,0.8595342,6747815,1,0,0,24,,,,,683938,23.66,28.4,33.73,14.5,68.71,47.0,22.57,1.0053201,46.0,23.4,0.93678296,43.0,19.33,0.8618884,54.0,21.43,1.0386878,43.75,22.24,3.6888794541139363,-0.1823215567939549,-0.16126814759612218,-0.09531017980432477,-0.3184537311185349,49,26.67,25.86,24.77,24.46,13.7,82.3,2.9,48.8,73.71,83.14,66.43,79.0,34.0,25.0,11.0,53.0
2014-12-14,201451,34.0,34,34.0,34,0.13348025,0.5038668,0,2,330455720145119589,2023-08-20,Rio de Janeiro,0.77765745,6747815,1,0,0,25,,,,,683938,22.36,26.63,31.57,28.5,72.29,39.0,23.66,0.8595342,47.0,22.57,1.0053201,46.0,23.4,0.93678296,43.0,19.33,0.8618884,41.5,22.9975,3.5553480614894135,-0.13353139262452274,-0.31585294941847764,-0.2947995402206449,-0.2288415724288475,50,28.4,26.67,25.86,24.77,14.5,13.7,82.3,2.9,68.71,73.71,83.14,66.43,25.0,11.0,53.0,44.0
2014-12-21,201452,25.0,25,25.0,25,0.03670767,0.3704903,0,2,330455720145219589,2023-08-20,Rio de Janeiro,0.63792425,6747815,1,0,0,17,,,,,683938,24.76,28.54,32.93,61.3,75.43,34.0,22.36,0.77765745,39.0,23.66,0.8595342,47.0,22.57,1.0053201,46.0,23.4,0.93678296,36.25,23.337500000000002,3.258096538021482,-0.2972515234679314,-0.4307829160924541,-0.613104472886409,-0.5920510636885763,51,26.63,28.4,26.67,25.86,28.5,14.5,13.7,82.3,72.29,68.71,73.71,83.14,11.0,53.0,44.0,47.0
2014-12-28,201453,11.0,11,11.0,11,0.00039630884,0.16301574,0,2,330455720145319589,2023-08-20,Rio de Janeiro,0.33959693,6747815,1,0,0,19,,,,,683938,25.61,30.46,36.53,13.6,66.43,25.0,24.76,0.63792425,34.0,22.36,0.77765745,39.0,23.66,0.8595342,47.0,22.57,1.0053201,27.25,24.0975,2.4849066497880004,-0.7731898882334818,-1.0704414117014132,-1.203972804325936,-1.3862943611198908,52,28.54,26.63,28.4,26.67,61.3,28.5,14.5,13.7,75.43,72.29,68.71,73.71,53.0,44.0,47.0,43.0
2015-01-04,201501,53.0,53,53.0,53,0.99896365,0.78543943,0,2,330455720150119589,2023-08-20,Rio de Janeiro,2.0350235,6747815,1,0,0,43,,,,,683938,24.2,28.99,34.57,40.2,69.43,11.0,25.61,0.33959693,25.0,24.76,0.63792425,34.0,22.36,0.77765745,39.0,23.66,0.8595342,30.75,24.2325,3.9889840465642745,1.5040773967762742,0.7308875085427924,0.433635985074861,0.30010459245033827,1,30.46,28.54,26.63,28.4,13.6,61.3,28.5,14.5,66.43,75.43,72.29,68.71,44.0,47.0,43.0,63.0
2015-01-11,201502,44.0,44,44.0,44,0.9744906,0.65206295,0,2,330455720150219589,2023-08-20,Rio de Janeiro,1.5911717,6747815,1,0,0,32,,,,,683938,25.33,30.66,35.77,1.0,63.14,53.0,24.2,2.0350235,11.0,25.61,0.33959693,25.0,24.76,0.63792425,34.0,22.36,0.77765745,33.25,24.975,3.8066624897703196,-0.1823215567939549,1.3217558399823193,0.5485659517488375,0.2513144282809061,2,28.99,30.46,28.54,26.63,40.2,13.6,61.3,28.5,69.43,66.43,75.43,72.29,47.0,43.0,63.0,48.0
2015-01-18,201503,47.0,47,47.0,47,0.8225245,0.69652176,0,2,330455720150319589,2023-08-20,Rio de Janeiro,1.2209171,6747815,1,0,0,38,,,,,683938,24.27,28.96,33.74,27.7,69.86,44.0,25.33,1.5911717,53.0,24.2,2.0350235,11.0,25.61,0.33959693,25.0,24.76,0.63792425,38.75,24.8525,3.871201010907891,0.06453852113757153,-0.11778303565638337,1.3862943611198908,0.613104472886409,3,30.66,28.99,30.46,28.54,1.0,40.2,13.6,61.3,63.14,69.43,66.43,75.43,43.0,63.0,48.0,74.0
2015-01-25,201504,43.0,43,43.0,43,0.42424247,0.63724333,0,2,330455720150419589,2023-08-20,Rio de Janeiro,0.960219,6747815,1,0,0,30,,,,,683938,24.7,28.79,34.04,54.7,75.14,47.0,24.27,1.2209171,44.0,25.33,1.5911717,53.0,24.2,2.0350235,11.0,25.61,0.33959693,46.75,24.625,3.784189633918261,-0.08701137698963013,-0.022472855852058604,-0.2047944126460135,1.2992829841302607,4,28.96,30.66,28.99,30.46,27.7,1.0,40.2,13.6,69.86,63.14,69.43,66.43,63.0,48.0,74.0,101.0
2015-02-01,201505,63.0,63,63.0,63,0.9479994,0.93363553,0,1,330455720150519589,2023-08-20,Rio de Janeiro,1.3660953,6747815,0,0,0,55,,,,,683938,23.54,26.44,30.79,91.1,82.86,43.0,24.7,0.960219,47.0,24.27,1.2209171,44.0,25.33,1.5911717,53.0,24.2,2.0350235,49.25,24.459999999999997,4.1588830833596715,0.3746934494414105,0.28768207245178035,0.35222059358935187,0.16989903679539697,5,28.79,28.96,30.66,28.99,54.7,27.7,1.0,40.2,75.14,69.86,63.14,69.43,48.0,74.0,101.0,130.0
2015-02-08,201506,48.0,48,48.0,48,0.46040127,0.7113414,0,1,330455720150619589,2023-08-20,Rio de Janeiro,0.9800946,6747815,1,0,0,41,,,,,683938,24.93,29.41,34.8,46.6,75.29,63.0,23.54,1.3660953,43.0,24.7,0.960219,47.0,24.27,1.2209171,44.0,25.33,1.5911717,50.25,24.36,3.8918202981106265,-0.26706278524904503,0.10763066419236544,0.020619287202735315,0.08515780834030684,6,26.44,28.79,28.96,30.66,91.1,54.7,27.7,1.0,82.86,75.14,69.86,63.14,74.0,101.0,130.0,200.0
2015-02-15,201507,74.0,74,74.0,74,0.96311563,1.0966513,0,1,330455720150719589,2023-08-20,Rio de Janeiro,1.3732257,6747815,1,0,0,62,,,,,683938,24.29,28.31,33.46,66.5,77.0,48.0,24.93,0.9800946,63.0,23.54,1.3660953,43.0,24.7,0.960219,47.0,24.27,1.2209171,57.0,24.365,4.31748811353631,0.42566781542568366,0.15860503017663863,0.5332984796180491,0.446287102628419,7,29.41,26.44,28.79,28.96,46.6,91.1,54.7,27.7,75.29,82.86,75.14,69.86,101.0,130.0,200.0,277.0
2015-02-22,201508,101.0,101,101.0,101,0.9993846,1.4967808,0,2,330455720150819589,2023-08-20,Rio de Janeiro,1.6752869,6747815,1,0,0,95,,,,,683938,23.94,28.26,33.13,19.7,75.43,74.0,24.29,1.3732257,48.0,24.93,0.9800946,63.0,23.54,1.3660953,43.0,24.7,0.960219,71.5,24.174999999999997,4.624972813284271,0.30748469974796055,0.7331525151736442,0.4660897299245992,0.8407831793660097,8,28.31,29.41,26.44,28.79,66.5,46.6,91.1,54.7,77.0,75.29,82.86,75.14,130.0,200.0,277.0,306.0
2015-03-01,201509,130.0,130,130.0,130,0.9999206,1.9265496,0,2,330455720150919589,2023-08-20,Rio de Janeiro,1.7062036,6747815,1,0,0,124,,,,,683938,23.11,27.11,31.71,26.6,78.43,101.0,23.94,1.6752869,74.0,24.29,1.3732257,48.0,24.93,0.9800946,63.0,23.54,1.3660953,88.25,24.067500000000003,4.875197323201151,0.2502245099168805,0.557709209664841,0.9833770250905247,0.7163142398414797,9,28.26,28.31,29.41,26.44,19.7,66.5,46.6,91.1,75.43,77.0,75.29,82.86,200.0,277.0,306.0,399.0
2015-03-08,201510,200.0,200,200.0,200,1.0,2.9639225,0,2,330455720151019589,2023-08-20,Rio de Janeiro,1.9355465,6747815,1,0,0,182,,,,,683938,23.87,26.77,30.56,85.7,86.86,130.0,23.11,1.7062036,101.0,23.94,1.6752869,74.0,24.29,1.3732257,48.0,24.93,0.9800946,126.25,23.8025,5.303304908059076,0.42810758485792455,0.678332094774805,0.9858167945227656,1.4114846099484493,10,27.11,28.26,28.31,29.41,26.6,19.7,66.5,46.6,78.43,75.43,77.0,75.29,277.0,306.0,399.0,691.0
2015-03-15,201511,277.0,277,277.0,277,1.0,4.1050324,0,2,330455720151119589,2023-08-20,Rio de Janeiro,1.9253795,6747815,1,0,0,240,,,,,683938,23.56,26.57,30.46,36.8,84.71,200.0,23.87,1.9355465,130.0,23.11,1.7062036,101.0,23.94,1.6752869,74.0,24.29,1.3732257,177.0,23.62,5.627621113690637,0.32431620563156116,0.7524237904894857,1.0026483004063662,1.3101330001543268,11,26.77,27.11,28.26,28.31,85.7,26.6,19.7,66.5,86.86,78.43,75.43,77.0,306.0,399.0,691.0,864.0
2015-03-22,201512,306.0,306,306.0,306,0.99999875,4.5348015,0,2,330455720151219589,2023-08-20,Rio de Janeiro,1.5255809,6747815,1,0,0,262,,,,,683938,22.09,25.49,29.37,57.6,83.86,277.0,23.56,1.9253795,200.0,23.87,1.9355465,130.0,23.11,1.7062036,101.0,23.94,1.6752869,228.25,23.1575,5.726847747587197,0.09922663389655995,0.4235428395281211,0.8516504243860457,1.1018749343029262,12,26.57,26.77,27.11,28.26,36.8,85.7,26.6,19.7,84.71,86.86,78.43,75.43,399.0,691.0,864.0,1000.0
2015-03-29,201513,399.0,399,399.0,399,0.99999994,5.9130254,0,2,330455720151319589,2023-08-20,Rio de Janeiro,1.5231158,6747815,1,1,1,400,,,,,683938,22.74,25.91,30.23,50.3,81.71,306.0,22.09,1.5255809,277.0,23.56,1.9253795,200.0,23.87,1.9355465,130.0,23.11,1.7062036,295.5,23.065,5.991464547107982,0.2646167995207849,0.3638434334173448,0.688159639048906,1.1162672239068305,13,25.49,26.57,26.77,27.11,57.6,36.8,85.7,26.6,83.86,84.71,86.86,78.43,691.0,864.0,1000.0,1211.0
2015-04-05,201514,691.0,691,691.0,691,1.0,10.240352,0,3,330455720151419589,2023-08-20,Rio de Janeiro,2.066732,6747815,0,1,1,640,,,,,683938,21.03,24.49,28.91,18.3,80.0,399.0,22.74,1.5231158,306.0,22.09,1.5255809,277.0,23.56,1.9253795,200.0,23.87,1.9355465,418.25,22.355,6.539585955617669,0.5481214085096875,0.8127382080304724,0.9119648419270323,1.2362810475585935,14,25.91,25.49,26.57,26.77,50.3,57.6,36.8,85.7,81.71,83.86,84.71,86.86,864.0,1000.0,1211.0,1359.0
2015-04-12,201515,864.0,864,864.0,864,1.0,12.804145,0,3,330455720151519589,2023-08-20,Rio de Janeiro,1.8663713,6747815,1,1,1,792,,,,,683938,21.74,25.83,30.99,3.8,79.14,691.0,21.03,2.066732,399.0,22.74,1.5231158,306.0,22.09,1.5255809,277.0,23.56,1.9253795,565.0,21.9,6.762729506931879,0.2231435513142097,0.7712649598238972,1.035881759344682,1.135108393241242,15,24.49,25.91,25.49,26.57,18.3,50.3,57.6,36.8,80.0,81.71,83.86,84.71,1000.0,1211.0,1359.0,1598.0
2015-04-19,201516,1000.0,1000,1000.0,1000,1.0,14.819612,0,3,330455720151619589,2023-08-20,Rio de Janeiro,1.5312883,6747815,1,1,1,940,,,,,683938,22.99,25.81,29.79,42.6,83.86,864.0,21.74,1.8663713,691.0,21.03,2.066732,399.0,22.74,1.5231158,306.0,22.09,1.5255809,738.5,22.125,6.90875477931522,0.1460252723833415,0.3691688236975512,0.9172902322072387,1.1819070317280236,16,25.83,24.49,25.91,25.49,3.8,18.3,50.3,57.6,79.14,80.0,81.71,83.86,1211.0,1359.0,1598.0,1591.0
2015-04-26,201517,1211.0,1211,1211.0,1211,1.0,17.94655,0,3,330455720151719589,2023-08-20,Rio de Janeiro,1.4379389,6747815,0,1,1,1182,,,,,683938,19.77,22.76,26.41,13.9,85.86,1000.0,22.99,1.5312883,864.0,21.74,1.8663713,691.0,21.03,2.066732,399.0,22.74,1.5231158,941.5,21.3825,7.10002716662926,0.19127238731403917,0.3372976596973807,0.5604412110115904,1.1085626195212779,17,25.81,25.83,24.49,25.91,42.6,3.8,18.3,50.3,83.86,79.14,80.0,81.71,1359.0,1598.0,1591.0,1180.0
2015-05-03,201518,1359.0,1359,1359.0,1359,1.0,20.139853,0,3,330455720151819589,2023-08-20,Rio de Janeiro,1.3408679,6747815,0,1,1,1168,,,,,683938,20.09,23.03,26.84,20.4,82.0,1211.0,19.77,1.4379389,1000.0,22.99,1.5312883,864.0,21.74,1.8663713,691.0,21.03,2.066732,1108.5,21.1475,7.215239978730097,0.11521281210083778,0.30648519941487695,0.45251047179821846,0.6756540231124282,18,22.76,25.81,25.83,24.49,13.9,42.6,3.8,18.3,85.86,83.86,79.14,80.0,1598.0,1591.0,1180.0,976.0
2015-05-10,201519,1598.0,1598,1598.0,1598,1.0,23.68174,0,3,330455720151919589,2023-08-20,Rio de Janeiro,1.342891,6747815,0,1,1,1329,,,,,683938,18.8,22.21,26.44,12.3,83.0,1359.0,20.09,1.3408679,1211.0,19.77,1.4379389,1000.0,22.99,1.5312883,864.0,21.74,1.8663713,1292.0,20.4125,7.377133712833954,0.16189373410385688,0.27710654620469466,0.46837893351873383,0.6144042059020753,19,23.03,22.76,25.81,25.83,20.4,13.9,42.6,3.8,82.0,85.86,83.86,79.14,1591.0,1180.0,976.0,891.0
2015-05-17,201520,1591.0,1591,1591.0,1591,0.99998313,23.578003,0,3,330455720152019589,2023-08-20,Rio de Janeiro,1.164995,6747815,0,1,1,1361,,,,,683938,18.9,22.51,27.21,21.4,84.29,1598.0,18.8,1.342891,1359.0,20.09,1.3408679,1211.0,19.77,1.4379389,1000.0,22.99,1.5312883,1439.75,19.39,7.3727463664043285,-0.004387346429625794,0.15750638767423109,0.27271919977506887,0.46399158708910804,20,22.21,23.03,22.76,25.81,12.3,20.4,13.9,42.6,83.0,82.0,85.86,83.86,1180.0,976.0,891.0,959.0
2015-05-24,201521,1180.0,1180,1180.0,1180,1.6603781e-09,17.487143,0,3,330455720152119589,2023-08-20,Rio de Janeiro,0.7946319,6747815,0,0,1,1061,,,,,683938,19.09,23.57,29.84,8.3,79.86,1591.0,18.9,1.164995,1598.0,18.8,1.342891,1359.0,20.09,1.3408679,1211.0,19.77,1.4379389,1432.0,19.22,7.074116816197362,-0.29862955020696624,-0.30301689663659204,-0.14112316253273516,-0.025910350431897378,21,22.51,22.21,23.03,22.76,21.4,12.3,20.4,13.9,84.29,83.0,82.0,85.86,976.0,891.0,959.0,870.0
2015-05-31,201522,976.0,976,976.0,976,0.0,14.463942,0,1,330455720152219589,2023-08-20,Rio de Janeiro,0.6784926,6747815,0,0,1,947,,,,,683938,18.73,21.94,26.21,10.9,86.0,1180.0,19.09,0.7946319,1591.0,18.9,1.164995,1598.0,18.8,1.342891,1359.0,20.09,1.3408679,1336.25,18.88,6.884486652042782,-0.1896301641545799,-0.48825971436154614,-0.49264706079117193,-0.33075332668731505,22,23.57,22.51,22.21,23.03,8.3,21.4,12.3,20.4,79.86,84.29,83.0,82.0,891.0,959.0,870.0,436.0
2015-06-07,201523,891.0,891,891.0,891,5.5289107e-14,13.204274,0,1,330455720152319589,2023-08-20,Rio de Janeiro,0.72294396,6747815,0,0,1,824,,,,,683938,17.74,23.43,30.77,1.7,74.43,976.0,18.73,0.6784926,1180.0,19.09,0.7946319,1591.0,18.9,1.164995,1598.0,18.8,1.342891,1159.5,18.615000000000002,6.79346613258001,-0.09102051946277268,-0.28065068361735257,-0.5792802338243188,-0.5836675802539446,23,21.94,23.57,22.51,22.21,10.9,8.3,21.4,12.3,86.0,79.86,84.29,83.0,959.0,870.0,436.0,438.0
2015-06-14,201524,959.0,959,959.0,959,0.04344668,14.2120075,0,1,330455720152419589,2023-08-20,Rio de Janeiro,0.92618364,6747815,0,0,1,828,,,,,683938,18.94,22.26,26.87,27.4,83.0,891.0,17.74,0.72294396,976.0,18.73,0.6784926,1180.0,19.09,0.7946319,1591.0,18.9,1.164995,1001.5,18.625,6.866933284461882,0.07346715188187236,-0.017553367580900314,-0.2071835317354802,-0.5058130819424465,24,23.43,21.94,23.57,22.51,1.7,10.9,8.3,21.4,74.43,86.0,79.86,84.29,870.0,436.0,438.0,331.0
2015-06-21,201525,870.0,870,870.0,870,0.046161514,12.893063,0,1,330455720152519589,2023-08-20,Rio de Janeiro,0.92394024,6747815,0,0,1,508,,,,,683938,16.81,20.46,24.87,16.9,83.43,959.0,18.94,0.92618364,891.0,17.74,0.72294396,976.0,18.73,0.6784926,1180.0,19.09,0.7946319,924.0,18.055,6.769641976852503,-0.0972913076093791,-0.023824155727506735,-0.11484467519027941,-0.3044748393448593,25,22.26,23.43,21.94,23.57,27.4,1.7,10.9,8.3,83.0,74.43,86.0,79.86,436.0,438.0,331.0,327.0
2015-06-28,201526,436.0,436,436.0,436,0.0,6.461351,0,1,330455720152619589,2023-08-20,Rio de Janeiro,0.48968065,6747815,0,0,1,405,,,,,683938,18.2,22.27,27.67,9.4,80.57,870.0,16.81,0.92394024,959.0,18.94,0.92618364,891.0,17.74,0.72294396,976.0,18.73,0.6784926,789.0,17.9225,6.07993319509559,-0.689708781756913,-0.7870000893662921,-0.7135329374844197,-0.8045534569471924,26,20.46,22.26,23.43,21.94,16.9,27.4,1.7,10.9,83.43,83.0,74.43,86.0,438.0,331.0,327.0,260.0
2015-07-05,201527,438.0,438,438.0,438,0.0,6.49099,0,1,330455720152719589,2023-08-20,Rio de Janeiro,0.5756578,6747815,0,0,1,372,,,,,683938,18.06,21.3,25.49,7.0,82.14,436.0,18.2,0.48968065,870.0,16.81,0.92394024,959.0,18.94,0.92618364,891.0,17.74,0.72294396,675.75,18.002499999999998,6.0844994130751715,0.004566217979581566,-0.6851425637773314,-0.7824338713867105,-0.7089667195048381,27,22.27,20.46,22.26,23.43,9.4,16.9,27.4,1.7,80.57,83.43,83.0,74.43,331.0,327.0,260.0,255.0
2015-07-12,201528,331.0,331,331.0,331,2.220446e-15,4.9052916,0,1,330455720152819589,2023-08-20,Rio de Janeiro,0.5867067,6747815,0,0,0,283,,,,,683938,18.84,23.77,30.7,0.0,76.14,438.0,18.06,0.5756578,436.0,18.2,0.48968065,870.0,16.81,0.92394024,959.0,18.94,0.92618364,518.75,17.9775,5.805134968916488,-0.27936444415868333,-0.27479822617910177,-0.9645070079360147,-1.0617983155453938,28,21.3,22.27,20.46,22.26,7.0,9.4,16.9,27.4,82.14,80.57,83.43,83.0,327.0,260.0,255.0,475.0
2015-07-19,201529,327.0,327,327.0,327,9.629253e-05,4.846013,0,1,330455720152919589,2023-08-20,Rio de Janeiro,0.76165843,6747815,0,0,0,286,,,,,683938,18.44,22.14,27.5,14.3,79.0,331.0,18.84,0.5867067,438.0,18.06,0.5756578,436.0,18.2,0.48968065,870.0,16.81,0.92394024,383.0,18.384999999999998,5.793013608384144,-0.012121360532344028,-0.29148580469102736,-0.2869195867114458,-0.9766283684683588,29,23.77,21.3,22.27,20.46,0.0,7.0,9.4,16.9,76.14,82.14,80.57,83.43,260.0,255.0,475.0,184.0
2015-07-26,201530,260.0,260,260.0,260,3.44555e-05,3.853099,0,1,330455720153019589,2023-08-20,Rio de Janeiro,0.7247981,6747815,0,0,0,229,,,,,683938,19.3,22.81,27.3,16.5,84.57,327.0,18.44,0.76165843,331.0,18.84,0.5867067,438.0,18.06,0.5756578,436.0,18.2,0.48968065,339.0,18.66,5.564520407322694,-0.22849320106145043,-0.24061456159379446,-0.5199790057524778,-0.5154127877728962,30,22.14,23.77,21.3,22.27,14.3,0.0,7.0,9.4,79.0,76.14,82.14,80.57,255.0,475.0,184.0,178.0
2015-08-02,201531,255.0,255,255.0,255,0.007455453,3.779001,0,1,330455720153119589,2023-08-20,Rio de Janeiro,0.8148925,6747815,0,0,0,221,,,,,683938,16.79,22.99,30.59,0.0,72.43,260.0,19.3,0.7247981,327.0,18.44,0.76165843,331.0,18.84,0.5867067,438.0,18.06,0.5756578,293.25,18.3425,5.545177444479562,-0.019342962843131417,-0.24783616390458185,-0.2599575244369259,-0.5393219685956092,31,22.81,22.14,23.77,21.3,16.5,14.3,0.0,7.0,84.57,79.0,76.14,82.14,475.0,184.0,178.0,186.0
2015-08-09,201532,475.0,475,475.0,475,1.0,7.0393157,0,1,330455720153219589,2023-08-20,Rio de Janeiro,1.6375388,6747815,0,1,1,245,,,,,683938,17.01,22.19,28.21,0.5,74.43,255.0,16.79,0.8148925,260.0,19.3,0.7247981,327.0,18.44,0.76165843,331.0,18.84,0.5867067,329.25,17.884999999999998,6.16541785423142,0.6202404097518581,0.6008974469087267,0.37240424584727627,0.36028288531493224,32,22.99,22.81,22.14,23.77,0.0,16.5,14.3,0.0,72.43,84.57,79.0,76.14,184.0,178.0,186.0,135.0
2015-08-16,201533,184.0,184,184.0,184,7.870312e-09,2.7268085,0,1,330455720153319589,2023-08-20,Rio de Janeiro,0.59605885,6747815,0,0,0,149,,,,,683938,18.57,23.36,29.07,1.3,72.14,475.0,17.01,1.6375388,255.0,16.79,0.8148925,260.0,19.3,0.7247981,327.0,18.44,0.76165843,293.5,17.9175,5.220355825078324,-0.945062029153096,-0.3248216194012379,-0.3441645822443693,-0.5726577833058197,33,22.19,22.99,22.81,22.14,0.5,0.0,16.5,14.3,74.43,72.43,84.57,79.0,178.0,186.0,135.0,107.0
2015-08-23,201534,178.0,178,178.0,178,5.70457e-11,2.6378908,0,1,330455720153419589,2023-08-20,Rio de Janeiro,0.55475056,6747815,0,0,0,142,,,,,683938,18.61,22.13,26.51,18.2,83.0,184.0,18.57,0.59605885,475.0,17.01,1.6375388,255.0,16.79,0.8148925,260.0,19.3,0.7247981,273.0,17.745,5.187385805840755,-0.03297001923756948,-0.9780320483906655,-0.35779163863880736,-0.3771346014819388,34,23.36,22.19,22.99,22.81,1.3,0.5,0.0,16.5,72.14,74.43,72.43,84.57,186.0,135.0,107.0,117.0
2015-08-30,201535,186.0,186,186.0,186,0.0003922293,2.7564478,0,1,330455720153519589,2023-08-20,Rio de Janeiro,0.7253758,6747815,0,0,0,104,,,,,683938,18.59,22.73,28.16,23.3,77.86,178.0,18.61,0.55475056,184.0,18.57,0.59605885,475.0,17.01,1.6375388,255.0,16.79,0.8148925,255.75,18.195,5.231108616854587,0.04372281101383191,0.010752791776262427,-0.9343092373768336,-0.31406882762497546,35,22.13,23.36,22.19,22.99,18.2,1.3,0.5,0.0,83.0,72.14,74.43,72.43,135.0,107.0,117.0,121.0
2015-09-06,201536,135.0,135,135.0,135,0.00048654672,2.0006475,0,1,330455720153619589,2023-08-20,Rio de Janeiro,0.69358534,6747815,0,0,0,101,,,,,683938,19.73,22.34,25.53,93.8,87.71,186.0,18.59,0.7253758,178.0,18.61,0.55475056,184.0,18.57,0.59605885,475.0,17.01,1.6375388,170.75,18.875,4.912654885736052,-0.3184537311185345,-0.27473092010470257,-0.30770093934227205,-1.252762968495368,36,22.73,22.13,23.36,22.19,23.3,18.2,1.3,0.5,77.86,83.0,72.14,74.43,107.0,117.0,121.0,132.0
2015-09-13,201537,107.0,107,107.0,107,0.00011294264,1.5856985,0,1,330455720153719589,2023-08-20,Rio de Janeiro,0.63769764,6747815,0,0,0,81,,,,,683938,19.87,24.6,30.17,28.8,78.14,135.0,19.73,0.69358534,186.0,18.59,0.7253758,178.0,18.61,0.55475056,184.0,18.57,0.59605885,151.5,19.2,4.68213122712422,-0.23052365861183244,-0.5489773897303669,-0.505254578716535,-0.5382245979541045,37,22.34,22.73,22.13,23.36,93.8,23.3,18.2,1.3,87.71,77.86,83.0,72.14,117.0,121.0,132.0,109.0
2015-09-20,201538,117.0,117,117.0,117,0.06287351,1.7338946,0,1,330455720153819589,2023-08-20,Rio de Janeiro,0.82649666,6747815,1,0,0,90,,,,,683938,21.64,26.57,32.74,0.3,75.14,107.0,19.87,0.63769764,135.0,19.73,0.69358534,186.0,18.59,0.7253758,178.0,18.61,0.55475056,136.25,19.9575,4.770684624465665,0.08855339734144518,-0.14197026127038725,-0.46042399238892173,-0.4167011813750898,38,24.6,22.34,22.73,22.13,28.8,93.8,23.3,18.2,78.14,87.71,77.86,83.0,121.0,132.0,109.0,110.0
2015-09-27,201539,121.0,121,121.0,121,0.49864185,1.7931731,0,1,330455720153919589,2023-08-20,Rio de Janeiro,0.9995632,6747815,1,0,0,92,,,,,683938,23.06,26.13,30.5,12.7,80.14,117.0,21.64,0.82649666,107.0,19.87,0.63769764,135.0,19.73,0.69358534,186.0,18.59,0.7253758,120.0,21.075,4.804021044733257,0.03333642026759165,0.12188981760903683,-0.1086338410027956,-0.4270875721213301,39,26.57,24.6,22.34,22.73,0.3,28.8,93.8,23.3,75.14,78.14,87.71,77.86,132.0,109.0,110.0,116.0
2015-10-04,201540,132.0,132,132.0,132,0.8277467,1.9561888,0,1,330455720154019589,2023-08-20,Rio de Janeiro,1.1271495,6747815,0,0,0,92,,,,,683938,19.89,24.16,28.83,15.0,76.14,121.0,23.06,0.9995632,117.0,21.64,0.82649666,107.0,19.87,0.63769764,135.0,19.73,0.69358534,119.25,21.115,4.890349128221754,0.08632808348849697,0.11966450375608861,0.2082179010975338,-0.02230575751429864,40,26.13,26.57,24.6,22.34,12.7,0.3,28.8,93.8,80.14,75.14,78.14,87.71,109.0,110.0,116.0,155.0
2015-10-11,201541,109.0,109,109.0,109,0.21754123,1.6153377,0,1,330455720154119589,2023-08-20,Rio de Janeiro,0.90225637,6747815,1,0,0,79,,,,,683938,22.56,27.97,34.34,2.7,68.57,132.0,19.89,1.1271495,121.0,23.06,0.9995632,117.0,21.64,0.82649666,107.0,19.87,0.63769764,119.75,21.7875,4.700480365792417,-0.18986876242933715,-0.10354067894084018,-0.07020425867324853,0.018349138668196652,41,24.16,26.13,26.57,24.6,15.0,12.7,0.3,28.8,76.14,80.14,75.14,78.14,110.0,116.0,155.0,174.0
2015-10-18,201542,110.0,110,110.0,110,0.2329419,1.6301574,0,1,330455720154219589,2023-08-20,Rio de Janeiro,0.90862423,6747815,1,0,0,85,,,,,683938,21.84,24.97,29.8,17.6,77.71,109.0,22.56,0.90225637,132.0,19.89,1.1271495,121.0,23.06,0.9995632,117.0,21.64,0.82649666,118.0,21.8375,4.709530201312334,0.009049835519917337,-0.1808189269094198,-0.09449084342092284,-0.061154423153331194,42,27.97,24.16,26.13,26.57,2.7,15.0,12.7,0.3,68.57,76.14,80.14,75.14,116.0,155.0,174.0,200.0
2015-10-25,201543,116.0,116,116.0,116,0.5165344,1.719075,0,2,330455720154319589,2023-08-20,Rio de Janeiro,1.0054561,6747815,1,0,0,93,,,,,683938,21.83,25.01,29.4,22.6,80.57,110.0,21.84,0.90862423,109.0,22.56,0.90225637,132.0,19.89,1.1271495,121.0,23.06,0.9995632,116.75,21.53,4.762173934797756,0.052643733485422395,0.06169356900533973,-0.1281751934239974,-0.04184710993550045,43,24.97,27.97,24.16,26.13,17.6,2.7,15.0,12.7,77.71,68.57,76.14,80.14,155.0,174.0,200.0,211.0
2015-11-01,201544,155.0,155,155.0,155,0.99350166,2.2970397,0,2,330455720154419589,2023-08-20,Rio de Janeiro,1.3551967,6747815,1,0,0,115,,,,,683938,23.49,25.83,29.26,65.8,87.0,116.0,21.83,1.0054561,110.0,21.84,0.90862423,109.0,22.56,0.90225637,132.0,19.89,1.1271495,122.5,22.43,5.049856007249537,0.2876820724517808,0.3403258059372032,0.3493756414571205,0.15950687902778338,44,25.01,24.97,27.97,24.16,22.6,17.6,2.7,15.0,80.57,77.71,68.57,76.14,174.0,200.0,211.0,316.0
2015-11-08,201545,174.0,174,174.0,174,0.997141,2.5786126,0,2,330455720154519589,2023-08-20,Rio de Janeiro,1.3778864,6747815,1,0,0,138,,,,,683938,23.69,27.23,31.64,30.8,81.71,155.0,23.49,1.3551967,116.0,21.83,1.0054561,110.0,21.84,0.90862423,109.0,22.56,0.90225637,138.75,22.7125,5.1647859739235145,0.11492996667397737,0.40261203912575816,0.45525577261118055,0.4643056081310979,45,25.83,25.01,24.97,27.97,65.8,22.6,17.6,2.7,87.0,80.57,77.71,68.57,200.0,211.0,316.0,413.0
2015-11-15,201546,200.0,200,200.0,200,0.9967747,2.9639225,0,2,330455720154619589,2023-08-20,Rio de Janeiro,1.3400723,6747815,1,0,0,174,,,,,683938,23.83,26.5,30.16,47.5,82.86,174.0,23.69,1.3778864,155.0,23.49,1.3551967,116.0,21.83,1.0054561,110.0,21.84,0.90862423,161.25,23.209999999999997,5.303304908059076,0.13851893413556127,0.25344890080953864,0.5411309732613194,0.5937747067467418,46,27.23,25.83,25.01,24.97,30.8,65.8,22.6,17.6,81.71,87.0,80.57,77.71,211.0,316.0,413.0,446.0
2015-11-22,201547,211.0,211,211.0,211,0.9724114,3.126938,0,2,330455720154719589,2023-08-20,Rio de Janeiro,1.2163284,6747815,1,0,0,171,,,,,683938,22.17,25.1,28.87,60.6,83.43,200.0,23.83,1.3400723,174.0,23.69,1.3778864,155.0,23.49,1.3551967,116.0,21.83,1.0054561,185.0,23.294999999999998,5.356586274672012,0.05328136661293659,0.19180030074849785,0.3067302674224752,0.594412339874256,47,26.5,27.23,25.83,25.01,47.5,30.8,65.8,22.6,82.86,81.71,87.0,80.57,316.0,413.0,446.0,312.0
2015-11-29,201548,316.0,316,316.0,316,0.9999999,4.682997,0,2,330455720154819589,2023-08-20,Rio de Janeiro,1.5886909,6747815,1,0,0,281,,,,,683938,22.36,24.83,27.91,59.0,88.0,211.0,22.17,1.2163284,200.0,23.83,1.3400723,174.0,23.69,1.3778864,155.0,23.49,1.3551967,225.25,23.0125,5.75890177387728,0.402315499205268,0.4555968658182046,0.5941157999537658,0.7090457666277432,48,25.1,26.5,27.23,25.83,60.6,47.5,30.8,65.8,83.43,82.86,81.71,87.0,413.0,446.0,312.0,218.0
2015-12-06,201549,413.0,413,413.0,413,1.0,6.1204996,0,2,330455720154919589,2023-08-20,Rio de Janeiro,1.7106476,6747815,1,1,1,363,,,,,683938,23.4,26.49,30.3,56.0,83.14,316.0,22.36,1.5886909,211.0,22.17,1.2163284,200.0,23.83,1.3400723,174.0,23.69,1.3778864,285.0,22.939999999999998,6.025865973825314,0.2669641999480339,0.6692796991533019,0.7225610657662385,0.8610799999017997,49,24.83,25.1,26.5,27.23,59.0,60.6,47.5,30.8,88.0,83.43,82.86,81.71,446.0,312.0,218.0,550.0
2015-12-13,201550,446.0,446,446.0,446,0.9999994,6.609547,0,3,330455720155019589,2023-08-20,Rio de Janeiro,1.4261699,6747815,1,1,1,393,,,,,683938,24.81,29.26,34.19,16.7,74.43,413.0,23.4,1.7106476,316.0,22.36,1.5886909,211.0,22.17,1.2163284,200.0,23.83,1.3400723,346.5,23.185,6.102558594613569,0.076692620788255,0.3436568207362889,0.7459723199415569,0.7992536865544935,50,26.49,24.83,25.1,26.5,56.0,59.0,60.6,47.5,83.14,88.0,83.43,82.86,312.0,218.0,550.0,476.0
2015-12-20,201551,312.0,312,312.0,312,0.0057580424,4.6237187,0,3,330455720155119589,2023-08-20,Rio de Janeiro,0.82475966,6747815,1,0,0,280,,,,,683938,24.77,29.46,34.73,8.1,70.57,446.0,24.81,1.4261699,413.0,23.4,1.7106476,316.0,22.36,1.5886909,211.0,22.17,1.2163284,371.75,23.835,5.746203190540153,-0.35635540407341626,-0.27966278328516125,-0.012698583337127367,0.3896169158681406,51,29.26,26.49,24.83,25.1,16.7,56.0,59.0,60.6,74.43,83.14,88.0,83.43,218.0,550.0,476.0,470.0
2015-12-27,201552,218.0,218,218.0,218,5.8375527e-12,3.2306755,0,2,330455720155219589,2023-08-20,Rio de Janeiro,0.5689672,6747815,1,0,0,304,,,,,683938,25.24,29.56,35.54,39.8,71.57,312.0,24.77,0.82475966,446.0,24.81,1.4261699,413.0,23.4,1.7106476,316.0,22.36,1.5886909,347.25,24.555,5.389071729816501,-0.357131460723652,-0.7134868647970682,-0.6367942440088132,-0.36983004406077935,52,29.46,29.26,26.49,24.83,8.1,16.7,56.0,59.0,70.57,74.43,83.14,88.0,550.0,476.0,470.0,476.0
2016-01-03,201601,550.0,550,550.0,550,1.0,8.150786,0,2,330455720160119589,2023-08-20,Rio de Janeiro,1.6245233,6747815,1,1,1,486,,,,,683938,23.13,27.26,31.74,37.3,74.71,218.0,25.24,0.5689672,312.0,24.77,0.82475966,446.0,24.81,1.4261699,413.0,23.4,1.7106476,381.5,24.487499999999997,6.311734809152915,0.9226630793364139,0.5655316186127619,0.20917621453934565,0.28586883532760066,53,29.56,29.46,29.26,26.49,39.8,8.1,16.7,56.0,71.57,70.57,74.43,83.14,476.0,470.0,476.0,473.0
2016-01-10,201602,476.0,476,476.0,476,0.9999966,7.0541353,0,3,330455720160219589,2023-08-20,Rio de Janeiro,1.3709645,6747815,1,1,1,396,,,,,683938,24.77,27.63,31.3,139.8,83.57,550.0,23.13,1.6245233,218.0,25.24,0.5689672,312.0,24.77,0.82475966,446.0,24.81,1.4261699,389.0,24.4775,6.1675164908883415,-0.14421831826457332,0.7784447610718406,0.4213133003481886,0.06495789627477233,1,27.26,29.56,29.46,29.26,37.3,39.8,8.1,16.7,74.71,71.57,70.57,74.43,470.0,476.0,473.0,646.0
2016-01-17,201603,470.0,470,470.0,470,0.89967036,6.9652176,0,3,330455720160319589,2023-08-20,Rio de Janeiro,1.0889733,6747815,1,0,1,424,,,,,683938,21.76,23.86,26.34,91.6,87.86,476.0,24.77,1.3709645,550.0,23.13,1.6245233,218.0,25.24,0.5689672,312.0,24.77,0.82475966,428.5,23.724999999999998,6.154858094016418,-0.012658396871923827,-0.15687671513649715,0.7657863641999167,0.40865490347626476,2,27.63,27.26,29.56,29.46,139.8,37.3,39.8,8.1,83.57,74.71,71.57,70.57,476.0,473.0,646.0,889.0
2016-01-24,201604,476.0,476,476.0,476,0.50492364,7.0541353,0,2,330455720160419589,2023-08-20,Rio de Janeiro,1.0008001,6747815,1,0,1,430,,,,,683938,24.01,28.17,33.17,29.5,80.0,470.0,21.76,1.0889733,476.0,24.77,1.3709645,550.0,23.13,1.6245233,218.0,25.24,0.5689672,493.0,23.4175,6.1675164908883415,0.012658396871923827,0.0,-0.14421831826457332,0.7784447610718406,3,23.86,27.63,27.26,29.56,91.6,139.8,37.3,39.8,87.86,83.57,74.71,71.57,473.0,646.0,889.0,875.0
2016-01-31,201605,473.0,473,473.0,473,0.48573306,7.0096765,0,2,330455720160519589,2023-08-20,Rio de Janeiro,0.9976791,6747815,1,0,1,434,,,,,683938,23.89,29.13,34.83,0.8,73.14,476.0,24.01,1.0008001,470.0,21.76,1.0889733,476.0,24.77,1.3709645,550.0,23.13,1.6245233,473.75,23.6075,6.161207321695077,-0.00630916919326463,0.006349227678659197,-0.00630916919326463,-0.15052748745783795,4,28.17,23.86,27.63,27.26,29.5,91.6,139.8,37.3,80.0,87.86,83.57,74.71,646.0,889.0,875.0,1064.0
2016-02-07,201606,646.0,646,646.0,646,0.9999996,9.573469,0,2,330455720160619589,2023-08-20,Rio de Janeiro,1.3427005,6747815,1,1,1,555,,,,,683938,24.1,28.39,33.39,27.5,73.86,473.0,23.89,0.9976791,476.0,24.01,1.0008001,470.0,21.76,1.0889733,476.0,24.77,1.3709645,516.25,23.44,6.472346294500901,0.31113897280582403,0.3048298036125594,0.31748820048448323,0.3048298036125594,5,29.13,28.17,23.86,27.63,0.8,29.5,91.6,139.8,73.14,80.0,87.86,83.57,889.0,875.0,1064.0,1328.0
2016-02-14,201607,889.0,889,889.0,889,1.0,13.174635,0,3,330455720160719589,2023-08-20,Rio de Janeiro,1.6593621,6747815,1,1,1,757,,,,,683938,24.59,28.53,34.56,97.6,78.86,646.0,24.1,1.3427005,473.0,23.89,0.9976791,476.0,24.01,1.0008001,470.0,21.76,1.0889733,621.0,24.1475,6.7912214627261855,0.3188751682252846,0.6300141410311086,0.623704971837844,0.6363633687097678,6,28.39,29.13,28.17,23.86,27.5,0.8,29.5,91.6,73.86,73.14,80.0,87.86,875.0,1064.0,1328.0,1462.0
2016-02-21,201608,875.0,875,875.0,875,1.0,12.96716,0,3,330455720160819589,2023-08-20,Rio de Janeiro,1.3210137,6747815,1,1,1,738,,,,,683938,24.74,28.57,34.0,41.8,78.43,889.0,24.59,1.6593621,646.0,24.1,1.3427005,473.0,23.89,0.9976791,476.0,24.01,1.0008001,720.75,24.33,6.775366090936392,-0.015855371789793793,0.3030197964354908,0.6141587692413149,0.6078496000480502,7,28.53,28.39,29.13,28.17,97.6,27.5,0.8,29.5,78.86,73.86,73.14,80.0,1064.0,1328.0,1462.0,1877.0
2016-02-28,201609,1064.0,1064,1064.0,1064,1.0,15.768067,0,3,330455720160919589,2023-08-20,Rio de Janeiro,1.3170689,6747815,1,1,1,879,,,,,683938,23.69,26.79,31.01,94.8,82.29,875.0,24.74,1.3210137,889.0,24.59,1.6593621,646.0,24.1,1.3427005,473.0,23.89,0.9976791,868.5,24.28,6.970730078143525,0.19536398720713333,0.17950861541733953,0.49838378364262415,0.8095227564484482,8,28.57,28.53,28.39,29.13,41.8,97.6,27.5,0.8,78.43,78.86,73.86,73.14,1328.0,1462.0,1877.0,3127.0
2016-03-06,201610,1328.0,1328,1328.0,1328,1.0,19.680445,0,3,330455720161019589,2023-08-20,Rio de Janeiro,1.4273704,6747815,1,1,1,1063,,,,,683938,24.71,28.16,32.54,39.6,80.86,1064.0,23.69,1.3170689,875.0,24.74,1.3210137,889.0,24.59,1.6593621,646.0,24.1,1.3427005,1039.0,24.4325,7.192182058713246,0.2214519805697206,0.4168159677768539,0.40096059598706013,0.7198357642123447,9,26.79,28.57,28.53,28.39,94.8,41.8,97.6,27.5,82.29,78.43,78.86,73.86,1462.0,1877.0,3127.0,2968.0
2016-03-13,201611,1462.0,1462,1462.0,1462,1.0,21.666273,0,3,330455720161119589,2023-08-20,Rio de Janeiro,1.3444966,6747815,1,1,1,1218,,,,,683938,23.4,26.46,30.43,30.9,83.86,1328.0,24.71,1.4273704,1064.0,23.69,1.3170689,875.0,24.74,1.3210137,889.0,24.59,1.6593621,1182.25,24.134999999999998,7.288244401020124,0.09606234230687871,0.3175143228765993,0.5128783100837326,0.49702293829393884,10,28.16,26.79,28.57,28.53,39.6,94.8,41.8,97.6,80.86,82.29,78.43,78.86,1877.0,3127.0,2968.0,2863.0
2016-03-20,201612,1877.0,1877,1877.0,1877,1.0,27.816412,0,3,330455720161219589,2023-08-20,Rio de Janeiro,1.450963,6747815,1,1,1,1600,,,,,683938,23.57,27.33,32.11,40.7,81.29,1462.0,23.4,1.3444966,1328.0,24.71,1.4273704,1064.0,23.69,1.3170689,875.0,24.74,1.3210137,1432.75,23.8425,7.537962659768208,0.24971825874808395,0.34578060105496267,0.5672325816246833,0.7625965688318166,11,26.46,28.16,26.79,28.57,30.9,39.6,94.8,41.8,83.86,80.86,82.29,78.43,3127.0,2968.0,2863.0,2312.0
2016-03-27,201613,3127.0,3127,3127.0,3127,1.0,46.340927,0,3,330455720161319589,2023-08-20,Rio de Janeiro,1.9678502,6747815,1,1,2,2560,,,,,683938,24.33,27.81,32.69,25.5,82.57,1877.0,23.57,1.450963,1462.0,23.4,1.3444966,1328.0,24.71,1.4273704,1064.0,23.69,1.3170689,1948.5,24.0025,8.048149101665201,0.5101864418969928,0.7599047006450768,0.8559670429519555,1.077419023521676,12,27.33,26.46,28.16,26.79,40.7,30.9,39.6,94.8,81.29,83.86,80.86,82.29,2968.0,2863.0,2312.0,2254.0
2016-04-03,201614,2968.0,2968,2968.0,2968,1.0,43.984608,0,3,330455720161419589,2023-08-20,Rio de Janeiro,1.4160323,6747815,1,1,1,2307,,,,,683938,22.1,26.84,32.13,1.4,80.86,3127.0,24.33,1.9678502,1877.0,23.57,1.450963,1462.0,23.4,1.3444966,1328.0,24.71,1.4273704,2358.5,23.35,7.99598047476376,-0.05216862690144097,0.45801781499555183,0.7077360737436358,0.8037984160505145,13,27.81,27.33,26.46,28.16,25.5,40.7,30.9,39.6,82.57,81.29,83.86,80.86,2863.0,2312.0,2254.0,1339.0
2016-04-10,201615,2863.0,2863,2863.0,2863,0.99693316,42.42855,0,3,330455720161519589,2023-08-20,Rio de Janeiro,1.0765663,6747815,1,1,1,2262,,,,,683938,22.81,27.64,33.31,0.1,77.43,2968.0,22.1,1.4160323,3127.0,24.33,1.9678502,1877.0,23.57,1.450963,1462.0,23.4,1.3444966,2708.75,23.202499999999997,7.9599745280805365,-0.036005946683223655,-0.08817457358466463,0.4220118683123282,0.6717301270604121,14,26.84,27.81,27.33,26.46,1.4,25.5,40.7,30.9,80.86,82.57,81.29,83.86,2312.0,2254.0,1339.0,1232.0
2016-04-17,201616,2312.0,2312,2312.0,2312,6.217249e-15,34.262943,0,3,330455720161619589,2023-08-20,Rio de Janeiro,0.806617,6747815,1,0,1,1847,,,,,683938,22.87,28.04,34.07,0.2,71.57,2863.0,22.81,1.0765663,2968.0,22.1,1.4160323,3127.0,24.33,1.9678502,1877.0,23.57,1.450963,2817.5,23.0275,7.746300662231439,-0.2136738658490973,-0.24967981253232097,-0.30184843943376194,0.20833800246323086,15,27.64,26.84,27.81,27.33,0.1,1.4,25.5,40.7,77.43,80.86,82.57,81.29,2254.0,1339.0,1232.0,976.0
2016-04-24,201617,2254.0,2254,2254.0,2254,2.1000757e-11,33.403404,0,2,330455720161719589,2023-08-20,Rio de Janeiro,0.8290365,6747815,1,0,1,1785,,,,,683938,21.16,24.56,29.04,34.1,74.86,2312.0,22.87,0.806617,2863.0,22.81,1.0765663,2968.0,22.1,1.4160323,3127.0,24.33,1.9678502,2599.25,22.235,7.720905251936779,-0.02539541029466008,-0.2390692761437574,-0.27507522282698105,-0.327243849728422,16,28.04,27.64,26.84,27.81,0.2,0.1,1.4,25.5,71.57,77.43,80.86,82.57,1339.0,1232.0,976.0,503.0
2016-05-01,201618,1339.0,1339,1339.0,1339,0.0,19.84346,0,1,330455720161819589,2023-08-20,Rio de Janeiro,0.5562549,6747815,0,0,1,1107,,,,,683938,17.74,22.14,27.2,5.2,80.86,2254.0,21.16,0.8290365,2312.0,22.87,0.806617,2863.0,22.81,1.0765663,2968.0,22.1,1.4160323,2192.0,21.145000000000003,7.200424892944957,-0.5204803589918221,-0.5458757692864822,-0.7595496351355795,-0.7955555818188031,17,24.56,28.04,27.64,26.84,34.1,0.2,0.1,1.4,74.86,71.57,77.43,80.86,1232.0,976.0,503.0,540.0
2016-05-08,201619,1232.0,1232,1232.0,1232,0.0,18.257763,0,1,330455720161919589,2023-08-20,Rio de Janeiro,0.6107115,6747815,0,0,1,1009,,,,,683938,20.83,23.59,27.47,19.7,85.14,1339.0,17.74,0.5562549,2254.0,21.16,0.8290365,2312.0,22.87,0.806617,2863.0,22.81,1.0765663,1784.25,20.65,7.117205503164344,-0.08321938978061283,-0.6036997487724349,-0.629095159067095,-0.8427690249161923,18,22.14,24.56,28.04,27.64,5.2,34.1,0.2,0.1,80.86,74.86,71.57,77.43,976.0,503.0,540.0,508.0
2016-05-15,201620,976.0,976,976.0,976,0.0,14.463942,0,1,330455720162019589,2023-08-20,Rio de Janeiro,0.62232745,6747815,0,0,1,613,,,,,683938,20.13,23.24,26.87,16.5,84.14,1232.0,20.83,0.6107115,1339.0,17.74,0.5562549,2254.0,21.16,0.8290365,2312.0,22.87,0.806617,1450.25,19.965,6.884486652042782,-0.23271885112156188,-0.3159382409021747,-0.8364185998939968,-0.8618140101886569,19,23.59,22.14,24.56,28.04,19.7,5.2,34.1,0.2,85.14,80.86,74.86,71.57,503.0,540.0,508.0,314.0
2016-05-22,201621,503.0,503,503.0,503,0.0,7.4542646,0,1,330455720162119589,2023-08-20,Rio de Janeiro,0.41530907,6747815,0,0,1,419,,,,,683938,17.74,21.53,26.09,6.4,82.43,976.0,20.13,0.62232745,1232.0,20.83,0.6107115,1339.0,17.74,0.5562549,2254.0,21.16,0.8290365,1012.5,19.11,6.222576268071369,-0.6619103839714136,-0.8946292350929754,-0.9778486248735883,-1.4983289838654104,20,23.24,23.59,22.14,24.56,16.5,19.7,5.2,34.1,84.14,85.14,80.86,74.86,540.0,508.0,314.0,262.0
2016-05-29,201622,540.0,540,540.0,540,0.0,8.00259,0,1,330455720162219589,2023-08-20,Rio de Janeiro,0.5863581,6747815,0,0,1,427,,,,,683938,19.47,22.94,27.79,27.0,85.29,503.0,17.74,0.41530907,976.0,20.13,0.62232745,1232.0,20.83,0.6107115,1339.0,17.74,0.5562549,812.75,19.542499999999997,6.293419278846481,0.07084301077511235,-0.5910673731963012,-0.8237862243178631,-0.9070056140984759,21,21.53,23.24,23.59,22.14,6.4,16.5,19.7,5.2,82.43,84.14,85.14,80.86,508.0,314.0,262.0,234.0
2016-06-05,201623,508.0,508,508.0,508,1.5367395e-06,7.5283628,0,1,330455720162319589,2023-08-20,Rio de Janeiro,0.7608444,6747815,0,0,1,367,,,,,683938,18.17,20.26,23.16,17.2,83.29,540.0,19.47,0.5863581,503.0,17.74,0.41530907,976.0,20.13,0.62232745,1232.0,20.83,0.6107115,631.75,18.877499999999998,6.2324480165505225,-0.06097126229595862,0.00987174847915373,-0.6520386354922598,-0.8847574866138217,22,22.94,21.53,23.24,23.59,27.0,6.4,16.5,19.7,85.29,82.43,84.14,85.14,314.0,262.0,234.0,228.0
2016-06-12,201624,314.0,314,314.0,314,1.0658141e-14,4.653358,0,1,330455720162419589,2023-08-20,Rio de Janeiro,0.5865298,6747815,0,0,0,214,,,,,683938,12.77,18.01,24.23,0.0,77.43,508.0,18.17,0.7608444,540.0,19.47,0.5863581,503.0,17.74,0.41530907,976.0,20.13,0.62232745,466.25,17.0375,5.752572638825633,-0.4798753777248894,-0.540846640020848,-0.4700036292457357,-1.1319140132171492,23,20.26,22.94,21.53,23.24,17.2,27.0,6.4,16.5,83.29,85.29,82.43,84.14,262.0,234.0,228.0,187.0
2016-06-19,201625,262.0,262,262.0,262,1.9340085e-13,3.8827384,0,1,330455720162519589,2023-08-20,Rio de Janeiro,0.57569623,6747815,0,0,0,181,,,,,683938,17.33,19.9,23.66,11.2,86.14,314.0,12.77,0.5865298,508.0,18.17,0.7608444,540.0,19.47,0.5863581,503.0,17.74,0.41530907,406.0,16.935,5.572154032177765,-0.18041860664786835,-0.6602939843727578,-0.7212652466687164,-0.650422235893604,24,18.01,20.26,22.94,21.53,0.0,17.2,27.0,6.4,77.43,83.29,85.29,82.43,234.0,228.0,187.0,143.0
2016-06-26,201626,234.0,234,234.0,234,2.3941533e-07,3.4677892,0,1,330455720162619589,2023-08-20,Rio de Janeiro,0.65779114,6747815,0,0,0,146,,,,,683938,17.0,21.01,25.86,0.4,85.14,262.0,17.33,0.57569623,314.0,12.77,0.5865298,508.0,18.17,0.7608444,540.0,19.47,0.5863581,329.5,16.3175,5.459585514144159,-0.11256851803360579,-0.29298712468147414,-0.7728625024063636,-0.8338337647023222,25,19.9,18.01,20.26,22.94,11.2,0.0,17.2,27.0,86.14,77.43,83.29,85.29,228.0,187.0,143.0,133.0
2016-07-03,201627,228.0,228,228.0,228,0.01123272,3.3788714,0,1,330455720162719589,2023-08-20,Rio de Janeiro,0.81626177,6747815,0,0,0,132,,,,,683938,16.2,21.13,27.1,0.0,75.57,234.0,17.0,0.65779114,262.0,17.33,0.57569623,314.0,12.77,0.5865298,508.0,18.17,0.7608444,259.5,15.825,5.43372200355424,-0.02586351058991898,-0.13843202862352477,-0.3188506352713931,-0.7987260129962825,26,21.01,19.9,18.01,20.26,0.4,11.2,0.0,17.2,85.14,86.14,77.43,83.29,187.0,143.0,133.0,95.0
2016-07-10,201628,187.0,187,187.0,187,0.0042753317,2.7712674,0,1,330455720162819589,2023-08-20,Rio de Janeiro,0.77499455,6747815,0,0,0,119,,,,,683938,17.89,23.87,31.8,1.2,71.43,228.0,16.2,0.81626177,234.0,17.0,0.65779114,262.0,17.33,0.57569623,314.0,12.77,0.5865298,227.75,17.105,5.236441962829949,-0.19728004072429073,-0.2231435513142097,-0.3357120693478155,-0.5161306759956839,27,21.13,21.01,19.9,18.01,0.0,0.4,11.2,0.0,75.57,85.14,86.14,77.43,143.0,133.0,95.0,95.0
2016-07-17,201629,143.0,143,143.0,143,5.2601066e-05,2.1192045,0,1,330455720162919589,2023-08-20,Rio de Janeiro,0.66156155,6747815,0,0,0,94,,,,,683938,16.21,18.9,21.86,3.8,76.86,187.0,17.89,0.77499455,228.0,16.2,0.81626177,234.0,17.0,0.65779114,262.0,17.33,0.57569623,198.0,16.825000000000003,4.969813299576001,-0.2666286632539485,-0.46390870397823925,-0.4897722145681582,-0.602340732601764,28,23.87,21.13,21.01,19.9,1.2,0.0,0.4,11.2,71.43,75.57,85.14,86.14,133.0,95.0,95.0,74.0
2016-07-24,201630,133.0,133,133.0,133,0.0016055547,1.9710084,0,1,330455720163019589,2023-08-20,Rio de Janeiro,0.717399,6747815,0,0,0,95,,,,,683938,17.5,21.44,27.24,1.3,76.71,143.0,16.21,0.66156155,187.0,17.89,0.77499455,228.0,16.2,0.81626177,234.0,17.0,0.65779114,172.75,16.950000000000003,4.897839799950911,-0.07197349962508959,-0.3386021628790381,-0.5358822036033288,-0.5617457141932478,29,18.9,23.87,21.13,21.01,3.8,1.2,0.0,0.4,76.86,71.43,75.57,85.14,95.0,95.0,74.0,63.0
2016-07-31,201631,95.0,95,95.0,95,0.00010528931,1.4078631,0,1,330455720163119589,2023-08-20,Rio de Janeiro,0.62095135,6747815,0,0,0,61,,,,,683938,17.93,22.1,27.97,4.7,75.57,133.0,17.5,0.717399,143.0,16.21,0.66156155,187.0,17.89,0.77499455,228.0,16.2,0.81626177,139.5,17.3825,4.564348191467836,-0.333491608483075,-0.4054651081081646,-0.6720937713621131,-0.8693738120864039,30,21.44,18.9,23.87,21.13,1.3,3.8,1.2,0.0,76.71,76.86,71.43,75.57,95.0,74.0,63.0,64.0
2016-08-07,201632,95.0,95,95.0,95,0.015767604,1.4078631,0,1,330455720163219589,2023-08-20,Rio de Janeiro,0.7485267,6747815,0,0,0,45,,,,,683938,17.14,21.07,25.83,9.6,77.71,95.0,17.93,0.62095135,133.0,17.5,0.717399,143.0,16.21,0.66156155,187.0,17.89,0.77499455,116.5,17.195,4.564348191467836,0.0,-0.333491608483075,-0.4054651081081646,-0.6720937713621131,31,22.1,21.44,18.9,23.87,4.7,1.3,3.8,1.2,75.57,76.71,76.86,71.43,74.0,63.0,64.0,48.0
2016-08-14,201633,74.0,74,74.0,74,0.008828992,1.0966513,0,1,330455720163319589,2023-08-20,Rio de Janeiro,0.7004624,6747815,0,0,0,57,,,,,683938,19.06,24.26,31.16,4.6,73.57,95.0,17.14,0.7485267,95.0,17.93,0.62095135,133.0,17.5,0.717399,143.0,16.21,0.66156155,99.25,17.9075,4.31748811353631,-0.24686007793152598,-0.24686007793152598,-0.580351686414601,-0.6523251860396906,32,21.07,22.1,21.44,18.9,9.6,4.7,1.3,3.8,77.71,75.57,76.71,76.86,63.0,64.0,48.0,50.0
2016-08-21,201634,63.0,63,63.0,63,0.014006051,0.93363553,0,1,330455720163419589,2023-08-20,Rio de Janeiro,0.6997363,6747815,0,0,0,38,,,,,683938,15.79,20.23,25.57,13.0,77.0,74.0,19.06,0.7004624,95.0,17.14,0.7485267,95.0,17.93,0.62095135,133.0,17.5,0.717399,81.75,17.48,4.1588830833596715,-0.15860503017663863,-0.4054651081081646,-0.4054651081081646,-0.7389567165912396,33,24.26,21.07,22.1,21.44,4.6,9.6,4.7,1.3,73.57,77.71,75.57,76.71,64.0,48.0,50.0,47.0
2016-08-28,201635,64.0,64,64.0,64,0.13686503,0.94845515,0,1,330455720163519589,2023-08-20,Rio de Janeiro,0.8317465,6747815,0,0,0,47,,,,,683938,19.73,24.3,30.07,22.1,74.71,63.0,15.79,0.6997363,74.0,19.06,0.7004624,95.0,17.14,0.7485267,95.0,17.93,0.62095135,74.0,17.93,4.174387269895637,0.015504186535965303,-0.14310084364067333,-0.3899609215721993,-0.3899609215721993,34,20.23,24.26,21.07,22.1,13.0,4.6,9.6,4.7,77.0,73.57,77.71,75.57,48.0,50.0,47.0,32.0
2016-09-04,201636,48.0,48,48.0,48,0.039619915,0.7113414,0,1,330455720163619589,2023-08-20,Rio de Janeiro,0.7198013,6747815,0,0,0,38,,,,,683938,20.76,23.96,28.07,4.4,76.71,64.0,19.73,0.8317465,63.0,15.79,0.6997363,74.0,19.06,0.7004624,95.0,17.14,0.7485267,62.25,18.835,3.8918202981106265,-0.28256697178501033,-0.26706278524904503,-0.42566781542568366,-0.6725278933572096,35,24.3,20.23,24.26,21.07,22.1,13.0,4.6,9.6,74.71,77.0,73.57,77.71,50.0,47.0,32.0,34.0
2016-09-11,201637,50.0,50,50.0,50,0.18042967,0.7409806,0,1,330455720163719589,2023-08-20,Rio de Janeiro,0.8400555,6747815,1,0,0,41,,,,,683938,20.91,25.04,30.27,0.0,69.43,48.0,20.76,0.7198013,64.0,19.73,0.8317465,63.0,15.79,0.6997363,74.0,19.06,0.7004624,56.25,19.2975,3.9318256327243257,0.04000533461369926,-0.24256163717131107,-0.22705745063534577,-0.3856624808119844,36,23.96,24.3,20.23,24.26,4.4,22.1,13.0,4.6,76.71,74.71,77.0,73.57,47.0,32.0,34.0,39.0
2016-09-18,201638,47.0,47,47.0,47,0.27291235,0.69652176,0,1,330455720163819589,2023-08-20,Rio de Janeiro,0.8865631,6747815,0,0,0,35,,,,,683938,18.7,22.73,27.27,19.2,76.29,50.0,20.91,0.8400555,48.0,20.76,0.7198013,64.0,19.73,0.8317465,63.0,15.79,0.6997363,52.25,20.025000000000002,3.871201010907891,-0.060624621816434576,-0.020619287202735315,-0.30318625898774565,-0.28768207245178035,37,25.04,23.96,24.3,20.23,0.0,4.4,22.1,13.0,69.43,76.71,74.71,77.0,32.0,34.0,39.0,63.0
2016-09-25,201639,32.0,32,32.0,32,0.03245838,0.47422758,0,1,330455720163919589,2023-08-20,Rio de Janeiro,0.6610653,6747815,0,0,0,19,,,,,683938,18.49,21.07,24.09,28.1,82.14,47.0,18.7,0.8865631,50.0,20.91,0.8400555,48.0,20.76,0.7198013,64.0,19.73,0.8317465,44.25,19.715,3.4965075614664802,-0.3746934494414109,-0.4353180712578455,-0.39531273664414623,-0.6778797084291566,38,22.73,25.04,23.96,24.3,19.2,0.0,4.4,22.1,76.29,69.43,76.71,74.71,34.0,39.0,63.0,54.0
2016-10-02,201640,34.0,34,34.0,34,0.14320257,0.5038668,0,1,330455720164019589,2023-08-20,Rio de Janeiro,0.78501403,6747815,0,0,0,27,,,,,683938,18.74,21.47,24.61,56.8,83.57,32.0,18.49,0.6610653,47.0,18.7,0.8865631,50.0,20.91,0.8400555,48.0,20.76,0.7198013,40.75,19.209999999999997,3.5553480614894135,0.058840500022933284,-0.31585294941847764,-0.3764775712349122,-0.33647223662121295,39,21.07,22.73,25.04,23.96,28.1,19.2,0.0,4.4,82.14,76.29,69.43,76.71,39.0,63.0,54.0,37.0
2016-10-09,201641,39.0,39,39.0,39,0.5733653,0.57796484,0,1,330455720164119589,2023-08-20,Rio de Janeiro,1.0429937,6747815,0,0,0,28,,,,,683938,20.9,24.74,29.21,15.8,77.29,34.0,18.74,0.78501403,32.0,18.49,0.6610653,47.0,18.7,0.8865631,50.0,20.91,0.8400555,38.0,19.2075,3.6888794541139363,0.13353139262452274,0.19237189264745602,-0.1823215567939549,-0.24294617861038947,40,21.47,21.07,22.73,25.04,56.8,28.1,19.2,0.0,83.57,82.14,76.29,69.43,63.0,54.0,37.0,65.0
2016-10-16,201642,63.0,63,63.0,63,0.9958121,0.93363553,0,1,330455720164219589,2023-08-20,Rio de Janeiro,1.7068048,6747815,1,0,0,46,,,,,683938,23.86,27.47,32.27,7.1,77.43,39.0,20.9,1.0429937,34.0,18.74,0.78501403,32.0,18.49,0.6610653,47.0,18.7,0.8865631,42.0,20.4975,4.1588830833596715,0.47000362924573524,0.603535021870258,0.6623755218931913,0.28768207245178035,41,24.74,21.47,21.07,22.73,15.8,56.8,28.1,19.2,77.29,83.57,82.14,76.29,54.0,37.0,65.0,72.0
2016-10-23,201643,54.0,54,54.0,54,0.84786695,0.80025905,0,1,330455720164319589,2023-08-20,Rio de Janeiro,1.2303993,6747815,1,0,0,47,,,,,683938,21.83,25.01,29.21,25.1,78.0,63.0,23.86,1.7068048,39.0,20.9,1.0429937,34.0,18.74,0.78501403,32.0,18.49,0.6610653,47.5,21.3325,4.007333185232471,-0.15154989812720032,0.3184537311185349,0.45198512374305766,0.5108256237659909,42,27.47,24.74,21.47,21.07,7.1,15.8,56.8,28.1,77.43,77.29,83.57,82.14,37.0,65.0,72.0,107.0
2016-10-30,201644,37.0,37,37.0,37,0.058928214,0.54832566,0,1,330455720164419589,2023-08-20,Rio de Janeiro,0.71680164,6747815,0,0,0,34,,,,,683938,20.86,24.53,28.74,56.7,76.57,54.0,21.83,1.2303993,63.0,23.86,1.7068048,39.0,20.9,1.0429937,34.0,18.74,0.78501403,48.25,21.8625,3.6375861597263857,-0.3697470255060855,-0.5212969236332858,-0.05129329438755059,0.08223809823697215,43,25.01,27.47,24.74,21.47,25.1,7.1,15.8,56.8,78.0,77.43,77.29,83.57,65.0,72.0,107.0,133.0
2016-11-06,201645,65.0,65,65.0,65,0.8953836,0.9632748,0,1,330455720164519589,2023-08-20,Rio de Janeiro,1.2618896,6747815,1,0,0,53,,,,,683938,22.33,26.04,30.69,51.6,79.0,37.0,20.86,0.71680164,54.0,21.83,1.2303993,63.0,23.86,1.7068048,39.0,20.9,1.0429937,54.75,22.22,4.189654742026425,0.5520685823000395,0.182321556793954,0.030771658666753687,0.5007752879124889,44,24.53,25.01,27.47,24.74,56.7,25.1,7.1,15.8,76.57,78.0,77.43,77.29,72.0,107.0,133.0,127.0
2016-11-13,201646,72.0,72,72.0,72,0.97144926,1.0670121,0,1,330455720164619589,2023-08-20,Rio de Janeiro,1.411167,6747815,0,0,0,64,,,,,683938,21.33,23.67,26.24,123.3,85.0,65.0,22.33,1.2618896,37.0,20.86,0.71680164,54.0,21.83,1.2303993,63.0,23.86,1.7068048,57.0,21.5875,4.290459441148391,0.10080469912196577,0.6528732814220053,0.2831262559159198,0.13157635778871946,45,26.04,24.53,25.01,27.47,51.6,56.7,25.1,7.1,79.0,76.57,78.0,77.43,107.0,133.0,127.0,102.0
2016-11-20,201647,107.0,107,107.0,107,0.99981135,1.5856985,0,1,330455720164719589,2023-08-20,Rio de Janeiro,1.7459958,6747815,0,0,0,82,,,,,683938,20.61,24.19,28.31,7.2,78.86,72.0,21.33,1.411167,65.0,22.33,1.2618896,37.0,20.86,0.71680164,54.0,21.83,1.2303993,70.25,21.2825,4.68213122712422,0.39167178597582897,0.49247648509779474,1.0445450673978343,0.6747980418917487,46,23.67,26.04,24.53,25.01,123.3,51.6,56.7,25.1,85.0,79.0,76.57,78.0,133.0,127.0,102.0,135.0
2016-11-27,201648,133.0,133,133.0,133,0.9998816,1.9710084,0,1,330455720164819589,2023-08-20,Rio de Janeiro,1.6673126,6747815,1,0,0,118,,,,,683938,22.06,25.8,29.87,15.9,76.43,107.0,20.61,1.7459958,72.0,21.33,1.411167,65.0,22.33,1.2618896,37.0,20.86,0.71680164,94.25,21.582499999999996,4.897839799950911,0.2157085728266912,0.6073803588025202,0.7081850579244859,1.2602536402245255,47,24.19,23.67,26.04,24.53,7.2,123.3,51.6,56.7,78.86,85.0,79.0,76.57,127.0,102.0,135.0,252.0
2016-12-04,201649,127.0,127,127.0,127,0.9450684,1.8820907,0,1,330455720164919589,2023-08-20,Rio de Janeiro,1.2350675,6747815,1,0,0,116,,,,,683938,22.44,26.33,31.3,52.1,77.86,133.0,22.06,1.6673126,107.0,20.61,1.7459958,72.0,21.33,1.411167,65.0,22.33,1.2618896,109.75,21.61,4.852030263919617,-0.04580953603129423,0.16989903679539697,0.5615708227712259,0.6623755218931917,48,25.8,24.19,23.67,26.04,15.9,7.2,123.3,51.6,76.43,78.86,85.0,79.0,102.0,135.0,252.0,196.0
2016-12-11,201650,102.0,102,102.0,102,0.12097363,1.5116004,0,2,330455720165019589,2023-08-20,Rio de Janeiro,0.85450035,6747815,1,0,0,97,,,,,683938,22.86,25.66,29.13,102.7,83.29,127.0,22.44,1.2350675,133.0,22.06,1.6673126,107.0,20.61,1.7459958,72.0,21.33,1.411167,117.25,21.9925,4.634728988229636,-0.21730127568998103,-0.26311081172127526,-0.04740223889458406,0.3442695470812449,49,26.33,25.8,24.19,23.67,52.1,15.9,7.2,123.3,77.86,76.43,78.86,85.0,135.0,252.0,196.0,213.0
2016-12-18,201651,135.0,135,135.0,135,0.8110139,2.0006475,0,2,330455720165119589,2023-08-20,Rio de Janeiro,1.116418,6747815,1,0,0,123,,,,,683938,23.67,28.23,33.49,18.9,73.71,102.0,22.86,0.85450035,127.0,22.44,1.2350675,133.0,22.06,1.6673126,107.0,20.61,1.7459958,124.25,22.7575,4.912654885736052,0.2779258975064165,0.060624621816435464,0.014815085785141235,0.23052365861183244,50,25.66,26.33,25.8,24.19,102.7,52.1,15.9,7.2,83.29,77.86,76.43,78.86,252.0,196.0,213.0,219.0
2016-12-25,201652,252.0,252,252.0,252,1.0,3.7345421,0,2,330455720165219589,2023-08-20,Rio de Janeiro,2.0102282,6747815,1,0,0,96,,,,,683938,25.26,30.41,36.1,3.7,68.86,135.0,23.67,1.116418,102.0,22.86,0.85450035,127.0,22.44,1.2350675,133.0,22.06,1.6673126,154.0,23.557499999999997,5.53338948872752,0.620734602991468,0.8986605004978845,0.6813592248079035,0.6355496887766092,51,28.23,25.66,26.33,25.8,18.9,102.7,52.1,15.9,73.71,83.29,77.86,76.43,196.0,213.0,219.0,282.0
2017-01-01,201701,196.0,196,196.0,196,0.9797643,2.904644,0,2,330455720170119589,2023-08-20,Rio de Janeiro,1.243988,6747815,1,0,0,150,,,,,683938,25.53,29.66,34.79,53.7,74.29,252.0,25.26,2.0102282,135.0,23.67,1.116418,102.0,22.86,0.85450035,127.0,22.44,1.2350675,171.25,24.33,5.2832037287379885,-0.25018575998953185,0.37054884300193613,0.6484747405083526,0.4311734648183716,52,30.41,28.23,25.66,26.33,3.7,18.9,102.7,52.1,68.86,73.71,83.29,77.86,213.0,219.0,282.0,237.0
2017-01-08,201702,213.0,213,213.0,213,0.7672995,3.1565773,0,2,330455720170219589,2023-08-20,Rio de Janeiro,1.0745976,6747815,1,0,0,181,,,,,683938,25.01,28.34,32.6,78.2,79.86,196.0,25.53,1.243988,252.0,25.26,2.0102282,135.0,23.67,1.116418,102.0,22.86,0.85450035,199.0,24.8675,5.365976015021851,0.08277228628386268,-0.16741347370566917,0.4533211292857988,0.7312470267922153,1,29.66,30.41,28.23,25.66,53.7,3.7,18.9,102.7,74.29,68.86,73.71,83.29,219.0,282.0,237.0,236.0
2017-01-15,201703,219.0,219,219.0,219,0.66303074,3.245495,0,2,330455720170319589,2023-08-20,Rio de Janeiro,1.0414134,6747815,1,0,0,172,,,,,683938,24.9,28.51,33.29,27.5,77.43,213.0,25.01,1.0745976,196.0,25.53,1.243988,252.0,25.26,2.0102282,135.0,23.67,1.116418,220.0,25.175,5.393627546352362,0.027651531330510792,0.11042381761437348,-0.13976194237515838,0.4809726606163096,2,28.34,29.66,30.41,28.23,78.2,53.7,3.7,18.9,79.86,74.29,68.86,73.71,282.0,237.0,236.0,223.0
2017-01-22,201704,282.0,282,282.0,282,0.99873775,4.1791306,0,2,330455720170419589,2023-08-20,Rio de Janeiro,1.3126299,6747815,1,0,0,223,,,,,683938,25.06,29.14,34.44,18.6,75.57,219.0,24.9,1.0414134,213.0,25.01,1.0745976,196.0,25.53,1.243988,252.0,25.26,2.0102282,227.5,25.125,5.645446897643238,0.25181935129087574,0.27947088262138653,0.3622431689052492,0.11205740891571736,3,28.51,28.34,29.66,30.41,27.5,78.2,53.7,3.7,77.43,79.86,74.29,68.86,237.0,236.0,223.0,115.0
2017-01-29,201705,237.0,237,237.0,237,0.5975572,3.512248,0,2,330455720170519589,2023-08-20,Rio de Janeiro,1.0230643,6747815,1,0,0,195,,,,,683938,24.69,28.27,33.29,57.0,76.0,282.0,25.06,1.3126299,219.0,24.9,1.0414134,213.0,25.01,1.0745976,196.0,25.53,1.243988,237.75,24.915,5.472270673671475,-0.1731762239717627,0.07864312731911305,0.10629465864962384,0.18906694493348652,4,29.14,28.51,28.34,29.66,18.6,27.5,78.2,53.7,75.57,77.43,79.86,74.29,236.0,223.0,115.0,131.0
2017-02-05,201706,236.0,236,236.0,236,0.29278275,3.4974284,0,2,330455720170619589,2023-08-20,Rio de Janeiro,0.9516709,6747815,1,0,0,181,,,,,683938,24.4,27.96,32.29,37.4,77.86,237.0,24.69,1.0230643,282.0,25.06,1.3126299,219.0,24.9,1.0414134,213.0,25.01,1.0745976,243.5,24.7625,5.4680601411351315,-0.004210532536343514,-0.1773867565081062,0.07443259478276953,0.10208412611328033,5,28.27,29.14,28.51,28.34,57.0,18.6,27.5,78.2,76.0,75.57,77.43,79.86,223.0,115.0,131.0,135.0
2017-02-12,201707,223.0,223,223.0,223,0.15730411,3.3047736,0,2,330455720170719589,2023-08-20,Rio de Janeiro,0.9112278,6747815,1,0,0,186,,,,,683938,24.09,29.09,34.67,0.1,69.14,236.0,24.4,0.9516709,237.0,24.69,1.0230643,282.0,25.06,1.3126299,219.0,24.9,1.0414134,244.5,24.56,5.4116460518550396,-0.05641408928009195,-0.060624621816435464,-0.23380084578819815,0.018018505502677584,6,27.96,28.27,29.14,28.51,37.4,57.0,18.6,27.5,77.86,76.0,75.57,77.43,115.0,131.0,135.0,159.0
2017-02-19,201708,115.0,115,115.0,115,3.599765e-10,1.7042553,0,2,330455720170819589,2023-08-20,Rio de Janeiro,0.5046279,6747815,1,0,0,95,,,,,683938,24.04,28.57,34.0,7.0,70.71,223.0,24.09,0.9112278,236.0,24.4,0.9516709,237.0,24.69,1.0230643,282.0,25.06,1.3126299,202.75,24.305,4.7535901911063645,-0.6580558607486751,-0.714469950028767,-0.7186804825651105,-0.8918567065368732,7,29.09,27.96,28.27,29.14,0.1,37.4,57.0,18.6,69.14,77.86,76.0,75.57,131.0,135.0,159.0,134.0
2017-02-26,201709,131.0,131,131.0,131,0.00018331321,1.9413692,0,2,330455720170919589,2023-08-20,Rio de Janeiro,0.67164356,6747815,1,0,0,117,,,,,683938,24.2,27.9,33.03,48.6,77.71,115.0,24.04,0.5046279,223.0,24.09,0.9112278,236.0,24.4,0.9516709,237.0,24.69,1.0230643,176.25,24.182499999999997,4.882801922586371,0.1292117314800061,-0.528844129268669,-0.5852582185487609,-0.5894687510851044,8,28.57,29.09,27.96,28.27,7.0,0.1,37.4,57.0,70.71,69.14,77.86,76.0,135.0,159.0,134.0,123.0
2017-03-05,201710,135.0,135,135.0,135,0.14852108,2.0006475,0,2,330455720171019589,2023-08-20,Rio de Janeiro,0.8843467,6747815,1,0,0,118,,,,,683938,24.77,28.21,33.01,59.6,81.14,131.0,24.2,0.67164356,115.0,24.04,0.5046279,223.0,24.09,0.9112278,236.0,24.4,0.9516709,151.0,24.275,4.912654885736052,0.029852963149681777,0.15906469462968786,-0.4989911661189872,-0.5554052553990791,9,27.9,28.57,29.09,27.96,48.6,7.0,0.1,37.4,77.71,70.71,69.14,77.86,159.0,134.0,123.0,129.0
2017-03-12,201711,159.0,159,159.0,159,0.9244415,2.3563182,0,2,330455720171119589,2023-08-20,Rio de Janeiro,1.1825366,6747815,1,0,0,144,,,,,683938,23.7,27.2,31.53,85.3,81.0,135.0,24.77,0.8843467,131.0,24.2,0.67164356,115.0,24.04,0.5046279,223.0,24.09,0.9112278,135.0,24.1775,5.075173815233827,0.16251892949777424,0.19237189264745602,0.3215836241274621,-0.33647223662121295,10,28.21,27.9,28.57,29.09,59.6,48.6,7.0,0.1,81.14,77.71,70.71,69.14,134.0,123.0,129.0,95.0
2017-03-19,201712,134.0,134,134.0,134,0.39258537,1.985828,0,1,330455720171219589,2023-08-20,Rio de Janeiro,0.96755993,6747815,0,0,0,113,,,,,683938,20.71,24.2,28.46,61.8,82.57,159.0,23.7,1.1825366,135.0,24.77,0.8843467,131.0,24.2,0.67164356,115.0,24.04,0.5046279,139.75,23.345,4.90527477843843,-0.16989903679539697,-0.007380107297622729,0.022472855852059048,0.15168458733206514,11,27.2,28.21,27.9,28.57,85.3,59.6,48.6,7.0,81.0,81.14,77.71,70.71,123.0,129.0,95.0,86.0
2017-03-26,201713,123.0,123,123.0,123,0.1120885,1.8228123,0,1,330455720171319589,2023-08-20,Rio de Janeiro,0.8614923,6747815,0,0,0,108,,,,,683938,20.47,23.91,27.99,21.4,82.14,134.0,20.71,0.96755993,159.0,23.7,1.1825366,135.0,24.77,0.8843467,131.0,24.2,0.67164356,137.75,22.4125,4.820281565605037,-0.08499321283339256,-0.25489224962878954,-0.09237332013101529,-0.06252035698133351,12,24.2,27.2,28.21,27.9,61.8,85.3,59.6,48.6,82.57,81.0,81.14,77.71,129.0,95.0,86.0,87.0
2017-04-02,201714,129.0,129,129.0,129,0.3214302,1.9117299,0,1,330455720171419589,2023-08-20,Rio de Janeiro,0.94475096,6747815,1,0,0,118,,,,,683938,21.61,25.7,30.57,41.4,82.86,123.0,20.47,0.8614923,134.0,20.71,0.96755993,159.0,23.7,1.1825366,135.0,24.77,0.8843467,136.25,21.6225,4.867534450455582,0.04725288485054513,-0.03774032798284743,-0.2076393647782444,-0.04512043528047016,13,23.91,24.2,27.2,28.21,21.4,61.8,85.3,59.6,82.14,82.57,81.0,81.14,95.0,86.0,87.0,95.0
2017-04-09,201715,95.0,95,95.0,95,0.015467891,1.4078631,0,1,330455720171519589,2023-08-20,Rio de Janeiro,0.7478083,6747815,1,0,0,82,,,,,683938,22.59,25.41,29.23,23.0,86.71,129.0,21.61,0.94475096,123.0,20.47,0.8614923,134.0,20.71,0.96755993,159.0,23.7,1.1825366,120.25,21.345,4.564348191467836,-0.3031862589877461,-0.25593337413720096,-0.3409265869705935,-0.5108256237659905,14,25.7,23.91,24.2,27.2,41.4,21.4,61.8,85.3,82.86,82.14,82.57,81.0,86.0,87.0,95.0,86.0
2017-04-16,201716,86.0,86,86.0,86,0.0149122225,1.2744867,0,2,330455720171619589,2023-08-20,Rio de Janeiro,0.73621243,6747815,1,0,0,81,,,,,683938,20.81,24.2,28.39,6.5,81.29,95.0,22.59,0.7478083,129.0,21.61,0.94475096,123.0,20.47,0.8614923,134.0,20.71,0.96755993,108.25,21.369999999999997,4.465908118654584,-0.0984400728132524,-0.4016263318009985,-0.35437344695045336,-0.4393666597838459,15,25.41,25.7,23.91,24.2,23.0,41.4,21.4,61.8,86.71,82.86,82.14,82.57,87.0,95.0,86.0,52.0
2017-04-23,201717,87.0,87,87.0,87,0.13886528,1.2893063,0,1,330455720171719589,2023-08-20,Rio de Janeiro,0.8539737,6747815,0,0,0,79,,,,,683938,20.21,23.09,26.36,23.0,85.71,86.0,20.81,0.73621243,95.0,22.59,0.7478083,129.0,21.61,0.94475096,123.0,20.47,0.8614923,99.25,21.305,4.477336814478207,0.011428695823623158,-0.08701137698962924,-0.39019763597737533,-0.3429447511268302,16,24.2,25.41,25.7,23.91,6.5,23.0,41.4,21.4,81.29,86.71,82.86,82.14,95.0,86.0,52.0,34.0
2017-04-30,201718,95.0,95,95.0,95,0.61546606,1.4078631,0,1,330455720171819589,2023-08-20,Rio de Janeiro,1.043899,6747815,0,0,0,90,,,,,683938,18.77,22.37,26.66,16.6,83.71,87.0,20.21,0.8539737,86.0,20.81,0.73621243,95.0,22.59,0.7478083,129.0,21.61,0.94475096,90.75,20.595,4.564348191467836,0.08701137698962924,0.0984400728132524,0.0,-0.3031862589877461,17,23.09,24.2,25.41,25.7,23.0,6.5,23.0,41.4,85.71,81.29,86.71,82.86,86.0,52.0,34.0,58.0
2017-05-07,201719,86.0,86,86.0,86,0.41402218,1.2744867,0,1,330455720171919589,2023-08-20,Rio de Janeiro,0.96775556,6747815,0,0,0,79,,,,,683938,18.84,22.66,27.6,8.9,83.14,95.0,18.77,1.043899,87.0,20.21,0.8539737,86.0,20.81,0.73621243,95.0,22.59,0.7478083,88.5,19.6575,4.465908118654584,-0.0984400728132524,-0.011428695823623158,0.0,-0.0984400728132524,18,22.37,23.09,24.2,25.41,16.6,23.0,6.5,23.0,83.71,85.71,81.29,86.71,52.0,34.0,58.0,74.0
2017-05-14,201720,52.0,52,52.0,52,0.0011719248,0.7706198,0,1,330455720172019589,2023-08-20,Rio de Janeiro,0.59327084,6747815,0,0,0,46,,,,,683938,19.29,22.03,25.43,34.9,82.86,86.0,18.84,0.96775556,95.0,18.77,1.043899,87.0,20.21,0.8539737,86.0,20.81,0.73621243,80.0,19.2775,3.970291913552122,-0.49561620510246174,-0.5940562779157141,-0.5070449009260849,-0.49561620510246174,19,22.66,22.37,23.09,24.2,8.9,16.6,23.0,6.5,83.14,83.71,85.71,81.29,34.0,58.0,74.0,34.0
2017-05-21,201721,34.0,34,34.0,34,1.7632381e-05,0.5038668,0,1,330455720172119589,2023-08-20,Rio de Janeiro,0.44267556,6747815,0,0,0,33,,,,,683938,19.44,22.77,27.24,18.1,85.0,52.0,19.29,0.59327084,86.0,18.84,0.96775556,95.0,18.77,1.043899,87.0,20.21,0.8539737,66.75,19.085,3.5553480614894135,-0.41494385206270845,-0.9105600571651702,-1.0090001299784226,-0.9219887529887933,20,22.03,22.66,22.37,23.09,34.9,8.9,16.6,23.0,82.86,83.14,83.71,85.71,58.0,74.0,34.0,38.0
2017-05-28,201722,58.0,58,58.0,58,0.48370397,0.8595375,0,1,330455720172219589,2023-08-20,Rio de Janeiro,0.99248236,6747815,0,0,0,47,,,,,683938,18.97,22.36,27.04,0.0,83.57,34.0,19.44,0.44267556,52.0,19.29,0.59327084,86.0,18.84,0.96775556,95.0,18.77,1.043899,57.5,19.134999999999998,4.07753744390572,0.5221893824163062,0.10724553035359774,-0.388370674748864,-0.4868107475621164,21,22.77,22.03,22.66,22.37,18.1,34.9,8.9,16.6,85.0,82.86,83.14,83.71,74.0,34.0,38.0,29.0
2017-06-04,201723,74.0,74,74.0,74,0.9875983,1.0966513,0,1,330455720172319589,2023-08-20,Rio de Janeiro,1.5024719,6747815,0,0,0,40,,,,,683938,19.7,23.83,28.86,5.1,79.71,58.0,18.97,0.99248236,34.0,19.44,0.44267556,52.0,19.29,0.59327084,86.0,18.84,0.96775556,54.5,19.349999999999998,4.31748811353631,0.23995066963059042,0.7621400520468966,0.34719619998418816,-0.14842000511827358,22,22.36,22.77,22.03,22.66,0.0,18.1,34.9,8.9,83.57,85.0,82.86,83.14,34.0,38.0,29.0,31.0
2017-06-11,201724,34.0,34,34.0,34,0.0145796435,0.5038668,0,1,330455720172419589,2023-08-20,Rio de Janeiro,0.6260508,6747815,0,0,0,28,,,,,683938,18.1,21.29,25.91,12.6,86.43,74.0,19.7,1.5024719,58.0,18.97,0.99248236,34.0,19.44,0.44267556,52.0,19.29,0.59327084,50.0,19.052500000000002,3.5553480614894135,-0.7621400520468966,-0.5221893824163062,0.0,-0.41494385206270845,23,23.83,22.36,22.77,22.03,5.1,0.0,18.1,34.9,79.71,83.57,85.0,82.86,38.0,29.0,31.0,30.0
2017-06-18,201725,38.0,38,38.0,38,0.031270593,0.5631453,0,1,330455720172519589,2023-08-20,Rio de Janeiro,0.67963344,6747815,0,0,0,30,,,,,683938,18.54,21.77,26.43,31.9,84.29,34.0,18.1,0.6260508,74.0,19.7,1.5024719,58.0,18.97,0.99248236,34.0,19.44,0.44267556,51.0,18.8275,3.6635616461296463,0.10821358464023279,-0.6539264674066638,-0.4139757977760734,0.10821358464023279,24,21.29,23.83,22.36,22.77,12.6,5.1,0.0,18.1,86.43,79.71,83.57,85.0,29.0,31.0,30.0,40.0
2017-06-25,201726,29.0,29,29.0,29,0.026639953,0.42976874,0,1,330455720172619589,2023-08-20,Rio de Janeiro,0.6370862,6747815,0,0,0,21,,,,,683938,16.29,20.8,26.74,4.6,81.29,38.0,18.54,0.67963344,34.0,18.1,0.6260508,74.0,19.7,1.5024719,58.0,18.97,0.99248236,43.75,18.1575,3.4011973816621555,-0.26236426446749084,-0.15415067982725805,-0.9162907318741547,-0.6763400622435642,25,21.77,21.29,23.83,22.36,31.9,12.6,5.1,0.0,84.29,86.43,79.71,83.57,31.0,30.0,40.0,33.0
2017-07-02,201727,31.0,31,31.0,31,0.2563922,0.459408,0,1,330455720172719589,2023-08-20,Rio de Janeiro,0.85317916,6747815,0,0,0,30,,,,,683938,14.87,18.77,23.07,13.5,83.43,29.0,16.29,0.6370862,38.0,18.54,0.67963344,34.0,18.1,0.6260508,74.0,19.7,1.5024719,33.0,16.95,3.4657359027997265,0.06453852113757108,-0.19782574332991976,-0.08961215868968697,-0.8517522107365836,26,20.8,21.77,21.29,23.83,4.6,31.9,12.6,5.1,81.29,84.29,86.43,79.71,30.0,40.0,33.0,39.0
2017-07-09,201728,30.0,30,30.0,30,0.3963358,0.44458836,0,1,330455720172819589,2023-08-20,Rio de Janeiro,0.9358477,6747815,0,0,0,27,,,,,683938,16.6,21.1,26.74,0.1,81.86,31.0,14.87,0.85317916,29.0,16.29,0.6370862,38.0,18.54,0.67963344,34.0,18.1,0.6260508,32.0,16.575000000000003,3.4339872044851463,-0.03174869831458027,0.03278982282299081,-0.22957444164450003,-0.12136085700426724,27,18.77,20.8,21.77,21.29,13.5,4.6,31.9,12.6,83.43,81.29,84.29,86.43,40.0,33.0,39.0,24.0
2017-07-16,201729,40.0,40,40.0,40,0.85856926,0.59278446,0,1,330455720172919589,2023-08-20,Rio de Janeiro,1.2896798,6747815,0,0,0,31,,,,,683938,16.61,20.46,25.44,7.5,80.29,30.0,16.6,0.9358477,31.0,14.87,0.85317916,29.0,16.29,0.6370862,38.0,18.54,0.67963344,32.5,16.0925,3.713572066704308,0.2795848622191617,0.2478361639045814,0.3123746850421525,0.05001042057466165,28,21.1,18.77,20.8,21.77,0.1,13.5,4.6,31.9,81.86,83.43,81.29,84.29,33.0,39.0,24.0,27.0
2017-07-23,201730,33.0,33,33.0,33,0.5164093,0.4890472,0,1,330455720173019589,2023-08-20,Rio de Janeiro,1.0101411,6747815,0,0,0,26,,,,,683938,16.01,20.89,26.73,0.7,78.43,40.0,16.61,1.2896798,30.0,16.6,0.9358477,31.0,14.87,0.85317916,29.0,16.29,0.6370862,33.5,16.0225,3.5263605246161616,-0.1872115420881464,0.09237332013101529,0.06062462181643502,0.1251631429540061,29,20.46,21.1,18.77,20.8,7.5,0.1,13.5,4.6,80.29,81.86,83.43,81.29,39.0,24.0,27.0,35.0
2017-07-30,201731,39.0,39,39.0,39,0.6750643,0.57796484,0,1,330455720173119589,2023-08-20,Rio de Janeiro,1.1106404,6747815,0,0,0,30,,,,,683938,16.09,21.13,27.26,5.0,72.43,33.0,16.01,1.0101411,40.0,16.61,1.2896798,30.0,16.6,0.9358477,31.0,14.87,0.85317916,35.5,16.3275,3.6888794541139363,0.1625189294977747,-0.0246926125903717,0.25489224962879,0.2231435513142097,30,20.89,20.46,21.1,18.77,0.7,7.5,0.1,13.5,78.43,80.29,81.86,83.43,24.0,27.0,35.0,31.0
2017-08-06,201732,24.0,24,24.0,24,0.0685164,0.3556707,0,1,330455720173219589,2023-08-20,Rio de Janeiro,0.6791629,6747815,0,0,0,21,,,,,683938,16.6,21.09,26.76,0.8,73.71,39.0,16.09,1.1106404,33.0,16.01,1.0101411,40.0,16.61,1.2896798,30.0,16.6,0.9358477,34.0,16.3275,3.2188758248682006,-0.4700036292457357,-0.307484699747961,-0.4946962418361074,-0.2151113796169457,31,21.13,20.89,20.46,21.1,5.0,0.7,7.5,0.1,72.43,78.43,80.29,81.86,27.0,35.0,31.0,32.0
2017-08-13,201733,27.0,27,27.0,27,0.21367541,0.40012953,0,1,330455720173319589,2023-08-20,Rio de Janeiro,0.8155714,6747815,0,0,0,22,,,,,683938,19.1,21.46,24.67,27.6,85.86,24.0,16.6,0.6791629,39.0,16.09,1.1106404,33.0,16.01,1.0101411,40.0,16.61,1.2896798,30.75,16.950000000000003,3.332204510175204,0.11332868530700324,-0.35667494393873245,-0.19415601444095776,-0.38136755652910415,32,21.09,21.13,20.89,20.46,0.8,5.0,0.7,7.5,73.71,72.43,78.43,80.29,35.0,31.0,32.0,36.0
2017-08-20,201734,35.0,35,35.0,35,0.759021,0.5186864,0,1,330455720173419589,2023-08-20,Rio de Janeiro,1.1905813,6747815,0,0,0,32,,,,,683938,16.53,20.13,24.64,18.0,79.71,27.0,19.1,0.8155714,24.0,16.6,0.6791629,39.0,16.09,1.1106404,33.0,16.01,1.0101411,31.25,17.08,3.58351893845611,0.2513144282809061,0.36464311358790935,-0.10536051565782634,0.05715841383994835,33,21.46,21.09,21.13,20.89,27.6,0.8,5.0,0.7,85.86,73.71,72.43,78.43,31.0,32.0,36.0,54.0
2017-08-27,201735,31.0,31,31.0,31,0.6036627,0.459408,0,1,330455720173519589,2023-08-20,Rio de Janeiro,1.0697501,6747815,0,0,0,25,,,,,683938,16.57,21.39,27.1,4.0,76.0,35.0,16.53,1.1905813,27.0,19.1,0.8155714,24.0,16.6,0.6791629,39.0,16.09,1.1106404,29.25,17.200000000000003,3.4657359027997265,-0.11778303565638337,0.13353139262452274,0.24686007793152598,-0.2231435513142097,34,20.13,21.46,21.09,21.13,18.0,27.6,0.8,5.0,79.71,85.86,73.71,72.43,32.0,36.0,54.0,37.0
2017-09-03,201736,32.0,32,32.0,32,0.54043984,0.47422758,0,1,330455720173619589,2023-08-20,Rio de Janeiro,1.0257037,6747815,0,0,0,24,,,,,683938,15.99,22.09,29.23,0.0,70.43,31.0,16.57,1.0697501,35.0,16.53,1.1905813,27.0,19.1,0.8155714,24.0,16.6,0.6791629,31.25,17.0475,3.4965075614664802,0.030771658666753687,-0.08701137698962969,0.16430305129127643,0.27763173659827967,35,21.39,20.13,21.46,21.09,4.0,18.0,27.6,0.8,76.0,79.71,85.86,73.71,36.0,54.0,37.0,59.0
2017-09-10,201737,36.0,36,36.0,36,0.6831768,0.53350604,0,1,330455720173719589,2023-08-20,Rio de Janeiro,1.121764,6747815,0,0,0,25,,,,,683938,18.97,25.13,32.46,0.0,64.57,32.0,15.99,1.0257037,31.0,16.57,1.0697501,35.0,16.53,1.1905813,27.0,19.1,0.8155714,33.5,17.015,3.6109179126442243,0.11441035117774412,0.1451820098444978,0.027398974188114433,0.27871340246902054,36,22.09,21.39,20.13,21.46,0.0,4.0,18.0,27.6,70.43,76.0,79.71,85.86,54.0,37.0,59.0,56.0
2017-09-17,201738,54.0,54,54.0,54,0.9847329,0.80025905,0,1,330455720173819589,2023-08-20,Rio de Janeiro,1.5926236,6747815,0,0,0,41,,,,,683938,18.79,24.47,31.07,0.0,68.43,36.0,18.97,1.121764,32.0,15.99,1.0257037,31.0,16.57,1.0697501,35.0,16.53,1.1905813,38.25,17.58,4.007333185232471,0.3964152725882468,0.5108256237659909,0.5415972824327446,0.42381424677636126,37,25.13,22.09,21.39,20.13,0.0,0.0,4.0,18.0,64.57,70.43,76.0,79.71,37.0,59.0,56.0,61.0
2017-09-24,201739,37.0,37,37.0,37,0.4087082,0.54832566,0,1,330455720173919589,2023-08-20,Rio de Janeiro,0.94868016,6747815,0,0,0,22,,,,,683938,19.8,23.86,28.5,8.0,73.57,54.0,18.79,1.5926236,36.0,18.97,1.121764,32.0,15.99,1.0257037,31.0,16.57,1.0697501,39.75,18.3875,3.6375861597263857,-0.3697470255060855,0.02666824708216131,0.14107859825990543,0.17185025692665912,38,24.47,25.13,22.09,21.39,0.0,0.0,0.0,4.0,68.43,64.57,70.43,76.0,59.0,56.0,61.0,53.0
2017-10-01,201740,59.0,59,59.0,59,0.92768115,0.8743571,0,1,330455720174019589,2023-08-20,Rio de Janeiro,1.3329707,6747815,0,0,0,47,,,,,683938,20.89,25.01,30.2,33.3,74.29,37.0,19.8,0.94868016,54.0,18.79,1.5926236,36.0,18.97,1.121764,32.0,15.99,1.0257037,46.5,19.6125,4.0943445622221,0.45675840249571475,0.08701137698962924,0.48342664957787607,0.5978370007556202,39,23.86,24.47,25.13,22.09,8.0,0.0,0.0,0.0,73.57,68.43,64.57,70.43,56.0,61.0,53.0,38.0
2017-10-08,201741,56.0,56,56.0,56,0.8074577,0.8298983,0,1,330455720174119589,2023-08-20,Rio de Janeiro,1.1860199,6747815,0,0,0,45,,,,,683938,22.5,27.37,34.07,0.9,67.86,59.0,20.89,1.3329707,37.0,19.8,0.94868016,54.0,18.79,1.5926236,36.0,18.97,1.121764,51.5,20.495,4.04305126783455,-0.05129329438755015,0.4054651081081646,0.03571808260207909,0.4321333551903259,40,25.01,23.86,24.47,25.13,33.3,8.0,0.0,0.0,74.29,73.57,68.43,64.57,61.0,53.0,38.0,59.0
2017-10-15,201742,61.0,61,61.0,61,0.7909206,0.90399635,0,1,330455720174219589,2023-08-20,Rio de Janeiro,1.1638176,6747815,0,0,0,47,,,,,683938,21.07,25.29,30.31,8.8,70.14,56.0,22.5,1.1860199,59.0,20.89,1.3329707,37.0,19.8,0.94868016,54.0,18.79,1.5926236,53.25,21.065,4.127134385045092,0.0840831172105414,0.032789822822991255,0.489548225318706,0.1198011998126205,41,27.37,25.01,23.86,24.47,0.9,33.3,8.0,0.0,67.86,74.29,73.57,68.43,53.0,38.0,59.0,56.0
2017-10-22,201743,53.0,53,53.0,53,0.36920893,0.78543943,0,1,330455720174319589,2023-08-20,Rio de Janeiro,0.9383749,6747815,1,0,0,43,,,,,683938,21.37,24.87,28.83,38.6,78.86,61.0,21.07,1.1638176,56.0,22.5,1.1860199,59.0,20.89,1.3329707,37.0,19.8,0.94868016,57.25,21.457500000000003,3.9889840465642745,-0.13815033848081715,-0.054067221270275745,-0.10536051565782589,0.35139788683788886,42,25.29,27.37,25.01,23.86,8.8,0.9,33.3,8.0,70.14,67.86,74.29,73.57,38.0,59.0,56.0,49.0
2017-10-29,201744,38.0,38,38.0,38,0.029924473,0.5631453,0,1,330455720174419589,2023-08-20,Rio de Janeiro,0.6771365,6747815,1,0,0,29,,,,,683938,21.11,25.1,29.49,10.0,71.71,53.0,21.37,0.9383749,61.0,21.07,1.1638176,56.0,22.5,1.1860199,59.0,20.89,1.3329707,52.0,21.512500000000003,3.6635616461296463,-0.3254224004346282,-0.46357273891544537,-0.37948962170490397,-0.4307829160924541,43,24.87,25.29,27.37,25.01,38.6,8.8,0.9,33.3,78.86,70.14,67.86,74.29,59.0,56.0,49.0,61.0
2017-11-05,201745,59.0,59,59.0,59,0.7608658,0.8743571,0,2,330455720174519589,2023-08-20,Rio de Janeiro,1.1439759,6747815,1,0,0,45,,,,,683938,20.83,24.3,28.03,29.7,74.43,38.0,21.11,0.6771365,53.0,21.37,0.9383749,61.0,21.07,1.1638176,56.0,22.5,1.1860199,52.75,21.095,4.0943445622221,0.4307829160924541,0.10536051565782589,-0.032789822822991255,0.05129329438755015,44,25.1,24.87,25.29,27.37,10.0,38.6,8.8,0.9,71.71,78.86,70.14,67.86,56.0,49.0,61.0,84.0
2017-11-12,201746,56.0,56,56.0,56,0.7589698,0.8298983,0,2,330455720174619589,2023-08-20,Rio de Janeiro,1.1467513,6747815,1,0,0,46,,,,,683938,20.69,26.4,32.76,1.5,63.57,59.0,20.83,1.1439759,38.0,21.11,0.6771365,53.0,21.37,0.9383749,61.0,21.07,1.1638176,51.5,21.0,4.04305126783455,-0.05129329438755015,0.37948962170490397,0.054067221270275745,-0.0840831172105414,45,24.3,25.1,24.87,25.29,29.7,10.0,38.6,8.8,74.43,71.71,78.86,70.14,49.0,61.0,84.0,67.0
2017-11-19,201747,49.0,49,49.0,49,0.3796327,0.726161,0,2,330455720174719589,2023-08-20,Rio de Janeiro,0.94107985,6747815,1,0,0,44,,,,,683938,21.93,24.81,28.2,123.7,84.0,56.0,20.69,1.1467513,59.0,20.83,1.1439759,38.0,21.11,0.6771365,53.0,21.37,0.9383749,50.5,21.14,3.912023005428146,-0.1310282624064043,-0.18232155679395445,0.24846135929849966,-0.07696104113612856,46,26.4,24.3,25.1,24.87,1.5,29.7,10.0,38.6,63.57,74.43,71.71,78.86,61.0,84.0,67.0,56.0
2017-11-26,201748,61.0,61,61.0,61,0.7419475,0.90399635,0,2,330455720174819589,2023-08-20,Rio de Janeiro,1.1283374,6747815,1,0,0,50,,,,,683938,22.39,25.01,27.79,79.5,81.86,49.0,21.93,0.94107985,56.0,20.69,1.1467513,59.0,20.83,1.1439759,38.0,21.11,0.6771365,56.25,21.46,4.127134385045092,0.2151113796169457,0.0840831172105414,0.032789822822991255,0.46357273891544537,47,24.81,26.4,24.3,25.1,123.7,1.5,29.7,10.0,84.0,63.57,74.43,71.71,84.0,67.0,56.0,58.0
2017-12-03,201749,84.0,84,84.0,84,0.9919083,1.2448474,0,2,330455720174919589,2023-08-20,Rio de Janeiro,1.50659,6747815,1,0,0,66,,,,,683938,23.09,25.6,29.11,24.0,82.71,61.0,22.39,1.1283374,49.0,21.93,0.94107985,56.0,20.69,1.1467513,59.0,20.83,1.1439759,62.5,22.025,4.442651256490317,0.315516871445225,0.5306282510621707,0.3995999886557664,0.34830669426821625,48,25.01,24.81,26.4,24.3,79.5,123.7,1.5,29.7,81.86,84.0,63.57,74.43,67.0,56.0,58.0,133.0
2017-12-10,201750,67.0,67,67.0,67,0.62325805,0.992914,0,2,330455720175019589,2023-08-20,Rio de Janeiro,1.0563638,6747815,1,0,0,53,,,,,683938,21.67,25.64,30.49,9.4,78.0,84.0,23.09,1.50659,61.0,22.39,1.1283374,49.0,21.93,0.94107985,56.0,20.69,1.1467513,65.25,22.270000000000003,4.219507705176107,-0.2231435513142097,0.09237332013101529,0.307484699747961,0.1764564373415567,49,25.6,25.01,24.81,26.4,24.0,79.5,123.7,1.5,82.71,81.86,84.0,63.57,56.0,58.0,133.0,105.0
2017-12-17,201751,56.0,56,56.0,56,0.099012785,0.8298983,0,2,330455720175119589,2023-08-20,Rio de Janeiro,0.79535747,6747815,1,0,0,48,,,,,683938,24.19,28.4,33.7,11.3,74.29,67.0,21.67,1.0563638,84.0,23.09,1.50659,61.0,22.39,1.1283374,49.0,21.93,0.94107985,67.0,22.835,4.04305126783455,-0.1764564373415567,-0.3995999886557664,-0.0840831172105414,0.1310282624064043,50,25.64,25.6,25.01,24.81,9.4,24.0,79.5,123.7,78.0,82.71,81.86,84.0,58.0,133.0,105.0,126.0
2017-12-24,201752,58.0,58,58.0,58,0.20325096,0.8595375,0,2,330455720175219589,2023-08-20,Rio de Janeiro,0.86239326,6747815,1,0,0,46,,,,,683938,24.64,27.4,31.36,82.9,83.14,56.0,24.19,0.79535747,67.0,21.67,1.0563638,84.0,23.09,1.50659,61.0,22.39,1.1283374,66.25,23.3975,4.07753744390572,0.03448617607116944,-0.14197026127038725,-0.36511381258459696,-0.049596941139371964,51,28.4,25.64,25.6,25.01,11.3,9.4,24.0,79.5,74.29,78.0,82.71,81.86,133.0,105.0,126.0,97.0
2017-12-31,201801,133.0,133,133.0,133,0.9999996,1.9710084,0,2,330455720180119589,2023-08-20,Rio de Janeiro,2.0594568,6747815,1,0,0,72,,,,,683938,23.9,27.33,31.83,101.3,80.0,58.0,24.64,0.86239326,56.0,24.19,0.79535747,67.0,21.67,1.0563638,84.0,23.09,1.50659,78.5,23.599999999999998,4.897839799950911,0.8203023560451914,0.8547885321163609,0.6783320947748042,0.45518854346059445,52,27.4,28.4,25.64,25.6,82.9,11.3,9.4,24.0,83.14,74.29,78.0,82.71,105.0,126.0,97.0,107.0
2018-01-07,201802,105.0,105,105.0,105,0.975069,1.5560592,0,2,330455720180219589,2023-08-20,Rio de Janeiro,1.3369311,6747815,1,0,0,83,,,,,683938,23.69,26.71,30.71,72.4,82.86,133.0,23.9,2.0594568,58.0,24.64,0.86239326,56.0,24.19,0.79535747,67.0,21.67,1.0563638,88.0,24.104999999999997,4.663439094112067,-0.2344007058388442,0.5859016502063472,0.6203878262775167,0.44393138893595996,1,27.33,27.4,28.4,25.64,101.3,82.9,11.3,9.4,80.0,83.14,74.29,78.0,126.0,97.0,107.0,74.0
2018-01-14,201803,126.0,126,126.0,126,0.9393579,1.8672711,0,2,330455720180319589,2023-08-20,Rio de Janeiro,1.2276493,6747815,1,0,0,106,,,,,683938,24.59,28.97,34.61,23.3,74.43,105.0,23.69,1.3369311,133.0,23.9,2.0594568,58.0,24.64,0.86239326,56.0,24.19,0.79535747,105.5,24.205,4.844187086458591,0.18074799234652428,-0.053652713492319926,0.7666496425528715,0.8011358186240409,2,26.71,27.33,27.4,28.4,72.4,101.3,82.9,11.3,82.86,80.0,83.14,74.29,97.0,107.0,74.0,78.0
2018-01-21,201804,97.0,97,97.0,97,0.13153379,1.4375024,0,2,330455720180419589,2023-08-20,Rio de Janeiro,0.85700226,6747815,1,0,0,74,,,,,683938,25.31,28.3,32.81,50.4,79.71,126.0,24.59,1.2276493,105.0,23.69,1.3369311,133.0,23.9,2.0594568,58.0,24.64,0.86239326,115.25,24.3725,4.584967478670572,-0.2592196077880189,-0.07847161544149461,-0.3128723212803388,0.5074300347648526,3,28.97,26.71,27.33,27.4,23.3,72.4,101.3,82.9,74.43,82.86,80.0,83.14,107.0,74.0,78.0,129.0
2018-01-28,201805,107.0,107,107.0,107,0.35826826,1.5856985,0,2,330455720180519589,2023-08-20,Rio de Janeiro,0.95223445,6747815,1,0,0,94,,,,,683938,22.66,25.99,29.99,48.8,82.14,97.0,25.31,0.85700226,126.0,24.59,1.2276493,105.0,23.69,1.3369311,133.0,23.9,2.0594568,108.75,24.0625,4.68213122712422,0.09716374845364761,-0.16205585933437128,0.018692133012153,-0.2157085728266912,4,28.3,28.97,26.71,27.33,50.4,23.3,72.4,101.3,79.71,74.43,82.86,80.0,74.0,78.0,129.0,144.0
2018-02-04,201806,74.0,74,74.0,74,0.009344799,1.0966513,0,2,330455720180619589,2023-08-20,Rio de Janeiro,0.7024989,6747815,1,0,0,59,,,,,683938,22.54,26.0,29.99,46.1,81.71,107.0,22.66,0.95223445,97.0,25.31,0.85700226,126.0,24.59,1.2276493,105.0,23.69,1.3369311,101.0,23.775000000000002,4.31748811353631,-0.3646431135879098,-0.2674793651342622,-0.5266989729222811,-0.3459509805757568,5,25.99,28.3,28.97,26.71,48.8,50.4,23.3,72.4,82.14,79.71,74.43,82.86,78.0,129.0,144.0,197.0
2018-02-11,201807,78.0,78,78.0,78,0.090553276,1.1559297,0,2,330455720180719589,2023-08-20,Rio de Janeiro,0.81623083,6747815,1,0,0,61,,,,,683938,24.44,27.89,32.36,37.6,78.43,74.0,22.54,0.7024989,107.0,22.66,0.95223445,97.0,25.31,0.85700226,126.0,24.59,1.2276493,89.0,23.7375,4.3694478524670215,0.051959738930711374,-0.3126833746571984,-0.2155196262035508,-0.4747392339915697,6,26.0,25.99,28.3,28.97,46.1,48.8,50.4,23.3,81.71,82.14,79.71,74.43,129.0,144.0,197.0,179.0
2018-02-18,201808,129.0,129,129.0,129,0.9979338,1.9117299,0,2,330455720180819589,2023-08-20,Rio de Janeiro,1.4817208,6747815,1,0,0,91,,,,,683938,24.26,27.04,31.19,139.3,82.29,78.0,24.44,0.81623083,74.0,22.54,0.7024989,107.0,22.66,0.95223445,97.0,25.31,0.85700226,97.0,23.475,4.867534450455582,0.4980865979885607,0.5500463369192721,0.18540322333136228,0.2825669717850099,7,27.89,26.0,25.99,28.3,37.6,46.1,48.8,50.4,78.43,81.71,82.14,79.71,144.0,197.0,179.0,200.0
2018-02-25,201809,144.0,144,144.0,144,0.9994061,2.1340241,0,2,330455720180919589,2023-08-20,Rio de Janeiro,1.5280752,6747815,1,0,0,94,,,,,683938,24.34,27.2,31.1,72.8,83.57,129.0,24.26,1.4817208,78.0,24.44,0.81623083,74.0,22.54,0.7024989,107.0,22.66,0.95223445,106.25,23.895000000000003,4.976733742420574,0.109199291964992,0.6072858899535527,0.6592456288842641,0.2946025152963543,8,27.04,27.89,26.0,25.99,139.3,37.6,46.1,48.8,82.29,78.43,81.71,82.14,197.0,179.0,200.0,237.0
2018-03-04,201810,197.0,197,197.0,197,0.99999267,2.9194636,0,2,330455720181019589,2023-08-20,Rio de Janeiro,1.637573,6747815,1,0,0,154,,,,,683938,24.33,26.99,30.66,74.8,85.29,144.0,24.34,1.5280752,129.0,24.26,1.4817208,78.0,24.44,0.81623083,74.0,22.54,0.7024989,137.0,24.3425,5.288267030694535,0.311533288273961,0.420732580238953,0.9188191782275137,0.9707789171582251,9,27.2,27.04,27.89,26.0,72.8,139.3,37.6,46.1,83.57,82.29,78.43,81.71,179.0,200.0,237.0,289.0
2018-03-11,201811,179.0,179,179.0,179,0.94182235,2.6527104,0,2,330455720181119589,2023-08-20,Rio de Janeiro,1.1889876,6747815,1,0,0,135,,,,,683938,24.8,28.29,32.87,33.2,80.14,197.0,24.33,1.637573,144.0,24.34,1.5280752,129.0,24.26,1.4817208,78.0,24.44,0.81623083,162.25,24.4325,5.19295685089021,-0.09531017980432477,0.21622310846963622,0.3254224004346282,0.8235089984231889,10,26.99,27.2,27.04,27.89,74.8,72.8,139.3,37.6,85.29,83.57,82.29,78.43,200.0,237.0,289.0,279.0
2018-03-18,201812,200.0,200,200.0,200,0.90320456,2.9639225,0,2,330455720181219589,2023-08-20,Rio de Janeiro,1.1437267,6747815,1,0,0,155,,,,,683938,24.41,27.63,31.99,77.8,83.0,179.0,24.8,1.1889876,197.0,24.33,1.637573,144.0,24.34,1.5280752,129.0,24.26,1.4817208,180.0,24.47,5.303304908059076,0.11034805716886531,0.015037877364540542,0.3265711656385015,0.43577045760349353,11,28.29,26.99,27.2,27.04,33.2,74.8,72.8,139.3,80.14,85.29,83.57,82.29,237.0,289.0,279.0,251.0
2018-03-25,201813,237.0,237,237.0,237,0.9906035,3.512248,0,2,330455720181319589,2023-08-20,Rio de Janeiro,1.2564555,6747815,1,0,0,194,,,,,683938,23.11,27.41,32.67,3.6,78.57,200.0,24.41,1.1437267,179.0,24.8,1.1889876,197.0,24.33,1.637573,144.0,24.34,1.5280752,203.25,24.162499999999998,5.472270673671475,0.1689657656123993,0.2793138227812646,0.18400364297693983,0.4955369312509008,12,27.63,28.29,26.99,27.2,77.8,33.2,74.8,72.8,83.0,80.14,85.29,83.57,289.0,279.0,251.0,264.0
2018-04-01,201814,289.0,289,289.0,289,0.99988186,4.282868,0,2,330455720181419589,2023-08-20,Rio de Janeiro,1.3938227,6747815,1,0,0,238,,,,,683938,23.66,26.84,31.3,56.4,81.29,237.0,23.11,1.2564555,200.0,24.41,1.1437267,179.0,24.8,1.1889876,197.0,24.33,1.637573,226.25,23.994999999999997,5.66988092298052,0.19761024930904458,0.36657601492144387,0.4769240720903092,0.3816138922859844,13,27.41,27.63,28.29,26.99,3.6,77.8,33.2,74.8,78.57,83.0,80.14,85.29,279.0,251.0,264.0,313.0
2018-04-08,201815,279.0,279,279.0,279,0.9627051,4.1346717,0,2,330455720181519589,2023-08-20,Rio de Janeiro,1.1698437,6747815,1,0,0,221,,,,,683938,22.03,25.97,30.4,4.3,81.14,289.0,23.66,1.3938227,237.0,23.11,1.2564555,200.0,24.41,1.1437267,179.0,24.8,1.1889876,251.25,23.3025,5.634789603169249,-0.03509131981127034,0.16251892949777424,0.33148469511017353,0.44183275227903884,14,26.84,27.41,27.63,28.29,56.4,3.6,77.8,33.2,81.29,78.57,83.0,80.14,251.0,264.0,313.0,331.0
2018-04-15,201816,251.0,251,251.0,251,0.26408526,3.7197225,0,1,330455720181619589,2023-08-20,Rio de Janeiro,0.9460238,6747815,0,0,0,203,,,,,683938,19.91,23.34,27.34,46.8,82.71,279.0,22.03,1.1698437,289.0,23.66,1.3938227,237.0,23.11,1.2564555,200.0,24.41,1.1437267,264.0,22.177500000000002,5.529429087511423,-0.10536051565782589,-0.14045183546909623,0.05715841383994835,0.22612417945234764,15,25.97,26.84,27.41,27.63,4.3,56.4,3.6,77.8,81.14,81.29,78.57,83.0,264.0,313.0,331.0,328.0
2018-04-22,201817,264.0,264,264.0,264,0.3986663,3.9123776,0,1,330455720181719589,2023-08-20,Rio de Janeiro,0.9780343,6747815,1,0,0,208,,,,,683938,21.03,24.79,29.73,7.2,82.43,251.0,19.91,0.9460238,279.0,22.03,1.1698437,289.0,23.66,1.3938227,237.0,23.11,1.2564555,270.75,21.6575,5.579729825986222,0.050300738474798656,-0.055059777183027236,-0.09015109699429757,0.10745915231474701,16,23.34,25.97,26.84,27.41,46.8,4.3,56.4,3.6,82.71,81.14,81.29,78.57,313.0,331.0,328.0,211.0
2018-04-29,201818,313.0,313,313.0,313,0.97695625,4.6385384,0,1,330455720181819589,2023-08-20,Rio de Janeiro,1.1806662,6747815,1,0,0,240,,,,,683938,20.19,24.51,30.33,2.1,81.71,264.0,21.03,0.9780343,251.0,19.91,0.9460238,279.0,22.03,1.1698437,289.0,23.66,1.3938227,276.75,20.790000000000003,5.749392985908253,0.16966315992203107,0.21996389839682973,0.11460338273900383,0.0795120629277335,17,24.79,23.34,25.97,26.84,7.2,46.8,4.3,56.4,82.43,82.71,81.14,81.29,331.0,328.0,211.0,197.0
2018-05-06,201819,331.0,331,331.0,331,0.98725086,4.9052916,0,1,330455720181919589,2023-08-20,Rio de Janeiro,1.1991035,6747815,0,0,0,251,,,,,683938,19.8,23.53,28.5,18.0,82.43,313.0,20.19,1.1806662,264.0,21.03,0.9780343,251.0,19.91,0.9460238,279.0,22.03,1.1698437,289.75,20.2325,5.805134968916488,0.055741983008235074,0.22540514293026614,0.2757058814050648,0.1703453657472389,18,24.51,24.79,23.34,25.97,2.1,7.2,46.8,4.3,81.71,82.43,82.71,81.14,328.0,211.0,197.0,194.0
2018-05-13,201820,328.0,328,328.0,328,0.85589117,4.8608327,0,1,330455720182019589,2023-08-20,Rio de Janeiro,1.0883349,6747815,1,0,0,239,,,,,683938,21.07,24.01,28.39,16.8,83.71,331.0,19.8,1.1991035,313.0,20.19,1.1806662,264.0,21.03,0.9780343,251.0,19.91,0.9460238,309.0,20.5225,5.796057750765372,-0.009077218151116284,0.04666476485711879,0.21632792477914986,0.2666286632539485,19,23.53,24.51,24.79,23.34,18.0,2.1,7.2,46.8,82.43,81.71,82.43,82.71,211.0,197.0,194.0,196.0
2018-05-20,201821,211.0,211,211.0,211,3.2182807e-06,3.126938,0,1,330455720182119589,2023-08-20,Rio de Janeiro,0.6720837,6747815,0,0,0,142,,,,,683938,15.83,20.63,25.71,15.9,82.29,328.0,21.07,1.0883349,331.0,19.8,1.1991035,313.0,20.19,1.1806662,264.0,21.03,0.9780343,295.75,19.2225,5.356586274672012,-0.43947147609335957,-0.44854869424447585,-0.3928067112362408,-0.2231435513142097,20,24.01,23.53,24.51,24.79,16.8,18.0,2.1,7.2,83.71,82.43,81.71,82.43,197.0,194.0,196.0,160.0
2018-05-27,201822,197.0,197,197.0,197,1.0153018e-05,2.9194636,0,1,330455720182219589,2023-08-20,Rio de Janeiro,0.67757994,6747815,0,0,0,142,,,,,683938,17.1,21.71,27.71,0.7,81.29,211.0,15.83,0.6720837,328.0,21.07,1.0883349,331.0,19.8,1.1991035,313.0,20.19,1.1806662,266.75,18.450000000000003,5.288267030694535,-0.06831924397747713,-0.5077907200708367,-0.516867938221953,-0.4611259552137179,21,20.63,24.01,23.53,24.51,15.9,16.8,18.0,2.1,82.29,83.71,82.43,81.71,194.0,196.0,160.0,193.0
2018-06-03,201823,194.0,194,194.0,194,0.012006502,2.8750048,0,1,330455720182319589,2023-08-20,Rio de Janeiro,0.80504745,6747815,0,0,0,138,,,,,683938,19.24,21.34,24.34,20.4,87.0,197.0,17.1,0.67757994,211.0,15.83,0.6720837,328.0,21.07,1.0883349,331.0,19.8,1.1991035,232.5,18.31,5.272999558563747,-0.015267472130788384,-0.08358671610826551,-0.5230581922016251,-0.5321354103527414,22,21.71,20.63,24.01,23.53,0.7,15.9,16.8,18.0,81.29,82.29,83.71,82.43,196.0,160.0,193.0,218.0
2018-06-10,201824,196.0,196,196.0,196,0.30204302,2.904644,0,1,330455720182419589,2023-08-20,Rio de Janeiro,0.9496572,6747815,0,0,0,136,,,,,683938,19.36,22.57,27.01,22.4,85.0,194.0,19.24,0.80504745,197.0,17.1,0.67757994,211.0,15.83,0.6720837,328.0,21.07,1.0883349,199.5,17.8825,5.2832037287379885,0.010204170174241689,-0.005063301956546695,-0.07338254593402382,-0.5128540220273834,23,21.34,21.71,20.63,24.01,20.4,0.7,15.9,16.8,87.0,81.29,82.29,83.71,160.0,193.0,218.0,153.0
2018-06-17,201825,160.0,160,160.0,160,0.035028417,2.3711379,0,1,330455720182519589,2023-08-20,Rio de Janeiro,0.82466424,6747815,0,0,0,124,,,,,683938,18.06,21.74,26.9,1.5,83.29,196.0,19.36,0.9496572,194.0,19.24,0.80504745,197.0,17.1,0.67757994,211.0,15.83,0.6720837,186.75,18.439999999999998,5.081404364984463,-0.20179936375352536,-0.19159519357928367,-0.20686266571007206,-0.2751819096875492,24,22.57,21.34,21.71,20.63,22.4,20.4,0.7,15.9,85.0,87.0,81.29,82.29,193.0,218.0,153.0,152.0
2018-06-24,201826,193.0,193,193.0,193,0.6427703,2.8601851,0,1,330455720182619589,2023-08-20,Rio de Janeiro,1.038269,6747815,0,0,0,142,,,,,683938,18.46,23.06,29.46,0.0,78.14,160.0,18.06,0.82466424,196.0,19.36,0.9496572,194.0,19.24,0.80504745,197.0,17.1,0.67757994,185.75,18.78,5.267858159063328,0.1864537940788651,-0.015345569674660275,-0.005141399500418586,-0.02040887163120697,25,21.74,22.57,21.34,21.71,1.5,22.4,20.4,0.7,83.29,85.0,87.0,81.29,218.0,153.0,152.0,119.0
2018-07-01,201827,218.0,218,218.0,218,0.9678544,3.2306755,0,1,330455720182719589,2023-08-20,Rio de Janeiro,1.2037319,6747815,0,0,0,158,,,,,683938,18.56,22.84,28.67,10.1,82.71,193.0,18.46,1.038269,160.0,18.06,0.82466424,196.0,19.36,0.9496572,194.0,19.24,0.80504745,191.75,18.61,5.389071729816501,0.12121357075317274,0.3076673648320378,0.10586800107851246,0.11607217125275415,26,23.06,21.74,22.57,21.34,0.0,1.5,22.4,20.4,78.14,83.29,85.0,87.0,153.0,152.0,119.0,92.0
2018-07-08,201828,153.0,153,153.0,153,0.02812104,2.2674007,0,1,330455720182819589,2023-08-20,Rio de Janeiro,0.8130077,6747815,0,0,0,108,,,,,683938,16.16,20.26,25.36,21.5,80.86,218.0,18.56,1.2037319,193.0,18.46,1.038269,160.0,18.06,0.82466424,196.0,19.36,0.9496572,181.0,17.810000000000002,5.0369526024136295,-0.35211912740287143,-0.2309055566496987,-0.04445176257083361,-0.24625112632435897,27,22.84,23.06,21.74,22.57,10.1,0.0,1.5,22.4,82.71,78.14,83.29,85.0,152.0,119.0,92.0,120.0
2018-07-15,201829,152.0,152,152.0,152,0.023917014,2.2525811,0,1,330455720182919589,2023-08-20,Rio de Janeiro,0.80665976,6747815,0,0,0,104,,,,,683938,17.31,22.89,30.6,0.0,75.57,153.0,16.16,0.8130077,218.0,18.56,1.2037319,193.0,18.46,1.038269,160.0,18.06,0.82466424,179.0,17.6225,5.030437921392435,-0.006514681021194235,-0.35863380842406567,-0.23742023767089293,-0.050966443592027844,28,20.26,22.84,23.06,21.74,21.5,10.1,0.0,1.5,80.86,82.71,78.14,83.29,119.0,92.0,120.0,75.0
2018-07-22,201830,119.0,119,119.0,119,0.0017967589,1.7635338,0,1,330455720183019589,2023-08-20,Rio de Janeiro,0.7077093,6747815,0,0,0,93,,,,,683938,18.26,22.19,27.56,6.5,83.43,152.0,17.31,0.80665976,153.0,16.16,0.8130077,218.0,18.56,1.2037319,193.0,18.46,1.038269,160.5,17.572499999999998,4.787491742782046,-0.24294617861038947,-0.2494608596315837,-0.6015799870344551,-0.4803664162812824,29,22.89,20.26,22.84,23.06,0.0,21.5,10.1,0.0,75.57,80.86,82.71,78.14,92.0,120.0,75.0,67.0
2018-07-29,201831,92.0,92,92.0,92,0.00032594864,1.3634043,0,1,330455720183119589,2023-08-20,Rio de Janeiro,0.6385806,6747815,0,0,0,67,,,,,683938,18.87,21.67,25.61,43.0,84.71,119.0,18.26,0.7077093,152.0,17.31,0.80665976,153.0,16.16,0.8130077,218.0,18.56,1.2037319,129.0,17.65,4.532599493153256,-0.25489224962878954,-0.497838428239179,-0.5043531092603732,-0.8564722366632447,30,22.19,22.89,20.26,22.84,6.5,0.0,21.5,10.1,83.43,75.57,80.86,82.71,120.0,75.0,67.0,68.0
2018-08-05,201832,120.0,120,120.0,120,0.44251272,1.7783535,0,1,330455720183219589,2023-08-20,Rio de Janeiro,0.9816213,6747815,0,0,0,85,,,,,683938,18.61,21.29,24.84,19.2,84.71,92.0,18.87,0.6385806,119.0,18.26,0.7077093,152.0,17.31,0.80665976,153.0,16.16,0.8130077,120.75,18.2625,4.795790545596741,0.26319105244348506,0.008298802814695527,-0.23464737579569395,-0.24116205681688818,31,21.67,22.19,22.89,20.26,43.0,6.5,0.0,21.5,84.71,83.43,75.57,80.86,75.0,67.0,68.0,51.0
2018-08-12,201833,75.0,75,75.0,75,0.007812044,1.1114709,0,1,330455720183319589,2023-08-20,Rio de Janeiro,0.69769275,6747815,0,0,0,54,,,,,683938,17.34,20.4,24.4,12.9,83.86,120.0,18.61,0.9816213,92.0,18.87,0.6385806,119.0,18.26,0.7077093,152.0,17.31,0.80665976,101.5,18.27,4.330733340286331,-0.4650572053104103,-0.20186615286692522,-0.45675840249571475,-0.6997045811061042,32,21.29,21.67,22.19,22.89,19.2,43.0,6.5,0.0,84.71,84.71,83.43,75.57,67.0,68.0,51.0,54.0
2018-08-19,201834,67.0,67,67.0,67,0.0062241447,0.992914,0,1,330455720183419589,2023-08-20,Rio de Janeiro,0.6766382,6747815,0,0,0,48,,,,,683938,18.51,23.24,29.23,0.3,77.71,75.0,17.34,0.69769275,120.0,18.61,0.9816213,92.0,18.87,0.6385806,119.0,18.26,0.7077093,88.5,18.3325,4.219507705176107,-0.1112256351102241,-0.5762828404206344,-0.3130917879771493,-0.5679840376059389,33,20.4,21.29,21.67,22.19,12.9,19.2,43.0,6.5,83.86,84.71,84.71,83.43,68.0,51.0,54.0,63.0
2018-08-26,201835,68.0,68,68.0,68,0.09175877,1.0077336,0,1,330455720183519589,2023-08-20,Rio de Janeiro,0.8061102,6747815,0,0,0,43,,,,,683938,17.94,21.94,26.74,14.5,80.29,67.0,18.51,0.6766382,75.0,17.34,0.69769275,120.0,18.61,0.9816213,92.0,18.87,0.6385806,82.5,18.1,4.23410650459726,0.01459879942115272,-0.09662683568907138,-0.5616840409994817,-0.2984929885559966,34,23.24,20.4,21.29,21.67,0.3,12.9,19.2,43.0,77.71,83.86,84.71,84.71,51.0,54.0,63.0,41.0
2018-09-02,201836,51.0,51,51.0,51,0.034377966,0.7558002,0,1,330455720183619589,2023-08-20,Rio de Janeiro,0.7184385,6747815,0,0,0,37,,,,,683938,18.03,21.99,27.1,11.6,77.57,68.0,17.94,0.8061102,67.0,18.51,0.6766382,75.0,17.34,0.69769275,120.0,18.61,0.9816213,65.25,17.955,3.9512437185814275,-0.28286278601583215,-0.2682639865946794,-0.3794896217049035,-0.8445468270153138,35,21.94,23.24,20.4,21.29,14.5,0.3,12.9,19.2,80.29,77.71,83.86,84.71,54.0,63.0,41.0,59.0
2018-09-09,201837,54.0,54,54.0,54,0.19700246,0.80025905,0,1,330455720183719589,2023-08-20,Rio de Janeiro,0.8545687,6747815,0,0,0,38,,,,,683938,18.46,21.86,26.1,22.3,79.71,51.0,18.03,0.7184385,68.0,17.94,0.8061102,67.0,18.51,0.6766382,75.0,17.34,0.69769275,60.0,18.235,4.007333185232471,0.05608946665104364,-0.2267733193647885,-0.2121745199436358,-0.3234001550538599,36,21.99,21.94,23.24,20.4,11.6,14.5,0.3,12.9,77.57,80.29,77.71,83.86,63.0,41.0,59.0,43.0
2018-09-16,201838,63.0,63,63.0,63,0.70117694,0.93363553,0,1,330455720183819589,2023-08-20,Rio de Janeiro,1.1007463,6747815,1,0,0,48,,,,,683938,21.34,24.43,28.61,15.6,82.43,54.0,18.46,0.8545687,51.0,18.03,0.7184385,68.0,17.94,0.8061102,67.0,18.51,0.6766382,59.0,18.9425,4.1588830833596715,0.15154989812720032,0.20763936477824396,-0.07522342123758818,-0.060624621816435464,37,21.86,21.99,21.94,23.24,22.3,11.6,14.5,0.3,79.71,77.57,80.29,77.71,41.0,59.0,43.0,72.0
2018-09-23,201839,41.0,41,41.0,41,0.07102797,0.6076041,0,1,330455720183919589,2023-08-20,Rio de Janeiro,0.7411463,6747815,1,0,0,30,,,,,683938,22.43,25.86,30.93,14.0,80.0,63.0,21.34,1.1007463,54.0,18.46,0.8545687,51.0,18.03,0.7184385,68.0,17.94,0.8061102,52.25,20.065,3.7376696182833684,-0.4212134650763031,-0.26966356694910276,-0.21357410029805912,-0.49643688631389127,38,24.43,21.86,21.99,21.94,15.6,22.3,11.6,14.5,82.43,79.71,77.57,80.29,59.0,43.0,72.0,70.0
2018-09-30,201840,59.0,59,59.0,59,0.6687643,0.8743571,0,2,330455720184019589,2023-08-20,Rio de Janeiro,1.0851566,6747815,1,0,0,53,,,,,683938,22.29,25.51,29.3,25.8,80.0,41.0,22.43,0.7411463,63.0,21.34,1.1007463,54.0,18.46,0.8545687,51.0,18.03,0.7184385,54.25,21.13,4.0943445622221,0.356674943938732,-0.06453852113757108,0.08701137698962924,0.14310084364067288,39,25.86,24.43,21.86,21.99,14.0,15.6,22.3,11.6,80.0,82.43,79.71,77.57,43.0,72.0,70.0,66.0
2018-10-07,201841,43.0,43,43.0,43,0.19380364,0.63724333,0,2,330455720184119589,2023-08-20,Rio de Janeiro,0.8374001,6747815,1,0,0,34,,,,,683938,22.21,25.1,29.3,76.0,86.57,59.0,22.29,1.0851566,41.0,22.43,0.7411463,63.0,21.34,1.1007463,54.0,18.46,0.8545687,51.5,22.067500000000003,3.784189633918261,-0.3101549283038394,0.04652001563489261,-0.3746934494414105,-0.22314355131421015,40,25.51,25.86,24.43,21.86,25.8,14.0,15.6,22.3,80.0,80.0,82.43,79.71,72.0,70.0,66.0,71.0
2018-10-14,201842,72.0,72,72.0,72,0.9689315,1.0670121,0,2,330455720184219589,2023-08-20,Rio de Janeiro,1.4008282,6747815,1,0,0,50,,,,,683938,21.7,23.87,26.41,26.6,85.86,43.0,22.21,0.8374001,59.0,22.29,1.0851566,41.0,22.43,0.7411463,63.0,21.34,1.1007463,53.75,22.1575,4.290459441148391,0.5062698072301299,0.19611487892629054,0.5527898228650225,0.13157635778871946,41,25.1,25.51,25.86,24.43,76.0,25.8,14.0,15.6,86.57,80.0,80.0,82.43,70.0,66.0,71.0,69.0
2018-10-21,201843,70.0,70,70.0,70,0.9090867,1.0373728,0,1,330455720184319589,2023-08-20,Rio de Janeiro,1.2696756,6747815,0,0,0,55,,,,,683938,20.53,23.76,27.71,28.8,82.43,72.0,21.7,1.4008282,43.0,22.21,0.8374001,59.0,22.29,1.0851566,41.0,22.43,0.7411463,61.0,21.682499999999997,4.2626798770413155,-0.027779564107075494,0.47849024312305444,0.16833531481921504,0.525010258757947,42,23.87,25.1,25.51,25.86,26.6,76.0,25.8,14.0,85.86,86.57,80.0,80.0,66.0,71.0,69.0,65.0
2018-10-28,201844,66.0,66,66.0,66,0.60430264,0.9780944,0,1,330455720184419589,2023-08-20,Rio de Janeiro,1.0475255,6747815,1,0,0,48,,,,,683938,21.27,24.87,29.13,3.3,77.86,70.0,20.53,1.2696756,72.0,21.7,1.4008282,43.0,22.21,0.8374001,59.0,22.29,1.0851566,62.75,21.427500000000002,4.204692619390966,-0.05798725765034973,-0.08576682175742523,0.4205029854727047,0.11034805716886531,43,23.76,23.87,25.1,25.51,28.8,26.6,76.0,25.8,82.43,85.86,86.57,80.0,71.0,69.0,65.0,106.0
2018-11-04,201845,71.0,71,71.0,71,0.6093475,1.0521924,0,1,330455720184519589,2023-08-20,Rio de Janeiro,1.048126,6747815,0,0,0,59,,,,,683938,21.11,23.33,25.87,66.0,86.71,66.0,21.27,1.0475255,70.0,20.53,1.2696756,72.0,21.7,1.4008282,43.0,22.21,0.8374001,69.75,21.1525,4.276666119016055,0.07197349962508959,0.013986241974739855,-0.01379332213233564,0.4924764850977943,44,24.87,23.76,23.87,25.1,3.3,28.8,26.6,76.0,77.86,82.43,85.86,86.57,69.0,65.0,106.0,150.0
2018-11-11,201846,69.0,69,69.0,69,0.5252814,1.0225532,0,1,330455720184619589,2023-08-20,Rio de Janeiro,1.010851,6747815,1,0,0,53,,,,,683938,23.51,27.09,31.51,16.2,77.43,71.0,21.11,1.048126,66.0,21.27,1.0475255,70.0,20.53,1.2696756,72.0,21.7,1.4008282,69.0,21.605,4.248495242049359,-0.028170876966695957,0.04380262265839363,-0.014184634991956102,-0.041964199099031596,45,23.33,24.87,23.76,23.87,66.0,3.3,28.8,26.6,86.71,77.86,82.43,85.86,65.0,106.0,150.0,138.0
2018-11-18,201847,65.0,65,65.0,65,0.37719724,0.9632748,0,1,330455720184719589,2023-08-20,Rio de Janeiro,0.94745743,6747815,1,0,0,50,,,,,683938,21.17,25.09,29.27,47.7,79.14,69.0,23.51,1.010851,71.0,21.11,1.048126,66.0,21.27,1.0475255,70.0,20.53,1.2696756,67.75,21.765,4.189654742026425,-0.05884050002293417,-0.08701137698963013,-0.015037877364540542,-0.07302513501489027,46,27.09,23.33,24.87,23.76,16.2,66.0,3.3,28.8,77.43,86.71,77.86,82.43,106.0,150.0,138.0,124.0
2018-11-25,201848,106.0,106,106.0,106,0.9967974,1.5708789,0,2,330455720184819589,2023-08-20,Rio de Janeiro,1.5133904,6747815,1,0,0,78,,,,,683938,22.59,25.89,29.8,65.0,80.86,65.0,21.17,0.94745743,69.0,23.51,1.010851,71.0,21.11,1.048126,66.0,21.27,1.0475255,77.75,22.095000000000002,4.672828834461906,0.4831740924354806,0.4243335924125464,0.39616271544585047,0.46813621507094005,47,25.09,27.09,23.33,24.87,47.7,16.2,66.0,3.3,79.14,77.43,86.71,77.86,150.0,138.0,124.0,147.0
2018-12-02,201849,150.0,150,150.0,150,0.9999981,2.2229419,0,2,330455720184919589,2023-08-20,Rio de Janeiro,1.8631202,6747815,1,0,0,102,,,,,683938,22.01,24.67,28.23,42.1,81.86,106.0,22.59,1.5133904,65.0,21.17,0.94745743,69.0,23.51,1.010851,71.0,21.11,1.048126,97.5,22.32,5.017279836814924,0.3444510023530185,0.8276250947884991,0.7687845947655649,0.740613717798869,48,25.89,25.09,27.09,23.33,65.0,47.7,16.2,66.0,80.86,79.14,77.43,86.71,138.0,124.0,147.0,179.0
2018-12-09,201850,138.0,138,138.0,138,0.98068166,2.0451064,0,2,330455720185019589,2023-08-20,Rio de Janeiro,1.3042083,6747815,1,0,0,102,,,,,683938,21.59,27.61,33.69,0.0,69.86,150.0,22.01,1.8631202,106.0,22.59,1.5133904,65.0,21.17,0.94745743,69.0,23.51,1.010851,114.75,21.84,4.9344739331306915,-0.0828059036842328,0.2616450986687857,0.7448191911042663,0.6859786910813321,49,24.67,25.89,25.09,27.09,42.1,65.0,47.7,16.2,81.86,80.86,79.14,77.43,124.0,147.0,179.0,186.0
2018-12-16,201851,124.0,124,124.0,124,0.36695984,1.837632,0,2,330455720185119589,2023-08-20,Rio de Janeiro,0.95825493,6747815,1,0,0,92,,,,,683938,25.61,29.79,34.7,6.4,71.0,138.0,21.59,1.3042083,150.0,22.01,1.8631202,106.0,22.59,1.5133904,65.0,21.17,0.94745743,129.5,22.95,4.8283137373023015,-0.10616019582838998,-0.18896609951262278,0.15548490284039573,0.6386589952758763,50,27.61,24.67,25.89,25.09,0.0,42.1,65.0,47.7,69.86,81.86,80.86,79.14,147.0,179.0,186.0,201.0
2018-12-23,201852,147.0,147,147.0,147,0.75703794,2.178483,0,2,330455720185219589,2023-08-20,Rio de Janeiro,1.086385,6747815,1,0,0,123,,,,,683938,23.39,26.11,29.59,49.7,82.29,124.0,25.61,0.95825493,138.0,21.59,1.3042083,150.0,22.01,1.8631202,106.0,22.59,1.5133904,139.75,23.15,4.997212273764115,0.1688985364618132,0.0627383406334232,-0.02006756305080959,0.3243834393022089,51,29.79,27.61,24.67,25.89,6.4,0.0,42.1,65.0,71.0,69.86,81.86,80.86,179.0,186.0,201.0,205.0
2018-12-30,201901,179.0,179,179.0,179,0.9915559,2.6527104,0,2,330455720190119589,2023-08-20,Rio de Janeiro,1.309704,6747815,1,0,0,168,,,,,683938,24.86,28.61,33.87,50.4,78.57,147.0,23.39,1.086385,124.0,25.61,0.95825493,138.0,21.59,1.3042083,150.0,22.01,1.8631202,147.0,23.8625,5.19295685089021,0.19574457712609572,0.3646431135879089,0.2584829177595189,0.17567701407528613,52,26.11,29.79,27.61,24.67,49.7,6.4,0.0,42.1,82.29,71.0,69.86,81.86,186.0,201.0,205.0,159.0
2019-01-06,201902,186.0,186,186.0,186,0.9750358,2.7564478,0,2,330455720190219589,2023-08-20,Rio de Janeiro,1.238895,6747815,1,0,0,136,,,,,683938,24.9,29.83,35.3,0.7,70.43,179.0,24.86,1.309704,147.0,23.39,1.086385,124.0,25.61,0.95825493,138.0,21.59,1.3042083,159.0,24.69,5.231108616854587,0.038151765964376416,0.23389634309047214,0.4027948795522853,0.29663468372389534,1,28.61,26.11,29.79,27.61,50.4,49.7,6.4,0.0,78.57,82.29,71.0,69.86,201.0,205.0,159.0,167.0
2019-01-13,201903,201.0,201,201.0,201,0.9455548,2.9787421,0,2,330455720190319589,2023-08-20,Rio de Janeiro,1.1812009,6747815,1,0,0,162,,,,,683938,25.41,29.97,35.67,10.6,69.0,186.0,24.9,1.238895,179.0,24.86,1.309704,147.0,23.39,1.086385,124.0,25.61,0.95825493,178.25,24.64,5.308267697401205,0.07715908054661824,0.11531084651099466,0.3110554236370904,0.47995396009890356,2,29.83,28.61,26.11,29.79,0.7,50.4,49.7,6.4,70.43,78.57,82.29,71.0,205.0,159.0,167.0,182.0
2019-01-20,201904,205.0,205,205.0,205,0.8355547,3.0380204,0,2,330455720190419589,2023-08-20,Rio de Janeiro,1.1037812,6747815,1,0,0,160,,,,,683938,24.84,28.97,33.89,38.3,78.71,201.0,25.41,1.1812009,186.0,24.9,1.238895,179.0,24.86,1.309704,147.0,23.39,1.086385,192.75,25.0025,5.327876168789581,0.01960847138837618,0.09676755193499442,0.13491931789937084,0.33066389502546656,3,29.97,29.83,28.61,26.11,10.6,0.7,50.4,49.7,69.0,70.43,78.57,82.29,159.0,167.0,182.0,195.0
2019-01-27,201905,159.0,159,159.0,159,0.03200278,2.3563182,0,2,330455720190519589,2023-08-20,Rio de Janeiro,0.8207927,6747815,1,0,0,135,,,,,683938,24.83,30.5,36.13,0.5,67.86,205.0,24.84,1.1037812,201.0,25.41,1.1812009,186.0,24.9,1.238895,179.0,24.86,1.309704,187.75,24.995,5.075173815233827,-0.25270235355575466,-0.23309388216737847,-0.15593480162076023,-0.11778303565638382,4,28.97,29.97,29.83,28.61,38.3,10.6,0.7,50.4,78.71,69.0,70.43,78.57,167.0,182.0,195.0,157.0
2019-02-03,201906,167.0,167,167.0,167,0.12391866,2.4748752,0,2,330455720190619589,2023-08-20,Rio de Janeiro,0.88469976,6747815,1,0,0,123,,,,,683938,23.44,26.34,29.76,90.8,81.14,159.0,24.83,0.8207927,205.0,24.84,1.1037812,201.0,25.41,1.1812009,186.0,24.9,1.238895,183.0,24.63,5.123963979403259,0.04879016416943216,-0.2039121893863225,-0.18430371799794631,-0.10714463745132807,5,30.5,28.97,29.97,29.83,0.5,38.3,10.6,0.7,67.86,78.71,69.0,70.43,182.0,195.0,157.0,274.0
2019-02-10,201907,182.0,182,182.0,182,0.6452114,2.6971693,0,2,330455720190719589,2023-08-20,Rio de Janeiro,1.0401666,6747815,1,0,0,148,,,,,683938,23.76,27.3,31.33,52.9,80.29,167.0,23.44,0.88469976,159.0,24.83,0.8207927,205.0,24.84,1.1037812,201.0,25.41,1.1812009,178.25,24.2175,5.209486152841421,0.0855221734381626,0.13431233760759476,-0.1183900159481599,-0.09878154455978372,6,26.34,30.5,28.97,29.97,90.8,0.5,38.3,10.6,81.14,67.86,78.71,69.0,195.0,157.0,274.0,414.0
2019-02-17,201908,195.0,195,195.0,195,0.8890264,2.8898244,0,2,330455720190819589,2023-08-20,Rio de Janeiro,1.1360477,6747815,1,0,0,152,,,,,683938,24.71,28.34,33.34,55.8,81.86,182.0,23.76,1.0401666,167.0,23.44,0.88469976,159.0,24.83,0.8207927,205.0,24.84,1.1037812,175.75,24.185,5.278114659230517,0.06862850638909546,0.15415067982725805,0.2029408439966902,-0.04976150955906444,7,27.3,26.34,30.5,28.97,52.9,90.8,0.5,38.3,80.29,81.14,67.86,78.71,157.0,274.0,414.0,643.0
2019-02-24,201909,157.0,157,157.0,157,0.12309675,2.326679,0,2,330455720190919589,2023-08-20,Rio de Janeiro,0.8810437,6747815,1,0,0,128,,,,,683938,25.07,28.39,33.17,42.7,81.43,195.0,24.71,1.1360477,182.0,23.76,1.0401666,167.0,23.44,0.88469976,159.0,24.83,0.8207927,175.25,24.245,5.062595033026967,-0.21551962620354992,-0.14689111981445446,-0.061368946376291866,-0.012578782206859707,8,28.34,27.3,26.34,30.5,55.8,52.9,90.8,0.5,81.86,80.29,81.14,67.86,274.0,414.0,643.0,801.0
2019-03-03,201910,274.0,274,274.0,274,0.9999869,4.0605736,0,2,330455720191019589,2023-08-20,Rio de Janeiro,1.4861884,6747815,1,0,0,217,,,,,683938,24.57,28.56,33.61,26.8,81.0,157.0,25.07,0.8810437,195.0,24.71,1.1360477,182.0,23.76,1.0401666,167.0,23.44,0.88469976,202.0,24.5275,5.616771097666572,0.5541760646396048,0.33865643843605486,0.4072849448251503,0.4928071182633129,9,28.39,28.34,27.3,26.34,42.7,55.8,52.9,90.8,81.43,81.86,80.29,81.14,414.0,643.0,801.0,1112.0
2019-03-10,201911,414.0,414,414.0,414,1.0,6.135319,0,2,330455720191119589,2023-08-20,Rio de Janeiro,1.9803067,6747815,1,1,1,352,,,,,683938,25.1,28.06,32.24,65.3,84.14,274.0,24.57,1.4861884,157.0,25.07,0.8810437,195.0,24.71,1.1360477,182.0,23.76,1.0401666,260.0,24.8625,6.028278520230698,0.4115074225641262,0.965683487203731,0.7501638610001811,0.8187923673892765,10,28.56,28.39,28.34,27.3,26.8,42.7,55.8,52.9,81.0,81.43,81.86,80.29,643.0,801.0,1112.0,1207.0
2019-03-17,201912,643.0,643,643.0,643,1.0,9.529011,0,3,330455720191219589,2023-08-20,Rio de Janeiro,2.1904345,6747815,1,1,1,513,,,,,683938,24.03,26.71,30.24,58.5,84.43,414.0,25.1,1.9803067,274.0,24.57,1.4861884,157.0,25.07,0.8810437,195.0,24.71,1.1360477,372.0,24.692500000000003,6.467698726104354,0.43942020587365604,0.8509276284377822,1.405103693077387,1.189584066873837,11,28.06,28.56,28.39,28.34,65.3,26.8,42.7,55.8,84.14,81.0,81.43,81.86,801.0,1112.0,1207.0,1280.0
2019-03-24,201913,801.0,801,801.0,801,1.0,11.870509,0,3,330455720191319589,2023-08-20,Rio de Janeiro,1.8218565,6747815,1,1,1,644,,,,,683938,22.34,26.09,30.63,38.8,81.29,643.0,24.03,2.1904345,414.0,25.1,1.9803067,274.0,24.57,1.4861884,157.0,25.07,0.8810437,533.0,24.009999999999998,6.687108607866515,0.2194098817621608,0.6588300876358169,1.070337510199943,1.6245135748395478,12,26.71,28.06,28.56,28.39,58.5,65.3,26.8,42.7,84.43,84.14,81.0,81.43,1112.0,1207.0,1280.0,1432.0
2019-03-31,201914,1112.0,1112,1112.0,1112,1.0,16.479408,0,3,330455720191419589,2023-08-20,Rio de Janeiro,1.776165,6747815,1,1,1,911,,,,,683938,22.6,26.9,32.03,10.1,81.0,801.0,22.34,1.8218565,643.0,24.03,2.1904345,414.0,25.1,1.9803067,274.0,24.57,1.4861884,742.5,23.517500000000002,7.014814351275545,0.32770574340903025,0.5471156251711911,0.9865358310448471,1.3980432536089733,13,26.09,26.71,28.06,28.56,38.8,58.5,65.3,26.8,81.29,84.43,84.14,81.0,1207.0,1280.0,1432.0,1643.0
2019-04-07,201915,1207.0,1207,1207.0,1207,1.0,17.887272,0,3,330455720191519589,2023-08-20,Rio de Janeiro,1.449038,6747815,1,1,1,1011,,,,,683938,23.41,26.57,30.6,55.9,85.57,1112.0,22.6,1.776165,801.0,22.34,1.8218565,643.0,24.03,2.1904345,414.0,25.1,1.9803067,940.75,23.095,7.0967213784947605,0.0819070272192155,0.40961277062824575,0.6290226523904066,1.0684428582640626,14,26.9,26.09,26.71,28.06,10.1,38.8,58.5,65.3,81.0,81.29,84.43,84.14,1280.0,1432.0,1643.0,1864.0
2019-04-14,201916,1280.0,1280,1280.0,1280,0.9999998,18.969103,0,3,330455720191619589,2023-08-20,Rio de Janeiro,1.2364792,6747815,1,1,1,1063,,,,,683938,22.63,25.83,29.83,34.9,84.57,1207.0,23.41,1.449038,1112.0,22.6,1.776165,801.0,22.34,1.8218565,643.0,24.03,2.1904345,1100.0,22.744999999999997,7.155396301896734,0.058674923401973444,0.14058195062118894,0.4682876940302192,0.68769757579238,15,26.57,26.9,26.09,26.71,55.9,10.1,38.8,58.5,85.57,81.0,81.29,84.43,1432.0,1643.0,1864.0,1624.0
2019-04-21,201917,1432.0,1432,1432.0,1432,0.9999994,21.221684,0,3,330455720191719589,2023-08-20,Rio de Janeiro,1.2096795,6747815,1,1,1,1209,,,,,683938,22.89,26.94,32.01,7.3,82.57,1280.0,22.63,1.2364792,1207.0,23.41,1.449038,1112.0,22.6,1.776165,801.0,22.34,1.8218565,1257.75,22.8825,7.267525427828172,0.11212912593143809,0.17080404933341153,0.25271107655262703,0.5804168199616573,16,25.83,26.57,26.9,26.09,34.9,55.9,10.1,38.8,84.57,85.57,81.0,81.29,1643.0,1864.0,1624.0,1573.0
2019-04-28,201918,1643.0,1643,1643.0,1643,1.0,24.348623,0,3,330455720191819589,2023-08-20,Rio de Janeiro,1.2623037,6747815,1,1,1,1368,,,,,683938,22.76,26.39,31.33,5.5,81.71,1432.0,22.89,1.2096795,1280.0,22.63,1.2364792,1207.0,23.41,1.449038,1112.0,22.6,1.776165,1390.5,22.9225,7.404887575616125,0.13736214778795297,0.24949127371939106,0.3081661971213645,0.39007322434058,17,26.94,25.83,26.57,26.9,7.3,34.9,55.9,10.1,82.57,84.57,85.57,81.0,1864.0,1624.0,1573.0,1233.0
2019-05-05,201919,1864.0,1864,1864.0,1864,1.0,27.623756,0,3,330455720191919589,2023-08-20,Rio de Janeiro,1.286042,6747815,1,1,1,1641,,,,,683938,21.99,25.36,29.7,10.1,81.43,1643.0,22.76,1.2623037,1432.0,22.89,1.2096795,1280.0,22.63,1.2364792,1207.0,23.41,1.449038,1554.75,22.567500000000003,7.5310163320779155,0.12612875646179056,0.26349090424974353,0.3756200301811816,0.43429495358315506,18,26.39,26.94,25.83,26.57,5.5,7.3,34.9,55.9,81.71,82.57,84.57,85.57,1624.0,1573.0,1233.0,980.0
2019-05-12,201920,1624.0,1624,1624.0,1624,0.56084573,24.067049,0,3,330455720192019589,2023-08-20,Rio de Janeiro,1.0053942,6747815,1,0,1,1262,,,,,683938,22.17,24.49,27.54,58.3,87.43,1864.0,21.99,1.286042,1643.0,22.76,1.2623037,1432.0,22.89,1.2096795,1280.0,22.63,1.2364792,1640.75,22.4525,7.393263094763838,-0.13775323731407774,-0.011624480852287178,0.1257376669356658,0.23786679286710388,19,25.36,26.39,26.94,25.83,10.1,5.5,7.3,34.9,81.43,81.71,82.57,84.57,1573.0,1233.0,980.0,769.0
2019-05-19,201921,1573.0,1573,1573.0,1573,0.011954105,23.311249,0,1,330455720192119589,2023-08-20,Rio de Janeiro,0.92408437,6747815,0,0,1,1229,,,,,683938,20.33,24.09,29.26,1.5,84.14,1624.0,22.17,1.0053942,1864.0,21.99,1.286042,1643.0,22.76,1.2623037,1432.0,22.89,1.2096795,1676.0,21.8125,7.3613754289773485,-0.03188766578648927,-0.169640903100567,-0.04351214663877645,0.09385000114917652,20,24.49,25.36,26.39,26.94,58.3,10.1,5.5,7.3,87.43,81.43,81.71,82.57,1233.0,980.0,769.0,551.0
2019-05-26,201922,1233.0,1233,1233.0,1233,1.1768364e-14,18.272581,0,1,330455720192219589,2023-08-20,Rio de Janeiro,0.7512186,6747815,0,0,1,971,,,,,683938,20.04,24.39,30.06,0.1,81.71,1573.0,20.33,0.92408437,1624.0,22.17,1.0053942,1864.0,21.99,1.286042,1643.0,22.76,1.2623037,1573.5,21.1325,7.1180162044653335,-0.24335922451201508,-0.27524689029850435,-0.4130001276125821,-0.28687137115079153,21,24.09,24.49,25.36,26.39,1.5,58.3,10.1,5.5,84.14,87.43,81.43,81.71,980.0,769.0,551.0,497.0
2019-06-02,201923,980.0,980,980.0,980,0.0,14.52322,0,1,330455720192319589,2023-08-20,Rio de Janeiro,0.66221946,6747815,0,0,1,762,,,,,683938,18.43,21.6,26.16,13.4,83.14,1233.0,20.04,0.7512186,1573.0,20.33,0.92408437,1624.0,22.17,1.0053942,1864.0,21.99,1.286042,1352.5,20.2425,6.8885724595653635,-0.22944374489997,-0.4728029694119851,-0.5046906351984743,-0.6424438725125521,22,24.39,24.09,24.49,25.36,0.1,1.5,58.3,10.1,81.71,84.14,87.43,81.43,769.0,551.0,497.0,489.0
2019-06-09,201924,769.0,769,769.0,769,0.0,11.396281,0,1,330455720192419589,2023-08-20,Rio de Janeiro,0.61651665,6747815,0,0,1,595,,,,,683938,19.07,23.44,29.26,0.0,82.57,980.0,18.43,0.66221946,1233.0,20.04,0.7512186,1573.0,20.33,0.92408437,1624.0,22.17,1.0053942,1138.75,19.4675,6.646390514847729,-0.24218194471763432,-0.4716256896176043,-0.7149849141296194,-0.7468725799161087,23,21.6,24.39,24.09,24.49,13.4,0.1,1.5,58.3,83.14,81.71,84.14,87.43,551.0,497.0,489.0,285.0
2019-06-16,201925,551.0,551,551.0,551,0.0,8.1656065,0,1,330455720192519589,2023-08-20,Rio de Janeiro,0.5523727,6747815,0,0,1,431,,,,,683938,19.06,22.86,27.99,5.4,81.57,769.0,19.07,0.61651665,980.0,18.43,0.66221946,1233.0,20.04,0.7512186,1573.0,20.33,0.92408437,883.25,19.15,6.313548046277095,-0.33284246857063415,-0.5750244132882685,-0.8044681581882385,-1.0478273827002536,24,23.44,21.6,24.39,24.09,0.0,13.4,0.1,1.5,82.57,83.14,81.71,84.14,497.0,489.0,285.0,238.0
2019-06-23,201926,497.0,497,497.0,497,1.3322676e-15,7.3653474,0,1,330455720192619589,2023-08-20,Rio de Janeiro,0.6389492,6747815,0,0,1,385,,,,,683938,19.67,24.27,30.69,0.7,79.43,551.0,19.06,0.5523727,769.0,19.07,0.61651665,980.0,18.43,0.66221946,1233.0,20.04,0.7512186,699.25,19.0575,6.210600077024653,-0.1029479692524422,-0.43579043782307636,-0.6779723825407107,-0.9074161274406807,25,22.86,23.44,21.6,24.39,5.4,0.0,13.4,0.1,81.57,82.57,83.14,81.71,489.0,285.0,238.0,168.0
2019-06-30,201927,489.0,489,489.0,489,0.0001131485,7.2467904,0,1,330455720192719589,2023-08-20,Rio de Janeiro,0.80014104,6747815,0,0,1,362,,,,,683938,19.2,23.33,28.67,37.6,75.86,497.0,19.67,0.6389492,551.0,19.06,0.5523727,769.0,19.07,0.61651665,980.0,18.43,0.66221946,576.5,19.25,6.194405391104672,-0.016194685919980856,-0.11914265517242306,-0.4519851237430572,-0.6941670684606915,26,24.27,22.86,23.44,21.6,0.7,5.4,0.0,13.4,79.43,81.57,82.57,83.14,285.0,238.0,168.0,169.0
2019-07-07,201928,285.0,285,285.0,285,3.330669e-16,4.2235894,0,1,330455720192819589,2023-08-20,Rio de Janeiro,0.5573581,6747815,0,0,0,213,,,,,683938,13.74,19.0,25.9,0.0,76.57,489.0,19.2,0.80014104,497.0,19.67,0.6389492,551.0,19.06,0.5523727,769.0,19.07,0.61651665,455.5,17.9175,5.655991810819852,-0.5384135802848196,-0.5546082662048004,-0.6575562354572426,-0.9903987040278768,27,23.33,24.27,22.86,23.44,37.6,0.7,5.4,0.0,75.86,79.43,81.57,82.57,238.0,168.0,169.0,140.0
2019-07-14,201929,238.0,238,238.0,238,3.1530334e-14,3.5270677,0,1,330455720192919589,2023-08-20,Rio de Janeiro,0.55291766,6747815,0,0,0,166,,,,,683938,15.9,20.13,25.29,4.2,79.29,285.0,13.74,0.5573581,489.0,19.2,0.80014104,497.0,19.67,0.6389492,551.0,19.06,0.5523727,377.25,17.127499999999998,5.476463551931511,-0.17952825888834134,-0.7179418391731609,-0.7341365250931418,-0.837084494345584,28,19.0,23.33,24.27,22.86,0.0,37.6,0.7,5.4,76.57,75.86,79.43,81.57,168.0,169.0,140.0,140.0
2019-07-21,201930,168.0,168,168.0,168,1.9695356e-13,2.4896948,0,1,330455720193019589,2023-08-20,Rio de Janeiro,0.51209897,6747815,0,0,0,115,,,,,683938,16.56,22.4,29.51,0.0,75.71,238.0,15.9,0.55291766,285.0,13.74,0.5573581,489.0,19.2,0.80014104,497.0,19.67,0.6389492,295.0,16.349999999999998,5.1298987149230735,-0.34656483700843754,-0.5260930958967789,-1.0645066761815984,-1.0807013621015793,29,20.13,19.0,23.33,24.27,4.2,0.0,37.6,0.7,79.29,76.57,75.86,79.43,169.0,140.0,140.0,97.0
2019-07-28,201931,169.0,169,169.0,169,0.0001413689,2.5045145,0,1,330455720193119589,2023-08-20,Rio de Janeiro,0.6972966,6747815,0,0,0,118,,,,,683938,18.07,22.44,28.36,14.4,79.57,168.0,16.56,0.51209897,238.0,15.9,0.55291766,285.0,13.74,0.5573581,489.0,19.2,0.80014104,215.0,16.0675,5.135798437050262,0.005899722127188589,-0.34066511488124895,-0.5201933737695903,-1.0586069540544099,30,22.4,20.13,19.0,23.33,0.0,4.2,0.0,37.6,75.71,79.29,76.57,75.86,140.0,140.0,97.0,71.0
2019-08-04,201932,140.0,140,140.0,140,0.0025846844,2.0747457,0,1,330455720193219589,2023-08-20,Rio de Janeiro,0.73419493,6747815,0,0,0,107,,,,,683938,17.21,21.33,26.67,14.2,82.43,169.0,18.07,0.6972966,168.0,16.56,0.51209897,238.0,15.9,0.55291766,285.0,13.74,0.5573581,178.75,16.935,4.948759890378168,-0.18703854667209363,-0.18113882454490504,-0.5277036615533426,-0.7072319204416839,31,22.44,22.4,20.13,19.0,14.4,0.0,4.2,0.0,79.57,75.71,79.29,76.57,140.0,97.0,71.0,64.0
2019-08-11,201933,140.0,140,140.0,140,0.08663776,2.0747457,0,1,330455720193319589,2023-08-20,Rio de Janeiro,0.8552957,6747815,0,0,0,96,,,,,683938,16.79,21.2,27.17,13.7,76.57,140.0,17.21,0.73419493,169.0,18.07,0.6972966,168.0,16.56,0.51209897,238.0,15.9,0.55291766,154.25,17.1575,4.948759890378168,0.0,-0.18703854667209363,-0.18113882454490504,-0.5277036615533426,32,21.33,22.44,22.4,20.13,14.2,14.4,0.0,4.2,82.43,79.57,75.71,79.29,97.0,71.0,64.0,66.0
2019-08-18,201934,97.0,97,97.0,97,0.000786275,1.4375024,0,1,330455720193419589,2023-08-20,Rio de Janeiro,0.66428286,6747815,0,0,0,52,,,,,683938,17.67,20.67,24.2,25.6,83.29,140.0,16.79,0.8552957,140.0,17.21,0.73419493,169.0,18.07,0.6972966,168.0,16.56,0.51209897,136.5,17.435,4.584967478670572,-0.36379241170759613,-0.36379241170759613,-0.5508309583796898,-0.5449312362525012,33,21.2,21.33,22.44,22.4,13.7,14.2,14.4,0.0,76.57,82.43,79.57,75.71,71.0,64.0,66.0,83.0
2019-08-25,201935,71.0,71,71.0,71,3.0148212e-05,1.0521924,0,1,330455720193519589,2023-08-20,Rio de Janeiro,0.5593474,6747815,0,0,0,51,,,,,683938,17.17,21.7,27.19,0.9,77.14,97.0,17.67,0.66428286,140.0,16.79,0.8552957,140.0,17.21,0.73419493,169.0,18.07,0.6972966,112.0,17.21,4.276666119016055,-0.308301359654517,-0.6720937713621131,-0.6720937713621131,-0.8591323180342068,34,20.67,21.2,21.33,22.44,25.6,13.7,14.2,14.4,83.29,76.57,82.43,79.57,64.0,66.0,83.0,99.0
2019-09-01,201936,64.0,64,64.0,64,0.0016520291,0.94845515,0,1,330455720193619589,2023-08-20,Rio de Janeiro,0.63029844,6747815,0,0,0,43,,,,,683938,19.51,22.07,25.96,38.5,86.29,71.0,17.17,0.5593474,97.0,17.67,0.66428286,140.0,16.79,0.8552957,140.0,17.21,0.73419493,93.0,17.785,4.174387269895637,-0.10227884912041851,-0.4105802087749355,-0.7743726204825316,-0.7743726204825316,35,21.7,20.67,21.2,21.33,0.9,25.6,13.7,14.2,77.14,83.29,76.57,82.43,66.0,83.0,99.0,73.0
2019-09-08,201937,66.0,66,66.0,66,0.13846675,0.9780944,0,1,330455720193719589,2023-08-20,Rio de Janeiro,0.83493936,6747815,0,0,0,48,,,,,683938,20.3,25.09,31.36,2.7,75.29,64.0,19.51,0.63029844,71.0,17.17,0.5593474,97.0,17.67,0.66428286,140.0,16.79,0.8552957,74.5,18.6625,4.204692619390966,0.030305349495328926,-0.07197349962508959,-0.3802748592796066,-0.7440672709872027,36,22.07,21.7,20.67,21.2,38.5,0.9,25.6,13.7,86.29,77.14,83.29,76.57,83.0,99.0,73.0,67.0
2019-09-15,201938,83.0,83,83.0,83,0.87203544,1.2300278,0,1,330455720193819589,2023-08-20,Rio de Janeiro,1.2021996,6747815,1,0,0,58,,,,,683938,21.64,25.99,32.27,3.8,77.0,66.0,20.3,0.83493936,64.0,19.51,0.63029844,71.0,17.17,0.5593474,97.0,17.67,0.66428286,71.0,19.655,4.430816798843313,0.22612417945234764,0.25642952894767657,0.15415067982725805,-0.15415067982725894,37,25.09,22.07,21.7,20.67,2.7,38.5,0.9,25.6,75.29,86.29,77.14,83.29,99.0,73.0,67.0,65.0
2019-09-22,201939,99.0,99,99.0,99,0.98272586,1.4671416,0,1,330455720193919589,2023-08-20,Rio de Janeiro,1.3840891,6747815,0,0,0,35,,,,,683938,18.77,20.97,23.6,59.3,84.43,83.0,21.64,1.2021996,66.0,20.3,0.83493936,64.0,19.51,0.63029844,71.0,17.17,0.5593474,78.0,20.055,4.605170185988092,0.17435338714477844,0.4004775665971261,0.430782916092455,0.3285040669720365,38,25.99,25.09,22.07,21.7,3.8,2.7,38.5,0.9,77.0,75.29,86.29,77.14,73.0,67.0,65.0,58.0
2019-09-29,201940,73.0,73,73.0,73,0.26506817,1.0818317,0,1,330455720194019589,2023-08-20,Rio de Janeiro,0.90389055,6747815,0,0,0,59,,,,,683938,19.29,23.69,29.07,3.2,75.86,99.0,18.77,1.3840891,83.0,21.64,1.2021996,66.0,20.3,0.83493936,64.0,19.51,0.63029844,80.25,20.0,4.30406509320417,-0.3011050927839216,-0.12675170563914318,0.09937247381320446,0.1296778233085334,39,20.97,25.99,25.09,22.07,59.3,3.8,2.7,38.5,84.43,77.0,75.29,86.29,67.0,65.0,58.0,40.0
2019-10-06,201941,67.0,67,67.0,67,0.07437107,0.992914,0,1,330455720194119589,2023-08-20,Rio de Janeiro,0.79087025,6747815,1,0,0,54,,,,,683938,21.63,24.43,28.07,47.2,83.86,73.0,19.29,0.90389055,99.0,18.77,1.3840891,83.0,21.64,1.2021996,66.0,20.3,0.83493936,80.5,20.3325,4.219507705176107,-0.08455738802806323,-0.38566248081198484,-0.2113090936672064,0.014815085785141235,40,23.69,20.97,25.99,25.09,3.2,59.3,3.8,2.7,75.86,84.43,77.0,75.29,65.0,58.0,40.0,65.0
2019-10-13,201942,65.0,65,65.0,65,0.14514983,0.9632748,0,1,330455720194219589,2023-08-20,Rio de Janeiro,0.8378258,6747815,1,0,0,55,,,,,683938,22.57,26.44,31.83,3.7,77.57,67.0,21.63,0.79087025,73.0,19.29,0.90389055,99.0,18.77,1.3840891,83.0,21.64,1.2021996,76.0,20.565,4.189654742026425,-0.029852963149681777,-0.114410351177745,-0.4155154439616666,-0.24116205681688818,41,24.43,23.69,20.97,25.99,47.2,3.2,59.3,3.8,83.86,75.86,84.43,77.0,58.0,40.0,65.0,56.0
2019-10-20,201943,58.0,58,58.0,58,0.16410016,0.8595375,0,1,330455720194319589,2023-08-20,Rio de Janeiro,0.8408911,6747815,0,0,0,53,,,,,683938,21.27,23.96,27.37,18.7,79.29,65.0,22.57,0.8378258,67.0,21.63,0.79087025,73.0,19.29,0.90389055,99.0,18.77,1.3840891,65.75,21.189999999999998,4.07753744390572,-0.11211729812070548,-0.14197026127038725,-0.22652764929845048,-0.5276327420823721,42,26.44,24.43,23.69,20.97,3.7,47.2,3.2,59.3,77.57,83.86,75.86,84.43,40.0,65.0,56.0,50.0
2019-10-27,201944,40.0,40,40.0,40,0.011876185,0.59278446,0,1,330455720194419589,2023-08-20,Rio de Janeiro,0.63766843,6747815,1,0,0,31,,,,,683938,24.24,27.61,32.64,27.0,77.29,58.0,21.27,0.8408911,65.0,22.57,0.8378258,67.0,21.63,0.79087025,73.0,19.29,0.90389055,57.5,22.427500000000002,3.713572066704308,-0.36396537720141175,-0.47608267532211723,-0.505935638471799,-0.5904930264998622,43,23.96,26.44,24.43,23.69,18.7,3.7,47.2,3.2,79.29,77.57,83.86,75.86,65.0,56.0,50.0,74.0
2019-11-03,201945,65.0,65,65.0,65,0.7940378,0.9632748,0,1,330455720194519589,2023-08-20,Rio de Janeiro,1.1605219,6747815,1,0,0,56,,,,,683938,22.47,26.17,30.76,43.3,78.71,40.0,24.24,0.63766843,58.0,21.27,0.8408911,65.0,22.57,0.8378258,67.0,21.63,0.79087025,57.0,22.6375,4.189654742026425,0.47608267532211723,0.11211729812070548,0.0,-0.029852963149681777,44,27.61,23.96,26.44,24.43,27.0,18.7,3.7,47.2,77.29,79.29,77.57,83.86,56.0,50.0,74.0,49.0
2019-11-10,201946,56.0,56,56.0,56,0.62985647,0.8298983,0,2,330455720194619589,2023-08-20,Rio de Janeiro,1.0654521,6747815,1,0,0,42,,,,,683938,21.36,23.93,27.1,64.2,84.43,65.0,22.47,1.1605219,40.0,24.24,0.63766843,58.0,21.27,0.8408911,65.0,22.57,0.8378258,54.75,22.335,4.04305126783455,-0.14660347419187492,0.3294792011302423,-0.03448617607116944,-0.14660347419187492,45,26.17,27.61,23.96,26.44,43.3,27.0,18.7,3.7,78.71,77.29,79.29,77.57,50.0,74.0,49.0,75.0
2019-11-17,201947,50.0,50,50.0,50,0.30238125,0.7409806,0,2,330455720194719589,2023-08-20,Rio de Janeiro,0.90434545,6747815,1,0,0,39,,,,,683938,21.71,24.39,27.77,37.5,82.71,56.0,21.36,1.0654521,65.0,22.47,1.1605219,40.0,24.24,0.63766843,58.0,21.27,0.8408911,52.75,22.444999999999997,3.9318256327243257,-0.11122563511022454,-0.25782910930209946,0.21825356602001778,-0.14571181118139398,46,23.93,26.17,27.61,23.96,64.2,43.3,27.0,18.7,84.43,78.71,77.29,79.29,74.0,49.0,75.0,58.0
2019-11-24,201948,74.0,74,74.0,74,0.9370975,1.0966513,0,1,330455720194819589,2023-08-20,Rio de Janeiro,1.3076928,6747815,0,0,0,52,,,,,683938,20.04,23.43,27.17,32.5,77.0,50.0,21.71,0.90434545,56.0,21.36,1.0654521,65.0,22.47,1.1605219,40.0,24.24,0.63766843,61.25,21.395,4.31748811353631,0.3856624808119844,0.27443684570175986,0.12783337150988494,0.6039160468320022,47,24.39,23.93,26.17,27.61,37.5,64.2,43.3,27.0,82.71,84.43,78.71,77.29,49.0,75.0,58.0,43.0
2019-12-01,201949,49.0,49,49.0,49,0.197643,0.726161,0,1,330455720194919589,2023-08-20,Rio de Janeiro,0.8485817,6747815,1,0,0,38,,,,,683938,21.27,24.54,28.39,40.0,81.0,74.0,20.04,1.3076928,50.0,21.71,0.90434545,56.0,21.36,1.0654521,65.0,22.47,1.1605219,57.25,21.095,3.912023005428146,-0.40546510810816416,-0.019802627296179764,-0.1310282624064043,-0.2776317365982792,48,23.43,24.39,23.93,26.17,32.5,37.5,64.2,43.3,77.0,82.71,84.43,78.71,75.0,58.0,43.0,69.0
2019-12-08,201950,75.0,75,75.0,75,0.88867205,1.1114709,0,1,330455720195019589,2023-08-20,Rio de Janeiro,1.2326777,6747815,1,0,0,62,,,,,683938,22.49,25.4,29.27,84.7,83.29,49.0,21.27,0.8485817,74.0,20.04,1.3076928,50.0,21.71,0.90434545,56.0,21.36,1.0654521,62.0,21.377499999999998,4.330733340286331,0.4187103348581851,0.013245226750020933,0.39890770756200533,0.2876820724517808,49,24.54,23.43,24.39,23.93,40.0,32.5,37.5,64.2,81.0,77.0,82.71,84.43,58.0,43.0,69.0,100.0
2019-12-15,201951,58.0,58,58.0,58,0.36750466,0.8595375,0,2,330455720195119589,2023-08-20,Rio de Janeiro,0.9401882,6747815,1,0,0,47,,,,,683938,23.61,27.46,32.44,44.6,75.86,75.0,22.49,1.2326777,49.0,21.27,0.8485817,74.0,20.04,1.3076928,50.0,21.71,0.90434545,64.0,21.8525,4.07753744390572,-0.25319589638061135,0.16551443847757374,-0.23995066963059042,0.14571181118139398,50,25.4,24.54,23.43,24.39,84.7,40.0,32.5,37.5,83.29,81.0,77.0,82.71,43.0,69.0,100.0,109.0
2019-12-22,201952,43.0,43,43.0,43,0.028790502,0.63724333,0,2,330455720195219589,2023-08-20,Rio de Janeiro,0.68957037,6747815,1,0,0,39,,,,,683938,22.67,26.33,30.87,68.0,80.86,58.0,23.61,0.9401882,75.0,22.49,1.2326777,49.0,21.27,0.8485817,74.0,20.04,1.3076928,56.25,22.509999999999998,3.784189633918261,-0.2933478099874587,-0.54654370636807,-0.12783337150988494,-0.5332984796180491,51,27.46,25.4,24.54,23.43,44.6,84.7,40.0,32.5,75.86,83.29,81.0,77.0,69.0,100.0,109.0,85.0
2019-12-29,202001,69.0,69,69.0,69,0.82717055,1.0225532,0,2,330455720200119589,2023-08-20,Rio de Janeiro,1.1815703,6747815,1,0,0,60,,,,,683938,23.4,26.99,31.47,29.4,78.0,43.0,22.67,0.68957037,58.0,23.61,0.9401882,75.0,22.49,1.2326777,49.0,21.27,0.8485817,61.25,23.0425,4.248495242049359,0.46430560813109834,0.17095779814363965,-0.0822380982369717,0.3364722366212134,52,26.33,27.46,25.4,24.54,68.0,44.6,84.7,40.0,80.86,75.86,83.29,81.0,100.0,109.0,85.0,77.0
2020-01-05,202002,100.0,100,100.0,100,0.9996767,1.4819613,0,2,330455720200219589,2023-08-20,Rio de Janeiro,1.7373068,6747815,1,0,0,91,,,,,683938,24.69,28.37,33.6,57.0,79.14,69.0,23.4,1.1815703,43.0,22.67,0.68957037,58.0,23.61,0.9401882,75.0,22.49,1.2326777,67.5,23.5925,4.61512051684126,0.3666252747919003,0.8309308829229987,0.53758307293554,0.2843871765549286,1,26.99,26.33,27.46,25.4,29.4,68.0,44.6,84.7,78.0,80.86,75.86,83.29,109.0,85.0,77.0,57.0
2020-01-12,202003,109.0,109,109.0,109,0.9975175,1.6153377,0,2,330455720200319589,2023-08-20,Rio de Janeiro,1.5248086,6747815,1,0,0,82,,,,,683938,23.71,26.6,29.91,147.0,80.71,100.0,24.69,1.7373068,69.0,23.4,1.1815703,43.0,22.67,0.68957037,58.0,23.61,0.9401882,80.25,23.6175,4.700480365792417,0.08535984895115689,0.4519851237430572,0.9162907318741556,0.6229429218866969,2,28.37,26.99,26.33,27.46,57.0,29.4,68.0,44.6,79.14,78.0,80.86,75.86,85.0,77.0,57.0,77.0
2020-01-19,202004,85.0,85,85.0,85,0.34842676,1.259667,0,2,330455720200419589,2023-08-20,Rio de Janeiro,0.942946,6747815,1,0,0,65,,,,,683938,21.84,24.44,27.49,43.6,81.86,109.0,23.71,1.5248086,100.0,24.69,1.7373068,69.0,23.4,1.1815703,43.0,22.67,0.68957037,90.75,23.41,4.454347296253507,-0.24613306953890923,-0.16077322058775234,0.20585205420414798,0.6701576623352463,3,26.6,28.37,26.99,26.33,147.0,57.0,29.4,68.0,80.71,79.14,78.0,80.86,77.0,57.0,77.0,65.0
2020-01-26,202005,77.0,77,77.0,77,0.07032866,1.1411102,0,2,330455720200519589,2023-08-20,Rio de Janeiro,0.79933214,6747815,1,0,0,69,,,,,683938,23.83,28.11,33.89,53.8,78.86,85.0,21.84,0.942946,109.0,23.71,1.5248086,100.0,24.69,1.7373068,69.0,23.4,1.1815703,92.75,23.5175,4.356708826689592,-0.09763846956391564,-0.3437715391028249,-0.258411690151668,0.10821358464023234,4,24.44,26.6,28.37,26.99,43.6,147.0,57.0,29.4,81.86,80.71,79.14,78.0,57.0,77.0,65.0,49.0
2020-02-02,202006,57.0,57,57.0,57,0.005088507,0.84471786,0,2,330455720200619589,2023-08-20,Rio de Janeiro,0.6499069,6747815,1,0,0,50,,,,,683938,24.09,26.73,30.6,116.2,84.86,77.0,23.83,0.79933214,85.0,21.84,0.942946,109.0,23.71,1.5248086,100.0,24.69,1.7373068,82.0,23.3675,4.060443010546419,-0.2962658161431726,-0.39390428570708824,-0.6400373552459975,-0.5546775062948406,5,28.11,24.44,26.6,28.37,53.8,43.6,147.0,57.0,78.86,81.86,80.71,79.14,77.0,65.0,49.0,70.0
2020-02-09,202007,77.0,77,77.0,77,0.54610556,1.1411102,0,2,330455720200719589,2023-08-20,Rio de Janeiro,1.0188797,6747815,1,0,0,58,,,,,683938,22.7,25.46,29.04,87.5,83.86,57.0,24.09,0.6499069,77.0,23.83,0.79933214,85.0,21.84,0.942946,109.0,23.71,1.5248086,74.0,23.115,4.356708826689592,0.2962658161431726,0.0,-0.09763846956391564,-0.3437715391028249,6,26.73,28.11,24.44,26.6,116.2,53.8,43.6,147.0,84.86,78.86,81.86,80.71,65.0,49.0,70.0,53.0
2020-02-16,202008,65.0,65,65.0,65,0.37740096,0.9632748,0,2,330455720200819589,2023-08-20,Rio de Janeiro,0.9475439,6747815,1,0,0,50,,,,,683938,24.26,28.1,33.0,82.4,78.71,77.0,22.7,1.0188797,57.0,24.09,0.6499069,77.0,23.83,0.79933214,85.0,21.84,0.942946,69.0,23.72,4.189654742026425,-0.1670540846631665,0.1292117314800061,-0.1670540846631665,-0.26469255422708216,7,25.46,26.73,28.11,24.44,87.5,116.2,53.8,43.6,83.86,84.86,78.86,81.86,49.0,70.0,53.0,39.0
2020-02-23,202009,49.0,49,49.0,49,0.042889014,0.726161,0,2,330455720200919589,2023-08-20,Rio de Janeiro,0.7266441,6747815,1,0,0,42,,,,,683938,22.16,24.89,28.39,41.0,84.57,65.0,24.26,0.9475439,77.0,22.7,1.0188797,57.0,24.09,0.6499069,77.0,23.83,0.79933214,62.0,23.302500000000002,3.912023005428146,-0.2776317365982792,-0.44468582126144574,-0.14842000511827314,-0.44468582126144574,8,28.1,25.46,26.73,28.11,82.4,87.5,116.2,53.8,78.71,83.86,84.86,78.86,70.0,53.0,39.0,32.0
2020-03-01,202010,70.0,70,70.0,70,0.7098494,1.0373728,0,2,330455720201019589,2023-08-20,Rio de Janeiro,1.1001238,6747815,1,0,0,54,,,,,683938,20.81,23.41,26.19,72.1,85.71,49.0,22.16,0.7266441,65.0,24.26,0.9475439,77.0,22.7,1.0188797,57.0,24.09,0.6499069,65.25,22.4825,4.2626798770413155,0.3506568716131695,0.07302513501489027,-0.09402894964827624,0.20223686649489636,9,24.89,28.1,25.46,26.73,41.0,82.4,87.5,116.2,84.57,78.71,83.86,84.86,53.0,39.0,32.0,36.0
2020-03-08,202011,53.0,53,53.0,53,0.26930484,0.78543943,0,2,330455720201119589,2023-08-20,Rio de Janeiro,0.8908148,6747815,1,0,0,49,,,,,683938,21.56,25.69,30.2,8.1,80.57,70.0,20.81,1.1001238,49.0,22.16,0.7266441,65.0,24.26,0.9475439,77.0,22.7,1.0188797,59.25,22.197499999999998,3.9889840465642745,-0.27369583047704094,0.07696104113612856,-0.20067069546215066,-0.3677247801253172,10,23.41,24.89,28.1,25.46,72.1,41.0,82.4,87.5,85.71,84.57,78.71,83.86,39.0,32.0,36.0,21.0
2020-03-15,202012,39.0,39,39.0,39,0.022928758,0.57796484,0,2,330455720201219589,2023-08-20,Rio de Janeiro,0.6658582,6747815,1,0,0,32,,,,,683938,23.4,26.94,31.54,51.4,81.71,53.0,21.56,0.8908148,70.0,20.81,1.1001238,49.0,22.16,0.7266441,65.0,24.26,0.9475439,52.75,21.9825,3.6888794541139363,-0.30010459245033827,-0.5738004229273792,-0.2231435513142097,-0.5007752879124889,11,25.69,23.41,24.89,28.1,8.1,72.1,41.0,82.4,80.57,85.71,84.57,78.71,32.0,36.0,21.0,28.0
2020-03-22,202013,32.0,32,32.0,32,0.0131258555,0.47422758,0,1,330455720201319589,2023-08-20,Rio de Janeiro,0.6131387,6747815,0,0,0,35,,,,,683938,19.91,23.91,28.34,10.3,79.71,39.0,23.4,0.6658582,53.0,21.56,0.8908148,70.0,20.81,1.1001238,49.0,22.16,0.7266441,48.5,21.419999999999998,3.4965075614664802,-0.19237189264745602,-0.4924764850977943,-0.7661723155748352,-0.41551544396166573,12,26.94,25.69,23.41,24.89,51.4,8.1,72.1,41.0,81.71,80.57,85.71,84.57,36.0,21.0,28.0,29.0
2020-03-29,202014,36.0,36,36.0,36,0.24459432,0.53350604,0,1,330455720201419589,2023-08-20,Rio de Janeiro,0.85560936,6747815,1,0,0,29,,,,,683938,22.63,25.84,30.07,40.2,81.43,32.0,19.91,0.6131387,39.0,23.4,0.6658582,53.0,21.56,0.8908148,70.0,20.81,1.1001238,40.0,21.875,3.6109179126442243,0.11441035117774412,-0.0779615414697119,-0.3780661339200502,-0.6517619643970911,13,23.91,26.94,25.69,23.41,10.3,51.4,8.1,72.1,79.71,81.71,80.57,85.71,21.0,28.0,29.0,29.0
2020-04-05,202015,21.0,21,21.0,21,0.027293032,0.31121185,0,1,330455720201519589,2023-08-20,Rio de Janeiro,0.59614766,6747815,0,0,0,18,,,,,683938,20.94,23.3,26.44,30.3,83.0,36.0,22.63,0.85560936,32.0,19.91,0.6131387,39.0,23.4,0.6658582,53.0,21.56,0.8908148,32.0,21.72,3.091042453358316,-0.5198754592859083,-0.40546510810816416,-0.5978370007556202,-0.8979415932059585,14,25.84,23.91,26.94,25.69,40.2,10.3,51.4,8.1,81.43,79.71,81.71,80.57,28.0,29.0,29.0,29.0
2020-04-12,202016,28.0,28,28.0,28,0.34473595,0.41494915,0,1,330455720201619589,2023-08-20,Rio de Janeiro,0.9018267,6747815,0,0,0,24,,,,,683938,20.54,23.4,26.8,8.4,82.29,21.0,20.94,0.59614766,36.0,22.63,0.85560936,32.0,19.91,0.6131387,39.0,23.4,0.6658582,29.25,21.005,3.367295829986474,0.2762533766281581,-0.2436220826577502,-0.1292117314800061,-0.3215836241274621,15,23.3,25.84,23.91,26.94,30.3,40.2,10.3,51.4,83.0,81.43,79.71,81.71,29.0,29.0,29.0,13.0
2020-04-19,202017,29.0,29,29.0,29,0.58829904,0.42976874,0,1,330455720201719589,2023-08-20,Rio de Janeiro,1.0608177,6747815,0,0,0,18,,,,,683938,18.61,22.79,27.67,1.3,81.57,28.0,20.54,0.9018267,21.0,20.94,0.59614766,36.0,22.63,0.85560936,32.0,19.91,0.6131387,28.5,20.68,3.4011973816621555,0.03390155167568132,0.3101549283038394,-0.2097205309820689,-0.09531017980432477,16,23.4,23.3,25.84,23.91,8.4,30.3,40.2,10.3,82.29,83.0,81.43,79.71,29.0,29.0,13.0,12.0
2020-04-26,202018,29.0,29,29.0,29,0.6100769,0.42976874,0,1,330455720201819589,2023-08-20,Rio de Janeiro,1.077048,6747815,0,0,0,19,,,,,683938,18.87,23.53,29.79,6.4,77.86,29.0,18.61,1.0608177,28.0,20.54,0.9018267,21.0,20.94,0.59614766,36.0,22.63,0.85560936,26.75,19.740000000000002,3.4011973816621555,0.0,0.03390155167568132,0.3101549283038394,-0.2097205309820689,17,22.79,23.4,23.3,25.84,1.3,8.4,30.3,40.2,81.57,82.29,83.0,81.43,29.0,13.0,12.0,16.0
2020-05-03,202019,29.0,29,29.0,29,0.5410933,0.42976874,0,1,330455720201919589,2023-08-20,Rio de Janeiro,1.0274545,6747815,0,0,0,18,,,,,683938,17.36,21.19,25.96,25.7,82.29,29.0,18.87,1.077048,29.0,18.61,1.0608177,28.0,20.54,0.9018267,21.0,20.94,0.59614766,28.75,18.845,3.4011973816621555,0.0,0.0,0.03390155167568132,0.3101549283038394,18,23.53,22.79,23.4,23.3,6.4,1.3,8.4,30.3,77.86,81.57,82.29,83.0,13.0,12.0,16.0,11.0
2020-05-10,202020,13.0,13,13.0,13,0.008552356,0.19265495,0,1,330455720202019589,2023-08-20,Rio de Janeiro,0.46569625,6747815,0,0,0,8,,,,,683938,17.31,21.53,26.97,22.2,80.29,29.0,17.36,1.0274545,29.0,18.87,1.077048,29.0,18.61,1.0608177,28.0,20.54,0.9018267,25.0,18.0375,2.6390573296152584,-0.762140052046897,-0.762140052046897,-0.762140052046897,-0.7282385003712157,19,21.19,23.53,22.79,23.4,25.7,6.4,1.3,8.4,82.29,77.86,81.57,82.29,12.0,16.0,11.0,16.0
2020-05-17,202021,12.0,12,12.0,12,0.019969927,0.17783535,0,1,330455720202119589,2023-08-20,Rio de Janeiro,0.49849036,6747815,0,0,0,8,,,,,683938,18.67,23.07,28.43,0.1,79.71,13.0,17.31,0.46569625,29.0,17.36,1.0274545,29.0,18.87,1.077048,29.0,18.61,1.0608177,20.75,18.052500000000002,2.5649493574615367,-0.07410797215372167,-0.8362480242006187,-0.8362480242006187,-0.8362480242006187,20,21.53,21.19,23.53,22.79,22.2,25.7,6.4,1.3,80.29,82.29,77.86,81.57,16.0,11.0,16.0,22.0
2020-05-24,202022,16.0,16,16.0,16,0.38541836,0.23711379,0,1,330455720202219589,2023-08-20,Rio de Janeiro,0.90554357,6747815,0,0,0,7,,,,,683938,15.06,19.7,25.51,30.0,78.86,12.0,18.67,0.49849036,13.0,17.31,0.46569625,29.0,17.36,1.0274545,29.0,18.87,1.077048,17.5,17.099999999999998,2.833213344056216,0.2682639865946794,0.19415601444095776,-0.5679840376059393,-0.5679840376059393,21,23.07,21.53,21.19,23.53,0.1,22.2,25.7,6.4,79.71,80.29,82.29,77.86,11.0,16.0,22.0,14.0
2020-05-31,202023,11.0,11,11.0,11,0.2645546,0.16301574,0,1,330455720202319589,2023-08-20,Rio de Janeiro,0.78033316,6747815,0,0,0,7,,,,,683938,17.24,21.69,27.54,1.0,80.57,16.0,15.06,0.90554357,12.0,18.67,0.49849036,13.0,17.31,0.46569625,29.0,17.36,1.0274545,13.0,17.07,2.4849066497880004,-0.3483066942682158,-0.08004270767353638,-0.15415067982725805,-0.9162907318741551,22,19.7,23.07,21.53,21.19,30.0,0.1,22.2,25.7,78.86,79.71,80.29,82.29,16.0,22.0,14.0,13.0
2020-06-07,202024,16.0,16,16.0,16,0.6695275,0.23711379,0,1,330455720202419589,2023-08-20,Rio de Janeiro,1.1724541,6747815,0,0,0,10,,,,,683938,20.41,24.36,30.36,1.3,79.43,11.0,17.24,0.78033316,16.0,15.06,0.90554357,12.0,18.67,0.49849036,13.0,17.31,0.46569625,13.75,17.845,2.833213344056216,0.3483066942682158,0.0,0.2682639865946794,0.19415601444095776,23,21.69,19.7,23.07,21.53,1.0,30.0,0.1,22.2,80.57,78.86,79.71,80.29,22.0,14.0,13.0,18.0
2020-06-14,202025,22.0,22,22.0,22,0.9113948,0.32603148,0,1,330455720202519589,2023-08-20,Rio de Janeiro,1.5682182,6747815,0,0,0,9,,,,,683938,18.53,21.69,26.21,16.0,81.29,16.0,20.41,1.1724541,11.0,17.24,0.78033316,16.0,15.06,0.90554357,12.0,18.67,0.49849036,16.25,17.81,3.1354942159291497,0.3022808718729335,0.6505875661411493,0.3022808718729335,0.5705448584676129,24,24.36,21.69,19.7,23.07,1.3,1.0,30.0,0.1,79.43,80.57,78.86,79.71,14.0,13.0,18.0,22.0
2020-06-21,202026,14.0,14,14.0,14,0.3526876,0.20747457,0,1,330455720202619589,2023-08-20,Rio de Janeiro,0.87266535,6747815,0,0,0,8,,,,,683938,17.69,22.61,29.67,0.8,72.71,22.0,18.53,1.5682182,16.0,20.41,1.1724541,11.0,17.24,0.78033316,16.0,15.06,0.90554357,15.75,18.4675,2.70805020110221,-0.4274440148269396,-0.1251631429540061,0.2231435513142097,-0.1251631429540061,25,21.69,24.36,21.69,19.7,16.0,1.3,1.0,30.0,81.29,79.43,80.57,78.86,13.0,18.0,22.0,17.0
2020-06-28,202027,13.0,13,13.0,13,0.20859726,0.19265495,0,1,330455720202719589,2023-08-20,Rio de Janeiro,0.7469474,6747815,0,0,0,9,,,,,683938,18.09,20.87,24.63,9.9,79.86,14.0,17.69,0.87266535,22.0,18.53,1.5682182,16.0,20.41,1.1724541,11.0,17.24,0.78033316,16.25,18.68,2.6390573296152584,-0.06899287148695166,-0.49643688631389127,-0.19415601444095776,0.15415067982725805,26,22.61,21.69,24.36,21.69,0.8,16.0,1.3,1.0,72.71,81.29,79.43,80.57,18.0,22.0,17.0,11.0
2020-07-05,202028,18.0,18,18.0,18,0.6398125,0.26675302,0,1,330455720202819589,2023-08-20,Rio de Janeiro,1.1291801,6747815,0,0,0,10,,,,,683938,17.54,22.13,28.67,0.2,75.43,13.0,18.09,0.7469474,14.0,17.69,0.87266535,22.0,18.53,1.5682182,16.0,20.41,1.1724541,16.75,17.962500000000002,2.9444389791664403,0.30538164955118186,0.2363887780642302,-0.1910552367627094,0.1112256351102241,27,20.87,22.61,21.69,24.36,9.9,0.8,16.0,1.3,79.86,72.71,81.29,79.43,22.0,17.0,11.0,11.0
2020-07-12,202029,22.0,22,22.0,22,0.8640012,0.32603148,0,1,330455720202919589,2023-08-20,Rio de Janeiro,1.4306784,6747815,0,0,0,11,,,,,683938,17.89,21.37,26.1,8.5,80.43,18.0,17.54,1.1291801,13.0,18.09,0.7469474,14.0,17.69,0.87266535,22.0,18.53,1.5682182,16.75,17.802500000000002,3.1354942159291497,0.1910552367627094,0.49643688631389127,0.4274440148269396,0.0,28,22.13,20.87,22.61,21.69,0.2,9.9,0.8,16.0,75.43,79.86,72.71,81.29,17.0,11.0,11.0,12.0
2020-07-19,202030,17.0,17,17.0,17,0.47089022,0.2519334,0,1,330455720203019589,2023-08-20,Rio de Janeiro,0.97570413,6747815,0,0,0,11,,,,,683938,16.51,22.14,29.5,0.0,73.0,22.0,17.89,1.4306784,18.0,17.54,1.1291801,13.0,18.09,0.7469474,14.0,17.69,0.87266535,17.5,17.5075,2.8903717578961645,-0.24512245803298516,-0.054067221270275745,0.2513144282809061,0.18232155679395445,29,21.37,22.13,20.87,22.61,8.5,0.2,9.9,0.8,80.43,75.43,79.86,72.71,11.0,11.0,12.0,10.0
2020-07-26,202031,11.0,11,11.0,11,0.07688515,0.16301574,0,1,330455720203119589,2023-08-20,Rio de Janeiro,0.5911912,6747815,0,0,0,8,,,,,683938,18.47,21.79,25.99,21.9,79.29,17.0,16.51,0.97570413,22.0,17.89,1.4306784,18.0,17.54,1.1291801,13.0,18.09,0.7469474,17.0,17.6025,2.4849066497880004,-0.40546510810816416,-0.6505875661411493,-0.4595323293784399,-0.15415067982725805,30,22.14,21.37,22.13,20.87,0.0,8.5,0.2,9.9,73.0,80.43,75.43,79.86,11.0,12.0,10.0,9.0
2020-08-02,202032,11.0,11,11.0,11,0.14690366,0.16301574,0,1,330455720203219589,2023-08-20,Rio de Janeiro,0.6710463,6747815,0,0,0,8,,,,,683938,14.29,19.63,25.69,0.0,77.0,11.0,18.47,0.5911912,17.0,16.51,0.97570413,22.0,17.89,1.4306784,18.0,17.54,1.1291801,15.25,16.79,2.4849066497880004,0.0,-0.40546510810816416,-0.6505875661411493,-0.4595323293784399,31,21.79,22.14,21.37,22.13,21.9,0.0,8.5,0.2,79.29,73.0,80.43,75.43,12.0,10.0,9.0,10.0
2020-08-09,202033,12.0,12,12.0,12,0.4131413,0.17783535,0,1,330455720203319589,2023-08-20,Rio de Janeiro,0.91737705,6747815,0,0,0,10,,,,,683938,18.17,23.49,30.71,0.0,69.71,11.0,14.29,0.6710463,11.0,18.47,0.5911912,17.0,16.51,0.97570413,22.0,17.89,1.4306784,12.75,16.86,2.5649493574615367,0.08004270767353638,0.08004270767353638,-0.3254224004346278,-0.5705448584676129,32,19.63,21.79,22.14,21.37,0.0,21.9,0.0,8.5,77.0,79.29,73.0,80.43,10.0,9.0,10.0,10.0
2020-08-16,202034,10.0,10,10.0,10,0.3697875,0.14819612,0,1,330455720203419589,2023-08-20,Rio de Janeiro,0.8687058,6747815,0,0,0,5,,,,,683938,19.14,21.76,24.99,47.0,83.86,12.0,18.17,0.91737705,11.0,14.29,0.6710463,11.0,18.47,0.5911912,17.0,16.51,0.97570413,11.0,17.5175,2.3978952727983707,-0.16705408466316607,-0.08701137698962969,-0.08701137698962969,-0.49247648509779385,33,23.49,19.63,21.79,22.14,0.0,0.0,21.9,0.0,69.71,77.0,79.29,73.0,9.0,10.0,10.0,12.0
2020-08-23,202035,9.0,9,9.0,9,0.32171512,0.13337651,0,1,330455720203519589,2023-08-20,Rio de Janeiro,0.8161915,6747815,0,0,0,7,,,,,683938,15.83,20.44,25.74,0.8,76.14,10.0,19.14,0.8687058,12.0,18.17,0.91737705,11.0,14.29,0.6710463,11.0,18.47,0.5911912,10.5,16.8575,2.302585092994046,-0.09531017980432477,-0.26236426446749084,-0.18232155679395445,-0.18232155679395445,34,21.76,23.49,19.63,21.79,47.0,0.0,0.0,21.9,83.86,69.71,77.0,79.29,10.0,10.0,12.0,14.0
2020-08-30,202036,10.0,10,10.0,10,0.4768759,0.14819612,0,1,330455720203619589,2023-08-20,Rio de Janeiro,0.97506976,6747815,0,0,0,4,,,,,683938,20.19,24.56,30.21,2.9,73.57,9.0,15.83,0.8161915,10.0,19.14,0.8687058,12.0,18.17,0.91737705,11.0,14.29,0.6710463,10.25,18.332500000000003,2.3978952727983707,0.09531017980432477,0.0,-0.16705408466316607,-0.08701137698962969,35,20.44,21.76,23.49,19.63,0.8,47.0,0.0,0.0,76.14,83.86,69.71,77.0,10.0,12.0,14.0,11.0
2020-09-06,202037,10.0,10,10.0,10,0.53048414,0.14819612,0,1,330455720203719589,2023-08-20,Rio de Janeiro,1.0343461,6747815,1,0,0,5,,,,,683938,20.36,25.11,31.73,0.0,74.29,10.0,20.19,0.97506976,9.0,15.83,0.8161915,10.0,19.14,0.8687058,12.0,18.17,0.91737705,9.75,18.880000000000003,2.3978952727983707,0.0,0.09531017980432477,0.0,-0.16705408466316607,36,24.56,20.44,21.76,23.49,2.9,0.8,47.0,0.0,73.57,76.14,83.86,69.71,12.0,14.0,11.0,12.0
2020-09-13,202038,12.0,12,12.0,12,0.6822535,0.17783535,0,1,330455720203819589,2023-08-20,Rio de Janeiro,1.220835,6747815,1,0,0,8,,,,,683938,20.89,25.63,32.01,12.7,71.29,10.0,20.36,1.0343461,10.0,20.19,0.97506976,9.0,15.83,0.8161915,10.0,19.14,0.8687058,10.25,19.317500000000003,2.5649493574615367,0.16705408466316607,0.16705408466316607,0.26236426446749084,0.16705408466316607,37,25.11,24.56,20.44,21.76,0.0,2.9,0.8,47.0,74.29,73.57,76.14,83.86,14.0,11.0,12.0,10.0
2020-09-20,202039,14.0,14,14.0,14,0.7575217,0.20747457,0,1,330455720203919589,2023-08-20,Rio de Janeiro,1.320691,6747815,0,0,0,9,,,,,683938,19.76,22.67,26.11,85.9,84.0,12.0,20.89,1.220835,10.0,20.36,1.0343461,10.0,20.19,0.97506976,9.0,15.83,0.8161915,11.5,20.3,2.70805020110221,0.14310084364067333,0.3101549283038394,0.3101549283038394,0.40546510810816416,38,25.63,25.11,24.56,20.44,12.7,0.0,2.9,0.8,71.29,74.29,73.57,76.14,11.0,12.0,10.0,19.0
2020-09-27,202040,11.0,11,11.0,11,0.43474647,0.16301574,0,1,330455720204019589,2023-08-20,Rio de Janeiro,0.9346066,6747815,1,0,0,9,,,,,683938,23.46,27.97,34.46,0.4,70.71,14.0,19.76,1.320691,12.0,20.89,1.220835,10.0,20.36,1.0343461,10.0,20.19,0.97506976,11.75,21.1175,2.4849066497880004,-0.2231435513142097,-0.08004270767353638,0.08701137698962969,0.08701137698962969,39,22.67,25.63,25.11,24.56,85.9,12.7,0.0,2.9,84.0,71.29,74.29,73.57,12.0,10.0,19.0,9.0
2020-10-04,202041,12.0,12,12.0,12,0.4684836,0.17783535,0,1,330455720204119589,2023-08-20,Rio de Janeiro,0.9690034,6747815,1,0,0,12,,,,,683938,22.56,25.13,29.09,29.3,82.71,11.0,23.46,0.9346066,14.0,19.76,1.320691,12.0,20.89,1.220835,10.0,20.36,1.0343461,12.25,21.6675,2.5649493574615367,0.08004270767353638,-0.14310084364067333,0.0,0.16705408466316607,40,27.97,22.67,25.63,25.11,0.4,85.9,12.7,0.0,70.71,84.0,71.29,74.29,10.0,19.0,9.0,12.0
2020-10-11,202042,10.0,10,10.0,10,0.33839604,0.14819612,0,1,330455720204219589,2023-08-20,Rio de Janeiro,0.8394138,6747815,0,0,0,4,,,,,683938,19.91,23.26,27.19,12.1,75.86,12.0,22.56,0.9690034,11.0,23.46,0.9346066,14.0,19.76,1.320691,12.0,20.89,1.220835,11.75,21.4225,2.3978952727983707,-0.16705408466316607,-0.08701137698962969,-0.3101549283038394,-0.16705408466316607,41,25.13,27.97,22.67,25.63,29.3,0.4,85.9,12.7,82.71,70.71,84.0,71.29,19.0,9.0,12.0,25.0
2020-10-18,202043,19.0,19,19.0,19,0.91009957,0.28157264,0,1,330455720204319589,2023-08-20,Rio de Janeiro,1.6232476,6747815,0,0,0,17,,,,,683938,20.4,24.16,28.66,5.9,74.0,10.0,19.91,0.8394138,12.0,22.56,0.9690034,11.0,23.46,0.9346066,14.0,19.76,1.320691,13.0,21.5825,2.995732273553991,0.5978370007556202,0.4307829160924541,0.5108256237659905,0.2876820724517808,42,23.26,25.13,27.97,22.67,12.1,29.3,0.4,85.9,75.86,82.71,70.71,84.0,9.0,12.0,25.0,20.0
2020-10-25,202044,9.0,9,9.0,9,0.21225612,0.13337651,0,1,330455720204419589,2023-08-20,Rio de Janeiro,0.71236336,6747815,0,0,0,6,,,,,683938,20.99,24.6,29.07,54.8,78.71,19.0,20.4,1.6232476,10.0,19.91,0.8394138,12.0,22.56,0.9690034,11.0,23.46,0.9346066,12.5,20.965,2.302585092994046,-0.693147180559945,-0.09531017980432477,-0.26236426446749084,-0.18232155679395445,43,24.16,23.26,25.13,27.97,5.9,12.1,29.3,0.4,74.0,75.86,82.71,70.71,12.0,25.0,20.0,10.0
2020-11-01,202045,12.0,12,12.0,12,0.37953886,0.17783535,0,1,330455720204519589,2023-08-20,Rio de Janeiro,0.8873264,6747815,0,0,0,12,,,,,683938,18.16,21.07,24.33,44.3,79.43,9.0,20.99,0.71236336,19.0,20.4,1.6232476,10.0,19.91,0.8394138,12.0,22.56,0.9690034,12.5,19.865,2.5649493574615367,0.26236426446749084,-0.4307829160924541,0.16705408466316607,0.0,44,24.6,24.16,23.26,25.13,54.8,5.9,12.1,29.3,78.71,74.0,75.86,82.71,25.0,20.0,10.0,17.0
2020-11-08,202046,25.0,25,25.0,25,0.9760904,0.3704903,0,1,330455720204619589,2023-08-20,Rio de Janeiro,1.9177762,6747815,1,0,0,23,,,,,683938,22.51,24.94,28.1,86.6,85.71,12.0,18.16,0.8873264,9.0,20.99,0.71236336,19.0,20.4,1.6232476,10.0,19.91,0.8394138,16.25,20.515,3.258096538021482,0.6931471805599454,0.9555114450274362,0.2623642644674913,0.8602012652231115,45,21.07,24.6,24.16,23.26,44.3,54.8,5.9,12.1,79.43,78.71,74.0,75.86,20.0,10.0,17.0,10.0
2020-11-15,202047,20.0,20,20.0,20,0.7956842,0.29639223,0,1,330455720204719589,2023-08-20,Rio de Janeiro,1.3187479,6747815,1,0,0,16,,,,,683938,21.53,24.37,28.16,59.3,83.0,25.0,22.51,1.9177762,12.0,18.16,0.8873264,9.0,20.99,0.71236336,19.0,20.4,1.6232476,16.5,20.7975,3.044522437723423,-0.21357410029805912,0.4795730802618863,0.7419373447293771,0.04879016416943216,46,24.94,21.07,24.6,24.16,86.6,44.3,54.8,5.9,85.71,79.43,78.71,74.0,10.0,17.0,10.0,8.0
2020-11-22,202048,10.0,10,10.0,10,0.04622291,0.14819612,0,1,330455720204819589,2023-08-20,Rio de Janeiro,0.5311236,6747815,0,0,0,8,,,,,683938,21.46,25.54,30.21,13.4,77.0,20.0,21.53,1.3187479,25.0,22.51,1.9177762,12.0,18.16,0.8873264,9.0,20.99,0.71236336,16.75,20.915,2.3978952727983707,-0.6466271649250523,-0.8602012652231115,-0.16705408466316607,0.09531017980432477,47,24.37,24.94,21.07,24.6,59.3,86.6,44.3,54.8,83.0,85.71,79.43,78.71,17.0,10.0,8.0,6.0
2020-11-29,202049,17.0,17,17.0,17,0.4283771,0.2519334,0,1,330455720204919589,2023-08-20,Rio de Janeiro,0.9415151,6747815,1,0,0,12,,,,,683938,23.7,27.44,32.44,35.5,74.0,10.0,21.46,0.5311236,20.0,21.53,1.3187479,25.0,22.51,1.9177762,12.0,18.16,0.8873264,18.0,22.3,2.8903717578961645,0.49247648509779385,-0.1541506798272585,-0.3677247801253176,0.3254224004346278,48,25.54,24.37,24.94,21.07,13.4,59.3,86.6,44.3,77.0,83.0,85.71,79.43,10.0,8.0,6.0,8.0
2020-12-06,202050,10.0,10,10.0,10,0.15874913,0.14819612,0,1,330455720205019589,2023-08-20,Rio de Janeiro,0.67175233,6747815,1,0,0,6,,,,,683938,22.86,24.99,27.94,96.6,87.0,17.0,23.7,0.9415151,10.0,21.46,0.5311236,20.0,21.53,1.3187479,25.0,22.51,1.9177762,14.25,22.3875,2.3978952727983707,-0.49247648509779385,0.0,-0.6466271649250523,-0.8602012652231115,49,27.44,25.54,24.37,24.94,35.5,13.4,59.3,86.6,74.0,77.0,83.0,85.71,8.0,6.0,8.0,6.0
2020-12-13,202051,8.0,8,8.0,8,0.12155119,0.118556894,0,2,330455720205119589,2023-08-20,Rio de Janeiro,0.60397434,6747815,1,0,0,5,,,,,683938,24.6,27.91,32.36,24.6,77.86,10.0,22.86,0.67175233,17.0,23.7,0.9415151,10.0,21.46,0.5311236,20.0,21.53,1.3187479,11.25,23.155,2.1972245773362196,-0.2006706954621511,-0.693147180559945,-0.2006706954621511,-0.8472978603872034,50,24.99,27.44,25.54,24.37,96.6,35.5,13.4,59.3,87.0,74.0,77.0,83.0,6.0,8.0,6.0,9.0
2020-12-20,202052,6.0,6,6.0,6,0.10527014,0.08891767,0,2,330455720205219589,2023-08-20,Rio de Janeiro,0.54572505,6747815,1,0,0,5,,,,,683938,22.54,25.54,29.11,66.6,81.86,8.0,24.6,0.60397434,10.0,22.86,0.67175233,17.0,23.7,0.9415151,10.0,21.46,0.5311236,10.25,23.424999999999997,1.9459101490553132,-0.25131442828090633,-0.45198512374305744,-0.9444616088408513,-0.45198512374305744,51,27.91,24.99,27.44,25.54,24.6,96.6,35.5,13.4,77.86,87.0,74.0,77.0,8.0,6.0,9.0,12.0
2020-12-27,202053,8.0,8,8.0,8,0.4537145,0.118556894,0,2,330455720205319589,2023-08-20,Rio de Janeiro,0.9456403,6747815,1,0,0,5,,,,,683938,23.69,26.67,30.97,90.7,82.0,6.0,22.54,0.54572505,8.0,24.6,0.60397434,10.0,22.86,0.67175233,17.0,23.7,0.9415151,8.0,23.4225,2.1972245773362196,0.25131442828090633,0.0,-0.2006706954621511,-0.693147180559945,52,25.54,27.91,24.99,27.44,66.6,24.6,96.6,35.5,81.86,77.86,87.0,74.0,6.0,9.0,12.0,28.0
2021-01-03,202101,6.0,6,6.0,6,0.4978501,0.08891767,0,2,330455720210119684,2023-11-23,Rio de Janeiro,0.9970021,6747815,1,0,0,4,,,,,683938,23.87,27.31,31.94,59.1,79.14,8.0,23.69,0.9456403,6.0,22.54,0.54572505,8.0,24.6,0.60397434,10.0,22.86,0.67175233,7.0,23.675,1.9459101490553132,-0.25131442828090633,0.0,-0.25131442828090633,-0.45198512374305744,53,26.67,25.54,27.91,24.99,90.7,66.6,24.6,96.6,82.0,81.86,77.86,87.0,9.0,12.0,28.0,18.0
2021-01-10,202102,9.0,9,9.0,9,0.82005095,0.13337651,0,2,330455720210219684,2023-11-23,Rio de Janeiro,1.6025227,6747815,1,0,0,6,,,,,683938,24.7,28.2,32.83,47.8,78.71,6.0,23.87,0.9970021,8.0,23.69,0.9456403,6.0,22.54,0.54572505,8.0,24.6,0.60397434,7.25,23.7,2.302585092994046,0.35667494393873267,0.10536051565782634,0.35667494393873267,0.10536051565782634,1,27.31,26.67,25.54,27.91,59.1,90.7,66.6,24.6,79.14,82.0,81.86,77.86,12.0,28.0,18.0,15.0
2021-01-17,202103,12.0,12,12.0,12,0.8948922,0.17783535,0,2,330455720210319684,2023-11-23,Rio de Janeiro,1.781533,6747815,1,0,0,9,,,,,683938,23.84,28.6,33.84,1.9,67.57,9.0,24.7,1.6025227,6.0,23.87,0.9970021,8.0,23.69,0.9456403,6.0,22.54,0.54572505,8.75,24.025000000000002,2.5649493574615367,0.26236426446749084,0.6190392084062235,0.3677247801253172,0.6190392084062235,2,28.2,27.31,26.67,25.54,47.8,59.1,90.7,66.6,78.71,79.14,82.0,81.86,28.0,18.0,15.0,15.0
2021-01-24,202104,28.0,28,28.0,28,0.99893254,0.41494915,0,2,330455720210419684,2023-11-23,Rio de Janeiro,2.87153,6747815,1,0,0,20,,,,,683938,23.7,29.6,35.83,0.0,60.86,12.0,23.84,1.781533,9.0,24.7,1.6025227,6.0,23.87,0.9970021,8.0,23.69,0.9456403,13.75,24.027499999999996,3.367295829986474,0.8023464725249374,1.0647107369924282,1.421385680931161,1.1700712526502546,3,28.6,28.2,27.31,26.67,1.9,47.8,59.1,90.7,67.57,78.71,79.14,82.0,18.0,15.0,15.0,24.0
2021-01-31,202105,18.0,18,18.0,18,0.6979113,0.26675302,0,2,330455720210519684,2023-11-23,Rio de Janeiro,1.1953106,6747815,1,0,0,18,,,,,683938,24.1,28.3,33.43,128.7,70.57,28.0,23.7,2.87153,12.0,23.84,1.781533,9.0,24.7,1.6025227,6.0,23.87,0.9970021,16.75,24.085,2.9444389791664403,-0.4228568508200339,0.3794896217049035,0.6418538861723944,0.998528830111127,4,29.6,28.6,28.2,27.31,0.0,1.9,47.8,59.1,60.86,67.57,78.71,79.14,15.0,15.0,24.0,19.0
2021-02-07,202106,15.0,15,15.0,15,0.20688275,0.22229418,0,2,330455720210619684,2023-11-23,Rio de Janeiro,0.75939536,6747815,1,0,0,12,,,,,683938,22.0,24.89,28.6,48.4,83.29,18.0,24.1,1.1953106,28.0,23.7,2.87153,12.0,23.84,1.781533,9.0,24.7,1.6025227,18.25,23.41,2.772588722239781,-0.17185025692665912,-0.594707107746693,0.2076393647782444,0.47000362924573524,5,28.3,29.6,28.6,28.2,128.7,0.0,1.9,47.8,70.57,60.86,67.57,78.71,15.0,24.0,19.0,27.0
2021-02-14,202107,15.0,15,15.0,15,0.23913431,0.22229418,0,2,330455720210719684,2023-11-23,Rio de Janeiro,0.7859923,6747815,1,0,0,11,,,,,683938,23.63,26.93,31.5,51.3,80.43,15.0,22.0,0.75939536,18.0,24.1,1.1953106,28.0,23.7,2.87153,12.0,23.84,1.781533,19.0,23.357499999999998,2.772588722239781,0.0,-0.17185025692665912,-0.594707107746693,0.2076393647782444,6,24.89,28.3,29.6,28.6,48.4,128.7,0.0,1.9,83.29,70.57,60.86,67.57,24.0,19.0,27.0,36.0
2021-02-21,202108,24.0,24,24.0,24,0.8721316,0.3556707,0,2,330455720210819684,2023-11-23,Rio de Janeiro,1.4259323,6747815,1,0,0,21,,,,,683938,22.57,26.07,30.66,26.0,82.29,15.0,23.63,0.7859923,15.0,22.0,0.75939536,18.0,24.1,1.1953106,28.0,23.7,2.87153,18.0,23.075,3.2188758248682006,0.4462871026284194,0.4462871026284194,0.2744368457017603,-0.14842000511827358,7,26.93,24.89,28.3,29.6,51.3,48.4,128.7,0.0,80.43,83.29,70.57,60.86,19.0,27.0,36.0,39.0
2021-02-28,202109,19.0,19,19.0,19,0.59622735,0.28157264,0,2,330455720210919684,2023-11-23,Rio de Janeiro,1.0829686,6747815,1,0,0,13,,,,,683938,23.11,27.7,33.41,16.0,73.0,24.0,22.57,1.4259323,15.0,23.63,0.7859923,15.0,22.0,0.75939536,18.0,24.1,1.1953106,18.25,22.8275,2.995732273553991,-0.2231435513142097,0.2231435513142097,0.2231435513142097,0.05129329438755059,8,26.07,26.93,24.89,28.3,26.0,51.3,48.4,128.7,82.29,80.43,83.29,70.57,27.0,36.0,39.0,45.0
2021-03-07,202110,27.0,27,27.0,27,0.84324217,0.40012953,0,2,330455720211019684,2023-11-23,Rio de Janeiro,1.3397657,6747815,1,0,0,20,,,,,683938,22.94,25.9,30.11,62.9,83.14,19.0,23.11,1.0829686,24.0,22.57,1.4259323,15.0,23.63,0.7859923,15.0,22.0,0.75939536,21.25,23.0625,3.332204510175204,0.33647223662121295,0.11332868530700324,0.5596157879354227,0.5596157879354227,9,27.7,26.07,26.93,24.89,16.0,26.0,51.3,48.4,73.0,82.29,80.43,83.29,36.0,39.0,45.0,52.0
2021-03-14,202111,36.0,36,36.0,36,0.95992476,0.53350604,0,2,330455720211119684,2023-11-23,Rio de Janeiro,1.5829132,6747815,1,0,0,26,,,,,683938,23.19,27.37,33.06,17.1,78.0,27.0,22.94,1.3397657,19.0,23.11,1.0829686,24.0,22.57,1.4259323,15.0,23.63,0.7859923,26.5,22.9525,3.6109179126442243,0.27871340246902054,0.6151856390902335,0.3920420877760238,0.8383291904044432,10,25.9,27.7,26.07,26.93,62.9,16.0,26.0,51.3,83.14,73.0,82.29,80.43,39.0,45.0,52.0,48.0
2021-03-21,202112,39.0,39,39.0,39,0.92161846,0.57796484,0,2,330455720211219684,2023-11-23,Rio de Janeiro,1.4156196,6747815,1,0,0,28,,,,,683938,22.79,27.76,33.84,0.8,73.0,36.0,23.19,1.5829132,27.0,22.94,1.3397657,19.0,23.11,1.0829686,24.0,22.57,1.4259323,30.25,23.0075,3.6888794541139363,0.0779615414697119,0.35667494393873245,0.6931471805599454,0.4700036292457357,11,27.37,25.9,27.7,26.07,17.1,62.9,16.0,26.0,78.0,83.14,73.0,82.29,45.0,52.0,48.0,36.0
2021-03-28,202113,45.0,45,45.0,45,0.8959689,0.6668825,0,2,330455720211319684,2023-11-23,Rio de Janeiro,1.3275979,6747815,1,0,0,32,,,,,683938,21.9,26.01,31.37,20.0,77.0,39.0,22.79,1.4156196,36.0,23.19,1.5829132,27.0,22.94,1.3397657,19.0,23.11,1.0829686,36.75,22.705,3.828641396489095,0.13976194237515882,0.21772348384487072,0.49643688631389127,0.8329091229351042,12,27.76,27.37,25.9,27.7,0.8,17.1,62.9,16.0,73.0,78.0,83.14,73.0,52.0,48.0,36.0,38.0
2021-04-04,202114,52.0,52,52.0,52,0.9055074,0.7706198,0,2,330455720211419684,2023-11-23,Rio de Janeiro,1.3160857,6747815,1,0,0,45,,,,,683938,19.8,24.14,28.91,8.9,78.71,45.0,21.9,1.3275979,39.0,22.79,1.4156196,36.0,23.19,1.5829132,27.0,22.94,1.3397657,43.0,21.92,3.970291913552122,0.1416505170630269,0.2814124594381857,0.3593740009078976,0.6380874033769182,13,26.01,27.76,27.37,25.9,20.0,0.8,17.1,62.9,77.0,73.0,78.0,83.14,48.0,36.0,38.0,30.0
2021-04-11,202115,48.0,48,48.0,48,0.63752574,0.7113414,0,1,330455720211519684,2023-11-23,Rio de Janeiro,1.0755286,6747815,0,0,0,40,,,,,683938,19.04,23.93,29.76,15.8,75.86,52.0,19.8,1.3160857,45.0,21.9,1.3275979,39.0,22.79,1.4156196,36.0,23.19,1.5829132,46.0,20.8825,3.8918202981106265,-0.0784716154414955,0.06317890162153139,0.2029408439966902,0.2809023854664021,14,24.14,26.01,27.76,27.37,8.9,20.0,0.8,17.1,78.71,77.0,73.0,78.0,36.0,38.0,30.0,39.0
2021-04-18,202116,36.0,36,36.0,36,0.103324555,0.53350604,0,1,330455720211619684,2023-11-23,Rio de Janeiro,0.7585209,6747815,0,0,0,19,,,,,683938,20.1,23.36,27.64,42.8,80.86,48.0,19.04,1.0755286,52.0,19.8,1.3160857,45.0,21.9,1.3275979,39.0,22.79,1.4156196,45.25,20.21,3.6109179126442243,-0.2809023854664021,-0.3593740009078976,-0.21772348384487072,-0.0779615414697119,15,23.93,24.14,26.01,27.76,15.8,8.9,20.0,0.8,75.86,78.71,77.0,73.0,38.0,30.0,39.0,50.0
2021-04-25,202117,38.0,38,38.0,38,0.21668594,0.5631453,0,1,330455720211719684,2023-11-23,Rio de Janeiro,0.8425421,6747815,0,0,0,32,,,,,683938,19.61,22.79,26.79,22.2,83.43,36.0,20.1,0.7585209,48.0,19.04,1.0755286,52.0,19.8,1.3160857,45.0,21.9,1.3275979,43.5,19.637500000000003,3.6635616461296463,0.05264373348542195,-0.22825865198098017,-0.30673026742247567,-0.16507975035944877,16,23.36,23.93,24.14,26.01,42.8,15.8,8.9,20.0,80.86,75.86,78.71,77.0,30.0,39.0,50.0,49.0
2021-05-02,202118,30.0,30,30.0,30,0.11851994,0.44458836,0,1,330455720211819684,2023-11-23,Rio de Janeiro,0.753705,6747815,0,0,0,18,,,,,683938,18.74,22.79,28.17,10.0,82.71,38.0,19.61,0.8425421,36.0,20.1,0.7585209,48.0,19.04,1.0755286,52.0,19.8,1.3160857,38.0,19.3725,3.4339872044851463,-0.22957444164450003,-0.17693070815907808,-0.4578330936254802,-0.5363047090669757,17,22.79,23.36,23.93,24.14,22.2,42.8,15.8,8.9,83.43,80.86,75.86,78.71,39.0,50.0,49.0,40.0
2021-05-09,202119,39.0,39,39.0,39,0.633393,0.57796484,0,1,330455720211919684,2023-11-23,Rio de Janeiro,1.0814221,6747815,0,0,0,28,,,,,683938,17.59,21.21,25.69,17.7,82.71,30.0,18.74,0.753705,38.0,19.61,0.8425421,36.0,20.1,0.7585209,48.0,19.04,1.0755286,35.75,19.009999999999998,3.6888794541139363,0.25489224962879,0.025317807984289953,0.0779615414697119,-0.2029408439966902,18,22.79,22.79,23.36,23.93,10.0,22.2,42.8,15.8,82.71,83.43,80.86,75.86,50.0,49.0,40.0,34.0
2021-05-16,202120,50.0,50,50.0,50,0.94341594,0.7409806,0,1,330455720212019684,2023-11-23,Rio de Janeiro,1.4099205,6747815,0,0,0,45,,,,,683938,18.74,22.36,27.4,4.4,83.71,39.0,17.59,1.0814221,30.0,18.74,0.753705,38.0,19.61,0.8425421,36.0,20.1,0.7585209,39.25,18.669999999999998,3.9318256327243257,0.24294617861038947,0.49783842823917945,0.2682639865946794,0.3209077200801014,19,21.21,22.79,22.79,23.36,17.7,10.0,22.2,42.8,82.71,82.71,83.43,80.86,49.0,40.0,34.0,33.0
2021-05-23,202121,49.0,49,49.0,49,0.8374619,0.726161,0,1,330455720212119684,2023-11-23,Rio de Janeiro,1.231785,6747815,0,0,0,34,,,,,683938,19.09,23.27,28.71,2.1,77.14,50.0,18.74,1.4099205,39.0,17.59,1.0814221,30.0,18.74,0.753705,38.0,19.61,0.8425421,42.0,18.54,3.912023005428146,-0.019802627296179764,0.2231435513142097,0.4780358009429997,0.24846135929849966,20,22.36,21.21,22.79,22.79,4.4,17.7,10.0,22.2,83.71,82.71,82.71,83.43,40.0,34.0,33.0,21.0
2021-05-30,202122,40.0,40,40.0,40,0.28583825,0.59278446,0,1,330455720212219684,2023-11-23,Rio de Janeiro,0.8850888,6747815,0,0,0,33,,,,,683938,19.66,22.9,27.79,38.8,85.86,49.0,19.09,1.231785,50.0,18.74,1.4099205,39.0,17.59,1.0814221,30.0,18.74,0.753705,44.5,18.77,3.713572066704308,-0.198450938723838,-0.21825356602001778,0.0246926125903717,0.2795848622191617,21,23.27,22.36,21.21,22.79,2.1,4.4,17.7,10.0,77.14,83.71,82.71,82.71,34.0,33.0,21.0,28.0
2021-06-06,202123,34.0,34,34.0,34,0.09871523,0.5038668,0,1,330455720212319684,2023-11-23,Rio de Janeiro,0.74881667,6747815,0,0,0,25,,,,,683938,19.91,22.66,26.57,21.3,84.57,40.0,19.66,0.8850888,49.0,19.09,1.231785,50.0,18.74,1.4099205,39.0,17.59,1.0814221,43.25,19.35,3.5553480614894135,-0.15822400521489444,-0.35667494393873245,-0.3764775712349122,-0.13353139262452274,22,22.9,23.27,22.36,21.21,38.8,2.1,4.4,17.7,85.86,77.14,83.71,82.71,33.0,21.0,28.0,22.0
2021-06-13,202124,33.0,33,33.0,33,0.18331608,0.4890472,0,1,330455720212419684,2023-11-23,Rio de Janeiro,0.81082225,6747815,0,0,0,25,,,,,683938,15.99,19.44,23.84,6.0,83.71,34.0,19.91,0.74881667,40.0,19.66,0.8850888,49.0,19.09,1.231785,50.0,18.74,1.4099205,39.0,18.6625,3.5263605246161616,-0.02898753687325195,-0.1872115420881464,-0.3856624808119844,-0.40546510810816416,23,22.66,22.9,23.27,22.36,21.3,38.8,2.1,4.4,84.57,85.86,77.14,83.71,21.0,28.0,22.0,19.0
2021-06-20,202125,21.0,21,21.0,21,0.027233612,0.31121185,0,1,330455720212519684,2023-11-23,Rio de Janeiro,0.5960131,6747815,0,0,0,15,,,,,683938,16.64,20.87,26.29,5.9,80.71,33.0,15.99,0.81082225,34.0,19.91,0.74881667,40.0,19.66,0.8850888,49.0,19.09,1.231785,32.0,18.05,3.091042453358316,-0.4353180712578455,-0.46430560813109745,-0.6225296133459919,-0.8209805520698299,24,19.44,22.66,22.9,23.27,6.0,21.3,38.8,2.1,83.71,84.57,85.86,77.14,28.0,22.0,19.0,19.0
2021-06-27,202126,28.0,28,28.0,28,0.37739813,0.41494915,0,1,330455720212619684,2023-11-23,Rio de Janeiro,0.92199945,6747815,0,0,0,25,,,,,683938,14.21,19.04,25.0,3.9,77.29,21.0,16.64,0.5960131,33.0,15.99,0.81082225,34.0,19.91,0.74881667,40.0,19.66,0.8850888,29.0,16.6875,3.367295829986474,0.2762533766281581,-0.15906469462968742,-0.18805223150293937,-0.3462762367178338,25,20.87,19.44,22.66,22.9,5.9,6.0,21.3,38.8,80.71,83.71,84.57,85.86,22.0,19.0,19.0,7.0
2021-07-04,202127,22.0,22,22.0,22,0.26407805,0.32603148,0,1,330455720212719684,2023-11-23,Rio de Janeiro,0.8350603,6747815,0,0,0,21,,,,,683938,15.27,19.2,24.11,1.9,84.29,28.0,14.21,0.92199945,21.0,16.64,0.5960131,33.0,15.99,0.81082225,34.0,19.91,0.74881667,26.0,15.5275,3.1354942159291497,-0.23180161405732447,0.04445176257083361,-0.3908663086870119,-0.41985384556026384,26,19.04,20.87,19.44,22.66,3.9,5.9,6.0,21.3,77.29,80.71,83.71,84.57,19.0,19.0,7.0,12.0
2021-07-11,202128,19.0,19,19.0,19,0.19802378,0.28157264,0,1,330455720212819684,2023-11-23,Rio de Janeiro,0.77428514,6747815,0,0,0,14,,,,,683938,16.96,21.5,27.83,0.0,79.0,22.0,15.27,0.8350603,28.0,14.21,0.92199945,21.0,16.64,0.5960131,33.0,15.99,0.81082225,22.5,15.77,2.995732273553991,-0.13976194237515882,-0.3715635564324833,-0.09531017980432521,-0.5306282510621707,27,19.2,19.04,20.87,19.44,1.9,3.9,5.9,6.0,84.29,77.29,80.71,83.71,19.0,7.0,12.0,9.0
2021-07-18,202129,19.0,19,19.0,19,0.2935291,0.28157264,0,1,330455720212919684,2023-11-23,Rio de Janeiro,0.8459539,6747815,0,0,0,16,,,,,683938,13.57,18.66,24.31,3.2,76.86,19.0,16.96,0.77428514,22.0,15.27,0.8350603,28.0,14.21,0.92199945,21.0,16.64,0.5960131,22.0,15.002500000000001,2.995732273553991,0.0,-0.13976194237515882,-0.3715635564324833,-0.09531017980432521,28,21.5,19.2,19.04,20.87,0.0,1.9,3.9,5.9,79.0,84.29,77.29,80.71,7.0,12.0,9.0,9.0
2021-07-25,202130,7.0,7,7.0,7,0.0058891214,0.10373729,0,1,330455720213019684,2023-11-23,Rio de Janeiro,0.3591968,6747815,0,0,0,6,,,,,683938,14.03,18.97,24.57,13.4,71.43,19.0,13.57,0.8459539,19.0,16.96,0.77428514,22.0,15.27,0.8350603,28.0,14.21,0.92199945,16.75,14.9575,2.0794415416798357,-0.9162907318741551,-0.9162907318741551,-1.056052674249314,-1.2878542883066384,29,18.66,21.5,19.2,19.04,3.2,0.0,1.9,3.9,76.86,79.0,84.29,77.29,12.0,9.0,9.0,16.0
2021-08-01,202131,12.0,12,12.0,12,0.22997464,0.17783535,0,1,330455720213119684,2023-11-23,Rio de Janeiro,0.75787306,6747815,0,0,0,10,,,,,683938,14.37,18.97,23.97,2.5,78.86,7.0,14.03,0.3591968,19.0,13.57,0.8459539,19.0,16.96,0.77428514,22.0,15.27,0.8350603,14.25,14.732500000000002,2.5649493574615367,0.485507815781701,-0.4307829160924541,-0.4307829160924541,-0.5705448584676129,30,18.97,18.66,21.5,19.2,13.4,3.2,0.0,1.9,71.43,76.86,79.0,84.29,9.0,9.0,16.0,17.0
2021-08-08,202132,9.0,9,9.0,9,0.25793877,0.13337651,0,1,330455720213219684,2023-11-23,Rio de Janeiro,0.755876,6747815,0,0,0,7,,,,,683938,17.31,20.96,25.69,13.6,80.43,12.0,14.37,0.75787306,7.0,14.03,0.3591968,19.0,13.57,0.8459539,19.0,16.96,0.77428514,11.75,14.819999999999999,2.302585092994046,-0.26236426446749084,0.22314355131421015,-0.693147180559945,-0.693147180559945,31,18.97,18.97,18.66,21.5,2.5,13.4,3.2,0.0,78.86,71.43,76.86,79.0,9.0,16.0,17.0,12.0
2021-08-15,202133,9.0,9,9.0,9,0.38474965,0.13337651,0,1,330455720213319684,2023-11-23,Rio de Janeiro,0.87738305,6747815,0,0,0,7,,,,,683938,17.84,22.66,29.51,10.6,77.57,9.0,17.31,0.755876,12.0,14.37,0.75787306,7.0,14.03,0.3591968,19.0,13.57,0.8459539,9.25,15.8875,2.302585092994046,0.0,-0.26236426446749084,0.22314355131421015,-0.693147180559945,32,20.96,18.97,18.97,18.66,13.6,2.5,13.4,3.2,80.43,78.86,71.43,76.86,16.0,17.0,12.0,9.0
2021-08-22,202134,16.0,16,16.0,16,0.8852193,0.23711379,0,1,330455720213419684,2023-11-23,Rio de Janeiro,1.5999298,6747815,0,0,0,12,,,,,683938,19.13,24.36,31.2,6.4,67.57,9.0,17.84,0.87738305,9.0,17.31,0.755876,12.0,14.37,0.75787306,7.0,14.03,0.3591968,11.5,17.1625,2.833213344056216,0.5306282510621703,0.5306282510621703,0.2682639865946794,0.7537718023763804,33,22.66,20.96,18.97,18.97,10.6,13.6,2.5,13.4,77.57,80.43,78.86,71.43,17.0,12.0,9.0,6.0
2021-08-29,202135,17.0,17,17.0,17,0.8652901,0.2519334,0,1,330455720213519684,2023-11-23,Rio de Janeiro,1.5125792,6747815,0,0,0,11,,,,,683938,18.96,22.24,26.66,33.9,81.43,16.0,19.13,1.5999298,9.0,17.84,0.87738305,9.0,17.31,0.755876,12.0,14.37,0.75787306,12.75,18.31,2.8903717578961645,0.05715841383994835,0.5877866649021186,0.5877866649021186,0.3254224004346278,34,24.36,22.66,20.96,18.97,6.4,10.6,13.6,2.5,67.57,77.57,80.43,78.86,12.0,9.0,6.0,14.0
2021-09-05,202136,12.0,12,12.0,12,0.3548215,0.17783535,0,1,330455720213619684,2023-11-23,Rio de Janeiro,0.8656589,6747815,0,0,0,6,,,,,683938,20.69,23.8,27.84,17.2,82.57,17.0,18.96,1.5125792,16.0,19.13,1.5999298,9.0,17.84,0.87738305,9.0,17.31,0.755876,13.5,19.155,2.5649493574615367,-0.3254224004346278,-0.2682639865946794,0.26236426446749084,0.26236426446749084,35,22.24,24.36,22.66,20.96,33.9,6.4,10.6,13.6,81.43,67.57,77.57,80.43,9.0,6.0,14.0,4.0
2021-09-12,202137,9.0,9,9.0,9,0.12020886,0.13337651,0,1,330455720213719684,2023-11-23,Rio de Janeiro,0.6176847,6747815,0,0,0,6,,,,,683938,20.96,24.69,29.96,6.4,79.29,12.0,20.69,0.8656589,17.0,18.96,1.5125792,16.0,19.13,1.5999298,9.0,17.84,0.87738305,13.5,19.935,2.302585092994046,-0.26236426446749084,-0.5877866649021186,-0.5306282510621703,0.0,36,23.8,22.24,24.36,22.66,17.2,33.9,6.4,10.6,82.57,81.43,67.57,77.57,6.0,14.0,4.0,9.0
2021-09-19,202138,6.0,6,6.0,6,0.06356119,0.08891767,0,1,330455720213819684,2023-11-23,Rio de Janeiro,0.48750934,6747815,0,0,0,3,,,,,683938,18.6,22.76,28.26,4.5,73.57,9.0,20.96,0.6176847,12.0,20.69,0.8656589,17.0,18.96,1.5125792,16.0,19.13,1.5999298,11.0,19.802500000000002,1.9459101490553132,-0.35667494393873267,-0.6190392084062235,-0.9444616088408513,-0.8873031950009029,37,24.69,23.8,22.24,24.36,6.4,17.2,33.9,6.4,79.29,82.57,81.43,67.57,14.0,4.0,9.0,3.0
2021-09-26,202139,14.0,14,14.0,14,0.81689405,0.20747457,0,1,330455720213919684,2023-11-23,Rio de Janeiro,1.44452,6747815,0,0,0,7,,,,,683938,20.7,24.56,29.63,33.8,76.0,6.0,18.6,0.48750934,9.0,20.96,0.6176847,12.0,20.69,0.8656589,17.0,18.96,1.5125792,10.25,20.2375,2.70805020110221,0.7621400520468968,0.40546510810816416,0.14310084364067333,-0.18232155679395445,38,22.76,24.69,23.8,22.24,4.5,6.4,17.2,33.9,73.57,79.29,82.57,81.43,4.0,9.0,3.0,6.0
2021-10-03,202140,4.0,4,4.0,4,0.0763359,0.059278447,0,1,330455720214019684,2023-11-23,Rio de Janeiro,0.44942144,6747815,0,0,0,4,,,,,683938,20.24,22.96,27.21,29.0,82.71,14.0,20.7,1.44452,6.0,18.6,0.48750934,9.0,20.96,0.6176847,12.0,20.69,0.8656589,8.25,20.125,1.6094379124341003,-1.0986122886681098,-0.33647223662121295,-0.6931471805599456,-0.9555114450274365,39,24.56,22.76,24.69,23.8,33.8,4.5,6.4,17.2,76.0,73.57,79.29,82.57,9.0,3.0,6.0,6.0
2021-10-10,202141,9.0,9,9.0,9,0.49690214,0.13337651,0,1,330455720214119684,2023-11-23,Rio de Janeiro,0.996433,6747815,0,0,0,6,,,,,683938,20.27,23.39,27.5,48.7,82.71,4.0,20.24,0.44942144,14.0,20.7,1.44452,6.0,18.6,0.48750934,9.0,20.96,0.6176847,8.25,19.9525,2.302585092994046,0.6931471805599456,-0.40546510810816416,0.35667494393873267,0.0,40,22.96,24.56,22.76,24.69,29.0,33.8,4.5,6.4,82.71,76.0,73.57,79.29,3.0,6.0,6.0,5.0
2021-10-17,202142,3.0,3,3.0,3,0.06396094,0.044458836,0,1,330455720214219684,2023-11-23,Rio de Janeiro,0.3901915,6747815,0,0,0,3,,,,,683938,18.46,20.99,23.83,32.8,85.0,9.0,20.27,0.996433,4.0,20.24,0.44942144,14.0,20.7,1.44452,6.0,18.6,0.48750934,7.5,19.9175,1.3862943611198906,-0.9162907318741553,-0.2231435513142097,-1.3217558399823195,-0.5596157879354227,41,23.39,22.96,24.56,22.76,48.7,29.0,33.8,4.5,82.71,82.71,76.0,73.57,6.0,6.0,5.0,20.0
2021-10-24,202143,6.0,6,6.0,6,0.45415315,0.08891767,0,1,330455720214319684,2023-11-23,Rio de Janeiro,0.9386868,6747815,1,0,0,2,,,,,683938,20.91,23.21,26.07,54.0,85.71,3.0,18.46,0.3901915,9.0,20.27,0.996433,4.0,20.24,0.44942144,14.0,20.7,1.44452,5.5,19.97,1.9459101490553132,0.5596157879354227,-0.35667494393873267,0.33647223662121295,-0.7621400520468968,42,20.99,23.39,22.96,24.56,32.8,48.7,29.0,33.8,85.0,82.71,82.71,76.0,6.0,5.0,20.0,24.0
2021-10-31,202144,6.0,6,6.0,6,0.56954277,0.08891767,0,1,330455720214419684,2023-11-23,Rio de Janeiro,1.1051434,6747815,0,0,0,5,,,,,683938,20.27,22.71,25.81,105.5,85.71,6.0,20.91,0.9386868,3.0,18.46,0.3901915,9.0,20.27,0.996433,4.0,20.24,0.44942144,6.0,19.9775,1.9459101490553132,0.0,0.5596157879354227,-0.35667494393873267,0.33647223662121295,43,23.21,20.99,23.39,22.96,54.0,32.8,48.7,29.0,85.71,85.0,82.71,82.71,5.0,20.0,24.0,23.0
2021-11-07,202145,5.0,5,5.0,5,0.4552868,0.07409806,0,1,330455720214519684,2023-11-23,Rio de Janeiro,0.9351259,6747815,0,0,0,3,,,,,683938,18.54,21.27,24.44,20.1,83.14,6.0,20.27,1.1051434,6.0,20.91,0.9386868,3.0,18.46,0.3901915,9.0,20.27,0.996433,5.0,19.545,1.791759469228055,-0.15415067982725827,-0.15415067982725827,0.4054651081081644,-0.5108256237659909,44,22.71,23.21,20.99,23.39,105.5,54.0,32.8,48.7,85.71,85.71,85.0,82.71,20.0,24.0,23.0,16.0
2021-11-14,202146,20.0,20,20.0,20,0.9972631,0.29639223,0,1,330455720214619684,2023-11-23,Rio de Janeiro,3.1557853,6747815,0,0,0,14,,,,,683938,19.23,23.63,29.13,70.7,77.0,5.0,18.54,0.9351259,6.0,20.27,1.1051434,6.0,20.91,0.9386868,3.0,18.46,0.3901915,9.25,19.7375,3.044522437723423,1.252762968495368,1.0986122886681098,1.0986122886681098,1.6582280766035324,45,21.27,22.71,23.21,20.99,20.1,105.5,54.0,32.8,83.14,85.71,85.71,85.0,24.0,23.0,16.0,6.0
2021-11-21,202147,24.0,24,24.0,24,0.993563,0.3556707,0,1,330455720214719684,2023-11-23,Rio de Janeiro,2.4193096,6747815,0,0,0,16,,,,,683938,19.9,24.36,29.74,31.9,75.86,20.0,19.23,3.1557853,5.0,18.54,0.9351259,6.0,20.27,1.1051434,6.0,20.91,0.9386868,13.75,19.485,3.2188758248682006,0.17435338714477755,1.4271163556401456,1.2729656758128873,1.2729656758128873,46,23.63,21.27,22.71,23.21,70.7,20.1,105.5,54.0,77.0,83.14,85.71,85.71,23.0,16.0,6.0,4.0
2021-11-28,202148,23.0,23,23.0,23,0.8489991,0.34085107,0,1,330455720214819684,2023-11-23,Rio de Janeiro,1.3864826,6747815,1,0,0,17,,,,,683938,22.03,25.36,29.56,31.0,80.29,24.0,19.9,2.4193096,20.0,19.23,3.1557853,5.0,18.54,0.9351259,6.0,20.27,1.1051434,18.0,19.925,3.1780538303479458,-0.04082199452025481,0.13353139262452274,1.3862943611198908,1.2321436812926325,47,24.36,23.63,21.27,22.71,31.9,70.7,20.1,105.5,75.86,77.0,83.14,85.71,16.0,6.0,4.0,4.0
2021-12-05,202149,16.0,16,16.0,16,0.19641796,0.23711379,0,1,330455720214919684,2023-11-23,Rio de Janeiro,0.7568388,6747815,0,0,0,15,,,,,683938,20.57,23.71,27.43,78.3,82.57,23.0,22.03,1.3864826,24.0,19.9,2.4193096,20.0,19.23,3.1557853,5.0,18.54,0.9351259,20.75,20.4325,2.833213344056216,-0.3448404862917296,-0.3856624808119844,-0.21130909366720685,1.0414538748281612,48,25.36,24.36,23.63,21.27,31.0,31.9,70.7,20.1,80.29,75.86,77.0,83.14,6.0,4.0,4.0,21.0
2021-12-12,202150,6.0,6,6.0,6,0.0017768691,0.08891767,0,1,330455720215019684,2023-11-23,Rio de Janeiro,0.29583994,6747815,1,0,0,5,,,,,683938,23.97,26.97,31.29,134.0,83.0,16.0,20.57,0.7568388,23.0,22.03,1.3864826,24.0,19.9,2.4193096,20.0,19.23,3.1557853,17.25,21.6175,1.9459101490553132,-0.8873031950009029,-1.2321436812926325,-1.2729656758128873,-1.0986122886681098,49,23.71,25.36,24.36,23.63,78.3,31.0,31.9,70.7,82.57,80.29,75.86,77.0,4.0,4.0,21.0,14.0
2021-12-19,202151,4.0,4,4.0,4,0.0037663537,0.059278447,0,1,330455720215119684,2023-11-23,Rio de Janeiro,0.26664373,6747815,1,0,0,3,,,,,683938,20.7,24.44,28.5,34.9,78.86,6.0,23.97,0.29583994,16.0,20.57,0.7568388,23.0,22.03,1.3864826,24.0,19.9,2.4193096,12.25,21.817500000000003,1.6094379124341003,-0.33647223662121295,-1.2237754316221159,-1.5686159179138455,-1.6094379124341003,50,26.97,23.71,25.36,24.36,134.0,78.3,31.0,31.9,83.0,82.57,80.29,75.86,4.0,21.0,14.0,22.0
2021-12-26,202152,4.0,4,4.0,4,0.079839066,0.059278447,0,2,330455720215219684,2023-11-23,Rio de Janeiro,0.45455202,6747815,1,0,0,0,,,,,683938,21.94,25.24,29.69,119.5,82.57,4.0,20.7,0.26664373,6.0,23.97,0.29583994,16.0,20.57,0.7568388,23.0,22.03,1.3864826,7.5,21.795,1.6094379124341003,0.0,-0.33647223662121295,-1.2237754316221159,-1.5686159179138455,51,24.44,26.97,23.71,25.36,34.9,134.0,78.3,31.0,78.86,83.0,82.57,80.29,21.0,14.0,22.0,19.0
2022-01-02,202201,21.0,21,21.0,21,0.9986092,0.31121185,0,2,330455720220119684,2023-11-23,Rio de Janeiro,3.4323168,6747815,1,0,0,10,,,,,683938,24.29,26.81,30.24,116.4,82.29,4.0,21.94,0.45455202,4.0,20.7,0.26664373,6.0,23.97,0.29583994,16.0,20.57,0.7568388,8.75,22.724999999999998,3.091042453358316,1.4816045409242158,1.4816045409242158,1.1451323043030028,0.2578291093020999,52,25.24,24.44,26.97,23.71,119.5,34.9,134.0,78.3,82.57,78.86,83.0,82.57,14.0,22.0,19.0,31.0
2022-01-09,202202,14.0,14,14.0,14,0.8675266,0.20747457,0,2,330455720220219684,2023-11-23,Rio de Janeiro,1.5911115,6747815,1,0,0,7,,,,,683938,23.07,25.69,29.07,89.4,86.57,21.0,24.29,3.4323168,4.0,21.94,0.45455202,4.0,20.7,0.26664373,6.0,23.97,0.29583994,10.75,22.5,2.70805020110221,-0.382992252256106,1.0986122886681098,1.0986122886681098,0.7621400520468968,1,26.81,25.24,24.44,26.97,116.4,119.5,34.9,134.0,82.29,82.57,78.86,83.0,22.0,19.0,31.0,35.0
2022-01-16,202203,22.0,22,22.0,22,0.9071423,0.32603148,0,2,330455720220319684,2023-11-23,Rio de Janeiro,1.5530369,6747815,1,0,0,11,,,,,683938,24.03,28.24,33.44,7.6,77.0,14.0,23.07,1.5911115,21.0,24.29,3.4323168,4.0,21.94,0.45455202,4.0,20.7,0.26664373,15.25,23.332500000000003,3.1354942159291497,0.4274440148269396,0.04445176257083361,1.5260563034950494,1.5260563034950494,2,25.69,26.81,25.24,24.44,89.4,116.4,119.5,34.9,86.57,82.29,82.57,78.86,19.0,31.0,35.0,47.0
2022-01-23,202204,19.0,19,19.0,19,0.6156365,0.28157264,0,2,330455720220419684,2023-11-23,Rio de Janeiro,1.1014314,6747815,1,0,0,7,,,,,683938,23.83,28.29,34.13,27.2,71.43,22.0,24.03,1.5530369,14.0,23.07,1.5911115,21.0,24.29,3.4323168,4.0,21.94,0.45455202,19.0,23.805,2.995732273553991,-0.13976194237515882,0.2876820724517808,-0.09531017980432521,1.3862943611198906,3,28.24,25.69,26.81,25.24,7.6,89.4,116.4,119.5,77.0,86.57,82.29,82.57,31.0,35.0,47.0,62.0
2022-01-30,202205,31.0,31,31.0,31,0.9479307,0.459408,0,2,330455720220519684,2023-11-23,Rio de Janeiro,1.5826366,6747815,1,0,0,25,,,,,683938,24.0,26.8,31.03,74.8,84.29,19.0,23.83,1.1014314,22.0,24.03,1.5530369,14.0,23.07,1.5911115,21.0,24.29,3.4323168,21.5,23.7325,3.4657359027997265,0.4700036292457357,0.33024168687057687,0.7576857016975165,0.3746934494414105,4,28.29,28.24,25.69,26.81,27.2,7.6,89.4,116.4,71.43,77.0,86.57,82.29,35.0,47.0,62.0,66.0
2022-02-06,202206,35.0,35,35.0,35,0.9420017,0.5186864,0,2,330455720220619684,2023-11-23,Rio de Janeiro,1.5123024,6747815,1,0,0,23,,,,,683938,22.46,24.89,28.19,90.5,83.86,31.0,24.0,1.5826366,19.0,23.83,1.1014314,22.0,24.03,1.5530369,14.0,23.07,1.5911115,26.75,23.58,3.58351893845611,0.11778303565638337,0.5877866649021191,0.44802472252696024,0.8754687373538999,5,26.8,28.29,28.24,25.69,74.8,27.2,7.6,89.4,84.29,71.43,77.0,86.57,47.0,62.0,66.0,116.0
2022-02-13,202207,47.0,47,47.0,47,0.9801541,0.69652176,0,2,330455720220719684,2023-11-23,Rio de Janeiro,1.6082743,6747815,1,0,0,25,,,,,683938,22.83,25.97,30.37,120.1,82.57,35.0,22.46,1.5123024,31.0,24.0,1.5826366,19.0,23.83,1.1014314,22.0,24.03,1.5530369,33.0,23.279999999999998,3.871201010907891,0.28768207245178123,0.4054651081081646,0.8754687373539003,0.7357067949787415,6,24.89,26.8,28.29,28.24,90.5,74.8,27.2,7.6,83.86,84.29,71.43,77.0,62.0,66.0,116.0,126.0
2022-02-20,202208,62.0,62,62.0,62,0.99381524,0.918816,0,2,330455720220819684,2023-11-23,Rio de Janeiro,1.661781,6747815,1,0,0,36,,,,,683938,23.23,27.0,31.9,48.6,81.86,47.0,22.83,1.6082743,35.0,22.46,1.5123024,31.0,24.0,1.5826366,19.0,23.83,1.1014314,43.75,23.13,4.143134726391533,0.2719337154836414,0.5596157879354227,0.677398823591806,1.1474024528375417,7,25.97,24.89,26.8,28.29,120.1,90.5,74.8,27.2,82.57,83.86,84.29,71.43,66.0,116.0,126.0,177.0
2022-02-27,202209,66.0,66,66.0,66,0.95925915,0.9780944,0,2,330455720220919684,2023-11-23,Rio de Janeiro,1.388137,6747815,1,0,0,36,,,,,683938,22.89,28.21,34.61,0.6,72.57,62.0,23.23,1.661781,47.0,22.83,1.6082743,35.0,22.46,1.5123024,31.0,24.0,1.5826366,52.5,22.8525,4.204692619390966,0.06155789299943315,0.3334916084830746,0.6211736809348558,0.7389567165912392,8,27.0,25.97,24.89,26.8,48.6,120.1,90.5,74.8,81.86,82.57,83.86,84.29,116.0,126.0,177.0,153.0
2022-03-06,202210,116.0,116,116.0,116,0.9999886,1.719075,0,2,330455720221019684,2023-11-23,Rio de Janeiro,1.9214933,6747815,1,1,1,68,,,,,683938,23.37,28.57,34.94,2.7,68.86,66.0,22.89,1.388137,62.0,23.23,1.661781,47.0,22.83,1.6082743,35.0,22.46,1.5123024,72.75,23.080000000000002,4.762173934797756,0.5574813154067906,0.6190392084062237,0.8909729238898652,1.1786549963416464,9,28.21,27.0,25.97,24.89,0.6,48.6,120.1,90.5,72.57,81.86,82.57,83.86,126.0,177.0,153.0,222.0
2022-03-13,202211,126.0,126,126.0,126,0.9995368,1.8672711,0,3,330455720221119684,2023-11-23,Rio de Janeiro,1.5969439,6747815,1,1,1,74,,,,,683938,23.9,28.77,34.81,6.2,71.71,116.0,23.37,1.9214933,66.0,22.89,1.388137,62.0,23.23,1.661781,47.0,22.83,1.6082743,92.5,23.3475,4.844187086458591,0.0820131516608349,0.6394944670676255,0.7010523600670586,0.9729860755507,10,28.57,28.21,27.0,25.97,2.7,0.6,48.6,120.1,68.86,72.57,81.86,82.57,177.0,153.0,222.0,201.0
2022-03-20,202212,177.0,177,177.0,177,0.99998975,2.6230714,0,3,330455720221219684,2023-11-23,Rio de Janeiro,1.6721373,6747815,1,1,1,123,,,,,683938,21.83,25.91,30.8,58.4,76.71,126.0,23.9,1.5969439,116.0,23.37,1.9214933,66.0,22.89,1.388137,62.0,23.23,1.661781,121.25,22.9975,5.181783550292085,0.33759646383349384,0.41960961549432874,0.9770909309011193,1.0386488239005525,11,28.77,28.57,28.21,27.0,6.2,2.7,0.6,48.6,71.71,68.86,72.57,81.86,153.0,222.0,201.0,234.0
2022-03-27,202213,153.0,153,153.0,153,0.87866074,2.2674007,0,3,330455720221319684,2023-11-23,Rio de Janeiro,1.1480515,6747815,1,0,1,98,,,,,683938,23.67,26.07,29.67,122.0,85.29,177.0,21.83,1.6721373,126.0,23.9,1.5969439,116.0,23.37,1.9214933,66.0,22.89,1.388137,143.0,23.1925,5.0369526024136295,-0.14483094787845552,0.19276551595503832,0.2747786676158732,0.8322599830226638,12,25.91,28.77,28.57,28.21,58.4,6.2,2.7,0.6,76.71,71.71,68.86,72.57,222.0,201.0,234.0,342.0
2022-04-03,202214,222.0,222,222.0,222,0.9996232,3.289954,0,2,330455720221419684,2023-11-23,Rio de Janeiro,1.4169692,6747815,1,1,1,155,,,,,683938,22.84,25.83,29.81,26.0,83.86,153.0,23.67,1.1480515,177.0,21.83,1.6721373,126.0,23.9,1.5969439,116.0,23.37,1.9214933,169.5,23.06,5.407171771460119,0.3702191690464893,0.2253882211680338,0.5629846850015277,0.6449978366623625,13,26.07,25.91,28.77,28.57,122.0,58.4,6.2,2.7,85.29,76.71,71.71,68.86,201.0,234.0,342.0,461.0
2022-04-10,202215,201.0,201,201.0,201,0.9035646,2.9787421,0,2,330455720221519684,2023-11-23,Rio de Janeiro,1.1435883,6747815,1,0,1,142,,,,,683938,21.26,24.59,28.74,32.2,82.29,222.0,22.84,1.4169692,153.0,23.67,1.1480515,177.0,21.83,1.6721373,126.0,23.9,1.5969439,188.25,22.400000000000002,5.308267697401205,-0.09890407405891377,0.27131509498757556,0.12648414710912004,0.4640806109426139,14,25.83,26.07,25.91,28.77,26.0,122.0,58.4,6.2,83.86,85.29,76.71,71.71,234.0,342.0,461.0,505.0
2022-04-17,202216,234.0,234,234.0,234,0.96292627,3.4677892,0,1,330455720221619684,2023-11-23,Rio de Janeiro,1.1878948,6747815,0,1,1,173,,,,,683938,18.31,23.17,28.73,2.0,80.14,201.0,21.26,1.1435883,222.0,22.84,1.4169692,153.0,23.67,1.1480515,177.0,21.83,1.6721373,202.5,21.520000000000003,5.459585514144159,0.15131781674295386,0.05241374268404009,0.4226329117305294,0.2778019638520739,15,24.59,25.83,26.07,25.91,32.2,26.0,122.0,58.4,82.29,83.86,85.29,76.71,342.0,461.0,505.0,406.0
2022-04-24,202217,342.0,342,342.0,342,0.99999994,5.0683074,0,3,330455720221719684,2023-11-23,Rio de Janeiro,1.5684257,6747815,1,1,1,233,,,,,683938,21.27,25.04,30.21,26.7,81.29,234.0,18.31,1.1878948,201.0,21.26,1.1435883,222.0,22.84,1.4169692,153.0,23.67,1.1480515,249.75,20.92,5.8377304471659395,0.37814493302178054,0.5294627497647344,0.4305586757058206,0.80077784475231,16,23.17,24.59,25.83,26.07,2.0,32.2,26.0,122.0,80.14,82.29,83.86,85.29,461.0,505.0,406.0,400.0
2022-05-01,202218,461.0,461,461.0,461,1.0,6.831841,0,3,330455720221819684,2023-11-23,Rio de Janeiro,1.757393,6747815,1,1,1,343,,,,,683938,20.93,24.7,29.83,6.7,80.14,342.0,21.27,1.5684257,234.0,18.31,1.1878948,201.0,21.26,1.1435883,222.0,22.84,1.4169692,309.5,20.4425,6.135564891081739,0.29783444391579916,0.6759793769375797,0.8272971936805336,0.7283931196216198,17,25.04,23.17,24.59,25.83,26.7,2.0,32.2,26.0,81.29,80.14,82.29,83.86,505.0,406.0,400.0,338.0
2022-05-08,202219,505.0,505,505.0,505,1.0,7.483904,0,3,330455720221919684,2023-11-23,Rio de Janeiro,1.4691758,6747815,0,1,1,369,,,,,683938,19.01,22.21,26.26,5.3,84.0,461.0,20.93,1.757393,342.0,21.27,1.5684257,234.0,18.31,1.1878948,201.0,21.26,1.1435883,385.5,19.88,6.226536669287466,0.0909717782057271,0.38880622212152627,0.7669511551433068,0.9182689718862607,18,24.7,25.04,23.17,24.59,6.7,26.7,2.0,32.2,80.14,81.29,80.14,82.29,406.0,400.0,338.0,255.0
2022-05-15,202220,406.0,406,406.0,406,0.26216424,6.0167623,0,3,330455720222019684,2023-11-23,Rio de Janeiro,0.9567877,6747815,0,0,1,290,,,,,683938,16.39,19.94,24.11,16.3,77.29,505.0,19.01,1.4691758,461.0,20.93,1.757393,342.0,21.27,1.5684257,234.0,18.31,1.1878948,428.5,19.4,6.008813185442595,-0.21772348384487117,-0.12675170563914406,0.1710827382766551,0.5492276712984356,19,22.21,24.7,25.04,23.17,5.3,6.7,26.7,2.0,84.0,80.14,81.29,80.14,400.0,338.0,255.0,153.0
2022-05-22,202221,400.0,400,400.0,400,0.036282655,5.927845,0,1,330455720222119684,2023-11-23,Rio de Janeiro,0.8842123,6747815,0,0,1,293,,,,,683938,15.2,20.43,27.34,0.2,79.57,406.0,16.39,0.9567877,505.0,19.01,1.4691758,461.0,20.93,1.757393,342.0,21.27,1.5684257,443.0,17.8825,5.993961427306569,-0.01485175813602524,-0.2325752419808964,-0.1416034637751693,0.15623098014062986,20,19.94,22.21,24.7,25.04,16.3,5.3,6.7,26.7,77.29,84.0,80.14,81.29,338.0,255.0,153.0,209.0
2022-05-29,202222,338.0,338,338.0,338,0.0007448157,5.009029,0,1,330455720222219684,2023-11-23,Rio de Janeiro,0.794098,6747815,0,0,1,236,,,,,683938,19.33,22.46,26.76,6.5,83.86,400.0,15.2,0.8842123,406.0,16.39,0.9567877,505.0,19.01,1.4691758,461.0,20.93,1.757393,412.25,17.482499999999998,5.82600010738045,-0.1679613199261194,-0.18281307806214464,-0.4005365619070158,-0.3095647837012887,21,20.43,19.94,22.21,24.7,0.2,16.3,5.3,6.7,79.57,77.29,84.0,80.14,255.0,153.0,209.0,189.0
2022-06-05,202223,255.0,255,255.0,255,1.9040232e-07,3.779001,0,1,330455720222319684,2023-11-23,Rio de Janeiro,0.66627395,6747815,0,0,1,194,,,,,683938,17.51,20.81,25.27,16.8,85.14,338.0,19.33,0.794098,400.0,15.2,0.8842123,406.0,16.39,0.9567877,505.0,19.01,1.4691758,349.75,17.1075,5.545177444479562,-0.28082266290088764,-0.44878398282700704,-0.4636357409630323,-0.6813592248079035,22,22.46,20.43,19.94,22.21,6.5,0.2,16.3,5.3,83.86,79.57,77.29,84.0,153.0,209.0,189.0,155.0
2022-06-12,202224,153.0,153,153.0,153,6.661338e-16,2.2674007,0,1,330455720222419684,2023-11-23,Rio de Janeiro,0.46959227,6747815,0,0,1,118,,,,,683938,15.01,18.87,24.16,6.5,81.43,255.0,17.51,0.66627395,338.0,19.33,0.794098,400.0,15.2,0.8842123,406.0,16.39,0.9567877,286.5,16.7625,5.0369526024136295,-0.5082248420659328,-0.7890475049668204,-0.9570088248929398,-0.971860583028965,23,20.81,22.46,20.43,19.94,16.8,6.5,0.2,16.3,85.14,83.86,79.57,77.29,209.0,189.0,155.0,144.0
2022-06-19,202225,209.0,209,209.0,209,0.01570516,3.0972989,0,1,330455720222519684,2023-11-23,Rio de Janeiro,0.8186896,6747815,0,0,1,140,,,,,683938,16.89,21.09,27.46,7.6,81.29,153.0,15.01,0.46959227,255.0,17.51,0.66627395,338.0,19.33,0.794098,400.0,15.2,0.8842123,238.75,17.185,5.3471075307174685,0.31015492830383895,-0.19806991376209382,-0.47889257666298146,-0.6468538965891009,24,18.87,20.81,22.46,20.43,6.5,16.8,6.5,0.2,81.43,85.14,83.86,79.57,189.0,155.0,144.0,194.0
2022-06-26,202226,189.0,189,189.0,189,0.23043929,2.8009067,0,1,330455720222619684,2023-11-23,Rio de Janeiro,0.9283197,6747815,0,0,1,106,,,,,683938,15.33,19.71,25.27,7.7,82.14,209.0,16.89,0.8186896,153.0,15.01,0.46959227,255.0,17.51,0.66627395,338.0,19.33,0.794098,201.5,16.185,5.247024072160486,-0.10008345855698231,0.21007146974685664,-0.2981533723190761,-0.5789760352199638,25,21.09,18.87,20.81,22.46,7.6,6.5,16.8,6.5,81.29,81.43,85.14,83.86,155.0,144.0,194.0,148.0
2022-07-03,202227,155.0,155,155.0,155,0.030116739,2.2970397,0,1,330455720222719684,2023-11-23,Rio de Janeiro,0.81655735,6747815,0,0,1,99,,,,,683938,15.49,21.39,29.69,0.0,73.14,189.0,15.33,0.9283197,209.0,16.89,0.8186896,153.0,15.01,0.46959227,255.0,17.51,0.66627395,176.5,15.68,5.049856007249537,-0.19716806491094907,-0.2972515234679314,0.012903404835907573,-0.4953214372300252,26,19.71,21.09,18.87,20.81,7.7,7.6,6.5,16.8,82.14,81.29,81.43,85.14,144.0,194.0,148.0,145.0
2022-07-10,202228,144.0,144,144.0,144,0.020630103,2.1340241,0,1,330455720222819684,2023-11-23,Rio de Janeiro,0.79695076,6747815,0,0,1,91,,,,,683938,18.14,22.74,29.23,4.2,74.71,155.0,15.49,0.81655735,189.0,15.33,0.9283197,209.0,16.89,0.8186896,153.0,15.01,0.46959227,174.25,16.4625,4.976733742420574,-0.07312226482896289,-0.27029032973991196,-0.37037378829689427,-0.06021885999305532,27,21.39,19.71,21.09,18.87,0.0,7.7,7.6,6.5,73.14,82.14,81.29,81.43,194.0,148.0,145.0,106.0
2022-07-17,202229,194.0,194,194.0,194,0.93817145,2.8750048,0,1,330455720222919684,2023-11-23,Rio de Janeiro,1.1765893,6747815,0,0,1,118,,,,,683938,18.59,22.4,28.5,3.2,80.86,144.0,18.14,0.79695076,155.0,15.49,0.81655735,189.0,15.33,0.9283197,209.0,16.89,0.8186896,170.5,16.8875,5.272999558563747,0.2962658161431726,0.2231435513142097,0.02597548640326064,-0.07410797215372167,28,22.74,21.39,19.71,21.09,4.2,0.0,7.7,7.6,74.71,73.14,82.14,81.29,148.0,145.0,106.0,110.0
2022-07-24,202230,148.0,148,148.0,148,0.22881758,2.1933026,0,1,330455720223019684,2023-11-23,Rio de Janeiro,0.9190404,6747815,0,0,1,87,,,,,683938,16.81,21.43,27.93,10.6,75.86,194.0,18.59,1.1765893,144.0,18.14,0.79695076,155.0,15.49,0.81655735,189.0,15.33,0.9283197,160.25,17.2575,5.003946305945459,-0.2690532526182876,0.027212563524884992,-0.0459097013040779,-0.24307776621502697,29,22.4,22.74,21.39,19.71,3.2,4.2,0.0,7.7,80.86,74.71,73.14,82.14,145.0,106.0,110.0,99.0
2022-07-31,202231,145.0,145,145.0,145,0.12629244,2.1488438,0,1,330455720223119684,2023-11-23,Rio de Janeiro,0.8781845,6747815,0,0,1,76,,,,,683938,17.74,21.76,27.7,1.5,78.43,148.0,16.81,0.9190404,194.0,18.59,1.1765893,144.0,18.14,0.79695076,155.0,15.49,0.81655735,157.75,17.82,4.983606621708336,-0.020339684237122846,-0.28939293685541045,0.006872879287762146,-0.06624938554120074,30,21.43,22.4,22.74,21.39,10.6,3.2,4.2,0.0,75.86,80.86,74.71,73.14,106.0,110.0,99.0,94.0
2022-08-07,202232,106.0,106,106.0,106,0.0010959184,1.5708789,0,1,330455720223219684,2023-11-23,Rio de Janeiro,0.6826298,6747815,0,0,1,68,,,,,683938,18.07,20.81,24.64,28.9,81.57,145.0,17.74,0.8781845,148.0,16.81,0.9190404,194.0,18.59,1.1765893,144.0,18.14,0.79695076,148.25,17.8025,4.672828834461906,-0.31077778724643057,-0.3311174714835534,-0.600170724101841,-0.3039049079586684,31,21.76,21.43,22.4,22.74,1.5,10.6,3.2,4.2,78.43,75.86,80.86,74.71,110.0,99.0,94.0,101.0
2022-08-14,202233,110.0,110,110.0,110,0.045986354,1.6301574,0,1,330455720223319684,2023-11-23,Rio de Janeiro,0.8065719,6747815,0,0,1,56,,,,,683938,16.5,21.47,27.81,12.5,72.86,106.0,18.07,0.6826298,145.0,17.74,0.8781845,148.0,16.81,0.9190404,194.0,18.59,1.1765893,127.25,17.279999999999998,4.709530201312334,0.03670136685042813,-0.27407642039600244,-0.2944161046331253,-0.5634693572514129,32,20.81,21.76,21.43,22.4,28.9,1.5,10.6,3.2,81.57,78.43,75.86,80.86,99.0,94.0,101.0,120.0
2022-08-21,202234,99.0,99,99.0,99,0.09569146,1.4671416,0,1,330455720223419684,2023-11-23,Rio de Janeiro,0.8375247,6747815,0,0,1,50,,,,,683938,16.6,20.77,25.67,1.7,79.14,110.0,16.5,0.8065719,106.0,18.07,0.6826298,145.0,17.74,0.8781845,148.0,16.81,0.9190404,115.0,17.2275,4.605170185988092,-0.1043600153242421,-0.06765864847381398,-0.37843643572024455,-0.3987761199573674,33,21.47,20.81,21.76,21.43,12.5,28.9,1.5,10.6,72.86,81.57,78.43,75.86,94.0,101.0,120.0,102.0
2022-08-28,202235,94.0,94,94.0,94,0.17768769,1.3930435,0,1,330455720223519684,2023-11-23,Rio de Janeiro,0.87790096,6747815,0,0,1,53,,,,,683938,14.81,20.07,26.56,15.4,73.14,99.0,16.6,0.8375247,110.0,16.5,0.8065719,106.0,18.07,0.6826298,145.0,17.74,0.8781845,102.25,16.495,4.553876891600541,-0.051293294387551036,-0.15565330971179314,-0.11895194286136501,-0.4297297301077956,34,20.77,21.47,20.81,21.76,1.7,12.5,28.9,1.5,79.14,72.86,81.57,78.43,101.0,120.0,102.0,95.0
2022-09-04,202236,101.0,101,101.0,101,0.50855213,1.4967808,0,1,330455720223619684,2023-11-23,Rio de Janeiro,1.0030174,6747815,0,0,1,51,,,,,683938,17.56,22.19,28.89,9.2,70.57,94.0,14.81,0.87790096,99.0,16.6,0.8375247,110.0,16.5,0.8065719,106.0,18.07,0.6826298,101.0,16.3675,4.624972813284271,0.07109592168372991,0.019802627296178876,-0.08455738802806323,-0.0478560211776351,35,20.07,20.77,21.47,20.81,15.4,1.7,12.5,28.9,73.14,79.14,72.86,81.57,120.0,102.0,95.0,102.0
2022-09-11,202237,120.0,120,120.0,120,0.9246328,1.7783535,0,1,330455720223719684,2023-11-23,Rio de Janeiro,1.2145498,6747815,0,0,1,50,,,,,683938,18.24,20.24,22.69,50.7,86.29,101.0,17.56,1.0030174,94.0,14.81,0.87790096,99.0,16.6,0.8375247,110.0,16.5,0.8065719,103.5,16.8025,4.795790545596741,0.17081773231247066,0.24191365399620057,0.19062035960864954,0.08626034428440743,36,22.19,20.07,20.77,21.47,9.2,15.4,1.7,12.5,70.57,73.14,79.14,72.86,102.0,95.0,102.0,123.0
2022-09-18,202238,102.0,102,102.0,102,0.46021026,1.5116004,0,1,330455720223819684,2023-11-23,Rio de Janeiro,0.9861838,6747815,0,0,1,40,,,,,683938,17.19,21.2,26.13,18.9,76.29,120.0,18.24,1.2145498,101.0,17.56,1.0030174,94.0,14.81,0.87790096,99.0,16.6,0.8375247,104.25,16.950000000000003,4.634728988229636,-0.16106155736710548,0.009756174945365181,0.0808520966290951,0.029558802241544058,37,20.24,22.19,20.07,20.77,50.7,9.2,15.4,1.7,86.29,70.57,73.14,79.14,95.0,102.0,123.0,160.0
2022-09-25,202239,95.0,95,95.0,95,0.1865138,1.4078631,0,1,330455720223919684,2023-11-23,Rio de Janeiro,0.8824809,6747815,0,0,1,48,,,,,683938,18.87,21.44,24.76,53.8,84.57,102.0,17.19,0.9861838,120.0,18.24,1.2145498,101.0,17.56,1.0030174,94.0,14.81,0.87790096,104.5,17.965,4.564348191467836,-0.07038079676179976,-0.23144235412890524,-0.060624621816434576,0.010471299867295336,38,21.2,20.24,22.19,20.07,18.9,50.7,9.2,15.4,76.29,86.29,70.57,73.14,102.0,123.0,160.0,139.0
2022-10-02,202240,102.0,102,102.0,102,0.44156918,1.5116004,0,1,330455720224019684,2023-11-23,Rio de Janeiro,0.9797707,6747815,0,0,1,54,,,,,683938,20.67,22.91,25.96,27.0,84.29,95.0,18.87,0.8824809,102.0,17.19,0.9861838,120.0,18.24,1.2145498,101.0,17.56,1.0030174,104.75,18.7425,4.634728988229636,0.07038079676179976,0.0,-0.16106155736710548,0.009756174945365181,39,21.44,21.2,20.24,22.19,53.8,18.9,50.7,9.2,84.57,76.29,86.29,70.57,123.0,160.0,139.0,131.0
2022-10-09,202241,123.0,123,123.0,123,0.9312313,1.8228123,0,1,330455720224119684,2023-11-23,Rio de Janeiro,1.2197336,6747815,1,0,1,59,,,,,683938,21.49,25.27,30.47,13.4,79.57,102.0,20.67,0.9797707,95.0,18.87,0.8824809,102.0,17.19,0.9861838,120.0,18.24,1.2145498,105.5,19.555,4.820281565605037,0.1855525773754012,0.25593337413720096,0.1855525773754012,0.024491020008295727,40,22.91,21.44,21.2,20.24,27.0,53.8,18.9,50.7,84.29,84.57,76.29,86.29,160.0,139.0,131.0,171.0
2022-10-16,202242,160.0,160,160.0,160,0.99927,2.3711379,0,1,330455720224219684,2023-11-23,Rio de Janeiro,1.4796615,6747815,1,1,1,53,,,,,683938,21.34,25.07,29.9,20.4,78.43,123.0,21.49,1.2197336,102.0,20.67,0.9797707,95.0,18.87,0.8824809,102.0,17.19,0.9861838,120.0,20.5925,5.081404364984463,0.26112279937942606,0.44667537675482727,0.517056173516627,0.44667537675482727,41,25.27,22.91,21.44,21.2,13.4,27.0,53.8,18.9,79.57,84.29,84.57,76.29,139.0,131.0,171.0,129.0
2022-10-23,202243,139.0,139,139.0,139,0.79595286,2.059926,0,1,330455720224319684,2023-11-23,Rio de Janeiro,1.1069666,6747815,0,0,1,52,,,,,683938,21.16,25.09,30.01,56.3,77.86,160.0,21.34,1.4796615,123.0,21.49,1.2197336,102.0,20.67,0.9797707,95.0,18.87,0.8824809,131.0,21.165,4.941642422609304,-0.13976194237515926,0.1213608570042668,0.306913434379668,0.37729423114146776,42,25.07,25.27,22.91,21.44,20.4,13.4,27.0,53.8,78.43,79.57,84.29,84.57,131.0,171.0,129.0,94.0
2022-10-30,202244,131.0,131,131.0,131,0.2870343,1.9413692,0,1,330455720224419684,2023-11-23,Rio de Janeiro,0.9341007,6747815,0,0,1,46,,,,,683938,19.41,22.34,25.73,66.2,81.29,139.0,21.16,1.1069666,160.0,21.34,1.4796615,123.0,21.49,1.2197336,102.0,20.67,0.9797707,138.25,20.849999999999998,4.882801922586371,-0.058840500022933284,-0.19860244239809255,0.06252035698133351,0.24807293435673472,43,25.09,25.07,25.27,22.91,56.3,20.4,13.4,27.0,77.86,78.43,79.57,84.29,171.0,129.0,94.0,86.0
2022-11-06,202245,171.0,171,171.0,171,0.94849133,2.5341537,0,1,330455720224519684,2023-11-23,Rio de Janeiro,1.2024918,6747815,0,0,1,64,,,,,683938,19.6,22.67,26.47,34.1,82.86,131.0,19.41,0.9341007,139.0,21.16,1.1069666,160.0,21.34,1.4796615,123.0,21.49,1.2197336,150.25,20.3775,5.147494476813453,0.26469255422708216,0.20585205420414887,0.0660901118289896,0.32721291120841567,44,22.34,25.09,25.07,25.27,66.2,56.3,20.4,13.4,81.29,77.86,78.43,79.57,129.0,94.0,86.0,98.0
2022-11-13,202246,129.0,129,129.0,129,0.19049408,1.9117299,0,1,330455720224619684,2023-11-23,Rio de Janeiro,0.8993642,6747815,1,0,1,49,,,,,683938,20.54,24.49,29.06,26.4,77.29,171.0,19.6,1.2024918,131.0,19.41,0.9341007,139.0,21.16,1.1069666,160.0,21.34,1.4796615,142.5,20.1775,4.867534450455582,-0.27996002635787054,-0.015267472130788384,-0.07410797215372167,-0.21386991452888093,45,22.67,22.34,25.09,25.07,34.1,66.2,56.3,20.4,82.86,81.29,77.86,78.43,94.0,86.0,98.0,123.0
2022-11-20,202247,94.0,94,94.0,94,0.0005106912,1.3930435,0,1,330455720224719684,2023-11-23,Rio de Janeiro,0.6508022,6747815,0,0,1,34,,,,,683938,20.64,24.83,29.47,37.5,78.57,129.0,20.54,0.8993642,171.0,19.6,1.2024918,131.0,19.41,0.9341007,139.0,21.16,1.1069666,131.25,20.0475,4.553876891600541,-0.31365755885504143,-0.593617585212912,-0.3289250309858298,-0.3877655310087631,46,24.49,22.67,22.34,25.09,26.4,34.1,66.2,56.3,77.29,82.86,81.29,77.86,86.0,98.0,123.0,117.0
2022-11-27,202248,86.0,86,86.0,86,0.0019737158,1.2744867,0,1,330455720224819684,2023-11-23,Rio de Janeiro,0.67219293,6747815,1,0,0,32,,,,,683938,22.81,25.71,29.67,26.0,82.29,94.0,20.64,0.6508022,129.0,20.54,0.8993642,171.0,19.6,1.2024918,131.0,19.41,0.9341007,120.0,20.8975,4.465908118654584,-0.08796877294595706,-0.4016263318009985,-0.681586358158869,-0.4168938039317869,47,24.83,24.49,22.67,22.34,37.5,26.4,34.1,66.2,78.57,77.29,82.86,81.29,98.0,123.0,117.0,163.0
2022-12-04,202249,98.0,98,98.0,98,0.47070056,1.452322,0,1,330455720224919708,2023-12-17,Rio de Janeiro,0.9896027,6747815,1,0,1,24,,,,,683938,22.34,25.89,29.84,57.8,79.57,86.0,22.81,0.67219293,94.0,20.64,0.6508022,129.0,20.54,0.8993642,171.0,19.6,1.2024918,101.75,21.5825,4.59511985013459,0.1292117314800061,0.04124295853404902,-0.2724146003209924,-0.552374626678863,48,25.71,24.83,24.49,22.67,26.0,37.5,26.4,34.1,82.29,78.57,77.29,82.86,123.0,117.0,163.0,230.0
2022-12-11,202250,123.0,123,123.0,123,0.98636544,1.8228123,0,1,330455720225019718,2023-12-27,Rio de Janeiro,1.3540077,6747815,0,1,1,43,,,,,683938,21.3,25.47,30.49,33.7,78.0,98.0,22.34,0.9896027,86.0,22.81,0.67219293,94.0,20.64,0.6508022,129.0,20.54,0.8993642,100.25,21.7725,4.820281565605037,0.22516171547044728,0.35437344695045336,0.2664046740044963,-0.04725288485054513,49,25.89,25.71,24.83,24.49,57.8,26.0,37.5,26.4,79.57,82.29,78.57,77.29,117.0,163.0,230.0,218.0
2022-12-18,202251,117.0,117,117.0,117,0.8770603,1.7338946,0,1,330455720225119718,2023-12-27,Rio de Janeiro,1.1705892,6747815,1,0,1,36,,,,,683938,21.21,23.1,25.46,78.7,85.57,123.0,21.3,1.3540077,98.0,22.34,0.9896027,86.0,22.81,0.67219293,94.0,20.64,0.6508022,106.0,21.915,4.770684624465665,-0.049596941139371964,0.1755647743310753,0.3047765058110814,0.21680773286512434,50,25.47,25.89,25.71,24.83,33.7,57.8,26.0,37.5,78.0,79.57,82.29,78.57,163.0,230.0,218.0,246.0
2022-12-25,202252,163.0,163,163.0,163,0.9982087,2.4155967,0,1,330455720225219734,2024-01-12,Rio de Janeiro,1.4215776,6747815,1,1,1,67,,,,,683938,22.86,25.94,29.59,87.5,83.29,117.0,21.21,1.1705892,123.0,21.3,1.3540077,98.0,22.34,0.9896027,86.0,22.81,0.67219293,125.25,21.927500000000002,5.099866427824199,0.32918180335853364,0.2795848622191617,0.504746577689609,0.633958309169615,51,23.1,25.47,25.89,25.71,78.7,33.7,57.8,26.0,85.57,78.0,79.57,82.29,230.0,218.0,246.0,312.0
2023-01-01,202301,230.0,230,230.0,230,0.99999976,3.4085107,0,3,330455720230119740,2024-01-18,Rio de Janeiro,1.7139512,6747815,1,1,1,106,,,,,683938,22.13,25.24,29.14,95.1,82.57,163.0,22.86,1.4215776,117.0,21.21,1.1705892,123.0,21.3,1.3540077,98.0,22.34,0.9896027,158.25,21.875,5.442417710521793,0.3425512826975945,0.6717330860561281,0.6221361449167562,0.8472978603872034,52,25.94,23.1,25.47,25.89,87.5,78.7,33.7,57.8,83.29,85.57,78.0,79.57,218.0,246.0,312.0,383.0
2023-01-08,202302,218.0,218,218.0,218,0.995155,3.2306755,0,3,330455720230219747,2024-01-25,Rio de Janeiro,1.3026527,6747815,1,1,1,92,,,,,683938,22.89,26.14,30.69,109.1,84.0,230.0,22.13,1.7139512,163.0,22.86,1.4215776,117.0,21.21,1.1705892,123.0,21.3,1.3540077,182.0,22.2725,5.389071729816501,-0.053345980705292284,0.2892053019923022,0.6183871053508359,0.5687901642114639,1,25.24,25.94,23.1,25.47,95.1,87.5,78.7,33.7,82.57,83.29,85.57,78.0,246.0,312.0,383.0,525.0
2023-01-15,202303,246.0,246,246.0,246,0.9771994,3.6456246,0,3,330455720230319747,2024-01-25,Rio de Janeiro,1.2077812,6747815,1,1,1,125,,,,,683938,24.29,27.71,32.13,23.9,78.71,218.0,22.89,1.3026527,230.0,22.13,1.7139512,163.0,22.86,1.4215776,117.0,21.21,1.1705892,214.25,23.042499999999997,5.5093883366279774,0.12031660681147649,0.0669706261061842,0.4095219088037787,0.7387037121623123,2,26.14,25.24,25.94,23.1,109.1,95.1,87.5,78.7,84.0,82.57,83.29,85.57,312.0,383.0,525.0,372.0
2023-01-22,202304,312.0,312,312.0,312,0.9998428,4.6237187,0,3,330455720230419752,2024-01-30,Rio de Janeiro,1.3656247,6747815,1,1,1,144,,,,,683938,22.83,26.44,31.49,74.0,81.29,246.0,24.29,1.2077812,218.0,22.89,1.3026527,230.0,22.13,1.7139512,163.0,22.86,1.4215776,251.5,23.035,5.746203190540153,0.2368148539121755,0.357131460723652,0.3037854800183597,0.6463367627159542,3,27.71,26.14,25.24,25.94,23.9,109.1,95.1,87.5,78.71,84.0,82.57,83.29,383.0,525.0,372.0,507.0
2023-01-29,202305,383.0,383,383.0,383,0.99999934,5.6759114,0,3,330455720230519760,2024-02-07,Rio de Janeiro,1.4696335,6747815,1,1,1,203,,,,,683938,24.43,28.31,34.31,38.7,77.57,312.0,22.83,1.3656247,246.0,24.29,1.2077812,218.0,22.89,1.3026527,230.0,22.13,1.7139512,289.75,23.61,5.950642552587727,0.20443936204757396,0.44125421595974945,0.5615708227712259,0.5082248420659337,4,26.44,27.71,26.14,25.24,74.0,23.9,109.1,95.1,81.29,78.71,84.0,82.57,525.0,372.0,507.0,870.0
2023-02-05,202306,525.0,525,525.0,525,1.0,7.923513,0,3,330455720230619768,2024-02-15,Rio de Janeiro,1.6493363,6625849,1,1,1,295,,,,,683938,23.57,26.54,31.56,139.5,84.29,383.0,24.43,1.4696335,312.0,22.83,1.3656247,246.0,24.29,1.2077812,218.0,22.89,1.3026527,366.5,23.779999999999998,6.26530121273771,0.3146586601499832,0.5190980221975572,0.7559128761097327,0.8762294829212092,5,28.31,26.44,27.71,26.14,38.7,74.0,23.9,109.1,77.57,81.29,78.71,84.0,372.0,507.0,870.0,945.0
2023-02-12,202307,372.0,372,372.0,372,0.2526511,5.6143746,0,3,330455720230719774,2024-02-21,Rio de Janeiro,0.95291066,6625849,1,0,1,176,,,,,683938,24.37,27.94,33.54,101.9,79.86,525.0,23.57,1.6493363,383.0,24.43,1.4696335,312.0,22.83,1.3656247,246.0,24.29,1.2077812,398.0,23.8,5.921578419643816,-0.3437227930938942,-0.02906413294391097,0.175375229103663,0.4121900830158385,6,26.54,28.31,26.44,27.71,139.5,38.7,74.0,23.9,84.29,77.57,81.29,78.71,507.0,870.0,945.0,1125.0
2023-02-19,202308,507.0,507,507.0,507,0.9888539,7.6518497,0,2,330455720230819780,2024-02-27,Rio de Janeiro,1.1605749,6625849,1,1,1,237,,,,,683938,23.8,27.57,32.74,22.3,80.0,372.0,24.37,0.95291066,525.0,23.57,1.6493363,383.0,24.43,1.4696335,312.0,22.83,1.3656247,446.75,24.0425,6.230481447578482,0.30890302793466606,-0.03481976515922813,0.2798388949907551,0.48427825703832905,7,27.94,26.54,28.31,26.44,101.9,139.5,38.7,74.0,79.86,84.29,77.57,81.29,870.0,945.0,1125.0,1382.0
2023-02-26,202309,870.0,870,870.0,870,1.0,13.130393,0,3,330455720230919787,2024-03-05,Rio de Janeiro,1.8623381,6625849,1,1,2,443,,,,,683938,24.21,28.44,33.53,15.5,77.29,507.0,23.8,1.1605749,372.0,24.37,0.95291066,525.0,23.57,1.6493363,383.0,24.43,1.4696335,568.5,23.9875,6.769641976852503,0.5391605292740209,0.848063557208687,0.5043407641147928,0.818999424264776,8,27.57,27.94,26.54,28.31,22.3,101.9,139.5,38.7,80.0,79.86,84.29,77.57,945.0,1125.0,1382.0,1580.0
2023-03-05,202310,945.0,945,945.0,945,1.0,14.262323,0,3,330455720231019795,2024-03-13,Rio de Janeiro,1.6172416,6625849,1,1,2,455,,,,,683938,24.19,27.67,32.74,46.3,78.86,870.0,24.21,1.8623381,507.0,23.8,1.1605749,372.0,24.37,0.95291066,525.0,23.57,1.6493363,673.5,24.142500000000002,6.852242569051878,0.0826005921993751,0.621761121473396,0.9306641494080621,0.5869413563141679,9,28.44,27.57,27.94,26.54,15.5,22.3,101.9,139.5,77.29,80.0,79.86,84.29,1125.0,1382.0,1580.0,1420.0
2023-03-12,202311,1125.0,1125,1125.0,1125,1.0,16.978956,0,4,330455720231119801,2024-03-19,Rio de Janeiro,1.4384131,6625849,1,1,2,543,,,,,683938,22.39,26.09,30.33,25.2,82.29,945.0,24.19,1.6172416,870.0,24.21,1.8623381,507.0,23.8,1.1605749,372.0,24.37,0.95291066,861.75,23.6475,7.026426808699636,0.17418423964775798,0.2567848318471331,0.795945361121154,1.10484838905582,10,27.67,28.44,27.57,27.94,46.3,15.5,22.3,101.9,78.86,77.29,80.0,79.86,1382.0,1580.0,1420.0,1783.0
2023-03-19,202312,1382.0,1382,1382.0,1382,1.0,20.857704,0,4,330455720231219809,2024-03-27,Rio de Janeiro,1.4342816,6625849,1,1,2,767,,,,,683938,22.47,27.13,32.73,3.0,77.71,1125.0,22.39,1.4384131,945.0,24.19,1.6172416,870.0,24.21,1.8623381,507.0,23.8,1.1605749,1080.5,23.315,7.232010331664759,0.2055835229651226,0.3797677626128806,0.4623683548122557,1.0015288840862766,11,26.09,27.67,28.44,27.57,25.2,46.3,15.5,22.3,82.29,78.86,77.29,80.0,1580.0,1420.0,1783.0,1502.0
2023-03-26,202313,1580.0,1580,1580.0,1580,1.0,23.846,0,4,330455720231319815,2024-04-02,Rio de Janeiro,1.3781551,6625849,1,1,2,823,,,,,683938,23.1,26.76,31.74,32.3,80.57,1382.0,22.47,1.4342816,1125.0,22.39,1.4384131,945.0,24.19,1.6172416,870.0,24.21,1.8623381,1258.0,23.0375,7.365812837209472,0.13380250554471385,0.33938602850983646,0.5135702681575944,0.5961708603569695,12,27.13,26.09,27.67,28.44,3.0,25.2,46.3,15.5,77.71,82.29,78.86,77.29,1420.0,1783.0,1502.0,1572.0
2023-04-02,202314,1420.0,1420,1420.0,1420,0.9419985,21.431215,0,4,330455720231419821,2024-04-08,Rio de Janeiro,1.0616965,6625849,1,0,2,787,,,,,683938,21.53,24.61,28.34,44.7,83.14,1580.0,23.1,1.3781551,1382.0,22.47,1.4342816,1125.0,22.39,1.4384131,945.0,24.19,1.6172416,1376.75,22.372500000000002,7.259116128097101,-0.10669670911237183,0.02710579643234201,0.23268931939746462,0.4068735590452226,13,26.76,27.13,26.09,27.67,32.3,3.0,25.2,46.3,80.57,77.71,82.29,78.86,1783.0,1502.0,1572.0,1919.0
2023-04-09,202315,1783.0,1783,1783.0,1783,1.0,26.90976,0,4,330455720231519828,2024-04-15,Rio de Janeiro,1.2132208,6625849,0,1,2,964,,,,,683938,20.93,24.33,28.93,52.3,85.0,1420.0,21.53,1.0616965,1580.0,23.1,1.3781551,1382.0,22.47,1.4342816,1125.0,22.39,1.4384131,1541.25,22.0075,7.486613313139955,0.22749718504285443,0.1208004759304826,0.25460298147519644,0.46018650444031906,14,24.61,26.76,27.13,26.09,44.7,32.3,3.0,25.2,83.14,80.57,77.71,82.29,1502.0,1572.0,1919.0,1807.0
2023-04-16,202316,1502.0,1502,1502.0,1502,0.23936632,22.668793,0,4,330455720231619835,2024-04-22,Rio de Janeiro,0.97464806,6625849,1,0,2,816,,,,,683938,20.94,24.36,28.16,22.3,81.86,1783.0,20.93,1.2132208,1420.0,21.53,1.0616965,1580.0,23.1,1.3781551,1382.0,22.47,1.4342816,1571.25,21.625,7.315218389752975,-0.17139492338698048,0.05610226165587395,-0.05059444745649788,0.08320805808821596,15,24.33,24.61,26.76,27.13,52.3,44.7,32.3,3.0,85.0,83.14,80.57,77.71,1572.0,1919.0,1807.0,1731.0
2023-04-23,202317,1572.0,1572,1572.0,1572,0.34295422,23.725262,0,4,330455720231719842,2024-04-29,Rio de Janeiro,0.9857314,6625849,0,0,2,895,,,,,683938,19.91,23.61,27.96,22.0,83.0,1502.0,20.94,0.97464806,1783.0,20.93,1.2132208,1420.0,21.53,1.0616965,1580.0,23.1,1.3781551,1569.25,20.8275,7.360739903058278,0.045521513305303074,-0.1258734100816774,0.10162377496117703,-0.005072934151194808,16,24.36,24.33,24.61,26.76,22.3,52.3,44.7,32.3,81.86,85.0,83.14,80.57,1919.0,1807.0,1731.0,1479.0
2023-04-30,202318,1919.0,1919,1919.0,1919,1.0,28.962326,0,4,330455720231819849,2024-05-06,Rio de Janeiro,1.2015945,6625849,1,1,2,1058,,,,,683938,20.41,24.07,29.26,4.2,85.14,1572.0,19.91,0.9857314,1502.0,20.94,0.97464806,1783.0,20.93,1.2132208,1420.0,21.53,1.0616965,1694.0,20.5475,7.560080465021827,0.19934056196354977,0.24486207526885284,0.07346715188187236,0.3009643369247268,17,23.61,24.36,24.33,24.61,22.0,22.3,52.3,44.7,83.0,81.86,85.0,83.14,1807.0,1731.0,1479.0,1328.0
2023-05-07,202319,1807.0,1807,1807.0,1807,0.995328,27.271976,0,4,330455720231919856,2024-05-13,Rio de Janeiro,1.0924182,6625849,1,1,2,1075,,,,,683938,20.07,22.87,26.77,20.5,86.0,1919.0,20.41,1.2015945,1572.0,19.91,0.9857314,1502.0,20.94,0.97464806,1783.0,20.93,1.2132208,1700.0,20.3325,7.4999765409521215,-0.06010392406970588,0.13923663789384388,0.18475815119914696,0.013363227812166478,18,24.07,23.61,24.36,24.33,4.2,22.0,22.3,52.3,85.14,83.0,81.86,85.0,1731.0,1479.0,1328.0,1238.0
2023-05-14,202320,1731.0,1731,1731.0,1731,0.28015295,26.124954,0,4,330455720232019863,2024-05-20,Rio de Janeiro,0.9804962,6625849,0,0,2,993,,,,,683938,16.34,20.49,25.59,1.9,79.86,1807.0,20.07,1.0924182,1919.0,20.41,1.2015945,1572.0,19.91,0.9857314,1502.0,20.94,0.97464806,1757.25,19.1825,7.4570320891223805,-0.04294445182974105,-0.10304837589944693,0.09629218606410284,0.1418136993694059,19,22.87,24.07,23.61,24.36,20.5,4.2,22.0,22.3,86.0,85.14,83.0,81.86,1479.0,1328.0,1238.0,1348.0
2023-05-21,202321,1479.0,1479,1479.0,1479,9.75479e-08,22.321669,0,4,330455720232119870,2024-05-27,Rio de Janeiro,0.83293986,6625849,0,0,2,807,,,,,683938,17.46,22.01,28.1,0.4,82.0,1731.0,16.34,0.9804962,1807.0,20.07,1.0924182,1919.0,20.41,1.2015945,1572.0,19.91,0.9857314,1734.0,18.57,7.299797366758161,-0.15723472236421987,-0.20017917419396092,-0.2602830982636668,-0.060942536300117034,20,20.49,22.87,24.07,23.61,1.9,20.5,4.2,22.0,79.86,86.0,85.14,83.0,1328.0,1238.0,1348.0,1236.0
2023-05-28,202322,1328.0,1328,1328.0,1328,2.4545233e-10,20.042715,0,4,330455720232219877,2024-06-03,Rio de Janeiro,0.7960871,6625849,0,0,2,795,,,,,683938,18.6,21.17,24.74,29.9,86.86,1479.0,17.46,0.83293986,1731.0,16.34,0.9804962,1807.0,20.07,1.0924182,1919.0,20.41,1.2015945,1586.25,18.1175,7.192182058713246,-0.10761530804491493,-0.2648500304091348,-0.30779448223887584,-0.3678984063085817,21,22.01,20.49,22.87,24.07,0.4,1.9,20.5,4.2,82.0,79.86,86.0,85.14,1238.0,1348.0,1236.0,996.0
2023-06-04,202323,1238.0,1238,1238.0,1238,1.961739e-07,18.684399,0,4,330455720232319884,2024-06-10,Rio de Janeiro,0.8234976,6625849,0,0,2,737,,,,,683938,15.2,20.41,27.96,0.1,80.43,1328.0,18.6,0.7960871,1479.0,17.46,0.83293986,1731.0,16.34,0.9804962,1807.0,20.07,1.0924182,1444.0,16.9,7.122059881629142,-0.0701221770841034,-0.17773748512901832,-0.3349722074932382,-0.37791665932297924,22,21.17,22.01,20.49,22.87,29.9,0.4,1.9,20.5,86.86,82.0,79.86,86.0,1348.0,1236.0,996.0,835.0
2023-06-11,202324,1348.0,1348,1348.0,1348,0.39592624,20.344563,0,4,330455720232419884,2024-06-10,Rio de Janeiro,0.9899132,6625849,0,0,2,782,,,,,683938,19.43,22.86,27.54,12.0,83.14,1238.0,15.2,0.8234976,1328.0,18.6,0.7960871,1479.0,17.46,0.83293986,1731.0,16.34,0.9804962,1348.25,17.6725,7.207118856207756,0.08505897457861344,0.014936797494510046,-0.09267851055040488,-0.24991323291462475,23,20.41,21.17,22.01,20.49,0.1,29.9,0.4,1.9,80.43,86.86,82.0,79.86,1236.0,996.0,835.0,770.0
2023-06-18,202325,1236.0,1236,1236.0,1236,0.11686673,18.654213,0,4,330455720232519898,2024-06-24,Rio de Janeiro,0.95377296,6625849,0,0,2,702,,,,,683938,15.34,19.79,26.21,0.5,78.43,1348.0,19.43,0.9899132,1238.0,15.2,0.8234976,1328.0,18.6,0.7960871,1479.0,17.46,0.83293986,1287.5,17.1425,7.1204443723924875,-0.08667448381526821,-0.0016155092366547663,-0.07173768632075816,-0.1793529943656731,24,22.86,20.41,21.17,22.01,12.0,0.1,29.9,0.4,83.14,80.43,86.86,82.0,996.0,835.0,770.0,647.0
2023-06-25,202326,996.0,996,996.0,996,4.794721e-09,15.032036,0,4,330455720232619905,2024-07-01,Rio de Janeiro,0.78507173,6625849,0,0,2,497,,,,,683938,16.56,21.57,28.53,3.6,78.29,1236.0,15.34,0.95377296,1348.0,19.43,0.9899132,1238.0,15.2,0.8234976,1328.0,18.6,0.7960871,1204.5,16.6325,6.904750769961838,-0.21569360243064928,-0.3023680862459175,-0.21730911166730404,-0.28743128875140744,25,19.79,22.86,20.41,21.17,0.5,12.0,0.1,29.9,78.43,83.14,80.43,86.86,835.0,770.0,647.0,557.0
2023-07-02,202327,835.0,835,835.0,835,8.548717e-15,12.602159,0,4,330455720232719913,2024-07-09,Rio de Janeiro,0.7086593,6625849,0,0,2,415,,,,,683938,14.13,19.2,26.29,2.7,74.57,996.0,16.56,0.78507173,1236.0,15.34,0.95377296,1348.0,19.43,0.9899132,1238.0,15.2,0.8234976,1103.75,16.365,6.728628613084702,-0.1761221568771365,-0.3918157593077858,-0.478490243123054,-0.39343126854444055,26,21.57,19.79,22.86,20.41,3.6,0.5,12.0,0.1,78.29,78.43,83.14,80.43,770.0,647.0,557.0,603.0
2023-07-09,202328,770.0,770,770.0,770,1.9708464e-09,11.621152,0,4,330455720232819919,2024-07-15,Rio de Janeiro,0.75602317,6625849,0,0,2,394,,,,,683938,18.93,22.59,27.71,8.9,76.0,835.0,14.13,0.7086593,996.0,16.56,0.78507173,1236.0,15.34,0.95377296,1348.0,19.43,0.9899132,959.25,16.240000000000002,6.647688373563329,-0.08094023952137253,-0.25706239639850903,-0.4727559988291583,-0.5594304826444265,27,19.2,21.57,19.79,22.86,2.7,3.6,0.5,12.0,74.57,78.29,78.43,83.14,647.0,557.0,603.0,536.0
2023-07-16,202329,647.0,647,647.0,647,6.1527237e-09,9.764787,0,4,330455720232919929,2024-07-25,Rio de Janeiro,0.74518234,6625849,0,0,2,318,,,,,683938,17.47,20.66,24.9,10.4,83.14,770.0,18.93,0.75602317,835.0,14.13,0.7086593,996.0,16.56,0.78507173,1236.0,15.34,0.95377296,812.0,16.7725,6.473890696352274,-0.17379767721105477,-0.2547379167324273,-0.4308600736095638,-0.6465536760402131,28,22.59,19.2,21.57,19.79,8.9,2.7,3.6,0.5,76.0,74.57,78.29,78.43,557.0,603.0,536.0,534.0
2023-07-23,202330,557.0,557,557.0,557,2.0542172e-08,8.40647,0,4,330455720233019934,2024-07-30,Rio de Janeiro,0.73746103,6625849,0,0,1,248,,,,,683938,17.94,22.47,28.37,10.6,79.14,647.0,17.47,0.74518234,770.0,18.93,0.75602317,835.0,14.13,0.7086593,996.0,16.56,0.78507173,702.25,17.1175,6.324358962381311,-0.14953173397096364,-0.3233294111820184,-0.40426965070339094,-0.5803918075805274,29,20.66,22.59,19.2,21.57,10.4,8.9,2.7,3.6,83.14,76.0,74.57,78.29,603.0,536.0,534.0,505.0
2023-07-30,202331,603.0,603,603.0,603,0.050081395,9.10072,0,1,330455720233119941,2024-08-06,Rio de Janeiro,0.91165924,6625849,0,0,2,281,,,,,683938,16.39,20.89,26.94,1.0,80.71,557.0,17.94,0.73746103,647.0,17.47,0.74518234,770.0,18.93,0.75602317,835.0,14.13,0.7086593,644.25,17.6825,6.403574197934815,0.07921523555350429,-0.07031649841745935,-0.24411417562851412,-0.32505441514988664,30,22.47,20.66,22.59,19.2,10.6,10.4,8.9,2.7,79.14,83.14,76.0,74.57,536.0,534.0,505.0,459.0
2023-08-06,202332,536.0,536,536.0,536,0.030616185,8.089529,0,1,330455720233219949,2024-08-14,Rio de Janeiro,0.89479154,6625849,0,0,1,250,,,,,683938,19.3,23.5,29.56,8.2,76.29,603.0,16.39,0.91165924,557.0,17.94,0.73746103,647.0,17.47,0.74518234,770.0,18.93,0.75602317,585.75,17.775,6.285998094508865,-0.11757610342595015,-0.03836086787244586,-0.1878926018434095,-0.36169027905446427,31,20.89,22.47,20.66,22.59,1.0,10.6,10.4,8.9,80.71,79.14,83.14,76.0,534.0,505.0,459.0,446.0
2023-08-13,202333,534.0,534,534.0,534,0.1244978,8.059344,0,1,330455720233319956,2024-08-21,Rio de Janeiro,0.93303585,6625849,0,0,1,227,,,,,683938,20.06,23.13,27.57,8.3,79.86,536.0,19.3,0.89479154,603.0,16.39,0.91165924,557.0,17.94,0.73746103,647.0,17.47,0.74518234,557.5,18.4225,6.282266746896006,-0.0037313476128586487,-0.1213074510388088,-0.04209221548530451,-0.19162394945626815,32,23.5,20.89,22.47,20.66,8.2,1.0,10.6,10.4,76.29,80.71,79.14,83.14,505.0,459.0,446.0,550.0
2023-08-20,202334,505.0,505,505.0,505,0.08628571,7.621665,0,1,330455720233419962,2024-08-27,Rio de Janeiro,0.9194124,6625849,0,0,1,201,,,,,683938,19.74,23.86,30.33,33.3,76.43,534.0,20.06,0.93303585,536.0,19.3,0.89479154,603.0,16.39,0.91165924,557.0,17.94,0.73746103,544.5,18.872500000000002,6.226536669287466,-0.05573007760854054,-0.05946142522139919,-0.17703752864734934,-0.09782229309384505,33,23.13,23.5,20.89,22.47,8.3,8.2,1.0,10.6,79.86,76.29,80.71,79.14,459.0,446.0,550.0,519.0
2023-08-27,202335,459.0,459,459.0,459,0.017856747,6.927414,0,1,330455720233519969,2024-09-03,Rio de Janeiro,0.87458324,6625849,0,0,1,180,,,,,683938,17.66,20.77,24.46,45.0,86.0,505.0,19.74,0.9194124,534.0,20.06,0.93303585,536.0,19.3,0.89479154,603.0,16.39,0.91165924,508.5,19.19,6.131226489483141,-0.09531017980432477,-0.1510402574128653,-0.15477160502572396,-0.2723477084516741,34,23.86,23.13,23.5,20.89,33.3,8.3,8.2,1.0,76.43,79.86,76.29,80.71,446.0,550.0,519.0,446.0
2023-09-03,202336,446.0,446,446.0,446,0.04666416,6.731213,0,1,330455720233619978,2024-09-12,Rio de Janeiro,0.8964647,6625849,0,0,1,164,,,,,683938,20.67,24.66,30.11,11.9,76.57,459.0,17.66,0.87458324,505.0,19.74,0.9194124,534.0,20.06,0.93303585,536.0,19.3,0.89479154,486.0,19.5325,6.102558594613569,-0.028667894869571775,-0.12397807467389654,-0.17970815228243708,-0.18343949989529573,35,20.77,23.86,23.13,23.5,45.0,33.3,8.3,8.2,86.0,76.43,79.86,76.29,550.0,519.0,446.0,472.0
2023-09-10,202337,550.0,550,550.0,550,0.9911103,8.300823,0,1,330455720233719983,2024-09-17,Rio de Janeiro,1.1598191,6625849,0,1,1,219,,,,,683938,19.24,24.27,30.39,16.1,74.0,446.0,20.67,0.8964647,459.0,17.66,0.87458324,505.0,19.74,0.9194124,534.0,20.06,0.93303585,490.0,19.3275,6.311734809152915,0.20917621453934565,0.18050831966977388,0.08519813986544911,0.029468062256908567,36,24.66,20.77,23.86,23.13,11.9,45.0,33.3,8.3,76.57,86.0,76.43,79.86,519.0,446.0,472.0,380.0
2023-09-17,202338,519.0,519,519.0,519,0.8926874,7.8329587,0,1,330455720233819990,2024-09-24,Rio de Janeiro,1.0816946,6625849,0,0,1,221,,,,,683938,20.49,26.04,33.13,0.0,72.14,550.0,19.24,1.1598191,446.0,20.67,0.8964647,459.0,17.66,0.87458324,505.0,19.74,0.9194124,493.5,19.515,6.253828811575473,-0.05790599757744186,0.1512702169619038,0.12260232209233202,0.02729214228800725,37,24.27,24.66,20.77,23.86,16.1,11.9,45.0,33.3,74.0,76.57,86.0,76.43,446.0,472.0,380.0,464.0
2023-09-24,202339,446.0,446,446.0,446,0.02964183,6.731213,0,1,330455720233919998,2024-10-02,Rio de Janeiro,0.88475883,6625849,1,0,1,207,,,,,683938,21.86,25.36,30.84,16.6,77.29,519.0,20.49,1.0816946,550.0,19.24,1.1598191,446.0,20.67,0.8964647,459.0,17.66,0.87458324,490.25,20.565,6.102558594613569,-0.1512702169619038,-0.20917621453934565,0.0,-0.028667894869571775,38,26.04,24.27,24.66,20.77,0.0,16.1,11.9,45.0,72.14,74.0,76.57,86.0,472.0,380.0,464.0,450.0
2023-10-01,202340,472.0,472,472.0,472,0.18681471,7.1236153,0,1,330455720234020005,2024-10-09,Rio de Janeiro,0.9445286,6625849,1,0,1,193,,,,,683938,22.33,25.24,29.49,45.5,84.43,446.0,21.86,0.88475883,519.0,20.49,1.0816946,550.0,19.24,1.1598191,446.0,20.67,0.8964647,496.75,20.98,6.159095388491933,0.05653679387836341,-0.09473342308354038,-0.15263942066098224,0.05653679387836341,39,25.36,26.04,24.27,24.66,16.6,0.0,16.1,11.9,77.29,72.14,74.0,76.57,380.0,464.0,450.0,481.0
2023-10-08,202341,380.0,380,380.0,380,0.0009992091,5.735114,0,2,330455720234120012,2024-10-16,Rio de Janeiro,0.8085594,6625849,1,0,1,172,,,,,683938,22.4,24.84,28.61,41.7,85.43,472.0,22.33,0.9445286,446.0,21.86,0.88475883,519.0,20.49,1.0816946,550.0,19.24,1.1598191,454.25,21.77,5.942799375126701,-0.2162960133652314,-0.159759219486868,-0.3110294364487718,-0.36893543402621365,40,25.24,25.36,26.04,24.27,45.5,16.6,0.0,16.1,84.43,77.29,72.14,74.0,464.0,450.0,481.0,704.0
2023-10-15,202342,464.0,464,464.0,464,0.7494623,7.0028763,0,2,330455720234220019,2024-10-23,Rio de Janeiro,1.0456583,6625849,1,0,1,212,,,,,683938,21.23,23.76,27.2,23.3,83.71,380.0,22.4,0.8085594,472.0,22.33,0.9445286,446.0,21.86,0.88475883,519.0,20.49,1.0816946,440.5,21.955,6.142037405587356,0.1992380304606547,-0.01705798290457672,0.03947881097378669,-0.1117914059881171,41,24.84,25.24,25.36,26.04,41.7,45.5,16.6,0.0,85.43,84.43,77.29,72.14,450.0,481.0,704.0,571.0
2023-10-22,202343,450.0,450,450.0,450,0.7625061,6.7915826,0,2,330455720234320026,2024-10-30,Rio de Janeiro,1.0493596,6625849,1,0,1,214,,,,,683938,21.49,24.71,28.84,19.0,83.29,464.0,21.23,1.0456583,380.0,22.4,0.8085594,472.0,22.33,0.9445286,446.0,21.86,0.88475883,441.5,21.862499999999997,6.111467339502679,-0.030570066084677272,0.16866796437597742,-0.04762804898925399,0.008908744889109421,42,23.76,24.84,25.24,25.36,23.3,41.7,45.5,16.6,83.71,85.43,84.43,77.29,481.0,704.0,571.0,900.0
2023-10-29,202344,481.0,481,481.0,481,0.9147414,7.259447,0,2,330455720234420032,2024-11-05,Rio de Janeiro,1.0945619,6625849,1,0,1,270,,,,,683938,23.23,26.57,30.91,68.6,80.43,450.0,21.49,1.0493596,464.0,21.23,1.0456583,380.0,22.4,0.8085594,472.0,22.33,0.9445286,443.75,22.0875,6.1779441140506,0.06647677454792156,0.035906708463244286,0.23514473892389898,0.018848725558667567,43,24.71,23.76,24.84,25.24,19.0,23.3,41.7,45.5,83.29,83.71,85.43,84.43,704.0,571.0,900.0,983.0
2023-11-05,202345,704.0,704,704.0,704,1.0,10.625053,0,1,330455720234520039,2024-11-12,Rio de Janeiro,1.5014987,6625849,0,1,1,385,,,,,683938,19.93,24.96,31.06,0.0,71.43,481.0,23.23,1.0945619,450.0,21.49,1.0493596,464.0,21.23,1.0456583,380.0,22.4,0.8085594,524.75,21.47,6.558197802812269,0.38025368876166876,0.4467304633095903,0.41616039722491305,0.6153984276855677,44,26.57,24.71,23.76,24.84,68.6,19.0,23.3,41.7,80.43,83.29,83.71,85.43,571.0,900.0,983.0,1149.0
2023-11-12,202346,571.0,571,571.0,571,0.89876497,8.6177635,0,1,330455720234620046,2024-11-19,Rio de Janeiro,1.0798972,6625849,1,0,1,331,,,,,683938,25.59,30.94,38.67,6.2,70.71,704.0,19.93,1.5014987,481.0,23.23,1.0945619,450.0,21.49,1.0493596,464.0,21.23,1.0456583,551.5,22.56,6.349138991379798,-0.20905881143247118,0.17119487732919758,0.23767165187711914,0.20710158579244187,45,24.96,26.57,24.71,23.76,0.0,68.6,19.0,23.3,71.43,80.43,83.29,83.71,900.0,983.0,1149.0,1411.0
2023-11-19,202347,900.0,900,900.0,900,1.0,13.583165,0,1,330455720234720056,2024-11-29,Rio de Janeiro,1.4744326,6625849,1,1,2,527,,,,,683938,23.24,26.21,29.97,88.5,82.0,571.0,25.59,1.0798972,704.0,19.93,1.5014987,481.0,23.23,1.0945619,450.0,21.49,1.0493596,664.0,22.997500000000002,6.803505257608338,0.45436626622853993,0.24530745479606875,0.6255611435577375,0.6920379181056591,46,30.94,24.96,26.57,24.71,6.2,0.0,68.6,19.0,70.71,71.43,80.43,83.29,983.0,1149.0,1411.0,1098.0
2023-11-26,202348,983.0,983,983.0,983,1.0,14.8358345,0,4,330455720234820060,2024-12-03,Rio de Janeiro,1.4102958,6625849,1,1,2,570,,,,,683938,23.14,26.69,31.0,19.8,78.57,900.0,23.24,1.4744326,571.0,25.59,1.0798972,704.0,19.93,1.5014987,481.0,23.23,1.0945619,789.5,22.975,6.891625897052253,0.08812063944391557,0.5424869056724555,0.3334280942399843,0.7136817830016531,47,26.21,30.94,24.96,26.57,88.5,6.2,0.0,68.6,82.0,70.71,71.43,80.43,1149.0,1411.0,1098.0,1198.0
2023-12-03,202349,1149.0,1149,1149.0,1149,1.0,17.341173,0,4,330455720234920067,2024-12-10,Rio de Janeiro,1.3718576,6625849,1,1,2,726,,,,,683938,24.69,28.23,33.0,52.3,78.43,983.0,23.14,1.4102958,900.0,23.24,1.4744326,571.0,25.59,1.0798972,704.0,19.93,1.5014987,900.75,24.165,7.047517221357296,0.15589132430504282,0.2440119637489584,0.6983782299774983,0.48931941854502714,48,26.69,26.21,30.94,24.96,19.8,88.5,6.2,0.0,78.57,82.0,70.71,71.43,1411.0,1098.0,1198.0,2421.0
2023-12-10,202350,1411.0,1411,1411.0,1411,1.0,21.295383,0,4,330455720235020074,2024-12-17,Rio de Janeiro,1.4137423,6625849,1,1,2,974,,,,,683938,22.09,26.26,30.8,25.5,78.0,1149.0,24.69,1.3718576,983.0,23.14,1.4102958,900.0,23.24,1.4744326,571.0,25.59,1.0798972,1110.75,23.29,7.252762418053187,0.20524519669589125,0.3611365210009341,0.44925716044484965,0.9036234266733896,49,28.23,26.69,26.21,30.94,52.3,19.8,88.5,6.2,78.43,78.57,82.0,70.71,1098.0,1198.0,2421.0,3010.0
2023-12-17,202351,1098.0,1098,1098.0,1098,0.14507446,16.57146,0,4,330455720235120080,2024-12-23,Rio de Janeiro,0.9563452,6625849,1,0,2,922,,,,,683938,23.1,27.47,32.94,16.8,75.0,1411.0,22.09,1.4137423,1149.0,24.69,1.3718576,983.0,23.14,1.4102958,900.0,23.24,1.4744326,1160.25,23.255,7.002155954403621,-0.2506064636495662,-0.04536126695367493,0.1105300573513679,0.19865069679528347,50,26.26,28.23,26.69,26.21,25.5,52.3,19.8,88.5,78.0,78.43,78.57,82.0,1198.0,2421.0,3010.0,3800.0
2023-12-24,202352,1198.0,1198,1198.0,1198,0.26831552,18.080702,0,4,330455720235220087,2024-12-30,Rio de Janeiro,0.9752268,6625849,1,0,2,994,,,,,683938,23.7,27.59,32.76,32.5,75.29,1098.0,23.1,0.9563452,1411.0,22.09,1.4137423,1149.0,24.69,1.3718576,983.0,23.14,1.4102958,1214.0,23.395,7.089243155027514,0.08708720062389297,-0.1635192630256732,0.04172593367021804,0.19761725797526086,51,27.47,26.26,28.23,26.69,16.8,25.5,52.3,19.8,75.0,78.0,78.43,78.57,2421.0,3010.0,3800.0,4891.0
2023-12-31,202401,2421.0,2421,2421.0,2421,1.0,36.538715,0,4,330455720240120095,2025-01-07,Rio de Janeiro,1.9114681,6625849,1,1,2,1501,,,,,683938,23.17,25.56,28.7,34.4,82.14,1198.0,23.7,0.9752268,1098.0,23.1,0.9563452,1411.0,22.09,1.4137423,1149.0,24.69,1.3718576,1532.0,23.015,7.792348924113037,0.7031057690855231,0.7901929697094161,0.5395865060598499,0.7448317027557412,52,27.59,27.47,26.26,28.23,32.5,16.8,25.5,52.3,75.29,75.0,78.0,78.43,3010.0,3800.0,4891.0,7982.0
2024-01-07,202402,3010.0,3010,3010.0,3010,1.0,45.42814,0,4,330455720240220102,2025-01-14,Rio de Janeiro,1.9128249,6625849,1,1,2,1767,,,,,683938,24.79,28.64,34.13,78.2,77.43,2421.0,23.17,1.9114681,1198.0,23.7,0.9752268,1098.0,23.1,0.9563452,1411.0,22.09,1.4137423,1931.75,23.689999999999998,8.010027528481734,0.21767860436869668,0.9207843734542198,1.0078715740781128,0.7572651104285466,1,25.56,27.59,27.47,26.26,34.4,32.5,16.8,25.5,82.14,75.29,75.0,78.0,3800.0,4891.0,7982.0,10068.0
2024-01-14,202403,3800.0,3800,3800.0,3800,1.0,57.35114,0,4,330455720240320109,2025-01-21,Rio de Janeiro,1.6847337,6625849,1,1,2,2267,,,,,683938,25.91,29.69,34.5,49.1,77.29,3010.0,24.79,1.9128249,2421.0,23.17,1.9114681,1198.0,23.7,0.9752268,1098.0,23.1,0.9563452,2607.25,24.3925,8.24301946898925,0.2329919405075156,0.4506705448762123,1.1537763139617354,1.2408635145856284,2,28.64,25.56,27.59,27.47,78.2,34.4,32.5,16.8,77.43,82.14,75.29,75.0,4891.0,7982.0,10068.0,13539.0
2024-01-21,202404,4891.0,4891,4891.0,4891,1.0,73.816956,0,4,330455720240420116,2025-01-28,Rio de Janeiro,1.6085827,6625849,1,1,2,3156,,,,,683938,22.23,24.66,27.77,106.4,87.57,3800.0,25.91,1.6847337,3010.0,24.79,1.9128249,2421.0,23.17,1.9114681,1198.0,23.7,0.9752268,3530.5,24.025,8.495356496807062,0.25233702781781275,0.48532896832532835,0.703007572694025,1.4061133417795482,3,29.69,28.64,25.56,27.59,49.1,78.2,34.4,32.5,77.29,77.43,82.14,75.29,7982.0,10068.0,13539.0,16339.0
2024-01-28,202405,7982.0,7982,7982.0,7982,1.0,120.46758,0,4,330455720240520123,2025-02-04,Rio de Janeiro,1.9978906,6625849,1,1,2,5196,,,,,683938,23.14,26.41,30.94,71.7,84.14,4891.0,22.23,1.6085827,3800.0,25.91,1.6847337,3010.0,24.79,1.9128249,2421.0,23.17,1.9114681,4920.75,24.0175,8.9850695596458,0.48971306283873695,0.7420500906565497,0.9750420311640653,1.192720635532762,4,24.66,29.69,28.64,25.56,106.4,49.1,78.2,34.4,87.57,77.29,77.43,82.14,10068.0,13539.0,16339.0,14550.0
2024-02-04,202406,10068.0,10068,,10068,1.0,151.95033,0,4,330455720240620130,2025-02-11,Rio de Janeiro,1.8241075,6625849,1,1,2,8046,,,,,683938,23.47,27.59,32.74,26.8,79.57,7982.0,23.14,1.9978906,4891.0,22.23,1.6085827,3800.0,25.91,1.6847337,3010.0,24.79,1.9128249,6685.25,23.6875,9.217216675915616,0.23214711626981632,0.7218601791085533,0.974197206926366,1.2071891474338816,5,26.41,24.66,29.69,28.64,71.7,106.4,49.1,78.2,84.14,87.57,77.29,77.43,13539.0,16339.0,14550.0,11999.0
2024-02-11,202407,13539.0,13539,,13539,1.0,204.33607,0,4,330455720240720137,2025-02-18,Rio de Janeiro,1.7460179,6625849,1,1,2,12358,,,,,683938,24.41,28.0,32.57,40.4,76.86,10068.0,23.47,1.8241075,7982.0,23.14,1.9978906,4891.0,22.23,1.6085827,3800.0,25.91,1.6847337,9120.0,23.3125,9.513403546466266,0.29618687055065074,0.5283339868204671,1.018047049659204,1.2703840774770168,6,27.59,26.41,24.66,29.69,26.8,71.7,106.4,49.1,79.57,84.14,87.57,77.29,16339.0,14550.0,11999.0,10154.0
2024-02-18,202408,16339.0,16339,,16339,1.0,246.59482,0,4,330455720240820145,2025-02-26,Rio de Janeiro,1.5729148,6625849,1,1,2,15067,,,,,683938,24.73,27.61,32.27,70.1,82.71,13539.0,24.41,1.7460179,10068.0,23.47,1.8241075,7982.0,23.14,1.9978906,4891.0,22.23,1.6085827,11982.0,23.9375,9.701371368413994,0.1879678219477281,0.48415469249837884,0.7163018087681952,1.206014871606932,7,28.0,27.59,26.41,24.66,40.4,26.8,71.7,106.4,76.86,79.57,84.14,87.57,14550.0,11999.0,10154.0,7593.0
2024-02-25,202409,14550.0,14550,,14550,1.0,219.5945,0,4,330455720240920153,2025-03-06,Rio de Janeiro,1.1166737,6625849,1,1,2,13305,,,,,683938,25.13,28.27,32.69,26.2,80.86,16339.0,24.73,1.5729148,13539.0,24.41,1.7460179,10068.0,23.47,1.8241075,7982.0,23.14,1.9978906,13624.0,24.435000000000002,9.585414998760278,-0.11595636965371625,0.07201145229401185,0.3681983228446626,0.6003454391144789,8,27.61,28.0,27.59,26.41,70.1,40.4,26.8,71.7,82.71,76.86,79.57,84.14,11999.0,10154.0,7593.0,4105.0
2024-03-03,202410,11999.0,11999,,11999,0.0,181.09378,0,4,330455720241020158,2025-03-11,Rio de Janeiro,0.8250993,6625849,1,0,2,11136,,,,,683938,23.74,27.39,32.49,38.0,81.71,14550.0,25.13,1.1166737,16339.0,24.73,1.5729148,13539.0,24.41,1.7460179,10068.0,23.47,1.8241075,14106.75,24.5025,9.392661928770137,-0.1927530699901414,-0.30870943964385766,-0.12074161769612957,0.17544525285452117,9,28.27,27.61,28.0,27.59,26.2,70.1,40.4,26.8,80.86,82.71,76.86,79.57,10154.0,7593.0,4105.0,4413.0
2024-03-10,202411,10154.0,10154,,10154,0.0,153.24829,0,4,330455720241120165,2025-03-18,Rio de Janeiro,0.7259868,6625849,1,0,2,9430,,,,,683938,24.24,27.71,32.5,8.2,80.71,11999.0,23.74,0.8250993,14550.0,25.13,1.1166737,16339.0,24.73,1.5729148,13539.0,24.41,1.7460179,13260.5,24.459999999999997,9.225721474014485,-0.1669404547556521,-0.3596935247457935,-0.4756498943995098,-0.2876820724517817,10,27.39,28.27,27.61,28.0,38.0,26.2,70.1,40.4,81.71,80.86,82.71,76.86,7593.0,4105.0,4413.0,3433.0
2024-03-17,202412,7593.0,7593,7593.0,7593,0.0,114.596634,0,4,330455720241220171,2025-03-24,Rio de Janeiro,0.6266078,6625849,1,0,2,7048,,,,,683938,24.96,28.37,32.84,88.2,80.57,10154.0,24.24,0.7259868,11999.0,23.74,0.8250993,14550.0,25.13,1.1166737,16339.0,24.73,1.5729148,11074.0,24.5175,8.935113740791747,-0.29060773322273725,-0.45754818797838936,-0.6503012579685308,-0.766257627622247,11,27.71,27.39,28.27,27.61,8.2,38.0,26.2,70.1,80.71,81.71,80.86,82.71,4105.0,4413.0,3433.0,2579.0
2024-03-24,202413,4105.0,4105,4105.0,4105,0.0,61.954323,0,4,330455720241320179,2025-04-01,Rio de Janeiro,0.41577402,6625849,1,0,2,3830,,,,,683938,22.83,24.61,26.84,89.6,90.71,7593.0,24.96,0.6266078,10154.0,24.24,0.7259868,11999.0,23.74,0.8250993,14550.0,25.13,1.1166737,8462.75,23.942500000000003,8.32020459757888,-0.6149091432128682,-0.9055168764356054,-1.0724573311912575,-1.265210401181399,12,28.37,27.71,27.39,28.27,88.2,8.2,38.0,26.2,80.57,80.71,81.71,80.86,4413.0,3433.0,2579.0,2040.0
2024-03-31,202414,4413.0,4413,4413.0,4413,0.0,66.60278,0,4,330455720241420188,2025-04-10,Rio de Janeiro,0.5937511,6625849,1,0,2,4033,,,,,683938,21.86,25.77,30.64,0.1,82.71,4105.0,22.83,0.41577402,7593.0,24.96,0.6266078,10154.0,24.24,0.7259868,11999.0,23.74,0.8250993,6566.25,23.472499999999997,8.392536586816682,0.07233198923780293,-0.5425771539750652,-0.8331848871978025,-1.0001253419534546,13,24.61,28.37,27.71,27.39,89.6,88.2,8.2,38.0,90.71,80.57,80.71,81.71,3433.0,2579.0,2040.0,1996.0
2024-04-07,202415,3433.0,3433,3433.0,3433,0.0,51.81223,0,4,330455720241520193,2025-04-15,Rio de Janeiro,0.64390486,6625849,1,0,2,3099,,,,,683938,22.71,26.01,30.6,7.3,83.43,4413.0,21.86,0.5937511,4105.0,22.83,0.41577402,7593.0,24.96,0.6266078,10154.0,24.24,0.7259868,4886.0,23.09,8.141481041457421,-0.2510555453592609,-0.17872355612145796,-0.7936326993343261,-1.0842404325570634,14,25.77,24.61,28.37,27.71,0.1,89.6,88.2,8.2,82.71,90.71,80.57,80.71,2579.0,2040.0,1996.0,1869.0
2024-04-14,202416,2579.0,2579,2579.0,2579,0.0,38.923313,0,4,330455720241620201,2025-04-23,Rio de Janeiro,0.61693597,6625849,1,0,2,2336,,,,,683938,21.9,25.01,29.2,11.0,79.0,3433.0,22.71,0.64390486,4413.0,21.86,0.5937511,4105.0,22.83,0.41577402,7593.0,24.96,0.6266078,3632.5,22.325000000000003,7.855544677915663,-0.285936363541758,-0.5369919089010189,-0.46465991966321596,-1.0795690628760841,15,26.01,25.77,24.61,28.37,7.3,0.1,89.6,88.2,83.43,82.71,90.71,80.57,2040.0,1996.0,1869.0,1611.0
2024-04-21,202417,2040.0,2040,2040.0,2040,0.0,30.788507,0,4,330455720241720207,2025-04-29,Rio de Janeiro,0.59505916,6625849,0,0,2,1851,,,,,683938,20.66,25.11,31.06,2.1,77.43,2579.0,21.9,0.61693597,3433.0,22.71,0.64390486,4413.0,21.86,0.5937511,4105.0,22.83,0.41577402,3116.25,21.7825,7.621195162809845,-0.23434951510581836,-0.5202858786475764,-0.7713414240068373,-0.6990094347690343,16,25.01,26.01,25.77,24.61,11.0,7.3,0.1,89.6,79.0,83.43,82.71,90.71,1996.0,1869.0,1611.0,1281.0
2024-04-28,202418,1996.0,1996,1996.0,1996,0.0,30.124441,0,4,330455720241820214,2025-05-06,Rio de Janeiro,0.7342473,6625849,1,0,2,1843,,,,,683938,22.49,27.31,34.3,0.0,75.71,2040.0,20.66,0.59505916,2579.0,21.9,0.61693597,3433.0,22.71,0.64390486,4413.0,21.86,0.5937511,2512.0,21.94,7.599401333415815,-0.02179382939402963,-0.256143344499848,-0.542079708041606,-0.7931352534008669,17,25.11,25.01,26.01,25.77,2.1,11.0,7.3,0.1,77.43,79.0,83.43,82.71,1869.0,1611.0,1281.0,775.0
2024-05-05,202419,1869.0,1869,1869.0,1869,1.0629025e-08,28.207706,0,4,330455720241920224,2025-05-16,Rio de Janeiro,0.8391563,6625849,0,0,2,1738,,,,,683938,21.17,26.33,33.37,0.0,73.57,1996.0,22.49,0.7342473,2040.0,20.66,0.59505916,2579.0,21.9,0.61693597,3433.0,22.71,0.64390486,2121.0,21.555,7.533693709848633,-0.06570762356718252,-0.08750145296121214,-0.3218509680670305,-0.6077873316087885,18,27.31,25.11,25.01,26.01,0.0,2.1,11.0,7.3,75.71,77.43,79.0,83.43,1611.0,1281.0,775.0,885.0
2024-05-12,202420,1611.0,1611,1611.0,1611,2.3282931e-10,24.313866,0,4,330455720242020228,2025-05-20,Rio de Janeiro,0.8119199,6625849,1,0,2,1482,,,,,683938,21.6,25.74,31.84,7.7,77.43,1869.0,21.17,0.8391563,1996.0,22.49,0.7342473,2040.0,20.66,0.59505916,2579.0,21.9,0.61693597,1879.0,21.479999999999997,7.385230923066573,-0.14846278678205937,-0.2141704103492419,-0.23596423974327152,-0.4703137548490899,19,26.33,27.31,25.11,25.01,0.0,0.0,2.1,11.0,73.57,75.71,77.43,79.0,1281.0,775.0,885.0,832.0
2024-05-19,202421,1281.0,1281,1281.0,1281,0.0,19.333372,0,4,330455720242120236,2025-05-28,Rio de Janeiro,0.70779216,6625849,0,0,2,1152,,,,,683938,21.11,24.63,30.1,8.5,80.71,1611.0,21.6,0.8119199,1869.0,21.17,0.8391563,1996.0,22.49,0.7342473,2040.0,20.66,0.59505916,1689.25,21.5925,7.156176637480615,-0.22905428558595808,-0.37751707236801746,-0.4432246959352,-0.4650185253292296,20,25.74,26.33,27.31,25.11,7.7,0.0,0.0,2.1,77.43,73.57,75.71,77.43,775.0,885.0,832.0,727.0
2024-05-26,202422,775.0,775,775.0,775,0.0,11.696614,0,4,330455720242220242,2025-06-03,Rio de Janeiro,0.4955376,6625849,0,0,1,695,,,,,683938,18.6,21.24,24.24,22.8,84.57,1281.0,21.11,0.70779216,1611.0,21.6,0.8119199,1869.0,21.17,0.8391563,1996.0,22.49,0.7342473,1384.0,20.62,6.654152520183219,-0.5020241172973963,-0.7310784028833544,-0.8795411896654137,-0.9452488132325962,21,24.63,25.74,26.33,27.31,8.5,7.7,0.0,0.0,80.71,77.43,73.57,75.71,885.0,832.0,727.0,569.0
2024-06-02,202423,885.0,885,885.0,885,2.220446e-15,13.356779,0,1,330455720242320249,2025-06-10,Rio de Janeiro,0.71015567,6625849,0,0,2,781,,,,,683938,17.66,21.89,27.33,11.7,83.29,775.0,18.6,0.4955376,1281.0,21.11,0.70779216,1611.0,21.6,0.8119199,1869.0,21.17,0.8391563,1138.0,19.7425,6.786716950605081,0.13256443042186206,-0.3694596868755342,-0.5985139724614923,-0.7469767592435517,22,21.24,24.63,25.74,26.33,22.8,8.5,7.7,0.0,84.57,80.71,77.43,73.57,832.0,727.0,569.0,508.0
2024-06-09,202424,832.0,832,832.0,832,0.0004218149,12.556881,0,4,330455720242420256,2025-06-17,Rio de Janeiro,0.85443556,6625849,0,0,2,719,,,,,683938,17.29,22.64,30.61,0.0,75.14,885.0,17.66,0.71015567,775.0,18.6,0.4955376,1281.0,21.11,0.70779216,1611.0,21.6,0.8119199,943.25,18.665,6.725033642166843,-0.061683308438237994,0.07088112198362406,-0.4311429953137722,-0.6601972808997303,23,21.89,21.24,24.63,25.74,11.7,22.8,8.5,7.7,83.29,84.57,80.71,77.43,727.0,569.0,508.0,453.0
2024-06-16,202425,727.0,727,727.0,727,0.0005074002,10.972178,0,4,330455720242520263,2025-06-24,Rio de Janeiro,0.8475984,6625849,0,0,1,603,,,,,683938,16.91,22.94,31.46,0.0,69.43,832.0,17.29,0.85443556,885.0,17.66,0.71015567,775.0,18.6,0.4955376,1281.0,21.11,0.70779216,804.75,17.615000000000002,6.590301048196686,-0.13473259397015713,-0.19641590240839513,-0.06385147198653307,-0.5658755892839293,24,22.64,21.89,21.24,24.63,0.0,11.7,22.8,8.5,75.14,83.29,84.57,80.71,569.0,508.0,453.0,433.0
2024-06-23,202426,569.0,569,569.0,569,1.7936208e-10,8.587579,0,1,330455720242620270,2025-07-01,Rio de Janeiro,0.7108624,6625849,0,0,1,481,,,,,683938,20.61,24.6,30.44,4.1,75.57,727.0,16.91,0.8475984,832.0,17.29,0.85443556,885.0,17.66,0.71015567,775.0,18.6,0.4955376,753.25,18.1175,6.345636360828596,-0.24466468736808977,-0.3793972813382469,-0.4410805897764849,-0.30851615935462284,25,22.94,22.64,21.89,21.24,0.0,0.0,11.7,22.8,69.43,75.14,83.29,84.57,508.0,453.0,433.0,378.0
2024-06-30,202427,508.0,508,508.0,508,4.5564392e-09,7.666942,0,1,330455720242720278,2025-07-09,Rio de Janeiro,0.7176662,6625849,0,0,1,410,,,,,683938,18.23,21.24,26.06,26.2,83.57,569.0,20.61,0.7108624,727.0,16.91,0.8475984,832.0,17.29,0.85443556,885.0,17.66,0.71015567,659.0,18.26,6.2324480165505225,-0.11318834427807367,-0.35785303164616344,-0.4925856256163206,-0.5542689340545586,26,24.6,22.94,22.64,21.89,4.1,0.0,0.0,11.7,75.57,69.43,75.14,83.29,453.0,433.0,378.0,382.0
2024-07-07,202428,453.0,453,453.0,453,3.1314285e-06,6.8368597,0,1,330455720242820284,2025-07-15,Rio de Janeiro,0.7559598,6625849,0,0,1,309,,,,,683938,19.83,21.94,25.26,21.7,88.14,508.0,18.23,0.7176662,569.0,20.61,0.7108624,727.0,16.91,0.8475984,832.0,17.29,0.85443556,564.25,18.895,6.118097198041348,-0.11435081850917417,-0.22753916278724784,-0.4722038501553376,-0.6069364441254947,27,21.24,24.6,22.94,22.64,26.2,4.1,0.0,0.0,83.57,75.57,69.43,75.14,433.0,378.0,382.0,319.0
2024-07-14,202429,433.0,433,433.0,433,0.0033699067,6.535012,0,1,330455720242920292,2025-07-23,Rio de Janeiro,0.83850837,6625849,0,0,1,293,,,,,683938,17.33,20.67,25.44,2.6,84.43,453.0,19.83,0.7559598,508.0,18.23,0.7176662,569.0,20.61,0.7108624,727.0,16.91,0.8475984,490.75,19.0,6.073044534100405,-0.045052663940943205,-0.15940348245011737,-0.27259182672819104,-0.5172565140962808,28,21.94,21.24,24.6,22.94,21.7,26.2,4.1,0.0,88.14,83.57,75.57,69.43,378.0,382.0,319.0,285.0
2024-07-21,202430,378.0,378,378.0,378,0.0016891628,5.7049294,0,1,330455720243020298,2025-07-29,Rio de Janeiro,0.81662744,6625849,0,0,1,231,,,,,683938,15.24,20.59,27.79,0.0,77.29,433.0,17.33,0.83850837,453.0,19.83,0.7559598,508.0,18.23,0.7176662,569.0,20.61,0.7108624,443.0,17.6575,5.937536205082426,-0.13550832901797882,-0.18056099295892203,-0.2949118114680962,-0.40810015574616987,29,20.67,21.94,21.24,24.6,2.6,21.7,26.2,4.1,84.43,88.14,83.57,75.57,382.0,319.0,285.0,295.0
2024-07-28,202431,382.0,382,382.0,382,0.06714752,5.765299,0,1,330455720243120305,2025-08-05,Rio de Janeiro,0.89989936,6625849,0,0,1,261,,,,,683938,17.11,21.59,27.23,15.1,79.86,378.0,15.24,0.81662744,433.0,17.33,0.83850837,453.0,19.83,0.7559598,508.0,18.23,0.7176662,411.5,17.377499999999998,5.948034989180646,0.01049878409821936,-0.12500954491975946,-0.17006220886070267,-0.28441302736987684,30,20.59,20.67,21.94,21.24,0.0,2.6,21.7,26.2,77.29,84.43,88.14,83.57,319.0,285.0,295.0,256.0
2024-08-04,202432,319.0,319,319.0,319,0.003050432,4.8144774,0,1,330455720243220312,2025-08-12,Rio de Janeiro,0.8137424,6625849,0,0,1,198,,,,,683938,18.21,23.34,30.51,29.1,73.57,382.0,17.11,0.89989936,378.0,15.24,0.81662744,433.0,17.33,0.83850837,453.0,19.83,0.7559598,378.0,16.972499999999997,5.768320995793772,-0.17971399338687366,-0.1692152092886543,-0.3047235383066331,-0.34977620224757633,31,21.59,20.59,20.67,21.94,15.1,0.0,2.6,21.7,79.86,77.29,84.43,88.14,285.0,295.0,256.0,254.0
2024-08-11,202433,285.0,285,285.0,285,0.0012280036,4.3013353,0,1,330455720243320321,2025-08-21,Rio de Janeiro,0.7875288,6625849,0,0,1,171,,,,,683938,13.43,19.67,27.23,0.0,74.0,319.0,18.21,0.8137424,382.0,17.11,0.89989936,378.0,15.24,0.81662744,433.0,17.33,0.83850837,341.0,15.997499999999999,5.655991810819852,-0.11232918497391964,-0.2920431783607933,-0.28154439426257394,-0.41705272328055276,32,23.34,21.59,20.59,20.67,29.1,15.1,0.0,2.6,73.57,79.86,77.29,84.43,295.0,256.0,254.0,281.0
2024-08-18,202434,295.0,295,295.0,295,0.099713616,4.4522595,0,1,330455720243420328,2025-08-28,Rio de Janeiro,0.90221417,6625849,0,0,1,189,,,,,683938,18.59,24.17,32.04,3.9,70.57,285.0,13.43,0.7875288,319.0,18.21,0.8137424,382.0,17.11,0.89989936,378.0,15.24,0.81662744,320.25,16.835,5.69035945432406,0.034367643504207734,-0.0779615414697119,-0.25767553485658556,-0.2471767507583662,33,19.67,23.34,21.59,20.59,0.0,29.1,15.1,0.0,74.0,73.57,79.86,77.29,256.0,254.0,281.0,285.0
2024-08-25,202435,256.0,256,256.0,256,0.035538662,3.8636558,0,1,330455720243520333,2025-09-02,Rio de Janeiro,0.85776895,6625849,0,0,1,153,,,,,683938,14.83,19.57,24.79,30.0,78.14,295.0,18.59,0.90221417,285.0,13.43,0.7875288,319.0,18.21,0.8137424,382.0,17.11,0.89989936,288.75,16.265,5.54907608489522,-0.14128336942884,-0.10691572592463228,-0.21924491089855191,-0.3989589042854256,34,24.17,19.67,23.34,21.59,3.9,0.0,29.1,15.1,70.57,74.0,73.57,79.86,254.0,281.0,285.0,317.0
2024-09-01,202436,254.0,254,254.0,254,0.11898431,3.833471,0,1,330455720243620340,2025-09-09,Rio de Janeiro,0.90303034,6625849,0,0,1,144,,,,,683938,19.73,23.54,29.46,1.5,79.14,256.0,14.83,0.85776895,295.0,18.59,0.90221417,285.0,13.43,0.7875288,319.0,18.21,0.8137424,272.5,16.645,5.541263545158426,-0.0078125397367943,-0.1490959091656343,-0.11472826566142658,-0.22705745063534621,35,19.57,24.17,19.67,23.34,30.0,3.9,0.0,29.1,78.14,70.57,74.0,73.57,281.0,285.0,317.0,263.0
2024-09-08,202437,281.0,281,281.0,281,0.7253247,4.240966,0,1,330455720243720347,2025-09-16,Rio de Janeiro,1.0524522,6625849,0,0,1,172,,,,,683938,20.0,26.73,35.17,0.0,61.71,254.0,19.73,0.90303034,256.0,14.83,0.85776895,295.0,18.59,0.90221417,285.0,13.43,0.7875288,271.5,18.2875,5.641907070938114,0.10064352577968805,0.09283098604289375,-0.04845238338594626,-0.014084739881738528,36,23.54,19.57,24.17,19.67,1.5,30.0,3.9,0.0,79.14,78.14,70.57,74.0,285.0,317.0,263.0,281.0
2024-09-15,202438,285.0,285,285.0,285,0.8164205,4.3013353,0,1,330455720243820354,2025-09-23,Rio de Janeiro,1.0799925,6625849,0,0,1,164,,,,,683938,20.2,23.71,28.49,8.0,76.14,281.0,20.0,1.0524522,254.0,19.73,0.90303034,256.0,14.83,0.85776895,295.0,18.59,0.90221417,269.0,18.689999999999998,5.655991810819852,0.014084739881738528,0.11472826566142658,0.10691572592463228,-0.034367643504207734,37,26.73,23.54,19.57,24.17,0.0,1.5,30.0,3.9,61.71,79.14,78.14,70.57,317.0,263.0,281.0,305.0
2024-09-22,202439,317.0,317,317.0,317,0.95874715,4.7842927,0,1,330455720243920363,2025-10-02,Rio de Janeiro,1.1535333,6625849,1,1,1,171,,,,,683938,21.64,26.3,32.43,7.7,69.14,285.0,20.2,1.0799925,281.0,20.0,1.0524522,254.0,19.73,0.90303034,256.0,14.83,0.85776895,284.25,20.3925,5.762051382780177,0.10605957196032456,0.12014431184206309,0.22078783762175114,0.21297529788495684,38,23.71,26.73,23.54,19.57,8.0,0.0,1.5,30.0,76.14,61.71,79.14,78.14,263.0,281.0,305.0,301.0
2024-09-29,202440,263.0,263,263.0,263,0.1481178,3.9693027,0,1,330455720244020368,2025-10-07,Rio de Janeiro,0.91483086,6625849,0,0,1,149,,,,,683938,20.89,24.91,30.44,20.6,71.71,317.0,21.64,1.1535333,285.0,20.2,1.0799925,281.0,20.0,1.0524522,254.0,19.73,0.90303034,286.5,20.6825,5.575949103146316,-0.18610227963386095,-0.08004270767353638,-0.06595796779179786,0.03468555798789019,39,26.3,23.71,26.73,23.54,7.7,8.0,0.0,1.5,69.14,76.14,61.71,79.14,281.0,305.0,301.0,327.0
2024-10-06,202441,281.0,281,281.0,281,0.34439063,4.240966,0,1,330455720244120376,2025-10-15,Rio de Janeiro,0.9670715,6625849,0,0,1,163,,,,,683938,20.4,23.9,28.64,16.5,75.86,263.0,20.89,0.91483086,317.0,21.64,1.1535333,285.0,20.2,1.0799925,281.0,20.0,1.0524522,286.5,20.7825,5.641907070938114,0.06595796779179786,-0.12014431184206309,-0.014084739881738528,0.0,40,24.91,26.3,23.71,26.73,20.6,7.7,8.0,0.0,71.71,69.14,76.14,61.71,305.0,301.0,327.0,376.0
2024-10-13,202442,305.0,305,305.0,305,0.82077765,4.6031837,0,1,330455720244220381,2025-10-20,Rio de Janeiro,1.0786735,6625849,0,0,1,156,,,,,683938,20.63,24.0,28.94,23.5,74.57,281.0,20.4,0.9670715,263.0,20.89,0.91483086,317.0,21.64,1.1535333,285.0,20.2,1.0799925,291.5,20.89,5.723585101952381,0.08167803101426685,0.1476359988060647,-0.03846628082779624,0.06759329113252832,41,23.9,24.91,26.3,23.71,16.5,20.6,7.7,8.0,75.86,71.71,69.14,76.14,301.0,327.0,376.0,253.0
2024-10-20,202443,301.0,301,301.0,301,0.7563515,4.5428143,0,1,330455720244320389,2025-10-28,Rio de Janeiro,1.0590774,6625849,1,0,1,174,,,,,683938,22.81,26.26,31.07,68.7,79.57,305.0,20.63,1.0786735,281.0,20.4,0.9670715,263.0,20.89,0.91483086,317.0,21.64,1.1535333,287.5,21.182499999999997,5.71042701737487,-0.013158084577510998,0.06851994643675585,0.1344779142285537,-0.05162436540530724,42,24.0,23.9,24.91,26.3,23.5,16.5,20.6,7.7,74.57,75.86,71.71,69.14,327.0,376.0,253.0,303.0
2024-10-27,202444,327.0,327,327.0,327,0.89456916,4.9352164,0,1,330455720244420395,2025-11-03,Rio de Janeiro,1.1054674,6625849,0,0,1,190,,,,,683938,20.6,23.84,27.4,18.1,80.71,301.0,22.81,1.0590774,305.0,20.63,1.0786735,281.0,20.4,0.9670715,263.0,20.89,0.91483086,303.5,21.11,5.793013608384144,0.08258659100927446,0.06942850643176346,0.1511065374460303,0.21706450523782816,43,26.26,24.0,23.9,24.91,68.7,23.5,16.5,20.6,79.57,74.57,75.86,71.71,376.0,253.0,303.0,354.0
2024-11-03,202445,376.0,376,376.0,376,0.9943924,5.6747446,0,1,330455720244520404,2025-11-12,Rio de Janeiro,1.2141267,6625849,1,1,1,209,,,,,683938,23.21,26.36,30.2,83.3,76.43,327.0,20.6,1.1054674,301.0,22.81,1.0590774,305.0,20.63,1.0786735,281.0,20.4,0.9670715,327.25,21.8125,5.932245187448011,0.13923157906386674,0.2218181700731412,0.2086600854956302,0.29033811650989705,44,23.84,26.26,24.0,23.9,18.1,68.7,23.5,16.5,80.71,79.57,74.57,75.86,253.0,303.0,354.0,335.0
2024-11-10,202446,253.0,253,253.0,253,0.0012335243,3.8183787,0,1,330455720244620411,2025-11-19,Rio de Janeiro,0.77684504,6625849,0,0,1,130,,,,,683938,20.67,23.61,27.31,79.6,83.14,376.0,23.21,1.2141267,327.0,20.6,1.1054674,301.0,22.81,1.0590774,305.0,20.63,1.0786735,314.25,21.8225,5.537334267018537,-0.3949109204294743,-0.25567934136560755,-0.1730927503563331,-0.1862508349338441,45,26.36,23.84,26.26,24.0,83.3,18.1,68.7,23.5,76.43,80.71,79.57,74.57,303.0,354.0,335.0,336.0
2024-11-17,202447,303.0,303,303.0,303,0.19686455,4.572999,0,1,330455720244720418,2025-11-26,Rio de Janeiro,0.9341888,6625849,1,0,1,156,,,,,683938,21.89,24.84,28.63,26.7,82.86,253.0,20.67,0.77684504,376.0,23.21,1.2141267,327.0,20.6,1.1054674,301.0,22.81,1.0590774,314.75,21.5925,5.717027701406222,0.17969343438768526,-0.21521748604178903,-0.07598590697792229,0.006600684031352166,46,23.61,26.36,23.84,26.26,79.6,83.3,18.1,68.7,83.14,76.43,80.71,79.57,354.0,335.0,336.0,270.0
2024-11-24,202448,354.0,354,354.0,354,0.9759677,5.3427114,0,1,330455720244820425,2025-12-03,Rio de Janeiro,1.1668781,6625849,1,1,1,196,,,,,683938,21.93,26.53,32.04,5.1,73.43,303.0,21.89,0.9341888,253.0,20.67,0.77684504,376.0,23.21,1.2141267,327.0,20.6,1.1054674,321.5,21.925,5.872117789475416,0.1550900880691941,0.33478352245687937,-0.06012739797259492,0.07910418109127182,47,24.84,23.61,26.36,23.84,26.7,79.6,83.3,18.1,82.86,83.14,76.43,80.71,335.0,336.0,270.0,243.0
2024-12-01,202449,335.0,335,335.0,335,0.8600203,5.055956,0,2,330455720244920432,2025-12-10,Rio de Janeiro,1.088959,6625849,1,0,1,180,,,,,683938,23.34,27.09,31.7,74.2,80.43,354.0,21.93,1.1668781,303.0,21.89,0.9341888,253.0,20.67,0.77684504,376.0,23.21,1.2141267,311.25,21.957500000000003,5.817111159963204,-0.0550066295122118,0.10008345855698231,0.27977689294466757,-0.11513402748480672,48,26.53,24.84,23.61,26.36,5.1,26.7,79.6,83.3,73.43,82.86,83.14,76.43,336.0,270.0,243.0,398.0
2024-12-08,202450,336.0,336,336.0,336,0.6053302,5.0710483,0,2,330455720245020438,2025-12-16,Rio de Janeiro,1.0209223,6625849,1,0,1,178,,,,,683938,22.94,26.03,30.6,48.2,81.14,335.0,23.34,1.088959,354.0,21.93,1.1668781,303.0,21.89,0.9341888,253.0,20.67,0.77684504,332.0,22.525000000000002,5.820082930352362,0.002971770389157413,-0.05203485912305439,0.10305522894613972,0.282748663333825,49,27.09,26.53,24.84,23.61,74.2,5.1,26.7,79.6,80.43,73.43,82.86,83.14,270.0,243.0,398.0,527.0
2024-12-15,202451,270.0,270,270.0,270,0.0052544195,4.0749493,0,2,330455720245120438,2025-12-16,Rio de Janeiro,0.8115069,6625849,1,0,1,148,,,,,683938,23.37,26.91,31.76,43.0,78.0,336.0,22.94,1.0209223,335.0,23.34,1.088959,354.0,21.93,1.1668781,303.0,21.89,0.9341888,323.75,22.895000000000003,5.602118820879701,-0.21796410947266054,-0.21499233908350313,-0.2699989685957149,-0.11490888052652082,50,26.03,27.09,26.53,24.84,48.2,74.2,5.1,26.7,81.14,80.43,73.43,82.86,243.0,398.0,527.0,557.0
2024-12-22,202452,243.0,243,243.0,243,0.0012781504,3.6674545,0,2,330455720245220438,2025-12-16,Rio de Janeiro,0.7737701,6625849,1,0,1,134,,,,,683938,24.01,26.51,30.11,69.8,84.57,270.0,23.37,0.8115069,336.0,22.94,1.0209223,335.0,23.34,1.088959,354.0,21.93,1.1668781,296.0,23.415,5.497168225293202,-0.10495059558649888,-0.3229147050591594,-0.319942934670002,-0.3749495641822138,51,26.91,26.03,27.09,26.53,43.0,48.2,74.2,5.1,78.0,81.14,80.43,73.43,398.0,527.0,557.0,686.0
2024-12-29,202501,398.0,398,398.0,398,0.99998474,6.0067773,0,2,330455720250120460,2026-01-07,Rio de Janeiro,1.3771596,6625849,1,1,1,200,,,,,683938,23.27,26.74,31.5,35.1,80.0,243.0,24.01,0.7737701,270.0,23.37,0.8115069,336.0,22.94,1.0209223,335.0,23.34,1.088959,311.75,23.3975,5.988961416889864,0.49179319159666157,0.3868425960101627,0.16887848653750215,0.17185025692665956,52,26.51,26.91,26.03,27.09,69.8,43.0,48.2,74.2,84.57,78.0,81.14,80.43,527.0,557.0,686.0,1056.0
2025-01-05,202502,527.0,527,527.0,527,1.0,7.9536977,0,3,330455720250220460,2026-01-07,Rio de Janeiro,1.7182572,6625849,1,1,1,245,,,,,683938,22.83,25.71,29.39,54.1,81.57,398.0,23.27,1.3771596,243.0,24.01,0.7737701,270.0,23.37,0.8115069,336.0,22.94,1.0209223,359.5,23.369999999999997,6.269096283706261,0.28013486681639765,0.7719280584130592,0.6669774628265603,0.4490133533538998,1,26.74,26.51,26.91,26.03,35.1,69.8,43.0,48.2,80.0,84.57,78.0,81.14,557.0,686.0,1056.0,1097.0
2025-01-12,202503,557.0,557,557.0,557,0.99999994,8.40647,0,3,330455720250320486,2026-02-02,Rio de Janeiro,1.4211998,6625849,1,1,1,234,,,,,683938,22.87,26.11,29.74,9.3,80.43,527.0,22.83,1.7182572,398.0,23.27,1.3771596,243.0,24.01,0.7737701,270.0,23.37,0.8115069,431.25,23.244999999999997,6.324358962381311,0.055262678675049415,0.33539754549144707,0.8271907370881086,0.7222401415016098,2,25.71,26.74,26.51,26.91,54.1,35.1,69.8,43.0,81.57,80.0,84.57,78.0,686.0,1056.0,1097.0,1457.0
2025-01-19,202504,686.0,686,686.0,686,1.0,10.35339,0,3,330455720250420491,2026-02-07,Rio de Janeiro,1.3904507,6625849,1,1,1,314,,,,,683938,25.59,30.04,35.67,6.5,70.57,557.0,22.87,1.4211998,527.0,22.83,1.7182572,398.0,23.27,1.3771596,243.0,24.01,0.7737701,542.0,23.64,6.532334292222349,0.20797532984103828,0.2632380085160877,0.5433728753324853,1.035166066929147,3,26.11,25.71,26.74,26.51,9.3,54.1,35.1,69.8,80.43,81.57,80.0,84.57,1056.0,1097.0,1457.0,1428.0
2025-01-26,202505,1056.0,1056,1056.0,1056,1.0,15.93758,0,3,330455720250520495,2026-02-11,Rio de Janeiro,1.7729015,6625849,1,1,1,429,,,,,683938,24.97,27.47,31.66,97.3,82.29,686.0,25.59,1.3904507,557.0,22.87,1.4211998,527.0,22.83,1.7182572,398.0,23.27,1.3771596,706.5,24.064999999999998,6.963189985870238,0.43085569364788867,0.638831023488927,0.6940937021639764,0.974228568980374,4,30.04,26.11,25.71,26.74,6.5,9.3,54.1,35.1,70.57,80.43,81.57,80.0,1097.0,1457.0,1428.0,956.0
2025-02-02,202506,1097.0,1097,1097.0,1097,1.0,16.55637,0,3,330455720250620504,2026-02-20,Rio de Janeiro,1.4558538,6625849,1,1,1,500,,,,,683938,24.49,29.17,34.77,2.6,71.29,1056.0,24.97,1.7729015,686.0,25.59,1.3904507,557.0,22.87,1.4211998,527.0,22.83,1.7182572,849.0,24.48,7.001245622069476,0.03805563619923813,0.4689113298471268,0.6768866596881651,0.7321493383632145,5,27.47,30.04,26.11,25.71,97.3,6.5,9.3,54.1,82.29,70.57,80.43,81.57,1457.0,1428.0,956.0,974.0
2025-02-09,202507,1457.0,1457,1457.0,1457,1.0,21.989635,0,3,330455720250720508,2026-02-24,Rio de Janeiro,1.5116484,6625849,1,1,2,628,,,,,683938,24.21,28.93,34.44,3.0,70.43,1097.0,24.49,1.4558538,1056.0,24.97,1.7729015,686.0,25.59,1.3904507,557.0,22.87,1.4211998,1074.0,24.815,7.284820912568604,0.2835752904991278,0.3216309266983659,0.7524866203462546,0.9604619501872929,6,29.17,27.47,30.04,26.11,2.6,97.3,6.5,9.3,71.29,82.29,70.57,80.43,1428.0,956.0,974.0,1315.0
2025-02-16,202508,1428.0,1428,1428.0,1428,0.99999994,21.551954,0,3,330455720250820516,2026-03-04,Rio de Janeiro,1.2284381,6625849,1,1,2,586,,,,,683938,24.57,29.96,36.27,1.5,65.0,1457.0,24.21,1.5116484,1097.0,24.49,1.4558538,1056.0,24.97,1.7729015,686.0,25.59,1.3904507,1259.5,24.56,7.264730177929867,-0.02009073463873623,0.26348455586039154,0.3015401920596297,0.7323958857075183,7,28.93,29.17,27.47,30.04,3.0,2.6,97.3,6.5,70.43,71.29,82.29,70.57,956.0,974.0,1315.0,1254.0
2025-02-23,202509,956.0,956,956.0,956,1.10134124e-13,14.42834,0,4,330455720250920522,2026-03-10,Rio de Janeiro,0.7331372,6625849,1,0,1,398,,,,,683938,23.54,28.53,34.46,7.5,71.0,1428.0,24.57,1.2284381,1457.0,24.21,1.5116484,1097.0,24.49,1.4558538,1056.0,24.97,1.7729015,1234.5,24.2025,6.863803391452954,-0.40092678647691304,-0.4210175211156493,-0.1374422306165215,-0.09938659441728337,8,29.96,28.93,29.17,27.47,1.5,3.0,2.6,97.3,65.0,70.43,71.29,82.29,974.0,1315.0,1254.0,1105.0
2025-03-02,202510,974.0,974,974.0,974,1.9017898e-10,14.700003,0,2,330455720251020529,2026-03-17,Rio de Janeiro,0.7668367,6625849,1,0,1,359,,,,,683938,23.46,27.79,32.93,6.2,72.57,956.0,23.54,0.7331372,1428.0,24.57,1.2284381,1457.0,24.21,1.5116484,1097.0,24.49,1.4558538,1203.75,23.945,6.882437470997847,0.018634079544892934,-0.3822927069320201,-0.40238344157075634,-0.11880815107162856,9,28.53,29.96,28.93,29.17,7.5,1.5,3.0,2.6,71.0,65.0,70.43,71.29,1315.0,1254.0,1105.0,1047.0
2025-03-09,202511,1315.0,1315,1315.0,1315,0.9999699,19.846514,0,2,330455720251120536,2026-03-24,Rio de Janeiro,1.1769764,6625849,1,1,2,414,,,,,683938,24.3,27.86,33.06,36.0,76.43,974.0,23.46,0.7668367,956.0,23.54,0.7331372,1428.0,24.57,1.2284381,1457.0,24.21,1.5116484,1168.25,23.9675,7.182352111885263,0.2999146408874154,0.3185487204323083,-0.08237806604460474,-0.10246880068334097,10,27.79,28.53,29.96,28.93,6.2,7.5,1.5,3.0,72.57,71.0,65.0,70.43,1254.0,1105.0,1047.0,1018.0
2025-03-16,202512,1254.0,1254,1254.0,1254,0.9996633,18.925877,0,4,330455720251220544,2026-04-01,Rio de Janeiro,1.1509924,6625849,1,1,2,436,,,,,683938,23.23,25.9,29.37,41.6,82.14,1315.0,24.3,1.1769764,974.0,23.46,0.7668367,956.0,23.54,0.7331372,1428.0,24.57,1.2284381,1124.75,23.6325,7.134890851565884,-0.047461260319378695,0.2524533805680367,0.2710874601129296,-0.12983932636398343,11,27.86,27.79,28.53,29.96,36.0,6.2,7.5,1.5,76.43,72.57,71.0,65.0,1105.0,1047.0,1018.0,701.0
2025-03-23,202513,1105.0,1105,1105.0,1105,0.054721538,16.677109,0,4,330455720251320552,2026-04-09,Rio de Janeiro,0.9352355,6625849,1,0,1,346,,,,,683938,23.11,26.73,31.21,16.1,80.43,1254.0,23.23,1.1509924,1315.0,24.3,1.1769764,974.0,23.46,0.7668367,956.0,23.54,0.7331372,1162.0,23.525,7.00850518208228,-0.12638566948360364,-0.17384692980298233,0.12606771108443304,0.14470179062932598,12,25.9,27.86,27.79,28.53,41.6,36.0,6.2,7.5,82.14,76.43,72.57,71.0,1047.0,1018.0,701.0,936.0
2025-03-30,202514,1047.0,1047,1047.0,1047,0.00064758287,15.801748,0,2,330455720251420557,2026-04-14,Rio de Janeiro,0.8729447,6625849,1,0,1,325,,,,,683938,23.84,26.87,31.17,90.7,81.29,1105.0,23.11,0.9352355,1254.0,23.23,1.1509924,1315.0,24.3,1.1769764,974.0,23.46,0.7668367,1180.25,23.62,6.954638864880987,-0.05386631720129298,-0.18025198668489661,-0.2277132470042753,0.07220139388314006,13,26.73,25.9,27.86,27.79,16.1,41.6,36.0,6.2,80.43,82.14,76.43,72.57,1018.0,701.0,936.0,967.0
2025-04-06,202515,1018.0,1018,1018.0,1018,0.008755555,15.364069,0,1,330455720251520566,2026-04-23,Rio de Janeiro,0.9024715,6625849,0,0,1,327,,,,,683938,20.47,23.93,28.11,39.4,82.43,1047.0,23.84,0.8729447,1105.0,23.11,0.9352355,1254.0,23.23,1.1509924,1315.0,24.3,1.1769764,1106.0,22.6625,6.926577033222725,-0.02806183165826237,-0.08192814885955535,-0.20831381834315899,-0.2557750786625377,14,26.87,26.73,25.9,27.86,90.7,16.1,41.6,36.0,81.29,80.43,82.14,76.43,701.0,936.0,967.0,1198.0
2025-04-13,202516,701.0,701,701.0,701,1.110223e-16,10.579776,0,1,330455720251620571,2026-04-28,Rio de Janeiro,0.6721587,6625849,0,0,1,257,,,,,683938,22.06,25.11,29.0,26.2,84.14,1018.0,20.47,0.9024715,1047.0,23.84,0.8729447,1105.0,23.11,0.9352355,1254.0,23.23,1.1509924,967.75,22.37,6.553933404025811,-0.3726436291969142,-0.40070546085517655,-0.45457177805646953,-0.5809574475400732,15,23.93,26.87,26.73,25.9,39.4,90.7,16.1,41.6,82.43,81.29,80.43,82.14,936.0,967.0,1198.0,1141.0
2025-04-20,202517,936.0,936,936.0,936,0.41761884,14.126492,0,1,330455720251720578,2026-05-05,Rio de Janeiro,0.9904567,6625849,0,0,1,308,,,,,683938,21.39,23.67,26.9,29.3,86.0,701.0,22.06,0.6721587,1018.0,20.47,0.9024715,1047.0,23.84,0.8729447,1105.0,23.11,0.9352355,925.5,21.94,6.842683282238422,0.2887498782126112,-0.08389375098430296,-0.11195558264256533,-0.1658218998438583,16,25.11,23.93,26.87,26.73,26.2,39.4,90.7,16.1,84.14,82.43,81.29,80.43,967.0,1198.0,1141.0,1002.0
2025-04-27,202518,967.0,967,967.0,967,0.99028707,14.594357,0,1,330455720251820587,2026-05-14,Rio de Janeiro,1.1153978,6625849,0,1,1,314,,,,,683938,19.64,23.14,27.24,19.6,81.71,936.0,21.39,0.9904567,701.0,22.06,0.6721587,1018.0,20.47,0.9024715,1047.0,23.84,0.8729447,905.5,20.89,6.875232087276577,0.032548805038154605,0.3212986832507658,-0.05134494594614836,-0.07940677760441073,17,23.67,25.11,23.93,26.87,29.3,26.2,39.4,90.7,86.0,84.14,82.43,81.29,1198.0,1141.0,1002.0,816.0
2025-05-04,202519,1198.0,1198,1198.0,1198,1.0,18.080702,0,3,330455720251920592,2026-05-19,Rio de Janeiro,1.3282276,6625849,0,1,2,392,,,,,683938,19.87,24.16,29.79,1.7,80.14,967.0,19.64,1.1153978,936.0,21.39,0.9904567,701.0,22.06,0.6721587,1018.0,20.47,0.9024715,950.5,20.740000000000002,7.089243155027514,0.21401106775093748,0.24655987278909208,0.5353097510017033,0.16266612180478912,18,23.14,23.67,25.11,23.93,19.6,29.3,26.2,39.4,81.71,86.0,84.14,82.43,1141.0,1002.0,816.0,718.0
2025-05-11,202520,1141.0,1141,1141.0,1141,0.99815756,17.220434,0,3,330455720252020599,2026-05-26,Rio de Janeiro,1.1336335,6625849,0,1,2,343,,,,,683938,18.73,21.83,26.01,13.7,84.0,1198.0,19.87,1.3282276,967.0,19.64,1.1153978,936.0,21.39,0.9904567,701.0,22.06,0.6721587,1060.5,19.9075,7.040536390215956,-0.04870676481155822,0.16530430293937926,0.19785310797753386,0.4866029861901451,19,24.16,23.14,23.67,25.11,1.7,19.6,29.3,26.2,80.14,81.71,86.0,84.14,1002.0,816.0,718.0,506.0
2025-05-18,202521,1002.0,1002,1002.0,1002,0.020099187,15.12259,0,4,330455720252120608,2026-06-04,Rio de Janeiro,0.9142833,6625849,0,0,1,333,,,,,683938,18.04,22.36,28.37,13.2,80.14,1141.0,18.73,1.1336335,1198.0,19.87,1.3282276,967.0,19.64,1.1153978,936.0,21.39,0.9904567,1077.0,19.07,6.910750787961936,-0.12978560225402003,-0.17849236706557825,0.03551870068535923,0.06806750572351383,20,21.83,24.16,23.14,23.67,13.7,1.7,19.6,29.3,84.0,80.14,81.71,86.0,816.0,718.0,506.0,414.0
2025-05-25,202522,816.0,816,816.0,816,2.0985191e-10,12.315403,0,1,330455720252220619,2026-06-15,Rio de Janeiro,0.7499706,6625849,0,0,1,295,,,,,683938,19.11,22.36,26.77,3.1,80.86,1002.0,18.04,0.9142833,1141.0,18.73,1.1336335,1198.0,19.87,1.3282276,967.0,19.64,1.1153978,1039.25,18.9375,6.705639094860003,-0.20511169310193278,-0.3348972953559528,-0.38360406016751103,-0.16959299241657355,21,22.36,21.83,24.16,23.14,13.2,13.7,1.7,19.6,80.14,84.0,80.14,81.71,718.0,506.0,414.0,438.0
2025-06-01,202523,718.0,718,718.0,718,7.868617e-11,10.836348,0,1,330455720252320621,2026-06-17,Rio de Janeiro,0.7318051,6625849,0,0,1,252,,,,,683938,19.76,22.97,27.67,1.7,82.14,816.0,19.11,0.7499706,1002.0,18.04,0.9142833,1141.0,18.73,1.1336335,1198.0,19.87,1.3282276,919.25,18.91,6.577861357721047,-0.12777773713895613,-0.3328894302408889,-0.46267503249490893,-0.5113817973064672,22,22.36,22.36,21.83,24.16,3.1,13.2,13.7,1.7,80.86,80.14,84.0,80.14,506.0,414.0,438.0,362.0
2025-06-08,202524,506.0,506,506.0,506,0.0,7.6367574,0,1,330455720252420627,2026-06-23,Rio de Janeiro,0.60519814,6625849,0,0,1,175,,,,,683938,16.56,19.47,22.9,29.6,84.0,718.0,19.76,0.7318051,816.0,19.11,0.7499706,1002.0,18.04,0.9142833,1141.0,18.73,1.1336335,760.5,18.3675,6.2285110035911835,-0.3493503541298635,-0.4771280912688196,-0.6822397843707524,-0.8120253866247724,23,22.97,22.36,22.36,21.83,1.7,3.1,13.2,13.7,82.14,80.86,80.14,84.0,414.0,438.0,362.0,367.0
2025-06-15,202525,414.0,414,414.0,414,0.0,6.2482557,0,1,330455720252520636,2026-07-02,Rio de Janeiro,0.60174805,6625849,0,0,1,145,,,,,683938,16.24,21.33,28.57,0.0,74.71,506.0,16.56,0.60519814,718.0,19.76,0.7318051,816.0,19.11,0.7499706,1002.0,18.04,0.9142833,613.5,17.9175,6.028278520230698,-0.2002324833604856,-0.5495828374903491,-0.6773605746293052,-0.882472267731238,24,19.47,22.97,22.36,22.36,29.6,1.7,3.1,13.2,84.0,82.14,80.86,80.14,438.0,362.0,367.0,338.0
2025-06-22,202526,438.0,438,438.0,438,0.00022360614,6.6104736,0,1,330455720252620642,2026-07-08,Rio de Janeiro,0.79915994,6625849,0,0,1,140,,,,,683938,17.36,21.57,27.13,1.8,78.86,414.0,16.24,0.60174805,506.0,16.56,0.60519814,718.0,19.76,0.7318051,816.0,19.11,0.7499706,519.0,17.48,6.0844994130751715,0.056220892844473624,-0.14401159051601198,-0.49336194464587546,-0.6211396817848316,25,21.33,19.47,22.97,22.36,0.0,29.6,1.7,3.1,74.71,84.0,82.14,80.86,362.0,367.0,338.0,328.0
2025-06-29,202527,362.0,362,362.0,362,0.0005186595,5.463451,0,1,330455720252720647,2026-07-13,Rio de Janeiro,0.79447836,6625849,0,0,1,113,,,,,683938,17.54,20.37,24.3,23.7,84.14,438.0,17.36,0.79915994,414.0,16.24,0.60174805,506.0,16.56,0.60519814,718.0,19.76,0.7318051,430.0,16.924999999999997,5.8944028342648505,-0.19009657881032105,-0.13387568596584742,-0.334108169326333,-0.6834585234561965,26,21.57,21.33,19.47,22.97,1.8,0.0,29.6,1.7,78.86,74.71,84.0,82.14,367.0,338.0,328.0,282.0
2025-07-06,202528,367.0,367,367.0,367,0.049872797,5.538913,0,1,330455720252820654,2026-07-20,Rio de Janeiro,0.88876426,6625849,0,0,1,120,,,,,683938,15.23,19.27,24.13,0.8,82.0,362.0,17.54,0.79447836,438.0,17.36,0.79915994,414.0,16.24,0.60174805,506.0,16.56,0.60519814,395.25,16.592499999999998,5.908082938168931,0.01368010390408081,-0.17641647490624024,-0.12019558206176661,-0.3204280654222522,27,20.37,21.57,21.33,19.47,23.7,1.8,0.0,29.6,84.14,78.86,74.71,84.0,338.0,328.0,282.0,312.0
2025-07-13,202529,338.0,338,338.0,338,0.04983295,5.101233,0,1,330455720252920662,2026-07-28,Rio de Janeiro,0.884482,6625849,0,0,1,104,,,,,683938,14.59,19.49,25.83,0.4,77.71,367.0,15.23,0.88876426,362.0,17.54,0.79447836,438.0,17.36,0.79915994,414.0,16.24,0.60174805,376.25,16.18,5.82600010738045,-0.08208283078848133,-0.06840272688440052,-0.25849930569472157,-0.20227841285024795,28,19.27,20.37,21.57,21.33,0.8,23.7,1.8,0.0,82.0,84.14,78.86,74.71,328.0,282.0,312.0,292.0
2025-07-20,202530,328.0,328,328.0,328,0.117893435,4.950309,0,1,330455720253020671,2026-08-06,Rio de Janeiro,0.91351676,6625849,0,0,1,94,,,,,683938,16.51,20.27,25.03,10.0,83.43,338.0,14.59,0.884482,367.0,15.23,0.88876426,362.0,17.54,0.79447836,438.0,17.36,0.79915994,348.75,15.967500000000001,5.796057750765372,-0.029942356615078047,-0.11202518740355938,-0.09834508349947857,-0.2884416623097996,29,19.49,19.27,20.37,21.57,0.4,0.8,23.7,1.8,77.71,82.0,84.14,78.86,282.0,312.0,292.0,325.0
2025-07-27,202531,282.0,282,282.0,282,0.010159752,4.256058,0,1,330455720253120676,2026-08-11,Rio de Janeiro,0.8299497,6625849,0,0,1,70,,,,,683938,14.7,19.59,25.3,1.6,73.57,328.0,16.51,0.91351676,338.0,14.59,0.884482,367.0,15.23,0.88876426,362.0,17.54,0.79447836,328.75,15.2575,5.645446897643238,-0.15061085312213418,-0.18055320973721223,-0.26263604052569356,-0.24895593662161275,30,20.27,19.49,19.27,20.37,10.0,0.4,0.8,23.7,83.43,77.71,82.0,84.14,312.0,292.0,325.0,273.0
2025-08-03,202532,312.0,312,312.0,312,0.38716754,4.7088304,0,1,330455720253220683,2026-08-18,Rio de Janeiro,0.97744864,6625849,0,0,1,83,,,,,683938,16.64,20.91,26.24,4.8,79.43,282.0,14.7,0.8299497,328.0,16.51,0.91351676,338.0,14.59,0.884482,367.0,15.23,0.88876426,315.0,15.61,5.746203190540153,0.10075629289691523,-0.04985456022521895,-0.079796916840297,-0.16187974762877833,31,19.59,20.27,19.49,19.27,1.6,10.0,0.4,0.8,73.57,83.43,77.71,82.0,292.0,325.0,273.0,286.0
2025-08-10,202533,292.0,292,292.0,292,0.32511798,4.4069824,0,1,330455720253320689,2026-08-24,Rio de Janeiro,0.9635282,6625849,0,0,1,91,,,,,683938,15.67,19.23,23.43,2.7,78.86,312.0,16.64,0.97744864,282.0,14.7,0.8299497,328.0,16.51,0.91351676,338.0,14.59,0.884482,303.5,15.88,5.680172609017068,-0.06603058152308527,0.03472571137382996,-0.11588514174830422,-0.14582749836338227,32,20.91,19.59,20.27,19.49,4.8,1.6,10.0,0.4,79.43,73.57,83.43,77.71,325.0,273.0,286.0,300.0
2025-08-17,202534,325.0,325,325.0,325,0.83990467,4.9050317,0,1,330455720253420698,2026-09-02,Rio de Janeiro,1.0827382,6625849,0,0,1,90,,,,,683938,17.66,22.89,29.61,1.0,71.86,292.0,15.67,0.9635282,312.0,16.64,0.97744864,282.0,14.7,0.8299497,328.0,16.51,0.91351676,302.75,16.1675,5.786897381366708,0.10672477234964006,0.04069419082655479,0.14145048372347002,-0.009160369398664159,33,19.23,20.91,19.59,20.27,2.7,4.8,1.6,10.0,78.86,79.43,73.57,83.43,273.0,286.0,300.0,308.0
2025-08-24,202535,273.0,273,273.0,273,0.11233218,4.120227,0,1,330455720253520707,2026-09-11,Rio de Janeiro,0.9037015,6625849,0,0,1,68,,,,,683938,19.97,22.87,26.96,7.2,79.71,325.0,17.66,1.0827382,292.0,15.67,0.9635282,312.0,16.64,0.97744864,282.0,14.7,0.8299497,300.5,17.485,5.6131281063880705,-0.17376927497863726,-0.0670445026289972,-0.13307508415208247,-0.032318791255167234,34,22.89,19.23,20.91,19.59,1.0,2.7,4.8,1.6,71.86,78.86,79.43,73.57,286.0,300.0,308.0,286.0
2025-08-31,202536,286.0,286,286.0,286,0.28205392,4.316428,0,1,330455720253620713,2026-09-17,Rio de Janeiro,0.95349073,6625849,0,0,1,64,,,,,683938,18.07,22.39,27.76,4.4,73.86,273.0,19.97,0.9037015,325.0,17.66,1.0827382,292.0,15.67,0.9635282,312.0,16.64,0.97744864,294.0,17.8425,5.659482215759621,0.04635410937155093,-0.12741516560708632,-0.02069039325744626,-0.08672097478053153,35,22.87,22.89,19.23,20.91,7.2,1.0,2.7,4.8,79.71,71.86,78.86,79.43,300.0,308.0,286.0,295.0
2025-09-07,202537,300.0,300,300.0,300,0.65770966,4.527722,0,1,330455720253720719,2026-09-23,Rio de Janeiro,1.0339873,6625849,0,0,1,92,,,,,683938,19.16,22.3,26.43,6.2,76.86,286.0,18.07,0.95349073,273.0,19.97,0.9037015,325.0,17.66,1.0827382,292.0,15.67,0.9635282,296.0,18.715,5.707110264748875,0.04762804898925399,0.09398215836080492,-0.07978711661783233,0.02693765573180773,36,22.39,22.87,22.89,19.23,4.4,7.2,1.0,2.7,73.86,79.71,71.86,78.86,308.0,286.0,295.0,271.0
2025-09-14,202538,308.0,308,308.0,308,0.79076403,4.648461,0,1,330455720253820719,2026-09-23,Rio de Janeiro,1.0684825,6625849,0,0,1,75,,,,,683938,18.9,23.36,28.77,6.5,76.0,300.0,19.16,1.0339873,286.0,18.07,0.95349073,273.0,19.97,0.9037015,325.0,17.66,1.0827382,291.75,19.025,5.733341276897746,0.02623101214887047,0.07385906113812446,0.1202131705096754,-0.05355610446896186,37,22.3,22.39,22.87,22.89,6.2,4.4,7.2,1.0,76.86,73.86,79.71,71.86,286.0,295.0,271.0,308.0
2025-09-21,202539,286.0,286,286.0,286,0.35319364,4.316428,0,1,330455720253920719,2026-09-23,Rio de Janeiro,0.96924794,6625849,0,0,1,67,,,,,683938,19.26,22.64,27.13,27.2,72.71,308.0,18.9,1.0684825,300.0,19.16,1.0339873,286.0,18.07,0.95349073,273.0,19.97,0.9037015,295.0,18.8475,5.659482215759621,-0.07385906113812446,-0.04762804898925399,0.0,0.04635410937155093,38,23.36,22.3,22.39,22.87,6.5,6.2,4.4,7.2,76.0,76.86,73.86,79.71,295.0,271.0,308.0,271.0
2025-09-28,202540,295.0,295,295.0,295,0.46246356,4.4522595,0,1,330455720254020719,2026-09-23,Rio de Janeiro,0.99229157,6625849,0,0,1,74,,,,,683938,18.07,23.69,30.06,0.0,69.29,286.0,19.26,0.96924794,308.0,18.9,1.0684825,300.0,19.16,1.0339873,286.0,18.07,0.95349073,297.25,18.8475,5.69035945432406,0.03087723856443869,-0.04298182257368577,-0.0167508104248153,0.03087723856443869,39,22.64,23.36,22.3,22.39,27.2,6.5,6.2,4.4,72.71,76.0,76.86,73.86,271.0,308.0,271.0,218.0
2025-10-05,202541,271.0,271,271.0,271,0.18631282,4.090042,0,1,330455720254120719,2026-09-23,Rio de Janeiro,0.92763996,6625849,0,0,1,72,,,,,683938,20.17,23.37,27.73,31.7,78.0,295.0,18.07,0.99229157,286.0,19.26,0.96924794,308.0,18.9,1.0684825,300.0,19.16,1.0339873,290.0,19.1,5.605802066295998,-0.08455738802806234,-0.05368014946362365,-0.1275392106017481,-0.10130819845287764,40,23.69,22.64,23.36,22.3,0.0,27.2,6.5,6.2,69.29,72.71,76.0,76.86,308.0,271.0,218.0,244.0
2025-10-12,202542,308.0,308,308.0,308,0.80448556,4.648461,0,1,330455720254220719,2026-09-23,Rio de Janeiro,1.0728256,6625849,0,0,1,76,,,,,683938,21.59,25.37,30.51,26.5,76.0,271.0,20.17,0.92763996,295.0,18.07,0.99229157,286.0,19.26,0.96924794,308.0,18.9,1.0684825,290.0,19.7725,5.733341276897746,0.1275392106017481,0.04298182257368577,0.07385906113812446,0.0,41,23.37,23.69,22.64,23.36,31.7,0.0,27.2,6.5,78.0,69.29,72.71,76.0,271.0,218.0,244.0,264.0
2025-10-19,202543,271.0,271,271.0,271,0.26922226,4.090042,0,1,330455720254320719,2026-09-23,Rio de Janeiro,0.94921106,6625849,0,0,1,67,,,,,683938,15.96,20.53,24.96,21.8,74.43,308.0,21.59,1.0728256,271.0,20.17,0.92763996,295.0,18.07,0.99229157,286.0,19.26,0.96924794,286.25,18.9475,5.605802066295998,-0.1275392106017481,0.0,-0.08455738802806234,-0.05368014946362365,42,25.37,23.37,23.69,22.64,26.5,31.7,0.0,27.2,76.0,78.0,69.29,72.71,218.0,244.0,264.0,223.0
2025-10-26,202544,218.0,218,218.0,218,0.0017971518,3.2901444,0,1,330455720254420719,2026-09-23,Rio de Janeiro,0.77023935,6625849,0,0,1,60,,,,,683938,20.63,24.24,29.16,36.1,79.29,271.0,15.96,0.94921106,308.0,21.59,1.0728256,271.0,20.17,0.92763996,295.0,18.07,0.99229157,267.0,19.5875,5.389071729816501,-0.2167303364794968,-0.3442695470812449,-0.2167303364794968,-0.30128772450755914,43,20.53,25.37,23.37,23.69,21.8,26.5,31.7,0.0,74.43,76.0,78.0,69.29,244.0,264.0,223.0,216.0
2025-11-02,202545,244.0,244,244.0,244,0.18094625,3.6825469,0,1,330455720254520719,2026-09-23,Rio de Janeiro,0.92235076,6625849,0,0,1,54,,,,,683938,21.46,24.47,28.46,34.1,80.86,218.0,20.63,0.77023935,271.0,15.96,0.94921106,308.0,21.59,1.0728256,271.0,20.17,0.92763996,260.25,19.91,5.501258210544727,0.11218648072822646,-0.10454385575127034,-0.23208306635301845,-0.10454385575127034,44,24.24,20.53,25.37,23.37,36.1,21.8,26.5,31.7,79.29,74.43,76.0,78.0,264.0,223.0,216.0,259.0
2025-11-09,202546,264.0,264,264.0,264,0.816319,3.984395,0,1,330455720254620719,2026-09-23,Rio de Janeiro,1.083263,6625849,0,0,1,57,,,,,683938,19.0,23.16,27.79,5.1,73.0,244.0,21.46,0.92235076,218.0,20.63,0.77023935,271.0,15.96,0.94921106,308.0,21.59,1.0728256,249.25,19.2625,5.579729825986222,0.07847161544149461,0.19065809616972107,-0.02607224030977573,-0.15361145091152384,45,24.47,24.24,20.53,25.37,34.1,36.1,21.8,26.5,80.86,79.29,74.43,76.0,223.0,216.0,259.0,245.0
2025-11-16,202547,223.0,223,223.0,223,0.18833011,3.3656065,0,1,330455720254720719,2026-09-23,Rio de Janeiro,0.921316,6625849,0,0,1,54,,,,,683938,21.13,25.54,30.79,26.0,72.14,264.0,19.0,1.083263,244.0,21.46,0.92235076,218.0,20.63,0.77023935,271.0,15.96,0.94921106,237.25,20.555,5.4116460518550396,-0.16808377413118247,-0.08961215868968786,0.022574322038538597,-0.1941560144409582,46,23.16,24.47,24.24,20.53,5.1,34.1,36.1,21.8,73.0,80.86,79.29,74.43,216.0,259.0,245.0,196.0
2025-11-23,202548,216.0,216,216.0,216,0.103551224,3.2599597,0,1,330455720254820719,2026-09-23,Rio de Janeiro,0.88890415,6625849,0,0,1,44,,,,,683938,20.86,24.26,28.7,35.2,77.86,223.0,21.13,0.921316,264.0,19.0,1.083263,244.0,21.46,0.92235076,218.0,20.63,0.77023935,236.75,20.6125,5.37989735354046,-0.031748698314579826,-0.1998324724457623,-0.12136085700426769,-0.00917437627604123,47,25.54,23.16,24.47,24.24,26.0,5.1,34.1,36.1,72.14,73.0,80.86,79.29,259.0,245.0,196.0,144.0
2025-11-30,202549,259.0,259,259.0,259,0.8771605,3.908933,0,1,330455720254920719,2026-09-23,Rio de Janeiro,1.1102995,6625849,1,0,1,55,,,,,683938,21.44,25.66,30.8,29.8,76.14,216.0,20.86,0.88890415,223.0,21.13,0.921316,264.0,19.0,1.083263,244.0,21.46,0.92235076,240.5,20.6075,5.560681631015528,0.18078427747506787,0.14903557916048804,-0.019048194970694432,0.05942342047080018,48,24.26,25.54,23.16,24.47,35.2,26.0,5.1,34.1,77.86,72.14,73.0,80.86,245.0,196.0,144.0,215.0
2025-12-07,202550,245.0,245,245.0,245,0.7336766,3.6976395,0,1,330455720255020719,2026-09-23,Rio de Janeiro,1.0588012,6625849,1,0,1,53,,,,,683938,23.26,28.09,33.1,19.6,70.0,259.0,21.44,1.1102995,216.0,20.86,0.88890415,223.0,21.13,0.921316,264.0,19.0,1.083263,235.75,21.6725,5.5053315359323625,-0.05535009508316513,0.12543418239190274,0.09368548407732291,-0.07439829005385956,49,25.66,24.26,25.54,23.16,29.8,35.2,26.0,5.1,76.14,77.86,72.14,73.0,196.0,144.0,215.0,299.0
2025-12-14,202551,196.0,196,196.0,196,0.020102859,2.9581115,0,2,330455720255120719,2026-09-23,Rio de Janeiro,0.8211152,6625849,1,0,1,38,,,,,683938,23.0,25.63,29.63,77.6,83.14,245.0,23.26,1.0588012,259.0,21.44,1.1102995,216.0,20.86,0.88890415,223.0,21.13,0.921316,229.0,22.14,5.2832037287379885,-0.22212780719437397,-0.2774779022775391,-0.09669362480247123,-0.12844232311705106,50,28.09,25.66,24.26,25.54,19.6,29.8,35.2,26.0,70.0,76.14,77.86,72.14,144.0,215.0,299.0,281.0
2025-12-21,202552,144.0,144,144.0,144,5.591376e-06,2.1733065,0,2,330455720255220719,2026-09-23,Rio de Janeiro,0.63075376,6625849,1,0,0,40,,,,,683938,23.27,29.14,35.84,0.7,66.57,196.0,23.0,0.8211152,245.0,23.26,1.0588012,259.0,21.44,1.1102995,216.0,20.86,0.88890415,211.0,22.7425,4.976733742420574,-0.3064699863174143,-0.5285977935117883,-0.5839478885949534,-0.4031636111198855,51,25.63,28.09,25.66,24.26,77.6,19.6,29.8,35.2,83.14,70.0,76.14,77.86,215.0,299.0,281.0,302.0
2025-12-28,202553,215.0,215,215.0,215,0.78591835,3.244867,0,2,330455720255320719,2026-09-23,Rio de Janeiro,1.0809531,6625849,1,0,1,62,,,,,683938,24.97,29.13,35.27,37.4,72.0,144.0,23.27,0.63075376,196.0,23.0,0.8211152,245.0,23.26,1.0588012,259.0,21.44,1.1102995,200.0,23.625,5.375278407684165,0.3985446652635911,0.09207467894617682,-0.13005312824819715,-0.18540322333136228,52,29.14,25.63,28.09,25.66,0.7,77.6,19.6,29.8,66.57,83.14,70.0,76.14,299.0,281.0,302.0,314.0
2026-01-04,202601,299.0,299,299.0,299,0.9999998,4.512629,0,2,330455720260120719,2026-09-23,Rio de Janeiro,1.5951275,6625849,1,1,1,66,,,,,683938,22.59,26.3,30.59,16.6,77.14,215.0,24.97,1.0809531,144.0,23.27,0.63075376,196.0,23.0,0.8211152,245.0,23.26,1.0588012,213.5,23.4575,5.703782474656201,0.3285040669720356,0.7270487322356267,0.4205787459182124,0.19845093872383845,1,29.13,29.14,25.63,28.09,37.4,0.7,77.6,19.6,72.0,66.57,83.14,70.0,281.0,302.0,314.0,390.0
2026-01-11,202602,281.0,281,281.0,281,0.99691457,4.240966,0,3,330455720260220719,2026-09-23,Rio de Janeiro,1.2782017,6625849,1,1,1,74,,,,,683938,24.24,29.3,35.94,14.0,65.86,299.0,22.59,1.5951275,215.0,24.97,1.0809531,144.0,23.27,0.63075376,196.0,23.0,0.8211152,234.75,23.7675,5.641907070938114,-0.061875403718087085,0.2666286632539485,0.6651733285175396,0.35870334220012534,2,26.3,29.13,29.14,25.63,16.6,37.4,0.7,77.6,77.14,72.0,66.57,83.14,302.0,314.0,390.0,299.0
2026-01-18,202603,302.0,302,302.0,302,0.94371235,4.5579066,0,3,330455720260320719,2026-09-23,Rio de Janeiro,1.1427144,6625849,1,0,1,66,,,,,683938,22.03,24.16,26.71,129.3,84.57,281.0,24.24,1.2782017,299.0,22.59,1.5951275,215.0,24.97,1.0809531,144.0,23.27,0.63075376,274.25,23.457499999999996,5.713732805509369,0.07182573457125496,0.009950330853167877,0.3384543978252035,0.7369990630887946,3,29.3,26.3,29.13,29.14,14.0,16.6,37.4,0.7,65.86,77.14,72.0,66.57,314.0,390.0,299.0,476.0
2026-01-25,202604,314.0,314,314.0,314,0.8670624,4.739015,0,2,330455720260420719,2026-09-23,Rio de Janeiro,1.0950184,6625849,1,0,1,80,,,,,683938,22.99,26.51,31.56,135.9,81.86,302.0,22.03,1.1427144,281.0,24.24,1.2782017,299.0,22.59,1.5951275,215.0,24.97,1.0809531,299.0,22.9625,5.752572638825633,0.03883983331626428,0.11066556788751925,0.04879016416943216,0.37729423114146776,4,24.16,29.3,26.3,29.13,129.3,14.0,16.6,37.4,84.57,65.86,77.14,72.0,390.0,299.0,476.0,662.0
2026-02-01,202605,390.0,390,390.0,390,0.9995602,5.8860383,0,2,330455720260520719,2026-09-23,Rio de Janeiro,1.2887223,6625849,1,1,1,87,,,,,683938,24.39,27.5,32.64,175.7,83.43,314.0,22.99,1.0950184,302.0,22.03,1.1427144,281.0,24.24,1.2782017,299.0,22.59,1.5951275,321.75,23.4125,5.968707559985366,0.21613492115973276,0.25497475447599705,0.326800489047252,0.2649250853291649,5,26.51,24.16,29.3,26.3,135.9,129.3,14.0,16.6,81.86,84.57,65.86,77.14,299.0,476.0,662.0,696.0
2026-02-08,202606,299.0,299,299.0,299,0.14534582,4.512629,0,2,330455720260620719,2026-09-23,Rio de Janeiro,0.91892415,6625849,1,0,1,80,,,,,683938,23.76,27.26,31.77,88.3,82.0,390.0,24.39,1.2887223,314.0,22.99,1.0950184,302.0,22.03,1.1427144,281.0,24.24,1.2782017,326.25,23.292499999999997,5.703782474656201,-0.2649250853291649,-0.04879016416943216,-0.009950330853167877,0.061875403718087085,6,27.5,26.51,24.16,29.3,175.7,135.9,129.3,14.0,83.43,81.86,84.57,65.86,476.0,662.0,696.0,718.0
2026-02-15,202607,476.0,476,476.0,476,0.9999966,7.183985,0,2,330455720260720719,2026-09-23,Rio de Janeiro,1.3709433,6625849,1,1,1,131,,,,,683938,24.16,28.09,33.63,57.9,78.86,299.0,23.76,0.91892415,390.0,24.39,1.2887223,314.0,22.99,1.0950184,302.0,22.03,1.1427144,369.75,23.825,6.1675164908883415,0.4637340162321406,0.1988089309029757,0.41494385206270845,0.45378368537897273,7,27.26,27.5,26.51,24.16,88.3,175.7,135.9,129.3,82.0,83.43,81.86,84.57,662.0,696.0,718.0,733.0
2026-02-22,202608,662.0,662,662.0,662,1.0,9.991173,0,3,330455720260820719,2026-09-23,Rio de Janeiro,1.7289017,6625849,1,1,1,176,,,,,683938,23.99,26.51,30.04,112.8,84.43,476.0,24.16,1.3709433,299.0,23.76,0.91892415,390.0,24.39,1.2887223,314.0,22.99,1.0950184,456.75,24.075,6.4967749901858625,0.32925849929752093,0.7929925155296615,0.5280674302004966,0.7442023513602294,8,28.09,27.26,27.5,26.51,57.9,88.3,175.7,135.9,78.86,82.0,83.43,81.86,696.0,718.0,733.0,670.0
2026-03-01,202609,696.0,696,696.0,696,1.0,10.504314,0,3,330455720260920719,2026-09-23,Rio de Janeiro,1.442496,6625849,1,1,1,151,,,,,683938,22.01,25.67,29.74,31.7,80.29,662.0,23.99,1.7289017,476.0,24.16,1.3709433,299.0,23.76,0.91892415,390.0,24.39,1.2887223,533.25,23.48,6.546785410760524,0.05001042057466165,0.3792689198721826,0.8430029361043232,0.5780778507751583,9,26.51,28.09,27.26,27.5,112.8,57.9,88.3,175.7,84.43,78.86,82.0,83.43,718.0,733.0,670.0,520.0
2026-03-08,202610,718.0,718,718.0,718,0.9991191,10.836348,0,3,330455720261020719,2026-09-23,Rio de Janeiro,1.1880156,6625849,1,1,1,164,,,,,683938,23.01,25.17,28.06,67.4,88.14,696.0,22.01,1.442496,662.0,23.99,1.7289017,476.0,24.16,1.3709433,299.0,23.76,0.91892415,638.0,23.292499999999997,6.577861357721047,0.03107594696052285,0.0810863675351845,0.41034486683270543,0.874078883064846,10,25.67,26.51,28.09,27.26,31.7,112.8,57.9,88.3,80.29,84.43,78.86,82.0,733.0,670.0,520.0,758.0
2026-03-15,202611,733.0,733,733.0,733,0.9276345,11.062734,0,3,330455720261120719,2026-09-23,Rio de Janeiro,1.0807443,6625849,0,0,1,181,,,,,683938,21.74,25.7,30.66,5.3,83.86,718.0,23.01,1.1880156,696.0,22.01,1.442496,662.0,23.99,1.7289017,476.0,24.16,1.3709433,702.25,22.6875,6.598509028614515,0.020647670893468195,0.051723617853991044,0.1017340384286527,0.43099253772617363,11,25.17,25.67,26.51,28.09,67.4,31.7,112.8,57.9,88.14,80.29,84.43,78.86,670.0,520.0,758.0,526.0
2026-03-22,202612,670.0,670,670.0,670,0.1639451,10.111912,0,1,330455720261220719,2026-09-23,Rio de Janeiro,0.9486284,6625849,1,0,1,207,,,,,683938,21.94,26.44,31.63,2.4,78.57,733.0,21.74,1.0807443,718.0,23.01,1.1880156,696.0,22.01,1.442496,662.0,23.99,1.7289017,704.25,22.175,6.508769136971682,-0.08973989164283314,-0.06909222074936494,-0.03801627378884209,0.01199414678581956,12,25.7,25.17,25.67,26.51,5.3,67.4,31.7,112.8,83.86,88.14,80.29,84.43,520.0,758.0,526.0,427.0
2026-03-29,202613,520.0,520,520.0,520,1.8609008e-07,7.848051,0,1,330455720261320719,2026-09-23,Rio de Janeiro,0.74612826,6625849,1,0,1,150,,,,,683938,22.54,26.0,31.06,39.1,81.14,670.0,21.94,0.9486284,733.0,21.74,1.0807443,718.0,23.01,1.1880156,696.0,22.01,1.442496,660.25,22.307499999999997,6.255750041753367,-0.2530190952183151,-0.34275898686114825,-0.32211131596768006,-0.2910353690071572,13,26.44,25.7,25.17,25.67,2.4,5.3,67.4,31.7,78.57,83.86,88.14,80.29,758.0,526.0,427.0,506.0
2026-04-05,202614,758.0,758,758.0,758,0.9973471,11.440043,0,2,330455720261420719,2026-09-23,Rio de Janeiro,1.1601831,6625849,1,1,1,187,,,,,683938,22.71,26.23,30.64,20.9,78.14,520.0,22.54,0.74612826,670.0,21.94,0.9486284,733.0,21.74,1.0807443,718.0,23.01,1.1880156,670.25,22.2325,6.63200177739563,0.37625173564226344,0.12323264042394833,0.03349274878111519,0.054140419674583384,14,26.0,26.44,25.7,25.17,39.1,2.4,5.3,67.4,81.14,78.57,83.86,88.14,526.0,427.0,506.0,502.0
2026-04-12,202615,526.0,526,526.0,526,0.0018698974,7.9386053,0,1,330455720261520719,2026-09-23,Rio de Janeiro,0.8426314,6625849,0,0,1,125,,,,,683938,20.11,24.31,29.59,1.5,80.29,758.0,22.71,1.1601831,520.0,22.54,0.74612826,670.0,21.94,0.9486284,733.0,21.74,1.0807443,618.5,21.825,6.267200548541362,-0.3648012288542679,0.011450506787995529,-0.2415685884303196,-0.3313084800731527,15,26.23,26.0,26.44,25.7,20.9,39.1,2.4,5.3,78.14,81.14,78.57,83.86,427.0,506.0,502.0,494.0
2026-04-19,202616,427.0,427,427.0,427,1.5184195e-09,6.444457,0,1,330455720261620719,2026-09-23,Rio de Janeiro,0.69085646,6625849,0,0,1,148,,,,,683938,20.16,24.36,29.73,1.5,78.14,526.0,20.11,0.8426314,758.0,22.71,1.1601831,520.0,22.54,0.74612826,670.0,21.94,0.9486284,557.75,21.38,6.059123195581797,-0.20807735295956586,-0.5728785818138338,-0.19662684617157034,-0.44964594138988545,16,24.31,26.23,26.0,26.44,1.5,20.9,39.1,2.4,80.29,78.14,81.14,78.57,506.0,502.0,494.0,405.0
2026-04-26,202617,506.0,506,506.0,506,0.065977246,7.6367574,0,1,330455720261720719,2026-09-23,Rio de Janeiro,0.91164243,6625849,1,0,1,160,,,,,683938,22.71,26.54,32.07,6.0,79.14,427.0,20.16,0.69085646,526.0,20.11,0.8426314,758.0,22.71,1.1601831,520.0,22.54,0.74612826,554.25,21.4225,6.2285110035911835,0.1693878080093869,-0.038689544950178956,-0.40349077380444687,-0.027239038162183427,17,24.36,24.31,26.23,26.0,1.5,1.5,20.9,39.1,78.14,80.29,78.14,81.14,502.0,494.0,405.0,393.0
2026-05-03,202618,502.0,502,502.0,502,0.6426814,7.5763874,0,1,330455720261820719,2026-09-23,Rio de Janeiro,1.0234745,6625849,0,0,1,134,,,,,683938,20.77,24.89,30.16,9.0,77.57,506.0,22.71,0.91164243,427.0,20.16,0.69085646,526.0,20.11,0.8426314,758.0,22.71,1.1601831,490.25,20.9375,6.220590170099739,-0.007920833491444235,0.16146697451794267,-0.04661037844162319,-0.4114116072958911,18,26.54,24.36,24.31,26.23,6.0,1.5,1.5,20.9,79.14,78.14,80.29,78.14,494.0,405.0,393.0,315.0
2026-05-10,202619,494.0,494,494.0,494,0.6113139,7.4556484,0,1,330455720261920719,2026-09-23,Rio de Janeiro,1.0182285,6625849,0,0,1,124,,,,,683938,19.49,22.44,26.34,9.9,82.14,502.0,20.77,1.0234745,506.0,22.71,0.91164243,427.0,20.16,0.69085646,526.0,20.11,0.8426314,482.25,20.7825,6.20455776256869,-0.016032407531048953,-0.023953241022493188,0.14543456698689372,-0.06264278597267214,19,24.89,26.54,24.36,24.31,9.0,6.0,1.5,1.5,77.57,79.14,78.14,80.29,405.0,393.0,315.0,320.0
2026-05-17,202620,405.0,405,405.0,405,0.0023148316,6.1124244,0,1,330455720262020719,2026-09-23,Rio de Janeiro,0.8272167,6625849,0,0,1,101,,,,,683938,20.66,22.57,25.27,33.2,87.57,494.0,19.49,1.0182285,502.0,20.77,1.0234745,506.0,22.71,0.91164243,427.0,20.16,0.69085646,476.75,20.9075,6.0063531596017325,-0.19820460296695774,-0.2142370104980067,-0.22215784398945093,-0.05277003598006402,20,22.44,24.89,26.54,24.36,9.9,9.0,6.0,1.5,82.14,77.57,79.14,78.14,393.0,315.0,320.0,342.0
2026-05-24,202621,393.0,393,393.0,393,0.005740689,5.9313154,0,1,330455720262120719,2026-09-23,Rio de Janeiro,0.84145755,6625849,0,0,1,93,,,,,683938,20.01,22.44,26.09,6.5,84.0,405.0,20.66,0.8272167,494.0,19.49,1.0182285,502.0,20.77,1.0234745,506.0,22.71,0.91164243,448.5,20.232499999999998,5.976350909297934,-0.03000225030379866,-0.2282068532707564,-0.24423926080180536,-0.2521600942932496,21,22.57,22.44,24.89,26.54,33.2,9.9,9.0,6.0,87.57,82.14,77.57,79.14,315.0,320.0,342.0,277.0
2026-05-31,202622,315.0,315,315.0,315,3.569671e-05,4.754108,0,1,330455720262220719,2026-09-23,Rio de Janeiro,0.7453668,6625849,0,0,1,96,,,,,683938,17.61,20.31,24.06,20.5,86.14,393.0,20.01,0.84145755,405.0,20.66,0.8272167,494.0,19.49,1.0182285,502.0,20.77,1.0234745,401.75,19.4425,5.755742213586912,-0.2206086957110216,-0.25061094601482026,-0.448815548981778,-0.46484795651282695,22,22.44,22.57,22.44,24.89,6.5,33.2,9.9,9.0,84.0,87.57,82.14,77.57,320.0,342.0,277.0,309.0
2026-06-07,202623,320.0,320,320.0,320,0.014986391,4.82957,0,1,330455720262320719,2026-09-23,Rio de Janeiro,0.84825504,6625849,0,0,1,89,,,,,683938,16.09,20.57,26.66,12.4,83.57,315.0,17.61,0.7453668,393.0,20.01,0.84145755,405.0,20.66,0.8272167,494.0,19.49,1.0182285,358.25,18.5925,5.771441123130016,0.01569890954310349,-0.2049097861679181,-0.23491203647171677,-0.4331166394386745,23,20.31,22.44,22.57,22.44,20.5,6.5,33.2,9.9,86.14,84.0,87.57,82.14,342.0,277.0,309.0,257.0
2026-06-14,202624,342.0,342,342.0,342,0.5186239,5.1616025,0,1,330455720262420719,2026-09-23,Rio de Janeiro,1.0035787,6625849,0,0,1,77,,,,,683938,16.77,20.3,24.81,24.8,85.29,320.0,16.09,0.84825504,315.0,17.61,0.7453668,393.0,20.01,0.84145755,405.0,20.66,0.8272167,342.5,17.62,5.8377304471659395,0.06628932403592369,0.08198823357902718,-0.13862046213199442,-0.16862271243579308,24,20.57,20.31,22.44,22.57,12.4,20.5,6.5,33.2,83.57,86.14,84.0,87.57,277.0,309.0,257.0,276.0
2026-06-21,202625,277.0,277,277.0,277,0.02583549,4.1805964,0,1,330455720262520719,2026-09-23,Rio de Janeiro,0.8531687,6625849,0,0,1,84,,,,,683938,18.66,21.14,25.03,23.2,88.86,342.0,16.77,1.0035787,320.0,16.09,0.84825504,315.0,17.61,0.7453668,393.0,20.01,0.84145755,313.5,17.2825,5.627621113690637,-0.21010933347530258,-0.1438200094393789,-0.1281210998962754,-0.348729795607297,25,20.3,20.57,20.31,22.44,24.8,12.4,20.5,6.5,85.29,83.57,86.14,84.0,309.0,257.0,276.0,306.0
2026-06-28,202626,309.0,309,309.0,309,0.38385102,4.663553,0,1,330455720262620719,2026-09-23,Rio de Janeiro,0.97666806,6625849,0,0,1,70,,,,,683938,18.67,22.76,29.27,1.8,81.29,277.0,18.66,0.8531687,342.0,16.77,1.0035787,320.0,16.09,0.84825504,315.0,17.61,0.7453668,312.0,17.5475,5.736572297479192,0.10895118378855528,-0.1011581496867473,-0.03486882565082361,-0.01916991610772012,26,21.14,20.3,20.57,20.31,23.2,24.8,12.4,20.5,88.86,85.29,83.57,86.14,257.0,276.0,306.0,220.0
2026-07-05,202627,257.0,257,257.0,257,0.032154746,3.8787482,0,1,330455720262720719,2026-09-23,Rio de Janeiro,0.85486585,6625849,0,0,1,64,,,,,683938,16.87,20.37,25.57,3.6,83.14,309.0,18.67,0.97666806,277.0,18.66,0.8531687,342.0,16.77,1.0035787,320.0,16.09,0.84825504,296.25,17.7425,5.552959584921617,-0.18361271255757483,-0.07466152876901955,-0.28477086224432213,-0.21848153820839844,27,22.76,21.14,20.3,20.57,1.8,23.2,24.8,12.4,81.29,88.86,85.29,83.57,276.0,306.0,220.0,256.0
2026-07-12,202628,276.0,276,276.0,276,0.3166748,4.165504,0,1,330455720262820719,2026-09-23,Rio de Janeiro,0.96062523,6625849,0,0,1,75,,,,,683938,15.07,19.69,25.8,3.2,74.57,257.0,16.87,0.85486585,309.0,18.67,0.97666806,277.0,18.66,0.8531687,342.0,16.77,1.0035787,279.75,17.317500000000003,5.6240175061873385,0.07105792126572119,-0.11255479129185364,-0.003603607503298356,-0.21371294097860094,28,20.37,22.76,21.14,20.3,3.6,1.8,23.2,24.8,83.14,81.29,88.86,85.29,306.0,220.0,256.0,238.0
2026-07-19,202629,306.0,306,306.0,306,0.8843862,4.618276,0,1,330455720262920719,2026-09-23,Rio de Janeiro,1.1042277,6625849,0,0,1,69,,,,,683938,17.83,22.26,28.43,10.9,76.14,276.0,15.07,0.96062523,257.0,16.87,0.85486585,309.0,18.67,0.97666806,277.0,18.66,0.8531687,287.0,17.11,5.726847747587197,0.1028302413998583,0.1738881626655795,-0.009724549891995338,0.09922663389655995,29,19.69,20.37,22.76,21.14,3.2,3.6,1.8,23.2,74.57,83.14,81.29,88.86,220.0,256.0,238.0,234.0
2026-07-26,202630,220.0,220,220.0,220,0.005758201,3.3203292,0,1,330455720263020719,2026-09-23,Rio de Janeiro,0.7966031,6625849,0,0,1,61,,,,,683938,17.3,22.0,28.43,0.1,78.14,306.0,17.83,1.1042277,276.0,15.07,0.96062523,257.0,16.87,0.85486585,309.0,18.67,0.97666806,264.75,16.7675,5.3981627015177525,-0.3286850460694444,-0.22585480466958607,-0.15479688340386488,-0.3384095959614397,30,22.26,19.69,20.37,22.76,10.9,3.2,3.6,1.8,76.14,74.57,83.14,81.29,256.0,238.0,234.0,215.0
2026-08-02,202631,256.0,256,256.0,256,0.25382885,3.8636558,0,1,330455720263120719,2026-09-23,Rio de Janeiro,0.94395906,6625849,0,0,1,85,,,,,683938,18.4,23.8,31.3,2.0,72.0,220.0,17.3,0.7966031,306.0,17.83,1.1042277,276.0,15.07,0.96062523,257.0,16.87,0.85486585,264.5,17.15,5.54907608489522,0.15091338337746762,-0.17777166269197675,-0.07494142129211845,-0.0038835000263972574,31,22.0,22.26,19.69,20.37,0.1,10.9,3.2,3.6,78.14,76.14,74.57,83.14,238.0,234.0,215.0,198.0
2026-08-09,202632,238.0,238,238.0,238,0.25346112,3.5919926,0,1,330455720263220719,2026-09-23,Rio de Janeiro,0.9418769,6625849,0,0,1,70,,,,,683938,19.73,22.17,25.23,20.6,86.29,256.0,18.4,0.94395906,220.0,17.3,0.7966031,306.0,17.83,1.1042277,276.0,15.07,0.96062523,255.0,18.315,5.476463551931511,-0.07261253296370906,0.07830085041375856,-0.2503841956556858,-0.1475539542558275,32,23.8,22.0,22.26,19.69,2.0,0.1,10.9,3.2,72.0,78.14,76.14,74.57,234.0,215.0,198.0,135.0
2026-08-16,202633,234.0,234,234.0,234,0.3339553,3.531623,0,1,330455720263320719,2026-09-23,Rio de Janeiro,0.96151876,6625849,0,0,1,65,,,,,683938,18.46,22.91,29.73,5.4,77.43,238.0,19.73,0.9418769,256.0,18.4,0.94395906,220.0,17.3,0.7966031,306.0,17.83,1.1042277,237.0,18.4725,5.459585514144159,-0.016878037787352085,-0.08949057075106115,0.061422812626406476,-0.2672622334430379,33,22.17,23.8,22.0,22.26,20.6,2.0,0.1,10.9,86.29,72.0,78.14,76.14,215.0,198.0,135.0,96.0
2026-08-23,202634,215.0,215,215.0,215,0.13568808,3.244867,0,1,330455720263420719,2026-09-23,Rio de Janeiro,0.90187037,6625849,0,0,1,73,,,,,683938,19.23,22.04,25.91,20.8,85.86,234.0,18.46,0.96151876,238.0,19.73,0.9418769,256.0,18.4,0.94395906,220.0,17.3,0.7966031,235.75,18.955,5.375278407684165,-0.08430710645999362,-0.1011851442473457,-0.17379767721105477,-0.022884293833587144,34,22.91,22.17,23.8,22.0,5.4,20.6,2.0,0.1,77.43,86.29,72.0,78.14,198.0,135.0,96.0,
2026-08-30,202635,198.0,198,198.0,198,0.06961867,2.9882963,0,1,330455720263520719,2026-09-23,Rio de Janeiro,0.86654544,6625849,0,0,1,82,,,,,683938,20.16,23.9,29.04,22.7,79.86,215.0,19.23,0.90187037,234.0,18.46,0.96151876,238.0,19.73,0.9418769,256.0,18.4,0.94395906,221.25,19.395,5.293304824724492,-0.08197358295967305,-0.16628068941966667,-0.18315872720701876,-0.2557712601707278,35,22.04,22.91,22.17,23.8,20.8,5.4,20.6,2.0,85.86,77.43,86.29,72.0,135.0,96.0,,
2026-09-06,202636,135.0,135,135.0,135,1.7599381e-05,2.0374746,0,1,330455720263620719,2026-09-23,Rio de Janeiro,0.63797504,6625849,0,0,0,80,,,,,683938,19.2,21.41,24.07,97.7,88.86,198.0,20.16,0.86654544,215.0,19.23,0.90187037,234.0,18.46,0.96151876,238.0,19.73,0.9418769,195.5,19.2625,4.912654885736052,-0.3806499389884399,-0.46262352194811296,-0.5469306284081066,-0.5638086661954587,36,23.9,22.04,22.91,22.17,22.7,20.8,5.4,20.6,79.86,85.86,77.43,86.29,96.0,,,
2026-09-13,202637,96.0,96,96.0,96,8.069401e-08,1.4488709,0,1,330455720263720719,2026-09-23,Rio de Janeiro,0.5257776,6625849,0,0,0,72,,,,,683938,18.73,20.71,23.2,38.3,87.86,135.0,19.2,0.63797504,198.0,20.16,0.86654544,215.0,19.23,0.90187037,234.0,18.46,0.96151876,161.0,19.330000000000002,4.574710978503383,-0.33794390723266954,-0.7185938462211094,-0.8005674291807825,-0.8848745356407761,37,21.41,23.9,22.04,22.91,97.7,22.7,20.8,5.4,88.86,79.86,85.86,77.43,,,,
