data_iniSE,SE,casos_est,casos_est_min,casos_est_max,casos,p_rt1,p_inc100k,Localidade_id,nivel,id,versao_modelo,municipio_nome,rt,pop,receptivo,transmissao,nivel_inc,casprov,casprov_est,casprov_est_min,casprov_est_max,casconf,notif_accum_year,tmin,tmed,tmax,precipitacao,umidade,casos_est_lag_1,tmin_lag_1,rt_lag_1,casos_est_lag_2,tmin_lag_2,rt_lag_2,casos_est_lag_3,tmin_lag_3,rt_lag_3,casos_est_lag_4,tmin_lag_4,rt_lag_4,casos_est_roll_4,tmin_roll_4,log_casos,var_log_1,var_log_2,var_log_3,var_log_4,semana_ano,target_h1,target_h2,target_h3,target_h4
2010-01-03,201001,0.0,0,0,0,0.0,0.0,0,1,431680820100119590,2023-08-21,Santa Cruz do Sul,0.0,131365,0,0,0,0,,,,,25621,21.26,24.8,28.93,74.9,83.57,,,,,,,,,,,,,,,0.0,,,,,53,0.0,0.0,0.0,0.0
2010-01-10,201002,0.0,0,0,0,0.0,0.0,0,1,431680820100219590,2023-08-21,Santa Cruz do Sul,0.0,131365,0,0,0,0,,,,,25621,19.26,23.71,28.17,58.8,82.71,0.0,21.26,0.0,,,,,,,,,,,,0.0,0.0,,,,1,0.0,0.0,0.0,0.0
2010-01-17,201003,0.0,0,0,0,0.0,0.0,0,1,431680820100319590,2023-08-21,Santa Cruz do Sul,0.0,131365,0,0,0,0,,,,,25621,19.86,24.01,28.61,38.7,82.57,0.0,19.26,0.0,0.0,21.26,0.0,,,,,,,,,0.0,0.0,0.0,,,2,0.0,0.0,0.0,0.0
2010-01-24,201004,0.0,0,0,0,0.0,0.0,0,1,431680820100419590,2023-08-21,Santa Cruz do Sul,0.0,131365,0,0,0,0,,,,,25621,20.94,25.37,30.61,12.5,82.71,0.0,19.86,0.0,0.0,19.26,0.0,0.0,21.26,0.0,,,,0.0,20.330000000000002,0.0,0.0,0.0,0.0,,3,0.0,0.0,0.0,0.0
2010-01-31,201005,0.0,0,0,0,0.0,0.0,0,1,431680820100519590,2023-08-21,Santa Cruz do Sul,0.0,131365,0,0,0,0,,,,,25621,24.9,29.36,35.31,8.0,76.29,0.0,20.94,0.0,0.0,19.86,0.0,0.0,19.26,0.0,0.0,21.26,0.0,0.0,21.24,0.0,0.0,0.0,0.0,0.0,4,0.0,0.0,0.0,0.0
2010-02-07,201006,0.0,0,0,0,0.5,0.0,0,1,431680820100619590,2023-08-21,Santa Cruz do Sul,0.0,131365,0,0,0,0,,,,,25621,22.2,26.8,32.6,44.3,82.0,0.0,24.9,0.0,0.0,20.94,0.0,0.0,19.86,0.0,0.0,19.26,0.0,0.0,21.974999999999998,0.0,0.0,0.0,0.0,0.0,5,0.0,0.0,0.0,0.0
2010-02-14,201007,0.0,0,0,0,0.5,0.0,0,1,431680820100719590,2023-08-21,Santa Cruz do Sul,0.0,131365,0,0,0,0,,,,,25621,20.66,24.33,28.74,107.0,85.71,0.0,22.2,0.0,0.0,24.9,0.0,0.0,20.94,0.0,0.0,19.86,0.0,0.0,22.174999999999997,0.0,0.0,0.0,0.0,0.0,6,0.0,0.0,0.0,0.0
2010-02-21,201008,0.0,0,0,0,0.5,0.0,0,1,431680820100819590,2023-08-21,Santa Cruz do Sul,0.0,131365,0,0,0,0,,,,,25621,18.84,23.3,28.54,43.6,81.0,0.0,20.66,0.0,0.0,22.2,0.0,0.0,24.9,0.0,0.0,20.94,0.0,0.0,21.65,0.0,0.0,0.0,0.0,0.0,7,0.0,0.0,0.0,0.0
2010-02-28,201009,0.0,0,0,0,0.5,0.0,0,1,431680820100919590,2023-08-21,Santa Cruz do Sul,0.0,131365,0,0,0,0,,,,,25621,18.56,24.0,29.91,2.7,79.71,0.0,18.84,0.0,0.0,20.66,0.0,0.0,22.2,0.0,0.0,24.9,0.0,0.0,20.065,0.0,0.0,0.0,0.0,0.0,8,0.0,0.0,0.0,0.0
2010-03-07,201010,0.0,0,0,0,0.5,0.0,0,1,431680820101019590,2023-08-21,Santa Cruz do Sul,0.0,131365,0,0,0,0,,,,,25621,20.11,23.74,28.39,6.1,80.86,0.0,18.56,0.0,0.0,18.84,0.0,0.0,20.66,0.0,0.0,22.2,0.0,0.0,19.5425,0.0,0.0,0.0,0.0,0.0,9,0.0,0.0,0.0,0.0
2010-03-14,201011,0.0,0,0,0,0.5,0.0,0,1,431680820101119590,2023-08-21,Santa Cruz do Sul,0.0,131365,0,0,0,0,,,,,25621,17.41,23.49,29.79,10.0,75.29,0.0,20.11,0.0,0.0,18.56,0.0,0.0,18.84,0.0,0.0,20.66,0.0,0.0,18.73,0.0,0.0,0.0,0.0,0.0,10,0.0,0.0,0.0,0.0
2010-03-21,201012,0.0,0,0,0,0.5,0.0,0,1,431680820101219590,2023-08-21,Santa Cruz do Sul,0.0,131365,0,0,0,0,,,,,25621,20.51,22.84,26.3,88.2,87.71,0.0,17.41,0.0,0.0,20.11,0.0,0.0,18.56,0.0,0.0,18.84,0.0,0.0,19.1475,0.0,0.0,0.0,0.0,0.0,11,0.0,0.0,0.0,0.0
2010-03-28,201013,0.0,0,0,0,0.5,0.0,0,1,431680820101319590,2023-08-21,Santa Cruz do Sul,0.0,131365,0,0,0,0,,,,,25621,19.13,23.19,29.14,29.8,85.71,0.0,20.51,0.0,0.0,17.41,0.0,0.0,20.11,0.0,0.0,18.56,0.0,0.0,19.29,0.0,0.0,0.0,0.0,0.0,12,0.0,0.0,0.0,0.0
2010-04-04,201014,0.0,0,0,0,0.5,0.0,0,1,431680820101419590,2023-08-21,Santa Cruz do Sul,0.0,131365,0,0,0,0,,,,,25621,13.23,17.7,22.83,1.0,79.57,0.0,19.13,0.0,0.0,20.51,0.0,0.0,17.41,0.0,0.0,20.11,0.0,0.0,17.57,0.0,0.0,0.0,0.0,0.0,13,0.0,0.0,0.0,0.0
2010-04-11,201015,0.0,0,0,0,0.5,0.0,0,1,431680820101519590,2023-08-21,Santa Cruz do Sul,0.0,131365,0,0,0,0,,,,,25621,14.41,20.41,26.97,2.5,75.71,0.0,13.23,0.0,0.0,19.13,0.0,0.0,20.51,0.0,0.0,17.41,0.0,0.0,16.82,0.0,0.0,0.0,0.0,0.0,14,0.0,0.0,0.0,1.0
2010-04-18,201016,0.0,0,0,0,0.5,0.0,0,1,431680820101619590,2023-08-21,Santa Cruz do Sul,0.0,131365,0,0,0,0,,,,,25621,17.03,20.37,24.19,84.6,85.57,0.0,14.41,0.0,0.0,13.23,0.0,0.0,19.13,0.0,0.0,20.51,0.0,0.0,15.95,0.0,0.0,0.0,0.0,0.0,15,0.0,0.0,1.0,0.0
2010-04-25,201017,0.0,0,0,0,0.5,0.0,0,1,431680820101719590,2023-08-21,Santa Cruz do Sul,0.0,131365,0,0,0,0,,,,,25621,11.43,16.14,21.86,13.8,86.57,0.0,17.03,0.0,0.0,14.41,0.0,0.0,13.23,0.0,0.0,19.13,0.0,0.0,14.025,0.0,0.0,0.0,0.0,0.0,16,0.0,1.0,0.0,0.0
2010-05-02,201018,0.0,0,0,0,0.5,0.0,0,1,431680820101819590,2023-08-21,Santa Cruz do Sul,0.0,131365,0,0,0,0,,,,,25621,13.04,17.13,22.03,11.4,83.57,0.0,11.43,0.0,0.0,17.03,0.0,0.0,14.41,0.0,0.0,13.23,0.0,0.0,13.977500000000001,0.0,0.0,0.0,0.0,0.0,17,1.0,0.0,0.0,0.0
2010-05-09,201019,1.0,1,1,1,0.9632679,0.7612378,0,1,431680820101919590,2023-08-21,Santa Cruz do Sul,18.521618,131365,0,0,0,0,,,,,25621,12.11,15.64,20.36,55.2,88.86,0.0,13.04,0.0,0.0,11.43,0.0,0.0,17.03,0.0,0.0,14.41,0.0,0.25,13.4025,0.6931471805599453,0.6931471805599453,0.6931471805599453,0.6931471805599453,0.6931471805599453,18,0.0,0.0,0.0,0.0
2010-05-16,201020,0.0,0,0,0,0.0,0.0,0,1,431680820102019590,2023-08-21,Santa Cruz do Sul,0.0,131365,0,0,0,0,,,,,25621,14.09,16.39,19.3,55.0,88.57,1.0,12.11,18.521618,0.0,13.04,0.0,0.0,11.43,0.0,0.0,17.03,0.0,0.25,12.6675,0.0,-0.6931471805599453,0.0,0.0,0.0,19,0.0,0.0,0.0,0.0
2010-05-23,201021,0.0,0,0,0,0.0,0.0,0,1,431680820102119590,2023-08-21,Santa Cruz do Sul,0.0,131365,0,0,0,0,,,,,25621,13.97,17.06,20.6,24.7,90.71,0.0,14.09,0.0,1.0,12.11,18.521618,0.0,13.04,0.0,0.0,11.43,0.0,0.25,13.3025,0.0,0.0,-0.6931471805599453,0.0,0.0,20,0.0,0.0,0.0,0.0
2010-05-30,201022,0.0,0,0,0,0.0,0.0,0,1,431680820102219590,2023-08-21,Santa Cruz do Sul,0.0,131365,0,0,0,0,,,,,25621,10.76,14.07,18.07,41.0,87.14,0.0,13.97,0.0,0.0,14.09,0.0,1.0,12.11,18.521618,0.0,13.04,0.0,0.25,12.7325,0.0,0.0,0.0,-0.6931471805599453,0.0,21,0.0,0.0,0.0,1.0
2010-06-06,201023,0.0,0,0,0,0.0,0.0,0,1,431680820102319590,2023-08-21,Santa Cruz do Sul,0.0,131365,0,0,0,0,,,,,25621,7.46,12.13,17.73,0.1,82.29,0.0,10.76,0.0,0.0,13.97,0.0,0.0,14.09,0.0,1.0,12.11,18.521618,0.0,11.57,0.0,0.0,0.0,0.0,-0.6931471805599453,22,0.0,0.0,1.0,0.0
2010-06-13,201024,0.0,0,0,0,0.0,0.0,0,1,431680820102419590,2023-08-21,Santa Cruz do Sul,0.0,131365,0,0,0,0,,,,,25621,13.84,16.91,20.43,98.6,87.71,0.0,7.46,0.0,0.0,10.76,0.0,0.0,13.97,0.0,0.0,14.09,0.0,0.0,11.5075,0.0,0.0,0.0,0.0,0.0,23,0.0,1.0,0.0,0.0
2010-06-20,201025,0.0,0,0,0,0.0,0.0,0,1,431680820102519590,2023-08-21,Santa Cruz do Sul,0.0,131365,0,0,0,0,,,,,25621,8.59,13.17,18.7,30.2,83.43,0.0,13.84,0.0,0.0,7.46,0.0,0.0,10.76,0.0,0.0,13.97,0.0,0.0,10.1625,0.0,0.0,0.0,0.0,0.0,24,1.0,0.0,0.0,0.0
2010-06-27,201026,1.0,1,1,1,0.9632669,0.7612378,0,1,431680820102619590,2023-08-21,Santa Cruz do Sul,18.521107,131365,0,0,0,0,,,,,25621,13.77,17.59,23.19,4.0,87.29,0.0,8.59,0.0,0.0,13.84,0.0,0.0,7.46,0.0,0.0,10.76,0.0,0.25,10.915,0.6931471805599453,0.6931471805599453,0.6931471805599453,0.6931471805599453,0.6931471805599453,25,0.0,0.0,0.0,0.0
2010-07-04,201027,0.0,0,0,0,0.0,0.0,0,1,431680820102719590,2023-08-21,Santa Cruz do Sul,0.0,131365,0,0,0,0,,,,,25621,12.74,17.16,23.0,24.7,78.71,1.0,13.77,18.521107,0.0,8.59,0.0,0.0,13.84,0.0,0.0,7.46,0.0,0.25,12.235,0.0,-0.6931471805599453,0.0,0.0,0.0,26,0.0,0.0,0.0,0.0
2010-07-11,201028,0.0,0,0,0,0.0,0.0,0,1,431680820102819590,2023-08-21,Santa Cruz do Sul,0.0,131365,0,0,0,0,,,,,25621,4.94,9.6,14.71,70.9,83.0,0.0,12.74,0.0,1.0,13.77,18.521107,0.0,8.59,0.0,0.0,13.84,0.0,0.25,10.01,0.0,0.0,-0.6931471805599453,0.0,0.0,27,0.0,0.0,0.0,0.0
2010-07-18,201029,0.0,0,0,0,0.0,0.0,0,1,431680820102919590,2023-08-21,Santa Cruz do Sul,0.0,131365,0,0,0,0,,,,,25621,8.31,11.61,15.64,97.6,88.71,0.0,4.94,0.0,0.0,12.74,0.0,1.0,13.77,18.521107,0.0,8.59,0.0,0.25,9.940000000000001,0.0,0.0,0.0,-0.6931471805599453,0.0,28,0.0,0.0,0.0,0.0
2010-07-25,201030,0.0,0,0,0,0.0,0.0,0,1,431680820103019590,2023-08-21,Santa Cruz do Sul,0.0,131365,0,0,0,0,,,,,25621,9.19,14.94,21.44,14.1,80.71,0.0,8.31,0.0,0.0,4.94,0.0,0.0,12.74,0.0,1.0,13.77,18.521107,0.0,8.795,0.0,0.0,0.0,0.0,-0.6931471805599453,29,0.0,0.0,0.0,0.0
2010-08-01,201031,0.0,0,0,0,0.0,0.0,0,1,431680820103119590,2023-08-21,Santa Cruz do Sul,0.0,131365,0,0,0,0,,,,,25621,4.16,8.47,13.27,1.3,81.29,0.0,9.19,0.0,0.0,8.31,0.0,0.0,4.94,0.0,0.0,12.74,0.0,0.0,6.65,0.0,0.0,0.0,0.0,0.0,30,0.0,0.0,0.0,0.0
2010-08-08,201032,0.0,0,0,0,0.0,0.0,0,1,431680820103219590,2023-08-21,Santa Cruz do Sul,0.0,131365,0,0,0,0,,,,,25621,8.14,12.13,16.97,10.2,81.14,0.0,4.16,0.0,0.0,9.19,0.0,0.0,8.31,0.0,0.0,4.94,0.0,0.0,7.450000000000001,0.0,0.0,0.0,0.0,0.0,31,0.0,0.0,0.0,0.0
2010-08-15,201033,0.0,0,0,0,0.0,0.0,0,1,431680820103319590,2023-08-21,Santa Cruz do Sul,0.0,131365,0,0,0,0,,,,,25621,8.69,14.03,20.94,0.0,80.71,0.0,8.14,0.0,0.0,4.16,0.0,0.0,9.19,0.0,0.0,8.31,0.0,0.0,7.545,0.0,0.0,0.0,0.0,0.0,32,0.0,0.0,0.0,0.0
2010-08-22,201034,0.0,0,0,0,0.0,0.0,0,1,431680820103419590,2023-08-21,Santa Cruz do Sul,0.0,131365,0,0,0,0,,,,,25621,15.37,19.69,24.66,34.6,80.14,0.0,8.69,0.0,0.0,8.14,0.0,0.0,4.16,0.0,0.0,9.19,0.0,0.0,9.09,0.0,0.0,0.0,0.0,0.0,33,0.0,0.0,0.0,0.0
2010-08-29,201035,0.0,0,0,0,0.0,0.0,0,1,431680820103519590,2023-08-21,Santa Cruz do Sul,0.0,131365,0,0,0,0,,,,,25621,15.59,18.11,21.11,120.7,87.43,0.0,15.37,0.0,0.0,8.69,0.0,0.0,8.14,0.0,0.0,4.16,0.0,0.0,11.9475,0.0,0.0,0.0,0.0,0.0,34,0.0,0.0,0.0,0.0
2010-09-05,201036,0.0,0,0,0,0.0,0.0,0,1,431680820103619590,2023-08-21,Santa Cruz do Sul,0.0,131365,0,0,0,0,,,,,25621,11.01,15.94,21.79,12.4,81.43,0.0,15.59,0.0,0.0,15.37,0.0,0.0,8.69,0.0,0.0,8.14,0.0,0.0,12.665,0.0,0.0,0.0,0.0,0.0,35,0.0,0.0,0.0,0.0
2010-09-12,201037,0.0,0,0,0,0.0,0.0,0,1,431680820103719590,2023-08-21,Santa Cruz do Sul,0.0,131365,0,0,0,0,,,,,25621,11.09,15.4,19.86,35.7,81.43,0.0,11.01,0.0,0.0,15.59,0.0,0.0,15.37,0.0,0.0,8.69,0.0,0.0,13.265,0.0,0.0,0.0,0.0,0.0,36,0.0,0.0,0.0,1.0
2010-09-19,201038,0.0,0,0,0,0.0,0.0,0,1,431680820103819590,2023-08-21,Santa Cruz do Sul,0.0,131365,0,0,0,0,,,,,25621,13.53,17.41,21.63,38.2,84.71,0.0,11.09,0.0,0.0,11.01,0.0,0.0,15.59,0.0,0.0,15.37,0.0,0.0,12.805,0.0,0.0,0.0,0.0,0.0,37,0.0,0.0,1.0,0.0
2010-09-26,201039,0.0,0,0,0,0.0,0.0,0,1,431680820103919590,2023-08-21,Santa Cruz do Sul,0.0,131365,0,0,0,0,,,,,25621,12.94,17.41,22.43,2.5,79.14,0.0,13.53,0.0,0.0,11.09,0.0,0.0,11.01,0.0,0.0,15.59,0.0,0.0,12.142499999999998,0.0,0.0,0.0,0.0,0.0,38,0.0,1.0,0.0,0.0
2010-10-03,201040,0.0,0,0,0,0.0,0.0,0,1,431680820104019590,2023-08-21,Santa Cruz do Sul,0.0,131365,0,0,0,0,,,,,25621,11.97,16.83,21.96,39.5,82.43,0.0,12.94,0.0,0.0,13.53,0.0,0.0,11.09,0.0,0.0,11.01,0.0,0.0,12.3825,0.0,0.0,0.0,0.0,0.0,39,1.0,0.0,0.0,0.0
2010-10-10,201041,1.0,1,1,1,0.9632679,0.7612378,0,1,431680820104119590,2023-08-21,Santa Cruz do Sul,18.521618,131365,0,0,0,0,,,,,25621,12.26,17.76,22.87,15.3,79.86,0.0,11.97,0.0,0.0,12.94,0.0,0.0,13.53,0.0,0.0,11.09,0.0,0.25,12.674999999999999,0.6931471805599453,0.6931471805599453,0.6931471805599453,0.6931471805599453,0.6931471805599453,40,0.0,0.0,0.0,0.0
2010-10-17,201042,0.0,0,0,0,0.0,0.0,0,1,431680820104219590,2023-08-21,Santa Cruz do Sul,0.0,131365,0,0,0,0,,,,,25621,12.19,18.54,24.51,17.1,80.14,1.0,12.26,18.521618,0.0,11.97,0.0,0.0,12.94,0.0,0.0,13.53,0.0,0.25,12.34,0.0,-0.6931471805599453,0.0,0.0,0.0,41,0.0,0.0,0.0,0.0
2010-10-24,201043,0.0,0,0,0,0.0,0.0,0,1,431680820104319590,2023-08-21,Santa Cruz do Sul,0.0,131365,0,0,0,0,,,,,25621,13.5,18.79,24.26,21.6,75.57,0.0,12.19,0.0,1.0,12.26,18.521618,0.0,11.97,0.0,0.0,12.94,0.0,0.25,12.48,0.0,0.0,-0.6931471805599453,0.0,0.0,42,0.0,0.0,0.0,0.0
2010-10-31,201044,0.0,0,0,0,0.0,0.0,0,1,431680820104419590,2023-08-21,Santa Cruz do Sul,0.0,131365,0,0,0,0,,,,,25621,13.47,20.7,27.2,0.5,64.29,0.0,13.5,0.0,0.0,12.19,0.0,1.0,12.26,18.521618,0.0,11.97,0.0,0.25,12.855,0.0,0.0,0.0,-0.6931471805599453,0.0,43,0.0,0.0,0.0,0.0
2010-11-07,201045,0.0,0,0,0,0.0,0.0,0,1,431680820104519590,2023-08-21,Santa Cruz do Sul,0.0,131365,0,0,0,0,,,,,25621,12.37,19.94,27.74,6.0,66.43,0.0,13.47,0.0,0.0,13.5,0.0,0.0,12.19,0.0,1.0,12.26,18.521618,0.0,12.8825,0.0,0.0,0.0,0.0,-0.6931471805599453,44,0.0,0.0,0.0,0.0
2010-11-14,201046,0.0,0,0,0,0.0,0.0,0,1,431680820104619590,2023-08-21,Santa Cruz do Sul,0.0,131365,0,0,0,0,,,,,25621,16.31,22.37,28.84,2.5,65.43,0.0,12.37,0.0,0.0,13.47,0.0,0.0,13.5,0.0,0.0,12.19,0.0,0.0,13.9125,0.0,0.0,0.0,0.0,0.0,45,0.0,0.0,0.0,0.0
2010-11-21,201047,0.0,0,0,0,0.0,0.0,0,1,431680820104719590,2023-08-21,Santa Cruz do Sul,0.0,131365,0,0,0,0,,,,,25621,18.27,21.97,26.84,47.7,81.14,0.0,16.31,0.0,0.0,12.37,0.0,0.0,13.47,0.0,0.0,13.5,0.0,0.0,15.105,0.0,0.0,0.0,0.0,0.0,46,0.0,0.0,0.0,0.0
2010-11-28,201048,0.0,0,0,0,0.0,0.0,0,1,431680820104819590,2023-08-21,Santa Cruz do Sul,0.0,131365,0,0,0,0,,,,,25621,17.36,22.24,28.04,42.8,79.0,0.0,18.27,0.0,0.0,16.31,0.0,0.0,12.37,0.0,0.0,13.47,0.0,0.0,16.0775,0.0,0.0,0.0,0.0,0.0,47,0.0,0.0,0.0,1.0
2010-12-05,201049,0.0,0,0,0,0.0,0.0,0,1,431680820104919590,2023-08-21,Santa Cruz do Sul,0.0,131365,0,0,0,0,,,,,25621,18.59,24.07,29.94,14.1,74.29,0.0,17.36,0.0,0.0,18.27,0.0,0.0,16.31,0.0,0.0,12.37,0.0,0.0,17.6325,0.0,0.0,0.0,0.0,0.0,48,0.0,0.0,1.0,0.0
2010-12-12,201050,0.0,0,0,0,0.0,0.0,0,1,431680820105019590,2023-08-21,Santa Cruz do Sul,0.0,131365,0,0,0,0,,,,,25621,15.34,21.8,27.87,60.2,74.71,0.0,18.59,0.0,0.0,17.36,0.0,0.0,18.27,0.0,0.0,16.31,0.0,0.0,17.39,0.0,0.0,0.0,0.0,0.0,49,0.0,1.0,0.0,1.0
2010-12-19,201051,0.0,0,0,0,0.0,0.0,0,1,431680820105119590,2023-08-21,Santa Cruz do Sul,0.0,131365,0,0,0,0,,,,,25621,22.07,25.94,31.24,40.5,79.86,0.0,15.34,0.0,0.0,18.59,0.0,0.0,17.36,0.0,0.0,18.27,0.0,0.0,18.34,0.0,0.0,0.0,0.0,0.0,50,1.0,0.0,1.0,0.0
2010-12-26,201052,1.0,1,1,1,0.9632679,0.7612378,0,1,431680820105219590,2023-08-21,Santa Cruz do Sul,18.521618,131365,1,0,0,0,,,,,25621,18.59,24.3,30.44,0.2,71.29,0.0,22.07,0.0,0.0,15.34,0.0,0.0,18.59,0.0,0.0,17.36,0.0,0.25,18.6475,0.6931471805599453,0.6931471805599453,0.6931471805599453,0.6931471805599453,0.6931471805599453,51,0.0,1.0,0.0,0.0
2011-01-02,201101,0.0,0,0,0,0.0,0.0,0,1,431680820110119590,2023-08-21,Santa Cruz do Sul,0.0,131365,0,0,0,0,,,,,25621,22.09,26.47,32.31,14.9,78.71,1.0,18.59,18.521618,0.0,22.07,0.0,0.0,15.34,0.0,0.0,18.59,0.0,0.25,19.5225,0.0,-0.6931471805599453,0.0,0.0,0.0,52,1.0,0.0,0.0,0.0
2011-01-09,201102,1.0,1,1,1,0.730556,0.7612378,0,1,431680820110219590,2023-08-21,Santa Cruz do Sul,2.207831,131365,1,0,0,0,,,,,25621,21.73,25.93,32.1,36.9,78.86,0.0,22.09,0.0,1.0,18.59,18.521618,0.0,22.07,0.0,0.0,15.34,0.0,0.5,21.119999999999997,0.6931471805599453,0.6931471805599453,0.0,0.6931471805599453,0.6931471805599453,1,0.0,0.0,0.0,1.0
2011-01-16,201103,0.0,0,0,0,0.0,0.0,0,1,431680820110319590,2023-08-21,Santa Cruz do Sul,0.0,131365,0,0,0,0,,,,,25621,22.2,26.07,31.87,41.4,80.71,1.0,21.73,2.207831,0.0,22.09,0.0,1.0,18.59,18.521618,0.0,22.07,0.0,0.5,21.1525,0.0,-0.6931471805599453,0.0,-0.6931471805599453,0.0,2,0.0,0.0,1.0,0.0
2011-01-23,201104,0.0,0,0,0,0.0,0.0,0,1,431680820110419590,2023-08-21,Santa Cruz do Sul,0.0,131365,0,0,0,0,,,,,25621,22.97,27.26,33.11,63.6,81.29,0.0,22.2,0.0,1.0,21.73,2.207831,0.0,22.09,0.0,1.0,18.59,18.521618,0.25,22.2475,0.0,0.0,-0.6931471805599453,0.0,-0.6931471805599453,3,0.0,1.0,0.0,0.0
2011-01-30,201105,0.0,0,0,0,0.0,0.0,0,1,431680820110519590,2023-08-21,Santa Cruz do Sul,0.0,131365,0,0,0,0,,,,,25621,20.87,26.09,31.76,48.7,79.43,0.0,22.97,0.0,0.0,22.2,0.0,1.0,21.73,2.207831,0.0,22.09,0.0,0.25,21.9425,0.0,0.0,0.0,-0.6931471805599453,0.0,4,1.0,0.0,0.0,0.0
2011-02-06,201106,1.0,1,1,1,0.92779905,0.7612378,0,1,431680820110619590,2023-08-21,Santa Cruz do Sul,9.249345,131365,1,0,0,0,,,,,25621,22.57,24.96,28.44,107.9,86.71,0.0,20.87,0.0,0.0,22.97,0.0,0.0,22.2,0.0,1.0,21.73,2.207831,0.25,22.152499999999996,0.6931471805599453,0.6931471805599453,0.6931471805599453,0.6931471805599453,0.0,5,0.0,0.0,0.0,0.0
2011-02-13,201107,0.0,0,0,0,0.0,0.0,0,1,431680820110719590,2023-08-21,Santa Cruz do Sul,0.0,131365,0,0,0,0,,,,,25621,19.79,24.41,29.71,2.5,80.0,1.0,22.57,9.249345,0.0,20.87,0.0,0.0,22.97,0.0,0.0,22.2,0.0,0.25,21.55,0.0,-0.6931471805599453,0.0,0.0,0.0,6,0.0,0.0,0.0,0.0
2011-02-20,201108,0.0,0,0,0,0.0,0.0,0,1,431680820110819590,2023-08-21,Santa Cruz do Sul,0.0,131365,0,0,0,0,,,,,25621,22.39,24.91,28.83,73.0,89.43,0.0,19.79,0.0,1.0,22.57,9.249345,0.0,20.87,0.0,0.0,22.97,0.0,0.25,21.405,0.0,0.0,-0.6931471805599453,0.0,0.0,7,0.0,0.0,0.0,0.0
2011-02-27,201109,0.0,0,0,0,0.0,0.0,0,1,431680820110919590,2023-08-21,Santa Cruz do Sul,0.0,131365,0,0,0,0,,,,,25621,17.57,22.44,27.7,1.9,79.86,0.0,22.39,0.0,0.0,19.79,0.0,1.0,22.57,9.249345,0.0,20.87,0.0,0.25,20.58,0.0,0.0,0.0,-0.6931471805599453,0.0,8,0.0,0.0,0.0,0.0
2011-03-06,201110,0.0,0,0,0,0.0,0.0,0,1,431680820111019590,2023-08-21,Santa Cruz do Sul,0.0,131365,0,0,0,0,,,,,25621,19.3,23.97,29.49,34.4,84.14,0.0,17.57,0.0,0.0,22.39,0.0,0.0,19.79,0.0,1.0,22.57,9.249345,0.0,19.7625,0.0,0.0,0.0,0.0,-0.6931471805599453,9,0.0,0.0,0.0,1.0
2011-03-13,201111,0.0,0,0,0,0.0,0.0,0,1,431680820111119590,2023-08-21,Santa Cruz do Sul,0.0,131365,0,0,0,0,,,,,25621,17.54,22.03,27.89,6.0,79.14,0.0,19.3,0.0,0.0,17.57,0.0,0.0,22.39,0.0,0.0,19.79,0.0,0.0,19.2,0.0,0.0,0.0,0.0,0.0,10,0.0,0.0,1.0,0.0
2011-03-20,201112,0.0,0,0,0,0.0,0.0,0,1,431680820111219590,2023-08-21,Santa Cruz do Sul,0.0,131365,0,0,0,0,,,,,25621,18.66,23.23,28.24,75.0,83.29,0.0,17.54,0.0,0.0,19.3,0.0,0.0,17.57,0.0,0.0,22.39,0.0,0.0,18.2675,0.0,0.0,0.0,0.0,0.0,11,0.0,1.0,0.0,0.0
2011-03-27,201113,0.0,0,0,0,0.0,0.0,0,1,431680820111319590,2023-08-21,Santa Cruz do Sul,0.0,131365,0,0,0,0,,,,,25621,18.63,21.59,25.29,43.4,86.0,0.0,18.66,0.0,0.0,17.54,0.0,0.0,19.3,0.0,0.0,17.57,0.0,0.0,18.5325,0.0,0.0,0.0,0.0,0.0,12,1.0,0.0,0.0,0.0
2011-04-03,201114,1.0,1,1,1,0.9632679,0.7612378,0,1,431680820111419590,2023-08-21,Santa Cruz do Sul,18.521614,131365,0,0,0,0,,,,,25621,14.8,20.33,26.97,6.3,78.71,0.0,18.63,0.0,0.0,18.66,0.0,0.0,17.54,0.0,0.0,19.3,0.0,0.25,17.4075,0.6931471805599453,0.6931471805599453,0.6931471805599453,0.6931471805599453,0.6931471805599453,13,0.0,0.0,0.0,0.0
2011-04-10,201115,0.0,0,0,0,0.0,0.0,0,1,431680820111519590,2023-08-21,Santa Cruz do Sul,0.0,131365,0,0,0,0,,,,,25621,17.8,21.23,25.41,53.0,87.43,1.0,14.8,18.521614,0.0,18.63,0.0,0.0,18.66,0.0,0.0,17.54,0.0,0.25,17.4725,0.0,-0.6931471805599453,0.0,0.0,0.0,14,0.0,0.0,0.0,1.0
2011-04-17,201116,0.0,0,0,0,0.0,0.0,0,1,431680820111619590,2023-08-21,Santa Cruz do Sul,0.0,131365,0,0,0,0,,,,,25621,16.7,21.21,26.64,90.7,85.43,0.0,17.8,0.0,1.0,14.8,18.521614,0.0,18.63,0.0,0.0,18.66,0.0,0.25,16.9825,0.0,0.0,-0.6931471805599453,0.0,0.0,15,0.0,0.0,1.0,0.0
2011-04-24,201117,0.0,0,0,0,0.0,0.0,0,1,431680820111719590,2023-08-21,Santa Cruz do Sul,0.0,131365,0,0,0,0,,,,,25621,12.01,17.7,24.44,0.9,83.43,0.0,16.7,0.0,0.0,17.8,0.0,1.0,14.8,18.521614,0.0,18.63,0.0,0.25,15.3275,0.0,0.0,0.0,-0.6931471805599453,0.0,16,0.0,1.0,0.0,0.0
2011-05-01,201118,0.0,0,0,0,0.0,0.0,0,1,431680820111819590,2023-08-21,Santa Cruz do Sul,0.0,131365,0,0,0,0,,,,,25621,11.84,16.2,21.33,11.3,84.0,0.0,12.01,0.0,0.0,16.7,0.0,0.0,17.8,0.0,1.0,14.8,18.521614,0.0,14.5875,0.0,0.0,0.0,0.0,-0.6931471805599453,17,1.0,0.0,0.0,0.0
2011-05-08,201119,1.0,1,1,1,0.9603134,0.7612378,0,1,431680820111919590,2023-08-21,Santa Cruz do Sul,17.1166,131365,0,0,0,0,,,,,25621,13.6,17.07,20.84,27.3,90.0,0.0,11.84,0.0,0.0,12.01,0.0,0.0,16.7,0.0,0.0,17.8,0.0,0.25,13.537499999999998,0.6931471805599453,0.6931471805599453,0.6931471805599453,0.6931471805599453,0.6931471805599453,18,0.0,0.0,0.0,0.0
2011-05-15,201120,0.0,0,0,0,0.0,0.0,0,1,431680820112019590,2023-08-21,Santa Cruz do Sul,0.0,131365,0,0,0,0,,,,,25621,10.47,15.31,21.54,3.4,86.29,1.0,13.6,17.1166,0.0,11.84,0.0,0.0,12.01,0.0,0.0,16.7,0.0,0.25,11.98,0.0,-0.6931471805599453,0.0,0.0,0.0,19,0.0,0.0,0.0,0.0
2011-05-22,201121,0.0,0,0,0,0.0,0.0,0,1,431680820112119590,2023-08-21,Santa Cruz do Sul,0.0,131365,0,0,0,0,,,,,25621,13.61,17.26,21.43,7.2,85.14,0.0,10.47,0.0,1.0,13.6,17.1166,0.0,11.84,0.0,0.0,12.01,0.0,0.25,12.38,0.0,0.0,-0.6931471805599453,0.0,0.0,20,0.0,0.0,0.0,0.0
2011-05-29,201122,0.0,0,0,0,0.0,0.0,0,1,431680820112219590,2023-08-21,Santa Cruz do Sul,0.0,131365,0,0,0,0,,,,,25621,8.36,12.83,18.44,3.6,84.86,0.0,13.61,0.0,0.0,10.47,0.0,1.0,13.6,17.1166,0.0,11.84,0.0,0.25,11.51,0.0,0.0,0.0,-0.6931471805599453,0.0,21,0.0,0.0,0.0,0.0
2011-06-05,201123,0.0,0,0,0,0.0,0.0,0,1,431680820112319590,2023-08-21,Santa Cruz do Sul,0.0,131365,0,0,0,0,,,,,25621,7.14,11.84,17.84,20.9,84.57,0.0,8.36,0.0,0.0,13.61,0.0,0.0,10.47,0.0,1.0,13.6,17.1166,0.0,9.895,0.0,0.0,0.0,0.0,-0.6931471805599453,22,0.0,0.0,0.0,0.0
2011-06-12,201124,0.0,0,0,0,0.0,0.0,0,1,431680820112419590,2023-08-21,Santa Cruz do Sul,0.0,131365,0,0,0,0,,,,,25621,11.24,15.81,21.84,15.2,83.29,0.0,7.14,0.0,0.0,8.36,0.0,0.0,13.61,0.0,0.0,10.47,0.0,0.0,10.087499999999999,0.0,0.0,0.0,0.0,0.0,23,0.0,0.0,0.0,0.0
2011-06-19,201125,0.0,0,0,0,0.0,0.0,0,1,431680820112519590,2023-08-21,Santa Cruz do Sul,0.0,131365,0,0,0,0,,,,,25621,14.81,16.97,19.54,89.4,88.43,0.0,11.24,0.0,0.0,7.14,0.0,0.0,8.36,0.0,0.0,13.61,0.0,0.0,10.3875,0.0,0.0,0.0,0.0,0.0,24,0.0,0.0,0.0,0.0
2011-06-26,201126,0.0,0,0,0,0.0,0.0,0,1,431680820112619590,2023-08-21,Santa Cruz do Sul,0.0,131365,0,0,0,0,,,,,25621,5.73,9.24,12.91,7.7,82.14,0.0,14.81,0.0,0.0,11.24,0.0,0.0,7.14,0.0,0.0,8.36,0.0,0.0,9.73,0.0,0.0,0.0,0.0,0.0,25,0.0,0.0,0.0,0.0
2011-07-03,201127,0.0,0,0,0,0.0,0.0,0,1,431680820112719590,2023-08-21,Santa Cruz do Sul,0.0,131365,0,0,0,0,,,,,25621,0.74,6.81,14.1,0.0,78.0,0.0,5.73,0.0,0.0,14.81,0.0,0.0,11.24,0.0,0.0,7.14,0.0,0.0,8.13,0.0,0.0,0.0,0.0,0.0,26,0.0,0.0,0.0,0.0
2011-07-10,201128,0.0,0,0,0,0.0,0.0,0,1,431680820112819590,2023-08-21,Santa Cruz do Sul,0.0,131365,0,0,0,0,,,,,25621,12.44,16.41,21.14,101.5,85.71,0.0,0.74,0.0,0.0,5.73,0.0,0.0,14.81,0.0,0.0,11.24,0.0,0.0,8.43,0.0,0.0,0.0,0.0,0.0,27,0.0,0.0,0.0,0.0
2011-07-17,201129,0.0,0,0,0,0.0,0.0,0,1,431680820112919590,2023-08-21,Santa Cruz do Sul,0.0,131365,0,0,0,0,,,,,25621,10.86,13.26,16.17,96.5,91.57,0.0,12.44,0.0,0.0,0.74,0.0,0.0,5.73,0.0,0.0,14.81,0.0,0.0,7.442499999999999,0.0,0.0,0.0,0.0,0.0,28,0.0,0.0,0.0,0.0
2011-07-24,201130,0.0,0,0,0,0.0,0.0,0,1,431680820113019590,2023-08-21,Santa Cruz do Sul,0.0,131365,0,0,0,0,,,,,25621,11.54,16.13,20.79,56.1,85.29,0.0,10.86,0.0,0.0,12.44,0.0,0.0,0.74,0.0,0.0,5.73,0.0,0.0,8.895,0.0,0.0,0.0,0.0,0.0,29,0.0,0.0,0.0,0.0
2011-07-31,201131,0.0,0,0,0,0.0,0.0,0,1,431680820113119590,2023-08-21,Santa Cruz do Sul,0.0,131365,0,0,0,0,,,,,25621,7.16,10.73,15.17,22.0,80.57,0.0,11.54,0.0,0.0,10.86,0.0,0.0,12.44,0.0,0.0,0.74,0.0,0.0,10.5,0.0,0.0,0.0,0.0,0.0,30,0.0,0.0,0.0,0.0
2011-08-07,201132,0.0,0,0,0,0.0,0.0,0,1,431680820113219590,2023-08-21,Santa Cruz do Sul,0.0,131365,0,0,0,0,,,,,25621,13.94,18.47,24.07,88.1,83.86,0.0,7.16,0.0,0.0,11.54,0.0,0.0,10.86,0.0,0.0,12.44,0.0,0.0,10.875,0.0,0.0,0.0,0.0,0.0,31,0.0,0.0,0.0,0.0
2011-08-14,201133,0.0,0,0,0,0.0,0.0,0,1,431680820113319590,2023-08-21,Santa Cruz do Sul,0.0,131365,0,0,0,0,,,,,25621,12.36,16.14,20.51,39.6,81.0,0.0,13.94,0.0,0.0,7.16,0.0,0.0,11.54,0.0,0.0,10.86,0.0,0.0,11.25,0.0,0.0,0.0,0.0,0.0,32,0.0,0.0,0.0,0.0
2011-08-21,201134,0.0,0,0,0,0.0,0.0,0,1,431680820113419590,2023-08-21,Santa Cruz do Sul,0.0,131365,0,0,0,0,,,,,25621,8.41,12.37,17.19,14.5,82.14,0.0,12.36,0.0,0.0,13.94,0.0,0.0,7.16,0.0,0.0,11.54,0.0,0.0,10.467500000000001,0.0,0.0,0.0,0.0,0.0,33,0.0,0.0,0.0,0.0
2011-08-28,201135,0.0,0,0,0,0.0,0.0,0,1,431680820113519590,2023-08-21,Santa Cruz do Sul,0.0,131365,0,0,0,0,,,,,25621,9.31,13.73,19.13,29.9,80.0,0.0,8.41,0.0,0.0,12.36,0.0,0.0,13.94,0.0,0.0,7.16,0.0,0.0,11.004999999999999,0.0,0.0,0.0,0.0,0.0,34,0.0,0.0,0.0,0.0
2011-09-04,201136,0.0,0,0,0,0.0,0.0,0,1,431680820113619590,2023-08-21,Santa Cruz do Sul,0.0,131365,0,0,0,0,,,,,25621,10.56,15.89,21.71,39.1,80.43,0.0,9.31,0.0,0.0,8.41,0.0,0.0,12.36,0.0,0.0,13.94,0.0,0.0,10.16,0.0,0.0,0.0,0.0,0.0,35,0.0,0.0,0.0,0.0
2011-09-11,201137,0.0,0,0,0,0.0,0.0,0,1,431680820113719590,2023-08-21,Santa Cruz do Sul,0.0,131365,0,0,0,0,,,,,25621,10.09,16.51,23.0,4.4,74.29,0.0,10.56,0.0,0.0,9.31,0.0,0.0,8.41,0.0,0.0,12.36,0.0,0.0,9.592500000000001,0.0,0.0,0.0,0.0,0.0,36,0.0,0.0,0.0,0.0
2011-09-18,201138,0.0,0,0,0,0.0,0.0,0,1,431680820113819590,2023-08-21,Santa Cruz do Sul,0.0,131365,0,0,0,0,,,,,25621,12.76,16.74,21.24,46.5,87.57,0.0,10.09,0.0,0.0,10.56,0.0,0.0,9.31,0.0,0.0,8.41,0.0,0.0,10.68,0.0,0.0,0.0,0.0,0.0,37,0.0,0.0,0.0,0.0
2011-09-25,201139,0.0,0,0,0,0.0,0.0,0,1,431680820113919590,2023-08-21,Santa Cruz do Sul,0.0,131365,0,0,0,0,,,,,25621,14.23,19.26,25.16,20.4,81.0,0.0,12.76,0.0,0.0,10.09,0.0,0.0,10.56,0.0,0.0,9.31,0.0,0.0,11.91,0.0,0.0,0.0,0.0,0.0,38,0.0,0.0,0.0,0.0
2011-10-02,201140,0.0,0,0,0,0.0,0.0,0,1,431680820114019590,2023-08-21,Santa Cruz do Sul,0.0,131365,0,0,0,0,,,,,25621,14.56,19.17,24.53,34.2,81.57,0.0,14.23,0.0,0.0,12.76,0.0,0.0,10.09,0.0,0.0,10.56,0.0,0.0,12.91,0.0,0.0,0.0,0.0,0.0,39,0.0,0.0,0.0,0.0
2011-10-09,201141,0.0,0,0,0,0.0,0.0,0,1,431680820114119590,2023-08-21,Santa Cruz do Sul,0.0,131365,0,0,0,0,,,,,25621,16.79,20.16,24.84,38.9,82.57,0.0,14.56,0.0,0.0,14.23,0.0,0.0,12.76,0.0,0.0,10.09,0.0,0.0,14.585,0.0,0.0,0.0,0.0,0.0,40,0.0,0.0,0.0,0.0
2011-10-16,201142,0.0,0,0,0,0.0,0.0,0,1,431680820114219590,2023-08-21,Santa Cruz do Sul,0.0,131365,0,0,0,0,,,,,25621,13.41,19.86,26.53,0.2,73.57,0.0,16.79,0.0,0.0,14.56,0.0,0.0,14.23,0.0,0.0,12.76,0.0,0.0,14.7475,0.0,0.0,0.0,0.0,0.0,41,0.0,0.0,0.0,0.0
2011-10-23,201143,0.0,0,0,0,0.0,0.0,0,1,431680820114319590,2023-08-21,Santa Cruz do Sul,0.0,131365,0,0,0,0,,,,,25621,15.29,19.66,24.89,129.8,79.14,0.0,13.41,0.0,0.0,16.79,0.0,0.0,14.56,0.0,0.0,14.23,0.0,0.0,15.0125,0.0,0.0,0.0,0.0,0.0,42,0.0,0.0,0.0,0.0
2011-10-30,201144,0.0,0,0,0,0.0,0.0,0,1,431680820114419590,2023-08-21,Santa Cruz do Sul,0.0,131365,0,0,0,0,,,,,25621,12.04,19.13,25.77,0.1,71.43,0.0,15.29,0.0,0.0,13.41,0.0,0.0,16.79,0.0,0.0,14.56,0.0,0.0,14.382499999999999,0.0,0.0,0.0,0.0,0.0,43,0.0,0.0,0.0,1.0
2011-11-06,201145,0.0,0,0,0,0.0,0.0,0,1,431680820114519590,2023-08-21,Santa Cruz do Sul,0.0,131365,0,0,0,0,,,,,25621,16.46,21.79,27.59,23.4,78.29,0.0,12.04,0.0,0.0,15.29,0.0,0.0,13.41,0.0,0.0,16.79,0.0,0.0,14.299999999999999,0.0,0.0,0.0,0.0,0.0,44,0.0,0.0,1.0,1.0
2011-11-13,201146,0.0,0,0,0,0.0,0.0,0,1,431680820114619590,2023-08-21,Santa Cruz do Sul,0.0,131365,0,0,0,0,,,,,25621,14.37,20.43,26.44,0.3,70.71,0.0,16.46,0.0,0.0,12.04,0.0,0.0,15.29,0.0,0.0,13.41,0.0,0.0,14.54,0.0,0.0,0.0,0.0,0.0,45,0.0,1.0,1.0,0.0
2011-11-20,201147,0.0,0,0,0,0.0,0.0,0,1,431680820114719590,2023-08-21,Santa Cruz do Sul,0.0,131365,0,0,0,0,,,,,25621,16.64,22.06,27.57,12.1,74.43,0.0,14.37,0.0,0.0,16.46,0.0,0.0,12.04,0.0,0.0,15.29,0.0,0.0,14.8775,0.0,0.0,0.0,0.0,0.0,46,1.0,1.0,0.0,1.0
2011-11-27,201148,1.0,1,1,1,0.9632679,0.7612378,0,1,431680820114819590,2023-08-21,Santa Cruz do Sul,18.521618,131365,0,0,0,0,,,,,25621,16.64,23.63,30.74,4.4,61.86,0.0,16.64,0.0,0.0,14.37,0.0,0.0,16.46,0.0,0.0,12.04,0.0,0.25,16.0275,0.6931471805599453,0.6931471805599453,0.6931471805599453,0.6931471805599453,0.6931471805599453,47,1.0,0.0,1.0,0.0
2011-12-04,201149,1.0,1,1,1,0.8145292,0.7612378,0,1,431680820114919590,2023-08-21,Santa Cruz do Sul,3.3788157,131365,1,0,0,0,,,,,25621,18.34,24.09,30.73,15.2,69.0,1.0,16.64,18.521618,0.0,16.64,0.0,0.0,14.37,0.0,0.0,16.46,0.0,0.5,16.4975,0.6931471805599453,0.0,0.6931471805599453,0.6931471805599453,0.6931471805599453,48,0.0,1.0,0.0,0.0
2011-12-11,201150,0.0,0,0,0,0.0,0.0,0,1,431680820115019590,2023-08-21,Santa Cruz do Sul,0.0,131365,0,0,0,0,,,,,25621,17.13,22.61,29.09,20.4,71.57,1.0,18.34,3.3788157,1.0,16.64,18.521618,0.0,16.64,0.0,0.0,14.37,0.0,0.5,17.1875,0.0,-0.6931471805599453,-0.6931471805599453,0.0,0.0,49,1.0,0.0,0.0,0.0
2011-12-18,201151,1.0,1,1,1,0.6177504,0.7612378,0,1,431680820115119590,2023-08-21,Santa Cruz do Sul,1.4390478,131365,1,0,0,0,,,,,25621,18.91,25.39,32.9,19.7,64.43,0.0,17.13,0.0,1.0,18.34,3.3788157,1.0,16.64,18.521618,0.0,16.64,0.0,0.75,17.755,0.6931471805599453,0.6931471805599453,0.0,0.0,0.6931471805599453,50,0.0,0.0,0.0,1.0
2011-12-25,201152,0.0,0,0,0,0.0,0.0,0,1,431680820115219590,2023-08-21,Santa Cruz do Sul,0.0,131365,0,0,0,0,,,,,25621,17.44,22.21,27.43,42.0,73.0,1.0,18.91,1.4390478,0.0,17.13,0.0,1.0,18.34,3.3788157,1.0,16.64,18.521618,0.5,17.955,0.0,-0.6931471805599453,0.0,-0.6931471805599453,-0.6931471805599453,51,0.0,0.0,1.0,0.0
2012-01-01,201201,0.0,0,0,0,0.0,0.0,0,1,431680820120119590,2023-08-21,Santa Cruz do Sul,0.0,131365,0,0,0,0,,,,,25621,17.46,23.53,30.26,2.0,70.57,0.0,17.44,0.0,1.0,18.91,1.4390478,0.0,17.13,0.0,1.0,18.34,3.3788157,0.25,17.735,0.0,0.0,-0.6931471805599453,0.0,-0.6931471805599453,52,0.0,1.0,0.0,0.0
2012-01-08,201202,0.0,0,0,0,0.0,0.0,0,1,431680820120219590,2023-08-21,Santa Cruz do Sul,0.0,131365,0,0,0,0,,,,,25621,21.01,25.7,30.97,59.6,73.86,0.0,17.46,0.0,0.0,17.44,0.0,1.0,18.91,1.4390478,0.0,17.13,0.0,0.25,18.705000000000002,0.0,0.0,0.0,-0.6931471805599453,0.0,1,1.0,0.0,0.0,0.0
2012-01-15,201203,1.0,1,1,1,0.9277981,0.7612378,0,1,431680820120319590,2023-08-21,Santa Cruz do Sul,9.249218,131365,1,0,0,0,,,,,25621,18.26,24.11,30.56,8.3,78.57,0.0,21.01,0.0,0.0,17.46,0.0,0.0,17.44,0.0,1.0,18.91,1.4390478,0.25,18.542500000000004,0.6931471805599453,0.6931471805599453,0.6931471805599453,0.6931471805599453,0.0,2,0.0,0.0,0.0,0.0
2012-01-22,201204,0.0,0,0,0,0.0,0.0,0,1,431680820120419590,2023-08-21,Santa Cruz do Sul,0.0,131365,0,0,0,0,,,,,25621,20.1,24.79,30.1,30.7,75.29,1.0,18.26,9.249218,0.0,21.01,0.0,0.0,17.46,0.0,0.0,17.44,0.0,0.25,19.207500000000003,0.0,-0.6931471805599453,0.0,0.0,0.0,3,0.0,0.0,0.0,0.0
2012-01-29,201205,0.0,0,0,0,0.0,0.0,0,1,431680820120519590,2023-08-21,Santa Cruz do Sul,0.0,131365,0,0,0,0,,,,,25621,20.21,26.61,33.64,9.1,73.0,0.0,20.1,0.0,1.0,18.26,9.249218,0.0,21.01,0.0,0.0,17.46,0.0,0.25,19.895000000000003,0.0,0.0,-0.6931471805599453,0.0,0.0,4,0.0,0.0,0.0,0.0
2012-02-05,201206,0.0,0,0,0,0.0,0.0,0,1,431680820120619590,2023-08-21,Santa Cruz do Sul,0.0,131365,0,0,0,0,,,,,25621,21.69,25.97,30.93,26.1,78.57,0.0,20.21,0.0,0.0,20.1,0.0,1.0,18.26,9.249218,0.0,21.01,0.0,0.25,20.065,0.0,0.0,0.0,-0.6931471805599453,0.0,5,0.0,0.0,0.0,0.0
2012-02-12,201207,0.0,0,0,0,0.0,0.0,0,1,431680820120719590,2023-08-21,Santa Cruz do Sul,0.0,131365,0,0,0,0,,,,,25621,20.81,27.23,34.41,9.1,67.14,0.0,21.69,0.0,0.0,20.21,0.0,0.0,20.1,0.0,1.0,18.26,9.249218,0.0,20.7025,0.0,0.0,0.0,0.0,-0.6931471805599453,6,0.0,0.0,0.0,0.0
2012-02-19,201208,0.0,0,0,0,0.0,0.0,0,1,431680820120819590,2023-08-21,Santa Cruz do Sul,0.0,131365,0,0,0,0,,,,,25621,22.53,26.2,31.04,41.5,76.71,0.0,20.81,0.0,0.0,21.69,0.0,0.0,20.21,0.0,0.0,20.1,0.0,0.0,21.310000000000002,0.0,0.0,0.0,0.0,0.0,7,0.0,0.0,0.0,0.0
2012-02-26,201209,0.0,0,0,0,0.0,0.0,0,1,431680820120919590,2023-08-21,Santa Cruz do Sul,0.0,131365,0,0,0,0,,,,,25621,19.83,24.34,29.81,54.3,80.43,0.0,22.53,0.0,0.0,20.81,0.0,0.0,21.69,0.0,0.0,20.21,0.0,0.0,21.214999999999996,0.0,0.0,0.0,0.0,0.0,8,0.0,0.0,0.0,0.0
2012-03-04,201210,0.0,0,0,0,0.0,0.0,0,1,431680820121019590,2023-08-21,Santa Cruz do Sul,0.0,131365,0,0,0,0,,,,,25621,20.71,27.09,34.23,0.5,74.29,0.0,19.83,0.0,0.0,22.53,0.0,0.0,20.81,0.0,0.0,21.69,0.0,0.0,20.97,0.0,0.0,0.0,0.0,0.0,9,0.0,0.0,0.0,1.0
2012-03-11,201211,0.0,0,0,0,0.0,0.0,0,1,431680820121119590,2023-08-21,Santa Cruz do Sul,0.0,131365,0,0,0,0,,,,,25621,19.26,24.47,30.73,17.2,73.86,0.0,20.71,0.0,0.0,19.83,0.0,0.0,22.53,0.0,0.0,20.81,0.0,0.0,20.5825,0.0,0.0,0.0,0.0,0.0,10,0.0,0.0,1.0,0.0
2012-03-18,201212,0.0,0,0,0,0.0,0.0,0,1,431680820121219590,2023-08-21,Santa Cruz do Sul,0.0,131365,0,0,0,0,,,,,25621,17.13,22.57,29.1,16.8,74.57,0.0,19.26,0.0,0.0,20.71,0.0,0.0,19.83,0.0,0.0,22.53,0.0,0.0,19.2325,0.0,0.0,0.0,0.0,0.0,11,0.0,1.0,0.0,0.0
2012-03-25,201213,0.0,0,0,0,0.0,0.0,0,1,431680820121319590,2023-08-21,Santa Cruz do Sul,0.0,131365,0,0,0,0,,,,,25621,11.8,17.94,24.41,8.6,70.29,0.0,17.13,0.0,0.0,19.26,0.0,0.0,20.71,0.0,0.0,19.83,0.0,0.0,17.225,0.0,0.0,0.0,0.0,0.0,12,1.0,0.0,0.0,1.0
2012-04-01,201214,1.0,1,1,1,0.9632679,0.7612378,0,1,431680820121419590,2023-08-21,Santa Cruz do Sul,18.521618,131365,0,0,0,0,,,,,25621,15.16,21.7,28.47,28.6,72.86,0.0,11.8,0.0,0.0,17.13,0.0,0.0,19.26,0.0,0.0,20.71,0.0,0.25,15.8375,0.6931471805599453,0.6931471805599453,0.6931471805599453,0.6931471805599453,0.6931471805599453,13,0.0,0.0,1.0,2.0
2012-04-08,201215,0.0,0,0,0,0.0,0.0,0,1,431680820121519590,2023-08-21,Santa Cruz do Sul,0.0,131365,0,0,0,0,,,,,25621,17.6,21.66,26.43,37.2,84.71,1.0,15.16,18.521618,0.0,11.8,0.0,0.0,17.13,0.0,0.0,19.26,0.0,0.25,15.422500000000001,0.0,-0.6931471805599453,0.0,0.0,0.0,14,0.0,1.0,2.0,0.0
2012-04-15,201216,0.0,0,0,0,0.0,0.0,0,1,431680820121619590,2023-08-21,Santa Cruz do Sul,0.0,131365,0,0,0,0,,,,,25621,15.19,20.1,25.67,6.4,83.86,0.0,17.6,0.0,1.0,15.16,18.521618,0.0,11.8,0.0,0.0,17.13,0.0,0.25,14.9375,0.0,0.0,-0.6931471805599453,0.0,0.0,15,1.0,2.0,0.0,0.0
2012-04-22,201217,1.0,1,1,1,0.8145292,0.7612378,0,1,431680820121719590,2023-08-21,Santa Cruz do Sul,3.3788157,131365,0,0,0,1,,,,,25621,9.44,14.07,19.14,13.9,78.86,0.0,15.19,0.0,0.0,17.6,0.0,1.0,15.16,18.521618,0.0,11.8,0.0,0.5,14.3475,0.6931471805599453,0.6931471805599453,0.6931471805599453,0.0,0.6931471805599453,16,2.0,0.0,0.0,0.0
2012-04-29,201218,2.0,2,2,2,0.90843767,1.5224756,0,1,431680820121819590,2023-08-21,Santa Cruz do Sul,4.951186,131365,0,0,0,1,,,,,25621,9.69,15.4,21.63,0.3,80.57,1.0,9.44,3.3788157,0.0,15.19,0.0,0.0,17.6,0.0,1.0,15.16,18.521618,0.75,12.98,1.0986122886681098,0.4054651081081645,1.0986122886681098,1.0986122886681098,0.4054651081081645,17,0.0,0.0,0.0,0.0
2012-05-06,201219,0.0,0,0,0,0.0,0.0,0,1,431680820121919590,2023-08-21,Santa Cruz do Sul,0.0,131365,0,0,0,0,,,,,25621,14.69,19.46,25.41,7.1,78.29,2.0,9.69,4.951186,1.0,9.44,3.3788157,0.0,15.19,0.0,0.0,17.6,0.0,0.75,12.2525,0.0,-1.0986122886681098,-0.6931471805599453,0.0,0.0,18,0.0,0.0,0.0,0.0
2012-05-13,201220,0.0,0,0,0,0.0,0.0,0,1,431680820122019590,2023-08-21,Santa Cruz do Sul,0.0,131365,0,0,0,0,,,,,25621,8.67,14.57,21.73,0.0,78.43,0.0,14.69,0.0,2.0,9.69,4.951186,1.0,9.44,3.3788157,0.0,15.19,0.0,0.75,10.6225,0.0,0.0,-1.0986122886681098,-0.6931471805599453,0.0,19,0.0,0.0,0.0,0.0
2012-05-20,201221,0.0,0,0,0,0.0,0.0,0,1,431680820122119590,2023-08-21,Santa Cruz do Sul,0.0,131365,0,0,0,0,,,,,25621,13.71,18.46,24.79,0.9,80.71,0.0,8.67,0.0,0.0,14.69,0.0,2.0,9.69,4.951186,1.0,9.44,3.3788157,0.5,11.69,0.0,0.0,0.0,-1.0986122886681098,-0.6931471805599453,20,0.0,0.0,0.0,0.0
2012-05-27,201222,0.0,0,0,0,0.0,0.0,0,1,431680820122219590,2023-08-21,Santa Cruz do Sul,0.0,131365,0,0,0,0,,,,,25621,12.59,17.94,24.1,25.5,79.14,0.0,13.71,0.0,0.0,8.67,0.0,0.0,14.69,0.0,2.0,9.69,4.951186,0.0,12.415,0.0,0.0,0.0,0.0,-1.0986122886681098,21,0.0,0.0,0.0,0.0
2012-06-03,201223,0.0,0,0,0,0.0,0.0,0,1,431680820122319590,2023-08-21,Santa Cruz do Sul,0.0,131365,0,0,0,0,,,,,25621,3.66,8.74,14.97,0.4,71.57,0.0,12.59,0.0,0.0,13.71,0.0,0.0,8.67,0.0,0.0,14.69,0.0,0.0,9.6575,0.0,0.0,0.0,0.0,0.0,22,0.0,0.0,0.0,0.0
2012-06-10,201224,0.0,0,0,0,0.0,0.0,0,1,431680820122419590,2023-08-21,Santa Cruz do Sul,0.0,131365,0,0,0,0,,,,,25621,12.56,17.03,22.86,12.5,86.57,0.0,3.66,0.0,0.0,12.59,0.0,0.0,13.71,0.0,0.0,8.67,0.0,0.0,10.629999999999999,0.0,0.0,0.0,0.0,0.0,23,0.0,0.0,0.0,0.0
2012-06-17,201225,0.0,0,0,0,0.0,0.0,0,1,431680820122519590,2023-08-21,Santa Cruz do Sul,0.0,131365,0,0,0,0,,,,,25621,10.03,13.2,16.87,22.4,88.43,0.0,12.56,0.0,0.0,3.66,0.0,0.0,12.59,0.0,0.0,13.71,0.0,0.0,9.709999999999999,0.0,0.0,0.0,0.0,0.0,24,0.0,0.0,0.0,0.0
2012-06-24,201226,0.0,0,0,0,0.0,0.0,0,1,431680820122619590,2023-08-21,Santa Cruz do Sul,0.0,131365,0,0,0,0,,,,,25621,13.31,18.4,25.17,1.3,78.14,0.0,10.03,0.0,0.0,12.56,0.0,0.0,3.66,0.0,0.0,12.59,0.0,0.0,9.89,0.0,0.0,0.0,0.0,0.0,25,0.0,0.0,0.0,0.0
2012-07-01,201227,0.0,0,0,0,0.0,0.0,0,1,431680820122719590,2023-08-21,Santa Cruz do Sul,0.0,131365,0,0,0,0,,,,,25621,12.79,16.73,21.71,89.9,79.14,0.0,13.31,0.0,0.0,10.03,0.0,0.0,12.56,0.0,0.0,3.66,0.0,0.0,12.1725,0.0,0.0,0.0,0.0,0.0,26,0.0,0.0,0.0,0.0
2012-07-08,201228,0.0,0,0,0,0.0,0.0,0,1,431680820122819590,2023-08-21,Santa Cruz do Sul,0.0,131365,0,0,0,0,,,,,25621,4.84,10.01,15.36,15.6,78.29,0.0,12.79,0.0,0.0,13.31,0.0,0.0,10.03,0.0,0.0,12.56,0.0,0.0,10.2425,0.0,0.0,0.0,0.0,0.0,27,0.0,0.0,0.0,0.0
2012-07-15,201229,0.0,0,0,0,0.0,0.0,0,1,431680820122919590,2023-08-21,Santa Cruz do Sul,0.0,131365,0,0,0,0,,,,,25621,6.11,11.0,17.31,0.7,79.57,0.0,4.84,0.0,0.0,12.79,0.0,0.0,13.31,0.0,0.0,10.03,0.0,0.0,9.262500000000001,0.0,0.0,0.0,0.0,0.0,28,0.0,0.0,0.0,0.0
2012-07-22,201230,0.0,0,0,0,0.0,0.0,0,1,431680820123019590,2023-08-21,Santa Cruz do Sul,0.0,131365,0,0,0,0,,,,,25621,6.6,11.61,17.43,22.5,85.0,0.0,6.11,0.0,0.0,4.84,0.0,0.0,12.79,0.0,0.0,13.31,0.0,0.0,7.585,0.0,0.0,0.0,0.0,0.0,29,0.0,0.0,0.0,0.0
2012-07-29,201231,0.0,0,0,0,0.0,0.0,0,1,431680820123119590,2023-08-21,Santa Cruz do Sul,0.0,131365,0,0,0,0,,,,,25621,13.4,17.64,22.61,33.8,78.57,0.0,6.6,0.0,0.0,6.11,0.0,0.0,4.84,0.0,0.0,12.79,0.0,0.0,7.7375,0.0,0.0,0.0,0.0,0.0,30,0.0,0.0,0.0,0.0
2012-08-05,201232,0.0,0,0,0,0.0,0.0,0,1,431680820123219590,2023-08-21,Santa Cruz do Sul,0.0,131365,0,0,0,0,,,,,25621,11.77,17.37,24.0,0.8,81.14,0.0,13.4,0.0,0.0,6.6,0.0,0.0,6.11,0.0,0.0,4.84,0.0,0.0,9.469999999999999,0.0,0.0,0.0,0.0,0.0,31,0.0,0.0,0.0,0.0
2012-08-12,201233,0.0,0,0,0,0.0,0.0,0,1,431680820123319590,2023-08-21,Santa Cruz do Sul,0.0,131365,0,0,0,0,,,,,25621,16.89,21.04,26.71,23.6,75.57,0.0,11.77,0.0,0.0,13.4,0.0,0.0,6.6,0.0,0.0,6.11,0.0,0.0,12.165,0.0,0.0,0.0,0.0,0.0,32,0.0,0.0,0.0,0.0
2012-08-19,201234,0.0,0,0,0,0.0,0.0,0,1,431680820123419590,2023-08-21,Santa Cruz do Sul,0.0,131365,0,0,0,0,,,,,25621,16.36,21.1,27.51,7.9,73.57,0.0,16.89,0.0,0.0,11.77,0.0,0.0,13.4,0.0,0.0,6.6,0.0,0.0,14.605,0.0,0.0,0.0,0.0,0.0,33,0.0,0.0,0.0,0.0
2012-08-26,201235,0.0,0,0,0,0.0,0.0,0,1,431680820123519590,2023-08-21,Santa Cruz do Sul,0.0,131365,0,0,0,0,,,,,25621,10.64,14.8,19.73,25.4,85.71,0.0,16.36,0.0,0.0,16.89,0.0,0.0,11.77,0.0,0.0,13.4,0.0,0.0,13.915,0.0,0.0,0.0,0.0,0.0,34,0.0,0.0,0.0,0.0
2012-09-02,201236,0.0,0,0,0,0.0,0.0,0,1,431680820123619590,2023-08-21,Santa Cruz do Sul,0.0,131365,0,0,0,0,,,,,25621,14.47,19.94,25.69,2.7,76.71,0.0,10.64,0.0,0.0,16.36,0.0,0.0,16.89,0.0,0.0,11.77,0.0,0.0,14.590000000000002,0.0,0.0,0.0,0.0,0.0,35,0.0,0.0,0.0,0.0
2012-09-09,201237,0.0,0,0,0,0.0,0.0,0,1,431680820123719590,2023-08-21,Santa Cruz do Sul,0.0,131365,0,0,0,0,,,,,25621,14.53,17.89,21.67,68.4,88.43,0.0,14.47,0.0,0.0,10.64,0.0,0.0,16.36,0.0,0.0,16.89,0.0,0.0,14.0,0.0,0.0,0.0,0.0,0.0,36,0.0,0.0,0.0,0.0
2012-09-16,201238,0.0,0,0,0,0.0,0.0,0,1,431680820123819590,2023-08-21,Santa Cruz do Sul,0.0,131365,0,0,0,0,,,,,25621,14.49,18.2,22.33,51.1,75.57,0.0,14.53,0.0,0.0,14.47,0.0,0.0,10.64,0.0,0.0,16.36,0.0,0.0,13.532499999999999,0.0,0.0,0.0,0.0,0.0,37,0.0,0.0,0.0,0.0
2012-09-23,201239,0.0,0,0,0,0.0,0.0,0,1,431680820123919590,2023-08-21,Santa Cruz do Sul,0.0,131365,0,0,0,0,,,,,25621,8.39,14.79,20.8,2.4,70.86,0.0,14.49,0.0,0.0,14.53,0.0,0.0,14.47,0.0,0.0,10.64,0.0,0.0,12.969999999999999,0.0,0.0,0.0,0.0,0.0,38,0.0,0.0,0.0,0.0
2012-09-30,201240,0.0,0,0,0,0.0,0.0,0,1,431680820124019590,2023-08-21,Santa Cruz do Sul,0.0,131365,0,0,0,0,,,,,25621,16.86,20.86,25.96,54.6,86.29,0.0,8.39,0.0,0.0,14.49,0.0,0.0,14.53,0.0,0.0,14.47,0.0,0.0,13.567499999999999,0.0,0.0,0.0,0.0,0.0,39,0.0,0.0,0.0,0.0
2012-10-07,201241,0.0,0,0,0,0.0,0.0,0,1,431680820124119590,2023-08-21,Santa Cruz do Sul,0.0,131365,0,0,0,0,,,,,25621,16.09,19.83,23.41,29.9,84.43,0.0,16.86,0.0,0.0,8.39,0.0,0.0,14.49,0.0,0.0,14.53,0.0,0.0,13.9575,0.0,0.0,0.0,0.0,0.0,40,0.0,0.0,0.0,0.0
2012-10-14,201242,0.0,0,0,0,0.0,0.0,0,1,431680820124219590,2023-08-21,Santa Cruz do Sul,0.0,131365,0,0,0,0,,,,,25621,14.63,20.56,27.17,12.4,73.71,0.0,16.09,0.0,0.0,16.86,0.0,0.0,8.39,0.0,0.0,14.49,0.0,0.0,13.9925,0.0,0.0,0.0,0.0,0.0,41,0.0,0.0,0.0,0.0
2012-10-21,201243,0.0,0,0,0,0.0,0.0,0,1,431680820124319590,2023-08-21,Santa Cruz do Sul,0.0,131365,0,0,0,0,,,,,25621,16.46,21.21,25.64,29.3,79.86,0.0,14.63,0.0,0.0,16.09,0.0,0.0,16.86,0.0,0.0,8.39,0.0,0.0,16.009999999999998,0.0,0.0,0.0,0.0,0.0,42,0.0,0.0,0.0,0.0
2012-10-28,201244,0.0,0,0,0,0.0,0.0,0,1,431680820124419590,2023-08-21,Santa Cruz do Sul,0.0,131365,0,0,0,0,,,,,25621,17.4,21.6,26.3,48.8,82.43,0.0,16.46,0.0,0.0,14.63,0.0,0.0,16.09,0.0,0.0,16.86,0.0,0.0,16.145,0.0,0.0,0.0,0.0,0.0,43,0.0,0.0,0.0,0.0
2012-11-04,201245,0.0,0,0,0,0.0,0.0,0,1,431680820124519590,2023-08-21,Santa Cruz do Sul,0.0,131365,0,0,0,0,,,,,25621,18.07,24.71,31.71,0.7,70.71,0.0,17.4,0.0,0.0,16.46,0.0,0.0,14.63,0.0,0.0,16.09,0.0,0.0,16.64,0.0,0.0,0.0,0.0,0.0,44,0.0,0.0,0.0,0.0
2012-11-11,201246,0.0,0,0,0,0.0,0.0,0,1,431680820124619590,2023-08-21,Santa Cruz do Sul,0.0,131365,0,0,0,0,,,,,25621,15.64,21.37,26.99,5.8,72.0,0.0,18.07,0.0,0.0,17.4,0.0,0.0,16.46,0.0,0.0,14.63,0.0,0.0,16.8925,0.0,0.0,0.0,0.0,0.0,45,0.0,0.0,0.0,0.0
2012-11-18,201247,0.0,0,0,0,0.0,0.0,0,1,431680820124719590,2023-08-21,Santa Cruz do Sul,0.0,131365,0,0,0,0,,,,,25621,18.46,24.43,30.74,50.0,73.57,0.0,15.64,0.0,0.0,18.07,0.0,0.0,17.4,0.0,0.0,16.46,0.0,0.0,17.3925,0.0,0.0,0.0,0.0,0.0,46,0.0,0.0,0.0,0.0
2012-11-25,201248,0.0,0,0,0,0.0,0.0,0,1,431680820124819590,2023-08-21,Santa Cruz do Sul,0.0,131365,0,0,0,0,,,,,25621,17.01,23.61,30.27,11.2,70.57,0.0,18.46,0.0,0.0,15.64,0.0,0.0,18.07,0.0,0.0,17.4,0.0,0.0,17.295,0.0,0.0,0.0,0.0,0.0,47,0.0,0.0,0.0,0.0
2012-12-02,201249,0.0,0,0,0,0.0,0.0,0,1,431680820124919590,2023-08-21,Santa Cruz do Sul,0.0,131365,0,0,0,0,,,,,25621,20.53,26.41,32.87,11.3,72.71,0.0,17.01,0.0,0.0,18.46,0.0,0.0,15.64,0.0,0.0,18.07,0.0,0.0,17.91,0.0,0.0,0.0,0.0,0.0,48,0.0,0.0,0.0,0.0
2012-12-09,201250,0.0,0,0,0,0.0,0.0,0,1,431680820125019590,2023-08-21,Santa Cruz do Sul,0.0,131365,0,0,0,0,,,,,25621,19.07,24.96,31.16,21.6,71.29,0.0,20.53,0.0,0.0,17.01,0.0,0.0,18.46,0.0,0.0,15.64,0.0,0.0,18.767500000000002,0.0,0.0,0.0,0.0,0.0,49,0.0,0.0,0.0,1.0
2012-12-16,201251,0.0,0,0,0,0.0,0.0,0,1,431680820125119590,2023-08-21,Santa Cruz do Sul,0.0,131365,0,0,0,0,,,,,25621,20.44,25.37,30.66,98.0,76.29,0.0,19.07,0.0,0.0,20.53,0.0,0.0,17.01,0.0,0.0,18.46,0.0,0.0,19.262500000000003,0.0,0.0,0.0,0.0,0.0,50,0.0,0.0,1.0,0.0
2012-12-23,201252,0.0,0,0,0,0.0,0.0,0,1,431680820125219590,2023-08-21,Santa Cruz do Sul,0.0,131365,0,0,0,0,,,,,25621,19.66,24.14,28.79,133.3,81.86,0.0,20.44,0.0,0.0,19.07,0.0,0.0,20.53,0.0,0.0,17.01,0.0,0.0,19.925,0.0,0.0,0.0,0.0,0.0,51,0.0,1.0,0.0,2.0
2012-12-30,201301,0.0,0,0,0,0.0,0.0,0,1,431680820130119590,2023-08-21,Santa Cruz do Sul,0.0,131365,0,0,0,0,,,,,25621,18.0,23.37,28.49,42.4,78.0,0.0,19.66,0.0,0.0,20.44,0.0,0.0,19.07,0.0,0.0,20.53,0.0,0.0,19.2925,0.0,0.0,0.0,0.0,0.0,52,1.0,0.0,2.0,0.0
2013-01-06,201302,1.0,1,1,1,0.9632679,0.7612378,0,1,431680820130219590,2023-08-21,Santa Cruz do Sul,18.521618,131365,1,0,0,0,,,,,25621,19.19,23.44,28.16,31.1,80.86,0.0,18.0,0.0,0.0,19.66,0.0,0.0,20.44,0.0,0.0,19.07,0.0,0.25,19.3225,0.6931471805599453,0.6931471805599453,0.6931471805599453,0.6931471805599453,0.6931471805599453,1,0.0,2.0,0.0,0.0
2013-01-13,201303,0.0,0,0,0,0.0,0.0,0,1,431680820130319590,2023-08-21,Santa Cruz do Sul,0.0,131365,0,0,0,0,,,,,25621,18.69,24.01,29.77,4.4,78.14,1.0,19.19,18.521618,0.0,18.0,0.0,0.0,19.66,0.0,0.0,20.44,0.0,0.25,18.885,0.0,-0.6931471805599453,0.0,0.0,0.0,2,2.0,0.0,0.0,0.0
2013-01-20,201304,2.0,2,2,2,0.8820878,1.5224756,0,1,431680820130419590,2023-08-21,Santa Cruz do Sul,3.945363,131365,1,0,0,1,,,,,25621,18.41,23.51,29.21,10.0,72.43,0.0,18.69,0.0,1.0,19.19,18.521618,0.0,18.0,0.0,0.0,19.66,0.0,0.75,18.5725,1.0986122886681098,1.0986122886681098,0.4054651081081645,1.0986122886681098,1.0986122886681098,3,0.0,0.0,0.0,0.0
2013-01-27,201305,0.0,0,0,0,0.0,0.0,0,1,431680820130519590,2023-08-21,Santa Cruz do Sul,0.0,131365,0,0,0,0,,,,,25621,18.21,25.63,32.8,13.7,71.43,2.0,18.41,3.945363,0.0,18.69,0.0,1.0,19.19,18.521618,0.0,18.0,0.0,0.75,18.625,0.0,-1.0986122886681098,0.0,-0.6931471805599453,0.0,4,0.0,0.0,0.0,0.0
2013-02-03,201306,0.0,0,0,0,0.0,0.0,0,1,431680820130619590,2023-08-21,Santa Cruz do Sul,0.0,131365,0,0,0,0,,,,,25621,18.24,22.89,27.74,16.6,76.86,0.0,18.21,0.0,2.0,18.41,3.945363,0.0,18.69,0.0,1.0,19.19,18.521618,0.5,18.3875,0.0,0.0,-1.0986122886681098,0.0,-0.6931471805599453,5,0.0,0.0,0.0,0.0
2013-02-10,201307,0.0,0,0,0,0.0,0.0,0,1,431680820130719590,2023-08-21,Santa Cruz do Sul,0.0,131365,0,0,0,0,,,,,25621,21.76,25.71,31.43,57.9,83.71,0.0,18.24,0.0,0.0,18.21,0.0,2.0,18.41,3.945363,0.0,18.69,0.0,0.5,19.155,0.0,0.0,0.0,-1.0986122886681098,0.0,6,0.0,0.0,0.0,0.0
2013-02-17,201308,0.0,0,0,0,0.0,0.0,0,1,431680820130819590,2023-08-21,Santa Cruz do Sul,0.0,131365,0,0,0,0,,,,,25621,21.13,24.64,29.47,28.2,82.29,0.0,21.76,0.0,0.0,18.24,0.0,0.0,18.21,0.0,2.0,18.41,3.945363,0.0,19.835,0.0,0.0,0.0,0.0,-1.0986122886681098,7,0.0,0.0,0.0,1.0
2013-02-24,201309,0.0,0,0,0,0.0,0.0,0,1,431680820130919590,2023-08-21,Santa Cruz do Sul,0.0,131365,0,0,0,0,,,,,25621,16.94,23.2,29.49,1.5,71.71,0.0,21.13,0.0,0.0,21.76,0.0,0.0,18.24,0.0,0.0,18.21,0.0,0.0,19.5175,0.0,0.0,0.0,0.0,0.0,8,0.0,0.0,1.0,1.0
2013-03-03,201310,0.0,0,0,0,0.0,0.0,0,1,431680820131019590,2023-08-21,Santa Cruz do Sul,0.0,131365,0,0,0,0,,,,,25621,17.66,22.09,26.87,89.4,81.71,0.0,16.94,0.0,0.0,21.13,0.0,0.0,21.76,0.0,0.0,18.24,0.0,0.0,19.372500000000002,0.0,0.0,0.0,0.0,0.0,9,0.0,1.0,1.0,0.0
2013-03-10,201311,0.0,0,0,0,0.0,0.0,0,1,431680820131119590,2023-08-21,Santa Cruz do Sul,0.0,131365,0,0,0,0,,,,,25621,18.26,20.74,23.81,53.2,84.86,0.0,17.66,0.0,0.0,16.94,0.0,0.0,21.13,0.0,0.0,21.76,0.0,0.0,18.497500000000002,0.0,0.0,0.0,0.0,0.0,10,1.0,1.0,0.0,0.0
2013-03-17,201312,1.0,1,1,1,0.9632679,0.7612378,0,1,431680820131219590,2023-08-21,Santa Cruz do Sul,18.521612,131365,0,0,0,0,,,,,25621,15.69,19.63,24.29,38.5,81.29,0.0,18.26,0.0,0.0,17.66,0.0,0.0,16.94,0.0,0.0,21.13,0.0,0.25,17.137500000000003,0.6931471805599453,0.6931471805599453,0.6931471805599453,0.6931471805599453,0.6931471805599453,11,1.0,0.0,0.0,0.0
2013-03-24,201313,1.0,1,1,1,0.8145292,0.7612378,0,1,431680820131319590,2023-08-21,Santa Cruz do Sul,3.3788157,131365,0,0,0,0,,,,,25621,14.8,20.1,26.3,5.7,82.14,1.0,15.69,18.521612,0.0,18.26,0.0,0.0,17.66,0.0,0.0,16.94,0.0,0.5,16.6025,0.6931471805599453,0.0,0.6931471805599453,0.6931471805599453,0.6931471805599453,12,0.0,0.0,0.0,0.0
2013-03-31,201314,0.0,0,0,0,0.0,0.0,0,1,431680820131419590,2023-08-21,Santa Cruz do Sul,0.0,131365,0,0,0,0,,,,,25621,18.36,22.57,27.8,46.9,81.14,1.0,14.8,3.3788157,1.0,15.69,18.521612,0.0,18.26,0.0,0.0,17.66,0.0,0.5,16.777500000000003,0.0,-0.6931471805599453,-0.6931471805599453,0.0,0.0,13,0.0,0.0,0.0,0.0
2013-04-07,201315,0.0,0,0,0,0.0,0.0,0,1,431680820131519590,2023-08-21,Santa Cruz do Sul,0.0,131365,0,0,0,0,,,,,25621,16.03,20.0,24.61,41.1,81.43,0.0,18.36,0.0,1.0,14.8,3.3788157,1.0,15.69,18.521612,0.0,18.26,0.0,0.5,16.22,0.0,0.0,-0.6931471805599453,-0.6931471805599453,0.0,14,0.0,0.0,0.0,1.0
2013-04-14,201316,0.0,0,0,0,0.0,0.0,0,1,431680820131619590,2023-08-21,Santa Cruz do Sul,0.0,131365,0,0,0,0,,,,,25621,9.96,16.61,23.66,0.0,76.0,0.0,16.03,0.0,0.0,18.36,0.0,1.0,14.8,3.3788157,1.0,15.69,18.521612,0.25,14.787500000000001,0.0,0.0,0.0,-0.6931471805599453,-0.6931471805599453,15,0.0,0.0,1.0,0.0
2013-04-21,201317,0.0,0,0,0,0.0,0.0,0,1,431680820131719590,2023-08-21,Santa Cruz do Sul,0.0,131365,0,0,0,0,,,,,25621,12.8,18.87,26.6,0.0,81.86,0.0,9.96,0.0,0.0,16.03,0.0,0.0,18.36,0.0,1.0,14.8,3.3788157,0.0,14.287500000000001,0.0,0.0,0.0,0.0,-0.6931471805599453,16,0.0,1.0,0.0,0.0
2013-04-28,201318,0.0,0,0,0,0.0,0.0,0,1,431680820131819590,2023-08-21,Santa Cruz do Sul,0.0,131365,0,0,0,0,,,,,25621,17.51,21.47,26.44,13.8,85.71,0.0,12.8,0.0,0.0,9.96,0.0,0.0,16.03,0.0,0.0,18.36,0.0,0.0,14.075000000000001,0.0,0.0,0.0,0.0,0.0,17,1.0,0.0,0.0,0.0
2013-05-05,201319,1.0,1,1,1,0.96317756,0.7612378,0,1,431680820131919590,2023-08-21,Santa Cruz do Sul,18.475313,131365,0,0,0,0,,,,,25621,9.01,15.5,23.36,1.2,72.86,0.0,17.51,0.0,0.0,12.8,0.0,0.0,9.96,0.0,0.0,16.03,0.0,0.25,12.32,0.6931471805599453,0.6931471805599453,0.6931471805599453,0.6931471805599453,0.6931471805599453,18,0.0,0.0,0.0,0.0
2013-05-12,201320,0.0,0,0,0,0.0,0.0,0,1,431680820132019590,2023-08-21,Santa Cruz do Sul,0.0,131365,0,0,0,0,,,,,25621,11.21,15.27,19.51,34.9,84.71,1.0,9.01,18.475313,0.0,17.51,0.0,0.0,12.8,0.0,0.0,9.96,0.0,0.25,12.6325,0.0,-0.6931471805599453,0.0,0.0,0.0,19,0.0,0.0,0.0,0.0
2013-05-19,201321,0.0,0,0,0,0.0,0.0,0,1,431680820132119590,2023-08-21,Santa Cruz do Sul,0.0,131365,0,0,0,0,,,,,25621,11.67,14.49,17.96,53.0,91.43,0.0,11.21,0.0,1.0,9.01,18.475313,0.0,17.51,0.0,0.0,12.8,0.0,0.25,12.350000000000001,0.0,0.0,-0.6931471805599453,0.0,0.0,20,0.0,0.0,0.0,0.0
2013-05-26,201322,0.0,0,0,0,0.0,0.0,0,1,431680820132219590,2023-08-21,Santa Cruz do Sul,0.0,131365,0,0,0,0,,,,,25621,10.03,14.94,20.64,29.0,85.29,0.0,11.67,0.0,0.0,11.21,0.0,1.0,9.01,18.475313,0.0,17.51,0.0,0.25,10.48,0.0,0.0,0.0,-0.6931471805599453,0.0,21,0.0,0.0,0.0,0.0
2013-06-02,201323,0.0,0,0,0,0.0,0.0,0,1,431680820132319590,2023-08-21,Santa Cruz do Sul,0.0,131365,0,0,0,0,,,,,25621,8.76,14.29,20.71,0.3,83.71,0.0,10.03,0.0,0.0,11.67,0.0,0.0,11.21,0.0,1.0,9.01,18.475313,0.0,10.4175,0.0,0.0,0.0,0.0,-0.6931471805599453,22,0.0,0.0,0.0,0.0
2013-06-09,201324,0.0,0,0,0,0.0,0.0,0,1,431680820132419590,2023-08-21,Santa Cruz do Sul,0.0,131365,0,0,0,0,,,,,25621,11.37,15.17,20.37,0.9,88.86,0.0,8.76,0.0,0.0,10.03,0.0,0.0,11.67,0.0,0.0,11.21,0.0,0.0,10.4575,0.0,0.0,0.0,0.0,0.0,23,0.0,0.0,0.0,0.0
2013-06-16,201325,0.0,0,0,0,0.0,0.0,0,1,431680820132519590,2023-08-21,Santa Cruz do Sul,0.0,131365,0,0,0,0,,,,,25621,11.57,14.1,16.87,41.2,90.86,0.0,11.37,0.0,0.0,8.76,0.0,0.0,10.03,0.0,0.0,11.67,0.0,0.0,10.4325,0.0,0.0,0.0,0.0,0.0,24,0.0,0.0,0.0,0.0
2013-06-23,201326,0.0,0,0,0,0.0,0.0,0,1,431680820132619590,2023-08-21,Santa Cruz do Sul,0.0,131365,0,0,0,0,,,,,25621,9.36,13.79,17.87,21.8,89.0,0.0,11.57,0.0,0.0,11.37,0.0,0.0,8.76,0.0,0.0,10.03,0.0,0.0,10.264999999999999,0.0,0.0,0.0,0.0,0.0,25,0.0,0.0,0.0,0.0
2013-06-30,201327,0.0,0,0,0,0.0,0.0,0,1,431680820132719590,2023-08-21,Santa Cruz do Sul,0.0,131365,0,0,0,0,,,,,25621,9.76,14.74,20.91,11.3,84.29,0.0,9.36,0.0,0.0,11.57,0.0,0.0,11.37,0.0,0.0,8.76,0.0,0.0,10.515,0.0,0.0,0.0,0.0,0.0,26,0.0,0.0,0.0,0.0
2013-07-07,201328,0.0,0,0,0,0.0,0.0,0,1,431680820132819590,2023-08-21,Santa Cruz do Sul,0.0,131365,0,0,0,0,,,,,25621,12.79,16.76,22.17,51.3,89.0,0.0,9.76,0.0,0.0,9.36,0.0,0.0,11.57,0.0,0.0,11.37,0.0,0.0,10.870000000000001,0.0,0.0,0.0,0.0,0.0,27,0.0,0.0,0.0,0.0
2013-07-14,201329,0.0,0,0,0,0.0,0.0,0,1,431680820132919590,2023-08-21,Santa Cruz do Sul,0.0,131365,0,0,0,0,,,,,25621,8.73,13.26,17.64,38.1,80.86,0.0,12.79,0.0,0.0,9.76,0.0,0.0,9.36,0.0,0.0,11.57,0.0,0.0,10.16,0.0,0.0,0.0,0.0,0.0,28,0.0,0.0,0.0,0.0
2013-07-21,201330,0.0,0,0,0,0.0,0.0,0,1,431680820133019590,2023-08-21,Santa Cruz do Sul,0.0,131365,0,0,0,0,,,,,25621,3.36,8.29,13.99,0.0,76.14,0.0,8.73,0.0,0.0,12.79,0.0,0.0,9.76,0.0,0.0,9.36,0.0,0.0,8.66,0.0,0.0,0.0,0.0,0.0,29,0.0,0.0,0.0,0.0
2013-07-28,201331,0.0,0,0,0,0.0,0.0,0,1,431680820133119590,2023-08-21,Santa Cruz do Sul,0.0,131365,0,0,0,0,,,,,25621,10.99,16.34,23.03,7.2,81.14,0.0,3.36,0.0,0.0,8.73,0.0,0.0,12.79,0.0,0.0,9.76,0.0,0.0,8.9675,0.0,0.0,0.0,0.0,0.0,30,0.0,0.0,0.0,0.0
2013-08-04,201332,0.0,0,0,0,0.0,0.0,0,1,431680820133219590,2023-08-21,Santa Cruz do Sul,0.0,131365,0,0,0,0,,,,,25621,8.91,13.71,19.24,61.7,84.57,0.0,10.99,0.0,0.0,3.36,0.0,0.0,8.73,0.0,0.0,12.79,0.0,0.0,7.9975000000000005,0.0,0.0,0.0,0.0,0.0,31,0.0,0.0,0.0,0.0
2013-08-11,201333,0.0,0,0,0,0.0,0.0,0,1,431680820133319590,2023-08-21,Santa Cruz do Sul,0.0,131365,0,0,0,0,,,,,25621,5.91,10.46,15.3,12.7,83.71,0.0,8.91,0.0,0.0,10.99,0.0,0.0,3.36,0.0,0.0,8.73,0.0,0.0,7.2925,0.0,0.0,0.0,0.0,0.0,32,0.0,0.0,0.0,0.0
2013-08-18,201334,0.0,0,0,0,0.0,0.0,0,1,431680820133419590,2023-08-21,Santa Cruz do Sul,0.0,131365,0,0,0,0,,,,,25621,10.03,15.27,20.76,43.3,79.86,0.0,5.91,0.0,0.0,8.91,0.0,0.0,10.99,0.0,0.0,3.36,0.0,0.0,8.96,0.0,0.0,0.0,0.0,0.0,33,0.0,0.0,0.0,0.0
2013-08-25,201335,0.0,0,0,0,0.0,0.0,0,1,431680820133519590,2023-08-21,Santa Cruz do Sul,0.0,131365,0,0,0,0,,,,,25621,7.76,12.81,18.27,59.0,84.29,0.0,10.03,0.0,0.0,5.91,0.0,0.0,8.91,0.0,0.0,10.99,0.0,0.0,8.1525,0.0,0.0,0.0,0.0,0.0,34,0.0,0.0,0.0,0.0
2013-09-01,201336,0.0,0,0,0,0.0,0.0,0,1,431680820133619590,2023-08-21,Santa Cruz do Sul,0.0,131365,0,0,0,0,,,,,25621,13.6,18.17,23.34,10.6,79.43,0.0,7.76,0.0,0.0,10.03,0.0,0.0,5.91,0.0,0.0,8.91,0.0,0.0,9.325,0.0,0.0,0.0,0.0,0.0,35,0.0,0.0,0.0,0.0
2013-09-08,201337,0.0,0,0,0,0.0,0.0,0,1,431680820133719590,2023-08-21,Santa Cruz do Sul,0.0,131365,0,0,0,0,,,,,25621,18.56,24.53,31.69,0.3,71.29,0.0,13.6,0.0,0.0,7.76,0.0,0.0,10.03,0.0,0.0,5.91,0.0,0.0,12.487499999999999,0.0,0.0,0.0,0.0,0.0,36,0.0,0.0,0.0,0.0
2013-09-15,201338,0.0,0,0,0,0.0,0.0,0,1,431680820133819590,2023-08-21,Santa Cruz do Sul,0.0,131365,0,0,0,0,,,,,25621,11.04,14.8,18.24,57.5,81.43,0.0,18.56,0.0,0.0,13.6,0.0,0.0,7.76,0.0,0.0,10.03,0.0,0.0,12.74,0.0,0.0,0.0,0.0,0.0,37,0.0,0.0,0.0,0.0
2013-09-22,201339,0.0,0,0,0,0.0,0.0,0,1,431680820133919590,2023-08-21,Santa Cruz do Sul,0.0,131365,0,0,0,0,,,,,25621,9.77,13.76,17.63,44.6,86.71,0.0,11.04,0.0,0.0,18.56,0.0,0.0,13.6,0.0,0.0,7.76,0.0,0.0,13.2425,0.0,0.0,0.0,0.0,0.0,38,0.0,0.0,0.0,0.0
2013-09-29,201340,0.0,0,0,0,0.0,0.0,0,1,431680820134019590,2023-08-21,Santa Cruz do Sul,0.0,131365,0,0,0,0,,,,,25621,12.41,16.76,21.66,13.8,83.43,0.0,9.77,0.0,0.0,11.04,0.0,0.0,18.56,0.0,0.0,13.6,0.0,0.0,12.945,0.0,0.0,0.0,0.0,0.0,39,0.0,0.0,0.0,0.0
2013-10-06,201341,0.0,0,0,0,0.0,0.0,0,1,431680820134119590,2023-08-21,Santa Cruz do Sul,0.0,131365,0,0,0,0,,,,,25621,12.89,18.8,24.93,15.2,76.29,0.0,12.41,0.0,0.0,9.77,0.0,0.0,11.04,0.0,0.0,18.56,0.0,0.0,11.5275,0.0,0.0,0.0,0.0,0.0,40,0.0,0.0,0.0,0.0
2013-10-13,201342,0.0,0,0,0,0.0,0.0,0,1,431680820134219590,2023-08-21,Santa Cruz do Sul,0.0,131365,0,0,0,0,,,,,25621,15.84,20.46,25.91,54.6,82.86,0.0,12.89,0.0,0.0,12.41,0.0,0.0,9.77,0.0,0.0,11.04,0.0,0.0,12.7275,0.0,0.0,0.0,0.0,0.0,41,0.0,0.0,0.0,0.0
2013-10-20,201343,0.0,0,0,0,0.0,0.0,0,1,431680820134319590,2023-08-21,Santa Cruz do Sul,0.0,131365,0,0,0,0,,,,,25621,15.36,20.21,25.14,153.5,83.57,0.0,15.84,0.0,0.0,12.89,0.0,0.0,12.41,0.0,0.0,9.77,0.0,0.0,14.125,0.0,0.0,0.0,0.0,0.0,42,0.0,0.0,0.0,0.0
2013-10-27,201344,0.0,0,0,0,0.0,0.0,0,1,431680820134419590,2023-08-21,Santa Cruz do Sul,0.0,131365,0,0,0,0,,,,,25621,14.61,20.69,26.84,2.5,73.14,0.0,15.36,0.0,0.0,15.84,0.0,0.0,12.89,0.0,0.0,12.41,0.0,0.0,14.675,0.0,0.0,0.0,0.0,0.0,43,0.0,0.0,0.0,0.0
2013-11-03,201345,0.0,0,0,0,0.0,0.0,0,1,431680820134519590,2023-08-21,Santa Cruz do Sul,0.0,131365,0,0,0,0,,,,,25621,15.69,21.37,27.39,5.8,72.71,0.0,14.61,0.0,0.0,15.36,0.0,0.0,15.84,0.0,0.0,12.89,0.0,0.0,15.375,0.0,0.0,0.0,0.0,0.0,44,0.0,0.0,0.0,0.0
2013-11-10,201346,0.0,0,0,0,0.0,0.0,0,1,431680820134619590,2023-08-21,Santa Cruz do Sul,0.0,131365,0,0,0,0,,,,,25621,17.73,22.67,28.64,61.4,77.0,0.0,15.69,0.0,0.0,14.61,0.0,0.0,15.36,0.0,0.0,15.84,0.0,0.0,15.847499999999998,0.0,0.0,0.0,0.0,0.0,45,0.0,0.0,0.0,1.0
2013-11-17,201347,0.0,0,0,0,0.0,0.0,0,1,431680820134719590,2023-08-21,Santa Cruz do Sul,0.0,131365,0,0,0,0,,,,,25621,17.31,22.44,27.64,55.9,79.71,0.0,17.73,0.0,0.0,15.69,0.0,0.0,14.61,0.0,0.0,15.36,0.0,0.0,16.335,0.0,0.0,0.0,0.0,0.0,46,0.0,0.0,1.0,0.0
2013-11-24,201348,0.0,0,0,0,0.0,0.0,0,1,431680820134819590,2023-08-21,Santa Cruz do Sul,0.0,131365,0,0,0,0,,,,,25621,18.7,24.19,29.91,7.2,72.29,0.0,17.31,0.0,0.0,17.73,0.0,0.0,15.69,0.0,0.0,14.61,0.0,0.0,17.3575,0.0,0.0,0.0,0.0,0.0,47,0.0,1.0,0.0,1.0
2013-12-01,201349,0.0,0,0,0,0.0,0.0,0,1,431680820134919590,2023-08-21,Santa Cruz do Sul,0.0,131365,0,0,0,0,,,,,25621,17.99,23.2,28.39,68.6,76.71,0.0,18.7,0.0,0.0,17.31,0.0,0.0,17.73,0.0,0.0,15.69,0.0,0.0,17.932499999999997,0.0,0.0,0.0,0.0,0.0,48,1.0,0.0,1.0,0.0
2013-12-08,201350,1.0,1,1,1,0.9632679,0.7612378,0,1,431680820135019590,2023-08-21,Santa Cruz do Sul,18.521618,131365,1,0,0,0,,,,,25621,17.66,23.13,28.67,42.2,80.86,0.0,17.99,0.0,0.0,18.7,0.0,0.0,17.31,0.0,0.0,17.73,0.0,0.25,17.915,0.6931471805599453,0.6931471805599453,0.6931471805599453,0.6931471805599453,0.6931471805599453,49,0.0,1.0,0.0,0.0
2013-12-15,201351,0.0,0,0,0,0.0,0.0,0,1,431680820135119590,2023-08-21,Santa Cruz do Sul,0.0,131365,0,0,0,0,,,,,25621,19.56,25.6,31.86,0.3,75.29,1.0,17.66,18.521618,0.0,17.99,0.0,0.0,18.7,0.0,0.0,17.31,0.0,0.25,18.4775,0.0,-0.6931471805599453,0.0,0.0,0.0,50,1.0,0.0,0.0,0.0
2013-12-22,201352,1.0,1,1,1,0.730556,0.7612378,0,1,431680820135219590,2023-08-21,Santa Cruz do Sul,2.207831,131365,1,0,0,0,,,,,25621,21.24,27.43,34.43,11.5,71.0,0.0,19.56,0.0,1.0,17.66,18.521618,0.0,17.99,0.0,0.0,18.7,0.0,0.5,19.112499999999997,0.6931471805599453,0.6931471805599453,0.0,0.6931471805599453,0.6931471805599453,51,0.0,0.0,0.0,0.0
2013-12-29,201401,0.0,0,0,0,0.0,0.0,0,1,431680820140119590,2023-08-21,Santa Cruz do Sul,0.0,131365,0,0,0,0,,,,,25621,22.56,26.44,30.97,93.4,81.14,1.0,21.24,2.207831,0.0,19.56,0.0,1.0,17.66,18.521618,0.0,17.99,0.0,0.5,20.255,0.0,-0.6931471805599453,0.0,-0.6931471805599453,0.0,52,0.0,0.0,0.0,0.0
2014-01-05,201402,0.0,0,0,0,0.0,0.0,0,1,431680820140219590,2023-08-21,Santa Cruz do Sul,0.0,131365,0,0,0,0,,,,,25621,20.41,25.57,31.2,34.5,80.43,0.0,22.56,0.0,1.0,21.24,2.207831,0.0,19.56,0.0,1.0,17.66,18.521618,0.25,20.9425,0.0,0.0,-0.6931471805599453,0.0,-0.6931471805599453,1,0.0,0.0,0.0,0.0
2014-01-12,201403,0.0,0,0,0,0.0,0.0,0,1,431680820140319590,2023-08-21,Santa Cruz do Sul,0.0,131365,0,0,0,0,,,,,25621,20.17,24.81,29.81,47.5,84.57,0.0,20.41,0.0,0.0,22.56,0.0,1.0,21.24,2.207831,0.0,19.56,0.0,0.25,21.095,0.0,0.0,0.0,-0.6931471805599453,0.0,2,0.0,0.0,0.0,0.0
2014-01-19,201404,0.0,0,0,0,0.0,0.0,0,1,431680820140419590,2023-08-21,Santa Cruz do Sul,0.0,131365,0,0,0,0,,,,,25621,23.1,28.57,34.24,24.7,73.86,0.0,20.17,0.0,0.0,20.41,0.0,0.0,22.56,0.0,1.0,21.24,2.207831,0.0,21.560000000000002,0.0,0.0,0.0,0.0,-0.6931471805599453,3,0.0,0.0,0.0,0.0
2014-01-26,201405,0.0,0,0,0,0.0,0.0,0,1,431680820140519590,2023-08-21,Santa Cruz do Sul,0.0,131365,0,0,0,0,,,,,25621,22.36,26.89,32.91,53.6,81.29,0.0,23.1,0.0,0.0,20.17,0.0,0.0,20.41,0.0,0.0,22.56,0.0,0.0,21.509999999999998,0.0,0.0,0.0,0.0,0.0,4,0.0,0.0,0.0,0.0
2014-02-02,201406,0.0,0,0,0,0.0,0.0,0,1,431680820140619590,2023-08-21,Santa Cruz do Sul,0.0,131365,0,0,0,0,,,,,25621,23.81,29.83,36.7,3.8,73.14,0.0,22.36,0.0,0.0,23.1,0.0,0.0,20.17,0.0,0.0,20.41,0.0,0.0,22.36,0.0,0.0,0.0,0.0,0.0,5,0.0,0.0,0.0,0.0
2014-02-09,201407,0.0,0,0,0,0.0,0.0,0,1,431680820140719590,2023-08-21,Santa Cruz do Sul,0.0,131365,0,0,0,0,,,,,25621,21.56,25.61,30.86,69.0,79.14,0.0,23.81,0.0,0.0,22.36,0.0,0.0,23.1,0.0,0.0,20.17,0.0,0.0,22.7075,0.0,0.0,0.0,0.0,0.0,6,0.0,0.0,0.0,0.0
2014-02-16,201408,0.0,0,0,0,0.0,0.0,0,1,431680820140819590,2023-08-21,Santa Cruz do Sul,0.0,131365,0,0,0,0,,,,,25621,19.03,24.04,29.06,19.8,80.43,0.0,21.56,0.0,0.0,23.81,0.0,0.0,22.36,0.0,0.0,23.1,0.0,0.0,21.689999999999998,0.0,0.0,0.0,0.0,0.0,7,0.0,0.0,0.0,0.0
2014-02-23,201409,0.0,0,0,0,0.0,0.0,0,1,431680820140919590,2023-08-21,Santa Cruz do Sul,0.0,131365,0,0,0,0,,,,,25621,18.63,22.49,26.49,73.6,86.57,0.0,19.03,0.0,0.0,21.56,0.0,0.0,23.81,0.0,0.0,22.36,0.0,0.0,20.7575,0.0,0.0,0.0,0.0,0.0,8,0.0,0.0,0.0,0.0
2014-03-02,201410,0.0,0,0,0,0.0,0.0,0,1,431680820141019590,2023-08-21,Santa Cruz do Sul,0.0,131365,0,0,0,0,,,,,25621,18.74,22.89,28.17,26.4,81.57,0.0,18.63,0.0,0.0,19.03,0.0,0.0,21.56,0.0,0.0,23.81,0.0,0.0,19.490000000000002,0.0,0.0,0.0,0.0,0.0,9,0.0,0.0,0.0,0.0
2014-03-09,201411,0.0,0,0,0,0.0,0.0,0,1,431680820141119590,2023-08-21,Santa Cruz do Sul,0.0,131365,0,0,0,0,,,,,25621,18.67,23.3,28.63,7.4,80.0,0.0,18.74,0.0,0.0,18.63,0.0,0.0,19.03,0.0,0.0,21.56,0.0,0.0,18.7675,0.0,0.0,0.0,0.0,0.0,10,0.0,0.0,0.0,0.0
2014-03-16,201412,0.0,0,0,0,0.0,0.0,0,1,431680820141219590,2023-08-21,Santa Cruz do Sul,0.0,131365,0,0,0,0,,,,,25621,18.74,21.67,24.93,91.4,87.0,0.0,18.67,0.0,0.0,18.74,0.0,0.0,18.63,0.0,0.0,19.03,0.0,0.0,18.695,0.0,0.0,0.0,0.0,0.0,11,0.0,0.0,0.0,1.0
2014-03-23,201413,0.0,0,0,0,0.0,0.0,0,1,431680820141319590,2023-08-21,Santa Cruz do Sul,0.0,131365,0,0,0,0,,,,,25621,15.43,21.56,28.17,3.1,80.14,0.0,18.74,0.0,0.0,18.67,0.0,0.0,18.74,0.0,0.0,18.63,0.0,0.0,17.895,0.0,0.0,0.0,0.0,0.0,12,0.0,0.0,1.0,0.0
2014-03-30,201414,0.0,0,0,0,0.0,0.0,0,1,431680820141419590,2023-08-21,Santa Cruz do Sul,0.0,131365,0,0,0,0,,,,,25621,20.13,23.51,28.3,15.5,82.29,0.0,15.43,0.0,0.0,18.74,0.0,0.0,18.67,0.0,0.0,18.74,0.0,0.0,18.2425,0.0,0.0,0.0,0.0,0.0,13,0.0,1.0,0.0,0.0
2014-04-06,201415,0.0,0,0,0,0.0,0.0,0,1,431680820141519590,2023-08-21,Santa Cruz do Sul,0.0,131365,0,0,0,0,,,,,25621,18.64,23.11,27.7,54.4,83.57,0.0,20.13,0.0,0.0,15.43,0.0,0.0,18.74,0.0,0.0,18.67,0.0,0.0,18.235,0.0,0.0,0.0,0.0,0.0,14,1.0,0.0,0.0,0.0
2014-04-13,201416,1.0,1,1,1,0.9632679,0.7612378,0,1,431680820141619590,2023-08-21,Santa Cruz do Sul,18.521618,131365,0,0,0,0,,,,,25621,13.87,18.33,23.23,20.7,83.14,0.0,18.64,0.0,0.0,20.13,0.0,0.0,15.43,0.0,0.0,18.74,0.0,0.25,17.017500000000002,0.6931471805599453,0.6931471805599453,0.6931471805599453,0.6931471805599453,0.6931471805599453,15,0.0,0.0,0.0,0.0
2014-04-20,201417,0.0,0,0,0,0.0,0.0,0,1,431680820141719590,2023-08-21,Santa Cruz do Sul,0.0,131365,0,0,0,0,,,,,25621,12.23,16.96,22.34,0.7,81.71,1.0,13.87,18.521618,0.0,18.64,0.0,0.0,20.13,0.0,0.0,15.43,0.0,0.25,16.217499999999998,0.0,-0.6931471805599453,0.0,0.0,0.0,16,0.0,0.0,0.0,0.0
2014-04-27,201418,0.0,0,0,0,0.0,0.0,0,1,431680820141819590,2023-08-21,Santa Cruz do Sul,0.0,131365,0,0,0,0,,,,,25621,12.89,17.51,22.8,25.2,84.14,0.0,12.23,0.0,1.0,13.87,18.521618,0.0,18.64,0.0,0.0,20.13,0.0,0.25,14.4075,0.0,0.0,-0.6931471805599453,0.0,0.0,17,0.0,0.0,0.0,0.0
2014-05-04,201419,0.0,0,0,0,0.0,0.0,0,1,431680820141919590,2023-08-21,Santa Cruz do Sul,0.0,131365,0,0,0,0,,,,,25621,16.24,19.01,22.81,29.6,88.86,0.0,12.89,0.0,0.0,12.23,0.0,1.0,13.87,18.521618,0.0,18.64,0.0,0.25,13.8075,0.0,0.0,0.0,-0.6931471805599453,0.0,18,0.0,0.0,0.0,0.0
2014-05-11,201420,0.0,0,0,0,0.0,0.0,0,1,431680820142019590,2023-08-21,Santa Cruz do Sul,0.0,131365,0,0,0,0,,,,,25621,13.29,17.49,23.01,5.2,87.14,0.0,16.24,0.0,0.0,12.89,0.0,0.0,12.23,0.0,1.0,13.87,18.521618,0.0,13.6625,0.0,0.0,0.0,0.0,-0.6931471805599453,19,0.0,0.0,0.0,0.0
2014-05-18,201421,0.0,0,0,0,0.0,0.0,0,1,431680820142119590,2023-08-21,Santa Cruz do Sul,0.0,131365,0,0,0,0,,,,,25621,11.04,13.99,17.56,59.0,87.86,0.0,13.29,0.0,0.0,16.24,0.0,0.0,12.89,0.0,0.0,12.23,0.0,0.0,13.364999999999998,0.0,0.0,0.0,0.0,0.0,20,0.0,0.0,0.0,0.0
2014-05-25,201422,0.0,0,0,0,0.0,0.0,0,1,431680820142219590,2023-08-21,Santa Cruz do Sul,0.0,131365,0,0,0,0,,,,,25621,6.89,11.96,17.31,55.7,86.43,0.0,11.04,0.0,0.0,13.29,0.0,0.0,16.24,0.0,0.0,12.89,0.0,0.0,11.864999999999998,0.0,0.0,0.0,0.0,0.0,21,0.0,0.0,0.0,0.0
2014-06-01,201423,0.0,0,0,0,0.0,0.0,0,1,431680820142319590,2023-08-21,Santa Cruz do Sul,0.0,131365,0,0,0,0,,,,,25621,10.34,14.36,18.86,41.6,87.43,0.0,6.89,0.0,0.0,11.04,0.0,0.0,13.29,0.0,0.0,16.24,0.0,0.0,10.39,0.0,0.0,0.0,0.0,0.0,22,0.0,0.0,0.0,1.0
2014-06-08,201424,0.0,0,0,0,0.0,0.0,0,1,431680820142419590,2023-08-21,Santa Cruz do Sul,0.0,131365,0,0,0,0,,,,,25621,10.34,14.94,19.71,33.9,86.57,0.0,10.34,0.0,0.0,6.89,0.0,0.0,11.04,0.0,0.0,13.29,0.0,0.0,9.6525,0.0,0.0,0.0,0.0,0.0,23,0.0,0.0,1.0,0.0
2014-06-15,201425,0.0,0,0,0,0.0,0.0,0,1,431680820142519590,2023-08-21,Santa Cruz do Sul,0.0,131365,0,0,0,0,,,,,25621,7.64,11.57,16.11,0.3,87.43,0.0,10.34,0.0,0.0,10.34,0.0,0.0,6.89,0.0,0.0,11.04,0.0,0.0,8.8025,0.0,0.0,0.0,0.0,0.0,24,0.0,1.0,0.0,0.0
2014-06-22,201426,0.0,0,0,0,0.0,0.0,0,1,431680820142619590,2023-08-21,Santa Cruz do Sul,0.0,131365,0,0,0,0,,,,,25621,14.3,16.3,18.57,173.9,95.14,0.0,7.64,0.0,0.0,10.34,0.0,0.0,10.34,0.0,0.0,6.89,0.0,0.0,10.655000000000001,0.0,0.0,0.0,0.0,0.0,25,1.0,0.0,0.0,0.0
2014-06-29,201427,1.0,1,1,1,0.9632679,0.7612378,0,1,431680820142719590,2023-08-21,Santa Cruz do Sul,18.521618,131365,0,0,0,0,,,,,25621,13.34,16.17,19.59,57.3,89.29,0.0,14.3,0.0,0.0,7.64,0.0,0.0,10.34,0.0,0.0,10.34,0.0,0.25,11.405,0.6931471805599453,0.6931471805599453,0.6931471805599453,0.6931471805599453,0.6931471805599453,26,0.0,0.0,0.0,0.0
2014-07-06,201428,0.0,0,0,0,0.0,0.0,0,1,431680820142819590,2023-08-21,Santa Cruz do Sul,0.0,131365,0,0,0,0,,,,,25621,9.06,13.27,18.29,20.6,87.14,1.0,13.34,18.521618,0.0,14.3,0.0,0.0,7.64,0.0,0.0,10.34,0.0,0.25,11.085,0.0,-0.6931471805599453,0.0,0.0,0.0,27,0.0,0.0,0.0,0.0
2014-07-13,201429,0.0,0,0,0,0.0,0.0,0,1,431680820142919590,2023-08-21,Santa Cruz do Sul,0.0,131365,0,0,0,0,,,,,25621,13.47,16.99,22.01,22.0,82.14,0.0,9.06,0.0,1.0,13.34,18.521618,0.0,14.3,0.0,0.0,7.64,0.0,0.25,12.5425,0.0,0.0,-0.6931471805599453,0.0,0.0,28,0.0,0.0,0.0,0.0
2014-07-20,201430,0.0,0,0,0,0.0,0.0,0,1,431680820143019590,2023-08-21,Santa Cruz do Sul,0.0,131365,0,0,0,0,,,,,25621,8.5,12.8,18.51,53.5,83.57,0.0,13.47,0.0,0.0,9.06,0.0,1.0,13.34,18.521618,0.0,14.3,0.0,0.25,11.092500000000001,0.0,0.0,0.0,-0.6931471805599453,0.0,29,0.0,0.0,0.0,0.0
2014-07-27,201431,0.0,0,0,0,0.0,0.0,0,1,431680820143119590,2023-08-21,Santa Cruz do Sul,0.0,131365,0,0,0,0,,,,,25621,10.01,15.21,20.81,16.1,87.29,0.0,8.5,0.0,0.0,13.47,0.0,0.0,9.06,0.0,1.0,13.34,18.521618,0.0,10.26,0.0,0.0,0.0,0.0,-0.6931471805599453,30,0.0,0.0,0.0,0.0
2014-08-03,201432,0.0,0,0,0,0.0,0.0,0,1,431680820143219590,2023-08-21,Santa Cruz do Sul,0.0,131365,0,0,0,0,,,,,25621,9.44,15.0,21.13,22.5,78.0,0.0,10.01,0.0,0.0,8.5,0.0,0.0,13.47,0.0,0.0,9.06,0.0,0.0,10.355,0.0,0.0,0.0,0.0,0.0,31,0.0,0.0,0.0,0.0
2014-08-10,201433,0.0,0,0,0,0.0,0.0,0,1,431680820143319590,2023-08-21,Santa Cruz do Sul,0.0,131365,0,0,0,0,,,,,25621,8.21,13.06,18.2,27.4,82.43,0.0,9.44,0.0,0.0,10.01,0.0,0.0,8.5,0.0,0.0,13.47,0.0,0.0,9.04,0.0,0.0,0.0,0.0,0.0,32,0.0,0.0,0.0,0.0
2014-08-17,201434,0.0,0,0,0,0.0,0.0,0,1,431680820143419590,2023-08-21,Santa Cruz do Sul,0.0,131365,0,0,0,0,,,,,25621,13.11,18.21,24.74,0.0,84.86,0.0,8.21,0.0,0.0,9.44,0.0,0.0,10.01,0.0,0.0,8.5,0.0,0.0,10.192499999999999,0.0,0.0,0.0,0.0,0.0,33,0.0,0.0,0.0,0.0
2014-08-24,201435,0.0,0,0,0,0.0,0.0,0,1,431680820143519590,2023-08-21,Santa Cruz do Sul,0.0,131365,0,0,0,0,,,,,25621,9.54,14.76,21.36,3.3,70.14,0.0,13.11,0.0,0.0,8.21,0.0,0.0,9.44,0.0,0.0,10.01,0.0,0.0,10.075,0.0,0.0,0.0,0.0,0.0,34,0.0,0.0,0.0,0.0
2014-08-31,201436,0.0,0,0,0,0.0,0.0,0,1,431680820143619590,2023-08-21,Santa Cruz do Sul,0.0,131365,0,0,0,0,,,,,25621,14.51,17.41,21.46,84.2,86.0,0.0,9.54,0.0,0.0,13.11,0.0,0.0,8.21,0.0,0.0,9.44,0.0,0.0,11.3425,0.0,0.0,0.0,0.0,0.0,35,0.0,0.0,0.0,0.0
2014-09-07,201437,0.0,0,0,0,0.0,0.0,0,1,431680820143719590,2023-08-21,Santa Cruz do Sul,0.0,131365,0,0,0,0,,,,,25621,14.3,18.8,23.71,75.0,84.86,0.0,14.51,0.0,0.0,9.54,0.0,0.0,13.11,0.0,0.0,8.21,0.0,0.0,12.865,0.0,0.0,0.0,0.0,0.0,36,0.0,0.0,0.0,0.0
2014-09-14,201438,0.0,0,0,0,0.0,0.0,0,1,431680820143819590,2023-08-21,Santa Cruz do Sul,0.0,131365,0,0,0,0,,,,,25621,13.97,18.31,23.17,26.9,83.43,0.0,14.3,0.0,0.0,14.51,0.0,0.0,9.54,0.0,0.0,13.11,0.0,0.0,13.08,0.0,0.0,0.0,0.0,0.0,37,0.0,0.0,0.0,0.0
2014-09-21,201439,0.0,0,0,0,0.0,0.0,0,1,431680820143919590,2023-08-21,Santa Cruz do Sul,0.0,131365,0,0,0,0,,,,,25621,13.76,18.5,23.97,11.6,77.43,0.0,13.97,0.0,0.0,14.3,0.0,0.0,14.51,0.0,0.0,9.54,0.0,0.0,14.135,0.0,0.0,0.0,0.0,0.0,38,0.0,0.0,0.0,0.0
2014-09-28,201440,0.0,0,0,0,0.0,0.0,0,1,431680820144019590,2023-08-21,Santa Cruz do Sul,0.0,131365,0,0,0,0,,,,,25621,14.54,18.09,21.97,82.7,82.29,0.0,13.76,0.0,0.0,13.97,0.0,0.0,14.3,0.0,0.0,14.51,0.0,0.0,14.1425,0.0,0.0,0.0,0.0,0.0,39,0.0,0.0,0.0,1.0
2014-10-05,201441,0.0,0,0,0,0.0,0.0,0,1,431680820144119590,2023-08-21,Santa Cruz do Sul,0.0,131365,0,0,0,0,,,,,25621,16.27,20.44,24.59,16.7,79.14,0.0,14.54,0.0,0.0,13.76,0.0,0.0,13.97,0.0,0.0,14.3,0.0,0.0,14.635,0.0,0.0,0.0,0.0,0.0,40,0.0,0.0,1.0,0.0
2014-10-12,201442,0.0,0,0,0,0.0,0.0,0,1,431680820144219590,2023-08-21,Santa Cruz do Sul,0.0,131365,0,0,0,0,,,,,25621,17.44,20.57,24.36,143.9,88.86,0.0,16.27,0.0,0.0,14.54,0.0,0.0,13.76,0.0,0.0,13.97,0.0,0.0,15.502500000000001,0.0,0.0,0.0,0.0,0.0,41,0.0,1.0,0.0,0.0
2014-10-19,201443,0.0,0,0,0,0.0,0.0,0,1,431680820144319590,2023-08-21,Santa Cruz do Sul,0.0,131365,0,0,0,0,,,,,25621,14.61,20.44,26.1,18.7,78.86,0.0,17.44,0.0,0.0,16.27,0.0,0.0,14.54,0.0,0.0,13.76,0.0,0.0,15.715,0.0,0.0,0.0,0.0,0.0,42,1.0,0.0,0.0,0.0
2014-10-26,201444,1.0,1,1,1,0.9632679,0.7612378,0,1,431680820144419590,2023-08-21,Santa Cruz do Sul,18.521618,131365,1,0,0,0,,,,,25621,18.77,23.94,30.0,51.1,80.86,0.0,14.61,0.0,0.0,17.44,0.0,0.0,16.27,0.0,0.0,14.54,0.0,0.25,16.7725,0.6931471805599453,0.6931471805599453,0.6931471805599453,0.6931471805599453,0.6931471805599453,43,0.0,0.0,0.0,0.0
2014-11-02,201445,0.0,0,0,0,0.0,0.0,0,1,431680820144519590,2023-08-21,Santa Cruz do Sul,0.0,131365,0,0,0,0,,,,,25621,16.99,21.14,25.7,86.6,84.71,1.0,18.77,18.521618,0.0,14.61,0.0,0.0,17.44,0.0,0.0,16.27,0.0,0.25,16.9525,0.0,-0.6931471805599453,0.0,0.0,0.0,44,0.0,0.0,0.0,0.0
2014-11-09,201446,0.0,0,0,0,0.0,0.0,0,1,431680820144619590,2023-08-21,Santa Cruz do Sul,0.0,131365,0,0,0,0,,,,,25621,15.29,21.41,26.79,23.6,75.57,0.0,16.99,0.0,1.0,18.77,18.521618,0.0,14.61,0.0,0.0,17.44,0.0,0.25,16.415,0.0,0.0,-0.6931471805599453,0.0,0.0,45,0.0,0.0,0.0,0.0
2014-11-16,201447,0.0,0,0,0,0.0,0.0,0,1,431680820144719590,2023-08-21,Santa Cruz do Sul,0.0,131365,0,0,0,0,,,,,25621,17.36,23.57,29.84,12.0,72.86,0.0,15.29,0.0,0.0,16.99,0.0,1.0,18.77,18.521618,0.0,14.61,0.0,0.25,17.1025,0.0,0.0,0.0,-0.6931471805599453,0.0,46,0.0,0.0,0.0,0.0
2014-11-23,201448,0.0,0,0,0,0.0,0.0,0,1,431680820144819590,2023-08-21,Santa Cruz do Sul,0.0,131365,0,0,0,0,,,,,25621,16.76,23.31,29.7,21.2,76.0,0.0,17.36,0.0,0.0,15.29,0.0,0.0,16.99,0.0,1.0,18.77,18.521618,0.0,16.6,0.0,0.0,0.0,0.0,-0.6931471805599453,47,0.0,0.0,0.0,0.0
2014-11-30,201449,0.0,0,0,0,0.0,0.0,0,1,431680820144919590,2023-08-21,Santa Cruz do Sul,0.0,131365,0,0,0,0,,,,,25621,18.51,23.89,29.53,45.4,76.43,0.0,16.76,0.0,0.0,17.36,0.0,0.0,15.29,0.0,0.0,16.99,0.0,0.0,16.98,0.0,0.0,0.0,0.0,0.0,48,0.0,0.0,0.0,0.0
2014-12-07,201450,0.0,0,0,0,0.0,0.0,0,1,431680820145019590,2023-08-21,Santa Cruz do Sul,0.0,131365,0,0,0,0,,,,,25621,21.03,24.83,29.57,68.5,84.29,0.0,18.51,0.0,0.0,16.76,0.0,0.0,17.36,0.0,0.0,15.29,0.0,0.0,18.415,0.0,0.0,0.0,0.0,0.0,49,0.0,0.0,0.0,1.0
2014-12-14,201451,0.0,0,0,0,0.0,0.0,0,1,431680820145119590,2023-08-21,Santa Cruz do Sul,0.0,131365,0,0,0,0,,,,,25621,17.86,23.04,28.5,24.6,79.86,0.0,21.03,0.0,0.0,18.51,0.0,0.0,16.76,0.0,0.0,17.36,0.0,0.0,18.54,0.0,0.0,0.0,0.0,0.0,50,0.0,0.0,1.0,0.0
2014-12-21,201452,0.0,0,0,0,0.0,0.0,0,1,431680820145219590,2023-08-21,Santa Cruz do Sul,0.0,131365,0,0,0,0,,,,,25621,17.4,22.2,26.83,43.3,80.57,0.0,17.86,0.0,0.0,21.03,0.0,0.0,18.51,0.0,0.0,16.76,0.0,0.0,18.7,0.0,0.0,0.0,0.0,0.0,51,0.0,1.0,0.0,0.0
2014-12-28,201453,0.0,0,0,0,0.0,0.0,0,1,431680820145319590,2023-08-21,Santa Cruz do Sul,0.0,131365,0,0,0,0,,,,,25621,20.11,23.91,27.94,59.4,84.14,0.0,17.4,0.0,0.0,17.86,0.0,0.0,21.03,0.0,0.0,18.51,0.0,0.0,19.099999999999998,0.0,0.0,0.0,0.0,0.0,52,1.0,0.0,0.0,0.0
2015-01-04,201501,1.0,1,1,1,0.9632679,0.7612378,0,1,431680820150119590,2023-08-21,Santa Cruz do Sul,18.521618,131365,1,0,0,0,,,,,25621,20.99,25.81,31.64,51.9,82.57,0.0,20.11,0.0,0.0,17.4,0.0,0.0,17.86,0.0,0.0,21.03,0.0,0.25,19.089999999999996,0.6931471805599453,0.6931471805599453,0.6931471805599453,0.6931471805599453,0.6931471805599453,1,0.0,0.0,0.0,0.0
2015-01-11,201502,0.0,0,0,0,0.0,0.0,0,1,431680820150219590,2023-08-21,Santa Cruz do Sul,0.0,131365,0,0,0,0,,,,,25621,22.5,25.79,30.63,74.5,85.43,1.0,20.99,18.521618,0.0,20.11,0.0,0.0,17.4,0.0,0.0,17.86,0.0,0.25,20.25,0.0,-0.6931471805599453,0.0,0.0,0.0,2,0.0,0.0,0.0,0.0
2015-01-18,201503,0.0,0,0,0,0.0,0.0,0,1,431680820150319590,2023-08-21,Santa Cruz do Sul,0.0,131365,0,0,0,0,,,,,25621,19.24,23.86,28.86,43.9,81.57,0.0,22.5,0.0,1.0,20.99,18.521618,0.0,20.11,0.0,0.0,17.4,0.0,0.25,20.71,0.0,0.0,-0.6931471805599453,0.0,0.0,3,0.0,0.0,0.0,0.0
2015-01-25,201504,0.0,0,0,0,0.0,0.0,0,1,431680820150419590,2023-08-21,Santa Cruz do Sul,0.0,131365,0,0,0,0,,,,,25621,20.01,24.53,29.49,66.7,82.14,0.0,19.24,0.0,0.0,22.5,0.0,1.0,20.99,18.521618,0.0,20.11,0.0,0.25,20.685000000000002,0.0,0.0,0.0,-0.6931471805599453,0.0,4,0.0,0.0,0.0,0.0
2015-02-01,201505,0.0,0,0,0,0.0,0.0,0,1,431680820150519590,2023-08-21,Santa Cruz do Sul,0.0,131365,0,0,0,0,,,,,25621,20.19,24.74,30.07,9.4,81.57,0.0,20.01,0.0,0.0,19.24,0.0,0.0,22.5,0.0,1.0,20.99,18.521618,0.0,20.485,0.0,0.0,0.0,0.0,-0.6931471805599453,5,0.0,0.0,0.0,0.0
2015-02-08,201506,0.0,0,0,0,0.0,0.0,0,1,431680820150619590,2023-08-21,Santa Cruz do Sul,0.0,131365,0,0,0,0,,,,,25621,20.47,24.96,30.57,20.4,82.43,0.0,20.19,0.0,0.0,20.01,0.0,0.0,19.24,0.0,0.0,22.5,0.0,0.0,19.9775,0.0,0.0,0.0,0.0,0.0,6,0.0,0.0,0.0,0.0
2015-02-15,201507,0.0,0,0,0,0.0,0.0,0,1,431680820150719590,2023-08-21,Santa Cruz do Sul,0.0,131365,0,0,0,0,,,,,25621,19.57,23.44,28.2,17.9,83.57,0.0,20.47,0.0,0.0,20.19,0.0,0.0,20.01,0.0,0.0,19.24,0.0,0.0,20.060000000000002,0.0,0.0,0.0,0.0,0.0,7,0.0,0.0,0.0,1.0
2015-02-22,201508,0.0,0,0,0,0.0,0.0,0,1,431680820150819590,2023-08-21,Santa Cruz do Sul,0.0,131365,0,0,0,0,,,,,25621,20.04,23.81,29.19,42.3,85.29,0.0,19.57,0.0,0.0,20.47,0.0,0.0,20.19,0.0,0.0,20.01,0.0,0.0,20.0675,0.0,0.0,0.0,0.0,0.0,8,0.0,0.0,1.0,0.0
2015-03-01,201509,0.0,0,0,0,0.0,0.0,0,1,431680820150919590,2023-08-21,Santa Cruz do Sul,0.0,131365,0,0,0,0,,,,,25621,20.53,24.99,30.66,19.6,80.71,0.0,20.04,0.0,0.0,19.57,0.0,0.0,20.47,0.0,0.0,20.19,0.0,0.0,20.1525,0.0,0.0,0.0,0.0,0.0,9,0.0,1.0,0.0,0.0
2015-03-08,201510,0.0,0,0,0,0.0,0.0,0,1,431680820151019590,2023-08-21,Santa Cruz do Sul,0.0,131365,0,0,0,0,,,,,25621,19.51,24.04,29.87,12.2,82.57,0.0,20.53,0.0,0.0,20.04,0.0,0.0,19.57,0.0,0.0,20.47,0.0,0.0,19.9125,0.0,0.0,0.0,0.0,0.0,10,1.0,0.0,0.0,0.0
2015-03-15,201511,1.0,1,1,1,0.9632679,0.7612378,0,1,431680820151119590,2023-08-21,Santa Cruz do Sul,18.521618,131365,1,0,0,1,,,,,25621,18.31,23.91,30.09,9.5,78.71,0.0,19.51,0.0,0.0,20.53,0.0,0.0,20.04,0.0,0.0,19.57,0.0,0.25,19.5975,0.6931471805599453,0.6931471805599453,0.6931471805599453,0.6931471805599453,0.6931471805599453,11,0.0,0.0,0.0,1.0
2015-03-22,201512,0.0,0,0,0,0.0,0.0,0,1,431680820151219590,2023-08-21,Santa Cruz do Sul,0.0,131365,0,0,0,0,,,,,25621,15.9,20.69,25.74,9.4,80.29,1.0,18.31,18.521618,0.0,19.51,0.0,0.0,20.53,0.0,0.0,20.04,0.0,0.25,18.5625,0.0,-0.6931471805599453,0.0,0.0,0.0,12,0.0,0.0,1.0,1.0
2015-03-29,201513,0.0,0,0,0,0.0,0.0,0,1,431680820151319590,2023-08-21,Santa Cruz do Sul,0.0,131365,0,0,0,0,,,,,25621,16.56,22.06,28.4,18.5,78.29,0.0,15.9,0.0,1.0,18.31,18.521618,0.0,19.51,0.0,0.0,20.53,0.0,0.25,17.57,0.0,0.0,-0.6931471805599453,0.0,0.0,13,0.0,1.0,1.0,1.0
2015-04-05,201514,0.0,0,0,0,0.0,0.0,0,1,431680820151419590,2023-08-21,Santa Cruz do Sul,0.0,131365,0,0,0,0,,,,,25621,14.89,20.7,26.57,21.5,78.86,0.0,16.56,0.0,0.0,15.9,0.0,1.0,18.31,18.521618,0.0,19.51,0.0,0.25,16.415,0.0,0.0,0.0,-0.6931471805599453,0.0,14,1.0,1.0,1.0,0.0
2015-04-12,201515,1.0,1,1,1,0.9278851,0.7612378,0,1,431680820151519590,2023-08-21,Santa Cruz do Sul,9.260809,131365,0,0,0,0,,,,,25621,17.71,21.69,26.87,22.3,84.57,0.0,14.89,0.0,0.0,16.56,0.0,0.0,15.9,0.0,1.0,18.31,18.521618,0.25,16.265,0.6931471805599453,0.6931471805599453,0.6931471805599453,0.6931471805599453,0.0,15,1.0,1.0,0.0,0.0
2015-04-19,201516,1.0,1,1,1,0.81203085,0.7612378,0,1,431680820151619590,2023-08-21,Santa Cruz do Sul,3.3289664,131365,0,0,0,0,,,,,25621,16.01,19.61,23.96,14.8,84.86,1.0,17.71,9.260809,0.0,14.89,0.0,0.0,16.56,0.0,0.0,15.9,0.0,0.5,16.2925,0.6931471805599453,0.0,0.6931471805599453,0.6931471805599453,0.6931471805599453,16,1.0,0.0,0.0,0.0
2015-04-26,201517,1.0,1,1,1,0.6176931,0.7612378,0,1,431680820151719590,2023-08-21,Santa Cruz do Sul,1.4387707,131365,0,0,0,0,,,,,25621,12.7,17.56,23.37,3.6,84.14,1.0,16.01,3.3289664,1.0,17.71,9.260809,0.0,14.89,0.0,0.0,16.56,0.0,0.75,15.3275,0.6931471805599453,0.0,0.0,0.6931471805599453,0.6931471805599453,17,0.0,0.0,0.0,0.0
2015-05-03,201518,0.0,0,0,0,0.0,0.0,0,1,431680820151819590,2023-08-21,Santa Cruz do Sul,0.0,131365,0,0,0,0,,,,,25621,9.46,14.66,20.34,34.3,81.29,1.0,12.7,1.4387707,1.0,16.01,3.3289664,1.0,17.71,9.260809,0.0,14.89,0.0,0.75,13.97,0.0,-0.6931471805599453,-0.6931471805599453,-0.6931471805599453,0.0,18,0.0,0.0,0.0,0.0
2015-05-10,201519,0.0,0,0,0,0.0,0.0,0,1,431680820151919590,2023-08-21,Santa Cruz do Sul,0.0,131365,0,0,0,0,,,,,25621,13.51,17.46,21.97,17.5,88.57,0.0,9.46,0.0,1.0,12.7,1.4387707,1.0,16.01,3.3289664,1.0,17.71,9.260809,0.5,12.92,0.0,0.0,-0.6931471805599453,-0.6931471805599453,-0.6931471805599453,19,0.0,0.0,0.0,1.0
2015-05-17,201520,0.0,0,0,0,0.0,0.0,0,1,431680820152019590,2023-08-21,Santa Cruz do Sul,0.0,131365,0,0,0,0,,,,,25621,16.63,21.1,26.7,3.7,84.43,0.0,13.51,0.0,0.0,9.46,0.0,1.0,12.7,1.4387707,1.0,16.01,3.3289664,0.25,13.075000000000001,0.0,0.0,0.0,-0.6931471805599453,-0.6931471805599453,20,0.0,0.0,1.0,0.0
2015-05-24,201521,0.0,0,0,0,0.0,0.0,0,1,431680820152119590,2023-08-21,Santa Cruz do Sul,0.0,131365,0,0,0,0,,,,,25621,14.76,16.73,19.16,142.8,90.43,0.0,16.63,0.0,0.0,13.51,0.0,0.0,9.46,0.0,1.0,12.7,1.4387707,0.0,13.59,0.0,0.0,0.0,0.0,-0.6931471805599453,21,0.0,1.0,0.0,0.0
2015-05-31,201522,0.0,0,0,0,0.0,0.0,0,1,431680820152219590,2023-08-21,Santa Cruz do Sul,0.0,131365,0,0,0,0,,,,,25621,12.39,16.84,22.91,10.6,86.29,0.0,14.76,0.0,0.0,16.63,0.0,0.0,13.51,0.0,0.0,9.46,0.0,0.0,14.3225,0.0,0.0,0.0,0.0,0.0,22,1.0,0.0,0.0,0.0
2015-06-07,201523,1.0,1,1,1,0.96317756,0.7612378,0,1,431680820152319590,2023-08-21,Santa Cruz do Sul,18.475311,131365,0,0,0,1,,,,,25621,13.34,17.31,21.8,80.1,84.29,0.0,12.39,0.0,0.0,14.76,0.0,0.0,16.63,0.0,0.0,13.51,0.0,0.25,14.280000000000001,0.6931471805599453,0.6931471805599453,0.6931471805599453,0.6931471805599453,0.6931471805599453,23,0.0,0.0,0.0,0.0
2015-06-14,201524,0.0,0,0,0,0.0,0.0,0,1,431680820152419590,2023-08-21,Santa Cruz do Sul,0.0,131365,0,0,0,0,,,,,25621,5.94,10.96,16.63,46.4,79.57,1.0,13.34,18.475311,0.0,12.39,0.0,0.0,14.76,0.0,0.0,16.63,0.0,0.25,11.6075,0.0,-0.6931471805599453,0.0,0.0,0.0,24,0.0,0.0,0.0,0.0
2015-06-21,201525,0.0,0,0,0,0.0,0.0,0,1,431680820152519590,2023-08-21,Santa Cruz do Sul,0.0,131365,0,0,0,0,,,,,25621,10.74,14.5,19.5,47.3,86.71,0.0,5.94,0.0,1.0,13.34,18.475311,0.0,12.39,0.0,0.0,14.76,0.0,0.25,10.602500000000001,0.0,0.0,-0.6931471805599453,0.0,0.0,25,0.0,0.0,0.0,0.0
2015-06-28,201526,0.0,0,0,0,0.0,0.0,0,1,431680820152619590,2023-08-21,Santa Cruz do Sul,0.0,131365,0,0,0,0,,,,,25621,11.36,14.79,18.77,26.7,87.14,0.0,10.74,0.0,0.0,5.94,0.0,1.0,13.34,18.475311,0.0,12.39,0.0,0.25,10.345,0.0,0.0,0.0,-0.6931471805599453,0.0,26,0.0,0.0,0.0,0.0
2015-07-05,201527,0.0,0,0,0,0.0,0.0,0,1,431680820152719590,2023-08-21,Santa Cruz do Sul,0.0,131365,0,0,0,0,,,,,25621,11.2,14.11,17.7,68.9,90.71,0.0,11.36,0.0,0.0,10.74,0.0,0.0,5.94,0.0,1.0,13.34,18.475311,0.0,9.809999999999999,0.0,0.0,0.0,0.0,-0.6931471805599453,27,0.0,0.0,0.0,0.0
2015-07-12,201528,0.0,0,0,0,0.0,0.0,0,1,431680820152819590,2023-08-21,Santa Cruz do Sul,0.0,131365,0,0,0,0,,,,,25621,12.73,15.29,18.4,64.1,90.57,0.0,11.2,0.0,0.0,11.36,0.0,0.0,10.74,0.0,0.0,5.94,0.0,0.0,11.5075,0.0,0.0,0.0,0.0,0.0,28,0.0,0.0,0.0,0.0
2015-07-19,201529,0.0,0,0,0,0.0,0.0,0,1,431680820152919590,2023-08-21,Santa Cruz do Sul,0.0,131365,0,0,0,0,,,,,25621,11.04,14.16,17.74,86.1,91.43,0.0,12.73,0.0,0.0,11.2,0.0,0.0,11.36,0.0,0.0,10.74,0.0,0.0,11.5825,0.0,0.0,0.0,0.0,0.0,29,0.0,0.0,0.0,0.0
2015-07-26,201530,0.0,0,0,0,0.0,0.0,0,1,431680820153019590,2023-08-21,Santa Cruz do Sul,0.0,131365,0,0,0,0,,,,,25621,14.36,18.96,24.61,0.1,82.71,0.0,11.04,0.0,0.0,12.73,0.0,0.0,11.2,0.0,0.0,11.36,0.0,0.0,12.3325,0.0,0.0,0.0,0.0,0.0,30,0.0,0.0,0.0,0.0
2015-08-02,201531,0.0,0,0,0,0.0,0.0,0,1,431680820153119590,2023-08-21,Santa Cruz do Sul,0.0,131365,0,0,0,0,,,,,25621,18.5,22.57,27.37,25.5,72.29,0.0,14.36,0.0,0.0,11.04,0.0,0.0,12.73,0.0,0.0,11.2,0.0,0.0,14.157499999999999,0.0,0.0,0.0,0.0,0.0,31,0.0,0.0,0.0,0.0
2015-08-09,201532,0.0,0,0,0,0.0,0.0,0,1,431680820153219590,2023-08-21,Santa Cruz do Sul,0.0,131365,0,0,0,0,,,,,25621,18.81,22.29,27.19,9.0,75.14,0.0,18.5,0.0,0.0,14.36,0.0,0.0,11.04,0.0,0.0,12.73,0.0,0.0,15.677499999999998,0.0,0.0,0.0,0.0,0.0,32,0.0,0.0,0.0,0.0
2015-08-16,201533,0.0,0,0,0,0.0,0.0,0,1,431680820153319590,2023-08-21,Santa Cruz do Sul,0.0,131365,0,0,0,0,,,,,25621,14.39,17.71,22.1,27.6,85.0,0.0,18.81,0.0,0.0,18.5,0.0,0.0,14.36,0.0,0.0,11.04,0.0,0.0,16.515,0.0,0.0,0.0,0.0,0.0,33,0.0,0.0,0.0,1.0
2015-08-23,201534,0.0,0,0,0,0.0,0.0,0,1,431680820153419590,2023-08-21,Santa Cruz do Sul,0.0,131365,0,0,0,0,,,,,25621,11.37,16.61,22.03,23.7,76.86,0.0,14.39,0.0,0.0,18.81,0.0,0.0,18.5,0.0,0.0,14.36,0.0,0.0,15.7675,0.0,0.0,0.0,0.0,0.0,34,0.0,0.0,1.0,0.0
2015-08-30,201535,0.0,0,0,0,0.0,0.0,0,1,431680820153519590,2023-08-21,Santa Cruz do Sul,0.0,131365,0,0,0,0,,,,,25621,13.23,17.9,24.17,6.2,76.14,0.0,11.37,0.0,0.0,14.39,0.0,0.0,18.81,0.0,0.0,18.5,0.0,0.0,14.45,0.0,0.0,0.0,0.0,0.0,35,0.0,1.0,0.0,0.0
2015-09-06,201536,0.0,0,0,0,0.0,0.0,0,1,431680820153619590,2023-08-21,Santa Cruz do Sul,0.0,131365,0,0,0,0,,,,,25621,9.46,14.84,20.47,11.4,74.43,0.0,13.23,0.0,0.0,11.37,0.0,0.0,14.39,0.0,0.0,18.81,0.0,0.0,12.112499999999999,0.0,0.0,0.0,0.0,0.0,36,1.0,0.0,0.0,0.0
2015-09-13,201537,1.0,1,1,1,0.9632679,0.7612378,0,1,431680820153719590,2023-08-21,Santa Cruz do Sul,18.521618,131365,0,0,0,0,,,,,25621,12.0,17.03,22.13,122.4,78.86,0.0,9.46,0.0,0.0,13.23,0.0,0.0,11.37,0.0,0.0,14.39,0.0,0.25,11.515,0.6931471805599453,0.6931471805599453,0.6931471805599453,0.6931471805599453,0.6931471805599453,37,0.0,0.0,0.0,0.0
2015-09-20,201538,0.0,0,0,0,0.0,0.0,0,1,431680820153819590,2023-08-21,Santa Cruz do Sul,0.0,131365,0,0,0,0,,,,,25621,17.41,20.16,24.5,55.9,90.86,1.0,12.0,18.521618,0.0,9.46,0.0,0.0,13.23,0.0,0.0,11.37,0.0,0.25,13.025,0.0,-0.6931471805599453,0.0,0.0,0.0,38,0.0,0.0,0.0,0.0
2015-09-27,201539,0.0,0,0,0,0.0,0.0,0,1,431680820153919590,2023-08-21,Santa Cruz do Sul,0.0,131365,0,0,0,0,,,,,25621,13.59,17.96,22.79,12.8,78.14,0.0,17.41,0.0,1.0,12.0,18.521618,0.0,9.46,0.0,0.0,13.23,0.0,0.25,13.115000000000002,0.0,0.0,-0.6931471805599453,0.0,0.0,39,0.0,0.0,0.0,0.0
2015-10-04,201540,0.0,0,0,0,0.0,0.0,0,1,431680820154019590,2023-08-21,Santa Cruz do Sul,0.0,131365,0,0,0,0,,,,,25621,13.5,17.41,21.67,125.9,87.29,0.0,13.59,0.0,0.0,17.41,0.0,1.0,12.0,18.521618,0.0,9.46,0.0,0.25,14.125,0.0,0.0,0.0,-0.6931471805599453,0.0,40,0.0,0.0,0.0,0.0
2015-10-11,201541,0.0,0,0,0,0.0,0.0,0,1,431680820154119590,2023-08-21,Santa Cruz do Sul,0.0,131365,0,0,0,0,,,,,25621,14.14,17.97,22.1,20.3,83.43,0.0,13.5,0.0,0.0,13.59,0.0,0.0,17.41,0.0,1.0,12.0,18.521618,0.0,14.66,0.0,0.0,0.0,0.0,-0.6931471805599453,41,0.0,0.0,0.0,0.0
2015-10-18,201542,0.0,0,0,0,0.0,0.0,0,1,431680820154219590,2023-08-21,Santa Cruz do Sul,0.0,131365,0,0,0,0,,,,,25621,14.2,18.69,23.77,26.0,80.14,0.0,14.14,0.0,0.0,13.5,0.0,0.0,13.59,0.0,0.0,17.41,0.0,0.0,13.8575,0.0,0.0,0.0,0.0,0.0,42,0.0,0.0,0.0,1.0
2015-10-25,201543,0.0,0,0,0,0.0,0.0,0,1,431680820154319590,2023-08-21,Santa Cruz do Sul,0.0,131365,0,0,0,0,,,,,25621,17.13,21.36,25.76,26.6,83.57,0.0,14.2,0.0,0.0,14.14,0.0,0.0,13.5,0.0,0.0,13.59,0.0,0.0,14.7425,0.0,0.0,0.0,0.0,0.0,43,0.0,0.0,1.0,0.0
2015-11-01,201544,0.0,0,0,0,0.0,0.0,0,1,431680820154419590,2023-08-21,Santa Cruz do Sul,0.0,131365,0,0,0,0,,,,,25621,15.09,18.04,21.19,43.5,84.71,0.0,17.13,0.0,0.0,14.2,0.0,0.0,14.14,0.0,0.0,13.5,0.0,0.0,15.14,0.0,0.0,0.0,0.0,0.0,44,0.0,1.0,0.0,0.0
2015-11-08,201545,0.0,0,0,0,0.0,0.0,0,1,431680820154519590,2023-08-21,Santa Cruz do Sul,0.0,131365,0,0,0,0,,,,,25621,18.63,22.7,27.37,39.1,83.0,0.0,15.09,0.0,0.0,17.13,0.0,0.0,14.2,0.0,0.0,14.14,0.0,0.0,16.2625,0.0,0.0,0.0,0.0,0.0,45,1.0,0.0,0.0,1.0
2015-11-15,201546,1.0,1,1,1,0.9632679,0.7612378,0,1,431680820154619590,2023-08-21,Santa Cruz do Sul,18.521618,131365,0,0,0,0,,,,,25621,16.29,20.61,25.01,66.2,83.0,0.0,18.63,0.0,0.0,15.09,0.0,0.0,17.13,0.0,0.0,14.2,0.0,0.25,16.785,0.6931471805599453,0.6931471805599453,0.6931471805599453,0.6931471805599453,0.6931471805599453,46,0.0,0.0,1.0,0.0
2015-11-22,201547,0.0,0,0,0,0.0,0.0,0,1,431680820154719590,2023-08-21,Santa Cruz do Sul,0.0,131365,0,0,0,0,,,,,25621,17.09,21.6,26.04,29.9,80.0,1.0,16.29,18.521618,0.0,18.63,0.0,0.0,15.09,0.0,0.0,17.13,0.0,0.25,16.775,0.0,-0.6931471805599453,0.0,0.0,0.0,47,0.0,1.0,0.0,0.0
2015-11-29,201548,0.0,0,0,0,0.0,0.0,0,1,431680820154819590,2023-08-21,Santa Cruz do Sul,0.0,131365,0,0,0,0,,,,,25621,17.5,21.81,26.0,44.0,79.14,0.0,17.09,0.0,1.0,16.29,18.521618,0.0,18.63,0.0,0.0,15.09,0.0,0.25,17.377499999999998,0.0,0.0,-0.6931471805599453,0.0,0.0,48,1.0,0.0,0.0,0.0
2015-12-06,201549,1.0,1,1,1,0.8145292,0.7612378,0,1,431680820154919590,2023-08-21,Santa Cruz do Sul,3.3788157,131365,0,0,0,0,,,,,25621,16.9,22.96,29.01,42.8,77.14,0.0,17.5,0.0,0.0,17.09,0.0,1.0,16.29,18.521618,0.0,18.63,0.0,0.5,16.945,0.6931471805599453,0.6931471805599453,0.6931471805599453,0.0,0.6931471805599453,49,0.0,0.0,0.0,0.0
2015-12-13,201550,0.0,0,0,0,0.0,0.0,0,1,431680820155019590,2023-08-21,Santa Cruz do Sul,0.0,131365,0,0,0,0,,,,,25621,19.63,23.54,27.69,120.5,84.14,1.0,16.9,3.3788157,0.0,17.5,0.0,0.0,17.09,0.0,1.0,16.29,18.521618,0.25,17.779999999999998,0.0,-0.6931471805599453,0.0,0.0,-0.6931471805599453,50,0.0,0.0,0.0,0.0
2015-12-20,201551,0.0,0,0,0,0.0,0.0,0,1,431680820155119590,2023-08-21,Santa Cruz do Sul,0.0,131365,0,0,0,0,,,,,25621,20.04,22.84,25.91,52.1,88.71,0.0,19.63,0.0,1.0,16.9,3.3788157,0.0,17.5,0.0,0.0,17.09,0.0,0.25,18.5175,0.0,0.0,-0.6931471805599453,0.0,0.0,51,0.0,0.0,0.0,0.0
2015-12-27,201552,0.0,0,0,0,0.0,0.0,0,1,431680820155219590,2023-08-21,Santa Cruz do Sul,0.0,131365,0,0,0,0,,,,,25621,22.39,25.7,29.59,26.0,85.0,0.0,20.04,0.0,0.0,19.63,0.0,1.0,16.9,3.3788157,0.0,17.5,0.0,0.25,19.74,0.0,0.0,0.0,-0.6931471805599453,0.0,52,0.0,0.0,0.0,0.0
2016-01-03,201601,0.0,0,0,0,0.0,0.0,0,1,431680820160119590,2023-08-21,Santa Cruz do Sul,0.0,131365,0,0,0,0,,,,,25621,21.69,24.87,28.9,20.2,84.71,0.0,22.39,0.0,0.0,20.04,0.0,0.0,19.63,0.0,1.0,16.9,3.3788157,0.0,20.9375,0.0,0.0,0.0,0.0,-0.6931471805599453,53,0.0,0.0,0.0,1.0
2016-01-10,201602,0.0,0,0,0,0.0,0.0,0,1,431680820160219590,2023-08-21,Santa Cruz do Sul,0.0,131365,0,0,0,0,,,,,25621,21.56,26.07,31.8,2.9,76.71,0.0,21.69,0.0,0.0,22.39,0.0,0.0,20.04,0.0,0.0,19.63,0.0,0.0,21.42,0.0,0.0,0.0,0.0,0.0,1,0.0,0.0,1.0,0.0
2016-01-17,201603,0.0,0,0,0,0.0,0.0,0,1,431680820160319590,2023-08-21,Santa Cruz do Sul,0.0,131365,0,0,0,0,,,,,25621,19.14,26.44,33.31,0.0,65.0,0.0,21.56,0.0,0.0,21.69,0.0,0.0,22.39,0.0,0.0,20.04,0.0,0.0,21.195,0.0,0.0,0.0,0.0,0.0,2,0.0,1.0,0.0,2.0
2016-01-24,201604,0.0,0,0,0,0.0,0.0,0,1,431680820160419590,2023-08-21,Santa Cruz do Sul,0.0,131365,0,0,0,0,,,,,25621,19.81,25.29,31.07,32.1,76.29,0.0,19.14,0.0,0.0,21.56,0.0,0.0,21.69,0.0,0.0,22.39,0.0,0.0,20.549999999999997,0.0,0.0,0.0,0.0,0.0,3,1.0,0.0,2.0,1.0
2016-01-31,201605,1.0,1,1,1,0.9632679,0.7612378,0,1,431680820160519590,2023-08-21,Santa Cruz do Sul,18.521614,131365,1,0,0,0,,,,,25621,20.16,23.57,27.46,53.3,84.86,0.0,19.81,0.0,0.0,19.14,0.0,0.0,21.56,0.0,0.0,21.69,0.0,0.25,20.1675,0.6931471805599453,0.6931471805599453,0.6931471805599453,0.6931471805599453,0.6931471805599453,4,0.0,2.0,1.0,1.0
2016-02-07,201606,0.0,0,0,0,0.0,0.0,0,1,431680820160619590,2023-08-21,Santa Cruz do Sul,0.0,131365,0,0,0,0,,,,,25621,21.99,26.61,32.01,39.0,81.57,1.0,20.16,18.521614,0.0,19.81,0.0,0.0,19.14,0.0,0.0,21.56,0.0,0.25,20.275,0.0,-0.6931471805599453,0.0,0.0,0.0,5,2.0,1.0,1.0,1.0
2016-02-14,201607,2.0,2,2,2,0.8820878,1.5224756,0,1,431680820160719590,2023-08-21,Santa Cruz do Sul,3.945363,131365,1,0,0,1,,,,,25621,21.26,25.87,30.93,4.2,82.29,0.0,21.99,0.0,1.0,20.16,18.521614,0.0,19.81,0.0,0.0,19.14,0.0,0.75,20.805,1.0986122886681098,1.0986122886681098,0.4054651081081645,1.0986122886681098,1.0986122886681098,6,1.0,1.0,1.0,0.0
2016-02-21,201608,1.0,1,1,1,0.58240587,0.7612378,0,1,431680820160819590,2023-08-21,Santa Cruz do Sul,1.2822105,131365,1,0,0,0,,,,,25621,22.3,26.57,32.0,24.6,81.0,2.0,21.26,3.945363,0.0,21.99,0.0,1.0,20.16,18.521614,0.0,19.81,0.0,1.0,21.427500000000002,0.6931471805599453,-0.4054651081081645,0.6931471805599453,0.0,0.6931471805599453,7,1.0,1.0,0.0,0.0
2016-02-28,201609,1.0,1,1,1,0.45130128,0.7612378,0,1,431680820160919590,2023-08-21,Santa Cruz do Sul,0.87120366,131365,0,0,0,0,,,,,25621,17.91,22.11,27.0,120.6,77.86,1.0,22.3,1.2822105,2.0,21.26,3.945363,0.0,21.99,0.0,1.0,20.16,18.521614,1.0,20.865000000000002,0.6931471805599453,0.0,-0.4054651081081645,0.6931471805599453,0.0,8,1.0,0.0,0.0,0.0
2016-03-06,201610,1.0,1,1,1,0.44035006,0.7612378,0,1,431680820161019590,2023-08-21,Santa Cruz do Sul,0.8451105,131365,1,0,0,0,,,,,25621,17.43,21.33,25.63,117.5,85.0,1.0,17.91,0.87120366,1.0,22.3,1.2822105,2.0,21.26,3.945363,0.0,21.99,0.0,1.25,19.725,0.6931471805599453,0.0,0.0,-0.4054651081081645,0.6931471805599453,9,0.0,0.0,0.0,1.0
2016-03-13,201611,0.0,0,0,0,0.0,0.0,0,1,431680820161119590,2023-08-21,Santa Cruz do Sul,0.0,131365,0,0,0,0,,,,,25621,18.66,23.84,29.53,1.7,82.57,1.0,17.43,0.8451105,1.0,17.91,0.87120366,1.0,22.3,1.2822105,2.0,21.26,3.945363,0.75,19.075,0.0,-0.6931471805599453,-0.6931471805599453,-0.6931471805599453,-1.0986122886681098,10,0.0,0.0,1.0,0.0
2016-03-20,201612,0.0,0,0,0,0.0,0.0,0,1,431680820161219590,2023-08-21,Santa Cruz do Sul,0.0,131365,0,0,0,0,,,,,25621,18.63,21.14,24.51,87.5,87.43,0.0,18.66,0.0,1.0,17.43,0.8451105,1.0,17.91,0.87120366,1.0,22.3,1.2822105,0.5,18.1575,0.0,0.0,-0.6931471805599453,-0.6931471805599453,-0.6931471805599453,11,0.0,1.0,0.0,0.0
2016-03-27,201613,0.0,0,0,0,0.0,0.0,0,1,431680820161319590,2023-08-21,Santa Cruz do Sul,0.0,131365,0,0,0,0,,,,,25621,18.77,22.33,27.3,2.6,82.71,0.0,18.63,0.0,0.0,18.66,0.0,1.0,17.43,0.8451105,1.0,17.91,0.87120366,0.25,18.372500000000002,0.0,0.0,0.0,-0.6931471805599453,-0.6931471805599453,12,1.0,0.0,0.0,0.0
2016-04-03,201614,1.0,1,1,1,0.9249514,0.7612378,0,1,431680820161419590,2023-08-21,Santa Cruz do Sul,8.884893,131365,1,0,0,0,,,,,25621,20.69,24.06,28.6,5.8,86.29,0.0,18.77,0.0,0.0,18.63,0.0,0.0,18.66,0.0,1.0,17.43,0.8451105,0.25,19.1875,0.6931471805599453,0.6931471805599453,0.6931471805599453,0.6931471805599453,0.0,13,0.0,0.0,0.0,0.0
2016-04-10,201615,0.0,0,0,0,0.0,0.0,0,1,431680820161519590,2023-08-21,Santa Cruz do Sul,0.0,131365,0,0,0,0,,,,,25621,21.2,24.26,28.56,47.0,86.86,1.0,20.69,8.884893,0.0,18.77,0.0,0.0,18.63,0.0,0.0,18.66,0.0,0.25,19.822499999999998,0.0,-0.6931471805599453,0.0,0.0,0.0,14,0.0,0.0,0.0,0.0
2016-04-17,201616,0.0,0,0,0,0.0,0.0,0,1,431680820161619590,2023-08-21,Santa Cruz do Sul,0.0,131365,0,0,0,0,,,,,25621,21.33,24.71,29.03,26.9,81.57,0.0,21.2,0.0,1.0,20.69,8.884893,0.0,18.77,0.0,0.0,18.63,0.0,0.25,20.497500000000002,0.0,0.0,-0.6931471805599453,0.0,0.0,15,0.0,0.0,0.0,1.0
2016-04-24,201617,0.0,0,0,0,0.0,0.0,0,1,431680820161719590,2023-08-21,Santa Cruz do Sul,0.0,131365,0,0,0,0,,,,,25621,11.07,14.09,17.79,71.6,80.86,0.0,21.33,0.0,0.0,21.2,0.0,1.0,20.69,8.884893,0.0,18.77,0.0,0.25,18.572499999999998,0.0,0.0,0.0,-0.6931471805599453,0.0,16,0.0,0.0,1.0,0.0
2016-05-01,201618,0.0,0,0,0,0.0,0.0,0,1,431680820161819590,2023-08-21,Santa Cruz do Sul,0.0,131365,0,0,0,0,,,,,25621,9.8,14.41,20.1,0.7,85.43,0.0,11.07,0.0,0.0,21.33,0.0,0.0,21.2,0.0,1.0,20.69,8.884893,0.0,15.850000000000001,0.0,0.0,0.0,0.0,-0.6931471805599453,17,0.0,1.0,0.0,0.0
2016-05-08,201619,0.0,0,0,0,0.0,0.0,0,1,431680820161919590,2023-08-21,Santa Cruz do Sul,0.0,131365,0,0,0,0,,,,,25621,14.11,16.71,20.01,13.0,89.29,0.0,9.8,0.0,0.0,11.07,0.0,0.0,21.33,0.0,0.0,21.2,0.0,0.0,14.0775,0.0,0.0,0.0,0.0,0.0,18,1.0,0.0,0.0,0.0
2016-05-15,201620,1.0,1,1,1,0.9631786,0.7612378,0,1,431680820162019590,2023-08-21,Santa Cruz do Sul,18.47582,131365,0,0,0,0,,,,,25621,9.54,12.61,16.09,36.3,84.14,0.0,14.11,0.0,0.0,9.8,0.0,0.0,11.07,0.0,0.0,21.33,0.0,0.25,11.129999999999999,0.6931471805599453,0.6931471805599453,0.6931471805599453,0.6931471805599453,0.6931471805599453,19,0.0,0.0,0.0,0.0
2016-05-22,201621,0.0,0,0,0,0.0,0.0,0,1,431680820162119590,2023-08-21,Santa Cruz do Sul,0.0,131365,0,0,0,0,,,,,25621,10.59,13.71,17.61,0.4,87.86,1.0,9.54,18.47582,0.0,14.11,0.0,0.0,9.8,0.0,0.0,11.07,0.0,0.25,11.01,0.0,-0.6931471805599453,0.0,0.0,0.0,20,0.0,0.0,0.0,0.0
2016-05-29,201622,0.0,0,0,0,0.0,0.0,0,1,431680820162219590,2023-08-21,Santa Cruz do Sul,0.0,131365,0,0,0,0,,,,,25621,10.09,13.61,17.44,23.7,84.43,0.0,10.59,0.0,1.0,9.54,18.47582,0.0,14.11,0.0,0.0,9.8,0.0,0.25,11.0825,0.0,0.0,-0.6931471805599453,0.0,0.0,21,0.0,0.0,0.0,0.0
2016-06-05,201623,0.0,0,0,0,0.0,0.0,0,1,431680820162319590,2023-08-21,Santa Cruz do Sul,0.0,131365,0,0,0,0,,,,,25621,4.59,8.96,14.27,0.0,73.14,0.0,10.09,0.0,0.0,10.59,0.0,1.0,9.54,18.47582,0.0,14.11,0.0,0.25,8.7025,0.0,0.0,0.0,-0.6931471805599453,0.0,22,0.0,0.0,0.0,0.0
2016-06-12,201624,0.0,0,0,0,0.0,0.0,0,1,431680820162419590,2023-08-21,Santa Cruz do Sul,0.0,131365,0,0,0,0,,,,,25621,5.44,10.64,16.97,0.0,81.86,0.0,4.59,0.0,0.0,10.09,0.0,0.0,10.59,0.0,1.0,9.54,18.47582,0.0,7.6775,0.0,0.0,0.0,0.0,-0.6931471805599453,23,0.0,0.0,0.0,0.0
2016-06-19,201625,0.0,0,0,0,0.0,0.0,0,1,431680820162519590,2023-08-21,Santa Cruz do Sul,0.0,131365,0,0,0,0,,,,,25621,6.74,10.86,15.8,1.7,88.86,0.0,5.44,0.0,0.0,4.59,0.0,0.0,10.09,0.0,0.0,10.59,0.0,0.0,6.715,0.0,0.0,0.0,0.0,0.0,24,0.0,0.0,0.0,0.0
2016-06-26,201626,0.0,0,0,0,0.0,0.0,0,1,431680820162619590,2023-08-21,Santa Cruz do Sul,0.0,131365,0,0,0,0,,,,,25621,12.33,16.33,22.01,1.9,87.57,0.0,6.74,0.0,0.0,5.44,0.0,0.0,4.59,0.0,0.0,10.09,0.0,0.0,7.275,0.0,0.0,0.0,0.0,0.0,25,0.0,0.0,0.0,0.0
2016-07-03,201627,0.0,0,0,0,0.0,0.0,0,1,431680820162719590,2023-08-21,Santa Cruz do Sul,0.0,131365,0,0,0,0,,,,,25621,13.2,16.84,22.33,19.9,75.71,0.0,12.33,0.0,0.0,6.74,0.0,0.0,5.44,0.0,0.0,4.59,0.0,0.0,9.4275,0.0,0.0,0.0,0.0,0.0,26,0.0,0.0,0.0,0.0
2016-07-10,201628,0.0,0,0,0,0.0,0.0,0,1,431680820162819590,2023-08-21,Santa Cruz do Sul,0.0,131365,0,0,0,0,,,,,25621,10.69,14.1,17.04,61.2,89.86,0.0,13.2,0.0,0.0,12.33,0.0,0.0,6.74,0.0,0.0,5.44,0.0,0.0,10.74,0.0,0.0,0.0,0.0,0.0,27,0.0,0.0,0.0,0.0
2016-07-17,201629,0.0,0,0,0,0.0,0.0,0,1,431680820162919590,2023-08-21,Santa Cruz do Sul,0.0,131365,0,0,0,0,,,,,25621,4.69,9.2,14.47,0.0,80.14,0.0,10.69,0.0,0.0,13.2,0.0,0.0,12.33,0.0,0.0,6.74,0.0,0.0,10.227500000000001,0.0,0.0,0.0,0.0,0.0,28,0.0,0.0,0.0,0.0
2016-07-24,201630,0.0,0,0,0,0.0,0.0,0,1,431680820163019590,2023-08-21,Santa Cruz do Sul,0.0,131365,0,0,0,0,,,,,25621,8.87,13.77,19.19,15.3,82.29,0.0,4.69,0.0,0.0,10.69,0.0,0.0,13.2,0.0,0.0,12.33,0.0,0.0,9.3625,0.0,0.0,0.0,0.0,0.0,29,0.0,0.0,0.0,0.0
2016-07-31,201631,0.0,0,0,0,0.0,0.0,0,1,431680820163119590,2023-08-21,Santa Cruz do Sul,0.0,131365,0,0,0,0,,,,,25621,12.21,17.61,23.17,24.8,80.57,0.0,8.87,0.0,0.0,4.69,0.0,0.0,10.69,0.0,0.0,13.2,0.0,0.0,9.115,0.0,0.0,0.0,0.0,0.0,30,0.0,0.0,0.0,0.0
2016-08-07,201632,0.0,0,0,0,0.0,0.0,0,1,431680820163219590,2023-08-21,Santa Cruz do Sul,0.0,131365,0,0,0,0,,,,,25621,8.21,13.06,18.9,2.7,82.29,0.0,12.21,0.0,0.0,8.87,0.0,0.0,4.69,0.0,0.0,10.69,0.0,0.0,8.495000000000001,0.0,0.0,0.0,0.0,0.0,31,0.0,0.0,0.0,0.0
2016-08-14,201633,0.0,0,0,0,0.0,0.0,0,1,431680820163319590,2023-08-21,Santa Cruz do Sul,0.0,131365,0,0,0,0,,,,,25621,11.37,16.3,21.37,23.5,79.43,0.0,8.21,0.0,0.0,12.21,0.0,0.0,8.87,0.0,0.0,4.69,0.0,0.0,10.165000000000001,0.0,0.0,0.0,0.0,0.0,32,0.0,0.0,0.0,0.0
2016-08-21,201634,0.0,0,0,0,0.0,0.0,0,1,431680820163419590,2023-08-21,Santa Cruz do Sul,0.0,131365,0,0,0,0,,,,,25621,8.86,16.26,24.26,0.1,72.29,0.0,11.37,0.0,0.0,8.21,0.0,0.0,12.21,0.0,0.0,8.87,0.0,0.0,10.1625,0.0,0.0,0.0,0.0,0.0,33,0.0,0.0,0.0,0.0
2016-08-28,201635,0.0,0,0,0,0.0,0.0,0,1,431680820163519590,2023-08-21,Santa Cruz do Sul,0.0,131365,0,0,0,0,,,,,25621,14.51,16.9,19.56,91.5,89.0,0.0,8.86,0.0,0.0,11.37,0.0,0.0,8.21,0.0,0.0,12.21,0.0,0.0,10.7375,0.0,0.0,0.0,0.0,0.0,34,0.0,0.0,0.0,0.0
2016-09-04,201636,0.0,0,0,0,0.0,0.0,0,1,431680820163619590,2023-08-21,Santa Cruz do Sul,0.0,131365,0,0,0,0,,,,,25621,11.81,15.49,19.89,36.8,82.71,0.0,14.51,0.0,0.0,8.86,0.0,0.0,11.37,0.0,0.0,8.21,0.0,0.0,11.6375,0.0,0.0,0.0,0.0,0.0,35,0.0,0.0,0.0,0.0
2016-09-11,201637,0.0,0,0,0,0.0,0.0,0,1,431680820163719590,2023-08-21,Santa Cruz do Sul,0.0,131365,0,0,0,0,,,,,25621,12.09,17.91,24.97,17.1,72.43,0.0,11.81,0.0,0.0,14.51,0.0,0.0,8.86,0.0,0.0,11.37,0.0,0.0,11.8175,0.0,0.0,0.0,0.0,0.0,36,0.0,0.0,0.0,0.0
2016-09-18,201638,0.0,0,0,0,0.0,0.0,0,1,431680820163819590,2023-08-21,Santa Cruz do Sul,0.0,131365,0,0,0,0,,,,,25621,12.24,16.81,22.21,1.4,74.71,0.0,12.09,0.0,0.0,11.81,0.0,0.0,14.51,0.0,0.0,8.86,0.0,0.0,12.662500000000001,0.0,0.0,0.0,0.0,0.0,37,0.0,0.0,0.0,0.0
2016-09-25,201639,0.0,0,0,0,0.0,0.0,0,1,431680820163919590,2023-08-21,Santa Cruz do Sul,0.0,131365,0,0,0,0,,,,,25621,9.01,15.49,22.4,0.0,72.43,0.0,12.24,0.0,0.0,12.09,0.0,0.0,11.81,0.0,0.0,14.51,0.0,0.0,11.2875,0.0,0.0,0.0,0.0,0.0,38,0.0,0.0,0.0,0.0
2016-10-02,201640,0.0,0,0,0,0.0,0.0,0,1,431680820164019590,2023-08-21,Santa Cruz do Sul,0.0,131365,0,0,0,0,,,,,25621,13.41,17.99,23.37,19.4,77.14,0.0,9.01,0.0,0.0,12.24,0.0,0.0,12.09,0.0,0.0,11.81,0.0,0.0,11.6875,0.0,0.0,0.0,0.0,0.0,39,0.0,0.0,0.0,0.0
2016-10-09,201641,0.0,0,0,0,0.0,0.0,0,1,431680820164119590,2023-08-21,Santa Cruz do Sul,0.0,131365,0,0,0,0,,,,,25621,14.04,19.7,25.37,22.2,75.57,0.0,13.41,0.0,0.0,9.01,0.0,0.0,12.24,0.0,0.0,12.09,0.0,0.0,12.174999999999999,0.0,0.0,0.0,0.0,0.0,40,0.0,0.0,0.0,0.0
2016-10-16,201642,0.0,0,0,0,0.0,0.0,0,1,431680820164219590,2023-08-21,Santa Cruz do Sul,0.0,131365,0,0,0,0,,,,,25621,16.4,19.47,22.96,137.2,87.43,0.0,14.04,0.0,0.0,13.41,0.0,0.0,9.01,0.0,0.0,12.24,0.0,0.0,13.214999999999998,0.0,0.0,0.0,0.0,0.0,41,0.0,0.0,0.0,0.0
2016-10-23,201643,0.0,0,0,0,0.0,0.0,0,1,431680820164319590,2023-08-21,Santa Cruz do Sul,0.0,131365,0,0,0,0,,,,,25621,15.04,19.41,24.14,20.5,79.29,0.0,16.4,0.0,0.0,14.04,0.0,0.0,13.41,0.0,0.0,9.01,0.0,0.0,14.722499999999998,0.0,0.0,0.0,0.0,0.0,42,0.0,0.0,0.0,0.0
2016-10-30,201644,0.0,0,0,0,0.0,0.0,0,1,431680820164419590,2023-08-21,Santa Cruz do Sul,0.0,131365,0,0,0,0,,,,,25621,13.03,20.29,26.76,28.1,69.71,0.0,15.04,0.0,0.0,16.4,0.0,0.0,14.04,0.0,0.0,13.41,0.0,0.0,14.6275,0.0,0.0,0.0,0.0,0.0,43,0.0,0.0,0.0,0.0
2016-11-06,201645,0.0,0,0,0,0.0,0.0,0,1,431680820164519590,2023-08-21,Santa Cruz do Sul,0.0,131365,0,0,0,0,,,,,25621,16.79,22.66,28.3,26.3,74.0,0.0,13.03,0.0,0.0,15.04,0.0,0.0,16.4,0.0,0.0,14.04,0.0,0.0,15.315,0.0,0.0,0.0,0.0,0.0,44,0.0,0.0,0.0,0.0
2016-11-13,201646,0.0,0,0,0,0.0,0.0,0,1,431680820164619590,2023-08-21,Santa Cruz do Sul,0.0,131365,0,0,0,0,,,,,25621,14.07,20.26,26.23,25.3,78.29,0.0,16.79,0.0,0.0,13.03,0.0,0.0,15.04,0.0,0.0,16.4,0.0,0.0,14.7325,0.0,0.0,0.0,0.0,0.0,45,0.0,0.0,0.0,1.0
2016-11-20,201647,0.0,0,0,0,0.0,0.0,0,1,431680820164719590,2023-08-21,Santa Cruz do Sul,0.0,131365,0,0,0,0,,,,,25621,14.17,21.6,28.57,2.0,68.86,0.0,14.07,0.0,0.0,16.79,0.0,0.0,13.03,0.0,0.0,15.04,0.0,0.0,14.515,0.0,0.0,0.0,0.0,0.0,46,0.0,0.0,1.0,1.0
2016-11-27,201648,0.0,0,0,0,0.0,0.0,0,1,431680820164819590,2023-08-21,Santa Cruz do Sul,0.0,131365,0,0,0,0,,,,,25621,17.06,22.1,27.01,51.9,77.71,0.0,14.17,0.0,0.0,14.07,0.0,0.0,16.79,0.0,0.0,13.03,0.0,0.0,15.522499999999999,0.0,0.0,0.0,0.0,0.0,47,0.0,1.0,1.0,0.0
2016-12-04,201649,0.0,0,0,0,0.0,0.0,0,1,431680820164919590,2023-08-21,Santa Cruz do Sul,0.0,131365,0,0,0,0,,,,,25621,17.11,22.97,28.63,12.2,74.14,0.0,17.06,0.0,0.0,14.17,0.0,0.0,14.07,0.0,0.0,16.79,0.0,0.0,15.6025,0.0,0.0,0.0,0.0,0.0,48,1.0,1.0,0.0,0.0
2016-12-11,201650,1.0,1,1,1,0.9632679,0.7612378,0,1,431680820165019590,2023-08-21,Santa Cruz do Sul,18.521618,131365,1,0,0,0,,,,,25621,17.61,23.73,30.6,6.2,61.29,0.0,17.11,0.0,0.0,17.06,0.0,0.0,14.17,0.0,0.0,14.07,0.0,0.25,16.487499999999997,0.6931471805599453,0.6931471805599453,0.6931471805599453,0.6931471805599453,0.6931471805599453,49,1.0,0.0,0.0,0.0
2016-12-18,201651,1.0,1,1,1,0.8145292,0.7612378,0,1,431680820165119590,2023-08-21,Santa Cruz do Sul,3.3788157,131365,1,0,0,0,,,,,25621,22.13,27.13,32.84,17.4,70.71,1.0,17.61,18.521618,0.0,17.11,0.0,0.0,17.06,0.0,0.0,14.17,0.0,0.5,18.4775,0.6931471805599453,0.0,0.6931471805599453,0.6931471805599453,0.6931471805599453,50,0.0,0.0,0.0,1.0
2016-12-25,201652,0.0,0,0,0,0.0,0.0,0,1,431680820165219590,2023-08-21,Santa Cruz do Sul,0.0,131365,0,0,0,0,,,,,25621,22.51,25.94,30.5,82.5,83.0,1.0,22.13,3.3788157,1.0,17.61,18.521618,0.0,17.11,0.0,0.0,17.06,0.0,0.5,19.84,0.0,-0.6931471805599453,-0.6931471805599453,0.0,0.0,51,0.0,0.0,1.0,1.0
2017-01-01,201701,0.0,0,0,0,0.0,0.0,0,1,431680820170119590,2023-08-21,Santa Cruz do Sul,0.0,131365,0,0,0,0,,,,,25621,22.4,26.0,30.53,41.0,82.29,0.0,22.51,0.0,1.0,22.13,3.3788157,1.0,17.61,18.521618,0.0,17.11,0.0,0.5,21.1625,0.0,0.0,-0.6931471805599453,-0.6931471805599453,0.0,52,0.0,1.0,1.0,1.0
2017-01-08,201702,0.0,0,0,0,0.0,0.0,0,1,431680820170219590,2023-08-21,Santa Cruz do Sul,0.0,131365,0,0,0,0,,,,,25621,22.17,26.04,30.47,69.3,81.29,0.0,22.4,0.0,0.0,22.51,0.0,1.0,22.13,3.3788157,1.0,17.61,18.521618,0.25,22.302500000000002,0.0,0.0,0.0,-0.6931471805599453,-0.6931471805599453,1,1.0,1.0,1.0,0.0
2017-01-15,201703,1.0,1,1,1,0.92503905,0.7612378,0,1,431680820170319590,2023-08-21,Santa Cruz do Sul,8.895706,131365,1,0,0,0,,,,,25621,20.49,25.07,30.41,30.9,77.43,0.0,22.17,0.0,0.0,22.4,0.0,0.0,22.51,0.0,1.0,22.13,3.3788157,0.25,21.892500000000002,0.6931471805599453,0.6931471805599453,0.6931471805599453,0.6931471805599453,0.0,2,1.0,1.0,0.0,1.0
2017-01-22,201704,1.0,1,1,1,0.8119555,0.7612378,0,1,431680820170419590,2023-08-21,Santa Cruz do Sul,3.327484,131365,1,0,0,0,,,,,25621,19.24,24.01,29.5,11.1,76.29,1.0,20.49,8.895706,0.0,22.17,0.0,0.0,22.4,0.0,0.0,22.51,0.0,0.5,21.075,0.6931471805599453,0.0,0.6931471805599453,0.6931471805599453,0.6931471805599453,3,1.0,0.0,1.0,0.0
2017-01-29,201705,1.0,1,1,1,0.6176925,0.7612378,0,2,431680820170519590,2023-08-21,Santa Cruz do Sul,1.4387676,131365,1,0,0,0,,,,,25621,21.93,25.97,31.23,43.9,80.57,1.0,19.24,3.327484,1.0,20.49,8.895706,0.0,22.17,0.0,0.0,22.4,0.0,0.75,20.9575,0.6931471805599453,0.0,0.0,0.6931471805599453,0.6931471805599453,4,0.0,1.0,0.0,0.0
2017-02-05,201706,0.0,0,0,0,0.0,0.0,0,1,431680820170619590,2023-08-21,Santa Cruz do Sul,0.0,131365,0,0,0,0,,,,,25621,19.46,24.13,29.46,7.6,74.86,1.0,21.93,1.4387676,1.0,19.24,3.327484,1.0,20.49,8.895706,0.0,22.17,0.0,0.75,20.28,0.0,-0.6931471805599453,-0.6931471805599453,-0.6931471805599453,0.0,5,1.0,0.0,0.0,0.0
2017-02-12,201707,1.0,1,1,1,0.59505916,0.7612378,0,1,431680820170719590,2023-08-21,Santa Cruz do Sul,1.3353008,131365,1,0,0,0,,,,,25621,22.71,26.23,31.04,75.2,83.71,0.0,19.46,0.0,1.0,21.93,1.4387676,1.0,19.24,3.327484,1.0,20.49,8.895706,0.75,20.835,0.6931471805599453,0.6931471805599453,0.0,0.0,0.0,6,0.0,0.0,0.0,0.0
2017-02-19,201708,0.0,0,0,0,0.0,0.0,0,1,431680820170819590,2023-08-21,Santa Cruz do Sul,0.0,131365,0,0,0,0,,,,,25621,22.54,26.3,31.87,34.8,84.14,1.0,22.71,1.3353008,0.0,19.46,0.0,1.0,21.93,1.4387676,1.0,19.24,3.327484,0.5,21.659999999999997,0.0,-0.6931471805599453,0.0,-0.6931471805599453,-0.6931471805599453,7,0.0,0.0,0.0,0.0
2017-02-26,201709,0.0,0,0,0,0.0,0.0,0,1,431680820170919590,2023-08-21,Santa Cruz do Sul,0.0,131365,0,0,0,0,,,,,25621,22.1,26.4,31.37,34.3,80.86,0.0,22.54,0.0,1.0,22.71,1.3353008,0.0,19.46,0.0,1.0,21.93,1.4387676,0.25,21.7025,0.0,0.0,-0.6931471805599453,0.0,-0.6931471805599453,8,0.0,0.0,0.0,0.0
2017-03-05,201710,0.0,0,0,0,0.0,0.0,0,1,431680820171019590,2023-08-21,Santa Cruz do Sul,0.0,131365,0,0,0,0,,,,,25621,20.74,24.73,29.6,42.1,83.14,0.0,22.1,0.0,0.0,22.54,0.0,1.0,22.71,1.3353008,0.0,19.46,0.0,0.25,22.022499999999997,0.0,0.0,0.0,-0.6931471805599453,0.0,9,0.0,0.0,0.0,0.0
2017-03-12,201711,0.0,0,0,0,0.0,0.0,0,1,431680820171119590,2023-08-21,Santa Cruz do Sul,0.0,131365,0,0,0,0,,,,,25621,15.19,20.44,25.77,22.1,77.57,0.0,20.74,0.0,0.0,22.1,0.0,0.0,22.54,0.0,1.0,22.71,1.3353008,0.0,20.1425,0.0,0.0,0.0,0.0,-0.6931471805599453,10,0.0,0.0,0.0,0.0
2017-03-19,201712,0.0,0,0,0,0.0,0.0,0,1,431680820171219590,2023-08-21,Santa Cruz do Sul,0.0,131365,0,0,0,0,,,,,25621,17.5,22.33,28.19,7.8,81.43,0.0,15.19,0.0,0.0,20.74,0.0,0.0,22.1,0.0,0.0,22.54,0.0,0.0,18.8825,0.0,0.0,0.0,0.0,0.0,11,0.0,0.0,0.0,0.0
2017-03-26,201713,0.0,0,0,0,0.0,0.0,0,1,431680820171319590,2023-08-21,Santa Cruz do Sul,0.0,131365,0,0,0,0,,,,,25621,17.66,22.43,27.93,0.3,75.57,0.0,17.5,0.0,0.0,15.19,0.0,0.0,20.74,0.0,0.0,22.1,0.0,0.0,17.7725,0.0,0.0,0.0,0.0,0.0,12,0.0,0.0,0.0,0.0
2017-04-02,201714,0.0,0,0,0,0.0,0.0,0,1,431680820171419590,2023-08-21,Santa Cruz do Sul,0.0,131365,0,0,0,0,,,,,25621,18.16,23.0,28.41,14.4,77.29,0.0,17.66,0.0,0.0,17.5,0.0,0.0,15.19,0.0,0.0,20.74,0.0,0.0,17.1275,0.0,0.0,0.0,0.0,0.0,13,0.0,0.0,0.0,0.0
2017-04-09,201715,0.0,0,0,0,0.0,0.0,0,1,431680820171519590,2023-08-21,Santa Cruz do Sul,0.0,131365,0,0,0,0,,,,,25621,17.47,20.47,24.27,37.0,83.43,0.0,18.16,0.0,0.0,17.66,0.0,0.0,17.5,0.0,0.0,15.19,0.0,0.0,17.697499999999998,0.0,0.0,0.0,0.0,0.0,14,0.0,0.0,0.0,0.0
2017-04-16,201716,0.0,0,0,0,0.0,0.0,0,1,431680820171619590,2023-08-21,Santa Cruz do Sul,0.0,131365,0,0,0,0,,,,,25621,16.54,20.04,23.94,31.2,84.29,0.0,17.47,0.0,0.0,18.16,0.0,0.0,17.66,0.0,0.0,17.5,0.0,0.0,17.4575,0.0,0.0,0.0,0.0,0.0,15,0.0,0.0,0.0,0.0
2017-04-23,201717,0.0,0,0,0,0.0,0.0,0,1,431680820171719590,2023-08-21,Santa Cruz do Sul,0.0,131365,0,0,0,0,,,,,25621,11.9,16.36,21.43,60.2,77.71,0.0,16.54,0.0,0.0,17.47,0.0,0.0,18.16,0.0,0.0,17.66,0.0,0.0,16.017500000000002,0.0,0.0,0.0,0.0,0.0,16,0.0,0.0,0.0,0.0
2017-04-30,201718,0.0,0,0,0,0.0,0.0,0,1,431680820171819590,2023-08-21,Santa Cruz do Sul,0.0,131365,0,0,0,0,,,,,25621,13.99,18.86,24.87,0.5,85.43,0.0,11.9,0.0,0.0,16.54,0.0,0.0,17.47,0.0,0.0,18.16,0.0,0.0,14.975,0.0,0.0,0.0,0.0,0.0,17,0.0,0.0,0.0,0.0
2017-05-07,201719,0.0,0,0,0,0.0,0.0,0,1,431680820171919590,2023-08-21,Santa Cruz do Sul,0.0,131365,0,0,0,0,,,,,25621,14.59,17.67,21.79,121.8,85.43,0.0,13.99,0.0,0.0,11.9,0.0,0.0,16.54,0.0,0.0,17.47,0.0,0.0,14.254999999999999,0.0,0.0,0.0,0.0,0.0,18,0.0,0.0,0.0,0.0
2017-05-14,201720,0.0,0,0,0,0.0,0.0,0,1,431680820172019590,2023-08-21,Santa Cruz do Sul,0.0,131365,0,0,0,0,,,,,25621,14.04,17.14,20.83,44.6,89.0,0.0,14.59,0.0,0.0,13.99,0.0,0.0,11.9,0.0,0.0,16.54,0.0,0.0,13.629999999999999,0.0,0.0,0.0,0.0,0.0,19,0.0,0.0,0.0,0.0
2017-05-21,201721,0.0,0,0,0,0.0,0.0,0,1,431680820172119590,2023-08-21,Santa Cruz do Sul,0.0,131365,0,0,0,0,,,,,25621,14.56,17.8,21.27,134.0,91.0,0.0,14.04,0.0,0.0,14.59,0.0,0.0,13.99,0.0,0.0,11.9,0.0,0.0,14.295,0.0,0.0,0.0,0.0,0.0,20,0.0,0.0,0.0,0.0
2017-05-28,201722,0.0,0,0,0,0.0,0.0,0,1,431680820172219590,2023-08-21,Santa Cruz do Sul,0.0,131365,0,0,0,0,,,,,25621,13.67,15.99,18.7,59.4,92.57,0.0,14.56,0.0,0.0,14.04,0.0,0.0,14.59,0.0,0.0,13.99,0.0,0.0,14.215,0.0,0.0,0.0,0.0,0.0,21,0.0,0.0,0.0,0.0
2017-06-04,201723,0.0,0,0,0,0.0,0.0,0,1,431680820172319590,2023-08-21,Santa Cruz do Sul,0.0,131365,0,0,0,0,,,,,25621,13.3,14.71,16.47,100.1,90.57,0.0,13.67,0.0,0.0,14.56,0.0,0.0,14.04,0.0,0.0,14.59,0.0,0.0,13.892499999999998,0.0,0.0,0.0,0.0,0.0,22,0.0,0.0,0.0,0.0
2017-06-11,201724,0.0,0,0,0,0.0,0.0,0,1,431680820172419590,2023-08-21,Santa Cruz do Sul,0.0,131365,0,0,0,0,,,,,25621,11.94,16.29,22.04,0.0,82.57,0.0,13.3,0.0,0.0,13.67,0.0,0.0,14.56,0.0,0.0,14.04,0.0,0.0,13.367500000000001,0.0,0.0,0.0,0.0,0.0,23,0.0,0.0,0.0,0.0
2017-06-18,201725,0.0,0,0,0,0.0,0.0,0,1,431680820172519590,2023-08-21,Santa Cruz do Sul,0.0,131365,0,0,0,0,,,,,25621,9.83,15.0,21.27,1.1,77.57,0.0,11.94,0.0,0.0,13.3,0.0,0.0,13.67,0.0,0.0,14.56,0.0,0.0,12.185,0.0,0.0,0.0,0.0,0.0,24,0.0,0.0,0.0,0.0
2017-06-25,201726,0.0,0,0,0,0.0,0.0,0,1,431680820172619590,2023-08-21,Santa Cruz do Sul,0.0,131365,0,0,0,0,,,,,25621,14.33,18.44,24.29,2.5,77.0,0.0,9.83,0.0,0.0,11.94,0.0,0.0,13.3,0.0,0.0,13.67,0.0,0.0,12.35,0.0,0.0,0.0,0.0,0.0,25,0.0,0.0,0.0,0.0
2017-07-02,201727,0.0,0,0,0,0.0,0.0,0,1,431680820172719590,2023-08-21,Santa Cruz do Sul,0.0,131365,0,0,0,0,,,,,25621,10.04,15.36,22.66,0.0,77.43,0.0,14.33,0.0,0.0,9.83,0.0,0.0,11.94,0.0,0.0,13.3,0.0,0.0,11.534999999999998,0.0,0.0,0.0,0.0,0.0,26,0.0,0.0,0.0,0.0
2017-07-09,201728,0.0,0,0,0,0.0,0.0,0,1,431680820172819590,2023-08-21,Santa Cruz do Sul,0.0,131365,0,0,0,0,,,,,25621,15.93,20.13,26.19,3.1,77.57,0.0,10.04,0.0,0.0,14.33,0.0,0.0,9.83,0.0,0.0,11.94,0.0,0.0,12.532499999999999,0.0,0.0,0.0,0.0,0.0,27,0.0,0.0,0.0,0.0
2017-07-16,201729,0.0,0,0,0,0.0,0.0,0,1,431680820172919590,2023-08-21,Santa Cruz do Sul,0.0,131365,0,0,0,0,,,,,25621,4.6,10.57,17.9,18.3,73.29,0.0,15.93,0.0,0.0,10.04,0.0,0.0,14.33,0.0,0.0,9.83,0.0,0.0,11.225,0.0,0.0,0.0,0.0,0.0,28,0.0,0.0,0.0,0.0
2017-07-23,201730,0.0,0,0,0,0.0,0.0,0,1,431680820173019590,2023-08-21,Santa Cruz do Sul,0.0,131365,0,0,0,0,,,,,25621,14.03,19.83,27.79,0.0,74.0,0.0,4.6,0.0,0.0,15.93,0.0,0.0,10.04,0.0,0.0,14.33,0.0,0.0,11.15,0.0,0.0,0.0,0.0,0.0,29,0.0,0.0,0.0,0.0
2017-07-30,201731,0.0,0,0,0,0.0,0.0,0,1,431680820173119590,2023-08-21,Santa Cruz do Sul,0.0,131365,0,0,0,0,,,,,25621,13.01,17.49,23.34,25.2,76.86,0.0,14.03,0.0,0.0,4.6,0.0,0.0,15.93,0.0,0.0,10.04,0.0,0.0,11.8925,0.0,0.0,0.0,0.0,0.0,30,0.0,0.0,0.0,0.0
2017-08-06,201732,0.0,0,0,0,0.0,0.0,0,1,431680820173219590,2023-08-21,Santa Cruz do Sul,0.0,131365,0,0,0,0,,,,,25621,12.79,16.63,21.64,28.4,81.43,0.0,13.01,0.0,0.0,14.03,0.0,0.0,4.6,0.0,0.0,15.93,0.0,0.0,11.1075,0.0,0.0,0.0,0.0,0.0,31,0.0,0.0,0.0,0.0
2017-08-13,201733,0.0,0,0,0,0.0,0.0,0,1,431680820173319590,2023-08-21,Santa Cruz do Sul,0.0,131365,0,0,0,0,,,,,25621,11.3,16.23,22.27,50.5,84.29,0.0,12.79,0.0,0.0,13.01,0.0,0.0,14.03,0.0,0.0,4.6,0.0,0.0,12.782499999999999,0.0,0.0,0.0,0.0,0.0,32,0.0,0.0,0.0,0.0
2017-08-20,201734,0.0,0,0,0,0.0,0.0,0,1,431680820173419590,2023-08-21,Santa Cruz do Sul,0.0,131365,0,0,0,0,,,,,25621,12.5,18.53,25.31,5.8,69.86,0.0,11.3,0.0,0.0,12.79,0.0,0.0,13.01,0.0,0.0,14.03,0.0,0.0,12.399999999999999,0.0,0.0,0.0,0.0,0.0,33,0.0,0.0,0.0,1.0
2017-08-27,201735,0.0,0,0,0,0.0,0.0,0,1,431680820173519590,2023-08-21,Santa Cruz do Sul,0.0,131365,0,0,0,0,,,,,25621,14.74,20.03,26.54,10.4,78.29,0.0,12.5,0.0,0.0,11.3,0.0,0.0,12.79,0.0,0.0,13.01,0.0,0.0,12.8325,0.0,0.0,0.0,0.0,0.0,34,0.0,0.0,1.0,0.0
2017-09-03,201736,0.0,0,0,0,0.0,0.0,0,1,431680820173619590,2023-08-21,Santa Cruz do Sul,0.0,131365,0,0,0,0,,,,,25621,17.66,22.37,28.79,16.4,77.0,0.0,14.74,0.0,0.0,12.5,0.0,0.0,11.3,0.0,0.0,12.79,0.0,0.0,14.05,0.0,0.0,0.0,0.0,0.0,35,0.0,1.0,0.0,0.0
2017-09-10,201737,0.0,0,0,0,0.0,0.0,0,1,431680820173719590,2023-08-21,Santa Cruz do Sul,0.0,131365,0,0,0,0,,,,,25621,16.1,19.31,23.24,57.7,84.14,0.0,17.66,0.0,0.0,14.74,0.0,0.0,12.5,0.0,0.0,11.3,0.0,0.0,15.250000000000002,0.0,0.0,0.0,0.0,0.0,36,1.0,0.0,0.0,0.0
2017-09-17,201738,1.0,1,1,1,0.9632679,0.7612378,0,1,431680820173819590,2023-08-21,Santa Cruz do Sul,18.521618,131365,0,0,0,0,,,,,25621,16.37,20.7,25.89,12.9,82.57,0.0,16.1,0.0,0.0,17.66,0.0,0.0,14.74,0.0,0.0,12.5,0.0,0.25,16.2175,0.6931471805599453,0.6931471805599453,0.6931471805599453,0.6931471805599453,0.6931471805599453,37,0.0,0.0,0.0,0.0
2017-09-24,201739,0.0,0,0,0,0.0,0.0,0,1,431680820173919590,2023-08-21,Santa Cruz do Sul,0.0,131365,0,0,0,0,,,,,25621,16.31,19.71,23.94,33.3,85.71,1.0,16.37,18.521618,0.0,16.1,0.0,0.0,17.66,0.0,0.0,14.74,0.0,0.25,16.61,0.0,-0.6931471805599453,0.0,0.0,0.0,38,0.0,0.0,0.0,0.0
2017-10-01,201740,0.0,0,0,0,0.0,0.0,0,1,431680820174019590,2023-08-21,Santa Cruz do Sul,0.0,131365,0,0,0,0,,,,,25621,15.46,20.14,25.96,52.0,70.0,0.0,16.31,0.0,1.0,16.37,18.521618,0.0,16.1,0.0,0.0,17.66,0.0,0.25,16.060000000000002,0.0,0.0,-0.6931471805599453,0.0,0.0,39,0.0,0.0,0.0,0.0
2017-10-08,201741,0.0,0,0,0,0.0,0.0,0,1,431680820174119590,2023-08-21,Santa Cruz do Sul,0.0,131365,0,0,0,0,,,,,25621,16.33,19.11,22.21,110.1,90.0,0.0,15.46,0.0,0.0,16.31,0.0,1.0,16.37,18.521618,0.0,16.1,0.0,0.25,16.1175,0.0,0.0,0.0,-0.6931471805599453,0.0,40,0.0,0.0,0.0,0.0
2017-10-15,201742,0.0,0,0,0,0.0,0.0,0,1,431680820174219590,2023-08-21,Santa Cruz do Sul,0.0,131365,0,0,0,0,,,,,25621,16.2,21.01,26.29,38.1,79.71,0.0,16.33,0.0,0.0,15.46,0.0,0.0,16.31,0.0,1.0,16.37,18.521618,0.0,16.075,0.0,0.0,0.0,0.0,-0.6931471805599453,41,0.0,0.0,0.0,1.0
2017-10-22,201743,0.0,0,0,0,0.0,0.0,0,1,431680820174319590,2023-08-21,Santa Cruz do Sul,0.0,131365,0,0,0,0,,,,,25621,14.01,19.03,24.17,14.9,76.57,0.0,16.2,0.0,0.0,16.33,0.0,0.0,15.46,0.0,0.0,16.31,0.0,0.0,15.5,0.0,0.0,0.0,0.0,0.0,42,0.0,0.0,1.0,1.0
2017-10-29,201744,0.0,0,0,0,0.0,0.0,0,1,431680820174419590,2023-08-21,Santa Cruz do Sul,0.0,131365,0,0,0,0,,,,,25621,15.71,20.77,25.77,24.4,74.0,0.0,14.01,0.0,0.0,16.2,0.0,0.0,16.33,0.0,0.0,15.46,0.0,0.0,15.5625,0.0,0.0,0.0,0.0,0.0,43,0.0,1.0,1.0,0.0
2017-11-05,201745,0.0,0,0,0,0.0,0.0,0,1,431680820174519590,2023-08-21,Santa Cruz do Sul,0.0,131365,0,0,0,0,,,,,25621,15.01,20.43,25.8,26.5,79.0,0.0,15.71,0.0,0.0,14.01,0.0,0.0,16.2,0.0,0.0,16.33,0.0,0.0,15.2325,0.0,0.0,0.0,0.0,0.0,44,1.0,1.0,0.0,1.0
2017-11-12,201746,1.0,1,1,1,0.9632679,0.7612378,0,1,431680820174619590,2023-08-21,Santa Cruz do Sul,18.521614,131365,1,0,0,0,,,,,25621,15.64,22.31,28.53,31.4,67.86,0.0,15.01,0.0,0.0,15.71,0.0,0.0,14.01,0.0,0.0,16.2,0.0,0.25,15.092500000000001,0.6931471805599453,0.6931471805599453,0.6931471805599453,0.6931471805599453,0.6931471805599453,45,1.0,0.0,1.0,1.0
2017-11-19,201747,1.0,1,1,1,0.8145292,0.7612378,0,1,431680820174719590,2023-08-21,Santa Cruz do Sul,3.3788157,131365,1,0,0,0,,,,,25621,13.21,19.66,25.93,52.2,68.86,1.0,15.64,18.521614,0.0,15.01,0.0,0.0,15.71,0.0,0.0,14.01,0.0,0.5,14.8925,0.6931471805599453,0.0,0.6931471805599453,0.6931471805599453,0.6931471805599453,46,0.0,1.0,1.0,0.0
2017-11-26,201748,0.0,0,0,0,0.0,0.0,0,1,431680820174819590,2023-08-21,Santa Cruz do Sul,0.0,131365,0,0,0,0,,,,,25621,16.27,21.47,26.8,2.0,77.29,1.0,13.21,3.3788157,1.0,15.64,18.521614,0.0,15.01,0.0,0.0,15.71,0.0,0.5,15.032499999999999,0.0,-0.6931471805599453,-0.6931471805599453,0.0,0.0,47,1.0,1.0,0.0,0.0
2017-12-03,201749,1.0,1,1,1,0.6177504,0.7612378,0,1,431680820174919590,2023-08-21,Santa Cruz do Sul,1.4390478,131365,1,0,0,0,,,,,25621,19.44,23.86,29.06,14.9,80.29,0.0,16.27,0.0,1.0,13.21,3.3788157,1.0,15.64,18.521614,0.0,15.01,0.0,0.75,16.14,0.6931471805599453,0.6931471805599453,0.0,0.0,0.6931471805599453,48,1.0,0.0,0.0,1.0
2017-12-10,201750,1.0,1,1,1,0.6634578,0.7612378,0,1,431680820175019590,2023-08-21,Santa Cruz do Sul,1.6894078,131365,1,0,0,0,,,,,25621,18.03,25.34,32.49,0.1,64.14,1.0,19.44,1.4390478,0.0,16.27,0.0,1.0,13.21,3.3788157,1.0,15.64,18.521614,0.75,16.7375,0.6931471805599453,0.0,0.6931471805599453,0.0,0.0,49,0.0,0.0,1.0,0.0
2017-12-17,201751,0.0,0,0,0,0.0,0.0,0,1,431680820175119590,2023-08-21,Santa Cruz do Sul,0.0,131365,0,0,0,0,,,,,25621,19.81,24.5,29.79,70.6,80.0,1.0,18.03,1.6894078,1.0,19.44,1.4390478,0.0,16.27,0.0,1.0,13.21,3.3788157,0.5,18.3875,0.0,-0.6931471805599453,-0.6931471805599453,0.0,-0.6931471805599453,50,0.0,1.0,0.0,0.0
2017-12-24,201752,0.0,0,0,0,0.0,0.0,0,1,431680820175219590,2023-08-21,Santa Cruz do Sul,0.0,131365,0,0,0,0,,,,,25621,18.93,24.26,29.9,18.1,78.57,0.0,19.81,0.0,1.0,18.03,1.6894078,1.0,19.44,1.4390478,0.0,16.27,0.0,0.5,19.052500000000002,0.0,0.0,-0.6931471805599453,-0.6931471805599453,0.0,51,1.0,0.0,0.0,1.0
2017-12-31,201801,1.0,1,1,1,0.78453624,0.7612378,0,1,431680820180119590,2023-08-21,Santa Cruz do Sul,2.8564248,131365,1,0,0,0,,,,,25621,19.6,25.23,30.66,47.2,72.71,0.0,18.93,0.0,0.0,19.81,0.0,1.0,18.03,1.6894078,1.0,19.44,1.4390478,0.5,19.0925,0.6931471805599453,0.6931471805599453,0.6931471805599453,0.0,0.0,52,0.0,0.0,1.0,0.0
2018-01-07,201802,0.0,0,0,0,0.0,0.0,0,1,431680820180219590,2023-08-21,Santa Cruz do Sul,0.0,131365,0,0,0,0,,,,,25621,18.81,24.46,30.46,7.1,75.43,1.0,19.6,2.8564248,0.0,18.93,0.0,0.0,19.81,0.0,1.0,18.03,1.6894078,0.25,19.2875,0.0,-0.6931471805599453,0.0,0.0,-0.6931471805599453,1,0.0,1.0,0.0,0.0
2018-01-14,201803,0.0,0,0,0,0.0,0.0,0,1,431680820180319590,2023-08-21,Santa Cruz do Sul,0.0,131365,0,0,0,0,,,,,25621,21.41,25.69,30.46,29.8,77.57,0.0,18.81,0.0,1.0,19.6,2.8564248,0.0,18.93,0.0,0.0,19.81,0.0,0.25,19.6875,0.0,0.0,-0.6931471805599453,0.0,0.0,2,1.0,0.0,0.0,0.0
2018-01-21,201804,1.0,1,1,1,0.81445277,0.7612378,0,1,431680820180419590,2023-08-21,Santa Cruz do Sul,3.3772717,131365,1,0,0,0,,,,,25621,20.31,23.73,27.64,64.8,83.43,0.0,21.41,0.0,0.0,18.81,0.0,1.0,19.6,2.8564248,0.0,18.93,0.0,0.5,20.0325,0.6931471805599453,0.6931471805599453,0.6931471805599453,0.0,0.6931471805599453,3,0.0,0.0,0.0,0.0
2018-01-28,201805,0.0,0,0,0,0.0,0.0,0,1,431680820180519590,2023-08-21,Santa Cruz do Sul,0.0,131365,0,0,0,0,,,,,25621,19.16,24.26,29.76,10.9,76.0,1.0,20.31,3.3772717,0.0,21.41,0.0,0.0,18.81,0.0,1.0,19.6,2.8564248,0.25,19.9225,0.0,-0.6931471805599453,0.0,0.0,-0.6931471805599453,4,0.0,0.0,0.0,0.0
2018-02-04,201806,0.0,0,0,0,0.0,0.0,0,1,431680820180619590,2023-08-21,Santa Cruz do Sul,0.0,131365,0,0,0,0,,,,,25621,19.13,25.47,32.51,19.6,72.14,0.0,19.16,0.0,1.0,20.31,3.3772717,0.0,21.41,0.0,0.0,18.81,0.0,0.25,20.002499999999998,0.0,0.0,-0.6931471805599453,0.0,0.0,5,0.0,0.0,0.0,0.0
2018-02-11,201807,0.0,0,0,0,0.0,0.0,0,1,431680820180719590,2023-08-21,Santa Cruz do Sul,0.0,131365,0,0,0,0,,,,,25621,16.69,22.51,28.23,4.2,71.43,0.0,19.13,0.0,0.0,19.16,0.0,1.0,20.31,3.3772717,0.0,21.41,0.0,0.25,18.8225,0.0,0.0,0.0,-0.6931471805599453,0.0,6,0.0,0.0,0.0,0.0
2018-02-18,201808,0.0,0,0,0,0.0,0.0,0,1,431680820180819590,2023-08-21,Santa Cruz do Sul,0.0,131365,0,0,0,0,,,,,25621,18.94,23.51,29.04,30.9,77.71,0.0,16.69,0.0,0.0,19.13,0.0,0.0,19.16,0.0,1.0,20.31,3.3772717,0.0,18.48,0.0,0.0,0.0,0.0,-0.6931471805599453,7,0.0,0.0,0.0,0.0
2018-02-25,201809,0.0,0,0,0,0.0,0.0,0,1,431680820180919590,2023-08-21,Santa Cruz do Sul,0.0,131365,0,0,0,0,,,,,25621,20.2,24.83,31.21,9.5,77.86,0.0,18.94,0.0,0.0,16.69,0.0,0.0,19.13,0.0,0.0,19.16,0.0,0.0,18.740000000000002,0.0,0.0,0.0,0.0,0.0,8,0.0,0.0,0.0,0.0
2018-03-04,201810,0.0,0,0,0,0.0,0.0,0,1,431680820181019590,2023-08-21,Santa Cruz do Sul,0.0,131365,0,0,0,0,,,,,25621,18.31,24.46,31.37,5.3,68.43,0.0,20.2,0.0,0.0,18.94,0.0,0.0,16.69,0.0,0.0,19.13,0.0,0.0,18.535,0.0,0.0,0.0,0.0,0.0,9,0.0,0.0,0.0,0.0
2018-03-11,201811,0.0,0,0,0,0.0,0.0,0,1,431680820181119590,2023-08-21,Santa Cruz do Sul,0.0,131365,0,0,0,0,,,,,25621,17.13,23.7,30.57,21.0,63.0,0.0,18.31,0.0,0.0,20.2,0.0,0.0,18.94,0.0,0.0,16.69,0.0,0.0,18.645,0.0,0.0,0.0,0.0,0.0,10,0.0,0.0,0.0,0.0
2018-03-18,201812,0.0,0,0,0,0.0,0.0,0,1,431680820181219590,2023-08-21,Santa Cruz do Sul,0.0,131365,0,0,0,0,,,,,25621,17.5,22.53,27.87,50.3,76.71,0.0,17.13,0.0,0.0,18.31,0.0,0.0,20.2,0.0,0.0,18.94,0.0,0.0,18.285,0.0,0.0,0.0,0.0,0.0,11,0.0,0.0,0.0,0.0
2018-03-25,201813,0.0,0,0,0,0.0,0.0,0,1,431680820181319590,2023-08-21,Santa Cruz do Sul,0.0,131365,0,0,0,0,,,,,25621,19.39,22.07,25.47,31.9,85.43,0.0,17.5,0.0,0.0,17.13,0.0,0.0,18.31,0.0,0.0,20.2,0.0,0.0,18.0825,0.0,0.0,0.0,0.0,0.0,12,0.0,0.0,0.0,1.0
2018-04-01,201814,0.0,0,0,0,0.0,0.0,0,1,431680820181419590,2023-08-21,Santa Cruz do Sul,0.0,131365,0,0,0,0,,,,,25621,18.4,21.94,26.94,34.2,86.29,0.0,19.39,0.0,0.0,17.5,0.0,0.0,17.13,0.0,0.0,18.31,0.0,0.0,18.105,0.0,0.0,0.0,0.0,0.0,13,0.0,0.0,1.0,0.0
2018-04-08,201815,0.0,0,0,0,0.0,0.0,0,1,431680820181519590,2023-08-21,Santa Cruz do Sul,0.0,131365,0,0,0,0,,,,,25621,19.36,23.76,29.46,6.6,77.0,0.0,18.4,0.0,0.0,19.39,0.0,0.0,17.5,0.0,0.0,17.13,0.0,0.0,18.6625,0.0,0.0,0.0,0.0,0.0,14,0.0,1.0,0.0,0.0
2018-04-15,201816,0.0,0,0,0,0.0,0.0,0,1,431680820181619590,2023-08-21,Santa Cruz do Sul,0.0,131365,0,0,0,0,,,,,25621,17.0,22.36,28.66,7.2,75.71,0.0,19.36,0.0,0.0,18.4,0.0,0.0,19.39,0.0,0.0,17.5,0.0,0.0,18.5375,0.0,0.0,0.0,0.0,0.0,15,1.0,0.0,0.0,0.0
2018-04-22,201817,1.0,1,1,1,0.9632679,0.7612378,0,1,431680820181719590,2023-08-21,Santa Cruz do Sul,18.521618,131365,1,0,0,0,,,,,25621,20.19,24.41,30.14,3.1,82.86,0.0,17.0,0.0,0.0,19.36,0.0,0.0,18.4,0.0,0.0,19.39,0.0,0.25,18.7375,0.6931471805599453,0.6931471805599453,0.6931471805599453,0.6931471805599453,0.6931471805599453,16,0.0,0.0,0.0,0.0
2018-04-29,201818,0.0,0,0,0,0.0,0.0,0,1,431680820181819590,2023-08-21,Santa Cruz do Sul,0.0,131365,0,0,0,0,,,,,25621,19.16,22.39,26.76,10.2,85.0,1.0,20.19,18.521618,0.0,17.0,0.0,0.0,19.36,0.0,0.0,18.4,0.0,0.25,18.9275,0.0,-0.6931471805599453,0.0,0.0,0.0,17,0.0,0.0,0.0,0.0
2018-05-06,201819,0.0,0,0,0,0.0,0.0,0,1,431680820181919590,2023-08-21,Santa Cruz do Sul,0.0,131365,0,0,0,0,,,,,25621,17.69,20.86,24.87,8.6,83.14,0.0,19.16,0.0,1.0,20.19,18.521618,0.0,17.0,0.0,0.0,19.36,0.0,0.25,18.509999999999998,0.0,0.0,-0.6931471805599453,0.0,0.0,18,0.0,0.0,0.0,0.0
2018-05-13,201820,0.0,0,0,0,0.0,0.0,0,1,431680820182019590,2023-08-21,Santa Cruz do Sul,0.0,131365,0,0,0,0,,,,,25621,11.9,16.03,20.29,57.2,83.86,0.0,17.69,0.0,0.0,19.16,0.0,1.0,20.19,18.521618,0.0,17.0,0.0,0.25,17.235,0.0,0.0,0.0,-0.6931471805599453,0.0,19,0.0,0.0,0.0,0.0
2018-05-20,201821,0.0,0,0,0,0.0,0.0,0,1,431680820182119590,2023-08-21,Santa Cruz do Sul,0.0,131365,0,0,0,0,,,,,25621,6.56,11.93,18.06,0.0,82.57,0.0,11.9,0.0,0.0,17.69,0.0,0.0,19.16,0.0,1.0,20.19,18.521618,0.0,13.8275,0.0,0.0,0.0,0.0,-0.6931471805599453,20,0.0,0.0,0.0,0.0
2018-05-27,201822,0.0,0,0,0,0.0,0.0,0,1,431680820182219590,2023-08-21,Santa Cruz do Sul,0.0,131365,0,0,0,0,,,,,25621,14.3,18.51,23.83,28.3,81.14,0.0,6.56,0.0,0.0,11.9,0.0,0.0,17.69,0.0,0.0,19.16,0.0,0.0,12.6125,0.0,0.0,0.0,0.0,0.0,21,0.0,0.0,0.0,0.0
2018-06-03,201823,0.0,0,0,0,0.0,0.0,0,1,431680820182319590,2023-08-21,Santa Cruz do Sul,0.0,131365,0,0,0,0,,,,,25621,7.2,11.87,16.9,0.3,82.0,0.0,14.3,0.0,0.0,6.56,0.0,0.0,11.9,0.0,0.0,17.69,0.0,0.0,9.99,0.0,0.0,0.0,0.0,0.0,22,0.0,0.0,0.0,0.0
2018-06-10,201824,0.0,0,0,0,0.0,0.0,0,1,431680820182419590,2023-08-21,Santa Cruz do Sul,0.0,131365,0,0,0,0,,,,,25621,9.67,12.94,16.5,42.3,81.57,0.0,7.2,0.0,0.0,14.3,0.0,0.0,6.56,0.0,0.0,11.9,0.0,0.0,9.432500000000001,0.0,0.0,0.0,0.0,0.0,23,0.0,0.0,0.0,0.0
2018-06-17,201825,0.0,0,0,0,0.0,0.0,0,1,431680820182519590,2023-08-21,Santa Cruz do Sul,0.0,131365,0,0,0,0,,,,,25621,7.2,13.2,20.64,9.4,84.57,0.0,9.67,0.0,0.0,7.2,0.0,0.0,14.3,0.0,0.0,6.56,0.0,0.0,9.592500000000001,0.0,0.0,0.0,0.0,0.0,24,0.0,0.0,0.0,0.0
2018-06-24,201826,0.0,0,0,0,0.0,0.0,0,1,431680820182619590,2023-08-21,Santa Cruz do Sul,0.0,131365,0,0,0,0,,,,,25621,10.99,13.37,16.49,70.1,94.29,0.0,7.2,0.0,0.0,9.67,0.0,0.0,7.2,0.0,0.0,14.3,0.0,0.0,8.765,0.0,0.0,0.0,0.0,0.0,25,0.0,0.0,0.0,0.0
2018-07-01,201827,0.0,0,0,0,0.0,0.0,0,1,431680820182719590,2023-08-21,Santa Cruz do Sul,0.0,131365,0,0,0,0,,,,,25621,11.89,14.41,17.24,29.1,90.14,0.0,10.99,0.0,0.0,7.2,0.0,0.0,9.67,0.0,0.0,7.2,0.0,0.0,9.9375,0.0,0.0,0.0,0.0,0.0,26,0.0,0.0,0.0,0.0
2018-07-08,201828,0.0,0,0,0,0.0,0.0,0,1,431680820182819590,2023-08-21,Santa Cruz do Sul,0.0,131365,0,0,0,0,,,,,25621,8.57,12.27,17.3,4.7,86.86,0.0,11.89,0.0,0.0,10.99,0.0,0.0,7.2,0.0,0.0,9.67,0.0,0.0,9.662500000000001,0.0,0.0,0.0,0.0,0.0,27,0.0,0.0,0.0,0.0
2018-07-15,201829,0.0,0,0,0,0.0,0.0,0,1,431680820182919590,2023-08-21,Santa Cruz do Sul,0.0,131365,0,0,0,0,,,,,25621,13.99,18.33,23.71,53.3,81.86,0.0,8.57,0.0,0.0,11.89,0.0,0.0,10.99,0.0,0.0,7.2,0.0,0.0,11.360000000000001,0.0,0.0,0.0,0.0,0.0,28,0.0,0.0,0.0,0.0
2018-07-22,201830,0.0,0,0,0,0.0,0.0,0,1,431680820183019590,2023-08-21,Santa Cruz do Sul,0.0,131365,0,0,0,0,,,,,25621,10.53,12.84,15.67,83.0,92.57,0.0,13.99,0.0,0.0,8.57,0.0,0.0,11.89,0.0,0.0,10.99,0.0,0.0,11.245000000000001,0.0,0.0,0.0,0.0,0.0,29,0.0,0.0,0.0,0.0
2018-07-29,201831,0.0,0,0,0,0.0,0.0,0,1,431680820183119590,2023-08-21,Santa Cruz do Sul,0.0,131365,0,0,0,0,,,,,25621,8.57,12.33,16.94,0.7,83.71,0.0,10.53,0.0,0.0,13.99,0.0,0.0,8.57,0.0,0.0,11.89,0.0,0.0,10.415,0.0,0.0,0.0,0.0,0.0,30,0.0,0.0,0.0,0.0
2018-08-05,201832,0.0,0,0,0,0.0,0.0,0,1,431680820183219590,2023-08-21,Santa Cruz do Sul,0.0,131365,0,0,0,0,,,,,25621,8.4,12.04,16.27,22.4,84.29,0.0,8.57,0.0,0.0,10.53,0.0,0.0,13.99,0.0,0.0,8.57,0.0,0.0,10.3725,0.0,0.0,0.0,0.0,0.0,31,0.0,0.0,0.0,0.0
2018-08-12,201833,0.0,0,0,0,0.0,0.0,0,1,431680820183319590,2023-08-21,Santa Cruz do Sul,0.0,131365,0,0,0,0,,,,,25621,10.44,15.63,21.97,1.5,82.86,0.0,8.4,0.0,0.0,8.57,0.0,0.0,10.53,0.0,0.0,13.99,0.0,0.0,9.485,0.0,0.0,0.0,0.0,0.0,32,0.0,0.0,0.0,0.0
2018-08-19,201834,0.0,0,0,0,0.0,0.0,0,1,431680820183419590,2023-08-21,Santa Cruz do Sul,0.0,131365,0,0,0,0,,,,,25621,9.86,12.67,16.3,36.9,85.14,0.0,10.44,0.0,0.0,8.4,0.0,0.0,8.57,0.0,0.0,10.53,0.0,0.0,9.317499999999999,0.0,0.0,0.0,0.0,0.0,33,0.0,0.0,0.0,0.0
2018-08-26,201835,0.0,0,0,0,0.0,0.0,0,1,431680820183519590,2023-08-21,Santa Cruz do Sul,0.0,131365,0,0,0,0,,,,,25621,10.57,15.59,21.3,87.5,81.43,0.0,9.86,0.0,0.0,10.44,0.0,0.0,8.4,0.0,0.0,8.57,0.0,0.0,9.817499999999999,0.0,0.0,0.0,0.0,0.0,34,0.0,0.0,0.0,0.0
2018-09-02,201836,0.0,0,0,0,0.0,0.0,0,1,431680820183619590,2023-08-21,Santa Cruz do Sul,0.0,131365,0,0,0,0,,,,,25621,11.74,16.4,21.71,24.6,82.86,0.0,10.57,0.0,0.0,9.86,0.0,0.0,10.44,0.0,0.0,8.4,0.0,0.0,10.6525,0.0,0.0,0.0,0.0,0.0,35,0.0,0.0,0.0,0.0
2018-09-09,201837,0.0,0,0,0,0.0,0.0,0,1,431680820183719590,2023-08-21,Santa Cruz do Sul,0.0,131365,0,0,0,0,,,,,25621,14.76,17.89,22.21,56.3,85.86,0.0,11.74,0.0,0.0,10.57,0.0,0.0,9.86,0.0,0.0,10.44,0.0,0.0,11.732500000000002,0.0,0.0,0.0,0.0,0.0,36,0.0,0.0,0.0,0.0
2018-09-16,201838,0.0,0,0,0,0.0,0.0,0,1,431680820183819590,2023-08-21,Santa Cruz do Sul,0.0,131365,0,0,0,0,,,,,25621,15.97,20.39,25.73,16.0,83.29,0.0,14.76,0.0,0.0,11.74,0.0,0.0,10.57,0.0,0.0,9.86,0.0,0.0,13.260000000000002,0.0,0.0,0.0,0.0,0.0,37,0.0,0.0,0.0,0.0
2018-09-23,201839,0.0,0,0,0,0.0,0.0,0,1,431680820183919590,2023-08-21,Santa Cruz do Sul,0.0,131365,0,0,0,0,,,,,25621,18.49,21.44,25.33,58.3,87.14,0.0,15.97,0.0,0.0,14.76,0.0,0.0,11.74,0.0,0.0,10.57,0.0,0.0,15.239999999999998,0.0,0.0,0.0,0.0,0.0,38,0.0,0.0,0.0,0.0
2018-09-30,201840,0.0,0,0,0,0.0,0.0,0,1,431680820184019590,2023-08-21,Santa Cruz do Sul,0.0,131365,0,0,0,0,,,,,25621,13.9,17.41,21.37,49.2,81.57,0.0,18.49,0.0,0.0,15.97,0.0,0.0,14.76,0.0,0.0,11.74,0.0,0.0,15.78,0.0,0.0,0.0,0.0,0.0,39,0.0,0.0,0.0,0.0
2018-10-07,201841,0.0,0,0,0,0.0,0.0,0,1,431680820184119590,2023-08-21,Santa Cruz do Sul,0.0,131365,0,0,0,0,,,,,25621,15.97,20.17,24.54,23.7,81.86,0.0,13.9,0.0,0.0,18.49,0.0,0.0,15.97,0.0,0.0,14.76,0.0,0.0,16.0825,0.0,0.0,0.0,0.0,0.0,40,0.0,0.0,0.0,0.0
2018-10-14,201842,0.0,0,0,0,0.0,0.0,0,1,431680820184219590,2023-08-21,Santa Cruz do Sul,0.0,131365,0,0,0,0,,,,,25621,15.79,20.5,25.76,5.7,78.29,0.0,15.97,0.0,0.0,13.9,0.0,0.0,18.49,0.0,0.0,15.97,0.0,0.0,16.037499999999998,0.0,0.0,0.0,0.0,0.0,41,0.0,0.0,0.0,0.0
2018-10-21,201843,0.0,0,0,0,0.0,0.0,0,1,431680820184319590,2023-08-21,Santa Cruz do Sul,0.0,131365,0,0,0,0,,,,,25621,15.49,20.44,25.53,13.0,75.57,0.0,15.79,0.0,0.0,15.97,0.0,0.0,13.9,0.0,0.0,18.49,0.0,0.0,15.2875,0.0,0.0,0.0,0.0,0.0,42,0.0,0.0,0.0,0.0
2018-10-28,201844,0.0,0,0,0,0.0,0.0,0,1,431680820184419590,2023-08-21,Santa Cruz do Sul,0.0,131365,0,0,0,0,,,,,25621,16.14,20.84,25.81,35.3,78.57,0.0,15.49,0.0,0.0,15.79,0.0,0.0,15.97,0.0,0.0,13.9,0.0,0.0,15.8475,0.0,0.0,0.0,0.0,0.0,43,0.0,0.0,0.0,0.0
2018-11-04,201845,0.0,0,0,0,0.0,0.0,0,1,431680820184519590,2023-08-21,Santa Cruz do Sul,0.0,131365,0,0,0,0,,,,,25621,16.99,22.87,28.83,0.6,72.43,0.0,16.14,0.0,0.0,15.49,0.0,0.0,15.79,0.0,0.0,15.97,0.0,0.0,16.1025,0.0,0.0,0.0,0.0,0.0,44,0.0,0.0,0.0,0.0
2018-11-11,201846,0.0,0,0,0,0.0,0.0,0,1,431680820184619590,2023-08-21,Santa Cruz do Sul,0.0,131365,0,0,0,0,,,,,25621,18.99,24.93,30.86,49.7,70.14,0.0,16.99,0.0,0.0,16.14,0.0,0.0,15.49,0.0,0.0,15.79,0.0,0.0,16.902499999999996,0.0,0.0,0.0,0.0,0.0,45,0.0,0.0,0.0,0.0
2018-11-18,201847,0.0,0,0,0,0.0,0.0,0,1,431680820184719590,2023-08-21,Santa Cruz do Sul,0.0,131365,0,0,0,0,,,,,25621,16.11,22.5,28.74,84.7,73.43,0.0,18.99,0.0,0.0,16.99,0.0,0.0,16.14,0.0,0.0,15.49,0.0,0.0,17.057499999999997,0.0,0.0,0.0,0.0,0.0,46,0.0,0.0,0.0,1.0
2018-11-25,201848,0.0,0,0,0,0.0,0.0,0,1,431680820184819590,2023-08-21,Santa Cruz do Sul,0.0,131365,0,0,0,0,,,,,25621,18.34,22.53,27.26,32.5,79.0,0.0,16.11,0.0,0.0,18.99,0.0,0.0,16.99,0.0,0.0,16.14,0.0,0.0,17.607499999999998,0.0,0.0,0.0,0.0,0.0,47,0.0,0.0,1.0,0.0
2018-12-02,201849,0.0,0,0,0,0.0,0.0,0,1,431680820184919590,2023-08-21,Santa Cruz do Sul,0.0,131365,0,0,0,0,,,,,25621,13.51,19.66,25.33,0.0,62.29,0.0,18.34,0.0,0.0,16.11,0.0,0.0,18.99,0.0,0.0,16.99,0.0,0.0,16.7375,0.0,0.0,0.0,0.0,0.0,48,0.0,1.0,0.0,0.0
2018-12-09,201850,0.0,0,0,0,0.0,0.0,0,1,431680820185019590,2023-08-21,Santa Cruz do Sul,0.0,131365,0,0,0,0,,,,,25621,19.89,26.14,32.76,3.9,70.0,0.0,13.51,0.0,0.0,18.34,0.0,0.0,16.11,0.0,0.0,18.99,0.0,0.0,16.9625,0.0,0.0,0.0,0.0,0.0,49,1.0,0.0,0.0,0.0
2018-12-16,201851,1.0,1,1,1,0.9632679,0.7612378,0,1,431680820185119590,2023-08-21,Santa Cruz do Sul,18.521618,131365,1,0,0,1,,,,,25621,21.24,24.66,29.39,48.3,84.57,0.0,19.89,0.0,0.0,13.51,0.0,0.0,18.34,0.0,0.0,16.11,0.0,0.25,18.245,0.6931471805599453,0.6931471805599453,0.6931471805599453,0.6931471805599453,0.6931471805599453,50,0.0,0.0,0.0,1.0
2018-12-23,201852,0.0,0,0,0,0.0,0.0,0,1,431680820185219590,2023-08-21,Santa Cruz do Sul,0.0,131365,0,0,0,0,,,,,25621,19.61,25.59,31.83,13.9,73.0,1.0,21.24,18.521618,0.0,19.89,0.0,0.0,13.51,0.0,0.0,18.34,0.0,0.25,18.5625,0.0,-0.6931471805599453,0.0,0.0,0.0,51,0.0,0.0,1.0,0.0
2018-12-30,201901,0.0,0,0,0,0.0,0.0,0,1,431680820190119590,2023-08-21,Santa Cruz do Sul,0.0,131365,0,0,0,0,,,,,25621,22.04,27.21,33.26,13.8,73.86,0.0,19.61,0.0,1.0,21.24,18.521618,0.0,19.89,0.0,0.0,13.51,0.0,0.25,20.695,0.0,0.0,-0.6931471805599453,0.0,0.0,52,0.0,1.0,0.0,0.0
2019-01-06,201902,0.0,0,0,0,0.0,0.0,0,1,431680820190219590,2023-08-21,Santa Cruz do Sul,0.0,131365,0,0,0,0,,,,,25621,22.3,25.33,29.2,26.0,81.71,0.0,22.04,0.0,0.0,19.61,0.0,1.0,21.24,18.521618,0.0,19.89,0.0,0.25,21.2975,0.0,0.0,0.0,-0.6931471805599453,0.0,1,1.0,0.0,0.0,0.0
2019-01-13,201903,1.0,1,1,1,0.9278851,0.7612378,0,1,431680820190319590,2023-08-21,Santa Cruz do Sul,9.260809,131365,1,0,0,0,,,,,25621,21.89,25.14,29.23,79.8,87.71,0.0,22.3,0.0,0.0,22.04,0.0,0.0,19.61,0.0,1.0,21.24,18.521618,0.25,21.46,0.6931471805599453,0.6931471805599453,0.6931471805599453,0.6931471805599453,0.0,2,0.0,0.0,0.0,0.0
2019-01-20,201904,0.0,0,0,0,0.0,0.0,0,1,431680820190419590,2023-08-21,Santa Cruz do Sul,0.0,131365,0,0,0,0,,,,,25621,21.21,25.96,31.24,4.9,79.57,1.0,21.89,9.260809,0.0,22.3,0.0,0.0,22.04,0.0,0.0,19.61,0.0,0.25,21.86,0.0,-0.6931471805599453,0.0,0.0,0.0,3,0.0,0.0,0.0,0.0
2019-01-27,201905,0.0,0,0,0,0.0,0.0,0,1,431680820190519590,2023-08-21,Santa Cruz do Sul,0.0,131365,0,0,0,0,,,,,25621,23.69,28.66,34.87,44.4,73.14,0.0,21.21,0.0,1.0,21.89,9.260809,0.0,22.3,0.0,0.0,22.04,0.0,0.25,22.2725,0.0,0.0,-0.6931471805599453,0.0,0.0,4,0.0,0.0,0.0,0.0
2019-02-03,201906,0.0,0,0,0,0.0,0.0,0,1,431680820190619590,2023-08-21,Santa Cruz do Sul,0.0,131365,0,0,0,0,,,,,25621,17.99,24.49,30.54,0.7,70.29,0.0,23.69,0.0,0.0,21.21,0.0,1.0,21.89,9.260809,0.0,22.3,0.0,0.25,21.195,0.0,0.0,0.0,-0.6931471805599453,0.0,5,0.0,0.0,0.0,0.0
2019-02-10,201907,0.0,0,0,0,0.0,0.0,0,1,431680820190719590,2023-08-21,Santa Cruz do Sul,0.0,131365,0,0,0,0,,,,,25621,19.4,23.64,28.03,63.7,79.43,0.0,17.99,0.0,0.0,23.69,0.0,0.0,21.21,0.0,1.0,21.89,9.260809,0.0,20.572499999999998,0.0,0.0,0.0,0.0,-0.6931471805599453,6,0.0,0.0,0.0,0.0
2019-02-17,201908,0.0,0,0,0,0.0,0.0,0,1,431680820190819590,2023-08-21,Santa Cruz do Sul,0.0,131365,0,0,0,0,,,,,25621,19.91,26.46,32.69,9.0,73.57,0.0,19.4,0.0,0.0,17.99,0.0,0.0,23.69,0.0,0.0,21.21,0.0,0.0,20.2475,0.0,0.0,0.0,0.0,0.0,7,0.0,0.0,0.0,0.0
2019-02-24,201909,0.0,0,0,0,0.0,0.0,0,1,431680820190919590,2023-08-21,Santa Cruz do Sul,0.0,131365,0,0,0,0,,,,,25621,18.16,22.54,27.7,38.1,77.14,0.0,19.91,0.0,0.0,19.4,0.0,0.0,17.99,0.0,0.0,23.69,0.0,0.0,18.865000000000002,0.0,0.0,0.0,0.0,0.0,8,0.0,0.0,0.0,0.0
2019-03-03,201910,0.0,0,0,0,0.0,0.0,0,1,431680820191019590,2023-08-21,Santa Cruz do Sul,0.0,131365,0,0,0,0,,,,,25621,20.5,24.81,30.41,68.5,80.71,0.0,18.16,0.0,0.0,19.91,0.0,0.0,19.4,0.0,0.0,17.99,0.0,0.0,19.4925,0.0,0.0,0.0,0.0,0.0,9,0.0,0.0,0.0,1.0
2019-03-10,201911,0.0,0,0,0,0.0,0.0,0,1,431680820191119590,2023-08-21,Santa Cruz do Sul,0.0,131365,0,0,0,0,,,,,25621,17.84,22.29,27.37,27.3,80.0,0.0,20.5,0.0,0.0,18.16,0.0,0.0,19.91,0.0,0.0,19.4,0.0,0.0,19.1025,0.0,0.0,0.0,0.0,0.0,10,0.0,0.0,1.0,0.0
2019-03-17,201912,0.0,0,0,0,0.0,0.0,0,1,431680820191219590,2023-08-21,Santa Cruz do Sul,0.0,131365,0,0,0,0,,,,,25621,17.04,20.79,25.36,52.9,82.29,0.0,17.84,0.0,0.0,20.5,0.0,0.0,18.16,0.0,0.0,19.91,0.0,0.0,18.385,0.0,0.0,0.0,0.0,0.0,11,0.0,1.0,0.0,2.0
2019-03-24,201913,0.0,0,0,0,0.0,0.0,0,1,431680820191319590,2023-08-21,Santa Cruz do Sul,0.0,131365,0,0,0,0,,,,,25621,16.3,21.43,27.31,2.0,75.71,0.0,17.04,0.0,0.0,17.84,0.0,0.0,20.5,0.0,0.0,18.16,0.0,0.0,17.92,0.0,0.0,0.0,0.0,0.0,12,1.0,0.0,2.0,4.0
2019-03-31,201914,1.0,1,1,1,0.9632679,0.7612378,0,1,431680820191419590,2023-08-21,Santa Cruz do Sul,18.521618,131365,1,0,0,0,,,,,25621,20.26,23.87,28.59,43.5,85.0,0.0,16.3,0.0,0.0,17.04,0.0,0.0,17.84,0.0,0.0,20.5,0.0,0.25,17.86,0.6931471805599453,0.6931471805599453,0.6931471805599453,0.6931471805599453,0.6931471805599453,13,0.0,2.0,4.0,10.0
2019-04-07,201915,0.0,0,0,0,0.0,0.0,0,1,431680820191519590,2023-08-21,Santa Cruz do Sul,0.0,131365,0,0,0,0,,,,,25621,16.84,21.21,26.54,5.4,82.57,1.0,20.26,18.521618,0.0,16.3,0.0,0.0,17.04,0.0,0.0,17.84,0.0,0.25,17.61,0.0,-0.6931471805599453,0.0,0.0,0.0,14,2.0,4.0,10.0,5.0
2019-04-14,201916,2.0,2,2,2,0.8820878,1.5224756,0,1,431680820191619590,2023-08-21,Santa Cruz do Sul,3.945363,131365,1,0,0,2,,,,,25621,16.96,20.97,25.86,34.5,85.86,0.0,16.84,0.0,1.0,20.26,18.521618,0.0,16.3,0.0,0.0,17.04,0.0,0.75,17.590000000000003,1.0986122886681098,1.0986122886681098,0.4054651081081645,1.0986122886681098,1.0986122886681098,15,4.0,10.0,5.0,12.0
2019-04-21,201917,4.0,4,4,4,0.94307065,3.0449512,0,1,431680820191719590,2023-08-21,Santa Cruz do Sul,4.2468433,131365,1,0,0,2,,,,,25621,18.69,20.99,24.03,41.8,87.71,2.0,16.96,3.945363,0.0,16.84,0.0,1.0,20.26,18.521618,0.0,16.3,0.0,1.75,18.1875,1.6094379124341003,0.5108256237659905,1.6094379124341003,0.916290731874155,1.6094379124341003,16,10.0,5.0,12.0,14.0
2019-04-28,201918,10.0,10,10,10,0.9905636,7.6123776,0,1,431680820191819590,2023-08-21,Santa Cruz do Sul,4.237884,131365,0,1,1,5,,,,,25621,15.77,20.19,25.39,9.2,87.71,4.0,18.69,4.2468433,2.0,16.96,3.945363,0.0,16.84,0.0,1.0,20.26,18.521618,4.0,17.064999999999998,2.3978952727983707,0.7884573603642704,1.2992829841302609,2.3978952727983707,1.7047480922384253,17,5.0,12.0,14.0,18.0
2019-05-05,201919,5.0,5,5,5,0.5301047,3.8061888,0,1,431680820191919590,2023-08-21,Santa Cruz do Sul,1.0473826,131365,1,0,0,3,,,,,25621,17.46,19.86,22.8,53.4,90.43,10.0,15.77,4.237884,4.0,18.69,4.2468433,2.0,16.96,3.945363,0.0,16.84,0.0,5.25,17.22,1.791759469228055,-0.6061358035703157,0.18232155679395468,0.6931471805599452,1.791759469228055,18,12.0,14.0,18.0,18.0
2019-05-12,201920,12.0,12,12,12,0.88517976,9.134853,0,1,431680820192019590,2023-08-21,Santa Cruz do Sul,1.7333108,131365,0,0,1,7,,,,,25621,14.59,17.53,21.41,24.4,87.71,5.0,17.46,1.0473826,10.0,15.77,4.237884,4.0,18.69,4.2468433,2.0,16.96,3.945363,7.75,16.6275,2.5649493574615367,0.7731898882334818,0.16705408466316607,0.9555114450274365,1.466337068793427,19,14.0,18.0,18.0,29.0
2019-05-19,201921,14.0,14,14,14,0.8920802,10.657329,0,1,431680820192119590,2023-08-21,Santa Cruz do Sul,1.686997,131365,0,0,1,4,,,,,25621,15.67,18.14,21.21,54.3,91.43,12.0,14.59,1.7333108,5.0,17.46,1.0473826,10.0,15.77,4.237884,4.0,18.69,4.2468433,10.25,15.8725,2.70805020110221,0.14310084364067333,0.9162907318741551,0.3101549283038394,1.0986122886681098,20,18.0,18.0,29.0,17.0
2019-05-26,201922,18.0,18,18,18,0.91055405,13.70228,0,1,431680820192219590,2023-08-21,Santa Cruz do Sul,1.6491833,131365,0,0,2,7,,,,,25621,14.61,16.8,19.46,45.1,91.86,14.0,15.67,1.686997,12.0,14.59,1.7333108,5.0,17.46,1.0473826,10.0,15.77,4.237884,12.25,15.5825,2.9444389791664403,0.2363887780642302,0.3794896217049035,1.1526795099383853,0.5465437063680696,21,18.0,29.0,17.0,16.0
2019-06-02,201923,18.0,18,18,18,0.7556525,13.70228,0,4,431680820192319590,2023-08-21,Santa Cruz do Sul,1.2737986,131365,0,0,2,4,,,,,25621,13.11,16.53,21.46,3.6,86.57,18.0,14.61,1.6491833,14.0,15.67,1.686997,12.0,14.59,1.7333108,5.0,17.46,1.0473826,15.5,14.495,2.9444389791664403,0.0,0.2363887780642302,0.3794896217049035,1.1526795099383853,22,29.0,17.0,16.0,9.0
2019-06-09,201924,29.0,29,29,29,0.96152055,22.075895,0,4,431680820192419590,2023-08-21,Santa Cruz do Sul,1.6898627,131365,0,1,2,9,,,,,25621,17.27,21.26,27.14,0.2,80.43,18.0,13.11,1.2737986,18.0,14.61,1.6491833,14.0,15.67,1.686997,12.0,14.59,1.7333108,19.75,15.165000000000001,3.4011973816621555,0.4567584024957152,0.4567584024957152,0.6931471805599454,0.8362480242006187,23,17.0,16.0,9.0,7.0
2019-06-16,201925,17.0,17,17,17,0.2932866,12.941042,0,4,431680820192519590,2023-08-21,Santa Cruz do Sul,0.8382159,131365,0,0,1,5,,,,,25621,14.04,18.54,24.54,9.9,82.0,29.0,17.27,1.6898627,18.0,13.11,1.2737986,18.0,14.61,1.6491833,14.0,15.67,1.686997,20.5,14.7575,2.8903717578961645,-0.5108256237659909,-0.054067221270275745,-0.054067221270275745,0.18232155679395445,24,16.0,9.0,7.0,2.0
2019-06-23,201926,16.0,16,16,16,0.16433723,12.179805,0,1,431680820192619590,2023-08-21,Santa Cruz do Sul,0.7293396,131365,0,0,1,7,,,,,25621,11.94,17.86,23.84,4.5,74.57,17.0,14.04,0.8382159,29.0,17.27,1.6898627,18.0,13.11,1.2737986,18.0,14.61,1.6491833,20.0,14.09,2.833213344056216,-0.05715841383994835,-0.5679840376059393,-0.1112256351102241,-0.1112256351102241,25,9.0,7.0,2.0,1.0
2019-06-30,201927,9.0,9,9,9,0.02413501,6.85114,0,1,431680820192719590,2023-08-21,Santa Cruz do Sul,0.468503,131365,0,0,1,5,,,,,25621,6.3,10.31,14.9,14.6,76.57,16.0,11.94,0.7293396,17.0,14.04,0.8382159,29.0,17.27,1.6898627,18.0,13.11,1.2737986,17.75,12.387500000000001,2.302585092994046,-0.5306282510621703,-0.5877866649021186,-1.0986122886681096,-0.6418538861723944,26,7.0,2.0,1.0,7.0
2019-07-07,201928,7.0,7,7,7,0.04405855,5.3286643,0,1,431680820192819590,2023-08-21,Santa Cruz do Sul,0.47618422,131365,0,0,1,1,,,,,25621,7.39,13.49,21.24,13.8,80.57,9.0,6.3,0.468503,16.0,11.94,0.7293396,17.0,14.04,0.8382159,29.0,17.27,1.6898627,12.25,9.9175,2.0794415416798357,-0.22314355131421015,-0.7537718023763804,-0.8109302162163288,-1.3217558399823197,27,2.0,1.0,7.0,5.0
2019-07-14,201929,2.0,2,2,2,0.004840823,1.5224756,0,1,431680820192919590,2023-08-21,Santa Cruz do Sul,0.19393761,131365,0,0,0,1,,,,,25621,8.23,12.83,18.7,1.3,85.57,7.0,7.39,0.47618422,9.0,6.3,0.468503,16.0,11.94,0.7293396,17.0,14.04,0.8382159,8.5,8.465,1.0986122886681098,-0.980829253011726,-1.2039728043259361,-1.7346010553881064,-1.7917594692280547,28,1.0,7.0,5.0,3.0
2019-07-21,201930,1.0,1,1,1,0.011427315,0.7612378,0,1,431680820193019590,2023-08-21,Santa Cruz do Sul,0.15500584,131365,0,0,0,0,,,,,25621,14.86,17.1,20.01,95.2,87.14,2.0,8.23,0.19393761,7.0,7.39,0.47618422,9.0,6.3,0.468503,16.0,11.94,0.7293396,4.75,9.195,0.6931471805599453,-0.4054651081081645,-1.3862943611198904,-1.6094379124341005,-2.1400661634962708,29,7.0,5.0,3.0,6.0
2019-07-28,201931,7.0,7,7,7,0.8578405,5.3286643,0,1,431680820193119590,2023-08-21,Santa Cruz do Sul,1.9069757,131365,0,0,1,3,,,,,25621,10.71,14.91,20.14,26.9,81.43,1.0,14.86,0.15500584,2.0,8.23,0.19393761,7.0,7.39,0.47618422,9.0,6.3,0.468503,4.25,10.2975,2.0794415416798357,1.3862943611198904,0.980829253011726,0.0,-0.22314355131421015,30,5.0,3.0,6.0,3.0
2019-08-04,201932,5.0,5,5,5,0.73801816,3.8061888,0,1,431680820193219590,2023-08-21,Santa Cruz do Sul,1.5306324,131365,0,0,0,0,,,,,25621,10.77,16.23,22.83,7.2,80.86,7.0,10.71,1.9069757,1.0,14.86,0.15500584,2.0,8.23,0.19393761,7.0,7.39,0.47618422,3.75,11.1425,1.791759469228055,-0.2876820724517808,1.0986122886681096,0.6931471805599452,-0.2876820724517808,31,3.0,6.0,3.0,0.0
2019-08-11,201933,3.0,3,3,3,0.27494383,2.2837133,0,1,431680820193319590,2023-08-21,Santa Cruz do Sul,0.65982985,131365,0,0,0,0,,,,,25621,8.73,14.5,20.5,29.7,79.29,5.0,10.77,1.5306324,7.0,10.71,1.9069757,1.0,14.86,0.15500584,2.0,8.23,0.19393761,4.0,11.267500000000002,1.3862943611198906,-0.4054651081081644,-0.6931471805599452,0.6931471805599453,0.2876820724517808,32,6.0,3.0,0.0,0.0
2019-08-18,201934,6.0,6,6,6,0.647787,4.5674267,0,1,431680820193419590,2023-08-21,Santa Cruz do Sul,1.2494353,131365,0,0,1,1,,,,,25621,7.53,12.06,17.27,4.8,79.14,3.0,8.73,0.65982985,5.0,10.77,1.5306324,7.0,10.71,1.9069757,1.0,14.86,0.15500584,5.25,9.435,1.9459101490553132,0.5596157879354227,0.15415067982725827,-0.13353139262452252,1.252762968495368,33,3.0,0.0,0.0,2.0
2019-08-25,201935,3.0,3,3,3,0.29187167,2.2837133,0,1,431680820193519590,2023-08-21,Santa Cruz do Sul,0.6813344,131365,0,0,0,1,,,,,25621,14.06,19.3,25.97,24.7,78.86,6.0,7.53,1.2494353,3.0,8.73,0.65982985,5.0,10.77,1.5306324,7.0,10.71,1.9069757,4.25,10.2725,1.3862943611198906,-0.5596157879354227,0.0,-0.4054651081081644,-0.6931471805599452,34,0.0,0.0,2.0,0.0
2019-09-01,201936,0.0,0,0,0,0.0,0.0,0,1,431680820193619590,2023-08-21,Santa Cruz do Sul,0.0,131365,0,0,0,0,,,,,25621,8.5,13.29,18.1,5.5,74.0,3.0,14.06,0.6813344,6.0,7.53,1.2494353,3.0,8.73,0.65982985,5.0,10.77,1.5306324,3.0,9.705,0.0,-1.3862943611198906,-1.9459101490553132,-1.3862943611198906,-1.791759469228055,35,0.0,2.0,0.0,0.0
2019-09-08,201937,0.0,0,0,0,0.0,0.0,0,1,431680820193719590,2023-08-21,Santa Cruz do Sul,0.0,131365,0,0,0,0,,,,,25621,15.97,19.09,23.01,41.6,87.0,0.0,8.5,0.0,3.0,14.06,0.6813344,6.0,7.53,1.2494353,3.0,8.73,0.65982985,2.25,11.515,0.0,0.0,-1.3862943611198906,-1.9459101490553132,-1.3862943611198906,36,2.0,0.0,0.0,0.0
2019-09-15,201938,2.0,2,2,2,0.703925,1.5224756,0,1,431680820193819590,2023-08-21,Santa Cruz do Sul,1.7067541,131365,0,0,0,1,,,,,25621,12.21,17.34,22.79,32.4,80.43,0.0,15.97,0.0,0.0,8.5,0.0,3.0,14.06,0.6813344,6.0,7.53,1.2494353,1.25,12.685,1.0986122886681098,1.0986122886681098,1.0986122886681098,-0.2876820724517808,-0.8472978603872034,37,0.0,0.0,0.0,0.0
2019-09-22,201939,0.0,0,0,0,0.0,0.0,0,1,431680820193919590,2023-08-21,Santa Cruz do Sul,0.0,131365,0,0,0,0,,,,,25621,9.8,16.59,23.57,0.0,71.43,2.0,12.21,1.7067541,0.0,15.97,0.0,0.0,8.5,0.0,3.0,14.06,0.6813344,0.5,11.620000000000001,0.0,-1.0986122886681098,0.0,0.0,-1.3862943611198906,38,0.0,0.0,0.0,1.0
2019-09-29,201940,0.0,0,0,0,0.0,0.0,0,1,431680820194019590,2023-08-21,Santa Cruz do Sul,0.0,131365,0,0,0,0,,,,,25621,16.74,21.53,27.13,96.2,81.0,0.0,9.8,0.0,2.0,12.21,1.7067541,0.0,15.97,0.0,0.0,8.5,0.0,0.5,13.680000000000001,0.0,0.0,-1.0986122886681098,0.0,0.0,39,0.0,0.0,1.0,1.0
2019-10-06,201941,0.0,0,0,0,0.0,0.0,0,1,431680820194119590,2023-08-21,Santa Cruz do Sul,0.0,131365,0,0,0,0,,,,,25621,15.97,22.5,29.61,1.2,75.14,0.0,16.74,0.0,0.0,9.8,0.0,2.0,12.21,1.7067541,0.0,15.97,0.0,0.5,13.68,0.0,0.0,0.0,-1.0986122886681098,0.0,40,0.0,1.0,1.0,0.0
2019-10-13,201942,0.0,0,0,0,0.0,0.0,0,1,431680820194219590,2023-08-21,Santa Cruz do Sul,0.0,131365,0,0,0,0,,,,,25621,16.54,19.57,23.09,123.7,85.86,0.0,15.97,0.0,0.0,16.74,0.0,0.0,9.8,0.0,2.0,12.21,1.7067541,0.0,14.7625,0.0,0.0,0.0,0.0,-1.0986122886681098,41,1.0,1.0,0.0,0.0
2019-10-20,201943,1.0,1,1,1,0.9573679,0.7612378,0,1,431680820194319590,2023-08-21,Santa Cruz do Sul,15.909714,131365,0,0,0,0,,,,,25621,12.9,18.8,24.31,16.4,77.29,0.0,16.54,0.0,0.0,15.97,0.0,0.0,16.74,0.0,0.0,9.8,0.0,0.25,15.5375,0.6931471805599453,0.6931471805599453,0.6931471805599453,0.6931471805599453,0.6931471805599453,42,1.0,0.0,0.0,3.0
2019-10-27,201944,1.0,1,1,1,0.8143781,0.7612378,0,1,431680820194419590,2023-08-21,Santa Cruz do Sul,3.3757627,131365,1,0,0,0,,,,,25621,19.03,22.31,26.4,51.0,87.43,1.0,12.9,15.909714,0.0,16.54,0.0,0.0,15.97,0.0,0.0,16.74,0.0,0.5,16.11,0.6931471805599453,0.0,0.6931471805599453,0.6931471805599453,0.6931471805599453,43,0.0,0.0,3.0,0.0
2019-11-03,201945,0.0,0,0,0,0.0,0.0,0,1,431680820194519590,2023-08-21,Santa Cruz do Sul,0.0,131365,0,0,0,0,,,,,25621,17.31,20.69,24.47,65.3,85.86,1.0,19.03,3.3757627,1.0,12.9,15.909714,0.0,16.54,0.0,0.0,15.97,0.0,0.5,16.445,0.0,-0.6931471805599453,-0.6931471805599453,0.0,0.0,44,0.0,3.0,0.0,0.0
2019-11-10,201946,0.0,0,0,0,0.0,0.0,0,1,431680820194619590,2023-08-21,Santa Cruz do Sul,0.0,131365,0,0,0,0,,,,,25621,18.44,22.26,27.21,29.3,78.71,0.0,17.31,0.0,1.0,19.03,3.3757627,1.0,12.9,15.909714,0.0,16.54,0.0,0.5,16.92,0.0,0.0,-0.6931471805599453,-0.6931471805599453,0.0,45,3.0,0.0,0.0,0.0
2019-11-17,201947,3.0,3,3,3,0.9554798,2.2837133,0,1,431680820194719590,2023-08-21,Santa Cruz do Sul,6.551154,131365,1,0,0,0,,,,,25621,17.21,23.93,30.73,27.3,71.29,0.0,18.44,0.0,0.0,17.31,0.0,1.0,19.03,3.3757627,1.0,12.9,15.909714,1.0,17.997500000000002,1.3862943611198906,1.3862943611198906,1.3862943611198906,0.6931471805599453,0.6931471805599453,46,0.0,0.0,0.0,2.0
2019-11-24,201948,0.0,0,0,0,0.0,0.0,0,1,431680820194819590,2023-08-21,Santa Cruz do Sul,0.0,131365,0,0,0,0,,,,,25621,15.73,21.64,27.23,26.6,74.0,3.0,17.21,6.551154,0.0,18.44,0.0,0.0,17.31,0.0,1.0,19.03,3.3757627,0.75,17.1725,0.0,-1.3862943611198906,0.0,0.0,-0.6931471805599453,47,0.0,0.0,2.0,0.0
2019-12-01,201949,0.0,0,0,0,0.0,0.0,0,1,431680820194919590,2023-08-21,Santa Cruz do Sul,0.0,131365,0,0,0,0,,,,,25621,15.74,21.84,28.0,24.8,64.0,0.0,15.73,0.0,3.0,17.21,6.551154,0.0,18.44,0.0,0.0,17.31,0.0,0.75,16.78,0.0,0.0,-1.3862943611198906,0.0,0.0,48,0.0,2.0,0.0,1.0
2019-12-08,201950,0.0,0,0,0,0.0,0.0,0,1,431680820195019590,2023-08-21,Santa Cruz do Sul,0.0,131365,0,0,0,0,,,,,25621,17.47,24.46,31.39,0.4,62.57,0.0,15.74,0.0,0.0,15.73,0.0,3.0,17.21,6.551154,0.0,18.44,0.0,0.75,16.5375,0.0,0.0,0.0,-1.3862943611198906,0.0,49,2.0,0.0,1.0,4.0
2019-12-15,201951,2.0,2,2,2,0.94128805,1.5224756,0,1,431680820195119590,2023-08-21,Santa Cruz do Sul,7.4086056,131365,1,0,0,0,,,,,25621,18.94,24.27,30.19,23.4,70.86,0.0,17.47,0.0,0.0,15.74,0.0,0.0,15.73,0.0,3.0,17.21,6.551154,0.5,16.97,1.0986122886681098,1.0986122886681098,1.0986122886681098,1.0986122886681098,-0.2876820724517808,50,0.0,1.0,4.0,1.0
2019-12-22,201952,0.0,0,0,0,0.0,0.0,0,1,431680820195219590,2023-08-21,Santa Cruz do Sul,0.0,131365,0,0,0,0,,,,,25621,18.27,26.03,33.53,1.5,59.0,2.0,18.94,7.4086056,0.0,17.47,0.0,0.0,15.74,0.0,0.0,15.73,0.0,0.5,17.604999999999997,0.0,-1.0986122886681098,0.0,0.0,0.0,51,1.0,4.0,1.0,2.0
2019-12-29,202001,1.0,1,1,1,0.5539098,0.7612378,0,1,431680820200119590,2023-08-21,Santa Cruz do Sul,1.1733274,131365,1,0,0,0,,,,,25621,21.57,26.51,32.83,6.0,69.0,0.0,18.27,0.0,2.0,18.94,7.4086056,0.0,17.47,0.0,0.0,15.74,0.0,0.75,19.0625,0.6931471805599453,0.6931471805599453,-0.4054651081081645,0.6931471805599453,0.6931471805599453,52,4.0,1.0,2.0,1.0
2020-01-05,202002,4.0,4,4,4,0.94307023,3.0449512,0,1,431680820200219590,2023-08-21,Santa Cruz do Sul,4.2468233,131365,1,0,0,0,,,,,25621,20.69,26.17,32.84,42.0,72.14,1.0,21.57,1.1733274,0.0,18.27,0.0,2.0,18.94,7.4086056,0.0,17.47,0.0,1.75,19.8675,1.6094379124341003,0.916290731874155,1.6094379124341003,0.5108256237659905,1.6094379124341003,1,1.0,2.0,1.0,0.0
2020-01-12,202003,1.0,1,1,1,0.34656596,0.7612378,0,2,431680820200319590,2023-08-21,Santa Cruz do Sul,0.6541086,131365,1,0,0,0,,,,,25621,18.23,24.04,29.99,19.1,73.43,4.0,20.69,4.2468233,1.0,21.57,1.1733274,0.0,18.27,0.0,2.0,18.94,7.4086056,1.5,19.69,0.6931471805599453,-0.916290731874155,0.0,0.6931471805599453,-0.4054651081081645,2,2.0,1.0,0.0,2.0
2020-01-19,202004,2.0,2,2,2,0.45775568,1.5224756,0,2,431680820200419590,2023-08-21,Santa Cruz do Sul,0.9105162,131365,1,0,0,0,,,,,25621,19.53,24.41,29.61,27.6,77.0,1.0,18.23,0.6541086,4.0,20.69,4.2468233,1.0,21.57,1.1733274,0.0,18.27,0.0,2.0,20.005000000000003,1.0986122886681098,0.4054651081081645,-0.5108256237659905,0.4054651081081645,1.0986122886681098,3,1.0,0.0,2.0,0.0
2020-01-26,202005,1.0,1,1,1,0.2572038,0.7612378,0,2,431680820200519590,2023-08-21,Santa Cruz do Sul,0.5104603,131365,1,0,0,0,,,,,25621,20.89,24.91,29.94,16.9,76.57,2.0,19.53,0.9105162,1.0,18.23,0.6541086,4.0,20.69,4.2468233,1.0,21.57,1.1733274,2.0,19.835,0.6931471805599453,-0.4054651081081645,0.0,-0.916290731874155,0.0,4,0.0,2.0,0.0,1.0
2020-02-02,202006,0.0,0,0,0,0.0,0.0,0,1,431680820200619590,2023-08-21,Santa Cruz do Sul,0.0,131365,0,0,0,0,,,,,25621,21.09,26.84,33.46,9.7,73.0,1.0,20.89,0.5104603,2.0,19.53,0.9105162,1.0,18.23,0.6541086,4.0,20.69,4.2468233,1.0,19.935000000000002,0.0,-0.6931471805599453,-1.0986122886681098,-0.6931471805599453,-1.6094379124341003,5,2.0,0.0,1.0,1.0
2020-02-09,202007,2.0,2,2,2,0.73310643,1.5224756,0,1,431680820200719590,2023-08-21,Santa Cruz do Sul,1.8819671,131365,1,0,0,0,,,,,25621,19.13,24.31,29.97,1.9,69.71,0.0,21.09,0.0,1.0,20.89,0.5104603,2.0,19.53,0.9105162,1.0,18.23,0.6541086,1.25,20.16,1.0986122886681098,1.0986122886681098,0.4054651081081645,0.0,0.4054651081081645,6,0.0,1.0,1.0,0.0
2020-02-16,202008,0.0,0,0,0,0.0,0.0,0,1,431680820200819590,2023-08-21,Santa Cruz do Sul,0.0,131365,0,0,0,0,,,,,25621,19.27,24.09,29.56,8.0,67.71,2.0,19.13,1.8819671,0.0,21.09,0.0,1.0,20.89,0.5104603,2.0,19.53,0.9105162,0.75,20.095,0.0,-1.0986122886681098,0.0,-0.6931471805599453,-1.0986122886681098,7,1.0,1.0,0.0,0.0
2020-02-23,202009,1.0,1,1,1,0.5303917,0.7612378,0,1,431680820200919590,2023-08-21,Santa Cruz do Sul,1.0930516,131365,0,0,0,0,,,,,25621,16.19,22.63,29.87,11.0,67.57,0.0,19.27,0.0,2.0,19.13,1.8819671,0.0,21.09,0.0,1.0,20.89,0.5104603,0.75,18.92,0.6931471805599453,0.6931471805599453,-0.4054651081081645,0.6931471805599453,0.0,8,1.0,0.0,0.0,1.0
2020-03-01,202010,1.0,1,1,1,0.5805112,0.7612378,0,1,431680820201019590,2023-08-21,Santa Cruz do Sul,1.274528,131365,0,0,0,0,,,,,25621,16.47,23.17,30.24,1.0,68.14,1.0,16.19,1.0930516,0.0,19.27,0.0,2.0,19.13,1.8819671,0.0,21.09,0.0,1.0,17.765,0.6931471805599453,0.0,0.6931471805599453,-0.4054651081081645,0.6931471805599453,9,0.0,0.0,1.0,1.0
2020-03-08,202011,0.0,0,0,0,0.0,0.0,0,1,431680820201119590,2023-08-21,Santa Cruz do Sul,0.0,131365,0,0,0,0,,,,,25621,20.24,27.53,35.71,0.7,60.57,1.0,16.47,1.274528,1.0,16.19,1.0930516,0.0,19.27,0.0,2.0,19.13,1.8819671,0.5,18.0425,0.0,-0.6931471805599453,-0.6931471805599453,0.0,-1.0986122886681098,10,0.0,1.0,1.0,0.0
2020-03-15,202012,0.0,0,0,0,0.0,0.0,0,1,431680820201219590,2023-08-21,Santa Cruz do Sul,0.0,131365,0,0,0,0,,,,,25621,19.29,23.34,28.24,9.7,75.71,0.0,20.24,0.0,1.0,16.47,1.274528,1.0,16.19,1.0930516,0.0,19.27,0.0,0.5,18.0475,0.0,0.0,-0.6931471805599453,-0.6931471805599453,0.0,11,1.0,1.0,0.0,0.0
2020-03-22,202013,1.0,1,1,1,0.7844643,0.7612378,0,1,431680820201319590,2023-08-21,Santa Cruz do Sul,2.8553455,131365,0,0,0,0,,,,,25621,17.77,24.93,32.76,0.0,64.86,0.0,19.29,0.0,0.0,20.24,0.0,1.0,16.47,1.274528,1.0,16.19,1.0930516,0.5,18.4425,0.6931471805599453,0.6931471805599453,0.6931471805599453,0.0,0.0,12,1.0,0.0,0.0,1.0
2020-03-29,202014,1.0,1,1,1,0.78220165,0.7612378,0,1,431680820201419590,2023-08-21,Santa Cruz do Sul,2.8217702,131365,1,0,0,0,,,,,25621,18.41,23.36,29.11,20.6,71.43,1.0,17.77,2.8553455,0.0,19.29,0.0,0.0,20.24,0.0,1.0,16.47,1.274528,0.5,18.9275,0.6931471805599453,0.0,0.6931471805599453,0.6931471805599453,0.0,13,0.0,0.0,1.0,3.0
2020-04-05,202015,0.0,0,0,0,0.0,0.0,0,1,431680820201519590,2023-08-21,Santa Cruz do Sul,0.0,131365,0,0,0,0,,,,,25621,12.24,17.66,23.83,16.8,69.29,1.0,18.41,2.8217702,1.0,17.77,2.8553455,0.0,19.29,0.0,0.0,20.24,0.0,0.5,16.927500000000002,0.0,-0.6931471805599453,-0.6931471805599453,0.0,0.0,14,0.0,1.0,3.0,1.0
2020-04-12,202016,0.0,0,0,0,0.0,0.0,0,1,431680820201619590,2023-08-21,Santa Cruz do Sul,0.0,131365,0,0,0,0,,,,,25621,12.87,18.36,24.44,4.5,68.71,0.0,12.24,0.0,1.0,18.41,2.8217702,1.0,17.77,2.8553455,0.0,19.29,0.0,0.5,15.322499999999998,0.0,0.0,-0.6931471805599453,-0.6931471805599453,0.0,15,1.0,3.0,1.0,5.0
2020-04-19,202017,1.0,1,1,1,0.784609,0.7612378,0,1,431680820201719590,2023-08-21,Santa Cruz do Sul,2.8575172,131365,0,0,0,0,,,,,25621,14.66,22.2,30.87,0.0,60.43,0.0,12.87,0.0,0.0,12.24,0.0,1.0,18.41,2.8217702,1.0,17.77,2.8553455,0.5,14.545,0.6931471805599453,0.6931471805599453,0.6931471805599453,0.0,0.0,16,3.0,1.0,5.0,1.0
2020-04-26,202018,3.0,3,3,3,0.95492953,2.2837133,0,1,431680820201819590,2023-08-21,Santa Cruz do Sul,6.48836,131365,0,0,0,0,,,,,25621,16.2,20.57,26.07,4.6,64.71,1.0,14.66,2.8575172,0.0,12.87,0.0,0.0,12.24,0.0,1.0,18.41,2.8217702,1.0,13.9925,1.3862943611198906,0.6931471805599453,1.3862943611198906,1.3862943611198906,0.6931471805599453,17,1.0,5.0,1.0,2.0
2020-05-03,202019,1.0,1,1,1,0.4403092,0.7612378,0,1,431680820201919590,2023-08-21,Santa Cruz do Sul,0.84501487,131365,0,0,0,0,,,,,25621,9.69,14.93,21.54,28.0,77.43,3.0,16.2,6.48836,1.0,14.66,2.8575172,0.0,12.87,0.0,0.0,12.24,0.0,1.25,13.355,0.6931471805599453,-0.6931471805599453,0.0,0.6931471805599453,0.6931471805599453,18,5.0,1.0,2.0,1.0
2020-05-10,202020,5.0,5,5,5,0.8955105,3.8061888,0,1,431680820202019590,2023-08-21,Santa Cruz do Sul,2.5629742,131365,0,0,0,2,,,,,25621,12.03,16.71,22.31,55.5,79.43,1.0,9.69,0.84501487,3.0,16.2,6.48836,1.0,14.66,2.8575172,0.0,12.87,0.0,2.5,13.145,1.791759469228055,1.0986122886681096,0.4054651081081644,1.0986122886681096,1.791759469228055,19,1.0,2.0,1.0,3.0
2020-05-17,202021,1.0,1,1,1,0.18394017,0.7612378,0,1,431680820202119590,2023-08-21,Santa Cruz do Sul,0.4093845,131365,0,0,0,0,,,,,25621,13.94,18.37,24.11,59.8,78.71,5.0,12.03,2.5629742,1.0,9.69,0.84501487,3.0,16.2,6.48836,1.0,14.66,2.8575172,2.5,12.965,0.6931471805599453,-1.0986122886681096,0.0,-0.6931471805599453,0.0,20,2.0,1.0,3.0,2.0
2020-05-24,202022,2.0,2,2,2,0.35252827,1.5224756,0,1,431680820202219590,2023-08-21,Santa Cruz do Sul,0.72646976,131365,0,0,0,1,,,,,25621,10.56,15.16,21.21,0.4,76.14,1.0,13.94,0.4093845,5.0,12.03,2.5629742,1.0,9.69,0.84501487,3.0,16.2,6.48836,2.25,11.555,1.0986122886681098,0.4054651081081645,-0.6931471805599452,0.4054651081081645,-0.2876820724517808,21,1.0,3.0,2.0,0.0
2020-05-31,202023,1.0,1,1,1,0.21551368,0.7612378,0,1,431680820202319590,2023-08-21,Santa Cruz do Sul,0.45164084,131365,0,0,0,1,,,,,25621,9.84,12.99,16.36,68.2,86.29,2.0,10.56,0.72646976,1.0,13.94,0.4093845,5.0,12.03,2.5629742,1.0,9.69,0.84501487,2.25,11.5925,0.6931471805599453,-0.4054651081081645,0.0,-1.0986122886681096,0.0,22,3.0,2.0,0.0,2.0
2020-06-07,202024,3.0,3,3,3,0.7423899,2.2837133,0,1,431680820202419590,2023-08-21,Santa Cruz do Sul,1.7456185,131365,0,0,0,0,,,,,25621,13.04,16.94,20.47,32.7,88.0,1.0,9.84,0.45164084,2.0,10.56,0.72646976,1.0,13.94,0.4093845,5.0,12.03,2.5629742,1.75,11.845,1.3862943611198906,0.6931471805599453,0.2876820724517808,0.6931471805599453,-0.4054651081081644,23,2.0,0.0,2.0,0.0
2020-06-14,202025,2.0,2,2,2,0.54726,1.5224756,0,1,431680820202519590,2023-08-21,Santa Cruz do Sul,1.1154077,131365,0,0,0,1,,,,,25621,13.29,17.69,22.61,1.1,78.86,3.0,13.04,1.7456185,1.0,9.84,0.45164084,2.0,10.56,0.72646976,1.0,13.94,0.4093845,2.0,11.6825,1.0986122886681098,-0.2876820724517808,0.4054651081081645,0.0,0.4054651081081645,24,0.0,2.0,0.0,0.0
2020-06-21,202026,0.0,0,0,0,0.0,0.0,0,1,431680820202619590,2023-08-21,Santa Cruz do Sul,0.0,131365,0,0,0,0,,,,,25621,14.0,17.99,22.99,20.4,73.86,2.0,13.29,1.1154077,3.0,13.04,1.7456185,1.0,9.84,0.45164084,2.0,10.56,0.72646976,1.5,12.5425,0.0,-1.0986122886681098,-1.3862943611198906,-0.6931471805599453,-1.0986122886681098,25,2.0,0.0,0.0,1.0
2020-06-28,202027,2.0,2,2,2,0.57066333,1.5224756,0,1,431680820202719590,2023-08-21,Santa Cruz do Sul,1.1800979,131365,0,0,0,0,,,,,25621,5.84,10.09,14.43,47.2,85.14,0.0,14.0,0.0,2.0,13.29,1.1154077,3.0,13.04,1.7456185,1.0,9.84,0.45164084,1.75,11.5425,1.0986122886681098,1.0986122886681098,0.0,-0.2876820724517808,0.4054651081081645,26,0.0,0.0,1.0,0.0
2020-07-05,202028,0.0,0,0,0,0.0,0.0,0,1,431680820202819590,2023-08-21,Santa Cruz do Sul,0.0,131365,0,0,0,0,,,,,25621,9.46,12.21,15.57,112.0,89.57,2.0,5.84,1.1800979,0.0,14.0,0.0,2.0,13.29,1.1154077,3.0,13.04,1.7456185,1.0,10.6475,0.0,-1.0986122886681098,0.0,-1.0986122886681098,-1.3862943611198906,27,0.0,1.0,0.0,1.0
2020-07-12,202029,0.0,0,0,0,0.0,0.0,0,1,431680820202919590,2023-08-21,Santa Cruz do Sul,0.0,131365,0,0,0,0,,,,,25621,7.64,11.59,16.4,37.2,83.86,0.0,9.46,0.0,2.0,5.84,1.1800979,0.0,14.0,0.0,2.0,13.29,1.1154077,0.5,9.235,0.0,0.0,-1.0986122886681098,0.0,-1.0986122886681098,28,1.0,0.0,1.0,0.0
2020-07-19,202030,1.0,1,1,1,0.68434745,0.7612378,0,1,431680820203019590,2023-08-21,Santa Cruz do Sul,1.8274884,131365,0,0,0,0,,,,,25621,15.79,20.39,26.37,17.6,69.71,0.0,7.64,0.0,0.0,9.46,0.0,2.0,5.84,1.1800979,0.0,14.0,0.0,0.75,9.682500000000001,0.6931471805599453,0.6931471805599453,0.6931471805599453,-0.4054651081081645,0.6931471805599453,29,0.0,1.0,0.0,0.0
2020-07-26,202031,0.0,0,0,0,0.0,0.0,0,1,431680820203119590,2023-08-21,Santa Cruz do Sul,0.0,131365,0,0,0,0,,,,,25621,5.71,11.59,17.99,14.8,82.0,1.0,15.79,1.8274884,0.0,7.64,0.0,0.0,9.46,0.0,2.0,5.84,1.1800979,0.25,9.649999999999999,0.0,-0.6931471805599453,0.0,0.0,-1.0986122886681098,30,1.0,0.0,0.0,2.0
2020-08-02,202032,1.0,1,1,1,0.7260798,0.7612378,0,1,431680820203219590,2023-08-21,Santa Cruz do Sul,2.1654398,131365,0,0,0,0,,,,,25621,13.0,18.79,25.97,0.0,77.57,0.0,5.71,0.0,1.0,15.79,1.8274884,0.0,7.64,0.0,0.0,9.46,0.0,0.5,10.535,0.6931471805599453,0.6931471805599453,0.0,0.6931471805599453,0.6931471805599453,31,0.0,0.0,2.0,0.0
2020-08-09,202033,0.0,0,0,0,0.0,0.0,0,1,431680820203319590,2023-08-21,Santa Cruz do Sul,0.0,131365,0,0,0,0,,,,,25621,11.51,15.44,20.4,37.7,83.71,1.0,13.0,2.1654398,0.0,5.71,0.0,1.0,15.79,1.8274884,0.0,7.64,0.0,0.5,11.5025,0.0,-0.6931471805599453,0.0,-0.6931471805599453,0.0,32,0.0,2.0,0.0,0.0
2020-08-16,202034,0.0,0,0,0,0.0,0.0,0,1,431680820203419590,2023-08-21,Santa Cruz do Sul,0.0,131365,0,0,0,0,,,,,25621,5.77,11.63,17.54,5.7,74.14,0.0,11.51,0.0,1.0,13.0,2.1654398,0.0,5.71,0.0,1.0,15.79,1.8274884,0.25,8.9975,0.0,0.0,-0.6931471805599453,0.0,-0.6931471805599453,33,2.0,0.0,0.0,0.0
2020-08-23,202035,2.0,2,2,2,0.92080367,1.5224756,0,1,431680820203519590,2023-08-21,Santa Cruz do Sul,5.6435876,131365,0,0,0,0,,,,,25621,13.96,19.3,25.46,8.2,72.0,0.0,5.77,0.0,0.0,11.51,0.0,1.0,13.0,2.1654398,0.0,5.71,0.0,0.75,11.06,1.0986122886681098,1.0986122886681098,1.0986122886681098,0.4054651081081645,1.0986122886681098,34,0.0,0.0,0.0,1.0
2020-08-30,202036,0.0,0,0,0,0.0,0.0,0,1,431680820203619590,2023-08-21,Santa Cruz do Sul,0.0,131365,0,0,0,0,,,,,25621,10.39,13.64,18.06,56.0,88.86,2.0,13.96,5.6435876,0.0,5.77,0.0,0.0,11.51,0.0,1.0,13.0,2.1654398,0.5,10.4075,0.0,-1.0986122886681098,0.0,0.0,-0.6931471805599453,35,0.0,0.0,1.0,0.0
2020-09-06,202037,0.0,0,0,0,0.0,0.0,0,1,431680820203719590,2023-08-21,Santa Cruz do Sul,0.0,131365,0,0,0,0,,,,,25621,14.41,17.36,20.96,77.0,90.29,0.0,10.39,0.0,2.0,13.96,5.6435876,0.0,5.77,0.0,0.0,11.51,0.0,0.5,11.1325,0.0,0.0,-1.0986122886681098,0.0,0.0,36,0.0,1.0,0.0,0.0
2020-09-13,202038,0.0,0,0,0,0.0,0.0,0,1,431680820203819590,2023-08-21,Santa Cruz do Sul,0.0,131365,0,0,0,0,,,,,25621,12.33,16.63,20.74,35.4,85.71,0.0,14.41,0.0,0.0,10.39,0.0,2.0,13.96,5.6435876,0.0,5.77,0.0,0.5,12.7725,0.0,0.0,0.0,-1.0986122886681098,0.0,37,1.0,0.0,0.0,0.0
2020-09-20,202039,1.0,1,1,1,0.89380103,0.7612378,0,1,431680820203919590,2023-08-21,Santa Cruz do Sul,6.1738157,131365,0,0,0,0,,,,,25621,10.86,17.1,24.24,0.9,73.0,0.0,12.33,0.0,0.0,14.41,0.0,0.0,10.39,0.0,2.0,13.96,5.6435876,0.25,11.997499999999999,0.6931471805599453,0.6931471805599453,0.6931471805599453,0.6931471805599453,-0.4054651081081645,38,0.0,0.0,0.0,0.0
2020-09-27,202040,0.0,0,0,0,0.0,0.0,0,1,431680820204019590,2023-08-21,Santa Cruz do Sul,0.0,131365,0,0,0,0,,,,,25621,14.8,18.84,23.03,67.3,85.57,1.0,10.86,6.1738157,0.0,12.33,0.0,0.0,14.41,0.0,0.0,10.39,0.0,0.25,13.1,0.0,-0.6931471805599453,0.0,0.0,0.0,39,0.0,0.0,0.0,0.0
2020-10-04,202041,0.0,0,0,0,0.0,0.0,0,1,431680820204119590,2023-08-21,Santa Cruz do Sul,0.0,131365,0,0,0,0,,,,,25621,12.43,16.91,21.6,7.7,79.43,0.0,14.8,0.0,1.0,10.86,6.1738157,0.0,12.33,0.0,0.0,14.41,0.0,0.25,12.605,0.0,0.0,-0.6931471805599453,0.0,0.0,40,0.0,0.0,0.0,0.0
2020-10-11,202042,0.0,0,0,0,0.0,0.0,0,1,431680820204219590,2023-08-21,Santa Cruz do Sul,0.0,131365,0,0,0,0,,,,,25621,11.97,18.7,25.47,0.0,72.71,0.0,12.43,0.0,0.0,14.8,0.0,1.0,10.86,6.1738157,0.0,12.33,0.0,0.25,12.515,0.0,0.0,0.0,-0.6931471805599453,0.0,41,0.0,0.0,0.0,0.0
2020-10-18,202043,0.0,0,0,0,0.0,0.0,0,1,431680820204319590,2023-08-21,Santa Cruz do Sul,0.0,131365,0,0,0,0,,,,,25621,17.3,22.71,28.91,2.1,74.86,0.0,11.97,0.0,0.0,12.43,0.0,0.0,14.8,0.0,1.0,10.86,6.1738157,0.0,14.125000000000002,0.0,0.0,0.0,0.0,-0.6931471805599453,42,0.0,0.0,0.0,0.0
2020-10-25,202044,0.0,0,0,0,0.0,0.0,0,1,431680820204419590,2023-08-21,Santa Cruz do Sul,0.0,131365,0,0,0,0,,,,,25621,15.49,19.64,24.01,28.4,76.57,0.0,17.3,0.0,0.0,11.97,0.0,0.0,12.43,0.0,0.0,14.8,0.0,0.0,14.297500000000001,0.0,0.0,0.0,0.0,0.0,43,0.0,0.0,0.0,0.0
2020-11-01,202045,0.0,0,0,0,0.0,0.0,0,1,431680820204519590,2023-08-21,Santa Cruz do Sul,0.0,131365,0,0,0,0,,,,,25621,12.03,18.39,24.56,0.8,71.43,0.0,15.49,0.0,0.0,17.3,0.0,0.0,11.97,0.0,0.0,12.43,0.0,0.0,14.197500000000002,0.0,0.0,0.0,0.0,0.0,44,0.0,0.0,0.0,1.0
2020-11-08,202046,0.0,0,0,0,0.0,0.0,0,1,431680820204619590,2023-08-21,Santa Cruz do Sul,0.0,131365,0,0,0,0,,,,,25621,18.51,22.89,28.41,9.4,76.57,0.0,12.03,0.0,0.0,15.49,0.0,0.0,17.3,0.0,0.0,11.97,0.0,0.0,15.832500000000001,0.0,0.0,0.0,0.0,0.0,45,0.0,0.0,1.0,1.0
2020-11-15,202047,0.0,0,0,0,0.0,0.0,0,1,431680820204719590,2023-08-21,Santa Cruz do Sul,0.0,131365,0,0,0,0,,,,,25621,15.43,20.69,26.07,13.4,72.0,0.0,18.51,0.0,0.0,12.03,0.0,0.0,15.49,0.0,0.0,17.3,0.0,0.0,15.365,0.0,0.0,0.0,0.0,0.0,46,0.0,1.0,1.0,2.0
2020-11-22,202048,0.0,0,0,0,0.0,0.0,0,1,431680820204819590,2023-08-21,Santa Cruz do Sul,0.0,131365,0,0,0,0,,,,,25621,17.8,24.19,30.63,25.8,68.86,0.0,15.43,0.0,0.0,18.51,0.0,0.0,12.03,0.0,0.0,15.49,0.0,0.0,15.942499999999999,0.0,0.0,0.0,0.0,0.0,47,1.0,1.0,2.0,1.0
2020-11-29,202049,1.0,1,1,1,0.9632679,0.7612378,0,1,431680820204919590,2023-08-21,Santa Cruz do Sul,18.521618,131365,1,0,0,0,,,,,25621,18.8,22.91,27.61,31.7,76.14,0.0,17.8,0.0,0.0,15.43,0.0,0.0,18.51,0.0,0.0,12.03,0.0,0.25,17.634999999999998,0.6931471805599453,0.6931471805599453,0.6931471805599453,0.6931471805599453,0.6931471805599453,48,1.0,2.0,1.0,0.0
2020-12-06,202050,1.0,1,1,1,0.8145292,0.7612378,0,1,431680820205019590,2023-08-21,Santa Cruz do Sul,3.3788157,131365,1,0,0,0,,,,,25621,17.93,23.67,29.71,5.0,69.14,1.0,18.8,18.521618,0.0,17.8,0.0,0.0,15.43,0.0,0.0,18.51,0.0,0.5,17.490000000000002,0.6931471805599453,0.0,0.6931471805599453,0.6931471805599453,0.6931471805599453,49,2.0,1.0,0.0,0.0
2020-12-13,202051,2.0,2,2,2,0.8178776,1.5224756,0,2,431680820205119590,2023-08-21,Santa Cruz do Sul,2.6706016,131365,1,0,0,1,,,,,25621,19.07,24.0,29.79,40.3,79.0,1.0,17.93,3.3788157,1.0,18.8,18.521618,0.0,17.8,0.0,0.0,15.43,0.0,1.0,18.4,1.0986122886681098,0.4054651081081645,0.4054651081081645,1.0986122886681098,1.0986122886681098,50,1.0,0.0,0.0,0.0
2020-12-20,202052,1.0,1,1,1,0.44170484,0.7612378,0,2,431680820205219590,2023-08-21,Santa Cruz do Sul,0.84828764,131365,1,0,0,0,,,,,25621,17.54,23.6,29.63,0.4,66.57,2.0,19.07,2.6706016,1.0,17.93,3.3788157,1.0,18.8,18.521618,0.0,17.8,0.0,1.25,18.335,0.6931471805599453,-0.4054651081081645,0.0,0.0,0.6931471805599453,51,0.0,0.0,0.0,0.0
2020-12-27,202053,0.0,0,0,0,0.0,0.0,0,1,431680820205319590,2023-08-21,Santa Cruz do Sul,0.0,131365,0,0,0,0,,,,,25621,18.8,24.81,31.19,18.1,67.57,1.0,17.54,0.84828764,2.0,19.07,2.6706016,1.0,17.93,3.3788157,1.0,18.8,18.521618,1.0,18.335,0.0,-0.6931471805599453,-1.0986122886681098,-0.6931471805599453,-0.6931471805599453,52,0.0,0.0,0.0,0.0
2021-01-03,202101,0.0,0,0,0,0.0,0.0,0,1,431680820210119685,2023-11-24,Santa Cruz do Sul,0.0,131365,0,0,0,0,,,,,25621,19.76,26.13,32.47,19.2,64.57,0.0,18.8,0.0,1.0,17.54,0.84828764,2.0,19.07,2.6706016,1.0,17.93,3.3788157,0.75,18.7925,0.0,0.0,-0.6931471805599453,-1.0986122886681098,-0.6931471805599453,53,0.0,0.0,0.0,0.0
2021-01-10,202102,0.0,0,0,0,0.0,0.0,0,1,431680820210219685,2023-11-24,Santa Cruz do Sul,0.0,131365,0,0,0,0,,,,,25621,20.73,25.77,31.37,14.3,70.71,0.0,19.76,0.0,0.0,18.8,0.0,1.0,17.54,0.84828764,2.0,19.07,2.6706016,0.25,19.2075,0.0,0.0,0.0,-0.6931471805599453,-1.0986122886681098,1,0.0,0.0,0.0,1.0
2021-01-17,202103,0.0,0,0,0,0.0,0.0,0,1,431680820210319685,2023-11-24,Santa Cruz do Sul,0.0,131365,0,0,0,0,,,,,25621,19.83,24.16,29.17,13.1,73.71,0.0,20.73,0.0,0.0,19.76,0.0,0.0,18.8,0.0,1.0,17.54,0.84828764,0.0,19.78,0.0,0.0,0.0,0.0,-0.6931471805599453,2,0.0,0.0,1.0,2.0
2021-01-24,202104,0.0,0,0,0,0.0,0.0,0,1,431680820210419685,2023-11-24,Santa Cruz do Sul,0.0,131365,0,0,0,1,,,,,25621,21.13,24.83,29.43,82.1,83.86,0.0,19.83,0.0,0.0,20.73,0.0,0.0,19.76,0.0,0.0,18.8,0.0,0.0,20.3625,0.0,0.0,0.0,0.0,0.0,3,0.0,1.0,2.0,7.0
2021-01-31,202105,0.0,0,0,0,0.0,0.0,0,1,431680820210519685,2023-11-24,Santa Cruz do Sul,0.0,131365,0,0,0,1,,,,,25621,19.56,23.5,27.64,17.8,81.57,0.0,21.13,0.0,0.0,19.83,0.0,0.0,20.73,0.0,0.0,19.76,0.0,0.0,20.3125,0.0,0.0,0.0,0.0,0.0,4,1.0,2.0,7.0,6.0
2021-02-07,202106,1.0,1,1,1,0.9632669,0.7612378,0,1,431680820210619685,2023-11-24,Santa Cruz do Sul,18.521105,131365,1,0,0,1,,,,,25621,17.84,23.3,29.43,16.0,78.57,0.0,19.56,0.0,0.0,21.13,0.0,0.0,19.83,0.0,0.0,20.73,0.0,0.25,19.589999999999996,0.6931471805599453,0.6931471805599453,0.6931471805599453,0.6931471805599453,0.6931471805599453,5,2.0,7.0,6.0,16.0
2021-02-14,202107,2.0,2,2,2,0.921898,1.5224756,0,1,431680820210719685,2023-11-24,Santa Cruz do Sul,5.715059,131365,1,0,0,2,,,,,25621,19.0,23.84,29.1,8.7,71.43,1.0,17.84,18.521105,0.0,19.56,0.0,0.0,21.13,0.0,0.0,19.83,0.0,0.75,19.3825,1.0986122886681098,0.4054651081081645,1.0986122886681098,1.0986122886681098,1.0986122886681098,6,7.0,6.0,16.0,48.0
2021-02-21,202108,7.0,7,7,7,0.9873754,5.3286643,0,2,431680820210819685,2023-11-24,Santa Cruz do Sul,5.5519404,131365,1,1,1,7,,,,,25621,19.69,25.41,32.31,4.4,68.0,2.0,19.0,5.715059,1.0,17.84,18.521105,0.0,19.56,0.0,0.0,21.13,0.0,2.5,19.0225,2.0794415416798357,0.980829253011726,1.3862943611198904,2.0794415416798357,2.0794415416798357,7,6.0,16.0,48.0,130.0
2021-02-28,202109,6.0,6,6,6,0.8497948,4.5674267,0,2,431680820210919685,2023-11-24,Santa Cruz do Sul,1.9623258,131365,1,0,1,4,,,,,25621,20.54,24.33,29.46,31.1,79.86,7.0,19.69,5.5519404,2.0,19.0,5.715059,1.0,17.84,18.521105,0.0,19.56,0.0,4.0,19.2675,1.9459101490553132,-0.13353139262452252,0.8472978603872034,1.252762968495368,1.9459101490553132,8,16.0,48.0,130.0,297.0
2021-03-07,202110,16.0,16,16,16,0.9898488,12.179805,0,2,431680820211019685,2023-11-24,Santa Cruz do Sul,2.8337603,131365,1,1,1,14,,,,,25621,17.21,23.36,30.16,0.4,68.0,6.0,20.54,1.9623258,7.0,19.69,5.5519404,2.0,19.0,5.715059,1.0,17.84,18.521105,7.75,19.11,2.833213344056216,0.8873031950009029,0.7537718023763804,1.7346010553881064,2.1400661634962708,9,48.0,130.0,297.0,520.0
2021-03-14,202111,48.0,48,48,48,0.9999998,36.539413,0,3,431680820211119685,2023-11-24,Santa Cruz do Sul,4.501564,131365,1,1,2,41,,,,,25621,19.77,24.69,31.07,11.1,71.57,16.0,17.21,2.8337603,6.0,20.54,1.9623258,7.0,19.69,5.5519404,2.0,19.0,5.715059,19.25,19.302500000000002,3.8918202981106265,1.0586069540544103,1.9459101490553132,1.8123787564307907,2.793208009442517,10,130.0,297.0,520.0,745.0
2021-03-21,202112,130.0,130,130,130,1.0,98.96091,0,3,431680820211219685,2023-11-24,Santa Cruz do Sul,4.8407655,131365,1,1,2,107,,,,,25621,20.47,23.09,26.54,84.8,88.71,48.0,19.77,4.501564,16.0,17.21,2.8337603,6.0,20.54,1.9623258,7.0,19.69,5.5519404,50.0,19.497500000000002,4.875197323201151,0.9833770250905247,2.041983979144935,2.9292871741458377,2.7957557815213154,11,297.0,520.0,745.0,968.0
2021-03-28,202113,297.0,297,297,297,1.0,226.08762,0,4,431680820211319685,2023-11-24,Santa Cruz do Sul,4.190919,131365,1,1,2,270,,,,,25621,16.81,20.6,25.51,27.8,80.57,130.0,20.47,4.8407655,48.0,19.77,4.501564,16.0,17.21,2.8337603,6.0,20.54,1.9623258,122.75,18.564999999999998,5.697093486505405,0.8218961633042534,1.8052731883947781,2.8638801424491884,3.751183337450091,12,520.0,745.0,968.0,1164.0
2021-04-04,202114,520.0,520,520,520,1.0,395.84363,0,4,431680820211419685,2023-11-24,Santa Cruz do Sul,3.1647673,131365,1,1,2,432,,,,,25621,19.17,24.66,31.43,0.1,70.29,297.0,16.81,4.190919,130.0,20.47,4.8407655,48.0,19.77,4.501564,16.0,17.21,2.8337603,248.75,19.055,6.255750041753367,0.5586565552479623,1.3805527185522157,2.3639297436427404,3.4225366976971507,13,745.0,968.0,1164.0,718.0
2021-04-11,202115,745.0,745,745,745,1.0,567.12213,0,4,431680820211519685,2023-11-24,Santa Cruz do Sul,2.3379636,131365,0,1,2,613,,,,,25621,17.16,21.6,26.91,9.2,75.0,520.0,19.17,3.1647673,297.0,16.81,4.190919,130.0,20.47,4.8407655,48.0,19.77,4.501564,423.0,18.4025,6.61472560020376,0.35897555845039353,0.9176321136983558,1.7395282770026093,2.722905302093134,14,968.0,1164.0,718.0,500.0
2021-04-18,202116,968.0,968,968,968,1.0,736.8782,0,4,431680820211619685,2023-11-24,Santa Cruz do Sul,1.8648362,131365,0,1,2,808,,,,,25621,15.69,20.76,26.9,8.7,74.29,745.0,17.16,2.3379636,520.0,19.17,3.1647673,297.0,16.81,4.190919,130.0,20.47,4.8407655,632.5,17.2075,6.876264611890766,0.261539011687006,0.6205145701373995,1.1791711253853618,2.0010672886896153,15,1164.0,718.0,500.0,258.0
2021-04-25,202117,1164.0,1164,1164,1164,1.0,886.08075,0,4,431680820211719685,2023-11-24,Santa Cruz do Sul,1.5799593,131365,0,1,2,1007,,,,,25621,11.37,17.17,23.46,6.2,74.43,968.0,15.69,1.8648362,745.0,17.16,2.3379636,520.0,19.17,3.1647673,297.0,16.81,4.190919,849.25,15.8475,7.060476365999801,0.18421175410903423,0.4457507657960402,0.8047263242464338,1.363382879494396,16,718.0,500.0,258.0,121.0
2021-05-02,202118,718.0,718,718,718,4.5104605e-07,546.5687,0,4,431680820211819685,2023-11-24,Santa Cruz do Sul,0.78360945,131365,0,0,2,566,,,,,25621,12.2,17.14,22.81,40.6,79.14,1164.0,11.37,1.5799593,968.0,15.69,1.8648362,745.0,17.16,2.3379636,520.0,19.17,3.1647673,898.75,14.104999999999999,6.577861357721047,-0.4826150082787537,-0.29840325416971947,-0.03686424248271347,0.32211131596768006,17,500.0,258.0,121.0,96.0
2021-05-09,202119,500.0,500,500,500,0.0,380.6189,0,4,431680820211919685,2023-11-24,Santa Cruz do Sul,0.53084487,131365,0,0,2,380,,,,,25621,8.34,13.91,20.39,8.0,81.86,718.0,12.2,0.78360945,1164.0,11.37,1.5799593,968.0,15.69,1.8648362,745.0,17.16,2.3379636,837.5,11.899999999999999,6.2166061010848646,-0.3612552566361824,-0.8438702649149361,-0.6596585108059019,-0.3981194991188959,18,258.0,121.0,96.0,54.0
2021-05-16,202120,258.0,258,258,258,0.0,196.39934,0,4,431680820212019685,2023-11-24,Santa Cruz do Sul,0.34008023,131365,0,0,2,161,,,,,25621,10.31,14.11,18.74,43.9,85.86,500.0,8.34,0.53084487,718.0,12.2,0.78360945,1164.0,11.37,1.5799593,968.0,15.69,1.8648362,660.0,10.555,5.556828061699537,-0.6597780393853272,-1.0210332960215096,-1.5036483043002633,-1.319436550191229,19,121.0,96.0,54.0,32.0
2021-05-23,202121,121.0,121,121,121,0.0,92.10977,0,4,431680820212119685,2023-11-24,Santa Cruz do Sul,0.23753273,131365,0,0,2,63,,,,,25621,9.94,14.04,19.09,33.0,78.57,258.0,10.31,0.34008023,500.0,8.34,0.53084487,718.0,12.2,0.78360945,1164.0,11.37,1.5799593,399.25,10.1975,4.804021044733257,-0.7528070169662806,-1.4125850563516078,-1.7738403129877902,-2.256455321266544,20,96.0,54.0,32.0,38.0
2021-05-30,202122,96.0,96,96,96,0.0,73.07883,0,4,431680820212219685,2023-11-24,Santa Cruz do Sul,0.31743,131365,0,0,2,26,,,,,25621,8.8,15.47,22.93,3.4,76.14,121.0,9.94,0.23753273,258.0,10.31,0.34008023,500.0,8.34,0.53084487,718.0,12.2,0.78360945,243.75,9.3475,4.574710978503383,-0.22931006622987393,-0.9821170831961545,-1.6418951225814817,-2.003150379217664,21,54.0,32.0,38.0,16.0
2021-06-06,202123,54.0,54,54,54,2.8865799e-15,41.10684,0,4,431680820212319685,2023-11-24,Santa Cruz do Sul,0.32300526,131365,0,0,2,20,,,,,25621,12.67,15.2,18.29,52.8,89.43,96.0,8.8,0.31743,121.0,9.94,0.23753273,258.0,10.31,0.34008023,500.0,8.34,0.53084487,132.25,10.43,4.007333185232471,-0.5673777932709116,-0.7966878595007856,-1.5494948764670662,-2.2092729158523934,22,32.0,38.0,16.0,35.0
2021-06-13,202124,32.0,32,32,32,1.0489561e-09,24.35961,0,4,431680820212419685,2023-11-24,Santa Cruz do Sul,0.324496,131365,0,0,2,10,,,,,25621,8.04,11.71,16.06,6.0,86.0,54.0,12.67,0.32300526,96.0,8.8,0.31743,121.0,9.94,0.23753273,258.0,10.31,0.34008023,75.75,9.862499999999999,3.4965075614664802,-0.5108256237659909,-1.0782034170369026,-1.3075134832667765,-2.060320500233057,23,38.0,16.0,35.0,20.0
2021-06-20,202125,38.0,38,38,38,0.007145336,28.927036,0,4,431680820212519685,2023-11-24,Santa Cruz do Sul,0.60984313,131365,0,0,2,6,,,,,25621,12.03,14.34,17.1,56.1,90.57,32.0,8.04,0.324496,54.0,12.67,0.32300526,96.0,8.8,0.31743,121.0,9.94,0.23753273,55.0,10.385,3.6635616461296463,0.16705408466316607,-0.3437715391028249,-0.9111493323737365,-1.1404593986036105,24,16.0,35.0,20.0,20.0
2021-06-27,202126,16.0,16,16,16,0.00026506974,12.179805,0,4,431680820212619685,2023-11-24,Santa Cruz do Sul,0.38419077,131365,0,0,1,2,,,,,25621,6.91,10.11,14.17,7.6,80.14,38.0,12.03,0.60984313,32.0,8.04,0.324496,54.0,12.67,0.32300526,96.0,8.8,0.31743,35.0,9.912499999999998,2.833213344056216,-0.8303483020734301,-0.6632942174102641,-1.174119841176255,-1.7414976344471667,25,35.0,20.0,20.0,8.0
2021-07-04,202127,35.0,35,35,35,0.64286995,26.643322,0,1,431680820212719685,2023-11-24,Santa Cruz do Sul,1.093011,131365,0,0,2,11,,,,,25621,9.03,13.53,19.66,0.0,87.57,16.0,6.91,0.38419077,38.0,12.03,0.60984313,32.0,8.04,0.324496,54.0,12.67,0.32300526,30.25,9.0025,3.58351893845611,0.7503055943998937,-0.08004270767353638,0.08701137698962969,-0.42381424677636126,26,20.0,20.0,8.0,11.0
2021-07-11,202128,20.0,20,20,20,0.1476058,15.224755,0,1,431680820212819685,2023-11-24,Santa Cruz do Sul,0.73782176,131365,0,0,1,2,,,,,25621,12.66,16.14,20.5,4.7,83.14,35.0,9.03,1.093011,16.0,6.91,0.38419077,38.0,12.03,0.60984313,32.0,8.04,0.324496,27.25,10.1575,3.044522437723423,-0.5389965007326869,0.21130909366720685,-0.6190392084062233,-0.4519851237430572,27,20.0,8.0,11.0,13.0
2021-07-18,202129,20.0,20,20,20,0.18734911,15.224755,0,1,431680820212919685,2023-11-24,Santa Cruz do Sul,0.7705766,131365,0,0,1,1,,,,,25621,6.46,12.47,19.87,0.0,69.71,20.0,12.66,0.73782176,35.0,9.03,1.093011,16.0,6.91,0.38419077,38.0,12.03,0.60984313,22.75,8.765,3.044522437723423,0.0,-0.5389965007326869,0.21130909366720685,-0.6190392084062233,28,8.0,11.0,13.0,9.0
2021-07-25,202130,8.0,8,8,8,0.0029118066,6.0899024,0,1,431680820213019685,2023-11-24,Santa Cruz do Sul,0.35155883,131365,0,0,1,0,,,,,25621,7.51,11.87,17.07,16.6,70.71,20.0,6.46,0.7705766,20.0,12.66,0.73782176,35.0,9.03,1.093011,16.0,6.91,0.38419077,20.75,8.915,2.1972245773362196,-0.8472978603872034,-0.8472978603872034,-1.3862943611198904,-0.6359887667199966,29,11.0,13.0,9.0,11.0
2021-08-01,202131,11.0,11,11,11,0.113212764,8.373615,0,1,431680820213119685,2023-11-24,Santa Cruz do Sul,0.63533676,131365,0,0,1,1,,,,,25621,9.29,13.9,19.63,0.0,84.71,8.0,7.51,0.35155883,20.0,6.46,0.7705766,20.0,12.66,0.73782176,35.0,9.03,1.093011,14.75,8.98,2.4849066497880004,0.2876820724517808,-0.5596157879354227,-0.5596157879354227,-1.0986122886681096,30,13.0,9.0,11.0,15.0
2021-08-08,202132,13.0,13,13,13,0.52947724,9.896091,0,1,431680820213219685,2023-11-24,Santa Cruz do Sul,1.0291612,131365,0,0,1,1,,,,,25621,10.83,15.16,19.56,13.4,82.14,11.0,9.29,0.63533676,8.0,7.51,0.35155883,20.0,6.46,0.7705766,20.0,12.66,0.73782176,13.0,8.5225,2.6390573296152584,0.15415067982725805,0.44183275227903884,-0.4054651081081646,-0.4054651081081646,31,9.0,11.0,15.0,8.0
2021-08-15,202133,9.0,9,9,9,0.3138514,6.85114,0,1,431680820213319685,2023-11-24,Santa Cruz do Sul,0.8087101,131365,0,0,1,0,,,,,25621,14.97,19.03,23.7,10.7,82.14,13.0,10.83,1.0291612,11.0,9.29,0.63533676,8.0,7.51,0.35155883,20.0,6.46,0.7705766,10.25,10.65,2.302585092994046,-0.3364722366212125,-0.18232155679395445,0.10536051565782634,-0.7419373447293771,32,11.0,15.0,8.0,6.0
2021-08-22,202134,11.0,11,11,11,0.48765936,8.373615,0,1,431680820213419685,2023-11-24,Santa Cruz do Sul,0.9871794,131365,0,0,1,0,,,,,25621,11.84,15.93,20.21,76.8,84.14,9.0,14.97,0.8087101,13.0,10.83,1.0291612,11.0,9.29,0.63533676,8.0,7.51,0.35155883,11.0,11.732500000000002,2.4849066497880004,0.18232155679395445,-0.15415067982725805,0.0,0.2876820724517808,33,15.0,8.0,6.0,11.0
2021-08-29,202135,15.0,15,15,15,0.79778326,11.418567,0,1,431680820213519685,2023-11-24,Santa Cruz do Sul,1.3838016,131365,0,0,1,1,,,,,25621,15.11,19.54,25.29,13.9,77.14,11.0,11.84,0.9871794,9.0,14.97,0.8087101,13.0,10.83,1.0291612,11.0,9.29,0.63533676,12.0,13.1875,2.772588722239781,0.2876820724517808,0.47000362924573524,0.13353139262452274,0.2876820724517808,34,8.0,6.0,11.0,21.0
2021-09-05,202136,8.0,8,8,8,0.21575285,6.0899024,0,1,431680820213619685,2023-11-24,Santa Cruz do Sul,0.7030295,131365,0,0,1,2,,,,,25621,14.14,16.4,19.57,44.6,84.71,15.0,15.11,1.3838016,11.0,11.84,0.9871794,9.0,14.97,0.8087101,13.0,10.83,1.0291612,10.75,14.015,2.1972245773362196,-0.5753641449035616,-0.2876820724517808,-0.10536051565782634,-0.44183275227903884,35,6.0,11.0,21.0,19.0
2021-09-12,202137,6.0,6,6,6,0.088666566,4.5674267,0,1,431680820213719685,2023-11-24,Santa Cruz do Sul,0.5239927,131365,0,0,1,0,,,,,25621,11.9,16.74,21.43,47.2,84.71,8.0,14.14,0.7030295,15.0,15.11,1.3838016,11.0,11.84,0.9871794,9.0,14.97,0.8087101,10.0,13.2475,1.9459101490553132,-0.25131442828090633,-0.8266785731844679,-0.5389965007326871,-0.35667494393873267,36,11.0,21.0,19.0,10.0
2021-09-19,202138,11.0,11,11,11,0.6322199,8.373615,0,1,431680820213819685,2023-11-24,Santa Cruz do Sul,1.1576062,131365,0,0,1,1,,,,,25621,13.76,17.51,21.33,9.8,84.14,6.0,11.9,0.5239927,8.0,14.14,0.7030295,15.0,15.11,1.3838016,11.0,11.84,0.9871794,10.0,13.727500000000001,2.4849066497880004,0.5389965007326871,0.2876820724517808,-0.2876820724517808,0.0,37,21.0,19.0,10.0,20.0
2021-09-26,202139,21.0,21,21,21,0.98805225,15.985993,0,1,431680820213919685,2023-11-24,Santa Cruz do Sul,2.3372946,131365,0,1,1,0,,,,,25621,14.64,18.89,23.29,64.4,87.0,11.0,13.76,1.1576062,6.0,11.9,0.5239927,8.0,14.14,0.7030295,15.0,15.11,1.3838016,11.5,13.61,3.091042453358316,0.6061358035703157,1.1451323043030028,0.8938178760220965,0.3184537311185349,38,19.0,10.0,20.0,10.0
2021-10-03,202140,19.0,19,19,19,0.88273144,14.463518,0,1,431680820214019685,2023-11-24,Santa Cruz do Sul,1.5264362,131365,0,0,1,0,,,,,25621,11.76,16.17,20.63,13.9,79.0,21.0,14.64,2.3372946,11.0,13.76,1.1576062,6.0,11.9,0.5239927,8.0,14.14,0.7030295,14.25,13.014999999999999,2.995732273553991,-0.09531017980432521,0.5108256237659905,1.0498221244986776,0.7985076962177713,39,10.0,20.0,10.0,21.0
2021-10-10,202141,10.0,10,10,10,0.09740223,7.6123776,0,1,431680820214119685,2023-11-24,Santa Cruz do Sul,0.60465914,131365,0,0,1,1,,,,,25621,16.26,20.07,24.5,60.2,86.0,19.0,11.76,1.5264362,21.0,14.64,2.3372946,11.0,13.76,1.1576062,6.0,11.9,0.5239927,15.25,14.105,2.3978952727983707,-0.5978370007556202,-0.6931471805599454,-0.08701137698962969,0.45198512374305744,40,20.0,10.0,21.0,10.0
2021-10-17,202142,20.0,20,20,20,0.7043502,15.224755,0,1,431680820214219685,2023-11-24,Santa Cruz do Sul,1.1917247,131365,0,0,1,3,,,,,25621,12.07,17.96,23.84,13.6,76.29,10.0,16.26,0.60465914,19.0,11.76,1.5264362,21.0,14.64,2.3372946,11.0,13.76,1.1576062,17.5,13.682500000000001,3.044522437723423,0.6466271649250523,0.04879016416943216,-0.04652001563489305,0.5596157879354227,41,10.0,21.0,10.0,13.0
2021-10-24,202143,10.0,10,10,10,0.14730723,7.6123776,0,1,431680820214319685,2023-11-24,Santa Cruz do Sul,0.6600849,131365,0,0,1,0,,,,,25621,14.67,22.09,29.51,1.8,63.86,20.0,12.07,1.1917247,10.0,16.26,0.60465914,19.0,11.76,1.5264362,21.0,14.64,2.3372946,14.75,13.690000000000001,2.3978952727983707,-0.6466271649250523,0.0,-0.5978370007556202,-0.6931471805599454,42,21.0,10.0,13.0,11.0
2021-10-31,202144,21.0,21,21,21,0.84154266,15.985993,0,1,431680820214419685,2023-11-24,Santa Cruz do Sul,1.3932706,131365,1,0,1,0,,,,,25621,18.19,23.49,28.99,18.3,77.86,10.0,14.67,0.6600849,20.0,12.07,1.1917247,10.0,16.26,0.60465914,19.0,11.76,1.5264362,15.25,15.297500000000001,3.091042453358316,0.6931471805599454,0.04652001563489305,0.6931471805599454,0.09531017980432521,43,10.0,13.0,11.0,11.0
2021-11-07,202145,10.0,10,10,10,0.15039228,7.6123776,0,1,431680820214519685,2023-11-24,Santa Cruz do Sul,0.6632587,131365,0,0,1,0,,,,,25621,13.93,19.87,26.19,0.0,67.86,21.0,18.19,1.3932706,10.0,14.67,0.6600849,20.0,12.07,1.1917247,10.0,16.26,0.60465914,15.25,14.715,2.3978952727983707,-0.6931471805599454,0.0,-0.6466271649250523,0.0,44,13.0,11.0,11.0,3.0
2021-11-14,202146,13.0,13,13,13,0.3474214,9.896091,0,1,431680820214619685,2023-11-24,Santa Cruz do Sul,0.8640287,131365,0,0,1,0,,,,,25621,16.4,21.27,26.64,34.2,73.43,10.0,13.93,0.6632587,21.0,18.19,1.3932706,10.0,14.67,0.6600849,20.0,12.07,1.1917247,13.5,15.7975,2.6390573296152584,0.24116205681688774,-0.45198512374305766,0.24116205681688774,-0.4054651081081646,45,11.0,11.0,3.0,3.0
2021-11-21,202147,11.0,11,11,11,0.30763072,8.373615,0,1,431680820214719685,2023-11-24,Santa Cruz do Sul,0.8184377,131365,0,0,1,1,,,,,25621,16.59,23.59,30.41,15.5,66.57,13.0,16.4,0.8640287,10.0,13.93,0.6632587,21.0,18.19,1.3932706,10.0,14.67,0.6600849,13.75,16.2775,2.4849066497880004,-0.15415067982725805,0.08701137698962969,-0.6061358035703157,0.08701137698962969,46,11.0,3.0,3.0,2.0
2021-11-28,202148,11.0,11,11,11,0.41248164,8.373615,0,1,431680820214819685,2023-11-24,Santa Cruz do Sul,0.91344255,131365,1,0,1,0,,,,,25621,17.31,22.41,27.5,0.6,68.29,11.0,16.59,0.8184377,13.0,16.4,0.8640287,10.0,13.93,0.6632587,21.0,18.19,1.3932706,11.25,16.057499999999997,2.4849066497880004,0.0,-0.15415067982725805,0.08701137698962969,-0.6061358035703157,47,3.0,3.0,2.0,0.0
2021-12-05,202149,3.0,3,3,3,0.011279775,2.2837133,0,1,431680820214919685,2023-11-24,Santa Cruz do Sul,0.2729262,131365,0,0,0,0,,,,,25621,17.01,22.57,28.97,1.9,66.0,11.0,17.31,0.91344255,11.0,16.59,0.8184377,13.0,16.4,0.8640287,10.0,13.93,0.6632587,9.5,16.8275,1.3862943611198906,-1.0986122886681098,-1.0986122886681098,-1.2527629684953678,-1.01160091167848,48,3.0,2.0,0.0,42.0
2021-12-12,202150,3.0,3,3,3,0.038488477,2.2837133,0,1,431680820215019685,2023-11-24,Santa Cruz do Sul,0.3453454,131365,1,0,0,1,,,,,25621,20.07,24.09,29.24,57.0,79.57,3.0,17.01,0.2729262,11.0,17.31,0.91344255,11.0,16.59,0.8184377,13.0,16.4,0.8640287,7.0,17.745,1.3862943611198906,0.0,-1.0986122886681098,-1.0986122886681098,-1.2527629684953678,49,2.0,0.0,42.0,52.0
2021-12-19,202151,2.0,2,2,2,0.09034164,1.5224756,0,1,431680820215119685,2023-11-24,Santa Cruz do Sul,0.37416166,131365,1,0,0,0,,,,,25621,17.56,23.89,30.83,3.1,71.57,3.0,20.07,0.3453454,3.0,17.01,0.2729262,11.0,17.31,0.91344255,11.0,16.59,0.8184377,4.75,17.987499999999997,1.0986122886681098,-0.2876820724517808,-0.2876820724517808,-1.3862943611198906,-1.3862943611198906,50,0.0,42.0,52.0,27.0
2021-12-26,202152,0.0,0,0,0,0.0,0.0,0,1,431680820215219685,2023-11-24,Santa Cruz do Sul,0.0,131365,0,0,0,0,,,,,25621,18.87,26.13,33.76,0.0,63.71,2.0,17.56,0.37416166,3.0,20.07,0.3453454,3.0,17.01,0.2729262,11.0,17.31,0.91344255,2.0,18.3775,0.0,-1.0986122886681098,-1.3862943611198906,-1.3862943611198906,-2.4849066497880004,51,42.0,52.0,27.0,27.0
2022-01-02,202201,42.0,42,42,42,1.0,31.971987,0,1,431680820220119685,2023-11-24,Santa Cruz do Sul,10.490475,131365,1,1,2,0,,,,,25621,19.16,23.86,29.34,45.5,75.0,0.0,18.87,0.0,2.0,17.56,0.37416166,3.0,20.07,0.3453454,3.0,17.01,0.2729262,11.75,18.915,3.7612001156935624,3.7612001156935624,2.662587827025453,2.374905754573672,2.374905754573672,52,52.0,27.0,27.0,35.0
2022-01-09,202202,52.0,52,52,52,0.9999996,39.584366,0,4,431680820220219685,2023-11-24,Santa Cruz do Sul,3.814834,131365,1,1,2,2,,,,,25621,19.17,26.5,33.89,2.8,65.0,42.0,19.16,10.490475,0.0,18.87,0.0,2.0,17.56,0.37416166,3.0,20.07,0.3453454,24.0,18.69,3.970291913552122,0.20909179785855958,3.970291913552122,2.8716796248840124,2.5839975524322316,1,27.0,27.0,35.0,58.0
2022-01-16,202203,27.0,27,27,27,0.30198938,20.55342,0,4,431680820220319685,2023-11-24,Santa Cruz do Sul,0.8732917,131365,1,0,2,1,,,,,25621,23.8,29.79,37.04,7.7,68.14,52.0,19.17,3.814834,42.0,19.16,10.490475,0.0,18.87,0.0,2.0,17.56,0.37416166,30.25,20.25,3.332204510175204,-0.6380874033769182,-0.4289956055183586,3.332204510175204,2.2335922215070942,2,27.0,35.0,58.0,46.0
2022-01-23,202204,27.0,27,27,27,0.0693975,20.55342,0,4,431680820220419685,2023-11-24,Santa Cruz do Sul,0.69394463,131365,1,0,2,1,,,,,25621,20.79,25.99,32.13,26.7,76.0,27.0,23.8,0.8732917,52.0,19.17,3.814834,42.0,19.16,10.490475,0.0,18.87,0.0,37.0,20.73,3.332204510175204,0.0,-0.6380874033769182,-0.4289956055183586,3.332204510175204,3,35.0,58.0,46.0,36.0
2022-01-30,202205,35.0,35,35,35,0.5460412,26.643322,0,4,431680820220519685,2023-11-24,Santa Cruz do Sul,1.02806,131365,1,0,2,6,,,,,25621,20.63,25.81,31.64,36.1,74.0,27.0,20.79,0.69394463,27.0,23.8,0.8732917,52.0,19.17,3.814834,42.0,19.16,10.490475,35.25,21.0975,3.58351893845611,0.2513144282809061,0.2513144282809061,-0.38677297509601205,-0.17768117723745247,4,58.0,46.0,36.0,40.0
2022-02-06,202206,58.0,58,58,58,0.99733293,44.15179,0,4,431680820220619685,2023-11-24,Santa Cruz do Sul,1.8182517,131365,1,1,2,2,,,,,25621,17.43,23.29,29.74,6.8,71.86,35.0,20.63,1.02806,27.0,20.79,0.69394463,27.0,23.8,0.8732917,52.0,19.17,3.814834,36.75,20.6625,4.07753744390572,0.4940185054496098,0.7453329337305159,0.7453329337305159,0.10724553035359774,5,46.0,36.0,40.0,50.0
2022-02-13,202207,46.0,46,46,46,0.7871921,35.016937,0,4,431680820220719685,2023-11-24,Santa Cruz do Sul,1.1883876,131365,1,0,2,2,,,,,25621,16.7,23.71,30.74,5.9,67.86,58.0,17.43,1.8182517,35.0,20.63,1.02806,27.0,20.79,0.69394463,27.0,23.8,0.8732917,41.5,18.8875,3.8501476017100584,-0.22738984219566127,0.2666286632539485,0.5179430915348546,0.5179430915348546,6,36.0,40.0,50.0,80.0
2022-02-20,202208,36.0,36,36,36,0.1273162,27.40456,0,4,431680820220819685,2023-11-24,Santa Cruz do Sul,0.7781026,131365,1,0,2,2,,,,,25621,20.56,25.89,32.3,15.1,74.71,46.0,16.7,1.1883876,58.0,17.43,1.8182517,35.0,20.63,1.02806,27.0,20.79,0.69394463,43.75,18.83,3.6109179126442243,-0.23922968906583408,-0.46661953126149536,0.027398974188114433,0.27871340246902054,7,40.0,50.0,80.0,139.0
2022-02-27,202209,40.0,40,40,40,0.28311437,30.44951,0,4,431680820220919685,2023-11-24,Santa Cruz do Sul,0.88360167,131365,1,0,2,7,,,,,25621,20.57,25.63,32.06,29.6,77.86,36.0,20.56,0.7781026,46.0,16.7,1.1883876,58.0,17.43,1.8182517,35.0,20.63,1.02806,45.0,18.814999999999998,3.713572066704308,0.1026541540600836,-0.13657553500575048,-0.36396537720141175,0.13005312824819804,8,50.0,80.0,139.0,181.0
2022-03-06,202210,50.0,50,50,50,0.8240035,38.06189,0,4,431680820221019685,2023-11-24,Santa Cruz do Sul,1.2147363,131365,1,0,2,15,,,,,25621,19.51,23.34,28.39,33.6,85.29,40.0,20.57,0.88360167,36.0,20.56,0.7781026,46.0,16.7,1.1883876,58.0,17.43,1.8182517,43.0,19.335,3.9318256327243257,0.21825356602001778,0.3209077200801014,0.0816780310142673,-0.14571181118139398,9,80.0,139.0,181.0,231.0
2022-03-13,202211,80.0,80,80,80,0.9994909,60.89902,0,4,431680820221119685,2023-11-24,Santa Cruz do Sul,1.8251586,131365,1,1,2,37,,,,,25621,18.47,22.06,26.51,12.0,83.14,50.0,19.51,1.2147363,40.0,20.57,0.88360167,36.0,20.56,0.7781026,46.0,16.7,1.1883876,51.5,19.7775,4.394449154672439,0.4626235219481134,0.6808770879681312,0.7835312420282148,0.5443015529623807,10,139.0,181.0,231.0,307.0
2022-03-20,202212,139.0,139,139,139,1.0,105.81205,0,4,431680820221219685,2023-11-24,Santa Cruz do Sul,2.3702462,131365,0,1,2,81,,,,,25621,16.3,20.21,24.71,75.6,78.43,80.0,18.47,1.8251586,50.0,19.51,1.2147363,40.0,20.57,0.88360167,36.0,20.56,0.7781026,77.25,18.7125,4.941642422609304,0.5471932679368647,1.0098167898849781,1.228070355904996,1.3307245099650795,11,181.0,231.0,307.0,351.0
2022-03-27,202213,181.0,181,181,181,1.0,137.78404,0,4,431680820221319685,2023-11-24,Santa Cruz do Sul,2.0168111,131365,0,1,2,93,,,,,25621,12.34,18.7,25.44,36.7,76.71,139.0,16.3,2.3702462,80.0,18.47,1.8251586,50.0,19.51,1.2147363,40.0,20.57,0.88360167,112.5,16.655,5.204006687076795,0.2623642644674913,0.809557532404356,1.2721810543524694,1.4904346203724872,12,231.0,307.0,351.0,298.0
2022-04-03,202214,231.0,231,231,231,0.9999998,175.84593,0,4,431680820221419685,2023-11-24,Santa Cruz do Sul,1.724383,131365,1,1,2,114,,,,,25621,17.33,19.97,23.16,105.7,91.57,181.0,12.34,2.0168111,139.0,16.3,2.3702462,80.0,18.47,1.8251586,50.0,19.51,1.2147363,157.75,16.11,5.44673737166631,0.24273068458951474,0.505094949057006,1.0522882169938708,1.5149117389419842,13,307.0,351.0,298.0,269.0
2022-04-10,202215,307.0,307,307,307,1.0,233.7,0,4,431680820221519685,2023-11-24,Santa Cruz do Sul,1.6788871,131365,0,1,2,163,,,,,25621,14.93,18.74,22.77,56.7,84.86,231.0,17.33,1.724383,181.0,12.34,2.0168111,139.0,16.3,2.3702462,80.0,18.47,1.8251586,214.5,15.224999999999998,5.730099782973574,0.28336241130726414,0.5260930958967789,0.7884573603642702,1.335650628301135,14,351.0,298.0,269.0,238.0
2022-04-17,202216,351.0,351,351,351,0.9999988,267.19446,0,4,431680820221619685,2023-11-24,Santa Cruz do Sul,1.4806737,131365,0,1,2,190,,,,,25621,13.69,18.7,24.61,5.2,80.71,307.0,14.93,1.6788871,231.0,17.33,1.724383,181.0,12.34,2.0168111,139.0,16.3,2.3702462,267.5,14.5725,5.863631175598097,0.13353139262452274,0.4168938039317869,0.6596244885213016,0.9219887529887929,15,298.0,269.0,238.0,177.0
2022-04-24,202217,298.0,298,298,298,0.63263893,226.84886,0,4,431680820221719685,2023-11-24,Santa Cruz do Sul,1.0283283,131365,0,0,2,147,,,,,25621,14.77,19.39,24.63,22.8,84.57,351.0,13.69,1.4806737,307.0,14.93,1.6788871,231.0,17.33,1.724383,181.0,12.34,2.0168111,296.75,15.18,5.700443573390687,-0.1631876022074099,-0.029656209582887172,0.25370620172437697,0.4964368863138917,16,269.0,238.0,177.0,190.0
2022-05-01,202218,269.0,269,269,269,0.030365836,204.77296,0,4,431680820221819685,2023-11-24,Santa Cruz do Sul,0.8560407,131365,0,0,2,136,,,,,25621,13.5,16.1,19.44,46.5,91.0,298.0,14.77,1.0283283,351.0,13.69,1.4806737,307.0,14.93,1.6788871,231.0,17.33,1.724383,306.25,14.2225,5.598421958998375,-0.10202161439231183,-0.26520921659972174,-0.131677823975199,0.15168458733206514,17,238.0,177.0,190.0,109.0
2022-05-08,202219,238.0,238,238,238,0.003991819,181.17459,0,4,431680820221919685,2023-11-24,Santa Cruz do Sul,0.79497653,131365,0,0,2,117,,,,,25621,11.19,15.34,19.8,22.9,89.57,269.0,13.5,0.8560407,298.0,14.77,1.0283283,351.0,13.69,1.4806737,307.0,14.93,1.6788871,289.0,13.287499999999998,5.476463551931511,-0.121958407066864,-0.22398002145917584,-0.38716762366658575,-0.253636231042063,18,177.0,190.0,109.0,66.0
2022-05-15,202220,177.0,177,177,177,9.083757e-06,134.73909,0,4,431680820222019685,2023-11-24,Santa Cruz do Sul,0.663143,131365,0,0,2,90,,,,,25621,8.9,12.3,16.1,18.1,86.29,238.0,11.19,0.79497653,269.0,13.5,0.8560407,298.0,14.77,1.0283283,351.0,13.69,1.4806737,245.5,12.09,5.181783550292085,-0.294680001639426,-0.41663840870629,-0.5186600230986018,-0.6818476253060117,19,190.0,109.0,66.0,55.0
2022-05-22,202221,190.0,190,190,190,0.023128808,144.63518,0,4,431680820222119685,2023-11-24,Santa Cruz do Sul,0.82318145,131365,0,0,2,89,,,,,25621,13.09,16.77,21.61,38.4,87.86,177.0,8.9,0.663143,238.0,11.19,0.79497653,269.0,13.5,0.8560407,298.0,14.77,1.0283283,218.5,11.67,5.25227342804663,0.07048987775454485,-0.22419012388488113,-0.34614853095174514,-0.44817014534405697,20,109.0,66.0,55.0,45.0
2022-05-29,202222,109.0,109,109,109,2.568362e-07,82.974915,0,4,431680820222219685,2023-11-24,Santa Cruz do Sul,0.55625594,131365,0,0,2,51,,,,,25621,6.06,10.31,14.16,9.0,85.14,190.0,13.09,0.82318145,177.0,8.9,0.663143,238.0,11.19,0.79497653,269.0,13.5,0.8560407,178.5,9.81,4.700480365792417,-0.5517930622542133,-0.48130318449966847,-0.7759831861390944,-0.8979415932059585,21,66.0,55.0,45.0,46.0
2022-06-05,202223,66.0,66,66,66,3.8525183e-11,50.24169,0,4,431680820222319685,2023-11-24,Santa Cruz do Sul,0.40578306,131365,0,0,2,31,,,,,25621,11.36,14.09,16.73,43.6,88.86,109.0,6.06,0.55625594,190.0,13.09,0.82318145,177.0,8.9,0.663143,238.0,11.19,0.79497653,135.5,9.8525,4.204692619390966,-0.49578774640145085,-1.0475808086556642,-0.9770909309011193,-1.2717709325405453,22,55.0,45.0,46.0,57.0
2022-06-12,202224,55.0,55,55,55,4.2230036e-07,41.868076,0,4,431680820222419685,2023-11-24,Santa Cruz do Sul,0.46200496,131365,0,0,2,20,,,,,25621,7.34,12.27,17.89,61.5,81.14,66.0,11.36,0.40578306,109.0,6.06,0.55625594,190.0,13.09,0.82318145,177.0,8.9,0.663143,105.0,9.4625,4.02535169073515,-0.17934092865581608,-0.6751286750572669,-1.2269217373114802,-1.1564318595569354,23,45.0,46.0,57.0,46.0
2022-06-19,202225,45.0,45,45,45,0.0008905745,34.2557,0,4,431680820222519685,2023-11-24,Santa Cruz do Sul,0.5659099,131365,0,0,2,15,,,,,25621,9.79,12.73,16.06,59.9,92.29,55.0,7.34,0.46200496,66.0,11.36,0.40578306,109.0,6.06,0.55625594,190.0,13.09,0.82318145,68.75,8.6375,3.828641396489095,-0.19671029424605457,-0.37605122290187065,-0.8718389693033215,-1.4236320315575348,24,46.0,57.0,46.0,42.0
2022-06-26,202226,46.0,46,46,46,0.11780192,35.016937,0,4,431680820222619685,2023-11-24,Santa Cruz do Sul,0.79262143,131365,0,0,2,25,,,,,25621,8.99,13.39,18.41,12.5,85.86,45.0,9.79,0.5659099,55.0,7.34,0.46200496,66.0,11.36,0.40578306,109.0,6.06,0.55625594,53.0,9.37,3.8501476017100584,0.02150620522096336,-0.17520408902509121,-0.3545450176809073,-0.8503327640823581,25,57.0,46.0,42.0,33.0
2022-07-03,202227,57.0,57,57,57,0.76600915,43.390553,0,4,431680820222719685,2023-11-24,Santa Cruz do Sul,1.1505599,131365,0,0,2,20,,,,,25621,14.07,17.69,22.13,17.0,83.29,46.0,8.99,0.79262143,45.0,9.79,0.5659099,55.0,7.34,0.46200496,66.0,11.36,0.40578306,50.75,10.0475,4.060443010546419,0.21029540883636066,0.23180161405732402,0.03509131981126945,-0.14424960884454663,26,46.0,42.0,33.0,37.0
2022-07-10,202228,46.0,46,46,46,0.38662115,35.016937,0,4,431680820222819685,2023-11-24,Santa Cruz do Sul,0.94276166,131365,0,0,2,16,,,,,25621,12.09,16.43,20.14,86.2,83.43,57.0,14.07,1.1505599,46.0,8.99,0.79262143,45.0,9.79,0.5659099,55.0,7.34,0.46200496,48.5,11.235,3.8501476017100584,-0.21029540883636066,0.0,0.02150620522096336,-0.17520408902509121,27,42.0,33.0,37.0,35.0
2022-07-17,202229,42.0,42,42,42,0.2022902,31.971987,0,4,431680820222919685,2023-11-24,Santa Cruz do Sul,0.84082437,131365,0,0,2,25,,,,,25621,11.54,15.41,19.93,7.5,86.86,46.0,12.09,0.94276166,57.0,14.07,1.1505599,46.0,8.99,0.79262143,45.0,9.79,0.5659099,47.75,11.672500000000001,3.7612001156935624,-0.08894748601649605,-0.2992428948528567,-0.08894748601649605,-0.06744128079553269,28,33.0,37.0,35.0,33.0
2022-07-24,202230,33.0,33,33,33,0.060007576,25.120846,0,4,431680820223019685,2023-11-24,Santa Cruz do Sul,0.7054504,131365,0,0,2,12,,,,,25621,13.87,17.46,22.57,11.6,85.0,42.0,11.54,0.84082437,46.0,12.09,0.94276166,57.0,14.07,1.1505599,46.0,8.99,0.79262143,44.5,12.8925,3.5263605246161616,-0.23483959107740082,-0.32378707709389687,-0.5340824859302575,-0.32378707709389687,29,37.0,35.0,33.0,35.0
2022-07-31,202231,37.0,37,37,37,0.31818604,28.165798,0,4,431680820223119685,2023-11-24,Santa Cruz do Sul,0.89901,131365,0,0,2,13,,,,,25621,10.34,13.97,18.13,13.2,88.57,33.0,13.87,0.7054504,42.0,11.54,0.84082437,46.0,12.09,0.94276166,57.0,14.07,1.1505599,39.5,11.96,3.6375861597263857,0.1112256351102241,-0.12361395596717673,-0.21256144198367277,-0.42285685082003344,30,35.0,33.0,35.0,22.0
2022-08-07,202232,35.0,35,35,35,0.4102511,26.643322,0,4,431680820223219685,2023-11-24,Santa Cruz do Sul,0.9481783,131365,0,0,2,13,,,,,25621,10.47,13.57,17.59,28.4,87.71,37.0,10.34,0.89901,33.0,13.87,0.7054504,42.0,11.54,0.84082437,46.0,12.09,0.94276166,36.75,11.555,3.58351893845611,-0.054067221270275745,0.05715841383994835,-0.17768117723745247,-0.2666286632539485,31,33.0,35.0,22.0,23.0
2022-08-14,202233,33.0,33,33,33,0.38168913,25.120846,0,4,431680820223319685,2023-11-24,Santa Cruz do Sul,0.9302127,131365,0,0,2,11,,,,,25621,9.69,14.3,19.47,41.5,79.43,35.0,10.47,0.9481783,37.0,10.34,0.89901,33.0,13.87,0.7054504,42.0,11.54,0.84082437,34.5,11.0925,3.5263605246161616,-0.05715841383994835,-0.1112256351102241,0.0,-0.23483959107740082,32,35.0,22.0,23.0,13.0
2022-08-21,202234,35.0,35,35,35,0.5113048,26.643322,0,4,431680820223419685,2023-11-24,Santa Cruz do Sul,1.0067685,131365,0,0,2,10,,,,,25621,11.43,17.16,24.01,4.9,79.14,33.0,9.69,0.9302127,35.0,10.47,0.9481783,37.0,10.34,0.89901,33.0,13.87,0.7054504,35.0,10.4825,3.58351893845611,0.05715841383994835,0.0,-0.054067221270275745,0.05715841383994835,33,22.0,23.0,13.0,7.0
2022-08-28,202235,22.0,22,22,22,0.060107328,16.74723,0,4,431680820223519685,2023-11-24,Santa Cruz do Sul,0.6578858,131365,0,0,1,10,,,,,25621,8.03,13.29,19.29,12.5,78.43,35.0,11.43,1.0067685,33.0,9.69,0.9302127,35.0,10.47,0.9481783,37.0,10.34,0.89901,31.25,9.905,3.1354942159291497,-0.44802472252696024,-0.3908663086870119,-0.44802472252696024,-0.502091943797236,34,23.0,13.0,7.0,16.0
2022-09-04,202236,23.0,23,23,23,0.14816408,17.508469,0,1,431680820223619685,2023-11-24,Santa Cruz do Sul,0.75233954,131365,0,0,1,9,,,,,25621,10.6,15.93,22.04,12.6,79.71,22.0,8.03,0.6578858,35.0,11.43,1.0067685,33.0,9.69,0.9302127,35.0,10.47,0.9481783,28.25,9.9375,3.1780538303479458,0.04255961441879608,-0.40546510810816416,-0.3483066942682158,-0.40546510810816416,35,13.0,7.0,16.0,12.0
2022-09-11,202237,13.0,13,13,13,0.020193258,9.896091,0,1,431680820223719685,2023-11-24,Santa Cruz do Sul,0.51071054,131365,0,0,1,3,,,,,25621,11.04,15.59,20.69,4.3,77.86,23.0,10.6,0.75233954,22.0,8.03,0.6578858,35.0,11.43,1.0067685,33.0,9.69,0.9302127,23.25,10.274999999999999,2.6390573296152584,-0.5389965007326873,-0.49643688631389127,-0.9444616088408515,-0.8873031950009032,36,7.0,16.0,12.0,7.0
2022-09-18,202238,7.0,7,7,7,0.0045456523,5.3286643,0,1,431680820223819685,2023-11-24,Santa Cruz do Sul,0.34889647,131365,0,0,1,4,,,,,25621,10.87,15.13,19.24,36.4,79.71,13.0,11.04,0.51071054,23.0,10.6,0.75233954,22.0,8.03,0.6578858,35.0,11.43,1.0067685,16.25,10.135,2.0794415416798357,-0.5596157879354227,-1.09861228866811,-1.056052674249314,-1.5040773967762742,37,16.0,12.0,7.0,11.0
2022-09-25,202239,16.0,16,16,16,0.59715885,12.179805,0,1,431680820223919685,2023-11-24,Santa Cruz do Sul,1.0916575,131365,0,0,1,5,,,,,25621,12.39,16.81,21.39,8.2,78.71,7.0,10.87,0.34889647,13.0,11.04,0.51071054,23.0,10.6,0.75233954,22.0,8.03,0.6578858,14.75,11.225,2.833213344056216,0.7537718023763804,0.19415601444095776,-0.3448404862917296,-0.3022808718729335,38,12.0,7.0,11.0,16.0
2022-10-02,202240,12.0,12,12,12,0.5165013,9.134853,0,1,431680820224019685,2023-11-24,Santa Cruz do Sul,1.0168056,131365,0,0,1,6,,,,,25621,11.87,17.04,22.89,42.2,76.71,16.0,12.39,1.0916575,7.0,10.87,0.34889647,13.0,11.04,0.51071054,23.0,10.6,0.75233954,12.0,11.542499999999999,2.5649493574615367,-0.2682639865946794,0.485507815781701,-0.07410797215372167,-0.613104472886409,39,7.0,11.0,16.0,10.0
2022-10-09,202241,7.0,7,7,7,0.112336956,5.3286643,0,1,431680820224119685,2023-11-24,Santa Cruz do Sul,0.5754086,131365,0,0,1,0,,,,,25621,11.87,15.5,19.44,26.6,81.14,12.0,11.87,1.0168056,16.0,12.39,1.0916575,7.0,10.87,0.34889647,13.0,11.04,0.51071054,10.5,11.749999999999998,2.0794415416798357,-0.485507815781701,-0.7537718023763804,0.0,-0.5596157879354227,40,11.0,16.0,10.0,12.0
2022-10-16,202242,11.0,11,11,11,0.46694452,8.373615,0,1,431680820224219685,2023-11-24,Santa Cruz do Sul,0.9661669,131365,1,0,1,2,,,,,25621,16.36,19.36,24.03,19.6,83.86,7.0,11.87,0.5754086,12.0,11.87,1.0168056,16.0,12.39,1.0916575,7.0,10.87,0.34889647,11.5,13.122499999999999,2.4849066497880004,0.4054651081081646,-0.08004270767353638,-0.3483066942682158,0.4054651081081646,41,16.0,10.0,12.0,18.0
2022-10-23,202243,16.0,16,16,16,0.87996924,12.179805,0,1,431680820224319685,2023-11-24,Santa Cruz do Sul,1.5812728,131365,0,0,1,1,,,,,25621,14.87,21.07,28.09,2.7,68.29,11.0,16.36,0.9661669,7.0,11.87,0.5754086,12.0,11.87,1.0168056,16.0,12.39,1.0916575,11.5,13.742499999999998,2.833213344056216,0.3483066942682158,0.7537718023763804,0.2682639865946794,0.0,42,10.0,12.0,18.0,12.0
2022-10-30,202244,10.0,10,10,10,0.39405316,7.6123776,0,1,431680820224419685,2023-11-24,Santa Cruz do Sul,0.89179343,131365,0,0,1,2,,,,,25621,10.49,16.6,22.77,32.2,68.86,16.0,14.87,1.5812728,11.0,16.36,0.9661669,7.0,11.87,0.5754086,12.0,11.87,1.0168056,11.0,13.397499999999999,2.3978952727983707,-0.4353180712578455,-0.08701137698962969,0.3184537311185349,-0.16705408466316607,43,12.0,18.0,12.0,19.0
2022-11-06,202245,12.0,12,12,12,0.45540062,9.134853,0,1,431680820224519685,2023-11-24,Santa Cruz do Sul,0.9565088,131365,0,0,1,2,,,,,25621,14.0,19.23,24.63,7.1,75.71,10.0,10.49,0.89179343,16.0,14.87,1.5812728,11.0,16.36,0.9661669,7.0,11.87,0.5754086,12.25,13.93,2.5649493574615367,0.16705408466316607,-0.2682639865946794,0.08004270767353638,0.485507815781701,44,18.0,12.0,19.0,22.0
2022-11-13,202246,18.0,18,18,18,0.85092026,13.70228,0,1,431680820224619685,2023-11-24,Santa Cruz do Sul,1.455958,131365,1,0,1,1,,,,,25621,16.56,23.04,29.23,32.4,61.43,12.0,14.0,0.9565088,10.0,10.49,0.89179343,16.0,14.87,1.5812728,11.0,16.36,0.9661669,14.0,13.98,2.9444389791664403,0.3794896217049035,0.5465437063680696,0.1112256351102241,0.4595323293784399,45,12.0,19.0,22.0,9.0
2022-11-20,202247,12.0,12,12,12,0.4098084,9.134853,0,1,431680820224719685,2023-11-24,Santa Cruz do Sul,0.91435957,131365,1,0,1,3,,,,,25621,17.67,23.21,29.17,26.5,67.71,18.0,16.56,1.455958,12.0,14.0,0.9565088,10.0,10.49,0.89179343,16.0,14.87,1.5812728,13.0,14.68,2.5649493574615367,-0.3794896217049035,0.0,0.16705408466316607,-0.2682639865946794,46,19.0,22.0,9.0,0.0
2022-11-27,202248,19.0,19,19,19,0.7778044,14.463518,0,2,431680820224819685,2023-11-24,Santa Cruz do Sul,1.299022,131365,1,0,1,13,,,,,25621,19.87,25.51,31.86,9.2,69.29,12.0,17.67,0.91435957,18.0,16.56,1.455958,12.0,14.0,0.9565088,10.0,10.49,0.89179343,15.25,17.025,2.995732273553991,0.4307829160924541,0.05129329438755059,0.4307829160924541,0.5978370007556202,47,22.0,9.0,0.0,6.0
2022-12-04,202249,22.0,22,22,22,0.854069,16.74723,0,2,431680820224919708,2023-12-17,Santa Cruz do Sul,1.408235,131365,1,0,1,19,,,,,25621,19.94,26.09,33.24,24.4,70.0,19.0,19.87,1.299022,12.0,17.67,0.91435957,18.0,16.56,1.455958,12.0,14.0,0.9565088,17.75,18.51,3.1354942159291497,0.13976194237515882,0.5705448584676129,0.1910552367627094,0.5705448584676129,48,9.0,0.0,6.0,22.0
2022-12-11,202250,9.0,9,9,9,0.048168514,6.85114,0,2,431680820225019718,2023-12-27,Santa Cruz do Sul,0.5196542,131365,1,0,1,23,,,,,25621,16.96,23.97,31.36,11.8,60.86,22.0,19.94,1.408235,19.0,19.87,1.299022,12.0,17.67,0.91435957,18.0,16.56,1.455958,15.5,18.61,2.302585092994046,-0.8329091229351038,-0.693147180559945,-0.26236426446749084,-0.6418538861723944,49,0.0,6.0,22.0,25.0
2022-12-18,202251,0.0,0,0,0,0.0,0.0,0,1,431680820225119718,2023-12-27,Santa Cruz do Sul,0.0,131365,0,0,0,14,,,,,25621,18.1,24.13,30.56,5.0,65.57,9.0,16.96,0.5196542,22.0,19.94,1.408235,19.0,19.87,1.299022,12.0,17.67,0.91435957,12.5,18.7175,0.0,-2.302585092994046,-3.1354942159291497,-2.995732273553991,-2.5649493574615367,50,6.0,22.0,25.0,22.0
2022-12-25,202252,6.0,6,6,6,0.1347195,4.5674267,0,1,431680820225219734,2024-01-12,Santa Cruz do Sul,0.5814393,131365,1,0,1,6,,,,,25621,18.34,23.96,30.37,35.1,63.71,0.0,18.1,0.0,9.0,16.96,0.5196542,22.0,19.94,1.408235,19.0,19.87,1.299022,9.25,18.335,1.9459101490553132,1.9459101490553132,-0.35667494393873267,-1.1895840668738364,-1.0498221244986776,51,22.0,25.0,22.0,28.0
2023-01-01,202301,22.0,22,22,22,0.9971194,16.74723,0,1,431680820230119741,2024-01-19,Santa Cruz do Sul,2.916679,131365,1,1,1,0,,,,,25621,19.04,25.96,32.89,13.9,57.0,6.0,18.34,0.5814393,0.0,18.1,0.0,9.0,16.96,0.5196542,22.0,19.94,1.408235,9.25,18.11,3.1354942159291497,1.1895840668738364,3.1354942159291497,0.8329091229351038,0.0,52,25.0,22.0,28.0,25.0
2023-01-08,202302,25.0,25,25,25,0.98524237,19.030945,0,3,431680820230219748,2024-01-26,Santa Cruz do Sul,2.0753057,131365,1,1,1,0,,,,,25621,19.36,25.27,32.16,16.8,66.43,22.0,19.04,2.916679,6.0,18.34,0.5814393,0.0,18.1,0.0,9.0,16.96,0.5196542,13.25,18.71,3.258096538021482,0.12260232209233246,1.312186388966169,3.258096538021482,0.9555114450274362,1,22.0,28.0,25.0,31.0
2023-01-15,202303,22.0,22,22,22,0.6844037,16.74723,0,3,431680820230319748,2024-01-26,Santa Cruz do Sul,1.1603187,131365,1,0,1,0,,,,,25621,21.34,26.19,32.3,18.8,73.14,25.0,19.36,2.0753057,22.0,19.04,2.916679,6.0,18.34,0.5814393,0.0,18.1,0.0,18.75,19.52,3.1354942159291497,-0.12260232209233246,0.0,1.1895840668738364,3.1354942159291497,2,28.0,25.0,31.0,28.0
2023-01-22,202304,28.0,28,28,28,0.7700712,21.314657,0,2,431680820230419752,2024-01-30,Santa Cruz do Sul,1.2290866,131365,1,0,2,5,,,,,25621,21.84,27.94,35.37,26.4,68.57,22.0,21.34,1.1603187,25.0,19.36,2.0753057,22.0,19.04,2.916679,6.0,18.34,0.5814393,24.25,20.395,3.367295829986474,0.23180161405732447,0.109199291964992,0.23180161405732447,1.421385680931161,3,25.0,31.0,28.0,25.0
2023-01-29,202305,25.0,25,25,25,0.546251,19.030945,0,2,431680820230519760,2024-02-07,Santa Cruz do Sul,1.0334016,131365,1,0,1,2,,,,,25621,21.54,26.4,32.19,22.5,71.14,28.0,21.84,1.2290866,22.0,21.34,1.1603187,25.0,19.36,2.0753057,22.0,19.04,2.916679,25.0,21.02,3.258096538021482,-0.109199291964992,0.12260232209233246,0.0,0.12260232209233246,4,31.0,28.0,25.0,47.0
2023-02-05,202306,31.0,31,31,31,0.7625177,23.28446,0,2,431680820230619768,2024-02-15,Santa Cruz do Sul,1.207842,133136,1,0,2,2,,,,,25621,19.64,26.79,34.0,3.0,59.43,25.0,21.54,1.0334016,28.0,21.84,1.2290866,22.0,21.34,1.1603187,25.0,19.36,2.0753057,26.5,21.09,3.4657359027997265,0.2076393647782444,0.0984400728132524,0.33024168687057687,0.2076393647782444,5,28.0,25.0,47.0,81.0
2023-02-12,202307,28.0,28,28,28,0.55061615,21.031126,0,4,431680820230719774,2024-02-21,Santa Cruz do Sul,1.0346177,133136,1,0,2,1,,,,,25621,18.69,25.03,31.46,20.2,62.57,31.0,19.64,1.207842,25.0,21.54,1.0334016,28.0,21.84,1.2290866,22.0,21.34,1.1603187,28.0,20.4275,3.367295829986474,-0.0984400728132524,0.109199291964992,0.0,0.23180161405732447,6,25.0,47.0,81.0,64.0
2023-02-19,202308,25.0,25,25,25,0.3313608,18.777792,0,4,431680820230819780,2024-02-27,Santa Cruz do Sul,0.8879714,133136,1,0,1,0,,,,,25621,17.1,22.19,27.66,16.5,77.43,28.0,18.69,1.0346177,31.0,19.64,1.207842,25.0,21.54,1.0334016,28.0,21.84,1.2290866,27.25,19.2425,3.258096538021482,-0.109199291964992,-0.2076393647782444,0.0,-0.109199291964992,7,47.0,81.0,64.0,94.0
2023-02-26,202309,47.0,47,47,47,0.9830427,35.302246,0,2,431680820230919787,2024-03-05,Santa Cruz do Sul,1.6356264,133136,1,1,2,1,,,,,25621,20.16,24.77,30.61,38.5,77.57,25.0,17.1,0.8879714,28.0,18.69,1.0346177,31.0,19.64,1.207842,25.0,21.54,1.0334016,32.75,18.8975,3.871201010907891,0.613104472886409,0.503905180921417,0.4054651081081646,0.613104472886409,8,81.0,64.0,94.0,98.0
2023-03-05,202310,81.0,81,81,81,0.99999535,60.840042,0,4,431680820231019795,2024-03-13,Santa Cruz do Sul,2.362692,133136,1,1,2,3,,,,,25621,21.14,25.36,30.7,10.9,80.43,47.0,20.16,1.6356264,25.0,17.1,0.8879714,28.0,18.69,1.0346177,31.0,19.64,1.207842,45.25,19.2725,4.406719247264253,0.5355182363563622,1.1486227092427712,1.0394234172777792,0.9409833444645268,9,64.0,94.0,98.0,92.0
2023-03-12,202311,64.0,64,64,64,0.9142233,48.071144,0,4,431680820231119801,2024-03-19,Santa Cruz do Sul,1.2927431,133136,1,0,2,8,,,,,25621,21.84,27.14,33.34,0.5,70.29,81.0,21.14,2.362692,47.0,20.16,1.6356264,25.0,17.1,0.8879714,28.0,18.69,1.0346177,54.25,20.060000000000002,4.174387269895637,-0.23233197736861655,0.30318625898774565,0.9162907318741547,0.8070914399091627,10,94.0,98.0,92.0,123.0
2023-03-19,202312,94.0,94,94,94,0.9877434,70.60449,0,4,431680820231219809,2024-03-27,Santa Cruz do Sul,1.4301738,133136,1,1,2,10,,,,,25621,21.51,25.79,31.93,23.6,77.14,64.0,21.84,1.2927431,81.0,21.14,2.362692,47.0,20.16,1.6356264,25.0,17.1,0.8879714,71.5,21.1625,4.553876891600541,0.37948962170490397,0.14715764433628742,0.6826758806926496,1.2957803535790586,11,98.0,92.0,123.0,115.0
2023-03-26,202313,98.0,98,98,98,0.95435774,73.60894,0,4,431680820231319815,2024-04-02,Santa Cruz do Sul,1.2925271,133136,1,1,2,12,,,,,25621,17.49,22.7,29.24,21.4,72.86,94.0,21.51,1.4301738,64.0,21.84,1.2927431,81.0,21.14,2.362692,47.0,20.16,1.6356264,84.25,20.495,4.59511985013459,0.04124295853404902,0.420732580238953,0.18840060287033644,0.7239188392266986,12,92.0,123.0,115.0,119.0
2023-04-02,202314,92.0,92,92,92,0.6669751,69.10227,0,4,431680820231419821,2024-04-08,Santa Cruz do Sul,1.0666425,133136,0,0,2,9,,,,,25621,16.49,20.8,25.81,4.9,75.14,98.0,17.49,1.2925271,94.0,21.51,1.4301738,64.0,21.84,1.2927431,81.0,21.14,2.362692,87.0,19.3325,4.532599493153256,-0.06252035698133351,-0.02127739844728449,0.3582122232576195,0.12588024588900293,13,123.0,115.0,119.0,132.0
2023-04-09,202315,123.0,123,123,123,0.9734624,92.386734,0,4,431680820231519828,2024-04-15,Santa Cruz do Sul,1.3006994,133136,1,1,2,13,,,,,25621,18.0,22.3,27.59,3.7,72.29,92.0,16.49,1.0666425,98.0,17.49,1.2925271,94.0,21.51,1.4301738,64.0,21.84,1.2927431,101.75,18.3725,4.820281565605037,0.2876820724517808,0.22516171547044728,0.2664046740044963,0.6458942957094003,14,115.0,119.0,132.0,102.0
2023-04-16,202316,115.0,115,115,115,0.81634414,86.37784,0,4,431680820231619835,2024-04-22,Santa Cruz do Sul,1.1301447,133136,0,0,2,13,,,,,25621,13.24,17.74,23.27,18.5,72.86,123.0,18.0,1.3006994,92.0,16.49,1.0666425,98.0,17.49,1.2925271,94.0,21.51,1.4301738,107.0,16.305,4.7535901911063645,-0.06669137449867257,0.22099069795310822,0.1584703409717747,0.19971329950582373,15,119.0,132.0,102.0,79.0
2023-04-23,202317,119.0,119,119,119,0.694419,89.382286,0,4,431680820231719842,2024-04-29,Santa Cruz do Sul,1.0691905,133136,0,0,2,11,,,,,25621,14.74,19.86,26.0,10.7,76.86,115.0,13.24,1.1301447,123.0,18.0,1.3006994,92.0,16.49,1.0666425,98.0,17.49,1.2925271,112.25,15.6175,4.787491742782046,0.03390155167568132,-0.032789822822991255,0.25489224962878954,0.19237189264745602,16,132.0,102.0,79.0,74.0
2023-04-30,202318,132.0,132,132,132,0.8299643,99.146736,0,4,431680820231819849,2024-05-06,Santa Cruz do Sul,1.1284342,133136,1,0,2,21,,,,,25621,17.33,19.7,22.7,99.5,88.71,119.0,14.74,1.0691905,115.0,13.24,1.1301447,123.0,18.0,1.3006994,92.0,16.49,1.0666425,122.25,15.8275,4.890349128221754,0.1028573854397079,0.13675893711538922,0.07006756261671665,0.35774963506849744,17,102.0,79.0,74.0,63.0
2023-05-07,202319,102.0,102,102,102,0.1153162,76.61339,0,4,431680820231919856,2024-05-13,Santa Cruz do Sul,0.851349,133136,0,0,2,9,,,,,25621,11.99,16.06,21.07,23.0,83.29,132.0,17.33,1.1284342,119.0,14.74,1.0691905,115.0,13.24,1.1301447,123.0,18.0,1.3006994,117.0,14.325,4.634728988229636,-0.25562013999211786,-0.15276275455240995,-0.11886120287672863,-0.1855525773754012,18,79.0,74.0,63.0,52.0
2023-05-14,202320,79.0,79,79,79,0.0030746094,59.33782,0,4,431680820232019863,2024-05-20,Santa Cruz do Sul,0.674247,133136,0,0,2,7,,,,,25621,11.49,17.2,24.6,0.0,78.43,102.0,11.99,0.851349,132.0,17.33,1.1284342,119.0,14.74,1.0691905,115.0,13.24,1.1301447,108.0,13.8875,4.382026634673881,-0.25270235355575466,-0.5083224935478725,-0.4054651081081646,-0.3715635564324833,19,74.0,63.0,52.0,23.0
2023-05-21,202321,74.0,74,74,74,0.01505568,55.58226,0,4,431680820232119870,2024-05-27,Santa Cruz do Sul,0.7205842,133136,0,0,2,5,,,,,25621,15.83,19.99,25.54,14.4,81.86,79.0,11.49,0.674247,102.0,11.99,0.851349,132.0,17.33,1.1284342,119.0,14.74,1.0691905,96.75,14.16,4.31748811353631,-0.06453852113757108,-0.31724087469332574,-0.5728610146854436,-0.4700036292457357,20,63.0,52.0,23.0,26.0
2023-05-28,202322,63.0,63,63,63,0.03360463,47.320034,0,4,431680820232219877,2024-06-03,Santa Cruz do Sul,0.73965806,133136,0,0,2,5,,,,,25621,11.26,16.07,22.41,0.3,82.29,74.0,15.83,0.7205842,79.0,11.49,0.674247,102.0,11.99,0.851349,132.0,17.33,1.1284342,79.5,12.642500000000002,4.1588830833596715,-0.15860503017663863,-0.2231435513142097,-0.47584590486996436,-0.7314660448620822,21,52.0,23.0,26.0,21.0
2023-06-04,202323,52.0,52,52,52,0.030579846,39.057804,0,4,431680820232319884,2024-06-10,Santa Cruz do Sul,0.7143124,133136,0,0,2,2,,,,,25621,14.73,19.74,25.69,13.5,77.86,63.0,11.26,0.73965806,74.0,15.83,0.7205842,79.0,11.49,0.674247,102.0,11.99,0.851349,67.0,13.3275,3.970291913552122,-0.18859116980754953,-0.34719619998418816,-0.41173472112175924,-0.6644370746775139,22,23.0,26.0,21.0,20.0
2023-06-11,202324,23.0,23,23,23,8.59908e-06,17.275568,0,4,431680820232419884,2024-06-10,Santa Cruz do Sul,0.37338483,133136,0,0,1,0,,,,,25621,8.04,10.91,13.67,121.8,88.57,52.0,14.73,0.7143124,63.0,11.26,0.73965806,74.0,15.83,0.7205842,79.0,11.49,0.674247,53.0,12.465,3.1780538303479458,-0.7922380832041762,-0.9808292530117257,-1.1394342831883644,-1.2039728043259355,23,26.0,21.0,20.0,18.0
2023-06-18,202325,26.0,26,26,26,0.0058260974,19.528902,0,1,431680820232519898,2024-06-24,Santa Cruz do Sul,0.5494791,133136,0,0,1,1,,,,,25621,11.17,14.76,19.07,35.4,88.0,23.0,8.04,0.37338483,52.0,14.73,0.7143124,63.0,11.26,0.73965806,74.0,15.83,0.7205842,41.0,11.3,3.295836866004329,0.11778303565638337,-0.6744550475477928,-0.8630462173553424,-1.021651247531981,24,21.0,20.0,18.0,15.0
2023-06-25,202326,21.0,21,21,21,0.05015465,15.773345,0,1,431680820232619905,2024-07-01,Santa Cruz do Sul,0.63784593,133136,0,0,1,0,,,,,25621,14.09,17.53,21.4,3.4,80.57,26.0,11.17,0.5494791,23.0,8.04,0.37338483,52.0,14.73,0.7143124,63.0,11.26,0.73965806,30.5,12.007499999999999,3.091042453358316,-0.20479441264601306,-0.08701137698962969,-0.8792494601938059,-1.0678406300013554,25,20.0,18.0,15.0,14.0
2023-07-02,202327,20.0,20,20,20,0.21742001,15.022233,0,1,431680820232719913,2024-07-09,Santa Cruz do Sul,0.7937834,133136,0,0,1,1,,,,,25621,14.24,17.07,21.13,67.2,87.86,21.0,14.09,0.63784593,26.0,11.17,0.5494791,23.0,8.04,0.37338483,52.0,14.73,0.7143124,22.5,11.885,3.044522437723423,-0.04652001563489305,-0.2513144282809061,-0.13353139262452274,-0.925769475828699,26,18.0,15.0,14.0,19.0
2023-07-09,202328,18.0,18,18,18,0.26312724,13.52001,0,1,431680820232819919,2024-07-15,Santa Cruz do Sul,0.81963223,133136,0,0,1,3,,,,,25621,10.3,13.03,16.61,82.5,91.14,20.0,14.24,0.7937834,21.0,14.09,0.63784593,26.0,11.17,0.5494791,23.0,8.04,0.37338483,21.25,12.45,2.9444389791664403,-0.10008345855698275,-0.1466034741918758,-0.35139788683788886,-0.2336148511815055,27,15.0,14.0,19.0,20.0
2023-07-16,202329,15.0,15,15,15,0.20753592,11.266675,0,1,431680820232919929,2024-07-25,Santa Cruz do Sul,0.7599431,133136,0,0,1,0,,,,,25621,8.99,13.33,18.93,2.6,81.0,18.0,10.3,0.81963223,20.0,14.24,0.7937834,21.0,14.09,0.63784593,26.0,11.17,0.5494791,18.5,11.905,2.772588722239781,-0.17185025692665912,-0.27193371548364187,-0.3184537311185349,-0.523248143764548,28,14.0,19.0,20.0,11.0
2023-07-23,202330,14.0,14,14,14,0.25477007,10.515563,0,1,431680820233019934,2024-07-30,Santa Cruz do Sul,0.7928416,133136,0,0,1,1,,,,,25621,12.89,15.76,19.29,21.6,84.43,15.0,8.99,0.7599431,18.0,10.3,0.81963223,20.0,14.24,0.7937834,21.0,14.09,0.63784593,16.75,11.605,2.70805020110221,-0.06453852113757108,-0.2363887780642302,-0.33647223662121295,-0.382992252256106,29,19.0,20.0,11.0,25.0
2023-07-30,202331,19.0,19,19,19,0.70061,14.271121,0,1,431680820233119941,2024-08-06,Santa Cruz do Sul,1.192761,133136,0,0,1,0,,,,,25621,13.53,18.03,23.76,0.0,85.14,14.0,12.89,0.7928416,15.0,8.99,0.7599431,18.0,10.3,0.81963223,20.0,14.24,0.7937834,16.5,11.4275,2.995732273553991,0.2876820724517808,0.2231435513142097,0.05129329438755059,-0.04879016416943216,30,20.0,11.0,25.0,15.0
2023-08-06,202332,20.0,20,20,20,0.75275135,15.022233,0,1,431680820233219949,2024-08-14,Santa Cruz do Sul,1.2534989,133136,0,0,1,2,,,,,25621,13.03,17.13,21.89,41.3,80.0,19.0,13.53,1.192761,14.0,12.89,0.7928416,15.0,8.99,0.7599431,18.0,10.3,0.81963223,17.0,12.11,3.044522437723423,0.04879016416943216,0.33647223662121295,0.27193371548364187,0.10008345855698275,31,11.0,25.0,15.0,14.0
2023-08-13,202333,11.0,11,11,11,0.11388703,8.262228,0,1,431680820233319956,2024-08-21,Santa Cruz do Sul,0.63608986,133136,0,0,1,0,,,,,25621,10.69,16.49,23.44,6.1,73.14,20.0,13.03,1.2534989,19.0,13.53,1.192761,14.0,12.89,0.7928416,15.0,8.99,0.7599431,16.0,12.535,2.4849066497880004,-0.5596157879354227,-0.5108256237659905,-0.2231435513142097,-0.2876820724517808,32,25.0,15.0,14.0,14.0
2023-08-20,202334,25.0,25,25,25,0.880982,18.777792,0,1,431680820233419962,2024-08-27,Santa Cruz do Sul,1.4357476,133136,0,0,1,1,,,,,25621,10.54,16.13,22.0,9.2,77.86,11.0,10.69,0.63608986,20.0,13.03,1.2534989,19.0,13.53,1.192761,14.0,12.89,0.7928416,18.75,11.9475,3.258096538021482,0.7731898882334818,0.21357410029805912,0.2623642644674913,0.5500463369192721,33,15.0,14.0,14.0,19.0
2023-08-27,202335,15.0,15,15,15,0.34866524,11.266675,0,1,431680820233519969,2024-09-03,Santa Cruz do Sul,0.87326986,133136,0,0,1,0,,,,,25621,8.69,14.69,21.4,15.2,77.86,25.0,10.54,1.4357476,11.0,10.69,0.63608986,20.0,13.03,1.2534989,19.0,13.53,1.192761,17.75,10.737499999999999,2.772588722239781,-0.485507815781701,0.2876820724517808,-0.27193371548364187,-0.2231435513142097,34,14.0,14.0,19.0,13.0
2023-09-03,202336,14.0,14,14,14,0.22701584,10.515563,0,1,431680820233619978,2024-09-12,Santa Cruz do Sul,0.769798,133136,0,0,1,0,,,,,25621,13.8,16.87,20.01,181.8,91.0,15.0,8.69,0.87326986,25.0,10.54,1.4357476,11.0,10.69,0.63608986,20.0,13.03,1.2534989,16.25,10.93,2.70805020110221,-0.06453852113757108,-0.5500463369192721,0.2231435513142097,-0.33647223662121295,35,14.0,19.0,13.0,15.0
2023-09-10,202337,14.0,14,14,14,0.30062777,10.515563,0,1,431680820233719983,2024-09-17,Santa Cruz do Sul,0.8302708,133136,0,0,1,3,,,,,25621,11.79,17.19,23.31,58.4,79.57,14.0,13.8,0.769798,15.0,8.69,0.87326986,25.0,10.54,1.4357476,11.0,10.69,0.63608986,17.0,11.205,2.70805020110221,0.0,-0.06453852113757108,-0.5500463369192721,0.2231435513142097,36,19.0,13.0,15.0,9.0
2023-09-17,202338,19.0,19,19,19,0.75487053,14.271121,0,1,431680820233819990,2024-09-24,Santa Cruz do Sul,1.2641888,133136,1,0,1,3,,,,,25621,17.93,22.49,26.9,67.8,84.29,14.0,11.79,0.8302708,14.0,13.8,0.769798,15.0,8.69,0.87326986,25.0,10.54,1.4357476,15.5,13.0525,2.995732273553991,0.2876820724517808,0.2876820724517808,0.2231435513142097,-0.2623642644674913,37,13.0,15.0,9.0,22.0
2023-09-24,202339,13.0,13,13,13,0.3373716,9.764451,0,1,431680820233919998,2024-10-02,Santa Cruz do Sul,0.85558563,133136,0,0,1,1,,,,,25621,13.47,16.7,19.43,95.5,89.14,19.0,17.93,1.2641888,14.0,11.79,0.8302708,14.0,13.8,0.769798,15.0,8.69,0.87326986,15.0,14.2475,2.6390573296152584,-0.35667494393873245,-0.06899287148695166,-0.06899287148695166,-0.13353139262452274,38,15.0,9.0,22.0,24.0
2023-10-01,202340,15.0,15,15,15,0.44556585,11.266675,0,1,431680820234020005,2024-10-09,Santa Cruz do Sul,0.9524601,133136,0,0,1,2,,,,,25621,12.21,16.66,21.11,66.1,81.29,13.0,13.47,0.85558563,19.0,17.93,1.2641888,14.0,11.79,0.8302708,14.0,13.8,0.769798,15.25,13.85,2.772588722239781,0.13353139262452274,-0.2231435513142097,0.06453852113757108,0.06453852113757108,39,9.0,22.0,24.0,20.0
2023-10-08,202341,9.0,9,9,9,0.11475972,6.760005,0,1,431680820234120012,2024-10-16,Santa Cruz do Sul,0.6114489,133136,0,0,1,0,,,,,25621,12.69,16.89,21.27,43.4,83.14,15.0,12.21,0.9524601,13.0,13.47,0.85558563,19.0,17.93,1.2641888,14.0,11.79,0.8302708,14.0,14.075,2.302585092994046,-0.47000362924573524,-0.3364722366212125,-0.693147180559945,-0.40546510810816416,40,22.0,24.0,20.0,24.0
2023-10-15,202342,22.0,22,22,22,0.9242792,16.524456,0,1,431680820234220019,2024-10-23,Santa Cruz do Sul,1.6194259,133136,0,0,1,3,,,,,25621,14.56,18.66,22.97,72.7,84.43,9.0,12.69,0.6114489,15.0,12.21,0.9524601,13.0,13.47,0.85558563,19.0,17.93,1.2641888,14.75,13.2325,3.1354942159291497,0.8329091229351038,0.36290549368936853,0.49643688631389127,0.13976194237515882,41,24.0,20.0,24.0,27.0
2023-10-22,202343,24.0,24,24,24,0.9373006,18.02668,0,1,431680820234320026,2024-10-30,Santa Cruz do Sul,1.640783,133136,0,0,1,2,,,,,25621,16.06,20.21,24.69,35.8,84.29,22.0,14.56,1.6194259,9.0,12.69,0.6114489,15.0,12.21,0.9524601,13.0,13.47,0.85558563,17.5,13.88,3.2188758248682006,0.08338160893905089,0.9162907318741547,0.4462871026284194,0.5798184952529422,42,20.0,24.0,27.0,19.0
2023-10-29,202344,20.0,20,20,20,0.58290815,15.022233,0,1,431680820234420032,2024-11-05,Santa Cruz do Sul,1.0688542,133136,0,0,1,2,,,,,25621,16.8,19.74,22.84,132.0,85.57,24.0,16.06,1.640783,22.0,14.56,1.6194259,9.0,12.69,0.6114489,15.0,12.21,0.9524601,18.75,15.0275,3.044522437723423,-0.17435338714477755,-0.09097177820572666,0.7419373447293771,0.27193371548364187,43,24.0,27.0,19.0,18.0
2023-11-05,202345,24.0,24,24,24,0.6408422,18.02668,0,1,431680820234520039,2024-11-12,Santa Cruz do Sul,1.1117631,133136,0,0,1,1,,,,,25621,16.54,21.63,27.1,31.8,78.0,20.0,16.8,1.0688542,24.0,16.06,1.640783,22.0,14.56,1.6194259,9.0,12.69,0.6114489,22.5,15.990000000000002,3.2188758248682006,0.17435338714477755,0.0,0.08338160893905089,0.9162907318741547,44,27.0,19.0,18.0,20.0
2023-11-12,202346,27.0,27,27,27,0.75126964,20.280014,0,1,431680820234620046,2024-11-19,Santa Cruz do Sul,1.2117996,133136,1,0,1,0,,,,,25621,19.03,21.27,24.0,263.8,94.0,24.0,16.54,1.1117631,20.0,16.8,1.0688542,24.0,16.06,1.640783,22.0,14.56,1.6194259,23.75,17.1075,3.332204510175204,0.11332868530700324,0.2876820724517808,0.11332868530700324,0.19671029424605413,45,19.0,18.0,20.0,28.0
2023-11-19,202347,19.0,19,19,19,0.24879755,14.271121,0,1,431680820234720056,2024-11-29,Santa Cruz do Sul,0.8130924,133136,0,0,1,4,,,,,25621,15.34,21.49,27.54,15.0,73.29,27.0,19.03,1.2117996,24.0,16.54,1.1117631,20.0,16.8,1.0688542,24.0,16.06,1.640783,22.5,16.927500000000002,2.995732273553991,-0.33647223662121295,-0.2231435513142097,-0.04879016416943216,-0.2231435513142097,46,18.0,20.0,28.0,19.0
2023-11-26,202348,18.0,18,18,18,0.2005176,13.52001,0,1,431680820234820060,2024-12-03,Santa Cruz do Sul,0.77130204,133136,1,0,1,6,,,,,25621,19.56,24.34,29.74,7.8,81.71,19.0,15.34,0.8130924,27.0,19.03,1.2117996,24.0,16.54,1.1117631,20.0,16.8,1.0688542,22.0,17.6175,2.9444389791664403,-0.05129329438755059,-0.38776553100876354,-0.2744368457017603,-0.10008345855698275,47,20.0,28.0,19.0,41.0
2023-12-03,202349,20.0,20,20,20,0.44124603,15.022233,0,1,431680820234920067,2024-12-10,Santa Cruz do Sul,0.9552891,133136,1,0,1,17,,,,,25621,18.11,21.61,25.44,51.1,84.57,18.0,19.56,0.77130204,19.0,15.34,0.8130924,27.0,19.03,1.2117996,24.0,16.54,1.1117631,21.0,18.009999999999998,3.044522437723423,0.10008345855698275,0.04879016416943216,-0.2876820724517808,-0.17435338714477755,48,28.0,19.0,41.0,34.0
2023-12-10,202350,28.0,28,28,28,0.8880307,21.031126,0,2,431680820235020074,2024-12-17,Santa Cruz do Sul,1.4215795,133136,1,0,1,26,,,,,25621,19.84,25.31,31.29,22.8,79.71,20.0,18.11,0.9552891,18.0,19.56,0.77130204,19.0,15.34,0.8130924,27.0,19.03,1.2117996,21.25,18.2125,3.367295829986474,0.32277339226305113,0.4228568508200339,0.3715635564324833,0.03509131981127034,49,19.0,41.0,34.0,30.0
2023-12-17,202351,19.0,19,19,19,0.3580341,14.271121,0,2,431680820235120080,2024-12-23,Santa Cruz do Sul,0.89268696,133136,1,0,1,17,,,,,25621,21.79,25.91,31.23,40.4,82.86,28.0,19.84,1.4215795,20.0,18.11,0.9552891,18.0,19.56,0.77130204,19.0,15.34,0.8130924,21.25,19.825,2.995732273553991,-0.3715635564324833,-0.04879016416943216,0.05129329438755059,0.0,50,41.0,34.0,30.0,32.0
2023-12-24,202352,41.0,41,41,41,0.9843085,30.795578,0,2,431680820235220087,2024-12-30,Santa Cruz do Sul,1.7168775,133136,1,1,2,18,,,,,25621,18.03,23.33,28.7,43.2,74.71,19.0,21.79,0.89268696,28.0,19.84,1.4215795,20.0,18.11,0.9552891,18.0,19.56,0.77130204,27.0,19.4425,3.7376696182833684,0.7419373447293776,0.37037378829689427,0.6931471805599454,0.7932306391169281,51,34.0,30.0,32.0,39.0
2023-12-31,202401,34.0,34,34,34,0.8067697,25.537796,0,4,431680820240120095,2025-01-07,Santa Cruz do Sul,1.2466198,133136,1,0,2,1,,,,,25621,18.37,23.24,28.86,18.5,79.71,41.0,18.03,1.7168775,19.0,21.79,0.89268696,28.0,19.84,1.4215795,20.0,18.11,0.9552891,30.5,19.5075,3.5553480614894135,-0.1823215567939549,0.5596157879354227,0.18805223150293937,0.5108256237659905,52,30.0,32.0,39.0,78.0
2024-01-07,202402,30.0,30,30,30,0.37966773,22.53335,0,4,431680820240220102,2025-01-14,Santa Cruz do Sul,0.92582214,133136,1,0,1,2,,,,,25621,20.71,24.97,29.64,40.3,80.86,34.0,18.37,1.2466198,41.0,18.03,1.7168775,19.0,21.79,0.89268696,28.0,19.84,1.4215795,31.0,19.725,3.4339872044851463,-0.12136085700426724,-0.30368241379822214,0.4382549309311554,0.06669137449867213,1,32.0,39.0,78.0,113.0
2024-01-14,202403,32.0,32,32,32,0.42003733,24.035572,0,2,431680820240320109,2025-01-21,Santa Cruz do Sul,0.9516929,133136,1,0,1,2,,,,,25621,21.19,25.21,30.39,59.0,86.43,30.0,20.71,0.92582214,34.0,18.37,1.2466198,41.0,18.03,1.7168775,19.0,21.79,0.89268696,34.25,19.575000000000003,3.4965075614664802,0.06252035698133396,-0.058840500022933284,-0.24116205681688818,0.5007752879124894,2,39.0,78.0,113.0,207.0
2024-01-21,202404,39.0,39,39,39,0.7861198,29.293354,0,2,431680820240420117,2025-01-29,Santa Cruz do Sul,1.2057283,133136,1,0,2,3,,,,,25621,17.14,21.74,26.44,8.8,77.0,32.0,21.19,0.9516929,30.0,20.71,0.92582214,34.0,18.37,1.2466198,41.0,18.03,1.7168775,33.75,19.3525,3.6888794541139363,0.19237189264745602,0.25489224962879,0.13353139262452274,-0.04879016416943216,3,78.0,113.0,207.0,291.0
2024-01-28,202405,78.0,78,78,78,0.9999723,58.586708,0,4,431680820240520123,2025-02-04,Santa Cruz do Sul,2.1852772,133136,1,1,2,10,,,,,25621,18.5,24.47,31.27,7.2,75.29,39.0,17.14,1.2057283,32.0,21.19,0.9516929,30.0,20.71,0.92582214,34.0,18.37,1.2466198,44.75,19.384999999999998,4.3694478524670215,0.6805683983530852,0.8729402910005413,0.9354606479818752,0.814099790977608,4,113.0,207.0,291.0,323.0
2024-02-04,202406,113.0,113,113,113,0.9999997,84.87562,0,4,431680820240620130,2025-02-11,Santa Cruz do Sul,2.2576325,133136,1,1,2,12,,,,,25621,22.07,27.47,34.21,6.5,76.43,78.0,18.5,2.1852772,39.0,17.14,1.2057283,32.0,21.19,0.9516929,30.0,20.71,0.92582214,65.5,19.725,4.736198448394496,0.36675059592747417,1.0473189942805594,1.2396908869280154,1.3022112439093494,5,207.0,291.0,323.0,336.0
2024-02-11,202407,207.0,207,207,207,1.0,155.48012,0,4,431680820240720137,2025-02-18,Santa Cruz do Sul,2.5574987,133136,1,1,2,23,,,,,25621,20.79,23.91,28.31,77.3,83.57,113.0,22.07,2.2576325,78.0,18.5,2.1852772,39.0,17.14,1.2057283,32.0,21.19,0.9516929,109.25,19.625,5.337538079701318,0.6013396313068222,0.9680902272342964,1.6486586255873816,1.8410305182348377,6,291.0,323.0,336.0,284.0
2024-02-18,202408,291.0,291,291,291,1.0,218.57349,0,4,431680820240820145,2025-02-26,Santa Cruz do Sul,2.2044613,133136,1,1,2,21,,,,,25621,20.1,24.99,30.37,7.8,81.71,207.0,20.79,2.5574987,113.0,22.07,2.2576325,78.0,18.5,2.1852772,39.0,17.14,1.2057283,172.25,20.365000000000002,5.676753802268282,0.33921572256696386,0.9405553538737861,1.3073059498012602,1.9878743481543455,7,323.0,336.0,284.0,345.0
2024-02-25,202409,323.0,323,323,323,0.99999994,242.60905,0,4,431680820240920153,2025-03-06,Santa Cruz do Sul,1.5977067,133136,1,1,2,40,,,,,25621,22.66,25.73,29.7,45.7,85.43,291.0,20.1,2.2044613,207.0,20.79,2.5574987,113.0,22.07,2.2576325,78.0,18.5,2.1852772,233.5,21.405,5.780743515792329,0.10398971352404729,0.44320543609101115,1.0445450673978334,1.4112956633253075,8,336.0,284.0,345.0,500.0
2024-03-03,202410,336.0,336,336,336,0.9968491,252.37352,0,4,431680820241020158,2025-03-11,Santa Cruz do Sul,1.2493976,133136,1,1,2,61,,,,,25621,18.14,22.27,26.21,38.5,83.29,323.0,22.66,1.5977067,291.0,20.1,2.2044613,207.0,20.79,2.5574987,113.0,22.07,2.2576325,289.25,20.4225,5.820082930352362,0.03933941456003254,0.14332912808407983,0.4825448506510437,1.083884481957866,9,284.0,345.0,500.0,665.0
2024-03-10,202411,284.0,284,284,284,0.16580214,213.3157,0,4,431680820241120165,2025-03-18,Santa Cruz do Sul,0.9232924,133136,1,0,2,121,,,,,25621,20.59,24.97,30.44,33.3,83.0,336.0,18.14,1.2493976,323.0,22.66,1.5977067,291.0,20.1,2.2044613,207.0,20.79,2.5574987,308.5,20.372500000000002,5.652489180268651,-0.1675937500837108,-0.12825433552367826,-0.024264621999630975,0.3149511005673329,10,345.0,500.0,665.0,780.0
2024-03-17,202412,345.0,345,345,345,0.86890584,259.1335,0,4,431680820241220171,2025-03-24,Santa Cruz do Sul,1.0911101,133136,1,0,2,135,,,,,25621,18.89,23.33,28.8,57.2,83.71,284.0,20.59,0.9232924,336.0,18.14,1.2493976,323.0,22.66,1.5977067,291.0,20.1,2.2044613,322.0,20.07,5.846438775057725,0.19394959478907392,0.02635584470536312,0.06569525926539566,0.16968497278944294,11,500.0,665.0,780.0,782.0
2024-03-24,202413,500.0,500,500,500,1.0,375.55582,0,4,431680820241320179,2025-04-01,Santa Cruz do Sul,1.539804,133136,0,1,2,210,,,,,25621,17.39,22.5,28.69,19.0,81.43,345.0,18.89,1.0911101,284.0,20.59,0.9232924,336.0,18.14,1.2493976,323.0,22.66,1.5977067,366.25,18.7525,6.2166061010848646,0.37016732602713986,0.5641169208162138,0.396523170732503,0.4358625852925355,12,665.0,780.0,782.0,774.0
2024-03-31,202414,665.0,665,665,665,1.0,499.48926,0,4,431680820241420188,2025-04-10,Santa Cruz do Sul,1.7337993,133136,1,1,2,258,,,,,25621,18.81,22.51,27.23,13.6,84.71,500.0,17.39,1.539804,345.0,18.89,1.0911101,284.0,20.59,0.9232924,336.0,18.14,1.2493976,448.5,18.92,6.501289670540389,0.28468356945552475,0.6548508954826646,0.8488004902717385,0.6812067401880277,13,780.0,782.0,774.0,612.0
2024-04-07,202415,780.0,780,780,780,1.0,585.86707,0,4,431680820241520193,2025-04-15,Santa Cruz do Sul,1.5502609,133136,1,1,2,391,,,,,25621,18.59,21.11,24.24,77.0,90.71,665.0,18.81,1.7337993,500.0,17.39,1.539804,345.0,18.89,1.0911101,284.0,20.59,0.9232924,572.5,18.42,6.660575149839686,0.15928547929929682,0.44396904875482157,0.8141363747819614,1.0080859695710354,14,782.0,774.0,612.0,582.0
2024-04-14,202416,782.0,782,782,782,0.9999403,587.3693,0,4,431680820241620201,2025-04-23,Santa Cruz do Sul,1.2271872,133136,0,1,2,378,,,,,25621,17.06,20.91,25.56,60.9,82.0,780.0,18.59,1.5502609,665.0,18.81,1.7337993,500.0,17.39,1.539804,345.0,18.89,1.0911101,681.75,17.9625,6.663132695990803,0.0025575461511166964,0.1618430254504135,0.44652659490593827,0.8166939209330781,15,774.0,612.0,582.0,746.0
2024-04-21,202417,774.0,774,774,774,0.8624622,581.3604,0,4,431680820241720207,2025-04-29,Santa Cruz do Sul,1.0578638,133136,1,0,2,376,,,,,25621,16.76,21.49,26.46,54.6,83.86,782.0,17.06,1.2271872,780.0,18.59,1.5502609,665.0,18.81,1.7337993,500.0,17.39,1.539804,750.25,17.805,6.652863029353347,-0.010269666637455543,-0.007712120486338847,0.15157335881295797,0.4362569282684827,16,612.0,582.0,746.0,437.0
2024-04-28,202418,612.0,612,612,612,3.440713e-05,459.68033,0,4,431680820241820214,2025-05-06,Santa Cruz do Sul,0.8061069,133136,1,0,2,310,,,,,25621,17.33,19.16,21.37,211.1,94.86,774.0,16.76,1.0578638,782.0,17.06,1.2271872,780.0,18.59,1.5502609,665.0,18.81,1.7337993,737.0,17.435,6.418364935936212,-0.23449809341713568,-0.24476776005459122,-0.24221021390347452,-0.08292473460417771,17,582.0,746.0,437.0,300.0
2024-05-05,202419,582.0,582,582,582,4.8352224e-05,437.14697,0,4,431680820241920224,2025-05-16,Santa Cruz do Sul,0.8053816,133136,1,0,2,265,,,,,25621,17.84,21.14,24.69,77.7,81.0,612.0,17.33,0.8061069,774.0,16.76,1.0578638,782.0,17.06,1.2271872,780.0,18.59,1.5502609,687.5,17.2475,6.368187186350492,-0.05017774958571941,-0.2846758430028551,-0.29494550964031063,-0.29238796348919394,18,746.0,437.0,300.0,264.0
2024-05-12,202420,746.0,746,746,746,0.9903962,560.3293,0,4,431680820242020228,2025-05-20,Santa Cruz do Sul,1.1332052,133136,0,1,2,379,,,,,25621,9.81,12.91,15.84,55.7,87.71,582.0,17.84,0.8053816,612.0,17.33,0.8061069,774.0,16.76,1.0578638,782.0,17.06,1.2271872,678.5,15.434999999999999,6.616065185132817,0.2478779987823252,0.19770024919660578,-0.036797844220529896,-0.04706751085798544,19,437.0,300.0,264.0,212.0
2024-05-19,202421,437.0,437,437,437,1.6129413e-09,328.23578,0,4,431680820242120236,2025-05-28,Santa Cruz do Sul,0.6939429,133136,0,0,2,124,,,,,25621,11.94,15.39,19.01,70.5,89.0,746.0,9.81,1.1332052,582.0,17.84,0.8053816,612.0,17.33,0.8061069,774.0,16.76,1.0578638,594.25,14.23,6.082218910376446,-0.533846274756371,-0.28596827597404584,-0.33614602555976525,-0.5706441189769009,20,300.0,264.0,212.0,197.0
2024-05-26,202422,300.0,300,300,300,0.0,225.3335,0,4,431680820242220242,2025-06-03,Santa Cruz do Sul,0.5025505,133136,0,0,2,94,,,,,25621,9.09,12.17,16.49,16.3,89.86,437.0,11.94,0.6939429,746.0,9.81,1.1332052,582.0,17.84,0.8053816,612.0,17.33,0.8061069,516.25,12.17,5.707110264748875,-0.37510864562757096,-0.908954920383942,-0.6610769216016168,-0.7112546711873362,21,264.0,212.0,197.0,120.0
2024-06-02,202423,264.0,264,264,264,1.9984014e-15,198.29347,0,4,431680820242320249,2025-06-10,Santa Cruz do Sul,0.55470043,133136,0,0,2,51,,,,,25621,12.4,16.99,23.61,6.1,84.43,300.0,9.09,0.5025505,437.0,11.94,0.6939429,746.0,9.81,1.1332052,582.0,17.84,0.8053816,436.75,10.81,5.579729825986222,-0.12738043876265337,-0.5024890843902243,-1.0363353591465954,-0.7884573603642702,22,212.0,197.0,120.0,78.0
2024-06-09,202424,212.0,212,212,212,9.690178e-09,159.23567,0,4,431680820242420256,2025-06-17,Santa Cruz do Sul,0.6168351,133136,0,0,2,45,,,,,25621,17.93,22.16,27.71,13.0,73.43,264.0,12.4,0.55470043,300.0,9.09,0.5025505,437.0,11.94,0.6939429,746.0,9.81,1.1332052,303.25,12.84,5.3612921657094255,-0.21843766027679656,-0.34581809903944993,-0.7209267446670209,-1.254773019423392,23,197.0,120.0,78.0,66.0
2024-06-16,202425,197.0,197,197,197,0.0005744447,147.969,0,4,431680820242520263,2025-06-24,Santa Cruz do Sul,0.7383116,133136,0,0,2,62,,,,,25621,16.96,18.79,21.31,108.7,92.29,212.0,17.93,0.6168351,264.0,12.4,0.55470043,300.0,9.09,0.5025505,437.0,11.94,0.6939429,243.25,14.095,5.288267030694535,-0.07302513501489027,-0.29146279529168684,-0.4188432340543402,-0.7939518796819112,24,120.0,78.0,66.0,62.0
2024-06-23,202426,120.0,120,120,120,1.7932377e-08,90.1334,0,4,431680820242620270,2025-07-01,Santa Cruz do Sul,0.54338497,133136,0,0,2,37,,,,,25621,9.97,12.93,16.66,27.3,82.0,197.0,16.96,0.7383116,212.0,17.93,0.6168351,264.0,12.4,0.55470043,300.0,9.09,0.5025505,198.25,14.315000000000001,4.795790545596741,-0.49247648509779385,-0.5655016201126841,-0.7839392803894807,-0.9113197191521341,25,78.0,66.0,62.0,51.0
2024-06-30,202427,78.0,78,78,78,8.527001e-11,58.586708,0,4,431680820242720278,2025-07-09,Santa Cruz do Sul,0.43629047,133136,0,0,2,18,,,,,25621,6.83,10.59,15.66,13.6,80.57,120.0,9.97,0.54338497,197.0,16.96,0.7383116,212.0,17.93,0.6168351,264.0,12.4,0.55470043,151.75,12.9225,4.3694478524670215,-0.42634269312971984,-0.9188191782275137,-0.991844313242404,-1.2102819735192005,26,66.0,62.0,51.0,53.0
2024-07-07,202428,66.0,66,66,66,1.5592977e-06,49.573368,0,4,431680820242820284,2025-07-15,Santa Cruz do Sul,0.5052232,133136,0,0,2,9,,,,,25621,6.47,8.53,10.64,17.4,88.43,78.0,6.83,0.43629047,120.0,9.97,0.54338497,197.0,16.96,0.7383116,212.0,17.93,0.6168351,115.25,10.057500000000001,4.204692619390966,-0.16475523307605577,-0.5910979262057756,-1.0835744113035695,-1.1565995463184597,27,62.0,51.0,53.0,38.0
2024-07-14,202429,62.0,62,62,62,0.009032844,46.56892,0,4,431680820242920292,2025-07-23,Santa Cruz do Sul,0.6806975,133136,0,0,2,11,,,,,25621,11.34,14.47,18.59,16.1,90.86,66.0,6.47,0.5052232,78.0,6.83,0.43629047,120.0,9.97,0.54338497,197.0,16.96,0.7383116,81.5,8.6525,4.143134726391533,-0.06155789299943315,-0.22631312607548892,-0.6526558192052088,-1.1451323043030026,28,51.0,53.0,38.0,34.0
2024-07-21,202430,51.0,51,51,51,0.038730122,38.306694,0,4,431680820243020298,2025-07-29,Santa Cruz do Sul,0.72504574,133136,0,0,2,7,,,,,25621,14.67,18.77,24.57,0.8,81.29,62.0,11.34,0.6806975,66.0,6.47,0.5052232,78.0,6.83,0.43629047,120.0,9.97,0.54338497,64.25,9.8275,3.9512437185814275,-0.19189100781010504,-0.2534489008095382,-0.41820413388559396,-0.8445468270153138,29,53.0,38.0,34.0,37.0
2024-07-28,202431,53.0,53,53,53,0.2348702,39.808918,0,4,431680820243120305,2025-08-05,Santa Cruz do Sul,0.8734874,133136,0,0,2,4,,,,,25621,13.06,17.17,22.09,26.0,79.57,51.0,14.67,0.72504574,62.0,11.34,0.6806975,66.0,6.47,0.5052232,78.0,6.83,0.43629047,58.0,11.385000000000002,3.9889840465642745,0.03774032798284699,-0.15415067982725805,-0.2157085728266912,-0.380463805902747,30,38.0,34.0,37.0,41.0
2024-08-04,202432,38.0,38,38,38,0.045089044,28.542242,0,4,431680820243220312,2025-08-12,Santa Cruz do Sul,0.70175713,133136,0,0,2,3,,,,,25621,12.76,15.16,18.8,56.6,88.14,53.0,13.06,0.8734874,51.0,14.67,0.72504574,62.0,11.34,0.6806975,66.0,6.47,0.5052232,51.0,12.9575,3.6635616461296463,-0.3254224004346282,-0.28768207245178123,-0.4795730802618863,-0.5411309732613194,31,34.0,37.0,41.0,38.0
2024-08-11,202433,34.0,34,34,34,0.057659607,25.537796,0,4,431680820243320321,2025-08-21,Santa Cruz do Sul,0.70589817,133136,0,0,2,1,,,,,25621,8.04,13.2,19.6,0.4,75.0,38.0,12.76,0.70175713,53.0,13.06,0.8734874,51.0,14.67,0.72504574,62.0,11.34,0.6806975,44.0,12.1325,3.5553480614894135,-0.10821358464023279,-0.433635985074861,-0.395895657092014,-0.5877866649021191,32,37.0,41.0,38.0,42.0
2024-08-18,202434,37.0,37,37,37,0.31464833,27.79113,0,4,431680820243420328,2025-08-28,Santa Cruz do Sul,0.8970526,133136,0,0,2,2,,,,,25621,13.43,16.73,20.77,15.1,88.43,34.0,8.04,0.70589817,38.0,12.76,0.70175713,53.0,13.06,0.8734874,51.0,14.67,0.72504574,40.5,11.8225,3.6375861597263857,0.08223809823697215,-0.02597548640326064,-0.35139788683788886,-0.3136575588550419,33,41.0,38.0,42.0,38.0
2024-08-25,202435,41.0,41,41,41,0.6747041,30.795578,0,4,431680820243520333,2025-09-02,Santa Cruz do Sul,1.1074672,133136,0,0,2,6,,,,,25621,9.4,13.61,18.69,4.1,82.0,37.0,13.43,0.8970526,34.0,8.04,0.70589817,38.0,12.76,0.70175713,53.0,13.06,0.8734874,37.5,10.9075,3.7376696182833684,0.10008345855698275,0.1823215567939549,0.07410797215372211,-0.2513144282809061,34,38.0,42.0,38.0,36.0
2024-09-01,202436,38.0,38,38,38,0.534465,28.542242,0,4,431680820243620340,2025-09-09,Santa Cruz do Sul,1.0200305,133136,0,0,2,7,,,,,25621,10.69,14.96,20.11,24.7,82.57,41.0,9.4,1.1074672,37.0,13.43,0.8970526,34.0,8.04,0.70589817,38.0,12.76,0.70175713,37.5,10.389999999999999,3.6635616461296463,-0.07410797215372211,0.02597548640326064,0.10821358464023279,0.0,35,42.0,38.0,36.0,58.0
2024-09-08,202437,42.0,42,42,42,0.6404973,31.54669,0,4,431680820243720347,2025-09-16,Santa Cruz do Sul,1.0829395,133136,0,0,2,2,,,,,25621,16.79,19.84,23.53,30.5,86.43,38.0,10.69,1.0200305,41.0,9.4,1.1074672,37.0,13.43,0.8970526,34.0,8.04,0.70589817,39.5,12.577499999999999,3.7612001156935624,0.09763846956391609,0.023530497410193973,0.12361395596717673,0.20585205420414887,36,38.0,36.0,58.0,41.0
2024-09-15,202438,38.0,38,38,38,0.43427816,28.542242,0,4,431680820243820354,2025-09-23,Santa Cruz do Sul,0.9632801,133136,0,0,2,2,,,,,25621,14.04,18.39,23.46,35.8,81.57,42.0,16.79,1.0829395,38.0,10.69,1.0200305,41.0,9.4,1.1074672,37.0,13.43,0.8970526,39.75,12.729999999999999,3.6635616461296463,-0.09763846956391609,0.0,-0.07410797215372211,0.02597548640326064,37,36.0,58.0,41.0,55.0
2024-09-22,202439,36.0,36,36,36,0.34389398,27.04002,0,4,431680820243920363,2025-10-02,Santa Cruz do Sul,0.91205645,133136,0,0,2,4,,,,,25621,17.47,20.86,25.41,73.0,87.29,38.0,14.04,0.9632801,42.0,16.79,1.0829395,38.0,10.69,1.0200305,41.0,9.4,1.1074672,38.5,14.747499999999999,3.6109179126442243,-0.05264373348542195,-0.15028220304933804,-0.05264373348542195,-0.12675170563914406,38,58.0,41.0,55.0,52.0
2024-09-29,202440,58.0,58,58,58,0.9711726,43.564476,0,4,431680820244020368,2025-10-07,Santa Cruz do Sul,1.4719555,133136,0,1,2,3,,,,,25621,13.43,19.4,25.56,27.5,76.0,36.0,17.47,0.91205645,38.0,14.04,0.9632801,42.0,16.79,1.0829395,38.0,10.69,1.0200305,43.5,15.4325,4.07753744390572,0.46661953126149536,0.4139757977760734,0.3163373282121573,0.4139757977760734,39,41.0,55.0,52.0,53.0
2024-10-06,202441,41.0,41,41,41,0.4454019,30.795578,0,4,431680820244120376,2025-10-15,Santa Cruz do Sul,0.97049886,133136,0,0,2,3,,,,,25621,16.59,18.9,21.79,102.4,89.57,58.0,13.43,1.4719555,36.0,17.47,0.91205645,38.0,14.04,0.9632801,42.0,16.79,1.0829395,43.25,15.3825,3.7376696182833684,-0.3398678256223513,0.12675170563914406,0.07410797215372211,-0.023530497410193973,40,55.0,52.0,53.0,46.0
2024-10-13,202442,55.0,55,55,55,0.78743595,41.311142,0,4,431680820244220381,2025-10-20,Santa Cruz do Sul,1.1706401,133136,0,0,2,3,,,,,25621,15.23,19.71,24.69,15.8,82.71,41.0,16.59,0.97049886,58.0,13.43,1.4719555,36.0,17.47,0.91205645,38.0,14.04,0.9632801,47.5,15.68,4.02535169073515,0.28768207245178123,-0.05218575317057006,0.4144337780909253,0.36179004460550335,41,52.0,53.0,46.0,62.0
2024-10-20,202443,52.0,52,52,52,0.63228786,39.057804,0,4,431680820244320390,2025-10-29,Santa Cruz do Sul,1.0694171,133136,1,0,2,1,,,,,25621,18.24,22.77,27.89,13.6,76.86,55.0,15.23,1.1706401,41.0,16.59,0.97049886,58.0,13.43,1.4719555,36.0,17.47,0.91205645,51.5,15.872499999999999,3.970291913552122,-0.05505977718302768,0.23262229526875355,-0.10724553035359774,0.3593740009078976,42,53.0,46.0,62.0,53.0
2024-10-27,202444,53.0,53,53,53,0.5934684,39.808918,0,4,431680820244420396,2025-11-04,Santa Cruz do Sul,1.0473729,133136,0,0,2,0,,,,,25621,16.94,22.63,29.04,9.7,72.71,52.0,18.24,1.0694171,55.0,15.23,1.1706401,41.0,16.59,0.97049886,58.0,13.43,1.4719555,50.25,16.75,3.9889840465642745,0.018692133012152556,-0.036367644170875124,0.2513144282809061,-0.08855339734144518,43,46.0,62.0,53.0,54.0
2024-11-03,202445,46.0,46,46,46,0.27665251,34.551136,0,4,431680820244520404,2025-11-12,Santa Cruz do Sul,0.8873975,133136,1,0,2,2,,,,,25621,18.61,22.74,27.6,42.9,83.0,53.0,16.94,1.0473729,52.0,18.24,1.0694171,55.0,15.23,1.1706401,41.0,16.59,0.97049886,51.5,17.255,3.8501476017100584,-0.1388364448542161,-0.12014431184206353,-0.17520408902509121,0.11247798342669002,44,62.0,53.0,54.0,36.0
2024-11-10,202446,62.0,62,62,62,0.842171,46.56892,0,4,431680820244620410,2025-11-18,Santa Cruz do Sul,1.207082,133136,0,0,2,3,,,,,25621,14.47,21.73,28.93,5.6,65.43,46.0,18.61,0.8873975,53.0,16.94,1.0473729,52.0,18.24,1.0694171,55.0,15.23,1.1706401,53.25,17.065,4.143134726391533,0.29298712468147414,0.15415067982725805,0.1728428128394106,0.11778303565638293,45,53.0,54.0,36.0,52.0
2024-11-17,202447,53.0,53,53,53,0.5352593,39.808918,0,4,431680820244720418,2025-11-26,Santa Cruz do Sul,1.0173457,133136,1,0,2,2,,,,,25621,18.61,21.96,25.93,36.1,81.71,62.0,14.47,1.207082,46.0,18.61,0.8873975,53.0,16.94,1.0473729,52.0,18.24,1.0694171,53.5,17.1575,3.9889840465642745,-0.15415067982725805,0.1388364448542161,0.0,0.018692133012152556,46,54.0,36.0,52.0,46.0
2024-11-24,202448,54.0,54,54,54,0.47296277,40.560028,0,4,431680820244820425,2025-12-03,Santa Cruz do Sul,0.9871229,133136,1,0,2,1,,,,,25621,20.31,24.61,29.54,16.4,78.43,53.0,18.61,1.0173457,62.0,14.47,1.207082,46.0,18.61,0.8873975,53.0,16.94,1.0473729,53.75,18.0,4.007333185232471,0.018349138668196652,-0.1358015411590614,0.15718558352241274,0.018349138668196652,47,36.0,52.0,46.0,49.0
2024-12-01,202449,36.0,36,36,36,0.028625619,27.04002,0,4,431680820244920432,2025-12-10,Santa Cruz do Sul,0.66813,133136,1,0,2,3,,,,,25621,17.3,22.83,28.66,40.7,72.86,54.0,20.31,0.9871229,53.0,18.61,1.0173457,62.0,14.47,1.207082,46.0,18.61,0.8873975,51.25,17.6725,3.6109179126442243,-0.3964152725882468,-0.3780661339200502,-0.5322168137473082,-0.23922968906583408,48,52.0,46.0,49.0,42.0
2024-12-08,202450,52.0,52,52,52,0.6005631,39.057804,0,4,431680820245020438,2025-12-16,Santa Cruz do Sul,1.0516888,133136,0,0,2,2,,,,,25621,17.41,21.67,26.66,21.4,77.29,36.0,17.3,0.66813,54.0,20.31,0.9871229,53.0,18.61,1.0173457,62.0,14.47,1.207082,48.75,18.4075,3.970291913552122,0.3593740009078976,-0.03704127168034921,-0.018692133012152556,-0.1728428128394106,49,46.0,49.0,42.0,58.0
2024-12-15,202451,46.0,46,46,46,0.5151961,34.551136,0,4,431680820245120438,2025-12-16,Santa Cruz do Sul,1.0079556,133136,1,0,2,2,,,,,25621,17.79,22.01,27.0,40.1,80.57,52.0,17.41,1.0516888,36.0,17.3,0.66813,54.0,20.31,0.9871229,53.0,18.61,1.0173457,47.0,18.2025,3.8501476017100584,-0.12014431184206353,0.23922968906583408,-0.15718558352241274,-0.1388364448542161,50,49.0,42.0,58.0,37.0
2024-12-22,202452,49.0,49,49,49,0.60577524,36.80447,0,4,431680820245220438,2025-12-16,Santa Cruz do Sul,1.0562412,133136,0,0,2,2,,,,,25621,16.13,21.89,27.4,16.2,71.29,46.0,17.79,1.0079556,52.0,17.41,1.0516888,36.0,17.3,0.66813,54.0,20.31,0.9871229,45.75,17.1575,3.912023005428146,0.06187540371808753,-0.058268908123976004,0.3011050927839216,-0.09531017980432521,51,42.0,58.0,37.0,44.0
2024-12-29,202501,42.0,42,42,42,0.2883198,31.54669,0,4,431680820250120460,2026-01-07,Santa Cruz do Sul,0.888923,133136,1,0,2,2,,,,,25621,18.91,24.3,30.47,24.0,71.43,49.0,16.13,1.0562412,46.0,17.79,1.0079556,52.0,17.41,1.0516888,36.0,17.3,0.66813,47.25,17.56,3.7612001156935624,-0.15082288973458358,-0.08894748601649605,-0.20909179785855958,0.15028220304933804,52,58.0,37.0,44.0,45.0
2025-01-05,202502,58.0,58,58,58,0.86086357,43.564476,0,4,431680820250220460,2026-01-07,Santa Cruz do Sul,1.2354238,133136,1,0,2,11,,,,,25621,17.63,23.41,29.7,2.3,68.14,42.0,18.91,0.888923,49.0,16.13,1.0562412,46.0,17.79,1.0079556,52.0,17.41,1.0516888,48.75,17.615000000000002,4.07753744390572,0.3163373282121573,0.16551443847757374,0.22738984219566127,0.10724553035359774,1,37.0,44.0,45.0,58.0
2025-01-12,202503,37.0,37,37,37,0.12811975,27.79113,0,2,431680820250320487,2026-02-03,Santa Cruz do Sul,0.7811997,133136,1,0,1,9,,,,,25621,19.79,25.59,32.29,11.8,69.43,58.0,17.63,1.2354238,42.0,18.91,0.888923,49.0,16.13,1.0562412,46.0,17.79,1.0079556,46.5,18.115,3.6375861597263857,-0.43995128417933405,-0.12361395596717673,-0.2744368457017603,-0.21256144198367277,2,44.0,45.0,58.0,63.0
2025-01-19,202504,44.0,44,44,44,0.35710424,33.048912,0,2,431680820250420491,2026-02-07,Santa Cruz do Sul,0.9265815,133136,1,0,1,5,,,,,25621,21.81,27.29,34.2,18.2,69.43,37.0,19.79,0.7811997,58.0,17.63,1.2354238,42.0,18.91,0.888923,49.0,16.13,1.0562412,45.25,19.535,3.8066624897703196,0.16907633004393396,-0.2708749541354001,0.04546237407675724,-0.10536051565782634,3,45.0,58.0,63.0,88.0
2025-01-26,202505,45.0,45,45,45,0.5270096,33.800026,0,2,431680820250520495,2026-02-11,Santa Cruz do Sul,1.0143706,133136,1,0,1,7,,,,,25621,21.03,25.24,31.23,12.2,75.57,44.0,21.81,0.9265815,37.0,19.79,0.7811997,58.0,17.63,1.2354238,42.0,18.91,0.888923,46.0,20.065,3.828641396489095,0.02197890671877545,0.1910552367627094,-0.24889604741662463,0.06744128079553269,4,58.0,63.0,88.0,132.0
2025-02-02,202506,58.0,58,58,58,0.9207424,43.564476,0,2,431680820250620504,2026-02-20,Santa Cruz do Sul,1.3226676,133136,1,0,1,3,,,,,25621,22.3,28.97,36.27,1.9,62.71,45.0,21.03,1.0143706,44.0,21.81,0.9265815,37.0,19.79,0.7811997,58.0,17.63,1.2354238,46.0,21.2325,4.07753744390572,0.24889604741662463,0.2708749541354001,0.43995128417933405,0.0,5,63.0,88.0,132.0,95.0
2025-02-09,202507,63.0,63,63,63,0.9194192,47.320034,0,2,431680820250720508,2026-02-24,Santa Cruz do Sul,1.304476,133136,1,0,1,1,,,,,25621,22.1,27.17,33.51,35.4,71.14,58.0,22.3,1.3226676,45.0,21.03,1.0143706,44.0,21.81,0.9265815,37.0,19.79,0.7811997,52.5,21.810000000000002,4.1588830833596715,0.08134563945395179,0.3302416868705764,0.35222059358935187,0.5212969236332858,6,88.0,132.0,95.0,72.0
2025-02-16,202508,88.0,88,88,88,0.99575806,66.097824,0,2,431680820250820516,2026-03-04,Santa Cruz do Sul,1.5555921,133136,1,1,1,8,,,,,25621,19.97,24.67,30.53,37.6,79.43,63.0,22.1,1.304476,58.0,22.3,1.3226676,45.0,21.03,1.0143706,44.0,21.81,0.9265815,63.5,21.35,4.48863636973214,0.32975328637246815,0.41109892582641994,0.6599949732430446,0.68197387996182,7,132.0,95.0,72.0,84.0
2025-02-23,202509,132.0,132,132,132,0.9999943,99.146736,0,3,431680820250920522,2026-03-10,Santa Cruz do Sul,1.8798724,133136,1,1,1,7,,,,,25621,22.66,27.57,34.23,19.7,75.71,88.0,19.97,1.5555921,63.0,22.1,1.304476,58.0,22.3,1.3226676,45.0,21.03,1.0143706,85.25,21.7575,4.890349128221754,0.4017127584896141,0.7314660448620822,0.812811684316034,1.0617077317326586,8,95.0,72.0,84.0,122.0
2025-03-02,202510,95.0,95,95,95,0.6224847,71.355606,0,3,431680820251020529,2026-03-17,Santa Cruz do Sul,1.0467489,133136,1,0,1,5,,,,,25621,24.11,29.61,36.89,0.8,63.29,132.0,22.66,1.8798724,88.0,19.97,1.5555921,63.0,22.1,1.304476,58.0,22.3,1.3226676,94.5,22.209999999999997,4.564348191467836,-0.3260009367539176,0.07571182173569646,0.4054651081081646,0.4868107475621164,9,72.0,84.0,122.0,72.0
2025-03-09,202511,72.0,72,72,72,0.006972171,54.08004,0,2,431680820251120536,2026-03-24,Santa Cruz do Sul,0.6890418,133136,1,0,1,3,,,,,25621,16.91,21.6,27.34,9.6,73.71,95.0,24.11,1.0467489,132.0,22.66,1.8798724,88.0,19.97,1.5555921,63.0,22.1,1.304476,96.75,20.9125,4.290459441148391,-0.27388875031944515,-0.5998896870733628,-0.1981769285837487,0.13157635778871946,10,84.0,122.0,72.0,59.0
2025-03-16,202512,84.0,84,84,84,0.16926734,63.09338,0,1,431680820251220544,2026-04-01,Santa Cruz do Sul,0.8674547,133136,0,0,1,3,,,,,25621,17.33,23.1,29.96,1.2,69.43,72.0,16.91,0.6890418,95.0,24.11,1.0467489,132.0,22.66,1.8798724,88.0,19.97,1.5555921,95.75,20.252499999999998,4.442651256490317,0.15219181534192572,-0.12169693497751943,-0.44769787173143705,-0.04598511324182297,11,122.0,72.0,59.0,51.0
2025-03-23,202513,122.0,122,122,122,0.99372345,91.63562,0,1,431680820251320552,2026-04-09,Santa Cruz do Sul,1.4161539,133136,1,1,1,14,,,,,25621,20.4,24.67,30.09,30.6,75.71,84.0,17.33,0.8674547,72.0,16.91,0.6890418,95.0,24.11,1.0467489,132.0,22.66,1.8798724,93.25,19.6875,4.812184355372417,0.3695330988821004,0.5217249142240261,0.24783616390458096,-0.07816477284933665,12,72.0,59.0,51.0,82.0
2025-03-30,202514,72.0,72,72,72,0.077176206,54.08004,0,1,431680820251420557,2026-04-14,Santa Cruz do Sul,0.79940635,133136,1,0,1,12,,,,,25621,17.11,20.96,26.06,70.7,81.14,122.0,20.4,1.4161539,84.0,17.33,0.8674547,72.0,16.91,0.6890418,95.0,24.11,1.0467489,87.5,17.9375,4.290459441148391,-0.5217249142240261,-0.15219181534192572,0.0,-0.27388875031944515,13,59.0,51.0,82.0,84.0
2025-04-06,202515,59.0,59,59,59,0.0022206537,44.315586,0,1,431680820251520566,2026-04-23,Santa Cruz do Sul,0.6281271,133136,0,0,1,12,,,,,25621,16.44,19.99,24.34,43.2,86.0,72.0,17.11,0.79940635,122.0,20.4,1.4161539,84.0,17.33,0.8674547,72.0,16.91,0.6890418,84.25,17.82,4.0943445622221,-0.19611487892629054,-0.7178397931503167,-0.34830669426821625,-0.19611487892629054,14,51.0,82.0,84.0,83.0
2025-04-13,202516,51.0,51,51,51,0.0051785726,38.306694,0,1,431680820251620571,2026-04-28,Santa Cruz do Sul,0.6363758,133136,0,0,1,19,,,,,25621,15.41,20.2,25.41,4.1,81.43,59.0,16.44,0.6281271,72.0,17.11,0.79940635,122.0,20.4,1.4161539,84.0,17.33,0.8674547,76.0,17.34,3.9512437185814275,-0.14310084364067288,-0.3392157225669634,-0.8609406367909895,-0.49140753790888914,15,82.0,84.0,83.0,65.0
2025-04-20,202517,82.0,82,82,82,0.92427486,61.591156,0,1,431680820251720578,2026-05-05,Santa Cruz do Sul,1.2674623,133136,0,0,1,22,,,,,25621,13.13,18.14,24.76,0.0,80.57,51.0,15.41,0.6363758,59.0,16.44,0.6281271,72.0,17.11,0.79940635,122.0,20.4,1.4161539,66.0,15.5225,4.418840607796598,0.46759688921517073,0.32449604557449785,0.1283811666482073,-0.3933437475758188,16,84.0,83.0,65.0,59.0
2025-04-27,202518,84.0,84,84,84,0.95552456,63.09338,0,1,431680820251820587,2026-05-14,Santa Cruz do Sul,1.3241159,133136,0,1,1,20,,,,,25621,11.37,16.67,23.07,7.2,78.57,82.0,13.13,1.2674623,51.0,15.41,0.6363758,59.0,16.44,0.6281271,72.0,17.11,0.79940635,69.0,14.0875,4.442651256490317,0.023810648693718406,0.49140753790888914,0.34830669426821625,0.15219181534192572,17,83.0,65.0,59.0,34.0
2025-05-04,202519,83.0,83,83,83,0.7797798,62.342266,0,1,431680820251920592,2026-05-19,Santa Cruz do Sul,1.1310741,133136,0,0,1,12,,,,,25621,16.41,20.49,26.11,73.7,81.57,84.0,11.37,1.3241159,82.0,13.13,1.2674623,51.0,15.41,0.6363758,59.0,16.44,0.6281271,75.0,14.079999999999998,4.430816798843313,-0.011834457647003305,0.011976191046715101,0.47957308026188583,0.33647223662121295,18,65.0,59.0,34.0,34.0
2025-05-11,202520,65.0,65,65,65,0.10600228,48.822258,0,1,431680820252020599,2026-05-26,Santa Cruz do Sul,0.81279904,133136,0,0,1,20,,,,,25621,14.49,19.14,25.23,0.0,77.71,83.0,16.41,1.1310741,84.0,11.37,1.3241159,82.0,13.13,1.2674623,51.0,15.41,0.6363758,78.5,13.85,4.189654742026425,-0.24116205681688818,-0.2529965144638915,-0.22918586577017308,0.23841102344499765,19,59.0,34.0,34.0,34.0
2025-05-18,202521,59.0,59,59,59,0.06038513,44.315586,0,1,431680820252120608,2026-06-04,Santa Cruz do Sul,0.7661084,133136,0,0,1,28,,,,,25621,12.66,16.13,19.86,38.5,86.71,65.0,14.49,0.81279904,83.0,16.41,1.1310741,84.0,11.37,1.3241159,82.0,13.13,1.2674623,72.75,13.7325,4.0943445622221,-0.09531017980432477,-0.33647223662121295,-0.34830669426821625,-0.32449604557449785,20,34.0,34.0,34.0,12.0
2025-05-25,202522,34.0,34,34,34,0.00043253956,25.537796,0,1,431680820252220619,2026-06-15,Santa Cruz do Sul,0.50721776,133136,0,0,1,5,,,,,25621,11.11,14.2,18.09,72.7,90.57,59.0,12.66,0.7661084,65.0,14.49,0.81279904,83.0,16.41,1.1310741,84.0,11.37,1.3241159,60.25,13.6675,3.5553480614894135,-0.5389965007326869,-0.6343066805370117,-0.8754687373538999,-0.8873031950009032,21,34.0,34.0,12.0,18.0
2025-06-01,202523,34.0,34,34,34,0.014994203,25.537796,0,1,431680820252320621,2026-06-17,Santa Cruz do Sul,0.6273877,133136,0,0,1,5,,,,,25621,10.33,13.8,17.66,20.1,91.0,34.0,11.11,0.50721776,59.0,12.66,0.7661084,65.0,14.49,0.81279904,83.0,16.41,1.1310741,48.0,12.1475,3.5553480614894135,0.0,-0.5389965007326869,-0.6343066805370117,-0.8754687373538999,22,34.0,12.0,18.0,7.0
2025-06-08,202524,34.0,34,34,34,0.18386209,25.537796,0,1,431680820252420627,2026-06-23,Santa Cruz do Sul,0.81356007,133136,0,0,1,5,,,,,25621,7.24,11.26,16.34,14.6,85.86,34.0,10.33,0.6273877,34.0,11.11,0.50721776,59.0,12.66,0.7661084,65.0,14.49,0.81279904,40.25,10.335,3.5553480614894135,0.0,0.0,-0.5389965007326869,-0.6343066805370117,23,12.0,18.0,7.0,11.0
2025-06-15,202525,12.0,12,12,12,0.00038628542,9.01334,0,1,431680820252520636,2026-07-02,Santa Cruz do Sul,0.35138363,133136,0,0,1,1,,,,,25621,13.09,15.5,17.77,147.2,95.29,34.0,7.24,0.81356007,34.0,10.33,0.6273877,34.0,11.11,0.50721776,59.0,12.66,0.7661084,28.5,10.442499999999999,2.5649493574615367,-0.9903987040278768,-0.9903987040278768,-0.9903987040278768,-1.5293952047605637,24,18.0,7.0,11.0,13.0
2025-06-22,202526,18.0,18,18,18,0.07165737,13.52001,0,1,431680820252620642,2026-07-08,Santa Cruz do Sul,0.6481226,133136,0,0,1,1,,,,,25621,5.43,9.29,13.29,36.6,83.0,12.0,13.09,0.35138363,34.0,7.24,0.81356007,34.0,10.33,0.6273877,34.0,11.11,0.50721776,24.5,9.022499999999999,2.9444389791664403,0.3794896217049035,-0.6109090823229733,-0.6109090823229733,-0.6109090823229733,25,7.0,11.0,13.0,16.0
2025-06-29,202527,7.0,7,7,7,0.0052546295,5.2577815,0,1,431680820252720647,2026-07-13,Santa Cruz do Sul,0.3545724,133136,0,0,0,1,,,,,25621,4.69,8.7,13.29,10.6,85.43,18.0,5.43,0.6481226,12.0,13.09,0.35138363,34.0,7.24,0.81356007,34.0,10.33,0.6273877,17.75,7.6125,2.0794415416798357,-0.8649974374866045,-0.485507815781701,-1.4759065198095778,-1.4759065198095778,26,11.0,13.0,16.0,19.0
2025-07-06,202528,11.0,11,11,11,0.24824949,8.262228,0,1,431680820252820654,2026-07-20,Santa Cruz do Sul,0.7658397,133136,0,0,1,2,,,,,25621,9.27,12.23,16.61,0.1,89.29,7.0,4.69,0.3545724,18.0,5.43,0.6481226,12.0,13.09,0.35138363,34.0,7.24,0.81356007,12.0,8.120000000000001,2.4849066497880004,0.4054651081081646,-0.4595323293784399,-0.08004270767353638,-1.0704414117014132,27,13.0,16.0,19.0,26.0
2025-07-13,202529,13.0,13,13,13,0.6360181,9.764451,0,1,431680820252920662,2026-07-28,Santa Cruz do Sul,1.1489371,133136,0,0,1,2,,,,,25621,11.93,14.61,19.19,13.8,88.14,11.0,9.27,0.7658397,7.0,4.69,0.3545724,18.0,5.43,0.6481226,12.0,13.09,0.35138363,12.25,7.829999999999999,2.6390573296152584,0.15415067982725805,0.5596157879354227,-0.30538164955118186,0.07410797215372167,28,16.0,19.0,26.0,27.0
2025-07-20,202530,16.0,16,16,16,0.8299955,12.017786,0,1,431680820253020671,2026-08-06,Santa Cruz do Sul,1.4386865,133136,0,0,1,0,,,,,25621,10.24,14.34,19.6,7.1,86.57,13.0,11.93,1.1489371,11.0,9.27,0.7658397,7.0,4.69,0.3545724,18.0,5.43,0.6481226,11.75,9.0325,2.833213344056216,0.19415601444095776,0.3483066942682158,0.7537718023763804,-0.1112256351102241,29,19.0,26.0,27.0,27.0
2025-07-27,202531,19.0,19,19,19,0.85026085,14.271121,0,1,431680820253120676,2026-08-11,Santa Cruz do Sul,1.4388866,133136,0,0,1,1,,,,,25621,10.5,14.41,19.4,66.1,79.86,16.0,10.24,1.4386865,13.0,11.93,1.1489371,11.0,9.27,0.7658397,7.0,4.69,0.3545724,14.75,10.485,2.995732273553991,0.1625189294977747,0.35667494393873245,0.5108256237659905,0.9162907318741551,30,26.0,27.0,27.0,19.0
2025-08-03,202532,26.0,26,26,26,0.9380298,19.528902,0,1,431680820253220683,2026-08-18,Santa Cruz do Sul,1.6091841,133136,0,0,1,0,,,,,25621,10.61,13.5,16.33,45.4,88.0,19.0,10.5,1.4388866,16.0,10.24,1.4386865,13.0,11.93,1.1489371,11.0,9.27,0.7658397,18.5,10.82,3.295836866004329,0.30010459245033827,0.46262352194811296,0.6567795363890707,0.8109302162163288,31,27.0,27.0,19.0,21.0
2025-08-10,202533,27.0,27,27,27,0.8507858,20.280014,0,1,431680820253320689,2026-08-24,Santa Cruz do Sul,1.353246,133136,0,0,1,3,,,,,25621,7.74,12.43,18.07,0.0,81.0,26.0,10.61,1.6091841,19.0,10.5,1.4388866,16.0,10.24,1.4386865,13.0,11.93,1.1489371,22.0,9.7725,3.332204510175204,0.03636764417087468,0.33647223662121295,0.49899116611898764,0.6931471805599454,32,27.0,19.0,21.0,12.0
2025-08-17,202534,27.0,27,27,27,0.67024374,20.280014,0,1,431680820253420698,2026-09-02,Santa Cruz do Sul,1.1304705,133136,0,0,1,3,,,,,25621,13.13,17.11,21.69,56.6,85.0,27.0,7.74,1.353246,26.0,10.61,1.6091841,19.0,10.5,1.4388866,16.0,10.24,1.4386865,24.75,10.495,3.332204510175204,0.0,0.03636764417087468,0.33647223662121295,0.49899116611898764,33,19.0,21.0,12.0,31.0
2025-08-24,202535,19.0,19,19,19,0.15473072,14.271121,0,1,431680820253520707,2026-09-11,Santa Cruz do Sul,0.7387186,133136,0,0,1,1,,,,,25621,8.96,14.19,20.06,0.1,81.57,27.0,13.13,1.1304705,27.0,7.74,1.353246,26.0,10.61,1.6091841,19.0,10.5,1.4388866,24.75,10.11,2.995732273553991,-0.33647223662121295,-0.33647223662121295,-0.30010459245033827,0.0,34,21.0,12.0,31.0,24.0
2025-08-31,202536,21.0,21,21,21,0.2988623,15.773345,0,1,431680820253620713,2026-09-17,Santa Cruz do Sul,0.85623294,133136,0,0,1,1,,,,,25621,13.81,17.16,21.16,76.7,81.29,19.0,8.96,0.7387186,27.0,13.13,1.1304705,27.0,7.74,1.353246,26.0,10.61,1.6091841,23.5,10.91,3.091042453358316,0.09531017980432521,-0.24116205681688774,-0.24116205681688774,-0.20479441264601306,35,12.0,31.0,24.0,23.0
2025-09-07,202537,12.0,12,12,12,0.04830001,9.01334,0,1,431680820253720719,2026-09-23,Santa Cruz do Sul,0.56027794,133136,0,0,1,0,,,,,25621,9.6,15.39,21.5,48.8,79.86,21.0,13.81,0.85623294,19.0,8.96,0.7387186,27.0,13.13,1.1304705,27.0,7.74,1.353246,19.75,11.375000000000002,2.5649493574615367,-0.5260930958967793,-0.4307829160924541,-0.7672551527136671,-0.7672551527136671,36,31.0,24.0,23.0,24.0
2025-09-14,202538,31.0,31,31,31,0.9552756,23.28446,0,1,431680820253820719,2026-09-23,Santa Cruz do Sul,1.6201929,133136,0,1,1,3,,,,,25621,15.41,19.37,24.24,40.0,85.43,12.0,9.6,0.56027794,21.0,13.81,0.85623294,19.0,8.96,0.7387186,27.0,13.13,1.1304705,20.75,11.945,3.4657359027997265,0.9007865453381898,0.3746934494414105,0.4700036292457357,0.13353139262452274,37,24.0,23.0,24.0,24.0
2025-09-21,202539,24.0,24,24,24,0.73854053,18.02668,0,1,431680820253920719,2026-09-23,Santa Cruz do Sul,1.2112215,133136,0,0,1,4,,,,,25621,11.63,16.44,21.53,107.4,75.71,31.0,15.41,1.6201929,12.0,9.6,0.56027794,21.0,13.81,0.85623294,19.0,8.96,0.7387186,22.0,12.6125,3.2188758248682006,-0.24686007793152598,0.6539264674066638,0.1278333715098845,0.2231435513142097,38,23.0,24.0,24.0,23.0
2025-09-28,202540,23.0,23,23,23,0.4680758,17.275568,0,1,431680820254020719,2026-09-23,Santa Cruz do Sul,0.97699314,133136,0,0,1,4,,,,,25621,15.54,19.27,23.67,41.8,86.14,24.0,11.63,1.2112215,31.0,15.41,1.6201929,12.0,9.6,0.56027794,21.0,13.81,0.85623294,22.5,13.045,3.1780538303479458,-0.04082199452025481,-0.2876820724517808,0.613104472886409,0.08701137698962969,39,24.0,24.0,23.0,34.0
2025-10-05,202541,24.0,24,24,24,0.46082538,18.02668,0,1,431680820254120719,2026-09-23,Santa Cruz do Sul,0.9724331,133136,0,0,1,1,,,,,25621,13.27,19.53,26.36,29.6,76.43,23.0,15.54,0.97699314,24.0,11.63,1.2112215,31.0,15.41,1.6201929,12.0,9.6,0.56027794,25.5,13.962499999999999,3.2188758248682006,0.04082199452025481,0.0,-0.24686007793152598,0.6539264674066638,40,24.0,23.0,34.0,27.0
2025-10-12,202542,24.0,24,24,24,0.51071954,18.02668,0,1,431680820254220719,2026-09-23,Santa Cruz do Sul,1.0077348,133136,0,0,1,3,,,,,25621,16.04,20.4,24.74,30.0,78.43,24.0,13.27,0.9724331,23.0,15.54,0.97699314,24.0,11.63,1.2112215,31.0,15.41,1.6201929,23.75,14.120000000000001,3.2188758248682006,0.0,0.04082199452025481,0.0,-0.24686007793152598,41,23.0,34.0,27.0,46.0
2025-10-19,202543,23.0,23,23,23,0.46327516,17.275568,0,1,431680820254320719,2026-09-23,Santa Cruz do Sul,0.9735928,133136,0,0,1,2,,,,,25621,13.67,20.03,26.43,2.7,64.57,24.0,16.04,1.0077348,24.0,13.27,0.9724331,23.0,15.54,0.97699314,24.0,11.63,1.2112215,23.5,14.629999999999999,3.1780538303479458,-0.04082199452025481,-0.04082199452025481,0.0,-0.04082199452025481,42,34.0,27.0,46.0,35.0
2025-10-26,202544,34.0,34,34,34,0.9042886,25.537796,0,1,431680820254420719,2026-09-23,Santa Cruz do Sul,1.4087276,133136,0,0,1,9,,,,,25621,14.69,18.0,22.2,35.6,82.57,23.0,13.67,0.9735928,24.0,16.04,1.0077348,24.0,13.27,0.9724331,23.0,15.54,0.97699314,26.25,14.4175,3.5553480614894135,0.37729423114146776,0.33647223662121295,0.33647223662121295,0.37729423114146776,43,27.0,46.0,35.0,47.0
2025-11-02,202545,27.0,27,27,27,0.5512632,20.280014,0,1,431680820254520719,2026-09-23,Santa Cruz do Sul,1.0357246,133136,0,0,1,6,,,,,25621,15.07,19.49,24.04,65.7,77.86,34.0,14.69,1.4087276,23.0,13.67,0.9735928,24.0,16.04,1.0077348,24.0,13.27,0.9724331,27.0,14.8675,3.332204510175204,-0.2231435513142097,0.15415067982725805,0.11332868530700324,0.11332868530700324,44,46.0,35.0,47.0,42.0
2025-11-09,202546,46.0,46,46,46,0.971978,34.551136,0,1,431680820254620719,2026-09-23,Santa Cruz do Sul,1.5566088,133136,0,1,1,11,,,,,25621,14.97,21.6,28.56,1.2,68.86,27.0,15.07,1.0357246,34.0,14.69,1.4087276,23.0,13.67,0.9735928,24.0,16.04,1.0077348,32.5,14.6,3.8501476017100584,0.5179430915348546,0.2947995402206449,0.6720937713621127,0.6312717768418579,45,35.0,47.0,42.0,48.0
2025-11-16,202547,35.0,35,35,35,0.5786044,26.288908,0,1,431680820254720719,2026-09-23,Santa Cruz do Sul,1.0488404,133136,0,0,1,19,,,,,25621,16.19,21.59,27.76,24.3,68.86,46.0,14.97,1.5566088,27.0,15.07,1.0357246,34.0,14.69,1.4087276,23.0,13.67,0.9735928,35.5,15.23,3.58351893845611,-0.2666286632539485,0.2513144282809061,0.0281708769666964,0.40546510810816416,46,47.0,42.0,48.0,54.0
2025-11-23,202548,47.0,47,47,47,0.8416596,35.302246,0,1,431680820254820719,2026-09-23,Santa Cruz do Sul,1.2423352,133136,0,0,1,18,,,,,25621,17.27,23.39,30.4,1.7,68.29,35.0,16.19,1.0488404,46.0,14.97,1.5566088,27.0,15.07,1.0357246,34.0,14.69,1.4087276,38.75,15.875,3.871201010907891,0.28768207245178123,0.021053409197832718,0.5389965007326873,0.31585294941847764,47,42.0,48.0,54.0,37.0
2025-11-30,202549,42.0,42,42,42,0.5727051,31.54669,0,1,431680820254920719,2026-09-23,Santa Cruz do Sul,1.04101,133136,0,0,1,6,,,,,25621,17.57,24.51,32.04,6.8,64.86,47.0,17.27,1.2423352,35.0,16.19,1.0488404,46.0,14.97,1.5566088,27.0,15.07,1.0357246,42.5,16.5,3.7612001156935624,-0.11000089521432876,0.17768117723745247,-0.08894748601649605,0.4289956055183586,48,48.0,54.0,37.0,67.0
2025-12-07,202550,48.0,48,48,48,0.7163843,36.05336,0,1,431680820255020719,2026-09-23,Santa Cruz do Sul,1.127252,133136,1,0,1,7,,,,,25621,20.03,24.51,29.39,75.6,75.86,42.0,17.57,1.04101,47.0,17.27,1.2423352,35.0,16.19,1.0488404,46.0,14.97,1.5566088,43.0,17.765,3.8918202981106265,0.13062018241706408,0.020619287202735315,0.30830135965451655,0.04167269640056803,49,54.0,37.0,67.0,68.0
2025-12-14,202551,54.0,54,54,54,0.8250773,40.560028,0,1,431680820255120719,2026-09-23,Santa Cruz do Sul,1.2065551,133136,0,0,1,6,,,,,25621,17.5,24.26,31.06,16.6,69.86,48.0,20.03,1.127252,42.0,17.57,1.04101,47.0,17.27,1.2423352,35.0,16.19,1.0488404,47.75,18.0925,4.007333185232471,0.11551288712184471,0.2461330695389088,0.13613217432458002,0.42381424677636126,50,37.0,67.0,68.0,48.0
2025-12-21,202552,37.0,37,37,37,0.13444924,27.79113,0,1,431680820255220719,2026-09-23,Santa Cruz do Sul,0.7859803,133136,1,0,1,5,,,,,25621,22.67,25.34,29.26,150.8,88.14,54.0,17.5,1.2065551,48.0,20.03,1.127252,42.0,17.57,1.04101,47.0,17.27,1.2423352,45.25,19.442500000000003,3.6375861597263857,-0.3697470255060855,-0.2542341383842408,-0.12361395596717673,-0.2336148511815055,51,67.0,68.0,48.0,39.0
2025-12-28,202553,67.0,67,67,67,0.9608876,50.324482,0,1,431680820255320719,2026-09-23,Santa Cruz do Sul,1.3897976,133136,1,1,1,9,,,,,25621,20.6,25.36,30.27,38.7,79.0,37.0,22.67,0.7859803,54.0,17.5,1.2065551,48.0,20.03,1.127252,42.0,17.57,1.04101,51.5,20.2,4.219507705176107,0.5819215454497213,0.2121745199436358,0.3276874070654805,0.4583075894825446,52,68.0,48.0,39.0,37.0
2026-01-04,202601,68.0,68,68,68,0.94703877,51.075592,0,1,431680820260120719,2026-09-23,Santa Cruz do Sul,1.3466746,133136,0,0,1,9,,,,,25621,17.19,22.9,29.1,23.1,73.43,67.0,20.6,1.3897976,37.0,22.67,0.7859803,54.0,17.5,1.2065551,48.0,20.03,1.127252,56.5,19.490000000000002,4.23410650459726,0.01459879942115272,0.596520344870874,0.2267733193647885,0.3422862064866332,1,48.0,39.0,37.0,42.0
2026-01-11,202602,48.0,48,48,48,0.167784,36.05336,0,1,431680820260220719,2026-09-23,Santa Cruz do Sul,0.82956636,133136,1,0,1,1,,,,,25621,21.23,25.56,30.6,25.4,78.86,68.0,17.19,1.3466746,67.0,20.6,1.3897976,37.0,22.67,0.7859803,54.0,17.5,1.2065551,55.0,20.4225,3.8918202981106265,-0.3422862064866332,-0.3276874070654805,0.2542341383842408,-0.11551288712184471,2,39.0,37.0,42.0,26.0
2026-01-18,202603,39.0,39,39,39,0.019504124,29.293354,0,1,431680820260320719,2026-09-23,Santa Cruz do Sul,0.6576304,133136,0,0,1,2,,,,,25621,16.1,22.04,27.3,25.2,76.29,48.0,21.23,0.82956636,68.0,17.19,1.3466746,67.0,20.6,1.3897976,37.0,22.67,0.7859803,55.5,18.78,3.6888794541139363,-0.2029408439966902,-0.5452270504833234,-0.5306282510621707,0.05129329438755059,3,37.0,42.0,26.0,30.0
2026-01-25,202604,37.0,37,37,37,0.06870067,27.79113,0,1,431680820260420719,2026-09-23,Santa Cruz do Sul,0.7279677,133136,1,0,1,2,,,,,25621,20.31,25.4,30.74,16.1,78.86,39.0,16.1,0.6576304,48.0,21.23,0.82956636,68.0,17.19,1.3466746,67.0,20.6,1.3897976,48.0,18.707500000000003,3.6375861597263857,-0.05129329438755059,-0.2542341383842408,-0.596520344870874,-0.5819215454497213,4,42.0,26.0,30.0,39.0
2026-02-01,202605,42.0,42,42,42,0.48397508,31.54669,0,1,431680820260520719,2026-09-23,Santa Cruz do Sul,0.9913322,133136,1,0,1,5,,,,,25621,19.47,25.33,31.19,6.2,75.14,37.0,20.31,0.7279677,39.0,16.1,0.6576304,48.0,21.23,0.82956636,68.0,17.19,1.3466746,41.5,19.2775,3.7612001156935624,0.12361395596717673,0.07232066157962613,-0.13062018241706408,-0.4729063889036973,5,26.0,30.0,39.0,30.0
2026-02-08,202606,26.0,26,26,26,0.05585122,19.528902,0,2,431680820260620719,2026-09-23,Santa Cruz do Sul,0.6724217,133136,1,0,1,1,,,,,25621,20.4,25.49,31.43,4.3,76.0,42.0,19.47,0.9913322,37.0,20.31,0.7279677,39.0,16.1,0.6576304,48.0,21.23,0.82956636,36.0,19.07,3.295836866004329,-0.46536324968923326,-0.34174929372205654,-0.3930425881096071,-0.5959834321062973,6,30.0,39.0,30.0,23.0
2026-02-15,202607,30.0,30,30,30,0.23041296,22.53335,0,2,431680820260720719,2026-09-23,Santa Cruz do Sul,0.8345611,133136,1,0,1,1,,,,,25621,21.36,24.93,30.01,34.6,83.0,26.0,20.4,0.6724217,42.0,19.47,0.9913322,37.0,20.31,0.7279677,39.0,16.1,0.6576304,33.75,20.384999999999998,3.4339872044851463,0.13815033848081715,-0.3272129112084161,-0.2035989552412394,-0.25489224962879,7,39.0,30.0,23.0,28.0
2026-02-22,202608,39.0,39,39,39,0.7957857,29.293354,0,2,431680820260820719,2026-09-23,Santa Cruz do Sul,1.2158216,133136,1,0,1,1,,,,,25621,17.84,22.61,28.1,21.4,77.86,30.0,21.36,0.8345611,26.0,20.4,0.6724217,42.0,19.47,0.9913322,37.0,20.31,0.7279677,34.25,19.7675,3.6888794541139363,0.25489224962879,0.3930425881096071,-0.07232066157962613,0.05129329438755059,8,30.0,23.0,28.0,23.0
2026-03-01,202609,30.0,30,30,30,0.41114432,22.53335,0,2,431680820260920719,2026-09-23,Santa Cruz do Sul,0.94479305,133136,1,0,1,2,,,,,25621,19.09,24.57,31.01,24.2,78.43,39.0,17.84,1.2158216,30.0,21.36,0.8345611,26.0,20.4,0.6724217,42.0,19.47,0.9913322,31.25,19.6725,3.4339872044851463,-0.25489224962879,0.0,0.13815033848081715,-0.3272129112084161,9,23.0,28.0,23.0,23.0
2026-03-08,202610,23.0,23,23,23,0.090221986,17.275568,0,2,431680820261020719,2026-09-23,Santa Cruz do Sul,0.6987972,133136,1,0,1,1,,,,,25621,18.71,22.66,28.04,12.8,81.14,30.0,19.09,0.94479305,39.0,17.84,1.2158216,30.0,21.36,0.8345611,26.0,20.4,0.6724217,30.5,19.25,3.1780538303479458,-0.2559333741372005,-0.5108256237659905,-0.2559333741372005,-0.11778303565638337,10,28.0,23.0,23.0,26.0
2026-03-15,202611,28.0,28,28,28,0.38459063,21.031126,0,2,431680820261120719,2026-09-23,Santa Cruz do Sul,0.92645186,133136,1,0,1,2,,,,,25621,20.79,25.11,31.36,33.5,83.14,23.0,18.71,0.6987972,30.0,19.09,0.94479305,39.0,17.84,1.2158216,30.0,21.36,0.8345611,30.0,19.1075,3.367295829986474,0.1892419996385284,-0.06669137449867213,-0.3215836241274621,-0.06669137449867213,11,23.0,23.0,26.0,10.0
2026-03-22,202612,23.0,23,23,23,0.29851425,17.275568,0,2,431680820261220719,2026-09-23,Santa Cruz do Sul,0.86161965,133136,1,0,1,1,,,,,25621,21.29,24.11,28.43,36.3,89.57,28.0,20.79,0.92645186,23.0,18.71,0.6987972,30.0,19.09,0.94479305,39.0,17.84,1.2158216,26.0,19.97,3.1780538303479458,-0.1892419996385284,0.0,-0.2559333741372005,-0.5108256237659905,12,23.0,26.0,10.0,18.0
2026-03-29,202613,23.0,23,23,23,0.36712736,17.275568,0,2,431680820261320719,2026-09-23,Santa Cruz do Sul,0.90767545,133136,1,0,1,0,,,,,25621,20.94,25.23,30.83,6.7,82.0,23.0,21.29,0.86161965,28.0,20.79,0.92645186,23.0,18.71,0.6987972,30.0,19.09,0.94479305,24.25,20.4325,3.1780538303479458,0.0,-0.1892419996385284,0.0,-0.2559333741372005,13,26.0,10.0,18.0,14.0
2026-04-05,202614,26.0,26,26,26,0.59550387,19.528902,0,2,431680820261420719,2026-09-23,Santa Cruz do Sul,1.0699607,133136,1,0,1,0,,,,,25621,17.27,20.53,25.1,18.5,81.29,23.0,20.94,0.90767545,23.0,21.29,0.86161965,28.0,20.79,0.92645186,23.0,18.71,0.6987972,25.0,20.072499999999998,3.295836866004329,0.11778303565638337,0.11778303565638337,-0.07145896398214502,0.11778303565638337,14,10.0,18.0,14.0,20.0
2026-04-12,202615,10.0,10,10,10,0.009314949,7.5111165,0,2,431680820261520719,2026-09-23,Santa Cruz do Sul,0.4312222,133136,1,0,1,1,,,,,25621,19.41,22.5,27.04,29.0,81.71,26.0,17.27,1.0699607,23.0,20.94,0.90767545,23.0,21.29,0.86161965,28.0,20.79,0.92645186,20.5,19.7275,2.3978952727983707,-0.8979415932059585,-0.7801585575495751,-0.7801585575495751,-0.9694005571881035,15,18.0,14.0,20.0,9.0
2026-04-19,202616,18.0,18,18,18,0.33045352,13.52001,0,1,431680820261620719,2026-09-23,Santa Cruz do Sul,0.8696334,133136,0,0,1,3,,,,,25621,17.66,20.8,24.83,91.2,88.71,10.0,19.41,0.4312222,26.0,17.27,1.0699607,23.0,20.94,0.90767545,23.0,21.29,0.86161965,19.25,18.82,2.9444389791664403,0.5465437063680696,-0.35139788683788886,-0.2336148511815055,-0.2336148511815055,16,14.0,20.0,9.0,14.0
2026-04-26,202617,14.0,14,14,14,0.3081049,10.515563,0,1,431680820261720719,2026-09-23,Santa Cruz do Sul,0.8363444,133136,0,0,1,0,,,,,25621,10.21,16.29,22.56,23.2,78.43,18.0,17.66,0.8696334,10.0,19.41,0.4312222,26.0,17.27,1.0699607,23.0,20.94,0.90767545,17.0,16.137500000000003,2.70805020110221,-0.2363887780642302,0.3101549283038394,-0.5877866649021191,-0.4700036292457357,17,20.0,9.0,14.0,7.0
2026-05-03,202618,20.0,20,20,20,0.7737755,15.022233,0,1,431680820261820719,2026-09-23,Santa Cruz do Sul,1.283953,133136,0,0,1,3,,,,,25621,14.04,18.74,25.0,7.0,75.0,14.0,10.21,0.8363444,18.0,17.66,0.8696334,10.0,19.41,0.4312222,26.0,17.27,1.0699607,15.5,15.33,3.044522437723423,0.33647223662121295,0.10008345855698275,0.6466271649250523,-0.2513144282809061,18,9.0,14.0,7.0,4.0
2026-05-10,202619,9.0,9,9,9,0.07773314,6.760005,0,1,431680820261920719,2026-09-23,Santa Cruz do Sul,0.56517583,133136,0,0,1,1,,,,,25621,7.87,12.54,18.67,0.0,77.43,20.0,14.04,1.283953,14.0,10.21,0.8363444,18.0,17.66,0.8696334,10.0,19.41,0.4312222,15.25,12.444999999999999,2.302585092994046,-0.7419373447293771,-0.40546510810816416,-0.6418538861723944,-0.09531017980432477,19,14.0,7.0,4.0,6.0
2026-05-17,202620,14.0,14,14,14,0.40234977,10.515563,0,1,431680820262020719,2026-09-23,Santa Cruz do Sul,0.9138551,133136,0,0,1,0,,,,,25621,7.76,11.64,16.19,9.6,85.0,9.0,7.87,0.56517583,20.0,14.04,1.283953,14.0,10.21,0.8363444,18.0,17.66,0.8696334,14.25,9.97,2.70805020110221,0.40546510810816416,-0.33647223662121295,0.0,-0.2363887780642302,20,7.0,4.0,6.0,5.0
2026-05-24,202621,7.0,7,7,7,0.08255722,5.2577815,0,1,431680820262120719,2026-09-23,Santa Cruz do Sul,0.537121,133136,0,0,0,1,,,,,25621,12.93,15.39,18.36,15.2,92.43,14.0,7.76,0.9138551,9.0,7.87,0.56517583,20.0,14.04,1.283953,14.0,10.21,0.8363444,12.5,10.649999999999999,2.0794415416798357,-0.6286086594223743,-0.22314355131421015,-0.9650808960435873,-0.6286086594223743,21,4.0,6.0,5.0,6.0
2026-05-31,202622,4.0,4,4,4,0.031329468,3.0044465,0,1,431680820262220719,2026-09-23,Santa Cruz do Sul,0.3697891,133136,0,0,0,1,,,,,25621,11.5,15.81,21.2,1.3,88.71,7.0,12.93,0.537121,14.0,7.76,0.9138551,9.0,7.87,0.56517583,20.0,14.04,1.283953,8.5,10.015,1.6094379124341003,-0.47000362924573547,-1.0986122886681098,-0.6931471805599456,-1.4350845252893227,22,6.0,5.0,6.0,1.0
2026-06-07,202623,6.0,6,6,6,0.2862987,4.50667,0,1,431680820262320719,2026-09-23,Santa Cruz do Sul,0.7454832,133136,0,0,0,0,,,,,25621,12.67,14.86,17.09,37.6,93.43,4.0,11.5,0.3697891,7.0,12.93,0.537121,14.0,7.76,0.9138551,9.0,7.87,0.56517583,7.75,11.215,1.9459101490553132,0.33647223662121295,-0.13353139262452252,-0.7621400520468968,-0.35667494393873267,23,5.0,6.0,1.0,3.0
2026-06-14,202624,5.0,5,5,5,0.3988994,3.7555583,0,1,431680820262420719,2026-09-23,Santa Cruz do Sul,0.86061466,133136,0,0,0,0,,,,,25621,7.11,11.13,15.59,6.3,86.14,6.0,12.67,0.7454832,4.0,11.5,0.3697891,7.0,12.93,0.537121,14.0,7.76,0.9138551,5.5,11.052499999999998,1.791759469228055,-0.15415067982725827,0.18232155679395468,-0.2876820724517808,-0.9162907318741551,24,6.0,1.0,3.0,1.0
2026-06-21,202625,6.0,6,6,6,0.58103603,4.50667,0,1,431680820262520719,2026-09-23,Santa Cruz do Sul,1.1243212,133136,0,0,0,2,,,,,25621,5.61,10.1,15.74,15.8,82.43,5.0,7.11,0.86061466,6.0,12.67,0.7454832,4.0,11.5,0.3697891,7.0,12.93,0.537121,5.25,9.2225,1.9459101490553132,0.15415067982725827,0.0,0.33647223662121295,-0.13353139262452252,25,1.0,3.0,1.0,7.0
2026-06-28,202626,1.0,1,1,1,0.027181616,0.7511116,0,1,431680820262620719,2026-09-23,Santa Cruz do Sul,0.1922624,133136,0,0,0,0,,,,,25621,8.3,11.34,13.91,37.6,91.29,6.0,5.61,1.1243212,5.0,7.11,0.86061466,6.0,12.67,0.7454832,4.0,11.5,0.3697891,4.5,8.4225,0.6931471805599453,-1.252762968495368,-1.0986122886681096,-1.252762968495368,-0.916290731874155,26,3.0,1.0,7.0,6.0
2026-07-05,202627,3.0,3,3,3,0.2983311,2.253335,0,1,431680820262720719,2026-09-23,Santa Cruz do Sul,0.6896422,133136,0,0,0,0,,,,,25621,7.96,12.19,17.2,5.4,85.0,1.0,8.3,0.1922624,6.0,5.61,1.1243212,5.0,7.11,0.86061466,6.0,12.67,0.7454832,3.75,7.245,1.3862943611198906,0.6931471805599453,-0.5596157879354227,-0.4054651081081644,-0.5596157879354227,27,1.0,7.0,6.0,0.0
2026-07-12,202628,1.0,1,1,1,0.13141833,0.7511116,0,1,431680820262820719,2026-09-23,Santa Cruz do Sul,0.3415579,133136,0,0,0,0,,,,,25621,13.1,17.64,23.39,0.1,73.14,3.0,7.96,0.6896422,1.0,8.3,0.1922624,6.0,5.61,1.1243212,5.0,7.11,0.86061466,2.75,8.7425,0.6931471805599453,-0.6931471805599453,0.0,-1.252762968495368,-1.0986122886681096,28,7.0,6.0,0.0,5.0
2026-07-19,202629,7.0,7,7,7,0.9461415,5.2577815,0,1,431680820262920719,2026-09-23,Santa Cruz do Sul,2.909854,133136,0,0,0,0,,,,,25621,14.97,17.87,20.44,139.5,90.71,1.0,13.1,0.3415579,3.0,7.96,0.6896422,1.0,8.3,0.1922624,6.0,5.61,1.1243212,3.0,11.0825,2.0794415416798357,1.3862943611198904,0.6931471805599452,1.3862943611198904,0.13353139262452252,29,6.0,0.0,5.0,3.0
2026-07-26,202630,6.0,6,6,6,0.8329206,4.50667,0,1,431680820263020719,2026-09-23,Santa Cruz do Sul,1.8611256,133136,0,0,0,1,,,,,25621,15.36,18.76,23.07,117.1,88.43,7.0,14.97,2.909854,1.0,13.1,0.3415579,3.0,7.96,0.6896422,1.0,8.3,0.1922624,4.25,12.8475,1.9459101490553132,-0.13353139262452252,1.252762968495368,0.5596157879354227,1.252762968495368,30,0.0,5.0,3.0,4.0
2026-08-02,202631,0.0,0,1,0,0.0,0.0,0,1,431680820263120719,2026-09-23,Santa Cruz do Sul,0.0,133136,0,0,0,0,,,,,25621,13.73,17.36,22.06,28.1,87.0,6.0,15.36,1.8611256,7.0,14.97,2.909854,1.0,13.1,0.3415579,3.0,7.96,0.6896422,3.5,14.290000000000001,0.0,-1.9459101490553132,-2.0794415416798357,-0.6931471805599453,-1.3862943611198906,31,5.0,3.0,4.0,2.0
2026-08-09,202632,5.0,5,6,5,0.5776807,3.7555583,0,1,431680820263220719,2026-09-23,Santa Cruz do Sul,1.1299862,133136,0,0,0,1,,,,,25621,9.96,12.96,16.3,59.1,87.14,0.0,13.73,0.0,6.0,15.36,1.8611256,7.0,14.97,2.909854,1.0,13.1,0.3415579,4.5,13.505,1.791759469228055,1.791759469228055,-0.15415067982725827,-0.2876820724517808,1.0986122886681096,32,3.0,4.0,2.0,4.0
2026-08-16,202633,3.0,3,4,3,0.46466783,2.253335,0,1,431680820263320719,2026-09-23,Santa Cruz do Sul,0.93562216,133136,0,0,0,0,,,,,25621,14.46,17.94,21.87,42.9,85.71,5.0,9.96,1.1299862,0.0,13.73,0.0,6.0,15.36,1.8611256,7.0,14.97,2.909854,3.5,13.377500000000001,1.3862943611198906,-0.4054651081081644,1.3862943611198906,-0.5596157879354227,-0.6931471805599452,33,4.0,2.0,4.0,2.0
2026-08-23,202634,4.0,4,5,4,0.6095533,3.0044465,0,1,431680820263420719,2026-09-23,Santa Cruz do Sul,1.2151796,133136,0,0,0,0,,,,,25621,10.03,14.97,20.69,55.2,83.71,3.0,14.46,0.93562216,5.0,9.96,1.1299862,0.0,13.73,0.0,6.0,15.36,1.8611256,3.0,12.045000000000002,1.6094379124341003,0.2231435513142097,-0.18232155679395468,1.6094379124341003,-0.33647223662121295,34,2.0,4.0,2.0,
2026-08-30,202635,2.0,2,3,2,0.2418186,1.5022233,0,1,431680820263520719,2026-09-23,Santa Cruz do Sul,0.56978846,133136,0,0,0,0,,,,,25621,12.87,16.64,21.09,9.3,83.71,4.0,10.03,1.2151796,3.0,14.46,0.93562216,5.0,9.96,1.1299862,0.0,13.73,0.0,3.5,11.83,1.0986122886681098,-0.5108256237659905,-0.2876820724517808,-0.6931471805599452,1.0986122886681098,35,4.0,2.0,,
2026-09-06,202636,4.0,4,6,4,0.60944813,3.0044465,0,1,431680820263620719,2026-09-23,Santa Cruz do Sul,1.2149359,133136,0,0,0,4,,,,,25621,9.27,13.39,17.84,26.4,82.86,2.0,12.87,0.56978846,4.0,10.03,1.2151796,3.0,14.46,0.93562216,5.0,9.96,1.1299862,3.25,11.657499999999999,1.6094379124341003,0.5108256237659905,0.0,0.2231435513142097,-0.18232155679395468,36,2.0,,,
2026-09-13,202637,2.0,1,7,1,0.30854914,1.5022233,0,1,431680820263720719,2026-09-23,Santa Cruz do Sul,0.66098803,133136,0,0,0,1,,,,,25621,9.46,14.67,20.1,24.6,81.0,4.0,9.27,1.2149359,2.0,12.87,0.56978846,4.0,10.03,1.2151796,3.0,14.46,0.93562216,3.0,10.407499999999999,1.0986122886681098,-0.5108256237659905,0.0,-0.5108256237659905,-0.2876820724517808,37,,,,
