data_iniSE,SE,casos_est,casos_est_min,casos_est_max,casos,p_rt1,p_inc100k,Localidade_id,nivel,id,versao_modelo,municipio_nome,rt,pop,receptivo,transmissao,nivel_inc,casprov,casprov_est,casprov_est_min,casprov_est_max,casconf,notif_accum_year,tmin,tmed,tmax,precipitacao,umidade,casos_est_lag_1,tmin_lag_1,rt_lag_1,casos_est_lag_2,tmin_lag_2,rt_lag_2,casos_est_lag_3,tmin_lag_3,rt_lag_3,casos_est_lag_4,tmin_lag_4,rt_lag_4,casos_est_roll_4,tmin_roll_4,log_casos,var_log_1,var_log_2,var_log_3,var_log_4,semana_ano,tmed_s1,tmed_s2,tmed_s3,tmed_s4,precipitacao_s1,precipitacao_s2,precipitacao_s3,precipitacao_s4,umidade_s1,umidade_s2,umidade_s3,umidade_s4,target_h1,target_h2,target_h3,target_h4
2010-01-03,201001,7.0,7,7,7,0.0,0.80638194,0,1,221100120100119589,2023-08-20,Teresina,0.0,868075,,0,0,6,,,,,97405,24.49,28.0,32.76,15.6,77.86,,,,,,,,,,,,,,,2.0794415416798357,,,,,53,,,,,,,,,,,,,18.0,10.0,16.0,13.0
2010-01-10,201002,18.0,18,18,18,0.0,2.0735536,0,1,221100120100219589,2023-08-20,Teresina,0.0,868075,,0,0,14,,,,,97405,23.91,28.16,33.51,17.2,78.43,7.0,24.49,0.0,,,,,,,,,,,,2.9444389791664403,0.8649974374866045,,,,1,28.0,,,,15.6,,,,77.86,,,,10.0,16.0,13.0,21.0
2010-01-17,201003,10.0,10,10,10,0.0,1.1519742,0,1,221100120100319589,2023-08-20,Teresina,0.0,868075,,0,0,10,,,,,97405,24.2,28.67,34.31,39.0,76.0,18.0,23.91,0.0,7.0,24.49,0.0,,,,,,,,,2.3978952727983707,-0.5465437063680696,0.3184537311185349,,,2,28.16,28.0,,,17.2,15.6,,,78.43,77.86,,,16.0,13.0,21.0,25.0
2010-01-24,201004,16.0,16,16,16,0.0,1.8431587,0,1,221100120100419589,2023-08-20,Teresina,0.0,868075,,0,0,13,,,,,97405,24.01,27.54,32.54,92.6,82.71,10.0,24.2,0.0,18.0,23.91,0.0,7.0,24.49,0.0,,,,12.75,24.1525,2.833213344056216,0.4353180712578455,-0.1112256351102241,0.7537718023763804,,3,28.67,28.16,28.0,,39.0,17.2,15.6,,76.0,78.43,77.86,,13.0,21.0,25.0,33.0
2010-01-31,201005,13.0,13,13,13,0.0,1.4975665,0,1,221100120100519589,2023-08-20,Teresina,0.0,868075,,0,0,10,,,,,97405,25.47,29.91,35.04,5.1,72.57,16.0,24.01,0.0,10.0,24.2,0.0,18.0,23.91,0.0,7.0,24.49,0.0,14.25,24.3975,2.6390573296152584,-0.19415601444095776,0.24116205681688774,-0.30538164955118186,0.5596157879354227,4,27.54,28.67,28.16,28.0,92.6,39.0,17.2,15.6,82.71,76.0,78.43,77.86,21.0,25.0,33.0,32.0
2010-02-07,201006,21.0,21,21,21,0.88208884,2.4191458,0,1,221100120100619589,2023-08-20,Teresina,1.49094,868075,,0,0,12,,,,,97405,23.96,27.29,31.97,74.0,84.43,13.0,25.47,0.0,16.0,24.01,0.0,10.0,24.2,0.0,18.0,23.91,0.0,15.0,24.410000000000004,3.091042453358316,0.45198512374305766,0.2578291093020999,0.6931471805599454,0.1466034741918758,5,29.91,27.54,28.67,28.16,5.1,92.6,39.0,17.2,72.57,82.71,76.0,78.43,25.0,33.0,32.0,41.0
2010-02-14,201007,25.0,25,25,25,0.92022294,2.8799355,0,1,221100120100719589,2023-08-20,Teresina,1.5518736,868075,,0,0,16,,,,,97405,25.06,29.51,34.77,3.5,75.29,21.0,23.96,1.49094,13.0,25.47,0.0,16.0,24.01,0.0,10.0,24.2,0.0,18.75,24.625,3.258096538021482,0.16705408466316607,0.6190392084062237,0.42488319396526597,0.8602012652231115,6,27.29,29.91,27.54,28.67,74.0,5.1,92.6,39.0,84.43,72.57,82.71,76.0,33.0,32.0,41.0,29.0
2010-02-21,201008,33.0,33,33,33,0.96142983,3.8015149,0,1,221100120100819589,2023-08-20,Teresina,1.6284257,868075,,1,1,22,,,,,97405,25.03,28.76,34.19,30.1,79.71,25.0,25.06,1.5518736,21.0,23.96,1.49094,13.0,25.47,0.0,16.0,24.01,0.0,23.0,24.88,3.5263605246161616,0.2682639865946794,0.4353180712578455,0.8873031950009032,0.6931471805599454,7,29.51,27.29,29.91,27.54,3.5,74.0,5.1,92.6,75.29,84.43,72.57,82.71,32.0,41.0,29.0,46.0
2010-02-28,201009,32.0,32,32,32,0.8046914,3.6863174,0,1,221100120100919589,2023-08-20,Teresina,1.2528461,868075,,0,1,22,,,,,97405,25.17,28.99,33.76,6.7,78.14,33.0,25.03,1.6284257,25.0,25.06,1.5518736,21.0,23.96,1.49094,13.0,25.47,0.0,27.75,24.805,3.4965075614664802,-0.029852963149681333,0.2384110234449981,0.40546510810816416,0.8574502318512218,8,28.76,29.51,27.29,29.91,30.1,3.5,74.0,5.1,79.71,75.29,84.43,72.57,41.0,29.0,46.0,32.0
2010-03-07,201010,41.0,41,41,41,0.8977374,4.723094,0,1,221100120101019589,2023-08-20,Teresina,1.3502549,868075,,0,1,28,,,,,97405,25.26,29.36,34.9,16.0,75.29,32.0,25.17,1.2528461,33.0,25.03,1.6284257,25.0,25.06,1.5518736,21.0,23.96,1.49094,32.75,25.13,3.7376696182833684,0.24116205681688818,0.21130909366720685,0.4795730802618863,0.6466271649250523,9,28.99,28.76,29.51,27.29,6.7,30.1,3.5,74.0,78.14,79.71,75.29,84.43,29.0,46.0,32.0,34.0
2010-03-14,201011,29.0,29,29,29,0.2757053,3.3407252,0,1,221100120101119589,2023-08-20,Teresina,0.8609855,868075,,0,1,18,,,,,97405,25.0,29.16,35.13,28.0,74.29,41.0,25.26,1.3502549,32.0,25.17,1.2528461,33.0,25.03,1.6284257,25.0,25.06,1.5518736,33.75,25.115000000000002,3.4011973816621555,-0.33647223662121295,-0.09531017980432477,-0.1251631429540061,0.14310084364067333,10,29.36,28.99,28.76,29.51,16.0,6.7,30.1,3.5,75.29,78.14,79.71,75.29,46.0,32.0,34.0,40.0
2010-03-21,201012,46.0,46,46,46,0.8792449,5.2990813,0,1,221100120101219589,2023-08-20,Teresina,1.2959294,868075,,0,1,30,,,,,97405,23.4,26.74,31.87,106.3,86.57,29.0,25.0,0.8609855,41.0,25.26,1.3502549,32.0,25.17,1.2528461,33.0,25.03,1.6284257,37.0,24.707500000000003,3.8501476017100584,0.44895022004790297,0.11247798342669002,0.3536400402435782,0.32378707709389687,11,29.16,29.36,28.99,28.76,28.0,16.0,6.7,30.1,74.29,75.29,78.14,79.71,32.0,34.0,40.0,35.0
2010-03-28,201013,32.0,32,32,32,0.30330575,3.6863174,0,1,221100120101319589,2023-08-20,Teresina,0.88334763,868075,,0,1,25,,,,,97405,24.03,27.51,32.27,97.4,86.43,46.0,23.4,1.2959294,29.0,25.0,0.8609855,41.0,25.26,1.3502549,32.0,25.17,1.2528461,37.0,24.4225,3.4965075614664802,-0.3536400402435782,0.09531017980432477,-0.24116205681688818,0.0,12,26.74,29.16,29.36,28.99,106.3,28.0,16.0,6.7,86.57,74.29,75.29,78.14,34.0,40.0,35.0,57.0
2010-04-04,201014,34.0,34,34,34,0.34678617,3.9167123,0,1,221100120101419589,2023-08-20,Teresina,0.91135335,868075,,0,1,26,,,,,97405,24.04,27.43,32.0,58.6,86.86,32.0,24.03,0.88334763,46.0,23.4,1.2959294,29.0,25.0,0.8609855,41.0,25.26,1.3502549,35.25,24.1175,3.5553480614894135,0.058840500022933284,-0.2947995402206449,0.15415067982725805,-0.1823215567939549,13,27.51,26.74,29.16,29.36,97.4,106.3,28.0,16.0,86.43,86.57,74.29,75.29,40.0,35.0,57.0,42.0
2010-04-11,201015,40.0,40,40,40,0.67627,4.607897,0,1,221100120101519589,2023-08-20,Teresina,1.1100249,868075,,0,1,34,,,,,97405,24.19,27.63,32.21,57.0,85.57,34.0,24.04,0.91135335,32.0,24.03,0.88334763,46.0,23.4,1.2959294,29.0,25.0,0.8609855,38.0,23.915,3.713572066704308,0.15822400521489444,0.21706450523782772,-0.13657553500575048,0.3123746850421525,14,27.43,27.51,26.74,29.16,58.6,97.4,106.3,28.0,86.86,86.43,86.57,74.29,35.0,57.0,42.0,61.0
2010-04-18,201016,35.0,35,35,35,0.4764371,4.0319095,0,1,221100120101619589,2023-08-20,Teresina,0.9861028,868075,,0,1,23,,,,,97405,24.61,28.2,32.57,40.7,84.14,40.0,24.19,1.1100249,34.0,24.04,0.91135335,32.0,24.03,0.88334763,46.0,23.4,1.2959294,35.25,24.217499999999998,3.58351893845611,-0.13005312824819804,0.0281708769666964,0.08701137698962969,-0.2666286632539485,15,27.63,27.43,27.51,26.74,57.0,58.6,97.4,106.3,85.57,86.86,86.43,86.57,57.0,42.0,61.0,48.0
2010-04-25,201017,57.0,57,57,57,0.9774116,6.5662527,0,1,221100120101719589,2023-08-20,Teresina,1.5132741,868075,,1,1,49,,,,,97405,24.63,28.7,33.39,1.1,77.14,35.0,24.61,0.9861028,40.0,24.19,1.1100249,34.0,24.04,0.91135335,32.0,24.03,0.88334763,41.5,24.3675,4.060443010546419,0.4769240720903092,0.34687094384211115,0.5050949490570056,0.5639354490799389,16,28.2,27.63,27.43,27.51,40.7,57.0,58.6,97.4,84.14,85.57,86.86,86.43,42.0,61.0,48.0,65.0
2010-05-02,201018,42.0,42,42,42,0.5137823,4.8382916,0,1,221100120101819589,2023-08-20,Teresina,1.0075452,868075,,0,1,38,,,,,97405,24.56,27.84,32.44,18.8,83.71,57.0,24.63,1.5132741,35.0,24.61,0.9861028,40.0,24.19,1.1100249,34.0,24.04,0.91135335,43.5,24.4975,3.7612001156935624,-0.2992428948528567,0.17768117723745247,0.047628048989254435,0.20585205420414887,17,28.7,28.2,27.63,27.43,1.1,40.7,57.0,58.6,77.14,84.14,85.57,86.86,61.0,48.0,65.0,97.0
2010-05-09,201019,61.0,61,61,61,0.91251606,7.0270424,0,1,221100120101919589,2023-08-20,Teresina,1.2984365,868075,,0,1,59,,,,,97405,24.16,28.24,33.21,14.5,82.57,42.0,24.56,1.0075452,57.0,24.63,1.5132741,35.0,24.61,0.9861028,40.0,24.19,1.1100249,48.75,24.490000000000002,4.127134385045092,0.3659342693515293,0.06669137449867257,0.5436154465889818,0.4135623183407837,18,27.84,28.7,28.2,27.63,18.8,1.1,40.7,57.0,83.71,77.14,84.14,85.57,48.0,65.0,97.0,85.0
2010-05-16,201020,48.0,48,48,48,0.4207358,5.529476,0,1,221100120102019589,2023-08-20,Teresina,0.96055245,868075,,0,1,43,,,,,97405,24.4,28.91,34.17,2.6,75.71,61.0,24.16,1.2984365,42.0,24.56,1.0075452,57.0,24.63,1.5132741,35.0,24.61,0.9861028,52.0,24.4375,3.8918202981106265,-0.2353140869344652,0.13062018241706408,-0.16862271243579263,0.30830135965451655,19,28.24,27.84,28.7,28.2,14.5,18.8,1.1,40.7,82.57,83.71,77.14,84.14,65.0,97.0,85.0,96.0
2010-05-23,201021,65.0,65,65,65,0.8693219,7.487832,0,1,221100120102119589,2023-08-20,Teresina,1.2296572,868075,,0,1,54,,,,,97405,25.06,29.56,35.14,2.2,74.0,48.0,24.4,0.96055245,61.0,24.16,1.2984365,42.0,24.56,1.0075452,57.0,24.63,1.5132741,54.0,24.545,4.189654742026425,0.2978344439157987,0.06252035698133351,0.4284546263328628,0.1292117314800061,20,28.91,28.24,27.84,28.7,2.6,14.5,18.8,1.1,75.71,82.57,83.71,77.14,97.0,85.0,96.0,131.0
2010-05-30,201022,97.0,97,97,97,0.9993449,11.1741495,0,1,221100120102219589,2023-08-20,Teresina,1.689906,868075,,1,1,83,,,,,97405,24.09,27.66,32.01,28.4,79.29,65.0,25.06,1.2296572,48.0,24.4,0.96055245,61.0,24.16,1.2984365,42.0,24.56,1.0075452,67.75,24.427500000000002,4.584967478670572,0.3953127366441471,0.6931471805599458,0.45783309362548064,0.8237673629770099,21,29.56,28.91,28.24,27.84,2.2,2.6,14.5,18.8,74.0,75.71,82.57,83.71,85.0,96.0,131.0,168.0
2010-06-06,201023,85.0,85,85,85,0.9007827,9.79178,0,1,221100120102319589,2023-08-20,Teresina,1.230217,868075,,0,1,76,,,,,97405,23.49,28.47,33.89,0.3,67.86,97.0,24.09,1.689906,65.0,25.06,1.2296572,48.0,24.4,0.96055245,61.0,24.16,1.2984365,73.75,24.26,4.454347296253507,-0.13062018241706497,0.26469255422708216,0.5625269981428809,0.32721291120841567,22,27.66,29.56,28.91,28.24,28.4,2.2,2.6,14.5,79.29,74.0,75.71,82.57,96.0,131.0,168.0,153.0
2010-06-13,201024,96.0,96,96,96,0.8342166,11.058952,0,1,221100120102419589,2023-08-20,Teresina,1.1560171,868075,,0,1,85,,,,,97405,24.37,28.56,33.03,23.8,64.86,85.0,23.49,1.230217,97.0,24.09,1.689906,65.0,25.06,1.2296572,48.0,24.4,0.96055245,85.75,24.252499999999998,4.574710978503383,0.12036368224987548,-0.010256500167189486,0.38505623647695764,0.6828906803927564,23,28.47,27.66,29.56,28.91,0.3,28.4,2.2,2.6,67.86,79.29,74.0,75.71,131.0,168.0,153.0,149.0
2010-06-20,201025,131.0,131,131,131,0.9961681,15.090862,0,1,221100120102519589,2023-08-20,Teresina,1.4330467,868075,,1,2,116,,,,,97405,23.27,28.09,33.64,0.2,64.0,96.0,24.37,1.1560171,85.0,23.49,1.230217,97.0,24.09,1.689906,65.0,25.06,1.2296572,102.25,23.805,4.882801922586371,0.30809094408298776,0.42845462633286324,0.2978344439157983,0.6931471805599454,24,28.56,28.47,27.66,29.56,23.8,0.3,28.4,2.2,64.86,67.86,79.29,74.0,168.0,153.0,149.0,143.0
2010-06-27,201026,168.0,168,168,168,0.99993455,19.353167,0,4,221100120102619589,2023-08-20,Teresina,1.5974696,868075,,1,2,149,,,,,97405,24.0,28.47,33.71,0.0,55.43,131.0,23.27,1.4330467,96.0,24.37,1.1560171,85.0,23.49,1.230217,97.0,24.09,1.689906,120.0,23.7825,5.1298987149230735,0.2470967923367029,0.5551877364196907,0.6755514186695661,0.5449312362525012,25,28.09,28.56,28.47,27.66,0.2,23.8,0.3,28.4,64.0,64.86,67.86,79.29,153.0,149.0,143.0,94.0
2010-07-04,201027,153.0,153,153,153,0.9200465,17.625206,0,4,221100120102719589,2023-08-20,Teresina,1.1821041,868075,,0,2,136,,,,,97405,23.71,28.6,33.74,0.5,58.57,168.0,24.0,1.5974696,131.0,23.27,1.4330467,96.0,24.37,1.1560171,85.0,23.49,1.230217,137.0,23.8375,5.0369526024136295,-0.09294611250944396,0.15415067982725894,0.4622416239102467,0.5826053061601222,26,28.47,28.09,28.56,28.47,0.0,0.2,23.8,0.3,55.43,64.0,64.86,67.86,149.0,143.0,94.0,131.0
2010-07-11,201028,149.0,149,149,149,0.4916845,17.164415,0,4,221100120102819589,2023-08-20,Teresina,0.9975926,868075,,0,2,132,,,,,97405,24.37,29.36,34.3,1.7,59.14,153.0,23.71,1.1821041,168.0,24.0,1.5974696,131.0,23.27,1.4330467,96.0,24.37,1.1560171,150.25,23.8375,5.0106352940962555,-0.026317308317374,-0.11926342082681796,0.12783337150988494,0.4359243155928727,27,28.6,28.47,28.09,28.56,0.5,0.0,0.2,23.8,58.57,55.43,64.0,64.86,143.0,94.0,131.0,109.0
2010-07-18,201029,143.0,143,143,143,0.28075844,16.47323,0,4,221100120102919589,2023-08-20,Teresina,0.9348031,868075,,0,2,128,,,,,97405,23.64,28.77,34.26,1.7,56.14,149.0,24.37,0.9975926,153.0,23.71,1.1821041,168.0,24.0,1.5974696,131.0,23.27,1.4330467,153.25,23.93,4.969813299576001,-0.04082199452025481,-0.06713930283762881,-0.16008541534707277,0.08701137698963013,28,29.36,28.6,28.47,28.09,1.7,0.5,0.0,0.2,59.14,58.57,55.43,64.0,94.0,131.0,109.0,81.0
2010-07-25,201030,94.0,94,94,94,0.00038336572,10.828557,0,1,221100120103019589,2023-08-20,Teresina,0.64469707,868075,,0,1,82,,,,,97405,24.79,29.53,34.87,0.0,46.57,143.0,23.64,0.9348031,149.0,24.37,0.9975926,153.0,23.71,1.1821041,168.0,24.0,1.5974696,134.75,24.127499999999998,4.553876891600541,-0.41593640797545994,-0.45675840249571475,-0.48307571081308875,-0.5760218233225327,29,28.77,29.36,28.6,28.47,1.7,1.7,0.5,0.0,56.14,59.14,58.57,55.43,131.0,109.0,81.0,70.0
2010-08-01,201031,131.0,131,131,131,0.47676897,15.090862,0,1,221100120103119589,2023-08-20,Teresina,0.9928508,868075,,0,2,119,,,,,97405,23.77,28.96,34.63,0.4,49.86,94.0,24.79,0.64469707,143.0,23.64,0.9348031,149.0,24.37,0.9975926,153.0,23.71,1.1821041,129.25,24.142500000000002,4.882801922586371,0.3289250309858298,-0.08701137698963013,-0.12783337150988494,-0.15415067982725894,30,29.53,28.77,29.36,28.6,0.0,1.7,1.7,0.5,46.57,56.14,59.14,58.57,109.0,81.0,70.0,100.0
2010-08-08,201032,109.0,109,109,109,0.26546067,12.556519,0,1,221100120103219589,2023-08-20,Teresina,0.92036736,868075,,0,1,98,,,,,97405,23.13,28.9,34.97,0.0,47.0,131.0,23.77,0.9928508,94.0,24.79,0.64469707,143.0,23.64,0.9348031,149.0,24.37,0.9975926,119.25,23.8325,4.700480365792417,-0.182321556793954,0.1466034741918758,-0.26933293378358414,-0.31015492830383895,31,28.96,29.53,28.77,29.36,0.4,0.0,1.7,1.7,49.86,46.57,56.14,59.14,81.0,70.0,100.0,88.0
2010-08-15,201033,81.0,81,81,81,0.008554674,9.330991,0,1,221100120103319589,2023-08-20,Teresina,0.709552,868075,,0,1,72,,,,,97405,23.63,29.14,35.0,0.3,50.86,109.0,23.13,0.92036736,131.0,23.77,0.9928508,94.0,24.79,0.64469707,143.0,23.64,0.9348031,103.75,23.83,4.406719247264253,-0.2937611185281632,-0.47608267532211723,-0.14715764433628742,-0.5630940523117474,32,28.9,28.96,29.53,28.77,0.0,0.4,0.0,1.7,47.0,49.86,46.57,56.14,70.0,100.0,88.0,90.0
2010-08-22,201034,70.0,70,70,70,0.004497431,8.063819,0,1,221100120103419589,2023-08-20,Teresina,0.6711992,868075,,0,1,63,,,,,97405,24.79,30.5,36.21,0.0,48.86,81.0,23.63,0.709552,109.0,23.13,0.92036736,131.0,23.77,0.9928508,94.0,24.79,0.64469707,97.75,23.830000000000002,4.2626798770413155,-0.1440393702229379,-0.4378004887511011,-0.6201220455450551,-0.2911970145592253,33,29.14,28.9,28.96,29.53,0.3,0.0,0.4,0.0,50.86,47.0,49.86,46.57,100.0,88.0,90.0,91.0
2010-08-29,201035,100.0,100,100,100,0.79873085,11.519742,0,1,221100120103519589,2023-08-20,Teresina,1.1294974,868075,,0,1,91,,,,,97405,24.81,30.23,35.81,0.0,47.57,70.0,24.79,0.6711992,81.0,23.63,0.709552,109.0,23.13,0.92036736,131.0,23.77,0.9928508,90.0,24.089999999999996,4.61512051684126,0.3524406397999442,0.20840126957700633,-0.08535984895115689,-0.2676814057451109,34,30.5,29.14,28.9,28.96,0.0,0.3,0.0,0.4,48.86,50.86,47.0,49.86,88.0,90.0,91.0,79.0
2010-09-05,201036,88.0,88,88,88,0.65063536,10.137373,0,1,221100120103619589,2023-08-20,Teresina,1.0608513,868075,,0,1,80,,,,,97405,24.06,30.29,36.51,0.0,46.0,100.0,24.81,1.1294974,70.0,24.79,0.6711992,81.0,23.63,0.709552,109.0,23.13,0.92036736,84.75,24.322499999999998,4.48863636973214,-0.12648414710912004,0.22595649269082418,0.0819171224678863,-0.21184399606027693,35,30.23,30.5,29.14,28.9,0.0,0.0,0.3,0.0,47.57,48.86,50.86,47.0,90.0,91.0,79.0,47.0
2010-09-12,201037,90.0,90,90,90,0.5639265,10.367767,0,1,221100120103719589,2023-08-20,Teresina,1.0243709,868075,,0,1,78,,,,,97405,25.1,31.13,37.24,0.0,44.43,88.0,24.06,1.0608513,100.0,24.81,1.1294974,70.0,24.79,0.6711992,81.0,23.63,0.709552,87.0,24.69,4.51085950651685,0.022223136784710107,-0.10426101032440993,0.2481796294755343,0.1041402592525964,36,30.29,30.23,30.5,29.14,0.0,0.0,0.0,0.3,46.0,47.57,48.86,50.86,91.0,79.0,47.0,44.0
2010-09-19,201038,91.0,91,91,91,0.52530533,10.482965,0,1,221100120103819589,2023-08-20,Teresina,1.0094548,868075,,0,1,83,,,,,97405,25.07,31.2,37.29,0.0,40.71,90.0,25.1,1.0243709,88.0,24.06,1.0608513,100.0,24.81,1.1294974,70.0,24.79,0.6711992,92.25,24.759999999999998,4.5217885770490405,0.010929070532190721,0.03315220731690083,-0.09333193979221921,0.259108700007725,37,31.13,30.29,30.23,30.5,0.0,0.0,0.0,0.0,44.43,46.0,47.57,48.86,79.0,47.0,44.0,41.0
2010-09-26,201039,79.0,79,79,79,0.2150811,9.100596,0,1,221100120103919589,2023-08-20,Teresina,0.8856186,868075,,0,1,70,,,,,97405,25.14,31.57,38.14,0.0,49.29,91.0,25.07,1.0094548,90.0,25.1,1.0243709,88.0,24.06,1.0608513,100.0,24.81,1.1294974,87.0,24.842499999999998,4.382026634673881,-0.13976194237515926,-0.12883287184296854,-0.10660973505825844,-0.23309388216737847,38,31.2,31.13,30.29,30.23,0.0,0.0,0.0,0.0,40.71,44.43,46.0,47.57,47.0,44.0,41.0,29.0
2010-10-03,201040,47.0,47,47,47,0.0004231233,5.4142785,0,1,221100120104019589,2023-08-20,Teresina,0.5533431,868075,,0,1,39,,,,,97405,24.73,31.77,39.41,0.0,50.86,79.0,25.14,0.8856186,91.0,25.07,1.0094548,90.0,25.1,1.0243709,88.0,24.06,1.0608513,76.75,25.01,3.871201010907891,-0.5108256237659901,-0.6505875661411493,-0.6396584956089586,-0.6174353588242485,39,31.57,31.2,31.13,30.29,0.0,0.0,0.0,0.0,49.29,40.71,44.43,46.0,44.0,41.0,29.0,47.0
2010-10-10,201041,44.0,44,44,44,0.0038205378,5.0686865,0,1,221100120104119589,2023-08-20,Teresina,0.60650605,868075,,0,1,44,,,,,97405,25.21,31.73,38.81,0.2,49.86,47.0,24.73,0.5533431,79.0,25.14,0.8856186,91.0,25.07,1.0094548,90.0,25.1,1.0243709,65.25,25.0375,3.8066624897703196,-0.06453852113757153,-0.5753641449035616,-0.7151260872787208,-0.7041970167465301,40,31.77,31.57,31.2,31.13,0.0,0.0,0.0,0.0,50.86,49.29,40.71,44.43,41.0,29.0,47.0,40.0
2010-10-17,201042,41.0,41,41,41,0.062089007,4.723094,0,1,221100120104219589,2023-08-20,Teresina,0.731486,868075,,0,1,36,,,,,97405,25.61,30.37,35.96,19.3,61.14,44.0,25.21,0.60650605,47.0,24.73,0.5533431,79.0,25.14,0.8856186,91.0,25.07,1.0094548,52.75,25.1725,3.7376696182833684,-0.06899287148695121,-0.13353139262452274,-0.6443570163905128,-0.7841189587656721,41,31.73,31.77,31.57,31.2,0.2,0.0,0.0,0.0,49.86,50.86,49.29,40.71,29.0,47.0,40.0,41.0
2010-10-24,201043,29.0,29,29,29,0.029519057,3.3407252,0,1,221100120104319589,2023-08-20,Teresina,0.64310986,868075,,0,1,28,,,,,97405,24.9,29.44,35.27,22.6,69.29,41.0,25.61,0.731486,44.0,25.21,0.60650605,47.0,24.73,0.5533431,79.0,25.14,0.8856186,40.25,25.1125,3.4011973816621555,-0.33647223662121295,-0.40546510810816416,-0.4700036292457357,-0.9808292530117257,42,30.37,31.73,31.77,31.57,19.3,0.2,0.0,0.0,61.14,49.86,50.86,49.29,47.0,40.0,41.0,39.0
2010-10-31,201044,47.0,47,47,47,0.7926246,5.4142785,0,1,221100120104419589,2023-08-20,Teresina,1.1911377,868075,,0,1,46,,,,,97405,25.04,30.99,37.33,0.0,54.71,29.0,24.9,0.64310986,41.0,25.61,0.731486,44.0,25.21,0.60650605,47.0,24.73,0.5533431,40.25,25.189999999999998,3.871201010907891,0.4700036292457357,0.13353139262452274,0.06453852113757153,0.0,43,29.44,30.37,31.73,31.77,22.6,19.3,0.2,0.0,69.29,61.14,49.86,50.86,40.0,41.0,39.0,45.0
2010-11-07,201045,40.0,40,40,40,0.6071762,4.607897,0,1,221100120104519589,2023-08-20,Teresina,1.0633491,868075,,0,1,40,,,,,97405,25.91,31.8,38.33,0.3,50.29,47.0,25.04,1.1911377,29.0,24.9,0.64310986,41.0,25.61,0.731486,44.0,25.21,0.60650605,39.25,25.365,3.713572066704308,-0.1576289442035832,0.3123746850421525,-0.02409755157906046,-0.09309042306601167,44,30.99,29.44,30.37,31.73,0.0,22.6,19.3,0.2,54.71,69.29,61.14,49.86,41.0,39.0,45.0,33.0
2010-11-14,201046,41.0,41,41,41,0.5411251,4.723094,0,1,221100120104619589,2023-08-20,Teresina,1.0230833,868075,,0,1,36,,,,,97405,25.11,29.81,35.53,8.4,65.71,40.0,25.91,1.0633491,47.0,25.04,1.1911377,29.0,24.9,0.64310986,41.0,25.61,0.731486,39.25,25.24,3.7376696182833684,0.02409755157906046,-0.13353139262452274,0.33647223662121295,0.0,45,31.8,30.99,29.44,30.37,0.3,0.0,22.6,19.3,50.29,54.71,69.29,61.14,39.0,45.0,33.0,30.0
2010-11-21,201047,39.0,39,39,39,0.4063259,4.492699,0,1,221100120104719589,2023-08-20,Teresina,0.94867045,868075,,0,1,28,,,,,97405,25.49,30.6,36.59,2.0,59.43,41.0,25.11,1.0230833,40.0,25.91,1.0633491,47.0,25.04,1.1911377,29.0,24.9,0.64310986,41.75,25.3875,3.6888794541139363,-0.04879016416943216,-0.0246926125903717,-0.1823215567939549,0.2876820724517808,46,29.81,31.8,30.99,29.44,8.4,0.3,0.0,22.6,65.71,50.29,54.71,69.29,45.0,33.0,30.0,44.0
2010-11-28,201048,45.0,45,45,45,0.68472415,5.1838837,0,1,221100120104819589,2023-08-20,Teresina,1.1090965,868075,,0,1,39,,,,,97405,25.8,30.94,36.61,2.0,57.14,39.0,25.49,0.94867045,41.0,25.11,1.0230833,40.0,25.91,1.0633491,47.0,25.04,1.1911377,41.25,25.577499999999997,3.828641396489095,0.13976194237515882,0.09097177820572666,0.11506932978478712,-0.04255961441879608,47,30.6,29.81,31.8,30.99,2.0,8.4,0.3,0.0,59.43,65.71,50.29,54.71,33.0,30.0,44.0,25.0
2010-12-05,201049,33.0,33,33,33,0.18861371,3.8015149,0,1,221100120104919589,2023-08-20,Teresina,0.81437624,868075,,0,1,27,,,,,97405,25.81,29.81,35.47,14.5,66.43,45.0,25.8,1.1090965,39.0,25.49,0.94867045,41.0,25.11,1.0230833,40.0,25.91,1.0633491,39.5,25.5525,3.5263605246161616,-0.3022808718729335,-0.1625189294977747,-0.21130909366720685,-0.1872115420881464,48,30.94,30.6,29.81,31.8,2.0,2.0,8.4,0.3,57.14,59.43,65.71,50.29,30.0,44.0,25.0,60.0
2010-12-12,201050,30.0,30,30,30,0.12798397,3.4559226,0,1,221100120105019589,2023-08-20,Teresina,0.76159024,868075,,0,1,27,,,,,97405,23.67,26.17,29.63,98.3,86.86,33.0,25.81,0.81437624,45.0,25.8,1.1090965,39.0,25.49,0.94867045,41.0,25.11,1.0230833,36.75,25.1925,3.4339872044851463,-0.09237332013101529,-0.3946541920039488,-0.25489224962879,-0.30368241379822214,49,29.81,30.94,30.6,29.81,14.5,2.0,2.0,8.4,66.43,57.14,59.43,65.71,44.0,25.0,60.0,79.0
2010-12-19,201051,44.0,44,44,44,0.8164954,5.0686865,0,1,221100120105119589,2023-08-20,Teresina,1.2228582,868075,,0,1,40,,,,,97405,23.77,28.36,33.96,19.3,75.86,30.0,23.67,0.76159024,33.0,25.81,0.81437624,45.0,25.8,1.1090965,39.0,25.49,0.94867045,38.0,24.7625,3.8066624897703196,0.37267528528517335,0.28030196515415806,-0.02197890671877545,0.11778303565638337,50,26.17,29.81,30.94,30.6,98.3,14.5,2.0,2.0,86.86,66.43,57.14,59.43,25.0,60.0,79.0,86.0
2010-12-26,201052,25.0,25,25,25,0.10565483,2.8799355,0,1,221100120105219589,2023-08-20,Teresina,0.7234263,868075,,0,0,29,,,,,97405,24.09,28.51,33.71,4.3,74.86,44.0,23.77,1.2228582,30.0,23.67,0.76159024,33.0,25.81,0.81437624,45.0,25.8,1.1090965,33.0,24.335,3.258096538021482,-0.5485659517488375,-0.17589066646366414,-0.2682639865946794,-0.5705448584676129,51,28.36,26.17,29.81,30.94,19.3,98.3,14.5,2.0,75.86,86.86,66.43,57.14,60.0,79.0,86.0,154.0
2011-01-02,201101,60.0,60,60,60,0.99311537,6.911845,0,1,221100120110119589,2023-08-20,Teresina,1.6626153,868075,,1,1,54,,,,,97405,23.77,27.7,33.16,28.9,79.14,25.0,24.09,0.7234263,44.0,23.77,1.2228582,30.0,23.67,0.76159024,33.0,25.81,0.81437624,39.75,23.825,4.110873864173311,0.8527773261518292,0.30421137440299173,0.6768866596881651,0.5845133395571498,52,28.51,28.36,26.17,29.81,4.3,19.3,98.3,14.5,74.86,75.86,86.86,66.43,79.0,86.0,154.0,197.0
2011-01-09,201102,79.0,79,79,79,0.9997607,9.100596,0,1,221100120110219589,2023-08-20,Teresina,1.9186,868075,,1,1,72,,,,,97405,23.49,27.4,32.1,43.2,82.29,60.0,23.77,1.6626153,25.0,24.09,0.7234263,44.0,23.77,1.2228582,30.0,23.67,0.76159024,52.0,23.78,4.382026634673881,0.27115277050056985,1.123930096652399,0.5753641449035616,0.9480394301887349,1,27.7,28.51,28.36,26.17,28.9,4.3,19.3,98.3,79.14,74.86,75.86,86.86,86.0,154.0,197.0,218.0
2011-01-16,201103,86.0,86,86,86,0.99396944,9.906978,0,3,221100120110319589,2023-08-20,Teresina,1.528678,868075,,1,1,70,,,,,97405,23.5,26.84,31.56,70.4,83.43,79.0,23.49,1.9186,60.0,23.77,1.6626153,25.0,24.09,0.7234263,44.0,23.77,1.2228582,62.5,23.7125,4.465908118654584,0.0838814839807025,0.35503425448127235,1.2078115806331016,0.6592456288842641,2,27.4,27.7,28.51,28.36,43.2,28.9,4.3,19.3,82.29,79.14,74.86,75.86,154.0,197.0,218.0,158.0
2011-01-23,201104,154.0,154,154,154,0.9999999,17.740402,0,3,221100120110419589,2023-08-20,Teresina,2.0076234,868075,,1,2,124,,,,,97405,22.93,26.07,30.53,107.5,87.86,86.0,23.5,1.528678,79.0,23.49,1.9186,60.0,23.77,1.6626153,25.0,24.09,0.7234263,94.75,23.4225,5.043425116919247,0.5775169982646631,0.6613984822453656,0.9325512527459354,1.7853285788977646,3,26.84,27.4,27.7,28.51,70.4,43.2,28.9,4.3,83.43,82.29,79.14,74.86,197.0,218.0,158.0,141.0
2011-01-30,201105,197.0,197,197,197,0.99999994,22.693892,0,4,221100120110519589,2023-08-20,Teresina,1.8819146,868075,,1,2,159,,,,,97405,23.1,26.54,31.19,68.9,86.14,154.0,22.93,2.0076234,86.0,23.5,1.528678,79.0,23.49,1.9186,60.0,23.77,1.6626153,129.0,23.255000000000003,5.288267030694535,0.2448419137752884,0.8223589120399515,0.906240396020654,1.1773931665212238,4,26.07,26.84,27.4,27.7,107.5,70.4,43.2,28.9,87.86,83.43,82.29,79.14,218.0,158.0,141.0,105.0
2011-02-06,201106,218.0,218,218,218,0.9999209,25.113037,0,4,221100120110619589,2023-08-20,Teresina,1.4909096,868075,,1,2,176,,,,,97405,23.21,26.99,31.99,36.3,85.14,197.0,23.1,1.8819146,154.0,22.93,2.0076234,86.0,23.5,1.528678,79.0,23.49,1.9186,163.75,23.185,5.389071729816501,0.10080469912196577,0.3456466128972542,0.9231636111619173,1.0070450951426198,5,26.54,26.07,26.84,27.4,68.9,107.5,70.4,43.2,86.14,87.86,83.43,82.29,158.0,141.0,105.0,131.0
2011-02-13,201107,158.0,158,158,158,0.094947,18.201193,0,4,221100120110719589,2023-08-20,Teresina,0.8674802,868075,,0,2,123,,,,,97405,23.07,25.79,29.83,104.6,89.57,218.0,23.21,1.4909096,197.0,23.1,1.8819146,154.0,22.93,2.0076234,86.0,23.5,1.528678,181.75,23.0775,5.0689042022202315,-0.32016752759626943,-0.21936282847430366,0.02547908530098475,0.6029960835656478,6,26.99,26.54,26.07,26.84,36.3,68.9,107.5,70.4,85.14,86.14,87.86,83.43,141.0,105.0,131.0,211.0
2011-02-20,201108,141.0,141,141,141,0.00390656,16.242836,0,4,221100120110819589,2023-08-20,Teresina,0.74528974,868075,,0,2,115,,,,,97405,23.37,26.66,31.39,135.6,87.14,158.0,23.07,0.8674802,218.0,23.21,1.4909096,197.0,23.1,1.8819146,154.0,22.93,2.0076234,178.5,23.1875,4.955827057601261,-0.11307714461897067,-0.4332446722152401,-0.33243997309327433,-0.08759805931798592,7,25.79,26.99,26.54,26.07,104.6,36.3,68.9,107.5,89.57,85.14,86.14,87.86,105.0,131.0,211.0,226.0
2011-02-27,201109,105.0,105,105,105,7.9575206e-05,12.095729,0,1,221100120110919589,2023-08-20,Teresina,0.6291201,868075,,0,1,92,,,,,97405,23.14,25.96,30.36,112.3,89.29,141.0,23.37,0.74528974,158.0,23.07,0.8674802,218.0,23.21,1.4909096,197.0,23.1,1.8819146,155.5,23.1975,4.663439094112067,-0.29238796348919394,-0.4054651081081646,-0.725632635704434,-0.6248279365824683,8,26.66,25.79,26.99,26.54,135.6,104.6,36.3,68.9,87.14,89.57,85.14,86.14,131.0,211.0,226.0,256.0
2011-03-06,201110,131.0,131,131,131,0.2997233,15.090862,0,1,221100120111019589,2023-08-20,Teresina,0.9382219,868075,,0,2,124,,,,,97405,23.4,26.86,31.84,68.3,85.57,105.0,23.14,0.6291201,141.0,23.37,0.74528974,158.0,23.07,0.8674802,218.0,23.21,1.4909096,133.75,23.245,4.882801922586371,0.21936282847430366,-0.07302513501489027,-0.18610227963386095,-0.5062698072301304,9,25.96,26.66,25.79,26.99,112.3,135.6,104.6,36.3,89.29,87.14,89.57,85.14,211.0,226.0,256.0,255.0
2011-03-13,201111,211.0,211,211,211,0.9999966,24.306656,0,4,221100120111119589,2023-08-20,Teresina,1.6404865,868075,,1,2,204,,,,,97405,23.11,26.6,31.37,41.7,86.29,131.0,23.4,0.9382219,105.0,23.14,0.6291201,141.0,23.37,0.74528974,158.0,23.07,0.8674802,147.0,23.255,5.356586274672012,0.47378435208564174,0.6931471805599454,0.40075921707075146,0.2876820724517808,10,26.86,25.96,26.66,25.79,68.3,112.3,135.6,104.6,85.57,89.29,87.14,89.57,226.0,256.0,255.0,229.0
2011-03-20,201112,226.0,226,226,226,0.9999655,26.034616,0,4,221100120111219589,2023-08-20,Teresina,1.5140494,868075,,1,2,212,,,,,97405,23.09,27.23,32.24,99.2,84.43,211.0,23.11,1.6404865,131.0,23.4,0.9382219,105.0,23.14,0.6291201,141.0,23.37,0.74528974,168.25,23.185000000000002,5.424950017481403,0.06836374280939062,0.5421480948950324,0.761510923369336,0.4691229598801421,11,26.6,26.86,25.96,26.66,41.7,68.3,112.3,135.6,86.29,85.57,89.29,87.14,256.0,255.0,229.0,205.0
2011-03-27,201113,256.0,256,256,256,0.99902654,29.49054,0,4,221100120111319589,2023-08-20,Teresina,1.3424405,868075,,1,2,231,,,,,97405,23.59,27.04,31.83,51.6,85.43,226.0,23.09,1.5140494,211.0,23.11,1.6404865,131.0,23.4,0.9382219,105.0,23.14,0.6291201,206.0,23.2975,5.54907608489522,0.12412606741381715,0.19248981022320777,0.6662741623088495,0.8856369907831532,12,27.23,26.6,26.86,25.96,99.2,41.7,68.3,112.3,84.43,86.29,85.57,89.29,255.0,229.0,205.0,264.0
2011-04-03,201114,255.0,255,255,255,0.9185202,29.375341,0,4,221100120111419589,2023-08-20,Teresina,1.1359271,868075,,0,2,226,,,,,97405,23.51,27.47,32.66,38.5,84.43,256.0,23.59,1.3424405,226.0,23.09,1.5140494,211.0,23.11,1.6404865,131.0,23.4,0.9382219,237.0,23.325,5.545177444479562,-0.0038986404156577947,0.12022742699815936,0.18859116980754997,0.6623755218931917,13,27.04,27.23,26.6,26.86,51.6,99.2,41.7,68.3,85.43,84.43,86.29,85.57,229.0,205.0,264.0,263.0
2011-04-10,201115,229.0,229,229,229,0.26140296,26.380209,0,4,221100120111519589,2023-08-20,Teresina,0.942899,868075,,0,2,195,,,,,97405,23.09,26.17,31.19,128.6,89.29,255.0,23.51,1.1359271,256.0,23.59,1.3424405,226.0,23.09,1.5140494,211.0,23.11,1.6404865,241.5,23.32,5.438079308923196,-0.10709813555636671,-0.11099677597202451,0.013129291441792645,0.08149303425118326,14,27.47,27.04,27.23,26.6,38.5,51.6,99.2,41.7,84.43,85.43,84.43,86.29,205.0,264.0,263.0,312.0
2011-04-17,201116,205.0,205,205,205,0.034985494,23.61547,0,4,221100120111619589,2023-08-20,Teresina,0.84255004,868075,,0,2,179,,,,,97405,23.1,26.21,30.11,76.4,90.14,229.0,23.09,0.942899,255.0,23.51,1.1359271,256.0,23.59,1.3424405,226.0,23.09,1.5140494,236.25,23.322499999999998,5.327876168789581,-0.11020314013361432,-0.21730127568998103,-0.22119991610563883,-0.09707384869182167,15,26.17,27.47,27.04,27.23,128.6,38.5,51.6,99.2,89.29,84.43,85.43,84.43,264.0,263.0,312.0,254.0
2011-04-24,201117,264.0,264,264,264,0.9263664,30.412119,0,4,221100120111719589,2023-08-20,Teresina,1.139062,868075,,0,2,225,,,,,97405,23.13,26.36,30.44,31.6,87.86,205.0,23.1,0.84255004,229.0,23.09,0.942899,255.0,23.51,1.1359271,256.0,23.59,1.3424405,238.25,23.207500000000003,5.579729825986222,0.25185365719664077,0.14165051706302645,0.034552381506659735,0.03065374109100194,16,26.21,26.17,27.47,27.04,76.4,128.6,38.5,51.6,90.14,89.29,84.43,85.43,263.0,312.0,254.0,233.0
2011-05-01,201118,263.0,263,263,263,0.93034965,30.29692,0,4,221100120111819589,2023-08-20,Teresina,1.1424493,868075,,0,2,219,,,,,97405,23.8,26.81,30.97,71.3,89.0,264.0,23.13,1.139062,205.0,23.1,0.84255004,229.0,23.09,0.942899,255.0,23.51,1.1359271,240.25,23.28,5.575949103146316,-0.0037807228399060477,0.24807293435673472,0.1378697942231204,0.030771658666753687,17,26.36,26.21,26.17,27.47,31.6,76.4,128.6,38.5,87.86,90.14,89.29,84.43,312.0,254.0,233.0,245.0
2011-05-08,201119,312.0,312,312,312,0.9961789,35.941593,0,4,221100120111919589,2023-08-20,Teresina,1.2533296,868075,,1,2,286,,,,,97405,24.01,27.6,31.96,10.8,79.43,263.0,23.8,1.1424493,264.0,23.13,1.139062,205.0,23.1,0.84255004,229.0,23.09,0.942899,261.0,23.509999999999998,5.746203190540153,0.17025408739383696,0.1664733645539309,0.4183270217505717,0.30812388161695736,18,26.81,26.36,26.21,26.17,71.3,31.6,76.4,128.6,89.0,87.86,90.14,89.29,254.0,233.0,245.0,265.0
2011-05-15,201120,254.0,254,254,254,0.24037579,29.260145,0,4,221100120112019589,2023-08-20,Teresina,0.9402942,868075,,0,2,231,,,,,97405,23.56,26.79,30.76,48.8,86.14,312.0,24.01,1.2533296,263.0,23.8,1.1424493,264.0,23.13,1.139062,205.0,23.1,0.84255004,273.25,23.625,5.541263545158426,-0.20493964538172715,-0.03468555798789019,-0.03846628082779624,0.21338737636884453,19,27.6,26.81,26.36,26.21,10.8,71.3,31.6,76.4,79.43,89.0,87.86,90.14,233.0,245.0,265.0,246.0
2011-05-22,201121,233.0,233,233,233,0.024667636,26.841,0,4,221100120112119589,2023-08-20,Teresina,0.8401182,868075,,0,2,210,,,,,97405,23.76,27.31,31.5,3.1,76.71,254.0,23.56,0.9402942,312.0,24.01,1.2533296,263.0,23.8,1.1424493,264.0,23.13,1.139062,265.5,23.782500000000002,5.455321115357702,-0.08594242980072408,-0.29088207518245124,-0.12062798778861428,-0.12440871062852032,20,26.79,27.6,26.81,26.36,48.8,10.8,71.3,31.6,86.14,79.43,89.0,87.86,245.0,265.0,246.0,191.0
2011-05-29,201122,245.0,245,245,245,0.22714527,28.223368,0,4,221100120112219589,2023-08-20,Teresina,0.93571955,868075,,0,2,227,,,,,97405,23.33,27.33,32.09,0.0,70.43,233.0,23.76,0.8401182,254.0,23.56,0.9402942,312.0,24.01,1.2533296,263.0,23.8,1.1424493,261.0,23.665,5.5053315359323625,0.05001042057466076,-0.03593200922606332,-0.24087165460779048,-0.07061756721395351,21,27.31,26.79,27.6,26.81,3.1,48.8,10.8,71.3,76.71,86.14,79.43,89.0,265.0,246.0,191.0,175.0
2011-06-05,201123,265.0,265,265,265,0.7992641,30.527317,0,4,221100120112319589,2023-08-20,Teresina,1.0770128,868075,,0,2,252,,,,,97405,23.29,28.03,33.34,0.0,71.57,245.0,23.33,0.93571955,233.0,23.76,0.8401182,254.0,23.56,0.9402942,312.0,24.01,1.2533296,249.25,23.485,5.583496308781699,0.07816477284933665,0.1281751934239974,0.04223276362327333,-0.16270688175845383,22,27.33,27.31,26.79,27.6,0.0,3.1,48.8,10.8,70.43,76.71,86.14,79.43,246.0,191.0,175.0,162.0
2011-06-12,201124,246.0,246,246,246,0.48819935,28.338566,0,4,221100120112419589,2023-08-20,Teresina,0.9973401,868075,,0,2,234,,,,,97405,23.76,27.96,32.91,1.3,64.43,265.0,23.29,1.0770128,245.0,23.33,0.93571955,233.0,23.76,0.8401182,254.0,23.56,0.9402942,247.25,23.535,5.5093883366279774,-0.07410797215372167,0.004056800695614982,0.054067221270275745,-0.03187520853044834,23,28.03,27.33,27.31,26.79,0.0,0.0,3.1,48.8,71.57,70.43,76.71,86.14,191.0,175.0,162.0,146.0
2011-06-19,201125,191.0,191,191,191,0.0029504742,22.002707,0,4,221100120112519589,2023-08-20,Teresina,0.76834166,868075,,0,2,185,,,,,97405,24.0,28.01,32.94,8.2,71.71,246.0,23.76,0.9973401,265.0,23.29,1.0770128,245.0,23.33,0.93571955,233.0,23.76,0.8401182,236.75,23.595,5.2574953720277815,-0.25189296460019595,-0.3260009367539176,-0.24783616390458096,-0.1978257433299202,24,27.96,28.03,27.33,27.31,1.3,0.0,0.0,3.1,64.43,71.57,70.43,76.71,175.0,162.0,146.0,120.0
2011-06-26,201126,175.0,175,175,175,0.0022329208,20.159548,0,4,221100120112619589,2023-08-20,Teresina,0.7535901,868075,,0,2,162,,,,,97405,23.41,28.06,33.73,0.9,67.71,191.0,24.0,0.76834166,246.0,23.76,0.9973401,265.0,23.29,1.0770128,245.0,23.33,0.93571955,219.25,23.615000000000002,5.170483995038151,-0.08701137698963013,-0.3389043415898261,-0.41301231374354774,-0.3348475408942111,25,28.01,27.96,28.03,27.33,8.2,1.3,0.0,0.0,71.71,64.43,71.57,70.43,162.0,146.0,120.0,91.0
2011-07-03,201127,162.0,162,162,162,0.017300654,18.661982,0,4,221100120112719589,2023-08-20,Teresina,0.8010318,868075,,0,2,151,,,,,97405,23.31,27.66,32.94,31.3,74.71,175.0,23.41,0.7535901,191.0,24.0,0.76834166,246.0,23.76,0.9973401,265.0,23.29,1.0770128,193.5,23.62,5.093750200806762,-0.07673379423138904,-0.16374517122101917,-0.4156381358212151,-0.4897461079749368,26,28.06,28.01,27.96,28.03,0.9,8.2,1.3,0.0,67.71,71.71,64.43,71.57,146.0,120.0,91.0,90.0
2011-07-10,201128,146.0,146,146,146,0.03916553,16.818823,0,4,221100120112819589,2023-08-20,Teresina,0.82206005,868075,,0,2,137,,,,,97405,23.16,27.3,32.09,1.1,68.57,162.0,23.31,0.8010318,175.0,23.41,0.7535901,191.0,24.0,0.76834166,246.0,23.76,0.9973401,168.5,23.47,4.990432586778736,-0.1033176140280263,-0.18005140825941535,-0.2670627852490455,-0.5189557498492414,27,27.66,28.06,28.01,27.96,31.3,0.9,8.2,1.3,74.71,67.71,71.71,64.43,120.0,91.0,90.0,99.0
2011-07-17,201129,120.0,120,120,120,0.007968747,13.82369,0,1,221100120112919589,2023-08-20,Teresina,0.7489771,868075,,0,1,113,,,,,97405,23.09,28.06,33.66,0.0,62.0,146.0,23.16,0.82206005,162.0,23.31,0.8010318,175.0,23.41,0.7535901,191.0,24.0,0.76834166,150.75,23.2425,4.795790545596741,-0.19464204118199468,-0.297959655210021,-0.37469344944141003,-0.46170482643104016,28,27.3,27.66,28.06,28.01,1.1,31.3,0.9,8.2,68.57,74.71,67.71,71.71,91.0,90.0,99.0,74.0
2011-07-24,201130,91.0,91,91,91,0.00041227345,10.482965,0,1,221100120113019589,2023-08-20,Teresina,0.6420989,868075,,0,1,80,,,,,97405,23.46,28.09,33.63,0.0,52.43,120.0,23.09,0.7489771,146.0,23.16,0.82206005,162.0,23.31,0.8010318,175.0,23.41,0.7535901,129.75,23.255000000000003,4.5217885770490405,-0.27400196854770087,-0.46864400972969555,-0.5719616237577219,-0.6486954179891109,29,28.06,27.3,27.66,28.06,0.0,1.1,31.3,0.9,62.0,68.57,74.71,67.71,90.0,99.0,74.0,97.0
2011-07-31,201131,90.0,90,90,90,0.019995574,10.367767,0,1,221100120113119589,2023-08-20,Teresina,0.75233626,868075,,0,1,86,,,,,97405,23.69,28.94,34.96,3.1,62.86,91.0,23.46,0.6420989,120.0,23.09,0.7489771,146.0,23.16,0.82206005,162.0,23.31,0.8010318,111.75,23.35,4.51085950651685,-0.010929070532190721,-0.2849310390798916,-0.4795730802618863,-0.5828906942899126,30,28.09,28.06,27.3,27.66,0.0,0.0,1.1,31.3,52.43,62.0,68.57,74.71,99.0,74.0,97.0,97.0
2011-08-07,201132,99.0,99,99,99,0.44122908,11.404545,0,1,221100120113219589,2023-08-20,Teresina,0.9793539,868075,,0,1,88,,,,,97405,22.46,28.27,34.7,4.2,57.43,90.0,23.69,0.75233626,91.0,23.46,0.6420989,120.0,23.09,0.7489771,146.0,23.16,0.82206005,100.0,23.175000000000004,4.605170185988092,0.09431067947124205,0.08338160893905133,-0.19062035960864954,-0.3852624007906442,31,28.94,28.09,28.06,27.3,3.1,0.0,0.0,1.1,62.86,52.43,62.0,68.57,74.0,97.0,97.0,92.0
2011-08-14,201133,74.0,74,74,74,0.06981048,8.524609,0,1,221100120113319589,2023-08-20,Teresina,0.7955066,868075,,0,1,52,,,,,97405,23.34,29.17,35.29,0.2,52.71,99.0,22.46,0.9793539,90.0,23.69,0.75233626,91.0,23.46,0.6420989,120.0,23.09,0.7489771,88.5,23.2375,4.31748811353631,-0.2876820724517817,-0.19337139298053962,-0.20430046351273035,-0.4783024320604312,32,28.27,28.94,28.09,28.06,4.2,3.1,0.0,0.0,57.43,62.86,52.43,62.0,97.0,97.0,92.0,79.0
2011-08-21,201134,97.0,97,97,97,0.69917566,11.1741495,0,1,221100120113419589,2023-08-20,Teresina,1.0792121,868075,,0,1,77,,,,,97405,24.43,29.53,34.96,0.0,54.29,74.0,23.34,0.7955066,99.0,22.46,0.9793539,90.0,23.69,0.75233626,91.0,23.46,0.6420989,90.0,23.48,4.584967478670572,0.2674793651342622,-0.020202707317519497,0.07410797215372256,0.06317890162153184,33,29.17,28.27,28.94,28.09,0.2,4.2,3.1,0.0,52.71,57.43,62.86,52.43,97.0,92.0,79.0,71.0
2011-08-28,201135,97.0,97,97,97,0.7592447,11.1741495,0,1,221100120113519589,2023-08-20,Teresina,1.1090293,868075,,0,1,85,,,,,97405,24.23,30.3,36.66,0.0,50.29,97.0,24.43,1.0792121,74.0,23.34,0.7955066,99.0,22.46,0.9793539,90.0,23.69,0.75233626,91.75,23.615000000000002,4.584967478670572,0.0,0.2674793651342622,-0.020202707317519497,0.07410797215372256,34,29.53,29.17,28.27,28.94,0.0,0.2,4.2,3.1,54.29,52.71,57.43,62.86,92.0,79.0,71.0,51.0
2011-09-04,201136,92.0,92,92,92,0.53550464,10.598163,0,1,221100120113619589,2023-08-20,Teresina,1.0132394,868075,,0,1,77,,,,,97405,24.3,30.37,36.66,0.0,46.0,97.0,24.23,1.1090293,97.0,24.43,1.0792121,74.0,23.34,0.7955066,99.0,22.46,0.9793539,90.0,24.075,4.532599493153256,-0.05236798551731603,-0.05236798551731603,0.21511137961694615,-0.07257069283483553,35,30.3,29.53,29.17,28.27,0.0,0.0,0.2,4.2,50.29,54.29,52.71,57.43,79.0,71.0,51.0,53.0
2011-09-11,201137,79.0,79,79,79,0.13983533,9.100596,0,1,221100120113719589,2023-08-20,Teresina,0.8481726,868075,,0,1,63,,,,,97405,24.54,30.49,36.89,0.4,48.29,92.0,24.3,1.0132394,97.0,24.23,1.1090293,97.0,24.43,1.0792121,74.0,23.34,0.7955066,91.25,24.375,4.382026634673881,-0.15057285847937507,-0.2029408439966911,-0.2029408439966911,0.06453852113757108,36,30.37,30.3,29.53,29.17,0.0,0.0,0.0,0.2,46.0,50.29,54.29,52.71,71.0,51.0,53.0,57.0
2011-09-18,201138,71.0,71,71,71,0.07988493,8.179017,0,1,221100120113819589,2023-08-20,Teresina,0.8004387,868075,,0,1,49,,,,,97405,24.1,30.56,37.04,0.2,44.57,79.0,24.54,0.8481726,92.0,24.3,1.0132394,97.0,24.23,1.1090293,97.0,24.43,1.0792121,84.75,24.2925,4.276666119016055,-0.10536051565782589,-0.25593337413720096,-0.308301359654517,-0.308301359654517,37,30.49,30.37,30.3,29.53,0.4,0.0,0.0,0.0,48.29,46.0,50.29,54.29,51.0,53.0,57.0,46.0
2011-09-25,201139,51.0,51,51,51,0.0061357548,5.875068,0,1,221100120113919589,2023-08-20,Teresina,0.64241225,868075,,0,1,42,,,,,97405,24.96,31.27,37.94,0.0,48.29,71.0,24.1,0.8004387,79.0,24.54,0.8481726,92.0,24.3,1.0132394,97.0,24.23,1.1090293,73.25,24.474999999999998,3.9512437185814275,-0.3254224004346278,-0.43078291609245367,-0.5813557745718287,-0.6337237600891448,38,30.56,30.49,30.37,30.3,0.2,0.4,0.0,0.0,44.57,48.29,46.0,50.29,53.0,57.0,46.0,33.0
2011-10-02,201140,53.0,53,53,53,0.084618,6.105463,0,1,221100120114019589,2023-08-20,Teresina,0.7788074,868075,,0,1,41,,,,,97405,25.3,31.6,38.33,0.0,47.71,51.0,24.96,0.64241225,71.0,24.1,0.8004387,79.0,24.54,0.8481726,92.0,24.3,1.0132394,63.5,24.725,3.9889840465642745,0.03774032798284699,-0.2876820724517808,-0.3930425881096067,-0.5436154465889818,39,31.27,30.56,30.49,30.37,0.0,0.2,0.4,0.0,48.29,44.57,48.29,46.0,57.0,46.0,33.0,64.0
2011-10-09,201141,57.0,57,57,57,0.45850044,6.5662527,0,1,221100120114119589,2023-08-20,Teresina,0.9808299,868075,,0,1,48,,,,,97405,25.37,30.93,37.17,3.0,57.57,53.0,25.3,0.7788074,51.0,24.96,0.64241225,71.0,24.1,0.8004387,79.0,24.54,0.8481726,58.0,24.9325,4.060443010546419,0.07145896398214457,0.10919929196499156,-0.21622310846963622,-0.3215836241274621,40,31.6,31.27,30.56,30.49,0.0,0.0,0.2,0.4,47.71,48.29,44.57,48.29,46.0,33.0,64.0,64.0
2011-10-16,201142,46.0,46,46,46,0.21198232,5.2990813,0,1,221100120114219589,2023-08-20,Teresina,0.85254186,868075,,0,1,34,,,,,97405,24.0,27.89,33.36,82.6,79.14,57.0,25.37,0.9808299,53.0,25.3,0.7788074,51.0,24.96,0.64241225,71.0,24.1,0.8004387,51.75,24.9075,3.8501476017100584,-0.21029540883636066,-0.1388364448542161,-0.1010961168713691,-0.4265185173059969,41,30.93,31.6,31.27,30.56,3.0,0.0,0.0,0.2,57.57,47.71,48.29,44.57,33.0,64.0,64.0,80.0
2011-10-23,201143,33.0,33,33,33,0.020857576,3.8015149,0,1,221100120114319589,2023-08-20,Teresina,0.64008784,868075,,0,1,21,,,,,97405,23.6,29.31,35.23,0.4,64.86,46.0,24.0,0.85254186,57.0,25.37,0.9808299,53.0,25.3,0.7788074,51.0,24.96,0.64241225,47.25,24.567500000000003,3.5263605246161616,-0.32378707709389687,-0.5340824859302575,-0.46262352194811296,-0.42488319396526597,42,27.89,30.93,31.6,31.27,82.6,3.0,0.0,0.0,79.14,57.57,47.71,48.29,64.0,64.0,80.0,56.0
2011-10-30,201144,64.0,64,64,64,0.9511246,7.372635,0,1,221100120114419589,2023-08-20,Teresina,1.3709987,868075,,1,1,54,,,,,97405,24.16,28.24,33.79,33.4,73.43,33.0,23.6,0.64008784,46.0,24.0,0.85254186,57.0,25.37,0.9808299,53.0,25.3,0.7788074,50.0,24.2825,4.174387269895637,0.6480267452794752,0.32423966818557837,0.1139442593492177,0.18540322333136228,43,29.31,27.89,30.93,31.6,0.4,82.6,3.0,0.0,64.86,79.14,57.57,47.71,64.0,80.0,56.0,76.0
2011-11-06,201145,64.0,64,64,64,0.9524201,7.372635,0,1,221100120114519589,2023-08-20,Teresina,1.3746707,868075,,1,1,62,,,,,97405,24.34,29.39,34.96,1.2,63.71,64.0,24.16,1.3709987,33.0,23.6,0.64008784,46.0,24.0,0.85254186,57.0,25.37,0.9808299,51.75,24.025000000000002,4.174387269895637,0.0,0.6480267452794752,0.32423966818557837,0.1139442593492177,44,28.24,29.31,27.89,30.93,33.4,0.4,82.6,3.0,73.43,64.86,79.14,57.57,80.0,56.0,76.0,61.0
2011-11-13,201146,80.0,80,80,80,0.98046994,9.215794,0,3,221100120114619589,2023-08-20,Teresina,1.4268869,868075,,1,1,68,,,,,97405,24.73,29.71,35.59,2.2,63.0,64.0,24.34,1.3746707,64.0,24.16,1.3709987,33.0,23.6,0.64008784,46.0,24.0,0.85254186,60.25,24.207500000000003,4.394449154672439,0.22006188477680233,0.22006188477680233,0.8680886300562776,0.5443015529623807,45,29.39,28.24,29.31,27.89,1.2,33.4,0.4,82.6,63.71,73.43,64.86,79.14,56.0,76.0,61.0,62.0
2011-11-20,201147,56.0,56,56,56,0.19603169,6.4510555,0,1,221100120114719589,2023-08-20,Teresina,0.85636264,868075,,0,1,49,,,,,97405,24.94,29.79,35.74,2.1,63.14,80.0,24.73,1.4268869,64.0,24.34,1.3746707,64.0,24.16,1.3709987,33.0,23.6,0.64008784,66.0,24.5425,4.04305126783455,-0.35139788683788886,-0.13133600206108653,-0.13133600206108653,0.5166907432183887,46,29.71,29.39,28.24,29.31,2.2,1.2,33.4,0.4,63.0,63.71,73.43,64.86,76.0,61.0,62.0,75.0
2011-11-27,201148,76.0,76,76,76,0.7296978,8.755004,0,1,221100120114819589,2023-08-20,Teresina,1.1068536,868075,,0,1,66,,,,,97405,24.93,29.91,35.9,1.9,62.86,56.0,24.94,0.85636264,80.0,24.73,1.4268869,64.0,24.34,1.3746707,64.0,24.16,1.3709987,69.0,24.735,4.343805421853684,0.30075415401913386,-0.050643732818755005,0.16941815195804732,0.16941815195804732,47,29.79,29.71,29.39,28.24,2.1,2.2,1.2,33.4,63.14,63.0,63.71,73.43,61.0,62.0,75.0,48.0
2011-12-04,201149,61.0,61,61,61,0.29356477,7.0270424,0,1,221100120114919589,2023-08-20,Teresina,0.9087497,868075,,0,1,55,,,,,97405,24.21,30.44,36.93,0.0,55.0,76.0,24.93,1.1068536,56.0,24.94,0.85636264,80.0,24.73,1.4268869,64.0,24.34,1.3746707,68.25,24.7025,4.127134385045092,-0.21667103680859245,0.0840831172105414,-0.26731476962734746,-0.04725288485054513,48,29.91,29.79,29.71,29.39,1.9,2.1,2.2,1.2,62.86,63.14,63.0,63.71,62.0,75.0,48.0,66.0
2011-12-11,201150,62.0,62,62,62,0.3423507,7.14224,0,1,221100120115019589,2023-08-20,Teresina,0.9310825,868075,,0,1,61,,,,,97405,25.03,30.13,36.06,3.5,59.71,61.0,24.21,0.9087497,76.0,24.93,1.1068536,56.0,24.94,0.85636264,80.0,24.73,1.4268869,63.75,24.777500000000003,4.143134726391533,0.016000341346440905,-0.20067069546215155,0.10008345855698231,-0.25131442828090655,49,30.44,29.91,29.79,29.71,0.0,1.9,2.1,2.2,55.0,62.86,63.14,63.0,75.0,48.0,66.0,92.0
2011-12-18,201151,75.0,75,75,75,0.7977684,8.639807,0,1,221100120115119589,2023-08-20,Teresina,1.1509517,868075,,0,1,74,,,,,97405,25.29,30.23,35.97,11.7,61.43,62.0,25.03,0.9310825,61.0,24.21,0.9087497,76.0,24.93,1.1068536,56.0,24.94,0.85636264,68.5,24.865,4.330733340286331,0.18759861389479848,0.2035989552412394,-0.013072081567353067,0.2876820724517808,50,30.13,30.44,29.91,29.79,3.5,0.0,1.9,2.1,59.71,55.0,62.86,63.14,48.0,66.0,92.0,66.0
2011-12-25,201152,48.0,48,48,48,0.057887025,5.529476,0,1,221100120115219589,2023-08-20,Teresina,0.74307656,868075,,0,1,38,,,,,97405,25.07,29.99,35.84,5.6,64.43,75.0,25.29,1.1509517,62.0,25.03,0.9310825,61.0,24.21,0.9087497,76.0,24.93,1.1068536,61.5,24.900000000000002,3.8918202981106265,-0.4389130421757046,-0.2513144282809061,-0.2353140869344652,-0.45198512374305766,51,30.23,30.13,30.44,29.91,11.7,3.5,0.0,1.9,61.43,59.71,55.0,62.86,66.0,92.0,66.0,92.0
2012-01-01,201201,66.0,66,66,66,0.57893497,7.6030297,0,1,221100120120119589,2023-08-20,Teresina,1.035477,868075,,0,1,58,,,,,97405,24.77,29.64,35.4,30.0,65.71,48.0,25.07,0.74307656,75.0,25.29,1.1509517,62.0,25.03,0.9310825,61.0,24.21,0.9087497,62.75,25.04,4.204692619390966,0.31287232128033926,-0.12604072089536533,0.06155789299943315,0.07755823434587406,52,29.99,30.23,30.13,30.44,5.6,11.7,3.5,0.0,64.43,61.43,59.71,55.0,92.0,66.0,92.0,117.0
2012-01-08,201202,92.0,92,92,92,0.9927421,10.598163,0,1,221100120120219589,2023-08-20,Teresina,1.4871738,868075,,1,1,86,,,,,97405,24.81,29.53,36.07,22.9,67.14,66.0,24.77,1.035477,48.0,25.07,0.74307656,75.0,25.29,1.1509517,62.0,25.03,0.9310825,70.25,24.985,4.532599493153256,0.32790687376229055,0.6407791950426298,0.20186615286692522,0.3894647667617237,1,29.64,29.99,30.23,30.13,30.0,5.6,11.7,3.5,65.71,64.43,61.43,59.71,66.0,92.0,117.0,167.0
2012-01-15,201203,66.0,66,66,66,0.42776233,7.6030297,0,1,221100120120319589,2023-08-20,Teresina,0.96913636,868075,,0,1,52,,,,,97405,23.31,26.36,31.1,106.5,84.86,92.0,24.81,1.4871738,66.0,24.77,1.035477,48.0,25.07,0.74307656,75.0,25.29,1.1509517,68.0,24.490000000000002,4.204692619390966,-0.32790687376229055,0.0,0.31287232128033926,-0.12604072089536533,2,29.53,29.64,29.99,30.23,22.9,30.0,5.6,11.7,67.14,65.71,64.43,61.43,92.0,117.0,167.0,112.0
2012-01-22,201204,92.0,92,92,92,0.8838513,10.598163,0,1,221100120120419589,2023-08-20,Teresina,1.2019491,868075,,0,1,73,,,,,97405,23.19,26.94,31.51,57.5,84.0,66.0,23.31,0.96913636,92.0,24.81,1.4871738,66.0,24.77,1.035477,48.0,25.07,0.74307656,79.0,24.02,4.532599493153256,0.32790687376229055,0.0,0.32790687376229055,0.6407791950426298,3,26.36,29.53,29.64,29.99,106.5,22.9,30.0,5.6,84.86,67.14,65.71,64.43,117.0,167.0,112.0,122.0
2012-01-29,201205,117.0,117,117,117,0.9949803,13.478098,0,1,221100120120519589,2023-08-20,Teresina,1.4452293,868075,,1,1,94,,,,,97405,23.77,28.26,33.5,1.9,72.0,92.0,23.19,1.2019491,66.0,23.31,0.96913636,92.0,24.81,1.4871738,66.0,24.77,1.035477,91.75,23.77,4.770684624465665,0.23808513131240883,0.5659920050746994,0.23808513131240883,0.5659920050746994,4,26.94,26.36,29.53,29.64,57.5,106.5,22.9,30.0,84.0,84.86,67.14,65.71,167.0,112.0,122.0,145.0
2012-02-05,201206,167.0,167,167,167,0.999996,19.237968,0,1,221100120120619589,2023-08-20,Teresina,1.7529858,868075,,1,2,123,,,,,97405,23.37,27.86,33.5,21.5,75.29,117.0,23.77,1.4452293,92.0,23.19,1.2019491,66.0,23.31,0.96913636,92.0,24.81,1.4871738,110.5,23.41,5.123963979403259,0.35327935493759366,0.5913644862500025,0.919271360012293,0.5913644862500025,5,28.26,26.94,26.36,29.53,1.9,57.5,106.5,22.9,72.0,84.0,84.86,67.14,112.0,122.0,145.0,153.0
2012-02-12,201207,112.0,112,112,112,0.31359813,12.902111,0,1,221100120120719589,2023-08-20,Teresina,0.93823016,868075,,0,1,80,,,,,97405,22.6,25.74,30.51,100.4,87.0,167.0,23.37,1.7529858,117.0,23.77,1.4452293,92.0,23.19,1.2019491,66.0,23.31,0.96913636,122.0,23.2325,4.727387818712341,-0.39657616069091794,-0.043296805753324286,0.19478832555908454,0.5226951993213751,6,27.86,28.26,26.94,26.36,21.5,1.9,57.5,106.5,75.29,72.0,84.0,84.86,122.0,145.0,153.0,255.0
2012-02-19,201208,122.0,122,122,122,0.22817999,14.054085,0,1,221100120120819589,2023-08-20,Teresina,0.911171,868075,,0,1,89,,,,,97405,22.9,26.91,32.56,83.4,84.43,112.0,22.6,0.93823016,167.0,23.37,1.7529858,117.0,23.77,1.4452293,92.0,23.19,1.2019491,129.5,23.16,4.812184355372417,0.08479653666007625,-0.3117796240308417,0.041499730906751964,0.2795848622191608,7,25.74,27.86,28.26,26.94,100.4,21.5,1.9,57.5,87.0,75.29,72.0,84.0,145.0,153.0,255.0,306.0
2012-02-26,201209,145.0,145,145,145,0.8308524,16.703627,0,1,221100120120919589,2023-08-20,Teresina,1.1225221,868075,,0,2,124,,,,,97405,22.8,26.96,32.23,47.8,83.57,122.0,22.9,0.911171,112.0,22.6,0.93823016,167.0,23.37,1.7529858,117.0,23.77,1.4452293,136.5,22.9175,4.983606621708336,0.17142226633591928,0.25621880299599553,-0.1403573576949224,0.21292199724267125,8,26.91,25.74,27.86,28.26,83.4,100.4,21.5,1.9,84.43,87.0,75.29,72.0,153.0,255.0,306.0,301.0
2012-03-04,201210,153.0,153,153,153,0.92689073,17.625206,0,4,221100120121019589,2023-08-20,Teresina,1.1891302,868075,,0,2,127,,,,,97405,22.94,26.99,32.53,34.0,83.0,145.0,22.8,1.1225221,122.0,22.9,0.911171,112.0,22.6,0.93823016,167.0,23.37,1.7529858,133.0,22.81,5.0369526024136295,0.05334598070529317,0.22476824704121245,0.3095647837012887,-0.08701137698962924,9,26.96,26.91,25.74,27.86,47.8,83.4,100.4,21.5,83.57,84.43,87.0,75.29,255.0,306.0,301.0,278.0
2012-03-11,201211,255.0,255,255,255,1.0,29.375341,0,4,221100120121119589,2023-08-20,Teresina,1.7591159,868075,,1,2,218,,,,,97405,23.7,27.2,32.41,51.9,83.14,153.0,22.94,1.1891302,145.0,22.8,1.1225221,122.0,22.9,0.911171,112.0,22.6,0.93823016,168.75,23.085,5.545177444479562,0.5082248420659328,0.5615708227712259,0.7329930891071452,0.8177896257672215,10,26.99,26.96,26.91,25.74,34.0,47.8,83.4,100.4,83.0,83.57,84.43,87.0,306.0,301.0,278.0,533.0
2012-03-18,201212,306.0,306,306,306,1.0,35.250412,0,4,221100120121219589,2023-08-20,Teresina,1.6863827,868075,,1,2,257,,,,,97405,23.26,26.63,31.5,84.4,85.43,255.0,23.7,1.7591159,153.0,22.94,1.1891302,145.0,22.8,1.1225221,122.0,22.9,0.911171,214.75,23.175,5.726847747587197,0.18167030310763455,0.6898951451735673,0.7432411258788605,0.9146633922147798,11,27.2,26.99,26.96,26.91,51.9,34.0,47.8,83.4,83.14,83.0,83.57,84.43,301.0,278.0,533.0,657.0
2012-03-25,201213,301.0,301,301,301,0.9969736,34.674423,0,4,221100120121319589,2023-08-20,Teresina,1.2677381,868075,,1,2,249,,,,,97405,23.26,26.57,31.54,90.6,86.71,306.0,23.26,1.6863827,255.0,23.7,1.7591159,153.0,22.94,1.1891302,145.0,22.8,1.1225221,253.75,23.29,5.71042701737487,-0.01642073021232715,0.1652495728953074,0.6734744149612402,0.7268203956665333,12,26.63,27.2,26.99,26.96,84.4,51.9,34.0,47.8,85.43,83.14,83.0,83.57,278.0,533.0,657.0,630.0
2012-04-01,201214,278.0,278,278,278,0.4571528,32.024883,0,4,221100120121419589,2023-08-20,Teresina,0.9909415,868075,,0,2,238,,,,,97405,23.86,27.87,32.94,25.1,82.57,301.0,23.26,1.2677381,306.0,23.26,1.6863827,255.0,23.7,1.7591159,153.0,22.94,1.1891302,285.0,23.520000000000003,5.631211781821365,-0.07921523555350429,-0.09563596576583144,0.0860343373418031,0.5942591794077359,13,26.57,26.63,27.2,26.99,90.6,84.4,51.9,34.0,86.71,85.43,83.14,83.0,533.0,657.0,630.0,755.0
2012-04-08,201215,533.0,533,533,533,1.0,61.400223,0,4,221100120121519589,2023-08-20,Teresina,1.7496344,868075,,1,2,453,,,,,97405,23.2,27.01,32.0,25.5,86.0,278.0,23.86,0.9909415,301.0,23.26,1.2677381,306.0,23.26,1.6863827,255.0,23.7,1.7591159,354.5,23.395,6.280395838960195,0.6491840571388297,0.5699688215853254,0.5535480913729982,0.7352183944806328,14,27.87,26.57,26.63,27.2,25.1,90.6,84.4,51.9,82.57,86.71,85.43,83.14,657.0,630.0,755.0,687.0
2012-04-15,201216,657.0,657,657,657,1.0,75.68471,0,4,221100120121619589,2023-08-20,Teresina,1.7958,868075,,1,2,577,,,,,97405,23.4,27.16,32.27,49.0,85.14,533.0,23.2,1.7496344,278.0,23.86,0.9909415,301.0,23.26,1.2677381,306.0,23.26,1.6863827,442.25,23.43,6.489204931325317,0.20880909236512224,0.8579931495039519,0.7787779139504476,0.7623571837381204,15,27.01,27.87,26.57,26.63,25.5,25.1,90.6,84.4,86.0,82.57,86.71,85.43,630.0,755.0,687.0,594.0
2012-04-22,201217,630.0,630,630,630,0.999985,72.57437,0,4,221100120121719589,2023-08-20,Teresina,1.2843121,868075,,1,2,539,,,,,97405,23.93,28.17,33.2,7.1,82.0,657.0,23.4,1.7958,533.0,23.2,1.7496344,278.0,23.86,0.9909415,301.0,23.26,1.2677381,524.5,23.5975,6.447305862541213,-0.04189906878410454,0.1669100235810177,0.8160940807198473,0.736878845166343,16,27.16,27.01,27.87,26.57,49.0,25.5,25.1,90.6,85.14,86.0,82.57,86.71,755.0,687.0,594.0,487.0
2012-04-29,201218,755.0,755,755,755,0.9999865,86.97405,0,4,221100120121819589,2023-08-20,Teresina,1.2569402,868075,,1,2,633,,,,,97405,23.83,28.29,33.47,1.1,75.71,630.0,23.93,1.2843121,657.0,23.4,1.7958,533.0,23.2,1.7496344,278.0,23.86,0.9909415,643.75,23.59,6.628041376179533,0.18073551363832063,0.1388364448542161,0.34764553721933833,0.996829594358168,17,28.17,27.16,27.01,27.87,7.1,49.0,25.5,25.1,82.0,85.14,86.0,82.57,687.0,594.0,487.0,393.0
2012-05-06,201219,687.0,687,687,687,0.76795113,79.140625,0,4,221100120121919589,2023-08-20,Teresina,1.0406914,868075,,0,2,609,,,,,97405,23.74,28.51,34.34,1.9,74.14,755.0,23.83,1.2569402,630.0,23.93,1.2843121,657.0,23.4,1.7958,533.0,23.2,1.7496344,682.25,23.725,6.5337888379333435,-0.09425253824618984,0.08648297539213079,0.04458390660802625,0.2533929989731485,18,28.29,28.17,27.16,27.01,1.1,7.1,49.0,25.5,75.71,82.0,85.14,86.0,594.0,487.0,393.0,239.0
2012-05-13,201220,594.0,594,594,594,0.0037213229,68.42727,0,4,221100120122019589,2023-08-20,Teresina,0.86109495,868075,,0,2,502,,,,,97405,24.0,28.8,34.43,1.8,72.14,687.0,23.74,1.0406914,755.0,23.83,1.2569402,630.0,23.93,1.2843121,657.0,23.4,1.7958,666.5,23.875,6.38856140554563,-0.1452274323877134,-0.23947997063390325,-0.05874445699558262,-0.10064352577968716,19,28.51,28.29,28.17,27.16,1.9,1.1,7.1,49.0,74.14,75.71,82.0,85.14,487.0,393.0,239.0,232.0
2012-05-20,201221,487.0,487,487,487,8.7775355e-08,56.101143,0,4,221100120122119589,2023-08-20,Teresina,0.7336733,868075,,0,2,429,,,,,97405,24.03,29.19,34.84,2.3,66.57,594.0,24.0,0.86109495,687.0,23.74,1.0406914,755.0,23.83,1.2569402,630.0,23.93,1.2843121,630.75,23.9,6.1903154058531475,-0.19824599969248258,-0.343473432080196,-0.4377259703263858,-0.2569904566880652,20,28.8,28.51,28.29,28.17,1.8,1.9,1.1,7.1,72.14,74.14,75.71,82.0,393.0,239.0,232.0,176.0
2012-05-27,201222,393.0,393,393,393,3.035845e-10,45.272587,0,4,221100120122219589,2023-08-20,Teresina,0.670754,868075,,0,2,323,,,,,97405,24.09,29.73,35.66,0.7,62.57,487.0,24.03,0.7336733,594.0,24.0,0.86109495,687.0,23.74,1.0406914,755.0,23.83,1.2569402,540.25,23.965,5.976350909297934,-0.21396449655521366,-0.41221049624769623,-0.5574379286354096,-0.6516904668815995,21,29.19,28.8,28.51,28.29,2.3,1.8,1.9,1.1,66.57,72.14,74.14,75.71,239.0,232.0,176.0,160.0
2012-06-03,201223,239.0,239,239,239,0.0,27.532183,0,4,221100120122319589,2023-08-20,Teresina,0.4912268,868075,,0,2,200,,,,,97405,24.59,30.01,35.8,0.7,61.14,393.0,24.09,0.670754,487.0,24.03,0.7336733,594.0,24.0,0.86109495,687.0,23.74,1.0406914,428.25,24.177500000000002,5.480638923341991,-0.4957119859559427,-0.7096764825111563,-0.9079224822036389,-1.0531499145913523,22,29.73,29.19,28.8,28.51,0.7,2.3,1.8,1.9,62.57,66.57,72.14,74.14,232.0,176.0,160.0,115.0
2012-06-10,201224,232.0,232,232,232,8.525608e-10,26.725801,0,4,221100120122419589,2023-08-20,Teresina,0.6102079,868075,,0,2,196,,,,,97405,24.53,29.56,35.56,1.8,60.29,239.0,24.59,0.4912268,393.0,24.09,0.670754,487.0,24.03,0.7336733,594.0,24.0,0.86109495,337.75,24.310000000000002,5.4510384535657,-0.02960046977629105,-0.5253124557322337,-0.7392769522874474,-0.93752295197993,23,30.01,29.73,29.19,28.8,0.7,0.7,2.3,1.8,61.14,62.57,66.57,72.14,176.0,160.0,115.0,99.0
2012-06-17,201225,176.0,176,176,176,1.6135938e-07,20.274746,0,4,221100120122519589,2023-08-20,Teresina,0.61732614,868075,,0,2,130,,,,,97405,23.7,28.69,35.09,7.8,70.71,232.0,24.53,0.6102079,239.0,24.59,0.4912268,393.0,24.09,0.670754,487.0,24.03,0.7336733,260.0,24.227500000000003,5.176149732573829,-0.27488872099187134,-0.3044891907681624,-0.8002011767241051,-1.0141656732793187,24,29.56,30.01,29.73,29.19,1.8,0.7,0.7,2.3,60.29,61.14,62.57,66.57,160.0,115.0,99.0,103.0
2012-06-24,201226,160.0,160,160,160,0.00043813908,18.431587,0,4,221100120122619589,2023-08-20,Teresina,0.7108953,868075,,0,2,111,,,,,97405,23.7,28.94,34.96,5.7,59.86,176.0,23.7,0.61732614,232.0,24.53,0.6102079,239.0,24.59,0.4912268,393.0,24.09,0.670754,201.75,24.130000000000003,5.081404364984463,-0.09474536758936569,-0.36963408858123703,-0.3992345583575281,-0.8949465443134708,25,28.69,29.56,30.01,29.73,7.8,1.8,0.7,0.7,70.71,60.29,61.14,62.57,115.0,99.0,103.0,74.0
2012-07-01,201227,115.0,115,115,115,1.920155e-05,13.247704,0,1,221100120122719589,2023-08-20,Teresina,0.61832297,868075,,0,1,77,,,,,97405,24.3,29.3,34.6,0.0,51.57,160.0,23.7,0.7108953,176.0,23.7,0.61732614,232.0,24.53,0.6102079,239.0,24.59,0.4912268,170.75,24.0575,4.7535901911063645,-0.32781417387809864,-0.42255954146746433,-0.6974482624593357,-0.7270487322356267,26,28.94,28.69,29.56,30.01,5.7,7.8,1.8,0.7,59.86,70.71,60.29,61.14,99.0,103.0,74.0,56.0
2012-07-08,201228,99.0,99,99,99,0.00029777578,11.404545,0,1,221100120122819589,2023-08-20,Teresina,0.6460969,868075,,0,1,60,,,,,97405,24.97,30.39,35.96,0.3,54.43,115.0,24.3,0.61832297,160.0,23.7,0.7108953,176.0,23.7,0.61732614,232.0,24.53,0.6102079,137.5,24.1675,4.605170185988092,-0.1484200051182727,-0.4762341789963713,-0.570979546585737,-0.8458682675776084,27,29.3,28.94,28.69,29.56,0.0,5.7,7.8,1.8,51.57,59.86,70.71,60.29,103.0,74.0,56.0,51.0
2012-07-15,201229,103.0,103,103,103,0.074920595,11.8653345,0,1,221100120122919589,2023-08-20,Teresina,0.8261611,868075,,0,1,79,,,,,97405,24.39,29.67,35.37,0.3,55.0,99.0,24.97,0.6460969,115.0,24.3,0.61832297,160.0,23.7,0.7108953,176.0,23.7,0.61732614,119.25,24.34,4.6443908991413725,0.039220713153280684,-0.109199291964992,-0.43701346584309064,-0.5317588334324563,28,30.39,29.3,28.94,28.69,0.3,0.0,5.7,7.8,54.43,51.57,59.86,70.71,74.0,56.0,51.0,40.0
2012-07-22,201230,74.0,74,74,74,0.008754264,8.524609,0,1,221100120123019589,2023-08-20,Teresina,0.7001595,868075,,0,1,58,,,,,97405,23.96,30.09,36.36,0.0,43.71,103.0,24.39,0.8261611,99.0,24.97,0.6460969,115.0,24.3,0.61832297,160.0,23.7,0.7108953,97.75,24.404999999999998,4.31748811353631,-0.32690278560506236,-0.2876820724517817,-0.43610207757005437,-0.763916251448153,29,29.67,30.39,29.3,28.94,0.3,0.3,0.0,5.7,55.0,54.43,51.57,59.86,56.0,51.0,40.0,59.0
2012-07-29,201231,56.0,56,56,56,0.0011449365,6.4510555,0,1,221100120123119589,2023-08-20,Teresina,0.6026856,868075,,0,1,47,,,,,97405,23.56,29.36,35.4,0.0,41.43,74.0,23.96,0.7001595,103.0,24.39,0.8261611,99.0,24.97,0.6460969,115.0,24.3,0.61832297,83.0,24.22,4.04305126783455,-0.27443684570175986,-0.6013396313068222,-0.5621189181535415,-0.7105389232718142,30,30.09,29.67,30.39,29.3,0.0,0.3,0.3,0.0,43.71,55.0,54.43,51.57,51.0,40.0,59.0,36.0
2012-08-05,201232,51.0,51,51,51,0.011198188,5.875068,0,1,221100120123219589,2023-08-20,Teresina,0.6655786,868075,,0,1,36,,,,,97405,24.31,30.11,36.2,0.0,44.71,56.0,23.56,0.6026856,74.0,23.96,0.7001595,103.0,24.39,0.8261611,99.0,24.97,0.6460969,71.0,24.055,3.9512437185814275,-0.09180754925312273,-0.3662443949548826,-0.693147180559945,-0.6539264674066643,31,29.36,30.09,29.67,30.39,0.0,0.0,0.3,0.3,41.43,43.71,55.0,54.43,40.0,59.0,36.0,37.0
2012-08-12,201233,40.0,40,40,40,0.018555783,4.607897,0,1,221100120123319589,2023-08-20,Teresina,0.65830404,868075,,0,1,31,,,,,97405,24.94,30.7,36.63,0.0,38.0,51.0,24.31,0.6655786,56.0,23.56,0.6026856,74.0,23.96,0.7001595,103.0,24.39,0.8261611,55.25,24.1925,3.713572066704308,-0.23767165187711958,-0.3294792011302423,-0.6039160468320022,-0.9308188324370645,32,30.11,29.36,30.09,29.67,0.0,0.0,0.0,0.3,44.71,41.43,43.71,55.0,59.0,36.0,37.0,25.0
2012-08-19,201234,59.0,59,59,59,0.77143705,6.7966475,0,1,221100120123419589,2023-08-20,Teresina,1.1517601,868075,,0,1,45,,,,,97405,24.57,30.37,36.3,0.0,38.43,40.0,24.94,0.65830404,51.0,24.31,0.6655786,56.0,23.56,0.6026856,74.0,23.96,0.7001595,51.5,24.345,4.0943445622221,0.38077249551779246,0.14310084364067288,0.05129329438755015,-0.2231435513142097,33,30.7,30.11,29.36,30.09,0.0,0.0,0.0,0.0,38.0,44.71,41.43,43.71,36.0,37.0,25.0,29.0
2012-08-26,201235,36.0,36,36,36,0.09573991,4.147107,0,1,221100120123519589,2023-08-20,Teresina,0.75182426,868075,,0,1,28,,,,,97405,24.01,30.64,37.06,0.0,46.29,59.0,24.57,1.1517601,40.0,24.94,0.65830404,51.0,24.31,0.6655786,56.0,23.56,0.6026856,46.5,24.4575,3.6109179126442243,-0.48342664957787607,-0.1026541540600836,-0.3403258059372032,-0.4321333551903259,34,30.37,30.7,30.11,29.36,0.0,0.0,0.0,0.0,38.43,38.0,44.71,41.43,37.0,25.0,29.0,26.0
2012-09-02,201236,37.0,37,37,37,0.13756704,4.2623043,0,1,221100120123619589,2023-08-20,Teresina,0.7882938,868075,,0,1,25,,,,,97405,23.8,30.63,37.3,0.0,40.29,36.0,24.01,0.75182426,59.0,24.57,1.1517601,40.0,24.94,0.65830404,51.0,24.31,0.6655786,43.0,24.33,3.6375861597263857,0.02666824708216131,-0.45675840249571475,-0.07598590697792229,-0.3136575588550419,35,30.64,30.37,30.7,30.11,0.0,0.0,0.0,0.0,46.29,38.43,38.0,44.71,25.0,29.0,26.0,26.0
2012-09-09,201237,25.0,25,25,25,0.02123383,2.8799355,0,1,221100120123719589,2023-08-20,Teresina,0.6048267,868075,,0,0,19,,,,,97405,24.47,31.36,38.16,0.0,45.43,37.0,23.8,0.7882938,36.0,24.01,0.75182426,59.0,24.57,1.1517601,40.0,24.94,0.65830404,39.25,24.2125,3.258096538021482,-0.3794896217049035,-0.3528213746227422,-0.8362480242006183,-0.4554755286828258,36,30.63,30.64,30.37,30.7,0.0,0.0,0.0,0.0,40.29,46.29,38.43,38.0,29.0,26.0,26.0,23.0
2012-09-16,201238,29.0,29,29,29,0.24511865,3.3407252,0,1,221100120123819589,2023-08-20,Teresina,0.8416417,868075,,0,1,19,,,,,97405,24.53,31.44,38.27,0.0,46.43,25.0,24.47,0.6048267,37.0,23.8,0.7882938,36.0,24.01,0.75182426,59.0,24.57,1.1517601,31.75,24.2025,3.4011973816621555,0.14310084364067333,-0.2363887780642302,-0.2097205309820689,-0.693147180559945,37,31.36,30.63,30.64,30.37,0.0,0.0,0.0,0.0,45.43,40.29,46.29,38.43,26.0,26.0,23.0,17.0
2012-09-23,201239,26.0,26,26,26,0.31521848,2.995133,0,1,221100120123919589,2023-08-20,Teresina,0.8796273,868075,,0,1,16,,,,,97405,24.94,31.5,37.84,0.0,48.57,29.0,24.53,0.8416417,25.0,24.47,0.6048267,37.0,23.8,0.7882938,36.0,24.01,0.75182426,29.25,24.435000000000002,3.295836866004329,-0.10536051565782634,0.03774032798284699,-0.34174929372205654,-0.3150810466398952,38,31.44,31.36,30.63,30.64,0.0,0.0,0.0,0.0,46.43,45.43,40.29,46.29,26.0,23.0,17.0,15.0
2012-09-30,201240,26.0,26,26,26,0.4192506,2.995133,0,1,221100120124019589,2023-08-20,Teresina,0.9461851,868075,,0,1,24,,,,,97405,25.53,32.16,38.57,0.0,43.43,26.0,24.94,0.8796273,29.0,24.53,0.8416417,25.0,24.47,0.6048267,37.0,23.8,0.7882938,26.5,24.8675,3.295836866004329,0.0,-0.10536051565782634,0.03774032798284699,-0.34174929372205654,39,31.5,31.44,31.36,30.63,0.0,0.0,0.0,0.0,48.57,46.43,45.43,40.29,23.0,17.0,15.0,19.0
2012-10-07,201241,23.0,23,23,23,0.3107313,2.6495407,0,1,221100120124119589,2023-08-20,Teresina,0.86985004,868075,,0,0,17,,,,,97405,25.77,32.19,38.36,0.0,45.71,26.0,25.53,0.9461851,26.0,24.94,0.8796273,29.0,24.53,0.8416417,25.0,24.47,0.6048267,26.0,25.1925,3.1780538303479458,-0.11778303565638337,-0.11778303565638337,-0.2231435513142097,-0.08004270767353638,40,32.16,31.5,31.44,31.36,0.0,0.0,0.0,0.0,43.43,48.57,46.43,45.43,17.0,15.0,19.0,21.0
2012-10-14,201242,17.0,17,17,17,0.110032365,1.9583561,0,1,221100120124219589,2023-08-20,Teresina,0.68469834,868075,,0,0,16,,,,,97405,25.83,32.11,38.39,0.2,46.57,23.0,25.77,0.86985004,26.0,25.53,0.9461851,26.0,24.94,0.8796273,29.0,24.53,0.8416417,23.0,25.517500000000002,2.8903717578961645,-0.28768207245178123,-0.4054651081081646,-0.4054651081081646,-0.5108256237659909,41,32.19,32.16,31.5,31.44,0.0,0.0,0.0,0.0,45.71,43.43,48.57,46.43,15.0,19.0,21.0,21.0
2012-10-21,201243,15.0,15,15,15,0.12377294,1.7279613,0,1,221100120124319589,2023-08-20,Teresina,0.6841203,868075,,0,0,11,,,,,97405,25.67,32.63,39.84,0.0,44.0,17.0,25.83,0.68469834,23.0,25.77,0.86985004,26.0,25.53,0.9461851,26.0,24.94,0.8796273,20.25,25.7,2.772588722239781,-0.11778303565638337,-0.4054651081081646,-0.523248143764548,-0.523248143764548,42,32.11,32.19,32.16,31.5,0.2,0.0,0.0,0.0,46.57,45.71,43.43,48.57,19.0,21.0,21.0,14.0
2012-10-28,201244,19.0,19,19,19,0.53120655,2.188751,0,1,221100120124419589,2023-08-20,Teresina,1.0256052,868075,,0,0,16,,,,,97405,25.69,31.57,38.2,0.6,53.0,15.0,25.67,0.6841203,17.0,25.83,0.68469834,23.0,25.77,0.86985004,26.0,25.53,0.9461851,18.5,25.74,2.995732273553991,0.2231435513142097,0.10536051565782634,-0.1823215567939549,-0.30010459245033827,43,32.63,32.11,32.19,32.16,0.0,0.2,0.0,0.0,44.0,46.57,45.71,43.43,21.0,21.0,14.0,18.0
2012-11-04,201245,21.0,21,21,21,0.7336689,2.4191458,0,1,221100120124519589,2023-08-20,Teresina,1.2216808,868075,,0,0,21,,,,,97405,26.3,32.07,38.73,0.7,50.57,19.0,25.69,1.0256052,15.0,25.67,0.6841203,17.0,25.83,0.68469834,23.0,25.77,0.86985004,18.0,25.872500000000002,3.091042453358316,0.09531017980432521,0.3184537311185349,0.20067069546215155,-0.08701137698962969,44,31.57,32.63,32.11,32.19,0.6,0.0,0.2,0.0,53.0,44.0,46.57,45.71,21.0,14.0,18.0,21.0
2012-11-11,201246,21.0,21,21,21,0.65939146,2.4191458,0,1,221100120124619589,2023-08-20,Teresina,1.1383374,868075,,0,0,21,,,,,97405,25.79,31.87,38.74,1.3,50.86,21.0,26.3,1.2216808,19.0,25.69,1.0256052,15.0,25.67,0.6841203,17.0,25.83,0.68469834,19.0,25.8625,3.091042453358316,0.0,0.09531017980432521,0.3184537311185349,0.20067069546215155,45,32.07,31.57,32.63,32.11,0.7,0.6,0.0,0.2,50.57,53.0,44.0,46.57,14.0,18.0,21.0,23.0
2012-11-18,201247,14.0,14,14,14,0.15943205,1.6127639,0,1,221100120124719589,2023-08-20,Teresina,0.71063054,868075,,0,0,13,,,,,97405,25.91,32.21,38.94,4.3,50.71,21.0,25.79,1.1383374,21.0,26.3,1.2216808,19.0,25.69,1.0256052,15.0,25.67,0.6841203,18.75,25.9225,2.70805020110221,-0.382992252256106,-0.382992252256106,-0.2876820724517808,-0.06453852113757108,46,31.87,32.07,31.57,32.63,1.3,0.7,0.6,0.0,50.86,50.57,53.0,44.0,18.0,21.0,23.0,18.0
2012-11-25,201248,18.0,18,18,18,0.43958274,2.0735536,0,1,221100120124819589,2023-08-20,Teresina,0.95171547,868075,,0,0,17,,,,,97405,25.34,28.64,33.06,79.9,74.86,14.0,25.91,0.71063054,21.0,25.79,1.1383374,21.0,26.3,1.2216808,19.0,25.69,1.0256052,18.5,25.835,2.9444389791664403,0.2363887780642302,-0.1466034741918758,-0.1466034741918758,-0.05129329438755059,47,32.21,31.87,32.07,31.57,4.3,1.3,0.7,0.6,50.71,50.86,50.57,53.0,21.0,23.0,18.0,7.0
2012-12-02,201249,21.0,21,21,21,0.723036,2.4191458,0,1,221100120124919589,2023-08-20,Teresina,1.2085699,868075,,0,0,18,,,,,97405,24.73,28.69,33.7,12.2,74.86,18.0,25.34,0.95171547,14.0,25.91,0.71063054,21.0,25.79,1.1383374,21.0,26.3,1.2216808,18.5,25.4425,3.091042453358316,0.1466034741918758,0.382992252256106,0.0,0.0,48,28.64,32.21,31.87,32.07,79.9,4.3,1.3,0.7,74.86,50.71,50.86,50.57,23.0,18.0,7.0,26.0
2012-12-09,201250,23.0,23,23,23,0.7792125,2.6495407,0,1,221100120125019589,2023-08-20,Teresina,1.2692335,868075,,0,0,15,,,,,97405,25.03,29.76,35.94,6.5,67.14,21.0,24.73,1.2085699,18.0,25.34,0.95171547,14.0,25.91,0.71063054,21.0,25.79,1.1383374,19.0,25.2525,3.1780538303479458,0.08701137698962969,0.2336148511815055,0.4700036292457357,0.08701137698962969,49,28.69,28.64,32.21,31.87,12.2,79.9,4.3,1.3,74.86,74.86,50.71,50.86,18.0,7.0,26.0,34.0
2012-12-16,201251,18.0,18,18,18,0.3640716,2.0735536,0,1,221100120125119589,2023-08-20,Teresina,0.8945341,868075,,0,0,14,,,,,97405,25.7,30.27,36.23,1.1,63.14,23.0,25.03,1.2692335,21.0,24.73,1.2085699,18.0,25.34,0.95171547,14.0,25.91,0.71063054,20.0,25.200000000000003,2.9444389791664403,-0.2336148511815055,-0.1466034741918758,0.0,0.2363887780642302,50,29.76,28.69,28.64,32.21,6.5,12.2,79.9,4.3,67.14,74.86,74.86,50.71,7.0,26.0,34.0,44.0
2012-12-23,201252,7.0,7,7,7,0.004620469,0.80638194,0,1,221100120125219589,2023-08-20,Teresina,0.34952477,868075,,0,0,7,,,,,97405,25.7,30.47,36.3,2.5,60.71,18.0,25.7,0.8945341,23.0,25.03,1.2692335,21.0,24.73,1.2085699,18.0,25.34,0.95171547,17.25,25.29,2.0794415416798357,-0.8649974374866045,-1.09861228866811,-1.0116009116784803,-0.8649974374866045,51,30.27,29.76,28.69,28.64,1.1,6.5,12.2,79.9,63.14,67.14,74.86,74.86,26.0,34.0,44.0,62.0
2012-12-30,201301,26.0,26,26,26,0.9163637,2.995133,0,1,221100120130119589,2023-08-20,Teresina,1.5240921,868075,,0,1,17,,,,,97405,24.09,27.44,31.84,58.0,80.71,7.0,25.7,0.34952477,18.0,25.7,0.8945341,23.0,25.03,1.2692335,21.0,24.73,1.2085699,18.5,25.13,3.295836866004329,1.2163953243244934,0.35139788683788886,0.11778303565638337,0.20479441264601306,52,30.47,30.27,29.76,28.69,2.5,1.1,6.5,12.2,60.71,63.14,67.14,74.86,34.0,44.0,62.0,52.0
2013-01-06,201302,34.0,34,34,34,0.99362415,3.9167123,0,1,221100120130219589,2023-08-20,Teresina,2.0466774,868075,,1,1,26,,,,,97405,24.67,28.51,33.47,39.9,77.43,26.0,24.09,1.5240921,7.0,25.7,0.34952477,18.0,25.7,0.8945341,23.0,25.03,1.2692335,21.25,25.04,3.5553480614894135,0.2595111954850844,1.4759065198095778,0.6109090823229733,0.37729423114146776,1,27.44,30.47,30.27,29.76,58.0,2.5,1.1,6.5,80.71,60.71,63.14,67.14,44.0,62.0,52.0,36.0
2013-01-13,201303,44.0,44,44,44,0.9937135,5.0686865,0,1,221100120130319589,2023-08-20,Teresina,1.852982,868075,,1,1,32,,,,,97405,24.4,27.77,32.39,47.0,80.14,34.0,24.67,2.0466774,26.0,24.09,1.5240921,7.0,25.7,0.34952477,18.0,25.7,0.8945341,27.75,24.715000000000003,3.8066624897703196,0.2513144282809061,0.5108256237659905,1.7272209480904839,0.8622235106038794,2,28.51,27.44,30.47,30.27,39.9,58.0,2.5,1.1,77.43,80.71,60.71,63.14,62.0,52.0,36.0,63.0
2013-01-20,201304,62.0,62,62,62,0.9978433,7.14224,0,3,221100120130419589,2023-08-20,Teresina,1.8070403,868075,,1,1,41,,,,,97405,24.31,28.17,33.11,34.5,81.86,44.0,24.4,1.852982,34.0,24.67,2.0466774,26.0,24.09,1.5240921,7.0,25.7,0.34952477,41.5,24.3675,4.143134726391533,0.33647223662121295,0.5877866649021191,0.8472978603872034,2.063693184711697,3,27.77,28.51,27.44,30.47,47.0,39.9,58.0,2.5,80.14,77.43,80.71,60.71,52.0,36.0,63.0,84.0
2013-01-27,201305,52.0,52,52,52,0.76152635,5.990266,0,1,221100120130519589,2023-08-20,Teresina,1.154852,868075,,0,1,45,,,,,97405,25.06,29.59,34.77,2.8,69.43,62.0,24.31,1.8070403,44.0,24.4,1.852982,34.0,24.67,2.0466774,26.0,24.09,1.5240921,48.0,24.61,3.970291913552122,-0.1728428128394106,0.16362942378180234,0.41494385206270845,0.6744550475477928,4,28.17,27.77,28.51,27.44,34.5,47.0,39.9,58.0,81.86,80.14,77.43,80.71,36.0,63.0,84.0,95.0
2013-02-03,201306,36.0,36,36,36,0.04411857,4.147107,0,1,221100120130619589,2023-08-20,Teresina,0.69418776,868075,,0,1,27,,,,,97405,25.4,29.74,35.41,7.2,67.29,52.0,25.06,1.154852,62.0,24.31,1.8070403,44.0,24.4,1.852982,34.0,24.67,2.0466774,48.5,24.792499999999997,3.6109179126442243,-0.3593740009078976,-0.5322168137473082,-0.19574457712609528,0.055569851154810834,5,29.59,28.17,27.77,28.51,2.8,34.5,47.0,39.9,69.43,81.86,80.14,77.43,63.0,84.0,95.0,108.0
2013-02-10,201307,63.0,63,63,63,0.8829548,7.257437,0,1,221100120130719589,2023-08-20,Teresina,1.2502645,868075,,0,1,52,,,,,97405,24.06,27.71,34.07,62.5,80.86,36.0,25.4,0.69418776,52.0,25.06,1.154852,62.0,24.31,1.8070403,44.0,24.4,1.852982,53.25,24.707499999999996,4.1588830833596715,0.5479651707154471,0.18859116980754953,0.01574835696813892,0.35222059358935187,6,29.74,29.59,28.17,27.77,7.2,2.8,34.5,47.0,67.29,69.43,81.86,80.14,84.0,95.0,108.0,117.0
2013-02-17,201308,84.0,84,84,84,0.9983366,9.676583,0,1,221100120130819589,2023-08-20,Teresina,1.6709492,868075,,1,1,63,,,,,97405,23.83,27.74,33.31,31.3,82.0,63.0,24.06,1.2502645,36.0,25.4,0.69418776,52.0,25.06,1.154852,62.0,24.31,1.8070403,58.75,24.5875,4.442651256490317,0.2837681731306452,0.8317333438460923,0.4723593429381947,0.2995165300987841,7,27.71,29.74,29.59,28.17,62.5,7.2,2.8,34.5,80.86,67.29,69.43,81.86,95.0,108.0,117.0,117.0
2013-02-24,201309,95.0,95,95,95,0.9955525,10.943755,0,1,221100120130919589,2023-08-20,Teresina,1.5227474,868075,,1,1,80,,,,,97405,25.09,30.09,35.67,1.1,68.0,84.0,23.83,1.6709492,63.0,24.06,1.2502645,36.0,25.4,0.69418776,52.0,25.06,1.154852,69.5,24.595,4.564348191467836,0.12169693497751943,0.4054651081081646,0.9534302788236118,0.5940562779157141,8,27.74,27.71,29.74,29.59,31.3,62.5,7.2,2.8,82.0,80.86,67.29,69.43,108.0,117.0,117.0,97.0
2013-03-03,201310,108.0,108,108,108,0.9807639,12.441321,0,3,221100120131019589,2023-08-20,Teresina,1.3541293,868075,,1,1,87,,,,,97405,25.66,30.47,36.5,6.4,64.86,95.0,25.09,1.5227474,84.0,23.83,1.6709492,63.0,24.06,1.2502645,36.0,25.4,0.69418776,87.5,24.659999999999997,4.6913478822291435,0.12699969076130735,0.24869662573882678,0.532464798869472,1.080429969584919,9,30.09,27.74,27.71,29.74,1.1,31.3,62.5,7.2,68.0,82.0,80.86,67.29,117.0,117.0,97.0,97.0
2013-03-10,201311,117.0,117,117,117,0.9418384,13.478098,0,1,221100120131119589,2023-08-20,Teresina,1.2414732,868075,,0,1,83,,,,,97405,25.41,30.24,36.43,36.0,69.57,108.0,25.66,1.3541293,95.0,25.09,1.5227474,84.0,23.83,1.6709492,63.0,24.06,1.2502645,101.0,24.997500000000002,4.770684624465665,0.07933674223652165,0.206336432997829,0.32803336797534843,0.6118015411059936,10,30.47,30.09,27.74,27.71,6.4,1.1,31.3,62.5,64.86,68.0,82.0,80.86,117.0,97.0,97.0,130.0
2013-03-17,201312,117.0,117,117,117,0.7797096,13.478098,0,1,221100120131219589,2023-08-20,Teresina,1.1087961,868075,,0,1,87,,,,,97405,23.74,27.07,31.81,160.8,86.14,117.0,25.41,1.2414732,108.0,25.66,1.3541293,95.0,25.09,1.5227474,84.0,23.83,1.6709492,109.25,24.975,4.770684624465665,0.0,0.07933674223652165,0.206336432997829,0.32803336797534843,11,30.24,30.47,30.09,27.74,36.0,6.4,1.1,31.3,69.57,64.86,68.0,82.0,97.0,97.0,130.0,107.0
2013-03-24,201313,97.0,97,97,97,0.15122977,11.1741495,0,1,221100120131319589,2023-08-20,Teresina,0.8671035,868075,,0,1,72,,,,,97405,23.81,27.2,32.26,153.4,86.86,117.0,23.74,1.1087961,117.0,25.41,1.2414732,108.0,25.66,1.3541293,95.0,25.09,1.5227474,109.75,24.655,4.584967478670572,-0.1857171457950928,-0.1857171457950928,-0.10638040355857115,0.020619287202736203,12,27.07,30.24,30.47,30.09,160.8,36.0,6.4,1.1,86.14,69.57,64.86,68.0,97.0,130.0,107.0,102.0
2013-03-31,201314,97.0,97,97,97,0.18329428,11.1741495,0,1,221100120131419589,2023-08-20,Teresina,0.88215107,868075,,0,1,62,,,,,97405,23.83,27.7,32.4,56.1,83.43,97.0,23.81,0.8671035,117.0,23.74,1.1087961,117.0,25.41,1.2414732,108.0,25.66,1.3541293,107.0,24.197499999999998,4.584967478670572,0.0,-0.1857171457950928,-0.1857171457950928,-0.10638040355857115,13,27.2,27.07,30.24,30.47,153.4,160.8,36.0,6.4,86.86,86.14,69.57,64.86,130.0,107.0,102.0,71.0
2013-04-07,201315,130.0,130,130,130,0.9538357,14.975664,0,1,221100120131519589,2023-08-20,Teresina,1.2463284,868075,,1,2,96,,,,,97405,23.97,28.26,33.01,117.1,83.0,97.0,23.83,0.88215107,97.0,23.81,0.8671035,117.0,23.74,1.1087961,117.0,25.41,1.2414732,110.25,23.8375,4.875197323201151,0.2902298445305789,0.2902298445305789,0.10451269873548608,0.10451269873548608,14,27.7,27.2,27.07,30.24,56.1,153.4,160.8,36.0,83.43,86.86,86.14,69.57,107.0,102.0,71.0,107.0
2013-04-14,201316,107.0,107,107,107,0.52046955,12.326124,0,1,221100120131619589,2023-08-20,Teresina,1.0070412,868075,,0,1,68,,,,,97405,23.74,27.07,31.69,94.4,87.0,130.0,23.97,1.2463284,97.0,23.83,0.88215107,97.0,23.81,0.8671035,117.0,23.74,1.1087961,107.75,23.8375,4.68213122712422,-0.19306609607693126,0.09716374845364761,0.09716374845364761,-0.08855339734144518,15,28.26,27.7,27.2,27.07,117.1,56.1,153.4,160.8,83.0,83.43,86.86,86.14,102.0,71.0,107.0,114.0
2013-04-21,201317,102.0,102,102,102,0.23617128,11.750136,0,1,221100120131719589,2023-08-20,Teresina,0.9066419,868075,,0,1,71,,,,,97405,23.64,27.46,32.36,29.6,84.57,107.0,23.74,1.0070412,130.0,23.97,1.2463284,97.0,23.83,0.88215107,97.0,23.81,0.8671035,109.0,23.794999999999998,4.634728988229636,-0.04740223889458406,-0.24046833497151532,0.049761509559063555,0.049761509559063555,16,27.07,28.26,27.7,27.2,94.4,117.1,56.1,153.4,87.0,83.0,83.43,86.86,71.0,107.0,114.0,107.0
2013-04-28,201318,71.0,71,71,71,0.002514691,8.179017,0,1,221100120131819589,2023-08-20,Teresina,0.6553429,868075,,0,1,45,,,,,97405,23.56,27.47,31.86,28.2,84.29,102.0,23.64,0.9066419,107.0,23.74,1.0070412,130.0,23.97,1.2463284,97.0,23.83,0.88215107,102.5,23.7275,4.276666119016055,-0.35806286921358055,-0.4054651081081646,-0.5985312041850959,-0.308301359654517,17,27.46,27.07,28.26,27.7,29.6,94.4,117.1,56.1,84.57,87.0,83.0,83.43,107.0,114.0,107.0,73.0
2013-05-05,201319,107.0,107,107,107,0.75853074,12.326124,0,1,221100120131919589,2023-08-20,Teresina,1.1030723,868075,,0,1,76,,,,,97405,23.99,27.41,31.49,35.4,84.0,71.0,23.56,0.6553429,102.0,23.64,0.9066419,107.0,23.74,1.0070412,130.0,23.97,1.2463284,96.75,23.732499999999998,4.68213122712422,0.4054651081081646,0.04740223889458406,0.0,-0.19306609607693126,18,27.47,27.46,27.07,28.26,28.2,29.6,94.4,117.1,84.29,84.57,87.0,83.0,114.0,107.0,73.0,86.0
2013-05-12,201320,114.0,114,114,114,0.94299215,13.132505,0,1,221100120132019589,2023-08-20,Teresina,1.2470185,868075,,0,1,74,,,,,97405,24.11,28.04,32.24,4.1,76.14,107.0,23.99,1.1030723,71.0,23.56,0.6553429,102.0,23.64,0.9066419,107.0,23.74,1.0070412,98.5,23.825,4.74493212836325,0.06280090123903026,0.46826600934719487,0.11020314013361432,0.06280090123903026,19,27.41,27.47,27.46,27.07,35.4,28.2,29.6,94.4,84.0,84.29,84.57,87.0,107.0,73.0,86.0,65.0
2013-05-19,201321,107.0,107,107,107,0.7062331,12.326124,0,1,221100120132119589,2023-08-20,Teresina,1.0783325,868075,,0,1,81,,,,,97405,23.64,27.9,32.64,12.8,79.86,114.0,24.11,1.2470185,107.0,23.99,1.1030723,71.0,23.56,0.6553429,102.0,23.64,0.9066419,99.75,23.825,4.68213122712422,-0.06280090123903026,0.0,0.4054651081081646,0.04740223889458406,20,28.04,27.41,27.47,27.46,4.1,35.4,28.2,29.6,76.14,84.0,84.29,84.57,73.0,86.0,65.0,88.0
2013-05-26,201322,73.0,73,73,73,0.0072364425,8.409411,0,1,221100120132219589,2023-08-20,Teresina,0.69192725,868075,,0,1,60,,,,,97405,23.23,28.31,33.54,0.4,71.86,107.0,23.64,1.0783325,114.0,24.11,1.2470185,107.0,23.99,1.1030723,71.0,23.56,0.6553429,100.25,23.7425,4.30406509320417,-0.37806613392004973,-0.44086703515908,-0.37806613392004973,0.027398974188114877,21,27.9,28.04,27.41,27.47,12.8,4.1,35.4,28.2,79.86,76.14,84.0,84.29,86.0,65.0,88.0,56.0
2013-06-02,201323,86.0,86,86,86,0.17468022,9.906978,0,1,221100120132319589,2023-08-20,Teresina,0.8714678,868075,,0,1,61,,,,,97405,23.16,27.94,33.19,5.7,74.86,73.0,23.23,0.69192725,107.0,23.64,1.0783325,114.0,24.11,1.2470185,107.0,23.99,1.1030723,95.0,23.535,4.465908118654584,0.1618430254504135,-0.21622310846963622,-0.2790240097086665,-0.21622310846963622,22,28.31,27.9,28.04,27.41,0.4,12.8,4.1,35.4,71.86,79.86,76.14,84.0,65.0,88.0,56.0,47.0
2013-06-09,201324,65.0,65,65,65,0.043235485,7.487832,0,1,221100120132419589,2023-08-20,Teresina,0.75606555,868075,,0,1,56,,,,,97405,24.41,28.07,32.29,10.6,70.29,86.0,23.16,0.8714678,73.0,23.23,0.69192725,107.0,23.64,1.0783325,114.0,24.11,1.2470185,82.75,23.61,4.189654742026425,-0.2762533766281585,-0.114410351177745,-0.49247648509779474,-0.555277386336825,23,27.94,28.31,27.9,28.04,5.7,0.4,12.8,4.1,74.86,71.86,79.86,76.14,88.0,56.0,47.0,47.0
2013-06-16,201325,88.0,88,88,88,0.7637419,10.137373,0,1,221100120132519589,2023-08-20,Teresina,1.1174761,868075,,0,1,64,,,,,97405,23.74,28.24,32.9,3.8,69.29,65.0,24.41,0.75606555,86.0,23.16,0.8714678,73.0,23.23,0.69192725,107.0,23.64,1.0783325,78.0,23.634999999999998,4.48863636973214,0.29898162770571446,0.02272825107755594,0.18457127652796945,-0.19349485739208028,24,28.07,27.94,28.31,27.9,10.6,5.7,0.4,12.8,70.29,74.86,71.86,79.86,56.0,47.0,47.0,64.0
2013-06-23,201326,56.0,56,56,56,0.043804187,6.4510555,0,1,221100120132619589,2023-08-20,Teresina,0.74183375,868075,,0,1,32,,,,,97405,23.77,28.16,33.49,9.5,69.14,88.0,23.74,1.1174761,65.0,24.41,0.75606555,86.0,23.16,0.8714678,73.0,23.23,0.69192725,73.75,23.770000000000003,4.04305126783455,-0.4455851018975894,-0.14660347419187492,-0.42285685082003344,-0.2610138253696199,25,28.24,28.07,27.94,28.31,3.8,10.6,5.7,0.4,69.29,70.29,74.86,71.86,47.0,47.0,64.0,38.0
2013-06-30,201327,47.0,47,47,47,0.010708369,5.4142785,0,1,221100120132719589,2023-08-20,Teresina,0.65364754,868075,,0,1,37,,,,,97405,23.44,27.83,33.31,13.5,70.57,56.0,23.77,0.74183375,88.0,23.74,1.1174761,65.0,24.41,0.75606555,86.0,23.16,0.8714678,64.0,23.84,3.871201010907891,-0.17185025692665912,-0.6174353588242485,-0.31845373111853403,-0.5947071077466926,26,28.16,28.24,28.07,27.94,9.5,3.8,10.6,5.7,69.14,69.29,70.29,74.86,47.0,64.0,38.0,50.0
2013-07-07,201328,47.0,47,47,47,0.08157471,5.4142785,0,1,221100120132819589,2023-08-20,Teresina,0.7649133,868075,,0,1,31,,,,,97405,24.06,28.77,34.13,0.0,59.43,47.0,23.44,0.65364754,56.0,23.77,0.74183375,88.0,23.74,1.1174761,65.0,24.41,0.75606555,59.5,23.752499999999998,3.871201010907891,0.0,-0.17185025692665912,-0.6174353588242485,-0.31845373111853403,27,27.83,28.16,28.24,28.07,13.5,9.5,3.8,10.6,70.57,69.14,69.29,70.29,64.0,38.0,50.0,42.0
2013-07-14,201329,64.0,64,64,64,0.86467373,7.372635,0,1,221100120132919589,2023-08-20,Teresina,1.2265333,868075,,0,1,51,,,,,97405,23.69,28.79,34.5,4.4,63.14,47.0,24.06,0.7649133,47.0,23.44,0.65364754,56.0,23.77,0.74183375,88.0,23.74,1.1174761,53.5,23.740000000000002,4.174387269895637,0.30318625898774565,0.30318625898774565,0.13133600206108653,-0.31424909983650284,28,28.77,27.83,28.16,28.24,0.0,13.5,9.5,3.8,59.43,70.57,69.14,69.29,38.0,50.0,42.0,20.0
2013-07-21,201330,38.0,38,38,38,0.081472814,4.377502,0,1,221100120133019589,2023-08-20,Teresina,0.7438871,868075,,0,1,33,,,,,97405,23.74,29.1,35.14,2.7,62.29,64.0,23.69,1.2265333,47.0,24.06,0.7649133,47.0,23.44,0.65364754,56.0,23.77,0.74183375,49.0,23.732499999999998,3.6635616461296463,-0.5108256237659905,-0.20763936477824485,-0.20763936477824485,-0.37948962170490397,29,28.79,28.77,27.83,28.16,4.4,0.0,13.5,9.5,63.14,59.43,70.57,69.14,50.0,42.0,20.0,34.0
2013-07-28,201331,50.0,50,50,50,0.43679705,5.759871,0,1,221100120133119589,2023-08-20,Teresina,0.9690486,868075,,0,1,39,,,,,97405,23.69,29.46,35.34,0.0,47.71,38.0,23.74,0.7438871,64.0,23.69,1.2265333,47.0,24.06,0.7649133,47.0,23.44,0.65364754,49.75,23.794999999999998,3.9318256327243257,0.2682639865946794,-0.24256163717131107,0.060624621816434576,0.060624621816434576,30,29.1,28.79,28.77,27.83,2.7,4.4,0.0,13.5,62.29,63.14,59.43,70.57,42.0,20.0,34.0,25.0
2013-08-04,201332,42.0,42,42,42,0.27040496,4.8382916,0,1,221100120133219589,2023-08-20,Teresina,0.8792941,868075,,0,1,32,,,,,97405,23.91,29.56,35.26,0.0,48.71,50.0,23.69,0.9690486,38.0,23.74,0.7438871,64.0,23.69,1.2265333,47.0,24.06,0.7649133,48.5,23.7575,3.7612001156935624,-0.17062551703076334,0.09763846956391609,-0.4131871542020744,-0.11000089521432876,31,29.46,29.1,28.79,28.77,0.0,2.7,4.4,0.0,47.71,62.29,63.14,59.43,20.0,34.0,25.0,39.0
2013-08-11,201333,20.0,20,20,20,0.0010925548,2.3039484,0,1,221100120133319589,2023-08-20,Teresina,0.45398125,868075,,0,0,17,,,,,97405,25.04,30.07,35.99,0.6,57.43,42.0,23.91,0.8792941,50.0,23.69,0.9690486,38.0,23.74,0.7438871,64.0,23.69,1.2265333,37.5,24.095,3.044522437723423,-0.7166776779701394,-0.8873031950009027,-0.6190392084062233,-1.1298648321722138,32,29.56,29.46,29.1,28.79,0.0,0.0,2.7,4.4,48.71,47.71,62.29,63.14,34.0,25.0,39.0,32.0
2013-08-18,201334,34.0,34,34,34,0.32298455,3.9167123,0,1,221100120133419589,2023-08-20,Teresina,0.8977876,868075,,0,1,26,,,,,97405,25.0,29.94,35.44,0.2,53.29,20.0,25.04,0.45398125,42.0,23.91,0.8792941,50.0,23.69,0.9690486,38.0,23.74,0.7438871,36.5,24.41,3.5553480614894135,0.5108256237659905,-0.20585205420414887,-0.3764775712349122,-0.10821358464023279,33,30.07,29.56,29.46,29.1,0.6,0.0,0.0,2.7,57.43,48.71,47.71,62.29,25.0,39.0,32.0,29.0
2013-08-25,201335,25.0,25,25,25,0.22461551,2.8799355,0,1,221100120133519589,2023-08-20,Teresina,0.8171273,868075,,0,0,21,,,,,97405,24.51,30.09,36.1,0.7,54.57,34.0,25.0,0.8977876,20.0,25.04,0.45398125,42.0,23.91,0.8792941,50.0,23.69,0.9690486,30.25,24.615000000000002,3.258096538021482,-0.2972515234679314,0.21357410029805912,-0.5031035776720802,-0.6737290947028436,34,29.94,30.07,29.56,29.46,0.2,0.6,0.0,0.0,53.29,57.43,48.71,47.71,39.0,32.0,29.0,19.0
2013-09-01,201336,39.0,39,39,39,0.8879058,4.492699,0,1,221100120133619589,2023-08-20,Teresina,1.3423853,868075,,0,1,36,,,,,97405,24.91,30.43,36.21,0.0,53.14,25.0,24.51,0.8171273,34.0,25.0,0.8977876,20.0,25.04,0.45398125,42.0,23.91,0.8792941,29.5,24.865000000000002,3.6888794541139363,0.4307829160924541,0.13353139262452274,0.6443570163905132,-0.07232066157962613,35,30.09,29.94,30.07,29.56,0.7,0.2,0.6,0.0,54.57,53.29,57.43,48.71,32.0,29.0,19.0,31.0
2013-09-08,201337,32.0,32,32,32,0.56878024,3.6863174,0,1,221100120133719589,2023-08-20,Teresina,1.0444602,868075,,0,1,28,,,,,97405,25.93,30.91,36.41,0.0,44.86,39.0,24.91,1.3423853,25.0,24.51,0.8171273,34.0,25.0,0.8977876,20.0,25.04,0.45398125,32.5,25.0875,3.4965075614664802,-0.19237189264745602,0.2384110234449981,-0.058840500022933284,0.4519851237430572,36,30.43,30.09,29.94,30.07,0.0,0.7,0.2,0.6,53.14,54.57,53.29,57.43,29.0,19.0,31.0,25.0
2013-09-15,201338,29.0,29,29,29,0.31113702,3.3407252,0,1,221100120133819589,2023-08-20,Teresina,0.88288546,868075,,0,1,26,,,,,97405,24.94,31.1,37.59,0.0,44.86,32.0,25.93,1.0444602,39.0,24.91,1.3423853,25.0,24.51,0.8171273,34.0,25.0,0.8977876,31.25,25.0725,3.4011973816621555,-0.09531017980432477,-0.2876820724517808,0.14310084364067333,-0.15415067982725805,37,30.91,30.43,30.09,29.94,0.0,0.0,0.7,0.2,44.86,53.14,54.57,53.29,19.0,31.0,25.0,34.0
2013-09-22,201339,19.0,19,19,19,0.034799498,2.188751,0,1,221100120133919589,2023-08-20,Teresina,0.5984405,868075,,0,0,15,,,,,97405,24.86,30.81,37.59,0.5,56.0,29.0,24.94,0.88288546,32.0,25.93,1.0444602,39.0,24.91,1.3423853,25.0,24.51,0.8171273,29.75,25.16,2.995732273553991,-0.4054651081081646,-0.5007752879124894,-0.6931471805599454,-0.2623642644674913,38,31.1,30.91,30.43,30.09,0.0,0.0,0.0,0.7,44.86,44.86,53.14,54.57,31.0,25.0,34.0,15.0
2013-09-29,201340,31.0,31,31,31,0.6626748,3.57112,0,1,221100120134019589,2023-08-20,Teresina,1.1149243,868075,,0,1,22,,,,,97405,24.59,31.11,37.8,0.0,51.29,19.0,24.86,0.5984405,29.0,24.94,0.88288546,32.0,25.93,1.0444602,39.0,24.91,1.3423853,27.75,25.08,3.4657359027997265,0.4700036292457357,0.06453852113757108,-0.030771658666753687,-0.2231435513142097,39,30.81,31.1,30.91,30.43,0.5,0.0,0.0,0.0,56.0,44.86,44.86,53.14,25.0,34.0,15.0,20.0
2013-10-06,201341,25.0,25,25,25,0.48006085,2.8799355,0,1,221100120134119589,2023-08-20,Teresina,0.9861205,868075,,0,0,20,,,,,97405,25.19,30.39,36.21,0.4,57.14,31.0,24.59,1.1149243,19.0,24.86,0.5984405,29.0,24.94,0.88288546,32.0,25.93,1.0444602,26.0,24.895,3.258096538021482,-0.2076393647782444,0.2623642644674913,-0.14310084364067333,-0.2384110234449981,40,31.11,30.81,31.1,30.91,0.0,0.5,0.0,0.0,51.29,56.0,44.86,44.86,34.0,15.0,20.0,19.0
2013-10-13,201342,34.0,34,34,34,0.8323718,3.9167123,0,1,221100120134219589,2023-08-20,Teresina,1.2800034,868075,,0,1,26,,,,,97405,25.74,31.51,37.24,0.0,49.14,25.0,25.19,0.9861205,31.0,24.59,1.1149243,19.0,24.86,0.5984405,29.0,24.94,0.88288546,27.25,25.095,3.5553480614894135,0.2972515234679314,0.08961215868968697,0.5596157879354227,0.15415067982725805,41,30.39,31.11,30.81,31.1,0.4,0.0,0.5,0.0,57.14,51.29,56.0,44.86,15.0,20.0,19.0,30.0
2013-10-20,201343,15.0,15,15,15,0.024175884,1.7279613,0,1,221100120134319589,2023-08-20,Teresina,0.54209924,868075,,0,0,10,,,,,97405,25.6,31.26,37.51,0.2,52.57,34.0,25.74,1.2800034,25.0,25.19,0.9861205,31.0,24.59,1.1149243,19.0,24.86,0.5984405,26.25,25.28,2.772588722239781,-0.7827593392496324,-0.485507815781701,-0.6931471805599454,-0.2231435513142097,42,31.51,30.39,31.11,30.81,0.0,0.4,0.0,0.5,49.14,57.14,51.29,56.0,20.0,19.0,30.0,13.0
2013-10-27,201344,20.0,20,20,20,0.18251352,2.3039484,0,1,221100120134419589,2023-08-20,Teresina,0.7667377,868075,,0,0,12,,,,,97405,25.24,30.69,36.8,2.5,57.57,15.0,25.6,0.54209924,34.0,25.74,1.2800034,25.0,25.19,0.9861205,31.0,24.59,1.1149243,23.5,25.4425,3.044522437723423,0.27193371548364187,-0.5108256237659905,-0.21357410029805912,-0.42121346507630353,43,31.26,31.51,30.39,31.11,0.2,0.0,0.4,0.0,52.57,49.14,57.14,51.29,19.0,30.0,13.0,25.0
2013-11-03,201345,19.0,19,19,19,0.34192628,2.188751,0,1,221100120134519589,2023-08-20,Teresina,0.8810111,868075,,0,0,12,,,,,97405,24.71,29.44,35.17,25.3,66.14,20.0,25.24,0.7667377,15.0,25.6,0.54209924,34.0,25.74,1.2800034,25.0,25.19,0.9861205,22.0,25.322499999999998,2.995732273553991,-0.04879016416943216,0.2231435513142097,-0.5596157879354227,-0.2623642644674913,44,30.69,31.26,31.51,30.39,2.5,0.2,0.0,0.4,57.57,52.57,49.14,57.14,30.0,13.0,25.0,18.0
2013-11-10,201346,30.0,30,30,30,0.9287746,3.4559226,0,1,221100120134619589,2023-08-20,Teresina,1.5169715,868075,,0,1,26,,,,,97405,25.56,29.97,34.87,4.3,61.86,19.0,24.71,0.8810111,20.0,25.24,0.7667377,15.0,25.6,0.54209924,34.0,25.74,1.2800034,21.0,25.2775,3.4339872044851463,0.4382549309311554,0.38946476676172326,0.6613984822453651,-0.12136085700426724,45,29.44,30.69,31.26,31.51,25.3,2.5,0.2,0.0,66.14,57.57,52.57,49.14,13.0,25.0,18.0,24.0
2013-11-17,201347,13.0,13,13,13,0.0736802,1.4975665,0,1,221100120134719589,2023-08-20,Teresina,0.609063,868075,,0,0,7,,,,,97405,25.44,30.24,35.79,12.3,57.71,30.0,25.56,1.5169715,19.0,24.71,0.8810111,20.0,25.24,0.7667377,15.0,25.6,0.54209924,20.5,25.237499999999997,2.6390573296152584,-0.7949298748698879,-0.35667494393873245,-0.4054651081081646,-0.13353139262452274,46,29.97,29.44,30.69,31.26,4.3,25.3,2.5,0.2,61.86,66.14,57.57,52.57,25.0,18.0,24.0,17.0
2013-11-24,201348,25.0,25,25,25,0.65890896,2.8799355,0,1,221100120134819589,2023-08-20,Teresina,1.1255182,868075,,0,0,24,,,,,97405,24.39,28.63,33.94,18.4,72.71,13.0,25.44,0.609063,30.0,25.56,1.5169715,19.0,24.71,0.8810111,20.0,25.24,0.7667377,21.75,25.025,3.258096538021482,0.6190392084062237,-0.17589066646366414,0.2623642644674913,0.21357410029805912,47,30.24,29.97,29.44,30.69,12.3,4.3,25.3,2.5,57.71,61.86,66.14,57.57,18.0,24.0,17.0,15.0
2013-12-01,201349,18.0,18,18,18,0.33704847,2.0735536,0,1,221100120134919589,2023-08-20,Teresina,0.8745081,868075,,0,0,13,,,,,97405,25.09,30.07,36.0,0.9,60.86,25.0,24.39,1.1255182,13.0,25.44,0.609063,30.0,25.56,1.5169715,19.0,24.71,0.8810111,21.5,25.12,2.9444389791664403,-0.3136575588550419,0.30538164955118186,-0.489548225318706,-0.05129329438755059,48,28.63,30.24,29.97,29.44,18.4,12.3,4.3,25.3,72.71,57.71,61.86,66.14,24.0,17.0,15.0,17.0
2013-12-08,201350,24.0,24,24,24,0.7031634,2.764738,0,1,221100120135019589,2023-08-20,Teresina,1.172043,868075,,0,0,15,,,,,97405,25.23,30.31,36.3,2.7,60.14,18.0,25.09,0.8745081,25.0,24.39,1.1255182,13.0,25.44,0.609063,30.0,25.56,1.5169715,20.0,25.0375,3.2188758248682006,0.2744368457017603,-0.03922071315328157,0.5798184952529422,-0.2151113796169457,49,30.07,28.63,30.24,29.97,0.9,18.4,12.3,4.3,60.86,72.71,57.71,61.86,17.0,15.0,17.0,39.0
2013-12-15,201351,17.0,17,17,17,0.2661941,1.9583561,0,1,221100120135119589,2023-08-20,Teresina,0.81759137,868075,,0,0,13,,,,,97405,24.57,27.5,31.44,55.9,79.14,24.0,25.23,1.172043,18.0,25.09,0.8745081,25.0,24.39,1.1255182,13.0,25.44,0.609063,21.0,24.82,2.8903717578961645,-0.32850406697203605,-0.054067221270275745,-0.3677247801253176,0.2513144282809061,50,30.31,30.07,28.63,30.24,2.7,0.9,18.4,12.3,60.14,60.86,72.71,57.71,15.0,17.0,39.0,38.0
2013-12-22,201352,15.0,15,15,15,0.18434851,1.7279613,0,1,221100120135219589,2023-08-20,Teresina,0.7401966,868075,,0,0,12,,,,,97405,24.9,29.56,34.89,2.1,68.29,17.0,24.57,0.81759137,24.0,25.23,1.172043,18.0,25.09,0.8745081,25.0,24.39,1.1255182,18.5,24.9475,2.772588722239781,-0.11778303565638337,-0.4462871026284194,-0.17185025692665912,-0.485507815781701,51,27.5,30.31,30.07,28.63,55.9,2.7,0.9,18.4,79.14,60.14,60.86,72.71,17.0,39.0,38.0,44.0
2013-12-29,201401,17.0,17,17,17,0.41752115,1.9583561,0,1,221100120140119589,2023-08-20,Teresina,0.93298215,868075,,0,0,15,,,,,97405,24.73,29.47,35.29,4.5,65.29,15.0,24.9,0.7401966,17.0,24.57,0.81759137,24.0,25.23,1.172043,18.0,25.09,0.8745081,18.25,24.8575,2.8903717578961645,0.11778303565638337,0.0,-0.32850406697203605,-0.054067221270275745,52,29.56,27.5,30.31,30.07,2.1,55.9,2.7,0.9,68.29,79.14,60.14,60.86,39.0,38.0,44.0,38.0
2014-01-05,201402,39.0,39,39,39,0.9980547,4.492699,0,1,221100120140219589,2023-08-20,Teresina,2.2039242,868075,,1,1,28,,,,,97405,23.33,27.53,33.3,50.0,76.43,17.0,24.73,0.93298215,15.0,24.9,0.7401966,17.0,24.57,0.81759137,24.0,25.23,1.172043,22.0,24.3825,3.6888794541139363,0.7985076962177717,0.9162907318741551,0.7985076962177717,0.4700036292457357,1,29.47,29.56,27.5,30.31,4.5,2.1,55.9,2.7,65.29,68.29,79.14,60.14,38.0,44.0,38.0,44.0
2014-01-12,201403,38.0,38,38,38,0.9746982,4.377502,0,1,221100120140319589,2023-08-20,Teresina,1.6574525,868075,,1,1,29,,,,,97405,23.44,27.23,32.17,45.0,82.57,39.0,23.33,2.2039242,17.0,24.73,0.93298215,15.0,24.9,0.7401966,17.0,24.57,0.81759137,27.25,24.1,3.6635616461296463,-0.025317807984289953,0.7731898882334818,0.8909729238898652,0.7731898882334818,2,27.53,29.47,29.56,27.5,50.0,4.5,2.1,55.9,76.43,65.29,68.29,79.14,44.0,38.0,44.0,64.0
2014-01-19,201404,44.0,44,44,44,0.914752,5.0686865,0,1,221100120140419589,2023-08-20,Teresina,1.3693861,868075,,0,1,32,,,,,97405,24.07,27.4,31.76,39.2,81.14,38.0,23.44,1.6574525,39.0,23.33,2.2039242,17.0,24.73,0.93298215,15.0,24.9,0.7401966,34.5,23.8925,3.8066624897703196,0.14310084364067333,0.11778303565638337,0.9162907318741551,1.0340737675305385,3,27.23,27.53,29.47,29.56,45.0,50.0,4.5,2.1,82.57,76.43,65.29,68.29,38.0,44.0,64.0,48.0
2014-01-26,201405,38.0,38,38,38,0.48706585,4.377502,0,1,221100120140519589,2023-08-20,Teresina,0.9926422,868075,,0,1,25,,,,,97405,23.07,26.61,31.66,42.6,84.57,44.0,24.07,1.3693861,38.0,23.44,1.6574525,39.0,23.33,2.2039242,17.0,24.73,0.93298215,39.75,23.477500000000003,3.6635616461296463,-0.14310084364067333,0.0,-0.025317807984289953,0.7731898882334818,4,27.4,27.23,27.53,29.47,39.2,45.0,50.0,4.5,81.14,82.57,76.43,65.29,44.0,64.0,48.0,62.0
2014-02-02,201406,44.0,44,44,44,0.64894825,5.0686865,0,1,221100120140619589,2023-08-20,Teresina,1.0863699,868075,,0,1,37,,,,,97405,23.5,26.97,31.6,40.8,84.0,38.0,23.07,0.9926422,44.0,24.07,1.3693861,38.0,23.44,1.6574525,39.0,23.33,2.2039242,41.0,23.520000000000003,3.8066624897703196,0.14310084364067333,0.0,0.14310084364067333,0.11778303565638337,5,26.61,27.4,27.23,27.53,42.6,39.2,45.0,50.0,84.57,81.14,82.57,76.43,64.0,48.0,62.0,52.0
2014-02-09,201407,64.0,64,64,64,0.9837604,7.372635,0,1,221100120140719589,2023-08-20,Teresina,1.5189111,868075,,1,1,48,,,,,97405,23.31,26.41,30.86,78.6,87.71,44.0,23.5,1.0863699,38.0,23.07,0.9926422,44.0,24.07,1.3693861,38.0,23.44,1.6574525,47.5,23.487499999999997,4.174387269895637,0.3677247801253172,0.5108256237659905,0.3677247801253172,0.5108256237659905,6,26.97,26.61,27.4,27.23,40.8,42.6,39.2,45.0,84.0,84.57,81.14,82.57,48.0,62.0,52.0,58.0
2014-02-16,201408,48.0,48,48,48,0.52561337,5.529476,0,1,221100120140819589,2023-08-20,Teresina,1.0131862,868075,,0,1,40,,,,,97405,23.16,26.37,30.7,81.9,86.14,64.0,23.31,1.5189111,44.0,23.5,1.0863699,38.0,23.07,0.9926422,44.0,24.07,1.3693861,48.5,23.26,3.8918202981106265,-0.28256697178501033,0.08515780834030684,0.22825865198098017,0.08515780834030684,7,26.41,26.97,26.61,27.4,78.6,40.8,42.6,39.2,87.71,84.0,84.57,81.14,62.0,52.0,58.0,69.0
2014-02-23,201409,62.0,62,62,62,0.7894556,7.14224,0,1,221100120140919589,2023-08-20,Teresina,1.1612041,868075,,0,1,52,,,,,97405,23.77,27.69,32.34,16.9,82.71,48.0,23.16,1.0131862,64.0,23.31,1.5189111,44.0,23.5,1.0863699,38.0,23.07,0.9926422,54.5,23.435,4.143134726391533,0.2513144282809061,-0.031252543504104224,0.33647223662121295,0.4795730802618863,8,26.37,26.41,26.97,26.61,81.9,78.6,40.8,42.6,86.14,87.71,84.0,84.57,52.0,58.0,69.0,64.0
2014-03-02,201410,52.0,52,52,52,0.38564143,5.990266,0,1,221100120141019589,2023-08-20,Teresina,0.94554,868075,,0,1,46,,,,,97405,23.53,26.63,30.97,30.4,86.43,62.0,23.77,1.1612041,48.0,23.16,1.0131862,64.0,23.31,1.5189111,44.0,23.5,1.0863699,56.5,23.4425,3.970291913552122,-0.1728428128394106,0.0784716154414955,-0.20409535634351483,0.16362942378180234,9,27.69,26.37,26.41,26.97,16.9,81.9,78.6,40.8,82.71,86.14,87.71,84.0,58.0,69.0,64.0,100.0
2014-03-09,201411,58.0,58,58,58,0.5850133,6.6814504,0,1,221100120141119589,2023-08-20,Teresina,1.0409461,868075,,0,1,45,,,,,97405,23.3,26.66,31.21,80.6,87.43,52.0,23.53,0.94554,62.0,23.77,1.1612041,48.0,23.16,1.0131862,64.0,23.31,1.5189111,55.0,23.44,4.07753744390572,0.10724553035359774,-0.06559728248581287,0.18571714579509324,-0.0968498259899171,10,26.63,27.69,26.37,26.41,30.4,16.9,81.9,78.6,86.43,82.71,86.14,87.71,69.0,64.0,100.0,96.0
2014-03-16,201412,69.0,69,69,69,0.870978,7.9486217,0,1,221100120141219589,2023-08-20,Teresina,1.2236644,868075,,0,1,57,,,,,97405,23.46,27.36,32.33,61.0,85.29,58.0,23.3,1.0409461,52.0,23.53,0.94554,62.0,23.77,1.1612041,48.0,23.16,1.0131862,60.25,23.515,4.248495242049359,0.17095779814363965,0.2782033284972374,0.10536051565782678,0.3566749439387329,11,26.66,26.63,27.69,26.37,80.6,30.4,16.9,81.9,87.43,86.43,82.71,86.14,64.0,100.0,96.0,90.0
2014-03-23,201413,64.0,64,64,64,0.6597357,7.372635,0,1,221100120141319589,2023-08-20,Teresina,1.0766919,868075,,0,1,54,,,,,97405,23.41,27.2,31.96,43.5,85.43,69.0,23.46,1.2236644,58.0,23.3,1.0409461,52.0,23.53,0.94554,62.0,23.77,1.1612041,60.75,23.425,4.174387269895637,-0.07410797215372256,0.0968498259899171,0.20409535634351483,0.031252543504104224,12,27.36,26.66,26.63,27.69,61.0,80.6,30.4,16.9,85.29,87.43,86.43,82.71,100.0,96.0,90.0,137.0
2014-03-30,201414,100.0,100,100,100,0.9964853,11.519742,0,1,221100120141419589,2023-08-20,Teresina,1.5258937,868075,,1,1,84,,,,,97405,23.4,26.79,31.51,67.4,86.43,64.0,23.41,1.0766919,69.0,23.46,1.2236644,58.0,23.3,1.0409461,52.0,23.53,0.94554,72.75,23.3925,4.61512051684126,0.4407332469456229,0.3666252747919003,0.53758307293554,0.6448286032891377,13,27.2,27.36,26.66,26.63,43.5,61.0,80.6,30.4,85.43,85.29,87.43,86.43,96.0,90.0,137.0,173.0
2014-04-06,201415,96.0,96,96,96,0.946695,11.058952,0,1,221100120141519589,2023-08-20,Teresina,1.280362,868075,,0,1,78,,,,,97405,23.5,26.86,31.8,94.3,87.29,100.0,23.4,1.5258937,64.0,23.41,1.0766919,69.0,23.46,1.2236644,58.0,23.3,1.0409461,82.25,23.442500000000003,4.574710978503383,-0.04040953833787686,0.400323708607746,0.32621573645402346,0.4971735345976631,14,26.79,27.2,27.36,26.66,67.4,43.5,61.0,80.6,86.43,85.43,85.29,87.43,90.0,137.0,173.0,180.0
2014-04-13,201416,90.0,90,90,90,0.5758383,10.367767,0,1,221100120141619589,2023-08-20,Teresina,1.029063,868075,,0,1,76,,,,,97405,23.63,27.1,31.8,47.4,86.14,96.0,23.5,1.280362,100.0,23.4,1.5258937,64.0,23.41,1.0766919,69.0,23.46,1.2236644,87.5,23.485,4.51085950651685,-0.06385147198653307,-0.10426101032440993,0.33647223662121295,0.2623642644674904,15,26.86,26.79,27.2,27.36,94.3,67.4,43.5,61.0,87.29,86.43,85.43,85.29,137.0,173.0,180.0,192.0
2014-04-20,201417,137.0,137,137,137,0.9969128,15.782046,0,1,221100120141719589,2023-08-20,Teresina,1.4354761,868075,,1,2,118,,,,,97405,23.9,27.37,31.86,27.6,86.71,90.0,23.63,1.029063,96.0,23.5,1.280362,100.0,23.4,1.5258937,64.0,23.41,1.0766919,105.75,23.607499999999998,4.927253685157205,0.41639417864035533,0.35254270665382226,0.3121331683159454,0.7528664152615683,16,27.1,26.86,26.79,27.2,47.4,94.3,67.4,43.5,86.14,87.29,86.43,85.43,173.0,180.0,192.0,217.0
2014-04-27,201418,173.0,173,173,173,0.9999605,19.929153,0,4,221100120141819589,2023-08-20,Teresina,1.6120545,868075,,1,2,144,,,,,97405,23.87,26.83,30.63,51.6,85.29,137.0,23.9,1.4354761,90.0,23.63,1.029063,96.0,23.5,1.280362,100.0,23.4,1.5258937,124.0,23.725,5.159055299214529,0.23180161405732402,0.6481957926976794,0.5843443207111463,0.5439347823732694,17,27.37,27.1,26.86,26.79,27.6,47.4,94.3,67.4,86.71,86.14,87.29,86.43,180.0,192.0,217.0,197.0
2014-05-04,201419,180.0,180,180,180,0.99567586,20.735535,0,4,221100120141919589,2023-08-20,Teresina,1.3468341,868075,,1,2,161,,,,,97405,23.83,27.29,31.63,21.2,85.71,173.0,23.87,1.6120545,137.0,23.9,1.4354761,90.0,23.63,1.029063,96.0,23.5,1.280362,145.0,23.8075,5.198497031265826,0.039441732051296974,0.271243346108621,0.6876375247489763,0.6237860527624433,18,26.83,27.37,27.1,26.86,51.6,27.6,47.4,94.3,85.29,86.71,86.14,87.29,192.0,217.0,197.0,253.0
2014-05-11,201420,192.0,192,192,192,0.9486046,22.117905,0,4,221100120142019589,2023-08-20,Teresina,1.1896933,868075,,0,2,174,,,,,97405,24.2,27.26,31.43,12.7,85.0,180.0,23.83,1.3468341,173.0,23.87,1.6120545,137.0,23.9,1.4354761,90.0,23.63,1.029063,170.5,23.95,5.262690188904886,0.06419315763905953,0.1036348896903565,0.3354365037476805,0.7518306823880359,19,27.29,26.83,27.37,27.1,21.2,51.6,27.6,47.4,85.71,85.29,86.71,86.14,217.0,197.0,253.0,250.0
2014-05-18,201421,217.0,217,217,217,0.969847,24.99784,0,4,221100120142119589,2023-08-20,Teresina,1.2078801,868075,,1,2,202,,,,,97405,23.81,27.54,32.24,9.8,85.43,192.0,24.2,1.1896933,180.0,23.83,1.3468341,173.0,23.87,1.6120545,137.0,23.9,1.4354761,190.5,23.927500000000002,5.384495062789089,0.12180487388420325,0.18599803152326277,0.22543976357455975,0.45724137763188377,20,27.26,27.29,26.83,27.37,12.7,21.2,51.6,27.6,85.0,85.71,85.29,86.71,197.0,253.0,250.0,209.0
2014-05-25,201422,197.0,197,197,197,0.5752522,22.693892,0,4,221100120142219589,2023-08-20,Teresina,1.019377,868075,,0,2,180,,,,,97405,23.69,27.24,31.83,23.1,82.71,217.0,23.81,1.2078801,192.0,24.2,1.1896933,180.0,23.83,1.3468341,173.0,23.87,1.6120545,196.5,23.8825,5.288267030694535,-0.09622803209455366,0.025576841789649585,0.08976999942870911,0.1292117314800061,21,27.54,27.26,27.29,26.83,9.8,12.7,21.2,51.6,85.43,85.0,85.71,85.29,253.0,250.0,209.0,208.0
2014-06-01,201423,253.0,253,253,253,0.98789877,29.144947,0,4,221100120142319589,2023-08-20,Teresina,1.2349876,868075,,1,2,243,,,,,97405,23.4,28.17,33.01,0.1,73.57,197.0,23.69,1.019377,217.0,23.81,1.2078801,192.0,24.2,1.1896933,180.0,23.83,1.3468341,214.75,23.775,5.537334267018537,0.2490672363240014,0.15283920422944774,0.274644078113651,0.3388372357527105,22,27.24,27.54,27.26,27.29,23.1,9.8,12.7,21.2,82.71,85.43,85.0,85.71,250.0,209.0,208.0,170.0
2014-06-08,201424,250.0,250,250,250,0.9368577,28.799355,0,4,221100120142419589,2023-08-20,Teresina,1.152058,868075,,0,2,229,,,,,97405,23.74,28.33,33.1,0.7,66.29,253.0,23.4,1.2349876,197.0,23.69,1.019377,217.0,23.81,1.2078801,192.0,24.2,1.1896933,229.25,23.659999999999997,5.5254529391317835,-0.011881327886753112,0.2371859084372483,0.14095787634269463,0.2627627502268979,23,28.17,27.24,27.54,27.26,0.1,23.1,9.8,12.7,73.57,82.71,85.43,85.0,209.0,208.0,170.0,160.0
2014-06-15,201425,209.0,209,209,209,0.12683655,24.076262,0,4,221100120142519589,2023-08-20,Teresina,0.8971161,868075,,0,2,187,,,,,97405,24.4,28.39,33.03,0.4,70.29,250.0,23.74,1.152058,253.0,23.4,1.2349876,197.0,23.69,1.019377,217.0,23.81,1.2078801,227.25,23.807499999999997,5.3471075307174685,-0.178345408414315,-0.19022673630106812,0.058840500022933284,-0.03738753207162038,24,28.33,28.17,27.24,27.54,0.7,0.1,23.1,9.8,66.29,73.57,82.71,85.43,208.0,170.0,160.0,187.0
2014-06-22,201426,208.0,208,208,208,0.1045963,23.961063,0,4,221100120142619589,2023-08-20,Teresina,0.8874475,868075,,0,2,181,,,,,97405,24.27,28.71,33.41,0.9,65.14,209.0,24.4,0.8971161,250.0,23.74,1.152058,253.0,23.4,1.2349876,197.0,23.69,1.019377,230.0,23.952499999999997,5.342334251964811,-0.004773278752657539,-0.18311868716697255,-0.19500001505372566,0.054067221270275745,25,28.39,28.33,28.17,27.24,0.4,0.7,0.1,23.1,70.29,66.29,73.57,82.71,170.0,160.0,187.0,139.0
2014-06-29,201427,170.0,170,170,170,0.007347229,19.58356,0,4,221100120142719589,2023-08-20,Teresina,0.78002363,868075,,0,2,150,,,,,97405,24.07,28.34,33.54,4.6,68.57,208.0,24.27,0.8874475,209.0,24.4,0.8971161,250.0,23.74,1.152058,253.0,23.4,1.2349876,209.25,24.12,5.14166355650266,-0.20067069546215066,-0.2054439742148082,-0.3837893826291232,-0.3956707105158763,26,28.71,28.39,28.33,28.17,0.9,0.4,0.7,0.1,65.14,70.29,66.29,73.57,160.0,187.0,139.0,93.0
2014-07-06,201428,160.0,160,160,160,0.022154411,18.431587,0,4,221100120142819589,2023-08-20,Teresina,0.80819863,868075,,0,2,136,,,,,97405,23.6,28.49,33.61,1.5,60.43,170.0,24.07,0.78002363,208.0,24.27,0.8874475,209.0,24.4,0.8971161,250.0,23.74,1.152058,186.75,24.085,5.081404364984463,-0.06025919151819714,-0.2609298869803478,-0.26570316573300534,-0.44404857414732035,27,28.34,28.71,28.39,28.33,4.6,0.9,0.4,0.7,68.57,65.14,70.29,66.29,187.0,139.0,93.0,87.0
2014-07-13,201429,187.0,187,187,187,0.6547381,21.541918,0,4,221100120142919589,2023-08-20,Teresina,1.0424334,868075,,0,2,152,,,,,97405,24.13,28.6,33.49,0.4,61.0,160.0,23.6,0.80819863,170.0,24.07,0.78002363,208.0,24.27,0.8874475,209.0,24.4,0.8971161,181.25,24.0175,5.236441962829949,0.1550375978454861,0.09477840632728896,-0.1058922891348617,-0.11066556788751925,28,28.49,28.34,28.71,28.39,1.5,4.6,0.9,0.4,60.43,68.57,65.14,70.29,139.0,93.0,87.0,74.0
2014-07-20,201430,139.0,139,139,139,0.038993858,16.012442,0,4,221100120143019589,2023-08-20,Teresina,0.8180837,868075,,0,2,111,,,,,97405,24.03,28.97,34.36,0.1,55.71,187.0,24.13,1.0424334,160.0,23.6,0.80819863,170.0,24.07,0.78002363,208.0,24.27,0.8874475,164.0,23.957500000000003,4.941642422609304,-0.29479954022064536,-0.13976194237515926,-0.2000211338933564,-0.40069182935550707,29,28.6,28.49,28.34,28.71,0.4,1.5,4.6,0.9,61.0,60.43,68.57,65.14,93.0,87.0,74.0,77.0
2014-07-27,201431,93.0,93,93,93,6.4755523e-06,10.71336,0,1,221100120143119589,2023-08-20,Teresina,0.5737155,868075,,0,1,73,,,,,97405,22.5,28.14,33.96,0.2,56.86,139.0,24.03,0.8180837,187.0,24.13,1.0424334,160.0,23.6,0.80819863,170.0,24.07,0.78002363,144.75,23.564999999999998,4.543294782270004,-0.39834764033930004,-0.6931471805599454,-0.5381095827144593,-0.5983687742326564,30,28.97,28.6,28.49,28.34,0.1,0.4,1.5,4.6,55.71,61.0,60.43,68.57,87.0,74.0,77.0,46.0
2014-08-03,201432,87.0,87,87,87,0.00036161102,10.022176,0,1,221100120143219589,2023-08-20,Teresina,0.6335469,868075,,0,1,73,,,,,97405,24.69,29.5,34.84,0.0,56.0,93.0,22.5,0.5737155,139.0,24.03,0.8180837,187.0,24.13,1.0424334,160.0,23.6,0.80819863,126.5,23.837500000000002,4.477336814478207,-0.06595796779179697,-0.464305608131097,-0.7591051483517424,-0.6040675505062563,31,28.14,28.97,28.6,28.49,0.2,0.1,0.4,1.5,56.86,55.71,61.0,60.43,74.0,77.0,46.0,73.0
2014-08-10,201433,74.0,74,74,74,0.0073656864,8.524609,0,1,221100120143319589,2023-08-20,Teresina,0.69411343,868075,,0,1,62,,,,,97405,23.06,28.84,34.89,0.0,48.29,87.0,24.69,0.6335469,93.0,22.5,0.5737155,139.0,24.03,0.8180837,187.0,24.13,1.0424334,98.25,23.57,4.31748811353631,-0.15984870094189674,-0.2258066687336937,-0.6241543090729937,-0.9189538492936391,32,29.5,28.14,28.97,28.6,0.0,0.2,0.1,0.4,56.0,56.86,55.71,61.0,77.0,46.0,73.0,52.0
2014-08-17,201434,77.0,77,77,77,0.20303382,8.870201,0,1,221100120143419589,2023-08-20,Teresina,0.87869895,868075,,0,1,64,,,,,97405,23.91,29.23,34.99,0.0,51.43,74.0,23.06,0.69411343,87.0,24.69,0.6335469,93.0,22.5,0.5737155,139.0,24.03,0.8180837,82.75,23.54,4.356708826689592,0.03922071315328157,-0.12062798778861517,-0.18658595558041213,-0.5849335959197122,33,28.84,29.5,28.14,28.97,0.0,0.0,0.2,0.1,48.29,56.0,56.86,55.71,46.0,73.0,52.0,55.0
2014-08-24,201435,46.0,46,46,46,0.0021982985,5.2990813,0,1,221100120143519589,2023-08-20,Teresina,0.594692,868075,,0,1,33,,,,,97405,24.03,29.86,35.81,0.1,55.0,77.0,23.91,0.87869895,74.0,23.06,0.69411343,87.0,24.69,0.6335469,93.0,22.5,0.5737155,71.0,23.9225,3.8501476017100584,-0.5065612249795333,-0.4673405118262517,-0.6271892127681484,-0.6931471805599454,34,29.23,28.84,29.5,28.14,0.0,0.0,0.0,0.2,51.43,48.29,56.0,56.86,73.0,52.0,55.0,39.0
2014-08-31,201436,73.0,73,73,73,0.6374545,8.409411,0,1,221100120143619589,2023-08-20,Teresina,1.0606667,868075,,0,1,58,,,,,97405,24.0,29.26,35.54,0.7,61.43,46.0,24.03,0.594692,77.0,23.91,0.87869895,74.0,23.06,0.69411343,87.0,24.69,0.6335469,67.5,23.75,4.30406509320417,0.45391749149411176,-0.05264373348542151,-0.013423020332139934,-0.17327172127403667,35,29.86,29.23,28.84,29.5,0.1,0.0,0.0,0.0,55.0,51.43,48.29,56.0,52.0,55.0,39.0,38.0
2014-09-07,201437,52.0,52,52,52,0.17697762,5.990266,0,1,221100120143719589,2023-08-20,Teresina,0.84077036,868075,,0,1,38,,,,,97405,25.41,30.7,36.29,0.0,47.29,73.0,24.0,1.0606667,46.0,24.03,0.594692,77.0,23.91,0.87869895,74.0,23.06,0.69411343,62.0,24.3375,3.970291913552122,-0.3337731796520482,0.12014431184206353,-0.38641691313746973,-0.34719619998418816,36,29.26,29.86,29.23,28.84,0.7,0.1,0.0,0.0,61.43,55.0,51.43,48.29,55.0,39.0,38.0,47.0
2014-09-14,201438,55.0,55,55,55,0.31005782,6.335858,0,1,221100120143819589,2023-08-20,Teresina,0.91206884,868075,,0,1,50,,,,,97405,25.34,30.39,35.93,0.6,55.43,52.0,25.41,0.84077036,73.0,24.0,1.0606667,46.0,24.03,0.594692,77.0,23.91,0.87869895,56.5,24.695,4.02535169073515,0.05505977718302768,-0.27871340246902054,0.17520408902509121,-0.33135713595444205,37,30.7,29.26,29.86,29.23,0.0,0.7,0.1,0.0,47.29,61.43,55.0,51.43,39.0,38.0,47.0,36.0
2014-09-21,201439,39.0,39,39,39,0.034485105,4.492699,0,1,221100120143919589,2023-08-20,Teresina,0.68834335,868075,,0,1,35,,,,,97405,24.66,30.4,36.97,0.0,55.29,55.0,25.34,0.91206884,52.0,25.41,0.84077036,73.0,24.0,1.0606667,46.0,24.03,0.594692,54.75,24.8525,3.6888794541139363,-0.3364722366212134,-0.2814124594381857,-0.6151856390902339,-0.16126814759612218,38,30.39,30.7,29.26,29.86,0.6,0.0,0.7,0.1,55.43,47.29,61.43,55.0,38.0,47.0,36.0,35.0
2014-09-28,201440,38.0,38,38,38,0.09608413,4.377502,0,1,221100120144019589,2023-08-20,Teresina,0.7574483,868075,,0,1,24,,,,,97405,24.27,29.69,35.97,8.4,62.57,39.0,24.66,0.68834335,55.0,25.34,0.91206884,52.0,25.41,0.84077036,73.0,24.0,1.0606667,46.0,24.919999999999998,3.6635616461296463,-0.025317807984289953,-0.36179004460550335,-0.30673026742247567,-0.6405034470745239,39,30.4,30.39,30.7,29.26,0.0,0.6,0.0,0.7,55.29,55.43,47.29,61.43,47.0,36.0,35.0,37.0
2014-10-05,201441,47.0,47,47,47,0.63464254,5.4142785,0,1,221100120144119589,2023-08-20,Teresina,1.0746068,868075,,0,1,28,,,,,97405,25.9,31.36,36.89,0.0,46.14,38.0,24.27,0.7574483,39.0,24.66,0.68834335,55.0,25.34,0.91206884,52.0,25.41,0.84077036,44.75,25.0425,3.871201010907891,0.20763936477824485,0.1823215567939549,-0.1541506798272585,-0.09909090264423082,40,29.69,30.4,30.39,30.7,8.4,0.0,0.6,0.0,62.57,55.29,55.43,47.29,36.0,35.0,37.0,45.0
2014-10-12,201442,36.0,36,36,36,0.27869806,4.147107,0,1,221100120144219589,2023-08-20,Teresina,0.8754276,868075,,0,1,28,,,,,97405,25.69,31.86,38.1,0.0,48.43,47.0,25.9,1.0746068,38.0,24.27,0.7574483,39.0,24.66,0.68834335,55.0,25.34,0.91206884,40.0,25.13,3.6109179126442243,-0.2602830982636668,-0.05264373348542195,-0.0779615414697119,-0.4144337780909253,41,31.36,29.69,30.4,30.39,0.0,8.4,0.0,0.6,46.14,62.57,55.29,55.43,35.0,37.0,45.0,39.0
2014-10-19,201443,35.0,35,35,35,0.24775876,4.0319095,0,1,221100120144319589,2023-08-20,Teresina,0.85569817,868075,,0,1,27,,,,,97405,25.59,30.56,36.56,1.4,58.14,36.0,25.69,0.8754276,47.0,25.9,1.0746068,38.0,24.27,0.7574483,39.0,24.66,0.68834335,39.0,25.3625,3.58351893845611,-0.027398974188114433,-0.28768207245178123,-0.08004270767353638,-0.10536051565782634,42,31.86,31.36,29.69,30.4,0.0,0.0,8.4,0.0,48.43,46.14,62.57,55.29,37.0,45.0,39.0,44.0
2014-10-26,201444,37.0,37,37,37,0.434107,4.2623043,0,1,221100120144419589,2023-08-20,Teresina,0.9627112,868075,,0,1,28,,,,,97405,25.07,31.06,37.54,0.0,49.29,35.0,25.59,0.85569817,36.0,25.69,0.8754276,47.0,25.9,1.0746068,38.0,24.27,0.7574483,38.75,25.5625,3.6375861597263857,0.054067221270275745,0.02666824708216131,-0.2336148511815055,-0.02597548640326064,43,30.56,31.86,31.36,29.69,1.4,0.0,0.0,8.4,58.14,48.43,46.14,62.57,45.0,39.0,44.0,32.0
2014-11-02,201445,45.0,45,45,45,0.8201255,5.1838837,0,1,221100120144519589,2023-08-20,Teresina,1.2238996,868075,,0,1,34,,,,,97405,24.79,29.8,35.29,10.8,61.86,37.0,25.07,0.9627112,35.0,25.59,0.85569817,36.0,25.69,0.8754276,47.0,25.9,1.0746068,38.25,25.285,3.828641396489095,0.1910552367627094,0.24512245803298516,0.21772348384487072,-0.04255961441879608,44,31.06,30.56,31.86,31.36,0.0,1.4,0.0,0.0,49.29,58.14,48.43,46.14,39.0,44.0,32.0,22.0
2014-11-09,201446,39.0,39,39,39,0.528188,4.492699,0,1,221100120144619589,2023-08-20,Teresina,1.0161202,868075,,0,1,30,,,,,97405,25.5,30.63,36.71,0.6,57.14,45.0,24.79,1.2238996,37.0,25.07,0.9627112,35.0,25.59,0.85569817,36.0,25.69,0.8754276,39.0,25.2375,3.6888794541139363,-0.13976194237515882,0.05129329438755059,0.10536051565782634,0.0779615414697119,45,29.8,31.06,30.56,31.86,10.8,0.0,1.4,0.0,61.86,49.29,58.14,48.43,44.0,32.0,22.0,39.0
2014-11-16,201447,44.0,44,44,44,0.63766277,5.0686865,0,1,221100120144719589,2023-08-20,Teresina,1.079136,868075,,0,1,33,,,,,97405,24.31,27.89,32.74,48.0,75.57,39.0,25.5,1.0161202,45.0,24.79,1.2238996,37.0,25.07,0.9627112,35.0,25.59,0.85569817,41.25,24.917499999999997,3.8066624897703196,0.11778303565638337,-0.02197890671877545,0.16907633004393396,0.2231435513142097,46,30.63,29.8,31.06,30.56,0.6,10.8,0.0,1.4,57.14,61.86,49.29,58.14,32.0,22.0,39.0,25.0
2014-11-23,201448,32.0,32,32,32,0.14490844,3.6863174,0,1,221100120144819589,2023-08-20,Teresina,0.7808778,868075,,0,1,28,,,,,97405,24.69,30.13,36.36,0.3,59.57,44.0,24.31,1.079136,39.0,25.5,1.0161202,45.0,24.79,1.2238996,37.0,25.07,0.9627112,40.0,24.8225,3.4965075614664802,-0.3101549283038394,-0.19237189264745602,-0.33213383502261484,-0.14107859825990543,47,27.89,30.63,29.8,31.06,48.0,0.6,10.8,0.0,75.57,57.14,61.86,49.29,22.0,39.0,25.0,20.0
2014-11-30,201449,22.0,22,22,22,0.015688537,2.5343432,0,1,221100120144919589,2023-08-20,Teresina,0.5711394,868075,,0,0,19,,,,,97405,25.21,30.04,35.74,9.5,60.29,32.0,24.69,0.7808778,44.0,24.31,1.079136,39.0,25.5,1.0161202,45.0,24.79,1.2238996,34.25,24.9275,3.1354942159291497,-0.36101334553733055,-0.67116827384117,-0.5533852381847866,-0.6931471805599454,48,30.13,27.89,30.63,29.8,0.3,48.0,0.6,10.8,59.57,75.57,57.14,61.86,39.0,25.0,20.0,4.0
2014-12-07,201450,39.0,39,39,39,0.75579995,4.492699,0,1,221100120145019589,2023-08-20,Teresina,1.1764013,868075,,0,1,28,,,,,97405,25.54,29.77,35.21,7.7,62.29,22.0,25.21,0.5711394,32.0,24.69,0.7808778,44.0,24.31,1.079136,39.0,25.5,1.0161202,34.25,24.9375,3.6888794541139363,0.5533852381847866,0.19237189264745602,-0.11778303565638337,0.0,49,30.04,30.13,27.89,30.63,9.5,0.3,48.0,0.6,60.29,59.57,75.57,57.14,25.0,20.0,4.0,50.0
2014-12-14,201451,25.0,25,25,25,0.2540684,2.8799355,0,1,221100120145119589,2023-08-20,Teresina,0.8372139,868075,,0,0,16,,,,,97405,24.61,28.26,33.29,22.6,73.43,39.0,25.54,1.1764013,22.0,25.21,0.5711394,32.0,24.69,0.7808778,44.0,24.31,1.079136,29.5,25.0125,3.258096538021482,-0.4307829160924541,0.12260232209233246,-0.2384110234449981,-0.5485659517488375,50,29.77,30.04,30.13,27.89,7.7,9.5,0.3,48.0,62.29,60.29,59.57,75.57,20.0,4.0,50.0,34.0
2014-12-21,201452,20.0,20,20,20,0.07733802,2.3039484,0,1,221100120145219589,2023-08-20,Teresina,0.6680207,868075,,0,0,17,,,,,97405,24.79,29.8,35.37,0.8,60.29,25.0,24.61,0.8372139,39.0,25.54,1.1764013,22.0,25.21,0.5711394,32.0,24.69,0.7808778,26.5,25.037499999999998,3.044522437723423,-0.21357410029805912,-0.6443570163905132,-0.09097177820572666,-0.4519851237430572,51,28.26,29.77,30.04,30.13,22.6,7.7,9.5,0.3,73.43,62.29,60.29,59.57,4.0,50.0,34.0,51.0
2014-12-28,201453,4.0,4,4,4,8.565102e-06,0.46078968,0,1,221100120145319589,2023-08-20,Teresina,0.15503058,868075,,0,0,15,,,,,97405,24.03,28.1,33.54,33.0,72.57,20.0,24.79,0.6680207,25.0,24.61,0.8372139,39.0,25.54,1.1764013,22.0,25.21,0.5711394,22.0,24.7425,1.6094379124341003,-1.4350845252893227,-1.6486586255873819,-2.079441541679836,-1.5260563034950494,52,29.8,28.26,29.77,30.04,0.8,22.6,7.7,9.5,60.29,73.43,62.29,60.29,50.0,34.0,51.0,46.0
2015-01-04,201501,50.0,50,50,50,0.9998848,5.759871,0,1,221100120150119589,2023-08-20,Teresina,2.512179,868075,,1,1,44,,,,,97405,23.61,27.99,33.73,30.3,74.29,4.0,24.03,0.15503058,20.0,24.79,0.6680207,25.0,24.61,0.8372139,39.0,25.54,1.1764013,24.75,24.259999999999998,3.9318256327243257,2.3223877202902257,0.8873031950009027,0.6737290947028436,0.24294617861038947,1,28.1,29.8,28.26,29.77,33.0,0.8,22.6,7.7,72.57,60.29,73.43,62.29,34.0,51.0,46.0,80.0
2015-01-11,201502,34.0,34,34,34,0.9492847,3.9167123,0,1,221100120150219589,2023-08-20,Teresina,1.5528644,868075,,0,1,31,,,,,97405,25.09,29.73,35.14,0.9,63.43,50.0,23.61,2.512179,4.0,24.03,0.15503058,20.0,24.79,0.6680207,25.0,24.61,0.8372139,27.0,24.38,3.5553480614894135,-0.3764775712349122,1.9459101490553132,0.5108256237659905,0.2972515234679314,2,27.99,28.1,29.8,28.26,30.3,33.0,0.8,22.6,74.29,72.57,60.29,73.43,51.0,46.0,80.0,75.0
2015-01-18,201503,51.0,51,51,51,0.97560084,5.875068,0,1,221100120150319589,2023-08-20,Teresina,1.5411855,868075,,1,1,41,,,,,97405,24.14,27.9,33.31,29.3,75.43,34.0,25.09,1.5528644,50.0,23.61,2.512179,4.0,24.03,0.15503058,20.0,24.79,0.6680207,34.75,24.2175,3.9512437185814275,0.395895657092014,0.019418085857101808,2.3418058061473275,0.9067212808580045,3,29.73,27.99,28.1,29.8,0.9,30.3,33.0,0.8,63.43,74.29,72.57,60.29,46.0,80.0,75.0,85.0
2015-01-25,201504,46.0,46,46,46,0.71280354,5.2990813,0,1,221100120150419589,2023-08-20,Teresina,1.1275983,868075,,0,1,37,,,,,97405,24.11,29.06,34.84,10.7,68.57,51.0,24.14,1.5411855,34.0,25.09,1.5528644,50.0,23.61,2.512179,4.0,24.03,0.15503058,45.25,24.2375,3.8501476017100584,-0.1010961168713691,0.2947995402206449,-0.0816780310142673,2.240709689275958,4,27.9,29.73,27.99,28.1,29.3,0.9,30.3,33.0,75.43,63.43,74.29,72.57,80.0,75.0,85.0,137.0
2015-02-01,201505,80.0,80,80,80,0.99856585,9.215794,0,1,221100120150519589,2023-08-20,Teresina,1.7114869,868075,,1,1,66,,,,,97405,23.97,27.59,32.93,192.9,77.71,46.0,24.11,1.1275983,51.0,24.14,1.5411855,34.0,25.09,1.5528644,50.0,23.61,2.512179,52.75,24.3275,4.394449154672439,0.5443015529623807,0.4432054360910116,0.8391010931830256,0.4626235219481134,5,29.06,27.9,29.73,27.99,10.7,29.3,0.9,30.3,68.57,75.43,63.43,74.29,75.0,85.0,137.0,233.0
2015-02-08,201506,75.0,75,75,75,0.95088595,8.639807,0,1,221100120150619589,2023-08-20,Teresina,1.335549,868075,,1,1,66,,,,,97405,24.34,28.37,33.06,27.5,77.43,80.0,23.97,1.7114869,46.0,24.11,1.1275983,51.0,24.14,1.5411855,34.0,25.09,1.5528644,63.0,24.14,4.330733340286331,-0.06371581438610807,0.4805857385762726,0.3794896217049035,0.7753852787969175,6,27.59,29.06,27.9,29.73,192.9,10.7,29.3,0.9,77.71,68.57,75.43,63.43,85.0,137.0,233.0,280.0
2015-02-15,201507,85.0,85,85,85,0.90660137,9.79178,0,1,221100120150719589,2023-08-20,Teresina,1.2373717,868075,,0,1,73,,,,,97405,23.5,26.47,30.64,86.3,86.14,75.0,24.34,1.335549,80.0,23.97,1.7114869,46.0,24.11,1.1275983,51.0,24.14,1.5411855,71.5,23.98,4.454347296253507,0.12361395596717628,0.05989814158106821,0.6041996945434489,0.5031035776720798,7,28.37,27.59,29.06,27.9,27.5,192.9,10.7,29.3,77.43,77.71,68.57,75.43,137.0,233.0,280.0,435.0
2015-02-22,201508,137.0,137,137,137,0.99995255,15.782046,0,1,221100120150819589,2023-08-20,Teresina,1.7134244,868075,,1,2,110,,,,,97405,23.1,26.54,31.19,40.6,84.86,85.0,23.5,1.2373717,75.0,24.34,1.335549,80.0,23.97,1.7114869,46.0,24.11,1.1275983,94.25,23.7275,4.927253685157205,0.47290638890369774,0.596520344870874,0.532804530484766,1.0771060834471466,8,26.47,28.37,27.59,29.06,86.3,27.5,192.9,10.7,86.14,77.43,77.71,68.57,233.0,280.0,435.0,620.0
2015-03-01,201509,233.0,233,233,233,1.0,26.841,0,4,221100120150919589,2023-08-20,Teresina,2.2772186,868075,,1,2,195,,,,,97405,22.89,26.2,31.14,76.0,87.0,137.0,23.1,1.7134244,85.0,23.5,1.2373717,75.0,24.34,1.335549,80.0,23.97,1.7114869,132.5,23.4575,5.455321115357702,0.5280674302004966,1.0009738191041944,1.1245877750713706,1.0608719606852626,9,26.54,26.47,28.37,27.59,40.6,86.3,27.5,192.9,84.86,86.14,77.43,77.71,280.0,435.0,620.0,506.0
2015-03-08,201510,280.0,280,280,280,1.0,32.255276,0,4,221100120151019589,2023-08-20,Teresina,1.8527175,868075,,1,2,211,,,,,97405,23.6,27.56,32.51,58.1,82.86,233.0,22.89,2.2772186,137.0,23.1,1.7134244,85.0,23.5,1.2373717,75.0,24.34,1.335549,183.75,23.2725,5.638354669333745,0.1830335539760437,0.7111009841765403,1.184007373080238,1.3076213290474143,10,26.2,26.54,26.47,28.37,76.0,40.6,86.3,27.5,87.0,84.86,86.14,77.43,435.0,620.0,506.0,515.0
2015-03-15,201511,435.0,435,435,435,1.0,50.110878,0,4,221100120151119589,2023-08-20,Teresina,1.9570457,868075,,1,2,344,,,,,97405,23.76,27.07,31.09,57.5,85.43,280.0,23.6,1.8527175,233.0,22.89,2.2772186,137.0,23.1,1.7134244,85.0,23.5,1.2373717,271.25,23.3375,6.077642243349034,0.43928757401528884,0.6223211279913325,1.1503885581918292,1.623294947095527,11,27.56,26.2,26.54,26.47,58.1,76.0,40.6,86.3,82.86,87.0,84.86,86.14,620.0,506.0,515.0,497.0
2015-03-22,201512,620.0,620,620,620,1.0,71.4224,0,4,221100120151219589,2023-08-20,Teresina,1.9707671,868075,,1,2,502,,,,,97405,23.2,26.51,30.9,46.8,86.71,435.0,23.76,1.9570457,280.0,23.6,1.8527175,233.0,22.89,2.2772186,137.0,23.1,1.7134244,392.0,23.3625,6.431331081933479,0.35368883858444455,0.7929764125997334,0.9760099665757771,1.5040773967762737,12,27.07,27.56,26.2,26.54,57.5,58.1,76.0,40.6,85.43,82.86,87.0,84.86,506.0,515.0,497.0,416.0
2015-03-29,201513,506.0,506,506,506,0.99232996,58.289894,0,4,221100120151319589,2023-08-20,Teresina,1.1717533,868075,,1,2,369,,,,,97405,23.7,26.8,31.39,47.8,86.29,620.0,23.2,1.9707671,435.0,23.76,1.9570457,280.0,23.6,1.8527175,233.0,22.89,2.2772186,460.25,23.565,6.2285110035911835,-0.20282007834229532,0.15086876024214924,0.5901563342574381,0.7731898882334818,13,26.51,27.07,27.56,26.2,46.8,57.5,58.1,76.0,86.71,85.43,82.86,87.0,515.0,497.0,416.0,335.0
2015-04-05,201514,515.0,515,515,515,0.45032725,59.32667,0,4,221100120151419589,2023-08-20,Teresina,0.99226886,868075,,0,2,356,,,,,97405,23.33,26.89,31.7,33.2,86.14,506.0,23.7,1.1717533,620.0,23.2,1.9707671,435.0,23.76,1.9570457,280.0,23.6,1.8527175,519.0,23.4975,6.246106765481563,0.017595761890379258,-0.18522431645191606,0.1684645221325285,0.6077520961478173,14,26.8,26.51,27.07,27.56,47.8,46.8,57.5,58.1,86.29,86.71,85.43,82.86,497.0,416.0,335.0,314.0
2015-04-12,201515,497.0,497,497,497,0.16561945,57.253117,0,4,221100120151519589,2023-08-20,Teresina,0.9411213,868075,,0,2,370,,,,,97405,23.33,26.99,31.47,25.4,86.43,515.0,23.33,0.99226886,506.0,23.7,1.1717533,620.0,23.2,1.9707671,435.0,23.76,1.9570457,534.5,23.389999999999997,6.210600077024653,-0.03550668845690996,-0.017910926566530705,-0.22073100490882602,0.13295783367561853,15,26.89,26.8,26.51,27.07,33.2,47.8,46.8,57.5,86.14,86.29,86.71,85.43,416.0,335.0,314.0,302.0
2015-04-19,201516,416.0,416,416,416,0.0014922011,47.922127,0,4,221100120151619589,2023-08-20,Teresina,0.82204956,868075,,0,2,305,,,,,97405,23.36,27.33,32.1,49.6,84.57,497.0,23.33,0.9411213,515.0,23.33,0.99226886,506.0,23.7,1.1717533,620.0,23.2,1.9707671,483.5,23.43,6.0330862217988015,-0.17751385522585128,-0.21302054368276124,-0.19542478179238199,-0.3982448601346773,16,26.99,26.89,26.8,26.51,25.4,33.2,47.8,46.8,86.43,86.14,86.29,86.71,335.0,314.0,302.0,255.0
2015-04-26,201517,335.0,335,335,335,6.856639e-07,38.591137,0,4,221100120151719589,2023-08-20,Teresina,0.71010405,868075,,0,2,275,,,,,97405,23.5,27.99,32.89,6.9,81.43,416.0,23.36,0.82204956,497.0,23.33,0.9411213,515.0,23.33,0.99226886,506.0,23.7,1.1717533,440.75,23.38,5.817111159963204,-0.21597506183559734,-0.3934889170614486,-0.4289956055183586,-0.4113998436279793,17,27.33,26.99,26.89,26.8,49.6,25.4,33.2,47.8,84.57,86.43,86.14,86.29,314.0,302.0,255.0,159.0
2015-05-03,201518,314.0,314,314,314,9.692893e-05,36.17199,0,4,221100120151819589,2023-08-20,Teresina,0.75778735,868075,,0,2,267,,,,,97405,23.46,26.94,31.47,88.9,87.57,335.0,23.5,0.71010405,416.0,23.36,0.82204956,497.0,23.33,0.9411213,515.0,23.33,0.99226886,390.5,23.4125,5.752572638825633,-0.06453852113757108,-0.2805135829731684,-0.4580274381990197,-0.49353412665592966,18,27.99,27.33,26.99,26.89,6.9,49.6,25.4,33.2,81.43,84.57,86.43,86.14,302.0,255.0,159.0,111.0
2015-05-10,201519,302.0,302,302,302,0.017899781,34.78962,0,4,221100120151919589,2023-08-20,Teresina,0.8488532,868075,,0,2,270,,,,,97405,23.69,27.77,32.44,1.0,81.0,314.0,23.46,0.75778735,335.0,23.5,0.71010405,416.0,23.36,0.82204956,497.0,23.33,0.9411213,341.75,23.5025,5.713732805509369,-0.03883983331626428,-0.10337835445383536,-0.3193534162894327,-0.496867271515284,19,26.94,27.99,27.33,26.99,88.9,6.9,49.6,25.4,87.57,81.43,84.57,86.43,255.0,159.0,111.0,91.0
2015-05-17,201520,255.0,255,255,255,0.0042363754,29.375341,0,4,221100120152019589,2023-08-20,Teresina,0.8021303,868075,,0,2,231,,,,,97405,23.69,27.73,32.61,9.4,80.86,302.0,23.69,0.8488532,314.0,23.46,0.75778735,335.0,23.5,0.71010405,416.0,23.36,0.82204956,301.5,23.585,5.545177444479562,-0.1685553610298065,-0.2073951943460708,-0.27193371548364187,-0.4879087773192392,20,27.77,26.94,27.99,27.33,1.0,88.9,6.9,49.6,81.0,87.57,81.43,84.57,159.0,111.0,91.0,74.0
2015-05-24,201521,159.0,159,159,159,5.3308846e-10,18.31639,0,4,221100120152119589,2023-08-20,Teresina,0.5545008,868075,,0,2,136,,,,,97405,23.97,27.99,32.83,4.6,79.71,255.0,23.69,0.8021303,302.0,23.69,0.8488532,314.0,23.46,0.75778735,335.0,23.5,0.71010405,257.5,23.7025,5.075173815233827,-0.4700036292457357,-0.6385589902755422,-0.6773988235918065,-0.7419373447293776,21,27.73,27.77,26.94,27.99,9.4,1.0,88.9,6.9,80.86,81.0,87.57,81.43,111.0,91.0,74.0,44.0
2015-05-31,201522,111.0,111,111,111,3.0976333e-12,12.786914,0,1,221100120152219589,2023-08-20,Teresina,0.46684548,868075,,0,1,98,,,,,97405,23.7,27.69,32.57,8.2,79.57,159.0,23.97,0.5545008,255.0,23.69,0.8021303,302.0,23.69,0.8488532,314.0,23.46,0.75778735,206.75,23.7625,4.718498871295094,-0.35667494393873245,-0.8266785731844681,-0.9952339342142746,-1.034073767530539,22,27.99,27.73,27.77,26.94,4.6,9.4,1.0,88.9,79.71,80.86,81.0,87.57,91.0,74.0,44.0,49.0
2015-06-07,201523,91.0,91,91,91,1.0820515e-07,10.482965,0,1,221100120152319589,2023-08-20,Teresina,0.5210462,868075,,0,1,81,,,,,97405,23.57,27.87,32.66,2.6,75.71,111.0,23.7,0.46684548,159.0,23.97,0.5545008,255.0,23.69,0.8021303,302.0,23.69,0.8488532,154.0,23.732499999999998,4.5217885770490405,-0.19671029424605369,-0.5533852381847861,-1.0233888674305218,-1.1919442284603283,23,27.69,27.99,27.73,27.77,8.2,4.6,9.4,1.0,79.57,79.71,80.86,81.0,74.0,44.0,49.0,42.0
2015-06-14,201524,74.0,74,74,74,0.00017491876,8.524609,0,1,221100120152419589,2023-08-20,Teresina,0.5971631,868075,,0,1,63,,,,,97405,22.73,28.2,34.23,0.0,66.43,91.0,23.57,0.5210462,111.0,23.7,0.46684548,159.0,23.97,0.5545008,255.0,23.69,0.8021303,108.75,23.4925,4.31748811353631,-0.20430046351273035,-0.40101075775878403,-0.7576857016975165,-1.2276893309432522,24,27.87,27.69,27.99,27.73,2.6,8.2,4.6,9.4,75.71,79.57,79.71,80.86,44.0,49.0,42.0,26.0
2015-06-21,201525,44.0,44,44,44,1.01675605e-05,5.0686865,0,1,221100120152519589,2023-08-20,Teresina,0.4721055,868075,,0,1,35,,,,,97405,23.86,28.01,33.61,4.9,65.43,74.0,22.73,0.5971631,91.0,23.57,0.5210462,111.0,23.7,0.46684548,159.0,23.97,0.5545008,80.0,23.465,3.8066624897703196,-0.5108256237659905,-0.7151260872787208,-0.9118363815247745,-1.268511325463507,25,28.2,27.87,27.69,27.99,0.0,2.6,8.2,4.6,66.43,75.71,79.57,79.71,49.0,42.0,26.0,28.0
2015-06-28,201526,49.0,49,49,49,0.019300211,5.6446733,0,1,221100120152619589,2023-08-20,Teresina,0.6846868,868075,,0,1,42,,,,,97405,24.01,28.23,32.9,1.8,66.14,44.0,23.86,0.4721055,74.0,22.73,0.5971631,91.0,23.57,0.5210462,111.0,23.7,0.46684548,64.5,23.5425,3.912023005428146,0.10536051565782634,-0.40546510810816416,-0.6097655716208945,-0.8064758658669482,26,28.01,28.2,27.87,27.69,4.9,0.0,2.6,8.2,65.43,66.43,75.71,79.57,42.0,26.0,28.0,31.0
2015-07-05,201527,42.0,42,42,42,0.09198124,4.8382916,0,1,221100120152719589,2023-08-20,Teresina,0.763494,868075,,0,1,37,,,,,97405,23.33,27.97,33.24,5.8,68.0,49.0,24.01,0.6846868,44.0,23.86,0.4721055,74.0,22.73,0.5971631,91.0,23.57,0.5210462,52.25,23.4825,3.7612001156935624,-0.15082288973458358,-0.04546237407675724,-0.5562879978427477,-0.7605884613554781,27,28.23,28.01,28.2,27.87,1.8,4.9,0.0,2.6,66.14,65.43,66.43,75.71,26.0,28.0,31.0,17.0
2015-07-12,201528,26.0,26,26,26,0.008086706,2.995133,0,1,221100120152819589,2023-08-20,Teresina,0.5630735,868075,,0,1,21,,,,,97405,23.61,28.2,33.19,0.0,55.43,42.0,23.33,0.763494,49.0,24.01,0.6846868,44.0,23.86,0.4721055,74.0,22.73,0.5971631,40.25,23.7025,3.295836866004329,-0.46536324968923326,-0.6161861394238168,-0.5108256237659905,-1.021651247531981,28,27.97,28.23,28.01,28.2,5.8,1.8,4.9,0.0,68.0,66.14,65.43,66.43,28.0,31.0,17.0,42.0
2015-07-19,201529,28.0,28,28,28,0.085301705,3.2255278,0,1,221100120152919589,2023-08-20,Teresina,0.71554464,868075,,0,1,24,,,,,97405,24.4,29.1,34.46,0.0,57.86,26.0,23.61,0.5630735,42.0,23.33,0.763494,49.0,24.01,0.6846868,44.0,23.86,0.4721055,36.25,23.8375,3.367295829986474,0.07145896398214502,-0.39390428570708824,-0.5447271754416718,-0.4393666597838455,29,28.2,27.97,28.23,28.01,0.0,5.8,1.8,4.9,55.43,68.0,66.14,65.43,31.0,17.0,42.0,23.0
2015-07-26,201530,31.0,31,31,31,0.45778623,3.57112,0,1,221100120153019589,2023-08-20,Teresina,0.9737781,868075,,0,1,23,,,,,97405,24.49,29.33,34.61,0.0,54.43,28.0,24.4,0.71554464,26.0,23.61,0.5630735,42.0,23.33,0.763494,49.0,24.01,0.6846868,31.75,23.957499999999996,3.4657359027997265,0.0984400728132524,0.16989903679539742,-0.29546421289383584,-0.4462871026284194,30,29.1,28.2,27.97,28.23,0.0,0.0,5.8,1.8,57.86,55.43,68.0,66.14,17.0,42.0,23.0,22.0
2015-08-02,201531,17.0,17,17,17,0.043327764,1.9583561,0,1,221100120153119589,2023-08-20,Teresina,0.5991962,868075,,0,0,12,,,,,97405,23.13,28.87,34.93,0.0,51.43,31.0,24.49,0.9737781,28.0,24.4,0.71554464,26.0,23.61,0.5630735,42.0,23.33,0.763494,25.5,23.9075,2.8903717578961645,-0.575364144903562,-0.4769240720903096,-0.4054651081081646,-0.8708283577973979,31,29.33,29.1,28.2,27.97,0.0,0.0,0.0,5.8,54.43,57.86,55.43,68.0,42.0,23.0,22.0,11.0
2015-08-09,201532,42.0,42,42,42,0.96468776,4.8382916,0,1,221100120153219589,2023-08-20,Teresina,1.5486703,868075,,1,1,38,,,,,97405,23.39,28.63,34.14,0.0,50.14,17.0,23.13,0.5991962,31.0,24.49,0.9737781,28.0,24.4,0.71554464,26.0,23.61,0.5630735,29.5,23.8525,3.7612001156935624,0.8708283577973979,0.29546421289383584,0.39390428570708824,0.46536324968923326,32,28.87,29.33,29.1,28.2,0.0,0.0,0.0,0.0,51.43,54.43,57.86,55.43,23.0,22.0,11.0,26.0
2015-08-16,201533,23.0,23,23,23,0.26944005,2.6495407,0,1,221100120153319589,2023-08-20,Teresina,0.8418635,868075,,0,0,21,,,,,97405,23.83,29.44,35.53,0.0,51.43,42.0,23.39,1.5486703,17.0,23.13,0.5991962,31.0,24.49,0.9737781,28.0,24.4,0.71554464,28.25,23.71,3.1780538303479458,-0.5831462853456166,0.28768207245178123,-0.2876820724517808,-0.1892419996385284,33,28.63,28.87,29.33,29.1,0.0,0.0,0.0,0.0,50.14,51.43,54.43,57.86,22.0,11.0,26.0,21.0
2015-08-23,201534,22.0,22,22,22,0.14788483,2.5343432,0,1,221100120153419589,2023-08-20,Teresina,0.74770015,868075,,0,0,19,,,,,97405,24.07,30.04,36.4,0.1,57.57,23.0,23.83,0.8418635,42.0,23.39,1.5486703,17.0,23.13,0.5991962,31.0,24.49,0.9737781,26.0,23.604999999999997,3.1354942159291497,-0.04255961441879608,-0.6257058997644127,0.24512245803298516,-0.33024168687057687,34,29.44,28.63,28.87,29.33,0.0,0.0,0.0,0.0,51.43,50.14,51.43,54.43,11.0,26.0,21.0,10.0
2015-08-30,201535,11.0,11,11,11,0.005007601,1.2671716,0,1,221100120153519589,2023-08-20,Teresina,0.418017,868075,,0,0,9,,,,,97405,24.21,30.06,36.46,0.5,57.0,22.0,24.07,0.74770015,23.0,23.83,0.8418635,42.0,23.39,1.5486703,17.0,23.13,0.5991962,24.5,23.875,2.4849066497880004,-0.6505875661411493,-0.6931471805599454,-1.276293465905562,-0.40546510810816416,35,30.04,29.44,28.63,28.87,0.1,0.0,0.0,0.0,57.57,51.43,50.14,51.43,26.0,21.0,10.0,17.0
2015-09-06,201536,26.0,26,26,26,0.78078514,2.995133,0,1,221100120153619589,2023-08-20,Teresina,1.2527312,868075,,0,1,25,,,,,97405,23.97,30.36,37.39,0.0,53.86,11.0,24.21,0.418017,22.0,24.07,0.74770015,23.0,23.83,0.8418635,42.0,23.39,1.5486703,20.5,24.02,3.295836866004329,0.8109302162163288,0.16034265007517945,0.11778303565638337,-0.46536324968923326,36,30.06,30.04,29.44,28.63,0.5,0.1,0.0,0.0,57.0,57.57,51.43,50.14,21.0,10.0,17.0,21.0
2015-09-13,201537,21.0,21,21,21,0.65210915,2.4191458,0,1,221100120153719589,2023-08-20,Teresina,1.1310376,868075,,0,0,16,,,,,97405,24.59,30.63,36.86,0.3,50.29,26.0,23.97,1.2527312,11.0,24.21,0.418017,22.0,24.07,0.74770015,23.0,23.83,0.8418635,20.0,24.21,3.091042453358316,-0.20479441264601306,0.6061358035703157,-0.04445176257083361,-0.08701137698962969,37,30.36,30.06,30.04,29.44,0.0,0.5,0.1,0.0,53.86,57.0,57.57,51.43,10.0,17.0,21.0,19.0
2015-09-20,201538,10.0,10,10,10,0.03125589,1.1519742,0,1,221100120153819589,2023-08-20,Teresina,0.50123173,868075,,0,0,9,,,,,97405,24.54,31.19,37.9,0.0,49.86,21.0,24.59,1.1310376,26.0,23.97,1.2527312,11.0,24.21,0.418017,22.0,24.07,0.74770015,17.0,24.3275,2.3978952727983707,-0.6931471805599454,-0.8979415932059585,-0.08701137698962969,-0.737598943130779,38,30.63,30.36,30.06,30.04,0.3,0.0,0.5,0.1,50.29,53.86,57.0,57.57,17.0,21.0,19.0,18.0
2015-09-27,201539,17.0,17,17,17,0.38662988,1.9583561,0,1,221100120153919589,2023-08-20,Teresina,0.90903634,868075,,0,0,15,,,,,97405,24.53,30.86,37.59,0.0,53.0,10.0,24.54,0.50123173,21.0,24.59,1.1310376,26.0,23.97,1.2527312,11.0,24.21,0.418017,18.5,24.4075,2.8903717578961645,0.49247648509779385,-0.20067069546215155,-0.4054651081081646,0.40546510810816416,39,31.19,30.63,30.36,30.06,0.0,0.3,0.0,0.5,49.86,50.29,53.86,57.0,21.0,19.0,18.0,23.0
2015-10-04,201540,21.0,21,21,21,0.8087378,2.4191458,0,1,221100120154019589,2023-08-20,Teresina,1.3313372,868075,,0,0,19,,,,,97405,25.9,31.6,37.97,0.2,50.29,17.0,24.53,0.90903634,10.0,24.54,0.50123173,21.0,24.59,1.1310376,26.0,23.97,1.2527312,17.25,24.89,3.091042453358316,0.20067069546215155,0.6931471805599454,0.0,-0.20479441264601306,40,30.86,31.19,30.63,30.36,0.0,0.0,0.3,0.0,53.0,49.86,50.29,53.86,19.0,18.0,23.0,10.0
2015-10-11,201541,19.0,19,19,19,0.660663,2.188751,0,1,221100120154119589,2023-08-20,Teresina,1.1473788,868075,,0,0,18,,,,,97405,25.84,32.13,38.5,0.0,43.29,21.0,25.9,1.3313372,17.0,24.53,0.90903634,10.0,24.54,0.50123173,21.0,24.59,1.1310376,16.75,25.202499999999997,2.995732273553991,-0.09531017980432521,0.10536051565782634,0.5978370007556202,-0.09531017980432521,41,31.6,30.86,31.19,30.63,0.2,0.0,0.0,0.3,50.29,53.0,49.86,50.29,18.0,23.0,10.0,15.0
2015-10-18,201542,18.0,18,18,18,0.45367298,2.0735536,0,1,221100120154219589,2023-08-20,Teresina,0.9627189,868075,,0,0,17,,,,,97405,25.87,31.77,38.59,0.0,52.71,19.0,25.84,1.1473788,21.0,25.9,1.3313372,17.0,24.53,0.90903634,10.0,24.54,0.50123173,18.75,25.535,2.9444389791664403,-0.05129329438755059,-0.1466034741918758,0.054067221270275745,0.5465437063680696,42,32.13,31.6,30.86,31.19,0.0,0.2,0.0,0.0,43.29,50.29,53.0,49.86,23.0,10.0,15.0,16.0
2015-10-25,201543,23.0,23,23,23,0.7215185,2.6495407,0,1,221100120154319589,2023-08-20,Teresina,1.1964481,868075,,0,0,21,,,,,97405,25.47,31.29,37.64,0.6,53.43,18.0,25.87,0.9627189,19.0,25.84,1.1473788,21.0,25.9,1.3313372,17.0,24.53,0.90903634,20.25,25.77,3.1780538303479458,0.2336148511815055,0.1823215567939549,0.08701137698962969,0.28768207245178123,43,31.77,32.13,31.6,30.86,0.0,0.0,0.2,0.0,52.71,43.29,50.29,53.0,10.0,15.0,16.0,22.0
2015-11-01,201544,10.0,10,10,10,0.04218969,1.1519742,0,1,221100120154419589,2023-08-20,Teresina,0.52372026,868075,,0,0,9,,,,,97405,25.44,31.49,37.84,0.5,50.86,23.0,25.47,1.1964481,18.0,25.87,0.9627189,19.0,25.84,1.1473788,21.0,25.9,1.3313372,17.5,25.655,2.3978952727983707,-0.7801585575495751,-0.5465437063680696,-0.5978370007556202,-0.6931471805599454,44,31.29,31.77,32.13,31.6,0.6,0.0,0.0,0.2,53.43,52.71,43.29,50.29,15.0,16.0,22.0,25.0
2015-11-08,201545,15.0,15,15,15,0.30525383,1.7279613,0,1,221100120154519589,2023-08-20,Teresina,0.83883685,868075,,0,0,14,,,,,97405,25.79,31.31,37.59,0.0,54.43,10.0,25.44,0.52372026,23.0,25.47,1.1964481,18.0,25.87,0.9627189,19.0,25.84,1.1473788,16.5,25.642500000000002,2.772588722239781,0.3746934494414105,-0.4054651081081646,-0.17185025692665912,-0.2231435513142097,45,31.49,31.29,31.77,32.13,0.5,0.6,0.0,0.0,50.86,53.43,52.71,43.29,16.0,22.0,25.0,28.0
2015-11-15,201546,16.0,16,16,16,0.5644577,1.8431587,0,1,221100120154619589,2023-08-20,Teresina,1.0591086,868075,,0,0,11,,,,,97405,25.61,31.6,38.3,0.0,52.57,15.0,25.79,0.83883685,10.0,25.44,0.52372026,23.0,25.47,1.1964481,18.0,25.87,0.9627189,16.0,25.5775,2.833213344056216,0.06062462181643502,0.4353180712578455,-0.3448404862917296,-0.1112256351102241,46,31.31,31.49,31.29,31.77,0.0,0.5,0.6,0.0,54.43,50.86,53.43,52.71,22.0,25.0,28.0,25.0
2015-11-22,201547,22.0,22,22,22,0.88625944,2.5343432,0,1,221100120154719589,2023-08-20,Teresina,1.4877617,868075,,0,0,18,,,,,97405,25.91,31.59,37.94,0.1,54.0,16.0,25.61,1.0591086,15.0,25.79,0.83883685,10.0,25.44,0.52372026,23.0,25.47,1.1964481,15.75,25.6875,3.1354942159291497,0.3022808718729335,0.36290549368936853,0.737598943130779,-0.04255961441879608,47,31.6,31.31,31.49,31.29,0.0,0.0,0.5,0.6,52.57,54.43,50.86,53.43,25.0,28.0,25.0,35.0
2015-11-29,201548,25.0,25,25,25,0.8837629,2.8799355,0,1,221100120154819589,2023-08-20,Teresina,1.4425812,868075,,0,0,21,,,,,97405,26.53,32.31,38.67,0.1,46.86,22.0,25.91,1.4877617,16.0,25.61,1.0591086,15.0,25.79,0.83883685,10.0,25.44,0.52372026,19.5,25.96,3.258096538021482,0.12260232209233246,0.42488319396526597,0.485507815781701,0.8602012652231115,48,31.59,31.6,31.31,31.49,0.1,0.0,0.0,0.5,54.0,52.57,54.43,50.86,28.0,25.0,35.0,27.0
2015-12-06,201549,28.0,28,28,28,0.8413483,3.2255278,0,1,221100120154919589,2023-08-20,Teresina,1.3291204,868075,,0,1,21,,,,,97405,26.07,31.7,38.03,0.2,52.71,25.0,26.53,1.4425812,22.0,25.91,1.4877617,16.0,25.61,1.0591086,15.0,25.79,0.83883685,22.75,26.03,3.367295829986474,0.109199291964992,0.23180161405732447,0.534082485930258,0.594707107746693,49,32.31,31.59,31.6,31.31,0.1,0.1,0.0,0.0,46.86,54.0,52.57,54.43,25.0,35.0,27.0,52.0
2015-12-13,201550,25.0,25,25,25,0.5369682,2.8799355,0,1,221100120155019589,2023-08-20,Teresina,1.0265434,868075,,0,0,23,,,,,97405,26.04,31.7,38.27,5.8,53.71,28.0,26.07,1.3291204,25.0,26.53,1.4425812,22.0,25.91,1.4877617,16.0,25.61,1.0591086,25.0,26.1375,3.258096538021482,-0.109199291964992,0.0,0.12260232209233246,0.42488319396526597,50,31.7,32.31,31.59,31.6,0.2,0.1,0.1,0.0,52.71,46.86,54.0,52.57,35.0,27.0,52.0,59.0
2015-12-20,201551,35.0,35,35,35,0.8652491,4.0319095,0,1,221100120155119589,2023-08-20,Teresina,1.3247873,868075,,0,1,29,,,,,97405,25.99,31.43,37.76,4.8,54.29,25.0,26.04,1.0265434,28.0,26.07,1.3291204,25.0,26.53,1.4425812,22.0,25.91,1.4877617,28.25,26.1575,3.58351893845611,0.3254224004346278,0.21622310846963577,0.3254224004346278,0.44802472252696024,51,31.7,31.7,32.31,31.59,5.8,0.2,0.1,0.1,53.71,52.71,46.86,54.0,27.0,52.0,59.0,66.0
2015-12-27,201552,27.0,27,27,27,0.4393302,3.1103303,0,1,221100120155219589,2023-08-20,Teresina,0.96000314,868075,,0,1,35,,,,,97405,25.36,30.29,36.31,35.3,60.86,35.0,25.99,1.3247873,25.0,26.04,1.0265434,28.0,26.07,1.3291204,25.0,26.53,1.4425812,28.75,25.865,3.332204510175204,-0.2513144282809061,0.07410797215372167,-0.03509131981127034,0.07410797215372167,52,31.43,31.7,31.7,32.31,4.8,5.8,0.2,0.1,54.29,53.71,52.71,46.86,52.0,59.0,66.0,66.0
2016-01-03,201601,52.0,52,52,52,0.9901584,5.990266,0,1,221100120160119589,2023-08-20,Teresina,1.6785836,868075,,1,1,46,,,,,97405,25.29,28.94,34.19,44.4,73.14,27.0,25.36,0.96000314,35.0,25.99,1.3247873,25.0,26.04,1.0265434,28.0,26.07,1.3291204,34.75,25.669999999999998,3.970291913552122,0.6380874033769182,0.38677297509601205,0.7121953755306398,0.6029960835656478,53,30.29,31.43,31.7,31.7,35.3,4.8,5.8,0.2,60.86,54.29,53.71,52.71,59.0,66.0,66.0,93.0
2016-01-10,201602,59.0,59,59,59,0.9899719,6.7966475,0,1,221100120160219589,2023-08-20,Teresina,1.617076,868075,,1,1,53,,,,,97405,24.71,28.6,33.53,182.9,76.43,52.0,25.29,1.6785836,27.0,25.36,0.96000314,35.0,25.99,1.3247873,25.0,26.04,1.0265434,43.25,25.3375,4.0943445622221,0.12405264866997845,0.7621400520468966,0.5108256237659905,0.8362480242006183,1,28.94,30.29,31.43,31.7,44.4,35.3,4.8,5.8,73.14,60.86,54.29,53.71,66.0,66.0,93.0,81.0
2016-01-17,201603,66.0,66,66,66,0.96292776,7.6030297,0,3,221100120160319589,2023-08-20,Teresina,1.4006152,868075,,1,1,54,,,,,97405,24.04,26.1,29.43,76.2,89.71,59.0,24.71,1.617076,52.0,25.29,1.6785836,27.0,25.36,0.96000314,35.0,25.99,1.3247873,51.0,24.85,4.204692619390966,0.11034805716886531,0.23440070583884376,0.8724881092157619,0.6211736809348558,2,28.6,28.94,30.29,31.43,182.9,44.4,35.3,4.8,76.43,73.14,60.86,54.29,66.0,93.0,81.0,97.0
2016-01-24,201604,66.0,66,66,66,0.7850356,7.6030297,0,1,221100120160419589,2023-08-20,Teresina,1.1524398,868075,,0,1,53,,,,,97405,24.01,26.93,31.17,84.5,86.29,66.0,24.04,1.4006152,59.0,24.71,1.617076,52.0,25.29,1.6785836,27.0,25.36,0.96000314,60.75,24.512500000000003,4.204692619390966,0.0,0.11034805716886531,0.23440070583884376,0.8724881092157619,3,26.1,28.6,28.94,30.29,76.2,182.9,44.4,35.3,89.71,76.43,73.14,60.86,93.0,81.0,97.0,96.0
2016-01-31,201605,93.0,93,93,93,0.9887173,10.71336,0,1,221100120160519589,2023-08-20,Teresina,1.4411991,868075,,1,1,85,,,,,97405,23.53,27.16,32.01,50.6,82.43,66.0,24.01,1.1524398,66.0,24.04,1.4006152,59.0,24.71,1.617076,52.0,25.29,1.6785836,71.0,24.072499999999998,4.543294782270004,0.3386021628790381,0.3386021628790381,0.4489502200479034,0.5730028687178819,4,26.93,26.1,28.6,28.94,84.5,76.2,182.9,44.4,86.29,89.71,76.43,73.14,81.0,97.0,96.0,132.0
2016-02-07,201606,81.0,81,81,81,0.751775,9.330991,0,1,221100120160619589,2023-08-20,Teresina,1.115758,868075,,0,1,73,,,,,97405,24.49,28.79,34.09,7.3,75.0,93.0,23.53,1.4411991,66.0,24.01,1.1524398,66.0,24.04,1.4006152,59.0,24.71,1.617076,76.5,24.017500000000002,4.406719247264253,-0.13657553500575048,0.20202662787328762,0.20202662787328762,0.31237468504215293,5,27.16,26.93,26.1,28.6,50.6,84.5,76.2,182.9,82.43,86.29,89.71,76.43,97.0,96.0,132.0,119.0
2016-02-14,201607,97.0,97,97,97,0.8738454,11.1741495,0,1,221100120160719589,2023-08-20,Teresina,1.1866846,868075,,0,1,78,,,,,97405,24.06,28.11,33.3,46.6,80.0,81.0,24.49,1.115758,93.0,23.53,1.4411991,66.0,24.01,1.1524398,66.0,24.04,1.4006152,84.25,24.0225,4.584967478670572,0.17824823140631896,0.041672696400568476,0.3802748592796066,0.3802748592796066,6,28.79,27.16,26.93,26.1,7.3,50.6,84.5,76.2,75.0,82.43,86.29,89.71,96.0,132.0,119.0,113.0
2016-02-21,201608,96.0,96,96,96,0.73939085,11.058952,0,1,221100120160819589,2023-08-20,Teresina,1.099206,868075,,0,1,74,,,,,97405,24.26,28.0,33.5,32.5,83.14,97.0,24.06,1.1866846,81.0,24.49,1.115758,93.0,23.53,1.4411991,66.0,24.01,1.1524398,91.75,24.085,4.574710978503383,-0.010256500167189486,0.16799173123912947,0.03141619623337899,0.3700183591124171,7,28.11,28.79,27.16,26.93,46.6,7.3,50.6,84.5,80.0,75.0,82.43,86.29,132.0,119.0,113.0,93.0
2016-02-28,201609,132.0,132,132,132,0.99446124,15.206059,0,1,221100120160919589,2023-08-20,Teresina,1.4046198,868075,,1,2,99,,,,,97405,25.0,28.6,33.39,24.8,81.86,96.0,24.26,1.099206,97.0,24.06,1.1866846,81.0,24.49,1.115758,93.0,23.53,1.4411991,101.5,24.4525,4.890349128221754,0.3156381497183709,0.3053816495511814,0.48362988095750037,0.3470543459517499,8,28.0,28.11,28.79,27.16,32.5,46.6,7.3,50.6,83.14,80.0,75.0,82.43,119.0,113.0,93.0,163.0
2016-03-06,201610,119.0,119,119,119,0.82699823,13.708493,0,1,221100120161019589,2023-08-20,Teresina,1.1340997,868075,,0,1,83,,,,,97405,23.84,26.86,31.21,184.9,88.43,132.0,25.0,1.4046198,96.0,24.26,1.099206,97.0,24.06,1.1866846,81.0,24.49,1.115758,111.0,24.29,4.787491742782046,-0.1028573854397079,0.212780764278663,0.2025242641114735,0.38077249551779246,9,28.6,28.0,28.11,28.79,24.8,32.5,46.6,7.3,81.86,83.14,80.0,75.0,113.0,93.0,163.0,288.0
2016-03-13,201611,113.0,113,113,113,0.4111911,13.017308,0,1,221100120161119589,2023-08-20,Teresina,0.9708428,868075,,0,1,88,,,,,97405,24.17,27.64,32.66,45.8,85.43,119.0,23.84,1.1340997,132.0,25.0,1.4046198,96.0,24.26,1.099206,97.0,24.06,1.1866846,115.0,24.3175,4.736198448394496,-0.05129329438755015,-0.15415067982725805,0.16148746989111284,0.15123096972392336,10,26.86,28.6,28.0,28.11,184.9,24.8,32.5,46.6,88.43,81.86,83.14,80.0,93.0,163.0,288.0,358.0
2016-03-20,201612,93.0,93,93,93,0.04574899,10.71336,0,1,221100120161219589,2023-08-20,Teresina,0.79214925,868075,,0,1,70,,,,,97405,24.36,28.03,32.96,40.3,83.71,113.0,24.17,0.9708428,119.0,23.84,1.1340997,132.0,25.0,1.4046198,96.0,24.26,1.099206,114.25,24.3425,4.543294782270004,-0.19290366612449183,-0.24419696051204198,-0.3470543459517499,-0.03141619623337899,11,27.64,26.86,28.6,28.0,45.8,184.9,24.8,32.5,85.43,88.43,81.86,83.14,163.0,288.0,358.0,254.0
2016-03-27,201613,163.0,163,163,163,0.9988154,18.77718,0,1,221100120161319589,2023-08-20,Teresina,1.4457511,868075,,1,2,125,,,,,97405,23.69,27.21,31.84,95.8,86.86,93.0,24.36,0.79214925,113.0,24.17,0.9708428,119.0,23.84,1.1340997,132.0,25.0,1.4046198,122.0,24.015,5.099866427824199,0.5565716455541949,0.3636679794297031,0.31237468504215293,0.20951729960244503,12,28.03,27.64,26.86,28.6,40.3,45.8,184.9,24.8,83.71,85.43,88.43,81.86,288.0,358.0,254.0,263.0
2016-04-03,201614,288.0,288,288,288,1.0,33.176857,0,4,221100120161419589,2023-08-20,Teresina,2.2774384,868075,,1,2,242,,,,,97405,24.36,27.47,31.71,26.5,85.43,163.0,23.69,1.4457511,93.0,24.36,0.79214925,113.0,24.17,0.9708428,119.0,23.84,1.1340997,164.25,24.145,5.666426688112432,0.5665602602882336,1.1231319058424285,0.9302282397179367,0.8789349453303865,13,27.21,28.03,27.64,26.86,95.8,40.3,45.8,184.9,86.86,83.71,85.43,88.43,358.0,254.0,263.0,245.0
2016-04-10,201615,358.0,358,358,358,1.0,41.240677,0,4,221100120161519589,2023-08-20,Teresina,1.9542191,868075,,1,2,287,,,,,97405,24.34,27.69,32.4,53.2,85.71,288.0,24.36,2.2774384,163.0,23.69,1.4457511,93.0,24.36,0.79214925,113.0,24.17,0.9708428,225.5,24.1875,5.883322388488279,0.21689570037584627,0.7834559606640799,1.3400276062182748,1.147123940093783,14,27.47,27.21,28.03,27.64,26.5,95.8,40.3,45.8,85.43,86.86,83.71,85.43,254.0,263.0,245.0,243.0
2016-04-17,201616,254.0,254,254,254,0.39194533,29.260145,0,4,221100120161619589,2023-08-20,Teresina,0.97612,868075,,0,2,192,,,,,97405,25.14,28.9,33.83,12.6,76.0,358.0,24.34,1.9542191,288.0,24.36,2.2774384,163.0,23.69,1.4457511,93.0,24.36,0.79214925,265.75,24.3825,5.541263545158426,-0.3420588433298528,-0.12516314295400655,0.44139711733422704,0.997968762888422,15,27.69,27.47,27.21,28.03,53.2,26.5,95.8,40.3,85.71,85.43,86.86,83.71,263.0,245.0,243.0,206.0
2016-04-24,201617,263.0,263,263,263,0.07289464,30.29692,0,4,221100120161719589,2023-08-20,Teresina,0.8843395,868075,,0,2,182,,,,,97405,24.56,29.01,33.93,1.1,76.86,254.0,25.14,0.97612,358.0,24.34,1.9542191,288.0,24.36,2.2774384,163.0,23.69,1.4457511,290.75,24.6,5.575949103146316,0.03468555798789019,-0.3073732853419626,-0.09047758496611635,0.47608267532211723,16,28.9,27.69,27.47,27.21,12.6,53.2,26.5,95.8,76.0,85.71,85.43,86.86,245.0,243.0,206.0,116.0
2016-05-01,201618,245.0,245,245,245,0.057505555,28.223368,0,4,221100120161819589,2023-08-20,Teresina,0.8715532,868075,,0,2,173,,,,,97405,23.89,27.76,32.49,36.2,83.29,263.0,24.56,0.8843395,254.0,25.14,0.97612,358.0,24.34,1.9542191,288.0,24.36,2.2774384,280.0,24.4825,5.5053315359323625,-0.07061756721395351,-0.03593200922606332,-0.37799085255591613,-0.16109515218006987,17,29.01,28.9,27.69,27.47,1.1,12.6,53.2,26.5,76.86,76.0,85.71,85.43,243.0,206.0,116.0,120.0
2016-05-08,201619,243.0,243,243,243,0.23181558,27.992973,0,4,221100120161919589,2023-08-20,Teresina,0.9367335,868075,,0,2,179,,,,,97405,24.77,28.3,32.96,9.2,81.71,245.0,23.89,0.8715532,263.0,24.56,0.8843395,254.0,25.14,0.97612,358.0,24.34,1.9542191,251.25,24.59,5.497168225293202,-0.008163310639160315,-0.07878087785311383,-0.04409531986522364,-0.38615416319507645,18,27.76,29.01,28.9,27.69,36.2,1.1,12.6,53.2,83.29,76.86,76.0,85.71,206.0,116.0,120.0,102.0
2016-05-15,201620,206.0,206,206,206,0.027860368,23.730669,0,4,221100120162019589,2023-08-20,Teresina,0.83522785,868075,,0,2,136,,,,,97405,24.29,28.5,33.66,1.0,77.86,243.0,24.77,0.9367335,245.0,23.89,0.8715532,263.0,24.56,0.8843395,254.0,25.14,0.97612,239.25,24.377499999999998,5.332718793265369,-0.16444943202783335,-0.17261274266699367,-0.24323030988094718,-0.208544751893057,19,28.3,27.76,29.01,28.9,9.2,36.2,1.1,12.6,81.71,83.29,76.86,76.0,116.0,120.0,102.0,93.0
2016-05-22,201621,116.0,116,116,116,5.705111e-10,13.362901,0,1,221100120162119589,2023-08-20,Teresina,0.5094235,868075,,0,1,81,,,,,97405,24.29,28.09,32.8,14.9,78.14,206.0,24.29,0.83522785,243.0,24.77,0.9367335,245.0,23.89,0.8715532,263.0,24.56,0.8843395,202.5,24.31,4.762173934797756,-0.5705448584676125,-0.7349942904954458,-0.7431576011346062,-0.8137751683485597,20,28.5,28.3,27.76,29.01,1.0,9.2,36.2,1.1,77.86,81.71,83.29,76.86,120.0,102.0,93.0,98.0
2016-05-29,201622,120.0,120,120,120,3.218437e-05,13.82369,0,1,221100120162219589,2023-08-20,Teresina,0.6317239,868075,,0,1,72,,,,,97405,24.57,28.69,33.79,4.9,77.71,116.0,24.29,0.5094235,206.0,24.29,0.83522785,243.0,24.77,0.9367335,245.0,23.89,0.8715532,171.25,24.479999999999997,4.795790545596741,0.033616610798985036,-0.5369282476686275,-0.7013776796964608,-0.7095409903356211,21,28.09,28.5,28.3,27.76,14.9,1.0,9.2,36.2,78.14,77.86,81.71,83.29,102.0,93.0,98.0,101.0
2016-06-05,201623,102.0,102,102,102,0.0030504644,11.750136,0,1,221100120162319589,2023-08-20,Teresina,0.7038948,868075,,0,1,67,,,,,97405,23.89,28.33,33.8,2.4,74.86,120.0,24.57,0.6317239,116.0,24.29,0.5094235,206.0,24.29,0.83522785,243.0,24.77,0.9367335,136.0,24.259999999999998,4.634728988229636,-0.16106155736710548,-0.12744494656812044,-0.6979898050357329,-0.8624392370635663,22,28.69,28.09,28.5,28.3,4.9,14.9,1.0,9.2,77.71,78.14,77.86,81.71,93.0,98.0,101.0,65.0
2016-06-12,201624,93.0,93,93,93,0.042857006,10.71336,0,1,221100120162419589,2023-08-20,Teresina,0.7889639,868075,,0,1,59,,,,,97405,23.23,28.27,34.01,2.0,67.71,102.0,23.89,0.7038948,120.0,24.57,0.6317239,116.0,24.29,0.5094235,206.0,24.29,0.83522785,107.75,23.995,4.543294782270004,-0.09143420595963203,-0.2524957633267375,-0.21887915252775247,-0.789424010995365,23,28.33,28.69,28.09,28.5,2.4,4.9,14.9,1.0,74.86,77.71,78.14,77.86,98.0,101.0,65.0,46.0
2016-06-19,201625,98.0,98,98,98,0.31781816,11.289347,0,1,221100120162519589,2023-08-20,Teresina,0.93572354,868075,,0,1,68,,,,,97405,24.11,29.11,34.53,0.2,57.14,93.0,23.23,0.7889639,102.0,23.89,0.7038948,120.0,24.57,0.6317239,116.0,24.29,0.5094235,103.25,23.95,4.59511985013459,0.05182506786458596,-0.03960913809504607,-0.20067069546215155,-0.1670540846631665,24,28.27,28.33,28.69,28.09,2.0,2.4,4.9,14.9,67.71,74.86,77.71,78.14,101.0,65.0,46.0,48.0
2016-06-26,201626,101.0,101,101,101,0.58522385,11.634939,0,1,221100120162619589,2023-08-20,Teresina,1.0309299,868075,,0,1,70,,,,,97405,23.91,28.73,34.06,0.0,51.57,98.0,24.11,0.93572354,93.0,23.23,0.7889639,102.0,23.89,0.7038948,120.0,24.57,0.6317239,98.5,23.784999999999997,4.624972813284271,0.02985296314968089,0.08167803101426685,-0.009756174945365181,-0.17081773231247066,25,29.11,28.27,28.33,28.69,0.2,2.0,2.4,4.9,57.14,67.71,74.86,77.71,65.0,46.0,48.0,49.0
2016-07-03,201627,65.0,65,65,65,0.0075784796,7.487832,0,1,221100120162719589,2023-08-20,Teresina,0.67989635,868075,,0,1,44,,,,,97405,24.46,29.04,34.29,7.0,59.57,101.0,23.91,1.0309299,98.0,24.11,0.93572354,93.0,23.23,0.7889639,102.0,23.89,0.7038948,89.25,23.927500000000002,4.189654742026425,-0.4353180712578455,-0.4054651081081646,-0.35364004024357865,-0.4450742462032107,26,28.73,29.11,28.27,28.33,0.0,0.2,2.0,2.4,51.57,57.14,67.71,74.86,46.0,48.0,49.0,40.0
2016-07-10,201628,46.0,46,46,46,0.00013161458,5.2990813,0,1,221100120162819589,2023-08-20,Teresina,0.524471,868075,,0,1,30,,,,,97405,23.39,28.9,34.84,0.3,59.0,65.0,24.46,0.67989635,101.0,23.91,1.0309299,98.0,24.11,0.93572354,93.0,23.23,0.7889639,77.5,23.9675,3.8501476017100584,-0.33950714031636675,-0.7748252115742122,-0.7449722484245314,-0.6931471805599454,27,29.04,28.73,29.11,28.27,7.0,0.0,0.2,2.0,59.57,51.57,57.14,67.71,48.0,49.0,40.0,16.0
2016-07-17,201629,48.0,48,48,48,0.021567035,5.529476,0,1,221100120162919589,2023-08-20,Teresina,0.68758434,868075,,0,1,23,,,,,97405,22.06,27.96,34.66,7.7,61.0,46.0,23.39,0.524471,65.0,24.46,0.67989635,101.0,23.91,1.0309299,98.0,24.11,0.93572354,65.0,23.455000000000002,3.8918202981106265,0.04167269640056803,-0.2978344439157987,-0.7331525151736442,-0.7032995520239633,28,28.9,29.04,28.73,29.11,0.3,7.0,0.0,0.2,59.0,59.57,51.57,57.14,49.0,40.0,16.0,24.0
2016-07-24,201630,49.0,49,49,49,0.3022729,5.6446733,0,1,221100120163019589,2023-08-20,Teresina,0.903399,868075,,0,1,27,,,,,97405,22.56,28.3,34.4,0.0,49.86,48.0,22.06,0.68758434,46.0,23.39,0.524471,65.0,24.46,0.67989635,101.0,23.91,1.0309299,52.0,23.1175,3.912023005428146,0.020202707317519497,0.06187540371808753,-0.2776317365982792,-0.7129498078561247,29,27.96,28.9,29.04,28.73,7.7,0.3,7.0,0.0,61.0,59.0,59.57,51.57,40.0,16.0,24.0,27.0
2016-07-31,201631,40.0,40,40,40,0.1881599,4.607897,0,1,221100120163119589,2023-08-20,Teresina,0.82873434,868075,,0,1,27,,,,,97405,22.89,28.86,35.31,0.0,46.29,49.0,22.56,0.903399,48.0,22.06,0.68758434,46.0,23.39,0.524471,65.0,24.46,0.67989635,45.75,22.725,3.713572066704308,-0.198450938723838,-0.1782482314063185,-0.13657553500575048,-0.47608267532211723,30,28.3,27.96,28.9,29.04,0.0,7.7,0.3,7.0,49.86,61.0,59.0,59.57,16.0,24.0,27.0,19.0
2016-08-07,201632,16.0,16,16,16,8.314043e-05,1.8431587,0,1,221100120163219589,2023-08-20,Teresina,0.35962516,868075,,0,0,14,,,,,97405,23.24,29.44,36.17,0.5,57.71,40.0,22.89,0.82873434,49.0,22.56,0.903399,48.0,22.06,0.68758434,46.0,23.39,0.524471,38.25,22.6875,2.833213344056216,-0.8803587226480918,-1.0788096613719298,-1.0586069540544103,-1.0169342576538423,31,28.86,28.3,27.96,28.9,0.0,0.0,7.7,0.3,46.29,49.86,61.0,59.0,24.0,27.0,19.0,13.0
2016-08-14,201633,24.0,24,24,24,0.06176196,2.764738,0,1,221100120163319589,2023-08-20,Teresina,0.6706561,868075,,0,0,21,,,,,97405,23.59,29.74,36.41,0.0,57.71,16.0,23.24,0.35962516,40.0,22.89,0.82873434,49.0,22.56,0.903399,48.0,22.06,0.68758434,32.25,23.07,3.2188758248682006,0.3856624808119844,-0.4946962418361074,-0.6931471805599454,-0.6729444732424259,32,29.44,28.86,28.3,27.96,0.5,0.0,0.0,7.7,57.71,46.29,49.86,61.0,27.0,19.0,13.0,18.0
2016-08-21,201634,27.0,27,27,27,0.544482,3.1103303,0,1,221100120163419589,2023-08-20,Teresina,1.0308689,868075,,0,1,21,,,,,97405,24.61,30.24,36.53,0.6,53.86,24.0,23.59,0.6706561,16.0,23.24,0.35962516,40.0,22.89,0.82873434,49.0,22.56,0.903399,26.75,23.582499999999996,3.332204510175204,0.11332868530700324,0.49899116611898764,-0.38136755652910415,-0.5798184952529422,33,29.74,29.44,28.86,28.3,0.0,0.5,0.0,0.0,57.71,57.71,46.29,49.86,19.0,13.0,18.0,15.0
2016-08-28,201635,19.0,19,19,19,0.24782246,2.188751,0,1,221100120163519589,2023-08-20,Teresina,0.8123659,868075,,0,0,16,,,,,97405,25.17,30.71,36.51,0.0,49.57,27.0,24.61,1.0308689,24.0,23.59,0.6706561,16.0,23.24,0.35962516,40.0,22.89,0.82873434,21.5,24.152500000000003,2.995732273553991,-0.33647223662121295,-0.2231435513142097,0.1625189294977747,-0.7178397931503171,34,30.24,29.74,29.44,28.86,0.6,0.0,0.5,0.0,53.86,57.71,57.71,46.29,13.0,18.0,15.0,16.0
2016-09-04,201636,13.0,13,13,13,0.045808014,1.4975665,0,1,221100120163619589,2023-08-20,Teresina,0.56704617,868075,,0,0,8,,,,,97405,25.33,30.9,36.9,0.5,52.86,19.0,25.17,0.8123659,27.0,24.61,1.0308689,24.0,23.59,0.6706561,16.0,23.24,0.35962516,20.75,24.674999999999997,2.6390573296152584,-0.35667494393873245,-0.6931471805599454,-0.5798184952529422,-0.19415601444095776,35,30.71,30.24,29.74,29.44,0.0,0.6,0.0,0.5,49.57,53.86,57.71,57.71,18.0,15.0,16.0,23.0
2016-09-11,201637,18.0,18,18,18,0.39576578,2.0735536,0,1,221100120163719589,2023-08-20,Teresina,0.9182414,868075,,0,0,11,,,,,97405,25.49,31.5,37.69,0.0,50.14,13.0,25.33,0.56704617,19.0,25.17,0.8123659,27.0,24.61,1.0308689,24.0,23.59,0.6706561,19.25,25.15,2.9444389791664403,0.30538164955118186,-0.05129329438755059,-0.38776553100876354,-0.2744368457017603,36,30.9,30.71,30.24,29.74,0.5,0.0,0.6,0.0,52.86,49.57,53.86,57.71,15.0,16.0,23.0,21.0
2016-09-18,201638,15.0,15,15,15,0.39219967,1.7279613,0,1,221100120163819589,2023-08-20,Teresina,0.9082458,868075,,0,0,8,,,,,97405,25.24,30.87,37.41,0.2,55.71,18.0,25.49,0.9182414,13.0,25.33,0.56704617,19.0,25.17,0.8123659,27.0,24.61,1.0308689,16.25,25.3075,2.772588722239781,-0.17185025692665912,0.13353139262452274,-0.2231435513142097,-0.5596157879354227,37,31.5,30.9,30.71,30.24,0.0,0.5,0.0,0.6,50.14,52.86,49.57,53.86,16.0,23.0,21.0,25.0
2016-09-25,201639,16.0,16,16,16,0.502236,1.8431587,0,1,221100120163919589,2023-08-20,Teresina,1.0019587,868075,,0,0,10,,,,,97405,25.47,30.53,36.81,1.6,58.0,15.0,25.24,0.9082458,18.0,25.49,0.9182414,13.0,25.33,0.56704617,19.0,25.17,0.8123659,15.5,25.3825,2.833213344056216,0.06062462181643502,-0.1112256351102241,0.19415601444095776,-0.1625189294977747,38,30.87,31.5,30.9,30.71,0.2,0.0,0.5,0.0,55.71,50.14,52.86,49.57,23.0,21.0,25.0,14.0
2016-10-02,201640,23.0,23,23,23,0.86282206,2.6495407,0,1,221100120164019589,2023-08-20,Teresina,1.4160235,868075,,0,0,17,,,,,97405,25.33,31.24,37.76,2.6,53.43,16.0,25.47,1.0019587,15.0,25.24,0.9082458,18.0,25.49,0.9182414,13.0,25.33,0.56704617,18.0,25.382499999999997,3.1780538303479458,0.3448404862917296,0.4054651081081646,0.2336148511815055,0.5389965007326873,39,30.53,30.87,31.5,30.9,1.6,0.2,0.0,0.5,58.0,55.71,50.14,52.86,21.0,25.0,14.0,13.0
2016-10-09,201641,21.0,21,21,21,0.7016413,2.4191458,0,1,221100120164119589,2023-08-20,Teresina,1.1835114,868075,,0,0,20,,,,,97405,25.2,31.97,38.77,0.0,43.14,23.0,25.33,1.4160235,16.0,25.47,1.0019587,15.0,25.24,0.9082458,18.0,25.49,0.9182414,18.75,25.31,3.091042453358316,-0.08701137698962969,0.2578291093020999,0.3184537311185349,0.1466034741918758,40,31.24,30.53,30.87,31.5,2.6,1.6,0.2,0.0,53.43,58.0,55.71,50.14,25.0,14.0,13.0,8.0
2016-10-16,201642,25.0,25,25,25,0.7562847,2.8799355,0,1,221100120164219589,2023-08-20,Teresina,1.227309,868075,,0,0,20,,,,,97405,25.86,31.26,37.81,3.9,56.86,21.0,25.2,1.1835114,23.0,25.33,1.4160235,16.0,25.47,1.0019587,15.0,25.24,0.9082458,21.25,25.465,3.258096538021482,0.16705408466316607,0.08004270767353638,0.42488319396526597,0.485507815781701,41,31.97,31.24,30.53,30.87,0.0,2.6,1.6,0.2,43.14,53.43,58.0,55.71,14.0,13.0,8.0,11.0
2016-10-23,201643,14.0,14,14,14,0.09570681,1.6127639,0,1,221100120164319589,2023-08-20,Teresina,0.64572614,868075,,0,0,9,,,,,97405,25.93,31.67,38.21,0.0,53.0,25.0,25.86,1.227309,21.0,25.2,1.1835114,23.0,25.33,1.4160235,16.0,25.47,1.0019587,20.75,25.58,2.70805020110221,-0.5500463369192721,-0.382992252256106,-0.4700036292457357,-0.1251631429540061,42,31.26,31.97,31.24,30.53,3.9,0.0,2.6,1.6,56.86,43.14,53.43,58.0,13.0,8.0,11.0,22.0
2016-10-30,201644,13.0,13,13,13,0.09483427,1.4975665,0,1,221100120164419589,2023-08-20,Teresina,0.6354125,868075,,0,0,8,,,,,97405,27.07,32.6,38.74,0.1,46.57,14.0,25.93,0.64572614,25.0,25.86,1.227309,21.0,25.2,1.1835114,23.0,25.33,1.4160235,18.25,26.015,2.6390573296152584,-0.06899287148695166,-0.6190392084062237,-0.45198512374305766,-0.5389965007326873,43,31.67,31.26,31.97,31.24,0.0,3.9,0.0,2.6,53.0,56.86,43.14,53.43,8.0,11.0,22.0,22.0
2016-11-06,201645,8.0,8,8,8,0.039379183,0.92157936,0,1,221100120164519589,2023-08-20,Teresina,0.48632473,868075,,0,0,7,,,,,97405,27.44,32.46,38.0,0.6,51.71,13.0,27.07,0.6354125,14.0,25.93,0.64572614,25.0,25.86,1.227309,21.0,25.2,1.1835114,15.0,26.575,2.1972245773362196,-0.44183275227903884,-0.5108256237659905,-1.0608719606852626,-0.8938178760220965,44,32.6,31.67,31.26,31.97,0.1,0.0,3.9,0.0,46.57,53.0,56.86,43.14,11.0,22.0,22.0,15.0
2016-11-13,201646,11.0,11,11,11,0.3725371,1.2671716,0,1,221100120164619589,2023-08-20,Teresina,0.8765324,868075,,0,0,10,,,,,97405,26.81,31.46,37.36,9.8,56.86,8.0,27.44,0.48632473,13.0,27.07,0.6354125,14.0,25.93,0.64572614,25.0,25.86,1.227309,11.5,26.8125,2.4849066497880004,0.2876820724517808,-0.15415067982725805,-0.2231435513142097,-0.7731898882334818,45,32.46,32.6,31.67,31.26,0.6,0.1,0.0,3.9,51.71,46.57,53.0,56.86,22.0,22.0,15.0,20.0
2016-11-20,201647,22.0,22,22,22,0.9742392,2.5343432,0,1,221100120164719589,2023-08-20,Teresina,1.9898425,868075,,0,0,18,,,,,97405,25.97,32.17,39.09,0.6,52.43,11.0,26.81,0.8765324,8.0,27.44,0.48632473,13.0,27.07,0.6354125,14.0,25.93,0.64572614,13.5,26.8225,3.1354942159291497,0.6505875661411493,0.9382696385929301,0.49643688631389127,0.4274440148269396,46,31.46,32.46,32.6,31.67,9.8,0.6,0.1,0.0,56.86,51.71,46.57,53.0,22.0,15.0,20.0,26.0
2016-11-27,201648,22.0,22,22,22,0.9237951,2.5343432,0,1,221100120164819589,2023-08-20,Teresina,1.6173387,868075,,0,0,15,,,,,97405,26.16,31.94,38.43,0.3,52.0,22.0,25.97,1.9898425,11.0,26.81,0.8765324,8.0,27.44,0.48632473,13.0,27.07,0.6354125,15.75,26.595,3.1354942159291497,0.0,0.6505875661411493,0.9382696385929301,0.49643688631389127,47,32.17,31.46,32.46,32.6,0.6,9.8,0.6,0.1,52.43,56.86,51.71,46.57,15.0,20.0,26.0,35.0
2016-12-04,201649,15.0,15,15,15,0.2946364,1.7279613,0,1,221100120164919589,2023-08-20,Teresina,0.8304231,868075,,0,0,11,,,,,97405,26.67,32.07,38.49,0.6,52.57,22.0,26.16,1.6173387,22.0,25.97,1.9898425,11.0,26.81,0.8765324,8.0,27.44,0.48632473,17.5,26.4025,2.772588722239781,-0.36290549368936853,-0.36290549368936853,0.2876820724517808,0.5753641449035616,48,31.94,32.17,31.46,32.46,0.3,0.6,9.8,0.6,52.0,52.43,56.86,51.71,20.0,26.0,35.0,36.0
2016-12-11,201650,20.0,20,20,20,0.53586704,2.3039484,0,1,221100120165019589,2023-08-20,Teresina,1.0287758,868075,,0,0,14,,,,,97405,25.54,29.27,34.14,48.9,68.29,15.0,26.67,0.8304231,22.0,26.16,1.6173387,22.0,25.97,1.9898425,11.0,26.81,0.8765324,19.75,26.085,3.044522437723423,0.27193371548364187,-0.09097177820572666,-0.09097177820572666,0.5596157879354227,49,32.07,31.94,32.17,31.46,0.6,0.3,0.6,9.8,52.57,52.0,52.43,56.86,26.0,35.0,36.0,26.0
2016-12-18,201651,26.0,26,26,26,0.8621785,2.995133,0,1,221100120165119589,2023-08-20,Teresina,1.3838391,868075,,0,1,21,,,,,97405,24.5,27.84,32.14,42.6,77.57,20.0,25.54,1.0287758,15.0,26.67,0.8304231,22.0,26.16,1.6173387,22.0,25.97,1.9898425,20.75,25.7175,3.295836866004329,0.2513144282809061,0.523248143764548,0.16034265007517945,0.16034265007517945,50,29.27,32.07,31.94,32.17,48.9,0.6,0.3,0.6,68.29,52.57,52.0,52.43,35.0,36.0,26.0,39.0
2016-12-25,201652,35.0,35,35,35,0.97018147,4.0319095,0,1,221100120165219589,2023-08-20,Teresina,1.6606476,868075,,1,1,14,,,,,97405,25.13,29.34,34.46,13.5,70.14,26.0,24.5,1.3838391,20.0,25.54,1.0287758,15.0,26.67,0.8304231,22.0,26.16,1.6173387,24.0,25.46,3.58351893845611,0.2876820724517808,0.5389965007326869,0.8109302162163288,0.44802472252696024,51,27.84,29.27,32.07,31.94,42.6,48.9,0.6,0.3,77.57,68.29,52.57,52.0,36.0,26.0,39.0,45.0
2017-01-01,201701,36.0,36,36,36,0.886346,4.147107,0,1,221100120170119589,2023-08-20,Teresina,1.3567044,868075,,0,1,24,,,,,97405,25.06,29.24,35.4,12.2,71.71,35.0,25.13,1.6606476,26.0,24.5,1.3838391,20.0,25.54,1.0287758,15.0,26.67,0.8304231,29.25,25.057499999999997,3.6109179126442243,0.027398974188114433,0.3150810466398952,0.5663954749208013,0.8383291904044432,52,29.34,27.84,29.27,32.07,13.5,42.6,48.9,0.6,70.14,77.57,68.29,52.57,26.0,39.0,45.0,41.0
2017-01-08,201702,26.0,26,26,26,0.2316311,2.995133,0,1,221100120170219589,2023-08-20,Teresina,0.8249201,868075,,0,1,14,,,,,97405,23.97,27.53,32.66,73.4,80.71,36.0,25.06,1.3567044,35.0,25.13,1.6606476,26.0,24.5,1.3838391,20.0,25.54,1.0287758,30.75,24.665,3.295836866004329,-0.3150810466398952,-0.2876820724517808,0.0,0.2513144282809061,1,29.24,29.34,27.84,29.27,12.2,13.5,42.6,48.9,71.71,70.14,77.57,68.29,39.0,45.0,41.0,56.0
2017-01-15,201703,39.0,39,39,39,0.77219313,4.492699,0,1,221100120170319589,2023-08-20,Teresina,1.1918504,868075,,0,1,27,,,,,97405,23.63,27.46,32.27,55.0,81.57,26.0,23.97,0.8249201,36.0,25.06,1.3567044,35.0,25.13,1.6606476,26.0,24.5,1.3838391,34.0,24.4475,3.6888794541139363,0.3930425881096071,0.0779615414697119,0.10536051565782634,0.3930425881096071,2,27.53,29.24,29.34,27.84,73.4,12.2,13.5,42.6,80.71,71.71,70.14,77.57,45.0,41.0,56.0,46.0
2017-01-22,201704,45.0,45,45,45,0.9152871,5.1838837,0,1,221100120170419589,2023-08-20,Teresina,1.3653945,868075,,0,1,30,,,,,97405,23.73,27.16,32.14,57.9,82.71,39.0,23.63,1.1918504,26.0,23.97,0.8249201,36.0,25.06,1.3567044,35.0,25.13,1.6606476,36.5,24.097499999999997,3.828641396489095,0.13976194237515882,0.532804530484766,0.21772348384487072,0.24512245803298516,3,27.46,27.53,29.24,29.34,55.0,73.4,12.2,13.5,81.57,80.71,71.71,70.14,41.0,56.0,46.0,89.0
2017-01-29,201705,41.0,41,41,41,0.6733072,4.723094,0,1,221100120170519589,2023-08-20,Teresina,1.1064754,868075,,0,1,32,,,,,97405,24.13,27.83,33.21,31.9,81.86,45.0,23.73,1.3653945,39.0,23.63,1.1918504,26.0,23.97,0.8249201,36.0,25.06,1.3567044,37.75,23.865,3.7376696182833684,-0.09097177820572666,0.04879016416943216,0.4418327522790393,0.12675170563914406,4,27.16,27.46,27.53,29.24,57.9,55.0,73.4,12.2,82.71,81.57,80.71,71.71,56.0,46.0,89.0,81.0
2017-02-05,201706,56.0,56,56,56,0.92414147,6.4510555,0,1,221100120170619589,2023-08-20,Teresina,1.3364649,868075,,0,1,30,,,,,97405,24.57,27.36,31.23,207.5,83.57,41.0,24.13,1.1064754,45.0,23.73,1.3653945,39.0,23.63,1.1918504,26.0,23.97,0.8249201,45.25,24.015,4.04305126783455,0.30538164955118186,0.2144098713454552,0.354171813720614,0.7472144018302211,5,27.83,27.16,27.46,27.53,31.9,57.9,55.0,73.4,81.86,82.71,81.57,80.71,46.0,89.0,81.0,107.0
2017-02-12,201707,46.0,46,46,46,0.5207287,5.2990813,0,1,221100120170719589,2023-08-20,Teresina,1.0108777,868075,,0,1,37,,,,,97405,23.14,25.87,29.96,72.7,89.29,56.0,24.57,1.3364649,41.0,24.13,1.1064754,45.0,23.73,1.3653945,39.0,23.63,1.1918504,47.0,23.8925,3.8501476017100584,-0.19290366612449183,0.11247798342669002,0.02150620522096336,0.16126814759612218,6,27.36,27.83,27.16,27.46,207.5,31.9,57.9,55.0,83.57,81.86,82.71,81.57,89.0,81.0,107.0,119.0
2017-02-19,201708,89.0,89,89,89,0.99944514,10.25257,0,1,221100120170819589,2023-08-20,Teresina,1.7518518,868075,,1,1,73,,,,,97405,23.34,26.7,31.76,51.5,86.14,46.0,23.14,1.0108777,56.0,24.57,1.3364649,41.0,24.13,1.1064754,45.0,23.73,1.3653945,58.0,23.795,4.499809670330265,0.6496620686202066,0.45675840249571475,0.7621400520468966,0.67116827384117,7,25.87,27.36,27.83,27.16,72.7,207.5,31.9,57.9,89.29,83.57,81.86,82.71,81.0,107.0,119.0,145.0
2017-02-26,201709,81.0,81,81,81,0.9604761,9.330991,0,1,221100120170919589,2023-08-20,Teresina,1.344874,868075,,1,1,52,,,,,97405,23.07,26.54,31.56,73.3,86.57,89.0,23.34,1.7518518,46.0,23.14,1.0108777,56.0,24.57,1.3364649,41.0,24.13,1.1064754,68.0,23.53,4.406719247264253,-0.09309042306601167,0.5565716455541949,0.3636679794297031,0.6690496289808849,8,26.7,25.87,27.36,27.83,51.5,72.7,207.5,31.9,86.14,89.29,83.57,81.86,107.0,119.0,145.0,149.0
2017-03-05,201710,107.0,107,107,107,0.9909949,12.326124,0,3,221100120171019589,2023-08-20,Teresina,1.4224097,868075,,1,1,91,,,,,97405,23.69,26.61,30.96,73.9,88.71,81.0,23.07,1.344874,89.0,23.34,1.7518518,46.0,23.14,1.0108777,56.0,24.57,1.3364649,80.75,23.310000000000002,4.68213122712422,0.27541197985996657,0.1823215567939549,0.8319836254141615,0.6390799592896697,9,26.54,26.7,25.87,27.36,73.3,51.5,72.7,207.5,86.57,86.14,89.29,83.57,119.0,145.0,149.0,184.0
2017-03-12,201711,119.0,119,119,119,0.9819258,13.708493,0,3,221100120171119589,2023-08-20,Teresina,1.33854,868075,,1,1,94,,,,,97405,23.29,26.19,30.3,54.8,88.43,107.0,23.69,1.4224097,81.0,23.07,1.344874,89.0,23.34,1.7518518,46.0,23.14,1.0108777,99.0,23.3475,4.787491742782046,0.10536051565782589,0.38077249551779246,0.2876820724517808,0.9373441410719874,10,26.61,26.54,26.7,25.87,73.9,73.3,51.5,72.7,88.71,86.57,86.14,89.29,145.0,149.0,184.0,176.0
2017-03-19,201712,145.0,145,145,145,0.9955217,16.703627,0,3,221100120171219589,2023-08-20,Teresina,1.3952198,868075,,1,2,123,,,,,97405,23.47,27.09,31.79,31.7,84.86,119.0,23.29,1.33854,107.0,23.69,1.4224097,81.0,23.07,1.344874,89.0,23.34,1.7518518,113.0,23.38,4.983606621708336,0.19611487892629054,0.30147539458411643,0.576887374444083,0.4837969513780713,11,26.19,26.61,26.54,26.7,54.8,73.9,73.3,51.5,88.43,88.71,86.57,86.14,149.0,184.0,176.0,201.0
2017-03-26,201713,149.0,149,149,149,0.9545715,17.164415,0,4,221100120171319589,2023-08-20,Teresina,1.2286699,868075,,1,2,127,,,,,97405,23.83,27.21,32.04,48.0,83.57,145.0,23.47,1.3952198,119.0,23.29,1.33854,107.0,23.69,1.4224097,81.0,23.07,1.344874,130.0,23.569999999999997,5.0106352940962555,0.027028672387919173,0.2231435513142097,0.3285040669720356,0.6039160468320022,12,27.09,26.19,26.61,26.54,31.7,54.8,73.9,73.3,84.86,88.43,88.71,86.57,184.0,176.0,201.0,226.0
2017-04-02,201714,184.0,184,184,184,0.9942079,21.196325,0,4,221100120171419589,2023-08-20,Teresina,1.325867,868075,,1,2,143,,,,,97405,23.6,27.13,32.04,47.2,85.14,149.0,23.83,1.2286699,145.0,23.47,1.3952198,119.0,23.29,1.33854,107.0,23.69,1.4224097,149.25,23.5475,5.220355825078324,0.2097205309820689,0.23674920336998806,0.4328640822962786,0.5382245979541045,13,27.21,27.09,26.19,26.61,48.0,31.7,54.8,73.9,83.57,84.86,88.43,88.71,176.0,201.0,226.0,210.0
2017-04-09,201715,176.0,176,176,176,0.8707185,20.274746,0,4,221100120171519589,2023-08-20,Teresina,1.1321001,868075,,0,2,153,,,,,97405,23.64,26.91,31.09,70.7,85.86,184.0,23.6,1.325867,149.0,23.83,1.2286699,145.0,23.47,1.3952198,119.0,23.29,1.33854,163.5,23.635,5.176149732573829,-0.04420609250449559,0.1655144384775733,0.19254311086549247,0.388657989791783,14,27.13,27.21,27.09,26.19,47.2,48.0,31.7,54.8,85.14,83.57,84.86,88.43,201.0,226.0,210.0,207.0
2017-04-16,201716,201.0,201,201,201,0.9386451,23.154682,0,4,221100120171619589,2023-08-20,Teresina,1.1735953,868075,,0,2,160,,,,,97405,24.2,27.94,32.57,6.9,81.0,176.0,23.64,1.1321001,184.0,23.6,1.325867,149.0,23.83,1.2286699,145.0,23.47,1.3952198,177.5,23.817500000000003,5.308267697401205,0.13211796482737626,0.08791187232288067,0.29763240330494956,0.32466107569286873,15,26.91,27.13,27.21,27.09,70.7,47.2,48.0,31.7,85.86,85.14,83.57,84.86,226.0,210.0,207.0,271.0
2017-04-23,201717,226.0,226,226,226,0.9804767,26.034616,0,4,221100120171719589,2023-08-20,Teresina,1.2264087,868075,,1,2,172,,,,,97405,23.8,27.1,31.56,43.8,85.57,201.0,24.2,1.1735953,176.0,23.64,1.1321001,184.0,23.6,1.325867,149.0,23.83,1.2286699,196.75,23.810000000000002,5.424950017481403,0.11668232008019785,0.2488002849075741,0.20459419240307852,0.4143147233851474,16,27.94,26.91,27.13,27.21,6.9,70.7,47.2,48.0,81.0,85.86,85.14,83.57,210.0,207.0,271.0,209.0
2017-04-30,201718,210.0,210,210,210,0.6998057,24.191458,0,4,221100120171819589,2023-08-20,Teresina,1.053096,868075,,0,2,145,,,,,97405,24.07,27.61,32.13,29.7,81.57,226.0,23.8,1.2264087,201.0,24.2,1.1735953,176.0,23.64,1.1321001,184.0,23.6,1.325867,203.25,23.9275,5.351858133476067,-0.07309188400533628,0.04359043607486157,0.17570840090223783,0.13150230839774224,17,27.1,27.94,26.91,27.13,43.8,6.9,70.7,47.2,85.57,81.0,85.86,85.14,207.0,271.0,209.0,158.0
2017-05-07,201719,207.0,207,207,207,0.41998303,23.845865,0,4,221100120171919589,2023-08-20,Teresina,0.9804614,868075,,0,2,146,,,,,97405,23.81,27.43,31.8,24.8,84.43,210.0,24.07,1.053096,226.0,23.8,1.2264087,201.0,24.2,1.1735953,176.0,23.64,1.1321001,211.0,23.97,5.337538079701318,-0.014320053774748764,-0.08741193778008505,0.029270382300112807,0.16138834712748906,18,27.61,27.1,27.94,26.91,29.7,43.8,6.9,70.7,81.57,85.57,81.0,85.86,271.0,209.0,158.0,158.0
2017-05-14,201720,271.0,271,271,271,0.99465925,31.2185,0,4,221100120172019589,2023-08-20,Teresina,1.2614051,868075,,1,2,199,,,,,97405,24.33,28.1,32.79,5.3,81.14,207.0,23.81,0.9804614,210.0,24.07,1.053096,226.0,23.8,1.2264087,201.0,24.2,1.1735953,228.5,24.0025,5.605802066295998,0.26826398659467987,0.2539439328199311,0.18085204881459482,0.2975343688947927,19,27.43,27.61,27.1,27.94,24.8,29.7,43.8,6.9,84.43,81.57,85.57,81.0,209.0,158.0,158.0,142.0
2017-05-21,201721,209.0,209,209,209,0.24453275,24.076262,0,4,221100120172119589,2023-08-20,Teresina,0.93566865,868075,,0,2,154,,,,,97405,24.91,28.8,33.71,0.4,71.43,271.0,24.33,1.2614051,207.0,23.81,0.9804614,210.0,24.07,1.053096,226.0,23.8,1.2264087,224.25,24.279999999999998,5.3471075307174685,-0.2586945355785293,0.009569451016150587,-0.004750602758598177,-0.07784248676393446,20,28.1,27.43,27.61,27.1,5.3,24.8,29.7,43.8,81.14,84.43,81.57,85.57,158.0,158.0,142.0,147.0
2017-05-28,201722,158.0,158,158,158,0.00012881958,18.201193,0,4,221100120172219589,2023-08-20,Teresina,0.68794173,868075,,0,2,94,,,,,97405,24.61,28.37,33.3,3.8,75.29,209.0,24.91,0.93566865,271.0,24.33,1.2614051,207.0,23.81,0.9804614,210.0,24.07,1.053096,211.25,24.415,5.0689042022202315,-0.27820332849723695,-0.5368978640757662,-0.26863387748108636,-0.2829539312558351,21,28.8,28.1,27.43,27.61,0.4,5.3,24.8,29.7,71.43,81.14,84.43,81.57,158.0,142.0,147.0,116.0
2017-06-04,201723,158.0,158,158,158,0.0044822595,18.201193,0,4,221100120172319589,2023-08-20,Teresina,0.76015514,868075,,0,2,93,,,,,97405,23.99,28.57,34.06,0.0,67.14,158.0,24.61,0.68794173,209.0,24.91,0.93566865,271.0,24.33,1.2614051,207.0,23.81,0.9804614,199.0,24.46,5.0689042022202315,0.0,-0.27820332849723695,-0.5368978640757662,-0.26863387748108636,22,28.37,28.8,28.1,27.43,3.8,0.4,5.3,24.8,75.29,71.43,81.14,84.43,142.0,147.0,116.0,109.0
2017-06-11,201724,142.0,142,142,142,0.031309746,16.358034,0,4,221100120172419589,2023-08-20,Teresina,0.8110567,868075,,0,2,102,,,,,97405,24.47,28.39,33.2,0.2,67.43,158.0,23.99,0.76015514,158.0,24.61,0.68794173,209.0,24.91,0.93566865,271.0,24.33,1.2614051,166.75,24.494999999999997,4.962844630259907,-0.10605957196032456,-0.10605957196032456,-0.3842629004575615,-0.6429574360360908,23,28.57,28.37,28.8,28.1,0.0,3.8,0.4,5.3,67.14,75.29,71.43,81.14,147.0,116.0,109.0,98.0
2017-06-18,201725,147.0,147,147,147,0.30084333,16.934021,0,4,221100120172519589,2023-08-20,Teresina,0.94186133,868075,,0,2,94,,,,,97405,24.5,28.67,33.21,0.0,60.0,142.0,24.47,0.8110567,158.0,23.99,0.76015514,158.0,24.61,0.68794173,209.0,24.91,0.93566865,151.25,24.3925,4.997212273764115,0.034367643504207734,-0.07169192845611683,-0.07169192845611683,-0.3498952569533538,24,28.39,28.57,28.37,28.8,0.2,0.0,3.8,0.4,67.43,67.14,75.29,71.43,116.0,109.0,98.0,57.0
2017-06-25,201726,116.0,116,116,116,0.03070509,13.362901,0,1,221100120172619589,2023-08-20,Teresina,0.7933944,868075,,0,1,71,,,,,97405,25.46,28.87,33.09,0.5,57.43,147.0,24.5,0.94186133,142.0,24.47,0.8110567,158.0,23.99,0.76015514,158.0,24.61,0.68794173,140.75,24.605,4.762173934797756,-0.2350383389663584,-0.20067069546215066,-0.3067302674224752,-0.3067302674224752,25,28.67,28.39,28.57,28.37,0.0,0.2,0.0,3.8,60.0,67.43,67.14,75.29,109.0,98.0,57.0,60.0
2017-07-02,201727,109.0,109,109,109,0.04068111,12.556519,0,1,221100120172719589,2023-08-20,Teresina,0.8001929,868075,,0,1,75,,,,,97405,24.44,28.37,33.03,0.1,55.43,116.0,25.46,0.7933944,147.0,24.5,0.94186133,142.0,24.47,0.8110567,158.0,23.99,0.76015514,128.5,24.7175,4.700480365792417,-0.06169356900533973,-0.29673190797169813,-0.2623642644674904,-0.36842383642781495,26,28.87,28.67,28.39,28.57,0.5,0.0,0.2,0.0,57.43,60.0,67.43,67.14,98.0,57.0,60.0,56.0
2017-07-09,201728,98.0,98,98,98,0.05299773,11.289347,0,1,221100120172819589,2023-08-20,Teresina,0.80392885,868075,,0,1,61,,,,,97405,23.76,28.13,33.16,0.0,51.86,109.0,24.44,0.8001929,116.0,25.46,0.7933944,147.0,24.5,0.94186133,142.0,24.47,0.8110567,117.5,24.540000000000003,4.59511985013459,-0.10536051565782678,-0.1670540846631665,-0.4020924236295249,-0.3677247801253172,27,28.37,28.87,28.67,28.39,0.1,0.5,0.0,0.2,55.43,57.43,60.0,67.43,57.0,60.0,56.0,40.0
2017-07-16,201729,57.0,57,57,57,4.0507508e-05,6.5662527,0,1,221100120172919589,2023-08-20,Teresina,0.5330525,868075,,0,1,39,,,,,97405,23.13,28.01,33.27,0.1,52.0,98.0,23.76,0.80392885,109.0,24.44,0.8001929,116.0,25.46,0.7933944,147.0,24.5,0.94186133,95.0,24.197499999999998,4.060443010546419,-0.5346768395881707,-0.6400373552459975,-0.7017309242513372,-0.9367692632176956,28,28.13,28.37,28.87,28.67,0.0,0.1,0.5,0.0,51.86,55.43,57.43,60.0,60.0,56.0,40.0,31.0
2017-07-23,201730,60.0,60,60,60,0.007701484,6.911845,0,1,221100120173019589,2023-08-20,Teresina,0.6708662,868075,,0,1,37,,,,,97405,24.36,28.77,33.49,0.0,50.0,57.0,23.13,0.5330525,98.0,23.76,0.80392885,109.0,24.44,0.8001929,116.0,25.46,0.7933944,81.0,23.9225,4.110873864173311,0.05043085362689226,-0.48424598596127844,-0.5896065016191052,-0.651300070624445,29,28.01,28.13,28.37,28.87,0.1,0.0,0.1,0.5,52.0,51.86,55.43,57.43,56.0,40.0,31.0,47.0
2017-07-30,201731,56.0,56,56,56,0.09893957,6.4510555,0,1,221100120173119589,2023-08-20,Teresina,0.7953012,868075,,0,1,36,,,,,97405,24.4,29.3,34.44,0.0,52.57,60.0,24.36,0.6708662,57.0,23.13,0.5330525,98.0,23.76,0.80392885,109.0,24.44,0.8001929,67.75,23.9125,4.04305126783455,-0.06782259633876109,-0.01739174271186883,-0.5520685823000395,-0.6574290979578663,30,28.77,28.01,28.13,28.37,0.0,0.1,0.0,0.1,50.0,52.0,51.86,55.43,40.0,31.0,47.0,51.0
2017-08-06,201732,40.0,40,40,40,0.025903443,4.607897,0,1,221100120173219589,2023-08-20,Teresina,0.67534715,868075,,0,1,22,,,,,97405,24.17,28.96,34.29,3.6,60.57,56.0,24.4,0.7953012,60.0,24.36,0.6708662,57.0,23.13,0.5330525,98.0,23.76,0.80392885,53.25,24.015,3.713572066704308,-0.3294792011302423,-0.3973017974690034,-0.34687094384211115,-0.8815477834302818,31,29.3,28.77,28.01,28.13,0.0,0.0,0.1,0.0,52.57,50.0,52.0,51.86,31.0,47.0,51.0,45.0
2017-08-13,201733,31.0,31,31,31,0.010611649,3.57112,0,1,221100120173319589,2023-08-20,Teresina,0.5991713,868075,,0,1,21,,,,,97405,23.94,29.71,35.57,0.0,56.71,40.0,24.17,0.67534715,56.0,24.4,0.7953012,60.0,24.36,0.6708662,57.0,23.13,0.5330525,46.75,24.2175,3.4657359027997265,-0.2478361639045814,-0.5773153650348237,-0.6451379613735848,-0.5947071077466926,32,28.96,29.3,28.77,28.01,3.6,0.0,0.0,0.1,60.57,52.57,50.0,52.0,47.0,51.0,45.0,31.0
2017-08-20,201734,47.0,47,47,47,0.66203666,5.4142785,0,1,221100120173419589,2023-08-20,Teresina,1.0917013,868075,,0,1,33,,,,,97405,24.96,29.93,35.07,0.0,53.86,31.0,23.94,0.5991713,40.0,24.17,0.67534715,56.0,24.4,0.7953012,60.0,24.36,0.6708662,43.5,24.3675,3.871201010907891,0.4054651081081646,0.1576289442035832,-0.17185025692665912,-0.2396728532654202,33,29.71,28.96,29.3,28.77,0.0,3.6,0.0,0.0,56.71,60.57,52.57,50.0,51.0,45.0,31.0,30.0
2017-08-27,201735,51.0,51,51,51,0.8886864,5.875068,0,1,221100120173519589,2023-08-20,Teresina,1.2921408,868075,,0,1,42,,,,,97405,24.5,30.34,35.93,0.0,48.86,47.0,24.96,1.0917013,31.0,23.94,0.5991713,40.0,24.17,0.67534715,56.0,24.4,0.7953012,42.25,24.3925,3.9512437185814275,0.08004270767353638,0.485507815781701,0.23767165187711958,-0.09180754925312273,34,29.93,29.71,28.96,29.3,0.0,0.0,3.6,0.0,53.86,56.71,60.57,52.57,45.0,31.0,30.0,23.0
2017-09-03,201736,45.0,45,45,45,0.5662951,5.1838837,0,1,221100120173619589,2023-08-20,Teresina,1.0359732,868075,,0,1,29,,,,,97405,24.84,30.19,35.7,0.0,47.57,51.0,24.5,1.2921408,47.0,24.96,1.0917013,31.0,23.94,0.5991713,40.0,24.17,0.67534715,43.5,24.56,3.828641396489095,-0.12260232209233246,-0.04255961441879608,0.36290549368936853,0.11506932978478712,35,30.34,29.93,29.71,28.96,0.0,0.0,0.0,3.6,48.86,53.86,56.71,60.57,31.0,30.0,23.0,23.0
2017-09-10,201737,31.0,31,31,31,0.04102703,3.57112,0,1,221100120173719589,2023-08-20,Teresina,0.67187315,868075,,0,1,17,,,,,97405,25.73,30.83,35.9,0.0,44.43,45.0,24.84,1.0359732,51.0,24.5,1.2921408,47.0,24.96,1.0917013,31.0,23.94,0.5991713,43.5,25.0075,3.4657359027997265,-0.36290549368936853,-0.485507815781701,-0.4054651081081646,0.0,36,30.19,30.34,29.93,29.71,0.0,0.0,0.0,0.0,47.57,48.86,53.86,56.71,30.0,23.0,23.0,26.0
2017-09-17,201738,30.0,30,30,30,0.07548313,3.4559226,0,1,221100120173819589,2023-08-20,Teresina,0.71268845,868075,,0,1,12,,,,,97405,25.7,30.89,36.16,0.0,46.14,31.0,25.73,0.67187315,45.0,24.84,1.0359732,51.0,24.5,1.2921408,47.0,24.96,1.0917013,39.25,25.1925,3.4339872044851463,-0.03174869831458027,-0.3946541920039488,-0.5172565140962813,-0.4372138064227449,37,30.83,30.19,30.34,29.93,0.0,0.0,0.0,0.0,44.43,47.57,48.86,53.86,23.0,23.0,26.0,15.0
2017-09-24,201739,23.0,23,23,23,0.059406478,2.6495407,0,1,221100120173919589,2023-08-20,Teresina,0.66238797,868075,,0,0,12,,,,,97405,25.63,31.29,36.87,0.0,47.14,30.0,25.7,0.71268845,31.0,25.73,0.67187315,45.0,24.84,1.0359732,51.0,24.5,1.2921408,32.25,25.475,3.1780538303479458,-0.2559333741372005,-0.2876820724517808,-0.6505875661411493,-0.7731898882334818,38,30.89,30.83,30.19,30.34,0.0,0.0,0.0,0.0,46.14,44.43,47.57,48.86,23.0,26.0,15.0,14.0
2017-10-01,201740,23.0,23,23,23,0.20281947,2.6495407,0,1,221100120174019589,2023-08-20,Teresina,0.79479074,868075,,0,0,18,,,,,97405,25.04,31.37,37.54,0.0,48.71,23.0,25.63,0.66238797,30.0,25.7,0.71268845,31.0,25.73,0.67187315,45.0,24.84,1.0359732,26.75,25.525,3.1780538303479458,0.0,-0.2559333741372005,-0.2876820724517808,-0.6505875661411493,39,31.29,30.89,30.83,30.19,0.0,0.0,0.0,0.0,47.14,46.14,44.43,47.57,26.0,15.0,14.0,11.0
2017-10-08,201741,26.0,26,26,26,0.54014945,2.995133,0,1,221100120174119589,2023-08-20,Teresina,1.0283209,868075,,0,1,16,,,,,97405,26.09,31.69,37.26,0.1,52.71,23.0,25.04,0.79479074,23.0,25.63,0.66238797,30.0,25.7,0.71268845,31.0,25.73,0.67187315,25.5,25.615,3.295836866004329,0.11778303565638337,0.11778303565638337,-0.13815033848081715,-0.16989903679539742,40,31.37,31.29,30.89,30.83,0.0,0.0,0.0,0.0,48.71,47.14,46.14,44.43,15.0,14.0,11.0,19.0
2017-10-15,201742,15.0,15,15,15,0.079826035,1.7279613,0,1,221100120174219589,2023-08-20,Teresina,0.63545007,868075,,0,0,12,,,,,97405,26.27,31.47,37.26,0.7,52.57,26.0,26.09,1.0283209,23.0,25.04,0.79479074,23.0,25.63,0.66238797,30.0,25.7,0.71268845,21.75,25.7575,2.772588722239781,-0.523248143764548,-0.4054651081081646,-0.4054651081081646,-0.6613984822453651,41,31.69,31.37,31.29,30.89,0.1,0.0,0.0,0.0,52.71,48.71,47.14,46.14,14.0,11.0,19.0,14.0
2017-10-22,201743,14.0,14,14,14,0.095158674,1.6127639,0,1,221100120174319589,2023-08-20,Teresina,0.64509517,868075,,0,0,10,,,,,97405,26.11,32.36,38.13,0.0,46.57,15.0,26.27,0.63545007,26.0,26.09,1.0283209,23.0,25.04,0.79479074,23.0,25.63,0.66238797,19.5,25.877499999999998,2.70805020110221,-0.06453852113757108,-0.5877866649021191,-0.4700036292457357,-0.4700036292457357,42,31.47,31.69,31.37,31.29,0.7,0.1,0.0,0.0,52.57,52.71,48.71,47.14,11.0,19.0,14.0,21.0
2017-10-29,201744,11.0,11,11,11,0.10399009,1.2671716,0,1,221100120174419589,2023-08-20,Teresina,0.6248349,868075,,0,0,8,,,,,97405,26.14,31.36,37.03,0.5,53.71,14.0,26.11,0.64509517,15.0,26.27,0.63545007,26.0,26.09,1.0283209,23.0,25.04,0.79479074,16.5,26.152500000000003,2.4849066497880004,-0.2231435513142097,-0.2876820724517808,-0.8109302162163288,-0.6931471805599454,43,32.36,31.47,31.69,31.37,0.0,0.7,0.1,0.0,46.57,52.57,52.71,48.71,19.0,14.0,21.0,20.0
2017-11-05,201745,19.0,19,19,19,0.7896581,2.188751,0,1,221100120174519589,2023-08-20,Teresina,1.3184301,868075,,0,0,12,,,,,97405,25.26,30.47,36.14,4.6,57.71,11.0,26.14,0.6248349,14.0,26.11,0.64509517,15.0,26.27,0.63545007,26.0,26.09,1.0283209,14.75,25.945,2.995732273553991,0.5108256237659905,0.2876820724517808,0.2231435513142097,-0.30010459245033827,44,31.36,32.36,31.47,31.69,0.5,0.0,0.7,0.1,53.71,46.57,52.57,52.71,14.0,21.0,20.0,32.0
2017-11-12,201746,14.0,14,14,14,0.49560612,1.6127639,0,1,221100120174619589,2023-08-20,Teresina,0.99591124,868075,,0,0,10,,,,,97405,25.8,30.74,36.49,3.8,56.86,19.0,25.26,1.3184301,11.0,26.14,0.6248349,14.0,26.11,0.64509517,15.0,26.27,0.63545007,14.5,25.8275,2.70805020110221,-0.2876820724517808,0.2231435513142097,0.0,-0.06453852113757108,45,30.47,31.36,32.36,31.47,4.6,0.5,0.0,0.7,57.71,53.71,46.57,52.57,21.0,20.0,32.0,30.0
2017-11-19,201747,21.0,21,21,21,0.81768924,2.4191458,0,1,221100120174719589,2023-08-20,Teresina,1.347117,868075,,0,0,10,,,,,97405,25.51,30.26,35.73,3.7,60.86,14.0,25.8,0.99591124,19.0,25.26,1.3184301,11.0,26.14,0.6248349,14.0,26.11,0.64509517,16.25,25.677500000000002,3.091042453358316,0.382992252256106,0.09531017980432521,0.6061358035703157,0.382992252256106,46,30.74,30.47,31.36,32.36,3.8,4.6,0.5,0.0,56.86,57.71,53.71,46.57,20.0,32.0,30.0,28.0
2017-11-26,201748,20.0,20,20,20,0.69102836,2.3039484,0,1,221100120174819589,2023-08-20,Teresina,1.1763438,868075,,0,0,14,,,,,97405,25.67,30.6,36.04,15.8,59.43,21.0,25.51,1.347117,14.0,25.8,0.99591124,19.0,25.26,1.3184301,11.0,26.14,0.6248349,18.5,25.56,3.044522437723423,-0.04652001563489305,0.33647223662121295,0.04879016416943216,0.5596157879354227,47,30.26,30.74,30.47,31.36,3.7,3.8,4.6,0.5,60.86,56.86,57.71,53.71,32.0,30.0,28.0,23.0
2017-12-03,201749,32.0,32,32,32,0.96244323,3.6863174,0,1,221100120174919589,2023-08-20,Teresina,1.6487215,868075,,1,1,23,,,,,97405,26.3,31.69,37.47,0.3,50.14,20.0,25.67,1.1763438,21.0,25.51,1.347117,14.0,25.8,0.99591124,19.0,25.26,1.3184301,21.75,25.82,3.4965075614664802,0.4519851237430572,0.40546510810816416,0.7884573603642702,0.5007752879124894,48,30.6,30.26,30.74,30.47,15.8,3.7,3.8,4.6,59.43,60.86,56.86,57.71,30.0,28.0,23.0,48.0
2017-12-10,201750,30.0,30,30,30,0.8241845,3.4559226,0,1,221100120175019589,2023-08-20,Teresina,1.2895131,868075,,0,1,24,,,,,97405,25.54,29.33,34.14,40.9,68.0,32.0,26.3,1.6487215,20.0,25.67,1.1763438,21.0,25.51,1.347117,14.0,25.8,0.99591124,25.75,25.755,3.4339872044851463,-0.06252035698133396,0.38946476676172326,0.3429447511268302,0.7259370033829362,49,31.69,30.6,30.26,30.74,0.3,15.8,3.7,3.8,50.14,59.43,60.86,56.86,28.0,23.0,48.0,38.0
2017-12-17,201751,28.0,28,28,28,0.5229106,3.2255278,0,1,221100120175119589,2023-08-20,Teresina,1.0154179,868075,,0,1,24,,,,,97405,24.5,28.04,33.37,31.9,75.71,30.0,25.54,1.2895131,32.0,26.3,1.6487215,20.0,25.67,1.1763438,21.0,25.51,1.347117,27.5,25.5025,3.367295829986474,-0.06669137449867213,-0.1292117314800061,0.32277339226305113,0.2762533766281581,50,29.33,31.69,30.6,30.26,40.9,0.3,15.8,3.7,68.0,50.14,59.43,60.86,23.0,48.0,38.0,66.0
2017-12-24,201752,23.0,23,23,23,0.20414126,2.6495407,0,1,221100120175219589,2023-08-20,Teresina,0.79576254,868075,,0,0,22,,,,,97405,24.7,28.66,33.93,15.4,77.0,28.0,24.5,1.0154179,30.0,25.54,1.2895131,32.0,26.3,1.6487215,20.0,25.67,1.1763438,28.25,25.26,3.1780538303479458,-0.1892419996385284,-0.2559333741372005,-0.3184537311185345,0.13353139262452274,51,28.04,29.33,31.69,30.6,31.9,40.9,0.3,15.8,75.71,68.0,50.14,59.43,48.0,38.0,66.0,61.0
2017-12-31,201801,48.0,48,48,48,0.98830205,5.529476,0,1,221100120180119589,2023-08-20,Teresina,1.689809,868075,,1,1,39,,,,,97405,24.76,28.2,33.26,16.1,73.43,23.0,24.7,0.79576254,28.0,24.5,1.0154179,30.0,25.54,1.2895131,32.0,26.3,1.6487215,32.25,24.875,3.8918202981106265,0.7137664677626807,0.5245244681241523,0.4578330936254802,0.39531273664414623,52,28.66,28.04,29.33,31.69,15.4,31.9,40.9,0.3,77.0,75.71,68.0,50.14,38.0,66.0,61.0,49.0
2018-01-07,201802,38.0,38,38,38,0.7881492,4.377502,0,1,221100120180219589,2023-08-20,Teresina,1.21091,868075,,0,1,36,,,,,97405,23.16,26.57,31.16,73.2,82.29,48.0,24.76,1.689809,23.0,24.7,0.79576254,28.0,24.5,1.0154179,30.0,25.54,1.2895131,34.25,24.28,3.6635616461296463,-0.22825865198098017,0.48550781578170055,0.29626581614317216,0.22957444164450003,1,28.2,28.66,28.04,29.33,16.1,15.4,31.9,40.9,73.43,77.0,75.71,68.0,66.0,61.0,49.0,36.0
2018-01-14,201803,66.0,66,66,66,0.99593824,7.6030297,0,1,221100120180319589,2023-08-20,Teresina,1.6870363,868075,,1,1,60,,,,,97405,23.7,27.9,33.4,27.2,76.71,38.0,23.16,1.21091,48.0,24.76,1.689809,23.0,24.7,0.79576254,28.0,24.5,1.0154179,43.75,24.08,4.204692619390966,0.5411309732613194,0.31287232128033926,1.02663878904302,0.8373967894044916,2,26.57,28.2,28.66,28.04,73.2,16.1,15.4,31.9,82.29,73.43,77.0,75.71,61.0,49.0,36.0,46.0
2018-01-21,201804,61.0,61,61,61,0.9052786,7.0270424,0,1,221100120180419589,2023-08-20,Teresina,1.2867063,868075,,0,1,55,,,,,97405,23.34,26.74,32.1,110.5,84.57,66.0,23.7,1.6870363,38.0,23.16,1.21091,48.0,24.76,1.689809,23.0,24.7,0.79576254,53.25,23.74,4.127134385045092,-0.07755823434587406,0.46357273891544537,0.2353140869344652,0.9490805546971459,3,27.9,26.57,28.2,28.66,27.2,73.2,16.1,15.4,76.71,82.29,73.43,77.0,49.0,36.0,46.0,44.0
2018-01-28,201805,49.0,49,49,49,0.2575882,5.6446733,0,1,221100120180519589,2023-08-20,Teresina,0.8808491,868075,,0,1,41,,,,,97405,23.9,28.13,33.44,43.5,77.29,61.0,23.34,1.2867063,66.0,23.7,1.6870363,38.0,23.16,1.21091,48.0,24.76,1.689809,53.5,23.525,3.912023005428146,-0.2151113796169457,-0.29266961396281976,0.24846135929849966,0.020202707317519497,4,26.74,27.9,26.57,28.2,110.5,27.2,73.2,16.1,84.57,76.71,82.29,73.43,36.0,46.0,44.0,52.0
2018-02-04,201806,36.0,36,36,36,0.016245112,4.147107,0,1,221100120180619589,2023-08-20,Teresina,0.6386003,868075,,0,1,27,,,,,97405,23.7,26.51,30.6,93.8,85.0,49.0,23.9,0.8808491,61.0,23.34,1.2867063,66.0,23.7,1.6870363,38.0,23.16,1.21091,53.0,23.659999999999997,3.6109179126442243,-0.3011050927839216,-0.5162164724008673,-0.5937747067467414,-0.05264373348542195,5,28.13,26.74,27.9,26.57,43.5,110.5,27.2,73.2,77.29,84.57,76.71,82.29,46.0,44.0,52.0,30.0
2018-02-11,201807,46.0,46,46,46,0.36933762,5.2990813,0,1,221100120180719589,2023-08-20,Teresina,0.9341773,868075,,0,1,41,,,,,97405,22.66,25.34,29.59,146.6,88.43,36.0,23.7,0.6386003,49.0,23.9,0.8808491,61.0,23.34,1.2867063,66.0,23.7,1.6870363,48.0,23.400000000000002,3.8501476017100584,0.23922968906583408,-0.06187540371808753,-0.27698678333503324,-0.3545450176809073,6,26.51,28.13,26.74,27.9,93.8,43.5,110.5,27.2,85.0,77.29,84.57,76.71,44.0,52.0,30.0,33.0
2018-02-18,201808,44.0,44,44,44,0.5293224,5.0686865,0,1,221100120180819589,2023-08-20,Teresina,1.0157944,868075,,0,1,36,,,,,97405,23.37,26.3,30.47,102.0,86.43,46.0,22.66,0.9341773,36.0,23.7,0.6386003,49.0,23.9,0.8808491,61.0,23.34,1.2867063,43.75,23.4075,3.8066624897703196,-0.04348511193973881,0.19574457712609528,-0.10536051565782634,-0.32047189527477205,7,25.34,26.51,28.13,26.74,146.6,93.8,43.5,110.5,88.43,85.0,77.29,84.57,52.0,30.0,33.0,33.0
2018-02-25,201809,52.0,52,52,52,0.8107083,5.990266,0,1,221100120180919589,2023-08-20,Teresina,1.197017,868075,,0,1,45,,,,,97405,23.19,26.49,31.16,87.3,85.14,44.0,23.37,1.0157944,46.0,22.66,0.9341773,36.0,23.7,0.6386003,49.0,23.9,0.8808491,44.5,23.23,3.970291913552122,0.16362942378180234,0.12014431184206353,0.3593740009078976,0.058268908123976004,8,26.3,25.34,26.51,28.13,102.0,146.6,93.8,43.5,86.43,88.43,85.0,77.29,30.0,33.0,33.0,32.0
2018-03-04,201810,30.0,30,30,30,0.039750297,3.4559226,0,1,221100120181019589,2023-08-20,Teresina,0.66584665,868075,,0,1,24,,,,,97405,24.2,28.01,33.11,41.5,80.29,52.0,23.19,1.197017,44.0,23.37,1.0157944,46.0,22.66,0.9341773,36.0,23.7,0.6386003,43.0,23.354999999999997,3.4339872044851463,-0.5363047090669757,-0.37267528528517335,-0.41616039722491216,-0.17693070815907808,9,26.49,26.3,25.34,26.51,87.3,102.0,146.6,93.8,85.14,86.43,88.43,85.0,33.0,33.0,32.0,30.0
2018-03-11,201811,33.0,33,33,33,0.12221098,3.8015149,0,1,221100120181119589,2023-08-20,Teresina,0.7659756,868075,,0,1,24,,,,,97405,24.21,27.77,32.4,19.9,83.43,30.0,24.2,0.66584665,52.0,23.19,1.197017,44.0,23.37,1.0157944,46.0,22.66,0.9341773,39.75,23.7425,3.5263605246161616,0.09237332013101529,-0.4439313889359604,-0.28030196515415806,-0.32378707709389687,10,28.01,26.49,26.3,25.34,41.5,87.3,102.0,146.6,80.29,85.14,86.43,88.43,33.0,32.0,30.0,29.0
2018-03-18,201812,33.0,33,33,33,0.31931826,3.8015149,0,1,221100120181219589,2023-08-20,Teresina,0.89426434,868075,,0,1,30,,,,,97405,23.99,27.13,31.91,52.1,85.86,33.0,24.21,0.7659756,30.0,24.2,0.66584665,52.0,23.19,1.197017,44.0,23.37,1.0157944,37.0,23.897499999999997,3.5263605246161616,0.0,0.09237332013101529,-0.4439313889359604,-0.28030196515415806,11,27.77,28.01,26.49,26.3,19.9,41.5,87.3,102.0,83.43,80.29,85.14,86.43,32.0,30.0,29.0,41.0
2018-03-25,201813,32.0,32,32,32,0.44319877,3.6863174,0,1,221100120181319589,2023-08-20,Teresina,0.9654343,868075,,0,1,23,,,,,97405,23.27,25.79,29.59,130.5,91.14,33.0,23.99,0.89426434,33.0,24.21,0.7659756,30.0,24.2,0.66584665,52.0,23.19,1.197017,32.0,23.917499999999997,3.4965075614664802,-0.029852963149681333,-0.029852963149681333,0.06252035698133396,-0.47378435208564174,12,27.13,27.77,28.01,26.49,52.1,19.9,41.5,87.3,85.86,83.43,80.29,85.14,30.0,29.0,41.0,56.0
2018-04-01,201814,30.0,30,30,30,0.38131407,3.4559226,0,1,221100120181419589,2023-08-20,Teresina,0.92681086,868075,,0,1,22,,,,,97405,23.23,26.11,30.53,96.1,89.43,32.0,23.27,0.9654343,33.0,23.99,0.89426434,33.0,24.21,0.7659756,30.0,24.2,0.66584665,32.0,23.675,3.4339872044851463,-0.06252035698133396,-0.09237332013101529,-0.09237332013101529,0.0,13,25.79,27.13,27.77,28.01,130.5,52.1,19.9,41.5,91.14,85.86,83.43,80.29,29.0,41.0,56.0,65.0
2018-04-08,201815,29.0,29,29,29,0.37319744,3.3407252,0,1,221100120181519589,2023-08-20,Teresina,0.9207013,868075,,0,1,21,,,,,97405,22.73,25.5,29.47,91.9,89.71,30.0,23.23,0.92681086,32.0,23.27,0.9654343,33.0,23.99,0.89426434,33.0,24.21,0.7659756,31.0,23.305,3.4011973816621555,-0.03278982282299081,-0.09531017980432477,-0.1251631429540061,-0.1251631429540061,14,26.11,25.79,27.13,27.77,96.1,130.5,52.1,19.9,89.43,91.14,85.86,83.43,41.0,56.0,65.0,56.0
2018-04-15,201816,41.0,41,41,41,0.88558805,4.723094,0,1,221100120181619589,2023-08-20,Teresina,1.3279715,868075,,0,1,29,,,,,97405,23.33,27.2,31.69,22.4,83.71,29.0,22.73,0.9207013,30.0,23.23,0.92681086,32.0,23.27,0.9654343,33.0,23.99,0.89426434,33.0,23.14,3.7376696182833684,0.33647223662121295,0.30368241379822214,0.24116205681688818,0.21130909366720685,15,25.5,26.11,25.79,27.13,91.9,96.1,130.5,52.1,89.71,89.43,91.14,85.86,56.0,65.0,56.0,40.0
2018-04-22,201817,56.0,56,56,56,0.99144167,6.4510555,0,1,221100120181719589,2023-08-20,Teresina,1.6641326,868075,,1,1,45,,,,,97405,23.83,27.86,32.53,15.7,79.0,41.0,23.33,1.3279715,29.0,22.73,0.9207013,30.0,23.23,0.92681086,32.0,23.27,0.9654343,39.0,23.279999999999998,4.04305126783455,0.30538164955118186,0.6418538861723948,0.609064063349404,0.54654370636807,16,27.2,25.5,26.11,25.79,22.4,91.9,96.1,130.5,83.71,89.71,89.43,91.14,65.0,56.0,40.0,22.0
2018-04-29,201818,65.0,65,65,65,0.98676866,7.487832,0,1,221100120181819589,2023-08-20,Teresina,1.5403,868075,,1,1,50,,,,,97405,23.69,27.26,31.71,37.6,83.71,56.0,23.83,1.6641326,41.0,23.33,1.3279715,29.0,22.73,0.9207013,30.0,23.23,0.92681086,47.75,23.395,4.189654742026425,0.14660347419187492,0.45198512374305677,0.7884573603642697,0.7556675375412789,17,27.86,27.2,25.5,26.11,15.7,22.4,91.9,96.1,79.0,83.71,89.71,89.43,56.0,40.0,22.0,54.0
2018-05-06,201819,56.0,56,56,56,0.62406623,6.4510555,0,1,221100120181919589,2023-08-20,Teresina,1.0622923,868075,,0,1,41,,,,,97405,23.53,27.14,31.67,10.0,81.43,65.0,23.69,1.5403,56.0,23.83,1.6641326,41.0,23.33,1.3279715,29.0,22.73,0.9207013,54.5,23.595,4.04305126783455,-0.14660347419187492,0.0,0.30538164955118186,0.6418538861723948,18,27.26,27.86,27.2,25.5,37.6,15.7,22.4,91.9,83.71,79.0,83.71,89.71,40.0,22.0,54.0,39.0
2018-05-13,201820,40.0,40,40,40,0.036860142,4.607897,0,1,221100120182019589,2023-08-20,Teresina,0.69519484,868075,,0,1,32,,,,,97405,23.44,27.4,32.24,26.1,82.14,56.0,23.53,1.0622923,65.0,23.69,1.5403,56.0,23.83,1.6641326,41.0,23.33,1.3279715,54.25,23.622500000000002,3.713572066704308,-0.3294792011302423,-0.47608267532211723,-0.3294792011302423,-0.02409755157906046,19,27.14,27.26,27.86,27.2,10.0,37.6,15.7,22.4,81.43,83.71,79.0,83.71,22.0,54.0,39.0,41.0
2018-05-20,201821,22.0,22,22,22,0.00017604849,2.5343432,0,1,221100120182119589,2023-08-20,Teresina,0.42190355,868075,,0,0,18,,,,,97405,23.5,27.43,32.0,8.4,80.57,40.0,23.44,0.69519484,56.0,23.53,1.0622923,65.0,23.69,1.5403,56.0,23.83,1.6641326,45.75,23.54,3.1354942159291497,-0.5780778507751583,-0.9075570519054006,-1.0541605260972755,-0.9075570519054006,20,27.4,27.14,27.26,27.86,26.1,10.0,37.6,15.7,82.14,81.43,83.71,79.0,54.0,39.0,41.0,39.0
2018-05-27,201822,54.0,54,54,54,0.9006888,6.2206607,0,1,221100120182219589,2023-08-20,Teresina,1.3008898,868075,,0,1,48,,,,,97405,24.17,28.14,32.74,0.0,69.14,22.0,23.5,0.42190355,40.0,23.44,0.69519484,56.0,23.53,1.0622923,65.0,23.69,1.5403,43.0,23.660000000000004,4.007333185232471,0.8718389693033215,0.2937611185281632,-0.03571808260207909,-0.182321556793954,21,27.43,27.4,27.14,27.26,8.4,26.1,10.0,37.6,80.57,82.14,81.43,83.71,39.0,41.0,39.0,23.0
2018-06-03,201823,39.0,39,39,39,0.59364045,4.492699,0,1,221100120182319589,2023-08-20,Teresina,1.0555733,868075,,0,1,33,,,,,97405,24.21,28.69,33.84,0.5,71.71,54.0,24.17,1.3008898,22.0,23.5,0.42190355,40.0,23.44,0.69519484,56.0,23.53,1.0622923,38.75,23.830000000000002,3.6888794541139363,-0.3184537311185349,0.5533852381847866,-0.0246926125903717,-0.354171813720614,22,28.14,27.43,27.4,27.14,0.0,8.4,26.1,10.0,69.14,80.57,82.14,81.43,41.0,39.0,23.0,26.0
2018-06-10,201824,41.0,41,41,41,0.5029533,4.723094,0,1,221100120182419589,2023-08-20,Teresina,1.0016288,868075,,0,1,31,,,,,97405,22.64,28.07,33.54,0.4,64.14,39.0,24.21,1.0555733,54.0,24.17,1.3008898,22.0,23.5,0.42190355,40.0,23.44,0.69519484,39.0,23.63,3.7376696182833684,0.04879016416943216,-0.26966356694910276,0.6021754023542187,0.02409755157906046,23,28.69,28.14,27.43,27.4,0.5,0.0,8.4,26.1,71.71,69.14,80.57,82.14,39.0,23.0,26.0,18.0
2018-06-17,201825,39.0,39,39,39,0.3677737,4.492699,0,1,221100120182519589,2023-08-20,Teresina,0.9280349,868075,,0,1,32,,,,,97405,23.5,28.1,33.19,0.6,66.43,41.0,22.64,1.0016288,39.0,24.21,1.0555733,54.0,24.17,1.3008898,22.0,23.5,0.42190355,43.25,23.630000000000003,3.6888794541139363,-0.04879016416943216,0.0,-0.3184537311185349,0.5533852381847866,24,28.07,28.69,28.14,27.43,0.4,0.5,0.0,8.4,64.14,71.71,69.14,80.57,23.0,26.0,18.0,18.0
2018-06-24,201826,23.0,23,23,23,0.017303169,2.6495407,0,1,221100120182619589,2023-08-20,Teresina,0.5824172,868075,,0,0,18,,,,,97405,22.44,27.61,33.17,0.0,60.14,39.0,23.5,0.9280349,41.0,22.64,1.0016288,39.0,24.21,1.0555733,54.0,24.17,1.3008898,35.5,23.197499999999998,3.1780538303479458,-0.5108256237659905,-0.5596157879354227,-0.5108256237659905,-0.8292793548845254,25,28.1,28.07,28.69,28.14,0.6,0.4,0.5,0.0,66.43,64.14,71.71,69.14,26.0,18.0,18.0,25.0
2018-07-01,201827,26.0,26,26,26,0.12755957,2.995133,0,1,221100120182719589,2023-08-20,Teresina,0.7471992,868075,,0,1,15,,,,,97405,22.7,27.56,32.9,13.7,66.71,23.0,22.44,0.5824172,39.0,23.5,0.9280349,41.0,22.64,1.0016288,39.0,24.21,1.0555733,32.25,22.82,3.295836866004329,0.11778303565638337,-0.3930425881096071,-0.4418327522790393,-0.3930425881096071,26,27.61,28.1,28.07,28.69,0.0,0.6,0.4,0.5,60.14,66.43,64.14,71.71,18.0,18.0,25.0,15.0
2018-07-08,201828,18.0,18,18,18,0.06300415,2.0735536,0,1,221100120182819589,2023-08-20,Teresina,0.6367323,868075,,0,0,14,,,,,97405,23.26,27.7,32.97,1.1,70.43,26.0,22.7,0.7471992,23.0,22.44,0.5824172,39.0,23.5,0.9280349,41.0,22.64,1.0016288,26.5,22.975,2.9444389791664403,-0.35139788683788886,-0.2336148511815055,-0.744440474947496,-0.7932306391169281,27,27.56,27.61,28.1,28.07,13.7,0.0,0.6,0.4,66.71,60.14,66.43,64.14,18.0,25.0,15.0,14.0
2018-07-15,201829,18.0,18,18,18,0.19154683,2.0735536,0,1,221100120182919589,2023-08-20,Teresina,0.7640785,868075,,0,0,13,,,,,97405,22.67,27.94,33.76,0.0,59.0,18.0,23.26,0.6367323,26.0,22.7,0.7471992,23.0,22.44,0.5824172,39.0,23.5,0.9280349,21.25,22.767500000000002,2.9444389791664403,0.0,-0.35139788683788886,-0.2336148511815055,-0.744440474947496,28,27.7,27.56,27.61,28.1,1.1,13.7,0.0,0.6,70.43,66.71,60.14,66.43,25.0,15.0,14.0,25.0
2018-07-22,201830,25.0,25,25,25,0.74488646,2.8799355,0,1,221100120183019589,2023-08-20,Teresina,1.213732,868075,,0,0,17,,,,,97405,24.66,29.24,34.3,0.0,55.29,18.0,22.67,0.7640785,18.0,23.26,0.6367323,26.0,22.7,0.7471992,23.0,22.44,0.5824172,21.75,23.3225,3.258096538021482,0.3136575588550419,0.3136575588550419,-0.03774032798284699,0.08004270767353638,29,27.94,27.7,27.56,27.61,0.0,1.1,13.7,0.0,59.0,70.43,66.71,60.14,15.0,14.0,25.0,19.0
2018-07-29,201831,15.0,15,15,15,0.19991162,1.7279613,0,1,221100120183119589,2023-08-20,Teresina,0.753521,868075,,0,0,12,,,,,97405,24.33,28.66,33.86,1.4,67.0,25.0,24.66,1.213732,18.0,22.67,0.7640785,18.0,23.26,0.6367323,26.0,22.7,0.7471992,19.0,23.73,2.772588722239781,-0.485507815781701,-0.17185025692665912,-0.17185025692665912,-0.523248143764548,30,29.24,27.94,27.7,27.56,0.0,0.0,1.1,13.7,55.29,59.0,70.43,66.71,14.0,25.0,19.0,16.0
2018-08-05,201832,14.0,14,14,14,0.1554266,1.6127639,0,1,221100120183219589,2023-08-20,Teresina,0.7069041,868075,,0,0,9,,,,,97405,23.63,28.83,34.86,2.0,66.0,15.0,24.33,0.753521,25.0,24.66,1.213732,18.0,22.67,0.7640785,18.0,23.26,0.6367323,18.0,23.822499999999998,2.70805020110221,-0.06453852113757108,-0.5500463369192721,-0.2363887780642302,-0.2363887780642302,31,28.66,29.24,27.94,27.7,1.4,0.0,0.0,1.1,67.0,55.29,59.0,70.43,25.0,19.0,16.0,12.0
2018-08-12,201833,25.0,25,25,25,0.8664438,2.8799355,0,1,221100120183319589,2023-08-20,Teresina,1.4024544,868075,,0,0,17,,,,,97405,23.64,29.11,35.27,0.0,63.71,14.0,23.63,0.7069041,15.0,24.33,0.753521,25.0,24.66,1.213732,18.0,22.67,0.7640785,19.75,24.064999999999998,3.258096538021482,0.5500463369192721,0.485507815781701,0.0,0.3136575588550419,32,28.83,28.66,29.24,27.94,2.0,1.4,0.0,0.0,66.0,67.0,55.29,59.0,19.0,16.0,12.0,15.0
2018-08-19,201834,19.0,19,19,19,0.58447605,2.188751,0,1,221100120183419589,2023-08-20,Teresina,1.0721232,868075,,0,0,13,,,,,97405,23.34,29.37,35.71,0.0,53.57,25.0,23.64,1.4024544,14.0,23.63,0.7069041,15.0,24.33,0.753521,25.0,24.66,1.213732,18.25,23.735,2.995732273553991,-0.2623642644674913,0.2876820724517808,0.2231435513142097,-0.2623642644674913,33,29.11,28.83,28.66,29.24,0.0,2.0,1.4,0.0,63.71,66.0,67.0,55.29,16.0,12.0,15.0,14.0
2018-08-26,201835,16.0,16,16,16,0.26289237,1.8431587,0,1,221100120183519589,2023-08-20,Teresina,0.81030947,868075,,0,0,14,,,,,97405,23.44,29.31,35.51,0.1,52.43,19.0,23.34,1.0721232,25.0,23.64,1.4024544,14.0,23.63,0.7069041,15.0,24.33,0.753521,18.5,23.5125,2.833213344056216,-0.1625189294977747,-0.42488319396526597,0.1251631429540061,0.06062462181643502,34,29.37,29.11,28.83,28.66,0.0,0.0,2.0,1.4,53.57,63.71,66.0,67.0,12.0,15.0,14.0,11.0
2018-09-02,201836,12.0,12,12,12,0.100982346,1.382369,0,1,221100120183619589,2023-08-20,Teresina,0.6324338,868075,,0,0,9,,,,,97405,24.4,29.71,35.71,1.4,61.29,16.0,23.44,0.81030947,19.0,23.34,1.0721232,25.0,23.64,1.4024544,14.0,23.63,0.7069041,18.0,23.705000000000002,2.5649493574615367,-0.2682639865946794,-0.4307829160924541,-0.6931471805599454,-0.14310084364067333,35,29.31,29.37,29.11,28.83,0.1,0.0,0.0,2.0,52.43,53.57,63.71,66.0,15.0,14.0,11.0,6.0
2018-09-09,201837,15.0,15,15,15,0.420213,1.7279613,0,1,221100120183719589,2023-08-20,Teresina,0.9312202,868075,,0,0,14,,,,,97405,24.27,30.2,36.36,0.8,54.14,12.0,24.4,0.6324338,16.0,23.44,0.81030947,19.0,23.34,1.0721232,25.0,23.64,1.4024544,15.5,23.8625,2.772588722239781,0.2076393647782444,-0.06062462181643502,-0.2231435513142097,-0.485507815781701,36,29.71,29.31,29.37,29.11,1.4,0.1,0.0,0.0,61.29,52.43,53.57,63.71,14.0,11.0,6.0,6.0
2018-09-16,201838,14.0,14,14,14,0.48606086,1.6127639,0,1,221100120183819589,2023-08-20,Teresina,0.98711157,868075,,0,0,9,,,,,97405,24.44,30.89,37.79,0.0,51.71,15.0,24.27,0.9312202,12.0,24.4,0.6324338,16.0,23.44,0.81030947,19.0,23.34,1.0721232,14.25,24.1375,2.70805020110221,-0.06453852113757108,0.14310084364067333,-0.1251631429540061,-0.2876820724517808,37,30.2,29.71,29.31,29.37,0.8,1.4,0.1,0.0,54.14,61.29,52.43,53.57,11.0,6.0,6.0,16.0
2018-09-23,201839,11.0,11,11,11,0.2821501,1.2671716,0,1,221100120183919589,2023-08-20,Teresina,0.79590756,868075,,0,0,9,,,,,97405,24.9,31.03,37.57,0.0,56.57,14.0,24.44,0.98711157,15.0,24.27,0.9312202,12.0,24.4,0.6324338,16.0,23.44,0.81030947,13.0,24.5025,2.4849066497880004,-0.2231435513142097,-0.2876820724517808,-0.08004270767353638,-0.3483066942682158,38,30.89,30.2,29.71,29.31,0.0,0.8,1.4,0.1,51.71,54.14,61.29,52.43,6.0,6.0,16.0,16.0
2018-09-30,201840,6.0,6,6,6,0.049682043,0.6911845,0,1,221100120184019589,2023-08-20,Teresina,0.46433312,868075,,0,0,6,,,,,97405,25.14,30.5,37.01,4.0,60.86,11.0,24.9,0.79590756,14.0,24.44,0.98711157,15.0,24.27,0.9312202,12.0,24.4,0.6324338,11.5,24.6875,1.9459101490553132,-0.5389965007326871,-0.7621400520468968,-0.8266785731844679,-0.6190392084062235,39,31.03,30.89,30.2,29.71,0.0,0.0,0.8,1.4,56.57,51.71,54.14,61.29,6.0,16.0,16.0,12.0
2018-10-07,201841,6.0,6,6,6,0.13007109,0.6911845,0,1,221100120184119589,2023-08-20,Teresina,0.5759848,868075,,0,0,6,,,,,97405,25.3,31.03,37.29,0.5,57.0,6.0,25.14,0.46433312,11.0,24.9,0.79590756,14.0,24.44,0.98711157,15.0,24.27,0.9312202,9.25,24.945,1.9459101490553132,0.0,-0.5389965007326871,-0.7621400520468968,-0.8266785731844679,40,30.5,31.03,30.89,30.2,4.0,0.0,0.0,0.8,60.86,56.57,51.71,54.14,16.0,16.0,12.0,10.0
2018-10-14,201842,16.0,16,16,16,0.94846696,1.8431587,0,1,221100120184219589,2023-08-20,Teresina,1.9524118,868075,,0,0,14,,,,,97405,25.3,30.0,36.21,10.8,65.14,6.0,25.3,0.5759848,6.0,25.14,0.46433312,11.0,24.9,0.79590756,14.0,24.44,0.98711157,9.75,25.16,2.833213344056216,0.8873031950009029,0.8873031950009029,0.3483066942682158,0.1251631429540061,41,31.03,30.5,31.03,30.89,0.5,4.0,0.0,0.0,57.0,60.86,56.57,51.71,16.0,12.0,10.0,11.0
2018-10-21,201843,16.0,16,16,16,0.91579884,1.8431587,0,1,221100120184319589,2023-08-20,Teresina,1.7318197,868075,,0,0,9,,,,,97405,25.41,31.2,37.44,0.4,56.86,16.0,25.3,1.9524118,6.0,25.3,0.5759848,6.0,25.14,0.46433312,11.0,24.9,0.79590756,11.0,25.2875,2.833213344056216,0.0,0.8873031950009029,0.8873031950009029,0.3483066942682158,42,30.0,31.03,30.5,31.03,10.8,0.5,4.0,0.0,65.14,57.0,60.86,56.57,12.0,10.0,11.0,2.0
2018-10-28,201844,12.0,12,12,12,0.44074047,1.382369,0,1,221100120184419589,2023-08-20,Teresina,0.94273543,868075,,0,0,10,,,,,97405,26.0,31.16,37.39,0.3,58.57,16.0,25.41,1.7318197,16.0,25.3,1.9524118,6.0,25.3,0.5759848,6.0,25.14,0.46433312,12.5,25.502499999999998,2.5649493574615367,-0.2682639865946794,-0.2682639865946794,0.6190392084062235,0.6190392084062235,43,31.2,30.0,31.03,30.5,0.4,10.8,0.5,4.0,56.86,65.14,57.0,60.86,10.0,11.0,2.0,6.0
2018-11-04,201845,10.0,10,10,10,0.19974397,1.1519742,0,1,221100120184519589,2023-08-20,Teresina,0.7117338,868075,,0,0,7,,,,,97405,25.57,30.26,36.51,15.4,64.86,12.0,26.0,0.94273543,16.0,25.41,1.7318197,16.0,25.3,1.9524118,6.0,25.3,0.5759848,13.5,25.57,2.3978952727983707,-0.16705408466316607,-0.4353180712578455,-0.4353180712578455,0.45198512374305744,44,31.16,31.2,30.0,31.03,0.3,0.4,10.8,0.5,58.57,56.86,65.14,57.0,11.0,2.0,6.0,9.0
2018-11-11,201846,11.0,11,11,11,0.37144324,1.2671716,0,1,221100120184619589,2023-08-20,Teresina,0.87553734,868075,,0,0,9,,,,,97405,26.24,31.29,37.1,0.2,57.29,10.0,25.57,0.7117338,12.0,26.0,0.94273543,16.0,25.41,1.7318197,16.0,25.3,1.9524118,12.25,25.805,2.4849066497880004,0.08701137698962969,-0.08004270767353638,-0.3483066942682158,-0.3483066942682158,45,30.26,31.16,31.2,30.0,15.4,0.3,0.4,10.8,64.86,58.57,56.86,65.14,2.0,6.0,9.0,22.0
2018-11-18,201847,2.0,2,2,2,0.0040632496,0.23039484,0,1,221100120184719589,2023-08-20,Teresina,0.18870936,868075,,0,0,2,,,,,97405,25.94,31.1,37.11,6.7,60.0,11.0,26.24,0.87553734,10.0,25.57,0.7117338,12.0,26.0,0.94273543,16.0,25.41,1.7318197,8.75,25.9375,1.0986122886681098,-1.3862943611198906,-1.2992829841302609,-1.466337068793427,-1.7346010553881064,46,31.29,30.26,31.16,31.2,0.2,15.4,0.3,0.4,57.29,64.86,58.57,56.86,6.0,9.0,22.0,28.0
2018-11-25,201848,6.0,6,6,6,0.26202732,0.6911845,0,1,221100120184819589,2023-08-20,Teresina,0.71969104,868075,,0,0,3,,,,,97405,25.37,28.66,33.49,65.5,75.43,2.0,25.94,0.18870936,11.0,26.24,0.87553734,10.0,25.57,0.7117338,12.0,26.0,0.94273543,7.25,25.78,1.9459101490553132,0.8472978603872034,-0.5389965007326871,-0.45198512374305744,-0.6190392084062235,47,31.1,31.29,30.26,31.16,6.7,0.2,15.4,0.3,60.0,57.29,64.86,58.57,9.0,22.0,28.0,17.0
2018-12-02,201849,9.0,9,9,9,0.78866506,1.0367768,0,1,221100120184919589,2023-08-20,Teresina,1.5018617,868075,,0,0,6,,,,,97405,23.63,26.67,31.11,85.7,84.86,6.0,25.37,0.71969104,2.0,25.94,0.18870936,11.0,26.24,0.87553734,10.0,25.57,0.7117338,7.0,25.295,2.302585092994046,0.35667494393873267,1.2039728043259361,-0.18232155679395445,-0.09531017980432477,48,28.66,31.1,31.29,30.26,65.5,6.7,0.2,15.4,75.43,60.0,57.29,64.86,22.0,28.0,17.0,29.0
2018-12-09,201850,22.0,22,22,22,0.9983152,2.5343432,0,1,221100120185019589,2023-08-20,Teresina,3.196289,868075,,0,0,16,,,,,97405,23.49,27.1,32.2,66.7,82.14,9.0,23.63,1.5018617,6.0,25.37,0.71969104,2.0,25.94,0.18870936,11.0,26.24,0.87553734,9.75,24.6075,3.1354942159291497,0.8329091229351038,1.1895840668738364,2.0368819272610397,0.6505875661411493,49,26.67,28.66,31.1,31.29,85.7,65.5,6.7,0.2,84.86,75.43,60.0,57.29,28.0,17.0,29.0,32.0
2018-12-16,201851,28.0,28,28,28,0.9951625,3.2255278,0,1,221100120185119589,2023-08-20,Teresina,2.3264515,868075,,1,1,24,,,,,97405,24.06,28.17,33.07,5.0,77.57,22.0,23.49,3.196289,9.0,23.63,1.5018617,6.0,25.37,0.71969104,2.0,25.94,0.18870936,16.25,24.137500000000003,3.367295829986474,0.23180161405732447,1.0647107369924282,1.421385680931161,2.2686835413183646,50,27.1,26.67,28.66,31.1,66.7,85.7,65.5,6.7,82.14,84.86,75.43,60.0,17.0,29.0,32.0,47.0
2018-12-23,201852,17.0,17,17,17,0.36906543,1.9583561,0,1,221100120185219589,2023-08-20,Teresina,0.8955952,868075,,0,0,15,,,,,97405,23.63,27.56,32.23,14.8,77.57,28.0,24.06,2.3264515,22.0,23.49,3.196289,9.0,23.63,1.5018617,6.0,25.37,0.71969104,19.0,23.7025,2.8903717578961645,-0.4769240720903096,-0.24512245803298516,0.5877866649021186,0.9444616088408513,51,28.17,27.1,26.67,28.66,5.0,66.7,85.7,65.5,77.57,82.14,84.86,75.43,29.0,32.0,47.0,65.0
2018-12-30,201901,29.0,29,29,29,0.8123404,3.3407252,0,1,221100120190119589,2023-08-20,Teresina,1.2783341,868075,,0,1,25,,,,,97405,24.59,29.09,34.76,9.8,72.71,17.0,23.63,0.8955952,28.0,24.06,2.3264515,22.0,23.49,3.196289,9.0,23.63,1.5018617,24.0,23.942500000000003,3.4011973816621555,0.5108256237659909,0.03390155167568132,0.2657031657330058,1.0986122886681096,52,27.56,28.17,27.1,26.67,14.8,5.0,66.7,85.7,77.57,77.57,82.14,84.86,32.0,47.0,65.0,44.0
2019-01-06,201902,32.0,32,32,32,0.8744004,3.6863174,0,1,221100120190219589,2023-08-20,Teresina,1.359934,868075,,0,1,27,,,,,97405,23.23,26.3,30.73,55.0,86.29,29.0,24.59,1.2783341,17.0,23.63,0.8955952,28.0,24.06,2.3264515,22.0,23.49,3.196289,26.5,23.877499999999998,3.4965075614664802,0.09531017980432477,0.6061358035703157,0.1292117314800061,0.36101334553733055,1,29.09,27.56,28.17,27.1,9.8,14.8,5.0,66.7,72.71,77.57,77.57,82.14,47.0,65.0,44.0,61.0
2019-01-13,201903,47.0,47,47,47,0.988565,5.4142785,0,1,221100120190319589,2023-08-20,Teresina,1.7045087,868075,,1,1,42,,,,,97405,23.11,26.4,31.13,56.8,87.57,32.0,23.23,1.359934,29.0,24.59,1.2783341,17.0,23.63,0.8955952,28.0,24.06,2.3264515,31.25,23.639999999999997,3.871201010907891,0.3746934494414109,0.4700036292457357,0.9808292530117266,0.503905180921417,2,26.3,29.09,27.56,28.17,55.0,9.8,14.8,5.0,86.29,72.71,77.57,77.57,65.0,44.0,61.0,60.0
2019-01-20,201904,65.0,65,65,65,0.99842376,7.487832,0,1,221100120190419589,2023-08-20,Teresina,1.8202064,868075,,1,1,52,,,,,97405,23.79,27.73,32.77,24.5,81.57,47.0,23.11,1.7045087,32.0,23.23,1.359934,29.0,24.59,1.2783341,17.0,23.63,0.8955952,43.25,23.68,4.189654742026425,0.31845373111853403,0.693147180559945,0.7884573603642697,1.2992829841302607,3,26.4,26.3,29.09,27.56,56.8,55.0,9.8,14.8,87.57,86.29,72.71,77.57,44.0,61.0,60.0,82.0
2019-01-27,201905,44.0,44,44,44,0.40628693,5.0686865,0,1,221100120190519589,2023-08-20,Teresina,0.9515178,868075,,0,1,36,,,,,97405,23.63,27.53,32.73,33.4,82.43,65.0,23.79,1.8202064,47.0,23.11,1.7045087,32.0,23.23,1.359934,29.0,24.59,1.2783341,47.0,23.439999999999998,3.8066624897703196,-0.38299225225610556,-0.06453852113757153,0.3101549283038394,0.40546510810816416,4,27.73,26.4,26.3,29.09,24.5,56.8,55.0,9.8,81.57,87.57,86.29,72.71,61.0,60.0,82.0,48.0
2019-02-03,201906,61.0,61,61,61,0.7710584,7.0270424,0,1,221100120190619589,2023-08-20,Teresina,1.14872,868075,,0,1,50,,,,,97405,23.97,27.04,31.79,69.0,86.29,44.0,23.63,0.9515178,65.0,23.79,1.8202064,47.0,23.11,1.7045087,32.0,23.23,1.359934,54.25,23.625,4.127134385045092,0.32047189527477205,-0.06252035698133351,0.2559333741372005,0.6306268235786114,5,27.53,27.73,26.4,26.3,33.4,24.5,56.8,55.0,82.43,81.57,87.57,86.29,60.0,82.0,48.0,81.0
2019-02-10,201907,60.0,60,60,60,0.7148362,6.911845,0,1,221100120190719589,2023-08-20,Teresina,1.1118414,868075,,0,1,39,,,,,97405,24.01,27.56,32.33,40.1,84.0,61.0,23.97,1.14872,44.0,23.63,0.9515178,65.0,23.79,1.8202064,47.0,23.11,1.7045087,57.5,23.85,4.110873864173311,-0.016260520871780315,0.30421137440299173,-0.07878087785311383,0.2396728532654202,6,27.04,27.53,27.73,26.4,69.0,33.4,24.5,56.8,86.29,82.43,81.57,87.57,82.0,48.0,81.0,122.0
2019-02-17,201908,82.0,82,82,82,0.980871,9.446188,0,1,221100120190819589,2023-08-20,Teresina,1.4223831,868075,,1,1,69,,,,,97405,23.47,26.84,31.9,50.0,85.86,60.0,24.01,1.1118414,61.0,23.97,1.14872,44.0,23.63,0.9515178,65.0,23.79,1.8202064,61.75,23.77,4.418840607796598,0.3079667436232869,0.2917062227515066,0.6121781180262786,0.22918586577017308,7,27.56,27.04,27.53,27.73,40.1,69.0,33.4,24.5,84.0,86.29,82.43,81.57,48.0,81.0,122.0,167.0
2019-02-24,201909,48.0,48,48,48,0.066493146,5.529476,0,1,221100120190919589,2023-08-20,Teresina,0.75235194,868075,,0,1,43,,,,,97405,23.41,26.79,31.8,58.8,86.29,82.0,23.47,1.4223831,60.0,24.01,1.1118414,61.0,23.97,1.14872,44.0,23.63,0.9515178,62.75,23.715,3.8918202981106265,-0.5270203096859718,-0.2190535660626849,-0.2353140869344652,0.08515780834030684,8,26.84,27.56,27.04,27.53,50.0,40.1,69.0,33.4,85.86,84.0,86.29,82.43,81.0,122.0,167.0,181.0
2019-03-03,201910,81.0,81,81,81,0.88089436,9.330991,0,1,221100120191019589,2023-08-20,Teresina,1.2140908,868075,,0,1,74,,,,,97405,23.17,26.1,31.03,113.5,88.86,48.0,23.41,0.75235194,82.0,23.47,1.4223831,60.0,24.01,1.1118414,61.0,23.97,1.14872,67.75,23.515,4.406719247264253,0.5148989491536269,-0.012121360532344916,0.295845383090942,0.2795848622191617,9,26.79,26.84,27.56,27.04,58.8,50.0,40.1,69.0,86.29,85.86,84.0,86.29,122.0,167.0,181.0,256.0
2019-03-10,201911,122.0,122,122,122,0.9999509,14.054085,0,1,221100120191119589,2023-08-20,Teresina,1.7760143,868075,,1,1,115,,,,,97405,23.59,27.16,32.14,39.2,86.14,81.0,23.17,1.2140908,48.0,23.41,0.75235194,82.0,23.47,1.4223831,60.0,24.01,1.1118414,83.25,23.41,4.812184355372417,0.4054651081081637,0.9203640572617906,0.3933437475758188,0.7013104911991057,10,26.1,26.79,26.84,27.56,113.5,58.8,50.0,40.1,88.86,86.29,85.86,84.0,167.0,181.0,256.0,259.0
2019-03-17,201912,167.0,167,167,167,0.99999976,19.237968,0,1,221100120191219589,2023-08-20,Teresina,1.9158574,868075,,1,2,155,,,,,97405,23.74,27.06,31.94,43.9,86.14,122.0,23.59,1.7760143,81.0,23.17,1.2140908,48.0,23.41,0.75235194,82.0,23.47,1.4223831,104.5,23.4775,5.123963979403259,0.3117796240308417,0.7172447321390054,1.2321436812926323,0.7051233716066605,11,27.16,26.1,26.79,26.84,39.2,113.5,58.8,50.0,86.14,88.86,86.29,85.86,181.0,256.0,259.0,244.0
2019-03-24,201913,181.0,181,181,181,0.99971175,20.850733,0,4,221100120191319589,2023-08-20,Teresina,1.4907528,868075,,1,2,173,,,,,97405,23.71,26.59,30.99,75.2,89.14,167.0,23.74,1.9158574,122.0,23.59,1.7760143,81.0,23.17,1.2140908,48.0,23.41,0.75235194,137.75,23.552500000000002,5.204006687076795,0.08004270767353638,0.3918223317043781,0.7972874398125418,1.3121863889661687,12,27.06,27.16,26.1,26.79,43.9,39.2,113.5,58.8,86.14,86.14,88.86,86.29,256.0,259.0,244.0,294.0
2019-03-31,201914,256.0,256,256,256,0.9999993,29.49054,0,4,221100120191419589,2023-08-20,Teresina,1.6165776,868075,,1,2,239,,,,,97405,23.51,26.04,30.2,142.3,92.29,181.0,23.71,1.4907528,167.0,23.74,1.9158574,122.0,23.59,1.7760143,81.0,23.17,1.2140908,181.5,23.6375,5.54907608489522,0.34506939781842494,0.4251121054919613,0.736891729522803,1.1423568376309667,13,26.59,27.06,27.16,26.1,75.2,43.9,39.2,113.5,89.14,86.14,86.14,88.86,259.0,244.0,294.0,346.0
2019-04-07,201915,259.0,259,259,259,0.9985881,29.836132,0,4,221100120191519589,2023-08-20,Teresina,1.32482,868075,,1,2,235,,,,,97405,23.93,27.13,31.6,44.0,87.14,256.0,23.51,1.6165776,181.0,23.71,1.4907528,167.0,23.74,1.9158574,122.0,23.59,1.7760143,215.75,23.7225,5.560681631015528,0.011605546120307508,0.35667494393873245,0.43671765161226883,0.7484972756431105,14,26.04,26.59,27.06,27.16,142.3,75.2,43.9,39.2,92.29,89.14,86.14,86.14,244.0,294.0,346.0,353.0
2019-04-14,201916,244.0,244,244,244,0.7194806,28.10817,0,4,221100120191619589,2023-08-20,Teresina,1.0547327,868075,,0,2,206,,,,,97405,23.81,27.03,31.6,65.4,87.57,259.0,23.93,1.32482,256.0,23.51,1.6165776,181.0,23.71,1.4907528,167.0,23.74,1.9158574,235.0,23.740000000000002,5.501258210544727,-0.05942342047080018,-0.04781787435049267,0.29725152346793227,0.37729423114146865,15,27.13,26.04,26.59,27.06,44.0,142.3,75.2,43.9,87.14,92.29,89.14,86.14,294.0,346.0,353.0,326.0
2019-04-21,201917,294.0,294,294,294,0.96834946,33.868042,0,4,221100120191719589,2023-08-20,Teresina,1.1726524,868075,,1,2,253,,,,,97405,24.01,27.17,31.56,62.9,88.71,244.0,23.81,1.0547327,259.0,23.93,1.32482,256.0,23.51,1.6165776,181.0,23.71,1.4907528,263.25,23.814999999999998,5.68697535633982,0.1857171457950928,0.12629372532429262,0.13789927144460012,0.48296866926302506,16,27.03,27.13,26.04,26.59,65.4,44.0,142.3,75.2,87.57,87.14,92.29,89.14,346.0,353.0,326.0,279.0
2019-04-28,201918,346.0,346,346,346,0.9995278,39.858307,0,4,221100120191819589,2023-08-20,Teresina,1.3082324,868075,,1,2,304,,,,,97405,23.71,27.23,31.74,98.7,86.14,294.0,24.01,1.1726524,244.0,23.81,1.0547327,259.0,23.93,1.32482,256.0,23.51,1.6165776,285.75,23.865000000000002,5.849324779946859,0.16234942360703908,0.3480665694021319,0.2886431489313317,0.3002486950516392,17,27.17,27.03,27.13,26.04,62.9,65.4,44.0,142.3,88.71,87.57,87.14,92.29,353.0,326.0,279.0,276.0
2019-05-05,201919,353.0,353,353,353,0.98961675,40.66469,0,4,221100120191919589,2023-08-20,Teresina,1.1996468,868075,,1,2,312,,,,,97405,24.01,28.13,32.74,3.8,80.29,346.0,23.71,1.3082324,294.0,24.01,1.1726524,244.0,23.81,1.0547327,259.0,23.93,1.32482,309.25,23.884999999999998,5.869296913133774,0.01997213318691493,0.182321556793954,0.3680387025890468,0.3086152821182466,18,27.23,27.17,27.03,27.13,98.7,62.9,65.4,44.0,86.14,88.71,87.57,87.14,326.0,279.0,276.0,288.0
2019-05-12,201920,326.0,326,326,326,0.4914632,37.55436,0,4,221100120192019589,2023-08-20,Teresina,0.99832696,868075,,0,2,292,,,,,97405,24.01,27.23,31.63,25.4,85.14,353.0,24.01,1.1996468,346.0,23.71,1.3082324,294.0,24.01,1.1726524,244.0,23.81,1.0547327,329.75,23.935,5.7899601708972535,-0.07933674223652076,-0.05936460904960583,0.10298481455743325,0.28870196035252604,19,28.13,27.23,27.17,27.03,3.8,98.7,62.9,65.4,80.29,86.14,88.71,87.57,279.0,276.0,288.0,171.0
2019-05-19,201921,279.0,279,279,279,0.011251187,32.14008,0,4,221100120192119589,2023-08-20,Teresina,0.8316338,868075,,0,2,250,,,,,97405,23.79,27.54,32.07,11.7,84.14,326.0,24.01,0.99832696,353.0,24.01,1.1996468,346.0,23.71,1.3082324,294.0,24.01,1.1726524,326.0,23.880000000000003,5.634789603169249,-0.1551705677280042,-0.23450730996452496,-0.21453517677761003,-0.05218575317057095,20,27.23,28.13,27.23,27.17,25.4,3.8,98.7,62.9,85.14,80.29,86.14,88.71,276.0,288.0,171.0,163.0
2019-05-26,201922,276.0,276,276,276,0.0426064,31.794487,0,4,221100120192219589,2023-08-20,Teresina,0.8682001,868075,,0,2,248,,,,,97405,23.83,27.96,32.71,3.2,80.14,279.0,23.79,0.8316338,326.0,24.01,0.99832696,353.0,24.01,1.1996468,346.0,23.71,1.3082324,308.5,23.91,5.6240175061873385,-0.010772096981910728,-0.16594266470991492,-0.24527940694643569,-0.22530727375952075,21,27.54,27.23,28.13,27.23,11.7,25.4,3.8,98.7,84.14,85.14,80.29,86.14,288.0,171.0,163.0,132.0
2019-06-02,201923,288.0,288,288,288,0.41531524,33.176857,0,4,221100120192319589,2023-08-20,Teresina,0.9824234,868075,,0,2,260,,,,,97405,23.37,27.83,33.19,0.8,74.29,276.0,23.83,0.8682001,279.0,23.79,0.8316338,326.0,24.01,0.99832696,353.0,24.01,1.1996468,292.25,23.75,5.666426688112432,0.0424091819250938,0.03163708494318307,-0.12353348278482112,-0.2028702250213419,22,27.96,27.54,27.23,28.13,3.2,11.7,25.4,3.8,80.14,84.14,85.14,80.29,171.0,163.0,132.0,153.0
2019-06-09,201924,171.0,171,171,171,3.1172368e-07,19.69876,0,4,221100120192419589,2023-08-20,Teresina,0.62012655,868075,,0,2,147,,,,,97405,24.71,28.51,33.0,0.1,69.57,288.0,23.37,0.9824234,276.0,23.83,0.8682001,279.0,23.79,0.8316338,326.0,24.01,0.99832696,253.5,23.925,5.147494476813453,-0.5189322112989796,-0.4765230293738858,-0.4872951263557965,-0.6424656940838007,23,27.83,27.96,27.54,27.23,0.8,3.2,11.7,25.4,74.29,80.14,84.14,85.14,163.0,132.0,153.0,146.0
2019-06-16,201925,163.0,163,163,163,1.164784e-05,18.77718,0,4,221100120192519589,2023-08-20,Teresina,0.6561658,868075,,0,2,141,,,,,97405,23.7,27.99,33.24,0.3,64.57,171.0,24.71,0.62012655,288.0,23.37,0.9824234,276.0,23.83,0.8682001,279.0,23.79,0.8316338,224.5,23.9025,5.099866427824199,-0.04762804898925399,-0.5665602602882336,-0.5241510783631398,-0.5349231753450505,24,28.51,27.83,27.96,27.54,0.1,0.8,3.2,11.7,69.57,74.29,80.14,84.14,132.0,153.0,146.0,111.0
2019-06-23,201926,132.0,132,132,132,7.75688e-05,15.206059,0,4,221100120192619589,2023-08-20,Teresina,0.65783936,868075,,0,2,120,,,,,97405,23.23,28.06,33.5,0.1,65.86,163.0,23.7,0.6561658,171.0,24.71,0.62012655,288.0,23.37,0.9824234,276.0,23.83,0.8682001,188.5,23.752499999999998,4.890349128221754,-0.20951729960244503,-0.257145348591699,-0.7760775598906786,-0.7336683779655848,25,27.99,28.51,27.83,27.96,0.3,0.1,0.8,3.2,64.57,69.57,74.29,80.14,153.0,146.0,111.0,97.0
2019-06-30,201927,153.0,153,153,153,0.2788128,17.625206,0,4,221100120192719589,2023-08-20,Teresina,0.93626225,868075,,0,2,139,,,,,97405,23.94,28.49,34.04,0.1,67.71,132.0,23.23,0.65783936,163.0,23.7,0.6561658,171.0,24.71,0.62012655,288.0,23.37,0.9824234,154.75,23.895,5.0369526024136295,0.1466034741918758,-0.06291382541056922,-0.11054187439982321,-0.6294740856988028,26,28.06,27.99,28.51,27.83,0.1,0.3,0.1,0.8,65.86,64.57,69.57,74.29,146.0,111.0,97.0,68.0
2019-07-07,201928,146.0,146,146,146,0.46386072,16.818823,0,4,221100120192819589,2023-08-20,Teresina,0.98948175,868075,,0,2,136,,,,,97405,24.06,27.77,32.47,4.2,69.14,153.0,23.94,0.93626225,132.0,23.23,0.65783936,163.0,23.7,0.6561658,171.0,24.71,0.62012655,148.5,23.7325,4.990432586778736,-0.0465200156348935,0.10008345855698231,-0.10943384104546272,-0.1570618900347167,27,28.49,28.06,27.99,28.51,0.1,0.1,0.3,0.1,67.71,65.86,64.57,69.57,111.0,97.0,68.0,46.0
2019-07-14,201929,111.0,111,111,111,0.019379154,12.786914,0,1,221100120192919589,2023-08-20,Teresina,0.77138853,868075,,0,1,105,,,,,97405,23.46,28.24,33.97,0.1,61.29,146.0,24.06,0.98948175,153.0,23.94,0.93626225,132.0,23.23,0.65783936,163.0,23.7,0.6561658,135.5,23.6725,4.718498871295094,-0.27193371548364187,-0.31845373111853537,-0.17185025692665956,-0.3813675565291046,28,27.77,28.49,28.06,27.99,4.2,0.1,0.1,0.3,69.14,67.71,65.86,64.57,97.0,68.0,46.0,30.0
2019-07-21,201930,97.0,97,97,97,0.0058794725,11.1741495,0,1,221100120193019589,2023-08-20,Teresina,0.7172674,868075,,0,1,93,,,,,97405,24.46,28.36,33.21,0.0,56.14,111.0,23.46,0.77138853,146.0,24.06,0.98948175,153.0,23.94,0.93626225,132.0,23.23,0.65783936,126.75,23.980000000000004,4.584967478670572,-0.13353139262452185,-0.4054651081081637,-0.4519851237430572,-0.3053816495511814,29,28.24,27.77,28.49,28.06,0.1,4.2,0.1,0.1,61.29,69.14,67.71,65.86,68.0,46.0,30.0,30.0
2019-07-28,201931,68.0,68,68,68,0.00019803239,7.8334246,0,1,221100120193119589,2023-08-20,Teresina,0.5881307,868075,,0,1,61,,,,,97405,24.07,29.13,34.97,0.0,54.86,97.0,24.46,0.7172674,111.0,23.46,0.77138853,146.0,24.06,0.98948175,153.0,23.94,0.93626225,105.5,24.0125,4.23410650459726,-0.3508609740733126,-0.4843923666978345,-0.7563260821814763,-0.8028460978163698,30,28.36,28.24,27.77,28.49,0.0,0.1,4.2,0.1,56.14,61.29,69.14,67.71,46.0,30.0,30.0,40.0
2019-08-04,201932,46.0,46,46,46,2.6270682e-05,5.2990813,0,1,221100120193219589,2023-08-20,Teresina,0.49423885,868075,,0,1,40,,,,,97405,24.39,28.97,34.31,0.0,51.14,68.0,24.07,0.5881307,97.0,24.46,0.7172674,111.0,23.46,0.77138853,146.0,24.06,0.98948175,80.5,24.095000000000002,3.8501476017100584,-0.38395890288720125,-0.7348198769605139,-0.8683512695850357,-1.1402849850686776,31,29.13,28.36,28.24,27.77,0.0,0.0,0.1,4.2,54.86,56.14,61.29,69.14,30.0,30.0,40.0,27.0
2019-08-11,201933,30.0,30,30,30,2.2946277e-05,3.4559226,0,1,221100120193319589,2023-08-20,Teresina,0.42850813,868075,,0,1,27,,,,,97405,24.27,29.16,34.57,0.0,51.86,46.0,24.39,0.49423885,68.0,24.07,0.5881307,97.0,24.46,0.7172674,111.0,23.46,0.77138853,60.25,24.2975,3.4339872044851463,-0.41616039722491216,-0.8001193001121134,-1.150980274185426,-1.2845116668099479,32,28.97,29.13,28.36,28.24,0.0,0.0,0.0,0.1,51.14,54.86,56.14,61.29,30.0,40.0,27.0,25.0
2019-08-18,201934,30.0,30,30,30,0.013785249,3.4559226,0,1,221100120193419589,2023-08-20,Teresina,0.6068817,868075,,0,1,29,,,,,97405,23.81,29.27,35.76,0.3,58.71,30.0,24.27,0.42850813,46.0,24.39,0.49423885,68.0,24.07,0.5881307,97.0,24.46,0.7172674,43.5,24.134999999999998,3.4339872044851463,0.0,-0.41616039722491216,-0.8001193001121134,-1.150980274185426,33,29.16,28.97,29.13,28.36,0.0,0.0,0.0,0.0,51.86,51.14,54.86,56.14,40.0,27.0,25.0,17.0
2019-08-25,201935,40.0,40,40,40,0.6504981,4.607897,0,1,221100120193519589,2023-08-20,Teresina,1.0918809,868075,,0,1,36,,,,,97405,24.4,29.76,35.47,0.0,50.0,30.0,23.81,0.6068817,30.0,24.27,0.42850813,46.0,24.39,0.49423885,68.0,24.07,0.5881307,36.5,24.2175,3.713572066704308,0.2795848622191617,0.2795848622191617,-0.13657553500575048,-0.5205344378929517,34,29.27,29.16,28.97,29.13,0.3,0.0,0.0,0.0,58.71,51.86,51.14,54.86,27.0,25.0,17.0,16.0
2019-09-01,201936,27.0,27,27,27,0.21165197,3.1103303,0,1,221100120193619589,2023-08-20,Teresina,0.8141831,868075,,0,1,25,,,,,97405,24.57,30.04,35.9,0.0,57.14,40.0,24.4,1.0918809,30.0,23.81,0.6068817,30.0,24.27,0.42850813,46.0,24.39,0.49423885,31.75,24.2625,3.332204510175204,-0.38136755652910415,-0.10178269430994247,-0.10178269430994247,-0.5179430915348546,35,29.76,29.27,29.16,28.97,0.0,0.3,0.0,0.0,50.0,58.71,51.86,51.14,25.0,17.0,16.0,18.0
2019-09-08,201937,25.0,25,25,25,0.14652538,2.8799355,0,1,221100120193719589,2023-08-20,Teresina,0.7591254,868075,,0,0,20,,,,,97405,24.44,30.76,37.0,0.0,50.14,27.0,24.57,0.8141831,40.0,24.4,1.0918809,30.0,23.81,0.6068817,30.0,24.27,0.42850813,30.5,24.305,3.258096538021482,-0.07410797215372167,-0.4554755286828258,-0.17589066646366414,-0.17589066646366414,36,30.04,29.76,29.27,29.16,0.0,0.0,0.3,0.0,57.14,50.0,58.71,51.86,17.0,16.0,18.0,26.0
2019-09-15,201938,17.0,17,17,17,0.034429494,1.9583561,0,1,221100120193819589,2023-08-20,Teresina,0.58266413,868075,,0,0,16,,,,,97405,24.33,30.4,36.8,0.2,56.86,25.0,24.44,0.7591254,27.0,24.57,0.8141831,40.0,24.4,1.0918809,30.0,23.81,0.6068817,27.25,24.435,2.8903717578961645,-0.3677247801253176,-0.4418327522790393,-0.8232003088081434,-0.5436154465889818,37,30.76,30.04,29.76,29.27,0.0,0.0,0.0,0.3,50.14,57.14,50.0,58.71,16.0,18.0,26.0,18.0
2019-09-22,201939,16.0,16,16,16,0.10548873,1.8431587,0,1,221100120193919589,2023-08-20,Teresina,0.6728116,868075,,0,0,13,,,,,97405,24.87,30.14,36.64,4.8,59.71,17.0,24.33,0.58266413,25.0,24.44,0.7591254,27.0,24.57,0.8141831,40.0,24.4,1.0918809,21.25,24.552500000000002,2.833213344056216,-0.05715841383994835,-0.42488319396526597,-0.49899116611898764,-0.8803587226480918,38,30.4,30.76,30.04,29.76,0.2,0.0,0.0,0.0,56.86,50.14,57.14,50.0,18.0,26.0,18.0,12.0
2019-09-29,201940,18.0,18,18,18,0.41390404,2.0735536,0,1,221100120194019589,2023-08-20,Teresina,0.9319787,868075,,0,0,17,,,,,97405,25.14,30.01,35.86,5.4,61.43,16.0,24.87,0.6728116,17.0,24.33,0.58266413,25.0,24.44,0.7591254,27.0,24.57,0.8141831,19.0,24.695,2.9444389791664403,0.1112256351102241,0.054067221270275745,-0.3136575588550419,-0.38776553100876354,39,30.14,30.4,30.76,30.04,4.8,0.2,0.0,0.0,59.71,56.86,50.14,57.14,26.0,18.0,12.0,16.0
2019-10-06,201941,26.0,26,26,26,0.89732593,2.995133,0,1,221100120194119589,2023-08-20,Teresina,1.4663874,868075,,0,1,23,,,,,97405,25.0,30.46,36.6,0.7,56.43,18.0,25.14,0.9319787,16.0,24.87,0.6728116,17.0,24.33,0.58266413,25.0,24.44,0.7591254,19.25,24.835,3.295836866004329,0.35139788683788886,0.46262352194811296,0.4054651081081646,0.03774032798284699,40,30.01,30.14,30.4,30.76,5.4,4.8,0.2,0.0,61.43,59.71,56.86,50.14,18.0,12.0,16.0,21.0
2019-10-13,201942,18.0,18,18,18,0.41174328,2.0735536,0,1,221100120194219589,2023-08-20,Teresina,0.93033427,868075,,0,0,15,,,,,97405,25.43,30.93,36.91,0.0,56.86,26.0,25.0,1.4663874,18.0,25.14,0.9319787,16.0,24.87,0.6728116,17.0,24.33,0.58266413,19.5,25.11,2.9444389791664403,-0.35139788683788886,0.0,0.1112256351102241,0.054067221270275745,41,30.46,30.01,30.14,30.4,0.7,5.4,4.8,0.2,56.43,61.43,59.71,56.86,12.0,16.0,21.0,16.0
2019-10-20,201943,12.0,12,12,12,0.060956184,1.382369,0,1,221100120194319589,2023-08-20,Teresina,0.5804414,868075,,0,0,10,,,,,97405,25.53,30.24,36.4,4.1,62.29,18.0,25.43,0.93033427,26.0,25.0,1.4663874,18.0,25.14,0.9319787,16.0,24.87,0.6728116,18.5,25.275,2.5649493574615367,-0.3794896217049035,-0.7308875085427924,-0.3794896217049035,-0.2682639865946794,42,30.93,30.46,30.01,30.14,0.0,0.7,5.4,4.8,56.86,56.43,61.43,59.71,16.0,21.0,16.0,16.0
2019-10-27,201944,16.0,16,16,16,0.34636888,1.8431587,0,1,221100120194419589,2023-08-20,Teresina,0.8750455,868075,,0,0,15,,,,,97405,25.2,31.24,37.83,0.1,53.57,12.0,25.53,0.5804414,18.0,25.43,0.93033427,26.0,25.0,1.4663874,18.0,25.14,0.9319787,18.0,25.29,2.833213344056216,0.2682639865946794,-0.1112256351102241,-0.46262352194811296,-0.1112256351102241,43,30.24,30.93,30.46,30.01,4.1,0.0,0.7,5.4,62.29,56.86,56.43,61.43,21.0,16.0,16.0,27.0
2019-11-03,201945,21.0,21,21,21,0.81552976,2.4191458,0,1,221100120194519589,2023-08-20,Teresina,1.3432411,868075,,0,0,19,,,,,97405,24.73,30.79,37.4,0.0,55.0,16.0,25.2,0.8750455,12.0,25.53,0.5804414,18.0,25.43,0.93033427,26.0,25.0,1.4663874,16.75,25.2225,3.091042453358316,0.2578291093020999,0.5260930958967793,0.1466034741918758,-0.20479441264601306,44,31.24,30.24,30.93,30.46,0.1,4.1,0.0,0.7,53.57,62.29,56.86,56.43,16.0,16.0,27.0,23.0
2019-11-10,201946,16.0,16,16,16,0.4771609,1.8431587,0,1,221100120194619589,2023-08-20,Teresina,0.9803042,868075,,0,0,13,,,,,97405,24.54,30.83,37.6,0.1,54.43,21.0,24.73,1.3432411,16.0,25.2,0.8750455,12.0,25.53,0.5804414,18.0,25.43,0.93033427,16.25,25.0,2.833213344056216,-0.2578291093020999,0.0,0.2682639865946794,-0.1112256351102241,45,30.79,31.24,30.24,30.93,0.0,0.1,4.1,0.0,55.0,53.57,62.29,56.86,16.0,27.0,23.0,26.0
2019-11-17,201947,16.0,16,16,16,0.38237023,1.8431587,0,1,221100120194719589,2023-08-20,Teresina,0.90314466,868075,,0,0,12,,,,,97405,24.41,29.2,35.23,20.7,66.71,16.0,24.54,0.9803042,21.0,24.73,1.3432411,16.0,25.2,0.8750455,12.0,25.53,0.5804414,17.25,24.720000000000002,2.833213344056216,0.0,-0.2578291093020999,0.0,0.2682639865946794,46,30.83,30.79,31.24,30.24,0.1,0.0,0.1,4.1,54.43,55.0,53.57,62.29,27.0,23.0,26.0,17.0
2019-11-24,201948,27.0,27,27,27,0.9203145,3.1103303,0,1,221100120194819589,2023-08-20,Teresina,1.524284,868075,,0,1,25,,,,,97405,24.93,30.64,37.17,0.7,58.71,16.0,24.41,0.90314466,16.0,24.54,0.9803042,21.0,24.73,1.3432411,16.0,25.2,0.8750455,20.0,24.6525,3.332204510175204,0.49899116611898764,0.49899116611898764,0.24116205681688774,0.49899116611898764,47,29.2,30.83,30.79,31.24,20.7,0.1,0.0,0.1,66.71,54.43,55.0,53.57,23.0,26.0,17.0,10.0
2019-12-01,201949,23.0,23,23,23,0.72084045,2.6495407,0,1,221100120194919589,2023-08-20,Teresina,1.195677,868075,,0,0,20,,,,,97405,24.86,30.54,36.99,2.2,57.71,27.0,24.93,1.524284,16.0,24.41,0.90314466,16.0,24.54,0.9803042,21.0,24.73,1.3432411,20.5,24.685,3.1780538303479458,-0.15415067982725805,0.3448404862917296,0.3448404862917296,0.08701137698962969,48,30.64,29.2,30.83,30.79,0.7,20.7,0.1,0.0,58.71,66.71,54.43,55.0,26.0,17.0,10.0,10.0
2019-12-08,201950,26.0,26,26,26,0.6902135,2.995133,0,1,221100120195019589,2023-08-20,Teresina,1.151913,868075,,0,1,26,,,,,97405,24.34,29.0,35.1,10.5,67.43,23.0,24.86,1.195677,27.0,24.93,1.524284,16.0,24.41,0.90314466,16.0,24.54,0.9803042,23.0,24.634999999999998,3.295836866004329,0.11778303565638337,-0.03636764417087468,0.46262352194811296,0.46262352194811296,49,30.54,30.64,29.2,30.83,2.2,0.7,20.7,0.1,57.71,58.71,66.71,54.43,17.0,10.0,10.0,21.0
2019-12-15,201951,17.0,17,17,17,0.1386821,1.9583561,0,1,221100120195119589,2023-08-20,Teresina,0.7126219,868075,,0,0,15,,,,,97405,24.9,30.37,36.5,2.1,59.29,26.0,24.34,1.151913,23.0,24.86,1.195677,27.0,24.93,1.524284,16.0,24.41,0.90314466,23.25,24.7575,2.8903717578961645,-0.4054651081081646,-0.28768207245178123,-0.4418327522790393,0.05715841383994835,50,29.0,30.54,30.64,29.2,10.5,2.2,0.7,20.7,67.43,57.71,58.71,66.71,10.0,10.0,21.0,24.0
2019-12-22,201952,10.0,10,10,10,0.014058394,1.1519742,0,1,221100120195219589,2023-08-20,Teresina,0.45203713,868075,,0,0,10,,,,,97405,25.1,31.19,37.31,0.0,56.14,17.0,24.9,0.7126219,26.0,24.34,1.151913,23.0,24.86,1.195677,27.0,24.93,1.524284,19.0,24.8,2.3978952727983707,-0.49247648509779385,-0.8979415932059585,-0.7801585575495751,-0.9343092373768331,51,30.37,29.0,30.54,30.64,2.1,10.5,2.2,0.7,59.29,67.43,57.71,58.71,10.0,21.0,24.0,35.0
2019-12-29,202001,10.0,10,10,10,0.07430808,1.1519742,0,1,221100120200119589,2023-08-20,Teresina,0.57482857,868075,,0,0,11,,,,,97405,23.97,27.06,31.33,68.2,80.29,10.0,25.1,0.45203713,17.0,24.9,0.7126219,26.0,24.34,1.151913,23.0,24.86,1.195677,15.75,24.5775,2.3978952727983707,0.0,-0.49247648509779385,-0.8979415932059585,-0.7801585575495751,52,31.19,30.37,29.0,30.54,0.0,2.1,10.5,2.2,56.14,59.29,67.43,57.71,21.0,24.0,35.0,36.0
2020-01-05,202002,21.0,21,21,21,0.91358835,2.4191458,0,1,221100120200219589,2023-08-20,Teresina,1.5950444,868075,,0,0,17,,,,,97405,23.86,26.94,31.71,65.8,82.14,10.0,23.97,0.57482857,10.0,25.1,0.45203713,17.0,24.9,0.7126219,26.0,24.34,1.151913,14.5,24.4575,3.091042453358316,0.6931471805599454,0.6931471805599454,0.20067069546215155,-0.20479441264601306,1,27.06,31.19,30.37,29.0,68.2,0.0,2.1,10.5,80.29,56.14,59.29,67.43,24.0,35.0,36.0,36.0
2020-01-12,202003,24.0,24,24,24,0.95392436,2.764738,0,1,221100120200319589,2023-08-20,Teresina,1.7363006,868075,,0,0,21,,,,,97405,24.09,27.79,33.0,26.6,79.0,21.0,23.86,1.5950444,10.0,23.97,0.57482857,10.0,25.1,0.45203713,17.0,24.9,0.7126219,16.25,24.255000000000003,3.2188758248682006,0.1278333715098845,0.8209805520698299,0.8209805520698299,0.32850406697203605,2,26.94,27.06,31.19,30.37,65.8,68.2,0.0,2.1,82.14,80.29,56.14,59.29,35.0,36.0,36.0,47.0
2020-01-19,202004,35.0,35,35,35,0.98584956,4.0319095,0,1,221100120200419589,2023-08-20,Teresina,1.8311912,868075,,1,1,30,,,,,97405,23.9,27.04,31.44,46.5,82.86,24.0,24.09,1.7363006,21.0,23.86,1.5950444,10.0,23.97,0.57482857,10.0,25.1,0.45203713,22.5,23.955,3.58351893845611,0.36464311358790935,0.49247648509779385,1.1856236656577392,1.1856236656577392,3,27.79,26.94,27.06,31.19,26.6,65.8,68.2,0.0,79.0,82.14,80.29,56.14,36.0,36.0,47.0,37.0
2020-01-26,202005,36.0,36,36,36,0.908183,4.147107,0,1,221100120200519589,2023-08-20,Teresina,1.4032247,868075,,0,1,32,,,,,97405,23.33,26.89,32.13,66.9,84.0,35.0,23.9,1.8311912,24.0,24.09,1.7363006,21.0,23.86,1.5950444,10.0,23.97,0.57482857,29.0,23.794999999999998,3.6109179126442243,0.027398974188114433,0.3920420877760238,0.5198754592859083,1.2130226398458537,4,27.04,27.79,26.94,27.06,46.5,26.6,65.8,68.2,82.86,79.0,82.14,80.29,36.0,47.0,37.0,52.0
2020-02-02,202006,36.0,36,36,36,0.7047489,4.147107,0,1,221100120200619589,2023-08-20,Teresina,1.1390822,868075,,0,1,34,,,,,97405,23.51,26.54,31.1,81.6,85.0,36.0,23.33,1.4032247,35.0,23.9,1.8311912,24.0,24.09,1.7363006,21.0,23.86,1.5950444,32.75,23.7075,3.6109179126442243,0.0,0.027398974188114433,0.3920420877760238,0.5198754592859083,5,26.89,27.04,27.79,26.94,66.9,46.5,26.6,65.8,84.0,82.86,79.0,82.14,47.0,37.0,52.0,64.0
2020-02-09,202007,47.0,47,47,47,0.8994223,5.4142785,0,1,221100120200719589,2023-08-20,Teresina,1.3250774,868075,,0,1,44,,,,,97405,23.71,27.0,32.21,73.1,84.29,36.0,23.51,1.1390822,36.0,23.33,1.4032247,35.0,23.9,1.8311912,24.0,24.09,1.7363006,38.5,23.612499999999997,3.871201010907891,0.2602830982636668,0.2602830982636668,0.28768207245178123,0.6523251860396906,6,26.54,26.89,27.04,27.79,81.6,66.9,46.5,26.6,85.0,84.0,82.86,79.0,37.0,52.0,64.0,82.0
2020-02-16,202008,37.0,37,37,37,0.43370512,4.2623043,0,1,221100120200819589,2023-08-20,Teresina,0.9624882,868075,,0,1,34,,,,,97405,23.51,26.41,30.8,95.6,87.57,47.0,23.71,1.3250774,36.0,23.51,1.1390822,36.0,23.33,1.4032247,35.0,23.9,1.8311912,39.0,23.515,3.6375861597263857,-0.2336148511815055,0.02666824708216131,0.02666824708216131,0.054067221270275745,7,27.0,26.54,26.89,27.04,73.1,81.6,66.9,46.5,84.29,85.0,84.0,82.86,52.0,64.0,82.0,48.0
2020-02-23,202009,52.0,52,52,52,0.86679095,5.990266,0,1,221100120200919589,2023-08-20,Teresina,1.2583574,868075,,0,1,51,,,,,97405,24.27,27.34,32.06,45.9,84.71,37.0,23.51,0.9624882,47.0,23.71,1.3250774,36.0,23.51,1.1390822,36.0,23.33,1.4032247,43.0,23.75,3.970291913552122,0.3327057538257363,0.09909090264423082,0.3593740009078976,0.3593740009078976,8,26.41,27.0,26.54,26.89,95.6,73.1,81.6,66.9,87.57,84.29,85.0,84.0,64.0,82.0,48.0,11.0
2020-03-01,202010,64.0,64,64,64,0.97179806,7.372635,0,1,221100120201019589,2023-08-20,Teresina,1.4453697,868075,,1,1,60,,,,,97405,24.31,26.7,31.11,111.1,88.14,52.0,24.27,1.2583574,37.0,23.51,0.9624882,47.0,23.71,1.3250774,36.0,23.51,1.1390822,50.0,23.95,4.174387269895637,0.20409535634351483,0.5368011101692511,0.30318625898774565,0.5634693572514125,9,27.34,26.41,27.0,26.54,45.9,95.6,73.1,81.6,84.71,87.57,84.29,85.0,82.0,48.0,11.0,14.0
2020-03-08,202011,82.0,82,82,82,0.99506444,9.446188,0,1,221100120201119589,2023-08-20,Teresina,1.5674793,868075,,1,1,78,,,,,97405,23.84,26.47,30.37,78.9,87.29,64.0,24.31,1.4453697,52.0,24.27,1.2583574,37.0,23.51,0.9624882,47.0,23.71,1.3250774,58.75,23.9825,4.418840607796598,0.24445333790096146,0.4485486942444763,0.7812544480702126,0.5476395968887071,10,26.7,27.34,26.41,27.0,111.1,45.9,95.6,73.1,88.14,84.71,87.57,84.29,48.0,11.0,14.0,21.0
2020-03-15,202012,48.0,48,48,48,0.07930107,5.529476,0,1,221100120201219589,2023-08-20,Teresina,0.76483315,868075,,0,1,46,,,,,97405,23.89,26.23,30.24,133.3,89.29,82.0,23.84,1.5674793,64.0,24.31,1.4453697,52.0,24.27,1.2583574,37.0,23.51,0.9624882,61.5,24.0775,3.8918202981106265,-0.5270203096859718,-0.28256697178501033,-0.0784716154414955,0.2542341383842408,11,26.47,26.7,27.34,26.41,78.9,111.1,45.9,95.6,87.29,88.14,84.71,87.57,11.0,14.0,21.0,36.0
2020-03-22,202013,11.0,11,11,11,6.2829075e-11,1.2671716,0,1,221100120201319589,2023-08-20,Teresina,0.1735406,868075,,0,0,11,,,,,97405,23.67,26.74,31.07,49.5,86.71,48.0,23.89,0.76483315,82.0,23.84,1.5674793,64.0,24.31,1.4453697,52.0,24.27,1.2583574,51.25,23.9275,2.4849066497880004,-1.406913648322626,-1.933933958008598,-1.6894806201076364,-1.4853852637641216,12,26.23,26.47,26.7,27.34,133.3,78.9,111.1,45.9,89.29,87.29,88.14,84.71,14.0,21.0,36.0,41.0
2020-03-29,202014,14.0,14,14,14,9.16129e-06,1.6127639,0,1,221100120201419589,2023-08-20,Teresina,0.30369237,868075,,0,0,13,,,,,97405,23.8,27.59,32.69,46.4,84.29,11.0,23.67,0.1735406,48.0,23.89,0.76483315,82.0,23.84,1.5674793,64.0,24.31,1.4453697,38.75,23.8,2.70805020110221,0.2231435513142097,-1.1837700970084164,-1.7107904066943882,-1.4663370687934267,13,26.74,26.23,26.47,26.7,49.5,133.3,78.9,111.1,86.71,89.29,87.29,88.14,21.0,36.0,41.0,24.0
2020-04-05,202015,21.0,21,21,21,0.26435775,2.4191458,0,1,221100120201519589,2023-08-20,Teresina,0.8319378,868075,,0,0,19,,,,,97405,24.53,28.17,32.87,24.6,83.43,14.0,23.8,0.30369237,11.0,23.67,0.1735406,48.0,23.89,0.76483315,82.0,23.84,1.5674793,23.5,23.9725,3.091042453358316,0.382992252256106,0.6061358035703157,-0.8007778447523104,-1.3277981544382822,14,27.59,26.74,26.23,26.47,46.4,49.5,133.3,78.9,84.29,86.71,89.29,87.29,36.0,41.0,24.0,41.0
2020-04-12,202016,36.0,36,36,36,0.992941,4.147107,0,1,221100120201619589,2023-08-20,Teresina,1.9741658,868075,,1,1,29,,,,,97405,23.99,26.43,30.21,90.2,88.14,21.0,24.53,0.8319378,14.0,23.8,0.30369237,11.0,23.67,0.1735406,48.0,23.89,0.76483315,20.5,23.997500000000002,3.6109179126442243,0.5198754592859083,0.9028677115420143,1.126011262856224,-0.2809023854664021,15,28.17,27.59,26.74,26.23,24.6,46.4,49.5,133.3,83.43,84.29,86.71,89.29,41.0,24.0,41.0,58.0
2020-04-19,202017,41.0,41,41,41,0.9863174,4.723094,0,1,221100120201719589,2023-08-20,Teresina,1.7441128,868075,,1,1,34,,,,,97405,23.7,26.87,31.89,45.4,86.29,36.0,23.99,1.9741658,21.0,24.53,0.8319378,14.0,23.8,0.30369237,11.0,23.67,0.1735406,28.0,24.005,3.7376696182833684,0.12675170563914406,0.6466271649250523,1.0296194171811583,1.252762968495368,16,26.43,28.17,27.59,26.74,90.2,24.6,46.4,49.5,88.14,83.43,84.29,86.71,24.0,41.0,58.0,53.0
2020-04-26,202018,24.0,24,24,24,0.15570256,2.764738,0,1,221100120201819589,2023-08-20,Teresina,0.76260537,868075,,0,0,20,,,,,97405,23.74,27.13,31.31,19.2,83.71,41.0,23.7,1.7441128,36.0,23.99,1.9741658,21.0,24.53,0.8319378,14.0,23.8,0.30369237,30.5,23.990000000000002,3.2188758248682006,-0.5187937934151678,-0.3920420877760238,0.1278333715098845,0.5108256237659905,17,26.87,26.43,28.17,27.59,45.4,90.2,24.6,46.4,86.29,88.14,83.43,84.29,41.0,58.0,53.0,33.0
2020-05-03,202019,41.0,41,41,41,0.7819022,4.723094,0,1,221100120201919589,2023-08-20,Teresina,1.1958266,868075,,0,1,36,,,,,97405,23.86,28.3,32.97,0.3,77.43,24.0,23.74,0.76260537,41.0,23.7,1.7441128,36.0,23.99,1.9741658,21.0,24.53,0.8319378,35.5,23.822499999999998,3.7376696182833684,0.5187937934151678,0.0,0.12675170563914406,0.6466271649250523,18,27.13,26.87,26.43,28.17,19.2,45.4,90.2,24.6,83.71,86.29,88.14,83.43,58.0,53.0,33.0,40.0
2020-05-10,202020,58.0,58,58,58,0.9930124,6.6814504,0,1,221100120202019589,2023-08-20,Teresina,1.6769634,868075,,1,1,47,,,,,97405,23.49,27.63,32.27,6.4,78.29,41.0,23.86,1.1958266,24.0,23.74,0.76260537,41.0,23.7,1.7441128,36.0,23.99,1.9741658,41.0,23.697499999999998,4.07753744390572,0.3398678256223513,0.8586616190375191,0.3398678256223513,0.46661953126149536,19,28.3,27.13,26.87,26.43,0.3,19.2,45.4,90.2,77.43,83.71,86.29,88.14,53.0,33.0,40.0,16.0
2020-05-17,202021,53.0,53,53,53,0.8843086,6.105463,0,1,221100120202119589,2023-08-20,Teresina,1.2790884,868075,,0,1,45,,,,,97405,23.81,27.53,32.24,17.5,82.57,58.0,23.49,1.6769634,41.0,23.86,1.1958266,24.0,23.74,0.76260537,41.0,23.7,1.7441128,44.0,23.725,3.9889840465642745,-0.08855339734144518,0.2513144282809061,0.770108221696074,0.2513144282809061,20,27.63,28.3,27.13,26.87,6.4,0.3,19.2,45.4,78.29,77.43,83.71,86.29,33.0,40.0,16.0,24.0
2020-05-24,202022,33.0,33,33,33,0.03619254,3.8015149,0,1,221100120202219589,2023-08-20,Teresina,0.67144215,868075,,0,1,27,,,,,97405,23.9,27.24,31.87,31.1,83.57,53.0,23.81,1.2790884,58.0,23.49,1.6769634,41.0,23.86,1.1958266,24.0,23.74,0.76260537,46.25,23.764999999999997,3.5263605246161616,-0.46262352194811296,-0.5511769192895581,-0.21130909366720685,0.307484699747961,21,27.53,27.63,28.3,27.13,17.5,6.4,0.3,19.2,82.57,78.29,77.43,83.71,40.0,16.0,24.0,20.0
2020-05-31,202023,40.0,40,40,40,0.20571151,4.607897,0,1,221100120202319589,2023-08-20,Teresina,0.83948165,868075,,0,1,32,,,,,97405,23.17,27.59,32.31,2.1,77.29,33.0,23.9,0.67144215,53.0,23.81,1.2790884,58.0,23.49,1.6769634,41.0,23.86,1.1958266,46.0,23.592499999999998,3.713572066704308,0.1872115420881464,-0.27541197985996657,-0.36396537720141175,-0.02409755157906046,22,27.24,27.53,27.63,28.3,31.1,17.5,6.4,0.3,83.57,82.57,78.29,77.43,16.0,24.0,20.0,17.0
2020-06-07,202024,16.0,16,16,16,0.0005387858,1.8431587,0,1,221100120202419589,2023-08-20,Teresina,0.4015189,868075,,0,0,11,,,,,97405,23.0,27.37,32.61,4.9,76.43,40.0,23.17,0.83948165,33.0,23.9,0.67144215,53.0,23.81,1.2790884,58.0,23.49,1.6769634,35.5,23.47,2.833213344056216,-0.8803587226480918,-0.6931471805599454,-1.1557707025080584,-1.2443240998495035,23,27.59,27.24,27.53,27.63,2.1,31.1,17.5,6.4,77.29,83.57,82.57,78.29,24.0,20.0,17.0,19.0
2020-06-14,202025,24.0,24,24,24,0.13387077,2.764738,0,1,221100120202519589,2023-08-20,Teresina,0.74455243,868075,,0,0,13,,,,,97405,22.87,27.51,32.56,0.0,67.43,16.0,23.0,0.4015189,40.0,23.17,0.83948165,33.0,23.9,0.67144215,53.0,23.81,1.2790884,28.25,23.235,3.2188758248682006,0.3856624808119844,-0.4946962418361074,-0.307484699747961,-0.770108221696074,24,27.37,27.59,27.24,27.53,4.9,2.1,31.1,17.5,76.43,77.29,83.57,82.57,20.0,17.0,19.0,22.0
2020-06-21,202026,20.0,20,20,20,0.22682874,2.3039484,0,1,221100120202619589,2023-08-20,Teresina,0.800851,868075,,0,0,15,,,,,97405,22.34,27.24,32.61,0.0,68.71,24.0,22.87,0.74455243,16.0,23.0,0.4015189,40.0,23.17,0.83948165,33.0,23.9,0.67144215,25.0,22.845,3.044522437723423,-0.17435338714477755,0.21130909366720685,-0.6690496289808849,-0.48183808689273855,25,27.51,27.37,27.59,27.24,0.0,4.9,2.1,31.1,67.43,76.43,77.29,83.57,17.0,19.0,22.0,16.0
2020-06-28,202027,17.0,17,17,17,0.23069349,1.9583561,0,1,221100120202719589,2023-08-20,Teresina,0.7900922,868075,,0,0,14,,,,,97405,22.66,27.69,33.43,0.6,71.0,20.0,22.34,0.800851,24.0,22.87,0.74455243,16.0,23.0,0.4015189,40.0,23.17,0.83948165,19.25,22.7175,2.8903717578961645,-0.1541506798272585,-0.32850406697203605,0.05715841383994835,-0.8232003088081434,26,27.24,27.51,27.37,27.59,0.0,0.0,4.9,2.1,68.71,67.43,76.43,77.29,19.0,22.0,16.0,19.0
2020-07-05,202028,19.0,19,19,19,0.43752676,2.188751,0,1,221100120202819589,2023-08-20,Teresina,0.9513748,868075,,0,0,15,,,,,97405,22.87,27.81,33.36,1.0,64.43,17.0,22.66,0.7900922,20.0,22.34,0.800851,24.0,22.87,0.74455243,16.0,23.0,0.4015189,20.0,22.685000000000002,2.995732273553991,0.10536051565782634,-0.04879016416943216,-0.2231435513142097,0.1625189294977747,27,27.69,27.24,27.51,27.37,0.6,0.0,0.0,4.9,71.0,68.71,67.43,76.43,22.0,16.0,19.0,17.0
2020-07-12,202029,22.0,22,22,22,0.694941,2.5343432,0,1,221100120202919589,2023-08-20,Teresina,1.1715355,868075,,0,0,20,,,,,97405,22.59,27.96,34.01,0.0,59.14,19.0,22.87,0.9513748,17.0,22.66,0.7900922,20.0,22.34,0.800851,24.0,22.87,0.74455243,19.5,22.615,3.1354942159291497,0.13976194237515882,0.24512245803298516,0.09097177820572666,-0.08338160893905089,28,27.81,27.69,27.24,27.51,1.0,0.6,0.0,0.0,64.43,71.0,68.71,67.43,16.0,19.0,17.0,18.0
2020-07-19,202030,16.0,16,16,16,0.29985738,1.8431587,0,1,221100120203019589,2023-08-20,Teresina,0.8390581,868075,,0,0,13,,,,,97405,22.41,27.83,33.94,0.0,56.57,22.0,22.59,1.1715355,19.0,22.87,0.9513748,17.0,22.66,0.7900922,20.0,22.34,0.800851,18.5,22.6325,2.833213344056216,-0.3022808718729335,-0.1625189294977747,-0.05715841383994835,-0.21130909366720685,29,27.96,27.81,27.69,27.24,0.0,1.0,0.6,0.0,59.14,64.43,71.0,68.71,19.0,17.0,18.0,18.0
2020-07-26,202031,19.0,19,19,19,0.4816725,2.188751,0,1,221100120203119589,2023-08-20,Teresina,0.98541313,868075,,0,0,15,,,,,97405,21.79,27.64,33.86,0.0,53.43,16.0,22.41,0.8390581,22.0,22.59,1.1715355,19.0,22.87,0.9513748,17.0,22.66,0.7900922,19.0,22.415,2.995732273553991,0.1625189294977747,-0.13976194237515882,0.0,0.10536051565782634,30,27.83,27.96,27.81,27.69,0.0,0.0,1.0,0.6,56.57,59.14,64.43,71.0,17.0,18.0,18.0,10.0
2020-08-02,202032,17.0,17,17,17,0.41071168,1.9583561,0,1,221100120203219589,2023-08-20,Teresina,0.9276638,868075,,0,0,13,,,,,97405,22.73,27.93,33.71,0.0,51.29,19.0,21.79,0.98541313,16.0,22.41,0.8390581,22.0,22.59,1.1715355,19.0,22.87,0.9513748,18.5,22.38,2.8903717578961645,-0.10536051565782634,0.05715841383994835,-0.24512245803298516,-0.10536051565782634,31,27.64,27.83,27.96,27.81,0.0,0.0,0.0,1.0,53.43,56.57,59.14,64.43,18.0,18.0,10.0,9.0
2020-08-09,202033,18.0,18,18,18,0.5127397,2.0735536,0,1,221100120203319589,2023-08-20,Teresina,1.0106065,868075,,0,0,15,,,,,97405,21.5,28.01,34.86,0.0,54.43,17.0,22.73,0.9276638,19.0,21.79,0.98541313,16.0,22.41,0.8390581,22.0,22.59,1.1715355,17.5,22.1075,2.9444389791664403,0.054067221270275745,-0.05129329438755059,0.1112256351102241,-0.1910552367627094,32,27.93,27.64,27.83,27.96,0.0,0.0,0.0,0.0,51.29,53.43,56.57,59.14,18.0,10.0,9.0,9.0
2020-08-16,202034,18.0,18,18,18,0.5222441,2.0735536,0,1,221100120203419589,2023-08-20,Teresina,1.0186355,868075,,0,0,16,,,,,97405,22.31,28.63,35.49,0.1,57.57,18.0,21.5,1.0106065,17.0,22.73,0.9276638,19.0,21.79,0.98541313,16.0,22.41,0.8390581,18.0,22.082500000000003,2.9444389791664403,0.0,0.054067221270275745,-0.05129329438755059,0.1112256351102241,33,28.01,27.93,27.64,27.83,0.0,0.0,0.0,0.0,54.43,51.29,53.43,56.57,10.0,9.0,9.0,11.0
2020-08-23,202035,10.0,10,10,10,0.07690202,1.1519742,0,1,221100120203519589,2023-08-20,Teresina,0.5783838,868075,,0,0,9,,,,,97405,22.77,28.6,35.23,1.2,62.14,18.0,22.31,1.0186355,18.0,21.5,1.0106065,17.0,22.73,0.9276638,19.0,21.79,0.98541313,15.75,22.3275,2.3978952727983707,-0.5465437063680696,-0.5465437063680696,-0.49247648509779385,-0.5978370007556202,34,28.63,28.01,27.93,27.64,0.1,0.0,0.0,0.0,57.57,54.43,51.29,53.43,9.0,9.0,11.0,15.0
2020-08-30,202036,9.0,9,9,9,0.09097307,1.0367768,0,1,221100120203619589,2023-08-20,Teresina,0.5826644,868075,,0,0,5,,,,,97405,23.04,29.39,35.97,0.0,47.14,10.0,22.77,0.5783838,18.0,22.31,1.0186355,18.0,21.5,1.0106065,17.0,22.73,0.9276638,13.75,22.404999999999998,2.302585092994046,-0.09531017980432477,-0.6418538861723944,-0.6418538861723944,-0.5877866649021186,35,28.6,28.63,28.01,27.93,1.2,0.1,0.0,0.0,62.14,57.57,54.43,51.29,9.0,11.0,15.0,6.0
2020-09-06,202037,9.0,9,9,9,0.247891,1.0367768,0,1,221100120203719589,2023-08-20,Teresina,0.7463741,868075,,0,0,9,,,,,97405,23.47,29.87,36.0,0.0,50.29,9.0,23.04,0.5826644,10.0,22.77,0.5783838,18.0,22.31,1.0186355,18.0,21.5,1.0106065,11.5,22.897499999999997,2.302585092994046,0.0,-0.09531017980432477,-0.6418538861723944,-0.6418538861723944,36,29.39,28.6,28.63,28.01,0.0,1.2,0.1,0.0,47.14,62.14,57.57,54.43,11.0,15.0,6.0,6.0
2020-09-13,202038,11.0,11,11,11,0.6026882,1.2671716,0,1,221100120203819589,2023-08-20,Teresina,1.1183704,868075,,0,0,10,,,,,97405,23.31,29.69,36.59,0.0,51.29,9.0,23.47,0.7463741,9.0,23.04,0.5826644,10.0,22.77,0.5783838,18.0,22.31,1.0186355,9.75,23.1475,2.4849066497880004,0.18232155679395445,0.18232155679395445,0.08701137698962969,-0.4595323293784399,37,29.87,29.39,28.6,28.63,0.0,0.0,1.2,0.1,50.29,47.14,62.14,57.57,15.0,6.0,6.0,10.0
2020-09-20,202039,15.0,15,15,15,0.8536092,1.7279613,0,1,221100120203919589,2023-08-20,Teresina,1.5210086,868075,,0,0,12,,,,,97405,24.23,30.26,36.76,0.0,58.14,11.0,23.31,1.1183704,9.0,23.47,0.7463741,9.0,23.04,0.5826644,10.0,22.77,0.5783838,11.0,23.5125,2.772588722239781,0.2876820724517808,0.47000362924573524,0.47000362924573524,0.3746934494414105,38,29.69,29.87,29.39,28.6,0.0,0.0,0.0,1.2,51.29,50.29,47.14,62.14,6.0,6.0,10.0,4.0
2020-09-27,202040,6.0,6,6,6,0.10302977,0.6911845,0,1,221100120204019589,2023-08-20,Teresina,0.54287434,868075,,0,0,5,,,,,97405,23.7,30.47,37.57,0.0,55.43,15.0,24.23,1.5210086,11.0,23.31,1.1183704,9.0,23.47,0.7463741,9.0,23.04,0.5826644,10.25,23.677500000000002,1.9459101490553132,-0.8266785731844679,-0.5389965007326871,-0.35667494393873267,-0.35667494393873267,39,30.26,29.69,29.87,29.39,0.0,0.0,0.0,0.0,58.14,51.29,50.29,47.14,6.0,10.0,4.0,8.0
2020-10-04,202041,6.0,6,6,6,0.1070768,0.6911845,0,1,221100120204119589,2023-08-20,Teresina,0.5480076,868075,,0,0,4,,,,,97405,23.96,30.67,37.66,0.1,54.0,6.0,23.7,0.54287434,15.0,24.23,1.5210086,11.0,23.31,1.1183704,9.0,23.47,0.7463741,9.5,23.8,1.9459101490553132,0.0,-0.8266785731844679,-0.5389965007326871,-0.35667494393873267,40,30.47,30.26,29.69,29.87,0.0,0.0,0.0,0.0,55.43,58.14,51.29,50.29,10.0,4.0,8.0,7.0
2020-10-11,202042,10.0,10,10,10,0.62546533,1.1519742,0,1,221100120204219589,2023-08-20,Teresina,1.1560754,868075,,0,0,9,,,,,97405,24.19,30.44,37.31,0.0,55.71,6.0,23.96,0.5480076,6.0,23.7,0.54287434,15.0,24.23,1.5210086,11.0,23.31,1.1183704,9.25,24.02,2.3978952727983707,0.45198512374305744,0.45198512374305744,-0.3746934494414105,-0.08701137698962969,41,30.67,30.47,30.26,29.69,0.1,0.0,0.0,0.0,54.0,55.43,58.14,51.29,4.0,8.0,7.0,8.0
2020-10-18,202043,4.0,4,4,4,0.1495132,0.46078968,0,1,221100120204319589,2023-08-20,Teresina,0.54488623,868075,,0,0,4,,,,,97405,24.87,31.03,37.33,0.0,55.71,10.0,24.19,1.1560754,6.0,23.96,0.5480076,6.0,23.7,0.54287434,15.0,24.23,1.5210086,6.5,24.18,1.6094379124341003,-0.7884573603642704,-0.33647223662121295,-0.33647223662121295,-1.1631508098056809,42,30.44,30.67,30.47,30.26,0.0,0.1,0.0,0.0,55.71,54.0,55.43,58.14,8.0,7.0,8.0,16.0
2020-10-25,202044,8.0,8,8,8,0.5800638,0.92157936,0,1,221100120204419589,2023-08-20,Teresina,1.1060468,868075,,0,0,7,,,,,97405,25.21,30.67,36.87,0.9,58.71,4.0,24.87,0.54488623,10.0,24.19,1.1560754,6.0,23.96,0.5480076,6.0,23.7,0.54287434,7.0,24.557500000000005,2.1972245773362196,0.5877866649021193,-0.2006706954621511,0.25131442828090633,0.25131442828090633,43,31.03,30.44,30.67,30.47,0.0,0.0,0.1,0.0,55.71,55.71,54.0,55.43,7.0,8.0,16.0,8.0
2020-11-01,202045,7.0,7,7,7,0.53534955,0.80638194,0,1,221100120204519589,2023-08-20,Teresina,1.0476314,868075,,0,0,5,,,,,97405,24.63,28.56,33.31,36.0,73.0,8.0,25.21,1.1060468,4.0,24.87,0.54488623,10.0,24.19,1.1560754,6.0,23.96,0.5480076,7.25,24.725,2.0794415416798357,-0.11778303565638382,0.47000362924573547,-0.3184537311185349,0.13353139262452252,44,30.67,31.03,30.44,30.67,0.9,0.0,0.0,0.1,58.71,55.71,55.71,54.0,8.0,16.0,8.0,15.0
2020-11-08,202046,8.0,8,8,8,0.62037027,0.92157936,0,1,221100120204619589,2023-08-20,Teresina,1.1674622,868075,,0,0,8,,,,,97405,25.16,29.99,35.8,2.9,65.43,7.0,24.63,1.0476314,8.0,25.21,1.1060468,4.0,24.87,0.54488623,10.0,24.19,1.1560754,6.75,24.9675,2.1972245773362196,0.11778303565638382,0.0,0.5877866649021193,-0.2006706954621511,45,28.56,30.67,31.03,30.44,36.0,0.9,0.0,0.0,73.0,58.71,55.71,55.71,16.0,8.0,15.0,10.0
2020-11-15,202047,16.0,16,16,16,0.9584161,1.8431587,0,1,221100120204719589,2023-08-20,Teresina,2.0541584,868075,,0,0,15,,,,,97405,24.87,29.07,34.04,17.2,70.29,8.0,25.16,1.1674622,7.0,24.63,1.0476314,8.0,25.21,1.1060468,4.0,24.87,0.54488623,9.75,24.9675,2.833213344056216,0.6359887667199966,0.7537718023763804,0.6359887667199966,1.2237754316221159,46,29.99,28.56,30.67,31.03,2.9,36.0,0.9,0.0,65.43,73.0,58.71,55.71,8.0,15.0,10.0,12.0
2020-11-22,202048,8.0,8,8,8,0.34453025,0.92157936,0,1,221100120204819589,2023-08-20,Teresina,0.8298932,868075,,0,0,5,,,,,97405,24.11,28.19,32.51,16.9,74.43,16.0,24.87,2.0541584,8.0,25.16,1.1674622,7.0,24.63,1.0476314,8.0,25.21,1.1060468,9.75,24.6925,2.1972245773362196,-0.6359887667199966,0.0,0.11778303565638382,0.0,47,29.07,29.99,28.56,30.67,17.2,2.9,36.0,0.9,70.29,65.43,73.0,58.71,15.0,10.0,12.0,8.0
2020-11-29,202049,15.0,15,15,15,0.756902,1.7279613,0,1,221100120204919589,2023-08-20,Teresina,1.3068007,868075,,0,0,12,,,,,97405,24.6,29.29,34.5,0.3,66.86,8.0,24.11,0.8298932,16.0,24.87,2.0541584,8.0,25.16,1.1674622,7.0,24.63,1.0476314,11.75,24.685,2.772588722239781,0.5753641449035616,-0.06062462181643502,0.5753641449035616,0.6931471805599454,48,28.19,29.07,29.99,28.56,16.9,17.2,2.9,36.0,74.43,70.29,65.43,73.0,10.0,12.0,8.0,3.0
2020-12-06,202050,10.0,10,10,10,0.35512164,1.1519742,0,1,221100120205019589,2023-08-20,Teresina,0.8549517,868075,,0,0,9,,,,,97405,24.5,29.03,34.49,2.6,66.29,15.0,24.6,1.3068007,8.0,24.11,0.8298932,16.0,24.87,2.0541584,8.0,25.16,1.1674622,12.25,24.52,2.3978952727983707,-0.3746934494414105,0.2006706954621511,-0.4353180712578455,0.2006706954621511,49,29.29,28.19,29.07,29.99,0.3,16.9,17.2,2.9,66.86,74.43,70.29,65.43,12.0,8.0,3.0,14.0
2020-12-13,202051,12.0,12,12,12,0.50932276,1.382369,0,1,221100120205119589,2023-08-20,Teresina,1.0094419,868075,,0,0,10,,,,,97405,24.41,28.67,34.14,12.5,71.57,10.0,24.5,0.8549517,15.0,24.6,1.3068007,8.0,24.11,0.8298932,16.0,24.87,2.0541584,11.25,24.405,2.5649493574615367,0.16705408466316607,-0.2076393647782444,0.3677247801253172,-0.2682639865946794,50,29.03,29.29,28.19,29.07,2.6,0.3,16.9,17.2,66.29,66.86,74.43,70.29,8.0,3.0,14.0,16.0
2020-12-20,202052,8.0,8,8,8,0.21086577,0.92157936,0,1,221100120205219589,2023-08-20,Teresina,0.698173,868075,,0,0,5,,,,,97405,24.26,27.54,32.63,36.7,77.86,12.0,24.41,1.0094419,10.0,24.5,0.8549517,15.0,24.6,1.3068007,8.0,24.11,0.8298932,11.25,24.4425,2.1972245773362196,-0.3677247801253172,-0.2006706954621511,-0.5753641449035616,0.0,51,28.67,29.03,29.29,28.19,12.5,2.6,0.3,16.9,71.57,66.29,66.86,74.43,3.0,14.0,16.0,12.0
2020-12-27,202053,3.0,3,3,3,0.017776301,0.34559226,0,1,221100120205319589,2023-08-20,Teresina,0.2955017,868075,,0,0,0,,,,,97405,24.06,28.77,34.29,4.1,71.0,8.0,24.26,0.698173,12.0,24.41,1.0094419,10.0,24.5,0.8549517,15.0,24.6,1.3068007,8.25,24.3075,1.3862943611198906,-0.810930216216329,-1.1786549963416462,-1.01160091167848,-1.3862943611198906,52,27.54,28.67,29.03,29.29,36.7,12.5,2.6,0.3,77.86,71.57,66.29,66.86,14.0,16.0,12.0,9.0
2021-01-03,202101,14.0,14,14,14,0.96244466,1.6127639,0,1,221100120210119684,2023-11-23,Teresina,2.235809,868075,0.0,0,0,9,,,,,97405,23.99,28.2,33.74,8.6,74.43,3.0,24.06,0.2955017,8.0,24.26,0.698173,12.0,24.41,1.0094419,10.0,24.5,0.8549517,9.25,24.18,2.70805020110221,1.3217558399823195,0.5108256237659905,0.14310084364067333,0.3101549283038394,53,28.77,27.54,28.67,29.03,4.1,36.7,12.5,2.6,71.0,77.86,71.57,66.29,16.0,12.0,9.0,23.0
2021-01-10,202102,16.0,16,16,16,0.98509854,1.8431587,0,1,221100120210219684,2023-11-23,Teresina,2.5992892,868075,0.0,0,0,13,,,,,97405,24.39,27.94,32.84,10.8,75.0,14.0,23.99,2.235809,3.0,24.06,0.2955017,8.0,24.26,0.698173,12.0,24.41,1.0094419,10.25,24.175,2.833213344056216,0.1251631429540061,1.4469189829363256,0.6359887667199966,0.2682639865946794,1,28.2,28.77,27.54,28.67,8.6,4.1,36.7,12.5,74.43,71.0,77.86,71.57,12.0,9.0,23.0,19.0
2021-01-17,202103,12.0,12,12,12,0.6323527,1.382369,0,1,221100120210319684,2023-11-23,Teresina,1.1506252,868075,0.0,0,0,11,,,,,97405,23.11,26.1,30.16,43.9,86.57,16.0,24.39,2.5992892,14.0,23.99,2.235809,3.0,24.06,0.2955017,8.0,24.26,0.698173,11.25,23.8875,2.5649493574615367,-0.2682639865946794,-0.14310084364067333,1.1786549963416462,0.3677247801253172,2,27.94,28.2,28.77,27.54,10.8,8.6,4.1,36.7,75.0,74.43,71.0,77.86,9.0,23.0,19.0,14.0
2021-01-24,202104,9.0,9,9,9,0.18188748,1.0367768,0,1,221100120210419684,2023-11-23,Teresina,0.6826449,868075,0.0,0,0,8,,,,,97405,23.41,26.74,31.27,36.9,84.14,12.0,23.11,1.1506252,16.0,24.39,2.5992892,14.0,23.99,2.235809,3.0,24.06,0.2955017,12.75,23.725,2.302585092994046,-0.26236426446749084,-0.5306282510621703,-0.40546510810816416,0.9162907318741553,3,26.1,27.94,28.2,28.77,43.9,10.8,8.6,4.1,86.57,75.0,74.43,71.0,23.0,19.0,14.0,21.0
2021-01-31,202105,23.0,23,23,23,0.9582294,2.6495407,0,1,221100120210519684,2023-11-23,Teresina,1.791985,868075,0.0,0,0,17,,,,,97405,23.39,28.1,33.71,5.0,74.14,9.0,23.41,0.6826449,12.0,23.11,1.1506252,16.0,24.39,2.5992892,14.0,23.99,2.235809,15.0,23.575000000000003,3.1780538303479458,0.8754687373538999,0.613104472886409,0.3448404862917296,0.4700036292457357,4,26.74,26.1,27.94,28.2,36.9,43.9,10.8,8.6,84.14,86.57,75.0,74.43,19.0,14.0,21.0,10.0
2021-02-07,202106,19.0,19,19,19,0.8108787,2.188751,0,1,221100120210619684,2023-11-23,Teresina,1.3560587,868075,0.0,0,0,15,,,,,97405,23.57,26.9,31.67,63.8,83.71,23.0,23.39,1.791985,9.0,23.41,0.6826449,12.0,23.11,1.1506252,16.0,24.39,2.5992892,15.75,23.37,2.995732273553991,-0.1823215567939549,0.693147180559945,0.4307829160924541,0.1625189294977747,5,28.1,26.74,26.1,27.94,5.0,36.9,43.9,10.8,74.14,84.14,86.57,75.0,14.0,21.0,10.0,13.0
2021-02-14,202107,14.0,14,14,14,0.26755705,1.6127639,0,1,221100120210719684,2023-11-23,Teresina,0.8033326,868075,0.0,0,0,12,,,,,97405,23.53,25.91,29.87,95.2,88.57,19.0,23.57,1.3560587,23.0,23.39,1.791985,9.0,23.41,0.6826449,12.0,23.11,1.1506252,16.25,23.475,2.70805020110221,-0.2876820724517808,-0.4700036292457357,0.40546510810816416,0.14310084364067333,6,26.9,28.1,26.74,26.1,63.8,5.0,36.9,43.9,83.71,74.14,84.14,86.57,21.0,10.0,13.0,15.0
2021-02-21,202108,21.0,21,21,21,0.6739634,2.4191458,0,1,221100120210819684,2023-11-23,Teresina,1.153346,868075,0.0,0,0,15,,,,,97405,23.07,26.13,31.16,69.5,87.0,14.0,23.53,0.8033326,19.0,23.57,1.3560587,23.0,23.39,1.791985,9.0,23.41,0.6826449,19.25,23.39,3.091042453358316,0.382992252256106,0.09531017980432521,-0.08701137698962969,0.7884573603642702,7,25.91,26.9,28.1,26.74,95.2,63.8,5.0,36.9,88.57,83.71,74.14,84.14,10.0,13.0,15.0,11.0
2021-02-28,202109,10.0,10,10,10,0.08202255,1.1519742,0,1,221100120210919684,2023-11-23,Teresina,0.585232,868075,0.0,0,0,10,,,,,97405,22.87,26.07,31.21,69.9,88.0,21.0,23.07,1.153346,14.0,23.53,0.8033326,19.0,23.57,1.3560587,23.0,23.39,1.791985,16.0,23.259999999999998,2.3978952727983707,-0.6931471805599454,-0.3101549283038394,-0.5978370007556202,-0.7801585575495751,8,26.13,25.91,26.9,28.1,69.5,95.2,63.8,5.0,87.0,88.57,83.71,74.14,13.0,15.0,11.0,7.0
2021-03-07,202110,13.0,13,13,13,0.28482527,1.4975665,0,1,221100120211019684,2023-11-23,Teresina,0.8116908,868075,0.0,0,0,11,,,,,97405,23.64,27.39,32.29,7.8,81.57,10.0,22.87,0.585232,21.0,23.07,1.153346,14.0,23.53,0.8033326,19.0,23.57,1.3560587,14.5,23.2775,2.6390573296152584,0.24116205681688774,-0.45198512374305766,-0.06899287148695166,-0.35667494393873245,9,26.07,26.13,25.91,26.9,69.9,69.5,95.2,63.8,88.0,87.0,88.57,83.71,15.0,11.0,7.0,8.0
2021-03-14,202111,15.0,15,15,15,0.5845346,1.7279613,0,1,221100120211119684,2023-11-23,Teresina,1.0815127,868075,0.0,0,0,13,,,,,97405,23.2,26.06,30.19,118.2,87.57,13.0,23.64,0.8116908,10.0,22.87,0.585232,21.0,23.07,1.153346,14.0,23.53,0.8033326,14.75,23.195,2.772588722239781,0.13353139262452274,0.3746934494414105,-0.3184537311185349,0.06453852113757108,10,27.39,26.07,26.13,25.91,7.8,69.9,69.5,95.2,81.57,88.0,87.0,88.57,11.0,7.0,8.0,15.0
2021-03-21,202112,11.0,11,11,11,0.33679393,1.2671716,0,1,221100120211219684,2023-11-23,Teresina,0.8443449,868075,0.0,0,0,10,,,,,97405,23.1,25.83,30.23,139.8,89.0,15.0,23.2,1.0815127,13.0,23.64,0.8116908,10.0,22.87,0.585232,21.0,23.07,1.153346,12.25,23.2025,2.4849066497880004,-0.2876820724517808,-0.15415067982725805,0.08701137698962969,-0.6061358035703157,11,26.06,27.39,26.07,26.13,118.2,7.8,69.9,69.5,87.57,81.57,88.0,87.0,7.0,8.0,15.0,20.0
2021-03-28,202113,7.0,7,7,7,0.08964417,0.80638194,0,1,221100120211319684,2023-11-23,Teresina,0.5466935,868075,0.0,0,0,3,,,,,97405,23.26,27.09,31.67,23.6,83.0,11.0,23.1,0.8443449,15.0,23.2,1.0815127,13.0,23.64,0.8116908,10.0,22.87,0.585232,11.5,23.3,2.0794415416798357,-0.4054651081081646,-0.6931471805599454,-0.5596157879354227,-0.3184537311185349,12,25.83,26.06,27.39,26.07,139.8,118.2,7.8,69.9,89.0,87.57,81.57,88.0,8.0,15.0,20.0,19.0
2021-04-04,202114,8.0,8,8,8,0.24765152,0.92157936,0,1,221100120211419684,2023-11-23,Teresina,0.7344381,868075,0.0,0,0,7,,,,,97405,23.26,28.04,32.99,0.7,75.0,7.0,23.26,0.5466935,11.0,23.1,0.8443449,15.0,23.2,1.0815127,13.0,23.64,0.8116908,10.25,23.205000000000002,2.1972245773362196,0.11778303565638382,-0.2876820724517808,-0.5753641449035616,-0.44183275227903884,13,27.09,25.83,26.06,27.39,23.6,139.8,118.2,7.8,83.0,89.0,87.57,81.57,15.0,20.0,19.0,22.0
2021-04-11,202115,15.0,15,15,15,0.89196634,1.7279613,0,1,221100120211519684,2023-11-23,Teresina,1.6540313,868075,0.0,0,0,11,,,,,97405,23.5,27.33,32.13,46.9,82.86,8.0,23.26,0.7344381,7.0,23.26,0.5466935,11.0,23.1,0.8443449,15.0,23.2,1.0815127,10.25,23.28,2.772588722239781,0.5753641449035616,0.6931471805599454,0.2876820724517808,0.0,14,28.04,27.09,25.83,26.06,0.7,23.6,139.8,118.2,75.0,83.0,89.0,87.57,20.0,19.0,22.0,20.0
2021-04-18,202116,20.0,20,20,20,0.9650916,2.3039484,0,1,221100120211619684,2023-11-23,Teresina,1.9499171,868075,0.0,0,0,15,,,,,97405,23.44,26.39,30.93,193.8,87.29,15.0,23.5,1.6540313,8.0,23.26,0.7344381,7.0,23.26,0.5466935,11.0,23.1,0.8443449,12.5,23.365000000000002,3.044522437723423,0.27193371548364187,0.8472978603872034,0.9650808960435873,0.5596157879354227,15,27.33,28.04,27.09,25.83,46.9,0.7,23.6,139.8,82.86,75.0,83.0,89.0,19.0,22.0,20.0,20.0
2021-04-25,202117,19.0,19,19,19,0.80025685,2.188751,0,1,221100120211719684,2023-11-23,Teresina,1.3367238,868075,0.0,0,0,16,,,,,97405,23.96,27.53,31.93,6.1,82.29,20.0,23.44,1.9499171,15.0,23.5,1.6540313,8.0,23.26,0.7344381,7.0,23.26,0.5466935,15.5,23.540000000000003,2.995732273553991,-0.04879016416943216,0.2231435513142097,0.7985076962177713,0.9162907318741551,16,26.39,27.33,28.04,27.09,193.8,46.9,0.7,23.6,87.29,82.86,75.0,83.0,22.0,20.0,20.0,14.0
2021-05-02,202118,22.0,22,22,22,0.7465255,2.5343432,0,1,221100120211819684,2023-11-23,Teresina,1.2319342,868075,0.0,0,0,17,,,,,97405,23.46,26.53,30.61,32.8,86.0,19.0,23.96,1.3367238,20.0,23.44,1.9499171,15.0,23.5,1.6540313,8.0,23.26,0.7344381,19.0,23.59,3.1354942159291497,0.13976194237515882,0.09097177820572666,0.36290549368936853,0.9382696385929301,17,27.53,26.39,27.33,28.04,6.1,193.8,46.9,0.7,82.29,87.29,82.86,75.0,20.0,20.0,14.0,29.0
2021-05-09,202119,20.0,20,20,20,0.521193,2.3039484,0,1,221100120211919684,2023-11-23,Teresina,1.0168406,868075,0.0,0,0,16,,,,,97405,23.31,27.11,31.51,16.2,79.71,22.0,23.46,1.2319342,19.0,23.96,1.3367238,20.0,23.44,1.9499171,15.0,23.5,1.6540313,20.25,23.5425,3.044522437723423,-0.09097177820572666,0.04879016416943216,0.0,0.27193371548364187,18,26.53,27.53,26.39,27.33,32.8,6.1,193.8,46.9,86.0,82.29,87.29,82.86,20.0,14.0,29.0,27.0
2021-05-16,202120,20.0,20,20,20,0.47208336,2.3039484,0,1,221100120212019684,2023-11-23,Teresina,0.97843593,868075,0.0,0,0,13,,,,,97405,23.79,28.01,32.69,0.1,77.71,20.0,23.31,1.0168406,22.0,23.46,1.2319342,19.0,23.96,1.3367238,20.0,23.44,1.9499171,20.25,23.630000000000003,3.044522437723423,0.0,-0.09097177820572666,0.04879016416943216,0.0,19,27.11,26.53,27.53,26.39,16.2,32.8,6.1,193.8,79.71,86.0,82.29,87.29,14.0,29.0,27.0,41.0
2021-05-23,202121,14.0,14,14,14,0.1475897,1.6127639,0,1,221100120212119684,2023-11-23,Teresina,0.69951123,868075,0.0,0,0,10,,,,,97405,23.03,28.16,33.54,0.0,72.0,20.0,23.79,0.97843593,20.0,23.31,1.0168406,22.0,23.46,1.2319342,19.0,23.96,1.3367238,19.0,23.3975,2.70805020110221,-0.33647223662121295,-0.33647223662121295,-0.4274440148269396,-0.2876820724517808,20,28.01,27.11,26.53,27.53,0.1,16.2,32.8,6.1,77.71,79.71,86.0,82.29,29.0,27.0,41.0,51.0
2021-05-30,202122,29.0,29,29,29,0.92702764,3.3407252,0,1,221100120212219684,2023-11-23,Teresina,1.5226059,868075,0.0,0,0,26,,,,,97405,23.59,28.04,33.53,0.9,73.14,14.0,23.03,0.69951123,20.0,23.79,0.97843593,20.0,23.31,1.0168406,22.0,23.46,1.2319342,20.75,23.43,3.4011973816621555,0.6931471805599454,0.35667494393873245,0.35667494393873245,0.2657031657330058,21,28.16,28.01,27.11,26.53,0.0,0.1,16.2,32.8,72.0,77.71,79.71,86.0,27.0,41.0,51.0,50.0
2021-06-06,202123,27.0,27,27,27,0.84602356,3.1103303,0,1,221100120212319684,2023-11-23,Teresina,1.3446612,868075,0.0,0,0,18,,,,,97405,23.86,27.5,31.91,16.8,79.71,29.0,23.59,1.5226059,14.0,23.03,0.69951123,20.0,23.79,0.97843593,20.0,23.31,1.0168406,22.5,23.5675,3.332204510175204,-0.06899287148695166,0.6241543090729937,0.2876820724517808,0.2876820724517808,22,28.04,28.16,28.01,27.11,0.9,0.0,0.1,16.2,73.14,72.0,77.71,79.71,41.0,51.0,50.0,62.0
2021-06-13,202124,41.0,41,41,41,0.9777755,4.723094,0,1,221100120212419684,2023-11-23,Teresina,1.648229,868075,0.0,1,1,36,,,,,97405,23.37,27.41,32.63,1.6,77.86,27.0,23.86,1.3446612,29.0,23.59,1.5226059,14.0,23.03,0.69951123,20.0,23.79,0.97843593,27.75,23.4625,3.7376696182833684,0.4054651081081646,0.33647223662121295,1.0296194171811583,0.6931471805599454,23,27.5,28.04,28.16,28.01,16.8,0.9,0.0,0.1,79.71,73.14,72.0,77.71,51.0,50.0,62.0,69.0
2021-06-20,202125,51.0,51,51,51,0.98581654,5.875068,0,1,221100120212519684,2023-11-23,Teresina,1.6288646,868075,0.0,1,1,46,,,,,97405,23.24,27.71,33.19,1.2,71.57,41.0,23.37,1.648229,27.0,23.86,1.3446612,29.0,23.59,1.5226059,14.0,23.03,0.69951123,37.0,23.514999999999997,3.9512437185814275,0.21357410029805912,0.6190392084062237,0.5500463369192721,1.2431935174792175,24,27.41,27.5,28.04,28.16,1.6,16.8,0.9,0.0,77.86,79.71,73.14,72.0,50.0,62.0,69.0,41.0
2021-06-27,202126,50.0,50,50,50,0.8664071,5.759871,0,1,221100120212619684,2023-11-23,Teresina,1.2638905,868075,0.0,0,1,43,,,,,97405,22.66,27.17,32.76,13.0,73.14,51.0,23.24,1.6288646,41.0,23.37,1.648229,27.0,23.86,1.3446612,29.0,23.59,1.5226059,42.25,23.2825,3.9318256327243257,-0.019418085857101808,0.19415601444095731,0.5996211225491219,0.5306282510621703,25,27.71,27.41,27.5,28.04,1.2,1.6,16.8,0.9,71.57,77.86,79.71,73.14,62.0,69.0,41.0,105.0
2021-07-04,202127,62.0,62,62,62,0.92124856,7.14224,0,1,221100120212719684,2023-11-23,Teresina,1.3107541,868075,0.0,0,1,59,,,,,97405,22.96,27.54,32.9,0.2,68.57,50.0,22.66,1.2638905,51.0,23.24,1.6288646,41.0,23.37,1.648229,27.0,23.86,1.3446612,51.0,23.0575,4.143134726391533,0.21130909366720685,0.19189100781010504,0.40546510810816416,0.8109302162163288,26,27.17,27.71,27.41,27.5,13.0,1.2,1.6,16.8,73.14,71.57,77.86,79.71,69.0,41.0,105.0,91.0
2021-07-11,202128,69.0,69,69,69,0.92240465,7.9486217,0,1,221100120212819684,2023-11-23,Teresina,1.2932882,868075,0.0,0,1,56,,,,,97405,23.06,28.01,33.67,0.1,65.43,62.0,22.96,1.3107541,50.0,22.66,1.2638905,51.0,23.24,1.6288646,41.0,23.37,1.648229,58.0,22.98,4.248495242049359,0.10536051565782678,0.31666960932503363,0.2972515234679318,0.5108256237659909,27,27.54,27.17,27.71,27.41,0.2,13.0,1.2,1.6,68.57,73.14,71.57,77.86,41.0,105.0,91.0,73.0
2021-07-18,202129,41.0,41,41,41,0.037276797,4.723094,0,1,221100120212919684,2023-11-23,Teresina,0.6986874,868075,0.0,0,1,36,,,,,97405,23.16,27.53,33.21,16.9,69.0,69.0,23.06,1.2932882,62.0,22.96,1.3107541,50.0,22.66,1.2638905,51.0,23.24,1.6288646,55.5,22.96,3.7376696182833684,-0.5108256237659909,-0.40546510810816416,-0.19415601444095731,-0.21357410029805912,28,28.01,27.54,27.17,27.71,0.1,0.2,13.0,1.2,65.43,68.57,73.14,71.57,105.0,91.0,73.0,52.0
2021-07-25,202130,105.0,105,105,105,0.99970907,12.095729,0,1,221100120213019684,2023-11-23,Teresina,1.7198974,868075,0.0,1,1,95,,,,,97405,22.61,27.56,33.57,2.1,67.29,41.0,23.16,0.6986874,69.0,23.06,1.2932882,62.0,22.96,1.3107541,50.0,22.66,1.2638905,69.25,22.9475,4.663439094112067,0.9257694758286985,0.41494385206270756,0.5203043677205343,0.7316134613877412,29,27.53,28.01,27.54,27.17,16.9,0.1,0.2,13.0,69.0,65.43,68.57,73.14,91.0,73.0,52.0,42.0
2021-08-01,202131,91.0,91,91,91,0.9727334,10.482965,0,1,221100120213119684,2023-11-23,Teresina,1.359251,868075,0.0,1,1,87,,,,,97405,22.03,27.37,33.39,0.0,58.0,105.0,22.61,1.7198974,41.0,23.16,0.6986874,69.0,23.06,1.2932882,62.0,22.96,1.3107541,76.5,22.715,4.5217885770490405,-0.14165051706302645,0.7841189587656721,0.2732933349996811,0.3786538506575079,30,27.56,27.53,28.01,27.54,2.1,16.9,0.1,0.2,67.29,69.0,65.43,68.57,73.0,52.0,42.0,20.0
2021-08-08,202132,73.0,73,73,73,0.2395923,8.409411,0,1,221100120213219684,2023-11-23,Teresina,0.8926679,868075,0.0,0,1,68,,,,,97405,23.36,29.04,35.16,0.2,58.57,91.0,22.03,1.359251,105.0,22.61,1.7198974,41.0,23.16,0.6986874,69.0,23.06,1.2932882,77.5,22.79,4.30406509320417,-0.21772348384487028,-0.35937400090789673,0.5663954749208018,0.055569851154810834,31,27.37,27.56,27.53,28.01,0.0,2.1,16.9,0.1,58.0,67.29,69.0,65.43,52.0,42.0,20.0,20.0
2021-08-15,202133,52.0,52,52,52,0.002401466,5.990266,0,1,221100120213319684,2023-11-23,Teresina,0.61386,868075,0.0,0,1,40,,,,,97405,22.64,28.39,35.06,0.0,58.14,73.0,23.36,0.8926679,91.0,22.03,1.359251,105.0,22.61,1.7198974,41.0,23.16,0.6986874,80.25,22.66,3.970291913552122,-0.3337731796520482,-0.5514966634969185,-0.693147180559945,0.23262229526875355,32,29.04,27.37,27.56,27.53,0.2,0.0,2.1,16.9,58.57,58.0,67.29,69.0,42.0,20.0,20.0,13.0
2021-08-22,202134,42.0,42,42,42,0.0023656567,4.8382916,0,1,221100120213419684,2023-11-23,Teresina,0.5845324,868075,0.0,0,1,36,,,,,97405,24.44,30.17,36.37,0.2,56.14,52.0,22.64,0.61386,73.0,23.36,0.8926679,91.0,22.03,1.359251,105.0,22.61,1.7198974,64.5,23.1175,3.7612001156935624,-0.20909179785855958,-0.5428649775106078,-0.7605884613554781,-0.9022389784185045,33,28.39,29.04,27.37,27.56,0.0,0.2,0.0,2.1,58.14,58.57,58.0,67.29,20.0,20.0,13.0,14.0
2021-08-29,202135,20.0,20,20,20,1.6641383e-05,2.3039484,0,1,221100120213519684,2023-11-23,Teresina,0.36340138,868075,0.0,0,0,12,,,,,97405,24.14,29.9,36.37,1.1,56.86,42.0,24.44,0.5845324,52.0,22.64,0.61386,73.0,23.36,0.8926679,91.0,22.03,1.359251,46.75,23.645,3.044522437723423,-0.7166776779701394,-0.925769475828699,-1.2595426554807472,-1.4772661393256175,34,30.17,28.39,29.04,27.37,0.2,0.0,0.2,0.0,56.14,58.14,58.57,58.0,20.0,13.0,14.0,23.0
2021-09-05,202136,20.0,20,20,20,0.0048940196,2.3039484,0,1,221100120213619684,2023-11-23,Teresina,0.50484604,868075,0.0,0,0,13,,,,,97405,23.79,30.06,36.97,0.2,58.29,20.0,24.14,0.36340138,42.0,24.44,0.5845324,52.0,22.64,0.61386,73.0,23.36,0.8926679,33.5,23.7525,3.044522437723423,0.0,-0.7166776779701394,-0.925769475828699,-1.2595426554807472,35,29.9,30.17,28.39,29.04,1.1,0.2,0.0,0.2,56.86,56.14,58.14,58.57,13.0,14.0,23.0,16.0
2021-09-12,202137,13.0,13,13,13,0.012597369,1.4975665,0,1,221100120213719684,2023-11-23,Teresina,0.48459902,868075,0.0,0,0,10,,,,,97405,23.71,29.84,36.46,0.5,60.71,20.0,23.79,0.50484604,20.0,24.14,0.36340138,42.0,24.44,0.5845324,52.0,22.64,0.61386,23.75,24.02,2.6390573296152584,-0.4054651081081646,-0.4054651081081646,-1.122142786078304,-1.3312345839368636,36,30.06,29.9,30.17,28.39,0.2,1.1,0.2,0.0,58.29,56.86,56.14,58.14,14.0,23.0,16.0,17.0
2021-09-19,202138,14.0,14,14,14,0.17868017,1.6127639,0,1,221100120213819684,2023-11-23,Teresina,0.72811484,868075,0.0,0,0,11,,,,,97405,24.5,30.44,37.13,0.0,58.0,13.0,23.71,0.48459902,20.0,23.79,0.50484604,20.0,24.14,0.36340138,42.0,24.44,0.5845324,16.75,24.035,2.70805020110221,0.06899287148695166,-0.33647223662121295,-0.33647223662121295,-1.0531499145913523,37,29.84,30.06,29.9,30.17,0.5,0.2,1.1,0.2,60.71,58.29,56.86,56.14,23.0,16.0,17.0,5.0
2021-09-26,202139,23.0,23,23,23,0.8747289,2.6495407,0,1,221100120213919684,2023-11-23,Teresina,1.4439915,868075,0.0,0,0,18,,,,,97405,24.84,29.56,35.53,1.8,64.14,14.0,24.5,0.72811484,13.0,23.71,0.48459902,20.0,23.79,0.50484604,20.0,24.14,0.36340138,17.5,24.21,3.1780538303479458,0.4700036292457357,0.5389965007326873,0.13353139262452274,0.13353139262452274,38,30.44,29.84,30.06,29.9,0.0,0.5,0.2,1.1,58.0,60.71,58.29,56.86,16.0,17.0,5.0,8.0
2021-10-03,202140,16.0,16,16,16,0.47626552,1.8431587,0,1,221100120214019684,2023-11-23,Teresina,0.979543,868075,0.0,0,0,14,,,,,97405,24.26,30.21,36.7,0.0,59.57,23.0,24.84,1.4439915,14.0,24.5,0.72811484,13.0,23.71,0.48459902,20.0,23.79,0.50484604,16.5,24.3275,2.833213344056216,-0.3448404862917296,0.1251631429540061,0.19415601444095776,-0.21130909366720685,39,29.56,30.44,29.84,30.06,1.8,0.0,0.5,0.2,64.14,58.0,60.71,58.29,17.0,5.0,8.0,2.0
2021-10-10,202141,17.0,17,17,17,0.42245385,1.9583561,0,1,221100120214119684,2023-11-23,Teresina,0.9368508,868075,0.0,0,0,14,,,,,97405,24.76,30.36,36.6,0.1,59.86,16.0,24.26,0.979543,23.0,24.84,1.4439915,14.0,24.5,0.72811484,13.0,23.71,0.48459902,17.5,24.590000000000003,2.8903717578961645,0.05715841383994835,-0.28768207245178123,0.18232155679395445,0.2513144282809061,40,30.21,29.56,30.44,29.84,0.0,1.8,0.0,0.5,59.57,64.14,58.0,60.71,5.0,8.0,2.0,2.0
2021-10-17,202142,5.0,5,5,5,0.0033412764,0.5759871,0,1,221100120214219684,2023-11-23,Teresina,0.29157826,868075,0.0,0,0,3,,,,,97405,25.04,29.3,34.77,6.2,67.86,17.0,24.76,0.9368508,16.0,24.26,0.979543,23.0,24.84,1.4439915,14.0,24.5,0.72811484,15.25,24.725,1.791759469228055,-1.0986122886681096,-1.0414538748281612,-1.3862943611198908,-0.9162907318741551,41,30.36,30.21,29.56,30.44,0.1,0.0,1.8,0.0,59.86,59.57,64.14,58.0,8.0,2.0,2.0,1.0
2021-10-24,202143,8.0,8,8,8,0.10816066,0.92157936,0,1,221100120214319684,2023-11-23,Teresina,0.58819467,868075,0.0,0,0,6,,,,,97405,24.84,29.77,35.8,6.8,65.57,5.0,25.04,0.29157826,17.0,24.76,0.9368508,16.0,24.26,0.979543,23.0,24.84,1.4439915,11.5,24.725,2.1972245773362196,0.4054651081081646,-0.693147180559945,-0.6359887667199966,-0.9808292530117262,42,29.3,30.36,30.21,29.56,6.2,0.1,0.0,1.8,67.86,59.86,59.57,64.14,2.0,2.0,1.0,4.0
2021-10-31,202144,2.0,2,2,2,0.009994818,0.23039484,0,1,221100120214419684,2023-11-23,Teresina,0.21930684,868075,0.0,0,0,1,,,,,97405,24.81,29.11,34.51,5.5,69.71,8.0,24.84,0.58819467,5.0,25.04,0.29157826,17.0,24.76,0.9368508,16.0,24.26,0.979543,8.0,24.862499999999997,1.0986122886681098,-1.0986122886681098,-0.6931471805599452,-1.7917594692280547,-1.7346010553881064,43,29.77,29.3,30.36,30.21,6.8,6.2,0.1,0.0,65.57,67.86,59.86,59.57,2.0,1.0,4.0,13.0
2021-11-07,202145,2.0,2,2,2,0.06302871,0.23039484,0,1,221100120214519684,2023-11-23,Teresina,0.33415926,868075,0.0,0,0,2,,,,,97405,24.21,28.26,33.36,21.4,75.86,2.0,24.81,0.21930684,8.0,24.84,0.58819467,5.0,25.04,0.29157826,17.0,24.76,0.9368508,4.25,24.725,1.0986122886681098,0.0,-1.0986122886681098,-0.6931471805599452,-1.7917594692280547,44,29.11,29.77,29.3,30.36,5.5,6.8,6.2,0.1,69.71,65.57,67.86,59.86,1.0,4.0,13.0,4.0
2021-11-14,202146,1.0,1,1,1,0.081387185,0.11519742,0,1,221100120214619684,2023-11-23,Teresina,0.27631527,868075,0.0,0,0,1,,,,,97405,24.26,28.76,34.36,9.5,72.43,2.0,24.21,0.33415926,2.0,24.81,0.21930684,8.0,24.84,0.58819467,5.0,25.04,0.29157826,3.25,24.53,0.6931471805599453,-0.4054651081081645,-0.4054651081081645,-1.5040773967762742,-1.0986122886681096,45,28.26,29.11,29.77,29.3,21.4,5.5,6.8,6.2,75.86,69.71,65.57,67.86,4.0,13.0,4.0,0.0
2021-11-21,202147,4.0,4,4,4,0.78321046,0.46078968,0,1,221100120214719684,2023-11-23,Teresina,1.821372,868075,0.0,0,0,3,,,,,97405,24.69,29.04,34.34,2.8,69.71,1.0,24.26,0.27631527,2.0,24.21,0.33415926,2.0,24.81,0.21930684,8.0,24.84,0.58819467,2.25,24.4925,1.6094379124341003,0.916290731874155,0.5108256237659905,0.5108256237659905,-0.5877866649021193,46,28.76,28.26,29.11,29.77,9.5,21.4,5.5,6.8,72.43,75.86,69.71,65.57,13.0,4.0,0.0,0.0
2021-11-28,202148,13.0,13,13,13,0.9974737,1.4975665,0,1,221100120214819684,2023-11-23,Teresina,4.820563,868075,0.0,0,0,12,,,,,97405,24.51,28.41,33.54,39.1,75.43,4.0,24.69,1.821372,1.0,24.26,0.27631527,2.0,24.21,0.33415926,2.0,24.81,0.21930684,5.0,24.4175,2.6390573296152584,1.0296194171811581,1.945910149055313,1.5404450409471486,1.5404450409471486,47,29.04,28.76,28.26,29.11,2.8,9.5,21.4,5.5,69.71,72.43,75.86,69.71,4.0,0.0,0.0,0.0
2021-12-05,202149,4.0,4,4,4,0.32550502,0.46078968,0,1,221100120214919684,2023-11-23,Teresina,0.75226897,868075,0.0,0,0,4,,,,,97405,24.47,28.33,33.19,11.0,78.43,13.0,24.51,4.820563,4.0,24.69,1.821372,1.0,24.26,0.27631527,2.0,24.21,0.33415926,5.5,24.4825,1.6094379124341003,-1.0296194171811581,0.0,0.916290731874155,0.5108256237659905,48,28.41,29.04,28.76,28.26,39.1,2.8,9.5,21.4,75.43,69.71,72.43,75.86,0.0,0.0,0.0,43.0
2021-12-12,202150,0.0,0,0,0,0.0,0.0,0,1,221100120215019684,2023-11-23,Teresina,0.0,868075,0.0,0,0,0,,,,,97405,25.2,29.67,35.36,2.2,69.29,4.0,24.47,0.75226897,13.0,24.51,4.820563,4.0,24.69,1.821372,1.0,24.26,0.27631527,5.25,24.7175,0.0,-1.6094379124341003,-2.6390573296152584,-1.6094379124341003,-0.6931471805599453,49,28.33,28.41,29.04,28.76,11.0,39.1,2.8,9.5,78.43,75.43,69.71,72.43,0.0,0.0,43.0,45.0
2021-12-19,202151,0.0,0,0,0,0.0,0.0,0,1,221100120215119684,2023-11-23,Teresina,0.0,868075,0.0,0,0,0,,,,,97405,25.03,28.93,33.47,8.3,72.0,0.0,25.2,0.0,4.0,24.47,0.75226897,13.0,24.51,4.820563,4.0,24.69,1.821372,4.25,24.802500000000002,0.0,0.0,-1.6094379124341003,-2.6390573296152584,-1.6094379124341003,50,29.67,28.33,28.41,29.04,2.2,11.0,39.1,2.8,69.29,78.43,75.43,69.71,0.0,43.0,45.0,53.0
2021-12-26,202152,0.0,0,0,0,0.0,0.0,0,1,221100120215219684,2023-11-23,Teresina,0.0,868075,0.0,0,0,0,,,,,97405,23.8,26.71,31.24,62.5,85.86,0.0,25.03,0.0,0.0,25.2,0.0,4.0,24.47,0.75226897,13.0,24.51,4.820563,1.0,24.625,0.0,0.0,0.0,-1.6094379124341003,-2.6390573296152584,51,28.93,29.67,28.33,28.41,8.3,2.2,11.0,39.1,72.0,69.29,78.43,75.43,43.0,45.0,53.0,42.0
2022-01-02,202201,43.0,43,43,43,1.0,4.953489,0,1,221100120220119684,2023-11-23,Teresina,16.565691,868075,0.0,1,1,42,,,,,97405,23.6,26.49,30.97,82.8,86.57,0.0,23.8,0.0,0.0,25.03,0.0,0.0,25.2,0.0,4.0,24.47,0.75226897,10.75,24.4075,3.784189633918261,3.784189633918261,3.784189633918261,3.784189633918261,2.174751721484161,52,26.71,28.93,29.67,28.33,62.5,8.3,2.2,11.0,85.86,72.0,69.29,78.43,45.0,53.0,42.0,127.0
2022-01-09,202202,45.0,45,45,45,0.9999942,5.1838837,0,1,221100120220219684,2023-11-23,Teresina,3.5009081,868075,0.0,1,1,39,,,,,97405,23.21,26.21,30.84,92.5,86.0,43.0,23.6,16.565691,0.0,23.8,0.0,0.0,25.03,0.0,0.0,25.2,0.0,22.0,23.910000000000004,3.828641396489095,0.04445176257083405,3.828641396489095,3.828641396489095,3.828641396489095,1,26.49,26.71,28.93,29.67,82.8,62.5,8.3,2.2,86.57,85.86,72.0,69.29,53.0,42.0,127.0,179.0
2022-01-16,202203,53.0,53,53,53,0.99263215,6.105463,0,3,221100120220319684,2023-11-23,Teresina,1.7149175,868075,0.0,1,1,44,,,,,97405,22.99,27.26,33.1,35.5,82.57,45.0,23.21,3.5009081,43.0,23.6,16.565691,0.0,23.8,0.0,0.0,25.03,0.0,35.25,23.400000000000002,3.9889840465642745,0.16034265007517945,0.2047944126460135,3.9889840465642745,3.9889840465642745,2,26.21,26.49,26.71,28.93,92.5,82.8,62.5,8.3,86.0,86.57,85.86,72.0,42.0,127.0,179.0,246.0
2022-01-23,202204,42.0,42,42,42,0.43740678,4.8382916,0,1,221100120220419684,2023-11-23,Teresina,0.9666457,868075,0.0,0,1,36,,,,,97405,22.96,26.23,30.84,52.5,84.71,53.0,22.99,1.7149175,45.0,23.21,3.5009081,43.0,23.6,16.565691,0.0,23.8,0.0,45.75,23.189999999999998,3.7612001156935624,-0.22778393087071214,-0.06744128079553269,-0.022989518224698635,3.7612001156935624,3,27.26,26.21,26.49,26.71,35.5,92.5,82.8,62.5,82.57,86.0,86.57,85.86,127.0,179.0,246.0,223.0
2022-01-30,202205,127.0,127,127,127,1.0,14.630073,0,1,221100120220519684,2023-11-23,Teresina,2.4720745,868075,0.0,1,1,116,,,,,97405,23.3,27.87,33.34,12.4,79.57,42.0,22.96,0.9666457,53.0,22.99,1.7149175,45.0,23.21,3.5009081,43.0,23.6,16.565691,66.75,23.115000000000002,4.852030263919617,1.0908301482260545,0.8630462173553424,1.0233888674305218,1.0678406300013559,4,26.23,27.26,26.21,26.49,52.5,35.5,92.5,82.8,84.71,82.57,86.0,86.57,179.0,246.0,223.0,249.0
2022-02-06,202206,179.0,179,179,179,1.0,20.620338,0,1,221100120220619684,2023-11-23,Teresina,2.4657395,868075,0.0,1,1,164,,,,,97405,23.49,27.39,32.3,26.5,82.86,127.0,23.3,2.4720745,42.0,22.96,0.9666457,53.0,22.99,1.7149175,45.0,23.21,3.5009081,100.25,23.185,5.19295685089021,0.3409265869705935,1.431756735196648,1.203972804325936,1.3643154544011153,5,27.87,26.23,27.26,26.21,12.4,52.5,35.5,92.5,79.57,84.71,82.57,86.0,246.0,223.0,249.0,465.0
2022-02-13,202207,246.0,246,246,246,1.0,28.338566,0,3,221100120220719684,2023-11-23,Teresina,2.0416684,868075,0.0,1,2,217,,,,,97405,23.23,26.87,31.83,56.4,84.71,179.0,23.49,2.4657395,127.0,23.3,2.4720745,42.0,22.96,0.9666457,53.0,22.99,1.7149175,148.5,23.245,5.5093883366279774,0.316431485737767,0.6573580727083606,1.748188220934415,1.520404290063703,6,27.39,27.87,26.23,27.26,26.5,12.4,52.5,35.5,82.86,79.57,84.71,82.57,223.0,249.0,465.0,683.0
2022-02-20,202208,223.0,223,223,223,0.9905307,25.689024,0,3,221100120220819684,2023-11-23,Teresina,1.2655044,868075,0.0,1,1,205,,,,,97405,23.49,27.6,32.94,21.0,82.0,246.0,23.23,2.0416684,179.0,23.49,2.4657395,127.0,23.3,2.4720745,42.0,22.96,0.9666457,193.75,23.3775,5.4116460518550396,-0.09774228477293789,0.21868920096482913,0.5596157879354227,1.6504459361614772,7,26.87,27.39,27.87,26.23,56.4,26.5,12.4,52.5,84.71,82.86,79.57,84.71,249.0,465.0,683.0,1039.0
2022-02-27,202209,249.0,249,249,249,0.93783927,28.684158,0,1,221100120220919684,2023-11-23,Teresina,1.15328,868075,0.0,0,2,238,,,,,97405,23.14,26.37,30.89,55.5,86.71,223.0,23.49,1.2655044,246.0,23.23,2.0416684,179.0,23.49,2.4657395,127.0,23.3,2.4720745,224.25,23.3375,5.521460917862246,0.10981486600720647,0.012072581234268576,0.3285040669720356,0.6694306539426291,8,27.6,26.87,27.39,27.87,21.0,56.4,26.5,12.4,82.0,84.71,82.86,79.57,465.0,683.0,1039.0,1225.0
2022-03-06,202210,465.0,465,465,465,1.0,53.5668,0,4,221100120221019684,2023-11-23,Teresina,1.9051259,868075,0.0,1,2,457,,,,,97405,23.01,26.04,30.44,63.0,87.57,249.0,23.14,1.15328,223.0,23.49,1.2655044,246.0,23.23,2.0416684,179.0,23.49,2.4657395,295.75,23.2175,6.144185634125646,0.6227247162633995,0.732539582270606,0.6347972974976681,0.9512287832354351,9,26.37,27.6,26.87,27.39,55.5,21.0,56.4,26.5,86.71,82.0,84.71,82.86,683.0,1039.0,1225.0,1135.0
2022-03-13,202211,683.0,683,683,683,1.0,78.67984,0,4,221100120221119684,2023-11-23,Teresina,2.1560674,868075,0.0,1,2,650,,,,,97405,23.31,26.41,31.07,106.5,86.86,465.0,23.01,1.9051259,249.0,23.14,1.15328,223.0,23.49,1.2655044,246.0,23.23,2.0416684,405.0,23.237499999999997,6.52795791762255,0.3837722834969046,1.0064969997603042,1.1163118657675106,1.0185695809945727,10,26.04,26.37,27.6,26.87,63.0,55.5,21.0,56.4,87.57,86.71,82.0,84.71,1039.0,1225.0,1135.0,1047.0
2022-03-20,202212,1039.0,1039,1039,1039,1.0,119.69012,0,4,221100120221219684,2023-11-23,Teresina,2.16334,868075,0.0,1,2,1010,,,,,97405,23.43,26.54,31.37,111.5,87.29,683.0,23.31,2.1560674,465.0,23.01,1.9051259,249.0,23.14,1.15328,223.0,23.49,1.2655044,609.0,23.2225,6.946975992135418,0.4190180745128682,0.8027903580097728,1.4255150742731724,1.5353299402803788,11,26.41,26.04,26.37,27.6,106.5,63.0,55.5,21.0,86.86,87.57,86.71,82.0,1225.0,1135.0,1047.0,1581.0
2022-03-27,202213,1225.0,1225,1225,1225,1.0,141.11684,0,4,221100120221319684,2023-11-23,Teresina,1.7084941,868075,0.0,1,2,1351,,,,,97405,23.74,26.59,31.27,60.7,87.57,1039.0,23.43,2.16334,683.0,23.31,2.1560674,465.0,23.01,1.9051259,249.0,23.14,1.15328,853.0,23.3725,7.111512116496157,0.1645361243607386,0.5835541988736068,0.9673264823705114,1.590051198633911,12,26.54,26.41,26.04,26.37,111.5,106.5,63.0,55.5,87.29,86.86,87.57,86.71,1135.0,1047.0,1581.0,1547.0
2022-04-03,202214,1135.0,1135,1135,1135,0.99990875,130.74907,0,4,221100120221419684,2023-11-23,Teresina,1.1777519,868075,0.0,1,2,1294,,,,,97405,23.51,26.91,31.61,42.7,86.57,1225.0,23.74,1.7084941,1039.0,23.43,2.16334,683.0,23.31,2.1560674,465.0,23.01,1.9051259,1020.5,23.4975,7.035268599281097,-0.07624351721505995,0.08829260714567866,0.5073106816585469,0.8910829651554515,13,26.59,26.54,26.41,26.04,60.7,111.5,106.5,63.0,87.57,87.29,86.86,87.57,1047.0,1581.0,1547.0,1059.0
2022-04-10,202215,1047.0,1047,1047,1047,0.086583495,120.6117,0,4,221100120221519684,2023-11-23,Teresina,0.943033,868075,0.0,0,2,1212,,,,,97405,23.51,26.86,31.53,35.3,84.71,1135.0,23.51,1.1777519,1225.0,23.74,1.7084941,1039.0,23.43,2.16334,683.0,23.31,2.1560674,1111.5,23.547500000000003,6.954638864880987,-0.08062973440010968,-0.15687325161516963,0.007662872745568983,0.4266809472584372,14,26.91,26.59,26.54,26.41,42.7,60.7,111.5,106.5,86.57,87.57,87.29,86.86,1581.0,1547.0,1059.0,666.0
2022-04-17,202216,1581.0,1581,1581,1581,1.0,182.12712,0,4,221100120221619684,2023-11-23,Teresina,1.3782548,868075,0.0,1,2,1742,,,,,97405,23.44,26.61,31.24,80.4,86.0,1047.0,23.51,0.943033,1135.0,23.51,1.1777519,1225.0,23.74,1.7084941,1039.0,23.43,2.16334,1247.0,23.55,7.366445148327599,0.4118062834466114,0.33117654904650173,0.2549330318314418,0.4194691561921804,15,26.86,26.91,26.59,26.54,35.3,42.7,60.7,111.5,84.71,86.57,87.57,87.29,1547.0,1059.0,666.0,531.0
2022-04-24,202217,1547.0,1547,1547,1547,1.0,178.2104,0,4,221100120221719684,2023-11-23,Teresina,1.2584963,868075,0.0,1,2,1634,,,,,97405,23.47,27.3,32.04,13.2,81.0,1581.0,23.44,1.3782548,1047.0,23.51,0.943033,1135.0,23.51,1.1777519,1225.0,23.74,1.7084941,1327.5,23.4825,7.344719054149673,-0.021726094177926036,0.3900801892686854,0.3094504548685757,0.23320693765351574,16,26.61,26.86,26.91,26.59,80.4,35.3,42.7,60.7,86.0,84.71,86.57,87.57,1059.0,666.0,531.0,365.0
2022-05-01,202218,1059.0,1059,1059,1059,2.7561509e-11,121.994064,0,4,221100120221819684,2023-11-23,Teresina,0.76604515,868075,0.0,0,2,1159,,,,,97405,23.47,27.34,32.16,10.5,82.43,1547.0,23.47,1.2584963,1581.0,23.44,1.3782548,1047.0,23.51,0.943033,1135.0,23.51,1.1777519,1308.5,23.4725,6.966024187106113,-0.3786948670435599,-0.40042096122148596,0.01138532222512545,-0.06924441217498423,17,27.3,26.61,26.86,26.91,13.2,80.4,35.3,42.7,81.0,86.0,84.71,86.57,666.0,531.0,365.0,595.0
2022-05-08,202219,666.0,666,666,666,0.0,76.72148,0,4,221100120221919684,2023-11-23,Teresina,0.49200362,868075,0.0,0,2,889,,,,,97405,23.66,26.97,31.79,30.3,84.43,1059.0,23.47,0.76604515,1547.0,23.47,1.2584963,1581.0,23.44,1.3782548,1047.0,23.51,0.943033,1213.25,23.509999999999998,6.502790045915623,-0.46323414119048945,-0.8419290082340494,-0.8636551024119754,-0.451848818965364,18,27.34,27.3,26.61,26.86,10.5,13.2,80.4,35.3,82.43,81.0,86.0,84.71,531.0,365.0,595.0,460.0
2022-05-15,202220,531.0,531,531,531,0.0,61.16983,0,4,221100120222019684,2023-11-23,Teresina,0.49313515,868075,0.0,0,2,641,,,,,97405,23.79,26.96,31.44,34.7,84.14,666.0,23.66,0.49200362,1059.0,23.47,0.76604515,1547.0,23.47,1.2584963,1581.0,23.44,1.3782548,950.75,23.5975,6.2766434893416445,-0.22614655657397886,-0.6893806977644683,-1.0680755648080282,-1.0898016589859543,19,26.97,27.34,27.3,26.61,30.3,10.5,13.2,80.4,84.43,82.43,81.0,86.0,365.0,595.0,460.0,506.0
2022-05-22,202221,365.0,365,365,365,0.0,42.04706,0,4,221100120222119684,2023-11-23,Teresina,0.4797529,868075,0.0,0,2,442,,,,,97405,23.24,26.79,31.19,1.2,75.43,531.0,23.79,0.49313515,666.0,23.66,0.49200362,1059.0,23.47,0.76604515,1547.0,23.47,1.2584963,655.25,23.54,5.902633333401366,-0.37401015594027864,-0.6001567125142575,-1.063390853704747,-1.4420857207483069,20,26.96,26.97,27.34,27.3,34.7,30.3,10.5,13.2,84.14,84.43,82.43,81.0,595.0,460.0,506.0,449.0
2022-05-29,202222,595.0,595,595,595,0.8642701,68.542465,0,4,221100120222219684,2023-11-23,Teresina,1.0669192,868075,0.0,0,2,593,,,,,97405,23.0,26.6,31.01,43.2,83.14,365.0,23.24,0.4797529,531.0,23.79,0.49313515,666.0,23.66,0.49200362,1059.0,23.47,0.76604515,539.25,23.4225,6.39024066706535,0.4876073336639841,0.11359717772370548,-0.11254937885027338,-0.5757835200407628,21,26.79,26.96,26.97,27.34,1.2,34.7,30.3,10.5,75.43,84.14,84.43,82.43,460.0,506.0,449.0,390.0
2022-06-05,202223,460.0,460,460,460,0.21943316,52.990814,0,4,221100120222319684,2023-11-23,Teresina,0.95086604,868075,0.0,0,2,472,,,,,97405,22.57,26.51,31.07,6.1,79.14,595.0,23.0,1.0669192,365.0,23.24,0.4797529,531.0,23.79,0.49313515,666.0,23.66,0.49200362,487.75,23.15,6.133398042996649,-0.2568426240687014,0.23076470959528272,-0.14324544634499592,-0.3693920029189748,22,26.6,26.79,26.96,26.97,43.2,1.2,34.7,30.3,83.14,75.43,84.14,84.43,506.0,449.0,390.0,260.0
2022-06-12,202224,506.0,506,506,506,0.6230421,58.289894,0,4,221100120222419684,2023-11-23,Teresina,1.0199952,868075,0.0,0,2,509,,,,,97405,22.26,26.97,32.46,0.5,73.29,460.0,22.57,0.95086604,595.0,23.0,1.0669192,365.0,23.24,0.4797529,531.0,23.79,0.49313515,481.5,22.7675,6.2285110035911835,0.09511296059453489,-0.1617296634741665,0.3258776701898176,-0.04813248575046103,23,26.51,26.6,26.79,26.96,6.1,43.2,1.2,34.7,79.14,83.14,75.43,84.14,449.0,390.0,260.0,193.0
2022-06-19,202225,449.0,449,449,449,0.061788745,51.72364,0,4,221100120222519684,2023-11-23,Teresina,0.90466577,868075,0.0,0,2,487,,,,,97405,22.53,26.8,31.51,2.9,71.71,506.0,22.26,1.0199952,460.0,22.57,0.95086604,595.0,23.0,1.0669192,365.0,23.24,0.4797529,502.5,22.59,6.1092475827643655,-0.11926342082681796,-0.024150460232283066,-0.28099308430098446,0.20661424936299966,24,26.97,26.51,26.6,26.79,0.5,6.1,43.2,1.2,73.29,79.14,83.14,75.43,390.0,260.0,193.0,118.0
2022-06-26,202226,390.0,390,390,390,0.0015967982,44.926994,0,4,221100120222619684,2023-11-23,Teresina,0.81814694,868075,0.0,0,2,465,,,,,97405,22.47,27.41,32.99,0.6,66.43,449.0,22.53,0.90466577,506.0,22.26,1.0199952,460.0,22.57,0.95086604,595.0,23.0,1.0669192,451.25,22.4575,5.968707559985366,-0.14054002277899968,-0.25980344360581764,-0.16469048301128275,-0.42153310707998415,25,26.8,26.97,26.51,26.6,2.9,0.5,6.1,43.2,71.71,73.29,79.14,83.14,260.0,193.0,118.0,91.0
2022-07-03,202227,260.0,260,260,260,6.8116623e-12,29.951328,0,4,221100120222719684,2023-11-23,Teresina,0.594298,868075,0.0,0,2,291,,,,,97405,23.67,27.2,31.97,0.3,66.29,390.0,22.47,0.81814694,449.0,22.53,0.90466577,506.0,22.26,1.0199952,460.0,22.57,0.95086604,401.25,22.732499999999998,5.564520407322694,-0.40418715266267213,-0.5447271754416718,-0.6639905962684898,-0.5688776356739549,26,27.41,26.8,26.97,26.51,0.6,2.9,0.5,6.1,66.43,71.71,73.29,79.14,193.0,118.0,91.0,97.0
2022-07-10,202228,193.0,193,193,193,5.8619776e-14,22.233103,0,1,221100120222819684,2023-11-23,Teresina,0.52588093,868075,0.0,0,1,206,,,,,97405,22.67,27.43,33.0,0.0,65.14,260.0,23.67,0.594298,390.0,22.47,0.81814694,449.0,22.53,0.90466577,506.0,22.26,1.0199952,323.0,22.835,5.267858159063328,-0.2966622482593655,-0.7008494009220376,-0.8413894237010373,-0.9606528445278553,27,27.2,27.41,26.8,26.97,0.3,0.6,2.9,0.5,66.29,66.43,71.71,73.29,118.0,91.0,97.0,60.0
2022-07-17,202229,118.0,118,118,118,2.220446e-16,13.593295,0,1,221100120222919684,2023-11-23,Teresina,0.42490098,868075,0.0,0,1,115,,,,,97405,21.61,27.21,33.19,0.0,61.71,193.0,22.67,0.52588093,260.0,23.67,0.594298,390.0,22.47,0.81814694,449.0,22.53,0.90466577,240.25,22.605,4.77912349311153,-0.4887346659517986,-0.7853969142111641,-1.1895840668738362,-1.330124089652836,28,27.43,27.2,27.41,26.8,0.0,0.3,0.6,2.9,65.14,66.29,66.43,71.71,91.0,97.0,60.0,91.0
2022-07-24,202230,91.0,91,91,91,1.4449753e-10,10.482965,0,1,221100120223019684,2023-11-23,Teresina,0.46313083,868075,0.0,0,1,62,,,,,97405,21.81,27.14,33.3,0.8,62.14,118.0,21.61,0.42490098,193.0,22.67,0.52588093,260.0,23.67,0.594298,390.0,22.47,0.81814694,165.5,22.44,4.5217885770490405,-0.25733491606248915,-0.7460695820142877,-1.0427318302736532,-1.4469189829363254,29,27.21,27.43,27.2,27.41,0.0,0.0,0.3,0.6,61.71,65.14,66.29,66.43,97.0,60.0,91.0,39.0
2022-07-31,202231,97.0,97,97,97,0.0044283853,11.1741495,0,1,221100120223119684,2023-11-23,Teresina,0.70875907,868075,0.0,0,1,81,,,,,97405,22.69,27.67,33.61,0.1,64.14,91.0,21.81,0.46313083,118.0,21.61,0.42490098,193.0,22.67,0.52588093,260.0,23.67,0.594298,124.75,22.195,4.584967478670572,0.06317890162153184,-0.19415601444095731,-0.6828906803927559,-0.9795529286521214,30,27.14,27.21,27.43,27.2,0.8,0.0,0.0,0.3,62.14,61.71,65.14,66.29,60.0,91.0,39.0,16.0
2022-08-07,202232,60.0,60,60,60,0.00032448233,6.911845,0,1,221100120223219684,2023-11-23,Teresina,0.58143866,868075,0.0,0,1,75,,,,,97405,21.24,27.66,34.91,0.1,62.71,97.0,22.69,0.70875907,91.0,21.81,0.46313083,118.0,21.61,0.42490098,193.0,22.67,0.52588093,91.5,21.8375,4.110873864173311,-0.47409361449726095,-0.4109147128757291,-0.6682496289382183,-1.1569842948900169,31,27.67,27.14,27.21,27.43,0.1,0.8,0.0,0.0,64.14,62.14,61.71,65.14,91.0,39.0,16.0,45.0
2022-08-14,202233,91.0,91,91,91,0.60619843,10.482965,0,1,221100120223319684,2023-11-23,Teresina,1.041073,868075,0.0,0,1,44,,,,,97405,21.76,27.57,34.33,0.0,55.57,60.0,21.24,0.58143866,97.0,22.69,0.70875907,91.0,21.81,0.46313083,118.0,21.61,0.42490098,84.75,21.875,4.5217885770490405,0.4109147128757291,-0.06317890162153184,0.0,-0.25733491606248915,32,27.66,27.67,27.14,27.21,0.1,0.1,0.8,0.0,62.71,64.14,62.14,61.71,39.0,16.0,45.0,48.0
2022-08-21,202234,39.0,39,39,39,0.00017576494,4.492699,0,1,221100120223419684,2023-11-23,Teresina,0.5065262,868075,0.0,0,1,24,,,,,97405,22.09,27.66,34.19,0.0,52.57,91.0,21.76,1.041073,60.0,21.24,0.58143866,97.0,22.69,0.70875907,91.0,21.81,0.46313083,71.75,21.945,3.6888794541139363,-0.8329091229351042,-0.4219944100593751,-0.896088024556636,-0.8329091229351042,33,27.57,27.66,27.67,27.14,0.0,0.1,0.1,0.8,55.57,62.71,64.14,62.14,16.0,45.0,48.0,13.0
2022-08-28,202235,16.0,16,16,16,2.932967e-09,1.8431587,0,1,221100120223519684,2023-11-23,Teresina,0.23959553,868075,0.0,0,0,14,,,,,97405,22.07,28.07,34.83,0.0,52.71,39.0,22.09,0.5065262,91.0,21.76,1.041073,60.0,21.24,0.58143866,97.0,22.69,0.70875907,51.5,21.79,2.833213344056216,-0.8556661100577201,-1.6885752329928243,-1.2776605201170952,-1.7517541346143561,34,27.66,27.57,27.66,27.67,0.0,0.0,0.1,0.1,52.57,55.57,62.71,64.14,45.0,48.0,13.0,32.0
2022-09-04,202236,45.0,45,45,45,0.3945794,5.1838837,0,1,221100120223619684,2023-11-23,Teresina,0.94615513,868075,0.0,0,1,22,,,,,97405,22.54,28.79,35.84,0.0,53.71,16.0,22.07,0.23959553,39.0,22.09,0.5065262,91.0,21.76,1.041073,60.0,21.24,0.58143866,47.75,22.115,3.828641396489095,0.9954280524328789,0.13976194237515882,-0.6931471805599454,-0.2822324676842163,35,28.07,27.66,27.57,27.66,0.0,0.0,0.0,0.1,52.71,52.57,55.57,62.71,48.0,13.0,32.0,17.0
2022-09-11,202237,48.0,48,48,48,0.93295896,5.529476,0,1,221100120223719684,2023-11-23,Teresina,1.3916113,868075,0.0,0,1,13,,,,,97405,22.87,28.94,36.23,0.1,60.14,45.0,22.54,0.94615513,16.0,22.07,0.23959553,39.0,22.09,0.5065262,91.0,21.76,1.041073,37.0,22.392500000000002,3.8918202981106265,0.06317890162153139,1.0586069540544103,0.2029408439966902,-0.629968278938414,36,28.79,28.07,27.66,27.57,0.0,0.0,0.0,0.0,53.71,52.71,52.57,55.57,13.0,32.0,17.0,12.0
2022-09-18,202238,13.0,13,13,13,0.00027169602,1.4975665,0,1,221100120223819684,2023-11-23,Teresina,0.3546338,868075,0.0,0,0,11,,,,,97405,23.43,29.01,35.86,0.5,62.29,48.0,22.87,1.3916113,45.0,22.54,0.94615513,16.0,22.07,0.23959553,39.0,22.09,0.5065262,30.5,22.7275,2.6390573296152584,-1.252762968495368,-1.1895840668738367,-0.19415601444095776,-1.0498221244986778,37,28.94,28.79,28.07,27.66,0.1,0.0,0.0,0.0,60.14,53.71,52.71,52.57,32.0,17.0,12.0,6.0
2022-09-25,202239,32.0,32,32,32,0.3143754,3.6863174,0,1,221100120223919684,2023-11-23,Teresina,0.8898725,868075,0.0,0,1,7,,,,,97405,23.43,29.01,35.61,0.5,61.29,13.0,23.43,0.3546338,48.0,22.87,1.3916113,45.0,22.54,0.94615513,16.0,22.07,0.23959553,34.5,23.067500000000003,3.4965075614664802,0.8574502318512218,-0.39531273664414623,-0.33213383502261484,0.6632942174102641,38,29.01,28.94,28.79,28.07,0.5,0.1,0.0,0.0,62.29,60.14,53.71,52.71,17.0,12.0,6.0,3.0
2022-10-02,202240,17.0,17,17,17,0.04850521,1.9583561,0,1,221100120224019684,2023-11-23,Teresina,0.60784596,868075,0.0,0,0,13,,,,,97405,23.3,29.7,37.06,0.8,57.86,32.0,23.43,0.8898725,13.0,23.43,0.3546338,48.0,22.87,1.3916113,45.0,22.54,0.94615513,27.5,23.2575,2.8903717578961645,-0.6061358035703157,0.2513144282809061,-1.001448540214462,-0.9382696385929306,39,29.01,29.01,28.94,28.79,0.5,0.5,0.1,0.0,61.29,62.29,60.14,53.71,12.0,6.0,3.0,10.0
2022-10-09,202241,12.0,12,12,12,0.02460212,1.382369,0,1,221100120224119684,2023-11-23,Teresina,0.5113702,868075,0.0,0,0,15,,,,,97405,23.64,30.01,36.93,0.1,55.14,17.0,23.3,0.60784596,32.0,23.43,0.8898725,13.0,23.43,0.3546338,48.0,22.87,1.3916113,18.5,23.45,2.5649493574615367,-0.3254224004346278,-0.9315582040049435,-0.07410797215372167,-1.3268709406490897,40,29.7,29.01,29.01,28.94,0.8,0.5,0.5,0.1,57.86,61.29,62.29,60.14,6.0,3.0,10.0,17.0
2022-10-16,202242,6.0,6,6,6,0.003863196,0.6911845,0,1,221100120224219684,2023-11-23,Teresina,0.3213138,868075,0.0,0,0,13,,,,,97405,23.99,30.11,36.9,0.0,55.86,12.0,23.64,0.5113702,17.0,23.3,0.60784596,32.0,23.43,0.8898725,13.0,23.43,0.3546338,16.75,23.59,1.9459101490553132,-0.6190392084062235,-0.9444616088408513,-1.550597412411167,-0.6931471805599452,41,30.01,29.7,29.01,29.01,0.1,0.8,0.5,0.5,55.14,57.86,61.29,62.29,3.0,10.0,17.0,13.0
2022-10-23,202243,3.0,3,3,3,0.005453319,0.34559226,0,1,221100120224319684,2023-11-23,Teresina,0.24377514,868075,0.0,0,0,12,,,,,97405,23.99,28.97,34.9,22.0,66.57,6.0,23.99,0.3213138,12.0,23.64,0.5113702,17.0,23.3,0.60784596,32.0,23.43,0.8898725,9.5,23.729999999999997,1.3862943611198906,-0.5596157879354227,-1.1786549963416462,-1.504077396776274,-2.11021320034659,42,30.11,30.01,29.7,29.01,0.0,0.1,0.8,0.5,55.86,55.14,57.86,61.29,10.0,17.0,13.0,19.0
2022-10-30,202244,10.0,10,10,10,0.71917874,1.1519742,0,1,221100120224419684,2023-11-23,Teresina,1.3115441,868075,0.0,0,0,13,,,,,97405,23.59,28.19,33.76,26.1,69.71,3.0,23.99,0.24377514,6.0,23.99,0.3213138,12.0,23.64,0.5113702,17.0,23.3,0.60784596,7.75,23.8025,2.3978952727983707,1.01160091167848,0.45198512374305744,-0.16705408466316607,-0.49247648509779385,43,28.97,30.11,30.01,29.7,22.0,0.0,0.1,0.8,66.57,55.86,55.14,57.86,17.0,13.0,19.0,3.0
2022-11-06,202245,17.0,17,17,17,0.9857113,1.9583561,0,1,221100120224519684,2023-11-23,Teresina,2.5321207,868075,0.0,0,0,18,,,,,97405,23.11,27.17,32.44,35.2,78.29,10.0,23.59,1.3115441,3.0,23.99,0.24377514,6.0,23.99,0.3213138,12.0,23.64,0.5113702,9.0,23.669999999999998,2.8903717578961645,0.49247648509779385,1.504077396776274,0.9444616088408513,0.3254224004346278,44,28.19,28.97,30.11,30.01,26.1,22.0,0.0,0.1,69.71,66.57,55.86,55.14,13.0,19.0,3.0,1.0
2022-11-13,202246,13.0,13,13,13,0.7448978,1.4975665,0,1,221100120224619684,2023-11-23,Teresina,1.3117837,868075,0.0,0,0,21,,,,,97405,23.5,27.86,34.07,12.4,74.71,17.0,23.11,2.5321207,10.0,23.59,1.3115441,3.0,23.99,0.24377514,6.0,23.99,0.3213138,10.75,23.5475,2.6390573296152584,-0.2513144282809061,0.24116205681688774,1.2527629684953678,0.6931471805599452,45,27.17,28.19,28.97,30.11,35.2,26.1,22.0,0.0,78.29,69.71,66.57,55.86,19.0,3.0,1.0,1.0
2022-11-20,202247,19.0,19,19,19,0.83333355,2.188751,0,1,221100120224719684,2023-11-23,Teresina,1.4008319,868075,0.0,0,0,25,,,,,97405,23.44,28.16,33.67,5.5,71.14,13.0,23.5,1.3117837,17.0,23.11,2.5321207,10.0,23.59,1.3115441,3.0,23.99,0.24377514,14.75,23.409999999999997,2.995732273553991,0.35667494393873245,0.10536051565782634,0.5978370007556202,1.6094379124341003,46,27.86,27.17,28.19,28.97,12.4,35.2,26.1,22.0,74.71,78.29,69.71,66.57,3.0,1.0,1.0,2.0
2022-11-27,202248,3.0,3,3,3,0.0014694326,0.34559226,0,1,221100120224819684,2023-11-23,Teresina,0.20529392,868075,0.0,0,0,7,,,,,97405,23.16,26.76,31.7,25.0,79.43,19.0,23.44,1.4008319,13.0,23.5,1.3117837,17.0,23.11,2.5321207,10.0,23.59,1.3115441,13.0,23.302500000000002,1.3862943611198906,-1.6094379124341003,-1.2527629684953678,-1.504077396776274,-1.01160091167848,47,28.16,27.86,27.17,28.19,5.5,12.4,35.2,26.1,71.14,74.71,78.29,69.71,1.0,1.0,2.0,13.0
2022-12-04,202249,1.0,1,1,1,0.00017650524,0.11519742,0,1,221100120224919708,2023-12-17,Teresina,0.080205314,868075,0.0,0,0,1,,,,,97405,22.97,28.26,34.46,1.2,67.43,3.0,23.16,0.20529392,19.0,23.44,1.4008319,13.0,23.5,1.3117837,17.0,23.11,2.5321207,9.0,23.267500000000002,0.6931471805599453,-0.6931471805599453,-2.3025850929940455,-1.945910149055313,-2.197224577336219,48,26.76,28.16,27.86,27.17,25.0,5.5,12.4,35.2,79.43,71.14,74.71,78.29,1.0,2.0,13.0,53.0
2022-12-11,202250,1.0,1,1,1,0.008556289,0.11519742,0,1,221100120225019718,2023-12-27,Teresina,0.14558585,868075,0.0,0,0,1,,,,,97405,23.57,27.7,33.53,3.8,72.71,1.0,22.97,0.080205314,3.0,23.16,0.20529392,19.0,23.44,1.4008319,13.0,23.5,1.3117837,6.0,23.285,0.6931471805599453,0.0,-0.6931471805599453,-2.3025850929940455,-1.945910149055313,49,28.26,26.76,28.16,27.86,1.2,25.0,5.5,12.4,67.43,79.43,71.14,74.71,2.0,13.0,53.0,58.0
2022-12-18,202251,2.0,2,2,2,0.3865334,0.23039484,0,1,221100120225119718,2023-12-27,Teresina,0.7810854,868075,0.0,0,0,3,,,,,97405,23.23,27.07,32.36,37.4,77.0,1.0,23.57,0.14558585,1.0,22.97,0.080205314,3.0,23.16,0.20529392,19.0,23.44,1.4008319,1.75,23.232499999999998,1.0986122886681098,0.4054651081081645,0.4054651081081645,-0.2876820724517808,-1.897119984885881,50,27.7,28.26,26.76,28.16,3.8,1.2,25.0,5.5,72.71,67.43,79.43,71.14,13.0,53.0,58.0,66.0
2022-12-25,202252,13.0,13,13,13,0.99896765,1.4975665,0,1,221100120225219733,2024-01-11,Teresina,6.266026,868075,0.0,0,0,12,,,,,97405,23.33,26.76,31.76,11.6,80.71,2.0,23.23,0.7810854,1.0,23.57,0.14558585,1.0,22.97,0.080205314,3.0,23.16,0.20529392,4.25,23.275,2.6390573296152584,1.5404450409471486,1.945910149055313,1.945910149055313,1.2527629684953678,51,27.07,27.7,28.26,26.76,37.4,3.8,1.2,25.0,77.0,72.71,67.43,79.43,53.0,58.0,66.0,84.0
2023-01-01,202301,53.0,53,53,53,1.0,6.105463,0,1,221100120230119740,2024-01-18,Teresina,7.442486,868075,0.0,1,1,47,,,,,97405,23.04,26.77,31.71,7.5,80.29,13.0,23.33,6.266026,2.0,23.23,0.7810854,1.0,23.57,0.14558585,1.0,22.97,0.080205314,17.25,23.292499999999997,3.9889840465642745,1.3499267169490161,2.8903717578961645,3.295836866004329,3.295836866004329,52,26.76,27.07,27.7,28.26,11.6,37.4,3.8,1.2,80.71,77.0,72.71,67.43,58.0,66.0,84.0,82.0
2023-01-08,202302,58.0,58,58,58,0.9999846,6.6814504,0,1,221100120230219747,2024-01-25,Teresina,2.6746473,868075,0.0,1,1,50,,,,,97405,22.93,26.67,32.13,15.7,80.14,53.0,23.04,7.442486,13.0,23.33,6.266026,2.0,23.23,0.7810854,1.0,23.57,0.14558585,31.5,23.1325,4.07753744390572,0.08855339734144518,1.4384801142904613,2.9789251552376097,3.3843902633457743,1,26.77,26.76,27.07,27.7,7.5,11.6,37.4,3.8,80.29,80.71,77.0,72.71,66.0,84.0,82.0,125.0
2023-01-15,202303,66.0,66,66,66,0.9900503,7.6030297,0,3,221100120230319747,2024-01-25,Teresina,1.5714353,868075,0.0,1,1,60,,,,,97405,22.17,25.09,29.67,112.3,86.0,58.0,22.93,2.6746473,53.0,23.04,7.442486,13.0,23.33,6.266026,2.0,23.23,0.7810854,47.5,22.8675,4.204692619390966,0.12715517548524602,0.2157085728266912,1.5656352897757073,3.1060803307228557,2,26.67,26.77,26.76,27.07,15.7,7.5,11.6,37.4,80.14,80.29,80.71,77.0,84.0,82.0,125.0,123.0
2023-01-22,202304,84.0,84,84,84,0.98842484,9.676583,0,3,221100120230419752,2024-01-30,Teresina,1.4690633,868075,0.0,1,1,79,,,,,97405,22.87,26.19,31.14,32.0,82.57,66.0,22.17,1.5714353,58.0,22.93,2.6746473,53.0,23.04,7.442486,13.0,23.33,6.266026,65.25,22.7525,4.442651256490317,0.23795863709935094,0.36511381258459696,0.45366720992604215,1.8035939268750583,3,25.09,26.67,26.77,26.76,112.3,15.7,7.5,11.6,86.0,80.14,80.29,80.71,82.0,125.0,123.0,167.0
2023-01-29,202305,82.0,82,82,82,0.8736819,9.446188,0,1,221100120230519759,2024-02-06,Teresina,1.2052319,868075,0.0,0,1,75,,,,,97405,22.73,26.13,30.63,24.6,83.43,84.0,22.87,1.4690633,66.0,22.17,1.5714353,58.0,22.93,2.6746473,53.0,23.04,7.442486,72.5,22.674999999999997,4.418840607796598,-0.023810648693718406,0.21414798840563254,0.34130316389087856,0.42985656123232374,4,26.19,25.09,26.67,26.77,32.0,112.3,15.7,7.5,82.57,86.0,80.14,80.29,125.0,123.0,167.0,233.0
2023-02-05,202306,125.0,125,125,125,0.9993282,14.39225,0,1,221100120230619768,2024-02-15,Teresina,1.5735186,868523,0.0,1,1,112,,,,,97405,22.84,26.33,31.47,87.4,83.71,82.0,22.73,1.2052319,84.0,22.87,1.4690633,66.0,22.17,1.5714353,58.0,22.93,2.6746473,89.25,22.6525,4.836281906951478,0.4174412991548797,0.3936306504611613,0.6315892875605122,0.7587444630457583,5,26.13,26.19,25.09,26.67,24.6,32.0,112.3,15.7,83.43,82.57,86.0,80.14,123.0,167.0,233.0,271.0
2023-02-12,202307,123.0,123,123,123,0.9768908,14.161974,0,1,221100120230719773,2024-02-20,Teresina,1.3119496,868523,0.0,1,1,110,,,,,97405,22.96,26.43,31.21,27.2,83.43,125.0,22.84,1.5735186,82.0,22.73,1.2052319,84.0,22.87,1.4690633,66.0,22.17,1.5714353,103.5,22.85,4.820281565605037,-0.016000341346440905,0.4014409578084388,0.3776303091147204,0.6155889462140713,6,26.33,26.13,26.19,25.09,87.4,24.6,32.0,112.3,83.71,83.43,82.57,86.0,167.0,233.0,271.0,279.0
2023-02-19,202308,167.0,167,167,167,0.99936056,19.228046,0,3,221100120230819780,2024-02-27,Teresina,1.4736526,868523,0.0,1,1,145,,,,,97405,22.14,25.67,30.59,87.1,86.43,123.0,22.96,1.3119496,125.0,22.84,1.5735186,82.0,22.73,1.2052319,84.0,22.87,1.4690633,124.25,22.6675,5.123963979403259,0.3036824137982217,0.2876820724517808,0.7051233716066605,0.6813127229129421,7,26.43,26.33,26.13,26.19,27.2,87.4,24.6,32.0,83.43,83.71,83.43,82.57,233.0,271.0,279.0,302.0
2023-02-26,202309,233.0,233,233,233,0.99999976,26.827154,0,3,221100120230919786,2024-03-04,Teresina,1.6993196,868523,0.0,1,2,204,,,,,97405,22.74,27.0,32.27,22.4,82.29,167.0,22.14,1.4736526,123.0,22.96,1.3119496,125.0,22.84,1.5735186,82.0,22.73,1.2052319,162.0,22.669999999999998,5.455321115357702,0.33135713595444294,0.6350395497526646,0.6190392084062237,1.0364805075611034,8,25.67,26.43,26.33,26.13,87.1,27.2,87.4,24.6,86.43,83.43,83.71,83.43,271.0,279.0,302.0,342.0
2023-03-05,202310,271.0,271,271,271,0.9999978,31.202398,0,4,221100120231019794,2024-03-12,Teresina,1.5528296,868523,0.0,1,2,248,,,,,97405,22.99,26.99,32.07,42.7,81.86,233.0,22.74,1.6993196,167.0,22.14,1.4736526,123.0,22.96,1.3119496,125.0,22.84,1.5735186,198.5,22.7075,5.605802066295998,0.15048095093829605,0.481838086892739,0.7855205006909607,0.7695201593445198,9,27.0,25.67,26.43,26.33,22.4,87.1,27.2,87.4,82.29,86.43,83.43,83.71,279.0,302.0,342.0,285.0
2023-03-12,202311,279.0,279,279,279,0.9951892,32.1235,0,4,221100120231119800,2024-03-18,Teresina,1.2612667,868523,0.0,1,2,241,,,,,97405,22.64,24.86,28.41,204.7,90.71,271.0,22.99,1.5528296,233.0,22.74,1.6993196,167.0,22.14,1.4736526,123.0,22.96,1.3119496,237.5,22.627499999999998,5.634789603169249,0.028987536873251507,0.17946848781154756,0.5108256237659905,0.8145080375642122,10,26.99,27.0,25.67,26.43,42.7,22.4,87.1,27.2,81.86,82.29,86.43,83.43,302.0,342.0,285.0,290.0
2023-03-19,202312,302.0,302,302,302,0.9690283,34.771675,0,4,221100120231219808,2024-03-26,Teresina,1.1710596,868523,0.0,1,2,284,,,,,97405,22.4,25.4,30.04,62.6,87.0,279.0,22.64,1.2612667,271.0,22.99,1.5528296,233.0,22.74,1.6993196,167.0,22.14,1.4736526,271.25,22.6925,5.713732805509369,0.07894320234011953,0.10793073921337104,0.2584116901516671,0.58976882610611,11,24.86,26.99,27.0,25.67,204.7,42.7,22.4,87.1,90.71,81.86,82.29,86.43,342.0,285.0,290.0,243.0
2023-03-26,202313,342.0,342,342,342,0.99214697,39.377197,0,4,221100120231319814,2024-04-01,Teresina,1.2138175,868523,0.0,1,2,324,,,,,97405,22.94,25.67,30.37,126.5,89.0,302.0,22.4,1.1710596,279.0,22.64,1.2612667,271.0,22.99,1.5528296,233.0,22.74,1.6993196,298.5,22.7425,5.8377304471659395,0.12399764165657068,0.2029408439966902,0.23192838086994172,0.3824093318082378,12,25.4,24.86,26.99,27.0,62.6,204.7,42.7,22.4,87.0,90.71,81.86,82.29,285.0,290.0,243.0,225.0
2023-04-02,202314,285.0,285,285,285,0.24358314,32.81433,0,4,221100120231419821,2024-04-08,Teresina,0.94427603,868523,0.0,0,2,268,,,,,97405,22.86,25.66,30.09,93.5,88.71,342.0,22.94,1.2138175,302.0,22.4,1.1710596,279.0,22.64,1.2612667,271.0,22.99,1.5528296,302.0,22.71,5.655991810819852,-0.1817386363460871,-0.057740994689516434,0.0212022076506031,0.05018974452385461,13,25.67,25.4,24.86,26.99,126.5,62.6,204.7,42.7,89.0,87.0,90.71,81.86,290.0,243.0,225.0,206.0
2023-04-09,202315,290.0,290,290,290,0.20204249,33.39002,0,4,221100120231519827,2024-04-14,Teresina,0.9341929,868523,0.0,0,2,272,,,,,97405,23.27,27.01,32.06,55.2,82.86,285.0,22.86,0.94427603,342.0,22.94,1.2138175,302.0,22.4,1.1710596,279.0,22.64,1.2612667,304.75,22.8675,5.673323267171493,0.017331456351640462,-0.16440717999444665,-0.04040953833787597,0.03853366400224356,14,25.66,25.67,25.4,24.86,93.5,126.5,62.6,204.7,88.71,89.0,87.0,90.71,243.0,225.0,206.0,207.0
2023-04-16,202316,243.0,243,243,243,0.009622619,27.978533,0,4,221100120231619835,2024-04-22,Teresina,0.81729513,868523,0.0,0,2,224,,,,,97405,23.0,26.77,31.91,25.8,84.14,290.0,23.27,0.9341929,285.0,22.86,0.94427603,342.0,22.94,1.2138175,302.0,22.4,1.1710596,290.0,23.0175,5.497168225293202,-0.17615504187829067,-0.1588235855266502,-0.3405622218727373,-0.21656458021616665,15,27.01,25.66,25.67,25.4,55.2,93.5,126.5,62.6,82.86,88.71,89.0,87.0,225.0,206.0,207.0,228.0
2023-04-23,202317,225.0,225,225,225,0.011951724,25.90605,0,1,221100120231719841,2024-04-28,Teresina,0.8168664,868523,0.0,0,1,212,,,,,97405,22.7,26.74,31.9,43.6,80.86,243.0,23.0,0.81729513,290.0,23.27,0.9341929,285.0,22.86,0.94427603,342.0,22.94,1.2138175,260.75,22.9575,5.420534999272286,-0.07663322602091593,-0.2527882678992066,-0.23545681154756615,-0.41719544789365326,16,26.77,27.01,25.66,25.67,25.8,55.2,93.5,126.5,84.14,82.86,88.71,89.0,206.0,207.0,228.0,209.0
2023-04-30,202318,206.0,206,206,206,0.020320812,23.718428,0,1,221100120231819848,2024-05-05,Teresina,0.8252412,868523,0.0,0,1,187,,,,,97405,23.21,26.87,31.89,19.7,83.29,225.0,22.7,0.8168664,243.0,23.0,0.81729513,290.0,23.27,0.9341929,285.0,22.86,0.94427603,241.0,23.045,5.332718793265369,-0.08781620600691742,-0.16444943202783335,-0.34060447390612403,-0.32327301755448357,17,26.74,26.77,27.01,25.66,43.6,25.8,55.2,93.5,80.86,84.14,82.86,88.71,207.0,228.0,209.0,182.0
2023-05-07,202319,207.0,207,207,207,0.17361782,23.833567,0,1,221100120231919856,2024-05-13,Teresina,0.9137069,868523,0.0,0,1,189,,,,,97405,23.07,27.53,32.96,5.2,79.0,206.0,23.21,0.8252412,225.0,22.7,0.8168664,243.0,23.0,0.81729513,290.0,23.27,0.9341929,220.25,22.995,5.337538079701318,0.004819286435949088,-0.08299691957096833,-0.15963014559188426,-0.33578518747017494,18,26.87,26.74,26.77,27.01,19.7,43.6,25.8,55.2,83.29,80.86,84.14,82.86,228.0,209.0,182.0,169.0
2023-05-14,202320,228.0,228,228,228,0.7556547,26.251463,0,1,221100120232019862,2024-05-19,Teresina,1.0680803,868523,0.0,0,1,216,,,,,97405,23.69,27.04,31.89,29.0,86.29,207.0,23.07,0.9137069,206.0,23.21,0.8252412,225.0,22.7,0.8168664,243.0,23.0,0.81729513,216.5,23.1675,5.43372200355424,0.09618392385292207,0.10100321028887116,0.01318700428195374,-0.0634462217389622,19,27.53,26.87,26.74,26.77,5.2,19.7,43.6,25.8,79.0,83.29,80.86,84.14,209.0,182.0,169.0,138.0
2023-05-21,202321,209.0,209,209,209,0.4390475,24.06384,0,1,221100120232119869,2024-05-26,Teresina,0.9851771,868523,0.0,0,1,190,,,,,97405,23.2,27.39,32.17,0.7,75.71,228.0,23.69,1.0680803,207.0,23.07,0.9137069,206.0,23.21,0.8252412,225.0,22.7,0.8168664,212.5,23.2925,5.3471075307174685,-0.08661447283677148,0.009569451016150587,0.014388737452099676,-0.07342746855481774,20,27.04,27.53,26.87,26.74,29.0,5.2,19.7,43.6,86.29,79.0,83.29,80.86,182.0,169.0,138.0,103.0
2023-05-28,202322,182.0,182,182,182,0.055787146,20.955116,0,1,221100120232219876,2024-06-02,Teresina,0.8520708,868523,0.0,0,1,172,,,,,97405,22.77,27.53,33.13,1.1,75.86,209.0,23.2,0.9851771,228.0,23.69,1.0680803,207.0,23.07,0.9137069,206.0,23.21,0.8252412,206.5,23.1825,5.209486152841421,-0.1376213778760471,-0.2242358507128186,-0.12805192685989653,-0.12323264042394744,21,27.39,27.04,27.53,26.87,0.7,29.0,5.2,19.7,75.71,86.29,79.0,83.29,169.0,138.0,103.0,71.0
2023-06-04,202323,169.0,169,169,169,0.035363212,19.458323,0,1,221100120232319884,2024-06-10,Teresina,0.8291184,868523,0.0,0,1,154,,,,,97405,22.69,27.31,32.91,0.8,72.57,182.0,22.77,0.8520708,209.0,23.2,0.9851771,228.0,23.69,1.0680803,207.0,23.07,0.9137069,197.0,23.0875,5.135798437050262,-0.07368771579115929,-0.2113090936672064,-0.2979235665039779,-0.20173964265105582,22,27.53,27.39,27.04,27.53,1.1,0.7,29.0,5.2,75.86,75.71,86.29,79.0,138.0,103.0,71.0,66.0
2023-06-11,202324,138.0,138,138,138,0.0045046257,15.889044,0,1,221100120232419884,2024-06-10,Teresina,0.7468405,868523,0.0,0,1,133,,,,,97405,22.47,27.17,32.76,1.3,73.29,169.0,22.69,0.8291184,182.0,22.77,0.8520708,209.0,23.2,0.9851771,228.0,23.69,1.0680803,174.5,22.7825,4.9344739331306915,-0.20132450391957057,-0.27501221971072987,-0.412633597586777,-0.49924807042354846,23,27.31,27.53,27.39,27.04,0.8,1.1,0.7,29.0,72.57,75.86,75.71,86.29,103.0,71.0,66.0,79.0
2023-06-18,202325,103.0,103,103,103,0.00011388099,11.859214,0,1,221100120232519898,2024-06-24,Teresina,0.6329288,868523,0.0,0,1,100,,,,,97405,22.43,27.07,32.67,0.2,69.86,138.0,22.47,0.7468405,169.0,22.69,0.8291184,182.0,22.77,0.8520708,209.0,23.2,0.9851771,148.0,22.59,4.6443908991413725,-0.290083033989319,-0.4914075379088896,-0.5650952537000489,-0.702716631576096,24,27.17,27.31,27.53,27.39,1.3,0.8,1.1,0.7,73.29,72.57,75.86,75.71,71.0,66.0,79.0,46.0
2023-06-25,202326,71.0,71,71,71,2.8797533e-06,8.174798,0,1,221100120232619905,2024-07-01,Teresina,0.52403605,868523,0.0,0,1,66,,,,,97405,22.5,27.54,32.99,0.0,65.43,103.0,22.43,0.6329288,138.0,22.47,0.7468405,169.0,22.69,0.8291184,182.0,22.77,0.8520708,120.25,22.5225,4.276666119016055,-0.3677247801253172,-0.6578078141146362,-0.8591323180342068,-0.932820033825366,25,27.07,27.17,27.31,27.53,0.2,1.3,0.8,1.1,69.86,73.29,72.57,75.86,66.0,79.0,46.0,50.0
2023-07-02,202327,66.0,66,66,66,0.0012815339,7.5991077,0,1,221100120232719913,2024-07-09,Teresina,0.6274616,868523,0.0,0,1,58,,,,,97405,22.59,27.23,33.3,0.9,68.29,71.0,22.5,0.52403605,103.0,22.43,0.6329288,138.0,22.47,0.7468405,169.0,22.69,0.8291184,94.5,22.497500000000002,4.204692619390966,-0.07197349962508959,-0.43969827975040676,-0.7297813137397258,-0.9311058176592963,26,27.54,27.07,27.17,27.31,0.0,0.2,1.3,0.8,65.43,69.86,73.29,72.57,79.0,46.0,50.0,45.0
2023-07-09,202328,79.0,79,79,79,0.41521648,9.0959015,0,1,221100120232819919,2024-07-15,Teresina,0.9668618,868523,0.0,0,1,72,,,,,97405,22.21,27.57,34.07,0.1,69.43,66.0,22.59,0.6274616,71.0,22.5,0.52403605,103.0,22.43,0.6329288,138.0,22.47,0.7468405,79.75,22.4325,4.382026634673881,0.17733401528291548,0.10536051565782589,-0.2623642644674913,-0.5524472984568103,27,27.23,27.54,27.07,27.17,0.9,0.0,0.2,1.3,68.29,65.43,69.86,73.29,46.0,50.0,45.0,34.0
2023-07-16,202329,46.0,46,46,46,0.009283364,5.296348,0,1,221100120232919929,2024-07-25,Teresina,0.6451166,868523,0.0,0,1,42,,,,,97405,21.54,27.01,33.56,0.0,60.29,79.0,22.21,0.9668618,66.0,22.59,0.6274616,71.0,22.5,0.52403605,103.0,22.43,0.6329288,65.5,22.21,3.8501476017100584,-0.5318790329638228,-0.3545450176809073,-0.4265185173059969,-0.794243297431314,28,27.57,27.23,27.54,27.07,0.1,0.9,0.0,0.2,69.43,68.29,65.43,69.86,50.0,45.0,34.0,34.0
2023-07-23,202330,50.0,50,50,50,0.072057165,5.7569,0,1,221100120233019934,2024-07-30,Teresina,0.7619016,868523,0.0,0,1,42,,,,,97405,21.29,27.31,34.21,0.1,61.14,46.0,21.54,0.6451166,79.0,22.21,0.9668618,66.0,22.59,0.6274616,71.0,22.5,0.52403605,60.25,21.9075,3.9318256327243257,0.0816780310142673,-0.4502010019495555,-0.27286698666664,-0.3448404862917296,29,27.01,27.57,27.23,27.54,0.0,0.1,0.9,0.0,60.29,69.43,68.29,65.43,45.0,34.0,34.0,33.0
2023-07-30,202331,45.0,45,45,45,0.13796785,5.18121,0,1,221100120233119941,2024-08-06,Teresina,0.80519307,868523,0.0,0,1,39,,,,,97405,22.6,28.13,35.03,0.2,60.86,50.0,21.29,0.7619016,46.0,21.54,0.6451166,79.0,22.21,0.9668618,66.0,22.59,0.6274616,55.0,21.91,3.828641396489095,-0.10318423623523065,-0.02150620522096336,-0.5533852381847861,-0.37605122290187065,30,27.31,27.01,27.57,27.23,0.1,0.0,0.1,0.9,61.14,60.29,69.43,68.29,34.0,34.0,33.0,35.0
2023-08-06,202332,34.0,34,34,34,0.055299707,3.914692,0,1,221100120233219948,2024-08-13,Teresina,0.70292103,868523,0.0,0,1,33,,,,,97405,22.53,28.43,35.0,0.0,59.0,45.0,22.6,0.80519307,50.0,21.29,0.7619016,46.0,21.54,0.6451166,79.0,22.21,0.9668618,43.75,21.990000000000002,3.5553480614894135,-0.27329333499968156,-0.3764775712349122,-0.2947995402206449,-0.8266785731844677,31,28.13,27.31,27.01,27.57,0.2,0.1,0.0,0.1,60.86,61.14,60.29,69.43,34.0,33.0,35.0,25.0
2023-08-13,202333,34.0,34,34,34,0.15204664,3.914692,0,1,221100120233319955,2024-08-20,Teresina,0.79150254,868523,0.0,0,1,33,,,,,97405,21.73,27.89,34.8,0.0,55.86,34.0,22.53,0.70292103,45.0,22.6,0.80519307,50.0,21.29,0.7619016,46.0,21.54,0.6451166,40.75,22.0375,3.5553480614894135,0.0,-0.27329333499968156,-0.3764775712349122,-0.2947995402206449,32,28.43,28.13,27.31,27.01,0.0,0.2,0.1,0.0,59.0,60.86,61.14,60.29,33.0,35.0,25.0,37.0
2023-08-20,202334,33.0,33,33,33,0.29984304,3.7995539,0,1,221100120233419962,2024-08-27,Teresina,0.88293105,868523,0.0,0,1,29,,,,,97405,22.64,29.04,36.21,0.0,60.71,34.0,21.73,0.79150254,34.0,22.53,0.70292103,45.0,22.6,0.80519307,50.0,21.29,0.7619016,36.5,22.375,3.5263605246161616,-0.02898753687325195,-0.02898753687325195,-0.3022808718729335,-0.40546510810816416,33,27.89,28.43,28.13,27.31,0.0,0.0,0.2,0.1,55.86,59.0,60.86,61.14,35.0,25.0,37.0,26.0
2023-08-27,202335,35.0,35,35,35,0.5325876,4.02983,0,1,221100120233519969,2024-09-03,Teresina,1.0197178,868523,0.0,0,1,34,,,,,97405,23.09,28.79,35.57,0.2,65.57,33.0,22.64,0.88293105,34.0,21.73,0.79150254,34.0,22.53,0.70292103,45.0,22.6,0.80519307,34.0,22.4975,3.58351893845611,0.05715841383994835,0.0281708769666964,0.0281708769666964,-0.24512245803298516,34,29.04,27.89,28.43,28.13,0.0,0.0,0.0,0.2,60.71,55.86,59.0,60.86,25.0,37.0,26.0,10.0
2023-09-03,202336,25.0,25,25,25,0.13764666,2.87845,0,1,221100120233619978,2024-09-12,Teresina,0.7518178,868523,0.0,0,0,23,,,,,97405,21.93,28.97,36.39,0.1,56.86,35.0,23.09,1.0197178,33.0,22.64,0.88293105,34.0,21.73,0.79150254,34.0,22.53,0.70292103,31.75,22.3475,3.258096538021482,-0.3254224004346278,-0.2682639865946794,-0.2972515234679314,-0.2972515234679314,35,28.79,29.04,27.89,28.43,0.2,0.0,0.0,0.0,65.57,60.71,55.86,59.0,37.0,26.0,10.0,21.0
2023-09-10,202337,37.0,37,37,37,0.72821885,4.260106,0,1,221100120233719983,2024-09-17,Teresina,1.1567047,868523,0.0,0,1,36,,,,,97405,22.83,29.77,36.87,0.0,54.0,25.0,21.93,0.7518178,35.0,23.09,1.0197178,33.0,22.64,0.88293105,34.0,21.73,0.79150254,32.5,22.6225,3.6375861597263857,0.3794896217049035,0.054067221270275745,0.1112256351102241,0.08223809823697215,36,28.97,28.79,29.04,27.89,0.1,0.2,0.0,0.0,56.86,65.57,60.71,55.86,26.0,10.0,21.0,16.0
2023-09-17,202338,26.0,26,26,26,0.26310313,2.993588,0,1,221100120233819990,2024-09-24,Teresina,0.8459076,868523,0.0,0,0,25,,,,,97405,23.06,30.13,37.14,0.0,53.71,37.0,22.83,1.1567047,25.0,21.93,0.7518178,35.0,23.09,1.0197178,33.0,22.64,0.88293105,30.75,22.7275,3.295836866004329,-0.34174929372205654,0.03774032798284699,-0.2876820724517808,-0.23052365861183244,37,29.77,28.97,28.79,29.04,0.0,0.1,0.2,0.0,54.0,56.86,65.57,60.71,10.0,21.0,16.0,23.0
2023-09-24,202339,10.0,10,10,10,0.0006135033,1.15138,0,1,221100120233919997,2024-10-01,Teresina,0.3369066,868523,1.0,0,0,8,,,,,97405,23.57,30.53,38.06,0.0,55.29,26.0,23.06,0.8459076,37.0,22.83,1.1567047,25.0,21.93,0.7518178,35.0,23.09,1.0197178,24.5,22.8475,2.3978952727983707,-0.8979415932059585,-1.239690886928015,-0.8602012652231115,-1.1856236656577392,38,30.13,29.77,28.97,28.79,0.0,0.0,0.1,0.2,53.71,54.0,56.86,65.57,21.0,16.0,23.0,20.0
2023-10-01,202340,21.0,21,21,21,0.30578777,2.417898,0,1,221100120234020004,2024-10-08,Teresina,0.86106896,868523,1.0,0,0,21,,,,,97405,23.86,30.67,38.06,0.0,54.29,10.0,23.57,0.3369066,26.0,23.06,0.8459076,37.0,22.83,1.1567047,25.0,21.93,0.7518178,23.5,23.33,3.091042453358316,0.6931471805599454,-0.20479441264601306,-0.5465437063680696,-0.16705408466316607,39,30.53,30.13,29.77,28.97,0.0,0.0,0.0,0.1,55.29,53.71,54.0,56.86,16.0,23.0,20.0,12.0
2023-10-08,202341,16.0,16,16,16,0.34302604,1.842208,0,2,221100120234120011,2024-10-15,Teresina,0.872453,868523,1.0,0,0,15,,,,,97405,24.26,30.27,37.47,0.0,58.29,21.0,23.86,0.86106896,10.0,23.57,0.3369066,26.0,23.06,0.8459076,37.0,22.83,1.1567047,18.25,23.6875,2.833213344056216,-0.2578291093020999,0.4353180712578455,-0.46262352194811296,-0.8043728156701695,40,30.67,30.53,30.13,29.77,0.0,0.0,0.0,0.0,54.29,55.29,53.71,54.0,23.0,20.0,12.0,22.0
2023-10-15,202342,23.0,23,23,23,0.80994505,2.648174,0,2,221100120234220019,2024-10-23,Teresina,1.3156419,868523,1.0,0,0,23,,,,,97405,24.3,30.06,36.6,0.7,59.0,16.0,24.26,0.872453,21.0,23.86,0.86106896,10.0,23.57,0.3369066,26.0,23.06,0.8459076,17.5,23.9975,3.1780538303479458,0.3448404862917296,0.08701137698962969,0.7801585575495751,-0.11778303565638337,41,30.27,30.67,30.53,30.13,0.0,0.0,0.0,0.0,58.29,54.29,55.29,53.71,20.0,12.0,22.0,24.0
2023-10-22,202343,20.0,20,20,20,0.57915896,2.30276,0,2,221100120234320026,2024-10-30,Teresina,1.0655452,868523,1.0,0,0,19,,,,,97405,24.16,30.6,37.67,0.0,55.86,23.0,24.3,1.3156419,16.0,24.26,0.872453,21.0,23.86,0.86106896,10.0,23.57,0.3369066,20.0,24.145,3.044522437723423,-0.13353139262452274,0.21130909366720685,-0.04652001563489305,0.6466271649250523,42,30.06,30.27,30.67,30.53,0.7,0.0,0.0,0.0,59.0,58.29,54.29,55.29,12.0,22.0,24.0,24.0
2023-10-29,202344,12.0,12,12,12,0.081398405,1.3816559,0,2,221100120234420032,2024-11-05,Teresina,0.6086374,868523,1.0,0,0,11,,,,,97405,24.13,30.46,37.7,0.4,56.86,20.0,24.16,1.0655452,23.0,24.3,1.3156419,16.0,24.26,0.872453,21.0,23.86,0.86106896,17.75,24.2125,2.5649493574615367,-0.4795730802618863,-0.613104472886409,-0.2682639865946794,-0.5260930958967793,43,30.6,30.06,30.27,30.67,0.0,0.7,0.0,0.0,55.86,59.0,58.29,54.29,22.0,24.0,24.0,21.0
2023-11-05,202345,22.0,22,22,22,0.7055584,2.533036,0,2,221100120234520039,2024-11-12,Teresina,1.1831822,868523,1.0,0,0,19,,,,,97405,24.57,30.31,36.81,0.9,58.14,12.0,24.13,0.6086374,20.0,24.16,1.0655452,23.0,24.3,1.3156419,16.0,24.26,0.872453,19.25,24.29,3.1354942159291497,0.5705448584676129,0.09097177820572666,-0.04255961441879608,0.3022808718729335,44,30.46,30.6,30.06,30.27,0.4,0.0,0.7,0.0,56.86,55.86,59.0,58.29,24.0,24.0,21.0,26.0
2023-11-12,202346,24.0,24,24,24,0.84397817,2.7633119,0,2,221100120234620046,2024-11-19,Teresina,1.3666346,868523,1.0,0,0,23,,,,,97405,24.49,30.8,37.57,0.0,56.86,22.0,24.57,1.1831822,12.0,24.13,0.6086374,20.0,24.16,1.0655452,23.0,24.3,1.3156419,19.5,24.3375,3.2188758248682006,0.08338160893905089,0.6539264674066638,0.17435338714477755,0.04082199452025481,45,30.31,30.46,30.6,30.06,0.9,0.4,0.0,0.7,58.14,56.86,55.86,59.0,24.0,21.0,26.0,22.0
2023-11-19,202347,24.0,24,24,24,0.7305309,2.7633119,0,1,221100120234720056,2024-11-29,Teresina,1.2019602,868523,1.0,0,0,24,,,,,97405,25.0,30.37,36.7,2.5,59.86,24.0,24.49,1.3666346,22.0,24.57,1.1831822,12.0,24.13,0.6086374,20.0,24.16,1.0655452,20.5,24.5475,3.2188758248682006,0.0,0.08338160893905089,0.6539264674066638,0.17435338714477755,46,30.8,30.31,30.46,30.6,0.0,0.9,0.4,0.0,56.86,58.14,56.86,55.86,21.0,26.0,22.0,22.0
2023-11-26,202348,21.0,21,21,21,0.40459257,2.417898,0,1,221100120234820060,2024-12-03,Teresina,0.93007976,868523,1.0,0,0,21,,,,,97405,24.1,29.49,36.26,7.4,63.14,24.0,25.0,1.2019602,24.0,24.49,1.3666346,22.0,24.57,1.1831822,12.0,24.13,0.6086374,22.75,24.540000000000003,3.091042453358316,-0.1278333715098845,-0.1278333715098845,-0.04445176257083361,0.5260930958967793,47,30.37,30.8,30.31,30.46,2.5,0.0,0.9,0.4,59.86,56.86,58.14,56.86,26.0,22.0,22.0,17.0
2023-12-03,202349,26.0,26,26,26,0.66126865,2.993588,0,1,221100120234920067,2024-12-10,Teresina,1.1250173,868523,0.0,0,0,26,,,,,97405,25.14,30.27,36.74,1.4,61.14,21.0,24.1,0.93007976,24.0,25.0,1.2019602,24.0,24.49,1.3666346,22.0,24.57,1.1831822,23.75,24.6825,3.295836866004329,0.20479441264601306,0.07696104113612856,0.07696104113612856,0.16034265007517945,48,29.49,30.37,30.8,30.31,7.4,2.5,0.0,0.9,63.14,59.86,56.86,58.14,22.0,22.0,17.0,41.0
2023-12-10,202350,22.0,22,22,22,0.43673742,2.533036,0,1,221100120235020074,2024-12-17,Teresina,0.9540725,868523,0.0,0,0,22,,,,,97405,24.77,29.81,35.81,4.9,62.29,26.0,25.14,1.1250173,21.0,24.1,0.93007976,24.0,25.0,1.2019602,24.0,24.49,1.3666346,23.25,24.7525,3.1354942159291497,-0.16034265007517945,0.04445176257083361,-0.08338160893905089,-0.08338160893905089,49,30.27,29.49,30.37,30.8,1.4,7.4,2.5,0.0,61.14,63.14,59.86,56.86,22.0,17.0,41.0,59.0
2023-12-17,202351,22.0,22,22,22,0.41866404,2.533036,0,1,221100120235120080,2024-12-23,Teresina,0.94137174,868523,1.0,0,0,21,,,,,97405,23.77,28.33,34.44,13.1,71.86,22.0,24.77,0.9540725,26.0,25.14,1.1250173,21.0,24.1,0.93007976,24.0,25.0,1.2019602,22.75,24.445,3.1354942159291497,0.0,-0.16034265007517945,0.04445176257083361,-0.08338160893905089,50,29.81,30.27,29.49,30.37,4.9,1.4,7.4,2.5,62.29,61.14,63.14,59.86,17.0,41.0,59.0,54.0
2023-12-24,202352,17.0,17,17,17,0.1857109,1.957346,0,1,221100120235220087,2024-12-30,Teresina,0.75379366,868523,1.0,0,0,16,,,,,97405,24.26,29.36,35.83,14.2,69.43,22.0,23.77,0.94137174,22.0,24.77,0.9540725,26.0,25.14,1.1250173,21.0,24.1,0.93007976,21.75,24.485,2.8903717578961645,-0.24512245803298516,-0.24512245803298516,-0.4054651081081646,-0.20067069546215155,51,28.33,29.81,30.27,29.49,13.1,4.9,1.4,7.4,71.86,62.29,61.14,63.14,41.0,59.0,54.0,63.0
2023-12-31,202401,41.0,41,41,41,0.99265796,4.720658,0,2,221100120240120095,2025-01-07,Teresina,1.8698152,868523,1.0,1,1,38,,,,,97405,24.39,27.97,32.64,37.8,77.57,17.0,24.26,0.75379366,22.0,23.77,0.94137174,22.0,24.77,0.9540725,26.0,25.14,1.1250173,25.5,24.2975,3.7376696182833684,0.8472978603872039,0.6021754023542187,0.6021754023542187,0.4418327522790393,52,29.36,28.33,29.81,30.27,14.2,13.1,4.9,1.4,69.43,71.86,62.29,61.14,59.0,54.0,63.0,80.0
2024-01-07,202402,59.0,59,59,59,0.99982524,6.793142,0,2,221100120240220102,2025-01-14,Teresina,2.2249444,868523,1.0,1,1,58,,,,,97405,23.74,27.16,31.86,71.0,81.57,41.0,24.39,1.8698152,17.0,24.26,0.75379366,22.0,23.77,0.94137174,22.0,24.77,0.9540725,34.75,24.04,4.0943445622221,0.356674943938732,1.203972804325936,0.9588503462929507,0.9588503462929507,1,27.97,29.36,28.33,29.81,37.8,14.2,13.1,4.9,77.57,69.43,71.86,62.29,54.0,63.0,80.0,133.0
2024-01-14,202403,54.0,54,54,54,0.94196653,6.217452,0,2,221100120240320109,2025-01-21,Teresina,1.3863667,868523,1.0,0,1,50,,,,,97405,23.7,28.3,33.7,0.7,75.0,59.0,23.74,2.2249444,41.0,24.39,1.8698152,17.0,24.26,0.75379366,22.0,23.77,0.94137174,42.75,24.0225,4.007333185232471,-0.08701137698962924,0.26966356694910276,1.1169614273363067,0.8718389693033215,2,27.16,27.97,29.36,28.33,71.0,37.8,14.2,13.1,81.57,77.57,69.43,71.86,63.0,80.0,133.0,120.0
2024-01-21,202404,63.0,63,63,63,0.87172616,7.253694,0,2,221100120240420116,2025-01-28,Teresina,1.2366381,868523,1.0,0,1,56,,,,,97405,25.29,28.87,33.99,5.1,72.86,54.0,23.7,1.3863667,59.0,23.74,2.2249444,41.0,24.39,1.8698152,17.0,24.26,0.75379366,54.25,24.28,4.1588830833596715,0.15154989812720032,0.06453852113757108,0.4212134650763031,1.268511325463507,3,28.3,27.16,27.97,29.36,0.7,71.0,37.8,14.2,75.0,81.57,77.57,69.43,80.0,133.0,120.0,223.0
2024-01-28,202405,80.0,80,80,80,0.972111,9.21104,0,2,221100120240520122,2025-02-03,Teresina,1.3870939,868523,1.0,1,1,76,,,,,97405,24.44,27.76,32.27,17.9,80.43,63.0,25.29,1.2366381,54.0,23.7,1.3863667,59.0,23.74,2.2249444,41.0,24.39,1.8698152,64.0,24.2925,4.394449154672439,0.23556607131276763,0.38711596943996796,0.3001045924503387,0.6567795363890707,4,28.87,28.3,27.16,27.97,5.1,0.7,71.0,37.8,72.86,75.0,81.57,77.57,133.0,120.0,223.0,286.0
2024-02-04,202406,133.0,133,133,133,0.99999815,15.313354,0,2,221100120240620130,2025-02-11,Teresina,1.952789,868523,1.0,1,1,126,,,,,97405,24.17,28.2,33.57,110.3,77.0,80.0,24.44,1.3870939,63.0,25.29,1.2366381,54.0,23.7,1.3863667,59.0,23.74,2.2249444,82.5,24.400000000000002,4.897839799950911,0.503390645278472,0.7389567165912396,0.89050661471844,0.8034952377288107,5,27.76,28.87,28.3,27.16,17.9,5.1,0.7,71.0,80.43,72.86,75.0,81.57,120.0,223.0,286.0,338.0
2024-02-11,202407,120.0,120,120,120,0.984316,13.81656,0,3,221100120240720137,2025-02-18,Teresina,1.3482682,868523,1.0,1,1,101,,,,,97405,23.34,26.99,32.04,88.3,83.14,133.0,24.17,1.952789,80.0,24.44,1.3870939,63.0,25.29,1.2366381,54.0,23.7,1.3863667,99.0,24.310000000000002,4.795790545596741,-0.10204925435416978,0.4013413909243022,0.6369074622370698,0.7884573603642702,6,28.2,27.76,28.87,28.3,110.3,17.9,5.1,0.7,77.0,80.43,72.86,75.0,223.0,286.0,338.0,359.0
2024-02-18,202408,223.0,223,223,223,1.0,25.675774,0,3,221100120240820145,2025-02-26,Teresina,1.9036698,868523,1.0,1,1,200,,,,,97405,23.23,26.11,30.39,95.2,87.29,120.0,23.34,1.3482682,133.0,24.17,1.952789,80.0,24.44,1.3870939,63.0,25.29,1.2366381,139.0,23.795,5.4116460518550396,0.6158555062582982,0.5138062519041284,1.0171968971826004,1.252762968495368,7,26.99,28.2,27.76,28.87,88.3,110.3,17.9,5.1,83.14,77.0,80.43,72.86,286.0,338.0,359.0,396.0
2024-02-25,202409,286.0,286,286,286,1.0,32.929466,0,3,221100120240920153,2025-03-06,Teresina,1.856397,868523,1.0,1,2,255,,,,,97405,23.79,26.99,31.67,42.5,84.57,223.0,23.23,1.9036698,120.0,23.34,1.3482682,133.0,24.17,1.952789,80.0,24.44,1.3870939,190.5,23.6325,5.659482215759621,0.24783616390458185,0.8636916701628801,0.7616424158087103,1.2650330610871823,8,26.11,26.99,28.2,27.76,95.2,88.3,110.3,17.9,87.29,83.14,77.0,80.43,338.0,359.0,396.0,302.0
2024-03-03,202410,338.0,338,338,338,0.99999994,38.916645,0,4,221100120241020157,2025-03-10,Teresina,1.5868765,868523,1.0,1,2,299,,,,,97405,24.01,27.23,32.0,45.6,84.14,286.0,23.79,1.856397,223.0,23.23,1.9036698,120.0,23.34,1.3482682,133.0,24.17,1.952789,241.75,23.5925,5.82600010738045,0.16651789162082853,0.4143540555254104,1.0302095617837086,0.9281603074295388,9,26.99,26.11,26.99,28.2,42.5,95.2,88.3,110.3,84.57,87.29,83.14,77.0,359.0,396.0,302.0,360.0
2024-03-10,202411,359.0,359,359,359,0.99949497,41.33454,0,4,221100120241120165,2025-03-18,Teresina,1.299289,868523,1.0,1,2,330,,,,,97405,24.41,27.43,32.51,103.8,86.57,338.0,24.01,1.5868765,286.0,23.79,1.856397,223.0,23.23,1.9036698,120.0,23.34,1.3482682,301.5,23.86,5.886104031450156,0.06010392406970588,0.2266218156905344,0.47445797959511626,1.0903134858534145,10,27.23,26.99,26.11,26.99,45.6,42.5,95.2,88.3,84.14,84.57,87.29,83.14,396.0,302.0,360.0,322.0
2024-03-17,202412,396.0,396,396,396,0.9960041,45.594646,0,4,221100120241220171,2025-03-24,Teresina,1.2188975,868523,1.0,1,2,360,,,,,97405,24.3,27.17,32.07,51.0,86.43,359.0,24.41,1.299289,338.0,24.01,1.5868765,286.0,23.79,1.856397,223.0,23.23,1.9036698,344.75,24.1275,5.983936280687191,0.09783224923703493,0.1579361733067408,0.32445406492756934,0.5722902288321512,11,27.43,27.23,26.99,26.11,103.8,45.6,42.5,95.2,86.57,84.14,84.57,87.29,302.0,360.0,322.0,278.0
2024-03-24,202413,302.0,302,302,302,0.021860387,34.771675,0,4,221100120241320178,2025-03-31,Teresina,0.85412544,868523,1.0,0,2,273,,,,,97405,23.6,26.64,31.01,172.3,87.29,396.0,24.3,1.2188975,359.0,24.41,1.299289,338.0,24.01,1.5868765,286.0,23.79,1.856397,348.75,24.08,5.713732805509369,-0.27020347517782195,-0.17237122594078702,-0.11226730187108114,0.05425058974974739,12,27.17,27.43,27.23,26.99,51.0,103.8,45.6,42.5,86.43,86.57,84.14,84.57,360.0,322.0,278.0,337.0
2024-03-31,202414,360.0,360,360,360,0.546009,41.44968,0,4,221100120241420188,2025-04-10,Teresina,1.008666,868523,1.0,0,2,327,,,,,97405,23.89,27.2,32.24,161.3,86.14,302.0,23.6,0.85412544,396.0,24.3,1.2188975,359.0,24.41,1.299289,338.0,24.01,1.5868765,354.25,24.050000000000004,5.8888779583328805,0.17514515282351173,-0.09505832235431022,0.0027739268827247088,0.06287785095243059,13,26.64,27.17,27.43,27.23,172.3,51.0,103.8,45.6,87.29,86.43,86.57,84.14,322.0,278.0,337.0,287.0
2024-04-07,202415,322.0,322,322,322,0.22190174,37.074436,0,4,221100120241520192,2025-04-14,Teresina,0.9423061,868523,1.0,0,2,291,,,,,97405,23.91,26.71,31.54,108.5,89.0,360.0,23.89,1.008666,302.0,23.6,0.85412544,396.0,24.3,1.2188975,359.0,24.41,1.299289,345.0,23.925,5.777652323222656,-0.1112256351102241,0.06391951771328763,-0.20628395746453432,-0.10845170822749939,14,27.2,26.64,27.17,27.43,161.3,172.3,51.0,103.8,86.14,87.29,86.43,86.57,278.0,337.0,287.0,371.0
2024-04-14,202416,278.0,278,278,278,0.013415359,32.00836,0,4,221100120241620200,2025-04-22,Teresina,0.8357495,868523,1.0,0,2,257,,,,,97405,24.01,27.07,31.61,55.3,87.43,322.0,23.91,0.9423061,360.0,23.89,1.008666,302.0,23.6,0.85412544,396.0,24.3,1.2188975,315.5,23.8525,5.631211781821365,-0.14644054140129104,-0.25766617651151513,-0.0825210236880034,-0.35272449886582535,15,26.71,27.2,26.64,27.17,108.5,161.3,172.3,51.0,89.0,86.14,87.29,86.43,337.0,287.0,371.0,434.0
2024-04-21,202417,337.0,337,337,337,0.75731975,38.801506,0,4,221100120241720206,2025-04-28,Teresina,1.0559611,868523,1.0,0,2,301,,,,,97405,23.76,27.23,31.96,41.6,84.71,278.0,24.01,0.8357495,322.0,23.91,0.9423061,360.0,23.89,1.008666,302.0,23.6,0.85412544,324.25,23.892500000000002,5.823045895483019,0.19183411366165348,0.04539357226036245,-0.06583206284986165,0.10931308997365008,16,27.07,26.71,27.2,26.64,55.3,108.5,161.3,172.3,87.43,89.0,86.14,87.29,287.0,371.0,434.0,347.0
2024-04-28,202418,287.0,287,287,287,0.20934576,33.044605,0,4,221100120241820213,2025-05-05,Teresina,0.9358021,868523,1.0,0,2,264,,,,,97405,23.83,27.57,32.33,3.1,82.14,337.0,23.76,1.0559611,278.0,24.01,0.8357495,322.0,23.91,0.9423061,360.0,23.89,1.008666,306.0,23.8775,5.662960480135946,-0.16008541534707277,0.031748698314580714,-0.11469184308671032,-0.22591747819693442,17,27.23,27.07,26.71,27.2,41.6,55.3,108.5,161.3,84.71,87.43,89.0,86.14,371.0,434.0,347.0,329.0
2024-05-05,202419,371.0,371,371,371,0.9901531,42.716198,0,4,221100120241920223,2025-05-15,Teresina,1.1959671,868523,1.0,1,2,341,,,,,97405,23.67,28.13,33.03,1.6,74.43,287.0,23.83,0.9358021,337.0,23.76,1.0559611,278.0,24.01,0.8357495,322.0,23.91,0.9423061,318.25,23.8175,5.918893854273146,0.2559333741372001,0.09584795879012731,0.2876820724517808,0.14124153105048975,18,27.57,27.23,27.07,26.71,3.1,41.6,55.3,108.5,82.14,84.71,87.43,89.0,434.0,347.0,329.0,344.0
2024-05-12,202420,434.0,434,434,434,0.99995875,49.96989,0,4,221100120242020227,2025-05-19,Teresina,1.3323961,868523,1.0,1,2,399,,,,,97405,23.57,28.16,33.56,1.3,76.71,371.0,23.67,1.1959671,287.0,23.83,0.9358021,337.0,23.76,1.0559611,278.0,24.01,0.8357495,357.25,23.7075,6.075346031088684,0.15645217681553802,0.4123855509527381,0.25230013560566533,0.4441342492673188,19,28.13,27.57,27.23,27.07,1.6,3.1,41.6,55.3,74.43,82.14,84.71,87.43,347.0,329.0,344.0,304.0
2024-05-19,202421,347.0,347,347,347,0.3035082,39.952885,0,4,221100120242120236,2025-05-28,Teresina,0.9620877,868523,1.0,0,2,304,,,,,97405,23.99,28.4,33.69,2.0,73.71,434.0,23.57,1.3323961,371.0,23.67,1.1959671,287.0,23.83,0.9358021,337.0,23.76,1.0559611,359.75,23.765,5.8522024797744745,-0.2231435513142097,-0.06669137449867168,0.1892419996385284,0.029156584291455623,20,28.16,28.13,27.57,27.23,1.3,1.6,3.1,41.6,76.71,74.43,82.14,84.71,329.0,344.0,304.0,226.0
2024-05-26,202422,329.0,329,329,329,0.023984328,37.8804,0,4,221100120242220241,2025-06-02,Teresina,0.8620112,868523,1.0,0,2,300,,,,,97405,23.37,27.71,32.8,4.4,75.14,347.0,23.99,0.9620877,434.0,23.57,1.3323961,371.0,23.67,1.1959671,287.0,23.83,0.9358021,370.25,23.650000000000002,5.799092654460526,-0.05310982531394881,-0.2762533766281585,-0.1198011998126205,0.13613217432457958,21,28.4,28.16,28.13,27.57,2.0,1.3,1.6,3.1,73.71,76.71,74.43,82.14,344.0,304.0,226.0,145.0
2024-06-02,202423,344.0,344,344,344,0.237551,39.60747,0,4,221100120242320248,2025-06-09,Teresina,0.9477168,868523,0.0,0,2,323,,,,,97405,23.91,28.06,32.93,0.3,71.29,329.0,23.37,0.8620112,347.0,23.99,0.9620877,434.0,23.57,1.3323961,371.0,23.67,1.1959671,363.5,23.71,5.84354441703136,0.0444517625708345,-0.008658062743114314,-0.23180161405732402,-0.075349437241786,22,27.71,28.4,28.16,28.13,4.4,2.0,1.3,1.6,75.14,73.71,76.71,74.43,304.0,226.0,145.0,135.0
2024-06-09,202424,304.0,304,304,304,0.07791934,35.001953,0,4,221100120242420255,2025-06-16,Teresina,0.8941643,868523,0.0,0,2,275,,,,,97405,22.59,27.23,32.33,0.1,69.43,344.0,23.91,0.9477168,329.0,23.37,0.8620112,347.0,23.99,0.9620877,434.0,23.57,1.3323961,331.0,23.465,5.720311776607412,-0.12323264042394833,-0.07878087785311383,-0.13189070316706264,-0.35503425448127235,23,28.06,27.71,28.4,28.16,0.3,4.4,2.0,1.3,71.29,75.14,73.71,76.71,226.0,145.0,135.0,122.0
2024-06-16,202425,226.0,226,226,226,1.5482488e-05,26.021187,0,1,221100120242520262,2025-06-23,Teresina,0.699011,868523,0.0,0,1,207,,,,,97405,22.41,27.17,32.24,0.7,70.43,304.0,22.59,0.8941643,344.0,23.91,0.9477168,329.0,23.37,0.8620112,347.0,23.99,0.9620877,300.75,23.07,5.424950017481403,-0.2953617591260089,-0.41859439954995725,-0.37414263697912276,-0.42725246229307157,24,27.23,28.06,27.71,28.4,0.1,0.3,4.4,2.0,69.43,71.29,75.14,73.71,145.0,135.0,122.0,147.0
2024-06-23,202426,145.0,145,145,145,3.0395686e-12,16.69501,0,1,221100120242620269,2025-06-30,Teresina,0.50630265,868523,0.0,0,1,135,,,,,97405,22.21,27.31,32.94,0.1,71.14,226.0,22.41,0.699011,304.0,22.59,0.8941643,344.0,23.91,0.9477168,329.0,23.37,0.8620112,254.75,22.78,4.983606621708336,-0.4413433957730666,-0.7367051548990755,-0.8599377953230238,-0.8154860327521893,25,27.17,27.23,28.06,27.71,0.7,0.1,0.3,4.4,70.43,69.43,71.29,75.14,135.0,122.0,147.0,103.0
2024-06-30,202427,135.0,135,135,135,6.8542244e-07,15.54363,0,1,221100120242720278,2025-07-09,Teresina,0.59688914,868523,0.0,0,1,126,,,,,97405,22.26,27.57,33.67,0.1,65.57,145.0,22.21,0.50630265,226.0,22.41,0.699011,304.0,22.59,0.8941643,344.0,23.91,0.9477168,202.5,22.3675,4.912654885736052,-0.07095173597228399,-0.5122951317453506,-0.8076568908713595,-0.9308895312953078,26,27.31,27.17,27.23,28.06,0.1,0.7,0.1,0.3,71.14,70.43,69.43,71.29,122.0,147.0,103.0,76.0
2024-07-07,202428,122.0,122,122,122,0.0025015054,14.046836,0,1,221100120242820283,2025-07-14,Teresina,0.7186307,868523,0.0,0,1,113,,,,,97405,22.09,27.13,32.54,0.1,67.14,135.0,22.26,0.59688914,145.0,22.21,0.50630265,226.0,22.41,0.699011,304.0,22.59,0.8941643,157.0,22.2425,4.812184355372417,-0.10047053036363529,-0.17142226633591928,-0.6127656621089859,-0.9081274212349948,27,27.57,27.31,27.17,27.23,0.1,0.1,0.7,0.1,65.57,71.14,70.43,69.43,147.0,103.0,76.0,72.0
2024-07-14,202429,147.0,147,147,147,0.66058767,16.925285,0,1,221100120242920291,2025-07-22,Teresina,1.0500313,868523,0.0,0,1,137,,,,,97405,21.06,26.56,32.91,0.0,60.86,122.0,22.09,0.7186307,135.0,22.26,0.59688914,145.0,22.21,0.50630265,226.0,22.41,0.699011,137.25,21.905,4.997212273764115,0.18502791839169763,0.08455738802806234,0.01360565205577835,-0.42773774371728823,28,27.13,27.57,27.31,27.17,0.1,0.1,0.1,0.7,67.14,65.57,71.14,70.43,103.0,76.0,72.0,41.0
2024-07-21,202430,103.0,103,103,103,0.031666964,11.859214,0,1,221100120243020298,2025-07-29,Teresina,0.78422856,868523,0.0,0,1,94,,,,,97405,20.49,26.53,33.49,0.0,57.86,147.0,21.06,1.0500313,122.0,22.09,0.7186307,135.0,22.26,0.59688914,145.0,22.21,0.50630265,126.75,21.474999999999998,4.6443908991413725,-0.3528213746227422,-0.16779345623104458,-0.26826398659467987,-0.33921572256696386,29,26.56,27.13,27.57,27.31,0.0,0.1,0.1,0.1,60.86,67.14,65.57,71.14,76.0,72.0,41.0,69.0
2024-07-28,202431,76.0,76,76,76,0.00024087263,8.750488,0,1,221100120243120305,2025-08-05,Teresina,0.60725504,868523,0.0,0,1,68,,,,,97405,21.5,27.64,34.47,0.0,53.43,103.0,20.49,0.78422856,147.0,21.06,1.0500313,122.0,22.09,0.7186307,135.0,22.26,0.59688914,112.0,21.285,4.343805421853684,-0.30058547728768836,-0.6534068519104306,-0.46837893351873294,-0.5688494638823682,30,26.53,26.56,27.13,27.57,0.0,0.0,0.1,0.1,57.86,60.86,67.14,65.57,72.0,41.0,69.0,50.0
2024-08-04,202432,72.0,72,72,72,0.0050539165,8.289936,0,1,221100120243220312,2025-08-12,Teresina,0.6783314,868523,0.0,0,1,66,,,,,97405,21.3,27.61,34.61,0.0,56.43,76.0,21.5,0.60725504,103.0,20.49,0.78422856,147.0,21.06,1.0500313,122.0,22.09,0.7186307,99.5,21.0875,4.290459441148391,-0.05334598070529317,-0.35393145799298154,-0.7067528326157237,-0.5217249142240261,31,27.64,26.53,26.56,27.13,0.0,0.0,0.0,0.1,53.43,57.86,60.86,67.14,41.0,69.0,50.0,36.0
2024-08-11,202433,41.0,41,41,41,5.8715916e-05,4.720658,0,1,221100120243320320,2025-08-20,Teresina,0.49176142,868523,0.0,0,1,37,,,,,97405,21.6,27.77,35.07,0.0,59.29,72.0,21.3,0.6783314,76.0,21.5,0.60725504,103.0,20.49,0.78422856,147.0,21.06,1.0500313,73.0,21.2225,3.7376696182833684,-0.5527898228650225,-0.6061358035703157,-0.9067212808580041,-1.2595426554807463,32,27.61,27.64,26.53,26.56,0.0,0.0,0.0,0.0,56.43,53.43,57.86,60.86,69.0,50.0,36.0,42.0
2024-08-18,202434,69.0,69,69,69,0.5686713,7.944522,0,1,221100120243420327,2025-08-27,Teresina,1.0300218,868523,0.0,0,1,61,,,,,97405,21.97,28.14,34.94,0.0,54.71,41.0,21.6,0.49176142,72.0,21.3,0.6783314,76.0,21.5,0.60725504,103.0,20.49,0.78422856,64.5,21.5925,4.248495242049359,0.5108256237659909,-0.041964199099031596,-0.09531017980432477,-0.39589565709201313,33,27.77,27.61,27.64,26.53,0.0,0.0,0.0,0.0,59.29,56.43,53.43,57.86,50.0,36.0,42.0,25.0
2024-08-25,202435,50.0,50,50,50,0.22657341,5.7569,0,1,221100120243520332,2025-09-01,Teresina,0.86574537,868523,0.0,0,1,46,,,,,97405,21.77,28.36,35.66,0.0,49.86,69.0,21.97,1.0300218,41.0,21.6,0.49176142,72.0,21.3,0.6783314,76.0,21.5,0.60725504,58.0,21.66,3.9318256327243257,-0.31666960932503363,0.19415601444095731,-0.3586338084240652,-0.4119797891293584,34,28.14,27.77,27.61,27.64,0.0,0.0,0.0,0.0,54.71,59.29,56.43,53.43,36.0,42.0,25.0,23.0
2024-09-01,202436,36.0,36,36,36,0.018876793,4.144968,0,1,221100120243620339,2025-09-08,Teresina,0.6459925,868523,0.0,0,1,34,,,,,97405,20.26,28.04,36.0,0.0,53.0,50.0,21.77,0.86574537,69.0,21.97,1.0300218,41.0,21.6,0.49176142,72.0,21.3,0.6783314,49.0,21.400000000000002,3.6109179126442243,-0.3209077200801014,-0.637577329405135,-0.12675170563914406,-0.6795415285041666,35,28.36,28.14,27.77,27.61,0.0,0.0,0.0,0.0,49.86,54.71,59.29,56.43,42.0,25.0,23.0,38.0
2024-09-08,202437,42.0,42,42,42,0.19630373,4.835796,0,1,221100120243720346,2025-09-15,Teresina,0.837242,868523,0.0,0,1,37,,,,,97405,23.14,29.5,36.31,0.0,48.57,36.0,20.26,0.6459925,50.0,21.77,0.86574537,69.0,21.97,1.0300218,41.0,21.6,0.49176142,49.25,21.785,3.7612001156935624,0.15028220304933804,-0.17062551703076334,-0.48729512635579697,0.023530497410193973,36,28.04,28.36,28.14,27.77,0.0,0.0,0.0,0.0,53.0,49.86,54.71,59.29,25.0,23.0,38.0,39.0
2024-09-15,202438,25.0,25,25,25,0.018323772,2.87845,0,1,221100120243820353,2025-09-22,Teresina,0.5968035,868523,0.0,0,0,24,,,,,97405,22.87,30.07,36.94,0.0,51.57,42.0,23.14,0.837242,36.0,20.26,0.6459925,50.0,21.77,0.86574537,69.0,21.97,1.0300218,38.25,22.009999999999998,3.258096538021482,-0.5031035776720802,-0.3528213746227422,-0.6737290947028436,-0.9903987040278772,37,29.5,28.04,28.36,28.14,0.0,0.0,0.0,0.0,48.57,53.0,49.86,54.71,23.0,38.0,39.0,41.0
2024-09-22,202439,23.0,23,23,23,0.04605291,2.648174,0,1,221100120243920363,2025-10-02,Teresina,0.6430235,868523,1.0,0,0,20,,,,,97405,23.77,30.11,36.87,0.0,56.0,25.0,22.87,0.5968035,42.0,23.14,0.837242,36.0,20.26,0.6459925,50.0,21.77,0.86574537,31.5,22.51,3.1780538303479458,-0.08004270767353638,-0.5831462853456166,-0.4328640822962786,-0.75377180237638,38,30.07,29.5,28.04,28.36,0.0,0.0,0.0,0.0,51.57,48.57,53.0,49.86,38.0,39.0,41.0,33.0
2024-09-29,202440,38.0,38,38,38,0.83809084,4.375244,0,1,221100120244020367,2025-10-06,Teresina,1.2697194,868523,0.0,0,1,32,,,,,97405,24.39,30.39,37.21,0.4,56.43,23.0,23.77,0.6430235,25.0,22.87,0.5968035,42.0,23.14,0.837242,36.0,20.26,0.6459925,32.0,23.5425,3.6635616461296463,0.48550781578170055,0.40546510810816416,-0.09763846956391609,0.05264373348542195,39,30.11,30.07,29.5,28.04,0.0,0.0,0.0,0.0,56.0,51.57,48.57,53.0,39.0,41.0,33.0,24.0
2024-10-06,202441,39.0,39,39,39,0.8902335,4.4903817,0,1,221100120244120375,2025-10-14,Teresina,1.3467113,868523,1.0,0,1,34,,,,,97405,23.66,30.11,37.31,0.2,57.0,38.0,24.39,1.2697194,23.0,23.77,0.6430235,25.0,22.87,0.5968035,42.0,23.14,0.837242,31.25,23.6725,3.6888794541139363,0.025317807984289953,0.5108256237659905,0.4307829160924541,-0.07232066157962613,40,30.39,30.11,30.07,29.5,0.4,0.0,0.0,0.0,56.43,56.0,51.57,48.57,41.0,33.0,24.0,33.0
2024-10-13,202442,41.0,41,41,41,0.794916,4.720658,0,1,221100120244220381,2025-10-20,Teresina,1.2088538,868523,0.0,0,1,38,,,,,97405,23.73,29.53,36.11,1.9,58.29,39.0,23.66,1.3467113,38.0,24.39,1.2697194,23.0,23.77,0.6430235,25.0,22.87,0.5968035,35.25,23.8875,3.7376696182833684,0.04879016416943216,0.07410797215372211,0.5596157879354227,0.4795730802618863,41,30.11,30.39,30.11,30.07,0.2,0.4,0.0,0.0,57.0,56.43,56.0,51.57,33.0,24.0,33.0,36.0
2024-10-20,202443,33.0,33,33,33,0.2824017,3.7995539,0,1,221100120244320389,2025-10-28,Teresina,0.8726834,868523,0.0,0,1,31,,,,,97405,24.63,30.73,37.61,0.2,55.43,41.0,23.73,1.2088538,39.0,23.66,1.3467113,38.0,24.39,1.2697194,23.0,23.77,0.6430235,37.75,24.1025,3.5263605246161616,-0.21130909366720685,-0.1625189294977747,-0.13720112151348474,0.3483066942682158,42,29.53,30.11,30.39,30.11,1.9,0.2,0.4,0.0,58.29,57.0,56.43,56.0,24.0,33.0,36.0,33.0
2024-10-27,202444,24.0,24,24,24,0.043688037,2.7633119,0,1,221100120244420395,2025-11-03,Teresina,0.6446188,868523,0.0,0,0,22,,,,,97405,24.06,30.53,37.6,0.0,55.29,33.0,24.63,0.8726834,41.0,23.73,1.2088538,39.0,23.66,1.3467113,38.0,24.39,1.2697194,34.25,24.02,3.2188758248682006,-0.307484699747961,-0.5187937934151678,-0.4700036292457357,-0.44468582126144574,43,30.73,29.53,30.11,30.39,0.2,1.9,0.2,0.4,55.43,58.29,57.0,56.43,33.0,36.0,33.0,44.0
2024-11-03,202445,33.0,33,33,33,0.5023696,3.7995539,0,1,221100120244520403,2025-11-11,Teresina,1.0014546,868523,0.0,0,1,30,,,,,97405,24.5,30.74,37.51,0.4,53.29,24.0,24.06,0.6446188,33.0,24.63,0.8726834,41.0,23.73,1.2088538,39.0,23.66,1.3467113,32.75,24.23,3.5263605246161616,0.307484699747961,0.0,-0.21130909366720685,-0.1625189294977747,44,30.53,30.73,29.53,30.11,0.0,0.2,1.9,0.2,55.29,55.43,58.29,57.0,36.0,33.0,44.0,19.0
2024-11-10,202446,36.0,36,36,36,0.77618337,4.144968,0,1,221100120244620410,2025-11-18,Teresina,1.2048213,868523,0.0,0,1,32,,,,,97405,24.1,29.66,36.26,0.9,58.86,33.0,24.5,1.0014546,24.0,24.06,0.6446188,33.0,24.63,0.8726834,41.0,23.73,1.2088538,31.5,24.322499999999998,3.6109179126442243,0.08455738802806279,0.3920420877760238,0.08455738802806279,-0.12675170563914406,45,30.74,30.53,30.73,29.53,0.4,0.0,0.2,1.9,53.29,55.29,55.43,58.29,33.0,44.0,19.0,36.0
2024-11-17,202447,33.0,33,33,33,0.5778523,3.7995539,0,1,221100120244720418,2025-11-26,Teresina,1.0498279,868523,0.0,0,1,27,,,,,97405,24.47,30.79,37.57,0.0,54.71,36.0,24.1,1.2048213,33.0,24.5,1.0014546,24.0,24.06,0.6446188,33.0,24.63,0.8726834,31.5,24.2825,3.5263605246161616,-0.08455738802806279,0.0,0.307484699747961,0.0,46,29.66,30.74,30.53,30.73,0.9,0.4,0.0,0.2,58.86,53.29,55.29,55.43,44.0,19.0,36.0,26.0
2024-11-24,202448,44.0,44,44,44,0.86887425,5.066072,0,1,221100120244820424,2025-12-02,Teresina,1.2882383,868523,1.0,0,1,40,,,,,97405,23.69,29.96,37.03,5.1,58.14,33.0,24.47,1.0498279,36.0,24.1,1.2048213,33.0,24.5,1.0014546,24.0,24.06,0.6446188,36.5,24.189999999999998,3.8066624897703196,0.28030196515415806,0.19574457712609528,0.28030196515415806,0.5877866649021191,47,30.79,29.66,30.74,30.53,0.0,0.9,0.4,0.0,54.71,58.86,53.29,55.29,19.0,36.0,26.0,23.0
2024-12-01,202449,19.0,19,19,19,0.011796222,2.187622,0,1,221100120244920431,2025-12-09,Teresina,0.5361003,868523,1.0,0,0,17,,,,,97405,23.74,27.94,33.66,29.2,68.86,44.0,23.69,1.2882383,33.0,24.47,1.0498279,36.0,24.1,1.2048213,33.0,24.5,1.0014546,33.0,24.0,2.995732273553991,-0.8109302162163288,-0.5306282510621707,-0.6151856390902335,-0.5306282510621707,48,29.96,30.79,29.66,30.74,5.1,0.0,0.9,0.4,58.14,54.71,58.86,53.29,36.0,26.0,23.0,31.0
2024-12-08,202450,36.0,36,36,36,0.5868451,4.144968,0,2,221100120245020437,2025-12-15,Teresina,1.0534694,868523,1.0,0,1,34,,,,,97405,23.83,28.99,34.9,6.8,66.71,19.0,23.74,0.5361003,44.0,23.69,1.2882383,33.0,24.47,1.0498279,36.0,24.1,1.2048213,33.0,23.9325,3.6109179126442243,0.6151856390902335,-0.19574457712609528,0.08455738802806279,0.0,49,27.94,29.96,30.79,29.66,29.2,5.1,0.0,0.9,68.86,58.14,54.71,58.86,26.0,23.0,31.0,46.0
2024-12-15,202451,26.0,26,26,26,0.2823221,2.993588,0,1,221100120245120437,2025-12-15,Teresina,0.85845333,868523,0.0,0,0,22,,,,,97405,24.59,30.13,36.33,0.2,60.29,36.0,23.83,1.0534694,19.0,23.74,0.5361003,44.0,23.69,1.2882383,33.0,24.47,1.0498279,31.25,23.9625,3.295836866004329,-0.3150810466398952,0.30010459245033827,-0.5108256237659905,-0.23052365861183244,50,28.99,27.94,29.96,30.79,6.8,29.2,5.1,0.0,66.71,68.86,58.14,54.71,23.0,31.0,46.0,63.0
2024-12-22,202452,23.0,23,23,23,0.19982405,2.648174,0,1,221100120245220437,2025-12-15,Teresina,0.79258096,868523,1.0,0,0,19,,,,,97405,24.41,29.69,36.0,1.8,61.86,26.0,24.59,0.85845333,36.0,23.83,1.0534694,19.0,23.74,0.5361003,44.0,23.69,1.2882383,26.0,24.142500000000002,3.1780538303479458,-0.11778303565638337,-0.4328640822962786,0.1823215567939549,-0.6286086594223739,51,30.13,28.99,27.94,29.96,0.2,6.8,29.2,5.1,60.29,66.71,68.86,58.14,31.0,46.0,63.0,67.0
2024-12-29,202501,31.0,31,31,31,0.6752783,3.569278,0,1,221100120250120459,2026-01-06,Teresina,1.1253171,868523,1.0,0,1,8,,,,,97405,24.43,29.19,35.4,8.2,68.0,23.0,24.41,0.79258096,26.0,24.59,0.85845333,36.0,23.83,1.0534694,19.0,23.74,0.5361003,29.0,24.314999999999998,3.4657359027997265,0.2876820724517808,0.16989903679539742,-0.1451820098444978,0.4700036292457357,52,29.69,30.13,28.99,27.94,1.8,0.2,6.8,29.2,61.86,60.29,66.71,68.86,46.0,63.0,67.0,92.0
2025-01-05,202502,46.0,46,46,46,0.98552495,5.296348,0,2,221100120250220459,2026-01-06,Teresina,1.6736155,868523,1.0,1,1,31,,,,,97405,24.26,27.71,32.33,76.4,77.86,31.0,24.43,1.1253171,23.0,24.41,0.79258096,26.0,24.59,0.85845333,36.0,23.83,1.0534694,31.5,24.4225,3.8501476017100584,0.3844116989103319,0.6720937713621127,0.5543107357057293,0.23922968906583408,1,29.19,29.69,30.13,28.99,8.2,1.8,0.2,6.8,68.0,61.86,60.29,66.71,63.0,67.0,92.0,107.0
2025-01-12,202503,63.0,63,63,63,0.9985433,7.253694,0,1,221100120250320486,2026-02-02,Teresina,1.8512782,868523,0.0,1,1,54,,,,,97405,23.29,25.91,29.8,91.1,86.29,46.0,24.26,1.6736155,31.0,24.43,1.1253171,23.0,24.41,0.79258096,26.0,24.59,0.85845333,40.75,24.097499999999997,4.1588830833596715,0.30873548164961306,0.693147180559945,0.9808292530117257,0.8630462173553424,2,27.71,29.19,29.69,30.13,76.4,8.2,1.8,0.2,77.86,68.0,61.86,60.29,67.0,92.0,107.0,120.0
2025-01-19,202504,67.0,67,67,67,0.97619253,7.714246,0,3,221100120250420491,2026-02-07,Teresina,1.4541239,868523,0.0,1,1,59,,,,,97405,22.7,25.97,31.23,65.7,85.86,63.0,23.29,1.8512782,46.0,24.26,1.6736155,31.0,24.43,1.1253171,23.0,24.41,0.79258096,51.75,23.669999999999998,4.219507705176107,0.060624621816435464,0.36936010346604853,0.7537718023763804,1.0414538748281612,3,25.91,27.71,29.19,29.69,91.1,76.4,8.2,1.8,86.29,77.86,68.0,61.86,92.0,107.0,120.0,124.0
2025-01-26,202505,92.0,92,92,92,0.99635804,10.592696,0,3,221100120250520495,2026-02-11,Teresina,1.553466,868523,1.0,1,1,77,,,,,97405,23.37,27.24,32.7,34.8,81.14,67.0,22.7,1.4541239,63.0,23.29,1.8512782,46.0,24.26,1.6736155,31.0,24.43,1.1253171,67.0,23.405,4.532599493153256,0.3130917879771493,0.3737164097935848,0.6824518914431978,1.0668635903535297,4,25.97,25.91,27.71,29.19,65.7,91.1,76.4,8.2,85.86,86.29,77.86,68.0,107.0,120.0,124.0,108.0
2025-02-02,202506,107.0,107,107,107,0.99503046,12.319766,0,3,221100120250620503,2026-02-19,Teresina,1.4731045,868523,1.0,1,1,92,,,,,97405,23.34,27.31,32.51,15.6,80.29,92.0,23.37,1.553466,67.0,22.7,1.4541239,63.0,23.29,1.8512782,46.0,24.26,1.6736155,82.25,23.175,4.68213122712422,0.14953173397096364,0.46262352194811296,0.5232481437645484,0.8319836254141615,5,27.24,25.97,25.91,27.71,34.8,65.7,91.1,76.4,81.14,85.86,86.29,77.86,120.0,124.0,108.0,109.0
2025-02-09,202507,120.0,120,120,120,0.98463476,13.81656,0,3,221100120250720507,2026-02-23,Teresina,1.3499225,868523,1.0,1,1,104,,,,,97405,23.07,27.24,32.56,18.1,81.43,107.0,23.34,1.4731045,92.0,23.37,1.553466,67.0,22.7,1.4541239,63.0,23.29,1.8512782,96.5,23.119999999999997,4.795790545596741,0.11365931847252142,0.26319105244348506,0.5762828404206344,0.6369074622370698,6,27.31,27.24,25.97,25.91,15.6,34.8,65.7,91.1,80.29,81.14,85.86,86.29,124.0,108.0,109.0,137.0
2025-02-16,202508,124.0,124,124,124,0.90103227,14.277112,0,2,221100120250820516,2026-03-04,Teresina,1.1856691,868523,1.0,0,1,110,,,,,97405,22.91,26.54,31.67,36.7,85.71,120.0,23.07,1.3499225,107.0,23.34,1.4731045,92.0,23.37,1.553466,67.0,22.7,1.4541239,110.75,23.1725,4.8283137373023015,0.03252319170556017,0.1461825101780816,0.29571424414904524,0.6088060321261946,7,27.24,27.31,27.24,25.97,18.1,15.6,34.8,65.7,81.43,80.29,81.14,85.86,108.0,109.0,137.0,169.0
2025-02-23,202509,108.0,108,108,108,0.32232404,12.434904,0,2,221100120250920521,2026-03-09,Teresina,0.9401774,868523,1.0,0,1,104,,,,,97405,23.14,26.09,30.71,108.7,88.71,124.0,22.91,1.1856691,120.0,23.07,1.3499225,107.0,23.34,1.4731045,92.0,23.37,1.553466,114.75,23.115000000000002,4.6913478822291435,-0.13696585507315806,-0.10444266336759789,0.009216655104923532,0.15874838907588718,8,26.54,27.24,27.31,27.24,36.7,18.1,15.6,34.8,85.71,81.43,80.29,81.14,109.0,137.0,169.0,167.0
2025-03-02,202510,109.0,109,109,109,0.303399,12.550042,0,1,221100120251020529,2026-03-17,Teresina,0.9338828,868523,0.0,0,1,101,,,,,97405,22.91,25.86,30.3,43.3,89.86,108.0,23.14,0.9401774,124.0,22.91,1.1856691,120.0,23.07,1.3499225,107.0,23.34,1.4731045,115.25,23.0075,4.700480365792417,0.00913248356327312,-0.12783337150988494,-0.09531017980432477,0.018349138668196652,9,26.09,26.54,27.24,27.31,108.7,36.7,18.1,15.6,88.71,85.71,81.43,80.29,137.0,169.0,167.0,215.0
2025-03-09,202511,137.0,137,137,137,0.9287633,15.773906,0,1,221100120251120535,2026-03-23,Teresina,1.2035784,868523,0.0,0,1,117,,,,,97405,23.03,26.43,31.36,29.2,85.43,109.0,22.91,0.9338828,108.0,23.14,0.9401774,124.0,22.91,1.1856691,120.0,23.07,1.3499225,119.5,22.997500000000002,4.927253685157205,0.2267733193647885,0.23590580292806163,0.09893994785490356,0.13146313956046374,10,25.86,26.09,26.54,27.24,43.3,108.7,36.7,18.1,89.86,88.71,85.71,81.43,169.0,167.0,215.0,222.0
2025-03-16,202512,169.0,169,169,169,0.99840844,19.458323,0,1,221100120251220543,2026-03-31,Teresina,1.4185805,868523,1.0,1,1,150,,,,,97405,23.51,26.33,31.46,102.7,88.14,137.0,23.03,1.2035784,109.0,22.91,0.9338828,108.0,23.14,0.9401774,124.0,22.91,1.1856691,130.75,23.1475,5.135798437050262,0.208544751893057,0.4353180712578455,0.4444505548211186,0.30748469974796055,11,26.43,25.86,26.09,26.54,29.2,43.3,108.7,36.7,85.43,89.86,88.71,85.71,167.0,215.0,222.0,218.0
2025-03-23,202513,167.0,167,167,167,0.95581734,19.228046,0,1,221100120251320552,2026-04-09,Teresina,1.2159936,868523,1.0,1,1,156,,,,,97405,23.14,27.14,32.06,19.3,81.57,169.0,23.51,1.4185805,137.0,23.03,1.2035784,109.0,22.91,0.9338828,108.0,23.14,0.9401774,145.5,23.1475,5.123963979403259,-0.011834457647003305,0.19671029424605369,0.4234836136108422,0.4326160971741153,12,26.33,26.43,25.86,26.09,102.7,29.2,43.3,108.7,88.14,85.43,89.86,88.71,215.0,222.0,218.0,247.0
2025-03-30,202514,215.0,215,215,215,0.9981705,24.75467,0,3,221100120251420556,2026-04-13,Teresina,1.3524663,868523,1.0,1,1,188,,,,,97405,22.8,26.8,32.13,17.0,84.43,167.0,23.14,1.2159936,169.0,23.51,1.4185805,137.0,23.03,1.2035784,109.0,22.91,0.9338828,172.0,23.12,5.375278407684165,0.25131442828090655,0.23947997063390325,0.44802472252696024,0.6747980418917487,13,27.14,26.33,26.43,25.86,19.3,102.7,29.2,43.3,81.57,88.14,85.43,89.86,222.0,218.0,247.0,245.0
2025-04-06,202515,222.0,222,222,222,0.9833902,25.560637,0,3,221100120251520566,2026-04-23,Teresina,1.2373163,868523,1.0,1,1,190,,,,,97405,23.24,27.01,32.43,15.9,84.0,215.0,22.8,1.3524663,167.0,23.14,1.2159936,169.0,23.51,1.4185805,137.0,23.03,1.2035784,193.25,23.1725,5.407171771460119,0.03189336377595353,0.2832077920568601,0.2713733344098568,0.47991808630291377,14,26.8,27.14,26.33,26.43,17.0,19.3,102.7,29.2,84.43,81.57,88.14,85.43,218.0,247.0,245.0,317.0
2025-04-13,202516,218.0,218,218,218,0.79123384,25.100084,0,2,221100120251620571,2026-04-28,Teresina,1.082339,868523,1.0,0,1,184,,,,,97405,23.36,27.77,33.2,3.0,79.71,222.0,23.24,1.2373163,215.0,22.8,1.3524663,167.0,23.14,1.2159936,169.0,23.51,1.4185805,205.5,23.135,5.389071729816501,-0.018100041643617892,0.01379332213233564,0.2651077504132422,0.2532732927662389,15,27.01,26.8,27.14,26.33,15.9,17.0,19.3,102.7,84.0,84.43,81.57,88.14,247.0,245.0,317.0,250.0
2025-04-20,202517,247.0,247,247,247,0.92226696,28.439085,0,2,221100120251720578,2026-05-05,Teresina,1.1410977,868523,1.0,0,1,213,,,,,97405,23.2,26.77,31.97,35.2,84.43,218.0,23.36,1.082339,222.0,23.24,1.2373163,215.0,22.8,1.3524663,167.0,23.14,1.2159936,225.5,23.150000000000002,5.5134287461649825,0.12435701634848151,0.10625697470486362,0.13815033848081715,0.3894647667617237,16,27.77,27.01,26.8,27.14,3.0,15.9,17.0,19.3,79.71,84.0,84.43,81.57,245.0,317.0,250.0,258.0
2025-04-27,202518,245.0,245,245,245,0.8088564,28.208809,0,1,221100120251820586,2026-05-13,Teresina,1.0837979,868523,0.0,0,1,208,,,,,97405,23.23,27.2,32.34,3.3,80.86,247.0,23.2,1.1410977,218.0,23.36,1.082339,222.0,23.24,1.2373163,215.0,22.8,1.3524663,233.0,23.2575,5.5053315359323625,-0.00809721023262,0.11625980611586151,0.09815976447224362,0.13005312824819715,17,26.77,27.77,27.01,26.8,35.2,3.0,15.9,17.0,84.43,79.71,84.0,84.43,317.0,250.0,258.0,201.0
2025-05-04,202519,317.0,317,317,317,0.999404,36.498745,0,1,221100120251920592,2026-05-19,Teresina,1.3172772,868523,1.0,1,2,263,,,,,97405,23.01,27.69,33.5,4.0,76.57,245.0,23.23,1.0837979,247.0,23.2,1.1410977,218.0,23.36,1.082339,222.0,23.24,1.2373163,256.75,23.2,5.762051382780177,0.25671984684781446,0.24862263661519446,0.37297965296367597,0.3548796113200581,18,27.2,26.77,27.77,27.01,3.3,35.2,3.0,15.9,80.86,84.43,79.71,84.0,250.0,258.0,201.0,202.0
2025-05-11,202520,250.0,250,250,250,0.32103384,28.7845,0,4,221100120252020599,2026-05-26,Teresina,0.95971864,868523,1.0,0,2,212,,,,,97405,23.51,28.16,33.76,0.8,70.86,317.0,23.01,1.3172772,245.0,23.23,1.0837979,247.0,23.2,1.1410977,218.0,23.36,1.082339,264.75,23.2375,5.5254529391317835,-0.23659844364839344,0.020121403199421017,0.012024192966801017,0.13638120931528253,19,27.69,27.2,26.77,27.77,4.0,3.3,35.2,3.0,76.57,80.86,84.43,79.71,258.0,201.0,202.0,171.0
2025-05-18,202521,258.0,258,258,258,0.23708059,29.705605,0,4,221100120252120608,2026-06-04,Teresina,0.9398845,868523,0.0,0,2,220,,,,,97405,24.26,28.13,32.86,3.3,70.14,250.0,23.51,0.95971864,317.0,23.01,1.3172772,245.0,23.23,1.0837979,247.0,23.2,1.1410977,267.5,23.5025,5.556828061699537,0.03137512256775388,-0.20522332108063956,0.051496525767174894,0.043399315534554894,20,28.16,27.69,27.2,26.77,0.8,4.0,3.3,35.2,70.86,76.57,80.86,84.43,201.0,202.0,171.0,136.0
2025-05-25,202522,201.0,201,201,201,0.0016846799,23.142738,0,1,221100120252220619,2026-06-15,Teresina,0.7611535,868523,0.0,0,1,169,,,,,97405,23.07,28.41,34.37,0.1,63.86,258.0,24.26,0.9398845,250.0,23.51,0.95971864,317.0,23.01,1.3172772,245.0,23.23,1.0837979,256.5,23.4625,5.308267697401205,-0.24856036429833228,-0.2171852417305784,-0.45378368537897185,-0.1970638385311574,21,28.13,28.16,27.69,27.2,3.3,0.8,4.0,3.3,70.14,70.86,76.57,80.86,202.0,171.0,136.0,139.0
2025-06-01,202523,202.0,202,202,202,0.031101957,23.257875,0,1,221100120252320621,2026-06-17,Teresina,0.83749175,868523,0.0,0,1,174,,,,,97405,23.43,28.24,33.59,0.5,66.29,201.0,23.07,0.7611535,258.0,24.26,0.9398845,250.0,23.51,0.95971864,317.0,23.01,1.3172772,227.75,23.567500000000003,5.313205979041787,0.004938281640582076,-0.2436220826577502,-0.21224696008999633,-0.44884540373838977,22,28.41,28.13,28.16,27.69,0.1,3.3,0.8,4.0,63.86,70.14,70.86,76.57,171.0,136.0,139.0,148.0
2025-06-08,202524,171.0,171,171,171,0.011414037,19.688599,0,1,221100120252420627,2026-06-23,Teresina,0.79290676,868523,0.0,0,1,144,,,,,97405,23.73,28.14,33.44,1.0,69.0,202.0,23.43,0.83749175,201.0,23.07,0.7611535,258.0,24.26,0.9398845,250.0,23.51,0.95971864,208.0,23.622500000000002,5.147494476813453,-0.16571150222833442,-0.16077322058775234,-0.4093335848860846,-0.37795846231833075,23,28.24,28.41,28.13,28.16,0.5,0.1,3.3,0.8,66.29,63.86,70.14,70.86,136.0,139.0,148.0,119.0
2025-06-15,202525,136.0,136,136,136,0.00080071326,15.658768,0,1,221100120252520636,2026-07-02,Teresina,0.70458055,868523,0.0,0,1,119,,,,,97405,23.36,27.77,32.5,0.1,63.29,171.0,23.73,0.79290676,202.0,23.43,0.83749175,201.0,23.07,0.7611535,258.0,24.26,0.9398845,177.5,23.3975,4.919980925828125,-0.22751355098532766,-0.3932250532136621,-0.38828677157308,-0.6368471358714123,24,28.14,28.24,28.41,28.13,1.0,0.5,0.1,3.3,69.0,66.29,63.86,70.14,139.0,148.0,119.0,123.0
2025-06-22,202526,139.0,139,139,139,0.040718067,16.00418,0,1,221100120252620642,2026-07-08,Teresina,0.8198679,868523,0.0,0,1,131,,,,,97405,23.09,28.21,33.81,0.0,63.57,136.0,23.36,0.70458055,171.0,23.73,0.79290676,202.0,23.43,0.83749175,201.0,23.07,0.7611535,162.0,23.4025,4.941642422609304,0.02166149678117879,-0.20585205420414887,-0.3715635564324833,-0.3666252747919012,25,27.77,28.14,28.24,28.41,0.1,1.0,0.5,0.1,63.29,69.0,66.29,63.86,148.0,119.0,123.0,109.0
2025-06-29,202527,148.0,148,148,148,0.47476172,17.040424,0,1,221100120252720647,2026-07-13,Teresina,0.9926915,868523,0.0,0,1,128,,,,,97405,23.4,28.09,33.6,0.0,59.0,139.0,23.09,0.8198679,136.0,23.36,0.70458055,171.0,23.73,0.79290676,202.0,23.43,0.83749175,148.5,23.395,5.003946305945459,0.06230388333615533,0.08396538011733412,-0.14354817086799354,-0.30925967309632796,26,28.21,27.77,28.14,28.24,0.0,0.1,1.0,0.5,63.57,63.29,69.0,66.29,119.0,123.0,109.0,107.0
2025-07-06,202528,119.0,119,119,119,0.088084646,13.701422,0,1,221100120252820654,2026-07-20,Teresina,0.8454553,868523,0.0,0,1,105,,,,,97405,24.19,28.66,34.04,0.0,56.14,148.0,23.4,0.9926915,139.0,23.09,0.8198679,136.0,23.36,0.70458055,171.0,23.73,0.79290676,135.5,23.509999999999998,4.787491742782046,-0.21645456316341338,-0.15415067982725805,-0.13248918304607926,-0.3600027340314069,27,28.09,28.21,27.77,28.14,0.0,0.0,0.1,1.0,59.0,63.57,63.29,69.0,123.0,109.0,107.0,109.0
2025-07-13,202529,123.0,123,123,123,0.2050091,14.161974,0,1,221100120252920662,2026-07-28,Teresina,0.9028136,868523,0.0,0,1,107,,,,,97405,22.59,28.0,34.39,0.0,52.0,119.0,24.19,0.8454553,148.0,23.4,0.9926915,139.0,23.09,0.8198679,136.0,23.36,0.70458055,132.25,23.317500000000003,4.820281565605037,0.032789822822991255,-0.18366474034042213,-0.1213608570042668,-0.09969936022308801,28,28.66,28.09,28.21,27.77,0.0,0.0,0.0,0.1,56.14,59.0,63.57,63.29,109.0,107.0,109.0,94.0
2025-07-20,202530,109.0,109,109,109,0.119327076,12.550042,0,1,221100120253020671,2026-08-06,Teresina,0.85783625,868523,0.0,0,1,97,,,,,97405,24.27,29.2,35.53,0.0,56.14,123.0,22.59,0.9028136,119.0,24.19,0.8454553,148.0,23.4,0.9926915,139.0,23.09,0.8198679,124.75,23.6125,4.700480365792417,-0.1198011998126205,-0.08701137698962924,-0.3034659401530426,-0.2411620568168873,29,28.0,28.66,28.09,28.21,0.0,0.0,0.0,0.0,52.0,56.14,59.0,63.57,107.0,109.0,94.0,97.0
2025-07-27,202531,107.0,107,107,107,0.21861336,12.319766,0,1,221100120253120676,2026-08-11,Teresina,0.90184367,868523,0.0,0,1,89,,,,,97405,23.0,28.43,34.6,0.0,56.29,109.0,24.27,0.85783625,123.0,22.59,0.9028136,119.0,24.19,0.8454553,148.0,23.4,0.9926915,114.5,23.5125,4.68213122712422,-0.018349138668196652,-0.13815033848081715,-0.10536051565782589,-0.3218150788212393,30,29.2,28.0,28.66,28.09,0.0,0.0,0.0,0.0,56.14,52.0,56.14,59.0,109.0,94.0,97.0,81.0
2025-08-03,202532,109.0,109,109,109,0.41667712,12.550042,0,1,221100120253220683,2026-08-18,Teresina,0.97214866,868523,0.0,0,1,101,,,,,97405,23.9,29.46,35.39,0.0,51.57,107.0,23.0,0.90184367,109.0,24.27,0.85783625,123.0,22.59,0.9028136,119.0,24.19,0.8454553,112.0,23.439999999999998,4.700480365792417,0.018349138668196652,0.0,-0.1198011998126205,-0.08701137698962924,31,28.43,29.2,28.0,28.66,0.0,0.0,0.0,0.0,56.29,56.14,52.0,56.14,94.0,97.0,81.0,80.0
2025-08-10,202533,94.0,94,94,94,0.16676976,10.822972,0,1,221100120253320689,2026-08-24,Teresina,0.8727957,868523,1.0,0,1,85,,,,,97405,23.53,28.37,34.69,1.3,64.29,109.0,23.9,0.97214866,107.0,23.0,0.90184367,109.0,24.27,0.85783625,123.0,22.59,0.9028136,104.75,23.674999999999997,4.553876891600541,-0.1466034741918758,-0.12825433552367915,-0.1466034741918758,-0.2664046740044963,32,29.46,28.43,29.2,28.0,0.0,0.0,0.0,0.0,51.57,56.29,56.14,52.0,97.0,81.0,80.0,81.0
2025-08-17,202534,97.0,97,97,97,0.3151831,11.1683855,0,1,221100120253420698,2026-09-02,Teresina,0.93445134,868523,0.0,0,1,81,,,,,97405,24.2,29.57,35.73,0.0,45.57,94.0,23.53,0.8727957,109.0,23.9,0.97214866,107.0,23.0,0.90184367,109.0,24.27,0.85783625,101.75,23.6575,4.584967478670572,0.03109058707003154,-0.11551288712184427,-0.09716374845364761,-0.11551288712184427,33,28.37,29.46,28.43,29.2,1.3,0.0,0.0,0.0,64.29,51.57,56.29,56.14,81.0,80.0,81.0,63.0
2025-08-24,202535,81.0,81,81,81,0.10127383,9.326178,0,1,221100120253520707,2026-09-11,Teresina,0.82655966,868523,0.0,0,1,73,,,,,97405,24.59,30.3,36.7,0.0,45.0,97.0,24.2,0.93445134,94.0,23.53,0.8727957,109.0,23.9,0.97214866,107.0,23.0,0.90184367,95.25,24.055,4.406719247264253,-0.17824823140631896,-0.14715764433628742,-0.2937611185281632,-0.27541197985996657,34,29.57,28.37,29.46,28.43,0.0,1.3,0.0,0.0,45.57,64.29,51.57,56.29,80.0,81.0,63.0,50.0
2025-08-31,202536,80.0,80,80,80,0.18458042,9.21104,0,1,221100120253620713,2026-09-17,Teresina,0.872072,868523,0.0,0,1,73,,,,,97405,25.39,30.79,36.37,0.0,42.29,81.0,24.59,0.82655966,97.0,24.2,0.93445134,94.0,23.53,0.8727957,109.0,23.9,0.97214866,88.0,24.4275,4.394449154672439,-0.012270092591814219,-0.19051832399813318,-0.15942773692810164,-0.30603121111997744,35,30.3,29.57,28.37,29.46,0.0,0.0,1.3,0.0,45.0,45.57,64.29,51.57,81.0,63.0,50.0,64.0
2025-09-07,202537,81.0,81,81,81,0.37520245,9.326178,0,1,221100120253720719,2026-09-23,Teresina,0.95194316,868523,0.0,0,1,69,,,,,97405,24.56,30.79,37.3,0.0,45.43,80.0,25.39,0.872072,81.0,24.59,0.82655966,97.0,24.2,0.93445134,94.0,23.53,0.8727957,84.75,24.685000000000002,4.406719247264253,0.012270092591814219,0.0,-0.17824823140631896,-0.14715764433628742,36,30.79,30.3,29.57,28.37,0.0,0.0,0.0,1.3,42.29,45.0,45.57,64.29,63.0,50.0,64.0,48.0
2025-09-14,202538,63.0,63,63,63,0.07464195,7.253694,0,1,221100120253820719,2026-09-23,Teresina,0.7856877,868523,0.0,0,1,58,,,,,97405,24.54,30.74,37.41,0.0,47.71,81.0,24.56,0.95194316,80.0,25.39,0.872072,81.0,24.59,0.82655966,97.0,24.2,0.93445134,76.25,24.77,4.1588830833596715,-0.24783616390458185,-0.23556607131276763,-0.24783616390458185,-0.4260843953109008,37,30.79,30.79,30.3,29.57,0.0,0.0,0.0,0.0,45.43,42.29,45.0,45.57,50.0,64.0,48.0,74.0
2025-09-21,202539,50.0,50,50,50,0.013732889,5.7569,0,1,221100120253920719,2026-09-23,Teresina,0.6717578,868523,0.0,0,1,40,,,,,97405,24.49,30.86,37.57,0.0,47.0,63.0,24.54,0.7856877,81.0,24.56,0.95194316,80.0,25.39,0.872072,81.0,24.59,0.82655966,68.5,24.744999999999997,3.9318256327243257,-0.22705745063534577,-0.4748936145399276,-0.4626235219481134,-0.4748936145399276,38,30.74,30.79,30.79,30.3,0.0,0.0,0.0,0.0,47.71,45.43,42.29,45.0,64.0,48.0,74.0,58.0
2025-09-28,202540,64.0,64,64,64,0.4655648,7.368832,0,1,221100120254020719,2026-09-23,Teresina,0.98494375,868523,0.0,0,1,57,,,,,97405,25.93,31.31,37.53,0.0,43.86,50.0,24.49,0.6717578,63.0,24.54,0.7856877,81.0,24.56,0.95194316,80.0,25.39,0.872072,64.5,24.88,4.174387269895637,0.24256163717131107,0.015504186535965303,-0.23233197736861655,-0.22006188477680233,39,30.86,30.74,30.79,30.79,0.0,0.0,0.0,0.0,47.0,47.71,45.43,42.29,48.0,74.0,58.0,56.0
2025-10-05,202541,48.0,48,48,48,0.16438955,5.5266237,0,1,221100120254120719,2026-09-23,Teresina,0.8274754,868523,0.0,0,1,44,,,,,97405,25.29,31.57,38.21,0.0,47.86,64.0,25.93,0.98494375,50.0,24.49,0.6717578,63.0,24.54,0.7856877,81.0,24.56,0.95194316,56.25,25.0625,3.8918202981106265,-0.28256697178501033,-0.04000533461369926,-0.26706278524904503,-0.5148989491536269,40,31.31,30.86,30.74,30.79,0.0,0.0,0.0,0.0,43.86,47.0,47.71,45.43,74.0,58.0,56.0,54.0
2025-10-12,202542,74.0,74,74,74,0.93202454,8.520212,0,1,221100120254220719,2026-09-23,Teresina,1.2979722,868523,0.0,0,1,60,,,,,97405,24.21,31.14,38.41,0.0,46.14,48.0,25.29,0.8274754,64.0,25.93,0.98494375,50.0,24.49,0.6717578,63.0,24.54,0.7856877,59.0,24.98,4.31748811353631,0.42566781542568366,0.14310084364067333,0.3856624808119844,0.15860503017663863,41,31.57,31.31,30.86,30.74,0.0,0.0,0.0,0.0,47.86,43.86,47.0,47.71,58.0,56.0,54.0,57.0
2025-10-19,202543,58.0,58,58,58,0.47546244,6.678004,0,1,221100120254320719,2026-09-23,Teresina,0.9887086,868523,0.0,0,1,47,,,,,97405,24.49,29.44,35.2,16.5,58.29,74.0,24.21,1.2979722,48.0,25.29,0.8274754,64.0,25.93,0.98494375,50.0,24.49,0.6717578,61.0,24.98,4.07753744390572,-0.23995066963059042,0.18571714579509324,-0.0968498259899171,0.14571181118139398,42,31.14,31.57,31.31,30.86,0.0,0.0,0.0,0.0,46.14,47.86,43.86,47.0,56.0,54.0,57.0,50.0
2025-10-26,202544,56.0,56,56,56,0.29336563,6.447728,0,1,221100120254420719,2026-09-23,Teresina,0.904982,868523,0.0,0,1,49,,,,,97405,24.81,30.91,37.07,0.2,50.43,58.0,24.49,0.9887086,74.0,24.21,1.2979722,48.0,25.29,0.8274754,64.0,25.93,0.98494375,59.0,24.7,4.04305126783455,-0.03448617607116944,-0.27443684570175986,0.1512309697239238,-0.13133600206108653,43,29.44,31.14,31.57,31.31,16.5,0.0,0.0,0.0,58.29,46.14,47.86,43.86,54.0,57.0,50.0,47.0
2025-11-02,202545,54.0,54,54,54,0.27424896,6.217452,0,1,221100120254520719,2026-09-23,Teresina,0.894153,868523,0.0,0,1,45,,,,,97405,24.9,30.43,36.83,0.7,55.86,56.0,24.81,0.904982,58.0,24.49,0.9887086,74.0,24.21,1.2979722,48.0,25.29,0.8274754,60.5,24.6025,4.007333185232471,-0.03571808260207909,-0.07020425867324853,-0.31015492830383895,0.11551288712184471,44,30.91,29.44,31.14,31.57,0.2,16.5,0.0,0.0,50.43,58.29,46.14,47.86,57.0,50.0,47.0,61.0
2025-11-09,202546,57.0,57,57,57,0.50992316,6.5628657,0,1,221100120254620719,2026-09-23,Teresina,1.0046589,868523,0.0,0,1,37,,,,,97405,25.24,30.89,37.03,0.2,52.43,54.0,24.9,0.894153,56.0,24.81,0.904982,58.0,24.49,0.9887086,74.0,24.21,1.2979722,56.25,24.86,4.060443010546419,0.05310982531394792,0.01739174271186883,-0.01709443335930061,-0.25704510298989103,45,30.43,30.91,29.44,31.14,0.7,0.2,16.5,0.0,55.86,50.43,58.29,46.14,50.0,47.0,61.0,48.0
2025-11-16,202547,50.0,50,50,50,0.31034517,5.7569,0,1,221100120254720719,2026-09-23,Teresina,0.9082475,868523,1.0,0,1,45,,,,,97405,24.99,29.97,35.7,5.3,60.14,57.0,25.24,1.0046589,54.0,24.9,0.894153,56.0,24.81,0.904982,58.0,24.49,0.9887086,54.25,24.985,3.9318256327243257,-0.12861737782209337,-0.07550755250814545,-0.11122563511022454,-0.14571181118139398,46,30.89,30.43,30.91,29.44,0.2,0.7,0.2,16.5,52.43,55.86,50.43,58.29,47.0,61.0,48.0,49.0
2025-11-23,202548,47.0,47,47,47,0.25019965,5.411486,0,1,221100120254820719,2026-09-23,Teresina,0.8746992,868523,0.0,0,1,40,,,,,97405,25.27,31.07,37.23,0.1,53.71,50.0,24.99,0.9082475,57.0,25.24,1.0046589,54.0,24.9,0.894153,56.0,24.81,0.904982,52.0,25.099999999999998,3.871201010907891,-0.060624621816434576,-0.18924199963852795,-0.13613217432458002,-0.17185025692665912,47,29.97,30.89,30.43,30.91,5.3,0.2,0.7,0.2,60.14,52.43,55.86,50.43,61.0,48.0,49.0,51.0
2025-11-30,202549,61.0,61,61,61,0.81378293,7.023418,0,1,221100120254920719,2026-09-23,Teresina,1.1826957,868523,0.0,0,1,54,,,,,97405,25.26,29.84,35.14,1.6,60.0,47.0,25.27,0.8746992,50.0,24.99,0.9082475,57.0,25.24,1.0046589,54.0,24.9,0.894153,53.75,25.19,4.127134385045092,0.2559333741372005,0.19530875232076594,0.06669137449867257,0.1198011998126205,48,31.07,29.97,30.89,30.43,0.1,5.3,0.2,0.7,53.71,60.14,52.43,55.86,48.0,49.0,51.0,55.0
2025-12-07,202550,48.0,48,48,48,0.3613469,5.5266237,0,1,221100120255020719,2026-09-23,Teresina,0.9315868,868523,0.0,0,1,46,,,,,97405,25.13,30.2,36.06,0.3,59.29,61.0,25.26,1.1826957,47.0,25.27,0.8746992,50.0,24.99,0.9082475,57.0,25.24,1.0046589,51.5,25.162499999999998,3.8918202981106265,-0.2353140869344652,0.020619287202735315,-0.04000533461369926,-0.16862271243579263,49,29.84,31.07,29.97,30.89,1.6,0.1,5.3,0.2,60.0,53.71,60.14,52.43,49.0,51.0,55.0,75.0
2025-12-14,202551,49.0,49,49,49,0.34801486,5.641762,0,1,221100120255120719,2026-09-23,Teresina,0.9257907,868523,0.0,0,1,45,,,,,97405,25.21,29.46,34.49,7.8,64.29,48.0,25.13,0.9315868,61.0,25.26,1.1826957,47.0,25.27,0.8746992,50.0,24.99,0.9082475,51.25,25.2175,3.912023005428146,0.020202707317519497,-0.2151113796169457,0.04082199452025481,-0.019802627296179764,50,30.2,29.84,31.07,29.97,0.3,1.6,0.1,5.3,59.29,60.0,53.71,60.14,51.0,55.0,75.0,53.0
2025-12-21,202552,51.0,51,51,51,0.4886571,5.872038,0,1,221100120255220719,2026-09-23,Teresina,0.99441516,868523,1.0,0,1,46,,,,,97405,23.37,26.81,31.11,57.8,79.43,49.0,25.21,0.9257907,48.0,25.13,0.9315868,61.0,25.26,1.1826957,47.0,25.27,0.8746992,52.25,24.7425,3.9512437185814275,0.03922071315328157,0.05942342047080107,-0.17589066646366414,0.08004270767353638,51,29.46,30.2,29.84,31.07,7.8,0.3,1.6,0.1,64.29,59.29,60.0,53.71,55.0,75.0,53.0,74.0
2025-12-28,202553,55.0,55,55,55,0.68859226,6.33259,0,1,221100120255320719,2026-09-23,Teresina,1.1004115,868523,1.0,0,1,43,,,,,97405,24.67,29.14,34.63,1.4,67.86,51.0,23.37,0.99441516,49.0,25.21,0.9257907,48.0,25.13,0.9315868,61.0,25.26,1.1826957,50.75,24.595,4.02535169073515,0.07410797215372211,0.11332868530700368,0.13353139262452318,-0.10178269430994202,52,26.81,29.46,30.2,29.84,57.8,7.8,0.3,1.6,79.43,64.29,59.29,60.0,75.0,53.0,74.0,96.0
2026-01-04,202601,75.0,75,75,75,0.9778612,8.63535,0,2,221100120260120719,2026-09-23,Teresina,1.4305167,868523,1.0,1,1,59,,,,,97405,24.2,29.33,34.96,1.7,62.29,55.0,24.67,1.1004115,51.0,23.37,0.99441516,49.0,25.21,0.9257907,48.0,25.13,0.9315868,57.5,24.3625,4.330733340286331,0.3053816495511814,0.3794896217049035,0.4187103348581851,0.4389130421757046,1,29.14,26.81,29.46,30.2,1.4,57.8,7.8,0.3,67.86,79.43,64.29,59.29,53.0,74.0,96.0,110.0
2026-01-11,202602,53.0,53,53,53,0.3116521,6.102314,0,1,221100120260220719,2026-09-23,Teresina,0.91130775,868523,0.0,0,1,39,,,,,97405,24.51,29.4,34.9,7.8,63.29,75.0,24.2,1.4305167,55.0,24.67,1.1004115,51.0,23.37,0.99441516,49.0,25.21,0.9257907,58.5,24.1875,3.9889840465642745,-0.34174929372205654,-0.036367644170875124,0.03774032798284699,0.07696104113612856,2,29.33,29.14,26.81,29.46,1.7,1.4,57.8,7.8,62.29,67.86,79.43,64.29,74.0,96.0,110.0,131.0
2026-01-18,202603,74.0,74,74,74,0.8266081,8.520212,0,1,221100120260320719,2026-09-23,Teresina,1.1741176,868523,1.0,0,1,54,,,,,97405,23.37,27.31,32.66,25.1,79.29,53.0,24.51,0.91130775,75.0,24.2,1.4305167,55.0,24.67,1.1004115,51.0,23.37,0.99441516,64.25,24.1875,4.31748811353631,0.3285040669720356,-0.013245226750020933,0.2921364228011605,0.3662443949548826,3,29.4,29.33,29.14,26.81,7.8,1.7,1.4,57.8,63.29,62.29,67.86,79.43,96.0,110.0,131.0,152.0
2026-01-25,202604,96.0,96,96,96,0.99194294,11.053247,0,1,221100120260420719,2026-09-23,Teresina,1.4637969,868523,1.0,1,1,79,,,,,97405,23.29,27.17,32.19,67.4,80.0,74.0,23.37,1.1741176,53.0,24.51,0.91130775,75.0,24.2,1.4305167,55.0,24.67,1.1004115,74.5,23.8425,4.574710978503383,0.2572228649670727,0.5857269319391083,0.24397763821705176,0.5493592877682332,4,27.31,29.4,29.33,29.14,25.1,7.8,1.7,1.4,79.29,63.29,62.29,67.86,110.0,131.0,152.0,210.0
2026-02-01,202605,110.0,110,110,110,0.99414474,12.66518,0,2,221100120260520719,2026-09-23,Teresina,1.4509127,868523,1.0,1,1,95,,,,,97405,23.53,27.34,32.37,50.6,80.0,96.0,23.29,1.4637969,74.0,23.37,1.1741176,53.0,24.51,0.91130775,75.0,24.2,1.4305167,83.25,23.675,4.709530201312334,0.1348192228089511,0.3920420877760238,0.7205461547480594,0.37879686102600285,5,27.17,27.31,29.4,29.33,67.4,25.1,7.8,1.7,80.0,79.29,63.29,62.29,131.0,152.0,210.0,221.0
2026-02-08,202606,131.0,131,131,131,0.9945041,15.083077,0,3,221100120260620719,2026-09-23,Teresina,1.4071611,868523,0.0,1,1,115,,,,,97405,22.8,26.29,31.3,45.6,84.43,110.0,23.53,1.4509127,96.0,23.29,1.4637969,74.0,23.37,1.1741176,53.0,24.51,0.91130775,102.75,23.247500000000002,4.882801922586371,0.17327172127403667,0.30809094408298776,0.5653138090500605,0.8938178760220961,6,27.34,27.17,27.31,29.4,50.6,67.4,25.1,7.8,80.0,80.0,79.29,63.29,152.0,210.0,221.0,250.0
2026-02-15,202607,152.0,152,152,152,0.99413407,17.500977,0,3,221100120260720719,2026-09-23,Teresina,1.3661942,868523,0.0,1,1,137,,,,,97405,23.14,26.63,31.8,45.2,84.14,131.0,22.8,1.4071611,110.0,23.53,1.4509127,96.0,23.29,1.4637969,74.0,23.37,1.1741176,122.25,23.189999999999998,5.030437921392435,0.1476359988060647,0.3209077200801014,0.45572694288905247,0.7129498078561252,7,26.29,27.34,27.17,27.31,45.6,50.6,67.4,25.1,84.43,80.0,80.0,79.29,210.0,221.0,250.0,299.0
2026-02-22,202608,210.0,210,210,210,0.99998724,24.17898,0,3,221100120260820719,2026-09-23,Teresina,1.5847362,868523,1.0,1,1,180,,,,,97405,23.83,26.97,31.1,48.7,83.14,152.0,23.14,1.3661942,131.0,22.8,1.4071611,110.0,23.53,1.4509127,96.0,23.29,1.4637969,150.75,23.325000000000003,5.351858133476067,0.32142021208363136,0.46905621088969607,0.6423279321637327,0.7771471549726838,8,26.63,26.29,27.34,27.17,45.2,45.6,50.6,67.4,84.14,84.43,80.0,80.0,221.0,250.0,299.0,345.0
2026-03-01,202609,221.0,221,221,221,0.9988716,25.445498,0,3,221100120260920719,2026-09-23,Teresina,1.3687797,868523,0.0,1,1,200,,,,,97405,23.93,26.89,31.54,79.6,85.14,210.0,23.83,1.5847362,152.0,23.14,1.3661942,131.0,22.8,1.4071611,110.0,23.53,1.4509127,178.5,23.425,5.402677381872279,0.05081924839621266,0.372239460479844,0.5198754592859087,0.6931471805599454,9,26.97,26.63,26.29,27.34,48.7,45.2,45.6,50.6,83.14,84.14,84.43,80.0,250.0,299.0,345.0,339.0
2026-03-08,202610,250.0,250,250,250,0.9954435,28.7845,0,3,221100120261020719,2026-09-23,Teresina,1.281368,868523,1.0,1,2,224,,,,,97405,23.87,27.2,31.97,37.0,84.0,221.0,23.93,1.3687797,210.0,23.83,1.5847362,152.0,23.14,1.3661942,131.0,22.8,1.4071611,208.25,23.692500000000003,5.5254529391317835,0.12277555725950418,0.17359480565571683,0.4950150177393482,0.6426510165454129,10,26.89,26.97,26.63,26.29,79.6,48.7,45.2,45.6,85.14,83.14,84.14,84.43,299.0,345.0,339.0,364.0
2026-03-15,202611,299.0,299,299,299,0.9994587,34.42626,0,4,221100120261120719,2026-09-23,Teresina,1.3323344,868523,1.0,1,2,263,,,,,97405,23.49,26.74,31.23,33.3,84.71,250.0,23.87,1.281368,221.0,23.93,1.3687797,210.0,23.83,1.5847362,152.0,23.14,1.3661942,245.0,23.779999999999998,5.703782474656201,0.17832953552441744,0.3011050927839216,0.35192434118013427,0.6733445532637656,11,27.2,26.89,26.97,26.63,37.0,79.6,48.7,45.2,84.0,85.14,83.14,84.14,345.0,339.0,364.0,352.0
2026-03-22,202612,345.0,345,345,345,0.9998583,39.72261,0,4,221100120261220719,2026-09-23,Teresina,1.3465166,868523,1.0,1,2,311,,,,,97405,23.7,27.34,32.2,13.8,82.71,299.0,23.49,1.3323344,250.0,23.87,1.281368,221.0,23.93,1.3687797,210.0,23.83,1.5847362,278.75,23.7475,5.846438775057725,0.14265630040152377,0.3209858359259412,0.4437613931854454,0.49458064158165804,12,26.74,27.2,26.89,26.97,33.3,37.0,79.6,48.7,84.71,84.0,85.14,83.14,339.0,364.0,352.0,329.0
2026-03-29,202613,339.0,339,339,339,0.96182615,39.03178,0,4,221100120261320719,2026-09-23,Teresina,1.1513284,868523,0.0,1,2,300,,,,,97405,23.31,26.5,31.24,78.5,87.43,345.0,23.7,1.3465166,299.0,23.49,1.3323344,250.0,23.87,1.281368,221.0,23.93,1.3687797,308.25,23.5925,5.8289456176102075,-0.017493157447517227,0.12516314295400655,0.303492678478424,0.42626823573792816,13,27.34,26.74,27.2,26.89,13.8,33.3,37.0,79.6,82.71,84.71,84.0,85.14,364.0,352.0,329.0,448.0
2026-04-05,202614,364.0,364,364,364,0.925235,41.910233,0,4,221100120261420719,2026-09-23,Teresina,1.1159803,868523,1.0,0,2,315,,,,,97405,23.57,27.11,31.81,51.7,85.71,339.0,23.31,1.1513284,345.0,23.7,1.3465166,299.0,23.49,1.3323344,250.0,23.87,1.281368,336.75,23.5175,5.8998973535824915,0.07095173597228399,0.053458578524766764,0.19611487892629054,0.374444414450708,14,26.5,27.34,26.74,27.2,78.5,13.8,33.3,37.0,87.43,82.71,84.71,84.0,352.0,329.0,448.0,555.0
2026-04-12,202615,352.0,352,352,352,0.6324561,40.528576,0,4,221100120261520719,2026-09-23,Teresina,1.0259858,868523,1.0,0,2,266,,,,,97405,23.41,26.83,31.66,55.8,87.86,364.0,23.57,1.1159803,339.0,23.31,1.1513284,345.0,23.7,1.3465166,299.0,23.49,1.3323344,350.0,23.4975,5.8664680569332965,-0.03342929664919492,0.037522439323089074,0.020029281875571847,0.16268558227709562,15,27.11,26.5,27.34,26.74,51.7,78.5,13.8,33.3,85.71,87.43,82.71,84.71,329.0,448.0,555.0,682.0
2026-04-19,202616,329.0,329,329,329,0.20818761,37.8804,0,4,221100120261620719,2026-09-23,Teresina,0.9395555,868523,1.0,0,2,249,,,,,97405,23.47,26.33,30.61,63.7,88.71,352.0,23.41,1.0259858,364.0,23.57,1.1159803,339.0,23.31,1.1513284,345.0,23.7,1.3465166,346.0,23.439999999999998,5.799092654460526,-0.06737540247277085,-0.10080469912196577,-0.029852963149681777,-0.047346120597199004,16,26.83,27.11,26.5,27.34,55.8,51.7,78.5,13.8,87.86,85.71,87.43,82.71,448.0,555.0,682.0,683.0
2026-04-26,202617,448.0,448,448,448,0.9996549,51.581825,0,4,221100120261720719,2026-09-23,Teresina,1.2720997,868523,1.0,1,2,361,,,,,97405,23.54,27.19,31.54,3.0,82.29,329.0,23.47,0.9395555,352.0,23.41,1.0259858,364.0,23.57,1.1159803,339.0,23.31,1.1513284,373.25,23.4975,6.1070228877422545,0.30793023328172886,0.240554830808958,0.2071255341597631,0.2780772701320471,17,26.33,26.83,27.11,26.5,63.7,55.8,51.7,78.5,88.71,87.86,85.71,87.43,555.0,682.0,683.0,845.0
2026-05-03,202618,555.0,555,555,555,1.0,63.90159,0,4,221100120261820719,2026-09-23,Teresina,1.4760823,868523,1.0,1,2,485,,,,,97405,23.69,27.56,32.24,9.8,78.14,448.0,23.54,1.2720997,329.0,23.47,0.9395555,352.0,23.41,1.0259858,364.0,23.57,1.1159803,421.0,23.5275,6.320768294250582,0.21374540650832774,0.5216756397900566,0.45430023731728575,0.42087094066809083,18,27.19,26.33,26.83,27.11,3.0,63.7,55.8,51.7,82.29,88.71,87.86,85.71,682.0,683.0,845.0,856.0
2026-05-10,202619,682.0,682,682,682,1.0,78.52412,0,4,221100120261920719,2026-09-23,Teresina,1.5151718,868523,1.0,1,2,591,,,,,97405,23.71,27.2,31.69,26.3,83.57,555.0,23.69,1.4760823,448.0,23.54,1.2720997,329.0,23.47,0.9395555,352.0,23.41,1.0259858,503.5,23.6025,6.52649485957079,0.20572656532020783,0.4194719718285356,0.7274022051102644,0.6600268026374936,19,27.56,27.19,26.33,26.83,9.8,3.0,63.7,55.8,78.14,82.29,88.71,87.86,683.0,845.0,856.0,670.0
2026-05-17,202620,683.0,683,683,683,0.999915,78.63925,0,4,221100120262020719,2026-09-23,Teresina,1.2393665,868523,1.0,1,2,573,,,,,97405,23.81,28.01,32.84,3.0,74.57,682.0,23.71,1.5151718,555.0,23.69,1.4760823,448.0,23.54,1.2720997,329.0,23.47,0.9395555,592.0,23.6875,6.52795791762255,0.0014630580517600578,0.2071896233719679,0.42093502988029563,0.7288652631620245,20,27.2,27.56,27.19,26.33,26.3,9.8,3.0,63.7,83.57,78.14,82.29,88.71,845.0,856.0,670.0,613.0
2026-05-24,202621,845.0,845,845,845,0.99999994,97.29161,0,4,221100120262120719,2026-09-23,Teresina,1.3142456,868523,0.0,1,2,726,,,,,97405,23.66,28.11,33.11,0.1,69.29,683.0,23.81,1.2393665,682.0,23.71,1.5151718,555.0,23.69,1.4760823,448.0,23.54,1.2720997,691.25,23.7175,6.740519359606223,0.21256144198367277,0.21402450003543283,0.41975106535564066,0.6334964718639684,21,28.01,27.2,27.56,27.19,3.0,26.3,9.8,3.0,74.57,83.57,78.14,82.29,856.0,670.0,613.0,344.0
2026-05-31,202622,856.0,856,856,856,0.9996916,98.55813,0,4,221100120262220719,2026-09-23,Teresina,1.1885948,868523,0.0,1,2,768,,,,,97405,24.24,28.34,33.07,0.2,68.0,845.0,23.66,1.3142456,683.0,23.81,1.2393665,682.0,23.71,1.5151718,555.0,23.69,1.4760823,766.5,23.855,6.75343791859778,0.012918558991557028,0.2254800009752298,0.22694305902698986,0.4326696243471977,22,28.11,28.01,27.2,27.56,0.1,3.0,26.3,9.8,69.29,74.57,83.57,78.14,670.0,613.0,344.0,269.0
2026-06-07,202623,670.0,670,670,670,0.0012736145,77.142456,0,4,221100120262320719,2026-09-23,Teresina,0.8534868,868523,0.0,0,2,600,,,,,97405,24.2,28.87,33.84,0.2,62.86,856.0,24.24,1.1885948,845.0,23.66,1.3142456,683.0,23.81,1.2393665,682.0,23.71,1.5151718,763.5,23.9775,6.508769136971682,-0.24466878162609795,-0.23175022263454093,-0.019188780650868154,-0.017725722599108096,23,28.34,28.11,28.01,27.2,0.2,0.1,3.0,26.3,68.0,69.29,74.57,83.57,613.0,344.0,269.0,230.0
2026-06-14,202624,613.0,613,613,613,3.2374166e-06,70.57959,0,4,221100120262420719,2026-09-23,Teresina,0.78474045,868523,0.0,0,2,561,,,,,97405,23.54,28.51,34.04,0.0,65.71,670.0,24.2,0.8534868,856.0,24.24,1.1885948,845.0,23.66,1.3142456,683.0,23.81,1.2393665,746.0,23.91,6.419994928147142,-0.08877420882453979,-0.33344299045063774,-0.3205244314590807,-0.10796298947540794,24,28.87,28.34,28.11,28.01,0.2,0.2,0.1,3.0,62.86,68.0,69.29,74.57,344.0,269.0,230.0,173.0
2026-06-21,202625,344.0,344,344,344,0.0,39.60747,0,4,221100120262520719,2026-09-23,Teresina,0.4985069,868523,0.0,0,2,306,,,,,97405,23.4,27.97,33.46,0.2,67.71,613.0,23.54,0.78474045,670.0,24.2,0.8534868,856.0,24.24,1.1885948,845.0,23.66,1.3142456,620.75,23.845,5.84354441703136,-0.576450511115782,-0.6652247199403218,-0.9098935015664198,-0.8969749425748628,25,28.51,28.87,28.34,28.11,0.0,0.2,0.2,0.1,65.71,62.86,68.0,69.29,269.0,230.0,173.0,162.0
2026-06-28,202626,269.0,269,269,269,0.0,30.972122,0,4,221100120262620719,2026-09-23,Teresina,0.48513302,868523,0.0,0,2,233,,,,,97405,22.73,27.39,33.04,0.1,64.71,344.0,23.4,0.4985069,613.0,23.54,0.78474045,670.0,24.2,0.8534868,856.0,24.24,1.1885948,474.0,23.467499999999998,5.598421958998375,-0.24512245803298516,-0.8215729691487672,-0.910347177973307,-1.155015959599405,26,27.97,28.51,28.87,28.34,0.2,0.0,0.2,0.2,67.71,65.71,62.86,68.0,230.0,173.0,162.0,136.0
2026-07-05,202627,230.0,230,230,230,2.1013191e-12,26.481739,0,1,221100120262720719,2026-09-23,Teresina,0.5705016,868523,0.0,0,1,192,,,,,97405,23.37,28.13,33.77,0.0,67.57,269.0,22.73,0.48513302,344.0,23.4,0.4985069,613.0,23.54,0.78474045,670.0,24.2,0.8534868,364.0,23.259999999999998,5.442417710521793,-0.15600424847658179,-0.40112670650956694,-0.977577217625349,-1.0663514264498888,27,27.39,27.97,28.51,28.87,0.1,0.2,0.0,0.2,64.71,67.71,65.71,62.86,173.0,162.0,136.0,103.0
2026-07-12,202628,173.0,171,182,171,1.484158e-08,19.918873,0,1,221100120262820719,2026-09-23,Teresina,0.5930167,868523,0.0,0,1,145,,,,,97405,23.13,27.59,32.63,6.7,68.43,230.0,23.37,0.5705016,269.0,22.73,0.48513302,344.0,23.4,0.4985069,613.0,23.54,0.78474045,254.0,23.1575,5.159055299214529,-0.28336241130726414,-0.4393666597838459,-0.6844891178168311,-1.2609396289326131,28,28.13,27.39,27.97,28.51,0.0,0.1,0.2,0.0,67.57,64.71,67.71,65.71,162.0,136.0,103.0,91.0
2026-07-19,202629,162.0,157,173,157,0.00034606084,18.652355,0,1,221100120262920719,2026-09-23,Teresina,0.707934,868523,0.0,0,1,122,,,,,97405,23.43,28.13,33.67,0.4,65.14,173.0,23.13,0.5930167,230.0,23.37,0.5705016,269.0,22.73,0.48513302,344.0,23.4,0.4985069,208.5,23.165,5.093750200806762,-0.06530509840776677,-0.3486675097150309,-0.5046717581916127,-0.7497942162245979,29,27.59,28.13,27.39,27.97,6.7,0.0,0.1,0.2,68.43,67.57,64.71,67.71,136.0,103.0,91.0,60.0
2026-07-26,202630,136.0,129,152,128,0.0020844543,15.658768,0,1,221100120263020719,2026-09-23,Teresina,0.72593933,868523,0.0,0,1,94,,,,,97405,23.11,28.21,34.37,0.2,64.57,162.0,23.43,0.707934,173.0,23.13,0.5930167,230.0,23.37,0.5705016,269.0,22.73,0.48513302,175.25,23.26,4.919980925828125,-0.17376927497863726,-0.23907437338640403,-0.5224367846936682,-0.67844103317025,30,28.13,27.59,28.13,27.39,0.4,6.7,0.0,0.1,65.14,68.43,67.57,64.71,103.0,91.0,60.0,43.0
2026-08-02,202631,103.0,94,122,92,0.0002728732,11.859214,0,1,221100120263120719,2026-09-23,Teresina,0.64936817,868523,0.0,0,1,76,,,,,97405,22.2,28.07,34.84,0.0,60.29,136.0,23.11,0.72593933,162.0,23.43,0.707934,173.0,23.13,0.5930167,230.0,23.37,0.5705016,143.5,22.9675,4.6443908991413725,-0.2755900266867526,-0.44935930166538984,-0.5146644000731566,-0.7980268113804208,31,28.21,28.13,27.59,28.13,0.2,0.4,6.7,0.0,64.57,65.14,68.43,67.57,91.0,60.0,43.0,54.0
2026-08-09,202632,91.0,81,112,78,0.0021056216,10.477558,0,1,221100120263220719,2026-09-23,Teresina,0.68069017,868523,0.0,0,1,65,,,,,97405,22.47,28.53,35.7,0.1,61.0,103.0,22.2,0.64936817,136.0,23.11,0.72593933,162.0,23.43,0.707934,173.0,23.13,0.5930167,123.0,22.802500000000002,4.5217885770490405,-0.12260232209233202,-0.3981923487790846,-0.5719616237577219,-0.6372667221654886,32,28.07,28.21,28.13,27.59,0.0,0.2,0.4,6.7,60.29,64.57,65.14,68.43,60.0,43.0,54.0,43.0
2026-08-16,202633,60.0,50,83,45,7.445922e-05,6.90828,0,1,221100120263320719,2026-09-23,Teresina,0.55145895,868523,0.0,0,1,36,,,,,97405,22.44,28.79,36.0,0.0,52.43,91.0,22.47,0.68069017,103.0,22.2,0.64936817,136.0,23.11,0.72593933,162.0,23.43,0.707934,97.5,22.555,4.110873864173311,-0.4109147128757291,-0.5335170349680611,-0.8091070616548137,-0.982876336633451,33,28.53,28.07,28.21,28.13,0.1,0.0,0.2,0.4,61.0,60.29,64.57,65.14,43.0,54.0,43.0,35.0
2026-08-23,202634,43.0,33,67,27,5.984146e-05,4.950934,0,1,221100120263420719,2026-09-23,Teresina,0.4991247,868523,0.0,0,1,27,,,,,97405,21.99,29.26,37.01,0.0,53.71,60.0,22.44,0.55145895,91.0,22.47,0.68069017,103.0,22.2,0.64936817,136.0,23.11,0.72593933,74.25,22.275,3.784189633918261,-0.32668423025505033,-0.7375989431307794,-0.8602012652231115,-1.135791291909864,34,28.79,28.53,28.07,28.21,0.0,0.1,0.0,0.2,52.43,61.0,60.29,64.57,54.0,43.0,35.0,
2026-08-30,202635,54.0,40,84,34,0.14613286,6.217452,0,1,221100120263520719,2026-09-23,Teresina,0.8249077,868523,0.0,0,1,34,,,,,97405,22.86,29.86,37.17,0.0,57.0,43.0,21.99,0.4991247,60.0,22.44,0.55145895,91.0,22.47,0.68069017,103.0,22.2,0.64936817,62.0,22.44,4.007333185232471,0.22314355131421015,-0.10354067894084018,-0.5144553918165693,-0.6370577139089013,35,29.26,28.79,28.53,28.07,0.0,0.0,0.1,0.0,53.71,52.43,61.0,60.29,43.0,35.0,,
2026-09-06,202636,43.0,27,78,20,0.16547523,4.950934,0,1,221100120263620719,2026-09-23,Teresina,0.8198457,868523,0.0,0,1,20,,,,,97405,22.93,29.93,37.46,0.1,54.29,54.0,22.86,0.8249077,43.0,21.99,0.4991247,60.0,22.44,0.55145895,91.0,22.47,0.68069017,50.0,22.555,3.784189633918261,-0.22314355131421015,0.0,-0.32668423025505033,-0.7375989431307794,36,29.86,29.26,28.79,28.53,0.0,0.0,0.0,0.1,57.0,53.71,52.43,61.0,35.0,,,
2026-09-13,202637,35.0,14,87,7,0.07681856,4.02983,0,1,221100120263720719,2026-09-23,Teresina,0.73070735,868523,1.0,0,1,7,,,,,97405,23.17,30.33,38.01,0.0,51.71,43.0,22.93,0.8198457,54.0,22.86,0.8249077,43.0,21.99,0.4991247,60.0,22.44,0.55145895,43.75,22.737499999999997,3.58351893845611,-0.2006706954621511,-0.42381424677636126,-0.2006706954621511,-0.5273549257172014,37,29.93,29.86,29.26,28.79,0.1,0.0,0.0,0.0,54.29,57.0,53.71,52.43,,,,
