data_iniSE,SE,casos_est,casos_est_min,casos_est_max,casos,p_rt1,p_inc100k,Localidade_id,nivel,id,versao_modelo,municipio_nome,rt,pop,receptivo,transmissao,nivel_inc,casprov,casprov_est,casprov_est_min,casprov_est_max,casconf,notif_accum_year,tmin,tmed,tmax,precipitacao,umidade,casos_est_lag_1,tmin_lag_1,rt_lag_1,casos_est_lag_2,tmin_lag_2,rt_lag_2,casos_est_lag_3,tmin_lag_3,rt_lag_3,casos_est_lag_4,tmin_lag_4,rt_lag_4,casos_est_roll_4,tmin_roll_4,log_casos,var_log_1,var_log_2,var_log_3,var_log_4,semana_ano,target_h1,target_h2,target_h3,target_h4
2010-01-03,201001,0.0,0,0,0,0.0,0.0,0,1,317070120100119589,2023-08-20,Varginha,0.0,136602,0,0,0,0,,,,,91540,19.0,23.9,29.31,24.2,74.29,,,,,,,,,,,,,,,0.0,,,,,53,0.0,0.0,1.0,2.0
2010-01-10,201002,0.0,0,0,0,0.0,0.0,0,1,317070120100219589,2023-08-20,Varginha,0.0,136602,0,0,0,0,,,,,91540,19.71,23.86,29.27,44.6,75.14,0.0,19.0,0.0,,,,,,,,,,,,0.0,0.0,,,,1,0.0,1.0,2.0,0.0
2010-01-17,201003,0.0,0,0,0,0.0,0.0,0,1,317070120100319589,2023-08-20,Varginha,0.0,136602,0,0,0,0,,,,,91540,19.64,22.97,27.81,25.9,78.14,0.0,19.71,0.0,0.0,19.0,0.0,,,,,,,,,0.0,0.0,0.0,,,2,1.0,2.0,0.0,4.0
2010-01-24,201004,1.0,1,1,1,0.0,0.7320537,0,1,317070120100419589,2023-08-20,Varginha,0.0,136602,1,0,0,1,,,,,91540,19.4,22.36,26.99,60.2,80.0,0.0,19.64,0.0,0.0,19.71,0.0,0.0,19.0,0.0,,,,0.25,19.4375,0.6931471805599453,0.6931471805599453,0.6931471805599453,0.6931471805599453,,3,2.0,0.0,4.0,5.0
2010-01-31,201005,2.0,2,2,2,0.0,1.4641074,0,1,317070120100519589,2023-08-20,Varginha,0.0,136602,1,0,0,2,,,,,91540,19.64,24.5,30.7,9.9,69.14,1.0,19.4,0.0,0.0,19.64,0.0,0.0,19.71,0.0,0.0,19.0,0.0,0.75,19.5975,1.0986122886681098,0.4054651081081645,1.0986122886681098,1.0986122886681098,1.0986122886681098,4,0.0,4.0,5.0,3.0
2010-02-07,201006,0.0,0,0,0,0.0,0.0,0,1,317070120100619589,2023-08-20,Varginha,0.0,136602,0,0,0,0,,,,,91540,19.27,24.19,29.81,11.1,69.14,2.0,19.64,0.0,1.0,19.4,0.0,0.0,19.64,0.0,0.0,19.71,0.0,0.75,19.4875,0.0,-1.0986122886681098,-0.6931471805599453,0.0,0.0,5,4.0,5.0,3.0,2.0
2010-02-14,201007,4.0,4,4,4,0.9104489,2.9282148,0,1,317070120100719589,2023-08-20,Varginha,3.185172,136602,1,0,0,2,,,,,91540,19.8,23.9,29.03,32.2,72.29,0.0,19.27,0.0,2.0,19.64,0.0,1.0,19.4,0.0,0.0,19.64,0.0,1.75,19.5275,1.6094379124341003,1.6094379124341003,0.5108256237659905,0.916290731874155,1.6094379124341003,6,5.0,3.0,2.0,6.0
2010-02-21,201008,5.0,5,5,5,0.9121022,3.6602685,0,1,317070120100819589,2023-08-20,Varginha,2.8156798,136602,1,0,0,4,,,,,91540,19.5,23.53,28.39,29.2,75.86,4.0,19.8,3.185172,0.0,19.27,0.0,2.0,19.64,0.0,1.0,19.4,0.0,2.75,19.552500000000002,1.791759469228055,0.18232155679395468,1.791759469228055,0.6931471805599452,1.0986122886681096,7,3.0,2.0,6.0,18.0
2010-02-28,201009,3.0,3,3,3,0.4861301,2.196161,0,2,317070120100919589,2023-08-20,Varginha,0.974023,136602,1,0,0,2,,,,,91540,18.39,20.53,23.44,108.7,87.14,5.0,19.5,2.8156798,4.0,19.8,3.185172,0.0,19.27,0.0,2.0,19.64,0.0,3.0,19.240000000000002,1.3862943611198906,-0.4054651081081644,-0.2231435513142097,1.3862943611198906,0.2876820724517808,8,2.0,6.0,18.0,15.0
2010-03-07,201010,2.0,2,2,2,0.20760757,1.4641074,0,2,317070120101019589,2023-08-20,Varginha,0.52555704,136602,1,0,0,0,,,,,91540,18.39,23.8,30.31,5.6,69.86,3.0,18.39,0.974023,5.0,19.5,2.8156798,4.0,19.8,3.185172,0.0,19.27,0.0,3.5,19.020000000000003,1.0986122886681098,-0.2876820724517808,-0.6931471805599452,-0.5108256237659905,1.0986122886681098,9,6.0,18.0,15.0,26.0
2010-03-14,201011,6.0,6,6,6,0.81096286,4.392322,0,2,317070120101119589,2023-08-20,Varginha,1.7488629,136602,1,0,1,1,,,,,91540,18.39,22.53,28.07,48.7,79.14,2.0,18.39,0.52555704,3.0,18.39,0.974023,5.0,19.5,2.8156798,4.0,19.8,3.185172,4.0,18.6675,1.9459101490553132,0.8472978603872034,0.5596157879354227,0.15415067982725827,0.33647223662121295,10,18.0,15.0,26.0,10.0
2010-03-21,201012,18.0,18,18,18,0.9990241,13.176967,0,2,317070120101219589,2023-08-20,Varginha,4.250151,136602,1,1,1,14,,,,,91540,19.03,23.16,28.8,4.5,77.43,6.0,18.39,1.7488629,2.0,18.39,0.52555704,3.0,18.39,0.974023,5.0,19.5,2.8156798,7.25,18.55,2.9444389791664403,0.998528830111127,1.8458266904983305,1.5581446180465497,1.1526795099383853,11,15.0,26.0,10.0,18.0
2010-03-28,201013,15.0,15,15,15,0.92536104,10.980805,0,2,317070120101319589,2023-08-20,Varginha,1.8231319,136602,1,0,1,8,,,,,91540,19.13,22.67,27.37,19.8,79.71,18.0,19.03,4.250151,6.0,18.39,1.7488629,2.0,18.39,0.52555704,3.0,18.39,0.974023,10.25,18.735,2.772588722239781,-0.17185025692665912,0.8266785731844679,1.6739764335716714,1.3862943611198906,12,26.0,10.0,18.0,23.0
2010-04-04,201014,26.0,26,26,26,0.97575945,19.033396,0,1,317070120101419589,2023-08-20,Varginha,1.8856889,136602,0,1,2,19,,,,,91540,14.27,18.8,23.63,34.9,77.57,15.0,19.13,1.8231319,18.0,19.03,4.250151,6.0,18.39,1.7488629,2.0,18.39,0.52555704,16.25,17.705,3.295836866004329,0.523248143764548,0.35139788683788886,1.349926716949016,2.197224577336219,13,10.0,18.0,23.0,30.0
2010-04-11,201015,10.0,10,10,10,0.071777105,7.320537,0,1,317070120101519589,2023-08-20,Varginha,0.57129884,136602,0,0,1,8,,,,,91540,14.69,19.9,25.89,0.2,69.29,26.0,14.27,1.8856889,15.0,19.13,1.8231319,18.0,19.03,4.250151,6.0,18.39,1.7488629,17.25,16.78,2.3978952727983707,-0.8979415932059585,-0.3746934494414105,-0.5465437063680696,0.45198512374305744,14,18.0,23.0,30.0,33.0
2010-04-18,201016,18.0,18,18,18,0.47377554,13.176967,0,1,317070120101619589,2023-08-20,Varginha,0.9786701,136602,1,0,1,14,,,,,91540,16.39,21.97,28.03,0.0,71.43,10.0,14.69,0.57129884,26.0,14.27,1.8856889,15.0,19.13,1.8231319,18.0,19.03,4.250151,17.25,16.119999999999997,2.9444389791664403,0.5465437063680696,-0.35139788683788886,0.17185025692665912,0.0,15,23.0,30.0,33.0,24.0
2010-04-25,201017,23.0,23,23,23,0.8415301,16.837234,0,1,317070120101719589,2023-08-20,Varginha,1.37163,136602,1,0,2,18,,,,,91540,17.2,21.51,26.97,5.2,74.14,18.0,16.39,0.9786701,10.0,14.69,0.57129884,26.0,14.27,1.8856889,15.0,19.13,1.8231319,19.25,15.6375,3.1780538303479458,0.2336148511815055,0.7801585575495751,-0.11778303565638337,0.4054651081081646,16,30.0,33.0,24.0,12.0
2010-05-02,201018,30.0,30,30,30,0.9567206,21.96161,0,4,317070120101819589,2023-08-20,Varginha,1.6430807,136602,0,1,2,20,,,,,91540,14.34,20.24,26.61,0.0,70.14,23.0,17.2,1.37163,18.0,16.39,0.9786701,10.0,14.69,0.57129884,26.0,14.27,1.8856889,20.25,15.655,3.4339872044851463,0.2559333741372005,0.489548225318706,1.0360919316867756,0.13815033848081715,17,33.0,24.0,12.0,11.0
2010-05-09,201019,33.0,33,33,33,0.9059438,24.157772,0,4,317070120101919589,2023-08-20,Varginha,1.4206294,136602,0,0,2,16,,,,,91540,11.99,16.67,22.17,15.9,74.86,30.0,14.34,1.6430807,23.0,17.2,1.37163,18.0,16.39,0.9786701,10.0,14.69,0.57129884,26.0,14.98,3.5263605246161616,0.09237332013101529,0.3483066942682158,0.5819215454497213,1.128465251817791,18,24.0,12.0,11.0,9.0
2010-05-16,201020,24.0,24,24,24,0.29559898,17.569288,0,4,317070120102019589,2023-08-20,Varginha,0.86225265,136602,0,0,2,10,,,,,91540,12.33,17.84,23.59,9.9,74.29,33.0,11.99,1.4206294,30.0,14.34,1.6430807,23.0,17.2,1.37163,18.0,16.39,0.9786701,27.5,13.965,3.2188758248682006,-0.307484699747961,-0.2151113796169457,0.04082199452025481,0.2744368457017603,19,12.0,11.0,9.0,19.0
2010-05-23,201021,12.0,12,12,12,0.004382622,8.784644,0,4,317070120102119589,2023-08-20,Varginha,0.4254965,136602,0,0,1,2,,,,,91540,13.8,18.37,24.1,1.9,77.57,24.0,12.33,0.86225265,33.0,11.99,1.4206294,30.0,14.34,1.6430807,23.0,17.2,1.37163,24.75,13.114999999999998,2.5649493574615367,-0.6539264674066638,-0.9614111671546248,-0.8690378470236095,-0.613104472886409,20,11.0,9.0,19.0,11.0
2010-05-30,201022,11.0,11,11,11,0.018980514,8.05259,0,1,317070120102219589,2023-08-20,Varginha,0.48285252,136602,0,0,1,6,,,,,91540,13.26,16.94,21.17,7.9,74.86,12.0,13.8,0.4254965,24.0,12.33,0.86225265,33.0,11.99,1.4206294,30.0,14.34,1.6430807,20.0,12.845,2.4849066497880004,-0.08004270767353638,-0.7339691750802002,-1.0414538748281612,-0.9490805546971459,21,9.0,19.0,11.0,10.0
2010-06-06,201023,9.0,9,9,9,0.08483341,6.5884833,0,1,317070120102319589,2023-08-20,Varginha,0.574714,136602,0,0,1,4,,,,,91540,10.34,15.5,21.79,0.5,72.29,11.0,13.26,0.48285252,12.0,13.8,0.4254965,24.0,12.33,0.86225265,33.0,11.99,1.4206294,14.0,12.4325,2.302585092994046,-0.18232155679395445,-0.26236426446749084,-0.9162907318741547,-1.2237754316221157,22,19.0,11.0,10.0,9.0
2010-06-13,201024,19.0,19,19,19,0.9018568,13.90902,0,1,317070120102419589,2023-08-20,Varginha,1.5910683,136602,0,0,1,2,,,,,91540,7.3,14.97,23.6,0.0,69.0,9.0,10.34,0.574714,11.0,13.26,0.48285252,12.0,13.8,0.4254965,24.0,12.33,0.86225265,12.75,11.175,2.995732273553991,0.693147180559945,0.5108256237659905,0.4307829160924541,-0.2231435513142097,23,11.0,10.0,9.0,16.0
2010-06-20,201025,11.0,11,11,11,0.3996751,8.05259,0,1,317070120102519589,2023-08-20,Varginha,0.9014753,136602,0,0,1,3,,,,,91540,11.74,17.73,24.94,0.0,69.57,19.0,7.3,1.5910683,9.0,10.34,0.574714,11.0,13.26,0.48285252,12.0,13.8,0.4254965,12.5,10.66,2.4849066497880004,-0.5108256237659905,0.18232155679395445,0.0,-0.08004270767353638,24,10.0,9.0,16.0,12.0
2010-06-27,201026,10.0,10,10,10,0.22429928,7.320537,0,1,317070120102619589,2023-08-20,Varginha,0.734777,136602,0,0,1,1,,,,,91540,9.46,16.06,23.86,0.0,63.29,11.0,11.74,0.9014753,19.0,7.3,1.5910683,9.0,10.34,0.574714,11.0,13.26,0.48285252,12.25,9.71,2.3978952727983707,-0.08701137698962969,-0.5978370007556202,0.09531017980432477,-0.08701137698962969,25,9.0,16.0,12.0,5.0
2010-07-04,201027,9.0,9,9,9,0.22456498,6.5884833,0,1,317070120102719589,2023-08-20,Varginha,0.72418606,136602,0,0,1,0,,,,,91540,10.99,17.01,23.93,0.0,65.0,10.0,9.46,0.734777,11.0,11.74,0.9014753,19.0,7.3,1.5910683,9.0,10.34,0.574714,12.25,9.8725,2.302585092994046,-0.09531017980432477,-0.18232155679395445,-0.693147180559945,0.0,26,16.0,12.0,5.0,5.0
2010-07-11,201028,16.0,16,16,16,0.8490806,11.712859,0,1,317070120102819589,2023-08-20,Varginha,1.487003,136602,0,0,1,2,,,,,91540,14.69,18.57,23.59,4.5,77.71,9.0,10.99,0.72418606,10.0,9.46,0.734777,11.0,11.74,0.9014753,19.0,7.3,1.5910683,11.5,11.72,2.833213344056216,0.5306282510621703,0.4353180712578455,0.3483066942682158,-0.1625189294977747,27,12.0,5.0,5.0,7.0
2010-07-18,201029,12.0,12,12,12,0.56639683,8.784644,0,1,317070120102919589,2023-08-20,Varginha,1.0705743,136602,0,0,1,4,,,,,91540,13.64,19.1,25.56,0.0,68.71,16.0,14.69,1.487003,9.0,10.99,0.72418606,10.0,9.46,0.734777,11.0,11.74,0.9014753,11.75,12.195,2.5649493574615367,-0.2682639865946794,0.26236426446749084,0.16705408466316607,0.08004270767353638,28,5.0,5.0,7.0,3.0
2010-07-25,201030,5.0,5,5,5,0.03323881,3.6602685,0,1,317070120103019589,2023-08-20,Varginha,0.4056587,136602,0,0,0,2,,,,,91540,13.27,18.49,24.27,0.0,60.86,12.0,13.64,1.0705743,16.0,14.69,1.487003,9.0,10.99,0.72418606,10.0,9.46,0.734777,10.5,13.1475,1.791759469228055,-0.7731898882334818,-1.0414538748281612,-0.5108256237659909,-0.6061358035703157,29,5.0,7.0,3.0,11.0
2010-08-01,201031,5.0,5,5,5,0.06807551,3.6602685,0,1,317070120103119589,2023-08-20,Varginha,0.46858665,136602,0,0,0,2,,,,,91540,13.0,18.9,26.03,0.0,59.71,5.0,13.27,0.4056587,12.0,13.64,1.0705743,16.0,14.69,1.487003,9.0,10.99,0.72418606,9.5,13.649999999999999,1.791759469228055,0.0,-0.7731898882334818,-1.0414538748281612,-0.5108256237659909,30,7.0,3.0,11.0,5.0
2010-08-08,201032,7.0,7,7,7,0.4577159,5.124376,0,1,317070120103219589,2023-08-20,Varginha,0.9470661,136602,0,0,1,4,,,,,91540,12.89,18.99,25.79,0.0,58.0,5.0,13.0,0.46858665,5.0,13.27,0.4056587,12.0,13.64,1.0705743,16.0,14.69,1.487003,7.25,13.2,2.0794415416798357,0.2876820724517808,0.2876820724517808,-0.485507815781701,-0.7537718023763804,31,3.0,11.0,5.0,6.0
2010-08-15,201033,3.0,3,3,3,0.15991661,2.196161,0,1,317070120103319589,2023-08-20,Varginha,0.5189994,136602,0,0,0,3,,,,,91540,8.87,15.73,23.17,0.0,54.71,7.0,12.89,0.9470661,5.0,13.0,0.46858665,5.0,13.27,0.4056587,12.0,13.64,1.0705743,5.0,12.0075,1.3862943611198906,-0.6931471805599452,-0.4054651081081644,-0.4054651081081644,-1.1786549963416462,32,11.0,5.0,6.0,6.0
2010-08-22,201034,11.0,11,11,11,0.9128852,8.05259,0,1,317070120103419589,2023-08-20,Varginha,1.9477458,136602,0,0,1,7,,,,,91540,10.66,19.69,28.51,0.0,43.29,3.0,8.87,0.5189994,7.0,12.89,0.9470661,5.0,13.0,0.46858665,5.0,13.27,0.4056587,6.5,11.355,2.4849066497880004,1.0986122886681098,0.4054651081081646,0.6931471805599454,0.6931471805599454,33,5.0,6.0,6.0,3.0
2010-08-29,201035,5.0,5,5,5,0.36393893,3.6602685,0,1,317070120103519589,2023-08-20,Varginha,0.817528,136602,0,0,0,0,,,,,91540,13.59,21.21,28.54,0.0,45.86,11.0,10.66,1.9477458,3.0,8.87,0.5189994,7.0,12.89,0.9470661,5.0,13.0,0.46858665,6.5,11.502500000000001,1.791759469228055,-0.6931471805599454,0.4054651081081644,-0.2876820724517808,0.0,34,6.0,6.0,3.0,0.0
2010-09-05,201036,6.0,6,6,6,0.38207895,4.392322,0,1,317070120103619589,2023-08-20,Varginha,0.8512015,136602,0,0,1,0,,,,,91540,13.61,19.6,26.59,4.2,59.71,5.0,13.59,0.817528,11.0,10.66,1.9477458,3.0,8.87,0.5189994,7.0,12.89,0.9470661,6.25,11.682500000000001,1.9459101490553132,0.15415067982725827,-0.5389965007326871,0.5596157879354227,-0.13353139262452252,35,6.0,3.0,0.0,4.0
2010-09-12,201037,6.0,6,6,6,0.42774418,4.392322,0,1,317070120103719589,2023-08-20,Varginha,0.90554667,136602,0,0,1,0,,,,,91540,14.83,22.07,29.69,0.2,48.71,6.0,13.61,0.8512015,5.0,13.59,0.817528,11.0,10.66,1.9477458,3.0,8.87,0.5189994,7.0,13.1725,1.9459101490553132,0.0,0.15415067982725827,-0.5389965007326871,0.5596157879354227,36,3.0,0.0,4.0,5.0
2010-09-19,201038,3.0,3,3,3,0.15664628,2.196161,0,1,317070120103819589,2023-08-20,Varginha,0.5149821,136602,0,0,0,0,,,,,91540,15.74,21.11,27.5,7.9,60.29,6.0,14.83,0.90554667,6.0,13.61,0.8512015,5.0,13.59,0.817528,11.0,10.66,1.9477458,5.0,14.4425,1.3862943611198906,-0.5596157879354227,-0.5596157879354227,-0.4054651081081644,-1.0986122886681098,37,0.0,4.0,5.0,0.0
2010-09-26,201039,0.0,0,0,0,0.0,0.0,0,1,317070120103919589,2023-08-20,Varginha,0.0,136602,0,0,0,0,,,,,91540,17.01,20.31,25.47,43.6,80.29,3.0,15.74,0.5149821,6.0,14.83,0.90554667,6.0,13.61,0.8512015,5.0,13.59,0.817528,3.75,15.2975,0.0,-1.3862943611198906,-1.9459101490553132,-1.9459101490553132,-1.791759469228055,38,4.0,5.0,0.0,1.0
2010-10-03,201040,4.0,4,4,4,0.6222352,2.9282148,0,1,317070120104019589,2023-08-20,Varginha,1.2452538,136602,0,0,0,0,,,,,91540,16.79,21.01,26.54,16.7,74.43,0.0,17.01,0.0,3.0,15.74,0.5149821,6.0,14.83,0.90554667,6.0,13.61,0.8512015,3.25,16.0925,1.6094379124341003,1.6094379124341003,0.2231435513142097,-0.33647223662121295,-0.33647223662121295,39,5.0,0.0,1.0,4.0
2010-10-10,201041,5.0,5,5,5,0.85710895,3.6602685,0,1,317070120104119589,2023-08-20,Varginha,2.159853,136602,0,0,0,0,,,,,91540,15.09,20.21,26.26,3.7,67.71,4.0,16.79,1.2452538,0.0,17.01,0.0,3.0,15.74,0.5149821,6.0,14.83,0.90554667,3.0,16.1575,1.791759469228055,0.18232155679395468,1.791759469228055,0.4054651081081644,-0.15415067982725827,40,0.0,1.0,4.0,5.0
2010-10-17,201042,0.0,0,0,0,0.0,0.0,0,1,317070120104219589,2023-08-20,Varginha,0.0,136602,0,0,0,0,,,,,91540,16.94,21.93,28.06,16.3,68.14,5.0,15.09,2.159853,4.0,16.79,1.2452538,0.0,17.01,0.0,3.0,15.74,0.5149821,2.25,16.4575,0.0,-1.791759469228055,-1.6094379124341003,0.0,-1.3862943611198906,41,1.0,4.0,5.0,3.0
2010-10-24,201043,1.0,1,1,1,0.12236877,0.7320537,0,1,317070120104319589,2023-08-20,Varginha,0.32995757,136602,0,0,0,0,,,,,91540,17.29,21.99,28.13,41.7,69.71,0.0,16.94,0.0,5.0,15.09,2.159853,4.0,16.79,1.2452538,0.0,17.01,0.0,2.5,16.5275,0.6931471805599453,0.6931471805599453,-1.0986122886681096,-0.916290731874155,0.6931471805599453,42,4.0,5.0,3.0,4.0
2010-10-31,201044,4.0,4,4,4,0.8292545,2.9282148,0,1,317070120104419589,2023-08-20,Varginha,2.1229591,136602,1,0,0,0,,,,,91540,17.84,21.14,25.36,119.0,80.0,1.0,17.29,0.32995757,0.0,16.94,0.0,5.0,15.09,2.159853,4.0,16.79,1.2452538,2.5,16.79,1.6094379124341003,0.916290731874155,1.6094379124341003,-0.18232155679395468,0.0,43,5.0,3.0,4.0,1.0
2010-11-07,201045,5.0,5,5,5,0.8980937,3.6602685,0,1,317070120104519589,2023-08-20,Varginha,2.5981224,136602,1,0,0,1,,,,,91540,17.73,21.04,25.91,22.7,77.14,4.0,17.84,2.1229591,1.0,17.29,0.32995757,0.0,16.94,0.0,5.0,15.09,2.159853,2.5,17.45,1.791759469228055,0.18232155679395468,1.0986122886681096,1.791759469228055,0.0,44,3.0,4.0,1.0,3.0
2010-11-14,201046,3.0,3,3,3,0.46035117,2.196161,0,1,317070120104619589,2023-08-20,Varginha,0.9281429,136602,0,0,0,0,,,,,91540,15.83,20.17,25.11,58.3,76.0,5.0,17.73,2.5981224,4.0,17.84,2.1229591,1.0,17.29,0.32995757,0.0,16.94,0.0,3.25,17.1725,1.3862943611198906,-0.4054651081081644,-0.2231435513142097,0.6931471805599453,1.3862943611198906,45,4.0,1.0,3.0,5.0
2010-11-21,201047,4.0,4,4,4,0.50609165,2.9282148,0,1,317070120104719589,2023-08-20,Varginha,1.0103214,136602,1,0,0,0,,,,,91540,18.51,22.43,27.84,52.7,79.14,3.0,15.83,0.9281429,5.0,17.73,2.5981224,4.0,17.84,2.1229591,1.0,17.29,0.32995757,4.0,17.4775,1.6094379124341003,0.2231435513142097,-0.18232155679395468,0.0,0.916290731874155,46,1.0,3.0,5.0,1.0
2010-11-28,201048,1.0,1,1,1,0.07971762,0.7320537,0,1,317070120104819589,2023-08-20,Varginha,0.27405086,136602,1,0,0,0,,,,,91540,19.41,23.2,28.39,45.0,78.57,4.0,18.51,1.0103214,3.0,15.83,0.9281429,5.0,17.73,2.5981224,4.0,17.84,2.1229591,3.25,17.87,0.6931471805599453,-0.916290731874155,-0.6931471805599453,-1.0986122886681096,-0.916290731874155,47,3.0,5.0,1.0,3.0
2010-12-05,201049,3.0,3,3,3,0.49765489,2.196161,0,2,317070120104919589,2023-08-20,Varginha,0.99553967,136602,1,0,0,1,,,,,91540,19.76,24.11,29.66,17.6,75.14,1.0,19.41,0.27405086,4.0,18.51,1.0103214,3.0,15.83,0.9281429,5.0,17.73,2.5981224,2.75,18.3775,1.3862943611198906,0.6931471805599453,-0.2231435513142097,0.0,-0.4054651081081644,48,5.0,1.0,3.0,6.0
2010-12-12,201050,5.0,5,5,5,0.83018005,3.6602685,0,2,317070120105019589,2023-08-20,Varginha,1.9628155,136602,1,0,0,0,,,,,91540,19.7,23.24,28.31,81.5,77.86,3.0,19.76,0.99553967,1.0,19.41,0.27405086,4.0,18.51,1.0103214,3.0,15.83,0.9281429,3.25,19.345000000000002,1.791759469228055,0.4054651081081644,1.0986122886681096,0.18232155679395468,0.4054651081081644,49,1.0,3.0,6.0,9.0
2010-12-19,201051,1.0,1,1,1,0.13098045,0.7320537,0,2,317070120105119589,2023-08-20,Varginha,0.34099704,136602,1,0,0,0,,,,,91540,19.56,23.69,29.01,45.4,74.71,5.0,19.7,1.9628155,3.0,19.76,0.99553967,1.0,19.41,0.27405086,4.0,18.51,1.0103214,2.5,19.6075,0.6931471805599453,-1.0986122886681096,-0.6931471805599453,0.0,-0.916290731874155,50,3.0,6.0,9.0,1.0
2010-12-26,201052,3.0,3,3,3,0.4662993,2.196161,0,2,317070120105219589,2023-08-20,Varginha,0.9384694,136602,1,0,0,1,,,,,91540,19.53,22.2,26.36,65.6,81.71,1.0,19.56,0.34099704,5.0,19.7,1.9628155,3.0,19.76,0.99553967,1.0,19.41,0.27405086,3.0,19.637500000000003,1.3862943611198906,0.6931471805599453,-0.4054651081081644,0.0,0.6931471805599453,51,6.0,9.0,1.0,6.0
2011-01-02,201101,6.0,6,6,6,0.87207705,4.392322,0,2,317070120110119589,2023-08-20,Varginha,2.123444,136602,1,0,1,1,,,,,91540,19.2,21.26,24.14,139.1,85.86,3.0,19.53,0.9384694,1.0,19.56,0.34099704,5.0,19.7,1.9628155,3.0,19.76,0.99553967,3.75,19.4975,1.9459101490553132,0.5596157879354227,1.252762968495368,0.15415067982725827,0.5596157879354227,52,9.0,1.0,6.0,3.0
2011-01-09,201102,9.0,9,9,9,0.942951,6.5884833,0,2,317070120110219589,2023-08-20,Varginha,2.4590628,136602,1,0,1,2,,,,,91540,19.74,22.53,26.97,93.9,83.29,6.0,19.2,2.123444,3.0,19.53,0.9384694,1.0,19.56,0.34099704,5.0,19.7,1.9628155,4.75,19.5075,2.302585092994046,0.35667494393873267,0.9162907318741553,1.6094379124341005,0.5108256237659909,1,1.0,6.0,3.0,3.0
2011-01-16,201103,1.0,1,1,1,0.02323033,0.7320537,0,2,317070120110319589,2023-08-20,Varginha,0.18423513,136602,1,0,0,0,,,,,91540,19.91,23.53,28.47,37.0,77.71,9.0,19.74,2.4590628,6.0,19.2,2.123444,3.0,19.53,0.9384694,1.0,19.56,0.34099704,4.75,19.595,0.6931471805599453,-1.6094379124341005,-1.252762968495368,-0.6931471805599453,0.0,2,6.0,3.0,3.0,6.0
2011-01-23,201104,6.0,6,6,6,0.5270511,4.392322,0,2,317070120110419589,2023-08-20,Varginha,1.0389072,136602,1,0,1,0,,,,,91540,19.41,24.46,30.2,12.1,69.57,1.0,19.91,0.18423513,9.0,19.74,2.4590628,6.0,19.2,2.123444,3.0,19.53,0.9384694,5.5,19.564999999999998,1.9459101490553132,1.252762968495368,-0.35667494393873267,0.0,0.5596157879354227,3,3.0,3.0,6.0,4.0
2011-01-30,201105,3.0,3,3,3,0.27711257,2.196161,0,2,317070120110519589,2023-08-20,Varginha,0.6625649,136602,1,0,0,0,,,,,91540,19.67,24.0,29.41,16.3,70.0,6.0,19.41,1.0389072,1.0,19.91,0.18423513,9.0,19.74,2.4590628,6.0,19.2,2.123444,4.75,19.682499999999997,1.3862943611198906,-0.5596157879354227,0.6931471805599453,-0.9162907318741553,-0.5596157879354227,4,3.0,6.0,4.0,1.0
2011-02-06,201106,3.0,3,3,3,0.33879733,2.196161,0,2,317070120110619589,2023-08-20,Varginha,0.7432324,136602,1,0,0,3,,,,,91540,19.4,24.59,30.44,6.2,61.57,3.0,19.67,0.6625649,6.0,19.41,1.0389072,1.0,19.91,0.18423513,9.0,19.74,2.4590628,3.25,19.5975,1.3862943611198906,0.0,-0.5596157879354227,0.6931471805599453,-0.9162907318741553,5,6.0,4.0,1.0,5.0
2011-02-13,201107,6.0,6,6,6,0.7703177,4.392322,0,2,317070120110719589,2023-08-20,Varginha,1.5817803,136602,1,0,1,0,,,,,91540,19.36,23.16,28.44,19.0,72.71,3.0,19.4,0.7432324,3.0,19.67,0.6625649,6.0,19.41,1.0389072,1.0,19.91,0.18423513,4.5,19.46,1.9459101490553132,0.5596157879354227,0.5596157879354227,0.0,1.252762968495368,6,4.0,1.0,5.0,7.0
2011-02-20,201108,4.0,4,4,4,0.5119394,2.9282148,0,2,317070120110819589,2023-08-20,Varginha,1.0203774,136602,1,0,0,1,,,,,91540,19.43,24.16,30.5,18.2,71.86,6.0,19.36,1.5817803,3.0,19.4,0.7432324,3.0,19.67,0.6625649,6.0,19.41,1.0389072,4.0,19.465,1.6094379124341003,-0.33647223662121295,0.2231435513142097,0.2231435513142097,-0.33647223662121295,7,1.0,5.0,7.0,11.0
2011-02-27,201109,1.0,1,1,1,0.04971583,0.7320537,0,2,317070120110919589,2023-08-20,Varginha,0.23093884,136602,1,0,0,0,,,,,91540,18.6,20.53,23.3,106.1,87.57,4.0,19.43,1.0203774,6.0,19.36,1.5817803,3.0,19.4,0.7432324,3.0,19.67,0.6625649,3.5,19.197499999999998,0.6931471805599453,-0.916290731874155,-1.252762968495368,-0.6931471805599453,-0.6931471805599453,8,5.0,7.0,11.0,4.0
2011-03-06,201110,5.0,5,5,5,0.6735897,3.6602685,0,2,317070120111019589,2023-08-20,Varginha,1.338476,136602,1,0,0,1,,,,,91540,18.34,21.3,25.01,67.4,83.71,1.0,18.6,0.23093884,4.0,19.43,1.0203774,6.0,19.36,1.5817803,3.0,19.4,0.7432324,4.0,18.9325,1.791759469228055,1.0986122886681096,0.18232155679395468,-0.15415067982725827,0.4054651081081644,9,7.0,11.0,4.0,8.0
2011-03-13,201111,7.0,7,7,7,0.8888091,5.124376,0,2,317070120111119589,2023-08-20,Varginha,2.1261942,136602,1,0,1,1,,,,,91540,19.27,22.59,27.57,34.8,81.29,5.0,18.34,1.338476,1.0,18.6,0.23093884,4.0,19.43,1.0203774,6.0,19.36,1.5817803,4.25,18.91,2.0794415416798357,0.2876820724517808,1.3862943611198904,0.47000362924573547,0.13353139262452252,10,11.0,4.0,8.0,8.0
2011-03-20,201112,11.0,11,11,11,0.9491889,8.05259,0,2,317070120111219589,2023-08-20,Varginha,2.3073668,136602,1,0,1,4,,,,,91540,18.23,22.1,26.74,4.5,74.14,7.0,19.27,2.1261942,5.0,18.34,1.338476,1.0,18.6,0.23093884,4.0,19.43,1.0203774,6.0,18.61,2.4849066497880004,0.4054651081081646,0.6931471805599454,1.791759469228055,0.8754687373539001,11,4.0,8.0,8.0,6.0
2011-03-27,201113,4.0,4,4,4,0.17519425,2.9282148,0,2,317070120111319589,2023-08-20,Varginha,0.5753229,136602,1,0,0,0,,,,,91540,19.37,23.21,28.84,16.8,79.0,11.0,18.23,2.3073668,7.0,19.27,2.1261942,5.0,18.34,1.338476,1.0,18.6,0.23093884,6.75,18.802500000000002,1.6094379124341003,-0.8754687373539001,-0.47000362924573547,-0.18232155679395468,0.916290731874155,12,8.0,8.0,6.0,9.0
2011-04-03,201114,8.0,8,8,8,0.5250743,5.8564296,0,2,317070120111419589,2023-08-20,Varginha,1.0313396,136602,1,0,1,5,,,,,91540,17.39,21.0,26.11,22.2,79.43,4.0,19.37,0.5753229,11.0,18.23,2.3073668,7.0,19.27,2.1261942,5.0,18.34,1.338476,7.5,18.564999999999998,2.1972245773362196,0.5877866649021193,-0.2876820724517808,0.11778303565638382,0.4054651081081646,13,8.0,6.0,9.0,4.0
2011-04-10,201115,8.0,8,8,8,0.6020468,5.8564296,0,2,317070120111519589,2023-08-20,Varginha,1.138729,136602,1,0,1,4,,,,,91540,17.09,21.69,27.29,12.8,77.71,8.0,17.39,1.0313396,4.0,19.37,0.5753229,11.0,18.23,2.3073668,7.0,19.27,2.1261942,7.75,18.02,2.1972245773362196,0.0,0.5877866649021193,-0.2876820724517808,0.11778303565638382,14,6.0,9.0,4.0,3.0
2011-04-17,201116,6.0,6,6,6,0.38251117,4.392322,0,2,317070120111619589,2023-08-20,Varginha,0.85170084,136602,1,0,1,3,,,,,91540,16.69,21.86,27.76,0.4,71.14,8.0,17.09,1.138729,8.0,17.39,1.0313396,4.0,19.37,0.5753229,11.0,18.23,2.3073668,6.5,17.634999999999998,1.9459101490553132,-0.25131442828090633,-0.25131442828090633,0.33647223662121295,-0.5389965007326871,15,9.0,4.0,3.0,4.0
2011-04-24,201117,9.0,9,9,9,0.66429895,6.5884833,0,1,317070120111719589,2023-08-20,Varginha,1.2277126,136602,0,0,1,6,,,,,91540,16.17,19.67,24.19,29.6,79.0,6.0,16.69,0.85170084,8.0,17.09,1.138729,8.0,17.39,1.0313396,4.0,19.37,0.5753229,7.75,16.835,2.302585092994046,0.35667494393873267,0.10536051565782634,0.10536051565782634,0.6931471805599456,16,4.0,3.0,4.0,4.0
2011-05-01,201118,4.0,4,4,4,0.16011809,2.9282148,0,1,317070120111819589,2023-08-20,Varginha,0.557549,136602,0,0,0,3,,,,,91540,15.2,20.16,25.67,0.9,77.29,9.0,16.17,1.2277126,6.0,16.69,0.85170084,8.0,17.09,1.138729,8.0,17.39,1.0313396,6.75,16.2875,1.6094379124341003,-0.6931471805599456,-0.33647223662121295,-0.5877866649021193,-0.5877866649021193,17,3.0,4.0,4.0,1.0
2011-05-08,201119,3.0,3,3,3,0.10689249,2.196161,0,1,317070120111919589,2023-08-20,Varginha,0.45180076,136602,0,0,0,3,,,,,91540,14.73,19.39,24.49,0.6,76.86,4.0,15.2,0.557549,9.0,16.17,1.2277126,6.0,16.69,0.85170084,8.0,17.09,1.138729,5.5,15.6975,1.3862943611198906,-0.2231435513142097,-0.9162907318741553,-0.5596157879354227,-0.810930216216329,18,4.0,4.0,1.0,1.0
2011-05-15,201120,4.0,4,4,4,0.35398945,2.9282148,0,1,317070120112019589,2023-08-20,Varginha,0.788044,136602,0,0,0,2,,,,,91540,12.43,16.76,22.1,8.3,75.71,3.0,14.73,0.45180076,4.0,15.2,0.557549,9.0,16.17,1.2277126,6.0,16.69,0.85170084,5.0,14.6325,1.6094379124341003,0.2231435513142097,0.0,-0.6931471805599456,-0.33647223662121295,19,4.0,1.0,1.0,2.0
2011-05-22,201121,4.0,4,4,4,0.5206819,2.9282148,0,1,317070120112119589,2023-08-20,Varginha,1.0356928,136602,0,0,0,4,,,,,91540,11.31,16.89,23.2,0.1,72.14,4.0,12.43,0.788044,3.0,14.73,0.45180076,4.0,15.2,0.557549,9.0,16.17,1.2277126,3.75,13.4175,1.6094379124341003,0.0,0.2231435513142097,0.0,-0.6931471805599456,20,1.0,1.0,2.0,4.0
2011-05-29,201122,1.0,1,1,1,0.08245663,0.7320537,0,1,317070120112219589,2023-08-20,Varginha,0.27776074,136602,0,0,0,0,,,,,91540,13.29,17.84,23.54,0.1,69.71,4.0,11.31,1.0356928,4.0,12.43,0.788044,3.0,14.73,0.45180076,4.0,15.2,0.557549,3.0,12.94,0.6931471805599453,-0.916290731874155,-0.916290731874155,-0.6931471805599453,-0.916290731874155,21,1.0,2.0,4.0,2.0
2011-06-05,201123,1.0,1,1,1,0.121537425,0.7320537,0,1,317070120112319589,2023-08-20,Varginha,0.3288903,136602,0,0,0,0,,,,,91540,10.11,14.79,20.66,29.7,76.14,1.0,13.29,0.27776074,4.0,11.31,1.0356928,4.0,12.43,0.788044,3.0,14.73,0.45180076,2.5,11.785,0.6931471805599453,0.0,-0.916290731874155,-0.916290731874155,-0.6931471805599453,22,2.0,4.0,2.0,1.0
2011-06-12,201124,2.0,2,2,2,0.5119303,1.4641074,0,1,317070120112419589,2023-08-20,Varginha,1.0274398,136602,0,0,0,0,,,,,91540,9.93,15.1,21.71,0.0,75.86,1.0,10.11,0.3288903,1.0,13.29,0.27776074,4.0,11.31,1.0356928,4.0,12.43,0.788044,2.0,11.16,1.0986122886681098,0.4054651081081645,0.4054651081081645,-0.5108256237659905,-0.5108256237659905,23,4.0,2.0,1.0,1.0
2011-06-19,201125,4.0,4,4,4,0.8715124,2.9282148,0,1,317070120112519589,2023-08-20,Varginha,2.5398164,136602,0,0,0,0,,,,,91540,11.01,17.23,24.26,0.0,75.14,2.0,9.93,1.0274398,1.0,10.11,0.3288903,1.0,13.29,0.27776074,4.0,11.31,1.0356928,2.0,11.084999999999999,1.6094379124341003,0.5108256237659905,0.916290731874155,0.916290731874155,0.0,24,2.0,1.0,1.0,2.0
2011-06-26,201126,2.0,2,2,2,0.45954424,1.4641074,0,1,317070120112619589,2023-08-20,Varginha,0.91408587,136602,0,0,0,0,,,,,91540,10.69,16.24,22.89,0.3,74.71,4.0,11.01,2.5398164,2.0,9.93,1.0274398,1.0,10.11,0.3288903,1.0,13.29,0.27776074,2.25,10.434999999999999,1.0986122886681098,-0.5108256237659905,0.0,0.4054651081081645,0.4054651081081645,25,1.0,1.0,2.0,1.0
2011-07-03,201127,1.0,1,1,1,0.15640873,0.7320537,0,1,317070120112719589,2023-08-20,Varginha,0.3736073,136602,0,0,0,0,,,,,91540,11.37,16.09,22.2,0.0,73.43,2.0,10.69,0.91408587,4.0,11.01,2.5398164,2.0,9.93,1.0274398,1.0,10.11,0.3288903,2.25,10.75,0.6931471805599453,-0.4054651081081645,-0.916290731874155,-0.4054651081081645,0.0,26,1.0,2.0,1.0,0.0
2011-07-10,201128,1.0,1,1,1,0.221552,0.7320537,0,1,317070120112819589,2023-08-20,Varginha,0.45992178,136602,0,0,0,0,,,,,91540,9.21,16.7,24.43,0.0,65.29,1.0,11.37,0.3736073,2.0,10.69,0.91408587,4.0,11.01,2.5398164,2.0,9.93,1.0274398,2.0,10.57,0.6931471805599453,0.0,-0.4054651081081645,-0.916290731874155,-0.4054651081081645,27,2.0,1.0,0.0,1.0
2011-07-17,201129,2.0,2,2,2,0.6294025,1.4641074,0,1,317070120112919589,2023-08-20,Varginha,1.371931,136602,0,0,0,0,,,,,91540,12.87,18.81,25.39,0.0,69.14,1.0,9.21,0.45992178,1.0,11.37,0.3736073,2.0,10.69,0.91408587,4.0,11.01,2.5398164,1.5,11.035,1.0986122886681098,0.4054651081081645,0.4054651081081645,0.0,-0.5108256237659905,28,1.0,0.0,1.0,2.0
2011-07-24,201130,1.0,1,1,1,0.40477052,0.7320537,0,1,317070120113019589,2023-08-20,Varginha,0.7663869,136602,0,0,0,0,,,,,91540,12.74,17.59,23.27,0.0,64.14,2.0,12.87,1.371931,1.0,9.21,0.45992178,1.0,11.37,0.3736073,2.0,10.69,0.91408587,1.25,11.5475,0.6931471805599453,-0.4054651081081645,0.0,0.0,-0.4054651081081645,29,0.0,1.0,2.0,0.0
2011-07-31,201131,0.0,0,0,0,0.0,0.0,0,1,317070120113119589,2023-08-20,Varginha,0.0,136602,0,0,0,0,,,,,91540,11.73,17.77,24.26,6.0,64.0,1.0,12.74,0.7663869,2.0,12.87,1.371931,1.0,9.21,0.45992178,1.0,11.37,0.3736073,1.0,11.6375,0.0,-0.6931471805599453,-1.0986122886681098,-0.6931471805599453,-0.6931471805599453,30,1.0,2.0,0.0,0.0
2011-08-07,201132,1.0,1,1,1,0.50153726,0.7320537,0,1,317070120113219589,2023-08-20,Varginha,1.0044485,136602,0,0,0,0,,,,,91540,13.24,19.86,27.17,0.0,62.71,0.0,11.73,0.0,1.0,12.74,0.7663869,2.0,12.87,1.371931,1.0,9.21,0.45992178,1.0,12.645000000000001,0.6931471805599453,0.6931471805599453,0.0,-0.4054651081081645,0.0,31,2.0,0.0,0.0,1.0
2011-08-14,201133,2.0,2,2,2,0.8298221,1.4641074,0,1,317070120113319589,2023-08-20,Varginha,2.8389976,136602,0,0,0,0,,,,,91540,13.4,20.21,27.69,0.0,52.43,1.0,13.24,1.0044485,0.0,11.73,0.0,1.0,12.74,0.7663869,2.0,12.87,1.371931,1.0,12.7775,1.0986122886681098,0.4054651081081645,1.0986122886681098,0.4054651081081645,0.0,32,0.0,0.0,1.0,0.0
2011-08-21,201134,0.0,0,0,0,0.0,0.0,0,1,317070120113419589,2023-08-20,Varginha,0.0,136602,0,0,0,0,,,,,91540,14.67,19.97,25.81,0.1,61.29,2.0,13.4,2.8389976,1.0,13.24,1.0044485,0.0,11.73,0.0,1.0,12.74,0.7663869,0.75,13.260000000000002,0.0,-1.0986122886681098,-0.6931471805599453,0.0,-0.6931471805599453,33,0.0,1.0,0.0,0.0
2011-08-28,201135,0.0,0,0,0,0.0,0.0,0,1,317070120113519589,2023-08-20,Varginha,0.0,136602,0,0,0,0,,,,,91540,12.61,19.46,27.31,3.3,54.29,0.0,14.67,0.0,2.0,13.4,2.8389976,1.0,13.24,1.0044485,0.0,11.73,0.0,0.75,13.48,0.0,0.0,-1.0986122886681098,-0.6931471805599453,0.0,34,1.0,0.0,0.0,3.0
2011-09-04,201136,1.0,1,1,1,0.66339487,0.7320537,0,1,317070120113619589,2023-08-20,Varginha,1.6890174,136602,0,0,0,0,,,,,91540,12.59,21.56,30.17,0.0,40.14,0.0,12.61,0.0,0.0,14.67,0.0,2.0,13.4,2.8389976,1.0,13.24,1.0044485,0.75,13.317499999999999,0.6931471805599453,0.6931471805599453,0.6931471805599453,-0.4054651081081645,0.0,35,0.0,0.0,3.0,1.0
2011-09-11,201137,0.0,0,0,0,0.0,0.0,0,1,317070120113719589,2023-08-20,Varginha,0.0,136602,0,0,0,0,,,,,91540,15.8,19.6,24.59,2.7,65.71,1.0,12.59,1.6890174,0.0,12.61,0.0,0.0,14.67,0.0,2.0,13.4,2.8389976,0.25,13.9175,0.0,-0.6931471805599453,0.0,0.0,-1.0986122886681098,36,0.0,3.0,1.0,0.0
2011-09-18,201138,0.0,0,0,0,0.0,0.0,0,1,317070120113819589,2023-08-20,Varginha,0.0,136602,0,0,0,0,,,,,91540,14.13,20.59,27.13,0.2,51.29,0.0,15.8,0.0,1.0,12.59,1.6890174,0.0,12.61,0.0,0.0,14.67,0.0,0.25,13.782499999999999,0.0,0.0,-0.6931471805599453,0.0,0.0,37,3.0,1.0,0.0,1.0
2011-09-25,201139,3.0,3,3,3,0.9619832,2.196161,0,1,317070120113919589,2023-08-20,Varginha,7.421834,136602,0,0,0,0,,,,,91540,15.17,21.97,29.01,0.0,51.29,0.0,14.13,0.0,0.0,15.8,0.0,1.0,12.59,1.6890174,0.0,12.61,0.0,1.0,14.4225,1.3862943611198906,1.3862943611198906,1.3862943611198906,0.6931471805599453,1.3862943611198906,38,1.0,0.0,1.0,0.0
2011-10-02,201140,1.0,1,1,1,0.56101173,0.7320537,0,1,317070120114019589,2023-08-20,Varginha,1.1991887,136602,0,0,0,1,,,,,91540,16.86,21.47,26.97,19.7,64.57,3.0,15.17,7.421834,0.0,14.13,0.0,0.0,15.8,0.0,1.0,12.59,1.6890174,1.0,15.49,0.6931471805599453,-0.6931471805599453,0.6931471805599453,0.6931471805599453,0.0,39,0.0,1.0,0.0,0.0
2011-10-09,201141,0.0,0,0,0,0.0,0.0,0,1,317070120114119589,2023-08-20,Varginha,0.0,136602,0,0,0,0,,,,,91540,18.6,21.79,26.44,51.6,78.86,1.0,16.86,1.1991887,3.0,15.17,7.421834,0.0,14.13,0.0,0.0,15.8,0.0,1.0,16.189999999999998,0.0,-0.6931471805599453,-1.3862943611198906,0.0,0.0,40,1.0,0.0,0.0,0.0
2011-10-16,201142,1.0,1,1,1,0.4416639,0.7320537,0,1,317070120114219589,2023-08-20,Varginha,0.8481913,136602,0,0,0,0,,,,,91540,15.49,18.9,23.2,17.0,71.57,0.0,18.6,0.0,1.0,16.86,1.1991887,3.0,15.17,7.421834,0.0,14.13,0.0,1.25,16.53,0.6931471805599453,0.6931471805599453,0.0,-0.6931471805599453,0.6931471805599453,41,0.0,0.0,0.0,2.0
2011-10-23,201143,0.0,0,0,0,0.0,0.0,0,1,317070120114319589,2023-08-20,Varginha,0.0,136602,0,0,0,0,,,,,91540,16.97,21.66,27.6,20.8,73.29,1.0,15.49,0.8481913,0.0,18.6,0.0,1.0,16.86,1.1991887,3.0,15.17,7.421834,0.5,16.98,0.0,-0.6931471805599453,0.0,-0.6931471805599453,-1.3862943611198906,42,0.0,0.0,2.0,1.0
2011-10-30,201144,0.0,0,0,0,0.0,0.0,0,1,317070120114419589,2023-08-20,Varginha,0.0,136602,0,0,0,0,,,,,91540,13.91,18.6,23.71,29.7,67.71,0.0,16.97,0.0,1.0,15.49,0.8481913,0.0,18.6,0.0,1.0,16.86,1.1991887,0.25,16.2425,0.0,0.0,-0.6931471805599453,0.0,-0.6931471805599453,43,0.0,2.0,1.0,3.0
2011-11-06,201145,0.0,0,0,0,0.0,0.0,0,1,317070120114519589,2023-08-20,Varginha,0.0,136602,0,0,0,0,,,,,91540,17.03,21.56,27.13,27.8,68.43,0.0,13.91,0.0,0.0,16.97,0.0,1.0,15.49,0.8481913,0.0,18.6,0.0,0.25,15.850000000000001,0.0,0.0,0.0,-0.6931471805599453,0.0,44,2.0,1.0,3.0,2.0
2011-11-13,201146,2.0,2,2,2,0.96615696,1.4641074,0,1,317070120114619589,2023-08-20,Varginha,12.337212,136602,0,0,0,0,,,,,91540,16.76,19.93,24.26,66.1,79.57,0.0,17.03,0.0,0.0,13.91,0.0,0.0,16.97,0.0,1.0,15.49,0.8481913,0.5,16.1675,1.0986122886681098,1.0986122886681098,1.0986122886681098,1.0986122886681098,0.4054651081081645,45,1.0,3.0,2.0,1.0
2011-11-20,201147,1.0,1,1,1,0.686644,0.7320537,0,1,317070120114719589,2023-08-20,Varginha,1.8437742,136602,1,0,0,0,,,,,91540,17.04,21.77,27.13,54.7,71.29,2.0,16.76,12.337212,0.0,17.03,0.0,0.0,13.91,0.0,0.0,16.97,0.0,0.75,16.185000000000002,0.6931471805599453,-0.4054651081081645,0.6931471805599453,0.6931471805599453,0.6931471805599453,46,3.0,2.0,1.0,2.0
2011-11-27,201148,3.0,3,3,3,0.8397287,2.196161,0,1,317070120114819589,2023-08-20,Varginha,2.4959192,136602,1,0,0,0,,,,,91540,17.36,20.54,25.61,39.9,80.43,1.0,17.04,1.8437742,2.0,16.76,12.337212,0.0,17.03,0.0,0.0,13.91,0.0,1.5,17.0475,1.3862943611198906,0.6931471805599453,0.2876820724517808,1.3862943611198906,1.3862943611198906,47,2.0,1.0,2.0,2.0
2011-12-04,201149,2.0,2,2,2,0.5653725,1.4641074,0,2,317070120114919589,2023-08-20,Varginha,1.1649721,136602,1,0,0,0,,,,,91540,18.4,21.0,25.01,97.3,83.86,3.0,17.36,2.4959192,1.0,17.04,1.8437742,2.0,16.76,12.337212,0.0,17.03,0.0,2.0,17.39,1.0986122886681098,-0.2876820724517808,0.4054651081081645,0.0,1.0986122886681098,48,1.0,2.0,2.0,5.0
2011-12-11,201150,1.0,1,1,1,0.23574321,0.7320537,0,2,317070120115019589,2023-08-20,Varginha,0.4796826,136602,1,0,0,0,,,,,91540,17.9,21.79,26.74,67.0,80.14,2.0,18.4,1.1649721,3.0,17.36,2.4959192,1.0,17.04,1.8437742,2.0,16.76,12.337212,1.75,17.674999999999997,0.6931471805599453,-0.4054651081081645,-0.6931471805599453,0.0,-0.4054651081081645,49,2.0,2.0,5.0,2.0
2011-12-18,201151,2.0,2,2,2,0.5141808,1.4641074,0,2,317070120115119589,2023-08-20,Varginha,1.0327356,136602,1,0,0,1,,,,,91540,18.09,22.24,27.84,32.6,78.14,1.0,17.9,0.4796826,2.0,18.4,1.1649721,3.0,17.36,2.4959192,1.0,17.04,1.8437742,2.0,17.9375,1.0986122886681098,0.4054651081081645,0.0,-0.2876820724517808,0.4054651081081645,50,2.0,5.0,2.0,2.0
2011-12-25,201152,2.0,2,2,2,0.58359736,1.4641074,0,2,317070120115219589,2023-08-20,Varginha,1.218413,136602,1,0,0,0,,,,,91540,18.76,21.59,26.36,94.3,84.29,2.0,18.09,1.0327356,1.0,17.9,0.4796826,2.0,18.4,1.1649721,3.0,17.36,2.4959192,1.75,18.2875,1.0986122886681098,0.0,0.4054651081081645,0.0,-0.2876820724517808,51,5.0,2.0,2.0,5.0
2012-01-01,201201,5.0,5,5,5,0.89899725,3.6602685,0,2,317070120120119589,2023-08-20,Varginha,2.61074,136602,1,0,0,0,,,,,91540,17.94,21.19,25.57,105.8,82.29,2.0,18.76,1.218413,2.0,18.09,1.0327356,1.0,17.9,0.4796826,2.0,18.4,1.1649721,2.5,18.1725,1.791759469228055,0.6931471805599452,0.6931471805599452,1.0986122886681096,0.6931471805599452,52,2.0,2.0,5.0,6.0
2012-01-08,201202,2.0,2,2,2,0.36813688,1.4641074,0,2,317070120120219589,2023-08-20,Varginha,0.7510555,136602,1,0,0,1,,,,,91540,17.43,20.03,23.59,53.8,83.0,5.0,17.94,2.61074,2.0,18.76,1.218413,2.0,18.09,1.0327356,1.0,17.9,0.4796826,2.75,18.055,1.0986122886681098,-0.6931471805599452,0.0,0.0,0.4054651081081645,1,2.0,5.0,6.0,2.0
2012-01-15,201203,2.0,2,2,2,0.2853092,1.4641074,0,2,317070120120319589,2023-08-20,Varginha,0.6282863,136602,1,0,0,1,,,,,91540,18.6,21.39,26.04,81.7,82.0,2.0,17.43,0.7510555,5.0,17.94,2.61074,2.0,18.76,1.218413,2.0,18.09,1.0327356,2.75,18.1825,1.0986122886681098,0.0,-0.6931471805599452,0.0,0.0,2,5.0,6.0,2.0,4.0
2012-01-22,201204,5.0,5,5,5,0.789129,3.6602685,0,2,317070120120419589,2023-08-20,Varginha,1.7369453,136602,1,0,0,0,,,,,91540,18.57,22.1,26.9,47.5,76.71,2.0,18.6,0.6282863,2.0,17.43,0.7510555,5.0,17.94,2.61074,2.0,18.76,1.218413,3.5,18.135,1.791759469228055,0.6931471805599452,0.6931471805599452,0.0,0.6931471805599452,3,6.0,2.0,4.0,5.0
2012-01-29,201205,6.0,6,6,6,0.8460905,4.392322,0,2,317070120120519589,2023-08-20,Varginha,1.9387903,136602,1,0,1,1,,,,,91540,17.33,21.83,26.83,13.5,73.29,5.0,18.57,1.7369453,2.0,18.6,0.6282863,2.0,17.43,0.7510555,5.0,17.94,2.61074,3.75,17.9825,1.9459101490553132,0.15415067982725827,0.8472978603872034,0.8472978603872034,0.15415067982725827,4,2.0,4.0,5.0,3.0
2012-02-05,201206,2.0,2,2,2,0.17148277,1.4641074,0,2,317070120120619589,2023-08-20,Varginha,0.4797462,136602,1,0,0,0,,,,,91540,17.97,23.69,29.39,37.5,68.57,6.0,17.33,1.9387903,5.0,18.57,1.7369453,2.0,18.6,0.6282863,2.0,17.43,0.7510555,3.75,18.1175,1.0986122886681098,-0.8472978603872034,-0.6931471805599452,0.0,0.0,5,4.0,5.0,3.0,1.0
2012-02-12,201207,4.0,4,4,4,0.43938988,2.9282148,0,2,317070120120719589,2023-08-20,Varginha,0.90478694,136602,1,0,0,1,,,,,91540,18.36,22.13,27.39,27.3,75.14,2.0,17.97,0.4797462,6.0,17.33,1.9387903,5.0,18.57,1.7369453,2.0,18.6,0.6282863,4.25,18.0575,1.6094379124341003,0.5108256237659905,-0.33647223662121295,-0.18232155679395468,0.5108256237659905,6,5.0,3.0,1.0,2.0
2012-02-19,201208,5.0,5,5,5,0.6692689,3.6602685,0,2,317070120120819589,2023-08-20,Varginha,1.3274429,136602,1,0,0,0,,,,,91540,19.06,22.84,27.61,8.4,73.86,4.0,18.36,0.90478694,2.0,17.97,0.4797462,6.0,17.33,1.9387903,5.0,18.57,1.7369453,4.25,18.18,1.791759469228055,0.18232155679395468,0.6931471805599452,-0.15415067982725827,0.0,7,3.0,1.0,2.0,2.0
2012-02-26,201209,3.0,3,3,3,0.3721932,2.196161,0,2,317070120120919589,2023-08-20,Varginha,0.7899076,136602,1,0,0,0,,,,,91540,19.34,24.77,30.96,5.8,62.57,5.0,19.06,1.3274429,4.0,18.36,0.90478694,2.0,17.97,0.4797462,6.0,17.33,1.9387903,3.5,18.682499999999997,1.3862943611198906,-0.4054651081081644,-0.2231435513142097,0.2876820724517808,-0.5596157879354227,8,1.0,2.0,2.0,4.0
2012-03-04,201210,1.0,1,1,1,0.06802729,0.7320537,0,2,317070120121019589,2023-08-20,Varginha,0.257882,136602,1,0,0,0,,,,,91540,18.39,23.06,28.19,2.0,64.86,3.0,19.34,0.7899076,5.0,19.06,1.3274429,4.0,18.36,0.90478694,2.0,17.97,0.4797462,3.25,18.787499999999998,0.6931471805599453,-0.6931471805599453,-1.0986122886681096,-0.916290731874155,-0.4054651081081645,9,2.0,2.0,4.0,1.0
2012-03-11,201211,2.0,2,2,2,0.31524217,1.4641074,0,2,317070120121119589,2023-08-20,Varginha,0.67062986,136602,1,0,0,0,,,,,91540,17.61,21.56,27.01,41.4,80.43,1.0,18.39,0.257882,3.0,19.34,0.7899076,5.0,19.06,1.3274429,4.0,18.36,0.90478694,2.75,18.599999999999998,1.0986122886681098,0.4054651081081645,-0.2876820724517808,-0.6931471805599452,-0.5108256237659905,10,2.0,4.0,1.0,1.0
2012-03-18,201212,2.0,2,2,2,0.49895123,1.4641074,0,2,317070120121219589,2023-08-20,Varginha,0.9976373,136602,1,0,0,0,,,,,91540,17.71,21.7,26.59,19.5,76.86,2.0,17.61,0.67062986,1.0,18.39,0.257882,3.0,19.34,0.7899076,5.0,19.06,1.3274429,2.0,18.2625,1.0986122886681098,0.0,0.4054651081081645,-0.2876820724517808,-0.6931471805599452,11,4.0,1.0,1.0,3.0
2012-03-25,201213,4.0,4,4,4,0.82348084,2.9282148,0,2,317070120121319589,2023-08-20,Varginha,2.0785363,136602,1,0,0,0,,,,,91540,17.56,21.69,27.23,30.7,79.43,2.0,17.71,0.9976373,2.0,17.61,0.67062986,1.0,18.39,0.257882,3.0,19.34,0.7899076,2.25,17.8175,1.6094379124341003,0.5108256237659905,0.5108256237659905,0.916290731874155,0.2231435513142097,12,1.0,1.0,3.0,2.0
2012-04-01,201214,1.0,1,1,1,0.19322297,0.7320537,0,2,317070120121419589,2023-08-20,Varginha,0.42164534,136602,1,0,0,0,,,,,91540,17.77,22.09,27.71,22.9,77.43,4.0,17.56,2.0785363,2.0,17.71,0.9976373,2.0,17.61,0.67062986,1.0,18.39,0.257882,2.25,17.662499999999998,0.6931471805599453,-0.916290731874155,-0.4054651081081645,-0.4054651081081645,0.0,13,1.0,3.0,2.0,3.0
2012-04-08,201215,1.0,1,1,1,0.17819206,0.7320537,0,2,317070120121519589,2023-08-20,Varginha,0.4018493,136602,1,0,0,0,,,,,91540,17.81,21.91,26.9,1.5,75.86,1.0,17.77,0.42164534,4.0,17.56,2.0785363,2.0,17.71,0.9976373,2.0,17.61,0.67062986,2.0,17.7125,0.6931471805599453,0.0,-0.916290731874155,-0.4054651081081645,-0.4054651081081645,14,3.0,2.0,3.0,1.0
2012-04-15,201216,3.0,3,3,3,0.7094278,2.196161,0,2,317070120121619589,2023-08-20,Varginha,1.5891912,136602,1,0,0,0,,,,,91540,16.49,20.99,25.93,8.1,73.86,1.0,17.81,0.4018493,1.0,17.77,0.42164534,4.0,17.56,2.0785363,2.0,17.71,0.9976373,2.25,17.4075,1.3862943611198906,0.6931471805599453,0.6931471805599453,-0.2231435513142097,0.2876820724517808,15,2.0,3.0,1.0,1.0
2012-04-22,201217,2.0,2,2,2,0.56942743,1.4641074,0,2,317070120121719589,2023-08-20,Varginha,1.1765372,136602,1,0,0,0,,,,,91540,16.77,20.6,25.39,19.2,81.14,3.0,16.49,1.5891912,1.0,17.81,0.4018493,1.0,17.77,0.42164534,4.0,17.56,2.0785363,1.75,17.21,1.0986122886681098,-0.2876820724517808,0.4054651081081645,0.4054651081081645,-0.5108256237659905,16,3.0,1.0,1.0,3.0
2012-04-29,201218,3.0,3,3,3,0.6569628,2.196161,0,1,317070120121819589,2023-08-20,Varginha,1.3910135,136602,0,0,0,2,,,,,91540,13.6,17.83,22.91,18.7,76.86,2.0,16.77,1.1765372,3.0,16.49,1.5891912,1.0,17.81,0.4018493,1.0,17.77,0.42164534,2.25,16.1675,1.3862943611198906,0.2876820724517808,0.0,0.6931471805599453,0.6931471805599453,17,1.0,1.0,3.0,4.0
2012-05-06,201219,1.0,1,1,1,0.19443218,0.7320537,0,1,317070120121919589,2023-08-20,Varginha,0.42325157,136602,0,0,0,0,,,,,91540,13.24,17.87,23.24,1.0,74.43,3.0,13.6,1.3910135,2.0,16.77,1.1765372,3.0,16.49,1.5891912,1.0,17.81,0.4018493,2.25,15.024999999999999,0.6931471805599453,-0.6931471805599453,-0.4054651081081645,-0.6931471805599453,0.0,18,1.0,3.0,4.0,1.0
2012-05-13,201220,1.0,1,1,1,0.22636542,0.7320537,0,1,317070120122019589,2023-08-20,Varginha,0.4665758,136602,0,0,0,1,,,,,91540,13.34,16.61,20.6,28.2,78.29,1.0,13.24,0.42325157,3.0,13.6,1.3910135,2.0,16.77,1.1765372,3.0,16.49,1.5891912,1.75,14.2375,0.6931471805599453,0.0,-0.6931471805599453,-0.4054651081081645,-0.6931471805599453,19,3.0,4.0,1.0,1.0
2012-05-20,201221,3.0,3,3,3,0.7556343,2.196161,0,1,317070120122119589,2023-08-20,Varginha,1.8179494,136602,0,0,0,0,,,,,91540,13.2,17.04,22.39,10.2,78.86,1.0,13.34,0.4665758,1.0,13.24,0.42325157,3.0,13.6,1.3910135,2.0,16.77,1.1765372,2.0,13.344999999999999,1.3862943611198906,0.6931471805599453,0.6931471805599453,0.0,0.2876820724517808,20,4.0,1.0,1.0,3.0
2012-05-27,201222,4.0,4,4,4,0.84751016,2.9282148,0,1,317070120122219589,2023-08-20,Varginha,2.2804644,136602,0,0,0,0,,,,,91540,14.21,19.09,25.3,3.5,78.29,3.0,13.2,1.8179494,1.0,13.34,0.4665758,1.0,13.24,0.42325157,3.0,13.6,1.3910135,2.25,13.497499999999999,1.6094379124341003,0.2231435513142097,0.916290731874155,0.916290731874155,0.2231435513142097,21,1.0,1.0,3.0,1.0
2012-06-03,201223,1.0,1,1,1,0.17335123,0.7320537,0,1,317070120122319589,2023-08-20,Varginha,0.39553362,136602,0,0,0,0,,,,,91540,15.2,18.51,22.89,22.0,84.71,4.0,14.21,2.2804644,3.0,13.2,1.8179494,1.0,13.34,0.4665758,1.0,13.24,0.42325157,2.25,13.9875,0.6931471805599453,-0.916290731874155,-0.6931471805599453,0.0,0.0,22,1.0,3.0,1.0,1.0
2012-06-10,201224,1.0,1,1,1,0.15642355,0.7320537,0,1,317070120122419589,2023-08-20,Varginha,0.3736264,136602,0,0,0,1,,,,,91540,13.27,17.61,23.16,0.5,79.0,1.0,15.2,0.39553362,4.0,14.21,2.2804644,3.0,13.2,1.8179494,1.0,13.34,0.4665758,2.25,13.969999999999999,0.6931471805599453,0.0,-0.916290731874155,-0.6931471805599453,0.0,23,3.0,1.0,1.0,1.0
2012-06-17,201225,3.0,3,3,3,0.6997461,2.196161,0,1,317070120122519589,2023-08-20,Varginha,1.5485375,136602,0,0,0,1,,,,,91540,13.41,18.07,23.27,33.1,79.29,1.0,13.27,0.3736264,1.0,15.2,0.39553362,4.0,14.21,2.2804644,3.0,13.2,1.8179494,2.25,14.022499999999999,1.3862943611198906,0.6931471805599453,0.6931471805599453,-0.2231435513142097,0.0,24,1.0,1.0,1.0,1.0
2012-06-24,201226,1.0,1,1,1,0.3185936,0.7320537,0,1,317070120122619589,2023-08-20,Varginha,0.60598314,136602,0,0,0,0,,,,,91540,12.59,16.97,22.24,0.3,77.29,3.0,13.41,1.5485375,1.0,13.27,0.3736264,1.0,15.2,0.39553362,4.0,14.21,2.2804644,1.5,13.6175,0.6931471805599453,-0.6931471805599453,0.0,0.0,-0.916290731874155,25,1.0,1.0,1.0,0.0
2012-07-01,201227,1.0,1,1,1,0.28580824,0.7320537,0,1,317070120122719589,2023-08-20,Varginha,0.55344,136602,0,0,0,0,,,,,91540,11.17,17.06,23.83,0.0,73.71,1.0,12.59,0.60598314,3.0,13.41,1.5485375,1.0,13.27,0.3736264,1.0,15.2,0.39553362,1.5,12.61,0.6931471805599453,0.0,-0.6931471805599453,0.0,0.0,26,1.0,1.0,0.0,1.0
2012-07-08,201228,1.0,1,1,1,0.35854378,0.7320537,0,1,317070120122819589,2023-08-20,Varginha,0.6757767,136602,0,0,0,1,,,,,91540,10.74,16.06,22.37,2.1,70.0,1.0,11.17,0.55344,1.0,12.59,0.60598314,3.0,13.41,1.5485375,1.0,13.27,0.3736264,1.5,11.977500000000001,0.6931471805599453,0.0,0.0,-0.6931471805599453,0.0,27,1.0,0.0,1.0,0.0
2012-07-15,201229,1.0,1,1,1,0.46541214,0.7320537,0,1,317070120122919589,2023-08-20,Varginha,0.90627384,136602,0,0,0,0,,,,,91540,9.87,14.84,20.6,13.1,72.71,1.0,10.74,0.6757767,1.0,11.17,0.55344,1.0,12.59,0.60598314,3.0,13.41,1.5485375,1.0,11.0925,0.6931471805599453,0.0,0.0,0.0,-0.6931471805599453,28,0.0,1.0,0.0,1.0
2012-07-22,201230,0.0,0,0,0,0.0,0.0,0,1,317070120123019589,2023-08-20,Varginha,0.0,136602,0,0,0,0,,,,,91540,11.54,18.56,25.97,0.0,64.57,1.0,9.87,0.90627384,1.0,10.74,0.6757767,1.0,11.17,0.55344,1.0,12.59,0.60598314,0.75,10.83,0.0,-0.6931471805599453,-0.6931471805599453,-0.6931471805599453,-0.6931471805599453,29,1.0,0.0,1.0,0.0
2012-07-29,201231,1.0,1,1,1,0.5930683,0.7320537,0,1,317070120123119589,2023-08-20,Varginha,1.3267355,136602,0,0,0,0,,,,,91540,12.5,18.27,24.39,0.0,66.57,0.0,11.54,0.0,1.0,9.87,0.90627384,1.0,10.74,0.6757767,1.0,11.17,0.55344,0.75,11.1625,0.6931471805599453,0.6931471805599453,0.0,0.0,0.0,30,0.0,1.0,0.0,1.0
2012-08-05,201232,0.0,0,0,0,0.0,0.0,0,1,317070120123219589,2023-08-20,Varginha,0.0,136602,0,0,0,0,,,,,91540,11.3,17.41,24.23,0.0,62.43,1.0,12.5,1.3267355,0.0,11.54,0.0,1.0,9.87,0.90627384,1.0,10.74,0.6757767,0.5,11.302499999999998,0.0,-0.6931471805599453,0.0,-0.6931471805599453,-0.6931471805599453,31,1.0,0.0,1.0,2.0
2012-08-12,201233,1.0,1,1,1,0.7014969,0.7320537,0,1,317070120123319589,2023-08-20,Varginha,1.955067,136602,0,0,0,0,,,,,91540,13.61,18.47,24.06,0.3,63.43,0.0,11.3,0.0,1.0,12.5,1.3267355,0.0,11.54,0.0,1.0,9.87,0.90627384,0.5,12.237499999999999,0.6931471805599453,0.6931471805599453,0.0,0.6931471805599453,0.0,32,0.0,1.0,2.0,0.0
2012-08-19,201234,0.0,0,0,0,0.0,0.0,0,1,317070120123419589,2023-08-20,Varginha,0.0,136602,0,0,0,0,,,,,91540,12.84,18.64,24.79,0.0,58.0,1.0,13.61,1.955067,0.0,11.3,0.0,1.0,12.5,1.3267355,0.0,11.54,0.0,0.5,12.5625,0.0,-0.6931471805599453,0.0,-0.6931471805599453,0.0,33,1.0,2.0,0.0,1.0
2012-08-26,201235,1.0,1,1,1,0.7036551,0.7320537,0,1,317070120123519589,2023-08-20,Varginha,1.972155,136602,0,0,0,0,,,,,91540,12.96,19.26,25.94,0.8,56.71,0.0,12.84,0.0,1.0,13.61,1.955067,0.0,11.3,0.0,1.0,12.5,1.3267355,0.5,12.6775,0.6931471805599453,0.6931471805599453,0.0,0.6931471805599453,0.0,34,2.0,0.0,1.0,1.0
2012-09-02,201236,2.0,2,2,2,0.85864395,1.4641074,0,1,317070120123619589,2023-08-20,Varginha,3.3536973,136602,0,0,0,0,,,,,91540,13.23,20.79,28.29,0.0,50.43,1.0,12.96,1.972155,0.0,12.84,0.0,1.0,13.61,1.955067,0.0,11.3,0.0,1.0,13.16,1.0986122886681098,0.4054651081081645,1.0986122886681098,0.4054651081081645,1.0986122886681098,35,0.0,1.0,1.0,1.0
2012-09-09,201237,0.0,0,0,0,0.0,0.0,0,1,317070120123719589,2023-08-20,Varginha,0.0,136602,0,0,0,0,,,,,91540,15.89,22.99,30.19,0.2,51.0,2.0,13.23,3.3536973,1.0,12.96,1.972155,0.0,12.84,0.0,1.0,13.61,1.955067,0.75,13.73,0.0,-1.0986122886681098,-0.6931471805599453,0.0,-0.6931471805599453,36,1.0,1.0,1.0,0.0
2012-09-16,201238,1.0,1,1,1,0.46707314,0.7320537,0,1,317070120123819589,2023-08-20,Varginha,0.91051495,136602,1,0,0,0,,,,,91540,16.79,22.23,28.89,10.0,57.86,0.0,15.89,0.0,2.0,13.23,3.3536973,1.0,12.96,1.972155,0.0,12.84,0.0,1.0,14.7175,0.6931471805599453,0.6931471805599453,-0.4054651081081645,0.0,0.6931471805599453,37,1.0,1.0,0.0,2.0
2012-09-23,201239,1.0,1,1,1,0.5609609,0.7320537,0,1,317070120123919589,2023-08-20,Varginha,1.1990006,136602,0,0,0,0,,,,,91540,11.66,17.34,23.24,14.7,64.14,1.0,16.79,0.91051495,0.0,15.89,0.0,2.0,13.23,3.3536973,1.0,12.96,1.972155,1.0,14.392499999999998,0.6931471805599453,0.0,0.6931471805599453,-0.4054651081081645,0.0,38,1.0,0.0,2.0,1.0
2012-09-30,201240,1.0,1,1,1,0.5714427,0.7320537,0,1,317070120124019589,2023-08-20,Varginha,1.2386674,136602,1,0,0,0,,,,,91540,15.49,22.86,29.99,0.0,47.71,1.0,11.66,1.1990006,1.0,16.79,0.91051495,0.0,15.89,0.0,2.0,13.23,3.3536973,0.75,14.9575,0.6931471805599453,0.0,0.0,0.6931471805599453,-0.4054651081081645,39,0.0,2.0,1.0,0.0
2012-10-07,201241,0.0,0,0,0,0.0,0.0,0,1,317070120124119589,2023-08-20,Varginha,0.0,136602,0,0,0,0,,,,,91540,16.93,22.43,28.51,16.5,53.29,1.0,15.49,1.2386674,1.0,11.66,1.1990006,1.0,16.79,0.91051495,0.0,15.89,0.0,0.75,15.2175,0.0,-0.6931471805599453,-0.6931471805599453,-0.6931471805599453,0.0,40,2.0,1.0,0.0,1.0
2012-10-14,201242,2.0,2,2,2,0.80323637,1.4641074,0,1,317070120124219589,2023-08-20,Varginha,2.4901793,136602,0,0,0,1,,,,,91540,15.67,20.57,26.26,24.8,66.86,0.0,16.93,0.0,1.0,15.49,1.2386674,1.0,11.66,1.1990006,1.0,16.79,0.91051495,1.0,14.9375,1.0986122886681098,1.0986122886681098,0.4054651081081645,0.4054651081081645,0.4054651081081645,41,1.0,0.0,1.0,2.0
2012-10-21,201243,1.0,1,1,1,0.559291,0.7320537,0,1,317070120124319589,2023-08-20,Varginha,1.1928492,136602,1,0,0,0,,,,,91540,18.91,24.24,30.24,14.7,67.86,2.0,15.67,2.4901793,0.0,16.93,0.0,1.0,15.49,1.2386674,1.0,11.66,1.1990006,1.0,16.75,0.6931471805599453,-0.4054651081081645,0.6931471805599453,0.0,0.0,42,0.0,1.0,2.0,2.0
2012-10-28,201244,0.0,0,0,0,0.0,0.0,0,1,317070120124419589,2023-08-20,Varginha,0.0,136602,0,0,0,0,,,,,91540,19.94,24.69,31.13,23.7,66.86,1.0,18.91,1.1928492,2.0,15.67,2.4901793,0.0,16.93,0.0,1.0,15.49,1.2386674,0.75,17.8625,0.0,-0.6931471805599453,-1.0986122886681098,0.0,-0.6931471805599453,43,1.0,2.0,2.0,1.0
2012-11-04,201245,1.0,1,1,1,0.5207122,0.7320537,0,1,317070120124519589,2023-08-20,Varginha,1.0622004,136602,1,0,0,0,,,,,91540,18.16,21.63,26.0,53.0,74.14,0.0,19.94,0.0,1.0,18.91,1.1928492,2.0,15.67,2.4901793,0.0,16.93,0.0,1.0,18.17,0.6931471805599453,0.6931471805599453,0.0,-0.4054651081081645,0.6931471805599453,44,2.0,2.0,1.0,0.0
2012-11-11,201246,2.0,2,2,2,0.8310116,1.4641074,0,1,317070120124619589,2023-08-20,Varginha,2.856977,136602,1,0,0,0,,,,,91540,17.41,20.79,25.51,22.1,77.43,1.0,18.16,1.0622004,0.0,19.94,0.0,1.0,18.91,1.1928492,2.0,15.67,2.4901793,1.0,18.605,1.0986122886681098,0.4054651081081645,1.0986122886681098,0.4054651081081645,0.0,45,2.0,1.0,0.0,2.0
2012-11-18,201247,2.0,2,2,2,0.73552525,1.4641074,0,2,317070120124719589,2023-08-20,Varginha,1.8980341,136602,1,0,0,0,,,,,91540,16.46,21.97,28.04,15.1,66.71,2.0,17.41,2.856977,1.0,18.16,1.0622004,0.0,19.94,0.0,1.0,18.91,1.1928492,1.25,17.9925,1.0986122886681098,0.0,0.4054651081081645,1.0986122886681098,0.4054651081081645,46,1.0,0.0,2.0,2.0
2012-11-25,201248,1.0,1,1,1,0.33390573,0.7320537,0,2,317070120124819589,2023-08-20,Varginha,0.63191664,136602,1,0,0,0,,,,,91540,18.93,22.51,27.17,40.9,74.57,2.0,16.46,1.8980341,2.0,17.41,2.856977,1.0,18.16,1.0622004,0.0,19.94,0.0,1.5,17.740000000000002,0.6931471805599453,-0.4054651081081645,-0.4054651081081645,0.0,0.6931471805599453,47,0.0,2.0,2.0,3.0
2012-12-02,201249,0.0,0,0,0,0.0,0.0,0,1,317070120124919589,2023-08-20,Varginha,0.0,136602,0,0,0,0,,,,,91540,19.94,24.13,29.87,27.4,73.43,1.0,18.93,0.63191664,2.0,16.46,1.8980341,2.0,17.41,2.856977,1.0,18.16,1.0622004,1.25,18.185000000000002,0.0,-0.6931471805599453,-1.0986122886681098,-1.0986122886681098,-0.6931471805599453,48,2.0,2.0,3.0,3.0
2012-12-09,201250,2.0,2,2,2,0.72222155,1.4641074,0,1,317070120125019589,2023-08-20,Varginha,1.8127749,136602,1,0,0,0,,,,,91540,20.01,23.07,28.09,67.0,81.86,0.0,19.94,0.0,1.0,18.93,0.63191664,2.0,16.46,1.8980341,2.0,17.41,2.856977,1.25,18.835,1.0986122886681098,1.0986122886681098,0.4054651081081645,0.0,0.0,49,2.0,3.0,3.0,3.0
2012-12-16,201251,2.0,2,2,2,0.7632717,1.4641074,0,1,317070120125119589,2023-08-20,Varginha,2.103329,136602,1,0,0,0,,,,,91540,19.46,23.44,28.93,43.1,77.57,2.0,20.01,1.8127749,0.0,19.94,0.0,1.0,18.93,0.63191664,2.0,16.46,1.8980341,1.25,19.585,1.0986122886681098,0.0,1.0986122886681098,0.4054651081081645,0.0,50,3.0,3.0,3.0,7.0
2012-12-23,201252,3.0,3,3,3,0.7831294,2.196161,0,2,317070120125219589,2023-08-20,Varginha,1.9908121,136602,1,0,0,2,,,,,91540,19.81,24.2,29.69,23.0,71.57,2.0,19.46,2.103329,2.0,20.01,1.8127749,0.0,19.94,0.0,1.0,18.93,0.63191664,1.75,19.805,1.3862943611198906,0.2876820724517808,0.2876820724517808,1.3862943611198906,0.6931471805599453,51,3.0,3.0,7.0,3.0
2012-12-30,201301,3.0,3,3,3,0.6535231,2.196161,0,2,317070120130119589,2023-08-20,Varginha,1.3796823,136602,1,0,0,1,,,,,91540,19.26,23.64,28.89,17.3,72.29,3.0,19.81,1.9908121,2.0,19.46,2.103329,2.0,20.01,1.8127749,0.0,19.94,0.0,2.5,19.635,1.3862943611198906,0.0,0.2876820724517808,0.2876820724517808,1.3862943611198906,52,3.0,7.0,3.0,6.0
2013-01-06,201302,3.0,3,3,3,0.5580996,2.196161,0,2,317070120130219589,2023-08-20,Varginha,1.1207528,136602,1,0,0,2,,,,,91540,19.01,21.5,24.94,305.8,83.43,3.0,19.26,1.3796823,3.0,19.81,1.9908121,2.0,19.46,2.103329,2.0,20.01,1.8127749,2.75,19.384999999999998,1.3862943611198906,0.0,0.0,0.2876820724517808,0.2876820724517808,1,7.0,3.0,6.0,7.0
2013-01-13,201303,7.0,7,7,7,0.89997065,5.124376,0,2,317070120130319589,2023-08-20,Varginha,2.2268631,136602,1,0,1,5,,,,,91540,17.49,20.77,25.59,86.4,83.71,3.0,19.01,1.1207528,3.0,19.26,1.3796823,3.0,19.81,1.9908121,2.0,19.46,2.103329,4.0,18.892500000000002,2.0794415416798357,0.6931471805599452,0.6931471805599452,0.6931471805599452,0.980829253011726,2,3.0,6.0,7.0,6.0
2013-01-20,201304,3.0,3,3,3,0.35068926,2.196161,0,2,317070120130419589,2023-08-20,Varginha,0.75956845,136602,1,0,0,1,,,,,91540,18.29,22.26,27.43,38.2,76.43,7.0,17.49,2.2268631,3.0,19.01,1.1207528,3.0,19.26,1.3796823,3.0,19.81,1.9908121,4.0,18.5125,1.3862943611198906,-0.6931471805599452,0.0,0.0,0.0,3,6.0,7.0,6.0,4.0
2013-01-27,201305,6.0,6,6,6,0.65506124,4.392322,0,2,317070120130519589,2023-08-20,Varginha,1.2647808,136602,1,0,1,2,,,,,91540,18.91,21.67,25.79,57.5,84.43,3.0,18.29,0.75956845,7.0,17.49,2.2268631,3.0,19.01,1.1207528,3.0,19.26,1.3796823,4.75,18.424999999999997,1.9459101490553132,0.5596157879354227,-0.13353139262452252,0.5596157879354227,0.5596157879354227,4,7.0,6.0,4.0,5.0
2013-02-03,201306,7.0,7,7,7,0.7369076,5.124376,0,2,317070120130619589,2023-08-20,Varginha,1.4297222,136602,1,0,1,3,,,,,91540,18.34,21.17,25.63,91.2,84.86,6.0,18.91,1.2647808,3.0,18.29,0.75956845,7.0,17.49,2.2268631,3.0,19.01,1.1207528,5.75,18.2575,2.0794415416798357,0.13353139262452252,0.6931471805599452,0.0,0.6931471805599452,5,6.0,4.0,5.0,21.0
2013-02-10,201307,6.0,6,6,6,0.5572095,4.392322,0,2,317070120130719589,2023-08-20,Varginha,1.085198,136602,1,0,1,3,,,,,91540,19.26,24.14,29.79,15.7,72.57,7.0,18.34,1.4297222,6.0,18.91,1.2647808,3.0,18.29,0.75956845,7.0,17.49,2.2268631,5.5,18.700000000000003,1.9459101490553132,-0.13353139262452252,0.0,0.5596157879354227,-0.13353139262452252,6,4.0,5.0,21.0,11.0
2013-02-17,201308,4.0,4,4,4,0.24399891,2.9282148,0,2,317070120130819589,2023-08-20,Varginha,0.65513515,136602,1,0,0,0,,,,,91540,18.6,23.6,29.76,20.7,71.71,6.0,19.26,1.085198,7.0,18.34,1.4297222,6.0,18.91,1.2647808,3.0,18.29,0.75956845,5.75,18.7775,1.6094379124341003,-0.33647223662121295,-0.47000362924573547,-0.33647223662121295,0.2231435513142097,7,5.0,21.0,11.0,15.0
2013-02-24,201309,5.0,5,5,5,0.41628203,3.6602685,0,2,317070120130919589,2023-08-20,Varginha,0.8828511,136602,1,0,0,3,,,,,91540,18.46,21.96,26.56,75.2,80.43,4.0,18.6,0.65513515,6.0,19.26,1.085198,7.0,18.34,1.4297222,6.0,18.91,1.2647808,5.5,18.665,1.791759469228055,0.18232155679395468,-0.15415067982725827,-0.2876820724517808,-0.15415067982725827,8,21.0,11.0,15.0,28.0
2013-03-03,201310,21.0,21,21,21,0.99897164,15.373128,0,2,317070120131019589,2023-08-20,Varginha,3.6230652,136602,1,1,1,16,,,,,91540,18.96,23.29,29.39,35.4,81.0,5.0,18.46,0.8828511,4.0,18.6,0.65513515,6.0,19.26,1.085198,7.0,18.34,1.4297222,9.0,18.82,3.091042453358316,1.299282984130261,1.4816045409242158,1.1451323043030028,1.0116009116784803,9,11.0,15.0,28.0,35.0
2013-03-10,201311,11.0,11,11,11,0.6767462,8.05259,0,2,317070120131119589,2023-08-20,Varginha,1.2230843,136602,1,0,1,3,,,,,91540,19.54,23.47,28.67,20.6,78.43,21.0,18.96,3.6230652,5.0,18.46,0.8828511,4.0,18.6,0.65513515,6.0,19.26,1.085198,10.25,18.89,2.4849066497880004,-0.6061358035703157,0.6931471805599454,0.8754687373539001,0.5389965007326871,10,15.0,28.0,35.0,34.0
2013-03-17,201312,15.0,15,15,15,0.6269909,10.980805,0,2,317070120131219589,2023-08-20,Varginha,1.127592,136602,1,0,1,7,,,,,91540,17.89,21.19,25.57,12.3,79.29,11.0,19.54,1.2230843,21.0,18.96,3.6230652,5.0,18.46,0.8828511,4.0,18.6,0.65513515,13.0,18.7125,2.772588722239781,0.2876820724517808,-0.3184537311185349,0.9808292530117262,1.1631508098056809,11,28.0,35.0,34.0,29.0
2013-03-24,201313,28.0,28,28,28,0.9791593,20.497503,0,2,317070120131319589,2023-08-20,Varginha,1.8792509,136602,1,1,2,15,,,,,91540,17.36,20.9,25.56,53.8,81.0,15.0,17.89,1.127592,11.0,19.54,1.2230843,21.0,18.96,3.6230652,5.0,18.46,0.8828511,18.75,18.4375,3.367295829986474,0.594707107746693,0.8823891801984738,0.2762533766281581,1.5755363607584192,12,35.0,34.0,29.0,22.0
2013-03-31,201314,35.0,35,35,35,0.9892256,25.62188,0,4,317070120131419589,2023-08-20,Varginha,1.8952532,136602,1,1,2,19,,,,,91540,18.46,21.24,25.66,39.1,84.29,28.0,17.36,1.8792509,15.0,17.89,1.127592,11.0,19.54,1.2230843,21.0,18.96,3.6230652,22.25,18.3125,3.58351893845611,0.21622310846963577,0.8109302162163288,1.0986122886681096,0.49247648509779385,13,34.0,29.0,22.0,23.0
2013-04-07,201315,34.0,34,34,34,0.8578327,24.889826,0,4,317070120131519589,2023-08-20,Varginha,1.318225,136602,1,0,2,11,,,,,91540,18.37,21.0,24.73,47.7,84.57,35.0,18.46,1.8952532,28.0,17.36,1.8792509,15.0,17.89,1.127592,11.0,19.54,1.2230843,28.0,18.02,3.5553480614894135,-0.0281708769666964,0.18805223150293937,0.7827593392496324,1.0704414117014132,14,29.0,22.0,23.0,13.0
2013-04-14,201316,29.0,29,29,29,0.37827247,21.229557,0,4,317070120131619589,2023-08-20,Varginha,0.92379236,136602,0,0,2,17,,,,,91540,14.6,19.29,24.84,0.1,73.14,34.0,18.37,1.318225,35.0,18.46,1.8952532,28.0,17.36,1.8792509,15.0,17.89,1.127592,31.5,17.1975,3.4011973816621555,-0.15415067982725805,-0.18232155679395445,0.03390155167568132,0.6286086594223743,15,22.0,23.0,13.0,11.0
2013-04-21,201317,22.0,22,22,22,0.08808857,16.10518,0,4,317070120131719589,2023-08-20,Varginha,0.6914392,136602,0,0,2,11,,,,,91540,12.59,18.33,23.84,0.0,69.14,29.0,14.6,0.92379236,34.0,18.37,1.318225,35.0,18.46,1.8952532,28.0,17.36,1.8792509,30.0,16.005,3.1354942159291497,-0.2657031657330058,-0.41985384556026384,-0.44802472252696024,-0.23180161405732447,16,23.0,13.0,11.0,4.0
2013-04-28,201318,23.0,23,23,23,0.22451317,16.837234,0,4,317070120131819589,2023-08-20,Varginha,0.8105076,136602,0,0,2,14,,,,,91540,13.54,19.79,25.91,0.0,70.86,22.0,12.59,0.6914392,29.0,14.6,0.92379236,34.0,18.37,1.318225,35.0,18.46,1.8952532,27.0,14.775,3.1780538303479458,0.04255961441879608,-0.2231435513142097,-0.37729423114146776,-0.40546510810816416,17,13.0,11.0,4.0,4.0
2013-05-05,201319,13.0,13,13,13,0.0320426,9.516698,0,4,317070120131919589,2023-08-20,Varginha,0.5404132,136602,0,0,1,6,,,,,91540,11.8,17.69,23.97,1.1,69.0,23.0,13.54,0.8105076,22.0,12.59,0.6914392,29.0,14.6,0.92379236,34.0,18.37,1.318225,21.75,13.1325,2.6390573296152584,-0.5389965007326873,-0.49643688631389127,-0.762140052046897,-0.9162907318741551,18,11.0,4.0,4.0,3.0
2013-05-12,201320,11.0,11,11,11,0.050023057,8.05259,0,1,317070120132019589,2023-08-20,Varginha,0.5511106,136602,0,0,1,8,,,,,91540,13.29,18.9,24.89,0.3,73.86,13.0,11.8,0.5404132,23.0,13.54,0.8105076,22.0,12.59,0.6914392,29.0,14.6,0.92379236,17.25,12.805,2.4849066497880004,-0.15415067982725805,-0.6931471805599454,-0.6505875661411493,-0.9162907318741551,19,4.0,4.0,3.0,2.0
2013-05-19,201321,4.0,4,4,4,0.00386947,2.9282148,0,1,317070120132119589,2023-08-20,Varginha,0.26755592,136602,0,0,0,2,,,,,91540,15.0,18.64,23.34,17.7,79.86,11.0,13.29,0.5511106,13.0,11.8,0.5404132,23.0,13.54,0.8105076,22.0,12.59,0.6914392,12.75,13.407499999999999,1.6094379124341003,-0.8754687373539001,-1.0296194171811581,-1.5686159179138455,-1.5260563034950494,20,4.0,3.0,2.0,4.0
2013-05-26,201322,4.0,4,4,4,0.044843018,2.9282148,0,1,317070120132219589,2023-08-20,Varginha,0.39757258,136602,0,0,0,3,,,,,91540,13.4,16.54,20.51,38.8,85.14,4.0,15.0,0.26755592,11.0,13.29,0.5511106,13.0,11.8,0.5404132,23.0,13.54,0.8105076,8.0,13.372499999999999,1.6094379124341003,0.0,-0.8754687373539001,-1.0296194171811581,-1.5686159179138455,21,3.0,2.0,4.0,1.0
2013-06-02,201323,3.0,3,3,3,0.1320348,2.196161,0,1,317070120132319589,2023-08-20,Varginha,0.48433143,136602,0,0,0,3,,,,,91540,13.19,17.16,22.13,11.5,83.14,4.0,13.4,0.39757258,4.0,15.0,0.26755592,11.0,13.29,0.5511106,13.0,11.8,0.5404132,5.5,13.72,1.3862943611198906,-0.2231435513142097,-0.2231435513142097,-1.0986122886681098,-1.2527629684953678,22,2.0,4.0,1.0,4.0
2013-06-09,201324,2.0,2,2,2,0.18241309,1.4641074,0,1,317070120132419589,2023-08-20,Varginha,0.4935625,136602,0,0,0,1,,,,,91540,13.43,18.1,23.97,0.3,76.57,3.0,13.19,0.48433143,4.0,13.4,0.39757258,4.0,15.0,0.26755592,11.0,13.29,0.5511106,3.25,13.755,1.0986122886681098,-0.2876820724517808,-0.5108256237659905,-0.5108256237659905,-1.3862943611198906,23,4.0,1.0,4.0,1.0
2013-06-16,201325,4.0,4,4,4,0.635213,2.9282148,0,1,317070120132519589,2023-08-20,Varginha,1.2775049,136602,0,0,0,2,,,,,91540,13.84,18.14,23.47,3.2,78.57,2.0,13.43,0.4935625,3.0,13.19,0.48433143,4.0,13.4,0.39757258,4.0,15.0,0.26755592,3.25,13.465,1.6094379124341003,0.5108256237659905,0.2231435513142097,0.0,0.0,24,1.0,4.0,1.0,2.0
2013-06-23,201326,1.0,1,1,1,0.14550559,0.7320537,0,1,317070120132619589,2023-08-20,Varginha,0.35960183,136602,0,0,0,1,,,,,91540,15.71,18.89,23.41,4.1,81.43,4.0,13.84,1.2775049,2.0,13.43,0.4935625,3.0,13.19,0.48433143,4.0,13.4,0.39757258,2.5,14.042499999999999,0.6931471805599453,-0.916290731874155,-0.4054651081081645,-0.6931471805599453,-0.916290731874155,25,4.0,1.0,2.0,0.0
2013-06-30,201327,4.0,4,4,4,0.70149964,2.9282148,0,1,317070120132719589,2023-08-20,Varginha,1.4717261,136602,0,0,0,0,,,,,91540,13.39,17.56,23.4,7.4,75.86,1.0,15.71,0.35960183,4.0,13.84,1.2775049,2.0,13.43,0.4935625,3.0,13.19,0.48433143,2.75,14.0925,1.6094379124341003,0.916290731874155,0.0,0.5108256237659905,0.2231435513142097,26,1.0,2.0,0.0,2.0
2013-07-07,201328,1.0,1,1,1,0.1754926,0.7320537,0,1,317070120132819589,2023-08-20,Varginha,0.3983242,136602,0,0,0,0,,,,,91540,11.1,16.47,22.83,0.1,71.86,4.0,13.39,1.4717261,1.0,15.71,0.35960183,4.0,13.84,1.2775049,2.0,13.43,0.4935625,2.5,13.51,0.6931471805599453,-0.916290731874155,0.0,-0.916290731874155,-0.4054651081081645,27,2.0,0.0,2.0,2.0
2013-07-14,201329,2.0,2,2,2,0.41431746,1.4641074,0,1,317070120132919589,2023-08-20,Varginha,0.8288686,136602,0,0,0,0,,,,,91540,12.81,18.47,25.33,0.1,69.43,1.0,11.1,0.3983242,4.0,13.39,1.4717261,1.0,15.71,0.35960183,4.0,13.84,1.2775049,2.0,13.252500000000001,1.0986122886681098,0.4054651081081645,-0.5108256237659905,0.4054651081081645,-0.5108256237659905,28,0.0,2.0,2.0,0.0
2013-07-21,201330,0.0,0,0,0,0.0,0.0,0,1,317070120133019589,2023-08-20,Varginha,0.0,136602,0,0,0,0,,,,,91540,12.36,16.53,21.44,29.4,74.86,2.0,12.81,0.8288686,1.0,11.1,0.3983242,4.0,13.39,1.4717261,1.0,15.71,0.35960183,1.75,12.415000000000001,0.0,-1.0986122886681098,-0.6931471805599453,-1.6094379124341003,-0.6931471805599453,29,2.0,2.0,0.0,1.0
2013-07-28,201331,2.0,2,2,2,0.6522293,1.4641074,0,1,317070120133119589,2023-08-20,Varginha,1.4611646,136602,0,0,0,0,,,,,91540,8.27,16.27,24.53,0.0,64.86,0.0,12.36,0.0,2.0,12.81,0.8288686,1.0,11.1,0.3983242,4.0,13.39,1.4717261,1.25,11.135,1.0986122886681098,1.0986122886681098,0.0,0.4054651081081645,-0.5108256237659905,30,2.0,0.0,1.0,0.0
2013-08-04,201332,2.0,2,2,2,0.71034193,1.4641074,0,1,317070120133219589,2023-08-20,Varginha,1.7425808,136602,0,0,0,1,,,,,91540,11.59,18.59,26.07,0.0,64.57,2.0,8.27,1.4611646,0.0,12.36,0.0,2.0,12.81,0.8288686,1.0,11.1,0.3983242,1.5,11.2575,1.0986122886681098,0.0,1.0986122886681098,0.0,0.4054651081081645,31,0.0,1.0,0.0,1.0
2013-08-11,201333,0.0,0,0,0,0.0,0.0,0,1,317070120133319589,2023-08-20,Varginha,0.0,136602,0,0,0,0,,,,,91540,13.14,17.96,24.37,0.1,66.86,2.0,11.59,1.7425808,2.0,8.27,1.4611646,0.0,12.36,0.0,2.0,12.81,0.8288686,1.0,11.34,0.0,-1.0986122886681098,-1.0986122886681098,0.0,-1.0986122886681098,32,1.0,0.0,1.0,2.0
2013-08-18,201334,1.0,1,1,1,0.39370298,0.7320537,0,1,317070120133419589,2023-08-20,Varginha,0.7435937,136602,0,0,0,0,,,,,91540,14.06,18.77,24.49,2.0,64.14,0.0,13.14,0.0,2.0,11.59,1.7425808,2.0,8.27,1.4611646,0.0,12.36,0.0,1.25,11.765,0.6931471805599453,0.6931471805599453,-0.4054651081081645,-0.4054651081081645,0.6931471805599453,33,0.0,1.0,2.0,1.0
2013-08-25,201335,0.0,0,0,0,0.0,0.0,0,1,317070120133519589,2023-08-20,Varginha,0.0,136602,0,0,0,0,,,,,91540,10.64,18.01,25.44,1.1,56.57,1.0,14.06,0.7435937,0.0,13.14,0.0,2.0,11.59,1.7425808,2.0,8.27,1.4611646,0.75,12.357500000000002,0.0,-0.6931471805599453,0.0,-1.0986122886681098,-1.0986122886681098,34,1.0,2.0,1.0,1.0
2013-09-01,201336,1.0,1,1,1,0.67371863,0.7320537,0,1,317070120133619589,2023-08-20,Varginha,1.7550577,136602,0,0,0,1,,,,,91540,13.01,18.49,24.5,10.2,64.71,0.0,10.64,0.0,1.0,14.06,0.7435937,0.0,13.14,0.0,2.0,11.59,1.7425808,0.5,12.7125,0.6931471805599453,0.6931471805599453,0.0,0.6931471805599453,-0.4054651081081645,35,2.0,1.0,1.0,0.0
2013-09-08,201337,2.0,2,2,2,0.857401,1.4641074,0,1,317070120133719589,2023-08-20,Varginha,3.327484,136602,0,0,0,0,,,,,91540,13.04,20.24,27.01,0.0,57.57,1.0,13.01,1.7550577,0.0,10.64,0.0,1.0,14.06,0.7435937,0.0,13.14,0.0,1.0,12.6875,1.0986122886681098,0.4054651081081645,1.0986122886681098,0.4054651081081645,1.0986122886681098,36,1.0,1.0,0.0,2.0
2013-09-15,201338,1.0,1,1,1,0.5030814,0.7320537,0,1,317070120133819589,2023-08-20,Varginha,1.008943,136602,1,0,0,0,,,,,91540,16.83,22.14,28.37,13.6,64.86,2.0,13.04,3.327484,1.0,13.01,1.7550577,0.0,10.64,0.0,1.0,14.06,0.7435937,1.0,13.379999999999999,0.6931471805599453,-0.4054651081081645,0.0,0.6931471805599453,0.0,37,1.0,0.0,2.0,1.0
2013-09-22,201339,1.0,1,1,1,0.3949517,0.7320537,0,1,317070120133919589,2023-08-20,Varginha,0.74612844,136602,0,0,0,0,,,,,91540,15.17,20.9,27.57,29.8,64.57,1.0,16.83,1.008943,2.0,13.04,3.327484,1.0,13.01,1.7550577,0.0,10.64,0.0,1.25,14.5125,0.6931471805599453,0.0,-0.4054651081081645,0.0,0.6931471805599453,38,0.0,2.0,1.0,0.0
2013-09-29,201340,0.0,0,0,0,0.0,0.0,0,1,317070120134019589,2023-08-20,Varginha,0.0,136602,0,0,0,0,,,,,91540,16.86,19.74,23.84,47.3,82.29,1.0,15.17,0.74612844,1.0,16.83,1.008943,2.0,13.04,3.327484,1.0,13.01,1.7550577,1.0,15.475,0.0,-0.6931471805599453,-0.6931471805599453,-1.0986122886681098,-0.6931471805599453,39,2.0,1.0,0.0,0.0
2013-10-06,201341,2.0,2,2,2,0.7875076,1.4641074,0,1,317070120134119589,2023-08-20,Varginha,2.3220437,136602,0,0,0,0,,,,,91540,13.51,18.04,22.87,1.5,65.0,0.0,16.86,0.0,1.0,15.17,0.74612844,1.0,16.83,1.008943,2.0,13.04,3.327484,1.0,15.5925,1.0986122886681098,1.0986122886681098,0.4054651081081645,0.4054651081081645,0.0,40,1.0,0.0,0.0,0.0
2013-10-13,201342,1.0,1,1,1,0.557525,0.7320537,0,1,317070120134219589,2023-08-20,Varginha,1.1863921,136602,1,0,0,0,,,,,91540,16.6,20.9,26.24,45.4,72.57,2.0,13.51,2.3220437,0.0,16.86,0.0,1.0,15.17,0.74612844,1.0,16.83,1.008943,1.0,15.535,0.6931471805599453,-0.4054651081081645,0.6931471805599453,0.0,0.0,41,0.0,0.0,0.0,0.0
2013-10-20,201343,0.0,0,0,0,0.0,0.0,0,1,317070120134319589,2023-08-20,Varginha,0.0,136602,0,0,0,0,,,,,91540,18.43,24.03,30.16,6.6,64.43,1.0,16.6,1.1863921,2.0,13.51,2.3220437,0.0,16.86,0.0,1.0,15.17,0.74612844,0.75,16.35,0.0,-0.6931471805599453,-1.0986122886681098,0.0,-0.6931471805599453,42,0.0,0.0,0.0,3.0
2013-10-27,201344,0.0,0,0,0,0.0,0.0,0,1,317070120134419589,2023-08-20,Varginha,0.0,136602,0,0,0,0,,,,,91540,16.81,21.2,26.94,2.9,67.86,0.0,18.43,0.0,1.0,16.6,1.1863921,2.0,13.51,2.3220437,0.0,16.86,0.0,0.75,16.3375,0.0,0.0,-0.6931471805599453,-1.0986122886681098,0.0,43,0.0,0.0,3.0,2.0
2013-11-03,201345,0.0,0,0,0,0.0,0.0,0,1,317070120134519589,2023-08-20,Varginha,0.0,136602,0,0,0,0,,,,,91540,16.14,20.1,24.7,33.1,74.0,0.0,16.81,0.0,0.0,18.43,0.0,1.0,16.6,1.1863921,2.0,13.51,2.3220437,0.25,16.995,0.0,0.0,0.0,-0.6931471805599453,-1.0986122886681098,44,0.0,3.0,2.0,6.0
2013-11-10,201346,0.0,0,0,0,0.0,0.0,0,1,317070120134619589,2023-08-20,Varginha,0.0,136602,0,0,0,0,,,,,91540,18.23,23.84,30.09,8.6,64.29,0.0,16.14,0.0,0.0,16.81,0.0,0.0,18.43,0.0,1.0,16.6,1.1863921,0.0,17.4025,0.0,0.0,0.0,0.0,-0.6931471805599453,45,3.0,2.0,6.0,1.0
2013-11-17,201347,3.0,3,3,3,0.9867936,2.196161,0,1,317070120134719589,2023-08-20,Varginha,17.99938,136602,1,0,0,0,,,,,91540,17.77,21.93,26.57,59.4,76.14,0.0,18.23,0.0,0.0,16.14,0.0,0.0,16.81,0.0,0.0,18.43,0.0,0.75,17.2375,1.3862943611198906,1.3862943611198906,1.3862943611198906,1.3862943611198906,1.3862943611198906,46,2.0,6.0,1.0,2.0
2013-11-24,201348,2.0,2,2,2,0.7948886,1.4641074,0,1,317070120134819589,2023-08-20,Varginha,2.3979926,136602,1,0,0,0,,,,,91540,18.33,21.07,25.07,82.5,83.86,3.0,17.77,17.99938,0.0,18.23,0.0,0.0,16.14,0.0,0.0,16.81,0.0,1.25,17.6175,1.0986122886681098,-0.2876820724517808,1.0986122886681098,1.0986122886681098,1.0986122886681098,47,6.0,1.0,2.0,4.0
2013-12-01,201349,6.0,6,6,6,0.9371934,4.392322,0,2,317070120134919589,2023-08-20,Varginha,2.9929433,136602,1,0,1,0,,,,,91540,19.09,23.2,28.41,59.6,77.14,2.0,18.33,2.3979926,3.0,17.77,17.99938,0.0,18.23,0.0,0.0,16.14,0.0,2.75,18.354999999999997,1.9459101490553132,0.8472978603872034,0.5596157879354227,1.9459101490553132,1.9459101490553132,48,1.0,2.0,4.0,1.0
2013-12-08,201350,1.0,1,1,1,0.12246046,0.7320537,0,2,317070120135019589,2023-08-20,Varginha,0.33007526,136602,1,0,0,0,,,,,91540,19.01,22.77,27.43,34.4,77.57,6.0,19.09,2.9929433,2.0,18.33,2.3979926,3.0,17.77,17.99938,0.0,18.23,0.0,3.0,18.55,0.6931471805599453,-1.252762968495368,-0.4054651081081645,-0.6931471805599453,0.6931471805599453,49,2.0,4.0,1.0,2.0
2013-12-15,201351,2.0,2,2,2,0.25714183,1.4641074,0,2,317070120135119589,2023-08-20,Varginha,0.5900539,136602,1,0,0,1,,,,,91540,18.1,22.33,27.67,27.4,73.71,1.0,19.01,0.33007526,6.0,19.09,2.9929433,2.0,18.33,2.3979926,3.0,17.77,17.99938,2.75,18.6325,1.0986122886681098,0.4054651081081645,-0.8472978603872034,0.0,-0.2876820724517808,50,4.0,1.0,2.0,2.0
2013-12-22,201352,4.0,4,4,4,0.7088354,2.9282148,0,2,317070120135219589,2023-08-20,Varginha,1.4970343,136602,1,0,0,0,,,,,91540,19.76,23.34,28.07,38.0,79.14,2.0,18.1,0.5900539,1.0,19.01,0.33007526,6.0,19.09,2.9929433,2.0,18.33,2.3979926,3.25,18.990000000000002,1.6094379124341003,0.5108256237659905,0.916290731874155,-0.33647223662121295,0.5108256237659905,51,1.0,2.0,2.0,4.0
2013-12-29,201401,1.0,1,1,1,0.19013023,0.7320537,0,2,317070120140119589,2023-08-20,Varginha,0.41754696,136602,1,0,0,0,,,,,91540,20.23,25.06,30.59,17.3,72.29,4.0,19.76,1.4970343,2.0,18.1,0.5900539,1.0,19.01,0.33007526,6.0,19.09,2.9929433,2.0,19.275000000000002,0.6931471805599453,-0.916290731874155,-0.4054651081081645,0.0,-1.252762968495368,52,2.0,2.0,4.0,3.0
2014-01-05,201402,2.0,2,2,2,0.39578134,1.4641074,0,2,317070120140219589,2023-08-20,Varginha,0.7966485,136602,1,0,0,0,,,,,91540,18.91,24.39,30.06,1.8,64.71,1.0,20.23,0.41754696,4.0,19.76,1.4970343,2.0,18.1,0.5900539,1.0,19.01,0.33007526,2.25,19.25,1.0986122886681098,0.4054651081081645,-0.5108256237659905,0.0,0.4054651081081645,1,2.0,4.0,3.0,4.0
2014-01-12,201403,2.0,2,2,2,0.48422787,1.4641074,0,2,317070120140319589,2023-08-20,Varginha,0.96526575,136602,1,0,0,0,,,,,91540,18.86,23.63,29.4,26.2,70.0,2.0,18.91,0.7966485,1.0,20.23,0.41754696,4.0,19.76,1.4970343,2.0,18.1,0.5900539,2.25,19.44,1.0986122886681098,0.0,0.4054651081081645,-0.5108256237659905,0.0,2,4.0,3.0,4.0,3.0
2014-01-19,201404,4.0,4,4,4,0.81764793,2.9282148,0,2,317070120140419589,2023-08-20,Varginha,2.0359023,136602,1,0,0,1,,,,,91540,17.9,23.06,28.99,35.4,76.71,2.0,18.86,0.96526575,2.0,18.91,0.7966485,1.0,20.23,0.41754696,4.0,19.76,1.4970343,2.25,18.975,1.6094379124341003,0.5108256237659905,0.5108256237659905,0.916290731874155,0.0,3,3.0,4.0,3.0,4.0
2014-01-26,201405,3.0,3,3,3,0.5941823,2.196161,0,2,317070120140519589,2023-08-20,Varginha,1.2078903,136602,1,0,0,1,,,,,91540,17.8,24.4,30.4,0.0,58.43,4.0,17.9,2.0359023,2.0,18.86,0.96526575,2.0,18.91,0.7966485,1.0,20.23,0.41754696,2.75,18.3675,1.3862943611198906,-0.2231435513142097,0.2876820724517808,0.2876820724517808,0.6931471805599453,4,4.0,3.0,4.0,5.0
2014-02-02,201406,4.0,4,4,4,0.63466257,2.9282148,0,2,317070120140619589,2023-08-20,Varginha,1.2761048,136602,1,0,0,1,,,,,91540,18.71,25.34,31.49,1.1,57.57,3.0,17.8,1.2078903,4.0,17.9,2.0359023,2.0,18.86,0.96526575,2.0,18.91,0.7966485,3.25,18.3175,1.6094379124341003,0.2231435513142097,0.0,0.5108256237659905,0.5108256237659905,5,3.0,4.0,5.0,12.0
2014-02-09,201407,3.0,3,3,3,0.43107685,2.196161,0,2,317070120140719589,2023-08-20,Varginha,0.87936544,136602,1,0,0,1,,,,,91540,18.24,24.44,30.3,9.0,56.71,4.0,18.71,1.2761048,3.0,17.8,1.2078903,4.0,17.9,2.0359023,2.0,18.86,0.96526575,3.5,18.1625,1.3862943611198906,-0.2231435513142097,0.0,-0.2231435513142097,0.2876820724517808,6,4.0,5.0,12.0,14.0
2014-02-16,201408,4.0,4,4,4,0.5783786,2.9282148,0,2,317070120140819589,2023-08-20,Varginha,1.146574,136602,1,0,0,1,,,,,91540,18.5,22.73,27.56,26.1,69.86,3.0,18.24,0.87936544,4.0,18.71,1.2761048,3.0,17.8,1.2078903,4.0,17.9,2.0359023,3.5,18.3125,1.6094379124341003,0.2231435513142097,0.0,0.2231435513142097,0.0,7,5.0,12.0,14.0,13.0
2014-02-23,201409,5.0,5,5,5,0.694821,3.6602685,0,2,317070120140919589,2023-08-20,Varginha,1.3956662,136602,1,0,0,1,,,,,91540,19.46,24.13,29.77,32.2,64.71,4.0,18.5,1.146574,3.0,18.24,0.87936544,4.0,18.71,1.2761048,3.0,17.8,1.2078903,4.0,18.7275,1.791759469228055,0.18232155679395468,0.4054651081081644,0.18232155679395468,0.4054651081081644,8,12.0,14.0,13.0,19.0
2014-03-02,201410,12.0,12,12,12,0.97525454,8.784644,0,2,317070120141019589,2023-08-20,Varginha,2.7215672,136602,1,1,1,2,,,,,91540,18.34,21.97,26.89,40.9,78.86,5.0,19.46,1.3956662,4.0,18.5,1.146574,3.0,18.24,0.87936544,4.0,18.71,1.2761048,6.0,18.634999999999998,2.5649493574615367,0.7731898882334818,0.9555114450274365,1.1786549963416462,0.9555114450274365,9,14.0,13.0,19.0,19.0
2014-03-09,201411,14.0,14,14,14,0.9483026,10.248752,0,2,317070120141119589,2023-08-20,Varginha,2.0581503,136602,1,0,1,2,,,,,91540,18.76,23.54,29.47,9.1,71.71,12.0,18.34,2.7215672,5.0,19.46,1.3956662,4.0,18.5,1.146574,3.0,18.24,0.87936544,8.75,18.765,2.70805020110221,0.14310084364067333,0.9162907318741551,1.0986122886681098,1.3217558399823195,10,13.0,19.0,19.0,26.0
2014-03-16,201412,13.0,13,13,13,0.7144706,9.516698,0,2,317070120141219589,2023-08-20,Varginha,1.2601255,136602,1,0,1,3,,,,,91540,18.36,23.27,28.93,12.0,71.86,14.0,18.76,2.0581503,12.0,18.34,2.7215672,5.0,19.46,1.3956662,4.0,18.5,1.146574,11.0,18.73,2.6390573296152584,-0.06899287148695166,0.07410797215372167,0.8472978603872034,1.0296194171811581,11,19.0,19.0,26.0,40.0
2014-03-23,201413,19.0,19,19,19,0.86175317,13.90902,0,2,317070120141319589,2023-08-20,Varginha,1.4673653,136602,1,0,1,2,,,,,91540,17.44,21.93,27.07,2.0,70.57,13.0,18.36,1.2601255,14.0,18.76,2.0581503,12.0,18.34,2.7215672,5.0,19.46,1.3956662,14.5,18.225,2.995732273553991,0.35667494393873245,0.2876820724517808,0.4307829160924541,1.203972804325936,12,19.0,26.0,40.0,66.0
2014-03-30,201414,19.0,19,19,19,0.7641846,13.90902,0,2,317070120141419589,2023-08-20,Varginha,1.2779379,136602,1,0,1,8,,,,,91540,18.43,22.59,27.8,8.5,75.14,19.0,17.44,1.4673653,13.0,18.36,1.2601255,14.0,18.76,2.0581503,12.0,18.34,2.7215672,16.25,18.2475,2.995732273553991,0.0,0.35667494393873245,0.2876820724517808,0.4307829160924541,13,26.0,40.0,66.0,46.0
2014-04-06,201415,26.0,26,26,26,0.90309316,19.033396,0,2,317070120141519589,2023-08-20,Varginha,1.4826251,136602,1,0,2,4,,,,,91540,17.56,23.07,29.21,7.5,67.0,19.0,18.43,1.2779379,19.0,17.44,1.4673653,13.0,18.36,1.2601255,14.0,18.76,2.0581503,19.25,17.947499999999998,3.295836866004329,0.30010459245033827,0.30010459245033827,0.6567795363890707,0.5877866649021191,14,40.0,66.0,46.0,51.0
2014-04-13,201416,40.0,40,40,40,0.9920316,29.282148,0,4,317070120141619589,2023-08-20,Varginha,1.8697035,136602,1,1,2,10,,,,,91540,18.31,21.59,26.24,37.2,81.29,26.0,17.56,1.4826251,19.0,18.43,1.2779379,19.0,17.44,1.4673653,13.0,18.36,1.2601255,26.0,17.935,3.713572066704308,0.4177352006999788,0.7178397931503171,0.7178397931503171,1.0745147370890495,15,66.0,46.0,51.0,35.0
2014-04-20,201417,66.0,66,66,66,0.99993503,48.315544,0,4,317070120141719589,2023-08-20,Varginha,2.252751,136602,1,1,2,14,,,,,91540,17.06,20.71,25.43,16.9,78.57,40.0,18.31,1.8697035,26.0,17.56,1.4826251,19.0,18.43,1.2779379,19.0,17.44,1.4673653,37.75,17.84,4.204692619390966,0.4911205526866578,0.9088557533866366,1.2089603458369749,1.2089603458369749,16,46.0,51.0,35.0,31.0
2014-04-27,201418,46.0,46,46,46,0.67323875,33.67447,0,4,317070120141819589,2023-08-20,Varginha,1.1001002,136602,0,0,2,11,,,,,91540,11.53,17.53,23.84,0.0,68.43,66.0,17.06,2.252751,40.0,18.31,1.8697035,26.0,17.56,1.4826251,19.0,18.43,1.2779379,44.5,16.115,3.8501476017100584,-0.3545450176809073,0.13657553500575048,0.5543107357057293,0.8544153281560676,17,51.0,35.0,31.0,16.0
2014-05-04,201419,51.0,51,51,51,0.48481196,37.33474,0,4,317070120141919589,2023-08-20,Varginha,0.9925318,136602,0,0,2,14,,,,,91540,13.27,19.49,26.11,0.3,69.71,46.0,11.53,1.1001002,66.0,17.06,2.252751,40.0,18.31,1.8697035,26.0,17.56,1.4826251,50.75,15.042499999999999,3.9512437185814275,0.1010961168713691,-0.2534489008095382,0.23767165187711958,0.6554068525770984,18,35.0,31.0,16.0,21.0
2014-05-11,201420,35.0,35,35,35,0.04253944,25.62188,0,4,317070120142019589,2023-08-20,Varginha,0.6885827,136602,0,0,2,13,,,,,91540,12.1,17.77,24.47,0.3,67.43,51.0,13.27,0.9925318,46.0,11.53,1.1001002,66.0,17.06,2.252751,40.0,18.31,1.8697035,49.5,13.49,3.58351893845611,-0.3677247801253176,-0.2666286632539485,-0.6211736809348558,-0.13005312824819804,19,31.0,16.0,21.0,17.0
2014-05-18,201421,31.0,31,31,31,0.048683703,22.693665,0,4,317070120142119589,2023-08-20,Varginha,0.68336743,136602,0,0,2,8,,,,,91540,14.27,19.3,25.14,3.3,76.14,35.0,12.1,0.6885827,51.0,13.27,0.9925318,46.0,11.53,1.1001002,66.0,17.06,2.252751,40.75,12.7925,3.4657359027997265,-0.11778303565638337,-0.485507815781701,-0.3844116989103319,-0.7389567165912392,20,16.0,21.0,17.0,28.0
2014-05-25,201422,16.0,16,16,16,0.0013467435,11.712859,0,4,317070120142219589,2023-08-20,Varginha,0.4272373,136602,0,0,1,6,,,,,91540,13.93,18.11,23.21,9.2,74.71,31.0,14.27,0.68336743,35.0,12.1,0.6885827,51.0,13.27,0.9925318,46.0,11.53,1.1001002,33.25,13.392499999999998,2.833213344056216,-0.6325225587435104,-0.7503055943998937,-1.1180303745252114,-1.0169342576538423,21,21.0,17.0,28.0,18.0
2014-06-01,201423,21.0,21,21,21,0.13177788,15.373128,0,1,317070120142319589,2023-08-20,Varginha,0.7289686,136602,0,0,1,2,,,,,91540,12.41,17.96,24.61,5.8,74.86,16.0,13.93,0.4272373,31.0,14.27,0.68336743,35.0,12.1,0.6885827,51.0,13.27,0.9925318,25.75,13.1775,3.091042453358316,0.2578291093020999,-0.3746934494414105,-0.49247648509779385,-0.8602012652231115,22,17.0,28.0,18.0,15.0
2014-06-08,201424,17.0,17,17,17,0.20861219,12.444913,0,1,317070120142419589,2023-08-20,Varginha,0.77253896,136602,1,0,1,4,,,,,91540,15.1,19.5,24.93,0.3,69.0,21.0,12.41,0.7289686,16.0,13.93,0.4272373,31.0,14.27,0.68336743,35.0,12.1,0.6885827,21.25,13.9275,2.8903717578961645,-0.20067069546215155,0.05715841383994835,-0.575364144903562,-0.6931471805599454,23,28.0,18.0,15.0,9.0
2014-06-15,201425,28.0,28,28,28,0.8876058,20.497503,0,1,317070120142519589,2023-08-20,Varginha,1.4205773,136602,0,0,2,1,,,,,91540,13.01,18.09,24.33,0.7,72.57,17.0,15.1,0.77253896,21.0,12.41,0.7289686,16.0,13.93,0.4272373,31.0,14.27,0.68336743,20.5,13.612499999999999,3.367295829986474,0.4769240720903096,0.2762533766281581,0.534082485930258,-0.0984400728132524,24,18.0,15.0,9.0,12.0
2014-06-22,201426,18.0,18,18,18,0.3351307,13.176967,0,1,317070120142619589,2023-08-20,Varginha,0.87309027,136602,0,0,1,4,,,,,91540,10.94,17.26,24.4,0.0,72.86,28.0,13.01,1.4205773,17.0,15.1,0.77253896,21.0,12.41,0.7289686,16.0,13.93,0.4272373,21.0,12.864999999999998,2.9444389791664403,-0.4228568508200339,0.054067221270275745,-0.1466034741918758,0.1112256351102241,25,15.0,9.0,12.0,8.0
2014-06-29,201427,15.0,15,15,15,0.13230869,10.980805,0,1,317070120142719589,2023-08-20,Varginha,0.6925801,136602,0,0,1,1,,,,,91540,13.43,18.83,25.81,0.0,66.43,18.0,10.94,0.87309027,28.0,13.01,1.4205773,17.0,15.1,0.77253896,21.0,12.41,0.7289686,19.5,13.12,2.772588722239781,-0.17185025692665912,-0.594707107746693,-0.11778303565638337,-0.3184537311185349,26,9.0,12.0,8.0,8.0
2014-07-06,201428,9.0,9,9,9,0.02530204,6.5884833,0,1,317070120142819589,2023-08-20,Varginha,0.47158137,136602,0,0,1,1,,,,,91540,13.83,17.94,23.04,4.3,70.57,15.0,13.43,0.6925801,18.0,10.94,0.87309027,28.0,13.01,1.4205773,17.0,15.1,0.77253896,17.5,12.802499999999998,2.302585092994046,-0.47000362924573524,-0.6418538861723944,-1.0647107369924282,-0.5877866649021186,27,12.0,8.0,8.0,5.0
2014-07-13,201429,12.0,12,12,12,0.29406244,8.784644,0,1,317070120142919589,2023-08-20,Varginha,0.8132749,136602,0,0,1,1,,,,,91540,12.33,17.41,23.76,0.2,65.14,9.0,13.83,0.47158137,15.0,13.43,0.6925801,18.0,10.94,0.87309027,28.0,13.01,1.4205773,13.5,12.6325,2.5649493574615367,0.26236426446749084,-0.2076393647782444,-0.3794896217049035,-0.8023464725249374,28,8.0,8.0,5.0,5.0
2014-07-20,201430,8.0,8,8,8,0.19915897,5.8564296,0,1,317070120143019589,2023-08-20,Varginha,0.68646824,136602,0,0,1,3,,,,,91540,12.77,17.11,22.29,26.3,72.57,12.0,12.33,0.8132749,9.0,13.83,0.47158137,15.0,13.43,0.6925801,18.0,10.94,0.87309027,11.0,13.09,2.1972245773362196,-0.3677247801253172,-0.10536051565782634,-0.5753641449035616,-0.7472144018302207,29,8.0,5.0,5.0,4.0
2014-07-27,201431,8.0,8,8,8,0.2965675,5.8564296,0,1,317070120143119589,2023-08-20,Varginha,0.7823083,136602,0,0,1,0,,,,,91540,11.89,16.77,22.27,3.2,72.86,8.0,12.77,0.68646824,12.0,12.33,0.8132749,9.0,13.83,0.47158137,15.0,13.43,0.6925801,9.25,12.705,2.1972245773362196,0.0,-0.3677247801253172,-0.10536051565782634,-0.5753641449035616,30,5.0,5.0,4.0,8.0
2014-08-03,201432,5.0,5,5,5,0.14101596,3.6602685,0,1,317070120143219589,2023-08-20,Varginha,0.56460464,136602,0,0,0,1,,,,,91540,11.17,18.16,26.27,0.0,56.57,8.0,11.89,0.7823083,8.0,12.77,0.68646824,12.0,12.33,0.8132749,9.0,13.83,0.47158137,8.25,12.04,1.791759469228055,-0.4054651081081646,-0.4054651081081646,-0.7731898882334818,-0.5108256237659909,31,5.0,4.0,8.0,4.0
2014-08-10,201433,5.0,5,5,5,0.24823542,3.6602685,0,1,317070120143319589,2023-08-20,Varginha,0.6852201,136602,0,0,0,0,,,,,91540,11.97,18.16,24.91,2.2,63.14,5.0,11.17,0.56460464,8.0,11.89,0.7823083,8.0,12.77,0.68646824,12.0,12.33,0.8132749,6.5,11.95,1.791759469228055,0.0,-0.4054651081081646,-0.4054651081081646,-0.7731898882334818,32,4.0,8.0,4.0,4.0
2014-08-17,201434,4.0,4,4,4,0.26924214,2.9282148,0,1,317070120143419589,2023-08-20,Varginha,0.684623,136602,0,0,0,0,,,,,91540,13.64,19.87,27.01,0.4,59.14,5.0,11.97,0.6852201,5.0,11.17,0.56460464,8.0,11.89,0.7823083,8.0,12.77,0.68646824,5.5,12.1675,1.6094379124341003,-0.18232155679395468,-0.18232155679395468,-0.5877866649021193,-0.5877866649021193,33,8.0,4.0,4.0,5.0
2014-08-24,201435,8.0,8,8,8,0.799515,5.8564296,0,1,317070120143519589,2023-08-20,Varginha,1.5768588,136602,0,0,1,1,,,,,91540,14.41,20.87,28.67,1.2,54.57,4.0,13.64,0.684623,5.0,11.97,0.6852201,5.0,11.17,0.56460464,8.0,11.89,0.7823083,5.5,12.797500000000001,2.1972245773362196,0.5877866649021193,0.4054651081081646,0.4054651081081646,0.0,34,4.0,4.0,5.0,4.0
2014-08-31,201436,4.0,4,4,4,0.3316633,2.9282148,0,1,317070120143619589,2023-08-20,Varginha,0.7599,136602,0,0,0,0,,,,,91540,14.46,20.41,27.26,3.6,59.43,8.0,14.41,1.5768588,4.0,13.64,0.684623,5.0,11.97,0.6852201,5.0,11.17,0.56460464,5.25,13.620000000000001,1.6094379124341003,-0.5877866649021193,0.0,-0.18232155679395468,-0.18232155679395468,35,4.0,5.0,4.0,10.0
2014-09-07,201437,4.0,4,4,4,0.2903854,2.9282148,0,1,317070120143719589,2023-08-20,Varginha,0.7096647,136602,1,0,0,0,,,,,91540,13.77,21.66,29.13,0.0,45.86,4.0,14.46,0.7599,8.0,14.41,1.5768588,4.0,13.64,0.684623,5.0,11.97,0.6852201,5.0,14.07,1.6094379124341003,0.0,-0.5877866649021193,0.0,-0.18232155679395468,36,5.0,4.0,10.0,5.0
2014-09-14,201438,5.0,5,5,5,0.49892467,3.6602685,0,1,317070120143819589,2023-08-20,Varginha,0.9983673,136602,1,0,0,1,,,,,91540,17.2,23.59,30.43,1.6,48.43,4.0,13.77,0.7096647,4.0,14.46,0.7599,8.0,14.41,1.5768588,4.0,13.64,0.684623,5.25,14.96,1.791759469228055,0.18232155679395468,0.18232155679395468,-0.4054651081081646,0.18232155679395468,37,4.0,10.0,5.0,7.0
2014-09-21,201439,4.0,4,4,4,0.43677095,2.9282148,0,2,317070120143919589,2023-08-20,Varginha,0.90094125,136602,1,0,0,0,,,,,91540,16.73,21.97,28.46,6.5,57.14,5.0,17.2,0.9983673,4.0,13.77,0.7096647,4.0,14.46,0.7599,8.0,14.41,1.5768588,4.25,15.54,1.6094379124341003,-0.18232155679395468,0.0,0.0,-0.5877866649021193,38,10.0,5.0,7.0,5.0
2014-09-28,201440,10.0,10,10,10,0.9241108,7.320537,0,2,317070120144019589,2023-08-20,Varginha,2.1175904,136602,1,0,1,0,,,,,91540,17.36,22.76,29.61,2.9,58.29,4.0,16.73,0.90094125,5.0,17.2,0.9983673,4.0,13.77,0.7096647,4.0,14.46,0.7599,5.75,16.265,2.3978952727983707,0.7884573603642704,0.6061358035703157,0.7884573603642704,0.7884573603642704,39,5.0,7.0,5.0,2.0
2014-10-05,201441,5.0,5,5,5,0.4083201,3.6602685,0,1,317070120144119589,2023-08-20,Varginha,0.87259233,136602,0,0,0,0,,,,,91540,13.91,21.81,29.11,0.0,40.57,10.0,17.36,2.1175904,4.0,16.73,0.90094125,5.0,17.2,0.9983673,4.0,13.77,0.7096647,6.0,16.3,1.791759469228055,-0.6061358035703157,0.18232155679395468,0.0,0.18232155679395468,40,7.0,5.0,2.0,0.0
2014-10-12,201442,7.0,7,7,7,0.5184217,5.124376,0,1,317070120144219589,2023-08-20,Varginha,1.0243914,136602,1,0,1,0,,,,,91540,20.24,27.3,34.36,0.5,40.86,5.0,13.91,0.87259233,10.0,17.36,2.1175904,4.0,16.73,0.90094125,5.0,17.2,0.9983673,6.5,17.06,2.0794415416798357,0.2876820724517808,-0.3184537311185349,0.47000362924573547,0.2876820724517808,41,5.0,2.0,0.0,3.0
2014-10-19,201443,5.0,5,5,5,0.31109267,3.6602685,0,1,317070120144319589,2023-08-20,Varginha,0.7556485,136602,1,0,0,0,,,,,91540,18.31,22.76,28.39,22.1,64.0,7.0,20.24,1.0243914,5.0,13.91,0.87259233,10.0,17.36,2.1175904,4.0,16.73,0.90094125,6.75,17.455,1.791759469228055,-0.2876820724517808,0.0,-0.6061358035703157,0.18232155679395468,42,2.0,0.0,3.0,6.0
2014-10-26,201444,2.0,2,2,2,0.066955276,1.4641074,0,2,317070120144419589,2023-08-20,Varginha,0.3402172,136602,1,0,0,0,,,,,91540,17.51,22.51,28.44,22.2,65.0,5.0,18.31,0.7556485,7.0,20.24,1.0243914,5.0,13.91,0.87259233,10.0,17.36,2.1175904,4.75,17.4925,1.0986122886681098,-0.6931471805599452,-0.980829253011726,-0.6931471805599452,-1.2992829841302609,43,0.0,3.0,6.0,4.0
2014-11-02,201445,0.0,0,0,0,0.0,0.0,0,1,317070120144519589,2023-08-20,Varginha,0.0,136602,0,0,0,0,,,,,91540,19.91,24.19,30.69,25.9,66.43,2.0,17.51,0.3402172,5.0,18.31,0.7556485,7.0,20.24,1.0243914,5.0,13.91,0.87259233,3.5,18.9925,0.0,-1.0986122886681098,-1.791759469228055,-2.0794415416798357,-1.791759469228055,44,3.0,6.0,4.0,1.0
2014-11-09,201446,3.0,3,3,3,0.5777246,2.196161,0,1,317070120144619589,2023-08-20,Varginha,1.1667924,136602,1,0,0,2,,,,,91540,18.49,22.61,28.31,41.3,69.71,0.0,19.91,0.0,2.0,17.51,0.3402172,5.0,18.31,0.7556485,7.0,20.24,1.0243914,2.5,18.555,1.3862943611198906,1.3862943611198906,0.2876820724517808,-0.4054651081081644,-0.6931471805599452,45,6.0,4.0,1.0,6.0
2014-11-16,201447,6.0,6,6,6,0.94769156,4.392322,0,1,317070120144719589,2023-08-20,Varginha,3.268933,136602,1,0,1,0,,,,,91540,17.39,23.54,30.0,3.0,52.43,3.0,18.49,1.1667924,0.0,19.91,0.0,2.0,17.51,0.3402172,5.0,18.31,0.7556485,2.75,18.325,1.9459101490553132,0.5596157879354227,1.9459101490553132,0.8472978603872034,0.15415067982725827,46,4.0,1.0,6.0,4.0
2014-11-23,201448,4.0,4,4,4,0.6569405,2.9282148,0,2,317070120144819589,2023-08-20,Varginha,1.3352469,136602,1,0,0,0,,,,,91540,19.59,21.7,25.37,121.4,85.43,6.0,17.39,3.268933,3.0,18.49,1.1667924,0.0,19.91,0.0,2.0,17.51,0.3402172,3.25,18.845,1.6094379124341003,-0.33647223662121295,0.2231435513142097,1.6094379124341003,0.5108256237659905,47,1.0,6.0,4.0,3.0
2014-11-30,201449,1.0,1,1,1,0.05628979,0.7320537,0,2,317070120144919589,2023-08-20,Varginha,0.24090679,136602,1,0,0,0,,,,,91540,18.19,21.97,26.1,30.0,75.29,4.0,19.59,1.3352469,6.0,17.39,3.268933,3.0,18.49,1.1667924,0.0,19.91,0.0,3.5,18.415,0.6931471805599453,-0.916290731874155,-1.252762968495368,-0.6931471805599453,0.6931471805599453,48,6.0,4.0,3.0,0.0
2014-12-07,201450,6.0,6,6,6,0.77232915,4.392322,0,2,317070120145019589,2023-08-20,Varginha,1.5890849,136602,1,0,1,0,,,,,91540,18.84,22.21,26.24,27.8,77.14,1.0,18.19,0.24090679,4.0,19.59,1.3352469,6.0,17.39,3.268933,3.0,18.49,1.1667924,4.25,18.5025,1.9459101490553132,1.252762968495368,0.33647223662121295,0.0,0.5596157879354227,49,4.0,3.0,0.0,14.0
2014-12-14,201451,4.0,4,4,4,0.5968175,2.9282148,0,2,317070120145119589,2023-08-20,Varginha,1.1862897,136602,1,0,0,0,,,,,91540,19.29,23.89,29.29,13.8,67.86,6.0,18.84,1.5890849,1.0,18.19,0.24090679,4.0,19.59,1.3352469,6.0,17.39,3.268933,3.75,18.9775,1.6094379124341003,-0.33647223662121295,0.916290731874155,0.0,-0.33647223662121295,50,3.0,0.0,14.0,10.0
2014-12-21,201452,3.0,3,3,3,0.34259808,2.196161,0,2,317070120145219589,2023-08-20,Varginha,0.74842143,136602,1,0,0,1,,,,,91540,20.27,24.29,29.09,41.0,74.43,4.0,19.29,1.1862897,6.0,18.84,1.5890849,1.0,18.19,0.24090679,4.0,19.59,1.3352469,3.5,19.1475,1.3862943611198906,-0.2231435513142097,-0.5596157879354227,0.6931471805599453,-0.2231435513142097,51,0.0,14.0,10.0,22.0
2014-12-28,201453,0.0,0,0,0,0.0,0.0,0,1,317070120145319589,2023-08-20,Varginha,0.0,136602,0,0,0,0,,,,,91540,20.49,25.2,30.94,11.4,68.14,3.0,20.27,0.74842143,4.0,19.29,1.1862897,6.0,18.84,1.5890849,1.0,18.19,0.24090679,3.25,19.7225,0.0,-1.3862943611198906,-1.6094379124341003,-1.9459101490553132,-0.6931471805599453,52,14.0,10.0,22.0,17.0
2015-01-04,201501,14.0,14,14,14,0.99716747,10.248752,0,1,317070120150119589,2023-08-20,Varginha,4.308348,136602,1,1,1,2,,,,,91540,19.6,24.26,29.97,27.8,70.43,0.0,20.49,0.0,3.0,20.27,0.74842143,4.0,19.29,1.1862897,6.0,18.84,1.5890849,5.25,19.9125,2.70805020110221,2.70805020110221,1.3217558399823195,1.0986122886681098,0.7621400520468968,1,10.0,22.0,17.0,13.0
2015-01-11,201502,10.0,10,10,10,0.9155765,7.320537,0,1,317070120150219589,2023-08-20,Varginha,2.0424392,136602,1,0,1,4,,,,,91540,20.53,26.26,32.04,1.5,59.29,14.0,19.6,4.308348,0.0,20.49,0.0,3.0,20.27,0.74842143,4.0,19.29,1.1862897,6.75,20.2225,2.3978952727983707,-0.3101549283038394,2.3978952727983707,1.01160091167848,0.7884573603642704,2,22.0,17.0,13.0,12.0
2015-01-18,201503,22.0,22,22,22,0.98981446,16.10518,0,2,317070120150319589,2023-08-20,Varginha,2.347116,136602,1,1,2,7,,,,,91540,19.57,24.79,30.5,55.5,64.0,10.0,20.53,2.0424392,14.0,19.6,4.308348,0.0,20.49,0.0,3.0,20.27,0.74842143,11.5,20.0475,3.1354942159291497,0.737598943130779,0.4274440148269396,3.1354942159291497,1.749199854809259,3,17.0,13.0,12.0,14.0
2015-01-25,201504,17.0,17,17,17,0.73156273,12.444913,0,2,317070120150419589,2023-08-20,Varginha,1.2470607,136602,1,0,1,5,,,,,91540,19.21,23.43,28.66,32.8,78.0,22.0,19.57,2.347116,10.0,20.53,2.0424392,14.0,19.6,4.308348,0.0,20.49,0.0,15.75,19.7275,2.8903717578961645,-0.24512245803298516,0.49247648509779385,0.18232155679395445,2.8903717578961645,4,13.0,12.0,14.0,21.0
2015-02-01,201505,13.0,13,13,13,0.24152666,9.516698,0,2,317070120150519589,2023-08-20,Varginha,0.7752815,136602,1,0,1,3,,,,,91540,18.61,21.86,27.3,69.5,82.71,17.0,19.21,1.2470607,22.0,19.57,2.347116,10.0,20.53,2.0424392,14.0,19.6,4.308348,15.5,19.48,2.6390573296152584,-0.2513144282809061,-0.49643688631389127,0.24116205681688774,-0.06899287148695166,5,12.0,14.0,21.0,20.0
2015-02-08,201506,12.0,12,12,12,0.19559942,8.784644,0,2,317070120150619589,2023-08-20,Varginha,0.72723544,136602,1,0,1,3,,,,,91540,20.13,24.01,28.93,22.7,77.0,13.0,18.61,0.7752815,17.0,19.21,1.2470607,22.0,19.57,2.347116,10.0,20.53,2.0424392,16.0,19.38,2.5649493574615367,-0.07410797215372167,-0.3254224004346278,-0.5705448584676129,0.16705408466316607,6,14.0,21.0,20.0,43.0
2015-02-15,201507,14.0,14,14,14,0.48526534,10.248752,0,2,317070120150719589,2023-08-20,Varginha,0.98638314,136602,1,0,1,6,,,,,91540,19.51,22.7,26.93,55.8,80.0,12.0,20.13,0.72723544,13.0,18.61,0.7752815,17.0,19.21,1.2470607,22.0,19.57,2.347116,14.0,19.365000000000002,2.70805020110221,0.14310084364067333,0.06899287148695166,-0.18232155679395445,-0.4274440148269396,7,21.0,20.0,43.0,72.0
2015-02-22,201508,21.0,21,21,21,0.9038041,15.373128,0,2,317070120150819589,2023-08-20,Varginha,1.5589005,136602,1,0,1,8,,,,,91540,18.96,23.6,29.29,13.5,71.86,14.0,19.51,0.98638314,12.0,20.13,0.72723544,13.0,18.61,0.7752815,17.0,19.21,1.2470607,15.0,19.302500000000002,3.091042453358316,0.382992252256106,0.5260930958967793,0.45198512374305766,0.20067069546215155,8,20.0,43.0,72.0,111.0
2015-03-01,201509,20.0,20,20,20,0.78170866,14.641074,0,2,317070120150919589,2023-08-20,Varginha,1.2961571,136602,1,0,1,8,,,,,91540,18.96,23.13,28.21,17.9,72.29,21.0,18.96,1.5589005,14.0,19.51,0.98638314,12.0,20.13,0.72723544,13.0,18.61,0.7752815,16.75,19.39,3.044522437723423,-0.04652001563489305,0.33647223662121295,0.4795730802618863,0.4054651081081646,9,43.0,72.0,111.0,168.0
2015-03-08,201510,43.0,43,43,43,0.99869204,31.47831,0,2,317070120151019589,2023-08-20,Varginha,2.1900542,136602,1,1,2,21,,,,,91540,19.27,21.81,25.51,94.9,87.86,20.0,18.96,1.2961571,21.0,18.96,1.5589005,14.0,19.51,0.98638314,12.0,20.13,0.72723544,24.5,19.175,3.784189633918261,0.739667196194838,0.693147180559945,1.076139432816051,1.2192402764567243,10,72.0,111.0,168.0,239.0
2015-03-15,201511,72.0,72,72,72,0.9999962,52.707867,0,4,317070120151119589,2023-08-20,Varginha,2.5565329,136602,1,1,2,40,,,,,91540,18.5,21.16,25.09,64.6,84.57,43.0,19.27,2.1900542,20.0,18.96,1.2961571,21.0,18.96,1.5589005,14.0,19.51,0.98638314,39.0,18.9225,4.290459441148391,0.5062698072301299,1.245937003424968,1.1994169877900749,1.5824092400461809,11,111.0,168.0,239.0,250.0
2015-03-22,201512,111.0,111,111,111,0.9999999,81.25796,0,4,317070120151219589,2023-08-20,Varginha,2.381652,136602,1,1,2,52,,,,,91540,18.19,22.34,27.5,35.7,77.71,72.0,18.5,2.5565329,43.0,19.27,2.1900542,20.0,18.96,1.2961571,21.0,18.96,1.5589005,61.5,18.73,4.718498871295094,0.4280394301467032,0.9343092373768331,1.6739764335716711,1.627456417936778,12,168.0,239.0,250.0,266.0
2015-03-29,201513,168.0,168,168,168,1.0,122.98502,0,4,317070120151319589,2023-08-20,Varginha,2.2037816,136602,1,1,2,89,,,,,91540,18.71,22.37,27.27,21.7,79.86,111.0,18.19,2.381652,72.0,18.5,2.5565329,43.0,19.27,2.1900542,20.0,18.96,1.2961571,98.5,18.6675,5.1298987149230735,0.4113998436279793,0.8394392737746825,1.3457090810048125,2.0853762771996505,13,239.0,250.0,266.0,317.0
2015-04-05,201514,239.0,239,239,239,1.0,174.96083,0,4,317070120151419589,2023-08-20,Varginha,2.031061,136602,1,1,2,148,,,,,91540,17.2,20.74,25.54,19.2,77.29,168.0,18.71,2.2037816,111.0,18.19,2.381652,72.0,18.5,2.5565329,43.0,19.27,2.1900542,147.5,18.150000000000002,5.480638923341991,0.35074020841891773,0.762140052046897,1.1901794821936003,1.6964492894237302,14,250.0,266.0,317.0,270.0
2015-04-12,201515,250.0,250,250,250,0.9999622,183.01343,0,4,317070120151519589,2023-08-20,Varginha,1.4767522,136602,1,1,2,134,,,,,91540,17.31,21.97,27.54,4.0,75.29,239.0,17.2,2.031061,168.0,18.71,2.2037816,111.0,18.19,2.381652,72.0,18.5,2.5565329,192.0,17.8525,5.5254529391317835,0.04481401578979227,0.39555422420871,0.8069540678366893,1.2349934979833925,15,266.0,317.0,270.0,260.0
2015-04-19,201516,266.0,266,266,266,0.98696786,194.72629,0,4,317070120151619589,2023-08-20,Varginha,1.2248445,136602,1,1,2,148,,,,,91540,19.14,22.5,27.41,24.5,81.43,250.0,17.31,1.4767522,239.0,17.2,2.031061,168.0,18.71,2.2037816,111.0,18.19,2.381652,230.75,18.09,5.58724865840025,0.061795719268466165,0.10660973505825844,0.45734994347717617,0.8687497871051555,16,317.0,270.0,260.0,204.0
2015-04-26,201517,317.0,317,317,317,0.9980175,232.06102,0,4,317070120151719589,2023-08-20,Varginha,1.2750483,136602,0,1,2,173,,,,,91540,15.44,19.67,24.87,2.3,75.14,266.0,19.14,1.2248445,250.0,17.31,1.4767522,239.0,17.2,2.031061,168.0,18.71,2.2037816,268.0,17.2725,5.762051382780177,0.17480272437992728,0.23659844364839344,0.2814124594381857,0.6321526678571034,17,270.0,260.0,204.0,117.0
2015-05-03,201518,270.0,270,270,270,0.4733083,197.6545,0,4,317070120151819589,2023-08-20,Varginha,0.9942665,136602,0,0,2,137,,,,,91540,16.46,19.57,24.23,15.1,79.0,317.0,15.44,1.2750483,266.0,19.14,1.2248445,250.0,17.31,1.4767522,239.0,17.2,2.031061,275.75,17.0875,5.602118820879701,-0.1599325619004759,0.014870162479451388,0.07666588174791755,0.12147989753770982,18,260.0,204.0,117.0,93.0
2015-05-10,201519,260.0,260,260,260,0.14398247,190.33397,0,4,317070120151919589,2023-08-20,Varginha,0.91299105,136602,0,0,2,119,,,,,91540,13.9,17.84,22.3,21.9,77.86,270.0,16.46,0.9942665,317.0,15.44,1.2750483,266.0,19.14,1.2248445,250.0,17.31,1.4767522,278.25,16.235,5.564520407322694,-0.037598413557007326,-0.19753097545748322,-0.02272825107755594,0.039067468190910226,19,204.0,117.0,93.0,83.0
2015-05-17,201520,204.0,204,204,204,0.0006781153,149.33896,0,4,317070120152019589,2023-08-20,Varginha,0.7449402,136602,1,0,2,71,,,,,91540,16.11,18.64,22.23,11.7,79.57,260.0,13.9,0.91299105,270.0,16.46,0.9942665,317.0,15.44,1.2750483,266.0,19.14,1.2248445,262.75,15.4775,5.3230099791384085,-0.24151042818428525,-0.2791088417412926,-0.43904140364176847,-0.2642386792618412,20,117.0,93.0,83.0,66.0
2015-05-24,201521,117.0,117,117,117,8.915091e-12,85.65028,0,4,317070120152119589,2023-08-20,Varginha,0.48135495,136602,0,0,2,44,,,,,91540,14.16,19.03,25.11,4.2,77.29,204.0,16.11,0.7449402,260.0,13.9,0.91299105,270.0,16.46,0.9942665,317.0,15.44,1.2750483,212.75,15.157499999999999,4.770684624465665,-0.5523253546727434,-0.7938357828570286,-0.8314341964140359,-0.9913667583145118,21,93.0,83.0,66.0,29.0
2015-05-31,201522,93.0,93,93,93,8.840939e-10,68.08099,0,4,317070120152219589,2023-08-20,Varginha,0.48025587,136602,0,0,2,32,,,,,91540,14.64,17.99,22.66,5.2,83.0,117.0,14.16,0.48135495,204.0,16.11,0.7449402,260.0,13.9,0.91299105,270.0,16.46,0.9942665,168.5,14.7025,4.543294782270004,-0.22738984219566127,-0.7797151968684046,-1.0212256250526899,-1.0588240386096972,22,83.0,66.0,29.0,34.0
2015-06-07,201523,83.0,83,83,83,9.042767e-05,60.760456,0,4,317070120152319589,2023-08-20,Varginha,0.60014516,136602,0,0,2,18,,,,,91540,11.89,18.16,25.61,0.0,73.14,93.0,14.64,0.48025587,117.0,14.16,0.48135495,204.0,16.11,0.7449402,260.0,13.9,0.91299105,124.25,14.2,4.430816798843313,-0.11247798342669046,-0.33986782562235174,-0.8921931802950951,-1.1337036084793803,23,66.0,29.0,34.0,21.0
2015-06-14,201524,66.0,66,66,66,0.0030371558,48.315544,0,4,317070120152419589,2023-08-20,Varginha,0.65177315,136602,0,0,2,15,,,,,91540,15.1,19.03,24.14,5.3,77.71,83.0,11.89,0.60014516,93.0,14.64,0.48025587,117.0,14.16,0.48135495,204.0,16.11,0.7449402,89.75,13.9475,4.204692619390966,-0.22612417945234764,-0.3386021628790381,-0.5659920050746994,-1.1183173597474427,24,29.0,34.0,21.0,18.0
2015-06-21,201525,29.0,29,29,29,2.3982128e-07,21.229557,0,4,317070120152519589,2023-08-20,Varginha,0.36066273,136602,0,0,2,6,,,,,91540,12.03,16.24,21.73,0.1,75.43,66.0,15.1,0.65177315,83.0,11.89,0.60014516,93.0,14.64,0.48025587,117.0,14.16,0.48135495,67.75,13.415,3.4011973816621555,-0.8034952377288103,-1.029619417181158,-1.1420974006078484,-1.3694872428035096,25,34.0,21.0,18.0,15.0
2015-06-28,201526,34.0,34,34,34,0.002659368,24.889826,0,4,317070120152619589,2023-08-20,Varginha,0.55889815,136602,0,0,2,13,,,,,91540,13.96,18.0,22.96,1.1,74.43,29.0,12.03,0.36066273,66.0,15.1,0.65177315,83.0,11.89,0.60014516,93.0,14.64,0.48025587,53.0,13.245,3.5553480614894135,0.15415067982725805,-0.6493445579015522,-0.8754687373538999,-0.9879467207805903,26,21.0,18.0,15.0,7.0
2015-07-05,201527,21.0,21,21,21,0.003801533,15.373128,0,4,317070120152719589,2023-08-20,Varginha,0.5022772,136602,0,0,1,2,,,,,91540,14.13,17.76,22.49,2.6,78.71,34.0,13.96,0.55889815,29.0,12.03,0.36066273,66.0,15.1,0.65177315,83.0,11.89,0.60014516,37.5,13.805000000000001,3.091042453358316,-0.46430560813109745,-0.3101549283038394,-1.1136501660326497,-1.3397743454849973,27,18.0,15.0,7.0,11.0
2015-07-12,201528,18.0,18,18,18,0.03354333,13.176967,0,1,317070120152819589,2023-08-20,Varginha,0.58865315,136602,1,0,1,3,,,,,91540,13.37,19.2,25.91,0.0,69.86,21.0,14.13,0.5022772,34.0,13.96,0.55889815,29.0,12.03,0.36066273,66.0,15.1,0.65177315,25.5,13.3725,2.9444389791664403,-0.1466034741918758,-0.6109090823229733,-0.4567584024957152,-1.2602536402245255,28,15.0,7.0,11.0,11.0
2015-07-19,201529,15.0,15,15,15,0.079085976,10.980805,0,1,317070120152919589,2023-08-20,Varginha,0.63452804,136602,0,0,1,3,,,,,91540,14.07,18.77,24.86,5.4,68.86,18.0,13.37,0.58865315,21.0,14.13,0.5022772,34.0,13.96,0.55889815,29.0,12.03,0.36066273,22.0,13.8825,2.772588722239781,-0.17185025692665912,-0.3184537311185349,-0.7827593392496324,-0.6286086594223743,29,7.0,11.0,11.0,13.0
2015-07-26,201530,7.0,7,7,7,0.010196348,5.124376,0,1,317070120153019589,2023-08-20,Varginha,0.38370845,136602,0,0,1,0,,,,,91540,12.43,18.51,25.93,1.6,69.57,15.0,14.07,0.63452804,18.0,13.37,0.58865315,21.0,14.13,0.5022772,34.0,13.96,0.55889815,15.25,13.5,2.0794415416798357,-0.6931471805599454,-0.8649974374866045,-1.0116009116784803,-1.4759065198095778,30,11.0,11.0,13.0,10.0
2015-08-02,201531,11.0,11,11,11,0.2760013,8.05259,0,1,317070120153119589,2023-08-20,Varginha,0.79046977,136602,0,0,1,3,,,,,91540,11.73,18.86,26.66,0.0,61.14,7.0,12.43,0.38370845,15.0,14.07,0.63452804,18.0,13.37,0.58865315,21.0,14.13,0.5022772,12.75,12.899999999999999,2.4849066497880004,0.4054651081081646,-0.2876820724517808,-0.4595323293784399,-0.6061358035703157,31,11.0,13.0,10.0,10.0
2015-08-09,201532,11.0,11,11,11,0.52203256,8.05259,0,1,317070120153219589,2023-08-20,Varginha,1.023519,136602,0,0,1,1,,,,,91540,12.74,18.73,25.04,0.0,63.43,11.0,11.73,0.79046977,7.0,12.43,0.38370845,15.0,14.07,0.63452804,18.0,13.37,0.58865315,11.0,12.7425,2.4849066497880004,0.0,0.4054651081081646,-0.2876820724517808,-0.4595323293784399,32,13.0,10.0,10.0,10.0
2015-08-16,201533,13.0,13,13,13,0.712809,9.516698,0,1,317070120153319589,2023-08-20,Varginha,1.2574699,136602,0,0,1,1,,,,,91540,14.03,20.09,26.8,0.0,58.57,11.0,12.74,1.023519,11.0,11.73,0.79046977,7.0,12.43,0.38370845,15.0,14.07,0.63452804,10.5,12.7325,2.6390573296152584,0.15415067982725805,0.15415067982725805,0.5596157879354227,-0.13353139262452274,33,10.0,10.0,10.0,11.0
2015-08-23,201534,10.0,10,10,10,0.39661685,7.320537,0,1,317070120153419589,2023-08-20,Varginha,0.8942602,136602,0,0,1,0,,,,,91540,14.07,19.73,26.69,9.4,67.29,13.0,14.03,1.2574699,11.0,12.74,1.023519,11.0,11.73,0.79046977,7.0,12.43,0.38370845,11.25,13.1425,2.3978952727983707,-0.24116205681688774,-0.08701137698962969,-0.08701137698962969,0.3184537311185349,34,10.0,10.0,11.0,8.0
2015-08-30,201535,10.0,10,10,10,0.37596995,7.320537,0,1,317070120153519589,2023-08-20,Varginha,0.8745462,136602,0,0,1,1,,,,,91540,14.7,22.13,30.01,4.6,59.86,10.0,14.07,0.8942602,13.0,14.03,1.2574699,11.0,12.74,1.023519,11.0,11.73,0.79046977,11.0,13.885000000000002,2.3978952727983707,0.0,-0.24116205681688774,-0.08701137698962969,-0.08701137698962969,35,10.0,11.0,8.0,9.0
2015-09-06,201536,10.0,10,10,10,0.43429837,7.320537,0,1,317070120153619589,2023-08-20,Varginha,0.9312488,136602,0,0,1,1,,,,,91540,16.1,18.67,22.23,125.0,84.57,10.0,14.7,0.8745462,10.0,14.07,0.8942602,13.0,14.03,1.2574699,11.0,12.74,1.023519,10.75,14.725000000000001,2.3978952727983707,0.0,0.0,-0.24116205681688774,-0.08701137698962969,36,11.0,8.0,9.0,19.0
2015-09-13,201537,11.0,11,11,11,0.57257015,8.05259,0,1,317070120153719589,2023-08-20,Varginha,1.0810966,136602,1,0,1,0,,,,,91540,15.73,21.87,28.6,9.7,68.71,10.0,16.1,0.9312488,10.0,14.7,0.8745462,10.0,14.07,0.8942602,13.0,14.03,1.2574699,10.25,15.15,2.4849066497880004,0.08701137698962969,0.08701137698962969,0.08701137698962969,-0.15415067982725805,37,8.0,9.0,19.0,17.0
2015-09-20,201538,8.0,8,8,8,0.3063635,5.8564296,0,1,317070120153819589,2023-08-20,Varginha,0.7919421,136602,1,0,1,0,,,,,91540,15.73,23.44,31.36,0.1,55.71,11.0,15.73,1.0810966,10.0,16.1,0.9312488,10.0,14.7,0.8745462,10.0,14.07,0.8942602,9.75,15.565000000000001,2.1972245773362196,-0.2876820724517808,-0.2006706954621511,-0.2006706954621511,-0.2006706954621511,38,9.0,19.0,17.0,15.0
2015-09-27,201539,9.0,9,9,9,0.42374468,6.5884833,0,2,317070120153919589,2023-08-20,Varginha,0.9168946,136602,1,0,1,3,,,,,91540,18.49,22.66,28.16,6.0,72.29,8.0,15.73,0.7919421,11.0,15.73,1.0810966,10.0,16.1,0.9312488,10.0,14.7,0.8745462,9.5,16.5125,2.302585092994046,0.10536051565782634,-0.18232155679395445,-0.09531017980432477,-0.09531017980432477,39,19.0,17.0,15.0,18.0
2015-10-04,201540,19.0,19,19,19,0.9634127,13.90902,0,2,317070120154019589,2023-08-20,Varginha,1.9704705,136602,1,1,1,1,,,,,91540,17.34,23.36,29.94,0.0,61.57,9.0,18.49,0.9168946,8.0,15.73,0.7919421,11.0,15.73,1.0810966,10.0,16.1,0.9312488,11.75,16.8225,2.995732273553991,0.693147180559945,0.7985076962177713,0.5108256237659905,0.5978370007556202,40,17.0,15.0,18.0,18.0
2015-10-11,201541,17.0,17,17,17,0.84396094,12.444913,0,2,317070120154119589,2023-08-20,Varginha,1.4553413,136602,1,0,1,1,,,,,91540,19.19,26.11,33.2,0.0,45.29,19.0,17.34,1.9704705,9.0,18.49,0.9168946,8.0,15.73,0.7919421,11.0,15.73,1.0810966,13.25,17.6875,2.8903717578961645,-0.10536051565782634,0.5877866649021186,0.693147180559945,0.40546510810816416,41,15.0,18.0,18.0,26.0
2015-10-18,201542,15.0,15,15,15,0.48799354,10.980805,0,2,317070120154219589,2023-08-20,Varginha,0.9892477,136602,1,0,1,2,,,,,91540,19.54,24.61,31.47,5.4,64.57,17.0,19.19,1.4553413,19.0,17.34,1.9704705,9.0,18.49,0.9168946,8.0,15.73,0.7919421,15.0,18.64,2.772588722239781,-0.11778303565638337,-0.2231435513142097,0.47000362924573524,0.5753641449035616,42,18.0,18.0,26.0,29.0
2015-10-25,201543,18.0,18,18,18,0.6017487,13.176967,0,2,317070120154319589,2023-08-20,Varginha,1.0906631,136602,1,0,1,2,,,,,91540,18.66,22.93,28.44,62.6,71.71,15.0,19.54,0.9892477,17.0,19.19,1.4553413,19.0,17.34,1.9704705,9.0,18.49,0.9168946,17.25,18.6825,2.9444389791664403,0.17185025692665912,0.054067221270275745,-0.05129329438755059,0.6418538861723944,43,18.0,26.0,29.0,24.0
2015-11-01,201544,18.0,18,18,18,0.6025628,13.176967,0,2,317070120154419589,2023-08-20,Varginha,1.0914549,136602,1,0,1,2,,,,,91540,19.74,23.77,29.14,39.2,77.71,18.0,18.66,1.0906631,15.0,19.54,0.9892477,17.0,19.19,1.4553413,19.0,17.34,1.9704705,17.0,19.2825,2.9444389791664403,0.0,0.17185025692665912,0.054067221270275745,-0.05129329438755059,44,26.0,29.0,24.0,32.0
2015-11-08,201545,26.0,26,26,26,0.90202343,19.033396,0,2,317070120154519589,2023-08-20,Varginha,1.4795401,136602,1,0,2,0,,,,,91540,19.59,24.09,30.16,16.1,74.71,18.0,19.74,1.0914549,18.0,18.66,1.0906631,15.0,19.54,0.9892477,17.0,19.19,1.4553413,19.25,19.3825,3.295836866004329,0.35139788683788886,0.35139788683788886,0.523248143764548,0.4054651081081646,45,29.0,24.0,32.0,40.0
2015-11-15,201546,29.0,29,29,29,0.8954396,21.229557,0,4,317070120154619589,2023-08-20,Varginha,1.4298975,136602,1,0,2,1,,,,,91540,19.89,23.23,28.26,60.3,81.57,26.0,19.59,1.4795401,18.0,19.74,1.0914549,18.0,18.66,1.0906631,15.0,19.54,0.9892477,22.75,19.47,3.4011973816621555,0.10536051565782634,0.4567584024957152,0.4567584024957152,0.6286086594223743,46,24.0,32.0,40.0,46.0
2015-11-22,201547,24.0,24,24,24,0.49526876,17.569288,0,4,317070120154719589,2023-08-20,Varginha,0.99661463,136602,1,0,2,1,,,,,91540,18.66,22.77,27.66,39.0,77.71,29.0,19.89,1.4298975,26.0,19.59,1.4795401,18.0,19.74,1.0914549,18.0,18.66,1.0906631,24.25,19.47,3.2188758248682006,-0.1823215567939549,-0.07696104113612856,0.2744368457017603,0.2744368457017603,47,32.0,40.0,46.0,30.0
2015-11-29,201548,32.0,32,32,32,0.7678607,23.425718,0,4,317070120154819589,2023-08-20,Varginha,1.2098657,136602,1,0,2,1,,,,,91540,19.9,23.07,28.77,90.9,82.86,24.0,18.66,0.99661463,29.0,19.89,1.4298975,26.0,19.59,1.4795401,18.0,19.74,1.0914549,27.75,19.509999999999998,3.4965075614664802,0.27763173659827967,0.09531017980432477,0.2006706954621511,0.55206858230004,48,40.0,46.0,30.0,18.0
2015-12-06,201549,40.0,40,40,40,0.9293198,29.282148,0,4,317070120154919589,2023-08-20,Varginha,1.4295702,136602,1,0,2,5,,,,,91540,19.79,22.87,28.11,82.5,82.71,32.0,19.9,1.2098657,24.0,18.66,0.99661463,29.0,19.89,1.4298975,26.0,19.59,1.4795401,31.25,19.56,3.713572066704308,0.21706450523782772,0.4946962418361074,0.3123746850421525,0.4177352006999788,49,46.0,30.0,18.0,54.0
2015-12-13,201550,46.0,46,46,46,0.93891984,33.67447,0,4,317070120155019589,2023-08-20,Varginha,1.4189094,136602,1,0,2,4,,,,,91540,19.17,23.51,29.73,64.8,78.0,40.0,19.79,1.4295702,32.0,19.9,1.2098657,24.0,18.66,0.99661463,29.0,19.89,1.4298975,35.5,19.38,3.8501476017100584,0.13657553500575048,0.3536400402435782,0.6312717768418579,0.44895022004790297,50,30.0,18.0,54.0,61.0
2015-12-20,201551,30.0,30,30,30,0.16769163,21.96161,0,4,317070120155119589,2023-08-20,Varginha,0.7919966,136602,1,0,2,3,,,,,91540,19.74,23.84,29.4,38.6,74.86,46.0,19.17,1.4189094,40.0,19.79,1.4295702,32.0,19.9,1.2098657,24.0,18.66,0.99661463,37.0,19.65,3.4339872044851463,-0.41616039722491216,-0.2795848622191617,-0.06252035698133396,0.2151113796169457,51,18.0,54.0,61.0,55.0
2015-12-27,201552,18.0,18,18,18,0.0031196147,13.176967,0,4,317070120155219589,2023-08-20,Varginha,0.47245175,136602,1,0,1,4,,,,,91540,19.5,22.4,26.31,69.4,82.71,30.0,19.74,0.7919966,46.0,19.17,1.4189094,40.0,19.79,1.4295702,32.0,19.9,1.2098657,33.5,19.55,2.9444389791664403,-0.489548225318706,-0.9057086225436182,-0.7691330875378677,-0.55206858230004,52,54.0,61.0,55.0,76.0
2016-01-03,201601,54.0,54,54,54,0.98966044,39.5309,0,2,317070120160119589,2023-08-20,Varginha,1.6526588,136602,1,1,2,8,,,,,91540,19.21,23.31,27.93,51.9,74.86,18.0,19.5,0.47245175,30.0,19.74,0.7919966,46.0,19.17,1.4189094,40.0,19.79,1.4295702,37.0,19.405,4.007333185232471,1.062894206066031,0.5733459807473249,0.15718558352241274,0.2937611185281632,53,61.0,55.0,76.0,95.0
2016-01-10,201602,61.0,61,61,61,0.9979265,44.655277,0,4,317070120160219589,2023-08-20,Varginha,1.822793,136602,1,1,2,7,,,,,91540,20.53,22.47,25.33,196.0,89.14,54.0,19.21,1.6526588,18.0,19.5,0.47245175,30.0,19.74,0.7919966,46.0,19.17,1.4189094,40.75,19.745,4.127134385045092,0.1198011998126205,1.1826954058786514,0.6931471805599454,0.27698678333503324,1,55.0,76.0,95.0,106.0
2016-01-17,201603,55.0,55,55,55,0.8306699,40.262955,0,4,317070120160319589,2023-08-20,Varginha,1.2099328,136602,1,0,2,7,,,,,91540,18.37,21.99,26.24,18.7,77.43,61.0,20.53,1.822793,54.0,19.21,1.6526588,18.0,19.5,0.47245175,30.0,19.74,0.7919966,47.0,19.402500000000003,4.02535169073515,-0.10178269430994202,0.018018505502678472,1.0809127115687094,0.5913644862500034,2,76.0,95.0,106.0,157.0
2016-01-24,201604,76.0,76,76,76,0.9605267,55.63608,0,4,317070120160419589,2023-08-20,Varginha,1.3589723,136602,1,1,2,18,,,,,91540,19.66,23.63,28.86,44.0,79.14,55.0,18.37,1.2099328,61.0,20.53,1.822793,54.0,19.21,1.6526588,18.0,19.5,0.47245175,61.5,19.442500000000003,4.343805421853684,0.3184537311185345,0.21667103680859245,0.33647223662121295,1.3993664426872439,3,95.0,106.0,157.0,163.0
2016-01-31,201605,95.0,95,95,95,0.9944875,69.545105,0,4,317070120160519589,2023-08-20,Varginha,1.5026813,136602,1,1,2,19,,,,,91540,19.54,25.37,31.01,4.4,62.71,76.0,19.66,1.3589723,55.0,18.37,1.2099328,61.0,20.53,1.822793,54.0,19.21,1.6526588,71.75,19.525,4.564348191467836,0.22054276961415198,0.5389965007326865,0.43721380642274443,0.5570150062353649,4,106.0,157.0,163.0,189.0
2016-02-07,201606,106.0,106,106,106,0.9875919,77.597694,0,4,317070120160619589,2023-08-20,Varginha,1.3970624,136602,1,1,2,27,,,,,91540,19.8,24.8,30.57,19.2,70.29,95.0,19.54,1.5026813,76.0,19.66,1.3589723,55.0,18.37,1.2099328,61.0,20.53,1.822793,83.0,19.3425,4.672828834461906,0.10848064299406968,0.32902341260822165,0.6474771437267561,0.5456944494168141,5,157.0,163.0,189.0,269.0
2016-02-14,201607,157.0,157,157,157,0.99997205,114.932434,0,4,317070120160719589,2023-08-20,Varginha,1.6762425,136602,1,1,2,47,,,,,91540,20.1,23.9,29.7,66.5,79.71,106.0,19.8,1.3970624,95.0,19.54,1.5026813,76.0,19.66,1.3589723,55.0,18.37,1.2099328,108.5,19.775,5.062595033026967,0.3897661985650611,0.4982468415591308,0.7187896111732828,1.0372433422918172,6,163.0,189.0,269.0,281.0
2016-02-21,201608,163.0,163,163,163,0.9974233,119.32475,0,4,317070120160819589,2023-08-20,Varginha,1.4000989,136602,1,1,2,50,,,,,91540,19.34,23.11,28.13,29.0,79.57,157.0,20.1,1.6762425,106.0,19.8,1.3970624,95.0,19.54,1.5026813,76.0,19.66,1.3589723,130.25,19.695,5.099866427824199,0.03727139479723185,0.42703759336229297,0.5355182363563626,0.7560610059705146,7,189.0,269.0,281.0,315.0
2016-02-28,201609,189.0,189,189,189,0.99393135,138.35815,0,4,317070120160919589,2023-08-20,Varginha,1.3179754,136602,1,1,2,62,,,,,91540,19.01,21.87,26.23,87.7,86.29,163.0,19.34,1.4000989,157.0,20.1,1.6762425,106.0,19.8,1.3970624,95.0,19.54,1.5026813,153.75,19.5625,5.247024072160486,0.14715764433628742,0.18442903913351927,0.5741952376985804,0.6826758806926501,8,269.0,281.0,315.0,455.0
2016-03-06,201610,269.0,269,269,269,0.9999991,196.92244,0,4,317070120161019589,2023-08-20,Varginha,1.5877011,136602,1,1,2,99,,,,,91540,20.13,23.44,28.14,43.5,80.29,189.0,19.01,1.3179754,163.0,19.34,1.4000989,157.0,20.1,1.6762425,106.0,19.8,1.3970624,194.5,19.645,5.598421958998375,0.35139788683788886,0.4985555311741763,0.5358269259714081,0.9255931245364692,9,281.0,315.0,455.0,515.0
2016-03-13,201611,281.0,281,281,281,0.99977064,205.70709,0,4,317070120161119589,2023-08-20,Varginha,1.3770318,136602,1,1,2,111,,,,,91540,19.17,23.14,28.49,16.8,76.0,269.0,20.13,1.5877011,189.0,19.01,1.3179754,163.0,19.34,1.4000989,157.0,20.1,1.6762425,225.5,19.4125,5.641907070938114,0.04348511193973881,0.39488299877762767,0.5420406431139151,0.5793120379111469,10,315.0,455.0,515.0,559.0
2016-03-20,201612,315.0,315,315,315,0.9978067,230.59692,0,4,317070120161219589,2023-08-20,Varginha,1.2724212,136602,1,1,2,144,,,,,91540,18.83,23.0,28.53,42.3,77.57,281.0,19.17,1.3770318,269.0,20.13,1.5877011,189.0,19.01,1.3179754,163.0,19.34,1.4000989,263.5,19.285,5.755742213586912,0.11383514264879846,0.15732025458853727,0.5087181414264261,0.6558757857627135,11,455.0,515.0,559.0,469.0
2016-03-27,201613,455.0,455,455,455,1.0,333.08444,0,4,317070120161319589,2023-08-20,Varginha,1.5747899,136602,1,1,2,248,,,,,91540,18.9,23.57,29.61,24.0,78.29,315.0,18.83,1.2724212,281.0,19.17,1.3770318,269.0,20.13,1.5877011,189.0,19.01,1.3179754,330.0,19.2575,6.1224928095143865,0.36675059592747417,0.4805857385762726,0.5240708505160114,0.8754687373539003,12,515.0,559.0,469.0,322.0
2016-04-03,201614,515.0,515,515,515,1.0,377.00766,0,4,317070120161419589,2023-08-20,Varginha,1.4843814,136602,1,1,2,296,,,,,91540,17.46,23.57,29.91,0.0,68.14,455.0,18.9,1.5747899,315.0,18.83,1.2724212,281.0,19.17,1.3770318,269.0,20.13,1.5877011,391.5,18.59,6.246106765481563,0.12361395596717628,0.49036455189465045,0.6041996945434489,0.6476848064831877,13,559.0,469.0,322.0,332.0
2016-04-10,201615,559.0,559,559,559,0.9999831,409.21802,0,4,317070120161519589,2023-08-20,Varginha,1.3032595,136602,1,1,2,372,,,,,91540,18.57,23.73,29.76,0.1,67.57,515.0,17.46,1.4843814,455.0,18.9,1.5747899,315.0,18.83,1.2724212,281.0,19.17,1.3770318,461.0,18.44,6.327936783729195,0.08183001824763192,0.2054439742148082,0.5721945701422824,0.6860297127910808,14,469.0,322.0,332.0,229.0
2016-04-17,201616,469.0,469,469,469,0.20624973,343.3332,0,4,317070120161619589,2023-08-20,Varginha,0.9485783,136602,1,0,2,326,,,,,91540,17.67,22.94,29.0,0.7,68.71,559.0,18.57,1.3032595,515.0,17.46,1.4843814,455.0,18.9,1.5747899,315.0,18.83,1.2724212,499.5,18.150000000000002,6.152732694704104,-0.17520408902509033,-0.0933740707774584,0.030239885189717874,0.39699048111719204,15,322.0,332.0,229.0,168.0
2016-04-24,201617,322.0,322,322,322,9.007439e-11,235.7213,0,4,317070120161719589,2023-08-20,Varginha,0.6382646,136602,1,0,2,233,,,,,91540,16.0,19.74,24.14,32.6,76.43,469.0,17.67,0.9485783,559.0,18.57,1.3032595,515.0,17.46,1.4843814,455.0,18.9,1.5747899,466.25,17.425,5.777652323222656,-0.3750803714814479,-0.5502844605065382,-0.4684544422589063,-0.34484048629173003,16,332.0,229.0,168.0,81.0
2016-05-01,201618,332.0,332,332,332,1.5516975e-05,243.04182,0,4,317070120161819589,2023-08-20,Varginha,0.74095637,136602,0,0,2,222,,,,,91540,12.79,18.46,25.44,0.0,71.43,322.0,16.0,0.6382646,469.0,17.67,0.9485783,559.0,18.57,1.3032595,515.0,17.46,1.4843814,420.5,16.2575,5.808142489980444,0.030490166757787485,-0.3445902047236604,-0.5197942937487507,-0.4379642755011188,17,229.0,168.0,81.0,56.0
2016-05-08,201619,229.0,229,229,229,6.403469e-09,167.6403,0,4,317070120161919589,2023-08-20,Varginha,0.6236951,136602,1,0,2,167,,,,,91540,16.36,20.3,25.4,1.0,75.14,332.0,12.79,0.74095637,322.0,16.0,0.6382646,469.0,17.67,0.9485783,559.0,18.57,1.3032595,338.0,15.704999999999998,5.438079308923196,-0.37006318105724834,-0.33957301429946085,-0.7146533857809088,-0.8898574748059991,18,168.0,81.0,56.0,56.0
2016-05-15,201620,168.0,168,168,168,1.9425839e-10,122.98502,0,4,317070120162019589,2023-08-20,Varginha,0.5549794,136602,1,0,2,121,,,,,91540,15.84,19.51,24.23,6.3,83.43,229.0,16.36,0.6236951,332.0,12.79,0.74095637,322.0,16.0,0.6382646,469.0,17.67,0.9485783,262.75,15.247499999999999,5.1298987149230735,-0.3081805940001221,-0.6782437750573704,-0.647753608299583,-1.0228339797810309,19,81.0,56.0,56.0,32.0
2016-05-22,201621,81.0,81,81,81,0.0,59.29635,0,4,317070120162119589,2023-08-20,Varginha,0.342849,136602,0,0,2,56,,,,,91540,13.77,18.23,23.87,0.1,76.14,168.0,15.84,0.5549794,229.0,16.36,0.6236951,332.0,12.79,0.74095637,322.0,16.0,0.6382646,202.5,14.689999999999998,4.406719247264253,-0.7231794676588201,-1.0313600616589422,-1.4014232427161906,-1.370933075958403,20,56.0,56.0,32.0,29.0
2016-05-29,201622,56.0,56,56,56,3.6304293e-14,40.995007,0,4,317070120162219589,2023-08-20,Varginha,0.3404827,136602,1,0,2,30,,,,,91540,15.03,18.07,22.46,64.5,87.14,81.0,13.77,0.342849,168.0,15.84,0.5549794,229.0,16.36,0.6236951,332.0,12.79,0.74095637,133.5,15.25,4.04305126783455,-0.3636679794297031,-1.0868474470885232,-1.3950280410886453,-1.7650912221458936,21,56.0,32.0,29.0,35.0
2016-06-05,201623,56.0,56,56,56,7.3986026e-05,40.995007,0,4,317070120162319589,2023-08-20,Varginha,0.5414899,136602,0,0,2,34,,,,,91540,13.99,17.64,22.33,10.6,78.29,56.0,15.03,0.3404827,81.0,13.77,0.342849,168.0,15.84,0.5549794,229.0,16.36,0.6236951,90.25,14.6575,4.04305126783455,0.0,-0.3636679794297031,-1.0868474470885232,-1.3950280410886453,22,32.0,29.0,35.0,10.0
2016-06-12,201624,32.0,32,32,32,0.0001581714,23.425718,0,4,317070120162419589,2023-08-20,Varginha,0.4751387,136602,0,0,2,20,,,,,91540,7.74,14.46,22.2,0.0,71.71,56.0,13.99,0.5414899,56.0,15.03,0.3404827,81.0,13.77,0.342849,168.0,15.84,0.5549794,56.25,12.6325,3.4965075614664802,-0.54654370636807,-0.54654370636807,-0.9102116857977731,-1.6333911534565932,23,29.0,35.0,10.0,25.0
2016-06-19,201625,29.0,29,29,29,0.007663223,21.229557,0,4,317070120162519589,2023-08-20,Varginha,0.5759809,136602,0,0,2,15,,,,,91540,12.7,16.99,23.29,0.3,75.57,32.0,7.74,0.4751387,56.0,13.99,0.5414899,56.0,15.03,0.3404827,81.0,13.77,0.342849,43.25,12.365,3.4011973816621555,-0.09531017980432477,-0.6418538861723948,-0.6418538861723948,-1.0055218656020979,24,35.0,10.0,25.0,16.0
2016-06-26,201626,35.0,35,35,35,0.33528137,25.62188,0,4,317070120162619589,2023-08-20,Varginha,0.90606326,136602,0,0,2,15,,,,,91540,13.09,17.04,22.47,0.1,75.14,29.0,12.7,0.5759809,32.0,7.74,0.4751387,56.0,13.99,0.5414899,56.0,15.03,0.3404827,38.0,11.88,3.58351893845611,0.18232155679395445,0.08701137698962969,-0.45953232937844035,-0.45953232937844035,25,10.0,25.0,16.0,15.0
2016-07-03,201627,10.0,10,10,10,0.00025821282,7.320537,0,4,317070120162719589,2023-08-20,Varginha,0.31641522,136602,0,0,1,3,,,,,91540,11.66,17.54,24.56,0.0,68.71,35.0,13.09,0.90606326,29.0,12.7,0.5759809,32.0,7.74,0.4751387,56.0,13.99,0.5414899,26.5,11.2975,2.3978952727983707,-1.1856236656577392,-1.0033021088637848,-1.0986122886681096,-1.6451559950361796,26,25.0,16.0,15.0,14.0
2016-07-10,201628,25.0,25,25,25,0.40402752,18.301342,0,1,317070120162819589,2023-08-20,Varginha,0.93516946,136602,0,0,2,17,,,,,91540,12.11,19.03,27.36,0.8,66.0,10.0,11.66,0.31641522,35.0,13.09,0.90606326,29.0,12.7,0.5759809,32.0,7.74,0.4751387,24.75,12.389999999999999,3.258096538021482,0.8602012652231115,-0.3254224004346278,-0.14310084364067333,-0.2384110234449981,27,16.0,15.0,14.0,12.0
2016-07-17,201629,16.0,16,16,16,0.19874085,11.712859,0,1,317070120162919589,2023-08-20,Varginha,0.7587737,136602,0,0,1,5,,,,,91540,11.17,16.47,23.4,0.0,67.43,25.0,12.11,0.93516946,10.0,11.66,0.31641522,35.0,13.09,0.90606326,29.0,12.7,0.5759809,21.5,12.0075,2.833213344056216,-0.42488319396526597,0.4353180712578455,-0.7503055943998937,-0.5679840376059393,28,15.0,14.0,12.0,21.0
2016-07-24,201630,15.0,15,15,15,0.2384721,10.980805,0,1,317070120163019589,2023-08-20,Varginha,0.78545403,136602,0,0,1,5,,,,,91540,13.03,18.79,25.43,0.0,65.0,16.0,11.17,0.7587737,25.0,12.11,0.93516946,10.0,11.66,0.31641522,35.0,13.09,0.90606326,16.5,11.9925,2.772588722239781,-0.06062462181643502,-0.485507815781701,0.3746934494414105,-0.8109302162163288,29,14.0,12.0,21.0,26.0
2016-07-31,201631,14.0,14,14,14,0.26255494,10.248752,0,1,317070120163119589,2023-08-20,Varginha,0.7992358,136602,0,0,1,7,,,,,91540,13.29,18.67,24.73,0.1,65.29,15.0,13.03,0.78545403,16.0,11.17,0.7587737,25.0,12.11,0.93516946,10.0,11.66,0.31641522,17.5,12.4,2.70805020110221,-0.06453852113757108,-0.1251631429540061,-0.5500463369192721,0.3101549283038394,30,12.0,21.0,26.0,23.0
2016-08-07,201632,12.0,12,12,12,0.2609763,8.784644,0,1,317070120163219589,2023-08-20,Varginha,0.78482836,136602,0,0,1,9,,,,,91540,12.39,18.49,25.84,4.1,58.71,14.0,13.29,0.7992358,15.0,13.03,0.78545403,16.0,11.17,0.7587737,25.0,12.11,0.93516946,14.25,12.47,2.5649493574615367,-0.14310084364067333,-0.2076393647782444,-0.2682639865946794,-0.6931471805599454,31,21.0,26.0,23.0,28.0
2016-08-14,201633,21.0,21,21,21,0.8766354,15.373128,0,1,317070120163319589,2023-08-20,Varginha,1.4759365,136602,0,0,1,16,,,,,91540,14.07,20.41,27.64,8.3,66.57,12.0,12.39,0.78482836,14.0,13.29,0.7992358,15.0,13.03,0.78545403,16.0,11.17,0.7587737,15.5,13.195,3.091042453358316,0.5260930958967793,0.382992252256106,0.3184537311185349,0.2578291093020999,32,26.0,23.0,28.0,30.0
2016-08-21,201634,26.0,26,26,26,0.95030797,19.033396,0,1,317070120163419589,2023-08-20,Varginha,1.6726514,136602,0,1,2,16,,,,,91540,11.66,17.43,24.09,17.4,67.14,21.0,14.07,1.4759365,12.0,12.39,0.78482836,14.0,13.29,0.7992358,15.0,13.03,0.78545403,18.25,12.8525,3.295836866004329,0.20479441264601306,0.7308875085427924,0.5877866649021191,0.523248143764548,33,23.0,28.0,30.0,21.0
2016-08-28,201635,23.0,23,23,23,0.69848955,16.837234,0,4,317070120163519589,2023-08-20,Varginha,1.1711392,136602,1,0,2,17,,,,,91540,15.71,21.2,27.19,6.0,64.0,26.0,11.66,1.6726514,21.0,14.07,1.4759365,12.0,12.39,0.78482836,14.0,13.29,0.7992358,20.5,13.4575,3.1780538303479458,-0.11778303565638337,0.08701137698962969,0.613104472886409,0.4700036292457357,34,28.0,30.0,21.0,38.0
2016-09-04,201636,28.0,28,28,28,0.74872386,20.497503,0,4,317070120163619589,2023-08-20,Varginha,1.2046676,136602,0,0,2,21,,,,,91540,16.29,21.17,27.13,0.4,64.57,23.0,15.71,1.1711392,26.0,11.66,1.6726514,21.0,14.07,1.4759365,12.0,12.39,0.78482836,24.5,14.4325,3.367295829986474,0.1892419996385284,0.07145896398214502,0.2762533766281581,0.8023464725249374,35,30.0,21.0,38.0,41.0
2016-09-11,201637,30.0,30,30,30,0.7493996,21.96161,0,4,317070120163719589,2023-08-20,Varginha,1.1975709,136602,1,0,2,16,,,,,91540,17.91,23.6,30.13,9.5,54.86,28.0,16.29,1.2046676,23.0,15.71,1.1711392,26.0,11.66,1.6726514,21.0,14.07,1.4759365,26.75,15.392499999999998,3.4339872044851463,0.06669137449867213,0.2559333741372005,0.13815033848081715,0.3429447511268302,36,21.0,38.0,41.0,37.0
2016-09-18,201638,21.0,21,21,21,0.20509614,15.373128,0,4,317070120163819589,2023-08-20,Varginha,0.78867006,136602,0,0,1,16,,,,,91540,15.37,21.49,29.19,6.6,62.29,30.0,17.91,1.1975709,28.0,16.29,1.2046676,23.0,15.71,1.1711392,26.0,11.66,1.6726514,25.5,16.32,3.091042453358316,-0.3429447511268302,-0.2762533766281581,-0.08701137698962969,-0.20479441264601306,37,38.0,41.0,37.0,50.0
2016-09-25,201639,38.0,38,38,38,0.9105842,27.81804,0,1,317070120163919589,2023-08-20,Varginha,1.3951949,136602,0,0,2,23,,,,,91540,15.44,20.4,26.91,13.3,67.14,21.0,15.37,0.78867006,30.0,17.91,1.1975709,28.0,16.29,1.2046676,23.0,15.71,1.1711392,29.25,16.252499999999998,3.6635616461296463,0.5725191927713302,0.22957444164450003,0.29626581614317216,0.48550781578170055,38,41.0,37.0,50.0,49.0
2016-10-02,201640,41.0,41,41,41,0.9320303,30.014202,0,4,317070120164019589,2023-08-20,Varginha,1.4304346,136602,0,0,2,23,,,,,91540,14.87,19.43,25.07,40.2,70.57,38.0,15.44,1.3951949,21.0,15.37,0.78867006,30.0,17.91,1.1975709,28.0,16.29,1.2046676,32.5,15.897499999999999,3.7376696182833684,0.07410797215372211,0.6466271649250523,0.30368241379822214,0.37037378829689427,39,37.0,50.0,49.0,58.0
2016-10-09,201641,37.0,37,37,37,0.6441559,27.085987,0,4,317070120164119589,2023-08-20,Varginha,1.0912331,136602,1,0,2,17,,,,,91540,17.24,22.06,28.11,27.7,69.86,41.0,14.87,1.4304346,38.0,15.44,1.3951949,21.0,15.37,0.78867006,30.0,17.91,1.1975709,34.25,15.729999999999999,3.6375861597263857,-0.10008345855698275,-0.02597548640326064,0.5465437063680696,0.2035989552412394,40,50.0,49.0,58.0,37.0
2016-10-16,201642,50.0,50,50,50,0.89119333,36.602684,0,4,317070120164219589,2023-08-20,Varginha,1.2995609,136602,1,0,2,18,,,,,91540,19.79,24.89,31.24,28.6,69.43,37.0,17.24,1.0912331,41.0,14.87,1.4304346,38.0,15.44,1.3951949,21.0,15.37,0.78867006,41.5,16.835,3.9318256327243257,0.29423947299794007,0.19415601444095731,0.2682639865946794,0.8407831793660097,41,49.0,58.0,37.0,26.0
2016-10-23,201643,49.0,49,49,49,0.78356105,35.870632,0,4,317070120164319589,2023-08-20,Varginha,1.1786059,136602,1,0,2,36,,,,,91540,19.06,22.93,28.69,12.5,70.57,50.0,19.79,1.2995609,37.0,17.24,1.0912331,41.0,14.87,1.4304346,38.0,15.44,1.3951949,44.25,17.74,3.912023005428146,-0.019802627296179764,0.2744368457017603,0.17435338714477755,0.24846135929849966,42,58.0,37.0,26.0,41.0
2016-10-30,201644,58.0,58,58,58,0.87580514,42.459114,0,4,317070120164419589,2023-08-20,Varginha,1.2534316,136602,1,0,2,29,,,,,91540,17.99,21.69,26.31,29.5,70.86,49.0,19.06,1.1786059,50.0,19.79,1.2995609,37.0,17.24,1.0912331,41.0,14.87,1.4304346,48.5,18.52,4.07753744390572,0.16551443847757374,0.14571181118139398,0.43995128417933405,0.3398678256223513,43,37.0,26.0,41.0,27.0
2016-11-06,201645,37.0,37,37,37,0.0823532,27.085987,0,4,317070120164519589,2023-08-20,Varginha,0.74203074,136602,1,0,2,18,,,,,91540,17.54,21.99,27.49,41.0,74.43,58.0,17.99,1.2534316,49.0,19.06,1.1786059,50.0,19.79,1.2995609,37.0,17.24,1.0912331,48.5,18.595,3.6375861597263857,-0.43995128417933405,-0.2744368457017603,-0.29423947299794007,0.0,44,26.0,41.0,27.0,30.0
2016-11-13,201646,26.0,26,26,26,0.0044695265,19.033396,0,4,317070120164619589,2023-08-20,Varginha,0.5391845,136602,1,0,2,13,,,,,91540,17.44,20.93,25.4,121.3,79.43,37.0,17.54,0.74203074,58.0,17.99,1.2534316,49.0,19.06,1.1786059,50.0,19.79,1.2995609,42.5,18.0075,3.295836866004329,-0.34174929372205654,-0.7817005779013906,-0.6161861394238168,-0.6359887667199966,45,41.0,27.0,30.0,18.0
2016-11-20,201647,41.0,41,41,41,0.53679186,30.014202,0,4,317070120164719589,2023-08-20,Varginha,1.0206064,136602,1,0,2,27,,,,,91540,17.54,22.14,27.66,12.2,72.43,26.0,17.44,0.5391845,37.0,17.54,0.74203074,58.0,17.99,1.2534316,49.0,19.06,1.1786059,40.5,17.627499999999998,3.7376696182833684,0.4418327522790393,0.10008345855698275,-0.3398678256223513,-0.17435338714477755,46,27.0,30.0,18.0,20.0
2016-11-27,201648,27.0,27,27,27,0.18123618,19.76545,0,4,317070120164819589,2023-08-20,Varginha,0.7927337,136602,1,0,2,13,,,,,91540,18.97,22.87,27.33,44.7,75.14,41.0,17.54,1.0206064,26.0,17.44,0.5391845,37.0,17.54,0.74203074,58.0,17.99,1.2534316,32.75,17.8725,3.332204510175204,-0.4054651081081646,0.03636764417087468,-0.30538164955118186,-0.7453329337305159,47,30.0,18.0,20.0,55.0
2016-12-04,201649,30.0,30,30,30,0.34891766,21.96161,0,4,317070120164919589,2023-08-20,Varginha,0.90738183,136602,1,0,2,18,,,,,91540,19.21,23.56,29.24,48.5,75.43,27.0,18.97,0.7927337,41.0,17.54,1.0206064,26.0,17.44,0.5391845,37.0,17.54,0.74203074,31.0,18.29,3.4339872044851463,0.10178269430994247,-0.30368241379822214,0.13815033848081715,-0.2035989552412394,48,18.0,20.0,55.0,33.0
2016-12-11,201650,18.0,18,18,18,0.0343085,13.176967,0,4,317070120165019589,2023-08-20,Varginha,0.59018755,136602,1,0,1,11,,,,,91540,18.03,21.47,25.83,47.0,82.86,30.0,19.21,0.90738183,27.0,18.97,0.7927337,41.0,17.54,1.0206064,26.0,17.44,0.5391845,29.0,18.4375,2.9444389791664403,-0.489548225318706,-0.38776553100876354,-0.7932306391169281,-0.35139788683788886,49,20.0,55.0,33.0,41.0
2016-12-18,201651,20.0,20,20,20,0.17574587,14.641074,0,2,317070120165119589,2023-08-20,Varginha,0.7613054,136602,1,0,1,11,,,,,91540,18.19,23.03,28.91,16.4,71.43,18.0,18.03,0.59018755,30.0,19.21,0.90738183,27.0,18.97,0.7927337,41.0,17.54,1.0206064,23.75,18.6,3.044522437723423,0.10008345855698275,-0.38946476676172326,-0.2876820724517808,-0.6931471805599454,50,55.0,33.0,41.0,38.0
2016-12-25,201652,55.0,55,55,55,0.99982184,40.262955,0,2,317070120165219589,2023-08-20,Varginha,2.302026,136602,1,1,2,22,,,,,91540,19.31,24.86,31.03,8.6,67.43,20.0,18.19,0.7613054,18.0,18.03,0.59018755,30.0,19.21,0.90738183,27.0,18.97,0.7927337,30.75,18.685,4.02535169073515,0.9808292530117266,1.0809127115687094,0.5913644862500034,0.6931471805599458,51,33.0,41.0,38.0,52.0
2017-01-01,201701,33.0,33,33,33,0.68767303,24.157772,0,4,317070120170119589,2023-08-20,Varginha,1.1313255,136602,1,0,2,19,,,,,91540,19.73,24.54,30.56,19.5,73.86,55.0,19.31,2.302026,20.0,18.19,0.7613054,18.0,18.03,0.59018755,30.0,19.21,0.90738183,31.5,18.815,3.5263605246161616,-0.4989911661189881,0.48183808689273855,0.5819215454497213,0.09237332013101529,52,41.0,38.0,52.0,38.0
2017-01-08,201702,41.0,41,41,41,0.6289866,30.014202,0,4,317070120170219589,2023-08-20,Varginha,1.076444,136602,1,0,2,23,,,,,91540,20.09,23.34,28.21,35.3,80.86,33.0,19.73,1.1313255,55.0,19.31,2.302026,20.0,18.19,0.7613054,18.0,18.03,0.59018755,37.25,19.330000000000002,3.7376696182833684,0.21130909366720685,-0.28768207245178123,0.6931471805599454,0.7932306391169281,1,38.0,52.0,38.0,48.0
2017-01-15,201703,38.0,38,38,38,0.4271246,27.81804,0,4,317070120170319589,2023-08-20,Varginha,0.95936364,136602,1,0,2,23,,,,,91540,20.01,22.97,27.44,30.6,79.29,41.0,20.09,1.076444,33.0,19.73,1.1313255,55.0,19.31,2.302026,20.0,18.19,0.7613054,41.75,19.785,3.6635616461296463,-0.07410797215372211,0.13720112151348474,-0.36179004460550335,0.6190392084062233,2,52.0,38.0,48.0,39.0
2017-01-22,201704,52.0,52,52,52,0.9075139,38.06679,0,4,317070120170419589,2023-08-20,Varginha,1.3196403,136602,1,0,2,30,,,,,91540,19.76,23.46,28.03,19.5,76.14,38.0,20.01,0.95936364,41.0,20.09,1.076444,33.0,19.73,1.1313255,55.0,19.31,2.302026,41.0,19.8975,3.970291913552122,0.30673026742247567,0.23262229526875355,0.4439313889359604,-0.05505977718302768,3,38.0,48.0,39.0,61.0
2017-01-29,201705,38.0,38,38,38,0.33672398,27.81804,0,4,317070120170519589,2023-08-20,Varginha,0.9103345,136602,1,0,2,18,,,,,91540,19.16,22.84,28.01,44.5,77.57,52.0,19.76,1.3196403,38.0,20.01,0.95936364,41.0,20.09,1.076444,33.0,19.73,1.1313255,42.25,19.755000000000003,3.6635616461296463,-0.30673026742247567,0.0,-0.07410797215372211,0.13720112151348474,4,48.0,39.0,61.0,56.0
2017-02-05,201706,48.0,48,48,48,0.65872014,35.138577,0,4,317070120170619589,2023-08-20,Varginha,1.0885931,136602,1,0,2,9,,,,,91540,19.24,23.93,29.69,14.2,72.71,38.0,19.16,0.9103345,52.0,19.76,1.3196403,38.0,20.01,0.95936364,41.0,20.09,1.076444,44.0,19.5425,3.8918202981106265,0.22825865198098017,-0.0784716154414955,0.22825865198098017,0.15415067982725805,5,39.0,61.0,56.0,66.0
2017-02-12,201707,39.0,39,39,39,0.30166233,28.550095,0,4,317070120170719589,2023-08-20,Varginha,0.8924406,136602,1,0,2,9,,,,,91540,19.71,24.69,29.96,0.1,64.14,48.0,19.24,1.0885931,38.0,19.16,0.9103345,52.0,19.76,1.3196403,38.0,20.01,0.95936364,44.25,19.4675,3.6888794541139363,-0.2029408439966902,0.025317807984289953,-0.2814124594381857,0.025317807984289953,6,61.0,56.0,66.0,65.0
2017-02-19,201708,61.0,61,61,61,0.95188457,44.655277,0,4,317070120170819589,2023-08-20,Varginha,1.3846046,136602,1,1,2,17,,,,,91540,19.26,24.16,29.36,8.0,65.57,39.0,19.71,0.8924406,48.0,19.24,1.0885931,38.0,19.16,0.9103345,52.0,19.76,1.3196403,46.5,19.3425,4.127134385045092,0.4382549309311554,0.2353140869344652,0.46357273891544537,0.1568424714929697,7,56.0,66.0,65.0,66.0
2017-02-26,201709,56.0,56,56,56,0.80667806,40.995007,0,4,317070120170919589,2023-08-20,Varginha,1.1853279,136602,1,0,2,21,,,,,91540,18.76,22.1,27.4,64.3,84.14,61.0,19.26,1.3846046,39.0,19.71,0.8924406,48.0,19.24,1.0885931,38.0,19.16,0.9103345,51.0,19.2425,4.04305126783455,-0.0840831172105414,0.354171813720614,0.1512309697239238,0.37948962170490397,8,66.0,65.0,66.0,90.0
2017-03-05,201710,66.0,66,66,66,0.8715422,48.315544,0,4,317070120171019589,2023-08-20,Varginha,1.2301247,136602,1,0,2,20,,,,,91540,19.79,23.73,29.09,15.1,77.71,56.0,18.76,1.1853279,61.0,19.26,1.3846046,39.0,19.71,0.8924406,48.0,19.24,1.0885931,55.5,19.380000000000003,4.204692619390966,0.16164135155641546,0.07755823434587406,0.5158131652770295,0.31287232128033926,9,65.0,66.0,90.0,93.0
2017-03-12,201711,65.0,65,65,65,0.7087058,47.583492,0,4,317070120171119589,2023-08-20,Varginha,1.1034904,136602,1,0,2,21,,,,,91540,19.19,23.86,29.51,16.7,70.0,66.0,19.79,1.2301247,56.0,18.76,1.1853279,61.0,19.26,1.3846046,39.0,19.71,0.8924406,62.0,19.25,4.189654742026425,-0.015037877364540542,0.14660347419187492,0.06252035698133351,0.5007752879124889,10,66.0,90.0,93.0,107.0
2017-03-19,201712,66.0,66,66,66,0.6166873,48.315544,0,4,317070120171219589,2023-08-20,Varginha,1.0535587,136602,1,0,2,20,,,,,91540,16.24,21.23,26.73,44.4,73.57,65.0,19.19,1.1034904,66.0,19.79,1.2301247,56.0,18.76,1.1853279,61.0,19.26,1.3846046,63.25,18.495,4.204692619390966,0.015037877364540542,0.0,0.16164135155641546,0.07755823434587406,11,90.0,93.0,107.0,74.0
2017-03-26,201713,90.0,90,90,90,0.97307086,65.884834,0,4,317070120171319589,2023-08-20,Varginha,1.363023,136602,1,1,2,35,,,,,91540,15.79,21.09,26.74,2.4,69.14,66.0,16.24,1.0535587,65.0,19.19,1.1034904,66.0,19.79,1.2301247,56.0,18.76,1.1853279,71.75,17.752499999999998,4.51085950651685,0.306166887125884,0.32120476449042457,0.306166887125884,0.4678082386822995,12,93.0,107.0,74.0,57.0
2017-04-02,201714,93.0,93,93,93,0.9435095,68.08099,0,4,317070120171419589,2023-08-20,Varginha,1.2796412,136602,1,0,2,25,,,,,91540,16.81,21.87,27.17,15.0,71.86,90.0,15.79,1.363023,66.0,16.24,1.0535587,65.0,19.19,1.1034904,66.0,19.79,1.2301247,78.5,17.0075,4.543294782270004,0.03243527575315408,0.3386021628790381,0.35364004024357865,0.3386021628790381,13,107.0,74.0,57.0,52.0
2017-04-09,201715,107.0,107,107,107,0.9528,78.32975,0,4,317070120171519589,2023-08-20,Varginha,1.2743453,136602,1,1,2,22,,,,,91540,18.16,22.56,27.94,3.7,75.14,93.0,16.81,1.2796412,90.0,15.79,1.363023,66.0,16.24,1.0535587,65.0,19.19,1.1034904,89.0,16.75,4.68213122712422,0.1388364448542161,0.17127172060737017,0.4774386077332542,0.49247648509779474,14,74.0,57.0,52.0,58.0
2017-04-16,201716,74.0,74,74,74,0.073800914,54.171974,0,4,317070120171619589,2023-08-20,Varginha,0.7989153,136602,1,0,2,24,,,,,91540,16.97,21.0,26.01,1.6,73.43,107.0,18.16,1.2743453,93.0,16.81,1.2796412,90.0,15.79,1.363023,66.0,16.24,1.0535587,91.0,16.9325,4.31748811353631,-0.3646431135879098,-0.2258066687336937,-0.19337139298053962,0.1127954941453444,15,57.0,52.0,58.0,45.0
2017-04-23,201717,57.0,57,57,57,0.0022555212,41.727062,0,4,317070120171719589,2023-08-20,Varginha,0.6240837,136602,1,0,2,26,,,,,91540,17.14,20.4,24.67,3.4,77.71,74.0,16.97,0.7989153,107.0,18.16,1.2743453,93.0,16.81,1.2796412,90.0,15.79,1.363023,82.75,17.27,4.060443010546419,-0.25704510298989103,-0.6216882165778008,-0.48285177172358473,-0.45041649597043065,16,52.0,58.0,45.0,41.0
2017-04-30,201718,52.0,52,52,52,0.01219862,38.06679,0,4,317070120171819589,2023-08-20,Varginha,0.67147535,136602,1,0,2,20,,,,,91540,15.77,19.57,24.24,1.7,75.57,57.0,17.14,0.6240837,74.0,16.97,0.7989153,107.0,18.16,1.2743453,93.0,16.81,1.2796412,72.5,17.009999999999998,3.970291913552122,-0.09015109699429713,-0.34719619998418816,-0.711839313572098,-0.5730028687178819,17,58.0,45.0,41.0,30.0
2017-05-07,201719,58.0,58,58,58,0.33838832,42.459114,0,4,317070120171919589,2023-08-20,Varginha,0.92709756,136602,1,0,2,28,,,,,91540,13.71,19.63,26.03,0.0,69.14,52.0,15.77,0.67147535,57.0,17.14,0.6240837,74.0,16.97,0.7989153,107.0,18.16,1.2743453,60.25,15.8975,4.07753744390572,0.10724553035359774,0.01709443335930061,-0.23995066963059042,-0.6045937832185002,18,45.0,41.0,30.0,23.0
2017-05-14,201720,45.0,45,45,45,0.14659846,32.942417,0,4,317070120172019589,2023-08-20,Varginha,0.81105417,136602,1,0,2,21,,,,,91540,16.34,19.21,22.73,51.8,79.43,58.0,13.71,0.92709756,52.0,15.77,0.67147535,57.0,17.14,0.6240837,74.0,16.97,0.7989153,53.0,15.740000000000002,3.828641396489095,-0.24889604741662463,-0.1416505170630269,-0.23180161405732402,-0.48884671704721505,19,41.0,30.0,23.0,9.0
2017-05-21,201721,41.0,41,41,41,0.12079303,30.014202,0,4,317070120172119589,2023-08-20,Varginha,0.78478897,136602,1,0,2,15,,,,,91540,16.27,19.47,24.26,11.5,83.0,45.0,16.34,0.81105417,58.0,13.71,0.92709756,52.0,15.77,0.67147535,57.0,17.14,0.6240837,49.0,15.5225,3.7376696182833684,-0.09097177820572666,-0.3398678256223513,-0.23262229526875355,-0.3227733922630507,20,30.0,23.0,9.0,10.0
2017-05-28,201722,30.0,30,30,30,0.027774764,21.96161,0,4,317070120172219589,2023-08-20,Varginha,0.6438122,136602,0,0,2,9,,,,,91540,14.01,18.97,24.83,0.0,73.43,41.0,16.27,0.78478897,45.0,16.34,0.81105417,58.0,13.71,0.92709756,52.0,15.77,0.67147535,43.5,15.0825,3.4339872044851463,-0.30368241379822214,-0.3946541920039488,-0.6435502394205734,-0.5363047090669757,21,23.0,9.0,10.0,10.0
2017-06-04,201723,23.0,23,23,23,0.019188851,16.837234,0,4,317070120172319589,2023-08-20,Varginha,0.5879962,136602,0,0,2,9,,,,,91540,14.41,19.43,25.26,0.1,75.57,30.0,14.01,0.6438122,41.0,16.27,0.78478897,45.0,16.34,0.81105417,58.0,13.71,0.92709756,34.75,15.2575,3.1780538303479458,-0.2559333741372005,-0.5596157879354227,-0.6505875661411493,-0.899483613557774,22,9.0,10.0,10.0,12.0
2017-06-11,201724,9.0,9,9,9,0.0001749576,6.5884833,0,4,317070120172419589,2023-08-20,Varginha,0.29379123,136602,0,0,1,2,,,,,91540,12.49,17.33,23.03,10.7,79.29,23.0,14.41,0.5879962,30.0,14.01,0.6438122,41.0,16.27,0.78478897,45.0,16.34,0.81105417,25.75,14.294999999999998,2.302585092994046,-0.8754687373538999,-1.1314021114911004,-1.4350845252893225,-1.5260563034950492,23,10.0,10.0,12.0,8.0
2017-06-18,201725,10.0,10,10,10,0.017289773,7.320537,0,1,317070120172519589,2023-08-20,Varginha,0.463535,136602,0,0,1,1,,,,,91540,12.59,17.44,23.19,0.0,72.14,9.0,12.49,0.29379123,23.0,14.41,0.5879962,30.0,14.01,0.6438122,41.0,16.27,0.78478897,18.0,13.375,2.3978952727983707,0.09531017980432477,-0.7801585575495751,-1.0360919316867756,-1.3397743454849977,24,10.0,12.0,8.0,7.0
2017-06-25,201726,10.0,10,10,10,0.20662056,7.320537,0,1,317070120172619589,2023-08-20,Varginha,0.7182377,136602,0,0,1,3,,,,,91540,11.44,16.91,23.26,0.0,71.71,10.0,12.59,0.463535,9.0,12.49,0.29379123,23.0,14.41,0.5879962,30.0,14.01,0.6438122,13.0,12.7325,2.3978952727983707,0.0,0.09531017980432477,-0.7801585575495751,-1.0360919316867756,25,12.0,8.0,7.0,9.0
2017-07-02,201727,12.0,12,12,12,0.61667746,8.784644,0,1,317070120172719589,2023-08-20,Varginha,1.1304693,136602,0,0,1,1,,,,,91540,11.44,15.01,19.21,0.0,69.43,10.0,11.44,0.7182377,10.0,12.59,0.463535,9.0,12.49,0.29379123,23.0,14.41,0.5879962,10.25,11.989999999999998,2.5649493574615367,0.16705408466316607,0.16705408466316607,0.26236426446749084,-0.613104472886409,26,8.0,7.0,9.0,9.0
2017-07-09,201728,8.0,8,8,8,0.28804174,5.8564296,0,1,317070120172819589,2023-08-20,Varginha,0.77394634,136602,0,0,1,2,,,,,91540,12.06,17.07,23.36,0.0,69.71,12.0,11.44,1.1304693,10.0,11.44,0.7182377,10.0,12.59,0.463535,9.0,12.49,0.29379123,10.0,11.8825,2.1972245773362196,-0.3677247801253172,-0.2006706954621511,-0.2006706954621511,-0.10536051565782634,27,7.0,9.0,9.0,7.0
2017-07-16,201729,7.0,7,7,7,0.22022302,5.124376,0,1,317070120172919589,2023-08-20,Varginha,0.69281983,136602,0,0,1,2,,,,,91540,10.91,16.49,22.96,0.0,69.29,8.0,12.06,0.77394634,12.0,11.44,1.1304693,10.0,11.44,0.7182377,10.0,12.59,0.463535,9.25,11.4625,2.0794415416798357,-0.11778303565638382,-0.485507815781701,-0.3184537311185349,-0.3184537311185349,28,9.0,9.0,7.0,6.0
2017-07-23,201730,9.0,9,9,9,0.5134913,6.5884833,0,1,317070120173019589,2023-08-20,Varginha,1.0157592,136602,0,0,1,3,,,,,91540,11.07,17.16,23.6,0.0,63.43,7.0,10.91,0.69281983,8.0,12.06,0.77394634,12.0,11.44,1.1304693,10.0,11.44,0.7182377,9.0,11.370000000000001,2.302585092994046,0.22314355131421015,0.10536051565782634,-0.26236426446749084,-0.09531017980432477,29,9.0,7.0,6.0,6.0
2017-07-30,201731,9.0,9,9,9,0.5897004,6.5884833,0,1,317070120173119589,2023-08-20,Varginha,1.1130929,136602,0,0,1,4,,,,,91540,10.73,16.53,23.04,0.0,63.29,9.0,11.07,1.0157592,7.0,10.91,0.69281983,8.0,12.06,0.77394634,12.0,11.44,1.1304693,8.25,11.1925,2.302585092994046,0.0,0.22314355131421015,0.10536051565782634,-0.26236426446749084,30,7.0,6.0,6.0,10.0
2017-08-06,201732,7.0,7,7,7,0.36375168,5.124376,0,1,317070120173219589,2023-08-20,Varginha,0.84069824,136602,0,0,1,0,,,,,91540,12.44,19.2,26.71,0.0,61.0,9.0,10.73,1.1130929,9.0,11.07,1.0157592,7.0,10.91,0.69281983,8.0,12.06,0.77394634,8.0,11.287500000000001,2.0794415416798357,-0.22314355131421015,-0.22314355131421015,0.0,-0.11778303565638382,31,6.0,6.0,10.0,20.0
2017-08-13,201733,6.0,6,6,6,0.27327594,4.392322,0,1,317070120173319589,2023-08-20,Varginha,0.7316207,136602,1,0,1,2,,,,,91540,15.94,19.46,24.2,16.7,76.86,7.0,12.44,0.84069824,9.0,10.73,1.1130929,9.0,11.07,1.0157592,7.0,10.91,0.69281983,7.75,12.545,1.9459101490553132,-0.13353139262452252,-0.35667494393873267,-0.35667494393873267,-0.13353139262452252,32,6.0,10.0,20.0,25.0
2017-08-20,201734,6.0,6,6,6,0.3599624,4.392322,0,1,317070120173419589,2023-08-20,Varginha,0.8259761,136602,0,0,1,1,,,,,91540,12.84,17.94,24.06,1.0,68.43,6.0,15.94,0.7316207,7.0,12.44,0.84069824,9.0,10.73,1.1130929,9.0,11.07,1.0157592,7.0,12.987499999999999,1.9459101490553132,0.0,-0.13353139262452252,-0.35667494393873267,-0.35667494393873267,33,10.0,20.0,25.0,31.0
2017-08-27,201735,10.0,10,10,10,0.80442697,7.320537,0,1,317070120173519589,2023-08-20,Varginha,1.5137898,136602,0,0,1,1,,,,,91540,12.27,20.3,28.47,0.0,54.0,6.0,12.84,0.8259761,6.0,15.94,0.7316207,7.0,12.44,0.84069824,9.0,10.73,1.1130929,7.25,13.3725,2.3978952727983707,0.45198512374305744,0.45198512374305744,0.3184537311185349,0.09531017980432477,34,20.0,25.0,31.0,24.0
2017-09-03,201736,20.0,20,20,20,0.9918375,14.641074,0,1,317070120173619589,2023-08-20,Varginha,2.5759776,136602,0,1,1,4,,,,,91540,11.74,19.91,27.66,0.0,49.29,10.0,12.27,1.5137898,6.0,12.84,0.8259761,6.0,15.94,0.7316207,7.0,12.44,0.84069824,10.5,13.197499999999998,3.044522437723423,0.6466271649250523,1.0986122886681098,1.0986122886681098,0.9650808960435873,35,25.0,31.0,24.0,30.0
2017-09-10,201737,25.0,25,25,25,0.9856911,18.301342,0,3,317070120173719589,2023-08-20,Varginha,2.0856583,136602,0,1,2,1,,,,,91540,14.29,22.46,30.2,0.0,45.71,20.0,11.74,2.5759776,10.0,12.27,1.5137898,6.0,12.84,0.8259761,6.0,15.94,0.7316207,15.25,12.785,3.258096538021482,0.21357410029805912,0.8602012652231115,1.312186388966169,1.312186388966169,36,31.0,24.0,30.0,26.0
2017-09-17,201738,31.0,31,31,31,0.96456355,22.693665,0,3,317070120173819589,2023-08-20,Varginha,1.6781223,136602,0,1,2,0,,,,,91540,14.41,22.17,29.04,0.0,46.14,25.0,14.29,2.0856583,20.0,11.74,2.5759776,10.0,12.27,1.5137898,6.0,12.84,0.8259761,21.5,13.1775,3.4657359027997265,0.2076393647782444,0.42121346507630353,1.0678406300013559,1.5198257537444133,37,24.0,30.0,26.0,22.0
2017-09-24,201739,24.0,24,24,24,0.48972988,17.569288,0,4,317070120173919589,2023-08-20,Varginha,0.9926724,136602,0,0,2,2,,,,,91540,16.0,21.87,27.77,21.1,57.0,31.0,14.41,1.6781223,25.0,14.29,2.0856583,20.0,11.74,2.5759776,10.0,12.27,1.5137898,25.0,14.11,3.2188758248682006,-0.24686007793152598,-0.03922071315328157,0.17435338714477755,0.8209805520698299,38,30.0,26.0,22.0,7.0
2017-10-01,201740,30.0,30,30,30,0.6571515,21.96161,0,4,317070120174019589,2023-08-20,Varginha,1.1124108,136602,0,0,2,1,,,,,91540,16.49,21.31,26.91,32.0,69.57,24.0,16.0,0.9926724,31.0,14.41,1.6781223,25.0,14.29,2.0856583,20.0,11.74,2.5759776,27.5,15.2975,3.4339872044851463,0.2151113796169457,-0.03174869831458027,0.17589066646366414,0.38946476676172326,39,26.0,22.0,7.0,18.0
2017-10-08,201741,26.0,26,26,26,0.43531123,19.033396,0,4,317070120174119589,2023-08-20,Varginha,0.9566437,136602,1,0,2,1,,,,,91540,18.5,25.06,32.19,1.0,55.0,30.0,16.49,1.1124108,24.0,16.0,0.9926724,31.0,14.41,1.6781223,25.0,14.29,2.0856583,27.75,16.349999999999998,3.295836866004329,-0.13815033848081715,0.07696104113612856,-0.16989903679539742,0.03774032798284699,40,22.0,7.0,18.0,30.0
2017-10-15,201742,22.0,22,22,22,0.23368217,16.10518,0,4,317070120174219589,2023-08-20,Varginha,0.8135549,136602,1,0,2,1,,,,,91540,18.34,23.69,29.46,0.2,54.29,26.0,18.5,0.9566437,30.0,16.49,1.1124108,24.0,16.0,0.9926724,31.0,14.41,1.6781223,25.5,17.3325,3.1354942159291497,-0.16034265007517945,-0.2984929885559966,-0.08338160893905089,-0.33024168687057687,41,7.0,18.0,30.0,14.0
2017-10-22,201743,7.0,7,7,7,0.00049158116,5.124376,0,4,317070120174319589,2023-08-20,Varginha,0.2826061,136602,1,0,1,0,,,,,91540,18.64,22.53,28.26,19.2,68.57,22.0,18.34,0.8135549,26.0,18.5,0.9566437,30.0,16.49,1.1124108,24.0,16.0,0.9926724,21.25,17.9925,2.0794415416798357,-1.056052674249314,-1.2163953243244934,-1.3545456628053105,-1.1394342831883648,42,18.0,30.0,14.0,17.0
2017-10-29,201744,18.0,18,18,18,0.4044365,13.176967,0,2,317070120174419589,2023-08-20,Varginha,0.9247899,136602,1,0,1,2,,,,,91540,17.84,22.1,27.13,20.0,69.14,7.0,18.64,0.2826061,22.0,18.34,0.8135549,26.0,18.5,0.9566437,30.0,16.49,1.1124108,18.25,18.330000000000002,2.9444389791664403,0.8649974374866045,-0.1910552367627094,-0.35139788683788886,-0.489548225318706,43,30.0,14.0,17.0,18.0
2017-11-05,201745,30.0,30,30,30,0.9848392,21.96161,0,2,317070120174519589,2023-08-20,Varginha,1.9192467,136602,1,1,2,3,,,,,91540,18.07,21.77,26.6,14.9,71.57,18.0,17.84,0.9247899,7.0,18.64,0.2826061,22.0,18.34,0.8135549,26.0,18.5,0.9566437,19.25,18.2225,3.4339872044851463,0.489548225318706,1.3545456628053105,0.2984929885559966,0.13815033848081715,44,14.0,17.0,18.0,23.0
2017-11-12,201746,14.0,14,14,14,0.22649956,10.248752,0,2,317070120174619589,2023-08-20,Varginha,0.7693647,136602,1,0,1,1,,,,,91540,17.51,23.69,30.24,11.7,55.0,30.0,18.07,1.9192467,18.0,17.84,0.9247899,7.0,18.64,0.2826061,22.0,18.34,0.8135549,17.25,18.015,2.70805020110221,-0.7259370033829362,-0.2363887780642302,0.6286086594223743,-0.4274440148269396,45,17.0,18.0,23.0,18.0
2017-11-19,201747,17.0,17,17,17,0.25031334,12.444913,0,2,317070120174719589,2023-08-20,Varginha,0.8053765,136602,1,0,1,0,,,,,91540,18.53,21.7,26.01,93.9,81.57,14.0,17.51,0.7693647,30.0,18.07,1.9192467,18.0,17.84,0.9247899,7.0,18.64,0.2826061,19.75,17.9875,2.8903717578961645,0.18232155679395445,-0.5436154465889818,-0.054067221270275745,0.8109302162163288,46,18.0,23.0,18.0,18.0
2017-11-26,201748,18.0,18,18,18,0.4381392,13.176967,0,2,317070120174819589,2023-08-20,Varginha,0.9505956,136602,1,0,1,3,,,,,91540,18.44,21.79,26.36,60.7,77.0,17.0,18.53,0.8053765,14.0,17.51,0.7693647,30.0,18.07,1.9192467,18.0,17.84,0.9247899,19.75,18.1375,2.9444389791664403,0.054067221270275745,0.2363887780642302,-0.489548225318706,0.0,47,23.0,18.0,18.0,25.0
2017-12-03,201749,23.0,23,23,23,0.8106216,16.837234,0,2,317070120174919589,2023-08-20,Varginha,1.3167427,136602,1,0,2,2,,,,,91540,19.7,23.41,28.83,18.1,77.14,18.0,18.44,0.9505956,17.0,18.53,0.8053765,14.0,17.51,0.7693647,30.0,18.07,1.9192467,18.0,18.545,3.1780538303479458,0.2336148511815055,0.28768207245178123,0.4700036292457357,-0.2559333741372005,48,18.0,18.0,25.0,26.0
2017-12-10,201750,18.0,18,18,18,0.4519815,13.176967,0,2,317070120175019589,2023-08-20,Varginha,0.9613908,136602,1,0,1,1,,,,,91540,18.16,23.09,28.47,3.0,68.29,23.0,19.7,1.3167427,18.0,18.44,0.9505956,17.0,18.53,0.8053765,14.0,17.51,0.7693647,19.0,18.7075,2.9444389791664403,-0.2336148511815055,0.0,0.054067221270275745,0.2363887780642302,49,18.0,25.0,26.0,13.0
2017-12-17,201751,18.0,18,18,18,0.38098902,13.176967,0,2,317070120175119589,2023-08-20,Varginha,0.9071488,136602,1,0,1,0,,,,,91540,18.61,23.31,28.51,27.7,72.14,18.0,18.16,0.9613908,23.0,19.7,1.3167427,18.0,18.44,0.9505956,17.0,18.53,0.8053765,19.25,18.7275,2.9444389791664403,0.0,-0.2336148511815055,0.0,0.054067221270275745,50,25.0,26.0,13.0,25.0
2017-12-24,201752,25.0,25,25,25,0.7976529,18.301342,0,2,317070120175219589,2023-08-20,Varginha,1.2820097,136602,1,0,2,3,,,,,91540,19.96,23.8,29.17,49.6,77.0,18.0,18.61,0.9071488,18.0,18.16,0.9613908,23.0,19.7,1.3167427,18.0,18.44,0.9505956,21.0,19.1075,3.258096538021482,0.3136575588550419,0.3136575588550419,0.08004270767353638,0.3136575588550419,51,26.0,13.0,25.0,25.0
2017-12-31,201801,26.0,26,26,26,0.80074614,19.033396,0,4,317070120180119589,2023-08-20,Varginha,1.2799478,136602,1,0,2,7,,,,,91540,19.5,22.1,26.6,73.4,83.71,25.0,19.96,1.2820097,18.0,18.61,0.9071488,18.0,18.16,0.9613908,23.0,19.7,1.3167427,21.75,19.0575,3.295836866004329,0.03774032798284699,0.35139788683788886,0.35139788683788886,0.11778303565638337,52,13.0,25.0,25.0,26.0
2018-01-07,201802,13.0,13,13,13,0.05385569,9.516698,0,4,317070120180219589,2023-08-20,Varginha,0.58039975,136602,1,0,1,1,,,,,91540,18.79,22.34,27.04,46.0,77.43,26.0,19.5,1.2799478,25.0,19.96,1.2820097,18.0,18.61,0.9071488,18.0,18.16,0.9613908,20.5,19.215,2.6390573296152584,-0.6567795363890707,-0.6190392084062237,-0.30538164955118186,-0.30538164955118186,1,25.0,25.0,26.0,18.0
2018-01-14,201803,25.0,25,25,25,0.67217803,18.301342,0,2,317070120180319589,2023-08-20,Varginha,1.1378181,136602,1,0,2,1,,,,,91540,18.91,23.99,29.81,14.3,70.29,13.0,18.79,0.58039975,26.0,19.5,1.2799478,25.0,19.96,1.2820097,18.0,18.61,0.9071488,22.25,19.29,3.258096538021482,0.6190392084062237,-0.03774032798284699,0.0,0.3136575588550419,2,25.0,26.0,18.0,19.0
2018-01-21,201804,25.0,25,25,25,0.75931156,18.301342,0,4,317070120180419589,2023-08-20,Varginha,1.2310103,136602,1,0,2,0,,,,,91540,20.24,24.29,30.23,15.1,70.43,25.0,18.91,1.1378181,13.0,18.79,0.58039975,26.0,19.5,1.2799478,25.0,19.96,1.2820097,22.25,19.36,3.258096538021482,0.0,0.6190392084062237,-0.03774032798284699,0.0,3,26.0,18.0,19.0,21.0
2018-01-28,201805,26.0,26,26,26,0.71538806,19.033396,0,4,317070120180519589,2023-08-20,Varginha,1.1770455,136602,1,0,2,1,,,,,91540,18.91,23.1,28.29,37.6,73.71,25.0,20.24,1.2310103,25.0,18.91,1.1378181,13.0,18.79,0.58039975,26.0,19.5,1.2799478,22.25,19.2125,3.295836866004329,0.03774032798284699,0.03774032798284699,0.6567795363890707,0.0,4,18.0,19.0,21.0,11.0
2018-02-04,201806,18.0,18,18,18,0.1705031,13.176967,0,4,317070120180619589,2023-08-20,Varginha,0.74669015,136602,1,0,1,1,,,,,91540,18.7,22.57,27.54,9.2,73.0,26.0,18.91,1.1770455,25.0,20.24,1.2310103,25.0,18.91,1.1378181,13.0,18.79,0.58039975,23.5,19.19,2.9444389791664403,-0.35139788683788886,-0.3136575588550419,-0.3136575588550419,0.30538164955118186,5,19.0,21.0,11.0,15.0
2018-02-11,201807,19.0,19,19,19,0.25604102,13.90902,0,2,317070120180719589,2023-08-20,Varginha,0.8184725,136602,1,0,1,1,,,,,91540,20.09,24.19,29.53,6.8,71.29,18.0,18.7,0.74669015,26.0,18.91,1.1770455,25.0,20.24,1.2310103,25.0,18.91,1.1378181,22.0,19.485,2.995732273553991,0.05129329438755059,-0.30010459245033827,-0.2623642644674913,-0.2623642644674913,6,21.0,11.0,15.0,18.0
2018-02-18,201808,21.0,21,21,21,0.5208536,15.373128,0,2,317070120180819589,2023-08-20,Varginha,1.0161715,136602,1,0,1,0,,,,,91540,19.37,23.11,28.27,33.7,77.14,19.0,20.09,0.8184725,18.0,18.7,0.74669015,26.0,18.91,1.1770455,25.0,20.24,1.2310103,21.0,19.267500000000002,3.091042453358316,0.09531017980432521,0.1466034741918758,-0.20479441264601306,-0.16705408466316607,7,11.0,15.0,18.0,19.0
2018-02-25,201809,11.0,11,11,11,0.0653246,8.05259,0,2,317070120180919589,2023-08-20,Varginha,0.5750555,136602,1,0,1,0,,,,,91540,19.51,22.97,28.01,47.7,81.29,21.0,19.37,1.0161715,19.0,20.09,0.8184725,18.0,18.7,0.74669015,26.0,18.91,1.1770455,17.25,19.4175,2.4849066497880004,-0.6061358035703157,-0.5108256237659905,-0.4595323293784399,-0.8109302162163288,8,15.0,18.0,19.0,16.0
2018-03-04,201810,15.0,15,15,15,0.32606837,10.980805,0,2,317070120181019589,2023-08-20,Varginha,0.85532355,136602,1,0,1,0,,,,,91540,20.67,24.39,29.9,28.4,76.57,11.0,19.51,0.5750555,21.0,19.37,1.0161715,19.0,20.09,0.8184725,18.0,18.7,0.74669015,16.5,19.91,2.772588722239781,0.2876820724517808,-0.3184537311185349,-0.2231435513142097,-0.17185025692665912,9,18.0,19.0,16.0,10.0
2018-03-11,201811,18.0,18,18,18,0.6900661,13.176967,0,2,317070120181119589,2023-08-20,Varginha,1.1857499,136602,1,0,1,2,,,,,91540,20.44,25.0,31.14,3.5,73.14,15.0,20.67,0.85532355,11.0,19.51,0.5750555,21.0,19.37,1.0161715,19.0,20.09,0.8184725,16.25,19.997500000000002,2.9444389791664403,0.17185025692665912,0.4595323293784399,-0.1466034741918758,-0.05129329438755059,10,19.0,16.0,10.0,19.0
2018-03-18,201812,19.0,19,19,19,0.7420778,13.90902,0,2,317070120181219589,2023-08-20,Varginha,1.2460996,136602,1,0,1,3,,,,,91540,20.07,24.11,29.66,15.2,73.14,18.0,20.44,1.1857499,15.0,20.67,0.85532355,11.0,19.51,0.5750555,21.0,19.37,1.0161715,15.75,20.1725,2.995732273553991,0.05129329438755059,0.2231435513142097,0.5108256237659905,-0.09531017980432521,11,16.0,10.0,19.0,7.0
2018-03-25,201813,16.0,16,16,16,0.43266287,11.712859,0,2,317070120181319589,2023-08-20,Varginha,0.9433206,136602,1,0,1,0,,,,,91540,18.69,23.49,29.17,0.7,64.29,19.0,20.07,1.2460996,18.0,20.44,1.1857499,15.0,20.67,0.85532355,11.0,19.51,0.5750555,17.0,19.9675,2.833213344056216,-0.1625189294977747,-0.1112256351102241,0.06062462181643502,0.3483066942682158,12,10.0,19.0,7.0,6.0
2018-04-01,201814,10.0,10,10,10,0.0789254,7.320537,0,2,317070120181419589,2023-08-20,Varginha,0.5811159,136602,1,0,1,0,,,,,91540,19.06,23.24,29.04,19.5,74.43,16.0,18.69,0.9433206,19.0,20.07,1.2460996,18.0,20.44,1.1857499,15.0,20.67,0.85532355,15.75,19.565,2.3978952727983707,-0.4353180712578455,-0.5978370007556202,-0.5465437063680696,-0.3746934494414105,13,19.0,7.0,6.0,14.0
2018-04-08,201815,19.0,19,19,19,0.7290344,13.90902,0,2,317070120181519589,2023-08-20,Varginha,1.2285112,136602,1,0,1,1,,,,,91540,17.97,22.8,28.39,0.8,62.57,10.0,19.06,0.5811159,16.0,18.69,0.9433206,19.0,20.07,1.2460996,18.0,20.44,1.1857499,16.0,18.9475,2.995732273553991,0.5978370007556202,0.1625189294977747,0.0,0.05129329438755059,14,7.0,6.0,14.0,12.0
2018-04-15,201816,7.0,7,7,7,0.05889485,5.124376,0,1,317070120181619589,2023-08-20,Varginha,0.50200945,136602,0,0,1,1,,,,,91540,16.04,20.44,25.53,3.9,64.71,19.0,17.97,1.2285112,10.0,19.06,0.5811159,16.0,18.69,0.9433206,19.0,20.07,1.2460996,13.0,17.939999999999998,2.0794415416798357,-0.9162907318741551,-0.3184537311185349,-0.7537718023763804,-0.9162907318741551,15,6.0,14.0,12.0,11.0
2018-04-22,201817,6.0,6,6,6,0.04876023,4.392322,0,1,317070120181719589,2023-08-20,Varginha,0.46268296,136602,1,0,1,1,,,,,91540,16.24,21.43,27.29,1.2,65.86,7.0,16.04,0.50200945,19.0,17.97,1.2285112,10.0,19.06,0.5811159,16.0,18.69,0.9433206,10.5,17.3275,1.9459101490553132,-0.13353139262452252,-1.0498221244986776,-0.45198512374305744,-0.8873031950009029,16,14.0,12.0,11.0,8.0
2018-04-29,201818,14.0,14,14,14,0.7838262,10.248752,0,1,317070120181819589,2023-08-20,Varginha,1.3710535,136602,1,0,1,0,,,,,91540,15.67,21.6,28.53,0.1,60.29,6.0,16.24,0.46268296,7.0,16.04,0.50200945,19.0,17.97,1.2285112,10.0,19.06,0.5811159,11.5,16.479999999999997,2.70805020110221,0.7621400520468968,0.6286086594223743,-0.2876820724517808,0.3101549283038394,17,12.0,11.0,8.0,4.0
2018-05-06,201819,12.0,12,12,12,0.73314905,8.784644,0,2,317070120181919589,2023-08-20,Varginha,1.305022,136602,1,0,1,0,,,,,91540,15.07,20.39,26.33,1.2,65.86,14.0,15.67,1.3710535,6.0,16.24,0.46268296,7.0,16.04,0.50200945,19.0,17.97,1.2285112,9.75,15.754999999999999,2.5649493574615367,-0.14310084364067333,0.6190392084062235,0.485507815781701,-0.4307829160924541,18,11.0,8.0,4.0,9.0
2018-05-13,201820,11.0,11,11,11,0.50016737,8.05259,0,2,317070120182019589,2023-08-20,Varginha,1.0001755,136602,1,0,1,2,,,,,91540,16.86,20.66,25.61,16.2,72.86,12.0,15.07,1.305022,14.0,15.67,1.3710535,6.0,16.24,0.46268296,7.0,16.04,0.50200945,10.75,15.96,2.4849066497880004,-0.08004270767353638,-0.2231435513142097,0.5389965007326871,0.4054651081081646,19,8.0,4.0,9.0,16.0
2018-05-20,201821,8.0,8,8,8,0.20079541,5.8564296,0,1,317070120182119589,2023-08-20,Varginha,0.68811107,136602,0,0,1,1,,,,,91540,10.11,16.44,23.51,5.4,64.29,11.0,16.86,1.0001755,12.0,15.07,1.305022,14.0,15.67,1.3710535,6.0,16.24,0.46268296,11.25,14.4275,2.1972245773362196,-0.2876820724517808,-0.3677247801253172,-0.5108256237659905,0.25131442828090633,20,4.0,9.0,16.0,8.0
2018-05-27,201822,4.0,4,4,4,0.041476745,2.9282148,0,1,317070120182219589,2023-08-20,Varginha,0.39111492,136602,0,0,0,0,,,,,91540,12.46,17.91,24.27,0.0,62.71,8.0,10.11,0.68811107,11.0,16.86,1.0001755,12.0,15.07,1.305022,14.0,15.67,1.3710535,8.75,13.625,1.6094379124341003,-0.5877866649021193,-0.8754687373539001,-0.9555114450274365,-1.0986122886681098,21,9.0,16.0,8.0,12.0
2018-06-03,201823,9.0,9,9,9,0.5964273,6.5884833,0,1,317070120182319589,2023-08-20,Varginha,1.1225069,136602,0,0,1,1,,,,,91540,14.99,19.29,24.36,6.9,74.0,4.0,12.46,0.39111492,8.0,10.11,0.68811107,11.0,16.86,1.0001755,12.0,15.07,1.305022,8.0,13.605,2.302585092994046,0.6931471805599456,0.10536051565782634,-0.18232155679395445,-0.26236426446749084,22,16.0,8.0,12.0,12.0
2018-06-10,201824,16.0,16,16,16,0.96994466,11.712859,0,1,317070120182419589,2023-08-20,Varginha,2.2154245,136602,1,1,1,1,,,,,91540,15.67,19.99,25.13,4.2,76.57,9.0,14.99,1.1225069,4.0,12.46,0.39111492,8.0,10.11,0.68811107,11.0,16.86,1.0001755,9.25,13.307500000000001,2.833213344056216,0.5306282510621703,1.2237754316221159,0.6359887667199966,0.3483066942682158,23,8.0,12.0,12.0,4.0
2018-06-17,201825,8.0,8,8,8,0.37038967,5.8564296,0,1,317070120182519589,2023-08-20,Varginha,0.8561527,136602,0,0,1,3,,,,,91540,13.37,18.16,24.09,0.6,72.0,16.0,15.67,2.2154245,9.0,14.99,1.1225069,4.0,12.46,0.39111492,8.0,10.11,0.68811107,9.25,14.1225,2.1972245773362196,-0.6359887667199966,-0.10536051565782634,0.5877866649021193,0.0,24,12.0,12.0,4.0,11.0
2018-06-24,201826,12.0,12,12,12,0.550466,8.784644,0,1,317070120182619589,2023-08-20,Varginha,1.0528736,136602,0,0,1,1,,,,,91540,12.51,18.59,25.34,0.0,65.57,8.0,13.37,0.8561527,16.0,15.67,2.2154245,9.0,14.99,1.1225069,4.0,12.46,0.39111492,11.25,14.135,2.5649493574615367,0.3677247801253172,-0.2682639865946794,0.26236426446749084,0.9555114450274365,25,12.0,4.0,11.0,8.0
2018-07-01,201827,12.0,12,12,12,0.5739831,8.784644,0,1,317070120182719589,2023-08-20,Varginha,1.0792004,136602,0,0,1,3,,,,,91540,12.4,18.91,25.93,0.0,64.43,12.0,12.51,1.0528736,8.0,13.37,0.8561527,16.0,15.67,2.2154245,9.0,14.99,1.1225069,12.0,13.487499999999999,2.5649493574615367,0.0,0.3677247801253172,-0.2682639865946794,0.26236426446749084,26,4.0,11.0,8.0,8.0
2018-07-08,201828,4.0,4,4,4,0.032399297,2.9282148,0,1,317070120182819589,2023-08-20,Varginha,0.37219775,136602,0,0,0,2,,,,,91540,10.66,16.51,23.6,8.6,66.43,12.0,12.4,1.0792004,12.0,12.51,1.0528736,8.0,13.37,0.8561527,16.0,15.67,2.2154245,9.0,12.235000000000001,1.6094379124341003,-0.9555114450274365,-0.9555114450274365,-0.5877866649021193,-1.2237754316221159,27,11.0,8.0,8.0,10.0
2018-07-15,201829,11.0,11,11,11,0.6096953,8.05259,0,1,317070120182919589,2023-08-20,Varginha,1.1274203,136602,0,0,1,2,,,,,91540,11.07,18.4,26.21,0.0,66.14,4.0,10.66,0.37219775,12.0,12.4,1.0792004,12.0,12.51,1.0528736,8.0,13.37,0.8561527,9.75,11.66,2.4849066497880004,0.8754687373539001,-0.08004270767353638,-0.08004270767353638,0.2876820724517808,28,8.0,8.0,10.0,9.0
2018-07-22,201830,8.0,8,8,8,0.4717647,5.8564296,0,1,317070120183019589,2023-08-20,Varginha,0.96635574,136602,0,0,1,1,,,,,91540,12.7,18.69,25.07,0.0,63.0,11.0,11.07,1.1274203,4.0,10.66,0.37219775,12.0,12.4,1.0792004,12.0,12.51,1.0528736,8.75,11.7075,2.1972245773362196,-0.2876820724517808,0.5877866649021193,-0.3677247801253172,-0.3677247801253172,29,8.0,10.0,9.0,5.0
2018-07-29,201831,8.0,8,8,8,0.45705363,5.8564296,0,1,317070120183119589,2023-08-20,Varginha,0.9494298,136602,0,0,1,1,,,,,91540,13.8,17.84,22.84,38.8,75.57,8.0,12.7,0.96635574,11.0,11.07,1.1274203,4.0,10.66,0.37219775,12.0,12.4,1.0792004,7.75,12.057500000000001,2.1972245773362196,0.0,-0.2876820724517808,0.5877866649021193,-0.3677247801253172,30,10.0,9.0,5.0,12.0
2018-08-05,201832,10.0,10,10,10,0.6301558,7.320537,0,1,317070120183219589,2023-08-20,Varginha,1.1628373,136602,0,0,1,0,,,,,91540,13.76,18.09,24.33,8.8,73.71,8.0,13.8,0.9494298,8.0,12.7,0.96635574,11.0,11.07,1.1274203,4.0,10.66,0.37219775,9.25,12.8325,2.3978952727983707,0.2006706954621511,0.2006706954621511,-0.08701137698962969,0.7884573603642704,31,9.0,5.0,12.0,8.0
2018-08-12,201833,9.0,9,9,9,0.5343677,6.5884833,0,1,317070120183319589,2023-08-20,Varginha,1.0409219,136602,0,0,1,0,,,,,91540,12.26,17.79,24.57,1.8,66.43,10.0,13.76,1.1628373,8.0,13.8,0.9494298,8.0,12.7,0.96635574,11.0,11.07,1.1274203,8.75,13.129999999999999,2.302585092994046,-0.09531017980432477,0.10536051565782634,0.10536051565782634,-0.18232155679395445,32,5.0,12.0,8.0,9.0
2018-08-19,201834,5.0,5,5,5,0.14110453,3.6602685,0,1,317070120183419589,2023-08-20,Varginha,0.5647094,136602,0,0,0,1,,,,,91540,13.53,19.6,26.14,1.5,61.0,9.0,12.26,1.0409219,10.0,13.76,1.1628373,8.0,13.8,0.9494298,8.0,12.7,0.96635574,8.0,13.3375,1.791759469228055,-0.5108256237659909,-0.6061358035703157,-0.4054651081081646,-0.4054651081081646,33,12.0,8.0,9.0,8.0
2018-08-26,201835,12.0,12,12,12,0.7972057,8.784644,0,1,317070120183519589,2023-08-20,Varginha,1.4394023,136602,0,0,1,0,,,,,91540,14.41,20.06,26.11,0.1,63.57,5.0,13.53,0.5647094,9.0,12.26,1.0409219,10.0,13.76,1.1628373,8.0,13.8,0.9494298,9.0,13.489999999999998,2.5649493574615367,0.7731898882334818,0.26236426446749084,0.16705408466316607,0.3677247801253172,34,8.0,9.0,8.0,10.0
2018-09-02,201836,8.0,8,8,8,0.4913758,5.8564296,0,1,317070120183619589,2023-08-20,Varginha,0.9895509,136602,0,0,1,0,,,,,91540,13.1,19.6,26.81,2.4,54.57,12.0,14.41,1.4394023,5.0,13.53,0.5647094,9.0,12.26,1.0409219,10.0,13.76,1.1628373,8.5,13.325,2.1972245773362196,-0.3677247801253172,0.4054651081081646,-0.10536051565782634,-0.2006706954621511,35,9.0,8.0,10.0,4.0
2018-09-09,201837,9.0,9,9,9,0.5048032,6.5884833,0,1,317070120183719589,2023-08-20,Varginha,1.005568,136602,0,0,1,0,,,,,91540,15.2,20.56,27.23,16.4,62.43,8.0,13.1,0.9895509,12.0,14.41,1.4394023,5.0,13.53,0.5647094,9.0,12.26,1.0409219,8.5,14.06,2.302585092994046,0.10536051565782634,-0.26236426446749084,0.5108256237659909,0.0,36,8.0,10.0,4.0,12.0
2018-09-16,201838,8.0,8,8,8,0.40031478,5.8564296,0,1,317070120183819589,2023-08-20,Varginha,0.8873072,136602,1,0,1,1,,,,,91540,16.66,20.8,25.6,39.3,79.0,9.0,15.2,1.005568,8.0,13.1,0.9895509,12.0,14.41,1.4394023,5.0,13.53,0.5647094,9.25,14.8425,2.1972245773362196,-0.10536051565782634,0.0,-0.3677247801253172,0.4054651081081646,37,10.0,4.0,12.0,15.0
2018-09-23,201839,10.0,10,10,10,0.6232969,7.320537,0,1,317070120183919589,2023-08-20,Varginha,1.1529781,136602,1,0,1,0,,,,,91540,18.53,24.1,30.33,3.2,62.57,8.0,16.66,0.8873072,9.0,15.2,1.005568,8.0,13.1,0.9895509,12.0,14.41,1.4394023,8.75,15.872499999999999,2.3978952727983707,0.2006706954621511,0.09531017980432477,0.2006706954621511,-0.16705408466316607,38,4.0,12.0,15.0,10.0
2018-09-30,201840,4.0,4,4,4,0.09154392,2.9282148,0,2,317070120184019589,2023-08-20,Varginha,0.47110155,136602,1,0,0,0,,,,,91540,18.2,22.5,28.26,20.6,74.29,10.0,18.53,1.1529781,8.0,16.66,0.8873072,9.0,15.2,1.005568,8.0,13.1,0.9895509,7.75,17.1475,1.6094379124341003,-0.7884573603642704,-0.5877866649021193,-0.6931471805599456,-0.5877866649021193,39,12.0,15.0,10.0,11.0
2018-10-07,201841,12.0,12,12,12,0.8160588,8.784644,0,2,317070120184119589,2023-08-20,Varginha,1.4881045,136602,1,0,1,0,,,,,91540,18.37,21.8,26.5,28.5,79.0,4.0,18.2,0.47110155,10.0,18.53,1.1529781,8.0,16.66,0.8873072,9.0,15.2,1.005568,8.5,17.939999999999998,2.5649493574615367,0.9555114450274365,0.16705408466316607,0.3677247801253172,0.26236426446749084,40,15.0,10.0,11.0,7.0
2018-10-14,201842,15.0,15,15,15,0.92626256,10.980805,0,2,317070120184219589,2023-08-20,Varginha,1.8288462,136602,1,0,1,0,,,,,91540,18.89,22.6,28.04,7.9,76.57,12.0,18.37,1.4881045,4.0,18.2,0.47110155,10.0,18.53,1.1529781,8.0,16.66,0.8873072,10.25,18.497500000000002,2.772588722239781,0.2076393647782444,1.1631508098056809,0.3746934494414105,0.5753641449035616,41,10.0,11.0,7.0,9.0
2018-10-21,201843,10.0,10,10,10,0.4550185,7.320537,0,2,317070120184319589,2023-08-20,Varginha,0.95226836,136602,1,0,1,0,,,,,91540,17.57,21.69,26.34,67.6,73.14,15.0,18.89,1.8288462,12.0,18.37,1.4881045,4.0,18.2,0.47110155,10.0,18.53,1.1529781,10.25,18.2575,2.3978952727983707,-0.3746934494414105,-0.16705408466316607,0.7884573603642704,0.0,42,11.0,7.0,9.0,9.0
2018-10-28,201844,11.0,11,11,11,0.4028188,8.05259,0,2,317070120184419589,2023-08-20,Varginha,0.90440017,136602,1,0,1,2,,,,,91540,18.33,22.64,28.41,10.8,73.86,10.0,17.57,0.95226836,15.0,18.89,1.8288462,12.0,18.37,1.4881045,4.0,18.2,0.47110155,12.0,18.29,2.4849066497880004,0.08701137698962969,-0.2876820724517808,-0.08004270767353638,0.8754687373539001,43,7.0,9.0,9.0,19.0
2018-11-04,201845,7.0,7,7,7,0.14935082,5.124376,0,2,317070120184519589,2023-08-20,Varginha,0.61807054,136602,1,0,1,0,,,,,91540,17.31,19.93,23.13,87.4,82.86,11.0,18.33,0.90440017,10.0,17.57,0.95226836,15.0,18.89,1.8288462,12.0,18.37,1.4881045,10.75,18.025,2.0794415416798357,-0.4054651081081646,-0.3184537311185349,-0.6931471805599454,-0.485507815781701,44,9.0,9.0,19.0,13.0
2018-11-11,201846,9.0,9,9,9,0.42053285,6.5884833,0,2,317070120184619589,2023-08-20,Varginha,0.9135773,136602,1,0,1,0,,,,,91540,19.43,23.64,29.09,20.2,73.57,7.0,17.31,0.61807054,11.0,18.33,0.90440017,10.0,17.57,0.95226836,15.0,18.89,1.8288462,9.25,18.16,2.302585092994046,0.22314355131421015,-0.18232155679395445,-0.09531017980432477,-0.47000362924573524,45,9.0,19.0,13.0,21.0
2018-11-18,201847,9.0,9,9,9,0.52657163,6.5884833,0,2,317070120184719589,2023-08-20,Varginha,1.0314089,136602,1,0,1,1,,,,,91540,17.59,20.19,23.46,99.8,84.57,9.0,19.43,0.9135773,7.0,17.31,0.61807054,11.0,18.33,0.90440017,10.0,17.57,0.95226836,9.0,18.165,2.302585092994046,0.0,0.22314355131421015,-0.18232155679395445,-0.09531017980432477,46,19.0,13.0,21.0,18.0
2018-11-25,201848,19.0,19,19,19,0.9719962,13.90902,0,2,317070120184819589,2023-08-20,Varginha,2.0814881,136602,1,1,1,1,,,,,91540,17.9,21.99,26.69,28.0,73.0,9.0,17.59,1.0314089,9.0,19.43,0.9135773,7.0,17.31,0.61807054,11.0,18.33,0.90440017,11.0,18.057499999999997,2.995732273553991,0.693147180559945,0.693147180559945,0.9162907318741551,0.5108256237659905,47,13.0,21.0,18.0,15.0
2018-12-02,201849,13.0,13,13,13,0.6214548,9.516698,0,2,317070120184919589,2023-08-20,Varginha,1.1308683,136602,1,0,1,2,,,,,91540,18.56,22.77,28.26,17.8,74.86,19.0,17.9,2.0814881,9.0,17.59,1.0314089,9.0,19.43,0.9135773,7.0,17.31,0.61807054,12.5,18.369999999999997,2.6390573296152584,-0.35667494393873245,0.3364722366212125,0.3364722366212125,0.5596157879354227,48,21.0,18.0,15.0,17.0
2018-12-09,201850,21.0,21,21,21,0.8636233,15.373128,0,2,317070120185019589,2023-08-20,Varginha,1.4427538,136602,1,0,1,1,,,,,91540,16.9,22.66,28.71,5.7,67.57,13.0,18.56,1.1308683,19.0,17.9,2.0814881,9.0,17.59,1.0314089,9.0,19.43,0.9135773,15.5,17.7375,3.091042453358316,0.45198512374305766,0.09531017980432521,0.7884573603642702,0.7884573603642702,49,18.0,15.0,17.0,14.0
2018-12-16,201851,18.0,18,18,18,0.6112621,13.176967,0,2,317070120185119589,2023-08-20,Varginha,1.0999974,136602,1,0,1,0,,,,,91540,20.3,24.6,30.27,33.7,74.29,21.0,16.9,1.4427538,13.0,18.56,1.1308683,19.0,17.9,2.0814881,9.0,17.59,1.0314089,17.75,18.415,2.9444389791664403,-0.1466034741918758,0.30538164955118186,-0.05129329438755059,0.6418538861723944,50,15.0,17.0,14.0,23.0
2018-12-23,201852,15.0,15,15,15,0.31278393,10.980805,0,2,317070120185219589,2023-08-20,Varginha,0.84480035,136602,1,0,1,0,,,,,91540,18.69,22.11,27.03,57.3,83.43,18.0,20.3,1.0999974,21.0,16.9,1.4427538,13.0,18.56,1.1308683,19.0,17.9,2.0814881,16.75,18.6125,2.772588722239781,-0.17185025692665912,-0.3184537311185349,0.13353139262452274,-0.2231435513142097,51,17.0,14.0,23.0,19.0
2018-12-30,201901,17.0,17,17,17,0.45908326,12.444913,0,2,317070120190119589,2023-08-20,Varginha,0.96607053,136602,1,0,1,1,,,,,91540,19.56,22.99,27.34,52.3,82.14,15.0,18.69,0.84480035,18.0,20.3,1.0999974,21.0,16.9,1.4427538,13.0,18.56,1.1308683,17.75,18.862499999999997,2.8903717578961645,0.11778303565638337,-0.054067221270275745,-0.20067069546215155,0.2513144282809061,52,14.0,23.0,19.0,22.0
2019-01-06,201902,14.0,14,14,14,0.32921568,10.248752,0,2,317070120190219589,2023-08-20,Varginha,0.8535043,136602,1,0,1,0,,,,,91540,18.96,24.54,30.17,4.4,67.86,17.0,19.56,0.96607053,15.0,18.69,0.84480035,18.0,20.3,1.0999974,21.0,16.9,1.4427538,16.0,19.3775,2.70805020110221,-0.18232155679395445,-0.06453852113757108,-0.2363887780642302,-0.382992252256106,1,23.0,19.0,22.0,20.0
2019-01-13,201903,23.0,23,23,23,0.8680103,16.837234,0,2,317070120190319589,2023-08-20,Varginha,1.4278941,136602,1,0,2,1,,,,,91540,19.87,24.87,30.87,11.2,69.14,14.0,18.96,0.8535043,17.0,19.56,0.96607053,15.0,18.69,0.84480035,18.0,20.3,1.0999974,17.25,19.27,3.1780538303479458,0.4700036292457357,0.28768207245178123,0.4054651081081646,0.2336148511815055,2,19.0,22.0,20.0,18.0
2019-01-20,201904,19.0,19,19,19,0.6201064,13.90902,0,2,317070120190419589,2023-08-20,Varginha,1.105788,136602,1,0,1,1,,,,,91540,19.2,23.79,29.54,44.8,75.14,23.0,19.87,1.4278941,14.0,18.96,0.8535043,17.0,19.56,0.96607053,15.0,18.69,0.84480035,18.25,19.3975,2.995732273553991,-0.1823215567939549,0.2876820724517808,0.10536051565782634,0.2231435513142097,3,22.0,20.0,18.0,25.0
2019-01-27,201905,22.0,22,22,22,0.66233,16.10518,0,2,317070120190519589,2023-08-20,Varginha,1.1378169,136602,1,0,2,0,,,,,91540,18.76,24.77,30.99,2.5,66.43,19.0,19.2,1.105788,23.0,19.87,1.4278941,14.0,18.96,0.8535043,17.0,19.56,0.96607053,19.5,19.1975,3.1354942159291497,0.13976194237515882,-0.04255961441879608,0.4274440148269396,0.24512245803298516,4,20.0,18.0,25.0,16.0
2019-02-03,201906,20.0,20,20,20,0.47580546,14.641074,0,2,317070120190619589,2023-08-20,Varginha,0.9812746,136602,1,0,1,1,,,,,91540,18.69,23.03,28.34,25.5,75.43,22.0,18.76,1.1378169,19.0,19.2,1.105788,23.0,19.87,1.4278941,14.0,18.96,0.8535043,21.0,19.130000000000003,3.044522437723423,-0.09097177820572666,0.04879016416943216,-0.13353139262452274,0.33647223662121295,5,18.0,25.0,16.0,28.0
2019-02-10,201907,18.0,18,18,18,0.3423248,13.176967,0,2,317070120190719589,2023-08-20,Varginha,0.87841034,136602,1,0,1,4,,,,,91540,19.31,22.47,26.81,97.7,82.29,20.0,18.69,0.9812746,22.0,18.76,1.1378169,19.0,19.2,1.105788,23.0,19.87,1.4278941,19.75,18.99,2.9444389791664403,-0.10008345855698275,-0.1910552367627094,-0.05129329438755059,-0.2336148511815055,6,25.0,16.0,28.0,28.0
2019-02-17,201908,25.0,25,25,25,0.7676965,18.301342,0,2,317070120190819589,2023-08-20,Varginha,1.241489,136602,1,0,2,4,,,,,91540,18.87,22.84,27.96,28.8,81.57,18.0,19.31,0.87841034,20.0,18.69,0.9812746,22.0,18.76,1.1378169,19.0,19.2,1.105788,21.25,18.9075,3.258096538021482,0.3136575588550419,0.21357410029805912,0.12260232209233246,0.2623642644674913,7,16.0,28.0,28.0,29.0
2019-02-24,201909,16.0,16,16,16,0.23935778,11.712859,0,2,317070120190919589,2023-08-20,Varginha,0.79174197,136602,1,0,1,1,,,,,91540,19.56,22.81,27.23,81.7,83.14,25.0,18.87,1.241489,18.0,19.31,0.87841034,20.0,18.69,0.9812746,22.0,18.76,1.1378169,19.75,19.107499999999998,2.833213344056216,-0.42488319396526597,-0.1112256351102241,-0.21130909366720685,-0.3022808718729335,8,28.0,28.0,29.0,55.0
2019-03-03,201910,28.0,28,28,28,0.8478193,20.497503,0,2,317070120191019589,2023-08-20,Varginha,1.3402127,136602,1,0,2,2,,,,,91540,19.37,23.33,28.21,24.8,78.0,16.0,19.56,0.79174197,25.0,18.87,1.241489,18.0,19.31,0.87841034,20.0,18.69,0.9812746,21.75,19.2775,3.367295829986474,0.534082485930258,0.109199291964992,0.4228568508200339,0.32277339226305113,9,28.0,29.0,55.0,69.0
2019-03-10,201911,28.0,28,28,28,0.8132132,20.497503,0,4,317070120191119589,2023-08-20,Varginha,1.2854227,136602,1,0,2,4,,,,,91540,19.11,23.13,28.63,54.3,80.86,28.0,19.37,1.3402127,16.0,19.56,0.79174197,25.0,18.87,1.241489,18.0,19.31,0.87841034,24.25,19.2275,3.367295829986474,0.0,0.534082485930258,0.109199291964992,0.4228568508200339,10,29.0,55.0,69.0,69.0
2019-03-17,201912,29.0,29,29,29,0.7174269,21.229557,0,4,317070120191219589,2023-08-20,Varginha,1.1686437,136602,1,0,2,0,,,,,91540,19.14,22.41,26.99,36.2,82.29,28.0,19.11,1.2854227,28.0,19.37,1.3402127,16.0,19.56,0.79174197,25.0,18.87,1.241489,25.25,19.295,3.4011973816621555,0.03390155167568132,0.03390155167568132,0.5679840376059393,0.14310084364067333,11,55.0,69.0,69.0,93.0
2019-03-24,201913,55.0,55,55,55,0.9980548,40.262955,0,4,317070120191319589,2023-08-20,Varginha,1.9025013,136602,1,1,2,4,,,,,91540,17.63,22.91,28.43,0.1,68.57,29.0,19.14,1.1686437,28.0,19.11,1.2854227,28.0,19.37,1.3402127,16.0,19.56,0.79174197,35.0,18.8125,4.02535169073515,0.6241543090729942,0.6580558607486755,0.6580558607486755,1.1921383466789335,12,69.0,69.0,93.0,92.0
2019-03-31,201914,69.0,69,69,69,0.9991821,50.511707,0,4,317070120191419589,2023-08-20,Varginha,1.8666658,136602,1,1,2,6,,,,,91540,18.41,22.86,28.34,12.7,75.86,55.0,17.63,1.9025013,29.0,19.14,1.1686437,28.0,19.11,1.2854227,28.0,19.37,1.3402127,45.25,18.572499999999998,4.248495242049359,0.2231435513142097,0.8472978603872039,0.8811994120628852,0.8811994120628852,13,69.0,93.0,92.0,129.0
2019-04-07,201915,69.0,69,69,69,0.9505525,50.511707,0,4,317070120191519589,2023-08-20,Varginha,1.3524545,136602,1,1,2,3,,,,,91540,18.29,22.06,26.91,35.2,80.71,69.0,18.41,1.8666658,55.0,17.63,1.9025013,29.0,19.14,1.1686437,28.0,19.11,1.2854227,55.5,18.3675,4.248495242049359,0.0,0.2231435513142097,0.8472978603872039,0.8811994120628852,14,93.0,92.0,129.0,118.0
2019-04-14,201916,93.0,93,93,93,0.9894352,68.08099,0,4,317070120191619589,2023-08-20,Varginha,1.4475576,136602,1,1,2,18,,,,,91540,16.64,20.97,25.8,64.5,80.71,69.0,18.29,1.3524545,69.0,18.41,1.8666658,55.0,17.63,1.9025013,29.0,19.14,1.1686437,71.5,17.7425,4.543294782270004,0.2947995402206445,0.2947995402206445,0.5179430915348542,1.1420974006078484,15,92.0,129.0,118.0,118.0
2019-04-21,201917,92.0,92,92,92,0.909339,67.34894,0,4,317070120191719589,2023-08-20,Varginha,1.2300245,136602,1,0,2,9,,,,,91540,16.87,22.19,27.94,0.3,74.71,93.0,16.64,1.4475576,69.0,18.29,1.3524545,69.0,18.41,1.8666658,55.0,17.63,1.9025013,80.75,17.552500000000002,4.532599493153256,-0.010695289116747553,0.2841042511038969,0.2841042511038969,0.5072478024181066,16,129.0,118.0,118.0,88.0
2019-04-28,201918,129.0,129,129,129,0.9979653,94.43493,0,4,317070120191819589,2023-08-20,Varginha,1.4828131,136602,1,1,2,23,,,,,91540,17.13,21.16,26.84,6.5,80.57,92.0,16.87,1.2300245,93.0,16.64,1.4475576,69.0,18.29,1.3524545,69.0,18.41,1.8666658,95.75,17.2325,4.867534450455582,0.3349349573023259,0.32423966818557837,0.6190392084062228,0.6190392084062228,17,118.0,118.0,88.0,76.0
2019-05-05,201919,118.0,118,118,118,0.8776925,86.38234,0,4,317070120191919589,2023-08-20,Varginha,1.1702901,136602,1,0,2,17,,,,,91540,17.09,21.1,26.04,1.1,78.86,129.0,17.13,1.4828131,92.0,16.87,1.2300245,93.0,16.64,1.4475576,69.0,18.29,1.3524545,108.0,16.9325,4.77912349311153,-0.08841095734405258,0.24652399995827334,0.2358287108415258,0.5306282510621703,18,118.0,88.0,76.0,49.0
2019-05-12,201920,118.0,118,118,118,0.6041534,86.38234,0,4,317070120192019589,2023-08-20,Varginha,1.0352274,136602,1,0,2,20,,,,,91540,17.07,20.3,24.71,56.6,84.0,118.0,17.09,1.1702901,129.0,17.13,1.4828131,92.0,16.87,1.2300245,93.0,16.64,1.4475576,114.25,17.04,4.77912349311153,0.0,-0.08841095734405258,0.24652399995827334,0.2358287108415258,19,88.0,76.0,49.0,51.0
2019-05-19,201921,88.0,88,88,88,0.021085732,64.42072,0,4,317070120192119589,2023-08-20,Varginha,0.7522536,136602,0,0,2,12,,,,,91540,12.91,18.61,24.59,0.4,76.43,118.0,17.07,1.0352274,118.0,17.09,1.1702901,129.0,17.13,1.4828131,92.0,16.87,1.2300245,113.25,16.049999999999997,4.48863636973214,-0.29048712337939,-0.29048712337939,-0.37889808072344255,-0.043963123421116634,20,76.0,49.0,51.0,29.0
2019-05-26,201922,76.0,76,76,76,0.008235623,55.63608,0,4,317070120192219589,2023-08-20,Varginha,0.70104504,136602,0,0,2,13,,,,,91540,12.99,19.06,26.34,0.0,76.0,88.0,12.91,0.7522536,118.0,17.07,1.0352274,118.0,17.09,1.1702901,129.0,17.13,1.4828131,100.0,15.015,4.343805421853684,-0.14483094787845552,-0.4353180712578455,-0.4353180712578455,-0.5237290286018981,21,49.0,51.0,29.0,42.0
2019-06-02,201923,49.0,49,49,49,0.00013850587,35.870632,0,4,317070120192319589,2023-08-20,Varginha,0.5346433,136602,0,0,2,15,,,,,91540,11.2,16.21,21.81,2.2,77.29,76.0,12.99,0.70104504,88.0,12.91,0.7522536,118.0,17.07,1.0352274,118.0,17.09,1.1702901,82.75,13.542499999999999,3.912023005428146,-0.43178241642553816,-0.5766133643039937,-0.8671004876833837,-0.8671004876833837,22,51.0,29.0,42.0,27.0
2019-06-09,201924,51.0,51,51,51,0.022816995,37.33474,0,4,317070120192419589,2023-08-20,Varginha,0.6973459,136602,0,0,2,5,,,,,91540,13.06,17.94,24.01,0.0,76.29,49.0,11.2,0.5346433,76.0,12.99,0.70104504,88.0,12.91,0.7522536,118.0,17.07,1.0352274,66.0,12.54,3.9512437185814275,0.03922071315328157,-0.3925617032722566,-0.5373926511507121,-0.8278797745301021,23,29.0,42.0,27.0,15.0
2019-06-16,201925,29.0,29,29,29,0.0010526216,21.229557,0,4,317070120192519589,2023-08-20,Varginha,0.50757563,136602,0,0,2,2,,,,,91540,13.14,18.16,23.33,0.0,73.43,51.0,13.06,0.6973459,49.0,11.2,0.5346433,76.0,12.99,0.70104504,88.0,12.91,0.7522536,51.25,12.5975,3.4011973816621555,-0.5500463369192721,-0.5108256237659905,-0.9426080401915287,-1.0874389880699842,24,42.0,27.0,15.0,12.0
2019-06-23,201926,42.0,42,42,42,0.3342691,30.746256,0,4,317070120192619589,2023-08-20,Varginha,0.9131094,136602,0,0,2,2,,,,,91540,13.61,19.1,25.23,0.0,70.86,29.0,13.14,0.50757563,51.0,13.06,0.6973459,49.0,11.2,0.5346433,76.0,12.99,0.70104504,42.75,12.7525,3.7612001156935624,0.3600027340314069,-0.19004360288786515,-0.15082288973458358,-0.5826053061601217,25,27.0,15.0,12.0,13.0
2019-06-30,201927,27.0,27,27,27,0.07540637,19.76545,0,4,317070120192719589,2023-08-20,Varginha,0.70084924,136602,0,0,2,2,,,,,91540,11.74,17.34,23.44,24.0,74.71,42.0,13.61,0.9131094,29.0,13.14,0.50757563,51.0,13.06,0.6973459,49.0,11.2,0.5346433,37.25,12.887500000000001,3.332204510175204,-0.4289956055183586,-0.06899287148695166,-0.6190392084062237,-0.5798184952529422,26,15.0,12.0,13.0,8.0
2019-07-07,201928,15.0,15,15,15,0.0026608838,10.980805,0,4,317070120192819589,2023-08-20,Varginha,0.43992394,136602,0,0,1,1,,,,,91540,6.59,13.74,22.07,0.0,71.86,27.0,11.74,0.70084924,42.0,13.61,0.9131094,29.0,13.14,0.50757563,51.0,13.06,0.6973459,28.25,11.27,2.772588722239781,-0.5596157879354227,-0.9886113934537812,-0.6286086594223743,-1.1786549963416464,27,12.0,13.0,8.0,7.0
2019-07-14,201929,12.0,12,12,12,0.0069002695,8.784644,0,1,317070120192919589,2023-08-20,Varginha,0.44427827,136602,0,0,1,1,,,,,91540,10.37,16.01,22.83,0.0,69.14,15.0,6.59,0.43992394,27.0,11.74,0.70084924,42.0,13.61,0.9131094,29.0,13.14,0.50757563,24.0,10.5775,2.5649493574615367,-0.2076393647782444,-0.7672551527136671,-1.1962507582320256,-0.8362480242006187,28,13.0,8.0,7.0,5.0
2019-07-21,201930,13.0,13,13,13,0.15864472,9.516698,0,1,317070120193019589,2023-08-20,Varginha,0.70171964,136602,0,0,1,0,,,,,91540,10.43,17.03,24.04,0.0,70.43,12.0,10.37,0.44427827,15.0,6.59,0.43992394,27.0,11.74,0.70084924,42.0,13.61,0.9131094,16.75,9.782499999999999,2.6390573296152584,0.07410797215372167,-0.13353139262452274,-0.6931471805599454,-1.122142786078304,29,8.0,7.0,5.0,6.0
2019-07-28,201931,8.0,8,8,8,0.106686905,5.8564296,0,1,317070120193119589,2023-08-20,Varginha,0.58641285,136602,0,0,1,0,,,,,91540,12.23,18.09,25.16,0.6,67.43,13.0,10.43,0.70171964,12.0,10.37,0.44427827,15.0,6.59,0.43992394,27.0,11.74,0.70084924,12.0,9.905,2.1972245773362196,-0.44183275227903884,-0.3677247801253172,-0.5753641449035616,-1.1349799328389842,30,7.0,5.0,6.0,4.0
2019-08-04,201932,7.0,7,7,7,0.1486987,5.124376,0,1,317070120193219589,2023-08-20,Varginha,0.61734986,136602,0,0,1,0,,,,,91540,12.56,17.34,22.59,5.8,75.0,8.0,12.23,0.58641285,13.0,10.43,0.70171964,12.0,10.37,0.44427827,15.0,6.59,0.43992394,10.0,11.3975,2.0794415416798357,-0.11778303565638382,-0.5596157879354227,-0.485507815781701,-0.6931471805599454,31,5.0,6.0,4.0,13.0
2019-08-11,201933,5.0,5,5,5,0.1324514,3.6602685,0,1,317070120193319589,2023-08-20,Varginha,0.5543881,136602,0,0,0,0,,,,,91540,12.46,18.7,25.71,0.0,63.0,7.0,12.56,0.61734986,8.0,12.23,0.58641285,13.0,10.43,0.70171964,12.0,10.37,0.44427827,8.25,11.92,1.791759469228055,-0.2876820724517808,-0.4054651081081646,-0.8472978603872034,-0.7731898882334818,32,6.0,4.0,13.0,13.0
2019-08-18,201934,6.0,6,6,6,0.38517943,4.392322,0,1,317070120193419589,2023-08-20,Varginha,0.85478926,136602,0,0,1,0,,,,,91540,13.97,18.73,24.84,5.3,68.14,5.0,12.46,0.5543881,7.0,12.56,0.61734986,8.0,12.23,0.58641285,13.0,10.43,0.70171964,6.5,12.805,1.9459101490553132,0.15415067982725827,-0.13353139262452252,-0.25131442828090633,-0.6931471805599452,33,4.0,13.0,13.0,8.0
2019-08-25,201935,4.0,4,4,4,0.26876083,2.9282148,0,1,317070120193519589,2023-08-20,Varginha,0.6840571,136602,0,0,0,0,,,,,91540,12.67,19.24,26.1,0.0,60.43,6.0,13.97,0.85478926,5.0,12.46,0.5543881,7.0,12.56,0.61734986,8.0,12.23,0.58641285,5.5,12.915000000000001,1.6094379124341003,-0.33647223662121295,-0.18232155679395468,-0.47000362924573547,-0.5877866649021193,34,13.0,13.0,8.0,6.0
2019-09-01,201936,13.0,13,13,13,0.96041745,9.516698,0,1,317070120193619589,2023-08-20,Varginha,2.285344,136602,0,1,1,2,,,,,91540,16.71,21.63,28.13,1.4,66.29,4.0,12.67,0.6840571,6.0,13.97,0.85478926,5.0,12.46,0.5543881,7.0,12.56,0.61734986,7.0,13.9525,2.6390573296152584,1.0296194171811581,0.6931471805599452,0.8472978603872034,0.5596157879354227,35,13.0,8.0,6.0,11.0
2019-09-08,201937,13.0,13,13,13,0.9079935,9.516698,0,1,317070120193719589,2023-08-20,Varginha,1.8062673,136602,1,0,1,1,,,,,91540,16.13,23.73,31.66,0.0,53.86,13.0,16.71,2.285344,4.0,12.67,0.6840571,6.0,13.97,0.85478926,5.0,12.46,0.5543881,9.0,14.870000000000001,2.6390573296152584,0.0,1.0296194171811581,0.6931471805599452,0.8472978603872034,36,8.0,6.0,11.0,17.0
2019-09-15,201938,8.0,8,8,8,0.3081985,5.8564296,0,1,317070120193819589,2023-08-20,Varginha,0.7937505,136602,1,0,1,1,,,,,91540,18.64,24.99,31.8,0.3,50.0,13.0,16.13,1.8062673,13.0,16.71,2.285344,4.0,12.67,0.6840571,6.0,13.97,0.85478926,9.5,16.0375,2.1972245773362196,-0.44183275227903884,-0.44183275227903884,0.5877866649021193,0.25131442828090633,37,6.0,11.0,17.0,20.0
2019-09-22,201939,6.0,6,6,6,0.11168747,4.392322,0,1,317070120193919589,2023-08-20,Varginha,0.5537704,136602,0,0,1,0,,,,,91540,15.29,19.27,24.14,44.4,73.14,8.0,18.64,0.7937505,13.0,16.13,1.8062673,13.0,16.71,2.285344,4.0,12.67,0.6840571,10.0,16.6925,1.9459101490553132,-0.25131442828090633,-0.6931471805599452,-0.6931471805599452,0.33647223662121295,38,11.0,17.0,20.0,15.0
2019-09-29,201940,11.0,11,11,11,0.6672294,8.05259,0,1,317070120194019589,2023-08-20,Varginha,1.2083526,136602,1,0,1,0,,,,,91540,15.71,22.29,29.46,0.1,60.86,6.0,15.29,0.5537704,8.0,18.64,0.7937505,13.0,16.13,1.8062673,13.0,16.71,2.285344,9.5,16.4425,2.4849066497880004,0.5389965007326871,0.2876820724517808,-0.15415067982725805,-0.15415067982725805,39,17.0,20.0,15.0,15.0
2019-10-06,201941,17.0,17,17,17,0.9542739,12.444913,0,1,317070120194119589,2023-08-20,Varginha,1.9610139,136602,1,1,1,1,,,,,91540,18.11,22.27,27.37,12.6,69.86,11.0,15.71,1.2083526,6.0,15.29,0.5537704,8.0,18.64,0.7937505,13.0,16.13,1.8062673,10.5,16.9375,2.8903717578961645,0.40546510810816416,0.9444616088408513,0.693147180559945,0.2513144282809061,40,20.0,15.0,15.0,15.0
2019-10-13,201942,20.0,20,20,20,0.9381778,14.641074,0,2,317070120194219589,2023-08-20,Varginha,1.7353883,136602,1,0,1,1,,,,,91540,18.63,24.51,31.16,5.4,57.14,17.0,18.11,1.9610139,11.0,15.71,1.2083526,6.0,15.29,0.5537704,8.0,18.64,0.7937505,13.5,16.935000000000002,3.044522437723423,0.1541506798272585,0.5596157879354227,1.0986122886681098,0.8472978603872034,41,15.0,15.0,15.0,11.0
2019-10-20,201943,15.0,15,15,15,0.46675408,10.980805,0,2,317070120194319589,2023-08-20,Varginha,0.97061396,136602,1,0,1,0,,,,,91540,18.33,22.81,28.61,9.6,69.57,20.0,18.63,1.7353883,17.0,18.11,1.9610139,11.0,15.71,1.2083526,6.0,15.29,0.5537704,15.75,17.695,2.772588722239781,-0.27193371548364187,-0.11778303565638337,0.2876820724517808,0.8266785731844679,42,15.0,15.0,11.0,20.0
2019-10-27,201944,15.0,15,15,15,0.35016504,10.980805,0,2,317070120194419589,2023-08-20,Varginha,0.8744645,136602,1,0,1,0,,,,,91540,18.7,23.29,29.53,45.5,69.86,15.0,18.33,0.97061396,20.0,18.63,1.7353883,17.0,18.11,1.9610139,11.0,15.71,1.2083526,16.75,18.4425,2.772588722239781,0.0,-0.27193371548364187,-0.11778303565638337,0.2876820724517808,43,15.0,11.0,20.0,11.0
2019-11-03,201945,15.0,15,15,15,0.41170385,10.980805,0,2,317070120194519589,2023-08-20,Varginha,0.9241924,136602,1,0,1,1,,,,,91540,18.9,23.47,29.57,26.8,71.14,15.0,18.7,0.8744645,15.0,18.33,0.97061396,20.0,18.63,1.7353883,17.0,18.11,1.9610139,16.25,18.64,2.772588722239781,0.0,0.0,-0.27193371548364187,-0.11778303565638337,44,11.0,20.0,11.0,21.0
2019-11-10,201946,11.0,11,11,11,0.21251021,8.05259,0,2,317070120194619589,2023-08-20,Varginha,0.7336366,136602,1,0,1,0,,,,,91540,18.8,21.97,26.54,39.5,76.71,15.0,18.9,0.9241924,15.0,18.7,0.8744645,15.0,18.33,0.97061396,20.0,18.63,1.7353883,14.0,18.682499999999997,2.4849066497880004,-0.2876820724517808,-0.2876820724517808,-0.2876820724517808,-0.5596157879354227,45,20.0,11.0,21.0,25.0
2019-11-17,201947,20.0,20,20,20,0.8403578,14.641074,0,2,317070120194719589,2023-08-20,Varginha,1.4029195,136602,1,0,1,0,,,,,91540,18.47,22.06,27.43,38.6,74.29,11.0,18.8,0.7336366,15.0,18.9,0.9241924,15.0,18.7,0.8744645,15.0,18.33,0.97061396,15.25,18.7175,3.044522437723423,0.5596157879354227,0.27193371548364187,0.27193371548364187,0.27193371548364187,46,11.0,21.0,25.0,28.0
2019-11-24,201948,11.0,11,11,11,0.25023037,8.05259,0,2,317070120194819589,2023-08-20,Varginha,0.7676051,136602,1,0,1,0,,,,,91540,17.81,21.47,25.89,43.9,77.0,20.0,18.47,1.4029195,11.0,18.8,0.7336366,15.0,18.9,0.9241924,15.0,18.7,0.8744645,14.25,18.494999999999997,2.4849066497880004,-0.5596157879354227,0.0,-0.2876820724517808,-0.2876820724517808,47,21.0,25.0,28.0,17.0
2019-12-01,201949,21.0,21,21,21,0.8305846,15.373128,0,2,317070120194919589,2023-08-20,Varginha,1.3712592,136602,1,0,1,1,,,,,91540,19.16,22.29,26.94,26.2,78.0,11.0,17.81,0.7676051,20.0,18.47,1.4029195,11.0,18.8,0.7336366,15.0,18.9,0.9241924,15.75,18.560000000000002,3.091042453358316,0.6061358035703157,0.04652001563489305,0.6061358035703157,0.3184537311185349,48,25.0,28.0,17.0,13.0
2019-12-08,201950,25.0,25,25,25,0.91452265,18.301342,0,2,317070120195019589,2023-08-20,Varginha,1.5317363,136602,1,0,2,0,,,,,91540,18.93,21.84,25.73,65.3,80.43,21.0,19.16,1.3712592,11.0,17.81,0.7676051,20.0,18.47,1.4029195,11.0,18.8,0.7336366,19.25,18.5925,3.258096538021482,0.16705408466316607,0.7731898882334818,0.21357410029805912,0.7731898882334818,49,28.0,17.0,13.0,22.0
2019-12-15,201951,28.0,28,28,28,0.88696855,20.497503,0,4,317070120195119589,2023-08-20,Varginha,1.419081,136602,1,0,2,8,,,,,91540,18.93,23.4,29.01,33.8,69.29,25.0,18.93,1.5317363,21.0,19.16,1.3712592,11.0,17.81,0.7676051,20.0,18.47,1.4029195,21.25,18.7075,3.367295829986474,0.109199291964992,0.2762533766281581,0.8823891801984738,0.32277339226305113,50,17.0,13.0,22.0,21.0
2019-12-22,201952,17.0,17,17,17,0.15284154,12.444913,0,4,317070120195219589,2023-08-20,Varginha,0.72550356,136602,1,0,1,1,,,,,91540,18.74,23.0,28.49,53.9,71.43,28.0,18.93,1.419081,25.0,18.93,1.5317363,21.0,19.16,1.3712592,11.0,17.81,0.7676051,22.75,18.939999999999998,2.8903717578961645,-0.4769240720903096,-0.3677247801253176,-0.20067069546215155,0.40546510810816416,51,13.0,22.0,21.0,30.0
2019-12-29,202001,13.0,13,13,13,0.041791767,9.516698,0,2,317070120200119589,2023-08-20,Varginha,0.55985516,136602,1,0,1,1,,,,,91540,19.07,23.13,27.69,42.5,71.57,17.0,18.74,0.72550356,28.0,18.93,1.419081,25.0,18.93,1.5317363,21.0,19.16,1.3712592,20.75,18.9175,2.6390573296152584,-0.2513144282809061,-0.7282385003712157,-0.6190392084062237,-0.45198512374305766,52,22.0,21.0,30.0,15.0
2020-01-05,202002,22.0,22,22,22,0.6623482,16.10518,0,2,317070120200219589,2023-08-20,Varginha,1.137835,136602,1,0,2,0,,,,,91540,19.64,23.46,28.56,38.7,81.14,13.0,19.07,0.55985516,17.0,18.74,0.72550356,28.0,18.93,1.419081,25.0,18.93,1.5317363,20.0,19.095,3.1354942159291497,0.49643688631389127,0.24512245803298516,-0.23180161405732447,-0.12260232209233246,1,21.0,30.0,15.0,19.0
2020-01-12,202003,21.0,21,21,21,0.7226696,15.373128,0,2,317070120200319589,2023-08-20,Varginha,1.2081263,136602,1,0,1,1,,,,,91540,20.09,23.67,28.89,87.1,79.29,22.0,19.64,1.137835,13.0,19.07,0.55985516,17.0,18.74,0.72550356,28.0,18.93,1.419081,18.25,19.384999999999998,3.091042453358316,-0.04445176257083361,0.45198512374305766,0.20067069546215155,-0.2762533766281581,2,30.0,15.0,19.0,29.0
2020-01-19,202004,30.0,30,30,30,0.9310843,21.96161,0,2,317070120200419589,2023-08-20,Varginha,1.5252599,136602,1,0,2,1,,,,,91540,18.83,21.97,26.21,46.2,77.71,21.0,20.09,1.2081263,22.0,19.64,1.137835,13.0,19.07,0.55985516,17.0,18.74,0.72550356,21.5,19.4075,3.4339872044851463,0.3429447511268302,0.2984929885559966,0.7949298748698879,0.5436154465889818,3,15.0,19.0,29.0,32.0
2020-01-26,202005,15.0,15,15,15,0.10555503,10.980805,0,2,317070120200519589,2023-08-20,Varginha,0.6651549,136602,1,0,1,1,,,,,91540,19.03,23.46,29.27,36.2,75.14,30.0,18.83,1.5252599,21.0,20.09,1.2081263,22.0,19.64,1.137835,13.0,19.07,0.55985516,22.0,19.3975,2.772588722239781,-0.6613984822453651,-0.3184537311185349,-0.36290549368936853,0.13353139262452274,4,19.0,29.0,32.0,29.0
2020-02-02,202006,19.0,19,19,19,0.2686657,13.90902,0,2,317070120200619589,2023-08-20,Varginha,0.8277866,136602,1,0,1,6,,,,,91540,19.37,22.29,26.84,85.4,81.43,15.0,19.03,0.6651549,30.0,18.83,1.5252599,21.0,20.09,1.2081263,22.0,19.64,1.137835,21.25,19.33,2.995732273553991,0.2231435513142097,-0.4382549309311554,-0.09531017980432521,-0.13976194237515882,5,29.0,32.0,29.0,29.0
2020-02-09,202007,29.0,29,29,29,0.8848578,21.229557,0,2,317070120200719589,2023-08-20,Varginha,1.4050719,136602,1,0,2,4,,,,,91540,18.77,21.53,25.87,97.4,84.14,19.0,19.37,0.8277866,15.0,19.03,0.6651549,30.0,18.83,1.5252599,21.0,20.09,1.2081263,23.25,19.0,3.4011973816621555,0.4054651081081646,0.6286086594223743,-0.03278982282299081,0.3101549283038394,6,32.0,29.0,29.0,35.0
2020-02-16,202008,32.0,32,32,32,0.92301536,23.425718,0,4,317070120200819589,2023-08-20,Varginha,1.4766899,136602,1,0,2,1,,,,,91540,19.73,23.19,28.31,36.9,79.14,29.0,18.77,1.4050719,19.0,19.37,0.8277866,15.0,19.03,0.6651549,30.0,18.83,1.5252599,23.75,19.225,3.4965075614664802,0.09531017980432477,0.5007752879124894,0.7239188392266991,0.06252035698133396,7,29.0,29.0,35.0,19.0
2020-02-23,202009,29.0,29,29,29,0.6364857,21.229557,0,4,317070120200919589,2023-08-20,Varginha,1.097602,136602,1,0,2,1,,,,,91540,19.17,21.53,25.26,79.4,83.86,32.0,19.73,1.4766899,29.0,18.77,1.4050719,19.0,19.37,0.8277866,15.0,19.03,0.6651549,27.25,19.26,3.4011973816621555,-0.09531017980432477,0.0,0.4054651081081646,0.6286086594223743,8,29.0,35.0,19.0,22.0
2020-03-01,202010,29.0,29,29,29,0.4757082,21.229557,0,4,317070120201019589,2023-08-20,Varginha,0.98430055,136602,1,0,2,0,,,,,91540,16.6,21.17,26.74,17.9,74.43,29.0,19.17,1.097602,32.0,19.73,1.4766899,29.0,18.77,1.4050719,19.0,19.37,0.8277866,29.75,18.5675,3.4011973816621555,0.0,-0.09531017980432477,0.0,0.4054651081081646,9,35.0,19.0,22.0,25.0
2020-03-08,202011,35.0,35,35,35,0.739314,25.62188,0,4,317070120201119589,2023-08-20,Varginha,1.1716964,136602,1,0,2,6,,,,,91540,17.56,22.66,28.63,6.1,69.29,29.0,16.6,0.98430055,29.0,19.17,1.097602,32.0,19.73,1.4766899,29.0,18.77,1.4050719,31.25,18.265,3.58351893845611,0.18232155679395445,0.18232155679395445,0.08701137698962969,0.18232155679395445,10,19.0,22.0,25.0,24.0
2020-03-15,202012,19.0,19,19,19,0.056577172,13.90902,0,4,317070120201219589,2023-08-20,Varginha,0.6346008,136602,1,0,1,5,,,,,91540,19.26,22.64,27.74,27.4,79.86,35.0,17.56,1.1716964,29.0,16.6,0.98430055,29.0,19.17,1.097602,32.0,19.73,1.4766899,28.0,18.1475,2.995732273553991,-0.5877866649021191,-0.4054651081081646,-0.4054651081081646,-0.5007752879124894,11,22.0,25.0,24.0,20.0
2020-03-22,202013,22.0,22,22,22,0.17865196,16.10518,0,2,317070120201319589,2023-08-20,Varginha,0.77255756,136602,1,0,2,7,,,,,91540,15.81,20.8,26.33,0.1,66.43,19.0,19.26,0.6346008,35.0,17.56,1.1716964,29.0,16.6,0.98430055,29.0,19.17,1.097602,26.25,17.3075,3.1354942159291497,0.13976194237515882,-0.44802472252696024,-0.2657031657330058,-0.2657031657330058,12,25.0,24.0,20.0,25.0
2020-03-29,202014,25.0,25,25,25,0.53312165,18.301342,0,4,317070120201419589,2023-08-20,Varginha,1.023726,136602,1,0,2,11,,,,,91540,18.76,22.67,27.87,9.1,76.29,22.0,15.81,0.77255756,19.0,19.26,0.6346008,35.0,17.56,1.1716964,29.0,16.6,0.98430055,25.25,17.847500000000004,3.258096538021482,0.12260232209233246,0.2623642644674913,-0.3254224004346278,-0.14310084364067333,13,24.0,20.0,25.0,16.0
2020-04-05,202015,24.0,24,24,24,0.5736844,17.569288,0,4,317070120201519589,2023-08-20,Varginha,1.0553458,136602,1,0,2,7,,,,,91540,17.43,21.46,26.97,12.1,75.57,25.0,18.76,1.023726,22.0,15.81,0.77255756,19.0,19.26,0.6346008,35.0,17.56,1.1716964,22.5,17.815,3.2188758248682006,-0.03922071315328157,0.08338160893905089,0.2231435513142097,-0.36464311358790935,14,20.0,25.0,16.0,31.0
2020-04-12,202016,20.0,20,20,20,0.30265352,14.641074,0,4,317070120201619589,2023-08-20,Varginha,0.8558384,136602,0,0,1,6,,,,,91540,16.67,20.41,25.56,4.7,75.86,24.0,17.43,1.0553458,25.0,18.76,1.023726,22.0,15.81,0.77255756,19.0,19.26,0.6346008,22.75,17.1675,3.044522437723423,-0.17435338714477755,-0.21357410029805912,-0.09097177820572666,0.04879016416943216,15,25.0,16.0,31.0,21.0
2020-04-19,202017,25.0,25,25,25,0.6094537,18.301342,0,1,317070120201719589,2023-08-20,Varginha,1.082729,136602,1,0,2,4,,,,,91540,15.03,20.03,26.03,0.1,67.86,20.0,16.67,0.8558384,24.0,17.43,1.0553458,25.0,18.76,1.023726,22.0,15.81,0.77255756,23.5,16.9725,3.258096538021482,0.21357410029805912,0.03922071315328157,0.0,0.12260232209233246,16,16.0,31.0,21.0,11.0
2020-04-26,202018,16.0,16,16,16,0.15652548,11.712859,0,1,317070120201819589,2023-08-20,Varginha,0.7223758,136602,0,0,1,5,,,,,91540,12.93,19.3,26.46,0.0,63.71,25.0,15.03,1.082729,20.0,16.67,0.8558384,24.0,17.43,1.0553458,25.0,18.76,1.023726,21.25,15.515,2.833213344056216,-0.42488319396526597,-0.21130909366720685,-0.3856624808119844,-0.42488319396526597,17,31.0,21.0,11.0,15.0
2020-05-03,202019,31.0,31,31,31,0.90050745,22.693665,0,1,317070120201919589,2023-08-20,Varginha,1.4241235,136602,0,0,2,9,,,,,91540,13.56,18.61,24.39,3.1,67.57,16.0,12.93,0.7223758,25.0,15.03,1.082729,20.0,16.67,0.8558384,24.0,17.43,1.0553458,23.0,14.5475,3.4657359027997265,0.6325225587435104,0.2076393647782444,0.42121346507630353,0.24686007793152598,18,21.0,11.0,15.0,9.0
2020-05-10,202020,21.0,21,21,21,0.42349517,15.373128,0,1,317070120202019589,2023-08-20,Varginha,0.94353145,136602,0,0,1,6,,,,,91540,12.56,17.83,23.9,2.1,71.71,31.0,13.56,1.4241235,16.0,12.93,0.7223758,25.0,15.03,1.082729,20.0,16.67,0.8558384,23.25,13.52,3.091042453358316,-0.3746934494414105,0.2578291093020999,-0.16705408466316607,0.04652001563489305,19,11.0,15.0,9.0,10.0
2020-05-17,202021,11.0,11,11,11,0.015412856,8.05259,0,1,317070120202119589,2023-08-20,Varginha,0.47097734,136602,0,0,1,1,,,,,91540,14.34,19.06,24.96,6.1,68.43,21.0,12.56,0.94353145,31.0,13.56,1.4241235,16.0,12.93,0.7223758,25.0,15.03,1.082729,19.75,13.3475,2.4849066497880004,-0.6061358035703157,-0.9808292530117262,-0.3483066942682158,-0.7731898882334818,20,15.0,9.0,10.0,17.0
2020-05-24,202022,15.0,15,15,15,0.18171108,10.980805,0,1,317070120202219589,2023-08-20,Varginha,0.7379062,136602,0,0,1,1,,,,,91540,7.9,14.01,21.46,28.5,72.29,11.0,14.34,0.47097734,21.0,12.56,0.94353145,31.0,13.56,1.4241235,16.0,12.93,0.7223758,19.5,12.09,2.772588722239781,0.2876820724517808,-0.3184537311185349,-0.6931471805599454,-0.06062462181643502,21,9.0,10.0,17.0,6.0
2020-05-31,202023,9.0,9,9,9,0.09437151,6.5884833,0,1,317070120202319589,2023-08-20,Varginha,0.58696026,136602,0,0,1,0,,,,,91540,12.26,17.4,23.83,0.0,74.71,15.0,7.9,0.7379062,11.0,14.34,0.47097734,21.0,12.56,0.94353145,31.0,13.56,1.4241235,14.0,11.764999999999999,2.302585092994046,-0.47000362924573524,-0.18232155679395445,-0.7884573603642702,-1.1631508098056806,22,10.0,17.0,6.0,7.0
2020-06-07,202024,10.0,10,10,10,0.28595352,7.320537,0,1,317070120202419589,2023-08-20,Varginha,0.79133743,136602,1,0,1,1,,,,,91540,14.3,19.59,26.2,2.8,76.43,9.0,12.26,0.58696026,15.0,7.9,0.7379062,11.0,14.34,0.47097734,21.0,12.56,0.94353145,11.25,12.200000000000001,2.3978952727983707,0.09531017980432477,-0.3746934494414105,-0.08701137698962969,-0.6931471805599454,23,17.0,6.0,7.0,10.0
2020-06-14,202025,17.0,17,17,17,0.86484253,12.444913,0,1,317070120202519589,2023-08-20,Varginha,1.5112808,136602,0,0,1,0,,,,,91540,12.74,17.84,24.13,0.0,72.29,10.0,14.3,0.79133743,9.0,12.26,0.58696026,15.0,7.9,0.7379062,11.0,14.34,0.47097734,12.75,11.8,2.8903717578961645,0.49247648509779385,0.5877866649021186,0.11778303565638337,0.40546510810816416,24,6.0,7.0,10.0,11.0
2020-06-21,202026,6.0,6,6,6,0.08814336,4.392322,0,1,317070120202619589,2023-08-20,Varginha,0.52328265,136602,0,0,1,1,,,,,91540,11.81,17.83,24.6,0.4,68.57,17.0,12.74,1.5112808,10.0,14.3,0.79133743,9.0,12.26,0.58696026,15.0,7.9,0.7379062,10.5,12.7775,1.9459101490553132,-0.9444616088408513,-0.45198512374305744,-0.35667494393873267,-0.8266785731844679,25,7.0,10.0,11.0,9.0
2020-06-28,202027,7.0,7,7,7,0.13695608,5.124376,0,1,317070120202719589,2023-08-20,Varginha,0.6042094,136602,0,0,1,0,,,,,91540,11.87,16.73,22.89,0.0,67.43,6.0,11.81,0.52328265,17.0,12.74,1.5112808,10.0,14.3,0.79133743,9.0,12.26,0.58696026,10.0,12.68,2.0794415416798357,0.13353139262452252,-0.8109302162163288,-0.3184537311185349,-0.22314355131421015,26,10.0,11.0,9.0,9.0
2020-07-05,202028,10.0,10,10,10,0.5625657,7.320537,0,1,317070120202819589,2023-08-20,Varginha,1.0726528,136602,0,0,1,1,,,,,91540,12.57,18.47,25.53,0.0,67.57,7.0,11.87,0.6042094,6.0,11.81,0.52328265,17.0,12.74,1.5112808,10.0,14.3,0.79133743,10.0,12.247499999999999,2.3978952727983707,0.3184537311185349,0.45198512374305744,-0.49247648509779385,0.0,27,11.0,9.0,9.0,9.0
2020-07-12,202029,11.0,11,11,11,0.74182206,8.05259,0,1,317070120202919589,2023-08-20,Varginha,1.3379683,136602,0,0,1,0,,,,,91540,13.37,18.6,25.2,0.0,68.86,10.0,12.57,1.0726528,7.0,11.87,0.6042094,6.0,11.81,0.52328265,17.0,12.74,1.5112808,8.5,12.405000000000001,2.4849066497880004,0.08701137698962969,0.4054651081081646,0.5389965007326871,-0.40546510810816416,28,9.0,9.0,9.0,8.0
2020-07-19,202030,9.0,9,9,9,0.4778832,6.5884833,0,1,317070120203019589,2023-08-20,Varginha,0.9749277,136602,0,0,1,0,,,,,91540,11.33,17.73,25.33,0.0,65.0,11.0,13.37,1.3379683,10.0,12.57,1.0726528,7.0,11.87,0.6042094,6.0,11.81,0.52328265,9.25,12.285,2.302585092994046,-0.18232155679395445,-0.09531017980432477,0.22314355131421015,0.35667494393873267,29,9.0,9.0,8.0,7.0
2020-07-26,202031,9.0,9,9,9,0.41809276,6.5884833,0,1,317070120203119589,2023-08-20,Varginha,0.9110653,136602,0,0,1,1,,,,,91540,14.26,19.26,25.33,0.3,61.14,9.0,11.33,0.9749277,11.0,13.37,1.3379683,10.0,12.57,1.0726528,7.0,11.87,0.6042094,9.75,12.882499999999999,2.302585092994046,0.0,-0.18232155679395445,-0.09531017980432477,0.22314355131421015,30,9.0,8.0,7.0,5.0
2020-08-02,202032,9.0,9,9,9,0.4538255,6.5884833,0,1,317070120203219589,2023-08-20,Varginha,0.9486091,136602,0,0,1,0,,,,,91540,9.71,16.84,24.47,0.0,54.86,9.0,14.26,0.9110653,9.0,11.33,0.9749277,11.0,13.37,1.3379683,10.0,12.57,1.0726528,9.5,12.167499999999999,2.302585092994046,0.0,0.0,-0.18232155679395445,-0.09531017980432477,31,8.0,7.0,5.0,4.0
2020-08-09,202033,8.0,8,8,8,0.40022138,5.8564296,0,1,317070120203319589,2023-08-20,Varginha,0.88720846,136602,1,0,1,0,,,,,91540,12.91,19.57,26.71,0.0,56.57,9.0,9.71,0.9486091,9.0,14.26,0.9110653,9.0,11.33,0.9749277,11.0,13.37,1.3379683,8.75,12.0525,2.1972245773362196,-0.10536051565782634,-0.10536051565782634,-0.10536051565782634,-0.2876820724517808,32,7.0,5.0,4.0,7.0
2020-08-16,202034,7.0,7,7,7,0.3368926,5.124376,0,1,317070120203419589,2023-08-20,Varginha,0.8122593,136602,0,0,1,1,,,,,91540,15.39,19.46,24.31,13.3,67.57,8.0,12.91,0.88720846,9.0,9.71,0.9486091,9.0,14.26,0.9110653,9.0,11.33,0.9749277,8.25,13.0675,2.0794415416798357,-0.11778303565638382,-0.22314355131421015,-0.22314355131421015,-0.22314355131421015,33,5.0,4.0,7.0,3.0
2020-08-23,202035,5.0,5,5,5,0.20382635,3.6602685,0,1,317070120203519589,2023-08-20,Varginha,0.63610667,136602,0,0,0,0,,,,,91540,9.69,17.5,25.64,0.0,57.86,7.0,15.39,0.8122593,8.0,12.91,0.88720846,9.0,9.71,0.9486091,9.0,14.26,0.9110653,7.25,11.925,1.791759469228055,-0.2876820724517808,-0.4054651081081646,-0.5108256237659909,-0.5108256237659909,34,4.0,7.0,3.0,4.0
2020-08-30,202036,4.0,4,4,4,0.19525094,2.9282148,0,1,317070120203619589,2023-08-20,Varginha,0.5986944,136602,1,0,0,0,,,,,91540,14.7,22.0,29.71,0.0,49.43,5.0,9.69,0.63610667,7.0,15.39,0.8122593,8.0,12.91,0.88720846,9.0,9.71,0.9486091,6.0,13.1725,1.6094379124341003,-0.18232155679395468,-0.47000362924573547,-0.5877866649021193,-0.6931471805599456,35,7.0,3.0,4.0,1.0
2020-09-06,202037,7.0,7,7,7,0.668964,5.124376,0,1,317070120203719589,2023-08-20,Varginha,1.2710267,136602,1,0,1,0,,,,,91540,15.41,23.96,32.13,0.0,39.0,4.0,14.7,0.5986944,5.0,9.69,0.63610667,7.0,15.39,0.8122593,8.0,12.91,0.88720846,5.75,13.7975,2.0794415416798357,0.47000362924573547,0.2876820724517808,0.0,-0.11778303565638382,36,3.0,4.0,1.0,7.0
2020-09-13,202038,3.0,3,3,3,0.21918228,2.196161,0,2,317070120203819589,2023-08-20,Varginha,0.59101653,136602,1,0,0,0,,,,,91540,16.73,23.7,30.9,0.3,44.0,7.0,15.41,1.2710267,4.0,14.7,0.5986944,5.0,9.69,0.63610667,7.0,15.39,0.8122593,4.75,14.1325,1.3862943611198906,-0.6931471805599452,-0.2231435513142097,-0.4054651081081644,-0.6931471805599452,37,4.0,1.0,7.0,8.0
2020-09-20,202039,4.0,4,4,4,0.36273584,2.9282148,0,2,317070120203919589,2023-08-20,Varginha,0.79929394,136602,1,0,0,0,,,,,91540,15.86,20.34,25.71,29.6,66.86,3.0,16.73,0.59101653,7.0,15.41,1.2710267,4.0,14.7,0.5986944,5.0,9.69,0.63610667,4.5,15.675,1.6094379124341003,0.2231435513142097,-0.47000362924573547,0.0,-0.18232155679395468,38,1.0,7.0,8.0,6.0
2020-09-27,202040,1.0,1,1,1,0.056266982,0.7320537,0,2,317070120204019589,2023-08-20,Varginha,0.24087286,136602,1,0,0,0,,,,,91540,19.5,27.16,35.17,0.0,41.43,4.0,15.86,0.79929394,3.0,16.73,0.59101653,7.0,15.41,1.2710267,4.0,14.7,0.5986944,3.75,16.875,0.6931471805599453,-0.916290731874155,-0.6931471805599453,-1.3862943611198904,-0.916290731874155,39,7.0,8.0,6.0,6.0
2020-10-04,202041,7.0,7,7,7,0.8852661,5.124376,0,2,317070120204119589,2023-08-20,Varginha,2.0971065,136602,1,0,1,0,,,,,91540,20.59,26.06,32.99,3.2,53.86,1.0,19.5,0.24087286,4.0,15.86,0.79929394,3.0,16.73,0.59101653,7.0,15.41,1.2710267,3.75,18.17,2.0794415416798357,1.3862943611198904,0.47000362924573547,0.6931471805599452,0.0,40,8.0,6.0,6.0,5.0
2020-10-11,202042,8.0,8,8,8,0.9076515,5.8564296,0,2,317070120204219589,2023-08-20,Varginha,2.1703234,136602,1,0,1,0,,,,,91540,17.4,21.81,28.03,7.9,65.0,7.0,20.59,2.0971065,1.0,19.5,0.24087286,4.0,15.86,0.79929394,3.0,16.73,0.59101653,5.0,18.3375,2.1972245773362196,0.11778303565638382,1.5040773967762742,0.5877866649021193,0.810930216216329,41,6.0,6.0,5.0,6.0
2020-10-18,202043,6.0,6,6,6,0.55776006,4.392322,0,2,317070120204319589,2023-08-20,Varginha,1.086075,136602,1,0,1,0,,,,,91540,17.13,20.76,25.31,13.1,69.86,8.0,17.4,2.1703234,7.0,20.59,2.0971065,1.0,19.5,0.24087286,4.0,15.86,0.79929394,5.5,18.654999999999998,1.9459101490553132,-0.25131442828090633,-0.13353139262452252,1.252762968495368,0.33647223662121295,42,6.0,5.0,6.0,19.0
2020-10-25,202044,6.0,6,6,6,0.4158856,4.392322,0,2,317070120204419589,2023-08-20,Varginha,0.8911023,136602,1,0,1,2,,,,,91540,17.07,22.7,28.99,24.6,64.86,6.0,17.13,1.086075,8.0,17.4,2.1703234,7.0,20.59,2.0971065,1.0,19.5,0.24087286,6.75,18.0475,1.9459101490553132,0.0,-0.25131442828090633,-0.13353139262452252,1.252762968495368,43,5.0,6.0,19.0,4.0
2020-11-01,202045,5.0,5,5,5,0.32973507,3.6602685,0,1,317070120204519589,2023-08-20,Varginha,0.7771086,136602,0,0,0,0,,,,,91540,14.44,20.63,27.53,15.3,60.57,6.0,17.07,0.8911023,6.0,17.13,1.086075,8.0,17.4,2.1703234,7.0,20.59,2.0971065,6.25,16.509999999999998,1.791759469228055,-0.15415067982725827,-0.15415067982725827,-0.4054651081081646,-0.2876820724517808,44,6.0,19.0,4.0,7.0
2020-11-08,202046,6.0,6,6,6,0.5189264,4.392322,0,1,317070120204619589,2023-08-20,Varginha,1.0269809,136602,1,0,1,0,,,,,91540,18.7,22.76,28.64,64.7,73.71,5.0,14.44,0.7771086,6.0,17.07,0.8911023,6.0,17.13,1.086075,8.0,17.4,2.1703234,5.75,16.835,1.9459101490553132,0.15415067982725827,0.0,0.0,-0.25131442828090633,45,19.0,4.0,7.0,15.0
2020-11-15,202047,19.0,19,19,19,0.9958028,13.90902,0,1,317070120204719589,2023-08-20,Varginha,3.0232983,136602,1,1,1,1,,,,,91540,17.91,22.21,28.09,41.1,73.43,6.0,18.7,1.0269809,5.0,14.44,0.7771086,6.0,17.07,0.8911023,6.0,17.13,1.086075,9.0,17.03,2.995732273553991,1.0498221244986776,1.203972804325936,1.0498221244986776,1.0498221244986776,46,4.0,7.0,15.0,10.0
2020-11-22,202048,4.0,4,4,4,0.08096119,2.9282148,0,2,317070120204819589,2023-08-20,Varginha,0.45617667,136602,1,0,0,0,,,,,91540,17.9,23.06,28.83,2.6,62.43,19.0,17.91,3.0232983,6.0,18.7,1.0269809,5.0,14.44,0.7771086,6.0,17.07,0.8911023,8.5,17.237499999999997,1.6094379124341003,-1.3862943611198906,-0.33647223662121295,-0.18232155679395468,-0.33647223662121295,47,7.0,15.0,10.0,9.0
2020-11-29,202049,7.0,7,7,7,0.18440433,5.124376,0,2,317070120204919589,2023-08-20,Varginha,0.65574336,136602,1,0,1,0,,,,,91540,18.7,23.21,29.3,44.6,73.29,4.0,17.9,0.45617667,19.0,17.91,3.0232983,6.0,18.7,1.0269809,5.0,14.44,0.7771086,9.0,18.3025,2.0794415416798357,0.47000362924573547,-0.9162907318741551,0.13353139262452252,0.2876820724517808,48,15.0,10.0,9.0,13.0
2020-12-06,202050,15.0,15,15,15,0.89306647,10.980805,0,2,317070120205019589,2023-08-20,Varginha,1.6585968,136602,1,0,1,0,,,,,91540,19.01,21.89,26.41,71.3,81.57,7.0,18.7,0.65574336,4.0,17.9,0.45617667,19.0,17.91,3.0232983,6.0,18.7,1.0269809,11.25,18.38,2.772588722239781,0.6931471805599454,1.1631508098056809,-0.2231435513142097,0.8266785731844679,49,10.0,9.0,13.0,9.0
2020-12-13,202051,10.0,10,10,10,0.5943221,7.320537,0,2,317070120205119589,2023-08-20,Varginha,1.113208,136602,1,0,1,1,,,,,91540,19.27,23.66,29.73,33.1,76.0,15.0,19.01,1.6585968,7.0,18.7,0.65574336,4.0,17.9,0.45617667,19.0,17.91,3.0232983,9.0,18.72,2.3978952727983707,-0.3746934494414105,0.3184537311185349,0.7884573603642704,-0.5978370007556202,50,9.0,13.0,9.0,8.0
2020-12-20,202052,9.0,9,9,9,0.33288422,6.5884833,0,2,317070120205219589,2023-08-20,Varginha,0.82686126,136602,1,0,1,0,,,,,91540,19.13,22.27,26.71,47.7,78.14,10.0,19.27,1.113208,15.0,19.01,1.6585968,7.0,18.7,0.65574336,4.0,17.9,0.45617667,10.25,19.0275,2.302585092994046,-0.09531017980432477,-0.47000362924573524,0.22314355131421015,0.6931471805599456,51,13.0,9.0,8.0,8.0
2020-12-27,202053,13.0,13,13,13,0.6693574,9.516698,0,2,317070120205319589,2023-08-20,Varginha,1.1930088,136602,1,0,1,0,,,,,91540,18.66,21.83,26.47,59.8,81.86,9.0,19.13,0.82686126,10.0,19.27,1.113208,15.0,19.01,1.6585968,7.0,18.7,0.65574336,11.75,19.0175,2.6390573296152584,0.3364722366212125,0.24116205681688774,-0.13353139262452274,0.5596157879354227,52,9.0,8.0,8.0,15.0
2021-01-03,202101,9.0,9,9,9,0.64693505,6.5884833,0,2,317070120210119684,2023-11-23,Varginha,1.1987923,136602,1,0,0,0,,,,,91540,18.96,22.76,28.13,40.6,78.86,13.0,18.66,1.1930088,9.0,19.13,0.82686126,10.0,19.27,1.113208,15.0,19.01,1.6585968,10.25,19.005,2.302585092994046,-0.3364722366212125,0.0,-0.09531017980432477,-0.47000362924573524,53,8.0,8.0,15.0,13.0
2021-01-10,202102,8.0,8,8,8,0.6568969,5.8564296,0,2,317070120210219684,2023-11-23,Varginha,1.2295285,136602,1,0,0,1,,,,,91540,20.07,23.0,27.43,72.7,80.0,9.0,18.96,1.1987923,13.0,18.66,1.1930088,9.0,19.13,0.82686126,10.0,19.27,1.113208,9.75,19.205,2.1972245773362196,-0.10536051565782634,-0.44183275227903884,-0.10536051565782634,-0.2006706954621511,1,8.0,15.0,13.0,9.0
2021-01-17,202103,8.0,8,8,8,0.56766665,5.8564296,0,2,317070120210319684,2023-11-23,Varginha,1.0883865,136602,1,0,0,0,,,,,91540,19.27,24.2,29.27,2.5,63.57,8.0,20.07,1.2295285,9.0,18.96,1.1987923,13.0,18.66,1.1930088,9.0,19.13,0.82686126,9.5,19.240000000000002,2.1972245773362196,0.0,-0.10536051565782634,-0.44183275227903884,-0.10536051565782634,2,15.0,13.0,9.0,7.0
2021-01-24,202104,15.0,15,15,15,0.9204876,10.980805,0,2,317070120210419684,2023-11-23,Varginha,1.7935606,136602,1,0,1,0,,,,,91540,19.03,24.6,30.29,0.0,61.0,8.0,19.27,1.0883865,8.0,20.07,1.2295285,9.0,18.96,1.1987923,13.0,18.66,1.1930088,10.0,19.3325,2.772588722239781,0.5753641449035616,0.5753641449035616,0.47000362924573524,0.13353139262452274,3,13.0,9.0,7.0,7.0
2021-01-31,202105,13.0,13,13,13,0.7409794,9.516698,0,2,317070120210519684,2023-11-23,Varginha,1.3047826,136602,1,0,1,0,,,,,91540,19.29,23.3,28.94,75.4,76.29,15.0,19.03,1.7935606,8.0,19.27,1.0883865,8.0,20.07,1.2295285,9.0,18.96,1.1987923,11.0,19.415,2.6390573296152584,-0.13353139262452274,0.44183275227903884,0.44183275227903884,0.3364722366212125,4,9.0,7.0,7.0,14.0
2021-02-07,202106,9.0,9,9,9,0.2501533,6.5884833,0,2,317070120210619684,2023-11-23,Varginha,0.74851555,136602,1,0,0,0,,,,,91540,17.91,21.09,25.51,41.2,78.71,13.0,19.29,1.3047826,15.0,19.03,1.7935606,8.0,19.27,1.0883865,8.0,20.07,1.2295285,11.25,18.875,2.302585092994046,-0.3364722366212125,-0.47000362924573524,0.10536051565782634,0.10536051565782634,5,7.0,7.0,14.0,20.0
2021-02-14,202107,7.0,7,7,7,0.12564106,5.124376,0,2,317070120210719684,2023-11-23,Varginha,0.5912124,136602,1,0,0,0,,,,,91540,18.94,23.16,29.09,17.6,76.14,9.0,17.91,0.74851555,13.0,19.29,1.3047826,15.0,19.03,1.7935606,8.0,19.27,1.0883865,11.0,18.7925,2.0794415416798357,-0.22314355131421015,-0.5596157879354227,-0.6931471805599454,-0.11778303565638382,6,7.0,14.0,20.0,9.0
2021-02-21,202108,7.0,7,7,7,0.25189087,5.124376,0,2,317070120210819684,2023-11-23,Varginha,0.7250704,136602,1,0,0,3,,,,,91540,18.37,22.07,27.0,38.6,77.0,7.0,18.94,0.5912124,9.0,17.91,0.74851555,13.0,19.29,1.3047826,15.0,19.03,1.7935606,9.0,18.6275,2.0794415416798357,0.0,-0.22314355131421015,-0.5596157879354227,-0.6931471805599454,7,14.0,20.0,9.0,15.0
2021-02-28,202109,14.0,14,14,14,0.8970658,10.248752,0,2,317070120210919684,2023-11-23,Varginha,1.7095177,136602,1,0,1,0,,,,,91540,18.03,22.17,27.23,16.9,74.29,7.0,18.37,0.7250704,7.0,18.94,0.5912124,9.0,17.91,0.74851555,13.0,19.29,1.3047826,9.25,18.3125,2.70805020110221,0.6286086594223743,0.6286086594223743,0.40546510810816416,0.06899287148695166,8,20.0,9.0,15.0,13.0
2021-03-07,202110,20.0,20,20,20,0.9763784,14.641074,0,2,317070120211019684,2023-11-23,Varginha,2.1054065,136602,1,1,1,1,,,,,91540,18.14,22.07,27.23,32.1,79.29,14.0,18.03,1.7095177,7.0,18.37,0.7250704,7.0,18.94,0.5912124,9.0,17.91,0.74851555,12.0,18.37,3.044522437723423,0.33647223662121295,0.9650808960435873,0.9650808960435873,0.7419373447293771,9,9.0,15.0,13.0,9.0
2021-03-14,202111,9.0,9,9,9,0.19036412,6.5884833,0,2,317070120211119684,2023-11-23,Varginha,0.69103694,136602,1,0,0,1,,,,,91540,18.6,22.77,27.93,20.1,73.43,20.0,18.14,2.1054065,14.0,18.03,1.7095177,7.0,18.37,0.7250704,7.0,18.94,0.5912124,12.5,18.285000000000004,2.302585092994046,-0.7419373447293771,-0.40546510810816416,0.22314355131421015,0.22314355131421015,10,15.0,13.0,9.0,3.0
2021-03-21,202112,15.0,15,15,15,0.5174796,10.980805,0,2,317070120211219684,2023-11-23,Varginha,1.0159696,136602,1,0,1,1,,,,,91540,18.09,23.63,29.5,1.1,70.14,9.0,18.6,0.69103694,20.0,18.14,2.1054065,14.0,18.03,1.7095177,7.0,18.37,0.7250704,14.5,18.215,2.772588722239781,0.47000362924573524,-0.27193371548364187,0.06453852113757108,0.6931471805599454,11,13.0,9.0,3.0,9.0
2021-03-28,202113,13.0,13,13,13,0.4568866,9.516698,0,2,317070120211319684,2023-11-23,Varginha,0.9594673,136602,1,0,1,0,,,,,91540,16.36,21.87,28.49,6.4,72.14,15.0,18.09,1.0159696,9.0,18.6,0.69103694,20.0,18.14,2.1054065,14.0,18.03,1.7095177,14.25,17.7975,2.6390573296152584,-0.13353139262452274,0.3364722366212125,-0.4054651081081646,-0.06899287148695166,12,9.0,3.0,9.0,5.0
2021-04-04,202114,9.0,9,9,9,0.19513203,6.5884833,0,2,317070120211419684,2023-11-23,Varginha,0.6957209,136602,1,0,0,0,,,,,91540,15.46,20.37,25.93,1.7,69.57,13.0,16.36,0.9594673,15.0,18.09,1.0159696,9.0,18.6,0.69103694,20.0,18.14,2.1054065,11.5,17.1275,2.302585092994046,-0.3364722366212125,-0.47000362924573524,0.0,-0.7419373447293771,13,3.0,9.0,5.0,9.0
2021-04-11,202115,3.0,3,3,3,0.007507646,2.196161,0,2,317070120211519684,2023-11-23,Varginha,0.25571176,136602,1,0,0,0,,,,,91540,14.53,20.3,26.9,0.0,64.57,9.0,15.46,0.6957209,13.0,16.36,0.9594673,15.0,18.09,1.0159696,9.0,18.6,0.69103694,10.0,16.11,1.3862943611198906,-0.9162907318741553,-1.2527629684953678,-1.3862943611198906,-0.9162907318741553,14,9.0,5.0,9.0,2.0
2021-04-18,202116,9.0,9,9,9,0.5193176,6.5884833,0,1,317070120211619684,2023-11-23,Varginha,1.0226831,136602,0,0,0,1,,,,,91540,13.5,19.4,25.83,4.7,68.43,3.0,14.53,0.25571176,9.0,15.46,0.6957209,13.0,16.36,0.9594673,15.0,18.09,1.0159696,8.5,14.962499999999999,2.302585092994046,0.9162907318741553,0.0,-0.3364722366212125,-0.47000362924573524,15,5.0,9.0,2.0,8.0
2021-04-25,202117,5.0,5,5,5,0.31359786,3.6602685,0,1,317070120211719684,2023-11-23,Varginha,0.7585125,136602,1,0,0,1,,,,,91540,14.97,20.13,26.46,0.9,64.14,9.0,13.5,1.0226831,3.0,14.53,0.25571176,9.0,15.46,0.6957209,13.0,16.36,0.9594673,6.5,14.614999999999998,1.791759469228055,-0.5108256237659909,0.4054651081081644,-0.5108256237659909,-0.8472978603872034,16,9.0,2.0,8.0,8.0
2021-05-02,202118,9.0,9,9,9,0.7381243,6.5884833,0,1,317070120211819684,2023-11-23,Varginha,1.3724285,136602,0,0,0,0,,,,,91540,13.09,19.33,26.37,0.0,63.29,5.0,14.97,0.7585125,9.0,13.5,1.0226831,3.0,14.53,0.25571176,9.0,15.46,0.6957209,6.5,14.0225,2.302585092994046,0.5108256237659909,0.0,0.9162907318741553,0.0,17,2.0,8.0,8.0,8.0
2021-05-09,202119,2.0,2,2,2,0.042773966,1.4641074,0,1,317070120211919684,2023-11-23,Varginha,0.30021968,136602,0,0,0,1,,,,,91540,13.47,18.19,23.79,2.0,70.71,9.0,13.09,1.3724285,5.0,14.97,0.7585125,9.0,13.5,1.0226831,3.0,14.53,0.25571176,6.25,13.7575,1.0986122886681098,-1.2039728043259361,-0.6931471805599452,-1.2039728043259361,-0.2876820724517808,18,8.0,8.0,8.0,1.0
2021-05-16,202120,8.0,8,8,8,0.68717587,5.8564296,0,1,317070120212019684,2023-11-23,Varginha,1.2868685,136602,0,0,0,0,,,,,91540,12.29,18.29,25.41,2.1,67.57,2.0,13.47,0.30021968,9.0,13.09,1.3724285,5.0,14.97,0.7585125,9.0,13.5,1.0226831,6.0,13.455,2.1972245773362196,1.0986122886681098,-0.10536051565782634,0.4054651081081646,-0.10536051565782634,19,8.0,8.0,1.0,2.0
2021-05-23,202121,8.0,8,8,8,0.74430627,5.8564296,0,1,317070120212119684,2023-11-23,Varginha,1.4150349,136602,0,0,0,0,,,,,91540,13.37,19.3,25.76,1.4,68.0,8.0,12.29,1.2868685,2.0,13.47,0.30021968,9.0,13.09,1.3724285,5.0,14.97,0.7585125,6.75,13.055,2.1972245773362196,0.0,1.0986122886681098,-0.10536051565782634,0.4054651081081646,20,8.0,1.0,2.0,4.0
2021-05-30,202122,8.0,8,8,8,0.6520686,5.8564296,0,1,317070120212219684,2023-11-23,Varginha,1.2209154,136602,0,0,0,0,,,,,91540,13.86,18.4,24.54,15.1,78.57,8.0,13.37,1.4150349,8.0,12.29,1.2868685,2.0,13.47,0.30021968,9.0,13.09,1.3724285,6.5,13.247499999999999,2.1972245773362196,0.0,0.0,1.0986122886681098,-0.10536051565782634,21,1.0,2.0,4.0,3.0
2021-06-06,202123,1.0,1,1,1,0.0064987955,0.7320537,0,1,317070120212319684,2023-11-23,Varginha,0.13763465,136602,0,0,0,0,,,,,91540,14.01,18.17,23.47,10.2,79.29,8.0,13.86,1.2209154,8.0,13.37,1.4150349,8.0,12.29,1.2868685,2.0,13.47,0.30021968,6.25,13.3825,0.6931471805599453,-1.5040773967762742,-1.5040773967762742,-1.5040773967762742,-0.4054651081081645,22,2.0,4.0,3.0,5.0
2021-06-13,202124,2.0,2,2,2,0.06543043,1.4641074,0,1,317070120212419684,2023-11-23,Varginha,0.33788007,136602,0,0,0,0,,,,,91540,10.4,15.8,22.39,0.0,74.29,1.0,14.01,0.13763465,8.0,13.86,1.2209154,8.0,13.37,1.4150349,8.0,12.29,1.2868685,4.75,12.91,1.0986122886681098,0.4054651081081645,-1.0986122886681098,-1.0986122886681098,-1.0986122886681098,23,4.0,3.0,5.0,10.0
2021-06-20,202125,4.0,4,4,4,0.5762383,2.9282148,0,1,317070120212519684,2023-11-23,Varginha,1.1421142,136602,0,0,0,1,,,,,91540,12.16,17.16,23.3,0.4,73.29,2.0,10.4,0.33788007,1.0,14.01,0.13763465,8.0,13.86,1.2209154,8.0,13.37,1.4150349,3.75,12.607499999999998,1.6094379124341003,0.5108256237659905,0.916290731874155,-0.5877866649021193,-0.5877866649021193,24,3.0,5.0,10.0,7.0
2021-06-27,202126,3.0,3,3,3,0.5652397,2.196161,0,1,317070120212619684,2023-11-23,Varginha,1.137153,136602,0,0,0,0,,,,,91540,8.2,14.57,22.0,0.0,67.0,4.0,12.16,1.1421142,2.0,10.4,0.33788007,1.0,14.01,0.13763465,8.0,13.86,1.2209154,2.5,11.192499999999999,1.3862943611198906,-0.2231435513142097,0.2876820724517808,0.6931471805599453,-0.810930216216329,25,5.0,10.0,7.0,4.0
2021-07-04,202127,5.0,5,5,5,0.7515077,3.6602685,0,1,317070120212719684,2023-11-23,Varginha,1.5792271,136602,0,0,0,0,,,,,91540,8.71,14.89,21.99,0.0,63.57,3.0,8.2,1.137153,4.0,12.16,1.1421142,2.0,10.4,0.33788007,1.0,14.01,0.13763465,3.5,9.8675,1.791759469228055,0.4054651081081644,0.18232155679395468,0.6931471805599452,1.0986122886681096,26,10.0,7.0,4.0,4.0
2021-07-11,202128,10.0,10,10,10,0.9528749,7.320537,0,1,317070120212819684,2023-11-23,Varginha,2.4826405,136602,0,0,0,0,,,,,91540,9.71,16.94,24.89,0.0,61.14,5.0,8.71,1.5792271,3.0,8.2,1.137153,4.0,12.16,1.1421142,2.0,10.4,0.33788007,5.5,9.695,2.3978952727983707,0.6061358035703157,1.01160091167848,0.7884573603642704,1.2992829841302609,27,7.0,4.0,4.0,11.0
2021-07-18,202129,7.0,7,7,7,0.64213717,5.124376,0,1,317070120212919684,2023-11-23,Varginha,1.218824,136602,0,0,0,0,,,,,91540,8.29,15.3,23.89,0.0,56.29,10.0,9.71,2.4826405,5.0,8.71,1.5792271,3.0,8.2,1.137153,4.0,12.16,1.1421142,6.25,8.7275,2.0794415416798357,-0.3184537311185349,0.2876820724517808,0.6931471805599452,0.47000362924573547,28,4.0,4.0,11.0,1.0
2021-07-25,202130,4.0,4,4,4,0.15275326,2.9282148,0,1,317070120213019684,2023-11-23,Varginha,0.54877174,136602,0,0,0,0,,,,,91540,8.03,14.89,22.73,0.2,56.29,7.0,8.29,1.218824,10.0,9.71,2.4826405,5.0,8.71,1.5792271,3.0,8.2,1.137153,6.5,8.685,1.6094379124341003,-0.47000362924573547,-0.7884573603642704,-0.18232155679395468,0.2231435513142097,29,4.0,11.0,1.0,9.0
2021-08-01,202131,4.0,4,4,4,0.19534881,2.9282148,0,1,317070120213119684,2023-11-23,Varginha,0.5988079,136602,0,0,0,0,,,,,91540,10.69,16.46,22.99,0.0,61.0,4.0,8.03,0.54877174,7.0,8.29,1.218824,10.0,9.71,2.4826405,5.0,8.71,1.5792271,6.25,9.18,1.6094379124341003,0.0,-0.47000362924573547,-0.7884573603642704,-0.18232155679395468,30,11.0,1.0,9.0,5.0
2021-08-08,202132,11.0,11,11,11,0.9237082,8.05259,0,1,317070120213219684,2023-11-23,Varginha,2.0318356,136602,0,0,0,0,,,,,91540,12.11,18.86,25.8,0.0,58.71,4.0,10.69,0.5988079,4.0,8.03,0.54877174,7.0,8.29,1.218824,10.0,9.71,2.4826405,6.5,9.78,2.4849066497880004,0.8754687373539001,0.8754687373539001,0.4054651081081646,0.08701137698962969,31,1.0,9.0,5.0,4.0
2021-08-15,202133,1.0,1,1,1,0.019206656,0.7320537,0,1,317070120213319684,2023-11-23,Varginha,0.17536938,136602,0,0,0,0,,,,,91540,13.03,20.23,27.99,0.0,57.86,11.0,12.11,2.0318356,4.0,10.69,0.5988079,4.0,8.03,0.54877174,7.0,8.29,1.218824,5.0,10.965,0.6931471805599453,-1.791759469228055,-0.916290731874155,-0.916290731874155,-1.3862943611198904,32,9.0,5.0,4.0,3.0
2021-08-22,202134,9.0,9,9,9,0.7587015,6.5884833,0,1,317070120213419684,2023-11-23,Varginha,1.4212464,136602,1,0,0,0,,,,,91540,13.84,21.09,28.51,0.0,49.29,1.0,13.03,0.17536938,11.0,12.11,2.0318356,4.0,10.69,0.5988079,4.0,8.03,0.54877174,6.25,12.417499999999999,2.302585092994046,1.6094379124341005,-0.18232155679395445,0.6931471805599456,0.6931471805599456,33,5.0,4.0,3.0,5.0
2021-08-29,202135,5.0,5,5,5,0.4067874,3.6602685,0,1,317070120213519684,2023-11-23,Varginha,0.870632,136602,0,0,0,0,,,,,91540,14.13,20.17,26.44,0.6,56.57,9.0,13.84,1.4212464,1.0,13.03,0.17536938,11.0,12.11,2.0318356,4.0,10.69,0.5988079,6.5,13.2775,1.791759469228055,-0.5108256237659909,1.0986122886681096,-0.6931471805599454,0.18232155679395468,34,4.0,3.0,5.0,2.0
2021-09-05,202136,4.0,4,4,4,0.26648164,2.9282148,0,1,317070120213619684,2023-11-23,Varginha,0.6813796,136602,1,0,0,0,,,,,91540,17.74,24.23,31.76,5.2,52.14,5.0,14.13,0.870632,9.0,13.84,1.4212464,1.0,13.03,0.17536938,11.0,12.11,2.0318356,4.75,14.684999999999999,1.6094379124341003,-0.18232155679395468,-0.6931471805599456,0.916290731874155,-0.8754687373539001,35,3.0,5.0,2.0,5.0
2021-09-12,202137,3.0,3,3,3,0.18946457,2.196161,0,1,317070120213719684,2023-11-23,Varginha,0.5549814,136602,1,0,0,0,,,,,91540,18.2,24.41,31.5,0.3,53.0,4.0,17.74,0.6813796,5.0,14.13,0.870632,9.0,13.84,1.4212464,1.0,13.03,0.17536938,5.25,15.9775,1.3862943611198906,-0.2231435513142097,-0.4054651081081644,-0.9162907318741553,0.6931471805599453,36,5.0,2.0,5.0,1.0
2021-09-19,202138,5.0,5,5,5,0.5958709,3.6602685,0,2,317070120213819684,2023-11-23,Varginha,1.1646004,136602,1,0,0,0,,,,,91540,16.37,23.07,30.56,4.6,52.14,3.0,18.2,0.5549814,4.0,17.74,0.6813796,5.0,14.13,0.870632,9.0,13.84,1.4212464,4.25,16.61,1.791759469228055,0.4054651081081644,0.18232155679395468,0.0,-0.5108256237659909,37,2.0,5.0,1.0,6.0
2021-09-26,202139,2.0,2,2,2,0.2090121,1.4641074,0,2,317070120213919684,2023-11-23,Varginha,0.5273515,136602,1,0,0,0,,,,,91540,17.27,23.14,30.96,5.3,61.43,5.0,16.37,1.1646004,3.0,18.2,0.5549814,4.0,17.74,0.6813796,5.0,14.13,0.870632,3.5,17.395,1.0986122886681098,-0.6931471805599452,-0.2876820724517808,-0.5108256237659905,-0.6931471805599452,38,5.0,1.0,6.0,11.0
2021-10-03,202140,5.0,5,5,5,0.67661315,3.6602685,0,2,317070120214019684,2023-11-23,Varginha,1.3463122,136602,1,0,0,0,,,,,91540,18.0,21.91,27.77,28.3,75.14,2.0,17.27,0.5273515,5.0,16.37,1.1646004,3.0,18.2,0.5549814,4.0,17.74,0.6813796,3.75,17.46,1.791759469228055,0.6931471805599452,0.0,0.4054651081081644,0.18232155679395468,39,1.0,6.0,11.0,4.0
2021-10-10,202141,1.0,1,1,1,0.09138077,0.7320537,0,2,317070120214119684,2023-11-23,Varginha,0.28969002,136602,1,0,0,0,,,,,91540,16.5,20.19,25.1,62.8,77.29,5.0,18.0,1.3463122,2.0,17.27,0.5273515,5.0,16.37,1.1646004,3.0,18.2,0.5549814,3.25,17.035,0.6931471805599453,-1.0986122886681096,-0.4054651081081645,-1.0986122886681096,-0.6931471805599453,40,6.0,11.0,4.0,5.0
2021-10-17,202142,6.0,6,6,6,0.82195765,4.392322,0,1,317070120214219684,2023-11-23,Varginha,1.8026882,136602,0,0,0,0,,,,,91540,16.16,19.79,24.79,26.5,74.43,1.0,16.5,0.28969002,5.0,18.0,1.3463122,2.0,17.27,0.5273515,5.0,16.37,1.1646004,3.5,16.982499999999998,1.9459101490553132,1.252762968495368,0.15415067982725827,0.8472978603872034,0.15415067982725827,41,11.0,4.0,5.0,3.0
2021-10-24,202143,11.0,11,11,11,0.97605985,8.05259,0,1,317070120214319684,2023-11-23,Varginha,2.9061553,136602,1,0,0,0,,,,,91540,18.59,21.91,26.71,26.0,73.43,6.0,16.16,1.8026882,1.0,16.5,0.28969002,5.0,18.0,1.3463122,2.0,17.27,0.5273515,5.75,17.3125,2.4849066497880004,0.5389965007326871,1.791759469228055,0.6931471805599454,1.3862943611198906,42,4.0,5.0,3.0,3.0
2021-10-31,202144,4.0,4,4,4,0.27424687,2.9282148,0,1,317070120214419684,2023-11-23,Varginha,0.6905173,136602,1,0,0,0,,,,,91540,16.71,21.77,27.11,55.3,70.0,11.0,18.59,2.9061553,6.0,16.16,1.8026882,1.0,16.5,0.28969002,5.0,18.0,1.3463122,5.5,16.990000000000002,1.6094379124341003,-0.8754687373539001,-0.33647223662121295,0.916290731874155,-0.18232155679395468,43,5.0,3.0,3.0,10.0
2021-11-07,202145,5.0,5,5,5,0.2605535,3.6602685,0,2,317070120214519684,2023-11-23,Varginha,0.6988655,136602,1,0,0,0,,,,,91540,16.87,20.79,25.74,28.4,73.57,4.0,16.71,0.6905173,11.0,18.59,2.9061553,6.0,16.16,1.8026882,1.0,16.5,0.28969002,6.5,17.0825,1.791759469228055,0.18232155679395468,-0.6931471805599454,-0.15415067982725827,1.0986122886681096,44,3.0,3.0,10.0,10.0
2021-11-14,202146,3.0,3,3,3,0.1473465,2.196161,0,2,317070120214619684,2023-11-23,Varginha,0.50349736,136602,1,0,0,0,,,,,91540,16.23,21.07,26.23,72.9,70.0,5.0,16.87,0.6988655,4.0,16.71,0.6905173,11.0,18.59,2.9061553,6.0,16.16,1.8026882,5.75,17.1,1.3862943611198906,-0.4054651081081644,-0.2231435513142097,-1.0986122886681098,-0.5596157879354227,45,3.0,10.0,10.0,6.0
2021-11-21,202147,3.0,3,3,3,0.2837524,2.196161,0,2,317070120214719684,2023-11-23,Varginha,0.67097396,136602,1,0,0,0,,,,,91540,17.63,22.83,28.64,28.5,64.71,3.0,16.23,0.50349736,5.0,16.87,0.6988655,4.0,16.71,0.6905173,11.0,18.59,2.9061553,3.75,16.86,1.3862943611198906,0.0,-0.4054651081081644,-0.2231435513142097,-1.0986122886681098,46,10.0,10.0,6.0,0.0
2021-11-28,202148,10.0,10,10,10,0.9559872,7.320537,0,2,317070120214819684,2023-11-23,Varginha,2.5393465,136602,1,0,0,0,,,,,91540,18.36,22.99,28.8,17.4,69.71,3.0,17.63,0.67097396,3.0,16.23,0.50349736,5.0,16.87,0.6988655,4.0,16.71,0.6905173,5.25,17.2725,2.3978952727983707,1.01160091167848,1.01160091167848,0.6061358035703157,0.7884573603642704,47,10.0,6.0,0.0,6.0
2021-12-05,202149,10.0,10,10,10,0.9009521,7.320537,0,2,317070120214919684,2023-11-23,Varginha,1.9336678,136602,1,0,0,1,,,,,91540,16.44,20.66,26.06,74.3,74.0,10.0,18.36,2.5393465,3.0,17.63,0.67097396,3.0,16.23,0.50349736,5.0,16.87,0.6988655,6.5,17.165,2.3978952727983707,0.0,1.01160091167848,1.01160091167848,0.6061358035703157,48,6.0,0.0,6.0,8.0
2021-12-12,202150,6.0,6,6,6,0.32293278,4.392322,0,2,317070120215019684,2023-11-23,Varginha,0.7849631,136602,1,0,0,0,,,,,91540,19.93,22.24,26.29,88.2,84.86,10.0,16.44,1.9336678,10.0,18.36,2.5393465,3.0,17.63,0.67097396,3.0,16.23,0.50349736,7.25,18.09,1.9459101490553132,-0.45198512374305744,-0.45198512374305744,0.5596157879354227,0.5596157879354227,49,0.0,6.0,8.0,8.0
2021-12-19,202151,0.0,0,0,0,0.0,0.0,0,1,317070120215119684,2023-11-23,Varginha,0.0,136602,0,0,0,0,,,,,91540,16.8,22.03,27.49,18.5,67.57,6.0,19.93,0.7849631,10.0,16.44,1.9336678,10.0,18.36,2.5393465,3.0,17.63,0.67097396,6.5,17.8825,0.0,-1.9459101490553132,-2.3978952727983707,-2.3978952727983707,-1.3862943611198906,50,6.0,8.0,8.0,8.0
2021-12-26,202152,6.0,6,6,6,0.5373282,4.392322,0,1,317070120215219684,2023-11-23,Varginha,1.0543109,136602,1,0,0,0,,,,,91540,17.63,20.91,24.96,82.5,80.86,0.0,16.8,0.0,6.0,19.93,0.7849631,10.0,16.44,1.9336678,10.0,18.36,2.5393465,5.5,17.700000000000003,1.9459101490553132,1.9459101490553132,0.0,-0.45198512374305744,-0.45198512374305744,51,8.0,8.0,8.0,5.0
2022-01-02,202201,8.0,8,8,8,0.89225274,5.8564296,0,1,317070120220119684,2023-11-23,Varginha,2.0407066,136602,1,0,0,1,,,,,91540,19.41,21.44,25.2,131.4,88.29,6.0,17.63,1.0543109,0.0,16.8,0.0,6.0,19.93,0.7849631,10.0,16.44,1.9336678,5.0,18.4425,2.1972245773362196,0.25131442828090633,2.1972245773362196,0.25131442828090633,-0.2006706954621511,52,8.0,8.0,5.0,4.0
2022-01-09,202202,8.0,8,8,8,0.7942475,5.8564296,0,2,317070120220219684,2023-11-23,Varginha,1.5591642,136602,1,0,0,0,,,,,91540,18.9,21.83,25.86,43.6,82.14,8.0,19.41,2.0407066,6.0,17.63,1.0543109,0.0,16.8,0.0,6.0,19.93,0.7849631,5.5,18.185,2.1972245773362196,0.0,0.25131442828090633,2.1972245773362196,0.25131442828090633,1,8.0,5.0,4.0,14.0
2022-01-16,202203,8.0,8,8,8,0.60060287,5.8564296,0,2,317070120220319684,2023-11-23,Varginha,1.136525,136602,1,0,0,0,,,,,91540,18.63,23.23,29.04,32.7,75.57,8.0,18.9,1.5591642,8.0,19.41,2.0407066,6.0,17.63,1.0543109,0.0,16.8,0.0,7.5,18.6425,2.1972245773362196,0.0,0.0,0.25131442828090633,2.1972245773362196,2,5.0,4.0,14.0,5.0
2022-01-23,202204,5.0,5,5,5,0.21901247,3.6602685,0,2,317070120220419684,2023-11-23,Varginha,0.65293,136602,1,0,0,0,,,,,91540,19.43,23.73,28.6,38.1,70.71,8.0,18.63,1.136525,8.0,18.9,1.5591642,8.0,19.41,2.0407066,6.0,17.63,1.0543109,7.25,19.0925,1.791759469228055,-0.4054651081081646,-0.4054651081081646,-0.4054651081081646,-0.15415067982725827,3,4.0,14.0,5.0,7.0
2022-01-30,202205,4.0,4,4,4,0.17106704,2.9282148,0,2,317070120220519684,2023-11-23,Varginha,0.5704792,136602,1,0,0,0,,,,,91540,19.16,21.66,25.43,84.1,86.71,5.0,19.43,0.65293,8.0,18.63,1.136525,8.0,18.9,1.5591642,8.0,19.41,2.0407066,6.25,19.03,1.6094379124341003,-0.18232155679395468,-0.5877866649021193,-0.5877866649021193,-0.5877866649021193,4,14.0,5.0,7.0,6.0
2022-02-06,202206,14.0,14,14,14,0.9656004,10.248752,0,2,317070120220619684,2023-11-23,Varginha,2.2866778,136602,1,1,1,1,,,,,91540,18.5,20.9,24.24,113.5,84.86,4.0,19.16,0.5704792,5.0,19.43,0.65293,8.0,18.63,1.136525,8.0,18.9,1.5591642,7.75,18.93,2.70805020110221,1.0986122886681098,0.9162907318741551,0.5108256237659905,0.5108256237659905,5,5.0,7.0,6.0,8.0
2022-02-13,202207,5.0,5,5,5,0.28071883,3.6602685,0,2,317070120220719684,2023-11-23,Varginha,0.72133106,136602,1,0,0,0,,,,,91540,18.31,22.11,27.36,22.0,78.29,14.0,18.5,2.2866778,4.0,19.16,0.5704792,5.0,19.43,0.65293,8.0,18.63,1.136525,7.0,18.85,1.791759469228055,-0.9162907318741551,0.18232155679395468,0.0,-0.4054651081081646,6,7.0,6.0,8.0,10.0
2022-02-20,202208,7.0,7,7,7,0.3524576,5.124376,0,2,317070120220819684,2023-11-23,Varginha,0.8286615,136602,1,0,0,1,,,,,91540,18.57,23.16,28.74,18.9,74.57,5.0,18.31,0.72133106,14.0,18.5,2.2866778,4.0,19.16,0.5704792,5.0,19.43,0.65293,7.5,18.634999999999998,2.0794415416798357,0.2876820724517808,-0.6286086594223743,0.47000362924573547,0.2876820724517808,7,6.0,8.0,10.0,7.0
2022-02-27,202209,6.0,6,6,6,0.3233496,4.392322,0,2,317070120220919684,2023-11-23,Varginha,0.7854176,136602,1,0,0,0,,,,,91540,18.34,23.94,29.94,1.7,67.29,7.0,18.57,0.8286615,5.0,18.31,0.72133106,14.0,18.5,2.2866778,4.0,19.16,0.5704792,8.0,18.43,1.9459101490553132,-0.13353139262452252,0.15415067982725827,-0.7621400520468968,0.33647223662121295,8,8.0,10.0,7.0,7.0
2022-03-06,202210,8.0,8,8,8,0.64067894,5.8564296,0,2,317070120221019684,2023-11-23,Varginha,1.2011139,136602,1,0,0,1,,,,,91540,19.14,23.87,29.61,8.9,67.0,6.0,18.34,0.7854176,7.0,18.57,0.8286615,5.0,18.31,0.72133106,14.0,18.5,2.2866778,6.5,18.59,2.1972245773362196,0.25131442828090633,0.11778303565638382,0.4054651081081646,-0.5108256237659905,9,10.0,7.0,7.0,18.0
2022-03-13,202211,10.0,10,10,10,0.78131646,7.320537,0,2,317070120221119684,2023-11-23,Varginha,1.4501859,136602,1,0,0,0,,,,,91540,19.2,23.5,29.03,19.1,74.86,8.0,19.14,1.2011139,6.0,18.34,0.7854176,7.0,18.57,0.8286615,5.0,18.31,0.72133106,7.75,18.8125,2.3978952727983707,0.2006706954621511,0.45198512374305744,0.3184537311185349,0.6061358035703157,10,7.0,7.0,18.0,13.0
2022-03-20,202212,7.0,7,7,7,0.4109351,5.124376,0,2,317070120221219684,2023-11-23,Varginha,0.8925176,136602,1,0,0,1,,,,,91540,16.93,21.87,27.47,9.7,71.0,10.0,19.2,1.4501859,8.0,19.14,1.2011139,6.0,18.34,0.7854176,7.0,18.57,0.8286615,7.75,18.4025,2.0794415416798357,-0.3184537311185349,-0.11778303565638382,0.13353139262452252,0.0,11,7.0,18.0,13.0,25.0
2022-03-27,202213,7.0,7,7,7,0.36129025,5.124376,0,2,317070120221319684,2023-11-23,Varginha,0.8380645,136602,1,0,0,2,,,,,91540,18.56,22.53,27.93,36.6,78.0,7.0,16.93,0.8925176,10.0,19.2,1.4501859,8.0,19.14,1.2011139,6.0,18.34,0.7854176,8.0,18.4575,2.0794415416798357,0.0,-0.3184537311185349,-0.11778303565638382,0.13353139262452252,12,18.0,13.0,25.0,49.0
2022-04-03,202214,18.0,18,18,18,0.9736413,13.176967,0,2,317070120221419684,2023-11-23,Varginha,2.1589468,136602,1,1,1,1,,,,,91540,18.54,22.63,27.93,20.3,77.57,7.0,18.56,0.8380645,7.0,16.93,0.8925176,10.0,19.2,1.4501859,8.0,19.14,1.2011139,10.5,18.307499999999997,2.9444389791664403,0.8649974374866045,0.8649974374866045,0.5465437063680696,0.7472144018302207,13,13.0,25.0,49.0,35.0
2022-04-10,202215,13.0,13,13,13,0.7293253,9.516698,0,2,317070120221519684,2023-11-23,Varginha,1.2845945,136602,1,0,1,5,,,,,91540,16.66,21.39,27.16,3.3,73.29,18.0,18.54,2.1589468,7.0,18.56,0.8380645,7.0,16.93,0.8925176,10.0,19.2,1.4501859,11.25,17.6725,2.6390573296152584,-0.30538164955118186,0.5596157879354227,0.5596157879354227,0.24116205681688774,14,25.0,49.0,35.0,33.0
2022-04-17,202216,25.0,25,25,25,0.9665558,18.301342,0,2,317070120221619684,2023-11-23,Varginha,1.8124499,136602,1,1,1,4,,,,,91540,14.06,20.2,27.07,0.0,63.71,13.0,16.66,1.2845945,18.0,18.54,2.1589468,7.0,18.56,0.8380645,7.0,16.93,0.8925176,15.75,16.955,3.258096538021482,0.6190392084062237,0.3136575588550419,1.1786549963416464,1.1786549963416464,15,49.0,35.0,33.0,21.0
2022-04-24,202217,49.0,49,49,49,0.9999224,35.870632,0,3,317070120221719684,2023-11-23,Varginha,2.6277885,136602,1,1,1,7,,,,,91540,15.7,21.41,28.04,0.4,68.29,25.0,14.06,1.8124499,13.0,16.66,1.2845945,18.0,18.54,2.1589468,7.0,18.56,0.8380645,26.25,16.24,3.912023005428146,0.6539264674066638,1.2729656758128876,0.9675840262617057,1.8325814637483102,16,35.0,33.0,21.0,20.0
2022-05-01,202218,35.0,35,35,35,0.8176166,25.62188,0,3,317070120221819684,2023-11-23,Varginha,1.255865,136602,1,0,1,6,,,,,91540,14.81,19.9,26.44,2.7,68.29,49.0,15.7,2.6277885,25.0,14.06,1.8124499,13.0,16.66,1.2845945,18.0,18.54,2.1589468,30.5,15.307500000000001,3.58351893845611,-0.32850406697203605,0.3254224004346278,0.9444616088408515,0.6390799592896697,17,33.0,21.0,20.0,9.0
2022-05-08,202219,33.0,33,33,33,0.3307582,24.157772,0,2,317070120221919684,2023-11-23,Varginha,0.9008832,136602,1,0,1,2,,,,,91540,13.37,18.73,25.06,0.2,70.29,35.0,14.81,1.255865,49.0,15.7,2.6277885,25.0,14.06,1.8124499,13.0,16.66,1.2845945,35.5,14.485,3.5263605246161616,-0.05715841383994835,-0.3856624808119844,0.2682639865946794,0.8873031950009032,18,21.0,20.0,9.0,17.0
2022-05-15,202220,21.0,21,21,21,0.019964995,15.373128,0,1,317070120222019684,2023-11-23,Varginha,0.5777453,136602,0,0,1,5,,,,,91540,9.93,14.0,19.5,16.6,71.0,33.0,13.37,0.9008832,35.0,14.81,1.255865,49.0,15.7,2.6277885,25.0,14.06,1.8124499,34.5,13.452499999999999,3.091042453358316,-0.4353180712578455,-0.49247648509779385,-0.8209805520698299,-0.16705408466316607,19,20.0,9.0,17.0,7.0
2022-05-22,202221,20.0,20,20,20,0.0665069,14.641074,0,1,317070120222119684,2023-11-23,Varginha,0.65459174,136602,0,0,1,1,,,,,91540,10.4,16.07,23.21,0.1,68.0,21.0,9.93,0.5777453,33.0,13.37,0.9008832,35.0,14.81,1.255865,49.0,15.7,2.6277885,27.25,12.127500000000001,3.044522437723423,-0.04652001563489305,-0.48183808689273855,-0.5389965007326869,-0.867500567704723,20,9.0,17.0,7.0,10.0
2022-05-29,202222,9.0,9,9,9,0.0038136614,6.5884833,0,1,317070120222219684,2023-11-23,Varginha,0.37817726,136602,1,0,0,1,,,,,91540,13.17,18.91,26.1,0.0,69.71,20.0,10.4,0.65459174,21.0,9.93,0.5777453,33.0,13.37,0.9008832,35.0,14.81,1.255865,20.75,11.7175,2.302585092994046,-0.7419373447293771,-0.7884573603642702,-1.2237754316221157,-1.280933845462064,21,17.0,7.0,10.0,19.0
2022-06-05,202223,17.0,17,17,17,0.42552522,12.444913,0,1,317070120222319684,2023-11-23,Varginha,0.93926674,136602,0,0,1,0,,,,,91540,12.96,17.79,23.63,14.2,74.43,9.0,13.17,0.37817726,20.0,10.4,0.65459174,21.0,9.93,0.5777453,33.0,13.37,0.9008832,16.75,11.615,2.8903717578961645,0.5877866649021186,-0.1541506798272585,-0.20067069546215155,-0.635988766719997,22,7.0,10.0,19.0,3.0
2022-06-12,202224,7.0,7,7,7,0.053309787,5.124376,0,1,317070120222419684,2023-11-23,Varginha,0.49274427,136602,0,0,0,2,,,,,91540,8.47,14.87,22.6,0.8,67.71,17.0,12.96,0.93926674,9.0,13.17,0.37817726,20.0,10.4,0.65459174,21.0,9.93,0.5777453,13.25,11.25,2.0794415416798357,-0.8109302162163288,-0.22314355131421015,-0.9650808960435873,-1.0116009116784803,23,10.0,19.0,3.0,14.0
2022-06-19,202225,10.0,10,10,10,0.3045924,7.320537,0,1,317070120222519684,2023-11-23,Varginha,0.8083541,136602,0,0,0,0,,,,,91540,10.56,17.19,25.13,0.0,68.29,7.0,8.47,0.49274427,17.0,12.96,0.93926674,9.0,13.17,0.37817726,20.0,10.4,0.65459174,10.75,11.29,2.3978952727983707,0.3184537311185349,-0.49247648509779385,0.09531017980432477,-0.6466271649250523,24,19.0,3.0,14.0,11.0
2022-06-26,202226,19.0,19,19,19,0.933961,13.90902,0,1,317070120222619684,2023-11-23,Varginha,1.738486,136602,0,0,1,1,,,,,91540,9.87,16.57,24.2,0.0,67.71,10.0,10.56,0.8083541,7.0,8.47,0.49274427,17.0,12.96,0.93926674,9.0,13.17,0.37817726,13.25,10.465,2.995732273553991,0.5978370007556202,0.9162907318741551,0.10536051565782634,0.693147180559945,25,3.0,14.0,11.0,8.0
2022-07-03,202227,3.0,3,3,3,0.009002811,2.196161,0,1,317070120222719684,2023-11-23,Varginha,0.26308692,136602,0,0,0,0,,,,,91540,9.49,16.79,25.06,0.0,63.43,19.0,9.87,1.738486,10.0,10.56,0.8083541,7.0,8.47,0.49274427,17.0,12.96,0.93926674,9.75,9.5975,1.3862943611198906,-1.6094379124341003,-1.01160091167848,-0.6931471805599452,-1.504077396776274,26,14.0,11.0,8.0,13.0
2022-07-10,202228,14.0,14,14,14,0.6598756,10.248752,0,1,317070120222819684,2023-11-23,Varginha,1.1729312,136602,0,0,1,0,,,,,91540,11.57,17.83,25.36,0.0,62.0,3.0,9.49,0.26308692,19.0,9.87,1.738486,10.0,10.56,0.8083541,7.0,8.47,0.49274427,11.5,10.3725,2.70805020110221,1.3217558399823195,-0.2876820724517808,0.3101549283038394,0.6286086594223743,27,11.0,8.0,13.0,7.0
2022-07-17,202229,11.0,11,11,11,0.55713093,8.05259,0,1,317070120222919684,2023-11-23,Varginha,1.0629064,136602,1,0,0,0,,,,,91540,12.16,18.97,26.86,0.0,59.71,14.0,11.57,1.1729312,3.0,9.49,0.26308692,19.0,9.87,1.738486,10.0,10.56,0.8083541,11.75,10.772499999999999,2.4849066497880004,-0.2231435513142097,1.0986122886681098,-0.5108256237659905,0.08701137698962969,28,8.0,13.0,7.0,10.0
2022-07-24,202230,8.0,8,8,8,0.2775366,5.8564296,0,1,317070120223019684,2023-11-23,Varginha,0.7636635,136602,0,0,0,1,,,,,91540,11.17,18.2,25.97,0.5,59.57,11.0,12.16,1.0629064,14.0,11.57,1.1729312,3.0,9.49,0.26308692,19.0,9.87,1.738486,9.0,11.0975,2.1972245773362196,-0.2876820724517808,-0.5108256237659905,0.810930216216329,-0.7985076962177713,29,13.0,7.0,10.0,17.0
2022-07-31,202231,13.0,13,13,13,0.6878747,9.516698,0,1,317070120223119684,2023-11-23,Varginha,1.2193829,136602,0,0,1,0,,,,,91540,12.49,19.56,27.37,0.0,55.86,8.0,11.17,0.7636635,11.0,12.16,1.0629064,14.0,11.57,1.1729312,3.0,9.49,0.26308692,11.5,11.8475,2.6390573296152584,0.44183275227903884,0.15415067982725805,-0.06899287148695166,1.2527629684953678,30,7.0,10.0,17.0,29.0
2022-08-07,202232,7.0,7,7,7,0.2172325,5.124376,0,1,317070120223219684,2023-11-23,Varginha,0.68975717,136602,0,0,0,0,,,,,91540,11.66,16.94,22.56,17.1,68.57,13.0,12.49,1.2193829,8.0,11.17,0.7636635,11.0,12.16,1.0629064,14.0,11.57,1.1729312,9.75,11.87,2.0794415416798357,-0.5596157879354227,-0.11778303565638382,-0.4054651081081646,-0.6286086594223743,31,10.0,17.0,29.0,28.0
2022-08-14,202233,10.0,10,10,10,0.49889845,7.320537,0,1,317070120223319684,2023-11-23,Varginha,0.9987918,136602,0,0,0,0,,,,,91540,12.73,18.7,25.6,0.3,56.14,7.0,11.66,0.68975717,13.0,12.49,1.2193829,8.0,11.17,0.7636635,11.0,12.16,1.0629064,9.5,12.012500000000001,2.3978952727983707,0.3184537311185349,-0.24116205681688774,0.2006706954621511,-0.08701137698962969,32,17.0,29.0,28.0,24.0
2022-08-21,202234,17.0,17,17,17,0.92386407,12.444913,0,1,317070120223419684,2023-11-23,Varginha,1.7421021,136602,0,0,1,1,,,,,91540,12.46,18.66,25.04,0.0,55.0,10.0,12.73,0.9987918,7.0,11.66,0.68975717,13.0,12.49,1.2193829,8.0,11.17,0.7636635,11.75,12.335,2.8903717578961645,0.49247648509779385,0.8109302162163288,0.2513144282809061,0.693147180559945,33,29.0,28.0,24.0,18.0
2022-08-28,202235,29.0,29,29,29,0.9965824,21.229557,0,1,317070120223519684,2023-11-23,Varginha,2.396439,136602,0,1,1,0,,,,,91540,10.87,18.11,25.99,0.1,51.71,17.0,12.46,1.7421021,10.0,12.73,0.9987918,7.0,11.66,0.68975717,13.0,12.49,1.2193829,15.75,11.93,3.4011973816621555,0.5108256237659909,1.0033021088637848,1.3217558399823197,0.762140052046897,34,28.0,24.0,18.0,10.0
2022-09-04,202236,28.0,28,28,28,0.9286924,20.497503,0,1,317070120223619684,2023-11-23,Varginha,1.5412339,136602,0,0,1,3,,,,,91540,14.07,20.59,28.07,0.0,52.29,29.0,10.87,2.396439,17.0,12.46,1.7421021,10.0,12.73,0.9987918,7.0,11.66,0.68975717,21.0,12.5325,3.367295829986474,-0.03390155167568132,0.4769240720903096,0.9694005571881035,1.2878542883066384,35,24.0,18.0,10.0,13.0
2022-09-11,202237,24.0,24,24,24,0.48110875,17.569288,0,1,317070120223719684,2023-11-23,Varginha,0.98657936,136602,0,0,1,1,,,,,91540,16.23,20.53,25.83,20.0,63.86,28.0,14.07,1.5412339,29.0,10.87,2.396439,17.0,12.46,1.7421021,10.0,12.73,0.9987918,24.5,13.407499999999999,3.2188758248682006,-0.14842000511827358,-0.1823215567939549,0.32850406697203605,0.8209805520698299,36,18.0,10.0,13.0,10.0
2022-09-18,202238,18.0,18,18,18,0.112889126,13.176967,0,1,317070120223819684,2023-11-23,Varginha,0.6941822,136602,0,0,1,0,,,,,91540,13.9,20.06,26.84,25.0,63.71,24.0,16.23,0.98657936,28.0,14.07,1.5412339,29.0,10.87,2.396439,17.0,12.46,1.7421021,24.75,13.7675,2.9444389791664403,-0.2744368457017603,-0.4228568508200339,-0.4567584024957152,0.054067221270275745,37,10.0,13.0,10.0,10.0
2022-09-25,202239,10.0,10,10,10,0.01047837,7.320537,0,1,317070120223919684,2023-11-23,Varginha,0.4369177,136602,0,0,0,0,,,,,91540,15.69,19.61,24.83,39.8,75.86,18.0,13.9,0.6941822,24.0,16.23,0.98657936,28.0,14.07,1.5412339,29.0,10.87,2.396439,20.0,14.9725,2.3978952727983707,-0.5465437063680696,-0.8209805520698299,-0.9694005571881035,-1.0033021088637848,38,13.0,10.0,10.0,12.0
2022-10-02,202240,13.0,13,13,13,0.1919955,9.516698,0,1,317070120224019684,2023-11-23,Varginha,0.732295,136602,1,0,1,0,,,,,91540,17.07,21.31,27.26,45.1,75.0,10.0,15.69,0.4369177,18.0,13.9,0.6941822,24.0,16.23,0.98657936,28.0,14.07,1.5412339,16.25,15.7225,2.6390573296152584,0.24116205681688774,-0.30538164955118186,-0.5798184952529422,-0.7282385003712157,39,10.0,10.0,12.0,12.0
2022-10-09,202241,10.0,10,10,10,0.23345679,7.320537,0,1,317070120224119684,2023-11-23,Varginha,0.743262,136602,1,0,0,0,,,,,91540,17.34,22.83,28.99,20.2,63.0,13.0,17.07,0.732295,10.0,15.69,0.4369177,18.0,13.9,0.6941822,24.0,16.23,0.98657936,12.75,16.0,2.3978952727983707,-0.24116205681688774,0.0,-0.5465437063680696,-0.8209805520698299,40,10.0,12.0,12.0,8.0
2022-10-16,202242,10.0,10,10,10,0.3589705,7.320537,0,2,317070120224219684,2023-11-23,Varginha,0.85854846,136602,1,0,0,0,,,,,91540,17.07,21.79,27.46,10.2,66.86,10.0,17.34,0.743262,13.0,17.07,0.732295,10.0,15.69,0.4369177,18.0,13.9,0.6941822,10.75,16.7925,2.3978952727983707,0.0,-0.24116205681688774,0.0,-0.5465437063680696,41,12.0,12.0,8.0,18.0
2022-10-23,202243,12.0,12,12,12,0.5988707,8.784644,0,2,317070120224319684,2023-11-23,Varginha,1.1084858,136602,1,0,0,0,,,,,91540,17.44,22.67,29.39,4.9,64.57,10.0,17.07,0.85854846,10.0,17.34,0.743262,13.0,17.07,0.732295,10.0,15.69,0.4369177,11.25,17.23,2.5649493574615367,0.16705408466316607,0.16705408466316607,-0.07410797215372167,0.16705408466316607,42,12.0,8.0,18.0,13.0
2022-10-30,202244,12.0,12,12,12,0.6087106,8.784644,0,1,317070120224419684,2023-11-23,Varginha,1.1205198,136602,0,0,0,0,,,,,91540,15.57,18.97,23.14,21.5,72.57,12.0,17.44,1.1084858,10.0,17.07,0.85854846,10.0,17.34,0.743262,13.0,17.07,0.732295,11.0,16.855,2.5649493574615367,0.0,0.16705408466316607,0.16705408466316607,-0.07410797215372167,43,8.0,18.0,13.0,10.0
2022-11-06,202245,8.0,8,8,8,0.230943,5.8564296,0,1,317070120224519684,2023-11-23,Varginha,0.7180375,136602,0,0,0,0,,,,,91540,15.54,20.01,25.91,32.0,75.0,12.0,15.57,1.1205198,12.0,17.44,1.1084858,10.0,17.07,0.85854846,10.0,17.34,0.743262,10.5,16.405,2.1972245773362196,-0.3677247801253172,-0.3677247801253172,-0.2006706954621511,-0.2006706954621511,44,18.0,13.0,10.0,10.0
2022-11-13,202246,18.0,18,18,18,0.9007989,13.176967,0,1,317070120224619684,2023-11-23,Varginha,1.609364,136602,1,0,1,0,,,,,91540,17.01,21.74,27.17,13.3,70.0,8.0,15.54,0.7180375,12.0,15.57,1.1205198,12.0,17.44,1.1084858,10.0,17.07,0.85854846,12.5,16.39,2.9444389791664403,0.7472144018302207,0.3794896217049035,0.3794896217049035,0.5465437063680696,45,13.0,10.0,10.0,10.0
2022-11-20,202247,13.0,13,13,13,0.5930769,9.516698,0,1,317070120224719684,2023-11-23,Varginha,1.0974066,136602,1,0,1,0,,,,,91540,16.67,21.33,27.4,24.0,69.14,18.0,17.01,1.609364,8.0,15.54,0.7180375,12.0,15.57,1.1205198,12.0,17.44,1.1084858,12.75,16.1975,2.6390573296152584,-0.30538164955118186,0.44183275227903884,0.07410797215372167,0.07410797215372167,46,10.0,10.0,10.0,8.0
2022-11-27,202248,10.0,10,10,10,0.23045288,7.320537,0,2,317070120224819684,2023-11-23,Varginha,0.7404839,136602,1,0,0,0,,,,,91540,17.91,21.44,26.23,35.7,77.0,13.0,16.67,1.0974066,18.0,17.01,1.609364,8.0,15.54,0.7180375,12.0,15.57,1.1205198,12.25,16.7825,2.3978952727983707,-0.24116205681688774,-0.5465437063680696,0.2006706954621511,-0.16705408466316607,47,10.0,10.0,8.0,14.0
2022-12-04,202249,10.0,10,10,10,0.27851677,7.320537,0,2,317070120224919708,2023-12-17,Varginha,0.7845537,136602,1,0,0,2,,,,,91540,18.07,21.79,26.34,71.0,79.29,10.0,17.91,0.7404839,13.0,16.67,1.0974066,18.0,17.01,1.609364,8.0,15.54,0.7180375,12.75,17.415,2.3978952727983707,0.0,-0.24116205681688774,-0.5465437063680696,0.2006706954621511,48,10.0,8.0,14.0,19.0
2022-12-11,202250,10.0,10,10,10,0.4372145,7.320537,0,2,317070120225019718,2023-12-27,Varginha,0.93417495,136602,1,0,0,0,,,,,91540,18.13,21.74,26.44,50.5,78.0,10.0,18.07,0.7845537,10.0,17.91,0.7404839,13.0,16.67,1.0974066,18.0,17.01,1.609364,10.75,17.695,2.3978952727983707,0.0,0.0,-0.24116205681688774,-0.5465437063680696,49,8.0,14.0,19.0,21.0
2022-12-18,202251,8.0,8,8,8,0.33085042,5.8564296,0,2,317070120225119718,2023-12-27,Varginha,0.8161984,136602,1,0,0,0,,,,,91540,17.26,20.96,25.53,18.8,75.71,10.0,18.13,0.93417495,10.0,18.07,0.7845537,10.0,17.91,0.7404839,13.0,16.67,1.0974066,9.5,17.8425,2.1972245773362196,-0.2006706954621511,-0.2006706954621511,-0.2006706954621511,-0.44183275227903884,50,14.0,19.0,21.0,16.0
2022-12-25,202252,14.0,14,14,14,0.819646,10.248752,0,2,317070120225219734,2024-01-12,Varginha,1.45127,136602,1,0,1,1,,,,,91540,18.8,20.83,24.24,93.3,86.0,8.0,17.26,0.8161984,10.0,18.13,0.93417495,10.0,18.07,0.7845537,10.0,17.91,0.7404839,10.5,18.065,2.70805020110221,0.5108256237659905,0.3101549283038394,0.3101549283038394,0.3101549283038394,51,19.0,21.0,16.0,14.0
2023-01-01,202301,19.0,19,19,19,0.94710284,13.90902,0,2,317070120230119740,2024-01-18,Varginha,1.8237233,136602,1,0,1,3,,,,,91540,18.17,20.43,23.83,131.2,87.29,14.0,18.8,1.45127,8.0,17.26,0.8161984,10.0,18.13,0.93417495,10.0,18.07,0.7845537,12.75,18.09,2.995732273553991,0.2876820724517808,0.7985076962177713,0.5978370007556202,0.5978370007556202,52,21.0,16.0,14.0,22.0
2023-01-08,202302,21.0,21,21,21,0.90472555,15.373128,0,2,317070120230219747,2024-01-25,Varginha,1.5621334,136602,1,0,1,1,,,,,91540,18.91,21.33,25.1,75.3,84.86,19.0,18.17,1.8237233,14.0,18.8,1.45127,8.0,17.26,0.8161984,10.0,18.13,0.93417495,15.5,18.285000000000004,3.091042453358316,0.09531017980432521,0.382992252256106,0.8938178760220965,0.6931471805599454,1,16.0,14.0,22.0,33.0
2023-01-15,202303,16.0,16,16,16,0.4199462,11.712859,0,2,317070120230319747,2024-01-25,Varginha,0.9330265,136602,1,0,1,0,,,,,91540,19.14,22.8,27.71,74.1,78.0,21.0,18.91,1.5621334,19.0,18.17,1.8237233,14.0,18.8,1.45127,8.0,17.26,0.8161984,17.5,18.755000000000003,2.833213344056216,-0.2578291093020999,-0.1625189294977747,0.1251631429540061,0.6359887667199966,2,14.0,22.0,33.0,35.0
2023-01-22,202304,14.0,14,14,14,0.21930243,10.248752,0,2,317070120230419752,2024-01-30,Varginha,0.76330346,136602,1,0,1,0,,,,,91540,18.69,22.33,27.23,43.2,79.29,16.0,19.14,0.9330265,21.0,18.91,1.5621334,19.0,18.17,1.8237233,14.0,18.8,1.45127,17.5,18.727500000000003,2.70805020110221,-0.1251631429540061,-0.382992252256106,-0.2876820724517808,0.0,3,22.0,33.0,35.0,47.0
2023-01-29,202305,22.0,22,22,22,0.7849217,16.10518,0,2,317070120230519759,2024-02-06,Varginha,1.2847179,136602,1,0,1,3,,,,,91540,19.11,22.53,27.34,43.4,82.0,14.0,18.69,0.76330346,16.0,19.14,0.9330265,21.0,18.91,1.5621334,19.0,18.17,1.8237233,18.25,18.962500000000002,3.1354942159291497,0.4274440148269396,0.3022808718729335,0.04445176257083361,0.13976194237515882,4,33.0,35.0,47.0,62.0
2023-02-05,202306,33.0,33,33,33,0.985016,24.073885,0,2,317070120230619768,2024-02-15,Varginha,1.8558564,137078,1,1,1,4,,,,,91540,18.93,22.44,27.56,60.7,80.86,22.0,19.11,1.2847179,14.0,18.69,0.76330346,16.0,19.14,0.9330265,21.0,18.91,1.5621334,21.25,18.9675,3.5263605246161616,0.3908663086870119,0.8183103235139515,0.6931471805599454,0.4353180712578455,5,35.0,47.0,62.0,103.0
2023-02-12,202307,35.0,35,35,35,0.94444394,25.532907,0,2,317070120230719773,2024-02-20,Varginha,1.5218368,137078,1,0,1,5,,,,,91540,18.93,22.41,27.53,66.7,83.57,33.0,18.93,1.8558564,22.0,19.11,1.2847179,14.0,18.69,0.76330346,16.0,19.14,0.9330265,26.0,18.915,3.58351893845611,0.05715841383994835,0.44802472252696024,0.8754687373538999,0.7503055943998937,6,47.0,62.0,103.0,175.0
2023-02-19,202308,47.0,47,47,47,0.97016865,34.28705,0,2,317070120230819780,2024-02-27,Varginha,1.5376263,137078,1,1,1,19,,,,,91540,18.99,22.69,28.21,55.4,80.0,35.0,18.93,1.5218368,33.0,18.93,1.8558564,22.0,19.11,1.2847179,14.0,18.69,0.76330346,34.25,18.990000000000002,3.871201010907891,0.28768207245178123,0.3448404862917296,0.7357067949787415,1.163150809805681,7,62.0,103.0,175.0,244.0
2023-02-26,202309,62.0,62,62,62,0.99110156,45.229725,0,3,317070120230919787,2024-03-05,Varginha,1.6121471,137078,1,1,1,22,,,,,91540,19.46,23.99,29.71,18.2,73.57,47.0,18.99,1.5376263,35.0,18.93,1.5218368,33.0,18.93,1.8558564,22.0,19.11,1.2847179,44.25,19.0775,4.143134726391533,0.2719337154836414,0.5596157879354227,0.616774201775371,1.007640510462383,8,103.0,175.0,244.0,392.0
2023-03-05,202310,103.0,103,103,103,0.9999896,75.1397,0,3,317070120231019794,2024-03-12,Varginha,2.024973,137078,1,1,2,32,,,,,91540,18.31,21.69,26.54,49.1,83.29,62.0,19.46,1.6121471,47.0,18.99,1.5376263,35.0,18.93,1.5218368,33.0,18.93,1.8558564,61.75,18.9225,4.6443908991413725,0.5012561727498399,0.7731898882334813,1.0608719606852626,1.118030374525211,9,175.0,244.0,392.0,416.0
2023-03-12,202311,175.0,175,175,175,1.0,127.66454,0,3,317070120231119801,2024-03-19,Varginha,2.389294,137078,1,1,2,45,,,,,91540,18.37,22.31,27.64,31.8,75.57,103.0,18.31,2.024973,62.0,19.46,1.6121471,47.0,18.99,1.5376263,35.0,18.93,1.5218368,96.75,18.7825,5.170483995038151,0.5260930958967789,1.0273492686466188,1.2992829841302602,1.5869650565820415,10,244.0,392.0,416.0,520.0
2023-03-19,202312,244.0,244,244,244,1.0,178.00084,0,4,317070120231219808,2024-03-26,Varginha,2.1270475,137078,1,1,2,75,,,,,91540,17.9,22.69,28.53,9.8,74.57,175.0,18.37,2.389294,103.0,18.31,2.024973,62.0,19.46,1.6121471,47.0,18.99,1.5376263,146.0,18.509999999999998,5.501258210544727,0.33077421550657604,0.8568673114033549,1.3581234841531948,1.6300571996368363,11,392.0,416.0,520.0,512.0
2023-03-26,202313,392.0,392,392,392,1.0,285.96857,0,4,317070120231319815,2024-04-02,Varginha,2.195206,137078,1,1,2,149,,,,,91540,18.53,22.76,28.54,20.3,77.71,244.0,17.9,2.1270475,175.0,18.37,2.389294,103.0,18.31,2.024973,62.0,19.46,1.6121471,228.5,18.2775,5.973809611869261,0.47255140132453377,0.8033256168311098,1.3294187127278887,1.8306748854777286,12,416.0,520.0,512.0,783.0
2023-04-02,202314,416.0,416,416,416,1.0,303.47687,0,4,317070120231419821,2024-04-08,Varginha,1.5826724,137078,1,1,2,170,,,,,91540,17.53,21.41,26.33,24.3,77.0,392.0,18.53,2.195206,244.0,17.9,2.1270475,175.0,18.37,2.389294,103.0,18.31,2.024973,306.75,18.0825,6.0330862217988015,0.059276609929540314,0.5318280112540741,0.8626022267606501,1.388695322657429,13,520.0,512.0,783.0,782.0
2023-04-09,202315,520.0,520,520,520,1.0,379.34607,0,4,317070120231519828,2024-04-15,Varginha,1.4686164,137078,1,1,2,218,,,,,91540,17.19,20.49,24.73,9.3,81.57,416.0,17.53,1.5826724,392.0,18.53,2.195206,244.0,17.9,2.1270475,175.0,18.37,2.389294,393.0,17.7875,6.255750041753367,0.2226638199545654,0.2819404298841057,0.7544918312086395,1.0852660467152155,14,512.0,783.0,782.0,725.0
2023-04-16,202316,512.0,512,512,512,0.9968762,373.50998,0,4,317070120231619835,2024-04-22,Varginha,1.1955804,137078,1,1,2,220,,,,,91540,15.73,19.87,24.99,13.7,78.0,520.0,17.19,1.4686164,416.0,17.53,1.5826724,392.0,18.53,2.195206,244.0,17.9,2.1270475,460.0,17.245,6.240275845170769,-0.015474196582597521,0.2071896233719679,0.2664662333015082,0.739017634626042,15,783.0,782.0,725.0,639.0
2023-04-23,202317,783.0,783,783,783,1.0,571.20764,0,4,317070120231719842,2024-04-29,Varginha,1.5769023,137078,1,1,2,245,,,,,91540,15.36,19.69,25.34,2.7,76.86,512.0,15.73,1.1955804,520.0,17.19,1.4686164,416.0,17.53,1.5826724,392.0,18.53,2.195206,557.75,16.4525,6.664409020350408,0.4241331751796382,0.4086589785970407,0.6313227985516061,0.6905994084811464,16,782.0,725.0,639.0,527.0
2023-04-30,202318,782.0,782,782,782,0.99999994,570.47815,0,4,317070120231819849,2024-05-06,Varginha,1.3344762,137078,1,1,2,213,,,,,91540,14.94,20.03,26.41,2.1,74.29,783.0,15.36,1.5769023,512.0,15.73,1.1955804,520.0,17.19,1.4686164,416.0,17.53,1.5826724,649.25,15.805,6.663132695990803,-0.0012763243596047857,0.42285685082003344,0.4073826542374359,0.6300464741920013,17,725.0,639.0,527.0,352.0
2023-05-07,202319,725.0,725,725,725,0.7902215,528.89594,0,4,317070120231919856,2024-05-13,Varginha,1.0437704,137078,1,0,2,189,,,,,91540,13.84,18.97,24.8,0.5,75.29,782.0,14.94,1.3344762,783.0,15.36,1.5769023,512.0,15.73,1.1955804,520.0,17.19,1.4686164,700.5,14.967500000000001,6.587550014824796,-0.07558268116600697,-0.07685900552561176,0.34727416965402647,0.33179997307142894,18,639.0,527.0,352.0,248.0
2023-05-14,202320,639.0,639,639,639,0.002913015,466.15796,0,4,317070120232019863,2024-05-20,Varginha,0.8619188,137078,0,0,2,197,,,,,91540,8.79,15.83,23.6,0.0,68.43,725.0,13.84,1.0437704,782.0,14.94,1.3344762,783.0,15.36,1.5769023,512.0,15.73,1.1955804,732.25,13.2325,6.461468176353717,-0.12608183847107846,-0.20166451963708543,-0.2029408439966902,0.221192331182948,19,527.0,352.0,248.0,208.0
2023-05-21,202321,527.0,527,527,527,1.5923673e-07,384.45264,0,4,317070120232119870,2024-05-27,Varginha,0.7463098,137078,0,0,2,109,,,,,91540,12.71,17.7,23.79,0.0,71.57,639.0,8.79,0.8619188,725.0,13.84,1.0437704,782.0,14.94,1.3344762,783.0,15.36,1.5769023,668.25,12.57,6.269096283706261,-0.19237189264745602,-0.3184537311185345,-0.39403641228454145,-0.39531273664414623,20,352.0,248.0,208.0,118.0
2023-05-28,202322,352.0,352,352,352,0.0,256.78812,0,4,317070120232219877,2024-06-03,Varginha,0.5653377,137078,1,0,2,59,,,,,91540,13.19,17.13,22.04,12.1,79.86,527.0,12.71,0.7463098,639.0,8.79,0.8619188,725.0,13.84,1.0437704,782.0,14.94,1.3344762,560.75,12.1325,5.8664680569332965,-0.40262822677296484,-0.5950001194204209,-0.7210819578914993,-0.7966646390575063,21,248.0,208.0,118.0,111.0
2023-06-04,202323,248.0,248,248,248,0.0,180.9189,0,4,317070120232319884,2024-06-10,Varginha,0.48998296,137078,0,0,2,44,,,,,91540,9.03,15.63,23.57,0.0,72.57,352.0,13.19,0.5653377,527.0,12.71,0.7463098,639.0,8.79,0.8619188,725.0,13.84,1.0437704,441.5,10.93,5.517452896464707,-0.34901516046858916,-0.751643387241554,-0.94401527988901,-1.0700971183600885,22,208.0,118.0,111.0,75.0
2023-06-11,202324,208.0,208,208,208,9.425793e-13,151.73843,0,4,317070120232419884,2024-06-10,Varginha,0.55171794,137078,0,0,2,23,,,,,91540,13.46,17.9,23.21,11.8,76.57,248.0,9.03,0.48998296,352.0,13.19,0.5653377,527.0,12.71,0.7463098,639.0,8.79,0.8619188,333.75,12.0975,5.342334251964811,-0.17511864449989645,-0.5241338049684856,-0.9267620317414504,-1.1191339243889065,23,118.0,111.0,75.0,37.0
2023-06-18,202325,118.0,118,118,118,1.110223e-15,86.082375,0,4,317070120232519898,2024-06-24,Varginha,0.43351176,137078,0,0,2,9,,,,,91540,9.16,14.9,22.37,0.0,72.86,208.0,13.46,0.55171794,248.0,9.03,0.48998296,352.0,13.19,0.5653377,527.0,12.71,0.7463098,231.5,11.209999999999999,4.77912349311153,-0.5632107588532813,-0.7383294033531778,-1.087344563821767,-1.4899727905947318,24,111.0,75.0,37.0,42.0
2023-06-25,202326,111.0,111,111,111,2.355808e-07,80.97579,0,4,317070120232619905,2024-07-01,Varginha,0.5578975,137078,1,0,2,14,,,,,91540,10.1,16.29,24.06,0.0,72.29,118.0,9.16,0.43351176,208.0,13.46,0.55171794,248.0,9.03,0.48998296,352.0,13.19,0.5653377,171.25,10.4375,4.718498871295094,-0.060624621816435464,-0.6238353806697168,-0.7989540251696132,-1.1479691856382024,25,75.0,37.0,42.0,37.0
2023-07-02,202327,75.0,75,75,75,1.48378e-06,54.713375,0,4,317070120232719913,2024-07-09,Varginha,0.52325183,137078,0,0,2,11,,,,,91540,8.19,14.74,22.64,0.0,67.29,111.0,10.1,0.5578975,118.0,9.16,0.43351176,208.0,13.46,0.55171794,248.0,9.03,0.48998296,128.0,10.2275,4.330733340286331,-0.3877655310087631,-0.44839015282519856,-1.0116009116784799,-1.1867195561783763,26,37.0,42.0,37.0,32.0
2023-07-09,202328,37.0,37,37,37,2.1977185e-09,26.991932,0,4,317070120232819919,2024-07-15,Varginha,0.35118452,137078,0,0,1,1,,,,,91540,12.36,17.94,24.86,6.9,67.43,75.0,8.19,0.52325183,111.0,10.1,0.5578975,118.0,9.16,0.43351176,208.0,13.46,0.55171794,85.25,9.952499999999999,3.6375861597263857,-0.6931471805599454,-1.0809127115687085,-1.141537333385144,-1.7047480922384253,27,42.0,37.0,32.0,48.0
2023-07-16,202329,42.0,42,42,42,0.00093723304,30.63949,0,1,317070120232919929,2024-07-25,Varginha,0.5575732,137078,0,0,1,1,,,,,91540,13.53,18.21,24.27,0.3,72.0,37.0,12.36,0.35118452,75.0,8.19,0.52325183,111.0,10.1,0.5578975,118.0,9.16,0.43351176,66.25,11.045,3.7612001156935624,0.12361395596717673,-0.5695332245927687,-0.9572987556015318,-1.0179233774179672,28,37.0,32.0,48.0,40.0
2023-07-23,202330,37.0,37,37,37,0.058985103,26.991932,0,1,317070120233019934,2024-07-30,Varginha,0.71686995,137078,0,0,1,0,,,,,91540,12.83,18.6,25.87,0.0,67.71,42.0,13.53,0.5575732,37.0,12.36,0.35118452,75.0,8.19,0.52325183,111.0,10.1,0.5578975,47.75,11.7275,3.6375861597263857,-0.12361395596717673,0.0,-0.6931471805599454,-1.0809127115687085,29,32.0,48.0,40.0,32.0
2023-07-30,202331,32.0,32,32,32,0.14574444,23.344374,0,1,317070120233119941,2024-08-06,Varginha,0.78150797,137078,0,0,1,2,,,,,91540,10.96,18.21,26.24,0.0,64.43,37.0,12.83,0.71686995,42.0,13.53,0.5575732,37.0,12.36,0.35118452,75.0,8.19,0.52325183,37.0,12.42,3.4965075614664802,-0.14107859825990543,-0.26469255422708216,-0.14107859825990543,-0.8342257788198508,30,48.0,40.0,32.0,24.0
2023-08-06,202332,48.0,48,48,48,0.8708902,35.01656,0,1,317070120233219949,2024-08-14,Varginha,1.276482,137078,0,0,1,2,,,,,91540,13.6,20.24,28.03,0.0,60.71,32.0,10.96,0.78150797,37.0,12.83,0.71686995,42.0,13.53,0.5575732,37.0,12.36,0.35118452,39.75,12.73,3.8918202981106265,0.39531273664414623,0.2542341383842408,0.13062018241706408,0.2542341383842408,31,40.0,32.0,24.0,50.0
2023-08-13,202333,40.0,40,40,40,0.59296167,29.180466,0,1,317070120233319956,2024-08-21,Varginha,1.0544323,137078,0,0,1,2,,,,,91540,15.64,20.69,26.73,1.5,63.14,48.0,13.6,1.276482,32.0,10.96,0.78150797,37.0,12.83,0.71686995,42.0,13.53,0.5575732,39.25,13.2575,3.713572066704308,-0.1782482314063185,0.21706450523782772,0.07598590697792229,-0.047628048989254435,32,32.0,24.0,50.0,66.0
2023-08-20,202334,32.0,32,32,32,0.15772536,23.344374,0,1,317070120233419962,2024-08-27,Varginha,0.7903635,137078,0,0,1,2,,,,,91540,14.23,20.59,27.9,6.7,60.43,40.0,15.64,1.0544323,48.0,13.6,1.276482,32.0,10.96,0.78150797,37.0,12.83,0.71686995,38.0,13.607500000000002,3.4965075614664802,-0.21706450523782772,-0.39531273664414623,0.0,-0.14107859825990543,33,24.0,50.0,66.0,36.0
2023-08-27,202335,24.0,24,24,24,0.031721048,17.50828,0,1,317070120233519969,2024-09-03,Varginha,0.62323904,137078,0,0,1,1,,,,,91540,14.69,18.47,23.11,24.9,77.0,32.0,14.23,0.7903635,40.0,15.64,1.0544323,48.0,13.6,1.276482,32.0,10.96,0.78150797,36.0,14.540000000000001,3.2188758248682006,-0.27763173659827967,-0.4946962418361074,-0.6729444732424259,-0.27763173659827967,34,50.0,66.0,36.0,42.0
2023-09-03,202336,50.0,50,50,50,0.96388143,36.475582,0,1,317070120233619978,2024-09-12,Varginha,1.4841099,137078,1,1,1,0,,,,,91540,17.07,22.31,28.51,6.1,65.14,24.0,14.69,0.62323904,32.0,14.23,0.7903635,40.0,15.64,1.0544323,48.0,13.6,1.276482,36.5,15.4075,3.9318256327243257,0.7129498078561252,0.4353180712578455,0.21825356602001778,0.04000533461369926,35,66.0,36.0,42.0,55.0
2023-09-10,202337,66.0,66,66,66,0.99896806,48.14777,0,3,317070120233719984,2024-09-18,Varginha,1.86671,137078,0,1,1,0,,,,,91540,15.76,22.2,29.44,3.3,55.71,50.0,17.07,1.4841099,24.0,14.69,0.62323904,32.0,14.23,0.7903635,40.0,15.64,1.0544323,43.0,15.4375,4.204692619390966,0.27286698666664,0.9858167945227652,0.7081850579244855,0.4911205526866578,36,36.0,42.0,55.0,60.0
2023-09-17,202338,36.0,36,36,36,0.14291584,26.26242,0,3,317070120233819990,2024-09-24,Varginha,0.78982687,137078,1,0,1,0,,,,,91540,17.64,25.2,32.97,0.0,45.86,66.0,15.76,1.86671,50.0,17.07,1.4841099,24.0,14.69,0.62323904,32.0,14.23,0.7903635,44.0,16.29,3.6109179126442243,-0.5937747067467414,-0.3209077200801014,0.3920420877760238,0.11441035117774412,37,42.0,55.0,60.0,40.0
2023-09-24,202339,42.0,42,42,42,0.17791884,30.63949,0,1,317070120233919998,2024-10-02,Varginha,0.8259535,137078,1,0,1,1,,,,,91540,18.99,25.21,32.21,2.7,57.57,36.0,17.64,0.78982687,66.0,15.76,1.86671,50.0,17.07,1.4841099,24.0,14.69,0.62323904,48.5,17.365,3.7612001156935624,0.15028220304933804,-0.44349250369740334,-0.17062551703076334,0.5423242908253618,38,55.0,60.0,40.0,66.0
2023-10-01,202340,55.0,55,55,55,0.80816895,40.123142,0,2,317070120234020005,2024-10-09,Varginha,1.188559,137078,1,0,1,3,,,,,91540,19.93,23.73,29.29,49.8,76.86,42.0,18.99,0.8259535,36.0,17.64,0.78982687,66.0,15.76,1.86671,50.0,17.07,1.4841099,49.75,18.08,4.02535169073515,0.26415157504158726,0.4144337780909253,-0.17934092865581608,0.09352605801082392,39,60.0,40.0,66.0,37.0
2023-10-08,202341,60.0,60,60,60,0.91740686,43.7707,0,2,317070120234120012,2024-10-16,Varginha,1.3099686,137078,1,0,1,1,,,,,91540,19.37,23.37,28.79,16.3,75.43,55.0,19.93,1.188559,42.0,18.99,0.8259535,36.0,17.64,0.78982687,66.0,15.76,1.86671,48.25,18.9825,4.110873864173311,0.08552217343816171,0.34967374847974897,0.499955951529087,-0.09381875521765437,40,40.0,66.0,37.0,57.0
2023-10-15,202342,40.0,40,40,40,0.12254116,29.180466,0,2,317070120234220019,2024-10-23,Varginha,0.78392357,137078,1,0,1,0,,,,,91540,18.4,22.69,28.11,16.8,73.43,60.0,19.37,1.3099686,55.0,19.93,1.188559,42.0,18.99,0.8259535,36.0,17.64,0.78982687,49.25,19.1725,3.713572066704308,-0.3973017974690034,-0.3117796240308417,-0.047628048989254435,0.1026541540600836,41,66.0,37.0,57.0,36.0
2023-10-22,202343,66.0,66,66,66,0.8858175,48.14777,0,2,317070120234320026,2024-10-30,Varginha,1.2470893,137078,1,0,1,1,,,,,91540,18.57,23.19,29.07,30.1,71.86,40.0,18.4,0.78392357,60.0,19.37,1.3099686,55.0,19.93,1.188559,42.0,18.99,0.8259535,55.25,19.067500000000003,4.204692619390966,0.4911205526866578,0.09381875521765437,0.17934092865581608,0.44349250369740334,42,37.0,57.0,36.0,42.0
2023-10-29,202344,37.0,37,37,37,0.05908987,26.991932,0,2,317070120234420032,2024-11-05,Varginha,0.71699554,137078,1,0,1,0,,,,,91540,19.33,23.11,28.64,64.4,79.43,66.0,18.57,1.2470893,40.0,18.4,0.78392357,60.0,19.37,1.3099686,55.0,19.93,1.188559,50.75,18.917499999999997,3.6375861597263857,-0.5671064596645801,-0.07598590697792229,-0.4732877044469257,-0.387765531008764,43,57.0,36.0,42.0,59.0
2023-11-05,202345,57.0,57,57,57,0.7010306,41.582165,0,2,317070120234520039,2024-11-12,Varginha,1.1061882,137078,1,0,1,2,,,,,91540,15.96,23.24,30.61,0.0,55.0,37.0,19.33,0.71699554,66.0,18.57,1.2470893,40.0,18.4,0.78392357,60.0,19.37,1.3099686,50.0,18.064999999999998,4.060443010546419,0.42285685082003344,-0.14424960884454663,0.34687094384211115,-0.05043085362689226,44,36.0,42.0,59.0,51.0
2023-11-12,202346,36.0,36,36,36,0.0793138,26.26242,0,2,317070120234620046,2024-11-19,Varginha,0.73619765,137078,1,0,1,0,,,,,91540,20.29,27.41,34.77,3.6,54.57,57.0,15.96,1.1061882,37.0,19.33,0.71699554,66.0,18.57,1.2470893,40.0,18.4,0.78392357,49.0,18.5375,3.6109179126442243,-0.44952509790219475,-0.02666824708216131,-0.5937747067467414,-0.1026541540600836,45,42.0,59.0,51.0,82.0
2023-11-19,202347,42.0,42,42,42,0.31832963,30.63949,0,1,317070120234720056,2024-11-29,Varginha,0.9047828,137078,1,0,1,1,,,,,91540,19.77,23.43,28.97,49.6,77.86,36.0,20.29,0.73619765,57.0,15.96,1.1061882,37.0,19.33,0.71699554,66.0,18.57,1.2470893,43.0,18.8375,3.7612001156935624,0.15028220304933804,-0.2992428948528567,0.12361395596717673,-0.44349250369740334,46,59.0,51.0,82.0,64.0
2023-11-26,202348,59.0,59,59,59,0.9342572,43.041187,0,2,317070120234820060,2024-12-03,Varginha,1.3470904,137078,1,0,1,4,,,,,91540,18.73,23.17,28.61,26.7,75.57,42.0,19.77,0.9047828,36.0,20.29,0.73619765,57.0,15.96,1.1061882,37.0,19.33,0.71699554,48.5,18.6875,4.0943445622221,0.33314444652853803,0.48342664957787607,0.03390155167568132,0.45675840249571475,47,51.0,82.0,64.0,61.0
2023-12-03,202349,51.0,51,51,51,0.7042048,37.205093,0,2,317070120234920067,2024-12-10,Varginha,1.1148348,137078,1,0,1,6,,,,,91540,19.9,24.64,30.76,23.6,72.71,59.0,18.73,1.3470904,42.0,19.77,0.9047828,36.0,20.29,0.73619765,57.0,15.96,1.1061882,47.0,19.6725,3.9512437185814275,-0.14310084364067288,0.19004360288786515,0.3403258059372032,-0.10919929196499156,48,82.0,64.0,61.0,258.0
2023-12-10,202350,82.0,82,82,82,0.9945462,59.819958,0,2,317070120235020074,2024-12-17,Varginha,1.5568792,137078,1,1,1,17,,,,,91540,19.2,23.99,29.67,19.2,68.14,51.0,19.9,1.1148348,59.0,18.73,1.3470904,42.0,19.77,0.9047828,36.0,20.29,0.73619765,58.5,19.4,4.418840607796598,0.46759688921517073,0.32449604557449785,0.6576404921030359,0.8079226951523739,49,64.0,61.0,258.0,345.0
2023-12-17,202351,64.0,64,64,64,0.628566,46.688747,0,2,317070120235120081,2024-12-24,Varginha,1.0604067,137078,1,0,1,13,,,,,91540,19.27,24.0,29.5,56.9,67.86,82.0,19.2,1.5568792,51.0,19.9,1.1148348,59.0,18.73,1.3470904,42.0,19.77,0.9047828,64.0,19.275,4.174387269895637,-0.24445333790096146,0.22314355131420927,0.08004270767353638,0.4131871542020744,50,61.0,258.0,345.0,572.0
2023-12-24,202352,61.0,61,61,61,0.29104808,44.50021,0,2,317070120235220088,2024-12-31,Varginha,0.907605,137078,1,0,1,25,,,,,91540,19.43,23.77,29.61,24.9,76.57,64.0,19.27,1.0604067,82.0,19.2,1.5568792,51.0,19.9,1.1148348,59.0,18.73,1.3470904,64.5,19.45,4.127134385045092,-0.04725288485054513,-0.2917062227515066,0.17589066646366414,0.032789822822991255,51,258.0,345.0,572.0,959.0
2023-12-31,202401,258.0,258,258,258,1.0,188.214,0,2,317070120240120096,2025-01-08,Varginha,3.3469772,137078,1,1,2,99,,,,,91540,18.7,22.07,26.86,78.4,80.43,61.0,19.43,0.907605,64.0,19.27,1.0604067,82.0,19.2,1.5568792,51.0,19.9,1.1148348,116.25,19.15,5.556828061699537,1.4296936766544457,1.3824407918039006,1.137987453902939,1.6055843431181098,52,345.0,572.0,959.0,1211.0
2024-01-07,202402,345.0,345,345,345,1.0,251.68152,0,4,317070120240220102,2025-01-14,Varginha,2.748168,137078,1,1,2,130,,,,,91540,19.69,23.63,28.53,33.8,79.57,258.0,18.7,3.3469772,61.0,19.43,0.907605,64.0,19.27,1.0604067,82.0,19.2,1.5568792,182.0,19.2725,5.846438775057725,0.28961071335818733,1.719304390012633,1.672051505162088,1.4275981672611264,1,572.0,959.0,1211.0,1530.0
2024-01-14,202403,572.0,572,572,572,1.0,417.28067,0,4,317070120240320109,2025-01-21,Varginha,2.425005,137078,1,1,2,274,,,,,91540,20.26,24.23,29.29,29.4,78.14,345.0,19.69,2.748168,258.0,18.7,3.3469772,61.0,19.43,0.907605,64.0,19.27,1.0604067,309.0,19.52,6.35088571671474,0.5044469416570152,0.7940576550152025,2.2237513316696482,2.176498446819103,2,959.0,1211.0,1530.0,2438.0
2024-01-21,202404,959.0,959,959,959,1.0,699.6017,0,4,317070120240420117,2025-01-29,Varginha,2.435022,137078,1,1,2,510,,,,,91540,17.97,22.11,27.44,22.8,77.14,572.0,20.26,2.425005,345.0,19.69,2.748168,258.0,18.7,3.3469772,61.0,19.43,0.907605,533.5,19.155,6.866933284461882,0.5160475677471421,1.0204945094041573,1.3101052227623446,2.7397988994167903,3,1211.0,1530.0,2438.0,3385.0
2024-01-28,202405,1211.0,1211,1211,1211,1.0,883.4386,0,4,317070120240520123,2025-02-04,Varginha,1.942833,137078,1,1,2,719,,,,,91540,18.09,22.5,27.96,12.8,75.43,959.0,17.97,2.435022,572.0,20.26,2.425005,345.0,19.69,2.748168,258.0,18.7,3.3469772,771.75,19.002499999999998,7.10002716662926,0.2330938821673776,0.7491414499145197,1.253588391571535,1.5431991049297222,4,1530.0,2438.0,3385.0,3962.0
2024-02-04,202406,1530.0,1530,1530,1530,1.0,1116.1528,0,4,317070120240620130,2025-02-11,Varginha,1.669569,137078,1,1,2,936,,,,,91540,18.9,22.99,28.54,33.3,75.86,1211.0,18.09,1.942833,959.0,17.97,2.435022,572.0,20.26,2.425005,345.0,19.69,2.748168,1068.0,18.805,7.333676395657684,0.23364922902842444,0.46674311119580203,0.9827906789429441,1.4872376205999593,5,2438.0,3385.0,3962.0,4586.0
2024-02-11,202407,2438.0,2438,2438,2438,1.0,1778.5494,0,4,317070120240720137,2025-02-18,Varginha,1.951242,137078,1,1,2,1403,,,,,91540,19.2,22.73,27.6,37.1,81.43,1530.0,18.9,1.669569,1211.0,18.09,1.942833,959.0,17.97,2.435022,572.0,20.26,2.425005,1534.5,18.54,7.79934339821592,0.4656670025582361,0.6993162315866606,0.9324101137540382,1.4484576815011803,6,3385.0,3962.0,4586.0,4813.0
2024-02-18,202408,3385.0,3385,3385,3385,1.0,2469.397,0,4,317070120240820145,2025-02-26,Varginha,1.9561372,137078,1,1,2,1895,,,,,91540,19.57,22.59,26.96,41.0,83.14,2438.0,19.2,1.951242,1530.0,18.9,1.669569,1211.0,18.09,1.942833,959.0,17.97,2.435022,2141.0,18.939999999999998,8.12740456269308,0.32806116447715983,0.793728167035396,1.0273773960638204,1.260471278231198,7,3962.0,4586.0,4813.0,5544.0
2024-02-25,202409,3962.0,3962,3962,3962,1.0,2890.3252,0,4,317070120240920154,2025-03-07,Varginha,1.6200988,137078,1,1,2,2366,,,,,91540,20.34,24.79,30.4,10.4,75.43,3385.0,19.57,1.9561372,2438.0,19.2,1.951242,1530.0,18.9,1.669569,1211.0,18.09,1.942833,2828.75,19.502499999999998,8.284756593190435,0.15735203049735524,0.48541319497451507,0.9510801975327512,1.1847294265611756,8,4586.0,4813.0,5544.0,4671.0
2024-03-03,202410,4586.0,4586,4586,4586,1.0,3345.5405,0,4,317070120241020158,2025-03-11,Varginha,1.417735,137078,1,1,2,2874,,,,,91540,20.29,23.91,28.99,32.9,77.71,3962.0,20.34,1.6200988,3385.0,19.57,1.9561372,2438.0,19.2,1.951242,1530.0,18.9,1.669569,3592.75,19.85,8.430981494597171,0.14622490140673605,0.3035769319040913,0.6316380963812511,1.0973050989394872,9,4813.0,5544.0,4671.0,3900.0
2024-03-10,202411,4813.0,4813,4813,4813,1.0,3511.1396,0,4,317070120241120165,2025-03-18,Varginha,1.2316422,137078,1,1,2,3032,,,,,91540,19.81,24.69,30.41,10.0,73.57,4586.0,20.29,1.417735,3962.0,20.34,1.6200988,3385.0,19.57,1.9561372,2438.0,19.2,1.951242,4186.5,20.002499999999998,8.479283618343016,0.048302123745845194,0.19452702515258125,0.3518790556499365,0.6799402201270963,10,5544.0,4671.0,3900.0,4260.0
2024-03-17,202412,5544.0,5544,5544,5544,1.0,4044.4126,0,4,317070120241220172,2025-03-25,Varginha,1.2469127,137078,1,1,2,3743,,,,,91540,20.21,23.73,28.67,64.7,80.71,4813.0,19.81,1.2316422,4586.0,20.29,1.417735,3962.0,20.34,1.6200988,3385.0,19.57,1.9561372,4726.25,20.1625,8.620651899784468,0.14136828144145142,0.1896704051872966,0.33589530659403266,0.4932473370913879,11,4671.0,3900.0,4260.0,2705.0
2024-03-24,202413,4671.0,4671,4671,4671,0.031010777,3407.549,0,4,317070120241320179,2025-04-01,Varginha,0.9624764,137078,1,0,2,3164,,,,,91540,18.9,20.67,23.3,78.9,89.14,5544.0,20.21,1.2469127,4813.0,19.81,1.2316422,4586.0,20.29,1.417735,3962.0,20.34,1.6200988,4903.5,19.8025,8.449342524508063,-0.17130937527640455,-0.029941093834953136,0.018361029910892057,0.1645859313176281,12,3900.0,4260.0,2705.0,1919.0
2024-03-31,202414,3900.0,3900,3900,3900,0.0,2845.0955,0,4,317070120241420188,2025-04-10,Varginha,0.7826593,137078,1,0,2,2259,,,,,91540,17.69,22.86,28.74,0.4,73.0,4671.0,18.9,0.9624764,5544.0,20.21,1.2469127,4813.0,19.81,1.2316422,4586.0,20.29,1.417735,4732.0,19.1525,8.268988209506656,-0.18035431500140753,-0.3516636902778121,-0.21029540883636066,-0.16199328509051547,13,4260.0,2705.0,1919.0,1832.0
2024-04-07,202415,4260.0,4260,4260,4260,1.1685694e-05,3107.7197,0,4,317070120241520192,2025-04-14,Varginha,0.9142799,137078,1,0,2,2522,,,,,91540,18.26,22.5,27.54,1.7,74.14,3900.0,17.69,0.7826593,4671.0,18.9,0.9624764,5544.0,20.21,1.2469127,4813.0,19.81,1.2316422,4593.75,18.765,8.357259153499912,0.08827094399325652,-0.092083371008151,-0.26339274628455556,-0.12202446484310414,14,2705.0,1919.0,1832.0,1787.0
2024-04-14,202416,2705.0,2705,2705,2705,0.0,1973.3291,0,4,317070120241620201,2025-04-23,Varginha,0.6464358,137078,1,0,2,1425,,,,,91540,18.26,22.06,26.84,4.7,75.14,4260.0,18.26,0.9142799,3900.0,17.69,0.7826593,4671.0,18.9,0.9624764,5544.0,20.21,1.2469127,3884.0,18.277500000000003,7.903226808730733,-0.4540323447691792,-0.3657614007759227,-0.5461157157773302,-0.7174250910537348,15,1919.0,1832.0,1787.0,1477.0
2024-04-21,202417,1919.0,1919,1919,1919,0.0,1399.9329,0,4,317070120241720207,2025-04-29,Varginha,0.5215905,137078,0,0,2,971,,,,,91540,15.43,21.19,27.81,0.1,70.71,2705.0,18.26,0.6464358,4260.0,18.26,0.9142799,3900.0,17.69,0.7826593,4671.0,18.9,0.9624764,3196.0,17.41,7.560080465021827,-0.34314634370890573,-0.7971786884780849,-0.7089077444848284,-0.8892620594862359,16,1832.0,1787.0,1477.0,1222.0
2024-04-28,202418,1832.0,1832,1832,1832,0.0,1336.4653,0,4,317070120241820214,2025-05-06,Varginha,0.6305404,137078,0,0,2,993,,,,,91540,15.69,22.1,29.49,0.0,70.29,1919.0,15.43,0.5215905,2705.0,18.26,0.6464358,4260.0,18.26,0.9142799,3900.0,17.69,0.7826593,2679.0,16.91,7.513709247839705,-0.04637121718212267,-0.3895175608910284,-0.8435499056602076,-0.7552789616669511,17,1787.0,1477.0,1222.0,745.0
2024-05-05,202419,1787.0,1787,1787,1787,1.3202994e-11,1303.6373,0,4,317070120241920224,2025-05-16,Varginha,0.809386,137078,0,0,2,930,,,,,91540,15.39,21.3,27.86,0.0,71.29,1832.0,15.69,0.6305404,1919.0,15.43,0.5215905,2705.0,18.26,0.6464358,4260.0,18.26,0.9142799,2060.75,16.1925,7.488852955733459,-0.024856292106245625,-0.0712275092883683,-0.41437385299727403,-0.8684061977664532,18,1477.0,1222.0,745.0,591.0
2024-05-12,202420,1477.0,1477,1477,1477,3.7553294e-12,1077.4888,0,4,317070120242020227,2025-05-19,Varginha,0.7886549,137078,1,0,2,696,,,,,91540,16.2,21.61,28.34,0.0,68.14,1787.0,15.39,0.809386,1832.0,15.69,0.6305404,1919.0,15.43,0.5215905,2705.0,18.26,0.6464358,1753.75,15.6775,7.298445101508147,-0.19040785422531226,-0.21526414633155788,-0.26163536351368055,-0.6047817072225863,19,1222.0,745.0,591.0,433.0
2024-05-19,202421,1222.0,1222,1222,1222,0.0,891.46326,0,4,317070120242120236,2025-05-28,Varginha,0.7169668,137078,0,0,2,544,,,,,91540,15.21,20.41,26.81,0.4,70.43,1477.0,16.2,0.7886549,1787.0,15.39,0.809386,1832.0,15.69,0.6305404,1919.0,15.43,0.5215905,1579.5,15.6225,7.109062135687172,-0.18938296582097447,-0.3797908200462867,-0.40464711215253235,-0.451018329334655,20,745.0,591.0,433.0,326.0
2024-05-26,202422,745.0,745,745,745,0.0,543.4862,0,4,317070120242220242,2025-06-03,Varginha,0.5081962,137078,0,0,2,316,,,,,91540,12.29,16.7,22.36,10.5,78.86,1222.0,15.21,0.7169668,1477.0,16.2,0.7886549,1787.0,15.39,0.809386,1832.0,15.69,0.6305404,1307.75,14.7725,6.61472560020376,-0.49433653548341194,-0.6837195013043864,-0.8741273555296987,-0.8989836476359443,21,591.0,433.0,326.0,330.0
2024-06-02,202423,591.0,591,591,591,0.0,431.1414,0,4,317070120242320249,2025-06-10,Varginha,0.5086176,137078,0,0,2,180,,,,,91540,12.19,17.74,24.94,0.0,72.86,745.0,12.29,0.5081962,1222.0,15.21,0.7169668,1477.0,16.2,0.7886549,1787.0,15.39,0.809386,1008.75,13.9725,6.3835066348840055,-0.23121896531975494,-0.7255555008031669,-0.9149384666241414,-1.1053463208494536,22,433.0,326.0,330.0,223.0
2024-06-09,202424,433.0,433,433,433,0.0,315.87854,0,4,317070120242420256,2025-06-17,Varginha,0.51109767,137078,0,0,2,122,,,,,91540,11.24,17.71,26.11,0.0,68.57,591.0,12.19,0.5086176,745.0,12.29,0.5081962,1222.0,15.21,0.7169668,1477.0,16.2,0.7886549,747.75,12.7325,6.073044534100405,-0.31046210078360037,-0.5416810661033553,-1.0360176015867673,-1.2254005674077417,23,326.0,330.0,223.0,193.0
2024-06-16,202425,326.0,326,326,326,0.0,237.8208,0,4,317070120242520263,2025-06-24,Varginha,0.53339255,137078,0,0,2,83,,,,,91540,10.63,17.19,25.46,0.0,67.0,433.0,11.24,0.51109767,591.0,12.19,0.5086176,745.0,12.29,0.5081962,1222.0,15.21,0.7169668,523.75,11.5875,5.7899601708972535,-0.28308436320315167,-0.593546463986752,-0.824765429306507,-1.319101964789919,24,330.0,223.0,193.0,164.0
2024-06-23,202426,330.0,330,330,330,2.3051614e-06,240.73885,0,4,317070120242620270,2025-07-01,Varginha,0.72007513,137078,0,0,2,73,,,,,91540,13.59,19.57,26.81,0.0,64.29,326.0,10.63,0.53339255,433.0,11.24,0.51109767,591.0,12.19,0.5086176,745.0,12.29,0.5081962,420.0,11.9125,5.802118375377063,0.01215820447980942,-0.27092615872334225,-0.5813882595069426,-0.8126072248266976,25,223.0,193.0,164.0,108.0
2024-06-30,202427,223.0,223,223,223,3.6852665e-09,162.6811,0,4,317070120242720278,2025-07-09,Varginha,0.6158605,137078,0,0,2,59,,,,,91540,12.4,17.73,24.43,2.6,70.86,330.0,13.59,0.72007513,326.0,10.63,0.53339255,433.0,11.24,0.51109767,591.0,12.19,0.5086176,328.0,11.965,5.4116460518550396,-0.3904723235220233,-0.3783141190422139,-0.6613984822453656,-0.9718605830289659,26,193.0,164.0,108.0,111.0
2024-07-07,202428,193.0,193,193,193,5.210366e-07,140.79575,0,4,317070120242820284,2025-07-15,Varginha,0.6411705,137078,0,0,2,43,,,,,91540,14.54,19.69,26.13,0.0,65.43,223.0,12.4,0.6158605,330.0,13.59,0.72007513,326.0,10.63,0.53339255,433.0,11.24,0.51109767,268.0,12.79,5.267858159063328,-0.14378789279171134,-0.5342602163137347,-0.5221020118339252,-0.8051863750370769,27,164.0,108.0,111.0,82.0
2024-07-14,202429,164.0,164,164,164,3.5011635e-05,119.639915,0,4,317070120242920291,2025-07-22,Varginha,0.6722149,137078,0,0,2,50,,,,,91540,10.89,17.37,24.97,0.0,65.29,193.0,14.54,0.6411705,223.0,12.4,0.6158605,330.0,13.59,0.72007513,326.0,10.63,0.53339255,227.5,12.855,5.10594547390058,-0.16191268516274793,-0.30570057795445926,-0.6961729014764826,-0.6840146969966732,28,108.0,111.0,82.0,87.0
2024-07-21,202430,108.0,108,108,108,1.8852519e-07,78.78726,0,4,317070120243020298,2025-07-29,Varginha,0.5516109,137078,0,0,2,43,,,,,91540,9.24,16.99,25.5,0.0,58.29,164.0,10.89,0.6722149,193.0,14.54,0.6411705,223.0,12.4,0.6158605,330.0,13.59,0.72007513,172.0,11.7675,4.6913478822291435,-0.41459759167143684,-0.5765102768341848,-0.7202981696258961,-1.1107704931479194,29,111.0,82.0,87.0,129.0
2024-07-28,202431,111.0,111,111,111,0.0020767536,80.97579,0,4,317070120243120305,2025-08-05,Varginha,0.70342433,137078,0,0,2,23,,,,,91540,12.41,18.44,25.84,1.5,63.29,108.0,9.24,0.5516109,164.0,10.89,0.6722149,193.0,14.54,0.6411705,223.0,12.4,0.6158605,144.0,11.770000000000001,4.718498871295094,0.027150989065950704,-0.38744660260548613,-0.5493592877682341,-0.6931471805599454,30,82.0,87.0,129.0,106.0
2024-08-04,202432,82.0,82,82,82,0.0011916998,59.819958,0,4,317070120243220312,2025-08-12,Varginha,0.65334386,137078,0,0,1,18,,,,,91540,13.23,19.24,25.71,4.7,61.0,111.0,12.41,0.70342433,108.0,9.24,0.5516109,164.0,10.89,0.6722149,193.0,14.54,0.6411705,116.25,11.4425,4.418840607796598,-0.2996582634984959,-0.2725072744325452,-0.687104866103982,-0.84901755126673,31,87.0,129.0,106.0,137.0
2024-08-11,202433,87.0,87,87,87,0.099972636,63.467514,0,1,317070120243320321,2025-08-21,Varginha,0.83098966,137078,0,0,1,48,,,,,91540,8.47,16.89,26.37,0.0,54.0,82.0,13.23,0.65334386,111.0,12.41,0.70342433,108.0,9.24,0.5516109,164.0,10.89,0.6722149,97.0,10.837499999999999,4.477336814478207,0.0584962066816086,-0.2411620568168873,-0.2140110677509366,-0.6286086594223734,32,129.0,106.0,137.0,125.0
2024-08-18,202434,129.0,129,129,129,0.9903714,94.107,0,1,317070120243420328,2025-08-28,Varginha,1.3698293,137078,0,1,2,73,,,,,91540,13.8,22.29,30.96,0.0,41.29,87.0,8.47,0.83098966,82.0,13.23,0.65334386,111.0,12.41,0.70342433,108.0,9.24,0.5516109,102.25,11.977500000000001,4.867534450455582,0.39019763597737533,0.44869384265898393,0.14903557916048804,0.17618656822643874,33,106.0,137.0,125.0,178.0
2024-08-25,202435,106.0,106,106,106,0.713184,77.32824,0,1,317070120243520333,2025-09-02,Varginha,1.0818455,137078,0,0,1,45,,,,,91540,11.7,18.36,25.97,9.7,58.0,129.0,13.8,1.3698293,87.0,8.47,0.83098966,82.0,13.23,0.65334386,111.0,12.41,0.70342433,101.0,11.8,4.672828834461906,-0.19470561599367642,0.19549201998369892,0.2539882266653075,-0.04567003683318838,34,137.0,125.0,178.0,187.0
2024-09-01,202436,137.0,137,137,137,0.95441777,99.9431,0,1,317070120243620340,2025-09-09,Varginha,1.2398801,137078,1,1,2,38,,,,,91540,15.67,23.54,31.96,0.0,44.29,106.0,11.7,1.0818455,129.0,13.8,1.3698293,87.0,8.47,0.83098966,82.0,13.23,0.65334386,114.75,12.41,4.927253685157205,0.2544248506952993,0.05971923470162288,0.4499168706789982,0.5084130773606068,35,125.0,178.0,187.0,109.0
2024-09-08,202437,125.0,125,125,125,0.6623216,91.18896,0,4,317070120243720347,2025-09-16,Varginha,1.0550606,137078,0,0,2,33,,,,,91540,15.2,23.59,31.94,0.0,41.57,137.0,15.67,1.2398801,106.0,11.7,1.0818455,129.0,13.8,1.3698293,87.0,8.47,0.83098966,124.25,14.092500000000001,4.836281906951478,-0.0909717782057271,0.1634530724895722,-0.031252543504104224,0.3589450924732711,36,178.0,187.0,109.0,84.0
2024-09-15,202438,178.0,178,178,178,0.99812526,129.85307,0,4,317070120243820354,2025-09-23,Varginha,1.3958347,137078,1,1,2,61,,,,,91540,16.8,22.84,29.63,4.0,53.71,125.0,15.2,1.0550606,137.0,15.67,1.2398801,106.0,11.7,1.0818455,129.0,13.8,1.3698293,136.5,14.8425,5.187385805840755,0.35110389888927696,0.26013212068354985,0.5145569713788491,0.31985135538517273,37,187.0,109.0,84.0,87.0
2024-09-22,202439,187.0,187,187,187,0.9930317,136.41869,0,4,317070120243920363,2025-10-02,Varginha,1.31236,137078,1,1,2,8,,,,,91540,18.6,25.39,32.69,0.7,47.0,178.0,16.8,1.3958347,125.0,15.2,1.0550606,137.0,15.67,1.2398801,106.0,11.7,1.0818455,156.75,16.567500000000003,5.236441962829949,0.0490561569891943,0.40016005587847125,0.30918827767274415,0.5636131283680434,38,109.0,84.0,87.0,38.0
2024-09-29,202440,109.0,109,109,109,0.00084700785,79.51677,0,4,317070120244020368,2025-10-07,Varginha,0.6800788,137078,1,0,2,6,,,,,91540,18.09,24.53,31.89,0.2,49.14,187.0,18.6,1.31236,178.0,16.8,1.3958347,125.0,15.2,1.0550606,137.0,15.67,1.2398801,149.75,17.1725,4.700480365792417,-0.5359615970375327,-0.48690544004833836,-0.1358015411590614,-0.2267733193647885,39,84.0,87.0,38.0,80.0
2024-10-06,202441,84.0,84,84,84,1.3697935e-06,61.27898,0,4,317070120244120376,2025-10-15,Varginha,0.53862226,137078,1,0,1,7,,,,,91540,18.1,23.51,29.89,64.8,63.0,109.0,18.09,0.6800788,187.0,18.6,1.31236,178.0,16.8,1.3958347,125.0,15.2,1.0550606,139.5,17.8975,4.442651256490317,-0.2578291093020999,-0.7937907063396326,-0.7447345493504383,-0.3936306504611613,40,87.0,38.0,80.0,86.0
2024-10-13,202442,87.0,87,87,87,0.0053090975,63.467514,0,2,317070120244220381,2025-10-20,Varginha,0.701959,137078,1,0,1,9,,,,,91540,17.63,22.5,28.71,29.5,68.0,84.0,18.1,0.53862226,109.0,18.09,0.6800788,187.0,18.6,1.31236,178.0,16.8,1.3958347,116.75,18.105,4.477336814478207,0.03468555798789019,-0.2231435513142097,-0.7591051483517424,-0.7100489913625481,41,38.0,80.0,86.0,108.0
2024-10-20,202443,38.0,38,38,38,3.4964805e-07,27.721443,0,2,317070120244320389,2025-10-28,Varginha,0.40472385,137078,1,0,1,1,,,,,91540,18.99,22.03,26.57,72.0,81.29,87.0,17.63,0.701959,84.0,18.1,0.53862226,109.0,18.09,0.6800788,187.0,18.6,1.31236,79.5,18.2025,3.6635616461296463,-0.8137751683485606,-0.7790896103606704,-1.0369187196627703,-1.572880316700303,42,80.0,86.0,108.0,88.0
2024-10-27,202444,80.0,80,80,80,0.6477968,58.36093,0,2,317070120244420395,2025-11-03,Varginha,1.0626222,137078,1,0,1,3,,,,,91540,18.21,22.11,27.19,9.4,69.71,38.0,18.99,0.40472385,87.0,17.63,0.701959,84.0,18.1,0.53862226,109.0,18.09,0.6800788,72.25,18.232499999999998,4.394449154672439,0.7308875085427928,-0.08288765980576773,-0.04820210181787754,-0.30603121111997744,43,86.0,108.0,88.0,93.0
2024-11-03,202445,86.0,86,86,86,0.9548744,62.738003,0,2,317070120244520404,2025-11-12,Varginha,1.3178916,137078,1,1,1,6,,,,,91540,19.31,21.23,24.14,104.0,85.57,80.0,18.21,1.0626222,38.0,18.99,0.40472385,87.0,17.63,0.701959,84.0,18.1,0.53862226,72.75,18.535,4.465908118654584,0.07145896398214457,0.8023464725249374,-0.011428695823623158,0.023256862164267034,44,108.0,88.0,93.0,77.0
2024-11-10,202446,108.0,108,108,108,0.99572414,78.78726,0,3,317070120244620411,2025-11-19,Varginha,1.4828008,137078,1,1,2,8,,,,,91540,17.93,21.59,25.91,32.6,75.86,86.0,19.31,1.3178916,80.0,18.21,1.0626222,38.0,18.99,0.40472385,87.0,17.63,0.701959,78.0,18.61,4.6913478822291435,0.22543976357455975,0.2968987275567043,1.0277862360994972,0.2140110677509366,45,88.0,93.0,77.0,91.0
2024-11-17,202447,88.0,88,88,88,0.5302194,64.19703,0,3,317070120244720418,2025-11-26,Varginha,1.0115016,137078,1,0,1,3,,,,,91540,18.64,22.86,27.9,12.9,72.71,108.0,17.93,1.4828008,86.0,19.31,1.3178916,80.0,18.21,1.0626222,38.0,18.99,0.40472385,90.5,18.5225,4.48863636973214,-0.2027115124970038,0.02272825107755594,0.09418721505970051,0.8250747236024933,46,93.0,77.0,91.0,91.0
2024-11-24,202448,93.0,93,93,93,0.45024696,67.84458,0,2,317070120244820425,2025-12-03,Varginha,0.98195225,137078,1,0,1,14,,,,,91540,17.47,22.96,28.66,6.3,65.57,88.0,18.64,1.0115016,108.0,17.93,1.4828008,86.0,19.31,1.3178916,80.0,18.21,1.0626222,93.75,18.3375,4.543294782270004,0.05465841253786419,-0.14805309995913962,0.07738666361542013,0.1488456275975647,47,77.0,91.0,91.0,55.0
2024-12-01,202449,77.0,77,77,77,0.11047994,56.172398,0,2,317070120244920432,2025-12-10,Varginha,0.82881856,137078,1,0,1,8,,,,,91540,19.51,23.37,28.09,64.3,77.71,93.0,17.47,0.98195225,88.0,18.64,1.0115016,108.0,17.93,1.4828008,86.0,19.31,1.3178916,91.5,18.3875,4.356708826689592,-0.18658595558041213,-0.13192754304254795,-0.33463905553955176,-0.109199291964992,48,91.0,91.0,55.0,70.0
2024-12-08,202450,91.0,91,91,91,0.58412445,66.38556,0,2,317070120245020438,2025-12-16,Varginha,1.0321801,137078,1,0,1,3,,,,,91540,19.21,22.97,27.76,23.5,72.71,77.0,19.51,0.82881856,93.0,17.47,0.98195225,88.0,18.64,1.0115016,108.0,17.93,1.4828008,87.25,18.7075,4.5217885770490405,0.16507975035944877,-0.02150620522096336,0.03315220731690083,-0.16955930518010298,49,91.0,55.0,70.0,67.0
2024-12-15,202451,91.0,91,91,91,0.6638492,66.38556,0,2,317070120245120438,2025-12-16,Varginha,1.0656259,137078,1,0,1,8,,,,,91540,18.76,22.23,27.0,87.1,78.71,91.0,19.21,1.0321801,77.0,19.51,0.82881856,93.0,17.47,0.98195225,88.0,18.64,1.0115016,88.0,18.7375,4.5217885770490405,0.0,0.16507975035944877,-0.02150620522096336,0.03315220731690083,50,55.0,70.0,67.0,79.0
2024-12-22,202452,55.0,55,55,55,0.004942975,40.123142,0,2,317070120245220438,2025-12-16,Varginha,0.6444048,137078,1,0,1,11,,,,,91540,19.56,22.27,26.54,109.5,83.86,91.0,18.76,1.0656259,91.0,19.21,1.0321801,77.0,19.51,0.82881856,93.0,17.47,0.98195225,78.5,19.26,4.02535169073515,-0.4964368863138908,-0.4964368863138908,-0.33135713595444205,-0.5179430915348542,51,70.0,67.0,79.0,59.0
2024-12-29,202501,70.0,70,70,70,0.20654656,51.065815,0,2,317070120250120460,2026-01-07,Varginha,0.8750848,137078,1,0,1,2,,,,,91540,17.99,21.8,27.49,62.2,79.43,55.0,19.56,0.6444048,91.0,18.76,1.0656259,91.0,19.21,1.0321801,77.0,19.51,0.82881856,76.75,18.88,4.2626798770413155,0.2373281863061658,-0.259108700007725,-0.259108700007725,-0.09402894964827624,52,67.0,79.0,59.0,93.0
2025-01-05,202502,67.0,67,67,67,0.4056556,48.87728,0,2,317070120250220460,2026-01-07,Varginha,0.96011215,137078,1,0,1,8,,,,,91540,17.91,22.59,28.23,30.8,75.29,70.0,17.99,0.8750848,55.0,19.56,0.6444048,91.0,18.76,1.0656259,91.0,19.21,1.0321801,70.75,18.555,4.219507705176107,-0.0431721718652085,0.19415601444095731,-0.3022808718729335,-0.3022808718729335,1,79.0,59.0,93.0,153.0
2025-01-12,202503,79.0,79,79,79,0.8396927,57.63142,0,2,317070120250320486,2026-02-02,Varginha,1.1784257,137078,1,0,1,10,,,,,91540,19.37,22.96,27.76,20.7,76.29,67.0,17.91,0.96011215,70.0,17.99,0.8750848,55.0,19.56,0.6444048,91.0,18.76,1.0656259,67.75,18.7075,4.382026634673881,0.16251892949777424,0.11934675763256575,0.35667494393873156,-0.13976194237515926,2,59.0,93.0,153.0,183.0
2025-01-19,202504,59.0,59,59,59,0.17948411,43.041187,0,2,317070120250420491,2026-02-07,Varginha,0.8507162,137078,1,0,1,7,,,,,91540,19.97,24.64,30.64,37.2,73.71,79.0,19.37,1.1784257,67.0,17.91,0.96011215,70.0,17.99,0.8750848,55.0,19.56,0.6444048,68.75,18.81,4.0943445622221,-0.2876820724517808,-0.12516314295400655,-0.16833531481921504,0.06899287148695077,3,93.0,153.0,183.0,193.0
2025-01-26,202505,93.0,93,93,93,0.95726234,67.84458,0,2,317070120250520495,2026-02-11,Varginha,1.3087283,137078,1,1,1,8,,,,,91540,19.7,22.03,26.4,105.2,86.71,59.0,19.97,0.8507162,79.0,19.37,1.1784257,67.0,17.91,0.96011215,70.0,17.99,0.8750848,74.5,19.2375,4.543294782270004,0.4489502200479034,0.16126814759612262,0.32378707709389687,0.28061490522868837,4,153.0,183.0,193.0,190.0
2025-02-02,202506,153.0,153,153,153,0.99999976,111.61529,0,3,317070120250620503,2026-02-19,Varginha,1.9779632,137078,1,1,1,10,,,,,91540,18.73,23.04,28.27,43.6,76.71,93.0,19.7,1.3087283,59.0,19.97,0.8507162,79.0,19.37,1.1784257,67.0,17.91,0.96011215,96.0,19.442500000000003,5.0369526024136295,0.4936578201436257,0.9426080401915291,0.6549259677397483,0.8174448972375226,5,183.0,193.0,190.0,186.0
2025-02-09,202507,183.0,183,183,183,0.9999991,133.50064,0,3,317070120250720508,2026-02-24,Varginha,1.7792653,137078,1,1,1,13,,,,,91540,18.47,23.63,29.4,4.3,70.43,153.0,18.73,1.9779632,93.0,19.7,1.3087283,59.0,19.97,0.8507162,79.0,19.37,1.1784257,122.0,19.2175,5.214935757608986,0.17798315519535635,0.671640975338982,1.1205911953868855,0.8329091229351047,6,193.0,190.0,186.0,161.0
2025-02-16,202508,193.0,193,193,193,0.9975074,140.79575,0,3,317070120250820516,2026-03-04,Varginha,1.3611968,137078,1,1,1,8,,,,,91540,19.6,25.41,31.34,0.2,62.0,183.0,18.47,1.7792653,153.0,18.73,1.9779632,93.0,19.7,1.3087283,59.0,19.97,0.8507162,155.5,19.125,5.267858159063328,0.05292240145434235,0.2309055566496987,0.7245633767933244,1.1735135968412278,7,190.0,186.0,161.0,169.0
2025-02-23,202509,190.0,190,190,190,0.8243954,138.60722,0,3,317070120250920522,2026-03-10,Varginha,1.1028564,137078,1,0,1,15,,,,,91540,18.9,24.46,30.23,1.0,61.14,193.0,19.6,1.3611968,183.0,18.47,1.7792653,153.0,18.73,1.9779632,93.0,19.7,1.3087283,179.75,18.924999999999997,5.25227342804663,-0.015584731016698328,0.03733767043764402,0.21532082563300037,0.7089786457766261,8,186.0,161.0,169.0,206.0
2025-03-02,202510,186.0,186,186,186,0.5005373,135.68916,0,2,317070120251020529,2026-03-17,Varginha,1.0001395,137078,1,0,1,14,,,,,91540,18.54,24.09,30.13,0.5,60.57,190.0,18.9,1.1028564,193.0,19.6,1.3611968,183.0,18.47,1.7792653,153.0,18.73,1.9779632,188.0,18.877499999999998,5.231108616854587,-0.021164811192043054,-0.03674954220874138,0.016172859245600968,0.19415601444095731,9,161.0,169.0,206.0,207.0
2025-03-09,202511,161.0,161,161,161,0.08315788,117.45138,0,2,317070120251120536,2026-03-24,Varginha,0.8620254,137078,1,0,1,8,,,,,91540,19.07,24.14,30.49,11.2,69.14,186.0,18.54,1.0001395,190.0,18.9,1.1028564,193.0,19.6,1.3611968,183.0,18.47,1.7792653,182.5,19.0275,5.087596335232384,-0.1435122816222032,-0.16467709281424625,-0.18026182383094458,-0.12733942237660223,10,169.0,206.0,207.0,213.0
2025-03-16,202512,169.0,169,169,169,0.2864549,123.28747,0,2,317070120251220544,2026-04-01,Varginha,0.9414446,137078,1,0,1,13,,,,,91540,18.73,22.37,27.27,47.7,78.0,161.0,19.07,0.8620254,186.0,18.54,1.0001395,190.0,18.9,1.1028564,193.0,19.6,1.3611968,176.5,18.81,5.135798437050262,0.04820210181787843,-0.09531017980432477,-0.11647499099636782,-0.13205972201306615,11,206.0,207.0,213.0,219.0
2025-03-23,202513,206.0,206,206,206,0.9582636,150.2794,0,2,317070120251320552,2026-04-09,Varginha,1.1949663,137078,1,1,1,21,,,,,91540,18.69,22.61,28.16,24.2,77.0,169.0,18.73,0.9414446,161.0,19.07,0.8620254,186.0,18.54,1.0001395,190.0,18.9,1.1028564,180.5,18.7575,5.332718793265369,0.19692035621510673,0.24512245803298516,0.10161017641078196,0.0804453652187389,12,207.0,213.0,219.0,287.0
2025-03-30,202514,207.0,207,207,207,0.9283748,151.00891,0,2,317070120251420557,2026-04-14,Varginha,1.1608924,137078,1,0,1,13,,,,,91540,19.34,22.53,27.59,29.9,80.86,206.0,18.69,1.1949663,169.0,18.73,0.9414446,161.0,19.07,0.8620254,186.0,18.54,1.0001395,185.75,18.9575,5.337538079701318,0.004819286435949088,0.20173964265105582,0.24994174446893425,0.10642946284673105,13,213.0,219.0,287.0,214.0
2025-04-06,202515,213.0,213,213,213,0.82445586,155.38599,0,1,317070120251520566,2026-04-23,Varginha,1.0967748,137078,0,0,1,25,,,,,91540,15.67,20.47,26.09,13.4,74.86,207.0,19.34,1.1608924,206.0,18.69,1.1949663,169.0,18.73,0.9414446,161.0,19.07,0.8620254,198.75,18.1075,5.365976015021851,0.028437935320533292,0.03325722175648238,0.2301775779715891,0.27837967978946754,14,219.0,287.0,214.0,266.0
2025-04-13,202516,219.0,219,219,219,0.7416143,159.76306,0,1,317070120251620571,2026-04-28,Varginha,1.0648955,137078,1,0,1,28,,,,,91540,17.86,21.16,25.7,37.3,81.0,213.0,15.67,1.0967748,207.0,19.34,1.1608924,206.0,18.69,1.1949663,169.0,18.73,0.9414446,211.25,17.89,5.393627546352362,0.027651531330510792,0.056089466651044084,0.06090875308699317,0.2578291093020999,15,287.0,214.0,266.0,224.0
2025-04-20,202517,287.0,287,287,287,0.99931395,209.36984,0,1,317070120251720578,2026-05-05,Varginha,1.3321414,137078,1,1,2,45,,,,,91540,17.16,20.46,24.86,16.2,82.0,219.0,17.86,1.0648955,213.0,15.67,1.0967748,207.0,19.34,1.1608924,206.0,18.69,1.1949663,231.5,17.5075,5.662960480135946,0.26933293378358414,0.29698446511409493,0.3254224004346282,0.3302416868705773,16,214.0,266.0,224.0,189.0
2025-04-27,202518,214.0,214,214,214,0.19650961,156.1155,0,1,317070120251820587,2026-05-14,Varginha,0.9223353,137078,0,0,1,34,,,,,91540,16.06,19.99,25.11,8.5,76.14,287.0,17.16,1.3321414,219.0,17.86,1.0648955,213.0,15.67,1.0967748,207.0,19.34,1.1608924,233.25,16.6875,5.3706380281276624,-0.29232245200828366,-0.022989518224699523,0.004662013105811269,0.03309994842634456,17,266.0,224.0,189.0,156.0
2025-05-04,202519,266.0,266,266,266,0.8109111,194.05011,0,1,317070120251920592,2026-05-19,Varginha,1.080964,137078,0,0,1,33,,,,,91540,14.47,19.4,25.09,0.1,73.86,214.0,16.06,0.9223353,287.0,17.16,1.3321414,219.0,17.86,1.0648955,213.0,15.67,1.0967748,246.5,16.3875,5.58724865840025,0.2166106302725872,-0.07571182173569646,0.19362111204788768,0.22127264337839847,18,224.0,189.0,156.0,141.0
2025-05-11,202520,224.0,224,224,224,0.17649838,163.41061,0,1,317070120252020599,2026-05-26,Varginha,0.9177565,137078,0,0,1,19,,,,,91540,14.71,18.46,23.2,0.2,73.57,266.0,14.47,1.080964,214.0,16.06,0.9223353,287.0,17.16,1.3321414,219.0,17.86,1.0648955,247.75,15.6,5.41610040220442,-0.17114825619582952,0.04546237407675768,-0.24686007793152598,0.02247285585205816,19,189.0,156.0,141.0,90.0
2025-05-18,202521,189.0,189,189,189,0.007913691,137.8777,0,1,317070120252120608,2026-06-04,Varginha,0.79145426,137078,0,0,1,18,,,,,91540,11.74,17.97,25.1,0.2,72.29,224.0,14.71,0.9177565,266.0,14.47,1.080964,214.0,16.06,0.9223353,287.0,17.16,1.3321414,223.25,14.245,5.247024072160486,-0.16907633004393396,-0.3402245862397635,-0.12361395596717628,-0.41593640797545994,20,156.0,141.0,90.0,66.0
2025-05-25,202522,156.0,156,156,156,0.0004079076,113.80382,0,1,317070120252220619,2026-06-15,Varginha,0.7067203,137078,0,0,1,13,,,,,91540,13.69,17.93,23.49,0.2,77.29,189.0,11.74,0.79145426,224.0,14.71,0.9177565,266.0,14.47,1.080964,214.0,16.06,0.9223353,208.75,13.6525,5.056245805348308,-0.19077826681217847,-0.35985459685611243,-0.531002853051942,-0.31439222277935475,21,141.0,90.0,66.0,52.0
2025-06-01,202523,141.0,141,141,141,0.0032882318,102.861145,0,1,317070120252320621,2026-06-17,Varginha,0.74089473,137078,0,0,1,6,,,,,91540,14.07,18.66,24.66,1.8,78.43,156.0,13.69,0.7067203,189.0,11.74,0.79145426,224.0,14.71,0.9177565,266.0,14.47,1.080964,177.5,13.5525,4.955827057601261,-0.10041874774704684,-0.2911970145592253,-0.4602733446031593,-0.6314216007989888,22,90.0,66.0,52.0,50.0
2025-06-08,202524,90.0,90,90,90,3.7622228e-06,65.65605,0,1,317070120252420627,2026-06-23,Varginha,0.56163496,137078,0,0,1,7,,,,,91540,11.57,15.51,20.76,7.7,76.57,141.0,14.07,0.74089473,156.0,13.69,0.7067203,189.0,11.74,0.79145426,224.0,14.71,0.9177565,144.0,12.7675,4.51085950651685,-0.4449675510844111,-0.545386298831458,-0.7361645656436364,-0.9052408956875704,23,66.0,52.0,50.0,42.0
2025-06-15,202525,66.0,66,66,66,1.5889282e-06,48.14777,0,1,317070120252520636,2026-07-02,Varginha,0.5054682,137078,0,0,1,1,,,,,91540,10.76,16.66,23.39,0.0,69.43,90.0,11.57,0.56163496,141.0,14.07,0.74089473,156.0,13.69,0.7067203,189.0,11.74,0.79145426,113.25,12.5225,4.204692619390966,-0.306166887125884,-0.7511344382102951,-0.851553185957342,-1.0423314527695204,24,52.0,50.0,42.0,30.0
2025-06-22,202526,52.0,52,52,52,7.126832e-05,37.93461,0,1,317070120252620642,2026-07-08,Varginha,0.53012073,137078,0,0,1,3,,,,,91540,11.51,17.47,23.64,8.9,72.43,66.0,10.76,0.5054682,90.0,11.57,0.56163496,141.0,14.07,0.74089473,156.0,13.69,0.7067203,87.25,11.977500000000001,3.970291913552122,-0.23440070583884376,-0.5405675929647278,-0.9855351440491389,-1.0859538917961857,25,50.0,42.0,30.0,31.0
2025-06-29,202527,50.0,50,50,50,0.023807978,36.475582,0,1,317070120252720647,2026-07-13,Varginha,0.6971624,137078,0,0,1,2,,,,,91540,11.56,16.96,23.64,0.0,70.29,52.0,11.51,0.53012073,66.0,10.76,0.5054682,90.0,11.57,0.56163496,141.0,14.07,0.74089473,64.5,11.350000000000001,3.9318256327243257,-0.03846628082779624,-0.27286698666664,-0.579033873792524,-1.0240014248769351,26,42.0,30.0,31.0,28.0
2025-07-06,202528,42.0,42,42,42,0.069696024,30.63949,0,1,317070120252820654,2026-07-20,Varginha,0.742227,137078,0,0,1,1,,,,,91540,10.64,16.21,22.27,0.0,67.0,50.0,11.56,0.6971624,52.0,11.51,0.53012073,66.0,10.76,0.5054682,90.0,11.57,0.56163496,52.5,11.1175,3.7612001156935624,-0.17062551703076334,-0.20909179785855958,-0.44349250369740334,-0.7496593908232874,27,30.0,31.0,28.0,47.0
2025-07-13,202529,30.0,30,30,30,0.018382292,21.88535,0,1,317070120252920662,2026-07-28,Varginha,0.62120205,137078,0,0,1,0,,,,,91540,10.51,16.6,23.6,0.0,59.71,42.0,10.64,0.742227,50.0,11.56,0.6971624,52.0,11.51,0.53012073,66.0,10.76,0.5054682,43.5,11.055,3.4339872044851463,-0.3272129112084161,-0.49783842823917945,-0.5363047090669757,-0.7707054149058195,28,31.0,28.0,47.0,34.0
2025-07-20,202530,31.0,31,31,31,0.11976441,22.614862,0,1,317070120253020671,2026-08-06,Varginha,0.75796026,137078,0,0,1,0,,,,,91540,11.66,17.56,24.69,5.2,69.29,30.0,10.51,0.62120205,42.0,10.64,0.742227,50.0,11.56,0.6971624,52.0,11.51,0.53012073,38.25,11.0925,3.4657359027997265,0.03174869831458027,-0.29546421289383584,-0.4660897299245992,-0.5045560107523954,29,28.0,47.0,34.0,41.0
2025-07-27,202531,28.0,28,28,28,0.21832661,20.426327,0,1,317070120253120676,2026-08-11,Varginha,0.82152754,137078,0,0,0,0,,,,,91540,9.81,16.09,23.57,1.4,62.43,31.0,11.66,0.75796026,30.0,10.51,0.62120205,42.0,10.64,0.742227,50.0,11.56,0.6971624,32.75,10.655000000000001,3.367295829986474,-0.0984400728132524,-0.06669137449867213,-0.39390428570708824,-0.5645298027378516,30,47.0,34.0,41.0,40.0
2025-08-03,202532,47.0,47,47,47,0.961873,34.28705,0,1,317070120253220683,2026-08-18,Varginha,1.4951316,137078,0,1,1,0,,,,,91540,11.9,17.39,24.14,0.2,60.86,28.0,9.81,0.82152754,31.0,11.66,0.75796026,30.0,10.51,0.62120205,42.0,10.64,0.742227,34.0,10.97,3.871201010907891,0.503905180921417,0.4054651081081646,0.4372138064227449,0.11000089521432876,31,34.0,41.0,40.0,44.0
2025-08-10,202533,34.0,34,34,34,0.5150024,24.803396,0,1,317070120253320689,2026-08-24,Varginha,1.0091288,137078,0,0,1,2,,,,,91540,9.09,16.29,24.06,0.0,58.86,47.0,11.9,1.4951316,28.0,9.81,0.82152754,31.0,11.66,0.75796026,30.0,10.51,0.62120205,35.0,10.615,3.5553480614894135,-0.31585294941847764,0.18805223150293937,0.08961215868968697,0.12136085700426724,32,41.0,40.0,44.0,66.0
2025-08-17,202534,41.0,41,41,41,0.6424215,29.909979,0,1,317070120253420698,2026-09-02,Varginha,1.0852741,137078,0,0,1,0,,,,,91540,13.34,20.43,28.07,0.0,56.57,34.0,9.09,1.0091288,47.0,11.9,1.4951316,28.0,9.81,0.82152754,31.0,11.66,0.75796026,37.5,11.035,3.7376696182833684,0.1823215567939549,-0.13353139262452274,0.37037378829689427,0.27193371548364187,33,40.0,44.0,66.0,72.0
2025-08-24,202535,40.0,40,40,40,0.5598999,29.180466,0,1,317070120253520707,2026-09-11,Varginha,1.0343852,137078,0,0,1,0,,,,,91540,14.71,20.36,26.53,7.6,57.71,41.0,13.34,1.0852741,34.0,9.09,1.0091288,47.0,11.9,1.4951316,28.0,9.81,0.82152754,40.5,12.26,3.713572066704308,-0.02409755157906046,0.15822400521489444,-0.1576289442035832,0.3462762367178338,34,44.0,66.0,72.0,76.0
2025-08-31,202536,44.0,44,44,44,0.69750667,32.098515,0,1,317070120253620713,2026-09-17,Varginha,1.119481,137078,0,0,1,2,,,,,91540,13.49,19.57,26.06,1.9,58.29,40.0,14.71,1.0343852,41.0,13.34,1.0852741,34.0,9.09,1.0091288,47.0,11.9,1.4951316,39.75,12.657499999999999,3.8066624897703196,0.09309042306601167,0.06899287148695121,0.2513144282809061,-0.06453852113757153,35,66.0,72.0,76.0,75.0
2025-09-07,202537,66.0,66,66,66,0.9896491,48.14777,0,1,317070120253720719,2026-09-23,Varginha,1.5663421,137078,0,1,1,1,,,,,91540,14.59,21.64,29.4,0.1,53.57,44.0,13.49,1.119481,40.0,14.71,1.0343852,41.0,13.34,1.0852741,34.0,9.09,1.0091288,47.75,14.0325,4.204692619390966,0.3980301296206461,0.4911205526866578,0.4670230011075973,0.6493445579015522,36,72.0,76.0,75.0,67.0
2025-09-14,202538,72.0,72,72,72,0.9802175,52.52484,0,3,317070120253820719,2026-09-23,Varginha,1.4557115,137078,0,1,1,0,,,,,91540,15.31,21.61,29.11,5.2,61.0,66.0,14.59,1.5663421,44.0,13.49,1.119481,40.0,14.71,1.0343852,41.0,13.34,1.0852741,55.5,14.525,4.290459441148391,0.08576682175742523,0.4837969513780713,0.576887374444083,0.5527898228650225,37,76.0,75.0,67.0,55.0
2025-09-21,202539,76.0,76,76,76,0.9032918,55.442886,0,3,317070120253920719,2026-09-23,Varginha,1.2490125,137078,0,0,1,2,,,,,91540,15.3,20.34,26.37,12.4,62.71,72.0,15.31,1.4557115,66.0,14.59,1.5663421,44.0,13.49,1.119481,40.0,14.71,1.0343852,64.5,14.6725,4.343805421853684,0.05334598070529317,0.1391128024627184,0.5371429320833645,0.6302333551493762,38,75.0,67.0,55.0,54.0
2025-09-28,202540,75.0,75,75,75,0.67098945,54.713375,0,1,317070120254020719,2026-09-23,Varginha,1.0761726,137078,0,0,1,0,,,,,91540,15.24,22.73,30.23,0.0,46.0,76.0,15.3,1.2490125,72.0,15.31,1.4557115,66.0,14.59,1.5663421,44.0,13.49,1.119481,72.25,15.110000000000001,4.330733340286331,-0.013072081567353067,0.040273899137940106,0.12604072089536533,0.5240708505160114,39,67.0,55.0,54.0,48.0
2025-10-05,202541,67.0,67,67,67,0.29767108,48.87728,0,1,317070120254120719,2026-09-23,Varginha,0.91441953,137078,1,0,1,0,,,,,91540,16.84,22.29,28.51,16.3,60.86,75.0,15.24,1.0761726,76.0,15.3,1.2490125,72.0,15.31,1.4557115,66.0,14.59,1.5663421,72.5,15.6725,4.219507705176107,-0.1112256351102241,-0.12429771667757716,-0.07095173597228399,0.014815085785141235,40,55.0,54.0,48.0,47.0
2025-10-12,202542,55.0,55,55,55,0.068260275,40.123142,0,1,317070120254220719,2026-09-23,Varginha,0.7673228,137078,1,0,1,3,,,,,91540,18.11,22.93,29.04,36.4,66.43,67.0,16.84,0.91441953,75.0,15.24,1.0761726,76.0,15.3,1.2490125,72.0,15.31,1.4557115,68.25,16.3725,4.02535169073515,-0.19415601444095731,-0.3053816495511814,-0.3184537311185345,-0.2651077504132413,41,54.0,48.0,47.0,65.0
2025-10-19,202543,54.0,54,54,54,0.14472766,39.39363,0,1,317070120254320719,2026-09-23,Varginha,0.82402307,137078,0,0,1,1,,,,,91540,12.5,18.49,24.81,0.5,53.29,55.0,18.11,0.7673228,67.0,16.84,0.91441953,75.0,15.24,1.0761726,76.0,15.3,1.2490125,62.75,15.6725,4.007333185232471,-0.018018505502678472,-0.2121745199436358,-0.3234001550538599,-0.33647223662121295,42,48.0,47.0,65.0,53.0
2025-10-26,202544,48.0,48,48,48,0.1598266,35.01656,0,1,317070120254420719,2026-09-23,Varginha,0.82463276,137078,1,0,1,3,,,,,91540,17.86,22.09,27.74,29.6,69.14,54.0,12.5,0.82402307,55.0,18.11,0.7673228,67.0,16.84,0.91441953,75.0,15.24,1.0761726,56.0,16.3275,3.8918202981106265,-0.11551288712184471,-0.13353139262452318,-0.3276874070654805,-0.4389130421757046,43,47.0,65.0,53.0,54.0
2025-11-02,202545,47.0,47,47,47,0.27454162,34.28705,0,1,317070120254520719,2026-09-23,Varginha,0.8874035,137078,1,0,1,0,,,,,91540,18.09,22.06,27.29,30.8,76.57,48.0,17.86,0.82463276,54.0,12.5,0.82402307,55.0,18.11,0.7673228,67.0,16.84,0.91441953,51.0,16.64,3.871201010907891,-0.020619287202735315,-0.13613217432458002,-0.1541506798272585,-0.3483066942682158,44,65.0,53.0,54.0,81.0
2025-11-09,202546,65.0,65,65,65,0.91441333,47.41826,0,2,317070120254620719,2026-09-23,Varginha,1.2903413,137078,1,0,1,3,,,,,91540,16.7,22.27,28.8,27.2,62.14,47.0,18.09,0.8874035,48.0,17.86,0.82463276,54.0,12.5,0.82402307,55.0,18.11,0.7673228,53.5,16.287499999999998,4.189654742026425,0.31845373111853403,0.2978344439157987,0.182321556793954,0.16430305129127554,45,53.0,54.0,81.0,56.0
2025-11-16,202547,53.0,53,53,53,0.53422403,38.66412,0,2,317070120254720719,2026-09-23,Varginha,1.0168287,137078,1,0,1,2,,,,,91540,16.83,21.43,27.01,33.9,70.86,65.0,16.7,1.2903413,47.0,18.09,0.8874035,48.0,17.86,0.82463276,54.0,12.5,0.82402307,53.25,17.369999999999997,3.9889840465642745,-0.20067069546215066,0.11778303565638337,0.09716374845364806,-0.018349138668196652,46,54.0,81.0,56.0,54.0
2025-11-23,202548,54.0,54,54,54,0.4284812,39.39363,0,2,317070120254820719,2026-09-23,Varginha,0.9663188,137078,1,0,1,0,,,,,91540,15.89,21.44,27.77,13.1,66.29,53.0,16.83,1.0168287,65.0,16.7,1.2903413,47.0,18.09,0.8874035,48.0,17.86,0.82463276,54.75,16.877499999999998,4.007333185232471,0.018349138668196652,-0.182321556793954,0.13613217432458002,0.11551288712184471,47,81.0,56.0,54.0,70.0
2025-11-30,202549,81.0,81,81,81,0.9797201,59.090446,0,2,317070120254920719,2026-09-23,Varginha,1.4193261,137078,1,1,1,3,,,,,91540,18.49,23.8,30.71,25.9,63.43,54.0,15.89,0.9663188,53.0,16.83,1.0168287,65.0,16.7,1.2903413,47.0,18.09,0.8874035,63.25,16.9775,4.406719247264253,0.3993860620317822,0.4177352006999788,0.21706450523782816,0.5355182363563622,48,56.0,54.0,70.0,67.0
2025-12-07,202550,56.0,56,56,56,0.3306836,40.852654,0,2,317070120255020719,2026-09-23,Varginha,0.9223471,137078,1,0,1,4,,,,,91540,19.09,22.79,27.46,57.6,75.29,81.0,18.49,1.4193261,54.0,15.89,0.9663188,53.0,16.83,1.0168287,65.0,16.7,1.2903413,61.0,17.575,4.04305126783455,-0.3636679794297031,0.03571808260207909,0.054067221270275745,-0.14660347419187492,49,54.0,70.0,67.0,69.0
2025-12-14,202551,54.0,54,54,54,0.15556154,39.39363,0,2,317070120255120719,2026-09-23,Varginha,0.8307364,137078,1,0,1,3,,,,,91540,18.69,21.44,25.23,61.9,84.29,56.0,19.09,0.9223471,81.0,18.49,1.4193261,54.0,15.89,0.9663188,53.0,16.83,1.0168287,61.25,18.04,4.007333185232471,-0.03571808260207909,-0.3993860620317822,0.0,0.018349138668196652,50,70.0,67.0,69.0,66.0
2025-12-21,202552,70.0,70,70,70,0.7591758,51.065815,0,2,317070120255220719,2026-09-23,Varginha,1.1300282,137078,1,0,1,5,,,,,91540,18.67,24.54,31.3,11.6,67.43,54.0,18.69,0.8307364,56.0,19.09,0.9223471,81.0,18.49,1.4193261,54.0,15.89,0.9663188,65.25,18.735,4.2626798770413155,0.2553466918088443,0.2196286092067652,-0.1440393702229379,0.2553466918088443,51,67.0,69.0,66.0,65.0
2025-12-28,202553,67.0,67,67,67,0.72534883,48.87728,0,2,317070120255320719,2026-09-23,Varginha,1.1116943,137078,1,0,1,0,,,,,91540,20.01,24.3,30.49,46.7,76.14,70.0,18.67,1.1300282,54.0,18.69,0.8307364,56.0,19.09,0.9223471,81.0,18.49,1.4193261,61.75,19.115000000000002,4.219507705176107,-0.0431721718652085,0.2121745199436358,0.1764564373415567,-0.1872115420881464,52,69.0,66.0,65.0,59.0
2026-01-04,202601,69.0,69,69,69,0.65787476,50.336304,0,2,317070120260120719,2026-09-23,Varginha,1.0727683,137078,1,0,1,1,,,,,91540,18.6,22.7,27.71,16.3,71.0,67.0,20.01,1.1116943,70.0,18.67,1.1300282,54.0,18.69,0.8307364,56.0,19.09,0.9223471,65.0,18.9925,4.248495242049359,0.028987536873252395,-0.014184634991956102,0.24116205681688818,0.2054439742148091,1,66.0,65.0,59.0,70.0
2026-01-11,202602,66.0,66,66,66,0.4618636,48.14777,0,2,317070120260220719,2026-09-23,Varginha,0.98359066,137078,1,0,1,4,,,,,91540,18.17,22.57,28.01,57.5,74.71,69.0,18.6,1.0727683,67.0,20.01,1.1116943,70.0,18.67,1.1300282,54.0,18.69,0.8307364,68.0,18.8625,4.204692619390966,-0.04380262265839363,-0.014815085785141235,-0.05798725765034973,0.19735943415849455,2,65.0,59.0,70.0,71.0
2026-01-18,202603,65.0,65,65,65,0.4223722,47.41826,0,2,317070120260320719,2026-09-23,Varginha,0.9666169,137078,1,0,1,1,,,,,91540,17.26,19.57,22.87,90.4,85.0,66.0,18.17,0.98359066,69.0,18.6,1.0727683,67.0,20.01,1.1116943,70.0,18.67,1.1300282,66.75,18.51,4.189654742026425,-0.015037877364540542,-0.05884050002293417,-0.029852963149681777,-0.07302513501489027,3,59.0,70.0,71.0,89.0
2026-01-25,202604,59.0,59,59,59,0.2684809,43.041187,0,2,317070120260420719,2026-09-23,Varginha,0.8956402,137078,1,0,1,1,,,,,91540,18.06,21.61,27.1,68.1,81.43,65.0,17.26,0.9666169,66.0,18.17,0.98359066,69.0,18.6,1.0727683,67.0,20.01,1.1116943,64.75,18.0225,4.0943445622221,-0.09531017980432477,-0.11034805716886531,-0.15415067982725894,-0.12516314295400655,4,70.0,71.0,89.0,86.0
2026-02-01,202605,70.0,70,70,70,0.69882536,51.065815,0,2,317070120260520719,2026-09-23,Varginha,1.0939429,137078,1,0,1,1,,,,,91540,19.33,22.23,26.9,75.4,84.43,59.0,18.06,0.8956402,65.0,17.26,0.9666169,66.0,18.17,0.98359066,69.0,18.6,1.0727683,65.0,18.205000000000002,4.2626798770413155,0.16833531481921504,0.07302513501489027,0.05798725765034973,0.014184634991956102,5,71.0,89.0,86.0,126.0
2026-02-08,202606,71.0,71,71,71,0.729724,51.79533,0,2,317070120260620719,2026-09-23,Varginha,1.1108456,137078,1,0,1,1,,,,,91540,18.63,21.81,25.49,74.8,82.0,70.0,19.33,1.0939429,59.0,18.06,0.8956402,65.0,17.26,0.9666169,66.0,18.17,0.98359066,66.25,18.32,4.276666119016055,0.013986241974739855,0.1823215567939549,0.08701137698963013,0.07197349962508959,6,89.0,86.0,126.0,78.0
2026-02-15,202607,89.0,89,89,89,0.9538232,64.92654,0,2,317070120260720719,2026-09-23,Varginha,1.3088505,137078,1,1,1,4,,,,,91540,19.04,23.76,30.03,19.0,73.43,71.0,18.63,1.1108456,70.0,19.33,1.0939429,59.0,18.06,0.8956402,65.0,17.26,0.9666169,72.25,18.765,4.499809670330265,0.2231435513142097,0.23712979328894956,0.4054651081081646,0.31015492830383984,7,86.0,126.0,78.0,91.0
2026-02-22,202608,86.0,86,86,86,0.8094135,62.738003,0,2,317070120260820719,2026-09-23,Varginha,1.1478307,137078,1,0,1,5,,,,,91540,19.59,22.63,27.7,47.3,81.43,89.0,19.04,1.3088505,71.0,18.63,1.1108456,70.0,19.33,1.0939429,59.0,18.06,0.8956402,79.0,19.147499999999997,4.465908118654584,-0.03390155167568132,0.1892419996385284,0.20322824161326825,0.3715635564324833,8,126.0,78.0,91.0,74.0
2026-03-01,202609,126.0,126,126,126,0.9980567,91.91847,0,2,317070120260920719,2026-09-23,Varginha,1.4938154,137078,1,1,1,7,,,,,91540,17.7,22.47,28.01,11.2,73.43,86.0,19.59,1.1478307,89.0,19.04,1.3088505,71.0,18.63,1.1108456,70.0,19.33,1.0939429,93.0,18.74,4.844187086458591,0.3782789678040075,0.3443774161283262,0.5675209674425359,0.5815072094172757,9,78.0,91.0,74.0,83.0
2026-03-08,202610,78.0,78,78,78,0.10123617,56.90191,0,2,317070120261020719,2026-09-23,Varginha,0.8236917,137078,1,0,1,6,,,,,91540,19.09,21.77,25.66,40.6,84.14,126.0,17.7,1.4938154,86.0,19.59,1.1478307,89.0,19.04,1.3088505,71.0,18.63,1.1108456,94.75,18.855,4.3694478524670215,-0.4747392339915697,-0.0964602661875622,-0.13036181786324352,0.09278173345096619,10,91.0,74.0,83.0,125.0
2026-03-15,202611,91.0,91,91,91,0.25712803,66.38556,0,2,317070120261120719,2026-09-23,Varginha,0.910069,137078,1,0,1,7,,,,,91540,18.46,22.84,28.13,25.0,75.86,78.0,19.09,0.8236917,126.0,17.7,1.4938154,86.0,19.59,1.1478307,89.0,19.04,1.3088505,95.25,18.71,4.5217885770490405,0.15234072458201897,-0.3223985094095507,0.05588045839445677,0.02197890671877545,11,74.0,83.0,125.0,92.0
2026-03-22,202612,74.0,74,74,74,0.073368564,53.983864,0,2,317070120261220719,2026-09-23,Varginha,0.7985519,137078,1,0,1,8,,,,,91540,17.56,22.3,28.0,2.6,71.29,91.0,18.46,0.910069,78.0,19.09,0.8236917,126.0,17.7,1.4938154,86.0,19.59,1.1478307,92.25,18.2025,4.31748811353631,-0.20430046351273035,-0.051959738930711374,-0.5266989729222811,-0.14842000511827358,12,83.0,125.0,92.0,76.0
2026-03-29,202613,83.0,83,83,83,0.4458051,60.54947,0,2,317070120261320719,2026-09-23,Varginha,0.979229,137078,1,0,1,5,,,,,91540,17.87,21.73,27.06,40.1,78.71,74.0,17.56,0.7985519,91.0,18.46,0.910069,78.0,19.09,0.8236917,126.0,17.7,1.4938154,81.5,18.245,4.430816798843313,0.11332868530700324,-0.0909717782057271,0.061368946376291866,-0.41337028761527783,13,125.0,92.0,76.0,66.0
2026-04-05,202614,125.0,125,125,125,0.9982284,91.18896,0,2,317070120261420719,2026-09-23,Varginha,1.5032195,137078,1,1,1,7,,,,,91540,18.37,21.97,27.26,27.6,80.0,83.0,17.87,0.979229,74.0,17.56,0.7985519,91.0,18.46,0.910069,78.0,19.09,0.8236917,93.25,18.064999999999998,4.836281906951478,0.4054651081081646,0.5187937934151678,0.3144933299024375,0.4668340544844565,14,92.0,76.0,66.0,84.0
2026-04-12,202615,92.0,92,92,92,0.5145366,67.115074,0,1,317070120261520719,2026-09-23,Varginha,1.0053831,137078,0,0,1,5,,,,,91540,14.93,20.29,26.34,0.2,69.57,125.0,18.37,1.5032195,83.0,17.87,0.979229,74.0,17.56,0.7985519,91.0,18.46,0.910069,93.5,17.1825,4.532599493153256,-0.3036824137982217,0.10178269430994291,0.21511137961694615,0.010810916104215806,15,76.0,66.0,84.0,67.0
2026-04-19,202616,76.0,76,76,76,0.030923275,55.442886,0,1,317070120261620719,2026-09-23,Varginha,0.7545279,137078,0,0,1,3,,,,,91540,15.39,20.56,26.87,0.1,73.57,92.0,14.93,1.0053831,125.0,18.37,1.5032195,83.0,17.87,0.979229,74.0,17.56,0.7985519,94.0,16.64,4.343805421853684,-0.18879407129957215,-0.49247648509779385,-0.08701137698962924,0.026317308317374,16,66.0,84.0,67.0,80.0
2026-04-26,202617,66.0,66,66,66,0.01372605,48.14777,0,1,317070120261720719,2026-09-23,Varginha,0.70419747,137078,1,0,1,3,,,,,91540,16.17,21.91,27.97,0.0,70.57,76.0,15.39,0.7545279,92.0,14.93,1.0053831,125.0,18.37,1.5032195,83.0,17.87,0.979229,89.75,16.215,4.204692619390966,-0.1391128024627184,-0.32790687376229055,-0.6315892875605122,-0.22612417945234764,17,84.0,67.0,80.0,48.0
2026-05-03,202618,84.0,84,84,84,0.6164954,61.27898,0,1,317070120261820719,2026-09-23,Varginha,1.047212,137078,0,0,1,3,,,,,91540,15.86,20.59,26.5,1.4,72.0,66.0,16.17,0.70419747,76.0,15.39,0.7545279,92.0,14.93,1.0053831,125.0,18.37,1.5032195,79.5,15.5875,4.442651256490317,0.23795863709935094,0.09884583463663255,-0.0899482366629396,-0.3936306504611613,18,67.0,80.0,48.0,33.0
2026-05-10,202619,67.0,67,67,67,0.27177414,48.87728,0,1,317070120261920719,2026-09-23,Varginha,0.9030225,137078,0,0,1,6,,,,,91540,14.5,18.97,24.76,8.2,78.43,84.0,15.86,1.047212,66.0,16.17,0.70419747,76.0,15.39,0.7545279,92.0,14.93,1.0053831,73.25,15.48,4.219507705176107,-0.2231435513142097,0.014815085785141235,-0.12429771667757716,-0.3130917879771493,19,80.0,48.0,33.0,35.0
2026-05-17,202620,80.0,80,80,80,0.670179,58.36093,0,1,317070120262020719,2026-09-23,Varginha,1.073243,137078,0,0,1,1,,,,,91540,15.69,18.8,22.87,16.2,83.14,67.0,14.5,0.9030225,84.0,15.86,1.047212,66.0,16.17,0.70419747,76.0,15.39,0.7545279,74.25,15.555,4.394449154672439,0.17494144949633217,-0.04820210181787754,0.1897565352814734,0.050643732818755005,20,48.0,33.0,35.0,42.0
2026-05-24,202621,48.0,48,48,48,0.01124304,35.01656,0,1,317070120262120719,2026-09-23,Varginha,0.65828615,137078,0,0,1,1,,,,,91540,14.87,19.07,24.61,1.9,78.71,80.0,15.69,1.073243,67.0,14.5,0.9030225,84.0,15.86,1.047212,66.0,16.17,0.70419747,69.75,15.23,3.8918202981106265,-0.5026288565618127,-0.3276874070654805,-0.5508309583796902,-0.31287232128033926,21,33.0,35.0,42.0,32.0
2026-05-31,202622,33.0,33,33,33,0.00034373451,24.073885,0,1,317070120262220719,2026-09-23,Varginha,0.49727425,137078,0,0,1,2,,,,,91540,11.6,16.31,22.37,1.6,76.0,48.0,14.87,0.65828615,80.0,15.69,1.073243,67.0,14.5,0.9030225,84.0,15.86,1.047212,57.0,14.165,3.5263605246161616,-0.3654597734944649,-0.8680886300562776,-0.6931471805599454,-0.9162907318741551,22,35.0,42.0,32.0,35.0
2026-06-07,202623,35.0,35,35,35,0.030425398,25.532907,0,1,317070120262320719,2026-09-23,Varginha,0.66819113,137078,0,0,1,0,,,,,91540,10.73,15.7,21.4,17.8,77.43,33.0,11.6,0.49727425,48.0,14.87,0.65828615,80.0,15.69,1.073243,67.0,14.5,0.9030225,49.0,13.2225,3.58351893845611,0.05715841383994835,-0.30830135965451655,-0.8109302162163292,-0.635988766719997,23,42.0,32.0,35.0,30.0
2026-06-14,202624,42.0,42,42,42,0.58154637,30.63949,0,1,317070120262420719,2026-09-23,Varginha,1.0462378,137078,0,0,1,0,,,,,91540,11.93,16.49,22.24,2.7,78.14,35.0,10.73,0.66819113,33.0,11.6,0.49727425,48.0,14.87,0.65828615,80.0,15.69,1.073243,39.5,12.2825,3.7612001156935624,0.17768117723745247,0.23483959107740082,-0.13062018241706408,-0.6332490389788767,24,32.0,35.0,30.0,31.0
2026-06-21,202625,32.0,32,32,32,0.28037867,23.344374,0,1,317070120262520719,2026-09-23,Varginha,0.8697141,137078,0,0,1,1,,,,,91540,13.11,17.06,22.21,30.8,81.14,42.0,11.93,1.0462378,35.0,10.73,0.66819113,33.0,11.6,0.49727425,48.0,14.87,0.65828615,35.5,11.842500000000001,3.4965075614664802,-0.26469255422708216,-0.08701137698962969,-0.029852963149681333,-0.39531273664414623,25,35.0,30.0,31.0,22.0
2026-06-28,202626,35.0,35,35,35,0.4125447,25.532907,0,1,317070120262620719,2026-09-23,Varginha,0.9494735,137078,0,0,1,2,,,,,91540,12.0,17.81,24.9,0.0,76.29,32.0,13.11,0.8697141,42.0,11.93,1.0462378,35.0,10.73,0.66819113,33.0,11.6,0.49727425,36.0,11.9425,3.58351893845611,0.08701137698962969,-0.17768117723745247,0.0,0.05715841383994835,26,30.0,31.0,22.0,27.0
2026-07-05,202627,30.0,30,30,30,0.26379016,21.88535,0,1,317070120262720719,2026-09-23,Varginha,0.8556734,137078,0,0,1,0,,,,,91540,10.77,16.74,23.87,0.3,72.29,35.0,12.0,0.9494735,32.0,13.11,0.8697141,42.0,11.93,1.0462378,35.0,10.73,0.66819113,34.75,11.952499999999999,3.4339872044851463,-0.14953173397096364,-0.06252035698133396,-0.3272129112084161,-0.14953173397096364,27,31.0,22.0,27.0,21.0
2026-07-12,202628,31.0,31,32,31,0.39749345,22.614862,0,1,317070120262820719,2026-09-23,Varginha,0.93751585,137078,0,0,1,1,,,,,91540,9.86,15.57,22.6,0.2,66.86,30.0,10.77,0.8556734,35.0,12.0,0.9494735,32.0,13.11,0.8697141,42.0,11.93,1.0462378,32.0,11.434999999999999,3.4657359027997265,0.03174869831458027,-0.11778303565638337,-0.030771658666753687,-0.29546421289383584,28,22.0,27.0,21.0,22.0
2026-07-19,202629,22.0,22,23,22,0.10476662,16.049257,0,1,317070120262920719,2026-09-23,Varginha,0.7086551,137078,0,0,0,0,,,,,91540,11.76,17.37,24.04,10.9,69.71,31.0,9.86,0.93751585,30.0,10.77,0.8556734,35.0,12.0,0.9494735,32.0,13.11,0.8697141,29.5,11.0975,3.1354942159291497,-0.33024168687057687,-0.2984929885559966,-0.44802472252696024,-0.36101334553733055,29,27.0,21.0,22.0,23.0
2026-07-26,202630,27.0,27,29,27,0.42250562,19.696815,0,1,317070120263020719,2026-09-23,Varginha,0.94921285,137078,0,0,0,0,,,,,91540,11.43,18.1,26.07,0.0,68.29,22.0,11.76,0.7086551,31.0,9.86,0.93751585,30.0,10.77,0.8556734,35.0,12.0,0.9494735,27.5,10.954999999999998,3.332204510175204,0.19671029424605413,-0.13353139262452274,-0.10178269430994247,-0.2513144282809061,30,21.0,22.0,23.0,23.0
2026-08-02,202631,21.0,21,23,21,0.24261147,15.319745,0,1,317070120263120719,2026-09-23,Varginha,0.81635725,137078,0,0,0,1,,,,,91540,13.04,19.31,26.66,0.0,61.29,27.0,11.43,0.94921285,22.0,11.76,0.7086551,31.0,9.86,0.93751585,30.0,10.77,0.8556734,25.25,11.5225,3.091042453358316,-0.24116205681688774,-0.04445176257083361,-0.3746934494414105,-0.3429447511268302,31,22.0,23.0,23.0,17.0
2026-08-09,202632,22.0,22,24,22,0.373308,16.049257,0,1,317070120263220719,2026-09-23,Varginha,0.9100163,137078,0,0,0,1,,,,,91540,15.4,21.46,28.61,0.8,63.71,21.0,13.04,0.81635725,27.0,11.43,0.94921285,22.0,11.76,0.7086551,31.0,9.86,0.93751585,23.0,12.9075,3.1354942159291497,0.04445176257083361,-0.19671029424605413,0.0,-0.33024168687057687,32,23.0,23.0,17.0,23.0
2026-08-16,202633,23.0,23,26,23,0.5115742,16.778769,0,1,317070120263320719,2026-09-23,Varginha,1.008533,137078,0,0,0,2,,,,,91540,13.8,20.74,28.53,0.0,58.0,22.0,15.4,0.9100163,21.0,13.04,0.81635725,27.0,11.43,0.94921285,22.0,11.76,0.7086551,23.25,13.4175,3.1780538303479458,0.04255961441879608,0.08701137698962969,-0.15415067982725805,0.04255961441879608,33,23.0,17.0,23.0,19.0
2026-08-23,202634,23.0,22,26,22,0.5463173,16.778769,0,1,317070120263420719,2026-09-23,Varginha,1.0348853,137078,0,0,0,1,,,,,91540,15.8,20.61,27.33,15.5,68.86,23.0,13.8,1.008533,22.0,15.4,0.9100163,21.0,13.04,0.81635725,27.0,11.43,0.94921285,22.25,14.51,3.1780538303479458,0.0,0.04255961441879608,0.08701137698962969,-0.15415067982725805,34,17.0,23.0,19.0,
2026-08-30,202635,17.0,16,21,16,0.19861537,12.401698,0,1,317070120263520719,2026-09-23,Varginha,0.76443446,137078,1,0,0,0,,,,,91540,16.3,21.79,28.73,17.4,66.0,23.0,15.8,1.0348853,23.0,13.8,1.008533,22.0,15.4,0.9100163,21.0,13.04,0.81635725,21.25,15.325,2.8903717578961645,-0.28768207245178123,-0.28768207245178123,-0.24512245803298516,-0.20067069546215155,35,23.0,19.0,,
2026-09-06,202636,23.0,20,34,20,0.5969184,16.778769,0,1,317070120263620719,2026-09-23,Varginha,1.075731,137078,0,0,0,0,,,,,91540,15.73,18.66,22.47,68.3,85.71,17.0,16.3,0.76443446,23.0,15.8,1.0348853,23.0,13.8,1.008533,22.0,15.4,0.9100163,21.5,15.407499999999999,3.1780538303479458,0.28768207245178123,0.0,0.0,0.04255961441879608,36,19.0,,,
2026-09-13,202637,19.0,9,93,9,0.41818574,13.860722,0,1,317070120263720719,2026-09-23,Varginha,0.9368539,137078,0,0,0,0,,,,,91540,15.54,19.26,23.7,31.8,79.0,23.0,15.73,1.075731,17.0,16.3,0.76443446,23.0,15.8,1.0348853,23.0,13.8,1.008533,20.5,15.842500000000001,2.995732273553991,-0.1823215567939549,0.10536051565782634,-0.1823215567939549,-0.1823215567939549,37,,,,
