data_iniSE,SE,casos_est,casos_est_min,casos_est_max,casos,p_rt1,p_inc100k,Localidade_id,nivel,id,versao_modelo,municipio_nome,Rt,pop,tempmin,umidmax,receptivo,transmissao,nivel_inc,umidmed,umidmin,tempmed,tempmax,casprov,casprov_est,casprov_est_min,casprov_est_max,casconf,notif_accum_year
2026-09-13,202637,17.0,7,42,5,0.16777308,14.234637,0,1,350550020263720719,2026-09-23,Barretos,0.7385973,119427,17.805675,82.75195,0.0,0.0,0,68.4351,50.16335,22.55675,27.86805,4,,,,,61729
2026-09-06,202636,12.0,9,17,9,0.015403489,10.047979,0,1,350550020263620719,2026-09-23,Barretos,0.4836318,119427,19.0634857142857,91.0155285714286,0.0,0.0,0,78.0568428571429,59.9775285714286,22.8476428571429,27.6180142857143,2,,,,,61729
2026-08-30,202635,29.0,28,31,28,0.6222796,24.282616,0,1,350550020263520719,2026-09-23,Barretos,1.0864174,119427,19.5597285714286,78.0330714285714,0.0,0.0,1,53.9929571428571,31.3867142857143,25.6985285714286,32.5962857142857,5,,,,,61729
2026-08-23,202634,27.0,26,29,26,0.21128318,22.607952,0,1,350550020263420719,2026-09-23,Barretos,0.8139296,119427,18.3333571428571,70.9647142857143,0.0,0.0,1,50.116,28.9585428571429,24.1683142857143,31.2920571428571,3,,,,,61729
2026-08-16,202633,17.0,17,19,17,0.0056476844,14.234637,0,1,350550020263320719,2026-09-23,Barretos,0.4869007,119427,19.6184571428571,61.9170285714286,0.0,0.0,0,43.5663571428571,26.0835714285714,25.2482,31.4920142857143,1,,,,,61729
2026-08-09,202632,38.0,38,40,38,0.8285486,31.8186,0,1,350550020263220719,2026-09-23,Barretos,1.2573375,119427,19.7617428571429,65.9336285714286,0.0,0.0,1,48.6944,27.6870428571429,25.6657857142857,32.5608,3,,,,,61729
2026-08-02,202631,47.0,47,49,47,0.9704589,39.354584,0,1,350550020263120719,2026-09-23,Barretos,1.5393192,119427,18.3292857142857,65.8928428571429,0.0,1.0,1,49.5303714285714,29.5229571428571,23.5293571428571,29.9399142857143,8,,,,,61729
2026-07-26,202630,17.0,17,19,17,0.0054636626,14.234637,0,1,350550020263020719,2026-09-23,Barretos,0.48554164,119427,16.7960714285714,76.2990571428571,0.0,0.0,0,57.9269714285714,32.8338285714286,22.4764428571429,29.6739142857143,1,,,,,61729
2026-07-19,202629,33.0,33,34,33,0.2757399,27.631943,0,1,350550020262920719,2026-09-23,Barretos,0.86873794,119427,16.2085285714286,74.8988857142857,0.0,0.0,1,58.4129714285714,37.5625,21.0067,27.5016,1,,,,,61729
2026-07-12,202628,34.0,34,34,34,0.35523453,28.469275,0,1,350550020262820719,2026-09-23,Barretos,0.91615456,119427,14.9241571428571,72.6811142857143,0.0,0.0,1,58.1736428571429,39.6610428571429,19.5558714285714,25.5000285714286,6,,,,,61729
2026-07-05,202627,43.0,43,43,43,0.7051498,36.005257,0,1,350550020262720719,2026-09-23,Barretos,1.1266009,119427,13.9003142857143,85.9443285714286,0.0,0.0,1,67.0230285714286,42.4499285714286,19.5333,26.3445285714286,9,,,,,61729
2026-06-28,202626,37.0,37,37,37,0.105298676,30.98127,0,1,350550020262620719,2026-09-23,Barretos,0.76285475,119427,15.8870857142857,85.1507571428571,0.0,0.0,1,70.3425285714286,46.5932285714286,20.5067285714286,26.7034857142857,2,,,,,61729
2026-06-21,202625,31.0,31,31,31,0.0003250212,25.95728,0,1,350550020262520719,2026-09-23,Barretos,0.48674792,119427,15.4381285714286,93.9752428571429,0.0,0.0,1,82.2589857142857,65.1580142857143,18.7275714285714,23.1386142857143,6,,,,,61729
2026-06-14,202624,42.0,42,42,42,0.00090948906,35.167927,0,1,350550020262420719,2026-09-23,Barretos,0.556763,119427,15.9611714285714,89.2285571428571,0.0,0.0,1,76.7861571428571,58.177,19.4595714285714,24.3869,3,,,,,61729
2026-06-07,202623,75.0,75,75,75,0.22647402,62.79987,0,1,350550020262320719,2026-09-23,Barretos,0.88810605,119427,14.6544714285714,82.4886428571429,0.0,0.0,1,65.4876857142857,45.6740857142857,19.6412857142857,25.5803142857143,9,,,,,61729
2026-05-31,202622,68.0,68,68,68,0.046274792,56.93855,0,1,350550020262220719,2026-09-23,Barretos,0.76414704,119427,15.3837428571429,81.5535714285714,0.0,0.0,1,60.6215571428571,39.0843142857143,20.4449142857143,26.1472571428571,11,,,,,61729
2026-05-24,202621,94.0,94,94,94,0.43196636,78.70917,0,1,350550020262120719,2026-09-23,Barretos,0.97551656,119427,18.7987428571429,83.7455857142857,0.0,0.0,1,67.7913,48.2934857142857,22.9477571428571,27.9469,15,,,,,61729
2026-05-17,202620,88.0,88,88,88,0.030717527,73.68518,0,1,350550020262020719,2026-09-23,Barretos,0.7683985,119427,18.5715857142857,90.1995142857143,0.0,0.0,1,78.8602285714286,60.6426857142857,21.7737428571429,25.8406285714286,14,,,,,61729
2026-05-10,202619,86.0,86,86,86,0.0014611707,72.01051,0,1,350550020261920719,2026-09-23,Barretos,0.6643825,119427,15.9214,79.5481714285714,0.0,0.0,1,60.9519428571429,40.7060428571429,20.6252571428571,26.6409571428571,11,,,,,61729
2026-05-03,202618,110.0,110,110,110,0.1446104,92.106476,0,1,350550020261820719,2026-09-23,Barretos,0.8712522,119427,20.3360142857143,73.3767,0.0,0.0,1,55.5000714285714,37.3509285714286,25.1278857142857,30.1812428571429,22,,,,,61729
2026-04-26,202617,158.0,158,158,158,0.98865724,132.29839,0,1,350550020261720719,2026-09-23,Barretos,1.3154052,119427,20.8236571428571,79.6913714285714,0.0,1.0,1,61.0450714285714,39.0073142857143,25.6295285714286,31.0024142857143,27,,,,,61729
2026-04-19,202616,117.0,117,117,117,0.46913713,97.9678,0,1,350550020261620719,2026-09-23,Barretos,0.9899693,119427,19.5442714285714,78.0576142857143,0.0,0.0,1,62.2623857142857,42.0251714285714,24.6895428571429,30.2409571428571,23,,,,,61729
2026-04-12,202615,116.0,116,116,116,0.41610962,97.13046,0,1,350550020261520719,2026-09-23,Barretos,0.97279876,119427,19.2777714285714,79.932,0.0,0.0,1,64.6042142857143,45.6522571428571,24.0051285714286,29.0524285714286,18,,,,,61729
2026-04-05,202614,127.0,127,127,127,0.48507908,106.34111,0,1,350550020261420719,2026-09-23,Barretos,0.9953295,119427,20.9760428571429,93.7717857142857,0.0,0.0,1,80.5485428571429,63.5894428571429,24.4382142857143,28.4688428571429,13,,,,,61729
2026-03-29,202613,105.0,105,105,105,0.06811159,87.919815,0,1,350550020261320719,2026-09-23,Barretos,0.8224397,119427,20.1907,89.3368857142857,0.0,0.0,1,73.7596571428572,56.8870428571429,24.5591285714286,28.9345142857143,18,,,,,61729
2026-03-22,202612,130.0,130,130,130,0.9173479,108.8531,0,1,350550020261220719,2026-09-23,Barretos,1.1968389,119427,20.3996857142857,90.3890857142857,0.0,0.0,1,74.3432857142857,55.3409428571429,24.6908714285714,29.2138285714286,11,,,,,61729
2026-03-15,202611,157.0,157,157,157,0.9999919,131.46106,0,1,350550020261120719,2026-09-23,Barretos,1.7482605,119427,21.0195428571429,94.8999142857143,1.0,1.0,1,81.6536428571429,64.7838142857143,24.4923428571429,28.4201428571429,23,,,,,61729
2026-03-08,202610,94.0,94,94,94,0.8862787,78.70917,0,1,350550020261020719,2026-09-23,Barretos,1.2018842,119427,21.0780428571429,95.9184857142857,1.0,0.0,1,85.3839714285714,71.5409142857143,23.6476142857143,27.0633857142857,20,,,,,61729
2026-03-01,202609,89.0,89,89,89,0.94697654,74.522514,0,1,350550020260920719,2026-09-23,Barretos,1.293975,119427,19.9602571428571,80.6053285714286,0.0,0.0,1,67.3457285714286,52.8371,24.5018,29.4149714285714,13,,,,,61729
2026-02-22,202608,79.0,79,79,79,0.9645834,66.14919,0,3,350550020260820719,2026-09-23,Barretos,1.3629093,119427,21.3411571428571,93.7862285714286,1.0,1.0,1,82.7107142857143,67.4765,24.1261571428571,27.6318428571429,10,,,,,61729
2026-02-15,202607,68.0,68,68,68,0.9714526,56.93855,0,2,350550020260720719,2026-09-23,Barretos,1.4266063,119427,21.8856857142857,87.6233857142857,1.0,1.0,1,71.7117428571429,54.8213,26.2338142857143,30.5652,5,,,,,61729
2026-02-08,202606,64.0,64,64,64,0.96230435,53.589222,0,2,350550020260620719,2026-09-23,Barretos,1.4063175,119427,21.3622142857143,93.5480714285714,1.0,1.0,1,83.7695285714286,69.0582428571429,23.8135857142857,26.8154714285714,4,,,,,61729
2026-02-01,202605,38.0,38,38,38,0.12262577,31.8186,0,1,350550020260520719,2026-09-23,Barretos,0.77937824,119427,21.4228571428571,95.6003142857143,1.0,0.0,1,85.3846857142857,70.5032571428571,23.9663285714286,27.1929285714286,1,,,,,61729
2026-01-25,202604,42.0,42,42,42,0.19970879,35.167927,0,1,350550020260420719,2026-09-23,Barretos,0.8392848,119427,21.1248428571429,94.1402,1.0,0.0,1,78.5379714285714,59.4606142857143,24.8194571428571,28.8064142857143,6,,,,,61729
2026-01-18,202603,55.0,55,55,55,0.7897153,46.053238,0,1,350550020260320719,2026-09-23,Barretos,1.1725383,119427,20.6356857142857,85.9031142857143,0.0,0.0,1,72.4576714285714,58.3464,24.0652571428571,28.2953857142857,4,,,,,61729
2026-01-11,202602,47.0,47,47,47,0.80198574,39.354584,0,2,350550020260220719,2026-09-23,Barretos,1.2000456,119427,21.6900285714286,90.4391571428571,1.0,0.0,1,71.4649714285714,52.2980857142857,25.8600428571429,29.9844142857143,5,,,,,61729
2026-01-04,202601,57.0,57,57,57,0.98949665,47.7279,0,2,350550020260120719,2026-09-23,Barretos,1.6255865,119427,22.1194,83.3539285714286,1.0,1.0,1,68.1327,51.4461285714286,25.9307142857143,30.1831142857143,8,,,,,61729
2025-12-28,202553,33.0,33,33,33,0.23647541,27.631943,0,2,350550020255320719,2026-09-23,Barretos,0.84500164,119427,22.7359571428571,93.5400142857143,1.0,0.0,1,72.6205571428571,51.7285285714286,27.1897285714286,32.0468571428571,2,,,,,61729
2025-12-21,202552,31.0,31,31,31,0.026973866,25.95728,0,2,350550020255220719,2026-09-23,Barretos,0.6462623,119427,22.3310714285714,84.5877142857143,1.0,0.0,1,64.1915142857143,47.1345428571429,27.1561285714286,31.7279714285714,4,,,,,61729
2025-12-14,202551,36.0,36,36,36,0.025029674,30.143938,0,2,350550020255120719,2026-09-23,Barretos,0.6607097,119427,21.8708857142857,91.4277714285714,1.0,0.0,1,82.2569428571429,69.9817428571429,24.0060571428571,26.8385428571429,5,,,,,61729
2025-12-07,202550,49.0,49,49,49,0.3247081,41.029247,0,1,350550020255020719,2026-09-23,Barretos,0.91444105,119427,22.4437428571429,87.8679,1.0,0.0,1,74.3663428571429,57.4784714285714,25.4167857142857,29.2935428571429,4,,,,,61729
2025-11-30,202549,61.0,61,61,61,0.85965323,51.07723,0,1,350550020254920719,2026-09-23,Barretos,1.2273034,119427,22.8592571428571,77.4849,1.0,0.0,1,56.2757,36.4303285714286,27.8433857142857,33.1340428571429,6,,,,,61729
2025-11-23,202548,57.0,57,57,57,0.7919724,47.7279,0,1,350550020254820719,2026-09-23,Barretos,1.1709886,119427,19.2379571428571,79.4404857142857,0.0,0.0,1,53.0563428571429,31.4485428571429,25.4753714285714,31.8216,4,,,,,61729
2025-11-16,202547,43.0,43,43,43,0.32061172,36.005257,0,1,350550020254720719,2026-09-23,Barretos,0.9069909,119427,21.3569142857143,75.9206714285714,1.0,0.0,1,55.2807428571429,36.2201571428571,26.2560714285714,31.7557857142857,6,,,,,61729
2025-11-09,202546,52.0,52,52,52,0.72237664,43.541245,0,1,350550020254620719,2026-09-23,Barretos,1.1259983,119427,21.2908142857143,73.1118571428571,0.0,0.0,1,53.926,36.3946285714286,26.3824714285714,31.8417857142857,10,,,,,61729
2025-11-02,202545,50.0,50,50,50,0.6036399,41.86658,0,1,350550020254520719,2026-09-23,Barretos,1.054461,119427,21.2378,89.7050428571429,1.0,0.0,1,71.8398,52.2702285714286,25.3763428571429,29.8973142857143,13,,,,,61729
2025-10-26,202544,39.0,39,39,39,0.16588861,32.655933,0,1,350550020254420719,2026-09-23,Barretos,0.81248105,119427,20.9337285714286,82.0138285714286,0.0,0.0,1,62.9821857142857,43.7329714285714,25.3956714285714,30.2296428571429,5,,,,,61729
2025-10-19,202543,54.0,54,54,54,0.6841923,45.215904,0,1,350550020254320719,2026-09-23,Barretos,1.0986538,119427,17.5530285714286,62.6999714285714,0.0,0.0,1,46.6417142857143,32.4308571428571,22.7106571428571,28.1676,9,,,,,61729
2025-10-12,202542,45.0,45,45,45,0.3176405,37.67992,0,1,350550020254220719,2026-09-23,Barretos,0.9074079,119427,21.3341,82.0418714285714,1.0,0.0,1,65.1197714285714,45.3392571428571,25.9650285714286,31.3961714285714,12,,,,,61729
2025-10-05,202541,48.0,48,48,48,0.49495056,40.191917,0,1,350550020254120719,2026-09-23,Barretos,0.9974325,119427,21.4073142857143,68.8671571428571,0.0,0.0,1,48.7079714285714,30.1330428571429,27.3016142857143,33.6914714285714,7,,,,,61729
2025-09-28,202540,57.0,57,57,57,0.812583,47.7279,0,1,350550020254020719,2026-09-23,Barretos,1.1887326,119427,21.8652,46.2804857142857,0.0,0.0,1,31.5522571428571,19.5491428571429,28.4174857142857,34.7458571428571,13,,,,,61729
2025-09-21,202539,40.0,40,40,40,0.27099973,33.493263,0,1,350550020253920719,2026-09-23,Barretos,0.87694776,119427,20.1327142857143,72.4128714285714,0.0,0.0,1,53.4341857142857,36.2820857142857,25.1225285714286,30.1494857142857,9,,,,,61729
2025-09-14,202538,54.0,54,54,54,0.9106444,45.215904,0,1,350550020253820719,2026-09-23,Barretos,1.3179286,119427,20.5167857142857,59.5757142857143,0.0,0.0,1,40.3341285714286,24.3366714285714,27.0789571428571,34.0054,14,,,,,61729
2025-09-07,202537,47.0,47,47,47,0.8518814,39.354584,0,1,350550020253720719,2026-09-23,Barretos,1.2547284,119427,19.4474857142857,50.6197285714286,0.0,0.0,1,32.9510142857143,17.5010857142857,26.6776285714286,34.0200571428571,9,,,,,61729
2025-08-31,202536,39.0,39,39,39,0.5952237,32.655933,0,1,350550020253620713,2026-09-17,Barretos,1.0565714,119427,19.0787857142857,59.6873,0.0,0.0,1,41.1597,25.9628428571429,24.8746428571429,30.8299285714286,11,,,,,61729
2025-08-24,202535,38.0,38,38,38,0.500063,31.8186,0,1,350550020253520707,2026-09-11,Barretos,1.000036,119427,18.7307571428571,67.5871857142857,0.0,0.0,1,44.5215857142857,24.9936857142857,24.9078,31.4020857142857,6,,,,,61729
2025-08-17,202534,32.0,32,32,32,0.24467522,26.794611,0,1,350550020253420698,2026-09-02,Barretos,0.8480084,119427,19.5273857142857,51.8452571428571,0.0,0.0,1,35.2699714285714,19.5893857142857,25.6571571428571,32.7567142857143,4,,,,,61729
2025-08-10,202533,45.0,45,45,45,0.7135102,37.67992,0,1,350550020253320690,2026-08-25,Barretos,1.1296495,119427,12.2044571428571,63.8481714285714,0.0,0.0,1,40.1658714285714,21.3509285714286,19.3463714285714,27.3319285714286,2,,,,,61729
2025-08-03,202532,33.0,33,33,33,0.083176754,27.631943,0,1,350550020253220683,2026-08-18,Barretos,0.73099095,119427,15.999,66.6255285714286,0.0,0.0,1,48.5944714285714,29.2341714285714,21.0511428571429,26.9129571428571,6,,,,,61729
2025-07-27,202531,38.0,38,38,38,0.067557536,31.8186,0,1,350550020253120676,2026-08-11,Barretos,0.7295442,119427,14.9745,66.4658,0.0,0.0,1,46.1862857142857,26.3107714285714,20.5575428571429,27.5725857142857,9,,,,,61729
2025-07-20,202530,47.0,47,47,47,0.10433754,39.354584,0,1,350550020253020671,2026-08-06,Barretos,0.7841959,119427,15.9339,65.2420571428571,0.0,0.0,1,47.7881857142857,28.7145,22.0524285714286,28.9978285714286,20,,,,,61729
2025-07-13,202529,48.0,48,48,48,0.03104691,40.191917,0,1,350550020252920662,2026-07-28,Barretos,0.7062166,119427,15.1994285714286,66.6293571428571,0.0,0.0,1,48.8080428571429,31.1167142857143,20.5612285714286,26.3153285714286,15,,,,,61729
2025-07-06,202528,65.0,65,65,65,0.053909287,54.42655,0,1,350550020252820654,2026-07-20,Barretos,0.7684644,119427,15.1015,66.9244285714286,0.0,0.0,1,50.7804428571429,32.7556285714286,19.9237285714286,25.5567714285714,26,,,,,61729
2025-06-29,202527,64.0,64,64,64,3.9590963e-05,53.589222,0,1,350550020252720647,2026-07-13,Barretos,0.54925895,119427,15.1797857142857,82.3438142857143,0.0,0.0,1,63.6807285714286,40.2489857142857,20.2319571428571,26.2750714285714,28,,,,,61729
2025-06-22,202526,71.0,71,71,71,3.5257588e-09,59.450542,0,1,350550020252620642,2026-07-08,Barretos,0.45161876,119427,15.1354857142857,83.4992,0.0,0.0,1,62.1975714285714,39.8325428571429,19.8944857142857,26.1245,35,,,,,61729
2025-06-15,202525,115.0,115,115,115,3.72595e-07,96.29314,0,1,350550020252520636,2026-07-02,Barretos,0.5679049,119427,16.4930571428571,70.262,0.0,0.0,1,55.2871714285714,35.6332428571429,21.1199714285714,27.0466142857143,67,,,,,61729
2025-06-08,202524,158.0,158,158,158,3.0508787e-07,132.29839,0,1,350550020252420627,2026-06-23,Barretos,0.60938156,119427,15.2083857142857,82.0405857142857,0.0,0.0,1,64.8045,43.6581285714286,19.4139714285714,24.4896571428571,92,,,,,61729
2025-06-01,202523,197.0,197,197,197,2.380114e-09,164.95433,0,4,350550020252320621,2026-06-17,Barretos,0.5957746,119427,16.6118857142857,84.3869285714286,0.0,0.0,2,66.5024428571429,45.1610428571429,21.8376,27.9894857142857,113,,,,,61729
2025-05-25,202522,247.0,247,247,247,1.7263846e-09,206.8209,0,4,350550020252220619,2026-06-15,Barretos,0.62365824,119427,15.4986285714286,78.8610857142857,0.0,0.0,2,61.0777428571429,44.6441857142857,20.0480571428571,25.3357285714286,138,,,,,61729
2025-05-18,202521,329.0,329,329,329,0.0002889541,275.4821,0,4,350550020252120608,2026-06-04,Barretos,0.7773738,119427,16.2511571428571,76.6999142857143,0.0,0.0,2,56.1923142857143,33.8690428571429,21.9013,27.9737285714286,193,,,,,61729
2025-05-11,202520,423.0,423,423,423,0.55490214,354.19125,0,4,350550020252020599,2026-05-26,Barretos,1.0095562,119427,18.8007285714286,78.0920142857143,0.0,0.0,2,64.1549285714286,48.6042142857143,22.6725714285714,27.0953571428571,250,,,,,61729
2025-05-04,202519,461.0,461,461,461,0.95524246,386.00986,0,4,350550020251920592,2026-05-19,Barretos,1.1219262,119427,18.2503428571429,79.4044714285714,0.0,1.0,2,63.2481857142857,43.6280142857143,23.0561,28.4835857142857,294,,,,,61729
2025-04-27,202518,384.0,384,384,384,0.21599455,321.53534,0,4,350550020251820587,2026-05-14,Barretos,0.94564,119427,19.0519714285714,88.2682714285714,0.0,0.0,2,74.7608142857143,59.3717428571429,22.8173857142857,27.1639285714286,235,,,,,61729
2025-04-20,202517,457.0,457,457,457,0.8860282,382.66052,0,4,350550020251720578,2026-05-05,Barretos,1.0847619,119427,19.9672714285714,89.1241428571429,0.0,0.0,2,77.8956,62.7620142857143,23.5085428571429,27.6180857142857,294,,,,,61729
2025-04-13,202516,347.0,347,347,347,0.0005230104,290.55408,0,4,350550020251620571,2026-04-28,Barretos,0.7909245,119427,21.1010714285714,89.3436571428571,1.0,0.0,2,75.6080857142857,58.8683428571429,24.3605428571429,28.2877428571429,226,,,,,61729
2025-04-06,202515,461.0,461,461,461,0.4890226,386.00986,0,4,350550020251520566,2026-04-23,Barretos,0.99819064,119427,20.4213285714286,78.9336571428571,0.0,0.0,2,62.5908285714286,43.6224571428571,24.9259714285714,30.2135714285714,294,,,,,61729
2025-03-30,202514,420.0,420,420,420,0.01806156,351.67926,0,4,350550020251420557,2026-04-14,Barretos,0.8697215,119427,22.4644714285714,86.4953571428571,1.0,0.0,2,68.7875285714286,49.8861857142857,26.1782714285714,30.5753285714286,262,,,,,61729
2025-03-23,202513,459.0,459,459,459,0.25874048,384.3352,0,4,350550020251320552,2026-04-09,Barretos,0.9586243,119427,22.1839857142857,86.7812285714286,1.0,0.0,2,71.2805285714286,53.3627142857143,25.9694142857143,30.2275714285714,281,,,,,61729
2025-03-16,202512,511.0,511,511,511,0.97763646,427.87643,0,4,350550020251220544,2026-04-01,Barretos,1.1384344,119427,21.9176,87.7671428571429,1.0,1.0,2,72.7626,53.6053714285714,25.6710285714286,30.2433571428571,321,,,,,61729
2025-03-09,202511,490.0,490,490,490,0.9952915,410.29248,0,4,350550020251120536,2026-03-24,Barretos,1.1890374,119427,23.4813,76.7189714285714,1.0,1.0,2,57.0529142857143,39.1475571428571,28.2077571428571,33.0692,293,,,,,61729
2025-03-02,202510,462.0,462,462,462,0.9960634,386.8472,0,4,350550020251020529,2026-03-17,Barretos,1.2007422,119427,22.971,63.1927857142857,0.0,1.0,2,47.3168428571429,32.9940285714286,27.8767714285714,32.5436857142857,267,,,,,61729
2025-02-23,202509,395.0,395,395,395,0.93929964,330.74597,0,4,350550020250920522,2026-03-10,Barretos,1.1199903,119427,23.0828714285714,77.0659142857143,1.0,0.0,2,58.6310714285714,40.9471714285714,27.5450571428571,32.2464857142857,209,,,,,61729
2025-02-16,202508,391.0,391,391,391,0.99952585,327.39667,0,4,350550020250820516,2026-03-04,Barretos,1.2860819,119427,23.1627285714286,86.3076857142857,1.0,1.0,2,65.9047285714286,43.9346,27.6960857142857,32.4567142857143,220,,,,,61729
2025-02-09,202507,376.0,376,376,376,0.9999995,314.83667,0,4,350550020250720508,2026-02-24,Barretos,1.4825318,119427,21.6142142857143,90.3370571428571,1.0,1.0,2,73.8315285714286,57.3355142857143,25.4591142857143,29.2323714285714,220,,,,,61729
2025-02-02,202506,299.0,299,299,299,0.9999821,250.36215,0,4,350550020250620504,2026-02-20,Barretos,1.448483,119427,21.5707142857143,92.7861428571428,1.0,1.0,2,80.3879285714286,61.9885571428571,24.5820428571429,28.5262,155,,,,,61729
2025-01-26,202505,248.0,248,248,248,0.9999956,207.65823,0,4,350550020250520495,2026-02-11,Barretos,1.5614787,119427,22.2419428571429,93.0052285714286,1.0,1.0,2,79.386,64.6993571428571,25.1279285714286,28.0825714285714,115,,,,,61729
2025-01-19,202504,222.0,222,222,222,1.0,185.88762,0,3,350550020250420491,2026-02-07,Barretos,1.8375837,119427,22.4557428571429,90.1352571428571,1.0,1.0,2,71.6707428571429,53.1216571428571,26.8056142857143,31.5922142857143,99,,,,,61729
2025-01-12,202503,144.0,144,144,144,0.9997633,120.57575,0,3,350550020250320487,2026-02-03,Barretos,1.5863851,119427,21.9973285714286,86.2931142857143,1.0,1.0,1,75.1382428571429,63.0436428571429,25.1461714285714,28.3072571428571,59,,,,,61729
2025-01-05,202502,118.0,118,118,118,0.9999534,98.80513,0,4,350550020250220460,2026-01-07,Barretos,1.8000714,119427,21.4063857142857,92.1033428571429,1.0,1.0,2,76.2199571428571,57.7481,25.4944571428571,29.7998,43,,,,,61729
2024-12-29,202501,97.0,97,97,97,0.9998857,81.22116,0,2,350550020250120460,2026-01-07,Barretos,1.8502638,119427,21.2926428571429,95.4714857142857,1.0,1.0,2,82.4334571428571,67.0883,24.6331714285714,28.4899142857143,35,,,,,61729
2024-12-22,202452,52.0,52,52,52,0.6435049,43.541245,0,2,350550020245220438,2025-12-16,Barretos,1.07591,119427,22.0517428571429,92.9969,1.0,0.0,1,84.0452428571429,71.2194428571429,24.2941857142857,27.0431,21,,,,,61729
2024-12-15,202451,50.0,50,50,50,0.7064329,41.86658,0,2,350550020245120438,2025-12-16,Barretos,1.1175828,119427,21.4901142857143,92.4627142857143,1.0,0.0,1,76.2845285714286,60.3274714285714,25.1412571428571,28.9324,14,,,,,61729
2024-12-08,202450,49.0,49,49,49,0.80557966,41.029247,0,2,350550020245020438,2025-12-16,Barretos,1.1988002,119427,22.1775571428571,89.8414714285714,1.0,0.0,1,76.0267571428571,60.0891428571429,25.7018714285714,29.7212857142857,13,,,,,61729
2024-12-01,202449,49.0,49,49,49,0.76346815,41.029247,0,2,350550020244920432,2025-12-10,Barretos,1.1616029,119427,22.4135285714286,91.9977571428571,1.0,0.0,1,78.5929142857143,63.3887714285714,25.5093285714286,28.8299285714286,16,,,,,61729
2024-11-24,202448,34.0,34,34,34,0.12938933,28.469275,0,2,350550020244820425,2025-12-03,Barretos,0.77448386,119427,21.8655285714286,81.9200428571429,1.0,0.0,1,68.4901571428571,54.9410571428571,25.6075857142857,29.2269571428571,10,,,,,61729
2024-11-17,202447,40.0,40,40,40,0.522984,33.493263,0,2,350550020244720418,2025-11-26,Barretos,1.0129466,119427,21.4088285714286,91.6963142857143,1.0,0.0,1,76.4958285714286,61.5794142857143,25.3185571428571,28.9644428571429,9,,,,,61729
2024-11-10,202446,55.0,55,55,55,0.98336524,46.053238,0,2,350550020244620410,2025-11-18,Barretos,1.5720965,119427,21.0339714285714,83.6057285714286,1.0,1.0,1,69.5905714285714,53.5059285714286,25.0331571428571,29.3785,14,,,,,61729
2024-11-03,202445,35.0,35,35,35,0.4409156,29.306606,0,2,350550020244520404,2025-11-12,Barretos,0.96558774,119427,21.5967571428571,94.1726142857143,1.0,0.0,1,85.1902428571429,74.1201285714286,23.6359142857143,26.2331285714286,7,,,,,61729
2024-10-27,202444,34.0,34,34,34,0.16453391,28.469275,0,1,350550020244420396,2025-11-04,Barretos,0.8003774,119427,21.9414142857143,87.4210714285714,1.0,0.0,1,73.1824285714286,58.3082285714286,25.3752142857143,29.0607285714286,8,,,,,61729
2024-10-20,202443,30.0,30,30,30,0.03514407,25.119947,0,1,350550020244320390,2025-10-29,Barretos,0.6579933,119427,22.3755857142857,91.6084571428571,1.0,0.0,1,77.8676857142857,60.4017,25.5047428571429,29.5389285714286,9,,,,,61729
2024-10-13,202442,46.0,46,46,46,0.5624701,38.517254,0,1,350550020244220381,2025-10-20,Barretos,1.0334518,119427,23.2764857142857,73.9141142857143,0.0,0.0,1,53.8751857142857,36.5260285714286,28.0710428571429,33.1368571428571,7,,,,,61729
2024-10-06,202441,53.0,53,53,53,0.7420848,44.378574,0,1,350550020244120376,2025-10-15,Barretos,1.1386509,119427,22.7495714285714,68.4662571428571,0.0,0.0,1,45.8365714285714,27.156,29.1983571428571,35.8908,13,,,,,61729
2024-09-29,202440,37.0,37,37,37,0.10064184,30.98127,0,1,350550020244020368,2025-10-07,Barretos,0.75885445,119427,23.0617285714286,55.5161285714286,0.0,0.0,1,36.4312142857143,20.5173142857143,29.8690714285714,36.6162857142857,9,,,,,61729
2024-09-22,202439,46.0,46,46,46,0.44305927,38.517254,0,1,350550020243920363,2025-10-02,Barretos,0.97091997,119427,23.8652428571429,51.1090571428571,0.0,0.0,1,34.5428,20.1617,30.1981285714286,36.6816571428571,10,,,,,61729
2024-09-15,202438,58.0,58,58,58,0.8701201,48.56523,0,1,350550020243820354,2025-09-23,Barretos,1.2463652,119427,21.7294142857143,61.1966142857143,0.0,0.0,1,41.0857714285714,24.3405857142857,27.9825,34.3110285714286,18,,,,,61729
2024-09-08,202437,39.0,39,39,39,0.25018775,32.655933,0,1,350550020243720347,2025-09-16,Barretos,0.8638167,119427,21.6308714285714,44.1827,0.0,0.0,1,27.3399428571429,14.4786,28.5295,35.5417857142857,10,,,,,61729
2024-09-01,202436,53.0,53,53,53,0.81497943,44.378574,0,1,350550020243620340,2025-09-09,Barretos,1.1989291,119427,18.9626571428571,50.6826285714286,0.0,0.0,1,28.7637714285714,12.7109857142857,27.4855142857143,36.0682285714286,13,,,,,61729
2024-08-25,202435,42.0,42,42,42,0.27271926,35.167927,0,1,350550020243520333,2025-09-02,Barretos,0.88054633,119427,16.3919,62.7392,0.0,0.0,1,43.5058428571429,25.6251,22.4957428571429,29.2979142857143,16,,,,,61729
2024-08-18,202434,46.0,46,46,46,0.11093393,38.517254,0,1,350550020243420328,2025-08-28,Barretos,0.7874291,119427,19.4239428571429,45.3830857142857,0.0,0.0,1,28.4972142857143,14.4272714285714,26.9294142857143,34.7524571428571,12,,,,,61729
2024-08-11,202433,38.0,38,38,38,0.0012685303,31.8186,0,1,350550020243320321,2025-08-21,Barretos,0.5518402,119427,13.7934,65.0483142857143,0.0,0.0,1,40.2490428571429,20.0589571428571,21.1644857142857,29.3643857142857,18,,,,,61729
2024-08-04,202432,61.0,61,61,61,0.13025048,51.07723,0,1,350550020243220312,2025-08-12,Barretos,0.82405347,119427,18.7865,62.6392142857143,0.0,0.0,1,45.0324857142857,26.6161,23.4221,28.4714571428571,25,,,,,61729
2024-07-28,202431,75.0,75,75,75,0.47729346,62.79987,0,1,350550020243120305,2025-08-05,Barretos,0.9907903,119427,18.8077,61.3471142857143,0.0,0.0,1,43.0749714285714,26.0090428571429,24.0221428571429,30.1638571428571,42,,,,,61729
2024-07-21,202430,72.0,72,72,72,0.35060906,60.287876,0,1,350550020243020298,2025-07-29,Barretos,0.9391557,119427,15.9201285714286,56.8259714285714,0.0,0.0,1,37.5261,20.6712714285714,22.3716285714286,29.3377571428571,42,,,,,61729
2024-07-14,202429,81.0,81,81,81,0.22623634,67.82386,0,1,350550020242920292,2025-07-23,Barretos,0.89185923,119427,16.4244571428571,62.2825285714286,0.0,0.0,1,42.2722571428571,25.1557142857143,22.3705714285714,28.6686285714286,44,,,,,61729
2024-07-07,202428,73.0,73,73,73,2.6027928e-05,61.125206,0,1,350550020242820284,2025-07-15,Barretos,0.5608379,119427,18.0915857142857,73.6006,0.0,0.0,1,52.016,30.6929571428571,23.6152142857143,30.0255857142857,37,,,,,61729
2024-06-30,202427,68.0,68,68,68,6.1151084e-13,56.93855,0,1,350550020242720278,2025-07-09,Barretos,0.3841,119427,17.9104714285714,65.3072571428571,0.0,0.0,1,50.1658428571429,31.8303714285714,22.4355285714286,28.1825428571429,33,,,,,61729
2024-06-23,202426,124.0,124,124,124,1.2143587e-06,103.82912,0,4,350550020242620270,2025-07-01,Barretos,0.59189355,119427,18.2759714285714,66.2868285714286,0.0,0.0,2,46.4045285714286,27.9376857142857,23.9719142857143,30.2806285714286,79,,,,,61729
2024-06-16,202425,198.0,198,198,198,0.026126636,165.79166,0,4,350550020242520263,2025-06-24,Barretos,0.8302419,119427,17.0772142857143,62.0560857142857,0.0,0.0,2,42.6486428571429,24.0890142857143,22.5871285714286,28.9858142857143,129,,,,,61729
2024-06-09,202424,210.0,210,210,210,0.0001733944,175.83963,0,4,350550020242420256,2025-06-17,Barretos,0.72479236,119427,17.5445857142857,67.2668571428571,0.0,0.0,2,47.2765571428571,27.4909571428571,23.0570857142857,29.6778571428571,146,,,,,61729
2024-06-02,202423,229.0,229,229,229,5.9419452e-08,191.74893,0,4,350550020242320249,2025-06-10,Barretos,0.64230657,119427,18.4362714285714,65.1961142857143,0.0,0.0,2,49.0359571428571,31.6148285714286,23.0008285714286,28.4334714285714,143,,,,,61729
2024-05-26,202422,257.0,257,257,257,1.3298679e-08,215.19421,0,4,350550020242220242,2025-06-03,Barretos,0.6444456,119427,15.7304857142857,80.5148428571429,0.0,0.0,2,63.1808428571429,41.2034714285714,20.0841285714286,25.5839,186,,,,,61729
2024-05-19,202421,400.0,400,400,400,0.34259617,334.93265,0,4,350550020242120236,2025-05-28,Barretos,0.97195333,119427,19.7236857142857,73.9025142857143,0.0,0.0,2,53.002,33.1863285714286,24.7763571428571,30.3720428571429,279,,,,,61729
2024-05-12,202420,402.0,402,402,402,0.36697456,336.6073,0,4,350550020242020228,2025-05-20,Barretos,0.9764629,119427,19.0761714285714,76.9993714285714,0.0,0.0,2,51.9544142857143,30.2322714285714,25.1574285714286,31.3898,269,,,,,61729
2024-05-05,202419,432.0,432,432,432,0.68548214,361.72723,0,4,350550020241920224,2025-05-16,Barretos,1.0336816,119427,20.7920142857143,68.9507857142857,0.0,0.0,2,49.4697571428571,31.0416714285714,26.0098714285714,31.7418,308,,,,,61729
2024-04-28,202418,394.0,394,394,394,0.11861102,329.90866,0,4,350550020241820214,2025-05-06,Barretos,0.9208564,119427,21.0428142857143,74.5071428571429,0.0,0.0,2,49.9986714285714,29.2419714285714,26.9714571428571,32.7946428571429,256,,,,,61729
2024-04-21,202417,427.0,427,427,427,0.44707912,357.5406,0,4,350550020241720207,2025-04-29,Barretos,0.9909608,119427,20.3822571428571,73.0042,0.0,0.0,2,54.1739714285714,33.8277857142857,25.8004,31.5778285714286,256,,,,,61729
2024-04-14,202416,424.0,424,424,424,0.6399372,355.0286,0,4,350550020241620201,2025-04-23,Barretos,1.0250567,119427,22.2297,80.0064,1.0,0.0,2,68.0095428571429,53.7183857142857,25.4799,29.0731571428571,229,,,,,61729
2024-04-07,202415,451.0,451,451,451,0.9593741,377.63654,0,4,350550020241520193,2025-04-15,Barretos,1.1270083,119427,22.3714,83.5835857142857,1.0,1.0,2,71.8499428571429,57.5688571428571,25.1909428571429,28.6020142857143,246,,,,,61729
2024-03-31,202414,434.0,434,434,434,0.7547311,363.40192,0,4,350550020241420188,2025-04-10,Barretos,1.0484754,119427,22.0688714285714,89.0222428571429,1.0,0.0,2,72.663,55.3163142857143,25.965,30.171,187,,,,,61729
2024-03-24,202413,337.0,337,337,337,0.0012596274,282.18076,0,4,350550020241320179,2025-04-01,Barretos,0.8024016,119427,20.8363571428571,94.5249857142857,0.0,0.0,2,85.1211,71.2923714285714,23.0337142857143,26.1116857142857,143,,,,,61729
2024-03-17,202412,464.0,464,464,464,0.937831,388.52185,0,4,350550020241220172,2025-03-25,Barretos,1.1090376,119427,23.764,88.8010571428571,1.0,0.0,2,72.756,53.7966142857143,27.2424,31.3886142857143,213,,,,,61729
2024-03-10,202411,411.0,411,411,411,0.412945,344.14328,0,4,350550020241120165,2025-03-18,Barretos,0.98483723,119427,23.9321571428571,87.7037571428571,1.0,0.0,2,69.2298571428571,50.5594857142857,28.1499428571429,32.6616571428571,170,,,,,61729
2024-03-03,202410,416.0,416,416,416,0.80730957,348.32996,0,4,350550020241020158,2025-03-11,Barretos,1.0629853,119427,23.6988857142857,84.0321,1.0,0.0,2,66.1795857142857,45.6530142857143,27.7469571428571,32.4056142857143,143,,,,,61729
2024-02-25,202409,424.0,424,424,424,0.99996024,355.0286,0,4,350550020240920154,2025-03-07,Barretos,1.3381832,119427,23.8755714285714,83.9443714285714,1.0,1.0,2,62.7054142857143,45.2417,28.5220857142857,33.0025857142857,119,,,,,61729
2024-02-18,202408,442.0,442,442,442,1.0,370.10056,0,4,350550020240820145,2025-02-26,Barretos,1.9585518,119427,22.2000857142857,92.5214428571429,1.0,1.0,2,78.4254857142857,60.5974571428571,25.4577,29.6470857142857,98,,,,,61729
2024-02-11,202407,323.0,323,323,323,1.0,270.4581,0,4,350550020240720137,2025-02-18,Barretos,2.0101957,119427,22.4685285714286,87.5762428571429,1.0,1.0,2,72.2669428571429,56.6287142857143,25.9077285714286,29.63,90,,,,,61729
2024-02-04,202406,207.0,207,207,207,0.9999958,173.32764,0,4,350550020240620130,2025-02-11,Barretos,1.6407804,119427,22.4487857142857,88.7676428571429,1.0,1.0,2,72.5196285714286,54.8690428571429,25.9621285714286,29.7915285714286,60,,,,,61729
2024-01-28,202405,138.0,138,138,138,0.9933538,115.55176,0,4,350550020240520123,2025-02-04,Barretos,1.380589,119427,21.6682857142857,84.1267285714286,1.0,1.0,2,63.1043428571429,43.8150428571429,26.2864857142857,31.1011285714286,35,,,,,61729
2024-01-21,202404,134.0,134,134,134,0.99998665,112.20243,0,4,350550020240420117,2025-01-29,Barretos,1.811222,119427,20.7175142857143,86.7042285714286,0.0,1.0,2,71.8364714285714,53.7058714285714,24.7928428571429,28.7097857142857,31,,,,,61729
2024-01-14,202403,99.0,99,99,99,0.99998283,82.89583,0,3,350550020240320109,2025-01-21,Barretos,2.0120292,119427,23.2556428571429,92.4556714285714,1.0,1.0,2,74.0551571428571,55.0305571428571,26.9646285714286,30.8987428571429,13,,,,,61729
2024-01-07,202402,73.0,73,73,73,0.99996984,61.125206,0,2,350550020240220096,2025-01-08,Barretos,2.2465878,119427,23.3089428571429,88.7033428571429,1.0,1.0,1,70.4067285714286,54.8182428571429,27.1303714285714,30.5616142857143,10,,,,,61729
2023-12-31,202401,53.0,53,53,53,0.9754884,44.378574,0,2,350550020240120096,2025-01-08,Barretos,1.5264826,119427,22.5383857142857,88.7680857142857,1.0,1.0,1,73.0154285714286,53.4511285714286,26.2997571428571,30.4394285714286,5,,,,,61729
2023-12-24,202352,13.0,13,13,13,1.2886971e-06,10.885311,0,2,350550020235220088,2024-12-31,Barretos,0.26836768,119427,23.3930428571429,85.8235571428571,1.0,0.0,1,64.1033,44.0570571428571,28.2496,33.1816285714286,6,,,,,61729
2023-12-17,202351,31.0,31,31,31,0.005087215,25.95728,0,2,350550020235120081,2024-12-24,Barretos,0.5689122,119427,24.3983142857143,75.8675142857143,1.0,0.0,1,58.2847571428571,41.6572571428571,28.5537,33.2586,30,,,,,61729
2023-12-10,202350,50.0,50,50,50,0.576092,41.86658,0,2,350550020235020074,2024-12-17,Barretos,1.039343,119427,23.5452,77.6688714285714,1.0,0.0,1,56.8283,37.8124142857143,28.6964142857143,34.2183428571429,34,,,,,61729
2023-12-03,202349,76.0,76,76,76,0.99786913,63.6372,0,2,350550020234920067,2024-12-10,Barretos,1.6939453,119427,23.8985857142857,84.1432714285714,1.0,1.0,1,61.1683428571429,40.9718857142857,28.7168714285714,33.6214428571429,31,,,,,61729
2023-11-26,202348,31.0,31,31,31,0.049566913,25.95728,0,1,350550020234820060,2024-12-03,Barretos,0.68461496,119427,22.8075857142857,90.0899,1.0,0.0,1,68.2596142857143,49.0718857142857,27.1873,31.6573714285714,4,,,,,61729
2023-11-19,202347,50.0,50,50,50,0.7312967,41.86658,0,1,350550020234720056,2024-11-29,Barretos,1.1351388,119427,23.4424714285714,86.0943714285714,1.0,0.0,1,68.4282,51.1407428571429,27.3698,31.7611428571429,2,,,,,61729
2023-11-12,202346,43.0,43,43,43,0.5701626,36.005257,0,1,350550020234620046,2024-11-19,Barretos,1.0390471,119427,24.1906,67.4334714285714,0.0,0.0,1,44.2086,25.4645857142857,30.7835857142857,37.8855714285714,6,,,,,61729
2023-11-05,202345,51.0,51,51,51,0.730045,42.70391,0,1,350550020234520039,2024-11-12,Barretos,1.1327876,119427,20.4263142857143,68.6293142857143,0.0,0.0,1,46.2092857142857,24.6013428571429,27.5682428571429,35.1750142857143,3,,,,,61729
2023-10-29,202344,34.0,34,34,34,0.05261358,28.469275,0,2,350550020234420032,2024-11-05,Barretos,0.6994314,119427,22.2277142857143,88.4307285714286,1.0,0.0,1,72.6302285714286,49.605,25.7644285714286,30.8584428571429,0,,,,,61729
2023-10-22,202343,38.0,38,38,38,0.2636451,31.8186,0,2,350550020234320026,2024-10-30,Barretos,0.8699281,119427,22.2694285714286,80.7631142857143,1.0,0.0,1,61.8623571428571,42.0082285714286,27.0889571428571,32.6822714285714,0,,,,,61729
2023-10-15,202342,71.0,71,71,71,0.9952827,59.450542,0,2,350550020234220019,2024-10-23,Barretos,1.6334702,119427,22.1336571428571,79.3326571428571,1.0,1.0,1,62.323,41.8353285714286,27.1508,33.2115857142857,3,,,,,61729
2023-10-08,202341,28.0,28,28,28,0.015670324,23.445284,0,1,350550020234120012,2024-10-16,Barretos,0.60394406,119427,21.7456142857143,86.5416571428571,1.0,0.0,1,69.2843571428571,47.1541428571429,26.1990714285714,32.4029714285714,1,,,,,61729
2023-10-01,202340,41.0,41,41,41,0.4224254,34.330597,0,1,350550020234020005,2024-10-09,Barretos,0.9583411,119427,22.8982714285714,85.8743,1.0,0.0,1,68.7937857142857,47.8644857142857,27.3134,32.8079142857143,2,,,,,61729
2023-09-24,202339,59.0,59,59,59,0.9823006,49.402565,0,1,350550020233919998,2024-10-02,Barretos,1.5362468,119427,22.8456857142857,70.0077,0.0,1.0,1,50.3377,31.2326,29.1994285714286,36.3591,5,,,,,61729
2023-09-17,202338,38.0,38,38,38,0.3830237,31.8186,0,1,350550020233819990,2024-09-24,Barretos,0.93540394,119427,22.0406571428571,65.7874142857143,0.0,0.0,1,42.9113285714286,22.6433714285714,28.7559857142857,36.4392142857143,9,,,,,61729
2023-09-10,202337,38.0,38,38,38,0.14006546,31.8186,0,1,350550020233719984,2024-09-18,Barretos,0.7924407,119427,18.2061428571429,72.2552285714286,0.0,0.0,1,51.5645714285714,27.2455,24.4757571428571,32.0322857142857,7,,,,,61729
2023-09-03,202336,31.0,31,31,31,0.010394979,25.95728,0,1,350550020233619979,2024-09-13,Barretos,0.5982515,119427,20.8576428571429,77.2086428571429,0.0,0.0,1,58.2402285714286,38.4357428571429,25.9918714285714,31.8122714285714,1,,,,,61729
2023-08-27,202335,58.0,58,58,58,0.6118678,48.56523,0,1,350550020233519969,2024-09-03,Barretos,1.0547285,119427,16.9430428571429,86.6988428571429,0.0,0.0,1,71.9713428571429,52.3262428571429,21.3639428571429,27.2287428571429,5,,,,,61729
2023-08-20,202334,51.0,51,51,51,0.25460446,42.70391,0,1,350550020233419962,2024-08-27,Barretos,0.8814653,119427,18.5856,72.9410714285714,0.0,0.0,1,53.3051285714286,29.9644714285714,24.1897142857143,31.6157571428571,7,,,,,61729
2023-08-13,202333,48.0,48,48,48,0.23253286,40.191917,0,1,350550020233319956,2024-08-21,Barretos,0.86650157,119427,18.6399571428571,70.8507,0.0,0.0,1,52.1678142857143,32.1367285714286,24.0569142857143,30.0257714285714,3,,,,,61729
2023-08-06,202332,73.0,73,73,73,0.96833766,61.125206,0,1,350550020233219949,2024-08-14,Barretos,1.3950211,119427,17.7025857142857,65.3050142857143,0.0,1.0,1,45.0375,22.1975285714286,24.5474142857143,33.2585428571429,11,,,,,61729
2023-07-30,202331,45.0,45,45,45,0.24555807,37.67992,0,1,350550020233119941,2024-08-06,Barretos,0.8697287,119427,15.1081571428571,73.4484142857143,0.0,0.0,1,50.4582,25.4059,22.4137,30.9744428571429,4,,,,,61729
2023-07-23,202330,61.0,61,61,61,0.54090005,51.07723,0,1,350550020233019934,2024-07-30,Barretos,1.0187931,119427,16.2831142857143,74.6519428571429,0.0,0.0,1,53.1551,29.6974285714286,22.4070571428571,29.4856571428571,10,,,,,61729
2023-07-16,202329,40.0,40,40,40,0.0007956923,33.493263,0,1,350550020232919928,2024-07-24,Barretos,0.54626954,119427,16.0605,82.0587142857143,0.0,0.0,1,60.7692285714286,35.3548142857143,22.0506142857143,29.3758428571429,4,,,,,61729
2023-07-09,202328,58.0,58,58,58,0.013225569,48.56523,0,1,350550020232819919,2024-07-15,Barretos,0.6878198,119427,15.0194714285714,76.4234285714286,0.0,0.0,1,56.3627571428571,30.7864,20.6472,28.3166714285714,7,,,,,61729
2023-07-02,202327,77.0,77,77,77,0.056659605,64.47453,0,1,350550020232719913,2024-07-09,Barretos,0.78680694,119427,18.8571428571429,57.2088128571429,0.0,0.0,1,54.0351588571429,50.0830624285714,19.5,20.4285714285714,7,,,,,61729
2023-06-25,202326,88.0,88,88,88,0.009362162,73.68518,0,1,350550020232619905,2024-07-01,Barretos,0.7217872,119427,18.7407407407407,66.9226161481482,0.0,0.0,1,62.2995448518518,55.5622685185185,19.7530865185185,21.037037037037,16,,,,,61729
2023-06-18,202325,82.0,82,82,82,9.3482004e-07,68.661194,0,1,350550020232519898,2024-06-24,Barretos,0.53039396,119427,17.4285714285714,63.2422424285714,0.0,0.0,1,58.5299984285714,52.7523568571429,18.7857142857143,20.2857142857143,17,,,,,61729
2023-06-11,202324,129.0,129,129,129,4.7166664e-05,108.01578,0,4,350550020232419884,2024-06-10,Barretos,0.6469582,119427,14.9607285714286,87.5449428571429,0.0,0.0,2,76.3298571428572,59.7015428571429,18.2481571428571,22.7413571428571,23,,,,,61729
2023-06-04,202323,140.0,140,140,140,1.5833468e-10,117.226425,0,4,350550020232319884,2024-06-10,Barretos,0.5273144,119427,13.8769,82.2361,0.0,0.0,2,62.3866857142857,34.435,19.9050142857143,27.6117142857143,41,,,,,61729
2023-05-28,202322,202.0,202,202,202,4.305001e-12,169.14098,0,4,350550020232219877,2024-06-03,Barretos,0.55637914,119427,19.0,81.2522497142857,0.0,0.0,2,79.1002325714286,76.3170482857143,19.5324674285714,20.1428571428571,50,,,,,61729
2023-05-21,202321,233.0,233,233,233,0.0,195.09827,0,4,350550020232119870,2024-05-27,Barretos,0.5055894,119427,18.2916666666667,66.0124511666667,0.0,0.0,2,51.8202430416667,38.5673039583333,21.8680556666667,25.625,88,,,,,61729
2023-05-14,202320,357.0,357,357,357,1.4430542e-08,298.92737,0,4,350550020232019863,2024-05-20,Barretos,0.6854547,119427,17.92,55.71015064,0.0,0.0,2,47.22782016,37.48815188,20.515,23.32,138,,,,,61729
2023-05-07,202319,506.0,506,506,506,0.07345949,423.6898,0,4,350550020231919856,2024-05-13,Barretos,0.91471094,119427,21.5714285714286,68.6439918571429,0.0,0.0,2,62.419878,57.4428284285714,23.1805555714286,24.7142857142857,90,,,,,61729
2023-04-30,202318,525.0,525,525,525,0.05961661,439.5991,0,4,350550020231819849,2024-05-06,Barretos,0.9103781,119427,21.8076923076923,65.7634210384615,0.0,0.0,2,61.2662326538462,57.1436475384615,22.6765735384615,23.6153846153846,44,,,,,61729
2023-04-23,202317,563.0,563,563,563,0.42459664,471.4177,0,4,350550020231719842,2024-04-29,Barretos,0.9887665,119427,18.5909090909091,85.7863589090909,0.0,0.0,2,68.577261,51.0299781363636,22.7689392727273,27.1363636363636,53,,,,,61729
2023-04-16,202316,564.0,564,564,564,0.96853435,472.255,0,4,350550020231619835,2024-04-22,Barretos,1.1206357,119427,18.5714285714286,84.7425914285714,0.0,1.0,2,66.506511,44.6430365714286,23.0357142857143,28.1428571428571,73,,,,,61729
2023-04-09,202315,659.0,659,659,659,1.0,551.8015,0,4,350550020231519828,2024-04-15,Barretos,1.5399594,119427,20.4285714285714,94.1853408571429,0.0,1.0,2,76.2779924285714,53.773987,24.0892857142857,28.5714285714286,92,,,,,61729
2023-04-02,202314,477.0,477,477,477,0.9999635,399.40717,0,4,350550020231419821,2024-04-08,Barretos,1.3164924,119427,20.4285714285714,85.4160157142857,0.0,1.0,2,66.7929801428571,45.3814064285714,24.8571428571429,30.1428571428571,63,,,,,61729
2023-03-26,202313,415.0,415,415,415,0.9999946,347.4926,0,4,350550020231319815,2024-04-02,Barretos,1.3932073,119427,23.5555555555556,78.7927488148148,1.0,1.0,2,68.100815962963,56.0746582962963,25.9179893333333,28.5925925925926,47,,,,,61729
2023-03-19,202312,398.0,398,398,398,1.0,333.25797,0,4,350550020231219809,2024-03-27,Barretos,1.5653867,119427,23.4285714285714,77.2640372857143,1.0,1.0,2,63.0633371428571,46.9940077142857,26.5357142857143,30.4285714285714,31,,,,,61729
2023-03-12,202311,257.0,257,257,257,0.95141286,215.19421,0,4,350550020231119801,2024-03-19,Barretos,1.1639904,119427,22.1111111111111,90.4878017777778,1.0,1.0,2,87.6451442592593,84.8237316296296,22.4382717037037,22.8148148148148,34,,,,,61729
2023-03-05,202310,262.0,262,262,262,0.99993056,219.38087,0,4,350550020231019795,2024-03-13,Barretos,1.4394805,119427,22.2857142857143,83.746043,1.0,1.0,2,80.2567891428571,77.5953857142857,22.8714285714286,23.2857142857143,26,,,,,61729
2023-02-26,202309,230.0,230,230,230,0.9999949,192.58627,0,4,350550020230919787,2024-03-05,Barretos,1.586083,119427,26.2857142857143,66.493575,0.0,1.0,2,62.9898032857143,59.626494,26.8714285714286,27.4285714285714,31,,,,,61729
2023-02-19,202308,180.0,180,180,180,0.99978805,150.71968,0,4,350550020230819780,2024-02-27,Barretos,1.508599,119427,21.7142857142857,90.888538,1.0,1.0,2,77.4605841428571,61.0211631428571,24.3630951428571,28.1428571428571,25,,,,,61729
2023-02-12,202307,138.0,138,138,138,0.9948925,115.55176,0,4,350550020230719774,2024-02-21,Barretos,1.3988847,119427,24.3636363636364,81.164195,1.0,1.0,2,79.2310975454545,77.8059577272727,24.4545454545455,24.5454545454545,11,,,,,61729
2023-02-05,202306,113.0,113,113,113,0.99787,94.61847,0,4,350550020230619768,2024-02-15,Barretos,1.5243319,119427,23.8571428571429,81.3684437142857,1.0,1.0,2,81.1285715714286,80.6695301428571,23.904762,24.0,7,,,,,61729
2023-01-29,202305,113.0,113,113,113,0.99999696,91.99482,0,1,350550020230519760,2024-02-07,Barretos,2.0505366,122833,22.5714285714286,89.47909,1.0,1.0,2,85.3373042857143,77.8312652857143,23.220238,24.7142857142857,4,,,,,61729
2023-01-22,202304,66.0,66,66,66,0.9750482,53.731487,0,1,350550020230419752,2024-01-30,Barretos,1.4525152,122833,25.8571428571429,69.4816538571429,0.0,1.0,1,68.8034872857143,68.1253201428571,26.0,26.1428571428571,3,,,,,61729
2023-01-15,202303,48.0,48,48,48,0.9394257,39.077446,0,1,350550020230319748,2024-01-26,Barretos,1.4090835,122833,25.1428571428571,71.8722674285714,0.0,0.0,1,71.6003082857143,71.3283488571429,25.2857142857143,25.4285714285714,5,,,,,61729
2023-01-08,202302,47.0,47,47,47,0.99992937,38.263332,0,1,350550020230219748,2024-01-26,Barretos,2.7203531,122833,21.0,96.9077278571429,0.0,1.0,1,84.520087,67.6006981428571,23.3214288571429,26.5714285714286,5,,,,,61729
2023-01-01,202301,46.0,46,46,46,0.9999998,37.44922,0,1,350550020230119741,2024-01-19,Barretos,4.760354,122833,19.8571428571429,97.43022,0.0,1.0,1,81.1879514285714,61.1980821428571,23.315476,27.8571428571429,5,,,,,61729
2022-12-25,202252,7.0,7,7,7,0.0075770095,5.6987944,0,1,350550020225219734,2024-01-12,Barretos,0.36996156,122833,21.3333333333333,94.4079386666667,1.0,0.0,0,85.589998,72.2456616666667,23.1411613333333,25.6666666666667,18,,,,,61729
2022-12-18,202251,0.0,0,0,0,0.0,0.0,0,1,350550020225119718,2023-12-27,Barretos,0.0,122833,22.0,97.05291,0.0,0.0,0,75.65442,54.708785,24.452651,28.0,19,,,,,61729
2022-12-11,202250,11.0,11,11,11,7.776771e-06,8.955248,0,1,350550020225019718,2023-12-27,Barretos,0.26902342,122833,21.75,97.031145,1.0,0.0,1,,,,,24,,,,,61729
2022-12-04,202249,49.0,49,49,49,0.7366134,39.89156,0,1,350550020224919708,2023-12-17,Barretos,1.1405941,122833,21.5,97.00938,1.0,0.0,1,89.40557,77.041313,22.473485,25.0,22,,,,,61729
2022-11-27,202248,40.0,40,40,40,0.2534973,32.564537,0,1,350550020224819685,2023-11-24,Barretos,0.8672019,122833,20.0,85.63022,0.0,0.0,1,72.24492,54.008944,22.4625,26.0,11,,,,,61729
2022-11-20,202247,42.0,42,42,42,0.20845293,34.192764,0,1,350550020224719685,2023-11-24,Barretos,0.8444698,122833,20.75,87.1805675,0.0,0.0,1,68.52736475,44.9019105,24.0104165,28.75,3,,,,,61729
2022-11-13,202246,46.0,46,46,46,0.2772944,37.44922,0,1,350550020224619685,2023-11-24,Barretos,0.88773054,122833,22.0,43.682371,0.0,0.0,1,31.3177745,22.7106215,26.166667,30.0,5,,,,,61729
2022-11-06,202245,51.0,51,51,51,0.51015747,41.519787,0,1,350550020224519685,2023-11-24,Barretos,1.0050409,122833,16.0,69.994175,0.0,0.0,1,53.8536685,37.565303,20.679924,26.0,1,,,,,61729
2022-10-30,202244,53.0,53,53,53,0.69648504,43.148014,0,1,350550020224419685,2023-11-24,Barretos,1.1074595,122833,13.0,82.13548,0.0,0.0,1,55.853687,31.2961055,19.7017535,27.5,1,,,,,61729
2022-10-23,202243,55.0,55,55,55,0.7742002,44.77624,0,1,350550020224319685,2023-11-24,Barretos,1.1599319,122833,19.0,82.8728153333333,0.0,0.0,1,57.219798,39.0748706666667,23.952778,29.0,1,,,,,61729
2022-10-16,202242,43.0,43,43,43,0.2940996,35.006878,0,1,350550020224219685,2023-11-24,Barretos,0.8931507,122833,21.5,78.13968,1.0,0.0,1,50.5562805,30.5460595,26.463768,31.0,3,,,,,61729
2022-10-09,202241,48.0,48,48,48,0.5008373,39.077446,0,1,350550020224119685,2023-11-24,Barretos,1.0004267,122833,21.0,94.21821,0.0,0.0,1,78.7217925,66.785832,22.354167,24.5,2,,,,,61729
2022-10-02,202240,50.0,50,50,50,0.49836558,40.705673,0,1,350550020224019685,2023-11-24,Barretos,0.99918455,122833,21.0,83.049045,0.0,0.0,1,57.932979,34.0154015,25.897727,31.5,2,,,,,61729
2022-09-25,202239,48.0,48,48,48,0.21099266,39.077446,0,1,350550020223919685,2023-11-24,Barretos,0.8547305,122833,16.6666666666667,85.19239,0.0,0.0,1,67.105812,54.922288,21.5042736666667,26.6666666666667,3,,,,,61729
2022-09-18,202238,44.0,44,44,44,0.06558368,35.82099,0,1,350550020223819685,2023-11-24,Barretos,0.7426404,122833,19.25,87.9592625,0.0,0.0,1,79.6732755,71.98455075,22.241856,25.25,4,,,,,61729
2022-09-11,202237,59.0,59,59,59,0.5532269,48.032696,0,1,350550020223719685,2023-11-24,Barretos,1.0250096,122833,19.0,80.49368,0.0,0.0,1,56.70517725,37.507612,24.49305575,29.75,3,,,,,61729
2022-09-04,202236,68.0,68,68,68,0.82908875,55.359715,0,1,350550020223619685,2023-11-24,Barretos,1.1847268,122833,17.875,72.46186625,0.0,0.0,1,,,,,4,,,,,61729
2022-08-28,202235,49.0,49,49,49,0.21368663,39.89156,0,1,350550020223519685,2023-11-24,Barretos,0.8575297,122833,16.75,64.4300525,0.0,0.0,1,46.8467145,28.84444175,22.0509465,28.25,2,,,,,61729
2022-08-21,202234,62.0,62,62,62,0.6531091,50.475037,0,1,350550020223419685,2023-11-24,Barretos,1.0743812,122833,15.75,75.295185,0.0,0.0,1,56.01166475,37.8387,19.9853095,24.75,4,,,,,61729
2022-08-14,202233,58.0,58,58,58,0.32860544,47.218582,0,1,350550020223319685,2023-11-24,Barretos,0.92266816,122833,18.0,58.3973153333333,0.0,0.0,1,44.9897936666667,30.415742,22.1459396666667,27.6666666666667,8,,,,,61729
2022-08-07,202232,52.0,52,52,52,0.0271805,42.3339,0,1,350550020223219685,2023-11-24,Barretos,0.7082373,122833,18.1666666666667,51.8442435833333,0.0,0.0,1,,,,,6,,,,,61729
2022-07-31,202231,64.0,64,64,64,0.0049709207,52.103264,0,1,350550020223119685,2023-11-24,Barretos,0.66351867,122833,18.3333333333333,45.2911718333333,0.0,0.0,1,35.6779306666667,27.1399581666667,23.0833333333333,27.8333333333333,10,,,,,61729
2022-07-24,202230,69.0,69,69,69,3.283308e-06,56.17383,0,1,350550020223019685,2023-11-24,Barretos,0.52167594,122833,17.8571428571429,54.3923618571429,0.0,0.0,1,40.6306264285714,26.7153227142857,23.2017345714286,28.8571428571429,34,,,,,61729
2022-07-17,202229,79.0,79,79,79,7.200012e-08,64.314964,0,1,350550020222919685,2023-11-24,Barretos,0.49607122,122833,18.2857142857143,59.2621735714286,0.0,0.0,1,43.9726027142857,29.2494364285714,23.4146822857143,28.5714285714286,42,,,,,61729
2022-07-10,202228,142.0,142,142,142,0.04866792,115.60411,0,4,350550020222819685,2023-11-24,Barretos,0.8290316,122833,16.7142857142857,63.4764377142857,0.0,0.0,2,46.2831597142857,28.9806908571429,21.7179488571429,27.7142857142857,79,,,,,61729
2022-07-03,202227,180.0,180,180,180,0.47317562,146.54042,0,4,350550020222719685,2023-11-24,Barretos,0.9929527,122833,16.1428571428571,60.9446377142857,0.0,0.0,2,44.5093355714286,26.8169301428571,21.4583331428571,27.4285714285714,71,,,,,61729
2022-06-26,202226,154.0,154,154,154,0.031492453,125.373474,0,4,350550020222619685,2023-11-24,Barretos,0.81771296,122833,15.0,72.0750434285714,0.0,0.0,2,52.9738534285714,30.882818,20.7464987142857,27.5714285714286,31,,,,,61729
2022-06-19,202225,199.0,199,199,199,0.6729473,162.00858,0,4,350550020222519685,2023-11-24,Barretos,1.0464286,122833,16.4285714285714,69.7525272857143,0.0,0.0,2,54.148387,36.3656395714286,21.2380954285714,26.7142857142857,33,,,,,61729
2022-06-12,202224,176.0,176,176,176,0.2875726,143.28397,0,4,350550020222419685,2023-11-24,Barretos,0.94288707,122833,14.4285714285714,68.9191165714286,0.0,0.0,2,53.3650567142857,35.2123488571429,18.7202382857143,23.8571428571429,67,,,,,61729
2022-06-05,202223,214.0,214,214,214,0.73350686,174.22028,0,4,350550020222319685,2023-11-24,Barretos,1.0630461,122833,17.1428571428571,80.7298564285714,0.0,0.0,2,67.1159721428571,51.6352884285714,20.4234692857143,24.2857142857143,79,,,,,61729
2022-05-29,202222,167.0,167,167,167,2.6178463e-05,135.95695,0,4,350550020222219685,2023-11-24,Barretos,0.6702508,122833,17.8571428571429,78.6440142857143,0.0,0.0,2,59.9185665714286,37.9920738571429,22.5467687142857,28.4285714285714,76,,,,,61729
2022-05-22,202221,185.0,185,185,185,1.7779643e-09,150.611,0,4,350550020222119685,2023-11-24,Barretos,0.5848917,122833,15.1428571428571,66.9469032857143,0.0,0.0,2,47.1164987142857,26.9470598571429,20.7261902857143,27.2857142857143,102,,,,,61729
2022-05-15,202220,231.0,231,231,231,5.559228e-08,188.06021,0,4,350550020222019685,2023-11-24,Barretos,0.642831,122833,11.2857142857143,79.5980328571429,0.0,0.0,2,60.9884545714286,39.7323665714286,15.6190475714286,20.2857142857143,124,,,,,61729
2022-05-08,202219,330.0,330,330,330,0.31570086,268.65744,0,4,350550020221919685,2023-11-24,Barretos,0.96369326,122833,17.4285714285714,80.4472272857143,0.0,0.0,2,62.0645801428571,42.8329381428571,22.411172,27.7142857142857,200,,,,,61729
2022-05-01,202218,401.0,401,401,401,0.99999523,326.4595,0,4,350550020221819685,2023-11-24,Barretos,1.4052206,122833,16.8571428571429,75.5050585714286,0.0,1.0,2,55.9015974285714,35.4282497142857,21.5178568571429,27.0,238,,,,,61729
2022-04-24,202217,381.0,381,381,381,1.0,310.17725,0,4,350550020221719685,2023-11-24,Barretos,1.6153874,122833,20.7142857142857,68.6990341428571,0.0,1.0,2,50.525539,30.3393574285714,25.6812774285714,31.1428571428571,215,,,,,61729
2022-04-17,202216,255.0,255,255,255,0.99795383,207.59894,0,4,350550020221619685,2023-11-24,Barretos,1.3124353,122833,17.8571428571429,71.0274581428571,0.0,1.0,2,49.5319547142857,29.1999618571429,23.8175465714286,30.2857142857143,161,,,,,61729
2022-04-10,202215,240.0,240,240,240,0.9999982,195.38724,0,4,350550020221519685,2023-11-24,Barretos,1.6090494,122833,19.4285714285714,80.9078431428571,0.0,1.0,2,64.6695332857143,43.9537822857143,23.4523805714286,28.7142857142857,152,,,,,61729
2022-04-03,202214,205.0,205,205,205,1.0,166.89326,0,4,350550020221419685,2023-11-24,Barretos,1.8780578,122833,21.7142857142857,77.4478064285714,1.0,1.0,2,61.0367228571429,41.9892232857143,26.1872294285714,31.4285714285714,119,,,,,61729
2022-03-27,202213,144.0,144,144,144,0.99999326,117.23234,0,4,350550020221319685,2023-11-24,Barretos,1.810683,122833,21.1428571428571,83.2369451428571,1.0,1.0,2,65.3502321428572,42.3135637142857,25.2930335714286,30.5714285714286,78,,,,,61729
2022-03-20,202212,101.0,101,101,101,0.999866,82.225464,0,3,350550020221219685,2023-11-24,Barretos,1.8097125,122833,21.0,76.7499314285714,0.0,1.0,2,60.3495462857143,40.3397372857143,25.4234692857143,31.0,41,,,,,61729
2022-03-13,202211,83.0,83,83,83,0.99997854,67.57142,0,1,350550020221119685,2023-11-24,Barretos,2.1518698,122833,22.7142857142857,81.8722808571429,1.0,1.0,1,69.571322,50.5834462857143,25.3482994285714,29.5714285714286,37,,,,,61729
2022-03-06,202210,50.0,50,50,50,0.99127865,40.705673,0,1,350550020221019685,2023-11-24,Barretos,1.7184044,122833,23.1428571428571,71.7501812857143,0.0,1.0,1,52.4326297142857,33.4220771428571,27.720238,32.5714285714286,17,,,,,61729
2022-02-27,202209,37.0,37,37,37,0.93340063,30.122198,0,2,350550020220919685,2023-11-24,Barretos,1.4643975,122833,22.0,81.1568385714286,1.0,0.0,1,60.6177347142857,37.7701957142857,26.5202382857143,32.8571428571429,16,,,,,61729
2022-02-20,202208,23.0,23,23,23,0.61207044,18.72461,0,2,350550020220819685,2023-11-24,Barretos,1.088666,122833,22.0,79.6419707142857,1.0,0.0,1,59.1545201428571,36.7501034285714,26.845238,32.7142857142857,7,,,,,61729
2022-02-13,202207,29.0,29,29,29,0.9745026,23.609291,0,1,350550020220719685,2023-11-24,Barretos,1.8003312,122833,21.4285714285714,77.5224257142857,1.0,1.0,1,58.7330631428571,38.299179,25.9027777142857,30.7142857142857,7,,,,,61729
2022-02-06,202206,22.0,22,22,22,0.9312782,17.910496,0,1,350550020220619685,2023-11-24,Barretos,1.6513045,122833,21.4285714285714,81.884955,1.0,0.0,1,66.850714,48.4046185714286,25.0416665714286,29.4285714285714,4,,,,,61729
2022-01-30,202205,14.0,14,14,14,0.5121063,11.397589,0,1,350550020220519685,2023-11-24,Barretos,1.011397,122833,21.0,86.2095808571429,0.0,0.0,1,74.5418204285714,55.7283312857143,24.1224492857143,28.7142857142857,3,,,,,61729
2022-01-23,202204,12.0,12,12,12,0.24756697,9.7693615,0,2,350550020220419685,2023-11-24,Barretos,0.77322304,122833,22.5714285714286,81.2372228571429,1.0,0.0,1,68.0506344285714,50.3542718571429,25.8511905714286,30.4285714285714,2,,,,,61729
2022-01-16,202203,12.0,12,12,12,0.3691235,9.7693615,0,2,350550020220319685,2023-11-24,Barretos,0.8781583,122833,22.8571428571429,75.9484974285714,1.0,0.0,1,60.6263068571429,42.3074298571429,26.0234592857143,31.1428571428571,4,,,,,61729
2022-01-09,202202,18.0,18,18,18,0.9690834,14.654042,0,2,350550020220219685,2023-11-24,Barretos,2.0873406,122833,21.2857142857143,78.1917664285714,1.0,1.0,1,61.5811234285714,41.0560151428571,25.5714282857143,30.4285714285714,1,,,,,61729
2022-01-02,202201,19.0,19,19,19,0.99610007,15.468156,0,1,350550020220119685,2023-11-24,Barretos,3.0666716,122833,21.2857142857143,86.1722508571429,1.0,1.0,1,73.3153058571429,55.440558,24.3788475714286,28.7142857142857,2,,,,,61729
2021-12-26,202152,3.0,3,3,3,0.12646067,2.4423404,0,1,350550020215219685,2023-11-24,Barretos,0.47725177,122833,21.5714285714286,77.620541,1.0,0.0,0,61.4469918571429,45.482175,25.370342,29.8571428571429,3,,,,,61729
2021-12-19,202151,6.0,6,6,6,0.4155949,4.8846807,0,1,350550020215119685,2023-11-24,Barretos,0.89075136,122833,21.4285714285714,71.4317868571429,0.0,0.0,0,54.1663794285714,38.6251702857143,26.0847138571429,30.2857142857143,5,,,,,61729
2021-12-12,202150,7.0,7,7,7,0.4192882,5.6987944,0,1,350550020215019685,2023-11-24,Barretos,0.90199685,122833,22.1428571428571,84.1052832857143,1.0,0.0,0,73.1479135714286,57.3239241428571,24.7093685714286,28.2857142857143,5,,,,,61729
2021-12-05,202149,6.0,6,6,6,0.21961866,4.8846807,0,1,350550020214919685,2023-11-24,Barretos,0.67479485,122833,20.4285714285714,71.1474247142857,0.0,0.0,0,52.2175041428571,36.0817387142857,24.9660974285714,29.7142857142857,4,,,,,61729
2021-11-28,202148,7.0,7,7,7,0.3215735,5.6987944,0,1,350550020214819685,2023-11-24,Barretos,0.796298,122833,22.4285714285714,74.2745108571429,0.0,0.0,0,56.2876071428571,40.9067148571429,26.6193065714286,30.7142857142857,4,,,,,61729
2021-11-21,202147,11.0,11,11,11,0.80493504,8.955248,0,1,350550020214719685,2023-11-24,Barretos,1.4847814,122833,21.5714285714286,65.7279951428571,0.0,0.0,1,51.4012027142857,36.2349645714286,26.4545457142857,31.2857142857143,1,,,,,61729
2021-11-14,202146,8.0,8,8,8,0.7398498,6.512908,0,1,350550020214619685,2023-11-24,Barretos,1.4038638,122833,21.4285714285714,77.1755362857143,1.0,0.0,0,60.4478808571429,46.3368721428571,25.0995674285714,29.1428571428571,0,,,,,61729
2021-11-07,202145,10.0,10,10,10,0.8720431,8.141134,0,1,350550020214519685,2023-11-24,Barretos,1.768113,122833,21.2857142857143,69.309239,0.0,0.0,1,55.1021865714286,40.9957845714286,25.6564322857143,30.5714285714286,1,,,,,61729
2021-10-31,202144,2.0,2,2,2,0.06179697,1.628227,0,1,350550020214419685,2023-11-24,Barretos,0.33223113,122833,21.1428571428571,67.6135351428571,0.0,0.0,0,50.8640841428571,35.7218508571429,25.5642294285714,30.1428571428571,1,,,,,61729
2021-10-24,202143,7.0,7,7,7,0.68174124,5.6987944,0,1,350550020214319685,2023-11-24,Barretos,1.2976756,122833,21.8571428571429,73.0553828571429,0.0,0.0,0,59.4554415714286,38.9332285714286,24.91829,30.1428571428571,0,,,,,61729
2021-10-17,202142,6.0,6,6,6,0.7158754,4.8846807,0,1,350550020214219685,2023-11-24,Barretos,1.4113054,122833,18.5714285714286,69.2015785714286,0.0,0.0,0,51.6580057142857,35.067343,23.5496897142857,28.7142857142857,0,,,,,61729
2021-10-10,202141,7.0,7,7,7,0.8310754,5.6987944,0,1,350550020214119685,2023-11-24,Barretos,1.763914,122833,19.4285714285714,83.0144372857143,0.0,0.0,0,61.9583605714286,39.437481,24.0933322857143,29.8571428571429,0,,,,,61729
2021-10-03,202140,2.0,2,2,2,0.20311049,1.628227,0,1,350550020214019685,2023-11-24,Barretos,0.51982105,122833,19.5714285714286,80.0920637142857,0.0,0.0,0,54.8191748571429,29.9491277142857,25.8869045714286,33.5714285714286,0,,,,,61729
2021-09-26,202139,5.0,5,5,5,0.60923535,4.070567,0,1,350550020213919685,2023-11-24,Barretos,1.1912905,122833,20.4285714285714,69.8688631428572,0.0,0.0,0,44.5252794285714,24.6323701428571,26.559524,34.0,0,,,,,61729
2021-09-19,202138,4.0,4,4,4,0.3639187,3.256454,0,1,350550020213819685,2023-11-24,Barretos,0.80082583,122833,21.2857142857143,49.0275081428571,0.0,0.0,0,29.4503064285714,14.4214784285714,28.0773817142857,35.7142857142857,0,,,,,61729
2021-09-12,202137,2.0,2,2,2,0.14525822,1.628227,0,1,350550020213719685,2023-11-24,Barretos,0.44651806,122833,21.7142857142857,57.38652,0.0,0.0,0,38.0218154285714,17.9811365714286,27.9053031428571,35.7142857142857,0,,,,,61729
2021-09-05,202136,8.0,8,8,8,0.8831669,6.512908,0,1,350550020213619685,2023-11-24,Barretos,1.9752314,122833,21.4285714285714,52.1788112857143,0.0,0.0,0,35.341601,19.4180347142857,27.1433745714286,33.1428571428571,1,,,,,61729
2021-08-29,202135,4.0,4,4,4,0.35400754,3.256454,0,1,350550020213519685,2023-11-24,Barretos,0.7880671,122833,19.1428571428571,55.6007507142857,0.0,0.0,0,39.560819,23.7538605714286,23.9312768571429,29.2857142857143,0,,,,,61729
2021-08-22,202134,2.0,2,2,2,0.06996748,1.628227,0,1,350550020213419685,2023-11-24,Barretos,0.34478047,122833,20.2857142857143,43.8347121428571,0.0,0.0,0,33.0662195714286,22.7315108571429,25.4132317142857,31.2857142857143,0,,,,,61729
2021-08-15,202133,6.0,6,6,6,0.5899839,4.8846807,0,1,350550020213319685,2023-11-24,Barretos,1.139674,122833,19.4285714285714,49.2966777142857,0.0,0.0,0,28.9094915714286,15.3145158571429,26.0954968571429,32.0,1,,,,,61729
2021-08-08,202132,7.0,7,7,7,0.7693238,5.6987944,0,1,350550020213219685,2023-11-24,Barretos,1.5245479,122833,16.4285714285714,54.7440271428571,0.0,0.0,0,35.3326402857143,18.610717,22.9117494285714,29.5714285714286,0,,,,,61729
2021-08-01,202131,5.0,5,5,5,0.5791875,4.070567,0,1,350550020213119685,2023-11-24,Barretos,1.1327832,122833,14.7142857142857,57.6501938571429,0.0,0.0,0,40.4408884285714,25.5375068571429,20.378482,26.2857142857143,0,,,,,61729
2021-07-25,202130,4.0,4,4,4,0.3789975,3.256454,0,1,350550020213019685,2023-11-24,Barretos,0.82058513,122833,11.5714285714286,53.4069071428571,0.0,0.0,0,38.6628307142857,21.6795637142857,17.1550207142857,24.0,0,,,,,61729
2021-07-18,202129,5.0,5,5,5,0.37690273,4.070567,0,1,350550020212919685,2023-11-24,Barretos,0.8332716,122833,13.4285714285714,45.143424,0.0,0.0,0,29.7997528571429,15.2465317714286,19.3447201428571,25.7142857142857,0,,,,,61729
2021-07-11,202128,3.0,3,3,3,0.07717861,2.4423404,0,1,350550020212819685,2023-11-24,Barretos,0.41038406,122833,16.7142857142857,46.7806131428571,0.0,0.0,0,31.8779888571429,17.8046917857143,22.2968425714286,28.4285714285714,1,,,,,61729
2021-07-04,202127,8.0,8,8,8,0.34941068,6.512908,0,1,350550020212719685,2023-11-24,Barretos,0.8348093,122833,13.5714285714286,54.8126698571429,0.0,0.0,0,35.6125377142857,19.26987,19.7489648571429,25.7142857142857,0,,,,,61729
2021-06-27,202126,5.0,5,5,5,0.048408456,4.070567,0,1,350550020212619685,2023-11-24,Barretos,0.43589988,122833,11.4285714285714,70.6301085714286,0.0,0.0,0,46.8092237142857,26.359043,16.934571,23.8571428571429,0,,,,,61729
2021-06-20,202125,10.0,10,10,10,0.26777348,8.141134,0,1,350550020212519685,2023-11-24,Barretos,0.7747492,122833,16.7142857142857,73.3458474285714,0.0,0.0,1,50.7168201428571,29.914075,22.2991717142857,28.7142857142857,0,,,,,61729
2021-06-13,202124,14.0,14,14,14,0.3425746,11.397589,0,1,350550020212419685,2023-11-24,Barretos,0.86439407,122833,15.8571428571429,65.356226,0.0,0.0,1,49.6499207142857,33.4967281428571,20.0515008571429,24.8571428571429,1,,,,,61729
2021-06-06,202123,9.0,9,9,9,0.020498004,7.327021,0,1,350550020212319685,2023-11-24,Barretos,0.4582463,122833,17.0,76.0118188571429,0.0,0.0,0,62.3116952857143,42.2009832857143,20.625,25.4285714285714,3,,,,,61729
2021-05-30,202122,17.0,17,17,17,0.20293993,13.839929,0,1,350550020212219685,2023-11-24,Barretos,0.7679541,122833,17.8571428571429,64.1603901428571,0.0,0.0,1,47.4122587142857,28.697622,23.1614905714286,29.1428571428571,2,,,,,61729
2021-05-23,202121,22.0,22,22,22,0.3764296,17.910496,0,1,350550020212119685,2023-11-24,Barretos,0.91215706,122833,16.8571428571429,67.9214934285714,0.0,0.0,1,49.1957401428571,30.775454,21.8928574285714,28.5714285714286,1,,,,,61729
2021-05-16,202120,19.0,19,19,19,0.20115696,15.468156,0,1,350550020212019685,2023-11-24,Barretos,0.7767518,122833,17.0,66.8020235714286,0.0,0.0,1,46.0837164285714,26.3071637142857,22.6666665714286,29.0,3,,,,,61729
2021-05-09,202119,29.0,29,29,29,0.6791425,23.609291,0,1,350550020211919685,2023-11-24,Barretos,1.1332788,122833,17.2857142857143,70.135366,0.0,0.0,1,51.3368022857143,31.5367282857143,22.6607145714286,28.4285714285714,4,,,,,61729
2021-05-02,202118,22.0,22,22,22,0.23047031,17.910496,0,1,350550020211819685,2023-11-24,Barretos,0.81124604,122833,17.4285714285714,64.8813788571429,0.0,0.0,1,46.0954628571429,27.428752,23.1123188571429,29.0,2,,,,,61729
2021-04-25,202117,24.0,24,24,24,0.32454664,19.538723,0,1,350550020211719685,2023-11-24,Barretos,0.88140476,122833,16.5714285714286,75.9658857142857,0.0,0.0,1,48.0290602857143,28.8306078571429,23.2678571428571,29.0,4,,,,,61729
2021-04-18,202116,32.0,32,32,32,0.72773427,26.051632,0,1,350550020211619685,2023-11-24,Barretos,1.1693282,122833,17.0,77.76355,0.0,0.0,1,60.0902327142857,40.226273,21.1788548571429,26.4285714285714,8,,,,,61729
2021-04-11,202115,23.0,23,23,23,0.31036586,18.72461,0,1,350550020211519685,2023-11-24,Barretos,0.86960423,122833,19.1428571428571,71.967493,0.0,0.0,1,50.512758,30.4566635714286,24.484127,30.8571428571429,5,,,,,61729
2021-04-04,202114,31.0,31,31,31,0.77478194,25.237518,0,1,350550020211419685,2023-11-24,Barretos,1.2214375,122833,19.8571428571429,70.735851,0.0,0.0,1,52.7494372857143,33.9001811428571,24.6904762857143,30.2857142857143,7,,,,,61729
2021-03-28,202113,26.0,26,26,26,0.5398262,21.16695,0,1,350550020211319685,2023-11-24,Barretos,1.0280874,122833,20.4285714285714,69.928572,0.0,0.0,1,50.2020018571429,31.6587552857143,25.8081185714286,31.2857142857143,4,,,,,61729
2021-03-21,202112,24.0,24,24,24,0.475321,19.538723,0,1,350550020211219685,2023-11-24,Barretos,0.9825168,122833,23.4285714285714,65.5693777142857,0.0,0.0,1,48.6239751428571,30.4343414285714,27.7479294285714,33.0,3,,,,,61729
2021-03-14,202111,26.0,26,26,26,0.6864488,21.16695,0,1,350550020211119685,2023-11-24,Barretos,1.1483022,122833,21.7142857142857,76.6775714285714,1.0,0.0,1,61.6076704285714,43.6959262857143,25.328485,29.8571428571429,3,,,,,61729
2021-03-07,202110,27.0,27,27,27,0.6844628,21.981064,0,1,350550020211019685,2023-11-24,Barretos,1.1434383,122833,20.5714285714286,80.2302257142857,0.0,0.0,1,62.5420858571429,42.8406111428571,24.7063495714286,29.5714285714286,5,,,,,61729
2021-02-28,202109,20.0,20,20,20,0.18293804,16.282269,0,1,350550020210919685,2023-11-24,Barretos,0.7670761,122833,20.5714285714286,83.1310914285714,0.0,0.0,1,72.899095,54.02427,22.8702382857143,25.7142857142857,2,,,,,61729
2021-02-21,202108,20.0,20,20,20,0.19799206,16.282269,0,1,350550020210819685,2023-11-24,Barretos,0.77891237,122833,21.8571428571429,74.1501371428571,0.0,0.0,1,59.513687,44.3535951428571,25.7839552857143,30.8571428571429,1,,,,,61729
2021-02-14,202107,33.0,33,33,33,0.8498413,26.865744,0,1,350550020210719685,2023-11-24,Barretos,1.3111256,122833,21.0,77.6936842857143,0.0,0.0,1,61.5135315714286,44.3748531428571,25.0670291428571,29.5714285714286,1,,,,,61729
2021-02-07,202106,23.0,23,23,23,0.36433625,18.72461,0,1,350550020210619685,2023-11-24,Barretos,0.905801,122833,21.2857142857143,73.9472904285714,0.0,0.0,1,59.1837191428571,41.1457672857143,24.3584368571429,28.8571428571429,1,,,,,61729
2021-01-31,202105,24.0,24,24,24,0.5614111,19.538723,0,2,350550020210519685,2023-11-24,Barretos,1.045731,122833,21.8571428571429,79.6346408571429,1.0,0.0,1,63.6514101428571,43.1070114285714,25.4831782857143,30.8571428571429,1,,,,,61729
2021-01-24,202104,28.0,28,28,28,0.93606013,22.795177,0,2,350550020210419685,2023-11-24,Barretos,1.5703375,122833,22.1428571428571,75.6009542857143,1.0,0.0,1,60.2150347142857,41.014342,25.7081527142857,30.7142857142857,2,,,,,61729
2021-01-17,202103,26.0,26,26,26,0.9883087,21.16695,0,3,350550020210319685,2023-11-24,Barretos,2.116225,122833,21.5714285714286,79.83734,1.0,1.0,1,59.7981028571429,38.1926304285714,26.0928857142857,30.7142857142857,0,,,,,61729
2021-01-10,202102,15.0,15,15,15,0.9651281,12.211702,0,1,350550020210219685,2023-11-24,Barretos,2.204661,122833,22.1428571428571,82.5726382857143,1.0,1.0,1,69.8900805714286,49.3282292857143,25.110818,29.8571428571429,1,,,,,61729
2021-01-03,202101,16.0,16,16,16,0.9964417,13.025816,0,1,350550020210119685,2023-11-24,Barretos,3.588407,122833,21.8571428571429,78.363181,1.0,1.0,1,59.6191992857143,39.889275,26.19777,31.5714285714286,0,,,,,61729
2020-12-27,202053,8.0,8,8,8,0.7271535,6.512908,0,1,350550020205319589,2023-08-20,Barretos,1.3732535,122833,21.0,83.049045,0.0,0.0,1,67.12425,46.995602,24.639493,30.0,0,,,,,61729
2020-12-20,202052,4.0,4,4,4,0.36392984,3.256454,0,1,350550020205219589,2023-08-20,Barretos,0.8008403,122833,21.2,78.378676,1.0,0.0,0,,,,,0,,,,,61729
2020-12-13,202051,9.0,9,9,9,0.854666,7.327021,0,1,350550020205119589,2023-08-20,Barretos,1.742064,122833,21.4,73.708307,0.0,0.0,1,,,,,0,,,,,61729
2020-12-06,202050,2.0,2,2,2,0.07227411,1.628227,0,1,350550020205019589,2023-08-20,Barretos,0.34822994,122833,21.6,69.037938,0.0,0.0,0,,,,,0,,,,,61729
2020-11-29,202049,6.0,6,6,6,0.5228311,4.8846807,0,1,350550020204919589,2023-08-20,Barretos,1.0326856,122833,21.8,64.367569,0.0,0.0,1,,,,,0,,,,,61729
2020-11-22,202048,6.0,6,6,6,0.59438497,4.8846807,0,1,350550020204819589,2023-08-20,Barretos,1.1473682,122833,22.0,59.6972,0.0,0.0,1,42.3045247142857,26.5592662857143,27.0714288571429,32.4285714285714,0,,,,,61729
2020-11-15,202047,6.0,6,6,6,0.67631733,4.8846807,0,1,350550020204719589,2023-08-20,Barretos,1.3120198,122833,21.2857142857143,73.2672214285714,0.0,0.0,1,54.6546677142857,34.8146774285714,25.393422,30.4285714285714,0,,,,,61729
2020-11-08,202046,6.0,6,6,6,0.69268185,4.8846807,0,1,350550020204619589,2023-08-20,Barretos,1.3511161,122833,22.2857142857143,64.253932,0.0,0.0,1,46.1332355714286,30.7415845714286,26.9378885714286,31.8571428571429,0,,,,,61729
2020-11-01,202045,3.0,3,3,3,0.2324694,2.4423404,0,1,350550020204519589,2023-08-20,Barretos,0.60720927,122833,17.2857142857143,59.0321775714286,0.0,0.0,0,36.029069,17.255492,23.6428202857143,29.7142857142857,0,,,,,61729
2020-10-25,202044,6.0,6,6,6,0.47667742,4.8846807,0,1,350550020204419589,2023-08-20,Barretos,0.96815133,122833,20.5714285714286,74.5806685714286,0.0,0.0,1,57.4140074285714,37.4163082857143,24.6123894285714,30.1428571428571,1,,,,,61729
2020-10-18,202043,2.0,2,2,2,0.048673116,1.628227,0,1,350550020204319589,2023-08-20,Barretos,0.3106769,122833,21.0,73.0859071428571,0.0,0.0,0,56.2665384285714,38.1180805714286,24.9107851428571,29.7142857142857,0,,,,,61729
2020-10-11,202042,9.0,9,9,9,0.7875587,7.327021,0,1,350550020204219589,2023-08-20,Barretos,1.4986484,122833,20.5714285714286,58.5059412857143,0.0,0.0,1,41.4128862857143,26.6604817142857,25.7321428571429,31.5714285714286,1,,,,,61729
2020-10-04,202041,6.0,6,6,6,0.4852229,4.8846807,0,1,350550020204119589,2023-08-20,Barretos,0.97965294,122833,25.2857142857143,48.5242722857143,0.0,0.0,1,30.6706947142857,16.2244725714286,31.19617,37.7142857142857,0,,,,,61729
2020-09-27,202040,6.0,6,6,6,0.3952761,4.8846807,0,1,350550020204019589,2023-08-20,Barretos,0.86656827,122833,26.2857142857143,32.9814005714286,0.0,0.0,1,21.9425452857143,11.754933,31.5742754285714,38.0,0,,,,,61729
2020-09-20,202039,5.0,5,5,5,0.23723891,4.070567,0,1,350550020203919589,2023-08-20,Barretos,0.6730662,122833,19.8571428571429,61.9788188571429,0.0,0.0,1,46.0231254285714,27.6769975714286,24.3677537142857,29.7142857142857,0,,,,,61729
2020-09-13,202038,8.0,8,8,8,0.5880898,6.512908,0,1,350550020203819589,2023-08-20,Barretos,1.117768,122833,21.8571428571429,41.8126848571429,0.0,0.0,1,24.9887398571429,14.1649282857143,27.88589,33.7142857142857,1,,,,,61729
2020-09-06,202037,7.0,7,7,7,0.5429196,5.6987944,0,1,350550020203719589,2023-08-20,Barretos,1.0583026,122833,22.7142857142857,31.8838898571429,0.0,0.0,1,19.9799901428571,11.0281005714286,28.5012465714286,34.5714285714286,1,,,,,61729
2020-08-30,202036,9.0,9,9,9,0.66196555,7.327021,0,1,350550020203619589,2023-08-20,Barretos,1.2237335,122833,21.1428571428571,48.4155788571429,0.0,0.0,1,29.4677955714286,15.3863657142857,26.7785551428571,33.0,0,,,,,61729
2020-08-23,202035,4.0,4,4,4,0.09109591,3.256454,0,1,350550020203519589,2023-08-20,Barretos,0.47048303,122833,15.5714285714286,51.8716882857143,0.0,0.0,0,33.3091681428571,16.8850620714286,21.8178051428571,28.7142857142857,0,,,,,61729
2020-08-16,202034,8.0,8,8,8,0.38536865,6.512908,0,1,350550020203419589,2023-08-20,Barretos,0.87163156,122833,16.4285714285714,72.915393,0.0,0.0,1,56.182211,38.5771214285714,20.465062,25.2857142857143,0,,,,,61729
2020-08-09,202033,9.0,9,9,9,0.42998898,7.327021,0,1,350550020203319589,2023-08-20,Barretos,0.92337996,122833,19.0,49.836437,0.0,0.0,1,32.1468245714286,18.74409,24.6048134285714,30.5714285714286,1,,,,,61729
2020-08-02,202032,9.0,9,9,9,0.31795213,7.327021,0,1,350550020203219589,2023-08-20,Barretos,0.8126086,122833,16.0,50.5973864285714,0.0,0.0,1,31.3179921428571,17.98041,21.6283648571429,27.0,0,,,,,61729
2020-07-26,202031,10.0,10,10,10,0.2479555,8.141134,0,1,350550020203119589,2023-08-20,Barretos,0.7566118,122833,16.0,65.4401384285714,0.0,0.0,1,43.9822578571429,23.8124755714286,22.3602551428571,29.1428571428571,0,,,,,61729
2020-07-19,202030,9.0,9,9,9,0.072602086,7.327021,0,1,350550020203019589,2023-08-20,Barretos,0.55801827,122833,17.1428571428571,57.8609614285714,0.0,0.0,1,37.0290872857143,21.7456667142857,22.291092,27.8571428571429,0,,,,,61729
2020-07-12,202029,16.0,16,16,16,0.23751879,13.025816,0,1,350550020202919589,2023-08-20,Barretos,0.79027796,122833,18.4285714285714,61.6152704285714,0.0,0.0,1,43.9159008571429,25.9091842857143,23.549972,29.2857142857143,0,,,,,61729
2020-07-05,202028,11.0,11,11,11,0.025141386,8.955248,0,1,350550020202819589,2023-08-20,Barretos,0.5002328,122833,18.0,59.0773104285714,0.0,0.0,1,45.4523275714286,28.8552061428571,21.8141378571429,27.1428571428571,0,,,,,61729
2020-06-28,202027,25.0,25,25,25,0.67019,20.352837,0,1,350550020202719589,2023-08-20,Barretos,1.1359501,122833,13.7142857142857,71.7788112857143,0.0,0.0,1,52.404477,31.0227458571429,18.4850565714286,24.5714285714286,2,,,,,61729
2020-06-21,202026,23.0,23,23,23,0.47701475,18.72461,0,1,350550020202619589,2023-08-20,Barretos,0.9833635,122833,17.0,67.1097882857143,0.0,0.0,1,49.829895,30.5356827142857,21.6940195714286,27.4285714285714,1,,,,,61729
2020-06-14,202025,20.0,20,20,20,0.32327467,16.282269,0,1,350550020202519589,2023-08-20,Barretos,0.8704801,122833,16.5714285714286,69.6990328571429,0.0,0.0,1,51.0237812857143,30.2412307142857,21.582065,27.4285714285714,1,,,,,61729
2020-06-07,202024,22.0,22,22,22,0.8042677,17.910496,0,1,350550020202419589,2023-08-20,Barretos,1.3148117,122833,18.5714285714286,73.6435017142857,0.0,0.0,1,55.0699151428571,31.0718157142857,23.3518905714286,29.8571428571429,2,,,,,61729
2020-05-31,202023,32.0,32,32,32,0.9996639,26.051632,0,1,350550020202319589,2023-08-20,Barretos,3.0309176,122833,16.2857142857143,75.8992692857143,0.0,1.0,1,54.6912272857143,34.6917081428571,21.029762,26.7142857142857,5,,,,,61729
2020-05-24,202022,14.0,14,14,14,0.8837072,11.397589,0,1,350550020202219589,2023-08-20,Barretos,1.651732,122833,10.4285714285714,73.8436075714286,0.0,0.0,1,51.5038382857143,27.9475357142857,16.4285711428571,23.4285714285714,0,,,,,61729
2020-05-17,202021,7.0,7,7,7,0.38396612,5.6987944,0,1,350550020202119589,2023-08-20,Barretos,0.86257005,122833,16.5714285714286,69.5059554285714,0.0,0.0,1,49.0355657142857,28.2249,22.4166665714286,28.7142857142857,0,,,,,61729
2020-05-10,202020,9.0,9,9,9,0.6845696,7.327021,0,1,350550020202019589,2023-08-20,Barretos,1.2636058,122833,17.1428571428571,69.6909051428571,0.0,0.0,1,54.3036917142857,37.177806,21.3459382857143,26.7142857142857,1,,,,,61729
2020-05-03,202019,8.0,8,8,8,0.7037725,6.512908,0,1,350550020201919589,2023-08-20,Barretos,1.3210691,122833,16.4285714285714,68.4956684285714,0.0,0.0,1,48.4133162857143,29.966996,21.785714,27.7142857142857,0,,,,,61729
2020-04-26,202018,9.0,9,9,9,0.60146034,7.327021,0,1,350550020201819589,2023-08-20,Barretos,1.1296539,122833,17.7142857142857,69.0782902857143,0.0,0.0,1,44.5804194285714,26.1216324285714,23.7261905714286,29.5714285714286,3,,,,,61729
2020-04-19,202017,3.0,3,3,3,0.0038290417,2.4423404,0,1,350550020201719589,2023-08-20,Barretos,0.23191507,122833,18.8571428571429,80.5529668571429,0.0,0.0,0,53.0748305714286,34.9271897142857,24.2440474285714,29.5714285714286,0,,,,,61729
2020-04-12,202016,6.0,6,6,6,0.0071527692,4.8846807,0,1,350550020201619589,2023-08-20,Barretos,0.3455923,122833,18.0,87.1261005714286,0.0,0.0,1,67.2520787142857,49.6872618571429,22.9880951428571,28.4285714285714,2,,,,,61729
2020-04-05,202015,13.0,13,13,13,0.10364466,10.583475,0,1,350550020201519589,2023-08-20,Barretos,0.64552176,122833,19.4285714285714,81.1551985714286,0.0,0.0,1,59.266225,38.949658,24.4226188571429,29.5714285714286,2,,,,,61729
2020-03-29,202014,21.0,21,21,21,0.16858691,17.096382,0,1,350550020201419589,2023-08-20,Barretos,0.76019114,122833,21.1428571428571,98.1126957142857,1.0,0.0,1,69.0809025714286,46.2552572857143,25.4047617142857,31.0,2,,,,,61729
2020-03-22,202013,18.0,18,18,18,0.0023668744,14.654042,0,1,350550020201319589,2023-08-20,Barretos,0.46279362,122833,19.5714285714286,76.8349428571429,0.0,0.0,1,59.070916,39.9610732857143,24.6193062857143,30.1428571428571,4,,,,,61729
2020-03-15,202012,17.0,17,17,17,0.00038481934,13.839929,0,1,350550020201219589,2023-08-20,Barretos,0.4019615,122833,23.0,81.5273035714286,1.0,0.0,1,73.0746074285714,58.9918327142857,25.0113637142857,28.2857142857143,4,,,,,61729
2020-03-08,202011,53.0,53,53,53,0.87522745,43.148014,0,1,350550020201119589,2023-08-20,Barretos,1.266478,122833,21.4285714285714,75.4759637142857,1.0,0.0,2,59.8681642857143,42.4504568571429,24.6796537142857,28.7142857142857,4,,,,,61729
2020-03-01,202010,44.0,44,44,44,0.4977312,35.82099,0,1,350550020201019589,2023-08-20,Barretos,0.9987943,122833,19.0,83.7343328571429,0.0,0.0,1,74.409672,59.7167545714286,21.4935068571429,25.4285714285714,3,,,,,61729
2020-02-23,202009,33.0,33,33,33,0.13493297,26.865744,0,2,350550020200919589,2023-08-20,Barretos,0.77605253,122833,21.1428571428571,92.4725014285714,1.0,0.0,1,84.2161287142857,74.1650405714286,22.9534634285714,25.2857142857143,1,,,,,61729
2020-02-16,202008,52.0,52,52,52,0.9575665,42.3339,0,2,350550020200819589,2023-08-20,Barretos,1.4459856,122833,23.1428571428571,85.5699915714286,1.0,1.0,2,78.6276318571429,67.9450184285714,24.5584414285714,26.5714285714286,4,,,,,61729
2020-02-09,202007,45.0,45,45,45,0.9544616,36.635105,0,2,350550020200719589,2023-08-20,Barretos,1.4778177,122833,21.2857142857143,85.5550337142857,1.0,1.0,1,78.3090362857143,71.1199405714286,22.7857142857143,24.7142857142857,7,,,,,61729
2020-02-02,202006,36.0,36,36,36,0.8245616,29.308084,0,2,350550020200619589,2023-08-20,Barretos,1.260458,122833,22.0,87.8268851428572,1.0,0.0,1,80.0186442857143,67.4336404285714,23.7178571428571,26.7142857142857,3,,,,,61729
2020-01-26,202005,25.0,25,25,25,0.4815694,20.352837,0,2,350550020200519589,2023-08-20,Barretos,0.98716134,122833,21.7142857142857,84.8494242857143,1.0,0.0,1,64.5027995714286,42.2070891428571,26.5833334285714,32.0,1,,,,,61729
2020-01-19,202004,32.0,32,32,32,0.9635906,26.051632,0,2,350550020200419589,2023-08-20,Barretos,1.6562438,122833,21.2857142857143,90.11682,1.0,1.0,1,73.2282068571429,49.24709,25.4285711428571,31.1428571428571,2,,,,,61729
2020-01-12,202003,28.0,28,28,28,0.9849042,22.795177,0,2,350550020200319589,2023-08-20,Barretos,1.9727855,122833,22.8571428571429,85.7128817142857,1.0,1.0,1,66.959709,46.7282282857143,27.3273811428571,32.7142857142857,5,,,,,61729
2020-01-05,202002,18.0,18,18,18,0.90838534,14.654042,0,2,350550020200219589,2023-08-20,Barretos,1.6399324,122833,22.0,95.8328871428571,1.0,0.0,1,81.1742734285714,59.8431162857143,25.3119048571429,30.4285714285714,3,,,,,61729
2019-12-29,202001,12.0,12,12,12,0.8172969,9.7693615,0,2,350550020200119589,2023-08-20,Barretos,1.4914974,122833,22.1666666666667,91.5374126666667,1.0,0.0,1,78.1215565,57.8894773333333,25.1791666666667,29.6666666666667,4,,,,,61729
2019-12-22,201952,13.0,13,13,13,0.9105312,10.583475,0,2,350550020195219589,2023-08-20,Barretos,1.8209058,122833,21.8571428571429,91.8803137142857,1.0,0.0,1,85.7066455714286,75.6321494285714,23.3155842857143,25.2857142857143,5,,,,,61729
2019-12-15,201951,7.0,7,7,7,0.36714384,5.6987944,0,2,350550020195119589,2023-08-20,Barretos,0.8443379,122833,21.1428571428571,95.0751271428571,1.0,0.0,1,86.5314317142857,72.2719107142857,22.7948051428571,25.7142857142857,1,,,,,61729
2019-12-08,201950,3.0,3,3,3,0.061006114,2.4423404,0,2,350550020195019589,2023-08-20,Barretos,0.38545805,122833,21.5714285714286,91.2318371428571,1.0,0.0,0,86.3785048571429,78.5725724285714,22.8545454285714,24.7142857142857,3,,,,,61729
2019-12-01,201949,13.0,13,13,13,0.92260194,10.583475,0,1,350550020194919589,2023-08-20,Barretos,1.8979709,122833,21.8571428571429,92.4800385714286,1.0,0.0,1,88.5596115714286,78.2292437142857,23.1350648571429,25.1428571428571,4,,,,,61729
2019-11-24,201948,7.0,7,7,7,0.45121822,5.6987944,0,1,350550020194819589,2023-08-20,Barretos,0.939262,122833,21.4285714285714,87.1469128571429,1.0,0.0,1,80.3756671428571,69.2878007142857,23.2871572857143,25.8571428571429,2,,,,,61729
2019-11-17,201947,5.0,5,5,5,0.1587704,4.070567,0,1,350550020194719589,2023-08-20,Barretos,0.58531684,122833,21.0,83.062298,0.0,0.0,1,71.6332564285714,58.0793915714286,23.177922,25.5714285714286,3,,,,,61729
2019-11-10,201946,8.0,8,8,8,0.32409835,6.512908,0,1,350550020194619589,2023-08-20,Barretos,0.8094803,122833,21.1428571428571,91.8156528571429,1.0,0.0,1,81.6974514285714,70.6554237142857,23.5324674285714,26.4285714285714,3,,,,,61729
2019-11-03,201945,9.0,9,9,9,0.28532225,7.327021,0,1,350550020194519589,2023-08-20,Barretos,0.7817142,122833,22.5714285714286,73.6216892857143,0.0,0.0,1,61.4016131428571,50.5259204285714,25.7805194285714,28.8571428571429,5,,,,,61729
2019-10-27,201944,8.0,8,8,8,0.19042452,6.512908,0,1,350550020194419589,2023-08-20,Barretos,0.67765707,122833,22.2857142857143,80.1760271428572,1.0,0.0,1,67.1958678571429,47.9100985714286,24.9383114285714,29.4285714285714,1,,,,,61729
2019-10-20,201943,14.0,14,14,14,0.7050442,11.397589,0,1,350550020194319589,2023-08-20,Barretos,1.2351896,122833,20.2857142857143,85.3350105714286,0.0,0.0,1,73.7807594285714,57.0571672857143,23.035714,26.1428571428571,3,,,,,61729
2019-10-13,201942,12.0,12,12,12,0.64928967,9.7693615,0,1,350550020194219589,2023-08-20,Barretos,1.1733474,122833,22.7142857142857,72.5754588571428,0.0,0.0,1,60.7965528571429,43.8620175714286,25.2965365714286,29.4285714285714,6,,,,,61729
2019-10-06,201941,10.0,10,10,10,0.6961164,8.141134,0,1,350550020194119589,2023-08-20,Barretos,1.2686301,122833,21.7142857142857,79.9738775714286,1.0,0.0,1,70.7474651428571,57.4930132857143,23.5454545714286,26.7142857142857,2,,,,,61729
2019-09-29,201940,14.0,14,14,14,0.94776565,11.397589,0,1,350550020194019589,2023-08-20,Barretos,2.052593,122833,21.0,67.1782547142857,0.0,0.0,1,51.3134131428571,32.5986667142857,24.0525971428571,28.5714285714286,4,,,,,61729
2019-09-22,201939,5.0,5,5,5,0.30349272,4.070567,0,1,350550020193919589,2023-08-20,Barretos,0.7469945,122833,17.4285714285714,87.11874,0.0,0.0,1,76.2061484285714,62.0567678571429,19.975108,23.7142857142857,3,,,,,61729
2019-09-15,201938,6.0,6,6,6,0.57956046,4.8846807,0,1,350550020193819589,2023-08-20,Barretos,1.1218258,122833,23.8571428571429,55.4617577142857,0.0,0.0,1,44.0053752857143,30.9913028571429,26.3084414285714,30.1428571428571,2,,,,,61729
2019-09-08,201937,9.0,9,9,9,0.9452437,7.327021,0,1,350550020193719589,2023-08-20,Barretos,2.4955115,122833,22.5714285714286,61.4035574285714,0.0,0.0,1,50.516234,35.3875958571429,25.2987011428571,29.5714285714286,4,,,,,61729
2019-09-01,201936,5.0,5,5,5,0.78041553,4.070567,0,1,350550020193619589,2023-08-20,Barretos,1.6970366,122833,19.5714285714286,89.1368328571428,0.0,0.0,1,79.3527657142857,66.9745861428571,21.4123377142857,24.5714285714286,3,,,,,61729
2019-08-25,201935,3.0,3,3,3,0.45636907,2.4423404,0,1,350550020193519589,2023-08-20,Barretos,0.9213118,122833,18.7142857142857,63.5808911428571,0.0,0.0,0,52.2623082857143,39.2326181428571,21.3246751428571,25.1428571428571,1,,,,,61729
2019-08-18,201934,2.0,2,2,2,0.2158448,1.628227,0,1,350550020193419589,2023-08-20,Barretos,0.53610295,122833,16.4285714285714,80.0383877142857,0.0,0.0,0,67.3930787142857,49.9447134285714,19.3688314285714,23.8571428571429,0,,,,,61729
2019-08-11,201933,4.0,4,4,4,0.45354143,3.256454,0,1,350550020193319589,2023-08-20,Barretos,0.92591816,122833,17.5714285714286,70.6017141428571,0.0,0.0,0,60.2382344285714,44.101258,19.9350648571429,24.4285714285714,1,,,,,61729
2019-08-04,201932,3.0,3,3,3,0.21058956,2.4423404,0,1,350550020193219589,2023-08-20,Barretos,0.5805826,122833,15.5714285714286,83.8572385714286,0.0,0.0,0,71.907566,59.8094997142857,17.6753242857143,20.5714285714286,2,,,,,61729
2019-07-28,201931,5.0,5,5,5,0.28067,4.070567,0,1,350550020193119589,2023-08-20,Barretos,0.7212764,122833,17.4285714285714,68.7095288571429,0.0,0.0,1,53.9906365714286,39.835108,20.3636362857143,24.1428571428571,3,,,,,61729
2019-07-21,201930,4.0,4,4,4,0.03977765,3.256454,0,1,350550020193019589,2023-08-20,Barretos,0.3877537,122833,18.1428571428571,65.8015525714286,0.0,0.0,0,58.3861691428571,44.9840644285714,20.1688311428571,23.4285714285714,3,,,,,61729
2019-07-14,201929,7.0,7,7,7,0.026122207,5.6987944,0,1,350550020192919589,2023-08-20,Barretos,0.43719998,122833,15.4285714285714,73.6589421428571,0.0,0.0,1,64.4707242857143,53.6178385714286,17.7922078571429,21.0,6,,,,,61729
2019-07-07,201928,8.0,8,8,8,0.0021870628,6.512908,0,1,350550020192819589,2023-08-20,Barretos,0.34194767,122833,12.2857142857143,72.4319957142857,0.0,0.0,1,61.1758327142857,44.7395448571429,14.6883115714286,18.1428571428571,7,,,,,61729
2019-06-30,201927,16.0,16,16,16,0.009702905,13.025816,0,1,350550020192719589,2023-08-20,Barretos,0.5019354,122833,16.4285714285714,81.7357042857143,0.0,0.0,1,71.8493481428571,59.3677154285714,18.8051947142857,22.1428571428571,14,,,,,61729
2019-06-23,201926,22.0,22,22,22,0.001208243,17.910496,0,1,350550020192619589,2023-08-20,Barretos,0.47103637,122833,17.5714285714286,77.5371187142857,0.0,0.0,1,66.4628674285714,52.8684677142857,20.103896,23.4285714285714,15,,,,,61729
2019-06-16,201925,34.0,34,34,34,2.0048487e-06,27.679857,0,1,350550020192519589,2023-08-20,Barretos,0.4101319,122833,17.0,79.5959642857143,0.0,0.0,1,67.4355378571429,51.9667801428571,19.5194805714286,23.1428571428571,32,,,,,61729
2019-06-09,201924,33.0,33,33,33,0.0,26.865744,0,1,350550020192419589,2023-08-20,Barretos,0.22138895,122833,17.5714285714286,73.9408357142857,0.0,0.0,1,61.4670577142857,46.909172,20.391234,24.2857142857143,28,,,,,61729
2019-06-02,201923,65.0,65,65,65,0.0,52.917377,0,4,350550020192319589,2023-08-20,Barretos,0.27821776,122833,15.2857142857143,85.6879951428571,0.0,0.0,2,76.097388,61.2161672857143,17.5324674285714,20.7142857142857,54,,,,,61729
2019-05-26,201922,135.0,135,135,135,0.0,109.90532,0,4,350550020192219589,2023-08-20,Barretos,0.43825465,122833,17.5714285714286,79.7591594285714,0.0,0.0,2,70.962665,58.7736261428571,19.6103895714286,22.7142857142857,87,,,,,61729
2019-05-19,201921,240.0,240,240,240,8.2448986e-07,195.38724,0,4,350550020192119589,2023-08-20,Barretos,0.6730353,122833,15.4285714285714,93.0945214285714,0.0,0.0,2,80.9026855714286,66.3923185714286,17.9220778571429,21.2857142857143,157,,,,,61729
2019-05-12,201920,333.0,333,333,333,0.014804606,271.0998,0,4,350550020192019589,2023-08-20,Barretos,0.85060775,122833,18.8571428571429,93.0169687142857,0.0,0.0,2,81.6352894285714,70.8157851428571,20.6883114285714,22.8571428571429,227,,,,,61729
2019-05-05,201919,358.0,358,358,358,0.0051636267,291.45264,0,4,350550020191919589,2023-08-20,Barretos,0.83274966,122833,21.2857142857143,90.8681885714286,1.0,0.0,2,83.8810327142857,75.4997061428571,22.8398268571429,24.8571428571429,243,,,,,61729
2019-04-28,201918,394.0,394,394,394,0.0007419589,320.7607,0,4,350550020191819589,2023-08-20,Barretos,0.80695534,122833,21.1428571428571,88.7530871428571,1.0,0.0,2,80.3949591428571,69.7099442857143,22.8984097142857,25.4285714285714,245,,,,,61729
2019-04-21,201917,422.0,422,422,422,5.9760685e-05,343.55588,0,4,350550020191719589,2023-08-20,Barretos,0.77976125,122833,22.4285714285714,83.5151314285714,1.0,0.0,2,73.0621902857143,59.0479698571429,24.4161254285714,27.4285714285714,272,,,,,61729
2019-04-14,201916,459.0,459,459,459,0.033839285,373.67807,0,4,350550020191619589,2023-08-20,Barretos,0.88951397,122833,20.2857142857143,93.3995571428571,0.0,0.0,2,82.9044308571429,69.89724,22.6301522857143,25.1428571428571,321,,,,,61729
2019-04-07,201915,615.0,615,615,615,1.0,500.67978,0,4,350550020191519589,2023-08-20,Barretos,1.4454615,122833,20.7142857142857,89.3176942857143,0.0,1.0,2,81.4134062857143,71.6901738571429,22.435606,24.5714285714286,412,,,,,61729
2019-03-31,201914,578.0,578,578,578,1.0,470.5576,0,4,350550020191419589,2023-08-20,Barretos,1.6153971,122833,22.1428571428571,75.6265807142857,1.0,1.0,2,63.9177344285714,49.562118,24.4155848571429,27.4285714285714,387,,,,,61729
2019-03-24,201913,382.0,382,382,382,0.9516747,310.99133,0,4,350550020191319589,2023-08-20,Barretos,1.1319239,122833,21.2857142857143,80.2534965714286,1.0,1.0,2,68.0485441428571,53.8959405714286,23.8571428571429,27.2857142857143,275,,,,,61729
2019-03-17,201912,330.0,330,330,330,0.278517,268.65744,0,4,350550020191219589,2023-08-20,Barretos,0.955829,122833,21.1428571428571,89.2095,1.0,0.0,2,82.4740891428571,72.114099,22.896104,25.2857142857143,225,,,,,61729
2019-03-10,201911,347.0,347,347,347,0.24770626,282.49738,0,4,350550020191119589,2023-08-20,Barretos,0.9502127,122833,22.1428571428571,87.8515928571429,1.0,0.0,2,82.3292165714286,75.448693,23.0909088571429,24.5714285714286,231,,,,,61729
2019-03-03,201910,309.0,309,309,309,0.005845825,251.56107,0,4,350550020191019589,2023-08-20,Barretos,0.82434726,122833,22.1428571428571,87.2024094285714,1.0,0.0,2,82.072475,74.6547647142857,23.077922,24.2857142857143,197,,,,,61729
2019-02-24,201909,411.0,411,411,411,0.7211332,334.60065,0,4,350550020190919589,2023-08-20,Barretos,1.0421604,122833,22.4285714285714,85.7366255714286,1.0,0.0,2,81.7304101428571,75.9087602857143,23.4805191428571,24.8571428571429,267,,,,,61729
2019-02-17,201908,352.0,352,352,352,0.0051466054,286.56793,0,4,350550020190819589,2023-08-20,Barretos,0.8314499,122833,21.5714285714286,88.6438615714286,1.0,0.0,2,83.4279585714286,75.3515421428571,22.6525974285714,24.2857142857143,243,,,,,61729
2019-02-10,201907,379.0,379,379,379,0.0454573,308.549,0,4,350550020190719589,2023-08-20,Barretos,0.88767964,122833,22.8571428571429,85.4017371428571,1.0,0.0,2,77.4990697142857,69.6786912857143,24.3714285714286,26.4285714285714,258,,,,,61729
2019-02-03,201906,455.0,455,455,455,0.99422264,370.42163,0,4,350550020190619589,2023-08-20,Barretos,1.191043,122833,22.5714285714286,77.4331234285714,1.0,1.0,2,62.4627755714286,42.235568,25.8757937142857,31.0,320,,,,,61729
2019-01-27,201905,440.0,440,440,440,1.0,358.20993,0,4,350550020190519589,2023-08-20,Barretos,1.5243864,122833,24.0,73.5421644285714,0.0,1.0,2,50.7110511428571,28.9041375714286,28.891304,34.5714285714286,282,,,,,61729
2019-01-20,201904,433.0,433,433,433,1.0,352.51114,0,4,350550020190419589,2023-08-20,Barretos,2.2745245,122833,23.4285714285714,78.6840082857143,1.0,1.0,2,57.7941314285714,34.0954551428571,28.3035714285714,34.0,288,,,,,61729
2019-01-13,201903,284.0,284,284,284,1.0,231.20822,0,4,350550020190319589,2023-08-20,Barretos,2.2982461,122833,23.2857142857143,79.1200844285714,1.0,1.0,2,61.5253324285714,40.5857514285714,26.9630951428571,32.0,202,,,,,61729
2019-01-06,201902,167.0,167,167,167,0.99999964,135.95695,0,4,350550020190219589,2023-08-20,Barretos,1.8839735,122833,24.0,74.3462027142857,0.0,1.0,2,67.490361,58.1306714285714,25.5428571428571,27.5714285714286,111,,,,,61729
2018-12-30,201901,112.0,112,112,112,0.998723,91.18071,0,4,350550020190119589,2023-08-20,Barretos,1.5684834,122833,23.5714285714286,83.4882422857143,1.0,1.0,2,76.8020092857143,69.4473014285714,25.0285714285714,26.8571428571429,110,,,,,61729
2018-12-23,201852,78.0,78,78,78,0.96772754,63.50085,0,4,350550020185219589,2023-08-20,Barretos,1.3765734,122833,22.4,87.4430332,1.0,1.0,2,81.035287,67.563942,23.8146276,26.6,55,,,,,61729
2018-12-16,201851,74.0,74,74,74,0.9992988,60.244396,0,4,350550020185119589,2023-08-20,Barretos,1.838877,122833,22.3619047619048,83.5389638,1.0,1.0,2,,,,,56,,,,,61729
2018-12-09,201850,62.0,62,62,62,0.99991477,50.475037,0,3,350550020185019589,2023-08-20,Barretos,2.283488,122833,22.3238095238095,79.6348944,1.0,1.0,2,,,,,43,,,,,61729
2018-12-02,201849,34.0,34,34,34,0.989056,27.679857,0,1,350550020184919589,2023-08-20,Barretos,1.9122492,122833,22.2857142857143,75.730825,1.0,1.0,1,65.7661771428571,54.6971112857143,24.8476191428571,27.4285714285714,20,,,,,61729
2018-11-25,201848,28.0,28,28,28,0.9956934,22.795177,0,1,350550020184819589,2023-08-20,Barretos,2.3650017,122833,21.4285714285714,82.2322912857143,1.0,1.0,1,72.6861991428571,61.6752685714286,23.4321428571429,26.1428571428571,14,,,,,61729
2018-11-18,201847,16.0,16,16,16,0.9336854,13.025816,0,1,350550020184719589,2023-08-20,Barretos,1.8371357,122833,20.2857142857143,93.4517971428571,0.0,0.0,1,84.5249807142857,76.154447,21.7642857142857,23.4285714285714,6,,,,,61729
2018-11-11,201846,9.0,9,9,9,0.66106564,7.327021,0,1,350550020184619589,2023-08-20,Barretos,1.222207,122833,22.5714285714286,82.6263308571429,1.0,0.0,1,73.056146,60.602459,24.6023808571429,27.2857142857143,0,,,,,61729
2018-11-04,201845,11.0,11,11,11,0.6812945,8.955248,0,1,350550020184519589,2023-08-20,Barretos,1.2302835,122833,19.2857142857143,90.8258651428571,0.0,0.0,1,83.6336435714286,72.750608,21.1964285714286,23.4285714285714,1,,,,,61729
2018-10-28,201844,3.0,3,3,3,0.016210051,2.4423404,0,1,350550020184419589,2023-08-20,Barretos,0.29059276,122833,21.0,78.3379471428571,0.0,0.0,0,68.4905181428571,55.503967,23.5284631428571,26.7142857142857,0,,,,,61729
2018-10-21,201843,9.0,9,9,9,0.5415604,7.327021,0,1,350550020184319589,2023-08-20,Barretos,1.0498288,122833,20.1428571428571,83.7084078571429,0.0,0.0,1,73.626373,58.7717917142857,22.5703465714286,26.1428571428571,0,,,,,61729
2018-10-14,201842,15.0,15,15,15,0.9666287,12.211702,0,1,350550020184219589,2023-08-20,Barretos,2.2283757,122833,19.5,85.552968,0.0,1.0,1,72.57297,58.21831,22.79356,27.0,0,,,,,61729
2018-10-07,201841,7.0,7,7,7,0.57442427,5.6987944,0,1,350550020184119589,2023-08-20,Barretos,1.1047807,122833,20.875,80.36117525,0.0,0.0,1,,,,,0,,,,,61729
2018-09-30,201840,5.0,5,5,5,0.38269353,4.070567,0,1,350550020184019589,2023-08-20,Barretos,0.8403898,122833,22.25,75.1693825,1.0,0.0,1,67.86878,57.83541725,24.1363635,26.5,0,,,,,61729
2018-09-23,201839,8.0,8,8,8,0.7498613,6.512908,0,1,350550020183919589,2023-08-20,Barretos,1.4292927,122833,22.2857142857143,67.2438355714286,0.0,0.0,1,54.5418568571429,42.1278528571429,25.1688308571429,28.5714285714286,0,,,,,61729
2018-09-16,201838,5.0,5,5,5,0.43157455,4.070567,0,1,350550020183819589,2023-08-20,Barretos,0.9029283,122833,19.1428571428571,87.7500457142857,0.0,0.0,1,76.7533761428571,60.3390354285714,21.4308302857143,25.1428571428571,0,,,,,61729
2018-09-09,201837,6.0,6,6,6,0.5057087,4.8846807,0,1,350550020183719589,2023-08-20,Barretos,1.0080249,122833,18.2857142857143,71.3039551428571,0.0,0.0,1,52.6120142857143,36.0076921428571,22.0546537142857,26.4285714285714,0,,,,,61729
2018-09-02,201836,5.0,5,5,5,0.27615148,4.070567,0,1,350550020183619589,2023-08-20,Barretos,0.716225,122833,15.5714285714286,72.3592407142857,0.0,0.0,1,59.1980348571429,43.2311832857143,18.870671,23.0,0,,,,,61729
2018-08-26,201835,6.0,6,6,6,0.2634599,4.8846807,0,1,350550020183519589,2023-08-20,Barretos,0.72120863,122833,17.4285714285714,68.5408361428571,0.0,0.0,1,55.606497,41.3737092857143,20.952381,25.5714285714286,0,,,,,61729
2018-08-19,201834,6.0,6,6,6,0.16069342,4.8846807,0,1,350550020183419589,2023-08-20,Barretos,0.61102027,122833,19.5714285714286,68.61605,0.0,0.0,1,54.794635,41.5800504285714,21.7634105714286,25.0,1,,,,,61729
2018-08-12,201833,10.0,10,10,10,0.35795036,8.141134,0,1,350550020183319589,2023-08-20,Barretos,0.8575943,122833,14.0,74.439063,0.0,0.0,1,57.5551127142857,36.7904124285714,18.4399355714286,24.2857142857143,3,,,,,61729
2018-08-05,201832,7.0,7,7,7,0.096880116,5.6987944,0,1,350550020183219589,2023-08-20,Barretos,0.5561386,122833,14.5714285714286,86.3271871428571,0.0,0.0,1,67.4737425714286,43.6031071428571,18.9166667142857,24.8571428571429,0,,,,,61729
2018-07-29,201831,15.0,15,15,15,0.5449755,12.211702,0,1,350550020183119589,2023-08-20,Barretos,1.0419465,122833,16.7142857142857,79.4503417142857,0.0,0.0,1,58.3719117142857,37.914393,22.0628882857143,28.0,5,,,,,61729
2018-07-22,201830,11.0,11,11,11,0.07415009,8.955248,0,1,350550020183019589,2023-08-20,Barretos,0.5874939,122833,17.2857142857143,62.3756077142857,0.0,0.0,1,41.0615358571429,23.4753545714286,23.2083328571429,29.1428571428571,3,,,,,61729
2018-07-15,201829,13.0,13,13,13,0.04458983,10.583475,0,1,350550020182919589,2023-08-20,Barretos,0.56490666,122833,17.5714285714286,60.8100794285714,0.0,0.0,1,44.5034277142857,27.4125115714286,22.3365802857143,28.5714285714286,1,,,,,61729
2018-07-08,201828,17.0,17,17,17,0.18564993,13.839929,0,1,350550020182819589,2023-08-20,Barretos,0.7537429,122833,13.7142857142857,67.0440044285714,0.0,0.0,1,54.3805654285714,40.7389355714286,16.6661258571429,20.8571428571429,4,,,,,61729
2018-07-01,201827,28.0,28,28,28,0.9233927,22.795177,0,1,350550020182719589,2023-08-20,Barretos,1.5221564,122833,17.7142857142857,63.157833,0.0,0.0,1,52.6833592857143,38.0238762857143,20.2727271428571,24.2857142857143,3,,,,,61729
2018-06-24,201826,25.0,25,25,25,0.9440442,20.352837,0,1,350550020182619589,2023-08-20,Barretos,1.6564188,122833,18.5714285714286,59.8099728571429,0.0,0.0,1,48.1693047142857,34.1288037142857,21.1948051428571,24.8571428571429,2,,,,,61729
2018-06-17,201825,17.0,17,17,17,0.7269113,13.839929,0,1,350550020182519589,2023-08-20,Barretos,1.2404679,122833,17.1428571428571,73.3015122857143,0.0,0.0,1,62.1287442857143,48.1656737142857,19.8354974285714,23.4285714285714,2,,,,,61729
2018-06-10,201824,13.0,13,13,13,0.46456683,10.583475,0,1,350550020182419589,2023-08-20,Barretos,0.9665281,122833,18.4285714285714,80.2133355714286,0.0,0.0,1,70.3143782857143,56.0786887142857,21.1331168571429,24.7142857142857,2,,,,,61729
2018-06-03,201823,16.0,16,16,16,0.6410333,13.025816,0,1,350550020182319589,2023-08-20,Barretos,1.1389514,122833,17.1428571428571,84.2081851428571,0.0,0.0,1,73.8537928571428,60.5716984285714,18.9745668571429,21.8571428571429,1,,,,,61729
2018-05-27,201822,9.0,9,9,9,0.21834914,7.327021,0,1,350550020182219589,2023-08-20,Barretos,0.7182281,122833,16.7142857142857,63.6231365714286,0.0,0.0,1,54.2256837142857,42.1178827142857,19.4941557142857,23.1428571428571,3,,,,,61729
2018-05-20,201821,19.0,19,19,19,0.9541253,15.468156,0,1,350550020182119589,2023-08-20,Barretos,1.8796151,122833,12.4285714285714,80.0287458571429,0.0,1.0,1,56.7516695714286,36.5608968571429,17.5297621428571,22.7142857142857,10,,,,,61729
2018-05-13,201820,12.0,12,12,12,0.71526736,9.7693615,0,1,350550020182019589,2023-08-20,Barretos,1.2736745,122833,19.5714285714286,83.7835985714286,0.0,0.0,1,64.1668827142857,43.3929005714286,23.7455065714286,28.7142857142857,4,,,,,61729
2018-05-06,201819,9.0,9,9,9,0.36642888,7.327021,0,1,350550020181919589,2023-08-20,Barretos,0.8593181,122833,19.0,78.8411885714286,0.0,0.0,1,53.6143732857143,33.6880885714286,24.6956522857143,30.1428571428571,3,,,,,61729
2018-04-29,201818,8.0,8,8,8,0.24971482,6.512908,0,1,350550020181819589,2023-08-20,Barretos,0.7364583,122833,21.0,64.503557,0.0,0.0,1,45.8680095,26.840556,26.458333,32.5,4,,,,,61729
2018-04-22,201817,11.0,11,11,11,0.64380103,8.955248,0,1,350550020181719589,2023-08-20,Barretos,1.1738375,122833,20.2,71.2142871,0.0,0.0,1,,,,,2,,,,,61729
2018-04-15,201816,13.0,13,13,13,0.89736897,10.583475,0,1,350550020181619589,2023-08-20,Barretos,1.74976,122833,19.4,77.9250172,0.0,0.0,1,69.89028,60.112024,21.5272728,24.4,1,,,,,61729
2018-04-08,201815,9.0,9,9,9,0.7687476,7.327021,0,1,350550020181519589,2023-08-20,Barretos,1.4468862,122833,21.4,74.3302192,0.0,0.0,1,59.7623212,47.1767316,24.4272728,27.8,3,,,,,61729
2018-04-01,201814,7.0,7,7,7,0.6314542,5.6987944,0,2,350550020181419589,2023-08-20,Barretos,1.1992887,122833,21.1428571428571,87.7891557142857,1.0,0.0,1,76.068643,65.5590278571429,22.6870128571429,24.5714285714286,3,,,,,61729
2018-03-25,201813,6.0,6,6,6,0.5917072,4.8846807,0,2,350550020181319589,2023-08-20,Barretos,1.1426753,122833,22.1428571428571,78.422895,1.0,0.0,1,69.570948,59.0648302857143,23.844156,26.2857142857143,2,,,,,61729
2018-03-18,201812,5.0,5,5,5,0.6386497,4.070567,0,2,350550020181219589,2023-08-20,Barretos,1.2543379,122833,23.8571428571429,79.9385521428571,1.0,0.0,1,71.3412664285714,60.1251141428571,25.4660174285714,27.5714285714286,1,,,,,61729
2018-03-11,201811,8.0,8,8,8,0.91720486,6.512908,0,2,350550020181119589,2023-08-20,Barretos,2.2662647,122833,23.5714285714286,84.5528264285714,1.0,0.0,1,75.654915,66.2434384285714,25.3610391428571,27.1428571428571,2,,,,,61729
2018-03-04,201810,1.0,1,1,1,0.10152321,0.8141135,0,2,350550020181019589,2023-08-20,Barretos,0.30301943,122833,23.1428571428571,83.3214305714286,1.0,0.0,0,75.6732662857143,66.5094804285714,24.4675322857143,26.2857142857143,0,,,,,61729
2018-02-25,201809,5.0,5,5,5,0.6866733,4.070567,0,2,350550020180919589,2023-08-20,Barretos,1.3731064,122833,22.2857142857143,86.39458,1.0,0.0,1,74.4900271428571,54.7095032857143,24.8639614285714,29.2857142857143,0,,,,,61729
2018-02-18,201808,3.0,3,3,3,0.23110655,2.4423404,0,1,350550020180819589,2023-08-20,Barretos,0.6055442,122833,21.4285714285714,84.0487885714286,1.0,0.0,0,76.2260042857143,65.8482178571429,23.0834417142857,25.5714285714286,0,,,,,61729
2018-02-11,201807,2.0,2,2,2,0.08796732,1.628227,0,1,350550020180719589,2023-08-20,Barretos,0.37084696,122833,21.7142857142857,87.8093414285714,1.0,0.0,0,79.6719321428571,71.5383632857143,23.0285714285714,24.8571428571429,1,,,,,61729
2018-02-04,201806,6.0,6,6,6,0.7221963,4.8846807,0,1,350550020180619589,2023-08-20,Barretos,1.4288119,122833,21.0,83.9610322857143,0.0,0.0,1,73.9745074285714,60.103075,23.3404762857143,26.8571428571429,1,,,,,61729
2018-01-28,201805,7.0,7,7,7,0.7591092,5.6987944,0,2,350550020180519589,2023-08-20,Barretos,1.4929384,122833,21.1428571428571,86.252373,1.0,0.0,1,76.0935822857143,65.6663798571429,23.5650792857143,26.0,1,,,,,61729
2018-01-21,201804,4.0,4,4,4,0.021103954,3.256454,0,2,350550020180419589,2023-08-20,Barretos,0.34393945,122833,23.1428571428571,76.7539492857143,1.0,0.0,0,67.2617752857143,54.2826467142857,25.2126985714286,27.8571428571429,1,,,,,61729
2018-01-14,201803,1.0,1,1,1,5.8149276e-06,0.8141135,0,2,350550020180319589,2023-08-20,Barretos,0.057498336,122833,22.2857142857143,83.2474894285714,1.0,0.0,0,74.4085065714286,61.4092525714286,24.1289684285714,27.2857142857143,0,,,,,61729
2018-01-07,201802,3.0,3,3,3,0.013631933,2.4423404,0,2,350550020180219589,2023-08-20,Barretos,0.28184652,122833,21.2857142857143,90.0604808571428,1.0,0.0,0,83.134445,75.9265651428571,22.3571428571429,23.8571428571429,0,,,,,61729
2017-12-31,201801,41.0,41,41,41,1.0,33.37865,0,1,350550020180119589,2023-08-20,Barretos,12.832778,122833,21.2857142857143,92.4300571428571,1.0,1.0,1,85.3907742857143,78.4832728571429,22.4190477142857,23.8571428571429,0,,,,,61729
2017-12-24,201752,1.0,1,1,1,0.37439504,0.8141135,0,1,350550020175219589,2023-08-20,Barretos,0.7055337,122833,21.8571428571429,89.3621422857143,1.0,0.0,0,76.5017234285714,62.8467852857143,24.4702382857143,28.0,0,,,,,61729
2017-12-17,201751,0.0,0,0,0,0.0,0.0,0,1,350550020175119589,2023-08-20,Barretos,0.0,122833,22.0,94.5118478571429,0.0,0.0,0,75.6582518571429,61.8236051428571,23.7523808571429,26.4285714285714,0,,,,,61729
2017-12-10,201750,3.0,3,3,3,0.7487515,2.4423404,0,1,350550020175019589,2023-08-20,Barretos,1.7795855,122833,22.2857142857143,76.1935771428571,1.0,0.0,0,65.9888514285714,52.3849281428571,24.6428571428571,27.8571428571429,1,,,,,61729
2017-12-03,201749,0.0,0,0,0,0.0,0.0,0,1,350550020174919589,2023-08-20,Barretos,0.0,122833,22.2857142857143,89.3574694285714,0.0,0.0,0,80.5908037142857,69.1937008571429,23.9714285714286,26.7142857142857,0,,,,,61729
2017-11-26,201748,3.0,3,3,3,0.59078574,2.4423404,0,1,350550020174819589,2023-08-20,Barretos,1.1992087,122833,20.0,91.6443457142857,0.0,0.0,0,74.383447,51.4027032857143,23.630952,29.2857142857143,0,,,,,61729
2017-11-19,201747,1.0,1,1,1,0.11184601,0.8141135,0,1,350550020174719589,2023-08-20,Barretos,0.3164142,122833,21.7142857142857,86.5215728571429,1.0,0.0,0,67.9796528571429,46.2321271428571,25.5535717142857,30.4285714285714,0,,,,,61729
2017-11-12,201746,1.0,1,1,1,0.21605022,0.8141135,0,1,350550020174619589,2023-08-20,Barretos,0.45237377,122833,21.0,88.35367,0.0,0.0,0,64.7973535,42.279815,25.291666,29.5,0,,,,,61729
2017-11-05,201745,7.0,7,7,7,0.97190934,5.6987944,0,1,350550020174519589,2023-08-20,Barretos,3.8615959,122833,20.8,83.898303,0.0,1.0,1,,,,,1,,,,,61729
2017-10-29,201744,0.0,0,0,0,0.0,0.0,0,1,350550020174419589,2023-08-20,Barretos,0.0,122833,20.6,79.442936,0.0,0.0,0,,,,,0,,,,,61729
2017-10-22,201743,1.0,1,1,1,0.18556818,0.8141135,0,1,350550020174319589,2023-08-20,Barretos,0.41152623,122833,20.4,74.987569,0.0,0.0,0,,,,,0,,,,,61729
2017-10-15,201742,4.0,4,4,4,0.6519803,3.256454,0,1,350550020174219589,2023-08-20,Barretos,1.3216202,122833,20.2,70.532202,0.0,0.0,0,,,,,1,,,,,61729
2017-10-08,201741,1.0,1,1,1,0.088356085,0.8141135,0,1,350550020174119589,2023-08-20,Barretos,0.2856713,122833,20.0,66.076835,0.0,0.0,0,,,,,0,,,,,61729
2017-10-01,201740,3.0,3,3,3,0.5781921,2.4423404,0,1,350550020174019589,2023-08-20,Barretos,1.1679271,122833,19.8,61.621468,0.0,0.0,0,,,,,1,,,,,61729
2017-09-24,201739,5.0,5,5,5,0.96897393,4.070567,0,1,350550020173919589,2023-08-20,Barretos,5.0207434,122833,19.6,57.166101,0.0,1.0,1,,,,,1,,,,,61729
2017-09-17,201738,3.0,3,3,3,0.9872034,2.4423404,0,1,350550020173819589,2023-08-20,Barretos,18.506325,122833,19.4,52.710734,0.0,0.0,0,,,,,3,,,,,61729
2017-09-10,201737,0.0,0,0,0,0.0,0.0,0,1,350550020173719589,2023-08-20,Barretos,0.0,122833,19.2,48.255367,0.0,0.0,0,,,,,0,,,,,61729
2017-09-03,201736,0.0,0,0,0,0.0,0.0,0,1,350550020173619589,2023-08-20,Barretos,0.0,122833,19.0,43.8,0.0,0.0,0,36.1871788,30.0,21.1756408,23.8,0,,,,,61729
2017-08-27,201735,0.0,0,0,0,0.0,0.0,0,1,350550020173519589,2023-08-20,Barretos,0.0,122833,19.7142857142857,50.1428571428571,0.0,0.0,0,44.7365077142857,38.4285714285714,21.5380954285714,24.0,0,,,,,61729
2017-08-20,201734,0.0,0,0,0,0.0,0.0,0,1,350550020173419589,2023-08-20,Barretos,0.0,122833,18.4285714285714,73.8571428571429,0.0,0.0,0,66.1071428571429,61.5714285714286,19.4642858571429,20.5714285714286,0,,,,,61729
2017-08-13,201733,0.0,0,0,0,0.0,0.0,0,1,350550020173319589,2023-08-20,Barretos,0.0,122833,19.7142857142857,76.1428571428571,0.0,0.0,0,73.1523805714286,71.5714285714286,20.0095237142857,20.2857142857143,0,,,,,61729
2017-08-06,201732,1.0,1,1,1,0.7036559,0.8141135,0,1,350550020173219589,2023-08-20,Barretos,1.9721608,122833,17.4285714285714,60.2857142857143,0.0,0.0,0,55.3833331428571,51.4285714285714,18.8261905714286,20.0,0,,,,,61729
2017-07-30,201731,0.0,0,0,0,0.0,0.0,0,1,350550020173119589,2023-08-20,Barretos,0.0,122833,15.2857142857143,65.5714285714286,0.0,0.0,0,60.65,54.4285714285714,16.4928571428571,17.7142857142857,0,,,,,61729
2017-07-23,201730,1.0,1,1,1,0.7036551,0.8141135,0,1,350550020173019589,2023-08-20,Barretos,1.972155,122833,16.5714285714286,53.8571428571429,0.0,0.0,0,49.5714285714286,43.5714285714286,17.9428571428571,19.8571428571429,0,,,,,61729
2017-07-16,201729,0.0,0,0,0,0.0,0.0,0,1,350550020172919589,2023-08-20,Barretos,0.0,122833,14.5714285714286,68.0,0.0,0.0,0,64.0428565714286,60.0,15.5595238571429,16.7142857142857,0,,,,,61729
2017-07-09,201728,1.0,1,1,1,0.701301,0.8141135,0,1,350550020172819589,2023-08-20,Barretos,1.953528,122833,17.1428571428571,61.7142857142857,0.0,0.0,0,56.7380948571429,51.5714285714286,18.3214282857143,19.5714285714286,0,,,,,61729
2017-07-02,201727,0.0,0,0,0,0.0,0.0,0,1,350550020172719589,2023-08-20,Barretos,0.0,122833,14.2857142857143,68.1428571428571,0.0,0.0,0,63.1190474285714,59.0,15.3333332857143,16.2857142857143,0,,,,,61729
2017-06-25,201726,1.0,1,1,1,0.52845865,0.8141135,0,1,350550020172619589,2023-08-20,Barretos,1.0867941,122833,17.0,69.2857142857143,0.0,0.0,0,63.8880954285714,56.7142857142857,18.0023808571429,19.2857142857143,1,,,,,61729
2017-06-18,201725,0.0,0,0,0,0.0,0.0,0,1,350550020172519589,2023-08-20,Barretos,0.0,122833,17.1428571428571,74.0,0.0,0.0,0,69.3142857142857,65.1428571428571,18.0976191428571,19.1428571428571,0,,,,,61729
2017-06-11,201724,1.0,1,1,1,0.17064373,0.8141135,0,1,350550020172419589,2023-08-20,Barretos,0.39201224,122833,15.1428571428571,79.1428571428571,0.0,0.0,0,71.2785714285714,65.0,16.6380952857143,18.0,1,,,,,61729
2017-06-04,201723,1.0,1,1,1,0.15307972,0.8141135,0,1,350550020172319589,2023-08-20,Barretos,0.36932462,122833,18.7142857142857,76.8571428571429,0.0,0.0,0,70.7928571428571,65.0,20.2928571428571,21.8571428571429,0,,,,,61729
2017-05-28,201722,4.0,4,4,4,0.71666646,3.256454,0,1,350550020172219589,2023-08-20,Barretos,1.5251004,122833,18.1428571428571,77.2857142857143,0.0,0.0,0,72.9523811428571,68.4285714285714,19.0714285714286,20.0,1,,,,,61729
2017-05-21,201721,2.0,2,2,2,0.49225155,1.628227,0,1,350550020172119589,2023-08-20,Barretos,0.982725,122833,20.3333333333333,84.0,0.0,0.0,0,81.8888893333333,79.3333333333333,20.9444443333333,21.6666666666667,0,,,,,61729
2017-05-14,201720,3.0,3,3,3,0.8846507,2.4423404,0,1,350550020172019589,2023-08-20,Barretos,3.1837704,122833,20.1428571428571,81.8571428571429,0.0,0.0,0,79.3384351428571,75.1428571428571,20.9948978571429,22.1428571428571,1,,,,,61729
2017-05-07,201719,3.0,3,3,3,0.96041846,2.4423404,0,1,350550020171919589,2023-08-20,Barretos,7.187763,122833,17.5,82.0,0.0,0.0,0,73.0912705,64.6666666666667,19.5674603333333,21.6666666666667,0,,,,,61729
2017-04-30,201718,0.0,0,0,0,0.0,0.0,0,1,350550020171819589,2023-08-20,Barretos,0.0,122833,18.8571428571429,81.5714285714286,0.0,0.0,0,76.7021985714286,70.1428571428571,20.2194137142857,21.7142857142857,0,,,,,61729
2017-04-23,201717,0.0,0,0,0,0.0,0.0,0,1,350550020171719589,2023-08-20,Barretos,0.0,122833,18.2857142857143,89.2857142857143,0.0,0.0,0,82.2410714285714,74.4285714285714,19.622024,21.0,0,,,,,61729
2017-04-16,201716,1.0,1,1,1,0.3226253,0.8141135,0,1,350550020171619589,2023-08-20,Barretos,0.61271936,122833,20.4285714285714,80.4285714285714,0.0,0.0,0,75.9006808571429,70.2857142857143,21.642517,23.0,0,,,,,61729
2017-04-09,201715,0.0,0,0,0,0.0,0.0,0,1,350550020171519589,2023-08-20,Barretos,0.0,122833,21.8571428571429,83.1428571428571,0.0,0.0,0,73.6080704285714,64.1428571428571,24.1013297142857,26.5714285714286,0,,,,,61729
2017-04-02,201714,3.0,3,3,3,0.49541622,2.4423404,0,1,350550020171419589,2023-08-20,Barretos,0.99130815,122833,21.2857142857143,74.2857142857143,0.0,0.0,0,68.8714288571429,61.2857142857143,22.4,24.4285714285714,0,,,,,61729
2017-03-26,201713,1.0,1,1,1,0.058211017,0.8141135,0,1,350550020171319589,2023-08-20,Barretos,0.24375,122833,20.0,75.0,0.0,0.0,0,69.9545457142857,64.5714285714286,21.5194805714286,23.0,0,,,,,61729
2017-03-19,201712,2.0,2,2,2,0.18361585,1.628227,0,1,350550020171219589,2023-08-20,Barretos,0.49508396,122833,21.7142857142857,72.5714285714286,0.0,0.0,0,68.5476188571429,63.8571428571429,22.9943975714286,24.5714285714286,0,,,,,61729
2017-03-12,201711,7.0,7,7,7,0.8264185,5.6987944,0,2,350550020171119589,2023-08-20,Barretos,1.7420955,122833,23.1428571428571,77.4285714285714,1.0,0.0,1,71.3584417142857,64.1428571428571,24.1363637142857,25.5714285714286,1,,,,,61729
2017-03-05,201710,2.0,2,2,2,0.183522,1.628227,0,2,350550020171019589,2023-08-20,Barretos,0.49496523,122833,22.8571428571429,86.1428571428571,1.0,0.0,0,82.0476194285714,77.0,23.75,24.8571428571429,0,,,,,61729
2017-02-26,201709,5.0,5,5,5,0.5763785,4.070567,0,2,350550020170919589,2023-08-20,Barretos,1.1275789,122833,22.1428571428571,88.2857142857143,1.0,0.0,1,82.9357154285714,75.7142857142857,22.9738097142857,24.2857142857143,0,,,,,61729
2017-02-19,201708,4.0,4,4,4,0.31720454,3.256454,0,1,350550020170819589,2023-08-20,Barretos,0.7420653,122833,23.2857142857143,77.4285714285714,1.0,0.0,0,68.8388274285714,59.8571428571429,24.9294872857143,26.7142857142857,0,,,,,61729
2017-02-12,201707,3.0,3,3,3,0.14616752,2.4423404,0,1,350550020170719589,2023-08-20,Barretos,0.502034,122833,23.0,78.0,1.0,0.0,0,71.4336728571429,63.4285714285714,24.3843538571429,26.0,1,,,,,61729
2017-02-05,201706,7.0,7,7,7,0.62847316,5.6987944,0,1,350550020170619589,2023-08-20,Barretos,1.1939532,122833,24.2,72.4,0.0,0.0,1,63.7166672,56.0,26.2333336,28.0,0,,,,,61729
2017-01-29,201705,5.0,5,5,5,0.44689405,4.070567,0,2,350550020170519589,2023-08-20,Barretos,0.9235725,122833,21.8571428571429,85.8571428571429,1.0,0.0,1,78.8431962857143,67.4285714285714,23.0642857142857,24.8571428571429,0,,,,,61729
2017-01-22,201704,8.0,8,8,8,0.5118875,6.512908,0,2,350550020170419589,2023-08-20,Barretos,1.0146725,122833,21.5714285714286,88.1428571428571,1.0,0.0,1,81.0658258571429,72.0,23.1459385714286,25.0,1,,,,,61729
2017-01-15,201703,3.0,3,3,3,0.0003420835,2.4423404,0,2,350550020170319589,2023-08-20,Barretos,0.17537269,122833,21.5714285714286,91.4285714285714,1.0,0.0,0,85.6454197142857,78.0,22.5240385714286,23.7142857142857,0,,,,,61729
2017-01-08,201702,6.0,6,6,6,0.00019787083,4.8846807,0,2,350550020170219589,2023-08-20,Barretos,0.24368864,122833,22.8571428571429,83.0,1.0,0.0,1,76.7274894285714,67.0,24.1416122857143,26.1428571428571,0,,,,,61729
2017-01-01,201701,6.0,6,6,6,0.0046020206,4.8846807,0,2,350550020170119589,2023-08-20,Barretos,0.32779264,122833,22.7142857142857,81.0,1.0,0.0,1,68.568242,56.4285714285714,25.2558824285714,28.0,0,,,,,61729
2016-12-25,201652,53.0,53,53,53,1.0,43.148014,0,2,350550020165219589,2023-08-20,Barretos,4.7415524,122833,23.1428571428571,80.4285714285714,1.0,1.0,2,69.1570038571429,57.0,25.4661064285714,27.8571428571429,3,,,,,61729
2016-12-18,201651,4.0,4,4,4,0.08905284,3.256454,0,2,350550020165119589,2023-08-20,Barretos,0.46764836,122833,22.2,79.4,1.0,0.0,0,64.7233346,51.0,25.0300002,28.2,2,,,,,61729
2016-12-11,201650,13.0,13,13,13,0.87276655,10.583475,0,2,350550020165019589,2023-08-20,Barretos,1.64161,122833,22.2,90.6,1.0,0.0,1,84.2803908,79.0,23.3137256,24.8,10,,,,,61729
2016-12-04,201649,7.0,7,7,7,0.45372027,5.6987944,0,1,350550020164919589,2023-08-20,Barretos,0.94225764,122833,22.1428571428571,87.5714285714286,1.0,0.0,1,82.1547611428571,75.5714285714286,23.354762,24.8571428571429,4,,,,,61729
2016-11-27,201648,8.0,8,8,8,0.6772178,6.512908,0,1,350550020164819589,2023-08-20,Barretos,1.2673379,122833,21.7142857142857,81.1428571428571,1.0,0.0,1,71.8936511428571,63.1428571428571,24.2404762857143,26.5714285714286,6,,,,,61729
2016-11-20,201647,8.0,8,8,8,0.8304501,6.512908,0,1,350550020164719589,2023-08-20,Barretos,1.6940793,122833,21.5714285714286,73.2857142857143,0.0,0.0,1,64.0487471428571,55.1428571428571,23.070426,24.8571428571429,1,,,,,61729
2016-11-13,201646,7.0,7,7,7,0.84426546,5.6987944,0,1,350550020164619589,2023-08-20,Barretos,1.8303084,122833,19.0,85.8333333333333,0.0,0.0,1,74.741081,63.0,21.5806426666667,24.3333333333333,2,,,,,61729
2016-11-06,201645,4.0,4,4,4,0.5917405,3.256454,0,1,350550020164519589,2023-08-20,Barretos,1.1751149,122833,21.5714285714286,77.2857142857143,1.0,0.0,0,66.1489797142857,57.0,23.6989795714286,26.0,0,,,,,61729
2016-10-30,201644,3.0,3,3,3,0.5239698,2.4423404,0,1,350550020164419589,2023-08-20,Barretos,1.047304,122833,19.8571428571429,85.7142857142857,0.0,0.0,0,77.570974,68.2857142857143,21.4739227142857,23.0,1,,,,,61729
2016-10-23,201643,5.0,5,5,5,0.7975666,4.070567,0,1,350550020164319589,2023-08-20,Barretos,1.7779026,122833,20.8571428571429,79.0,0.0,0.0,1,68.8523805714286,58.1428571428571,22.2289115714286,23.7142857142857,1,,,,,61729
2016-10-16,201642,1.0,1,1,1,0.13862251,0.8141135,0,1,350550020164219589,2023-08-20,Barretos,0.35078284,122833,24.0,68.8571428571429,0.0,0.0,0,60.6977442857143,52.7142857142857,25.9398495714286,28.0,0,,,,,61729
2016-10-09,201641,4.0,4,4,4,0.71157473,3.256454,0,1,350550020164119589,2023-08-20,Barretos,1.5067251,122833,19.8571428571429,76.5714285714286,0.0,0.0,0,70.5313725714286,62.5714285714286,21.2266105714286,22.8571428571429,0,,,,,61729
2016-10-02,201640,2.0,2,2,2,0.48332632,1.628227,0,1,350550020164019589,2023-08-20,Barretos,0.9633303,122833,15.0,66.5,0.0,0.0,0,50.229166,37.5,19.25,23.0,1,,,,,61729
2016-09-25,201639,4.0,4,4,4,0.83189636,3.256454,0,1,350550020163919589,2023-08-20,Barretos,2.144078,122833,16.2,65.8,0.0,0.0,0,54.7133336,43.4,18.3833332,20.6,2,,,,,61729
2016-09-18,201638,1.0,1,1,1,0.24313776,0.8141135,0,1,350550020163819589,2023-08-20,Barretos,0.49015903,122833,18.1428571428571,68.5714285714286,0.0,0.0,0,57.2893432857143,49.2857142857143,20.760544,23.2857142857143,0,,,,,61729
2016-09-11,201637,2.0,2,2,2,0.4145583,1.628227,0,1,350550020163719589,2023-08-20,Barretos,0.82929677,122833,19.7142857142857,55.7142857142857,0.0,0.0,0,45.781973,37.5714285714286,22.012245,24.5714285714286,0,,,,,61729
2016-09-04,201636,2.0,2,2,2,0.4110919,1.628227,0,1,350550020163619589,2023-08-20,Barretos,0.82315886,122833,16.5,85.3333333333333,0.0,0.0,0,74.1666673333333,65.8333333333333,18.2833333333333,20.3333333333333,0,,,,,61729
2016-08-28,201635,2.0,2,2,2,0.6250514,1.628227,0,1,350550020163519589,2023-08-20,Barretos,1.3559852,122833,18.7142857142857,74.5714285714286,0.0,0.0,0,64.178606,53.7142857142857,21.2479574285714,24.1428571428571,0,,,,,61729
2016-08-21,201634,4.0,4,4,4,0.9800964,3.256454,0,1,350550020163419589,2023-08-20,Barretos,8.6486435,122833,15.5714285714286,72.1428571428571,0.0,0.0,0,62.0870924285714,49.0,18.3446112857143,21.5714285714286,0,,,,,61729
2016-08-14,201633,1.0,1,1,1,0.92503905,0.8141135,0,1,350550020163319589,2023-08-20,Barretos,8.895705,122833,19.0,68.2857142857143,0.0,0.0,0,60.1428571428571,51.0,20.8357142857143,23.1428571428571,0,,,,,61729
2016-08-07,201632,0.0,0,0,0,0.0,0.0,0,1,350550020163219589,2023-08-20,Barretos,0.0,122833,16.1428571428571,67.0,0.0,0.0,0,55.0207482857143,46.8571428571429,18.4316327142857,20.7142857142857,0,,,,,61729
2016-07-31,201631,0.0,0,0,0,0.0,0.0,0,1,350550020163119589,2023-08-20,Barretos,0.0,122833,18.0,61.1428571428571,0.0,0.0,0,49.4214285714286,37.4285714285714,20.8285714285714,24.1428571428571,0,,,,,61729
2016-07-24,201630,0.0,0,0,0,0.0,0.0,0,1,350550020163019589,2023-08-20,Barretos,0.0,122833,18.1428571428571,62.7142857142857,0.0,0.0,0,54.056391,45.7142857142857,19.973684,22.0,0,,,,,61729
2016-07-17,201629,1.0,1,1,1,0.75101703,0.8141135,0,1,350550020162919589,2023-08-20,Barretos,2.4208243,122833,12.1428571428571,70.5714285714286,0.0,0.0,0,61.9190474285714,54.0,13.9984127142857,16.4285714285714,0,,,,,61729
2016-07-10,201628,1.0,1,1,1,0.634878,0.8141135,0,1,350550020162819589,2023-08-20,Barretos,1.5256724,122833,17.8571428571429,61.0,0.0,0.0,0,53.8893488571429,47.1428571428571,20.0528818571429,22.2857142857143,0,,,,,61729
2016-07-03,201627,0.0,0,0,0,0.0,0.0,0,1,350550020162719589,2023-08-20,Barretos,0.0,122833,15.5714285714286,70.5714285714286,0.0,0.0,0,60.7793652857143,53.1428571428571,17.7238095714286,20.1428571428571,0,,,,,61729
2016-06-26,201626,0.0,0,0,0,0.0,0.0,0,1,350550020162619589,2023-08-20,Barretos,0.0,122833,17.2857142857143,64.8571428571429,0.0,0.0,0,59.0619051428571,51.1428571428571,18.792857,20.5714285714286,0,,,,,61729
2016-06-19,201625,2.0,2,2,2,0.36791995,1.628227,0,1,350550020162519589,2023-08-20,Barretos,0.75070834,122833,16.0,81.1428571428571,0.0,0.0,0,73.2085028571429,62.5714285714286,17.6926304285714,20.1428571428571,0,,,,,61729
2016-06-12,201624,2.0,2,2,2,0.31368312,1.628227,0,1,350550020162419589,2023-08-20,Barretos,0.66837436,122833,13.7142857142857,70.8571428571429,0.0,0.0,0,63.1506982857143,52.8571428571429,15.5023092857143,17.8571428571429,1,,,,,61729
2016-06-05,201623,2.0,2,2,2,0.32267004,1.628227,0,1,350550020162319589,2023-08-20,Barretos,0.68145776,122833,16.6666666666667,85.0,0.0,0.0,0,77.083626,70.1666666666667,18.3002926666667,20.1666666666667,1,,,,,61729
2016-05-29,201622,5.0,5,5,5,0.45977598,4.070567,0,1,350550020162219589,2023-08-20,Barretos,0.9413804,122833,17.8571428571429,94.0,0.0,0.0,1,90.0986394285714,86.2857142857143,18.6731291428571,19.8571428571429,3,,,,,61729
2016-05-22,201621,1.0,1,1,1,0.0005150081,0.8141135,0,1,350550020162119589,2023-08-20,Barretos,0.09154896,122833,15.4285714285714,87.2857142857143,0.0,0.0,0,78.55873,71.5714285714286,17.1873018571429,18.8571428571429,0,,,,,61729
2016-05-15,201620,2.0,2,2,2,8.572828e-05,1.628227,0,1,350550020162019589,2023-08-20,Barretos,0.119490415,122833,19.4285714285714,86.0,0.0,0.0,0,77.9732142857143,69.5714285714286,20.7898808571429,22.5714285714286,1,,,,,61729
2016-05-08,201619,12.0,12,12,12,0.0135685615,9.7693615,0,1,350550020161919589,2023-08-20,Barretos,0.47679633,122833,18.0,89.4,0.0,0.0,1,81.02,66.2,19.36,21.6,2,,,,,61729
2016-05-01,201618,19.0,19,19,19,0.0008123695,15.468156,0,1,350550020161819589,2023-08-20,Barretos,0.4379284,122833,15.5,60.5,0.0,0.0,1,55.4821425,49.75,16.4375,17.0,2,,,,,61729
2016-04-24,201617,15.0,15,15,15,5.4957816e-11,12.211702,0,1,350550020161719589,2023-08-20,Barretos,0.20682278,122833,15.5,84.6666666666667,0.0,0.0,1,76.3904766666667,67.5,17.7224868333333,19.8333333333333,7,,,,,61729
2016-04-17,201616,41.0,41,41,41,2.2836042e-09,33.37865,0,1,350550020161619589,2023-08-20,Barretos,0.3664336,122833,19.55,72.4333333333333,0.0,0.0,1,,,,,8,,,,,61729
2016-04-10,201615,65.0,65,65,65,1.7332136e-11,52.917377,0,4,350550020161519589,2023-08-20,Barretos,0.39810714,122833,23.6,60.2,0.0,0.0,2,43.0773042,24.2,27.8947914,33.4,17,,,,,61729
2016-04-03,201614,110.0,110,110,110,1.4008794e-12,89.55248,0,4,350550020161419589,2023-08-20,Barretos,0.46065557,122833,23.5714285714286,66.7142857142857,0.0,0.0,2,57.610813,48.4285714285714,25.5896884285714,27.8571428571429,32,,,,,61729
2016-03-27,201613,153.0,153,153,153,0.0,124.559364,0,4,350550020161319589,2023-08-20,Barretos,0.44743022,122833,23.1428571428571,79.0,1.0,0.0,2,69.3197272857143,59.2857142857143,25.1659867142857,27.4285714285714,41,,,,,61729
2016-03-20,201612,212.0,212,212,212,0.0,172.59206,0,4,350550020161219589,2023-08-20,Barretos,0.472812,122833,22.7142857142857,78.4285714285714,1.0,0.0,2,71.159524,64.7142857142857,24.1595237142857,25.5714285714286,51,,,,,61729
2016-03-13,201611,346.0,346,346,346,6.004619e-11,281.68326,0,4,350550020161119589,2023-08-20,Barretos,0.6449943,122833,21.5714285714286,84.0,1.0,0.0,2,75.4357142857143,66.7142857142857,23.3428571428571,25.4285714285714,57,,,,,61729
2016-03-06,201610,464.0,464,464,464,0.00011164023,377.74866,0,4,350550020161019589,2023-08-20,Barretos,0.79551107,122833,22.2857142857143,87.0,1.0,0.0,2,79.6957477142857,70.7142857142857,23.5450681428571,25.0,86,,,,,61729
2016-02-28,201609,540.0,540,540,540,0.34981897,439.62128,0,4,350550020160919589,2023-08-20,Barretos,0.976936,122833,21.8571428571429,89.1428571428571,1.0,0.0,2,81.8303922857143,72.5714285714286,23.1620447142857,24.5714285714286,83,,,,,61729
2016-02-21,201608,643.0,643,643,643,0.99999994,523.475,0,4,350550020160819589,2023-08-20,Barretos,1.3803241,122833,22.1428571428571,86.8571428571429,1.0,1.0,2,80.6739691428571,73.1428571428571,23.2916217142857,24.7142857142857,130,,,,,61729
2016-02-14,201607,601.0,601,601,601,1.0,489.2822,0,4,350550020160719589,2023-08-20,Barretos,1.4947722,122833,23.8571428571429,82.5714285714286,1.0,1.0,2,74.9625834285714,66.5714285714286,25.2503402857143,27.1428571428571,126,,,,,61729
2016-02-07,201606,445.0,445,445,445,0.98590547,362.2805,0,4,350550020160619589,2023-08-20,Barretos,1.1650692,122833,22.5714285714286,83.1428571428571,1.0,1.0,2,66.5846635714286,46.1428571428571,26.4958595714286,31.1428571428571,75,,,,,61729
2016-01-31,201605,345.0,345,345,345,0.5460611,280.86914,0,4,350550020160519589,2023-08-20,Barretos,1.0088636,122833,23.2857142857143,78.8571428571429,1.0,0.0,2,54.5935837142857,31.5714285714286,28.1261862857143,33.4285714285714,78,,,,,61729
2016-01-24,201604,426.0,426,426,426,1.0,346.81235,0,4,350550020160419589,2023-08-20,Barretos,1.6088344,122833,23.1428571428571,83.5714285714286,1.0,1.0,2,74.9071745714286,64.2857142857143,24.660668,26.8571428571429,137,,,,,61729
2016-01-17,201603,372.0,372,372,372,1.0,302.85022,0,4,350550020160319589,2023-08-20,Barretos,2.0794842,122833,20.1428571428571,80.2857142857143,0.0,1.0,2,70.5735951428571,60.8571428571429,22.6491651428571,25.7142857142857,164,,,,,61729
2016-01-10,201602,252.0,252,252,252,1.0,205.1566,0,4,350550020160219589,2023-08-20,Barretos,2.3577793,122833,22.7142857142857,93.1428571428571,1.0,1.0,2,89.8378237142857,85.0,23.2726531428571,24.1428571428571,104,,,,,61729
2016-01-03,201601,196.0,196,196,196,1.0,159.56624,0,4,350550020160119589,2023-08-20,Barretos,2.7340615,122833,23.0,90.8571428571429,1.0,1.0,2,84.3668534285714,77.7142857142857,24.1133578571429,25.7142857142857,96,,,,,61729
2015-12-27,201552,65.0,65,65,65,0.64069206,52.917377,0,4,350550020155219589,2023-08-20,Barretos,1.0661026,122833,22.4285714285714,88.0,1.0,0.0,2,85.3942842857143,79.5714285714286,23.0579592857143,24.1428571428571,45,,,,,61729
2015-12-20,201551,67.0,67,67,67,0.90810126,54.5456,0,4,350550020155119589,2023-08-20,Barretos,1.2753009,122833,23.1428571428571,83.2857142857143,1.0,0.0,2,74.0079362857143,65.4285714285714,24.588889,26.4285714285714,20,,,,,61729
2015-12-13,201550,64.0,64,64,64,0.9928531,52.103264,0,4,350550020155019589,2023-08-20,Barretos,1.6276313,122833,23.0,79.0,1.0,1.0,2,70.8621463333333,63.1666666666667,24.6849553333333,26.5,14,,,,,61729
2015-12-06,201549,55.0,55,55,55,0.99961096,44.77624,0,1,350550020154919589,2023-08-20,Barretos,2.1664321,122833,22.7142857142857,87.5714285714286,1.0,1.0,2,77.8892905714286,61.8571428571429,24.513079,27.8571428571429,12,,,,,61729
2015-11-29,201548,43.0,43,43,43,0.99938095,35.006878,0,1,350550020154819589,2023-08-20,Barretos,2.3548079,122833,21.5714285714286,91.5714285714286,1.0,1.0,1,75.8586174285714,51.2857142857143,25.0381198571429,30.7142857142857,8,,,,,61729
2015-11-22,201547,19.0,19,19,19,0.6707618,15.468156,0,1,350550020154719589,2023-08-20,Barretos,1.1583885,122833,20.8571428571429,90.5714285714286,0.0,0.0,1,71.1057838571429,51.4285714285714,25.0920548571429,29.7142857142857,6,,,,,61729
2015-11-15,201546,13.0,13,13,13,0.4642771,10.583475,0,2,350550020154619589,2023-08-20,Barretos,0.96626055,122833,22.0,87.5,1.0,0.0,1,68.7328518333333,43.5,25.9564408333333,30.6666666666667,6,,,,,61729
2015-11-08,201545,23.0,23,23,23,0.98377025,18.72461,0,1,350550020154519589,2023-08-20,Barretos,2.1191134,122833,23.5714285714286,75.7142857142857,1.0,1.0,1,54.9107737142857,31.0,28.5263574285714,34.0,4,,,,,61729
2015-11-01,201544,10.0,10,10,10,0.5121423,8.141134,0,1,350550020154419589,2023-08-20,Barretos,1.0134642,122833,21.375,92.625,1.0,0.0,1,75.25903075,52.0,24.90602575,29.75,0,,,,,61729
2015-10-25,201543,11.0,11,11,11,0.6512181,8.955248,0,1,350550020154319589,2023-08-20,Barretos,1.1845108,122833,21.0,87.7142857142857,0.0,0.0,1,66.1558911428571,39.4285714285714,25.5857142857143,31.5714285714286,2,,,,,61729
2015-10-18,201542,9.0,9,9,9,0.6078039,7.327021,0,1,350550020154219589,2023-08-20,Barretos,1.1387935,122833,22.1428571428571,71.2857142857143,0.0,0.0,1,50.0864391428571,29.8571428571429,28.2580225714286,35.0,1,,,,,61729
2015-10-11,201541,11.0,11,11,11,0.9042277,8.955248,0,1,350550020154119589,2023-08-20,Barretos,1.88926,122833,23.2857142857143,65.7142857142857,0.0,0.0,1,45.8511902857143,26.0,28.3666665714286,33.8571428571429,4,,,,,61729
2015-10-04,201540,7.0,7,7,7,0.82522637,5.6987944,0,1,350550020154019589,2023-08-20,Barretos,1.7366343,122833,20.7142857142857,80.8571428571429,0.0,0.0,1,56.1409771428571,34.2857142857143,26.5840988571429,32.7142857142857,2,,,,,61729
2015-09-27,201539,8.0,8,8,8,0.85641253,6.512908,0,1,350550020153919589,2023-08-20,Barretos,1.815746,122833,21.4285714285714,81.5714285714286,1.0,0.0,1,59.4550005714286,36.2857142857143,25.8447617142857,31.1428571428571,2,,,,,61729
2015-09-20,201538,0.0,0,0,0,0.0,0.0,0,1,350550020153819589,2023-08-20,Barretos,0.0,122833,22.1428571428571,58.0,0.0,0.0,0,36.1607145714286,18.8571428571429,28.5535711428571,35.1428571428571,0,,,,,61729
2015-09-13,201537,6.0,6,6,6,0.3877179,4.8846807,0,1,350550020153719589,2023-08-20,Barretos,0.85773677,122833,20.5714285714286,70.0,0.0,0.0,1,46.9004745714286,26.2857142857143,26.3446525714286,33.2857142857143,1,,,,,61729
2015-09-06,201536,4.0,4,4,4,0.23277944,3.256454,0,1,350550020153619589,2023-08-20,Barretos,0.6421227,122833,18.7142857142857,88.0,0.0,0.0,0,73.3433094285714,55.0,22.1600742857143,26.4285714285714,0,,,,,61729
2015-08-30,201535,11.0,11,11,11,0.9127923,8.955248,0,1,350550020153519589,2023-08-20,Barretos,1.9470813,122833,19.1428571428571,64.0,0.0,0.0,1,41.4895777142857,20.0,25.8453322857143,33.1428571428571,2,,,,,61729
2015-08-23,201534,4.0,4,4,4,0.19049442,3.256454,0,1,350550020153419589,2023-08-20,Barretos,0.5931716,122833,17.0,76.5714285714286,0.0,0.0,0,50.7861908571429,23.5714285714286,22.9899997142857,30.7142857142857,0,,,,,61729
2015-08-16,201533,6.0,6,6,6,0.07944546,4.8846807,0,1,350550020153319589,2023-08-20,Barretos,0.5112049,122833,17.0,68.0,0.0,0.0,1,42.7070394285714,22.5714285714286,23.2686331428571,29.5714285714286,4,,,,,61729
2015-08-09,201532,5.0,5,5,5,0.0006370272,4.070567,0,1,350550020153219589,2023-08-20,Barretos,0.24551597,122833,18.0,58.5714285714286,0.0,0.0,1,38.8717831428571,21.7142857142857,23.6914372857143,29.8571428571429,0,,,,,61729
2015-08-02,201531,7.0,7,7,7,0.00026167047,5.6987944,0,1,350550020153119589,2023-08-20,Barretos,0.26877183,122833,18.2857142857143,54.0,0.0,0.0,1,35.307712,18.0,24.3793997142857,31.0,1,,,,,61729
2015-07-26,201530,23.0,23,23,23,0.37785304,18.72461,0,1,350550020153019589,2023-08-20,Barretos,0.91488916,122833,18.2857142857143,61.1428571428571,0.0,0.0,1,44.3325565714286,28.8571428571429,23.2751037142857,28.4285714285714,7,,,,,61729
2015-07-19,201529,32.0,32,32,32,0.8577288,26.051632,0,1,350550020152919589,2023-08-20,Barretos,1.3299803,122833,17.4285714285714,79.0,0.0,0.0,1,57.3266888571429,36.7142857142857,21.8799608571429,27.0,8,,,,,61729
2015-07-12,201528,26.0,26,26,26,0.27112034,21.16695,0,1,350550020152819589,2023-08-20,Barretos,0.8511613,122833,19.0,71.0,0.0,0.0,1,52.1097734285714,31.4285714285714,23.6903622857143,29.2857142857143,5,,,,,61729
2015-07-05,201527,17.0,17,17,17,0.0004226372,13.839929,0,1,350550020152719589,2023-08-20,Barretos,0.4042793,122833,16.1428571428571,90.8571428571429,0.0,0.0,1,77.8035708571429,63.2857142857143,19.2426191428571,23.0,3,,,,,61729
2015-06-28,201526,27.0,27,27,27,0.002452563,21.981064,0,1,350550020152619589,2023-08-20,Barretos,0.52330905,122833,16.5714285714286,83.0,0.0,0.0,1,67.0839337142857,44.8571428571429,20.2268227142857,25.0,5,,,,,61729
2015-06-21,201525,46.0,46,46,46,0.0978188,37.44922,0,1,350550020152519589,2023-08-20,Barretos,0.77698857,122833,16.1428571428571,76.2857142857143,0.0,0.0,1,56.6640788571429,35.2857142857143,20.7647517142857,26.5714285714286,14,,,,,61729
2015-06-14,201524,53.0,53,53,53,0.053198848,43.148014,0,4,350550020152419589,2023-08-20,Barretos,0.7477589,122833,17.0,85.1428571428571,0.0,0.0,2,64.5715222857143,44.0,21.9800888571429,27.5714285714286,17,,,,,61729
2015-06-07,201523,58.0,58,58,58,0.0052324813,47.218582,0,4,350550020152319589,2023-08-20,Barretos,0.6530403,122833,17.8571428571429,78.4285714285714,0.0,0.0,2,55.1398451428571,29.7142857142857,23.3106534285714,29.4285714285714,16,,,,,61729
2015-05-31,201522,63.0,63,63,63,0.00021553593,51.28915,0,4,350550020152219589,2023-08-20,Barretos,0.5793585,122833,17.1428571428571,91.4285714285714,0.0,0.0,2,73.6428565714286,51.7142857142857,20.9296542857143,25.5714285714286,20,,,,,61729
2015-05-24,201521,93.0,93,93,93,0.003257748,75.712555,0,4,350550020152119589,2023-08-20,Barretos,0.6951518,122833,17.7142857142857,87.7142857142857,0.0,0.0,2,66.1984982857143,41.8571428571429,22.2916665714286,27.8571428571429,39,,,,,61729
2015-05-17,201520,107.0,107,107,107,0.00039963977,87.11014,0,4,350550020152019589,2023-08-20,Barretos,0.6617868,122833,18.2857142857143,84.4285714285714,0.0,0.0,2,67.4324942857143,49.2857142857143,21.955759,26.1428571428571,30,,,,,61729
2015-05-10,201519,123.0,123,123,123,0.0023782346,100.135956,0,4,350550020151919589,2023-08-20,Barretos,0.7182577,122833,17.0,89.2857142857143,0.0,0.0,2,68.4119348571429,46.7142857142857,20.7272995714286,25.2857142857143,38,,,,,61729
2015-05-03,201518,176.0,176,176,176,0.847829,143.28397,0,4,350550020151819589,2023-08-20,Barretos,1.1190478,122833,18.4285714285714,88.2857142857143,0.0,0.0,2,69.444622,49.1428571428571,22.5383601428571,27.0,62,,,,,61729
2015-04-26,201517,195.0,195,195,195,0.99746317,158.75212,0,4,350550020151719589,2023-08-20,Barretos,1.3579576,122833,17.4285714285714,79.7142857142857,0.0,1.0,2,59.866126,34.0,22.6342801428571,28.2857142857143,67,,,,,61729
2015-04-19,201516,151.0,151,151,151,0.81693923,122.93114,0,4,350550020151619589,2023-08-20,Barretos,1.1125636,122833,21.7142857142857,89.8571428571429,1.0,0.0,2,70.6554828571429,47.5714285714286,25.5581285714286,30.5714285714286,44,,,,,61729
2015-04-12,201515,129.0,129,129,129,0.6593236,105.02064,0,4,350550020151519589,2023-08-20,Barretos,1.0530674,122833,21.1428571428571,81.1428571428571,1.0,0.0,2,62.4456498571429,44.0,25.4083245714286,30.4285714285714,50,,,,,61729
2015-04-05,201514,160.0,160,160,160,0.99135715,130.25815,0,4,350550020151419589,2023-08-20,Barretos,1.3303106,122833,19.1428571428571,86.7142857142857,0.0,1.0,2,67.4741511428571,46.4285714285714,23.6611385714286,28.7142857142857,59,,,,,61729
2015-03-29,201513,109.0,109,109,109,0.08961776,88.738365,0,4,350550020151319589,2023-08-20,Barretos,0.84038967,122833,22.1428571428571,87.2857142857143,1.0,0.0,2,69.6014502857143,50.7142857142857,25.308008,29.4285714285714,26,,,,,61729
2015-03-22,201512,101.0,101,101,101,0.10093706,82.225464,0,4,350550020151219589,2023-08-20,Barretos,0.84221613,122833,20.5714285714286,89.1428571428571,0.0,0.0,2,68.7327628571429,46.5714285714286,25.0122031428571,30.7142857142857,24,,,,,61729
2015-03-15,201511,153.0,153,153,153,0.999984,124.559364,0,4,350550020151119589,2023-08-20,Barretos,1.7224815,122833,20.7142857142857,89.1428571428571,0.0,1.0,2,75.1705888571429,54.0,23.2300197142857,27.4285714285714,50,,,,,61729
2015-03-08,201510,141.0,141,141,141,1.0,114.79,0,4,350550020151019589,2023-08-20,Barretos,2.3005164,122833,21.0,93.1428571428571,0.0,1.0,2,77.6721637142857,54.8571428571429,23.970528,28.2857142857143,63,,,,,61729
2015-03-01,201509,73.0,73,73,73,0.9983105,59.430283,0,4,350550020150919589,2023-08-20,Barretos,1.742439,122833,22.5714285714286,80.8571428571429,1.0,1.0,2,66.1042354285714,44.2857142857143,25.9511724285714,30.4285714285714,38,,,,,61729
2015-02-22,201508,62.0,62,62,62,0.9999354,50.475037,0,3,350550020150819589,2023-08-20,Barretos,2.3273318,122833,22.2857142857143,81.8571428571429,1.0,1.0,2,63.2433877142857,41.1428571428571,25.9402061428571,31.4285714285714,32,,,,,61729
2015-02-15,201507,41.0,41,41,41,0.99971783,33.37865,0,3,350550020150719589,2023-08-20,Barretos,2.6120667,122833,21.4285714285714,90.8571428571429,1.0,1.0,1,78.8630957142857,57.2857142857143,23.8176284285714,27.8571428571429,18,,,,,61729
2015-02-08,201506,24.0,24,24,24,0.9953624,19.538723,0,2,350550020150619589,2023-08-20,Barretos,2.5498128,122833,21.8571428571429,91.5714285714286,1.0,1.0,1,74.6182014285714,42.5714285714286,24.8884601428571,29.7142857142857,10,,,,,61729
2015-02-01,201505,14.0,14,14,14,0.95558035,11.397589,0,1,350550020150519589,2023-08-20,Barretos,2.1410675,122833,21.5714285714286,88.2857142857143,1.0,1.0,1,70.5108668571429,45.0,24.6494837142857,29.5714285714286,9,,,,,61729
2015-01-25,201504,7.0,7,7,7,0.70546764,5.6987944,0,1,350550020150419589,2023-08-20,Barretos,1.350746,122833,21.4285714285714,91.5714285714286,1.0,0.0,1,71.1039528571429,46.5714285714286,24.856409,30.0,1,,,,,61729
2015-01-18,201503,7.0,7,7,7,0.81916267,5.6987944,0,1,350550020150319589,2023-08-20,Barretos,1.709596,122833,24.0,69.8571428571429,0.0,0.0,1,52.4180591428571,33.5714285714286,28.1356675714286,33.0,1,,,,,61729
2015-01-11,201502,4.0,4,4,4,0.71591634,3.256454,0,1,350550020150219589,2023-08-20,Barretos,1.522363,122833,24.1428571428571,75.0,0.0,0.0,0,50.4683597142857,29.5714285714286,29.0521662857143,34.5714285714286,2,,,,,61729
2015-01-04,201501,6.0,6,6,6,0.9439243,4.8846807,0,2,350550020150119589,2023-08-20,Barretos,3.1609566,122833,22.5714285714286,78.7142857142857,1.0,0.0,1,62.775418,33.4285714285714,26.1069124285714,31.5714285714286,2,,,,,61729
2014-12-28,201453,1.0,1,1,1,0.18607005,0.8141135,0,1,350550020145319589,2023-08-20,Barretos,0.4121872,122833,23.4285714285714,81.1428571428571,1.0,0.0,0,61.1007585714286,37.4285714285714,27.1450277142857,32.7142857142857,4,,,,,61729
2014-12-21,201452,2.0,2,2,2,0.22155198,1.628227,0,1,350550020145219589,2023-08-20,Barretos,0.54344386,122833,22.4285714285714,86.5714285714286,1.0,0.0,0,71.4573811428571,49.2857142857143,25.3850107142857,30.0,1,,,,,61729
2014-12-14,201451,1.0,1,1,1,0.06430175,0.8141135,0,1,350550020145119589,2023-08-20,Barretos,0.25258917,122833,20.8571428571429,83.1428571428571,0.0,0.0,0,65.9049382857143,44.5714285714286,25.1694421428571,31.0,1,,,,,61729
2014-12-07,201450,5.0,5,5,5,0.73844784,4.070567,0,1,350550020145019589,2023-08-20,Barretos,1.5321262,122833,21.5714285714286,89.1428571428571,1.0,0.0,1,79.609138,61.1428571428571,22.8949634285714,26.1428571428571,1,,,,,61729
2014-11-30,201449,5.0,5,5,5,0.8274436,4.070567,0,1,350550020144919589,2023-08-20,Barretos,1.9453721,122833,20.7142857142857,88.2857142857143,0.0,0.0,1,70.8274712857143,46.2857142857143,23.8367697142857,29.4285714285714,1,,,,,61729
2014-11-23,201448,2.0,2,2,2,0.4775684,1.628227,0,1,350550020144819589,2023-08-20,Barretos,0.9510921,122833,21.7142857142857,93.1428571428571,1.0,0.0,0,78.3004765714286,53.5714285714286,24.2188097142857,28.7142857142857,0,,,,,61729
2014-11-16,201447,4.0,4,4,4,0.7931449,3.256454,0,1,350550020144719589,2023-08-20,Barretos,1.8775859,122833,20.1428571428571,74.4285714285714,0.0,0.0,0,52.5833325714286,30.1428571428571,25.684524,31.7142857142857,0,,,,,61729
2014-11-09,201446,0.0,0,0,0,0.0,0.0,0,1,350550020144619589,2023-08-20,Barretos,0.0,122833,20.5714285714286,80.4285714285714,0.0,0.0,0,57.766304,34.1428571428571,25.548654,30.5714285714286,0,,,,,61729
2014-11-02,201445,4.0,4,4,4,0.76720524,3.256454,0,1,350550020144519589,2023-08-20,Barretos,1.738607,122833,21.2857142857143,89.1428571428571,1.0,0.0,0,68.4667992857143,40.5714285714286,25.3267871428571,30.8571428571429,0,,,,,61729
2014-10-26,201444,1.0,1,1,1,0.089395575,0.8141135,0,1,350550020144419589,2023-08-20,Barretos,0.28705502,122833,20.2857142857143,76.7142857142857,0.0,0.0,0,53.4831785714286,31.7142857142857,25.7194617142857,31.7142857142857,0,,,,,61729
2014-10-19,201443,1.0,1,1,1,0.06495221,0.8141135,0,1,350550020144319589,2023-08-20,Barretos,0.253519,122833,20.4285714285714,76.0,0.0,0.0,0,56.5455254285714,37.8571428571429,25.4843917142857,31.4285714285714,0,,,,,61729
2014-10-12,201442,5.0,5,5,5,0.7157923,4.070567,0,1,350550020144219589,2023-08-20,Barretos,1.4576814,122833,24.4285714285714,46.7142857142857,0.0,0.0,1,27.5597828571429,13.5714285714286,31.5385614285714,38.4285714285714,0,,,,,61729
2014-10-05,201441,4.0,4,4,4,0.7321801,3.256454,0,1,350550020144119589,2023-08-20,Barretos,1.5842183,122833,19.2857142857143,49.7142857142857,0.0,0.0,0,29.9145728571429,16.7142857142857,25.898104,32.5714285714286,0,,,,,61729
2014-09-28,201440,4.0,4,4,4,0.8382106,3.256454,0,1,350550020144019589,2023-08-20,Barretos,2.1967316,122833,18.5714285714286,83.8571428571429,0.0,0.0,0,58.4659097142857,33.7142857142857,24.1332817142857,30.8571428571429,0,,,,,61729
2014-09-21,201439,2.0,2,2,2,0.59988236,1.628227,0,1,350550020143919589,2023-08-20,Barretos,1.2695822,122833,19.0,86.1428571428571,0.0,0.0,0,62.0995685714286,40.0,23.8365947142857,29.5714285714286,0,,,,,61729
2014-09-14,201438,2.0,2,2,2,0.40832862,1.628227,0,1,350550020143819589,2023-08-20,Barretos,0.81830275,122833,20.1428571428571,69.4285714285714,0.0,0.0,0,46.6361941428571,28.0,26.1471488571429,32.4285714285714,0,,,,,61729
2014-09-07,201437,1.0,1,1,1,0.062129684,0.8141135,0,1,350550020143719589,2023-08-20,Barretos,0.2494653,122833,20.5714285714286,42.2857142857143,0.0,0.0,0,28.42221,16.0,26.45367,32.7142857142857,0,,,,,61729
2014-08-31,201436,1.0,1,1,1,0.03360088,0.8141135,0,1,350550020143619589,2023-08-20,Barretos,0.20427519,122833,18.7142857142857,72.1428571428571,0.0,0.0,0,45.5069694285714,25.4285714285714,25.0099875714286,31.7142857142857,0,,,,,61729
2014-08-24,201435,6.0,6,6,6,0.5777724,4.8846807,0,1,350550020143519589,2023-08-20,Barretos,1.1188151,122833,17.4285714285714,54.2857142857143,0.0,0.0,1,32.8279782857143,18.4285714285714,24.5703664285714,31.7142857142857,0,,,,,61729
2014-08-17,201434,4.0,4,4,4,0.3437922,3.256454,0,1,350550020143419589,2023-08-20,Barretos,0.77509195,122833,18.5714285714286,57.2857142857143,0.0,0.0,0,36.7709014285714,19.4285714285714,24.7028374285714,31.1428571428571,0,,,,,61729
2014-08-10,201433,6.0,6,6,6,0.7262217,4.8846807,0,1,350550020143319589,2023-08-20,Barretos,1.4402319,122833,16.7142857142857,63.0,0.0,0.0,1,41.4432007142857,23.2857142857143,23.0121924285714,30.0,1,,,,,61729
2014-08-03,201432,6.0,6,6,6,0.7685983,4.8846807,0,1,350550020143219589,2023-08-20,Barretos,1.5756043,122833,16.2857142857143,65.5714285714286,0.0,0.0,1,41.4774605714286,21.7142857142857,23.1880931428571,30.1428571428571,0,,,,,61729
2014-07-27,201431,4.0,4,4,4,0.34421986,3.256454,0,1,350550020143119589,2023-08-20,Barretos,0.7756318,122833,16.5714285714286,76.4285714285714,0.0,0.0,0,59.1891322857143,37.5714285714286,20.7057418571429,26.0,0,,,,,61729
2014-07-20,201430,2.0,2,2,2,0.051776677,1.628227,0,1,350550020143019589,2023-08-20,Barretos,0.3159636,122833,14.1428571428571,74.1428571428571,0.0,0.0,0,56.0920908571429,39.0,19.5104025714286,25.0,0,,,,,61729
2014-07-13,201429,5.0,5,5,5,0.40070254,4.070567,0,1,350550020142919589,2023-08-20,Barretos,0.8628942,122833,16.2857142857143,70.4285714285714,0.0,0.0,1,49.356905,28.2857142857143,21.3404021428571,27.2857142857143,1,,,,,61729
2014-07-06,201428,9.0,9,9,9,0.79034156,7.327021,0,1,350550020142819589,2023-08-20,Barretos,1.5067695,122833,16.1428571428571,78.0,0.0,0.0,1,57.3050284285714,34.4285714285714,20.8407277142857,26.4285714285714,4,,,,,61729
2014-06-29,201427,5.0,5,5,5,0.22385515,4.070567,0,1,350550020142719589,2023-08-20,Barretos,0.65828276,122833,16.4285714285714,67.0,0.0,0.0,1,48.2753628571429,30.4285714285714,21.815476,27.8571428571429,3,,,,,61729
2014-06-22,201426,3.0,3,3,3,0.04963389,2.4423404,0,1,350550020142619589,2023-08-20,Barretos,0.36624944,122833,16.7142857142857,70.0,0.0,0.0,0,50.0566777142857,28.4285714285714,22.4732265714286,29.1428571428571,2,,,,,61729
2014-06-15,201425,11.0,11,11,11,0.77238774,8.955248,0,1,350550020142519589,2023-08-20,Barretos,1.4033415,122833,17.1428571428571,76.1428571428571,0.0,0.0,1,51.7876728571429,27.8571428571429,22.2954747142857,28.1428571428571,0,,,,,61729
2014-06-08,201424,7.0,7,7,7,0.50346583,5.6987944,0,1,350550020142419589,2023-08-20,Barretos,1.0045217,122833,18.4285714285714,74.2857142857143,0.0,0.0,1,52.9468702857143,30.5714285714286,23.3857861428571,29.1428571428571,1,,,,,61729
2014-06-01,201423,9.0,9,9,9,0.6802033,7.327021,0,1,350550020142319589,2023-08-20,Barretos,1.2556645,122833,16.7142857142857,75.1428571428571,0.0,0.0,1,54.8835775714286,35.2857142857143,21.9417332857143,27.5714285714286,3,,,,,61729
2014-05-25,201422,7.0,7,7,7,0.2817108,5.6987944,0,1,350550020142219589,2023-08-20,Barretos,0.7553782,122833,13.5714285714286,90.7142857142857,0.0,0.0,1,68.8184522857143,43.1428571428571,18.59283,24.0,2,,,,,61729
2014-05-18,201421,4.0,4,4,4,0.039917573,3.256454,0,1,350550020142119589,2023-08-20,Barretos,0.38803327,122833,19.1428571428571,83.2857142857143,0.0,0.0,0,61.835034,38.5714285714286,23.1869637142857,28.2857142857143,1,,,,,61729
2014-05-11,201420,11.0,11,11,11,0.58826786,8.955248,0,1,350550020142019589,2023-08-20,Barretos,1.1002097,122833,17.4285714285714,67.5714285714286,0.0,0.0,1,47.8624222857143,28.4285714285714,22.84824,28.8571428571429,4,,,,,61729
2014-05-04,201419,13.0,13,13,13,0.7194255,10.583475,0,1,350550020141919589,2023-08-20,Barretos,1.2681391,122833,18.4285714285714,69.2857142857143,0.0,0.0,1,49.4297794285714,30.5714285714286,24.0100934285714,29.8571428571429,2,,,,,61729
2014-04-27,201418,6.0,6,6,6,0.16205864,4.8846807,0,1,350550020141819589,2023-08-20,Barretos,0.6125405,122833,16.8571428571429,73.7142857142857,0.0,0.0,1,53.4793668571429,31.7142857142857,22.086556,28.0,3,,,,,61729
2014-04-20,201417,14.0,14,14,14,0.8499842,11.397589,0,1,350550020141719589,2023-08-20,Barretos,1.5341709,122833,20.2857142857143,84.2857142857143,0.0,0.0,1,64.830228,45.1428571428571,24.0346794285714,28.4285714285714,4,,,,,61729
2014-04-13,201416,8.0,8,8,8,0.44883496,6.512908,0,2,350550020141619589,2023-08-20,Barretos,0.94013584,122833,21.4285714285714,87.1428571428571,1.0,0.0,1,68.711552,42.4285714285714,25.0215175714286,30.0,3,,,,,61729
2014-04-06,201415,10.0,10,10,10,0.728413,8.141134,0,1,350550020141519589,2023-08-20,Barretos,1.3298265,122833,22.0,79.5714285714286,1.0,0.0,1,60.2572474285714,32.5714285714286,26.8007245714286,32.1428571428571,3,,,,,61729
2014-03-30,201414,8.0,8,8,8,0.7158979,6.512908,0,1,350550020141419589,2023-08-20,Barretos,1.3475006,122833,21.8571428571429,86.8571428571429,1.0,0.0,1,66.14726,46.7142857142857,26.0536725714286,30.5714285714286,2,,,,,61729
2014-03-23,201413,9.0,9,9,9,0.84788394,7.327021,0,1,350550020141319589,2023-08-20,Barretos,1.7116696,122833,20.5714285714286,83.0,0.0,0.0,1,63.492424,43.4285714285714,24.964286,30.1428571428571,2,,,,,61729
2014-03-16,201412,5.0,5,5,5,0.35417393,4.070567,0,1,350550020141219589,2023-08-20,Barretos,0.80583256,122833,22.1428571428571,86.1428571428571,1.0,0.0,1,62.9880948571429,39.0,26.334656,31.4285714285714,0,,,,,61729
2014-03-09,201411,4.0,4,4,4,0.13439491,3.256454,0,1,350550020141119589,2023-08-20,Barretos,0.52651983,122833,21.7142857142857,86.1428571428571,1.0,0.0,0,66.2030954285714,42.1428571428571,25.568354,30.5714285714286,1,,,,,61729
2014-03-02,201410,6.0,6,6,6,0.20723203,4.8846807,0,1,350550020141019589,2023-08-20,Barretos,0.6616096,122833,20.8571428571429,90.0,0.0,0.0,1,69.7202794285714,48.4285714285714,24.9115837142857,29.7142857142857,3,,,,,61729
2014-02-23,201409,9.0,9,9,9,0.41254514,7.327021,0,1,350550020140919589,2023-08-20,Barretos,0.9053798,122833,21.2857142857143,86.7142857142857,1.0,0.0,1,67.4523708571429,46.0,25.257826,30.2857142857143,0,,,,,61729
2014-02-16,201408,6.0,6,6,6,0.2655509,4.8846807,0,1,350550020140819589,2023-08-20,Barretos,0.72342455,122833,21.8571428571429,82.7142857142857,1.0,0.0,1,65.4323285714286,44.0,25.580818,30.0,2,,,,,61729
2014-02-09,201407,16.0,16,16,16,0.9742562,13.025816,0,1,350550020140719589,2023-08-20,Barretos,2.2957294,122833,22.7142857142857,75.0,0.0,1.0,1,55.8021634285714,30.5714285714286,26.8428917142857,33.1428571428571,0,,,,,61729
2014-02-02,201406,5.0,5,5,5,0.28918755,4.070567,0,1,350550020140619589,2023-08-20,Barretos,0.73083186,122833,24.4285714285714,53.7142857142857,0.0,0.0,1,35.0653114285714,20.1428571428571,29.9648971428571,35.0,1,,,,,61729
2014-01-26,201405,7.0,7,7,7,0.53043485,5.6987944,0,1,350550020140519589,2023-08-20,Barretos,1.0407975,122833,23.0,71.8571428571429,0.0,0.0,1,47.2228257142857,24.5714285714286,28.2313662857143,33.5714285714286,0,,,,,61729
2014-01-19,201404,7.0,7,7,7,0.64924467,5.6987944,0,2,350550020140419589,2023-08-20,Barretos,1.232198,122833,22.1428571428571,81.5714285714286,1.0,0.0,1,59.2815742857143,38.1428571428571,26.7471531428571,31.8571428571429,0,,,,,61729
2014-01-12,201403,7.0,7,7,7,0.8296523,5.6987944,0,2,350550020140319589,2023-08-20,Barretos,1.757163,122833,21.1428571428571,87.4285714285714,1.0,0.0,1,68.05193,43.7142857142857,25.1747131428571,30.8571428571429,2,,,,,61729
2014-01-05,201402,7.0,7,7,7,0.83094287,5.6987944,0,2,350550020140219589,2023-08-20,Barretos,1.7632822,122833,22.4285714285714,78.0,1.0,0.0,1,54.7815357142857,31.2857142857143,27.2326238571429,33.0,0,,,,,61729
2013-12-29,201401,3.0,3,3,3,0.12276087,2.4423404,0,1,350550020140119589,2023-08-20,Barretos,0.4725161,122833,22.5714285714286,88.5714285714286,1.0,0.0,0,68.2114388571429,44.1428571428571,26.8806937142857,32.1428571428571,0,,,,,61729
2013-12-22,201352,1.0,1,1,1,0.0028680689,0.8141135,0,1,350550020135219589,2023-08-20,Barretos,0.11840338,122833,21.5714285714286,89.1428571428571,1.0,0.0,0,66.638518,43.7142857142857,26.3013927142857,31.1428571428571,0,,,,,61729
2013-12-15,201351,8.0,8,8,8,0.42885977,6.512908,0,1,350550020135119589,2023-08-20,Barretos,0.9179902,122833,20.5714285714286,81.1428571428571,0.0,0.0,1,57.6586017142857,34.7142857142857,26.2167391428571,32.1428571428571,0,,,,,61729
2013-12-08,201350,9.0,9,9,9,0.6921725,7.327021,0,2,350550020135019589,2023-08-20,Barretos,1.2777293,122833,21.2857142857143,89.8571428571429,1.0,0.0,1,69.8625738571429,44.2857142857143,25.5866232857143,30.7142857142857,2,,,,,61729
2013-12-01,201349,10.0,10,10,10,0.92499083,8.141134,0,2,350550020134919589,2023-08-20,Barretos,2.1259487,122833,22.5714285714286,86.8571428571429,1.0,0.0,1,62.3259102857143,38.1428571428571,27.3709211428571,32.5714285714286,3,,,,,61729
2013-11-24,201348,8.0,8,8,8,0.93944246,6.512908,0,1,350550020134819589,2023-08-20,Barretos,2.562493,122833,21.8571428571429,83.4285714285714,1.0,0.0,1,63.4378208571429,41.4285714285714,25.9744458571429,30.8571428571429,6,,,,,61729
2013-11-17,201347,3.0,3,3,3,0.6386911,2.4423404,0,1,350550020134719589,2023-08-20,Barretos,1.3327414,122833,21.2857142857143,84.1428571428571,1.0,0.0,0,64.5297108571429,39.5714285714286,25.3584092857143,31.1428571428571,1,,,,,61729
2013-11-10,201346,4.0,4,4,4,0.73636824,3.256454,0,1,350550020134619589,2023-08-20,Barretos,1.6010526,122833,22.4285714285714,70.4285714285714,0.0,0.0,0,50.7814434285714,31.8571428571429,27.6530661428571,33.5714285714286,1,,,,,61729
2013-11-03,201345,1.0,1,1,1,0.094312325,0.8141135,0,1,350550020134519589,2023-08-20,Barretos,0.2935642,122833,20.1428571428571,83.8571428571429,0.0,0.0,0,66.0833342857143,43.8571428571429,24.0416662857143,29.4285714285714,1,,,,,61729
2013-10-27,201344,2.0,2,2,2,0.25312197,1.628227,0,1,350550020134419589,2023-08-20,Barretos,0.5847049,122833,19.8571428571429,76.0,0.0,0.0,0,53.5952377142857,33.4285714285714,25.9940474285714,32.1428571428571,0,,,,,61729
2013-10-20,201343,4.0,4,4,4,0.765969,3.256454,0,1,350550020134319589,2023-08-20,Barretos,1.7325736,122833,22.2857142857143,74.4285714285714,0.0,0.0,0,50.4047617142857,28.5714285714286,27.8615422857143,33.4285714285714,0,,,,,61729
2013-10-13,201342,5.0,5,5,5,0.94955707,4.070567,0,1,350550020134219589,2023-08-20,Barretos,3.81655,122833,19.7142857142857,82.2857142857143,0.0,0.0,1,62.1122,43.4285714285714,24.5799887142857,29.2857142857143,1,,,,,61729
2013-10-06,201341,1.0,1,1,1,0.68428326,0.8141135,0,1,350550020134119589,2023-08-20,Barretos,1.8270366,122833,16.7142857142857,74.4285714285714,0.0,0.0,0,53.5059531428571,35.4285714285714,22.1190477142857,27.4285714285714,0,,,,,61729
2013-09-29,201340,2.0,2,2,2,0.9497658,1.628227,0,1,350550020134019589,2023-08-20,Barretos,8.548509,122833,18.5714285714286,94.0,0.0,0.0,0,77.9220145714286,56.8571428571429,21.8710442857143,26.1428571428571,1,,,,,61729
2013-09-22,201339,0.0,0,0,0,0.0,0.0,0,1,350550020133919589,2023-08-20,Barretos,0.0,122833,16.1428571428571,77.0,0.0,0.0,0,49.2597622857143,29.2857142857143,23.0730951428571,29.5714285714286,0,,,,,61729
2013-09-15,201338,0.0,0,0,0,0.0,0.0,0,1,350550020133819589,2023-08-20,Barretos,0.0,122833,19.2857142857143,78.5714285714286,0.0,0.0,0,55.6349068571429,38.5714285714286,25.0498248571429,31.0,0,,,,,61729
2013-09-08,201337,0.0,0,0,0,0.0,0.0,0,1,350550020133719589,2023-08-20,Barretos,0.0,122833,20.0,50.0,0.0,0.0,0,31.7321425714286,17.0,26.0238094285714,32.0,0,,,,,61729
2013-09-01,201336,2.0,2,2,2,0.5009523,1.628227,0,1,350550020133619589,2023-08-20,Barretos,1.0021521,122833,17.5714285714286,72.0,0.0,0.0,0,48.7380957142857,28.2857142857143,23.1754762857143,29.2857142857143,0,,,,,61729
2013-08-25,201335,4.0,4,4,4,0.89727706,3.256454,0,1,350550020133519589,2023-08-20,Barretos,2.9222937,122833,13.7142857142857,63.5714285714286,0.0,0.0,0,43.7580222857143,25.1428571428571,20.3152174285714,27.2857142857143,1,,,,,61729
2013-08-18,201334,2.0,2,2,2,0.5159289,1.628227,0,1,350550020133419589,2023-08-20,Barretos,1.0368763,122833,17.5714285714286,67.2857142857143,0.0,0.0,0,44.315476,22.2857142857143,23.4880954285714,30.1428571428571,0,,,,,61729
2013-08-11,201333,0.0,0,0,0,0.0,0.0,0,1,350550020133319589,2023-08-20,Barretos,0.0,122833,11.7142857142857,76.8571428571429,0.0,0.0,0,51.065476,25.7142857142857,18.5892857142857,26.0,0,,,,,61729
2013-08-04,201332,2.0,2,2,2,0.14143902,1.628227,0,1,350550020133219589,2023-08-20,Barretos,0.4416474,122833,17.1428571428571,62.2857142857143,0.0,0.0,0,42.3392857142857,24.8571428571429,23.3630951428571,30.0,1,,,,,61729
2013-07-28,201331,3.0,3,3,3,0.21239202,2.4423404,0,1,350550020133119589,2023-08-20,Barretos,0.5827695,122833,14.7142857142857,63.0,0.0,0.0,0,41.6627851428571,19.8571428571429,21.395704,28.8571428571429,1,,,,,61729
2013-07-21,201330,5.0,5,5,5,0.43873328,4.070567,0,1,350550020133019589,2023-08-20,Barretos,0.91250604,122833,11.0,91.2857142857143,0.0,0.0,1,69.1523805714286,46.1428571428571,15.5573807142857,21.0,0,,,,,61729
2013-07-14,201329,6.0,6,6,6,0.44455212,4.8846807,0,1,350550020132919589,2023-08-20,Barretos,0.9264741,122833,17.0,79.4285714285714,0.0,0.0,1,56.3585605714286,30.8571428571429,22.3396791428571,29.0,5,,,,,61729
2013-07-07,201328,4.0,4,4,4,0.14770482,3.256454,0,1,350550020132819589,2023-08-20,Barretos,0.5427106,122833,16.0,77.0,0.0,0.0,0,54.8170285714286,32.2857142857143,21.6731368571429,27.4285714285714,1,,,,,61729
2013-06-30,201327,7.0,7,7,7,0.4445493,5.6987944,0,1,350550020132719589,2023-08-20,Barretos,0.9313339,122833,17.1428571428571,85.7142857142857,0.0,0.0,1,66.0556622857143,42.0,21.5002384285714,27.0,0,,,,,61729
2013-06-23,201326,8.0,8,8,8,0.46785495,6.512908,0,1,350550020132619589,2023-08-20,Barretos,0.9618196,122833,18.1428571428571,89.8571428571429,0.0,0.0,1,76.116138,56.4285714285714,21.5073811428571,26.0,1,,,,,61729
2013-06-16,201325,8.0,8,8,8,0.31402537,6.512908,0,1,350550020132519589,2023-08-20,Barretos,0.7995018,122833,18.1428571428571,87.7142857142857,0.0,0.0,1,65.6919045714286,43.7142857142857,22.2740477142857,27.2857142857143,6,,,,,61729
2013-06-09,201324,5.0,5,5,5,0.10815439,4.070567,0,1,350550020132419589,2023-08-20,Barretos,0.5242937,122833,18.5714285714286,78.5714285714286,0.0,0.0,1,59.8452382857143,36.8571428571429,23.065476,28.1428571428571,3,,,,,61729
2013-06-02,201323,14.0,14,14,14,0.9212025,11.397589,0,1,350550020132319589,2023-08-20,Barretos,1.8399013,122833,17.2857142857143,85.4285714285714,0.0,0.0,1,68.446428,47.1428571428571,21.2678568571429,26.1428571428571,11,,,,,61729
2013-05-26,201322,10.0,10,10,10,0.844538,8.141134,0,1,350550020132219589,2023-08-20,Barretos,1.6486293,122833,16.8571428571429,89.8571428571429,0.0,0.0,1,75.2443577142857,50.8571428571429,20.6702065714286,25.7142857142857,9,,,,,61729
2013-05-19,201321,6.0,6,6,6,0.5077822,4.8846807,0,1,350550020132119589,2023-08-20,Barretos,1.0109634,122833,18.4285714285714,85.4285714285714,0.0,0.0,1,65.4314897142857,43.5714285714286,22.6230705714286,27.5714285714286,5,,,,,61729
2013-05-12,201320,8.0,8,8,8,0.45241627,6.512908,0,1,350550020132019589,2023-08-20,Barretos,0.944172,122833,18.7142857142857,75.1428571428571,0.0,0.0,1,56.215792,34.1428571428571,24.0513597142857,30.1428571428571,5,,,,,61729
2013-05-05,201319,1.0,1,1,1,0.00021348007,0.8141135,0,1,350550020131919589,2023-08-20,Barretos,0.082010165,122833,15.5714285714286,75.2857142857143,0.0,0.0,0,51.5087988571429,27.0,21.27588,27.4285714285714,1,,,,,61729
2013-04-28,201318,11.0,11,11,11,0.10633127,8.955248,0,1,350550020131819589,2023-08-20,Barretos,0.62753785,122833,19.2857142857143,77.8571428571429,0.0,0.0,1,55.2630505714286,32.7142857142857,24.3639828571429,30.0,9,,,,,61729
2013-04-21,201317,10.0,10,10,10,0.01106012,8.141134,0,1,350550020131719589,2023-08-20,Barretos,0.43959847,122833,17.2857142857143,78.5714285714286,0.0,0.0,1,55.338956,35.2857142857143,22.6094957142857,27.8571428571429,7,,,,,61729
2013-04-14,201316,16.0,16,16,16,0.04674038,13.025816,0,1,350550020131619589,2023-08-20,Barretos,0.59687805,122833,16.5714285714286,88.0,0.0,0.0,1,62.3061224285714,38.4285714285714,21.997449,27.4285714285714,16,,,,,61729
2013-04-07,201315,28.0,28,28,28,0.04947476,22.795177,0,1,350550020131519589,2023-08-20,Barretos,0.6724055,122833,21.4285714285714,92.2857142857143,1.0,0.0,1,77.5455485714286,58.4285714285714,24.2614905714286,28.0,24,,,,,61729
2013-03-31,201314,23.0,23,23,23,5.868279e-10,18.72461,0,1,350550020131419589,2023-08-20,Barretos,0.27481806,122833,21.4285714285714,89.0,1.0,0.0,1,73.8000148571429,49.0,24.8349562857143,30.0,21,,,,,61729
2013-03-24,201313,24.0,24,24,24,0.0,19.538723,0,1,350550020131319589,2023-08-20,Barretos,0.15868646,122833,19.2857142857143,89.7142857142857,0.0,0.0,1,72.3013117142857,52.2857142857143,23.2861611428571,28.1428571428571,18,,,,,61729
2013-03-17,201312,64.0,64,64,64,0.0,52.103264,0,4,350550020131219589,2023-08-20,Barretos,0.26971814,122833,19.8571428571429,92.2857142857143,0.0,0.0,2,79.9245322857143,58.8571428571429,22.8229814285714,27.2857142857143,58,,,,,61729
2013-03-10,201311,158.0,158,158,158,0.0,128.62993,0,4,350550020131119589,2023-08-20,Barretos,0.45635277,122833,22.4285714285714,89.0,1.0,0.0,2,72.3318108571429,48.1428571428571,26.1944051428571,31.7142857142857,145,,,,,61729
2013-03-03,201310,209.0,209,209,209,0.0,170.14972,0,4,350550020131019589,2023-08-20,Barretos,0.4639414,122833,23.0,86.7142857142857,1.0,0.0,2,63.5013348571429,40.7142857142857,27.5258532857143,33.0,177,,,,,61729
2013-02-24,201309,345.0,345,345,345,1.468988e-08,280.86914,0,4,350550020130919589,2023-08-20,Barretos,0.6815317,122833,21.4285714285714,88.2857142857143,1.0,0.0,2,70.2181497142857,46.1428571428571,25.404066,30.5714285714286,305,,,,,61729
2013-02-17,201308,486.0,486,486,486,0.15104477,395.65915,0,4,350550020130819589,2023-08-20,Barretos,0.9369694,122833,21.7142857142857,90.0,1.0,0.0,2,68.323176,43.0,25.8752787142857,31.5714285714286,462,,,,,61729
2013-02-10,201307,549.0,549,549,549,0.82104045,446.9483,0,4,350550020130719589,2023-08-20,Barretos,1.0578648,122833,21.7142857142857,89.8571428571429,1.0,0.0,2,67.299196,39.4285714285714,26.0661817142857,32.2857142857143,539,,,,,61729
2013-02-03,201306,490.0,490,490,490,0.4264332,398.9156,0,4,350550020130619589,2023-08-20,Barretos,0.9882606,122833,20.2857142857143,94.0,0.0,0.0,2,80.0997408571429,58.1428571428571,23.1685102857143,27.4285714285714,456,,,,,61729
2013-01-27,201305,558.0,558,558,558,0.9999528,454.27533,0,4,350550020130519589,2023-08-20,Barretos,1.2822932,122833,22.1428571428571,90.8571428571429,1.0,1.0,2,71.2236148571428,50.8571428571429,26.0258532857143,30.4285714285714,504,,,,,61729
2013-01-20,201304,499.0,499,499,499,1.0,406.2426,0,4,350550020130419589,2023-08-20,Barretos,1.5213759,122833,21.4285714285714,83.2857142857143,1.0,1.0,2,66.8424577142857,45.2857142857143,25.5429484285714,30.5714285714286,462,,,,,61729
2013-01-13,201303,479.0,479,479,479,1.0,389.96036,0,4,350550020130319589,2023-08-20,Barretos,2.3343503,122833,20.2857142857143,93.2857142857143,0.0,1.0,2,78.2651111428571,54.5714285714286,23.3743055714286,28.5714285714286,451,,,,,61729
2013-01-06,201302,344.0,344,344,344,1.0,280.05502,0,4,350550020130219589,2023-08-20,Barretos,2.9321053,122833,20.4,91.8,0.0,1.0,2,79.3909348,63.4,23.0394682,26.8,321,,,,,61729
2012-12-30,201301,177.0,177,177,177,1.0,144.09808,0,4,350550020130119589,2023-08-20,Barretos,2.3435285,122833,20.73,89.61,0.0,1.0,2,,,,,202,,,,,61729
2012-12-23,201252,88.0,88,88,88,0.9971732,71.64198,0,4,350550020125219589,2023-08-20,Barretos,1.5959884,122833,21.06,87.42,1.0,1.0,2,,,,,81,,,,,61729
2012-12-16,201251,73.0,73,73,73,0.99947506,59.430283,0,4,350550020125119589,2023-08-20,Barretos,1.8829772,122833,21.39,85.23,1.0,1.0,2,,,,,68,,,,,61729
2012-12-09,201250,55.0,55,55,55,0.9996919,44.77624,0,2,350550020125019589,2023-08-20,Barretos,2.2063558,122833,21.72,83.04,1.0,1.0,2,,,,,46,,,,,61729
2012-12-02,201249,40.0,40,40,40,0.9992849,32.564537,0,2,350550020124919589,2023-08-20,Barretos,2.4145808,122833,22.05,80.85,1.0,1.0,1,,,,,38,,,,,61729
2012-11-25,201248,19.0,19,19,19,0.8851174,15.468156,0,1,350550020124819589,2023-08-20,Barretos,1.5338564,122833,22.38,78.66,1.0,0.0,1,,,,,12,,,,,61729
2012-11-18,201247,17.0,17,17,17,0.8599438,13.839929,0,1,350550020124719589,2023-08-20,Barretos,1.4973651,122833,22.71,76.47,1.0,0.0,1,,,,,7,,,,,61729
2012-11-11,201246,10.0,10,10,10,0.38507977,8.141134,0,1,350550020124619589,2023-08-20,Barretos,0.8832026,122833,23.04,74.28,0.0,0.0,1,,,,,4,,,,,61729
2012-11-04,201245,10.0,10,10,10,0.39325276,8.141134,0,1,350550020124519589,2023-08-20,Barretos,0.8910245,122833,23.37,72.09,0.0,0.0,1,,,,,4,,,,,61729
2012-10-28,201244,15.0,15,15,15,0.68881696,12.211702,0,1,350550020124419589,2023-08-20,Barretos,1.2038404,122833,23.7,69.9,0.0,0.0,1,,,,,6,,,,,61729
2012-10-21,201243,6.0,6,6,6,0.06884851,4.8846807,0,1,350550020124319589,2023-08-20,Barretos,0.4956726,122833,24.03,67.71,0.0,0.0,1,,,,,1,,,,,61729
2012-10-14,201242,16.0,16,16,16,0.8776617,13.025816,0,1,350550020124219589,2023-08-20,Barretos,1.5733557,122833,24.36,65.52,0.0,0.0,1,,,,,1,,,,,61729
2012-10-07,201241,14.0,14,14,14,0.8472457,11.397589,0,1,350550020124119589,2023-08-20,Barretos,1.525957,122833,24.69,63.33,0.0,0.0,1,,,,,8,,,,,61729
2012-09-30,201240,7.0,7,7,7,0.37409186,5.6987944,0,1,350550020124019589,2023-08-20,Barretos,0.8518303,122833,25.02,61.14,0.0,0.0,1,,,,,3,,,,,61729
2012-09-23,201239,11.0,11,11,11,0.84590393,8.955248,0,1,350550020123919589,2023-08-20,Barretos,1.6129183,122833,25.35,58.95,0.0,0.0,1,,,,,6,,,,,61729
2012-09-16,201238,8.0,8,8,8,0.75437325,6.512908,0,1,350550020123819589,2023-08-20,Barretos,1.4411573,122833,25.68,56.76,0.0,0.0,1,,,,,4,,,,,61729
2012-09-09,201237,7.0,7,7,7,0.76650494,5.6987944,0,1,350550020123719589,2023-08-20,Barretos,1.5156497,122833,26.01,54.57,0.0,0.0,1,,,,,3,,,,,61729
2012-09-02,201236,5.0,5,5,5,0.7052662,4.070567,0,1,350550020123619589,2023-08-20,Barretos,1.4258052,122833,26.34,52.38,0.0,0.0,1,,,,,1,,,,,61729
2012-08-26,201235,5.0,5,5,5,0.81042624,4.070567,0,1,350550020123519589,2023-08-20,Barretos,1.8452846,122833,26.67,50.19,0.0,0.0,1,,,,,2,,,,,61729
2012-08-19,201234,4.0,4,4,4,0.5917374,3.256454,0,1,350550020123419589,2023-08-20,Barretos,1.1751081,122833,27.0,48.0,0.0,0.0,0,48.0,48.0,27.0,27.0,2,,,,,61729
2012-08-12,201233,1.0,1,1,1,0.037560914,0.8141135,0,1,350550020123319589,2023-08-20,Barretos,0.21121001,122833,,,0.0,0.0,0,,,,,0,,,,,61729
2012-08-05,201232,3.0,3,3,3,0.18933453,2.4423404,0,1,350550020123219589,2023-08-20,Barretos,0.5548238,122833,,,0.0,0.0,0,,,,,1,,,,,61729
2012-07-29,201231,6.0,6,6,6,0.5395505,4.8846807,0,1,350550020123119589,2023-08-20,Barretos,1.0576904,122833,,,0.0,0.0,1,,,,,1,,,,,61729
2012-07-22,201230,5.0,5,5,5,0.4190787,4.070567,0,1,350550020123019589,2023-08-20,Barretos,0.88648534,122833,,,0.0,0.0,1,,,,,3,,,,,61729
2012-07-15,201229,6.0,6,6,6,0.5553016,4.8846807,0,1,350550020122919589,2023-08-20,Barretos,1.0821681,122833,,,0.0,0.0,1,,,,,2,,,,,61729
2012-07-08,201228,6.0,6,6,6,0.46637115,4.8846807,0,1,350550020122819589,2023-08-20,Barretos,0.9545218,122833,,,0.0,0.0,1,,,,,3,,,,,61729
2012-07-01,201227,5.0,5,5,5,0.2290244,4.070567,0,1,350550020122719589,2023-08-20,Barretos,0.6639933,122833,,,0.0,0.0,1,,,,,3,,,,,61729
2012-06-24,201226,5.0,5,5,5,0.14153115,4.070567,0,1,350550020122619589,2023-08-20,Barretos,0.565214,122833,,,0.0,0.0,1,,,,,2,,,,,61729
2012-06-17,201225,10.0,10,10,10,0.45331356,8.141134,0,1,350550020122519589,2023-08-20,Barretos,0.950518,122833,,,0.0,0.0,1,,,,,7,,,,,61729
2012-06-10,201224,5.0,5,5,5,0.06432645,4.070567,0,1,350550020122419589,2023-08-20,Barretos,0.46274197,122833,,,0.0,0.0,1,,,,,2,,,,,61729
2012-06-03,201223,15.0,15,15,15,0.74332327,12.211702,0,1,350550020122319589,2023-08-20,Barretos,1.2841468,122833,,,0.0,0.0,1,,,,,11,,,,,61729
2012-05-27,201222,9.0,9,9,9,0.13609111,7.327021,0,1,350550020122219589,2023-08-20,Barretos,0.6352823,122833,,,0.0,0.0,1,,,,,6,,,,,61729
2012-05-20,201221,10.0,10,10,10,0.11739027,8.141134,0,1,350550020122119589,2023-08-20,Barretos,0.6279642,122833,,,0.0,0.0,1,,,,,5,,,,,61729
2012-05-13,201220,15.0,15,15,15,0.3021699,12.211702,0,1,350550020122019589,2023-08-20,Barretos,0.8363939,122833,,,0.0,0.0,1,,,,,9,,,,,61729
2012-05-06,201219,19.0,19,19,19,0.37430462,15.468156,0,1,350550020121919589,2023-08-20,Barretos,0.90452504,122833,,,0.0,0.0,1,,,,,11,,,,,61729
2012-04-29,201218,10.0,10,10,10,0.034923546,8.141134,0,1,350550020121819589,2023-08-20,Barretos,0.5092427,122833,,,0.0,0.0,1,,,,,8,,,,,61729
2012-04-22,201217,31.0,31,31,31,0.98238224,25.237518,0,1,350550020121719589,2023-08-20,Barretos,1.856352,122833,,,0.0,1.0,1,,,,,16,,,,,61729
2012-04-15,201216,18.0,18,18,18,0.67047334,14.654042,0,1,350550020121619589,2023-08-20,Barretos,1.162795,122833,,,0.0,0.0,1,,,,,11,,,,,61729
2012-04-08,201215,14.0,14,14,14,0.4196459,11.397589,0,1,350550020121519589,2023-08-20,Barretos,0.9285155,122833,,,0.0,0.0,1,,,,,5,,,,,61729
2012-04-01,201214,18.0,18,18,18,0.6823036,14.654042,0,1,350550020121419589,2023-08-20,Barretos,1.1765038,122833,,,0.0,0.0,1,,,,,12,,,,,61729
2012-03-25,201213,12.0,12,12,12,0.29098046,9.7693615,0,1,350550020121319589,2023-08-20,Barretos,0.81063044,122833,,,0.0,0.0,1,,,,,6,,,,,61729
2012-03-18,201212,18.0,18,18,18,0.80127823,14.654042,0,1,350550020121219589,2023-08-20,Barretos,1.3498156,122833,,,0.0,0.0,1,,,,,10,,,,,61729
2012-03-11,201211,14.0,14,14,14,0.7145283,11.397589,0,1,350550020121119589,2023-08-20,Barretos,1.2494416,122833,,,0.0,0.0,1,,,,,6,,,,,61729
2012-03-04,201210,15.0,15,15,15,0.8795727,12.211702,0,1,350550020121019589,2023-08-20,Barretos,1.6059463,122833,,,0.0,0.0,1,,,,,3,,,,,61729
2012-02-26,201209,10.0,10,10,10,0.6793482,8.141134,0,1,350550020120919589,2023-08-20,Barretos,1.2395899,122833,,,0.0,0.0,1,,,,,3,,,,,61729
2012-02-19,201208,10.0,10,10,10,0.6822385,8.141134,0,1,350550020120819589,2023-08-20,Barretos,1.2444777,122833,,,0.0,0.0,1,,,,,3,,,,,61729
2012-02-12,201207,7.0,7,7,7,0.37260276,5.6987944,0,1,350550020120719589,2023-08-20,Barretos,0.8502202,122833,,,0.0,0.0,1,,,,,3,,,,,61729
2012-02-05,201206,7.0,7,7,7,0.45528704,5.6987944,0,1,350550020120619589,2023-08-20,Barretos,0.94413954,122833,,,0.0,0.0,1,,,,,2,,,,,61729
2012-01-29,201205,11.0,11,11,11,0.6509165,8.955248,0,1,350550020120519589,2023-08-20,Barretos,1.1840724,122833,,,0.0,0.0,1,,,,,6,,,,,61729
2012-01-22,201204,6.0,6,6,6,0.0044388105,4.8846807,0,1,350550020120419589,2023-08-20,Barretos,0.32643056,122833,,,0.0,0.0,1,,,,,0,,,,,61729
2012-01-15,201203,5.0,5,5,5,6.0637944e-05,4.070567,0,1,350550020120319589,2023-08-20,Barretos,0.20228851,122833,,,0.0,0.0,1,,,,,2,,,,,61729
2012-01-08,201202,10.0,10,10,10,0.12901118,8.141134,0,1,350550020120219589,2023-08-20,Barretos,0.6407655,122833,,,0.0,0.0,1,,,,,4,,,,,61729
2012-01-01,201201,52.0,52,52,52,1.0,42.3339,0,1,350550020120119589,2023-08-20,Barretos,9.009092,122833,,,0.0,1.0,2,,,,,3,,,,,61729
2011-12-25,201152,5.0,5,5,5,0.64502454,4.070567,0,1,350550020115219589,2023-08-20,Barretos,1.2688752,122833,,,0.0,0.0,1,,,,,4,,,,,61729
2011-12-18,201151,1.0,1,1,1,0.039101787,0.8141135,0,1,350550020115119589,2023-08-20,Barretos,0.21382958,122833,,,0.0,0.0,0,,,,,0,,,,,61729
2011-12-11,201150,4.0,4,4,4,0.44079402,3.256454,0,1,350550020115019589,2023-08-20,Barretos,0.9068569,122833,,,0.0,0.0,0,,,,,1,,,,,61729
2011-12-04,201149,7.0,7,7,7,0.84822,5.6987944,0,1,350550020114919589,2023-08-20,Barretos,1.8516898,122833,,,0.0,0.0,1,,,,,2,,,,,61729
2011-11-27,201148,2.0,2,2,2,0.39637604,1.628227,0,1,350550020114819589,2023-08-20,Barretos,0.7976606,122833,,,0.0,0.0,0,,,,,0,,,,,61729
2011-11-20,201147,7.0,7,7,7,0.95440584,5.6987944,0,1,350550020114719589,2023-08-20,Barretos,3.126694,122833,,,0.0,1.0,1,,,,,0,,,,,61729
2011-11-13,201146,0.0,0,0,0,0.0,0.0,0,1,350550020114619589,2023-08-20,Barretos,0.0,122833,,,0.0,0.0,0,,,,,0,,,,,61729
2011-11-06,201145,2.0,2,2,2,0.17416045,1.628227,0,1,350550020114519589,2023-08-20,Barretos,0.48312998,122833,,,0.0,0.0,0,,,,,1,,,,,61729
2011-10-30,201144,4.0,4,4,4,0.22948405,3.256454,0,1,350550020114419589,2023-08-20,Barretos,0.63830733,122833,,,0.0,0.0,0,,,,,1,,,,,61729
2011-10-23,201143,1.0,1,1,1,0.012465978,0.8141135,0,1,350550020114319589,2023-08-20,Barretos,0.15808128,122833,,,0.0,0.0,0,,,,,0,,,,,61729
2011-10-16,201142,9.0,9,9,9,0.8624868,7.327021,0,1,350550020114219589,2023-08-20,Barretos,1.7793962,122833,,,0.0,0.0,1,,,,,1,,,,,61729
2011-10-09,201141,9.0,9,9,9,0.8621652,7.327021,0,1,350550020114119589,2023-08-20,Barretos,1.777809,122833,,,0.0,0.0,1,,,,,0,,,,,61729
2011-10-02,201140,0.0,0,0,0,0.0,0.0,0,1,350550020114019589,2023-08-20,Barretos,0.0,122833,,,0.0,0.0,0,,,,,0,,,,,61729
2011-09-25,201139,9.0,9,9,9,0.9784162,7.327021,0,1,350550020113919589,2023-08-20,Barretos,3.483071,122833,,,0.0,1.0,1,,,,,3,,,,,61729
2011-09-18,201138,4.0,4,4,4,0.7287438,3.256454,0,1,350550020113819589,2023-08-20,Barretos,1.5706944,122833,,,0.0,0.0,0,,,,,2,,,,,61729
2011-09-11,201137,0.0,0,0,0,0.0,0.0,0,1,350550020113719589,2023-08-20,Barretos,0.0,122833,,,0.0,0.0,0,,,,,0,,,,,61729
2011-09-04,201136,4.0,4,4,4,0.88298994,3.256454,0,1,350550020113619589,2023-08-20,Barretos,2.693276,122833,,,0.0,0.0,0,,,,,2,,,,,61729
2011-08-28,201135,3.0,3,3,3,0.8242633,2.4423404,0,1,350550020113519589,2023-08-20,Barretos,2.3307874,122833,,,0.0,0.0,0,,,,,1,,,,,61729
2011-08-21,201134,0.0,0,0,0,0.0,0.0,0,1,350550020113419589,2023-08-20,Barretos,0.0,122833,,,0.0,0.0,0,,,,,0,,,,,61729
2011-08-14,201133,2.0,2,2,2,0.38338065,1.628227,0,1,350550020113319589,2023-08-20,Barretos,0.77585316,122833,,,0.0,0.0,0,,,,,0,,,,,61729
2011-08-07,201132,1.0,1,1,1,0.06629357,0.8141135,0,1,350550020113219589,2023-08-20,Barretos,0.25542867,122833,,,0.0,0.0,0,,,,,0,,,,,61729
2011-07-31,201131,1.0,1,1,1,0.052880056,0.8141135,0,1,350550020113119589,2023-08-20,Barretos,0.23578608,122833,,,0.0,0.0,0,,,,,0,,,,,61729
2011-07-24,201130,7.0,7,7,7,0.7701195,5.6987944,0,1,350550020113019589,2023-08-20,Barretos,1.5270846,122833,,,0.0,0.0,1,,,,,2,,,,,61729
2011-07-17,201129,2.0,2,2,2,0.10489526,1.628227,0,1,350550020112919589,2023-08-20,Barretos,0.39401954,122833,,,0.0,0.0,0,,,,,1,,,,,61729
2011-07-10,201128,6.0,6,6,6,0.48907068,4.8846807,0,1,350550020112819589,2023-08-20,Barretos,0.9848938,122833,,,0.0,0.0,1,,,,,3,,,,,61729
2011-07-03,201127,4.0,4,4,4,0.14942217,3.256454,0,1,350550020112719589,2023-08-20,Barretos,0.54477686,122833,,,0.0,0.0,0,,,,,1,,,,,61729
2011-06-26,201126,6.0,6,6,6,0.21933241,4.8846807,0,1,350550020112619589,2023-08-20,Barretos,0.67449087,122833,,,0.0,0.0,1,,,,,5,,,,,61729
2011-06-19,201125,8.0,8,8,8,0.104001544,6.512908,0,1,350550020112519589,2023-08-20,Barretos,0.5831405,122833,,,0.0,0.0,1,,,,,6,,,,,61729
2011-06-12,201124,8.0,8,8,8,0.0015856533,6.512908,0,1,350550020112419589,2023-08-20,Barretos,0.33187926,122833,,,0.0,0.0,1,,,,,4,,,,,61729
2011-06-05,201123,8.0,8,8,8,1.2059784e-06,6.512908,0,1,350550020112319589,2023-08-20,Barretos,0.20787606,122833,,,0.0,0.0,1,,,,,8,,,,,61729
2011-05-29,201122,25.0,25,25,25,0.00032387342,20.352837,0,1,350550020112219589,2023-08-20,Barretos,0.4548561,122833,,,0.0,0.0,1,,,,,23,,,,,61729
2011-05-22,201121,34.0,34,34,34,7.827029e-05,27.679857,0,1,350550020112119589,2023-08-20,Barretos,0.4696343,122833,,,0.0,0.0,1,,,,,31,,,,,61729
2011-05-15,201120,60.0,60,60,60,0.008156583,48.84681,0,4,350550020112019589,2023-08-20,Barretos,0.6729757,122833,,,0.0,0.0,2,,,,,50,,,,,61729
2011-05-08,201119,64.0,64,64,64,0.0046627796,52.103264,0,4,350550020111919589,2023-08-20,Barretos,0.6614123,122833,,,0.0,0.0,2,,,,,59,,,,,61729
2011-05-01,201118,102.0,102,102,102,0.6131847,83.03957,0,4,350550020111819589,2023-08-20,Barretos,1.0414379,122833,,,0.0,0.0,2,,,,,94,,,,,61729
2011-04-24,201117,100.0,100,100,100,0.5357426,81.41135,0,4,350550020111719589,2023-08-20,Barretos,1.0127821,122833,,,0.0,0.0,2,,,,,97,,,,,61729
2011-04-17,201116,94.0,94,94,94,0.5084271,76.526665,0,4,350550020111619589,2023-08-20,Barretos,1.0030817,122833,,,0.0,0.0,2,,,,,89,,,,,61729
2011-04-10,201115,102.0,102,102,102,0.9407368,83.03957,0,4,350550020111519589,2023-08-20,Barretos,1.2599218,122833,,,0.0,0.0,2,,,,,88,,,,,61729
2011-04-03,201114,106.0,106,106,106,0.9950296,86.29603,0,4,350550020111419589,2023-08-20,Barretos,1.476052,122833,,,0.0,1.0,2,,,,,96,,,,,61729
2011-03-27,201113,73.0,73,73,73,0.6579474,59.430283,0,4,350550020111319589,2023-08-20,Barretos,1.0706896,122833,,,0.0,0.0,2,,,,,59,,,,,61729
2011-03-20,201112,68.0,68,68,68,0.61661685,55.359715,0,4,350550020111219589,2023-08-20,Barretos,1.0527053,122833,,,0.0,0.0,2,,,,,51,,,,,61729
2011-03-13,201111,73.0,73,73,73,0.8602183,59.430283,0,4,350550020111119589,2023-08-20,Barretos,1.2055734,122833,,,0.0,0.0,2,,,,,56,,,,,61729
2011-03-06,201110,62.0,62,62,62,0.7153188,50.475037,0,4,350550020111019589,2023-08-20,Barretos,1.1101872,122833,,,0.0,0.0,2,,,,,50,,,,,61729
2011-02-27,201109,63.0,63,63,63,0.8077582,51.28915,0,4,350550020110919589,2023-08-20,Barretos,1.1743652,122833,,,0.0,0.0,2,,,,,59,,,,,61729
2011-02-20,201108,57.0,57,57,57,0.67063004,46.40447,0,1,350550020110819589,2023-08-20,Barretos,1.0878104,122833,,,0.0,0.0,2,,,,,46,,,,,61729
2011-02-13,201107,44.0,44,44,44,0.62236553,35.82099,0,1,350550020110719589,2023-08-20,Barretos,1.0695637,122833,,,0.0,0.0,1,,,,,31,,,,,61729
2011-02-06,201106,68.0,68,68,68,0.99999607,55.359715,0,1,350550020110619589,2023-08-20,Barretos,2.642549,122833,,,0.0,1.0,2,,,,,59,,,,,61729
2011-01-30,201105,44.0,44,44,44,0.9997929,35.82099,0,1,350550020110519589,2023-08-20,Barretos,2.5763226,122833,,,0.0,1.0,1,,,,,37,,,,,61729
2011-01-23,201104,15.0,15,15,15,0.6262081,12.211702,0,1,350550020110419589,2023-08-20,Barretos,1.1267023,122833,,,0.0,0.0,1,,,,,10,,,,,61729
2011-01-16,201103,20.0,20,20,20,0.90070873,16.282269,0,1,350550020110319589,2023-08-20,Barretos,1.5666678,122833,,,0.0,0.0,1,,,,,11,,,,,61729
2011-01-09,201102,10.0,10,10,10,0.25962642,8.141134,0,1,350550020110219589,2023-08-20,Barretos,0.767304,122833,,,0.0,0.0,1,,,,,3,,,,,61729
2011-01-02,201101,11.0,11,11,11,0.5017285,8.955248,0,1,350550020110119589,2023-08-20,Barretos,1.0018151,122833,,,0.0,0.0,1,,,,,9,,,,,61729
2010-12-26,201052,18.0,18,18,18,0.9666878,14.654042,0,1,350550020105219589,2023-08-20,Barretos,2.0544336,122833,,,0.0,1.0,1,,,,,11,,,,,61729
2010-12-19,201051,9.0,9,9,9,0.6664644,7.327021,0,1,350550020105119589,2023-08-20,Barretos,1.2314323,122833,,,0.0,0.0,1,,,,,3,,,,,61729
2010-12-12,201050,8.0,8,8,8,0.7381206,6.512908,0,1,350550020105019589,2023-08-20,Barretos,1.399591,122833,,,0.0,0.0,1,,,,,6,,,,,61729
2010-12-05,201049,9.0,9,9,9,0.9190572,7.327021,0,1,350550020104919589,2023-08-20,Barretos,2.1671329,122833,,,0.0,0.0,1,,,,,4,,,,,61729
2010-11-28,201048,4.0,4,4,4,0.74567795,3.256454,0,1,350550020104819589,2023-08-20,Barretos,1.6399384,122833,,,0.0,0.0,0,,,,,1,,,,,61729
2010-11-21,201047,6.0,6,6,6,0.9538059,4.8846807,0,1,350550020104719589,2023-08-20,Barretos,3.4719126,122833,,,0.0,1.0,1,,,,,3,,,,,61729
2010-11-14,201046,1.0,1,1,1,0.18564107,0.8141135,0,1,350550020104619589,2023-08-20,Barretos,0.4116222,122833,,,0.0,0.0,0,,,,,1,,,,,61729
2010-11-07,201045,1.0,1,1,1,0.10637136,0.8141135,0,1,350550020104519589,2023-08-20,Barretos,0.30932763,122833,,,0.0,0.0,0,,,,,1,,,,,61729
2010-10-31,201044,2.0,2,2,2,0.2984985,1.628227,0,1,350550020104419589,2023-08-20,Barretos,0.64670306,122833,,,0.0,0.0,0,,,,,1,,,,,61729
2010-10-24,201043,5.0,5,5,5,0.8401658,4.070567,0,1,350550020104319589,2023-08-20,Barretos,2.0301392,122833,,,0.0,0.0,1,,,,,1,,,,,61729
2010-10-17,201042,2.0,2,2,2,0.58379775,1.628227,0,1,350550020104219589,2023-08-20,Barretos,1.2190224,122833,,,0.0,0.0,0,,,,,0,,,,,61729
2010-10-10,201041,4.0,4,4,4,0.8696893,3.256454,0,1,350550020104119589,2023-08-20,Barretos,2.5174613,122833,,,0.0,0.0,0,,,,,0,,,,,61729
2010-10-03,201040,0.0,0,0,0,0.0,0.0,0,1,350550020104019589,2023-08-20,Barretos,0.0,122833,,,0.0,0.0,0,,,,,0,,,,,61729
2010-09-26,201039,2.0,2,2,2,0.2618048,1.628227,0,1,350550020103919589,2023-08-20,Barretos,0.5962899,122833,,,,0.0,0,,,,,1,,,,,61729
2010-09-19,201038,1.0,1,1,1,0.12230809,0.8141135,0,1,350550020103819589,2023-08-20,Barretos,0.3298797,122833,,,,0.0,0,,,,,0,,,,,61729
2010-09-12,201037,6.0,6,6,6,0.86145747,4.8846807,0,1,350550020103719589,2023-08-20,Barretos,2.0420907,122833,,,,0.0,1,,,,,1,,,,,61729
2010-09-05,201036,2.0,2,2,2,0.17335609,1.628227,0,1,350550020103619589,2023-08-20,Barretos,0.4821135,122833,,,,0.0,0,,,,,1,,,,,61729
2010-08-29,201035,2.0,2,2,2,0.064516276,1.628227,0,1,350550020103519589,2023-08-20,Barretos,0.3364697,122833,,,,0.0,0,,,,,1,,,,,61729
2010-08-22,201034,4.0,4,4,4,0.18616101,3.256454,0,1,350550020103419589,2023-08-20,Barretos,0.5881309,122833,,,,0.0,0,,,,,2,,,,,61729
2010-08-15,201033,6.0,6,6,6,0.49218336,4.8846807,0,1,350550020103319589,2023-08-20,Barretos,0.9891625,122833,,,,0.0,1,,,,,4,,,,,61729
2010-08-08,201032,9.0,9,9,9,0.88651717,7.327021,0,1,350550020103219589,2023-08-20,Barretos,1.9133,122833,,,,0.0,1,,,,,4,,,,,61729
2010-08-01,201031,5.0,5,5,5,0.73522925,4.070567,0,1,350550020103119589,2023-08-20,Barretos,1.521018,122833,,,,0.0,1,,,,,2,,,,,61729
2010-07-25,201030,6.0,6,6,6,0.85622567,4.8846807,0,1,350550020103019589,2023-08-20,Barretos,2.005183,122833,,,,0.0,1,,,,,3,,,,,61729
2010-07-18,201029,2.0,2,2,2,0.24058653,1.628227,0,1,350550020102919589,2023-08-20,Barretos,0.568173,122833,,,,0.0,0,,,,,1,,,,,61729
2010-07-11,201028,2.0,2,2,2,0.20588493,1.628227,0,1,350550020102819589,2023-08-20,Barretos,0.5233582,122833,,,,0.0,0,,,,,1,,,,,61729
2010-07-04,201027,5.0,5,5,5,0.4821417,4.070567,0,1,350550020102719589,2023-08-20,Barretos,0.9733721,122833,,,,0.0,1,,,,,1,,,,,61729
2010-06-27,201026,3.0,3,3,3,0.06717979,2.4423404,0,1,350550020102619589,2023-08-20,Barretos,0.39524782,122833,,,,0.0,0,,,,,3,,,,,61729
2010-06-20,201025,3.0,3,3,3,0.02530478,2.4423404,0,1,350550020102519589,2023-08-20,Barretos,0.3161475,122833,,,,0.0,0,,,,,3,,,,,61729
2010-06-13,201024,10.0,10,10,10,0.2160777,8.141134,0,1,350550020102419589,2023-08-20,Barretos,0.7271145,122833,,,,0.0,1,,,,,10,,,,,61729
2010-06-06,201023,9.0,9,9,9,0.002556682,7.327021,0,1,350550020102319589,2023-08-20,Barretos,0.36390856,122833,,,,0.0,1,,,,,6,,,,,61729
2010-05-30,201022,8.0,8,8,8,2.5580687e-07,6.512908,0,1,350550020102219589,2023-08-20,Barretos,0.19339411,122833,,,,0.0,1,,,,,6,,,,,61729
2010-05-23,201021,22.0,22,22,22,3.7063598e-06,17.910496,0,1,350550020102119589,2023-08-20,Barretos,0.35466582,122833,,,,0.0,1,,,,,21,,,,,61729
2010-05-16,201020,42.0,42,42,42,0.00026184795,34.192764,0,1,350550020102019589,2023-08-20,Barretos,0.5261067,122833,,,,0.0,1,,,,,37,,,,,61729
2010-05-09,201019,54.0,54,54,54,0.010021946,43.962128,0,4,350550020101919589,2023-08-20,Barretos,0.66808075,122833,,,,0.0,2,,,,,46,,,,,61729
2010-05-02,201018,100.0,100,100,100,0.98578745,81.41135,0,4,350550020101819589,2023-08-20,Barretos,1.3996966,122833,,,,1.0,2,,,,,89,,,,,61729
2010-04-25,201017,86.0,86,86,86,0.92935073,70.013756,0,4,350550020101719589,2023-08-20,Barretos,1.2679343,122833,,,,0.0,2,,,,,72,,,,,61729
2010-04-18,201016,65.0,65,65,65,0.2157068,52.917377,0,4,350550020101619589,2023-08-20,Barretos,0.8753835,122833,,,,0.0,2,,,,,51,,,,,61729
2010-04-11,201015,62.0,62,62,62,0.038043547,50.475037,0,4,350550020101519589,2023-08-20,Barretos,0.74447125,122833,,,,0.0,2,,,,,44,,,,,61729
2010-04-04,201014,72.0,72,72,72,0.0904619,58.61617,0,4,350550020101419589,2023-08-20,Barretos,0.80979055,122833,,,,0.0,2,,,,,62,,,,,61729
2010-03-28,201013,91.0,91,91,91,0.50987947,74.08433,0,4,350550020101319589,2023-08-20,Barretos,1.0036733,122833,,,,0.0,2,,,,,76,,,,,61729
2010-03-21,201012,84.0,84,84,84,0.42705834,68.38553,0,4,350550020101219589,2023-08-20,Barretos,0.97228724,122833,,,,0.0,2,,,,,75,,,,,61729
2010-03-14,201011,102.0,102,102,102,0.95699066,83.03957,0,4,350550020101119589,2023-08-20,Barretos,1.2913285,122833,,,,1.0,2,,,,,80,,,,,61729
2010-03-07,201010,82.0,82,82,82,0.85710484,66.7573,0,4,350550020101019589,2023-08-20,Barretos,1.1895953,122833,,,,0.0,2,,,,,62,,,,,61729
2010-02-28,201009,85.0,85,85,85,0.9907727,69.199646,0,4,350550020100919589,2023-08-20,Barretos,1.4889654,122833,,,,1.0,2,,,,,63,,,,,61729
2010-02-21,201008,67.0,67,67,67,0.9767358,54.5456,0,4,350550020100819589,2023-08-20,Barretos,1.4570912,122833,,,,1.0,2,,,,,56,,,,,61729
2010-02-14,201007,62.0,62,62,62,0.9917616,50.475037,0,1,350550020100719589,2023-08-20,Barretos,1.6226509,122833,,,,1.0,2,,,,,53,,,,,61729
2010-02-07,201006,37.0,37,37,37,0.7952553,30.122198,0,1,350550020100619589,2023-08-20,Barretos,1.2218412,122833,,,,0.0,1,,,,,26,,,,,61729
2010-01-31,201005,46.0,46,46,46,0.0,37.44922,0,1,350550020100519589,2023-08-20,Barretos,0.0,122833,,,,,1,,,,,40,,,,,61729
2010-01-24,201004,25.0,25,25,25,0.0,20.352837,0,1,350550020100419589,2023-08-20,Barretos,0.0,122833,,,,,1,,,,,22,,,,,61729
2010-01-17,201003,27.0,27,27,27,0.0,21.981064,0,1,350550020100319589,2023-08-20,Barretos,0.0,122833,,,,,1,,,,,21,,,,,61729
2010-01-10,201002,11.0,11,11,11,0.0,8.955248,0,1,350550020100219589,2023-08-20,Barretos,0.0,122833,,,,,1,,,,,7,,,,,61729
2010-01-03,201001,12.0,12,12,12,0.0,9.7693615,0,1,350550020100119589,2023-08-20,Barretos,0.0,122833,,,,,1,,,,,9,,,,,61729
