data_iniSE,SE,casos_est,casos_est_min,casos_est_max,casos,p_rt1,p_inc100k,Localidade_id,nivel,id,versao_modelo,municipio_nome,Rt,pop,tempmin,umidmax,receptivo,transmissao,nivel_inc,umidmed,umidmin,tempmed,tempmax,casprov,casprov_est,casprov_est_min,casprov_est_max,casconf,notif_accum_year
2026-09-13,202637,54.0,33,94,24,0.9284961,15.400235,0,1,410480820263720719,2026-09-23,Cascavel,1.3534746,350644,12.698325,92.3743,0,0,0,81.983675,67.030475,16.038,19.630275,24,,,,,114299
2026-09-06,202636,39.0,35,47,34,0.3085704,11.122392,0,1,410480820263620719,2026-09-23,Cascavel,0.89620066,350644,14.0790285714286,86.7443,0,0,0,79.1358428571429,67.6964285714286,17.1229714285714,20.9818571428571,33,,,,,114299
2026-08-30,202635,33.0,31,36,31,0.059013683,9.411255,0,1,410480820263520719,2026-09-23,Cascavel,0.7042281,350644,16.5556714285714,91.7744142857143,0,0,0,80.3567285714286,62.9565714285714,19.5046,23.3382714285714,18,,,,,114299
2026-08-23,202634,48.0,47,50,47,0.53572893,13.689097,0,1,410480820263420719,2026-09-23,Cascavel,1.0184779,350644,15.2256285714286,81.7286285714286,0,0,0,70.2217714285714,53.4672857142857,19.2677857142857,24.6344857142857,18,,,,,114299
2026-08-16,202633,47.0,47,49,47,0.6231968,13.403908,0,1,410480820263320719,2026-09-23,Cascavel,1.0677123,350644,15.9650142857143,85.6694428571429,0,0,0,73.9573714285714,56.7025428571429,19.2450142857143,23.7094,11,,,,,114299
2026-08-09,202632,50.0,50,52,50,0.8998485,14.259477,0,1,410480820263220719,2026-09-23,Cascavel,1.313793,350644,16.1272428571429,94.9040571428571,0,0,0,86.3164142857143,72.0070571428571,19.1328857142857,23.5583857142857,11,,,,,114299
2026-08-02,202631,45.0,45,47,45,0.9139029,12.833529,0,1,410480820263120719,2026-09-23,Cascavel,1.3624272,350644,17.0256571428571,89.1273285714286,0,0,0,81.1148142857143,67.3292285714286,19.4438714285714,22.8078285714286,23,,,,,114299
2026-07-26,202630,41.0,41,42,41,0.8010978,11.692771,0,1,410480820263020719,2026-09-23,Cascavel,1.2152913,350644,17.3394,87.9689714285714,0,0,0,77.9918428571429,62.8674571428571,20.3808,24.6984428571429,19,,,,,114299
2026-07-19,202629,25.0,25,26,25,0.07328737,7.1297383,0,1,410480820262920719,2026-09-23,Cascavel,0.6896244,350644,17.1635,83.1071142857143,0,0,0,76.0324714285714,62.9017285714286,19.1757142857143,22.4382,10,,,,,114299
2026-07-12,202628,35.0,35,36,35,0.50593215,9.981634,0,1,410480820262820719,2026-09-23,Cascavel,1.0035429,350644,13.1002571428571,82.0655857142857,0,0,0,71.5028857142857,55.2526571428571,16.0000285714286,20.4759428571429,12,,,,,114299
2026-07-05,202627,38.0,38,38,38,0.77644205,10.837202,0,1,410480820262720719,2026-09-23,Cascavel,1.1989046,350644,11.1126,89.8021428571429,0,0,0,80.6535,64.7372714285714,14.7249571428571,19.6641,18,,,,,114299
2026-06-28,202626,41.0,41,41,41,0.77987635,11.692771,0,1,410480820262620719,2026-09-23,Cascavel,1.1938583,350644,14.1786285714286,95.7966285714286,0,0,0,87.9501571428571,75.4064857142857,16.9227428571429,20.6925285714286,22,,,,,114299
2026-06-21,202625,22.0,22,22,22,0.0036256493,6.27417,0,1,410480820262520719,2026-09-23,Cascavel,0.507301,350644,7.43112857142857,94.0285714285714,0,0,0,83.1249714285714,66.6200857142857,11.0907714285714,16.0540857142857,12,,,,,114299
2026-06-14,202624,36.0,36,36,36,0.019360367,10.266824,0,1,410480820262420719,2026-09-23,Cascavel,0.6472667,350644,10.7855428571429,94.6562857142857,0,0,0,81.4215857142857,62.7946285714286,13.8902571428571,17.9044,18,,,,,114299
2026-06-07,202623,36.0,36,36,36,0.00095561927,10.266824,0,1,410480820262320719,2026-09-23,Cascavel,0.5361565,350644,12.9054,94.6994571428571,0,0,0,85.5595714285714,70.3609,15.8314714285714,19.4753571428571,12,,,,,114299
2026-05-31,202622,64.0,64,64,64,0.06466122,18.25213,0,1,410480820262220719,2026-09-23,Cascavel,0.777948,350644,12.2615571428571,91.1991285714286,0,0,1,79.4837428571429,58.2475857142857,16.2755142857143,21.4299285714286,33,,,,,114299
2026-05-24,202621,60.0,60,60,60,0.00018141378,17.111372,0,1,410480820262120719,2026-09-23,Cascavel,0.56897455,350644,15.0638857142857,96.9488857142857,0,0,1,88.5696142857143,73.1290142857143,17.9677,21.6959,34,,,,,114299
2026-05-17,202620,83.0,83,83,83,0.000274408,23.670732,0,1,410480820262020719,2026-09-23,Cascavel,0.62165046,350644,11.6765142857143,94.9996428571429,0,0,1,84.4542428571429,69.4281428571429,14.6236285714286,18.2007428571429,44,,,,,114299
2026-05-10,202619,93.0,93,93,93,0.00014144297,26.522627,0,1,410480820261920719,2026-09-23,Cascavel,0.6235853,350644,9.63122857142857,91.5745285714286,0,0,1,79.1636571428571,61.3418285714286,13.5406857142857,18.5959,57,,,,,114299
2026-05-03,202618,147.0,147,147,147,0.4245778,41.922863,0,1,410480820261820719,2026-09-23,Cascavel,0.9782088,350644,16.6500714285714,89.6042285714286,0,0,1,79.3133571428571,62.1228857142857,19.7024571428571,23.5011714285714,98,,,,,114299
2026-04-26,202617,163.0,163,163,163,0.7068921,46.485893,0,1,410480820261720719,2026-09-23,Cascavel,1.0630511,350644,17.4934714285714,95.2919714285714,0,0,1,85.3571,72.6973285714286,20.071,23.1997,109,,,,,114299
2026-04-19,202616,144.0,144,144,144,0.16772884,41.067295,0,1,410480820261620719,2026-09-23,Cascavel,0.8955887,350644,17.8238714285714,85.5370428571429,0,0,1,72.2454142857143,51.6169285714286,22.1175,27.2077,90,,,,,114299
2026-04-12,202615,146.0,146,146,146,0.14017226,41.637672,0,1,410480820261520719,2026-09-23,Cascavel,0.8848123,350644,18.4373285714286,92.7041142857143,0,0,1,78.7222285714286,60.1478571428571,21.4755285714286,25.7327428571429,98,,,,,114299
2026-04-05,202614,174.0,174,174,174,0.5366525,49.62298,0,1,410480820261420719,2026-09-23,Cascavel,1.0099252,350644,18.3620142857143,90.4580857142857,0,0,1,77.5069857142857,57.9794714285714,21.6791428571429,25.9501285714286,121,,,,,114299
2026-03-29,202613,159.0,159,159,159,0.18169887,45.345135,0,1,410480820261320719,2026-09-23,Cascavel,0.90545785,350644,19.4990142857143,88.9850571428571,0,0,1,75.7584714285714,56.0805142857143,23.4674,28.2395571428571,92,,,,,114299
2026-03-22,202612,164.0,164,164,164,0.5736279,46.771084,0,3,410480820261220719,2026-09-23,Cascavel,1.0207906,350644,21.4958,92.4071571428571,1,0,1,80.0926,59.2395857142857,24.6979428571429,29.1188142857143,102,,,,,114299
2026-03-15,202611,208.0,208,208,208,0.9998964,59.319424,0,3,410480820261120719,2026-09-23,Cascavel,1.4944339,350644,21.4844,85.4258571428571,1,1,1,71.8831,53.2237714285714,24.9599714285714,29.2254714285714,113,,,,,114299
2026-03-08,202610,148.0,148,148,148,0.956904,42.20805,0,3,410480820261020719,2026-09-23,Cascavel,1.2335286,350644,19.7877571428571,88.9536571428571,0,1,1,74.9859,56.4861571428571,23.4622571428571,28.0045285714286,77,,,,,114299
2026-03-01,202609,149.0,149,149,149,0.99264985,42.49324,0,1,410480820260920719,2026-09-23,Cascavel,1.3559684,350644,20.4683,83.0682,1,1,1,64.7920285714286,41.5149714285714,25.0741,30.7210714285714,83,,,,,114299
2026-02-22,202608,109.0,109,109,109,0.55440086,31.085659,0,1,410480820260820719,2026-09-23,Cascavel,1.0187529,350644,19.4860285714286,88.5234857142857,0,0,1,74.8379,55.6147285714286,23.3127714285714,28.0328714285714,51,,,,,114299
2026-02-15,202607,108.0,108,108,108,0.57658917,30.80047,0,2,410480820260720719,2026-09-23,Cascavel,1.0267621,350644,21.5375571428571,90.2242285714286,1,0,1,75.1640857142857,53.4873571428571,25.7503,30.5460428571429,46,,,,,114299
2026-02-08,202606,108.0,108,108,108,0.66865426,30.80047,0,1,410480820260620719,2026-09-23,Cascavel,1.061984,350644,20.8301428571429,91.5429857142857,1,0,1,78.2819714285714,60.7532,24.2819,28.3413428571429,42,,,,,114299
2026-02-01,202605,107.0,107,107,107,0.6890536,30.51528,0,1,410480820260520719,2026-09-23,Cascavel,1.0708475,350644,20.0449571428571,90.6076285714286,1,0,1,74.9865428571429,56.5312714285714,24.2568571428571,28.8409428571429,53,,,,,114299
2026-01-25,202604,103.0,103,103,103,0.36371362,29.374523,0,1,410480820260420719,2026-09-23,Cascavel,0.9532325,350644,19.8258857142857,86.4574571428571,0,0,1,71.7403857142857,51.9317285714286,24.2103142857143,29.1111142857143,54,,,,,114299
2026-01-18,202603,96.0,96,96,96,0.07240089,27.378195,0,1,410480820260320719,2026-09-23,Cascavel,0.818881,350644,18.0687571428571,84.4852571428571,0,0,1,69.0870714285714,51.2965285714286,22.1246428571429,26.5740142857143,50,,,,,114299
2026-01-11,202602,92.0,92,92,92,0.13141403,26.237438,0,1,410480820260220719,2026-09-23,Cascavel,0.8535462,350644,18.7522142857143,94.9138857142857,0,0,1,79.8416142857143,60.4102571428571,22.9082142857143,27.1641571428571,39,,,,,114299
2026-01-04,202601,152.0,152,152,152,0.99977297,43.34881,0,1,410480820260120719,2026-09-23,Cascavel,1.5671414,350644,18.8323285714286,86.6788142857143,0,1,1,73.8354857142857,57.9972,22.9031714285714,27.1011857142857,80,,,,,114299
2025-12-28,202553,100.0,100,100,100,0.44482267,28.518953,0,1,410480820255320719,2026-09-23,Cascavel,0.9807016,350644,20.9398,97.8754571428571,1,0,1,86.1542428571429,68.4719,24.0757285714286,28.1802428571429,56,,,,,114299
2025-12-21,202552,83.0,83,83,83,0.004540385,23.670732,0,1,410480820255220719,2026-09-23,Cascavel,0.6917195,350644,21.8732428571429,92.2327285714286,1,0,1,79.4117142857143,62.7213857142857,25.3025571428571,29.2925285714286,49,,,,,114299
2025-12-14,202551,103.0,103,103,103,0.007286505,29.374523,0,1,410480820255120719,2026-09-23,Cascavel,0.73041344,350644,18.6191428571429,90.8439714285714,0,0,1,78.8870714285714,62.3131285714286,22.3563428571429,26.5772428571429,62,,,,,114299
2025-12-07,202550,108.0,108,108,108,0.00961739,30.80047,0,3,410480820255020719,2026-09-23,Cascavel,0.74423873,350644,18.9066857142857,93.1980714285714,0,0,1,81.4535857142857,63.5836428571429,21.6423714285714,25.3203571428571,60,,,,,114299
2025-11-30,202549,158.0,158,158,158,0.9546224,45.059948,0,3,410480820254920719,2026-09-23,Cascavel,1.2211022,350644,19.0165714285714,87.3415857142857,0,1,1,70.4741,47.8633,23.9933857142857,29.0879,96,,,,,114299
2025-11-23,202548,161.0,161,161,161,0.99869126,45.915516,0,3,410480820254820719,2026-09-23,Cascavel,1.4435186,350644,17.6771714285714,87.5972285714286,0,1,1,70.8931571428571,49.9452,22.4009571428571,27.5353857142857,126,,,,,114299
2025-11-16,202547,127.0,127,127,127,0.9575934,36.21907,0,1,410480820254720719,2026-09-23,Cascavel,1.2568033,350644,16.0039,90.1487285714286,0,1,1,73.9302142857143,51.6409714285714,20.5746428571429,25.5205857142857,103,,,,,114299
2025-11-09,202546,104.0,104,104,104,0.73470986,29.659712,0,1,410480820254620719,2026-09-23,Cascavel,1.0927862,350644,16.8180142857143,90.0656857142857,0,0,1,77.8780571428571,62.9125,20.5187,24.8064571428571,68,,,,,114299
2025-11-02,202545,105.0,105,105,105,0.85570925,29.9449,0,1,410480820254520719,2026-09-23,Cascavel,1.1639332,350644,17.7335142857143,94.0834714285714,0,0,1,81.1091,61.6346285714286,21.5821142857143,26.2999571428571,69,,,,,114299
2025-10-26,202544,88.0,88,88,88,0.66008574,25.09668,0,1,410480820254420719,2026-09-23,Cascavel,1.0650808,350644,15.8529,95.2002571428571,0,0,1,82.4005,65.7677,19.2711428571429,23.0289,62,,,,,114299
2025-10-19,202543,102.0,102,102,102,0.96266747,29.089333,0,1,410480820254320719,2026-09-23,Cascavel,1.3049362,350644,13.9985571428571,67.4910714285714,0,1,1,56.4283285714286,43.1520857142857,19.1364285714286,24.9968857142857,62,,,,,114299
2025-10-12,202542,74.0,74,74,74,0.32694915,21.104025,0,1,410480820254220719,2026-09-23,Cascavel,0.93035036,350644,17.6224857142857,91.4833142857143,0,0,1,78.0872714285714,60.1222,20.7640857142857,25.2253571428571,51,,,,,114299
2025-10-05,202541,80.0,80,80,80,0.40045097,22.815163,0,1,410480820254120719,2026-09-23,Cascavel,0.9613836,350644,16.8499714285714,86.4544142857143,0,0,1,73.3693571428571,57.8485,20.1148571428571,24.3410857142857,42,,,,,114299
2025-09-28,202540,72.0,72,72,72,0.3245435,20.533648,0,3,410480820254020719,2026-09-23,Cascavel,0.928452,350644,17.7811714285714,94.1058714285714,0,0,1,79.9546857142857,64.2421428571429,21.0727142857143,25.2452857142857,28,,,,,114299
2025-09-21,202539,93.0,93,93,93,0.9942731,26.522627,0,3,410480820253920719,2026-09-23,Cascavel,1.5063126,350644,14.0943714285714,79.6986428571429,0,1,1,63.2445,43.7412714285714,18.9060142857143,24.8391571428571,49,,,,,114299
2025-09-14,202538,87.0,87,87,87,0.99955016,24.81149,0,1,410480820253820719,2026-09-23,Cascavel,1.7862123,350644,17.0326428571429,76.5606285714286,0,1,1,63.2441428571429,45.6931571428571,21.9782571428571,27.9920428571429,45,,,,,114299
2025-09-07,202537,58.0,58,58,58,0.88732517,16.540993,0,1,410480820253720719,2026-09-23,Cascavel,1.268682,350644,14.4463857142857,86.7773142857143,0,0,0,71.5739571428571,50.6484571428571,19.2382714285714,25.0473142857143,31,,,,,114299
2025-08-31,202536,41.0,41,41,41,0.2557464,11.692771,0,1,410480820253620713,2026-09-17,Cascavel,0.86990416,350644,16.2236142857143,82.4265714285714,0,0,0,71.0123142857143,58.7880571428571,19.5419714285714,24.0134857142857,22,,,,,114299
2025-08-24,202535,44.0,44,44,44,0.4194181,12.54834,0,1,410480820253520707,2026-09-11,Cascavel,0.95819664,350644,11.4613857142857,93.9111285714286,0,0,0,83.7837857142857,65.7908571428571,14.8171,19.8316142857143,19,,,,,114299
2025-08-17,202534,51.0,51,51,51,0.78926855,14.544666,0,1,410480820253420698,2026-09-02,Cascavel,1.1795931,350644,15.4656857142857,78.4297142857143,0,0,0,62.3862714285714,47.7717285714286,19.8020857142857,25.5178714285714,28,,,,,114299
2025-08-10,202533,48.0,48,48,48,0.7173916,13.689097,0,1,410480820253320689,2026-08-24,Cascavel,1.1279763,350644,7.61128571428571,85.8189428571429,0,0,0,70.5161,45.9687571428571,13.2504,20.2849857142857,20,,,,,114299
2025-08-03,202532,39.0,39,39,39,0.32540762,11.122392,0,1,410480820253220683,2026-08-18,Cascavel,0.9053121,350644,13.0591,91.6678285714286,0,0,0,78.4338,61.8119428571429,15.5415285714286,18.9089428571429,19,,,,,114299
2025-07-27,202531,45.0,45,45,45,0.5131927,12.833529,0,1,410480820253120676,2026-08-11,Cascavel,1.0069768,350644,11.5021857142857,79.9385857142857,0,0,0,68.9286142857143,54.0197857142857,14.9711428571429,20.2959714285714,21,,,,,114299
2025-07-20,202530,41.0,41,41,41,0.2883004,11.692771,0,1,410480820253020671,2026-08-06,Cascavel,0.88769275,350644,12.0707857142857,88.5588,0,0,0,75.5546857142857,55.0539142857143,16.1219142857143,21.6741428571429,33,,,,,114299
2025-07-13,202529,45.0,45,45,45,0.34607586,12.833529,0,1,410480820252920662,2026-07-28,Cascavel,0.92180115,350644,11.3453428571429,83.4822,0,0,0,71.0439857142857,53.2399428571429,15.2255428571429,20.4230857142857,23,,,,,114299
2025-07-06,202528,49.0,49,49,49,0.18362404,13.974287,0,1,410480820252820654,2026-07-20,Cascavel,0.8405174,350644,9.8413,88.1043571428571,0,0,0,75.9482285714286,53.0516285714286,14.3686428571429,20.5280285714286,26,,,,,114299
2025-06-29,202527,42.0,42,42,42,0.00022555089,11.977961,0,1,410480820252720647,2026-07-13,Cascavel,0.5227707,350644,9.03745714285714,90.3247714285714,0,0,0,78.8556428571429,62.5619714285714,12.3496571428571,16.6836857142857,23,,,,,114299
2025-06-22,202526,57.0,57,57,57,5.3719646e-06,16.255804,0,1,410480820252620642,2026-07-08,Cascavel,0.5007076,350644,9.82637142857143,91.0622714285714,0,0,0,79.6677285714286,62.1790857142857,13.0886857142857,17.1798,44,,,,,114299
2025-06-15,202525,63.0,63,63,63,4.8363313e-10,17.96694,0,1,410480820252520636,2026-07-02,Cascavel,0.41741368,350644,14.8558285714286,91.3277428571429,0,0,1,83.0428142857143,70.0601714285714,17.3587857142857,20.7712714285714,32,,,,,114299
2025-06-08,202524,127.0,127,127,127,1.9522756e-06,36.21907,0,1,410480820252420627,2026-06-23,Cascavel,0.6008623,350644,10.5034142857143,89.8671714285714,0,0,1,78.5283571428571,61.0375285714286,13.8627142857143,18.1573428571429,94,,,,,114299
2025-06-01,202523,141.0,141,141,141,6.661338e-16,40.211723,0,1,410480820252320621,2026-06-17,Cascavel,0.45765057,350644,14.6650428571429,96.2163,0,0,1,89.2845,77.2690285714286,17.2070285714286,20.4608428571429,96,,,,,114299
2025-05-25,202522,172.0,172,172,172,0.0,49.0526,0,1,410480820252220619,2026-06-15,Cascavel,0.4297679,350644,11.2733142857143,88.3748285714286,0,0,1,76.3812,60.4435857142857,14.98,19.5043714285714,115,,,,,114299
2025-05-18,202521,313.0,313,313,313,1.305901e-07,89.26433,0,1,410480820252120608,2026-06-04,Cascavel,0.68755,350644,16.6365,93.4603142857143,0,0,1,85.3031285714286,69.2888857142857,19.6193571428571,23.7464428571429,211,,,,,114299
2025-05-11,202520,444.0,444,444,444,0.06464213,126.62415,0,1,410480820252020599,2026-05-26,Cascavel,0.9054984,350644,14.5572285714286,83.4558857142857,0,0,1,73.4525714285714,57.3616142857143,18.1199571428571,23.0412142857143,315,,,,,114299
2025-05-04,202519,450.0,450,450,450,0.037084263,128.3353,0,1,410480820251920592,2026-05-19,Cascavel,0.8908344,350644,17.3693857142857,86.7119285714286,0,0,1,75.4202142857143,58.6076714285714,20.7843285714286,25.1584571428571,278,,,,,114299
2025-04-27,202518,494.0,494,494,494,0.3383487,140.88364,0,1,410480820251820587,2026-05-14,Cascavel,0.9739978,350644,13.7771,88.6052571428571,0,0,1,77.0959428571429,57.0733571428571,17.7527285714286,22.5568142857143,332,,,,,114299
2025-04-20,202517,551.0,551,551,551,0.44771013,157.13943,0,1,410480820251720578,2026-05-05,Cascavel,0.9921303,350644,16.7805142857143,95.2654285714286,0,0,2,85.1455714285714,70.3173,19.6855857142857,23.3242,359,,,,,114299
2025-04-13,202516,458.0,458,458,458,3.653121e-08,130.6168,0,1,410480820251620571,2026-04-28,Cascavel,0.7206196,350644,17.5262285714286,96.3507857142857,0,0,1,88.1580428571429,74.8223285714286,19.9561,22.9367714285714,304,,,,,114299
2025-04-06,202515,508.0,508,508,508,9.864458e-07,144.87628,0,4,410480820251520566,2026-04-23,Cascavel,0.7570894,350644,16.2788,90.6212571428571,0,0,1,77.9076,63.6125285714286,19.5855,23.6736714285714,327,,,,,114299
2025-03-30,202514,712.0,712,712,712,0.8840722,203.05495,0,4,410480820251420557,2026-04-14,Cascavel,1.0664921,350644,19.4879571428571,94.9154857142857,0,0,2,84.9033428571429,70.8242571428571,21.8024428571429,25.0059428571429,460,,,,,114299
2025-03-23,202513,682.0,682,682,682,0.68327355,194.49927,0,4,410480820251320552,2026-04-09,Cascavel,1.0263249,350644,20.4066714285714,90.4731857142857,1,0,2,80.6027857142857,64.9822714285714,23.2973142857143,27.3333428571429,403,,,,,114299
2025-03-16,202512,664.0,664,664,664,0.64560956,189.36586,0,4,410480820251220544,2026-04-01,Cascavel,1.0208111,350644,18.1147285714286,85.8375857142857,0,0,2,72.3549857142857,52.6426142857143,22.4039714285714,27.4558142857143,401,,,,,114299
2025-03-09,202511,654.0,654,654,654,0.96440417,186.51396,0,4,410480820251120536,2026-03-24,Cascavel,1.107745,350644,19.4727857142857,89.7161857142857,0,1,2,79.3221,62.9044571428571,22.5121142857143,26.0006714285714,395,,,,,114299
2025-03-02,202510,709.0,709,709,709,1.0,202.19939,0,3,410480820251020529,2026-03-17,Cascavel,1.407633,350644,22.1379142857143,78.1644857142857,1,1,2,63.2998857142857,42.8746428571429,26.1101857142857,30.9664428571429,396,,,,,114299
2025-02-23,202509,598.0,598,598,598,1.0,170.54335,0,3,410480820250920522,2026-03-10,Cascavel,1.4260118,350644,21.7490428571429,88.2078857142857,1,1,2,74.9683571428571,57.4765714285714,25.3319571428571,29.9197857142857,324,,,,,114299
2025-02-16,202508,498.0,498,498,498,0.9999999,142.02438,0,3,410480820250820516,2026-03-04,Cascavel,1.4298439,350644,21.1399142857143,93.0761142857143,1,1,1,82.1653285714286,65.1012142857143,24.5858285714286,28.7491714285714,241,,,,,114299
2025-02-09,202507,425.0,425,425,425,0.9999963,121.20555,0,2,410480820250720508,2026-02-24,Cascavel,1.3966154,350644,21.2472714285714,89.0831428571429,1,1,1,76.6732428571429,59.0581714285714,24.9435428571429,29.3447571428571,180,,,,,114299
2025-02-02,202506,331.0,331,331,331,0.9331058,94.397736,0,2,410480820250620504,2026-02-20,Cascavel,1.1275146,350644,20.8399571428571,94.0462428571429,1,0,1,83.2624285714286,68.1151428571429,23.9263,27.7203714285714,121,,,,,114299
2025-01-26,202505,290.0,290,290,290,0.40955758,82.70496,0,2,410480820250520495,2026-02-11,Cascavel,0.9812891,350644,20.2229428571429,97.2217857142857,1,0,1,84.8750285714286,68.8186,23.5493571428571,27.5182714285714,101,,,,,114299
2025-01-19,202504,275.0,275,275,275,0.42424408,78.427124,0,3,410480820250420491,2026-02-07,Cascavel,0.9839162,350644,21.3581714285714,94.3231,1,0,1,81.0876428571429,62.2295285714286,24.5651714285714,28.7345285714286,95,,,,,114299
2025-01-12,202503,329.0,329,329,329,0.99934834,93.827354,0,3,410480820250320487,2026-02-03,Cascavel,1.3071557,350644,20.2551714285714,85.1326857142857,1,1,1,70.5221714285714,53.0782,24.5399285714286,29.3312285714286,149,,,,,114299
2025-01-05,202502,279.0,279,279,279,0.98804075,79.56788,0,4,410480820250220460,2026-01-07,Cascavel,1.2224993,350644,18.6065571428571,83.3292857142857,0,1,2,66.4281142857143,46.6289571428571,23.7413857142857,28.8955142857143,122,,,,,114299
2024-12-29,202501,251.0,251,251,251,0.9476622,71.58257,0,4,410480820250120460,2026-01-07,Cascavel,1.1621243,350644,19.5664714285714,88.2778571428571,0,0,2,74.1582,54.088,23.8108428571429,28.3340714285714,113,,,,,114299
2024-12-22,202452,223.0,223,223,223,0.7230954,63.597267,0,4,410480820245220438,2025-12-16,Cascavel,1.0584625,350644,18.0092285714286,90.2162571428571,0,0,2,75.6401142857143,57.2556142857143,22.3035428571429,26.7838428571429,121,,,,,114299
2024-12-15,202451,210.0,210,210,210,0.7376993,59.8898,0,4,410480820245120438,2025-12-16,Cascavel,1.0650426,350644,17.7919857142857,92.3556857142857,0,0,2,77.1403142857143,59.8643571428571,21.861,26.1165571428571,102,,,,,114299
2024-12-08,202450,216.0,216,216,216,0.9856017,61.60094,0,4,410480820245020438,2025-12-16,Cascavel,1.2487555,350644,19.6679714285714,94.3048142857143,0,1,2,85.5274857142857,72.0545714285714,22.0206571428571,24.9703714285714,111,,,,,114299
2024-12-01,202449,217.0,217,217,217,0.9995607,61.88613,0,2,410480820244920432,2025-12-10,Cascavel,1.4162515,350644,21.2056571428571,93.4737285714286,1,1,2,84.4262714285714,72.5892714285714,23.4481857142857,26.2213142857143,104,,,,,114299
2024-11-24,202448,156.0,156,156,156,0.8424159,44.489567,0,1,410480820244820425,2025-12-03,Cascavel,1.12405,350644,20.6023285714286,82.0202,1,0,1,69.7447571428571,52.6906714285714,24.6892285714286,29.7011,91,,,,,114299
2024-11-17,202447,160.0,160,160,160,0.9468085,45.630325,0,1,410480820244720418,2025-11-26,Cascavel,1.2080272,350644,20.8064,85.6493142857143,1,0,1,70.9040285714286,52.7549714285714,24.7009714285714,28.8385,97,,,,,114299
2024-11-10,202446,135.0,135,135,135,0.41525522,38.500587,0,1,410480820244620410,2025-11-18,Cascavel,0.9744854,350644,16.6875285714286,82.9867857142857,0,0,1,68.5939857142857,50.1117571428571,21.5687714285714,26.8759428571429,80,,,,,114299
2024-11-03,202445,123.0,123,123,123,0.073325984,35.078312,0,1,410480820244520404,2025-11-12,Cascavel,0.83794206,350644,19.4726142857143,95.0252142857143,0,0,1,84.1967714285714,68.9924714285714,22.5406714285714,26.3846,71,,,,,114299
2024-10-27,202444,135.0,135,135,135,0.26775667,38.500587,0,1,410480820244420396,2025-11-04,Cascavel,0.9287407,350644,18.4767,84.0506285714286,0,0,1,69.7260857142857,50.8685714285714,23.0771,28.1931,76,,,,,114299
2024-10-20,202443,162.0,162,162,162,0.8426724,46.200706,0,1,410480820244320390,2025-10-29,Cascavel,1.1216708,350644,18.6977285714286,89.3945285714286,0,0,1,76.0862714285714,58.5486857142857,22.6554857142857,27.0753142857143,113,,,,,114299
2024-10-13,202442,145.0,145,145,145,0.38338342,41.35248,0,1,410480820244220381,2025-10-20,Cascavel,0.966101,350644,18.2073571428571,88.9086857142857,0,0,1,74.5313714285714,55.3641428571429,22.6130571428571,27.7015714285714,98,,,,,114299
2024-10-06,202441,130.0,130,130,130,0.14195633,37.07464,0,1,410480820244120376,2025-10-15,Cascavel,0.87939924,350644,19.1361714285714,82.9826714285714,0,0,1,69.8584857142857,50.8096714285714,22.8206285714286,28.1113857142857,67,,,,,114299
2024-09-29,202440,164.0,164,164,164,0.9189575,46.771084,0,1,410480820244020368,2025-10-07,Cascavel,1.1740899,350644,18.7914571428571,73.379,0,0,1,60.0643285714286,43.3185571428571,23.4344285714286,29.2419142857143,90,,,,,114299
2024-09-22,202439,157.0,157,157,157,0.83827025,44.774757,0,1,410480820243920363,2025-10-02,Cascavel,1.1213317,350644,19.0862,81.2321285714286,0,0,1,62.8360285714286,42.5784285714286,23.7979142857143,29.6986285714286,83,,,,,114299
2024-09-15,202438,125.0,125,125,125,0.22916387,35.648693,0,1,410480820243820354,2025-09-23,Cascavel,0.9125266,350644,15.5644857142857,90.6523285714286,0,0,1,75.8515714285714,58.6789714285714,19.5834571428571,24.4719,79,,,,,114299
2024-09-08,202437,139.0,139,139,139,0.9063568,39.641346,0,1,410480820243720347,2025-09-16,Cascavel,1.1788617,350644,20.8252142857143,54.6475285714286,1,0,1,45.1480142857143,30.2510714285714,25.4793428571429,31.3977428571429,87,,,,,114299
2024-09-01,202436,164.0,164,164,164,0.99995863,46.771084,0,1,410480820243620340,2025-09-09,Cascavel,1.6333549,350644,15.5853571428571,79.5205428571429,0,1,1,59.1251857142857,33.2210285714286,21.1578285714286,28.3502428571429,80,,,,,114299
2024-08-25,202435,106.0,106,106,106,0.8539522,30.230091,0,1,410480820243520333,2025-09-02,Cascavel,1.1617451,350644,11.0063,70.8806142857143,0,0,1,54.6506571428571,33.8032428571429,16.3138714285714,23.2668428571429,45,,,,,114299
2024-08-18,202434,94.0,94,94,94,0.73638237,26.807816,0,1,410480820243420328,2025-08-28,Cascavel,1.0987782,350644,17.3138,61.4232,0,0,1,51.4687428571429,36.9538,21.4607285714286,27.3209857142857,42,,,,,114299
2024-08-11,202433,99.0,99,99,99,0.82101095,28.233765,0,1,410480820243320321,2025-08-21,Cascavel,1.1443399,350644,10.3952428571429,70.1543714285714,0,0,1,58.4282,39.5859571428571,15.3371714285714,22.3051285714286,44,,,,,114299
2024-08-04,202432,75.0,75,75,75,0.118299894,21.389215,0,1,410480820243220312,2025-08-12,Cascavel,0.8318456,350644,14.5613142857143,74.7444714285714,0,0,1,63.5581285714286,52.5490285714286,17.5082857142857,21.1891142857143,48,,,,,114299
2024-07-28,202431,87.0,87,87,87,0.3124192,24.81149,0,1,410480820243120305,2025-08-05,Cascavel,0.92993516,350644,15.7222285714286,80.3466571428571,0,0,1,70.7259,58.2991428571429,18.7751142857143,23.1079,53,,,,,114299
2024-07-21,202430,95.0,95,95,95,0.07563319,27.093006,0,1,410480820243020298,2025-07-29,Cascavel,0.8205473,350644,13.7751428571429,76.3302428571428,0,0,1,65.5702857142857,48.2973285714286,18.0229571428571,24.0002428571429,38,,,,,114299
2024-07-14,202429,92.0,92,92,92,2.338377e-07,26.237438,0,1,410480820242920292,2025-07-23,Cascavel,0.5309245,350644,11.9777428571429,92.5235142857143,0,0,1,82.3693142857143,63.5343285714286,15.3429714285714,20.2982857142857,47,,,,,114299
2024-07-07,202428,75.0,75,75,75,0.0,21.389215,0,1,410480820242820284,2025-07-15,Cascavel,0.29193184,350644,9.92407142857143,97.5927857142857,0,0,1,90.4932857142857,80.0856857142857,11.7299571428571,14.1488,30,,,,,114299
2024-06-30,202427,185.0,185,185,185,1.463274e-13,52.760063,0,4,410480820242720278,2025-07-09,Cascavel,0.5245644,350644,12.5200571428571,73.9319,0,0,1,63.6069714285714,47.1058571428571,16.4481571428571,22.2913571428571,96,,,,,114299
2024-06-23,202426,221.0,221,221,221,1.9984014e-15,63.026886,0,4,410480820242620270,2025-07-01,Cascavel,0.5291656,350644,15.5772571428571,89.2515428571429,0,0,2,78.7235857142857,64.1756142857143,17.8791142857143,20.9799142857143,126,,,,,114299
2024-06-16,202425,385.0,385,385,385,0.0015785036,109.79797,0,4,410480820242520263,2025-06-24,Cascavel,0.8169471,350644,18.5431857142857,66.8252285714286,0,0,2,58.8090857142857,50.0203285714286,21.0993,24.9062714285714,233,,,,,114299
2024-06-09,202424,462.0,462,462,462,3.9564807e-07,131.75757,0,4,410480820242420256,2025-06-17,Cascavel,0.73994195,350644,17.5487571428571,71.5080857142857,0,0,2,61.7189714285714,48.2111,20.7056428571429,25.4125714285714,313,,,,,114299
2024-06-02,202423,396.0,396,396,396,0.0,112.93506,0,4,410480820242320249,2025-06-10,Cascavel,0.42814776,350644,15.0762142857143,84.4084857142857,0,0,2,73.3760857142857,55.0524285714286,18.8664285714286,24.2362428571429,270,,,,,114299
2024-05-26,202422,525.0,525,525,525,0.0,149.7245,0,4,410480820242220242,2025-06-03,Cascavel,0.41749513,350644,8.66165714285714,92.4904142857143,0,0,2,80.9624571428571,63.9499857142857,12.2762714285714,17.3321714285714,379,,,,,114299
2024-05-19,202421,876.0,876,876,876,0.0,249.82603,0,4,410480820242120236,2025-05-28,Cascavel,0.60146165,350644,14.7277714285714,92.6451428571429,0,0,2,80.2807,65.2062714285714,17.3466,21.1135285714286,684,,,,,114299
2024-05-12,202420,1392.0,1392,1392,1392,0.0029852549,396.98383,0,4,410480820242020228,2025-05-20,Cascavel,0.9034019,350644,16.1032285714286,90.1971714285714,0,0,2,82.6006714285714,67.1213428571429,18.8020142857143,22.4755285714286,1157,,,,,114299
2024-05-05,202419,1543.0,1543,1543,1543,0.0033438264,440.04745,0,4,410480820241920224,2025-05-16,Cascavel,0.9090753,350644,20.4950285714286,79.4866285714286,1,0,2,67.0907142857143,49.5501,23.6939428571429,28.1590142857143,1289,,,,,114299
2024-04-28,202418,1509.0,1509,1509,1509,0.0,430.351,0,4,410480820241820214,2025-05-06,Cascavel,0.7437857,350644,21.6325285714286,80.8619285714286,1,0,2,71.7398857142857,58.4012857142857,24.5682714285714,28.4565,1231,,,,,114299
2024-04-21,202417,1523.0,1523,1523,1523,0.0,434.34366,0,4,410480820241720207,2025-04-29,Cascavel,0.62859297,350644,19.1786,88.9224428571429,0,0,2,77.6509142857143,58.5931,22.6758142857143,27.6399714285714,1175,,,,,114299
2024-04-14,202416,2046.0,2046,2046,2046,0.0,583.4978,0,4,410480820241620201,2025-04-23,Cascavel,0.73254395,350644,16.9811714285714,91.0097285714286,0,0,2,81.7716857142857,68.5825571428571,19.7295857142857,23.1698428571429,1620,,,,,114299
2024-04-07,202415,2473.0,2473,2473,2473,0.0,705.27374,0,4,410480820241520193,2025-04-15,Cascavel,0.7867884,350644,20.2889571428571,91.3537,1,0,2,77.5953,62.6918571428571,23.3902571428571,27.4033857142857,2146,,,,,114299
2024-03-31,202414,2769.0,2769,2769,2769,0.0,789.6898,0,4,410480820241420188,2025-04-10,Cascavel,0.8011761,350644,20.3181,86.8587142857143,1,0,2,72.7925857142857,51.3671142857143,24.5905857142857,29.3814571428571,2373,,,,,114299
2024-03-24,202413,3209.0,3209,3209,3209,2.1953126e-06,915.1732,0,4,410480820241320179,2025-04-01,Cascavel,0.8945087,350644,18.8531428571429,85.3960285714286,0,0,2,72.0189,54.4939428571429,22.8299428571429,27.2694,2713,,,,,114299
2024-03-17,202412,3424.0,3424,3424,3424,0.9060216,976.48895,0,4,410480820241220172,2025-03-25,Cascavel,1.0325954,350644,21.7128571428571,88.6489,1,0,2,79.0667428571429,61.7356,24.8968714285714,29.4222714285714,2953,,,,,114299
2024-03-10,202411,3984.0,3984,3984,3984,1.0,1136.1951,0,4,410480820241120165,2025-03-18,Cascavel,1.4200281,350644,21.5639857142857,83.6861714285714,1,1,2,70.0322142857143,49.9361142857143,26.0982571428571,31.4398142857143,3438,,,,,114299
2024-03-03,202410,3487.0,3487,3487,3487,1.0,994.45593,0,4,410480820241020158,2025-03-11,Cascavel,1.5197474,350644,21.5487714285714,90.9849714285714,1,1,2,82.4890857142857,66.4152714285714,24.3767285714286,28.5462571428571,2987,,,,,114299
2024-02-25,202409,2615.0,2615,2615,2615,1.0,745.7706,0,4,410480820240920154,2025-03-07,Cascavel,1.5033231,350644,21.9856142857143,92.4996714285714,1,1,2,81.7247857142857,64.3057142857143,25.3750285714286,29.8397142857143,2110,,,,,114299
2024-02-18,202408,2511.0,2511,2511,2511,1.0,716.1109,0,4,410480820240820145,2025-02-26,Cascavel,2.0607042,350644,20.1480428571429,92.0039,1,1,2,82.8865,67.1430285714286,23.2098142857143,27.3453142857143,2031,,,,,114299
2024-02-11,202407,1681.0,1681,1681,1681,1.0,479.40363,0,4,410480820240720137,2025-02-18,Cascavel,1.9990083,350644,22.2229285714286,87.8278142857143,1,1,2,76.9752571428571,62.0165857142857,24.9973428571429,28.4568142857143,1342,,,,,114299
2024-02-04,202406,1137.0,1137,1137,1137,1.0,324.2605,0,4,410480820240620130,2025-02-11,Cascavel,1.9078358,350644,21.7117428571429,87.1245285714286,1,1,2,70.5210571428571,50.9926285714286,25.9501571428571,30.9443,899,,,,,114299
2024-01-28,202405,785.0,785,785,785,1.0,223.87378,0,4,410480820240520123,2025-02-04,Cascavel,1.8647006,350644,18.8889428571429,85.8681857142857,0,1,2,70.5680857142857,50.238,23.7756428571429,28.9641285714286,524,,,,,114299
2024-01-21,202404,569.0,569,569,569,1.0,162.27284,0,4,410480820240420117,2025-01-29,Cascavel,2.0217214,350644,17.5900571428571,89.5092714285714,0,1,2,78.2639,61.2966,21.0376714285714,24.9399,426,,,,,114299
2024-01-14,202403,427.0,427,427,427,1.0,121.77593,0,3,410480820240320109,2025-01-21,Cascavel,2.4300516,350644,22.4295571428571,92.9242571428571,1,1,2,81.9626714285714,67.9647714285714,25.4591285714286,28.8283857142857,313,,,,,114299
2024-01-07,202402,248.0,248,248,248,1.0,70.727005,0,3,410480820240220102,2025-01-14,Cascavel,2.3709724,350644,22.6160857142857,85.3470714285714,1,1,2,70.1310714285714,53.3318857142857,26.7088285714286,31.3412857142857,135,,,,,114299
2023-12-31,202401,180.0,180,180,180,1.0,51.334118,0,1,410480820240120096,2025-01-08,Cascavel,2.307739,350644,20.0741,87.0253142857143,1,1,1,71.9569714285714,52.5016857142857,24.2767,28.9929428571429,101,,,,,114299
2023-12-24,202352,66.0,66,66,66,0.24189632,18.82251,0,1,410480820235220088,2024-12-31,Cascavel,0.88869876,350644,19.7631428571429,90.3752142857143,0,0,1,74.3353571428571,54.6759857142857,24.1115285714286,29.0416142857143,38,,,,,114299
2023-12-17,202351,66.0,66,66,66,0.2635895,18.82251,0,2,410480820235120081,2024-12-24,Cascavel,0.8986598,350644,21.7678571428571,88.1294,1,0,1,74.8112714285714,57.8470857142857,25.7204857142857,30.4075,63,,,,,114299
2023-12-10,202350,95.0,95,95,95,0.7499592,27.093006,0,2,410480820235020074,2024-12-17,Cascavel,1.1052758,350644,20.2985857142857,86.1304714285714,1,0,1,73.6411142857143,55.2675714285714,24.4058,29.2803142857143,84,,,,,114299
2023-12-03,202349,48.0,48,48,48,1.6604725e-06,13.689097,0,2,410480820234920067,2024-12-10,Cascavel,0.4589328,350644,20.9714714285714,95.8519714285714,1,0,1,86.6596428571429,72.5704,23.6476285714286,27.3392285714286,36,,,,,114299
2023-11-26,202348,87.0,87,87,87,0.023451718,24.81149,0,2,410480820234820060,2024-12-03,Cascavel,0.7555429,350644,20.0523571428571,96.3482142857143,1,0,1,87.5861571428571,75.7320714285714,22.8098285714286,26.3591857142857,65,,,,,114299
2023-11-19,202347,112.0,112,112,112,0.64304966,31.941229,0,3,410480820234720056,2024-11-29,Cascavel,1.0507536,350644,20.1836,92.4286714285714,1,0,1,81.2093714285714,67.9118714285714,22.9588571428571,26.3732428571429,82,,,,,114299
2023-11-12,202346,119.0,119,119,119,0.99544424,33.937553,0,3,410480820234620046,2024-11-19,Cascavel,1.4478412,350644,22.5965,81.6964714285714,1,1,1,70.0732714285714,57.5558,26.1198,29.9943142857143,83,,,,,114299
2023-11-05,202345,133.0,133,133,133,0.9999927,37.93021,0,1,410480820234520039,2024-11-12,Cascavel,1.8578161,350644,17.9108857142857,81.8975142857143,0,1,1,63.7850428571429,44.4975142857143,23.4658285714286,30.0115857142857,103,,,,,114299
2023-10-29,202344,64.0,64,64,64,0.11904167,18.25213,0,1,410480820234420032,2024-11-05,Cascavel,0.82044566,350644,17.5505,96.8123857142857,0,0,1,88.1723428571429,72.9668428571429,20.2299714285714,23.9722142857143,40,,,,,114299
2023-10-22,202343,51.0,51,51,51,0.018458921,14.544666,0,3,410480820234320026,2024-10-30,Cascavel,0.68730634,350644,18.1645428571429,94.5714428571429,0,0,1,80.4891142857143,63.3387714285714,21.9324571428571,26.5827285714286,33,,,,,114299
2023-10-15,202342,99.0,99,99,99,0.99970686,28.233765,0,3,410480820234220019,2024-10-23,Cascavel,1.7516843,350644,18.1024,90.2744428571429,0,1,1,76.7396428571429,58.5302142857143,22.7734285714286,28.4268,65,,,,,114299
2023-10-08,202341,81.0,81,81,81,0.9998898,23.100353,0,3,410480820234120012,2024-10-16,Cascavel,1.9871849,350644,16.4353714285714,90.6354,0,1,1,77.9776285714286,61.2361,20.2833285714286,25.0355142857143,40,,,,,114299
2023-10-01,202340,55.0,55,55,55,0.95892096,15.685425,0,1,410480820234020005,2024-10-09,Cascavel,1.4349973,350644,19.3405142857143,88.2439571428571,0,1,1,73.6852,57.0746428571429,23.4290285714286,28.2274142857143,21,,,,,114299
2023-09-24,202339,32.0,32,32,32,0.039386544,9.126065,0,1,410480820233919998,2024-10-02,Cascavel,0.67305374,350644,19.19,83.1707428571429,0,0,1,68.2147142857143,48.0978,23.8075285714286,29.9953714285714,4,,,,,114299
2023-09-17,202338,31.0,31,31,31,0.0054085846,8.840876,0,1,410480820233819990,2024-09-24,Cascavel,0.5712522,350644,20.9591285714286,75.0490428571429,1,0,1,60.1139142857143,40.9634714285714,25.8358428571429,32.2255428571429,8,,,,,114299
2023-09-10,202337,46.0,46,46,46,0.30534598,13.118719,0,1,410480820233719984,2024-09-18,Cascavel,0.90211916,350644,13.9251142857143,86.0876857142857,0,0,1,66.5901571428571,40.6409714285714,19.6612857142857,26.4691428571429,22,,,,,114299
2023-09-03,202336,73.0,73,73,73,0.9862029,20.818836,0,1,410480820233619978,2024-09-12,Cascavel,1.4944679,350644,16.1855142857143,94.1833714285714,0,1,1,80.8529571428572,64.5169857142857,19.8640428571429,24.8595428571429,36,,,,,114299
2023-08-27,202335,38.0,38,38,38,0.041831933,10.837202,0,1,410480820233519969,2024-09-03,Cascavel,0.6970136,350644,13.3532142857143,85.1161857142857,0,0,1,68.9873428571429,52.2944285714286,17.7295,23.0326,9,,,,,114299
2023-08-20,202334,55.0,55,55,55,0.12957788,15.685425,0,1,410480820233419962,2024-08-27,Cascavel,0.81563437,350644,16.6092428571429,88.0064285714286,0,0,1,75.2188571428571,58.0858285714286,20.5423571428571,25.6335142857143,11,,,,,114299
2023-08-13,202333,37.0,37,37,37,0.00013657124,10.552012,0,1,410480820233319955,2024-08-20,Cascavel,0.4934353,350644,14.0295714285714,91.7166571428571,0,0,1,75.7279857142857,54.9991857142857,18.4896571428571,24.2550285714286,14,,,,,114299
2023-08-06,202332,83.0,83,83,83,0.73216426,23.670732,0,1,410480820233219948,2024-08-13,Cascavel,1.1032685,350644,16.2535285714286,89.1436714285714,0,0,1,79.6445285714286,68.2906428571429,18.9813142857143,22.7804857142857,15,,,,,114299
2023-07-30,202331,73.0,73,73,73,0.52050024,20.818836,0,1,410480820233119940,2024-08-05,Cascavel,1.0085392,350644,14.5137285714286,86.4971714285714,0,0,1,71.4871285714286,46.9403,19.4276,26.0082714285714,1,,,,,114299
2023-07-23,202330,82.0,82,82,82,0.72905385,23.385542,0,1,410480820233019933,2024-07-29,Cascavel,1.102241,350644,16.0335428571429,85.9957714285714,0,0,1,77.0636714285714,62.7438571428571,18.9621142857143,23.0656428571429,1,,,,,114299
2023-07-16,202329,67.0,67,67,67,0.0986856,19.107698,0,1,410480820232919928,2024-07-24,Cascavel,0.81001675,350644,13.5447428571429,91.0186142857143,0,0,1,80.8987714285714,64.0388142857143,16.6160571428571,21.0023428571429,1,,,,,114299
2023-07-09,202328,70.0,70,70,70,0.06361651,19.963268,0,1,410480820232819919,2024-07-15,Cascavel,0.7850434,350644,13.1801285714286,94.2954714285714,0,0,1,85.4669428571429,69.7740714285714,15.8445571428571,19.7773142857143,4,,,,,114299
2023-07-02,202327,83.0,83,83,83,0.33312455,23.670732,0,1,410480820232719912,2024-07-08,Cascavel,0.9364113,350644,17.6,85.4052095,0,0,1,83.371399,81.0271745,17.925,18.25,2,,,,,114299
2023-06-25,202326,99.0,99,99,99,0.6180732,28.233765,0,1,410480820232619904,2024-06-30,Cascavel,1.0440109,350644,18.8333333333333,87.3895245555556,0,0,1,85.0053228888889,81.8124695555556,19.175926,19.6666666666667,2,,,,,114299
2023-06-18,202325,88.0,88,88,88,0.015429632,25.09668,0,1,410480820232519898,2024-06-24,Cascavel,0.7399004,350644,14.2105263157895,97.3881531578947,0,0,1,95.7024791052632,94.1445989473684,14.6684210526316,15.1052631578947,5,,,,,114299
2023-06-11,202324,73.0,73,73,73,5.6570435e-08,20.818836,0,1,410480820232419884,2024-06-10,Cascavel,0.481911,350644,11.3652428571429,99.141,0,0,1,93.0479857142857,84.8792142857143,12.5629,14.4289142857143,3,,,,,114299
2023-06-04,202323,125.0,125,125,125,0.0001445114,35.648693,0,1,410480820232319884,2024-06-10,Cascavel,0.6616741,350644,13.8488714285714,84.0132428571429,0,0,1,71.1082142857143,49.6955571428571,18.1138,24.1513571428571,9,,,,,114299
2023-05-28,202322,148.0,148,148,148,0.00011114137,42.20805,0,1,410480820232219877,2024-06-03,Cascavel,0.6777427,350644,17.6842105263158,94.8935726315789,0,0,1,93.6142715789474,92.3883389473684,18.0526315789474,18.4210526315789,10,,,,,114299
2023-05-21,202321,179.0,179,179,179,0.0112436125,51.048927,0,4,410480820232119870,2024-05-27,Cascavel,0.7964126,350644,18.7142857142857,90.8742491428571,0,0,1,79.5355778571429,63.0142972857143,21.1666668571429,24.7142857142857,6,,,,,114299
2023-05-14,202320,259.0,259,259,259,0.90362877,73.86409,0,4,410480820232019863,2024-05-20,Cascavel,1.1249939,350644,13.6,97.06534,0,0,2,88.69320688,74.64834856,16.08666688,19.4,15,,,,,114299
2023-05-07,202319,208.0,208,208,208,0.028274918,59.319424,0,4,410480820231919856,2024-05-13,Cascavel,0.8364035,350644,15.4,97.0467435,0,0,2,90.93274445,79.3447708,17.0583334,19.2,22,,,,,114299
2023-04-30,202318,228.0,228,228,228,0.030141821,65.02322,0,4,410480820231819849,2024-05-06,Cascavel,0.8448844,350644,21.65,92.0698139,1,0,2,91.291997,90.514181,21.875,22.1,32,,,,,114299
2023-04-23,202317,239.0,239,239,239,0.05375647,68.1603,0,4,410480820231719842,2024-04-29,Cascavel,0.8676373,350644,15.7142857142857,97.3790177142857,0,0,2,84.8865192857143,62.6373381428571,19.75974,25.0,22,,,,,114299
2023-04-16,202316,288.0,288,288,288,0.45935026,82.13459,0,4,410480820231619835,2024-04-22,Cascavel,0.9915541,350644,15.1428571428571,99.0997914285714,0,0,2,83.0933265714286,57.478514,19.3095237142857,24.1428571428571,18,,,,,114299
2023-04-09,202315,293.0,293,293,293,0.03710625,83.56053,0,4,410480820231519828,2024-04-15,Cascavel,0.86740214,350644,19.4285714285714,100.0,0,0,2,83.77104,56.5638504285714,23.15088,28.5714285714286,16,,,,,114299
2023-04-02,202314,221.0,221,221,221,8.575477e-09,63.026886,0,4,410480820231419821,2024-04-08,Cascavel,0.6213446,350644,18.2857142857143,98.2778042857143,0,0,2,82.7145444285714,60.2073472857143,22.4404765714286,27.5714285714286,12,,,,,114299
2023-03-26,202313,383.0,383,383,383,0.9974959,109.22759,0,4,410480820231319815,2024-04-02,Cascavel,1.2383904,350644,21.1739130434783,93.1283870434783,1,1,2,82.4335760869565,70.304488,23.5434782608696,25.7391304347826,7,,,,,114299
2023-03-19,202312,402.0,402,402,402,1.0,114.646194,0,4,410480820231219809,2024-03-27,Cascavel,1.714911,350644,22.7692307692308,93.9671905384615,1,1,2,75.7921448076923,50.4970029230769,26.7051283076923,32.3461538461538,13,,,,,114299
2023-03-12,202311,323.0,323,323,323,1.0,92.11622,0,3,410480820231119801,2024-03-19,Cascavel,1.8911872,350644,24.1764705882353,90.3717998823529,1,1,2,88.826816,86.3998627058824,24.5294116470588,24.9411764705882,6,,,,,114299
2023-03-05,202310,218.0,218,218,218,0.9999983,62.171318,0,3,410480820231019795,2024-03-13,Cascavel,1.6542914,350644,23.8421052631579,84.7813965789474,1,1,2,81.4798538947368,78.4744247894737,24.1315789473684,24.4210526315789,3,,,,,114299
2023-02-26,202309,171.0,171,171,171,0.9969015,48.76741,0,1,410480820230919787,2024-03-05,Cascavel,1.3774495,350644,22.952380952381,92.1652942857143,1,1,1,88.6399602380952,85.4666395238095,23.5317459047619,24.047619047619,1,,,,,114299
2023-02-19,202308,105.0,105,105,105,0.041462045,29.9449,0,1,410480820230819780,2024-02-27,Cascavel,0.79789656,350644,19.64,93.5809984,0,0,1,79.772903,58.95509176,23.01666648,28.0,3,,,,,114299
2023-02-12,202307,117.0,117,117,117,0.14523232,33.367176,0,2,410480820230719774,2024-02-21,Cascavel,0.8750691,350644,23.4666666666667,88.0265456,1,0,1,86.8679089333333,85.4662029333333,23.6111112,23.8,2,,,,,114299
2023-02-05,202306,145.0,145,145,145,0.8185645,41.35248,0,2,410480820230619768,2024-02-15,Cascavel,1.1159065,350644,24.1428571428571,78.3120401428571,1,0,1,78.3120401428571,78.3120401428571,24.1428571428571,24.1428571428571,2,,,,,114299
2023-01-29,202305,132.0,132,132,132,0.6243364,39.719196,0,2,410480820230519760,2024-02-07,Cascavel,1.0401121,332333,24.0,92.1290845714286,1,0,1,88.3031645714286,80.7677935714286,24.9821428571429,26.8571428571429,1,,,,,114299
2023-01-22,202304,135.0,135,135,135,0.628941,40.621906,0,2,410480820230419752,2024-01-30,Cascavel,1.0412204,332333,26.1428571428571,73.8726338571429,1,0,1,73.8726338571429,73.8726338571429,26.1428571428571,26.1428571428571,1,,,,,114299
2023-01-15,202303,118.0,118,118,118,0.21270084,35.506554,0,1,410480820230319748,2024-01-26,Cascavel,0.9039203,332333,25.1428571428571,80.9932957142857,1,0,1,80.9932957142857,80.9932957142857,25.1428571428571,25.1428571428571,2,,,,,114299
2023-01-08,202302,132.0,132,132,132,0.72506,39.719196,0,1,410480820230219748,2024-01-26,Cascavel,1.077743,332333,21.8571428571429,87.4096235714286,1,0,1,73.572323,57.4139667142857,25.0476188571429,29.0,1,,,,,114299
2023-01-01,202301,138.0,138,138,138,0.8870922,41.524616,0,1,410480820230119741,2024-01-19,Cascavel,1.163209,332333,19.7142857142857,93.47419,0,0,1,71.8534712857143,46.8015004285714,24.7083334285714,30.2857142857143,0,,,,,114299
2022-12-25,202252,136.0,136,136,136,0.7502735,40.92281,0,1,410480820225219734,2024-01-12,Cascavel,1.0870768,332333,20.6666666666667,90.28245,1,0,1,77.30492,57.647072,23.3156566666667,27.6666666666667,3,,,,,114299
2022-12-18,202251,84.0,84,84,84,0.00021311562,25.275852,0,1,410480820225119718,2023-12-27,Cascavel,0.6181018,332333,19.5,97.00938,0,0,1,83.517,65.0564475,22.354167,27.0,4,,,,,114299
2022-12-11,202250,141.0,141,141,141,0.5633306,42.427326,0,1,410480820225019718,2023-12-27,Cascavel,1.0192313,332333,20.0,98.9957516666667,0,0,1,75.2298216666667,44.5878675,25.0946973333333,31.0,12,,,,,114299
2022-12-04,202249,135.0,135,135,135,0.6819047,40.621906,0,3,410480820224919708,2023-12-17,Cascavel,1.0600631,332333,22.8571428571429,93.3374685714286,1,0,1,76.4582435714286,54.5743158571429,27.2391774285714,32.8571428571429,8,,,,,114299
2022-11-27,202248,153.0,153,153,153,0.9985519,46.038162,0,3,410480820224819685,2023-11-24,Cascavel,1.4524282,332333,20.1428571428571,89.498852,1,1,1,69.1526812857143,42.84208,25.2976191428571,32.0,11,,,,,114299
2022-11-20,202247,141.0,141,141,141,0.99982667,42.427326,0,1,410480820224719685,2023-11-24,Cascavel,1.6151917,332333,17.8571428571429,91.1081265714286,0,1,1,70.8170765714286,49.4473864285714,23.5456352857143,29.5714285714286,6,,,,,114299
2022-11-13,202246,99.0,99,99,99,0.8918516,29.789398,0,1,410480820224619685,2023-11-24,Cascavel,1.2014972,332333,16.5714285714286,86.2800262857143,0,0,1,65.007026,42.8687574285714,21.7786234285714,27.1428571428571,0,,,,,114299
2022-11-06,202245,77.0,77,77,77,0.41367176,23.16953,0,1,410480820224519685,2023-11-24,Cascavel,0.9658421,332333,15.7142857142857,86.328905,0,0,1,63.5007415714286,40.1777331428571,21.3262982857143,27.5714285714286,1,,,,,114299
2022-10-30,202244,82.0,82,82,82,0.80807054,24.674047,0,1,410480820224419685,2023-11-24,Cascavel,1.1508201,332333,11.5714285714286,92.8242514285714,0,0,1,68.4524911428571,40.3367434285714,17.690476,25.0,1,,,,,114299
2022-10-23,202243,90.0,90,90,90,0.97401005,27.08127,0,1,410480820224319685,2023-11-24,Cascavel,1.3666658,332333,18.2857142857143,88.8552757142857,0,1,1,69.5581528571429,47.2830157142857,23.0285714285714,28.4285714285714,0,,,,,114299
2022-10-16,202242,68.0,68,68,68,0.5305344,20.461405,0,1,410480820224219685,2023-11-24,Cascavel,1.0132284,332333,17.8571428571429,98.2783614285714,0,0,1,83.8899885714286,64.3584042857143,21.4733434285714,26.4285714285714,0,,,,,114299
2022-10-09,202241,56.0,56,56,56,0.2400804,16.850569,0,3,410480820224119685,2023-11-24,Cascavel,0.8791909,332333,15.2857142857143,96.6468642857143,0,0,1,84.4190945714286,67.6401352857143,18.1071427142857,21.8571428571429,0,,,,,114299
2022-10-02,202240,75.0,75,75,75,0.9671346,22.567726,0,3,410480820224019685,2023-11-24,Cascavel,1.3838592,332333,13.4285714285714,96.7585714285714,0,1,1,71.3882928571429,42.0075105714286,19.4630954285714,26.0,1,,,,,114299
2022-09-25,202239,71.0,71,71,71,0.9676002,21.364113,0,1,410480820223919685,2023-11-24,Cascavel,1.3992251,332333,16.4285714285714,100.0,0,1,1,89.5561892857143,70.8448314285714,18.0579111428571,21.5714285714286,0,,,,,114299
2022-09-18,202238,48.0,48,48,48,0.15104687,14.443344,0,1,410480820223819685,2023-11-24,Cascavel,0.81905216,332333,12.4285714285714,95.0287528571429,0,0,1,79.572059,59.6512067142857,16.4543287142857,22.0,0,,,,,114299
2022-09-11,202237,43.0,43,43,43,0.0032309075,12.938829,0,1,410480820223719685,2023-11-24,Cascavel,0.5977903,332333,12.5714285714286,94.0244388571429,0,0,1,77.6579861428571,60.7330141428571,17.0912694285714,22.1428571428571,0,,,,,114299
2022-09-04,202236,57.0,57,57,57,0.012891234,17.151472,0,1,410480820223619685,2023-11-24,Cascavel,0.6847208,332333,13.2857142857143,93.9069505714286,0,0,1,74.9890637142857,53.6814447142857,18.2976191428571,23.5714285714286,0,,,,,114299
2022-08-28,202235,73.0,73,73,73,0.07949594,21.96592,0,1,410480820223519685,2023-11-24,Cascavel,0.8024484,332333,12.5714285714286,90.3833121428571,0,0,1,71.3248271428571,51.1809394285714,17.2284631428571,22.0,3,,,,,114299
2022-08-21,202234,89.0,89,89,89,0.23193243,26.780369,0,1,410480820223419685,2023-11-24,Cascavel,0.89881396,332333,14.1428571428571,85.7583064285714,0,0,1,69.1254571428571,46.7628752857143,19.3788154285714,26.2857142857143,3,,,,,114299
2022-08-14,202233,87.0,87,87,87,0.0642166,26.178562,0,1,410480820223319685,2023-11-24,Cascavel,0.80426717,332333,12.1428571428571,89.4049108571429,0,0,1,69.408067,43.8587028571429,17.0435895714286,22.7142857142857,2,,,,,114299
2022-08-07,202232,101.0,101,101,101,0.08006248,30.391205,0,1,410480820223219685,2023-11-24,Cascavel,0.82843024,332333,12.0,97.3359614285714,0,0,1,81.9167871428571,60.1692108571429,15.8095238571429,21.2857142857143,1,,,,,114299
2022-07-31,202231,108.0,108,108,108,0.015415561,32.497524,0,1,410480820223119685,2023-11-24,Cascavel,0.7603881,332333,14.2857142857143,90.1367514285714,0,0,1,75.891626,58.9208855714286,17.656179,22.4285714285714,3,,,,,114299
2022-07-24,202230,112.0,112,112,112,0.0005140021,33.701138,0,1,410480820223019685,2023-11-24,Cascavel,0.6725658,332333,15.2857142857143,85.8928362857143,0,0,1,71.1638524285714,45.5004922857143,19.5810327142857,26.0,7,,,,,114299
2022-07-17,202229,151.0,151,151,151,0.005922033,45.436356,0,1,410480820222919685,2023-11-24,Cascavel,0.7630834,332333,14.4285714285714,93.2324794285714,0,0,1,80.5231728571429,60.7407484285714,17.6984130428571,22.1428571428571,5,,,,,114299
2022-07-10,202228,151.0,151,151,151,6.01319e-06,45.436356,0,4,410480820222819685,2023-11-24,Cascavel,0.63783,332333,15.0,87.66644,0,0,1,71.8453827142857,53.7728248571429,19.4194681428571,24.7142857142857,1,,,,,114299
2022-07-03,202227,210.0,210,210,210,0.00036333673,63.189632,0,4,410480820222719685,2023-11-24,Cascavel,0.7369076,332333,16.5714285714286,83.4811194285714,0,0,2,63.3710758571429,41.6477832857143,21.943182,27.8571428571429,5,,,,,114299
2022-06-26,202226,213.0,213,213,213,1.5924407e-07,64.09234,0,4,410480820222619685,2023-11-24,Cascavel,0.64205843,332333,12.8571428571429,97.2786505714286,0,0,2,81.9895362857143,57.5714571428571,17.2093838571429,23.5714285714286,47,,,,,114299
2022-06-19,202225,303.0,303,303,303,9.6472475e-05,91.173615,0,4,410480820222519685,2023-11-24,Cascavel,0.7542041,332333,15.7142857142857,96.6752537142857,0,0,2,85.9602358571429,68.29913,18.6783127142857,23.4285714285714,74,,,,,114299
2022-06-12,202224,331.0,331,331,331,1.6646684e-12,99.5989,0,4,410480820222419685,2023-11-24,Cascavel,0.61889213,332333,8.0,95.5342235714286,0,0,2,78.9070591428572,51.9919198571429,13.3690476428571,19.5714285714286,178,,,,,114299
2022-06-05,202223,348.0,348,348,348,0.0,104.71425,0,4,410480820222319685,2023-11-24,Cascavel,0.48661992,332333,14.1428571428571,96.450335,0,0,2,90.5591828571429,80.2581922857143,16.0685941428571,18.5714285714286,213,,,,,114299
2022-05-29,202222,504.0,504,504,504,0.0,151.65512,0,4,410480820222219685,2023-11-24,Cascavel,0.52408856,332333,10.8571428571429,100.0,0,0,2,91.5590864285714,77.2595837142857,14.0572047142857,17.8571428571429,292,,,,,114299
2022-05-22,202221,757.0,757,757,757,0.0,227.78358,0,4,410480820222119685,2023-11-24,Cascavel,0.58282584,332333,14.5714285714286,94.75541,0,0,2,79.1867877142857,57.6948745714286,18.4436052857143,23.8571428571429,523,,,,,114299
2022-05-15,202220,778.0,778,778,778,0.0,234.10254,0,4,410480820222019685,2023-11-24,Cascavel,0.49792856,332333,9.42857142857143,100.0,0,0,2,81.4699421428571,51.5809641428571,12.625,17.2857142857143,591,,,,,114299
2022-05-08,202219,1417.0,1417,1417,1417,1.5500713e-05,426.37958,0,4,410480820221919685,2023-11-24,Cascavel,0.86010194,332333,13.5714285714286,100.0,0,0,2,88.9491971428571,70.3148685714286,16.7664835714286,21.0,1111,,,,,114299
2022-05-01,202218,1671.0,1671,1671,1671,0.9526748,502.80893,0,4,410480820221819685,2023-11-24,Cascavel,1.0604246,332333,15.1428571428571,99.1517885714286,0,1,2,91.8647865714286,78.5264588571429,18.265373,22.4285714285714,1353,,,,,114299
2022-04-24,202217,1713.0,1713,1713,1713,0.99999917,515.44684,0,4,410480820221719685,2023-11-24,Cascavel,1.1863414,332333,20.2857142857143,94.2362151428571,1,1,2,77.778297,60.8606727142857,24.6282471428571,29.5714285714286,1436,,,,,114299
2022-04-17,202216,1674.0,1674,1674,1674,1.0,503.71164,0,4,410480820221619685,2023-11-24,Cascavel,1.2319211,332333,15.5714285714286,95.6837091428571,0,1,2,81.1001424285714,55.8098701428571,19.7409417142857,26.2857142857143,1453,,,,,114299
2022-04-10,202215,1331.0,1331,1331,1331,0.973555,400.5019,0,4,410480820221519685,2023-11-24,Cascavel,1.0794759,332333,16.1428571428571,98.2910042857143,0,1,2,84.5742435714286,67.0343115714286,20.0451297142857,24.4285714285714,1156,,,,,114299
2022-04-03,202214,1386.0,1386,1386,1386,1.0,417.05157,0,4,410480820221419685,2023-11-24,Cascavel,1.4222428,332333,19.8571428571429,96.6458671428571,0,1,2,86.8856507142857,72.5176515714286,22.7559522857143,26.4285714285714,1197,,,,,114299
2022-03-27,202213,1403.0,1403,1403,1403,1.0,422.16693,0,4,410480820221319685,2023-11-24,Cascavel,2.0475934,332333,15.5714285714286,93.0842168571429,0,1,2,76.472352,54.2800224285714,20.8036284285714,27.1428571428571,1199,,,,,114299
2022-03-20,202212,945.0,945,945,945,1.0,284.35333,0,4,410480820221219685,2023-11-24,Cascavel,2.0824075,332333,17.4285714285714,95.9938642857143,0,1,2,79.5355821428571,56.0063338571429,22.1087991428571,27.8571428571429,824,,,,,114299
2022-03-13,202211,657.0,657,657,657,1.0,197.69328,0,4,410480820221119685,2023-11-24,Cascavel,2.3674006,332333,19.7142857142857,100.0,0,1,2,84.5737872857143,58.4476078571429,23.2142857142857,28.1428571428571,533,,,,,114299
2022-03-06,202210,425.0,425,425,425,1.0,127.88378,0,3,410480820221019685,2023-11-24,Cascavel,2.902876,332333,22.4285714285714,95.9911628571429,1,1,2,78.0402981428571,54.5944555714286,26.3690474285714,31.8571428571429,333,,,,,114299
2022-02-27,202209,286.0,286,286,286,1.0,86.05826,0,3,410480820220919685,2023-11-24,Cascavel,3.6569288,332333,23.1428571428571,99.1701442857143,1,1,2,77.565762,42.3234127142857,27.0547615714286,33.7142857142857,213,,,,,114299
2022-02-20,202208,88.0,88,88,88,0.9992497,26.479465,0,3,410480820220819685,2023-11-24,Cascavel,1.7280747,332333,22.1428571428571,93.8275585714286,1,1,1,67.2613221428571,36.1211305714286,27.5714285714286,35.4285714285714,71,,,,,114299
2022-02-13,202207,66.0,66,66,66,0.9974464,19.859598,0,3,410480820220719685,2023-11-24,Cascavel,1.747351,332333,20.7142857142857,85.0598742857143,1,1,1,56.911812,28.9375691428571,26.9722224285714,34.2857142857143,33,,,,,114299
2022-02-06,202206,57.0,57,57,57,0.9736958,17.151472,0,1,410480820220619685,2023-11-24,Cascavel,1.490899,332333,19.4285714285714,89.2698007142857,0,1,1,57.9309558571429,29.5155144285714,25.2619048571429,31.5714285714286,26,,,,,114299
2022-01-30,202205,22.0,22,22,22,0.0024818133,6.6198664,0,2,410480820220519685,2023-11-24,Cascavel,0.49391338,332333,22.5714285714286,96.7421957142857,1,0,0,75.74842,52.0419158571429,26.6862242857143,31.7142857142857,15,,,,,114299
2022-01-23,202204,35.0,35,35,35,0.16021635,10.531606,0,3,410480820220419685,2023-11-24,Cascavel,0.79978365,332333,23.5714285714286,96.8122221428571,1,0,1,77.6477704285714,52.5765898571429,27.2519845714286,32.5714285714286,7,,,,,114299
2022-01-16,202203,55.0,55,55,55,0.9788382,16.549665,0,3,410480820220319685,2023-11-24,Cascavel,1.5356947,332333,25.2857142857143,81.8768887142857,1,1,1,54.5165461428571,31.1721274285714,30.6067927142857,36.5714285714286,13,,,,,114299
2022-01-09,202202,44.0,44,44,44,0.98046273,13.239733,0,3,410480820220219685,2023-11-24,Cascavel,1.6402485,332333,21.0,97.6034022857143,1,1,1,68.8694527142857,34.261969,26.8571425714286,33.8571428571429,1,,,,,114299
2022-01-02,202201,41.0,41,41,41,0.9912939,12.337024,0,2,410480820220119685,2023-11-24,Cascavel,1.8350548,332333,21.5714285714286,96.0657021428571,1,1,1,70.3456548571429,41.7806602857143,26.753882,32.8571428571429,2,,,,,114299
2021-12-26,202152,18.0,18,18,18,0.41314813,5.416254,0,2,410480820215219685,2023-11-24,Cascavel,0.93140316,332333,20.7142857142857,82.5474257142857,1,0,0,51.2851001428571,22.8526475714286,28.391822,36.7142857142857,1,,,,,114299
2021-12-19,202151,26.0,26,26,26,0.9567832,7.823478,0,1,410480820215119685,2023-11-24,Cascavel,1.7132173,332333,22.7142857142857,82.9417748571429,1,1,1,53.5432258571429,28.1075298571429,28.7669865714286,35.4285714285714,16,,,,,114299
2021-12-12,202150,18.0,18,18,18,0.88654816,5.416254,0,1,410480820215019685,2023-11-24,Cascavel,1.5582844,332333,23.1428571428571,92.5229771428571,1,0,0,64.0166261428571,36.8318621428571,28.6834888571429,35.1428571428571,5,,,,,114299
2021-12-05,202149,19.0,19,19,19,0.90609396,5.7171574,0,1,410480820214919685,2023-11-24,Cascavel,1.6072274,332333,18.7142857142857,94.37412,0,0,0,56.4983091428571,28.5571834285714,26.1169768571429,33.2857142857143,1,,,,,114299
2021-11-28,202148,4.0,4,4,4,0.013153514,1.2036121,0,1,410480820214819685,2023-11-24,Cascavel,0.317966,332333,17.1428571428571,100.0,0,0,0,67.718465,33.5979002857143,24.1162948571429,31.7142857142857,1,,,,,114299
2021-11-21,202147,15.0,15,15,15,0.71709955,4.513545,0,1,410480820214719685,2023-11-24,Cascavel,1.2436131,332333,20.0,99.1392157142857,0,0,0,67.9343254285714,34.8790337142857,26.0456428571429,33.0,1,,,,,114299
2021-11-14,202146,13.0,13,13,13,0.6249596,3.911739,0,1,410480820214619685,2023-11-24,Cascavel,1.1351573,332333,19.4285714285714,92.0592071428571,0,0,0,71.735601,44.6342987142857,24.4182897142857,30.5714285714286,0,,,,,114299
2021-11-07,202145,12.0,12,12,12,0.5334157,3.610836,0,1,410480820214519685,2023-11-24,Cascavel,1.0345019,332333,20.1428571428571,91.9682128571429,1,0,0,70.477927,42.7961962857143,24.8479434285714,30.5714285714286,0,,,,,114299
2021-10-31,202144,11.0,11,11,11,0.4656032,3.3099332,0,1,410480820214419685,2023-11-24,Cascavel,0.9648267,332333,20.0,100.0,0,0,0,72.2778951428571,39.4648952857143,25.5865802857143,32.7142857142857,0,,,,,114299
2021-10-24,202143,11.0,11,11,11,0.609642,3.3099332,0,1,410480820214319685,2023-11-24,Cascavel,1.1273508,332333,17.8571428571429,89.6679985714286,0,0,0,65.260135,34.5216594285714,23.7786797142857,30.8571428571429,0,,,,,114299
2021-10-17,202142,14.0,14,14,14,0.8635622,4.212642,0,1,410480820214219685,2023-11-24,Cascavel,1.5775324,332333,15.7142857142857,96.6211571428571,0,0,0,70.0067765714286,37.2254061428571,21.3422734285714,28.1428571428571,0,,,,,114299
2021-10-10,202141,9.0,9,9,9,0.48619866,2.708127,0,1,410480820214119685,2023-11-24,Cascavel,0.98424923,332333,18.2,97.637108,0,0,0,78.365459,47.649782,23.01526,28.4,0,,,,,114299
2021-10-03,202140,6.0,6,6,6,0.2713557,1.805418,0,1,410480820214019685,2023-11-24,Cascavel,0.7295818,332333,18.15,,0,0,0,,,,,0,,,,,114299
2021-09-26,202139,13.0,13,13,13,0.833331,3.911739,0,1,410480820213919685,2023-11-24,Cascavel,1.5105349,332333,18.1,,0,0,0,,,,,0,,,,,114299
2021-09-19,202138,7.0,7,7,7,0.08717489,2.106321,0,1,410480820213819685,2023-11-24,Cascavel,0.543397,332333,18.05,,0,0,0,,,,,0,,,,,114299
2021-09-12,202137,5.0,5,5,5,0.002594579,1.504515,0,1,410480820213719685,2023-11-24,Cascavel,0.28329057,332333,18.0,88.10014,0,0,0,60.282814,35.84162,24.782608,34.0,0,,,,,114299
2021-09-05,202136,12.0,12,12,12,0.06306932,3.610836,0,1,410480820213619685,2023-11-24,Cascavel,0.5835704,332333,16.0,95.1244585714286,0,0,0,70.7305471428571,36.5229564285714,21.7793194285714,28.5714285714286,0,,,,,114299
2021-08-29,202135,23.0,23,23,23,0.481313,6.920769,0,1,410480820213519685,2023-11-24,Cascavel,0.98644555,332333,17.7142857142857,83.1043514285714,0,0,0,59.5668897142857,31.8991785714286,23.538514,30.2857142857143,2,,,,,114299
2021-08-22,202134,15.0,15,15,15,0.09376356,4.513545,0,1,410480820213419685,2023-11-24,Cascavel,0.65205127,332333,16.0,88.4864694285714,0,0,0,68.3918055714286,50.3358621428571,21.231065,26.4285714285714,1,,,,,114299
2021-08-15,202133,29.0,29,29,29,0.95063704,8.726188,0,1,410480820213319685,2023-11-24,Cascavel,1.6242373,332333,17.0,88.5061448571429,0,1,1,58.464548,30.3021001428571,24.5099678571429,32.7142857142857,3,,,,,114299
2021-08-08,202132,23.0,23,23,23,0.9865982,6.920769,0,1,410480820213219685,2023-11-24,Cascavel,2.1897671,332333,14.0,92.44275,0,0,0,78.6898634285714,56.9612095714286,17.5417845714286,23.1428571428571,1,,,,,114299
2021-08-01,202131,24.0,24,24,24,0.99883866,7.221672,0,1,410480820213119685,2023-11-24,Cascavel,3.1752965,332333,10.8571428571429,92.3101742857143,0,1,1,68.1191878571429,34.8315441428571,16.8807174285714,25.0,0,,,,,114299
2021-07-25,202130,3.0,3,3,3,0.062220402,0.902709,0,1,410480820213019685,2023-11-24,Cascavel,0.38741446,332333,6.57142857142857,92.4169957142857,0,0,0,66.5066941428571,34.7355902857143,13.4531570714286,22.1428571428571,0,,,,,114299
2021-07-18,202129,7.0,7,7,7,0.37479457,2.106321,0,1,410480820212919685,2023-11-24,Cascavel,0.85259104,332333,7.71428571428571,93.2455228571429,0,0,0,67.4078577142857,32.5616751428571,13.9949414285714,22.5714285714286,0,,,,,114299
2021-07-11,202128,10.0,10,10,10,0.5836024,3.00903,0,1,410480820212819685,2023-11-24,Cascavel,1.0991925,332333,13.7142857142857,92.4953714285714,0,0,0,74.9493855714286,45.709908,18.4085028571429,24.0,0,,,,,114299
2021-07-04,202127,5.0,5,5,5,0.13553537,1.504515,0,1,410480820212719685,2023-11-24,Cascavel,0.55808645,332333,12.0,96.44338,0,0,0,74.8250707142857,41.8823907142857,17.1472332857143,25.4285714285714,0,,,,,114299
2021-06-27,202126,12.0,12,12,12,0.75569445,3.610836,0,1,410480820212619685,2023-11-24,Cascavel,1.3478867,332333,5.28571428571429,99.0648564285714,0,0,0,82.2759854285714,43.8555532857143,10.1743196428571,18.5714285714286,0,,,,,114299
2021-06-20,202125,9.0,9,9,9,0.40674135,2.708127,0,1,410480820212519685,2023-11-24,Cascavel,0.8994684,332333,15.0,99.1392157142857,0,0,0,88.19759,71.1131225714286,18.2300588571429,22.0,0,,,,,114299
2021-06-13,202124,6.0,6,6,6,0.09936283,1.805418,0,1,410480820212419685,2023-11-24,Cascavel,0.53815746,332333,11.3333333333333,100.0,0,0,0,92.124191,76.5056145,13.930435,17.1666666666667,0,,,,,114299
2021-06-06,202123,13.0,13,13,13,0.36813086,3.911739,0,1,410480820212319685,2023-11-24,Cascavel,0.8815353,332333,16.5,100.0,0,0,0,91.94027,85.750012,18.1875,19.5,2,,,,,114299
2021-05-30,202122,9.0,9,9,9,0.011511065,2.708127,0,1,410480820212219685,2023-11-24,Cascavel,0.4261975,332333,9.0,100.0,0,0,0,79.936705,50.742968,13.729167,20.5,0,,,,,114299
2021-05-23,202121,11.0,11,11,11,0.0075669074,3.3099332,0,1,410480820212119685,2023-11-24,Cascavel,0.43558988,332333,10.3888888888889,,0,0,0,,,,,1,,,,,114299
2021-05-16,202120,24.0,24,24,24,0.3860148,7.221672,0,1,410480820212019685,2023-11-24,Cascavel,0.9219432,332333,11.7777777777778,,0,0,1,,,,,1,,,,,114299
2021-05-09,202119,29.0,29,29,29,0.65296555,8.726188,0,1,410480820211919685,2023-11-24,Cascavel,1.110987,332333,13.1666666666667,,0,0,1,,,,,2,,,,,114299
2021-05-02,202118,23.0,23,23,23,0.3009964,6.920769,0,1,410480820211819685,2023-11-24,Cascavel,0.8632944,332333,14.5555555555556,,0,0,0,,,,,3,,,,,114299
2021-04-25,202117,30.0,30,30,30,0.5676698,9.02709,0,1,410480820211719685,2023-11-24,Cascavel,1.0451727,332333,15.9444444444444,,0,0,1,,,,,6,,,,,114299
2021-04-18,202116,21.0,21,21,21,0.14609846,6.318963,0,1,410480820211619685,2023-11-24,Cascavel,0.7415024,332333,17.3333333333333,97.9615146666667,0,0,0,82.4723846666667,64.7738683333333,19.831349,24.0,5,,,,,114299
2021-04-11,202115,33.0,33,33,33,0.8321784,9.929799,0,1,410480820211519685,2023-11-24,Cascavel,1.2847314,332333,18.4166666666667,,0,0,1,,,,,6,,,,,114299
2021-04-04,202114,31.0,31,31,31,0.7029199,9.327993,0,1,410480820211419685,2023-11-24,Cascavel,1.14926,332333,19.5,93.996635,0,0,1,77.967463,48.616157,23.466667,30.0,0,,,,,114299
2021-03-28,202113,23.0,23,23,23,0.11981391,6.920769,0,1,410480820211319685,2023-11-24,Cascavel,0.7277404,332333,22.0,100.0,1,0,0,91.3726,73.97063,23.428572,27.0,3,,,,,114299
2021-03-21,202112,20.0,20,20,20,0.020320091,6.01806,0,1,410480820211219685,2023-11-24,Cascavel,0.57201314,332333,23.0,100.0,1,0,0,78.821655,49.13933,26.916666,32.0,2,,,,,114299
2021-03-14,202111,42.0,42,42,42,0.44848838,12.637926,0,1,410480820211119685,2023-11-24,Cascavel,0.9724647,332333,19.75,98.51563,0,0,1,83.332325,60.384385,23.79525975,28.75,8,,,,,114299
2021-03-07,202110,26.0,26,26,26,0.00028186184,7.823478,0,1,410480820211019685,2023-11-24,Cascavel,0.45737523,332333,16.5,100.0,0,0,1,78.715765,51.328726,21.375,27.0,3,,,,,114299
2021-02-28,202109,41.0,41,41,41,0.004639993,12.337024,0,1,410480820210919685,2023-11-24,Cascavel,0.6038034,332333,21.8333333333333,94.4033883333333,1,0,1,84.835835,70.5755938333333,24.3190638333333,28.0,4,,,,,114299
2021-02-21,202108,57.0,57,57,57,0.12722594,17.151472,0,1,410480820210819685,2023-11-24,Cascavel,0.81687284,332333,21.4285714285714,94.2616671428571,1,0,1,76.1745,48.8610978571429,25.9023605714286,31.4285714285714,2,,,,,114299
2021-02-14,202107,77.0,77,77,77,0.87112015,23.16953,0,1,410480820210719685,2023-11-24,Cascavel,1.2101319,332333,17.7142857142857,100.0,0,0,1,77.7144728571429,49.3212941428571,23.9585128571429,30.1428571428571,2,,,,,114299
2021-02-07,202106,71.0,71,71,71,0.9364699,21.364113,0,1,410480820210619685,2023-11-24,Cascavel,1.314256,332333,18.5714285714286,97.6034022857143,0,0,1,82.8032157142857,56.7481821428571,23.1625022857143,29.2857142857143,0,,,,,114299
2021-01-31,202105,70.0,70,70,70,0.9797748,21.063211,0,1,410480820210519685,2023-11-24,Cascavel,1.4615035,332333,19.2857142857143,100.0,0,1,1,91.6830572857143,77.8563875714286,22.5832408571429,26.1428571428571,2,,,,,114299
2021-01-24,202104,48.0,48,48,48,0.66588503,14.443344,0,2,410480820210419685,2023-11-24,Cascavel,1.0931323,332333,22.2857142857143,100.0,1,0,1,93.1040388571429,81.9850868571429,24.1027055714286,27.1428571428571,2,,,,,114299
2021-01-17,202103,47.0,47,47,47,0.89125746,14.142442,0,2,410480820210319685,2023-11-24,Cascavel,1.3110698,332333,20.8571428571429,100.0,1,0,1,91.0586242857143,72.6794331428571,23.9484282857143,28.2857142857143,0,,,,,114299
2021-01-10,202102,47.0,47,47,47,0.9867682,14.142442,0,1,410480820210219685,2023-11-24,Cascavel,1.6789228,332333,22.4285714285714,98.40536,1,1,1,86.7294972857143,67.333968,26.0767974285714,31.4285714285714,1,,,,,114299
2021-01-03,202101,43.0,43,43,43,0.8707346,12.938829,0,1,410480820210119685,2023-11-24,Cascavel,1.295004,332333,21.1428571428571,97.4998485714286,1,0,1,86.9263235714286,67.7949318571429,24.8979622857143,29.7142857142857,4,,,,,114299
2020-12-27,202053,30.0,30,30,30,0.0032653902,9.02709,0,1,410480820205319590,2023-08-21,Cascavel,0.5481702,332333,19.5,100.0,0,0,1,77.188325,44.0651415,25.705616,32.0,0,,,,,114299
2020-12-20,202052,39.0,39,39,39,0.00060281425,11.735217,0,1,410480820205219590,2023-08-21,Cascavel,0.5354255,332333,19.6,,0,0,1,,,,,1,,,,,114299
2020-12-13,202051,45.0,45,45,45,0.00026589117,13.540635,0,4,410480820205119590,2023-08-21,Cascavel,0.5363991,332333,19.7,,0,0,1,,,,,0,,,,,114299
2020-12-06,202050,86.0,86,86,86,0.4895209,25.877659,0,4,410480820205019590,2023-08-21,Cascavel,0.9960154,332333,19.8,,0,0,2,,,,,2,,,,,114299
2020-11-29,202049,83.0,83,83,83,0.5646649,24.974949,0,4,410480820204919590,2023-08-21,Cascavel,1.0256933,332333,19.9,,0,0,2,,,,,0,,,,,114299
2020-11-22,202048,94.0,94,94,94,0.95754904,28.284883,0,4,410480820204819590,2023-08-21,Cascavel,1.307417,332333,20.0,85.500235,0,1,2,58.5672156666667,30.7028831666667,26.8698946666667,35.0,6,,,,,114299
2020-11-15,202047,83.0,83,83,83,0.95594746,24.974949,0,1,410480820204719590,2023-08-21,Cascavel,1.3275778,332333,16.5714285714286,99.1263634285714,0,1,2,70.0942321428571,38.0356042857143,23.0967037142857,29.8571428571429,6,,,,,114299
2020-11-08,202046,69.0,69,69,69,0.9168473,20.762308,0,1,410480820204619590,2023-08-21,Cascavel,1.284025,332333,19.4285714285714,96.6923485714286,0,0,1,74.598492,47.5321197142857,24.8564137142857,31.4285714285714,0,,,,,114299
2020-11-01,202045,68.0,68,68,68,0.948471,20.461405,0,1,410480820204519590,2023-08-21,Cascavel,1.3502717,332333,15.1428571428571,83.4337,0,0,1,51.1694327142857,23.0791255714286,23.5794277142857,31.8571428571429,0,,,,,114299
2020-10-25,202044,47.0,47,47,47,0.35534135,14.142442,0,1,410480820204419590,2023-08-21,Cascavel,0.9279463,332333,18.1428571428571,91.4338757142857,0,0,1,69.2527567142857,42.8516622857143,23.7676451428571,30.1428571428571,0,,,,,114299
2020-10-18,202043,48.0,48,48,48,0.4625699,14.443344,0,1,410480820204319590,2023-08-21,Cascavel,0.9811726,332333,21.1428571428571,84.0427314285714,1,0,1,60.6375364285714,35.7819572857143,26.8399208571429,33.8571428571429,3,,,,,114299
2020-10-11,202042,55.0,55,55,55,0.84869266,16.549665,0,1,410480820204219590,2023-08-21,Cascavel,1.2288771,332333,18.2857142857143,93.2379108571429,0,0,1,67.6875578571429,42.1556045714286,23.8287487142857,30.7142857142857,2,,,,,114299
2020-10-04,202041,49.0,49,49,49,0.76940435,14.744247,0,1,410480820204119590,2023-08-21,Cascavel,1.1665004,332333,17.8571428571429,94.0874962857143,0,0,1,70.4456834285714,44.2105934285714,24.3029931428571,31.1428571428571,6,,,,,114299
2020-09-27,202040,47.0,47,47,47,0.627454,14.142442,0,1,410480820204019590,2023-08-21,Cascavel,1.0702609,332333,21.1428571428571,84.5422471428571,1,0,1,59.4042482857143,35.243681,27.4234894285714,35.1428571428571,7,,,,,114299
2020-09-20,202039,35.0,35,35,35,0.12773794,10.531606,0,1,410480820203919590,2023-08-21,Cascavel,0.7758577,332333,15.7142857142857,81.9883251428571,0,0,1,57.0518037142857,30.3433067142857,22.6959345714286,30.7142857142857,3,,,,,114299
2020-09-13,202038,46.0,46,46,46,0.7222803,13.841538,0,1,410480820203819590,2023-08-21,Cascavel,1.1345979,332333,17.7142857142857,92.6709271428571,0,0,1,73.2931642857143,46.5688104285714,22.7796077142857,28.8571428571429,4,,,,,114299
2020-09-06,202037,50.0,50,50,50,0.96801555,15.045151,0,1,410480820203719590,2023-08-21,Cascavel,1.5041003,332333,19.2857142857143,91.222178,0,1,1,73.1604358571429,45.2377717142857,23.9266287142857,30.1428571428571,4,,,,,114299
2020-08-30,202036,43.0,43,43,43,0.93645346,12.938829,0,1,410480820203619590,2023-08-21,Cascavel,1.4300953,332333,15.5714285714286,91.8437507142857,0,0,1,71.3282848571429,42.8289384285714,21.8674951428571,29.5714285714286,4,,,,,114299
2020-08-23,202035,30.0,30,30,30,0.33102447,9.02709,0,1,410480820203519590,2023-08-21,Cascavel,0.89664257,332333,15.8571428571429,77.6984664285714,0,0,1,54.7936548571429,28.4178011428571,22.0810278571429,30.1428571428571,0,,,,,114299
2020-08-16,202034,26.0,26,26,26,0.06830303,7.823478,0,1,410480820203419590,2023-08-21,Cascavel,0.6882852,332333,11.4285714285714,95.3493614285714,0,0,1,79.9348105714286,62.1238481428571,15.628138,20.0,5,,,,,114299
2020-08-09,202033,31.0,31,31,31,0.3504279,9.327993,0,3,410480820203319590,2023-08-21,Cascavel,0.90965873,332333,14.7142857142857,93.2393571428571,0,0,1,77.2460307142857,57.8783645714286,19.6659431428571,25.1428571428571,5,,,,,114299
2020-08-02,202032,45.0,45,45,45,0.9925689,13.540635,0,3,410480820203219590,2023-08-21,Cascavel,1.8069936,332333,14.8571428571429,85.6103285714286,0,1,1,62.8025417142857,28.9657731428571,20.6397514285714,29.0,10,,,,,114299
2020-07-26,202031,41.0,41,41,41,0.99292415,12.337024,0,1,410480820203119590,2023-08-21,Cascavel,1.8773855,332333,10.1428571428571,94.8677757142857,0,1,1,78.6399091428571,52.8439611428571,15.7893845714286,22.8571428571429,9,,,,,114299
2020-07-19,202030,17.0,17,17,17,0.055956274,5.115351,0,1,410480820203019590,2023-08-21,Cascavel,0.6193576,332333,14.5714285714286,90.4699714285714,0,0,1,65.7486795714286,39.7206457142857,20.390175,27.0,1,,,,,114299
2020-07-12,202029,17.0,17,17,17,0.00060226687,5.115351,0,1,410480820202919590,2023-08-21,Cascavel,0.4133652,332333,14.1428571428571,94.8803448571429,0,0,1,77.1756337142857,51.5193274285714,19.2815868571429,25.5714285714286,3,,,,,114299
2020-07-05,202028,28.0,28,28,28,1.9463636e-05,8.425284,0,1,410480820202819590,2023-08-21,Cascavel,0.41546896,332333,12.8571428571429,99.5780185714286,0,0,1,84.91579,67.1638487142857,16.8884375714286,22.1428571428571,8,,,,,114299
2020-06-28,202027,31.0,31,31,31,1.903524e-10,9.327993,0,1,410480820202719590,2023-08-21,Cascavel,0.30751157,332333,8.57142857142857,98.2263757142857,0,0,1,85.8760487142857,67.1993102857143,13.201147,18.0,19,,,,,114299
2020-06-21,202026,60.0,60,60,60,1.184204e-07,18.05418,0,4,410480820202619590,2023-08-21,Cascavel,0.46054545,332333,13.8571428571429,93.0153005714286,0,0,1,75.2988678571429,53.386742,18.5125418571429,23.7142857142857,23,,,,,114299
2020-06-14,202025,110.0,110,110,110,0.00023375289,33.09933,0,4,410480820202519590,2023-08-21,Cascavel,0.6546213,332333,15.5714285714286,94.702226,0,0,2,77.9736922857143,58.5411197142857,20.2657497142857,25.7142857142857,49,,,,,114299
2020-06-07,202024,133.0,133,133,133,4.357008e-08,40.0201,0,4,410480820202419590,2023-08-21,Cascavel,0.5663102,332333,17.1428571428571,97.3911585714286,0,0,2,85.4249387142857,65.1114485714286,21.2345237142857,26.5714285714286,66,,,,,114299
2020-05-31,202023,139.0,139,139,139,0.0,41.82552,0,4,410480820202319590,2023-08-21,Cascavel,0.43721908,332333,11.7142857142857,100.0,0,0,2,90.6758564285714,71.0416104285714,15.176294,19.5714285714286,70,,,,,114299
2020-05-24,202022,226.0,226,226,226,3.166467e-12,68.00408,0,4,410480820202219590,2023-08-21,Cascavel,0.57041156,332333,9.28571428571429,100.0,0,0,2,83.465038,49.1192457142857,14.3323117142857,21.7142857142857,130,,,,,114299
2020-05-17,202021,333.0,333,333,333,7.147032e-07,100.2007,0,4,410480820202119590,2023-08-21,Cascavel,0.7098179,332333,13.7142857142857,95.69508,0,0,2,80.149225,52.672813,18.7142857142857,25.5714285714286,181,,,,,114299
2020-05-10,202020,391.0,391,391,391,6.238738e-07,117.653076,0,4,410480820202019590,2023-08-21,Cascavel,0.7262044,332333,13.1428571428571,96.58738,0,0,2,79.8694105714286,53.6001374285714,18.3993197142857,24.5714285714286,264,,,,,114299
2020-05-03,202019,478.0,478,478,478,1.833806e-05,143.83163,0,4,410480820201919590,2023-08-21,Cascavel,0.7782791,332333,10.4285714285714,97.3890005714286,0,0,2,76.9636921428571,45.2088174285714,16.2225674285714,23.2857142857143,336,,,,,114299
2020-04-26,202018,537.0,537,537,537,1.0249495e-07,161.58492,0,4,410480820201819590,2023-08-21,Cascavel,0.74495745,332333,19.1428571428571,93.3555342857143,0,0,2,73.5955438571429,45.1186932857143,23.4877452857143,29.4285714285714,373,,,,,114299
2020-04-19,202017,608.0,608,608,608,1.1049439e-09,182.94904,0,4,410480820201719590,2023-08-21,Cascavel,0.72844243,332333,16.0,96.6276905714286,0,0,2,73.2630164285714,40.0083658571429,21.4166668571429,29.5714285714286,463,,,,,114299
2020-04-12,202016,668.0,668,668,668,1.1183572e-06,201.0032,0,4,410480820201619590,2023-08-21,Cascavel,0.78387886,332333,10.7142857142857,99.1517885714286,0,0,2,77.3877835714286,43.268696,17.2797621428571,25.1428571428571,517,,,,,114299
2020-04-05,202015,925.0,925,925,925,0.99977434,278.3353,0,4,410480820201519590,2023-08-21,Cascavel,1.1855067,332333,13.0,99.1065457142857,0,1,2,76.6092728571429,45.2688048571429,18.9226188571429,25.7142857142857,724,,,,,114299
2020-03-29,202014,947.0,947,947,947,0.9999967,284.95514,0,4,410480820201419590,2023-08-21,Cascavel,1.2446297,332333,19.1428571428571,96.5859485714286,0,1,2,77.9657542857143,50.7555462857143,24.190476,30.1428571428571,775,,,,,114299
2020-03-22,202013,722.0,722,722,722,0.015179543,217.25197,0,4,410480820201319590,2023-08-21,Cascavel,0.89509755,332333,19.0,93.3391757142857,0,0,2,69.781909,42.782379,24.0,30.8571428571429,555,,,,,114299
2020-03-15,202012,659.0,659,659,659,0.0029865687,198.29509,0,4,410480820201219590,2023-08-21,Cascavel,0.86417043,332333,19.8571428571429,95.9458528571429,0,0,2,80.123045,57.9831257142857,23.878788,28.5714285714286,469,,,,,114299
2020-03-08,202011,922.0,922,922,922,1.0,277.4326,0,4,410480820201119590,2023-08-21,Cascavel,1.5008383,332333,21.7142857142857,85.54561,1,1,2,71.837219,51.6615214285714,24.8073594285714,29.1428571428571,641,,,,,114299
2020-03-01,202010,862.0,862,862,862,1.0,259.3784,0,4,410480820201019590,2023-08-21,Cascavel,1.8014032,332333,18.4285714285714,94.9642491428571,0,1,2,84.9265771428571,74.0944445714286,20.7532465714286,23.1428571428571,651,,,,,114299
2020-02-23,202009,549.0,549,549,549,1.0,165.19576,0,4,410480820200919590,2023-08-21,Cascavel,1.5241985,332333,17.5714285714286,98.2847528571429,0,1,2,84.7125208571429,65.918145,21.6658114285714,25.8571428571429,425,,,,,114299
2020-02-16,202008,468.0,468,468,468,1.0,140.8226,0,4,410480820200819590,2023-08-21,Cascavel,2.0173035,332333,21.7142857142857,91.854658,1,1,2,85.065332,75.050019,23.1818182857143,25.2857142857143,350,,,,,114299
2020-02-09,202007,425.0,425,425,425,1.0,127.88378,0,4,410480820200719590,2023-08-21,Cascavel,2.9121892,332333,22.1428571428571,92.5699,1,1,2,84.7558365714286,70.4488044285714,24.1142857142857,27.2857142857143,310,,,,,114299
2020-02-02,202006,167.0,167,167,167,0.9999628,50.2508,0,4,410480820200619590,2023-08-21,Cascavel,1.6309981,332333,22.1428571428571,96.6925571428571,1,1,2,84.5755537142857,69.5912222857143,24.8690474285714,28.2857142857143,109,,,,,114299
2020-01-26,202005,126.0,126,126,126,0.99999547,37.91378,0,3,410480820200519590,2023-08-21,Cascavel,1.9297074,332333,20.5714285714286,99.1640914285714,1,1,2,77.5476115714286,46.8402851428571,25.7857142857143,32.1428571428571,78,,,,,114299
2020-01-19,202004,121.0,121,121,121,1.0,36.409264,0,3,410480820200419590,2023-08-21,Cascavel,3.3603418,332333,20.8571428571429,99.1761321428571,1,1,2,81.8537341428571,58.6866594285714,24.8365802857143,29.7142857142857,67,,,,,114299
2020-01-12,202003,54.0,54,54,54,0.99989825,16.248762,0,2,410480820200319590,2023-08-21,Cascavel,2.427532,332333,23.1428571428571,100.0,1,1,1,86.1498151428571,63.788046,26.285714,31.7142857142857,21,,,,,114299
2020-01-05,202002,27.0,27,27,27,0.8196439,8.124381,0,1,410480820200219590,2023-08-21,Cascavel,1.3012989,332333,22.5714285714286,98.31588,1,0,1,81.9065285714286,61.8428635714286,26.2598482857143,31.1428571428571,11,,,,,114299
2019-12-29,202001,20.0,20,20,20,0.20103176,6.01806,0,1,410480820200119590,2023-08-21,Cascavel,0.78126675,332333,22.0,98.02084,1,0,1,83.9043573333333,63.4173428333333,25.3648145,30.0,13,,,,,114299
2019-12-22,201952,12.0,12,12,12,0.006037275,3.610836,0,1,410480820195219590,2023-08-21,Cascavel,0.43852592,332333,19.0,99.1701442857143,0,0,0,88.5266244285714,75.3493465714286,21.4571428571429,24.5714285714286,5,,,,,114299
2019-12-15,201951,33.0,33,33,33,0.85777944,9.929799,0,1,410480820195119590,2023-08-21,Cascavel,1.3239487,332333,20.5714285714286,96.7193957142857,1,0,1,93.2389364285714,88.0786214285714,21.6857142857143,23.0,7,,,,,114299
2019-12-08,201950,29.0,29,29,29,0.76057243,8.726188,0,1,410480820195019590,2023-08-21,Cascavel,1.2136749,332333,20.2857142857143,95.9755085714286,1,0,1,90.9163814285714,82.417271,21.2428571428571,23.0,10,,,,,114299
2019-12-01,201949,25.0,25,25,25,0.42452794,7.5225754,0,1,410480820194919590,2023-08-21,Cascavel,0.9486677,332333,17.7142857142857,97.4298748571429,0,0,1,91.4999731428571,79.3143948571429,19.5539684285714,22.4285714285714,11,,,,,114299
2019-11-24,201948,18.0,18,18,18,0.073133945,5.416254,0,1,410480820194819590,2023-08-21,Cascavel,0.64998686,332333,20.7142857142857,91.1440284285714,1,0,1,85.0886007142857,78.158081,23.0107142857143,25.0,5,,,,,114299
2019-11-17,201947,31.0,31,31,31,0.76777244,9.327993,0,1,410480820194719590,2023-08-21,Cascavel,1.21359,332333,20.5714285714286,87.0942865714286,1,0,1,77.8286874285714,61.500092,22.7380951428571,26.4285714285714,8,,,,,114299
2019-11-10,201946,27.0,27,27,27,0.79658943,8.124381,0,1,410480820194619590,2023-08-21,Cascavel,1.2680728,332333,19.8571428571429,93.9013457142857,0,0,1,87.6591121428571,77.8426885714286,21.7777778571429,24.2857142857143,4,,,,,114299
2019-11-03,201945,31.0,31,31,31,0.92890114,9.327993,0,1,410480820194519590,2023-08-21,Cascavel,1.5062072,332333,22.2857142857143,95.8633478571429,1,0,1,89.04633,82.6833605714286,23.5285714285714,25.1428571428571,6,,,,,114299
2019-10-27,201944,16.0,16,16,16,0.15810585,4.8144484,0,1,410480820194419590,2023-08-21,Cascavel,0.7237947,332333,22.0,86.5090691428571,1,0,1,79.1280902857143,69.7534594285714,23.8701302857143,26.2857142857143,2,,,,,114299
2019-10-20,201943,18.0,18,18,18,0.2823715,5.416254,0,1,410480820194319590,2023-08-21,Cascavel,0.83402544,332333,16.4285714285714,94.2477685714286,0,0,1,84.8814875714286,71.011844,18.9480521428571,22.2857142857143,0,,,,,114299
2019-10-13,201942,28.0,28,28,28,0.8789748,8.425284,0,1,410480820194219590,2023-08-21,Cascavel,1.4009935,332333,21.1428571428571,93.5619371428571,1,0,1,82.9436878571428,71.0123564285714,23.1324674285714,25.7142857142857,1,,,,,114299
2019-10-06,201941,18.0,18,18,18,0.48899284,5.416254,0,1,410480820194119590,2023-08-21,Cascavel,0.9909692,332333,18.0,88.5270614285714,0,0,1,78.6015861428571,66.9438291428571,20.3675325714286,23.2857142857143,0,,,,,114299
2019-09-29,201940,24.0,24,24,24,0.85255045,7.221672,0,1,410480820194019590,2023-08-21,Cascavel,1.3834755,332333,20.1428571428571,82.3913688571429,1,0,1,70.576126,58.7901658571429,22.9090908571429,25.8571428571429,2,,,,,114299
2019-09-22,201939,14.0,14,14,14,0.37987468,4.212642,0,1,410480820193919590,2023-08-21,Cascavel,0.8950731,332333,14.1428571428571,86.66711,0,0,0,73.4491872857143,57.0482168571429,16.9350651428571,20.5714285714286,1,,,,,114299
2019-09-15,201938,20.0,20,20,20,0.8441323,6.01806,0,1,410480820193819590,2023-08-21,Cascavel,1.411095,332333,18.4285714285714,87.5384848571429,0,0,1,78.8643525714286,68.1349532857143,20.7012982857143,23.4285714285714,1,,,,,114299
2019-09-08,201937,17.0,17,17,17,0.64301234,5.115351,0,1,410480820193719590,2023-08-21,Cascavel,1.1366879,332333,18.8571428571429,82.7279182857143,0,0,1,71.256296,60.0798155714286,21.7012987142857,24.5714285714286,0,,,,,114299
2019-09-01,201936,9.0,9,9,9,0.08068783,2.708127,0,1,410480820193619590,2023-08-21,Cascavel,0.56919336,332333,13.7142857142857,90.0063834285714,0,0,0,81.9554708571429,71.556292,15.7012984285714,18.5714285714286,1,,,,,114299
2019-08-25,201935,19.0,19,19,19,0.7110891,5.7171574,0,1,410480820193519590,2023-08-21,Cascavel,1.2055625,332333,15.8571428571429,90.6967085714286,0,0,1,77.4007355714286,58.9688331428571,18.3246754285714,22.1428571428571,0,,,,,114299
2019-08-18,201934,13.0,13,13,13,0.42527804,3.911739,0,1,410480820193419590,2023-08-21,Cascavel,0.93102074,332333,12.4285714285714,92.291162,0,0,0,82.5037641428571,66.2305857142857,14.9090911428571,19.1428571428571,1,,,,,114299
2019-08-11,201933,20.0,20,20,20,0.91540635,6.01806,0,1,410480820193319590,2023-08-21,Cascavel,1.6229655,332333,11.2857142857143,89.0777728571429,0,0,1,79.9064122857143,71.2198292857143,14.1038961428571,17.1428571428571,3,,,,,114299
2019-08-04,201932,12.0,12,12,12,0.56168133,3.610836,0,1,410480820193219590,2023-08-21,Cascavel,1.0652779,332333,12.5714285714286,90.7227134285714,0,0,0,83.5070985714286,75.3353644285714,14.6636363571429,17.2857142857143,2,,,,,114299
2019-07-28,201931,12.0,12,12,12,0.50622404,3.610836,0,1,410480820193119590,2023-08-21,Cascavel,1.0062886,332333,11.0,97.3817757142857,0,0,0,92.0646912857143,83.64463,13.9922078571429,16.7142857142857,1,,,,,114299
2019-07-21,201930,13.0,13,13,13,0.21815884,3.911739,0,1,410480820193019590,2023-08-21,Cascavel,0.7552606,332333,14.5714285714286,91.1793342857143,0,0,0,85.9750772857143,77.7929675714286,16.1168832857143,17.7142857142857,2,,,,,114299
2019-07-14,201929,6.0,6,6,6,4.6207362e-05,1.805418,0,1,410480820192919590,2023-08-21,Cascavel,0.21915555,332333,12.4285714285714,98.1785471428571,0,0,0,92.8255332857143,85.10702,13.6623375714286,15.4285714285714,0,,,,,114299
2019-07-07,201928,18.0,18,18,18,0.00046931783,5.416254,0,1,410480820192819590,2023-08-21,Cascavel,0.4153471,332333,9.71428571428571,92.82678,0,0,1,86.7511585714286,73.4579247142857,11.2077922285714,14.1428571428571,3,,,,,114299
2019-06-30,201927,22.0,22,22,22,2.1701237e-06,6.6198664,0,1,410480820192719590,2023-08-21,Cascavel,0.34741145,332333,10.7142857142857,96.4811557142857,0,0,1,91.9888192857143,82.0396447142857,13.2597403571429,16.0,9,,,,,114299
2019-06-23,201926,42.0,42,42,42,0.0001590902,12.637926,0,1,410480820192619590,2023-08-21,Cascavel,0.5152107,332333,14.5714285714286,96.5020071428571,0,0,1,90.3723877142857,79.0410868571429,16.5844154285714,19.2857142857143,16,,,,,114299
2019-06-16,201925,62.0,62,62,62,0.0044097938,18.655987,0,4,410480820192519590,2023-08-21,Cascavel,0.65565485,332333,16.4285714285714,95.7749462857143,0,0,1,91.4080374285714,83.7819957142857,17.753247,19.5714285714286,30,,,,,114299
2019-06-09,201924,90.0,90,90,90,0.035040338,27.08127,0,4,410480820192419590,2023-08-21,Cascavel,0.7764974,332333,17.0,94.7804662857143,0,0,2,85.0092978571429,71.074767,19.2305197142857,22.5714285714286,45,,,,,114299
2019-06-02,201923,93.0,93,93,93,1.193659e-05,27.98398,0,4,410480820192319590,2023-08-21,Cascavel,0.5825278,332333,13.2857142857143,99.0929614285714,0,0,2,94.9431271428571,87.19016,14.6623378571429,16.7142857142857,50,,,,,114299
2019-05-26,201922,95.0,95,95,95,5.1056936e-12,28.585787,0,4,410480820192219590,2023-08-21,Cascavel,0.44675207,332333,17.5714285714286,97.51877,0,0,2,95.3129278571429,90.3849014285714,18.4935067142857,19.7142857142857,54,,,,,114299
2019-05-19,201921,154.0,154,154,154,1.1202817e-06,46.33906,0,4,410480820192119590,2023-08-21,Cascavel,0.62010807,332333,16.4285714285714,99.1392157142857,0,0,2,97.7429707142857,94.1148928571429,17.3857142857143,18.5714285714286,70,,,,,114299
2019-05-12,201920,225.0,225,225,225,0.054149993,67.70318,0,4,410480820192019590,2023-08-21,Cascavel,0.8642813,332333,14.1428571428571,98.2656485714286,0,0,2,96.1533594285714,92.20058,15.6116885714286,17.5714285714286,126,,,,,114299
2019-05-05,201919,270.0,270,270,270,0.5321639,81.24381,0,4,410480820191919590,2023-08-21,Cascavel,1.0069774,332333,20.0,99.1455371428571,0,0,2,97.218602,91.7806957142857,21.1442998571429,23.0,142,,,,,114299
2019-04-28,201918,259.0,259,259,259,0.27031267,77.933876,0,4,410480820191819590,2023-08-21,Cascavel,0.94836265,332333,19.0,99.1640914285714,0,0,2,97.6473128571429,93.5812234285714,19.817316,21.4285714285714,123,,,,,114299
2019-04-21,201917,256.0,256,256,256,0.5924944,77.03117,0,4,410480820191719590,2023-08-21,Cascavel,1.0209876,332333,20.1428571428571,100.0,1,0,2,97.9306942857143,93.30766,21.036408,22.2857142857143,125,,,,,114299
2019-04-14,201916,303.0,303,303,303,0.9999824,91.173615,0,4,410480820191619590,2023-08-21,Cascavel,1.4451345,332333,19.1428571428571,100.0,0,1,2,94.9007272857143,87.2844654285714,20.3575758571429,22.7142857142857,130,,,,,114299
2019-04-07,201915,270.0,270,270,270,0.99998945,81.24381,0,4,410480820191519590,2023-08-21,Cascavel,1.4986211,332333,18.4285714285714,99.1517885714286,0,1,2,96.0576352857143,87.8417128571429,19.7007577142857,21.7142857142857,83,,,,,114299
2019-03-31,201914,188.0,188,188,188,0.94092584,56.569767,0,4,410480820191419590,2023-08-21,Cascavel,1.1827885,332333,20.2857142857143,100.0,1,0,2,97.0327367142857,94.0932105714286,21.3675325714286,22.1428571428571,75,,,,,114299
2019-03-24,201913,178.0,178,178,178,0.99356014,53.560738,0,4,410480820191319590,2023-08-21,Cascavel,1.3264999,332333,17.8571428571429,98.2778042857143,0,1,2,91.9738442857143,82.7136064285714,20.0,23.0,108,,,,,114299
2019-03-17,201912,173.0,173,173,173,0.99989027,52.05622,0,4,410480820191219590,2023-08-21,Cascavel,1.5577447,332333,19.1428571428571,100.0,0,1,2,97.4161314285714,90.8021157142857,20.1025971428571,21.4285714285714,104,,,,,114299
2019-03-10,201911,124.0,124,124,124,0.98579884,37.311974,0,4,410480820191119590,2023-08-21,Cascavel,1.3490393,332333,21.1428571428571,100.0,1,1,2,97.1011291428571,90.9742728571429,22.0476194285714,23.4285714285714,77,,,,,114299
2019-03-03,201910,117.0,117,117,117,0.99616224,35.20565,0,4,410480820191019590,2023-08-21,Cascavel,1.4662974,332333,20.4285714285714,95.7723648571429,1,1,2,88.6876287142857,79.8290985714286,21.9350648571429,24.0,66,,,,,114299
2019-02-24,201909,85.0,85,85,85,0.89073455,25.576756,0,4,410480820190919590,2023-08-21,Cascavel,1.2186849,332333,18.5714285714286,94.4240565714286,0,0,2,86.8661085714286,74.6440594285714,20.3649351428571,23.1428571428571,57,,,,,114299
2019-02-17,201908,76.0,76,76,76,0.97863275,22.86863,0,3,410480820190819590,2023-08-21,Cascavel,1.4309512,332333,20.1428571428571,97.52931,1,1,2,92.1741664285714,84.2653577142857,21.5454545714286,23.4285714285714,44,,,,,114299
2019-02-10,201907,81.0,81,81,81,0.9999898,24.373144,0,3,410480820190719590,2023-08-21,Cascavel,2.2666602,332333,21.1428571428571,95.8627657142857,1,1,2,90.3279935714286,80.9856371428571,22.8714285714286,25.4285714285714,40,,,,,114299
2019-02-03,201906,53.0,53,53,53,0.99928707,15.94786,0,2,410480820190619590,2023-08-21,Cascavel,2.099034,332333,20.8571428571429,95.8141985714286,1,1,1,82.49247,62.584278,24.1265872857143,29.2857142857143,34,,,,,114299
2019-01-27,201905,28.0,28,28,28,0.9170758,8.425284,0,3,410480820190519590,2023-08-21,Cascavel,1.5011115,332333,23.1428571428571,90.1839671428571,1,0,1,68.1386131428571,40.3831701428571,28.4431817142857,35.5714285714286,4,,,,,114299
2019-01-20,201904,26.0,26,26,26,0.9810862,7.823478,0,3,410480820190419590,2023-08-21,Cascavel,1.9623194,332333,22.1428571428571,95.1705985714286,1,1,1,74.010195,44.1898178571429,27.3214288571429,34.2857142857143,11,,,,,114299
2019-01-13,201903,19.0,19,19,19,0.9698622,5.7171574,0,2,410480820190319590,2023-08-21,Cascavel,2.050578,332333,22.7142857142857,96.6502485714286,1,1,1,82.5869628571429,63.5971497142857,25.7714285714286,30.1428571428571,5,,,,,114299
2019-01-06,201902,11.0,11,11,11,0.84734637,3.3099332,0,2,410480820190219590,2023-08-21,Cascavel,1.6181365,332333,22.8571428571429,93.6041622857143,1,0,0,88.7587911428571,82.9306151428571,23.7984128571429,25.0,2,,,,,114299
2018-12-30,201901,11.0,11,11,11,0.8593659,3.3099332,0,2,410480820190119590,2023-08-21,Cascavel,1.664024,332333,24.0,96.7230828571429,1,0,0,90.6126437142857,84.0066657142857,24.869841,26.2857142857143,1,,,,,114299
2018-12-23,201852,3.0,3,3,3,0.092723675,0.902709,0,2,410480820185219590,2023-08-21,Cascavel,0.4325839,332333,21.7142857142857,98.29719,1,0,0,86.3483692857143,70.4481424285714,24.129762,27.5714285714286,0,,,,,114299
2018-12-16,201851,8.0,8,8,8,0.63569474,2.4072242,0,1,410480820185119590,2023-08-21,Cascavel,1.1926658,332333,22.2857142857143,93.3868028571429,1,0,0,78.5975242857143,53.938422,26.3869045714286,32.8571428571429,0,,,,,114299
2018-12-09,201850,7.0,7,7,7,0.6026179,2.106321,0,1,410480820185019590,2023-08-21,Cascavel,1.149617,332333,20.2857142857143,88.4284442857143,1,0,0,63.684935,36.6086582857143,26.7500002857143,34.0,0,,,,,114299
2018-12-02,201849,7.0,7,7,7,0.7158622,2.106321,0,1,410480820184919590,2023-08-21,Cascavel,1.3756595,332333,14.7142857142857,93.0839814285714,0,0,0,80.2304637142857,61.822538,17.7638887142857,21.8571428571429,0,,,,,114299
2018-11-25,201848,6.0,6,6,6,0.7649884,1.805418,0,1,410480820184819590,2023-08-21,Cascavel,1.562834,332333,20.2857142857143,95.9128914285714,1,0,0,90.4480784285714,81.5613777142857,21.7650792857143,23.8571428571429,1,,,,,114299
2018-11-18,201847,6.0,6,6,6,0.7917658,1.805418,0,1,410480820184719590,2023-08-21,Cascavel,1.6644468,332333,19.7142857142857,94.1293582857143,0,0,0,87.0302194285714,80.0923602857143,21.2222221428571,22.8571428571429,1,,,,,114299
2018-11-11,201846,3.0,3,3,3,0.37153906,0.902709,0,1,410480820184619590,2023-08-21,Cascavel,0.7889684,332333,20.8571428571429,93.3468828571429,1,0,0,84.3657654285714,74.6601465714286,22.495238,24.7142857142857,2,,,,,114299
2018-11-04,201845,2.0,2,2,2,0.3331836,0.60180604,0,1,410480820184519590,2023-08-21,Cascavel,0.6970255,332333,19.7142857142857,200.237047142857,0,0,0,94.449855,74.1085301428571,21.3857142857143,23.7142857142857,0,,,,,114299
2018-10-28,201844,7.0,7,7,7,0.9447575,2.106321,0,1,410480820184419590,2023-08-21,Cascavel,2.8782148,332333,18.0,95.0112034285714,0,0,0,87.0351055714286,75.5028442857143,19.7922077142857,22.4285714285714,1,,,,,114299
2018-10-21,201843,1.0,1,1,1,0.11007753,0.30090302,0,1,410480820184319590,2023-08-21,Cascavel,0.31412876,332333,16.4285714285714,129.599635714286,0,0,0,93.5868244285714,84.8549042857143,20.0519482857143,21.4285714285714,1,,,,,114299
2018-10-14,201842,2.0,2,2,2,0.17890939,0.60180604,0,1,410480820184219590,2023-08-21,Cascavel,0.48913214,332333,18.2857142857143,99.1640914285714,0,0,0,93.1023657142857,81.5064147142857,20.7700217142857,24.0,0,,,,,114299
2018-10-07,201841,3.0,3,3,3,0.28546223,0.902709,0,1,410480820184119590,2023-08-21,Cascavel,0.67314845,332333,19.7142857142857,97.5177328571429,0,0,0,89.70956,71.970706,22.272774,26.2857142857143,1,,,,,114299
2018-09-30,201840,5.0,5,5,5,0.55861294,1.504515,0,1,410480820184019590,2023-08-21,Cascavel,1.0956067,332333,18.4285714285714,98.2583342857143,0,0,0,87.3747342857143,73.467323,21.1012988571429,24.2857142857143,1,,,,,114299
2018-09-23,201839,4.0,4,4,4,0.49014902,1.2036121,0,1,410480820183919590,2023-08-21,Cascavel,0.9836282,332333,19.5714285714286,94.90644,0,0,0,87.4218701428571,77.6816781428571,21.3532471428571,23.2857142857143,0,,,,,114299
2018-09-16,201838,5.0,5,5,5,0.7723878,1.504515,0,1,410480820183819590,2023-08-21,Cascavel,1.6622127,332333,16.5714285714286,98.2719005714286,0,0,0,93.867013,86.2607391428571,17.8467527142857,19.4285714285714,0,,,,,114299
2018-09-09,201837,5.0,5,5,5,0.8901376,1.504515,0,1,410480820183719590,2023-08-21,Cascavel,2.4939528,332333,16.0,92.65996,0,0,0,85.5719551428571,75.2486115714286,17.8454545714286,20.4285714285714,0,,,,,114299
2018-09-02,201836,2.0,2,2,2,0.7283468,0.60180604,0,1,410480820183619590,2023-08-21,Cascavel,1.8511012,332333,11.7142857142857,99.0929614285714,0,0,0,94.4272728571429,86.3252514285714,13.1890332857143,15.2857142857143,0,,,,,114299
2018-08-26,201835,3.0,3,3,3,0.9340692,0.902709,0,1,410480820183519590,2023-08-21,Cascavel,4.83863,332333,12.5714285714286,89.7719044285714,0,0,0,81.3983728571429,67.6820868571429,14.8311687142857,17.7142857142857,0,,,,,114299
2018-08-19,201834,0.0,0,0,0,0.0,0.0,0,1,410480820183419590,2023-08-21,Cascavel,0.0,332333,11.4285714285714,97.3790177142857,0,0,0,93.432542,86.3518828571429,13.4688312857143,15.5714285714286,0,,,,,114299
2018-08-12,201833,1.0,1,1,1,0.50890404,0.30090302,0,1,410480820183319590,2023-08-21,Cascavel,1.026131,332333,12.8571428571429,98.21977,0,0,0,86.8652475714286,70.6950335714286,15.737554,20.0,0,,,,,114299
2018-08-05,201832,0.0,0,0,0,0.0,0.0,0,1,410480820183219590,2023-08-21,Cascavel,0.0,332333,7.57142857142857,100.0,0,0,0,85.7898302857143,57.255766,12.5238094285714,19.1428571428571,0,,,,,114299
2018-07-29,201831,1.0,1,1,1,0.114570834,0.30090302,0,1,410480820183119590,2023-08-21,Cascavel,0.31992954,332333,9.57142857142857,977.153285714286,0,0,0,123.729066285714,60.317265,14.437888,20.0,0,,,,,114299
2018-07-22,201830,1.0,1,1,1,0.06909054,0.30090302,0,1,410480820183019590,2023-08-21,Cascavel,0.2593786,332333,13.2857142857143,100.0,0,0,0,87.6762085714286,64.5907352857143,17.2797618571429,23.1428571428571,0,,,,,114299
2018-07-15,201829,5.0,5,5,5,0.5238433,1.504515,0,1,410480820182919590,2023-08-21,Cascavel,1.0372483,332333,15.0,89.7792128571429,0,0,0,67.1409942857143,44.2532348571429,20.362554,25.8571428571429,1,,,,,114299
2018-07-08,201828,2.0,2,2,2,0.109485306,0.60180604,0,1,410480820182819590,2023-08-21,Cascavel,0.4001466,332333,11.0,96.4340392857143,0,0,0,92.0211814285714,86.4093198571429,12.2987014285714,13.8571428571429,1,,,,,114299
2018-07-01,201827,6.0,6,6,6,0.75716496,1.805418,0,1,410480820182719590,2023-08-21,Cascavel,1.5360327,332333,17.0,99.1392157142857,0,0,0,94.0814107142857,88.7870762857143,18.6129872857143,20.2857142857143,4,,,,,114299
2018-06-24,201826,6.0,6,6,6,0.8365185,1.805418,0,1,410480820182619590,2023-08-21,Cascavel,1.8814747,332333,16.2857142857143,99.1328242857143,0,0,0,95.1790305714286,90.206442,17.4415588571429,18.8571428571429,3,,,,,114299
2018-06-17,201825,4.0,4,4,4,0.5147098,1.2036121,0,1,410480820182519590,2023-08-21,Cascavel,1.0251936,332333,10.8571428571429,100.0,0,0,0,96.5546828571429,89.70018,12.7389612142857,15.2857142857143,0,,,,,114299
2018-06-10,201824,1.0,1,1,1,0.043204654,0.30090302,0,1,410480820182419590,2023-08-21,Cascavel,0.22062054,332333,12.7142857142857,95.1043871428571,0,0,0,90.1175837142857,84.656427,14.5714285,15.8571428571429,0,,,,,114299
2018-06-03,201823,5.0,5,5,5,0.5339068,1.504515,0,1,410480820182319590,2023-08-21,Cascavel,1.0536131,332333,8.57142857142857,99.0720014285714,0,0,0,94.8458735714286,89.4317967142857,10.4259740714286,12.1428571428571,0,,,,,114299
2018-05-27,201822,5.0,5,5,5,0.43039057,1.504515,0,1,410480820182219590,2023-08-21,Cascavel,0.9013555,332333,16.1428571428571,96.4523857142857,0,0,0,88.560788,79.2740455714286,17.6259742857143,20.0,0,,,,,114299
2018-05-20,201821,4.0,4,4,4,0.18801624,1.2036121,0,1,410480820182119590,2023-08-21,Cascavel,0.5902901,332333,10.1428571428571,100.0,0,0,0,93.6436015714286,79.4496778571429,12.3073592857143,15.5714285714286,0,,,,,114299
2018-05-13,201820,5.0,5,5,5,0.17622621,1.504515,0,1,410480820182019590,2023-08-21,Cascavel,0.60522085,332333,15.1428571428571,100.0,0,0,0,87.3210437142857,63.3294657142857,19.5595235714286,25.1428571428571,0,,,,,114299
2018-05-06,201819,8.0,8,8,8,0.27009562,2.4072242,0,1,410480820181919590,2023-08-21,Cascavel,0.75638795,332333,18.7142857142857,97.4817757142857,0,0,0,83.1051012857143,58.8160457142857,22.1726191428571,27.1428571428571,2,,,,,114299
2018-04-29,201818,6.0,6,6,6,0.05416157,1.805418,0,1,410480820181819590,2023-08-21,Cascavel,0.4721346,332333,20.0,98.2910042857143,0,0,0,77.4980314285714,47.806201,24.6488094285714,30.7142857142857,1,,,,,114299
2018-04-22,201817,12.0,12,12,12,0.2692096,3.610836,0,1,410480820181719590,2023-08-21,Cascavel,0.7919253,332333,20.2857142857143,100.0,1,0,0,83.4089767142857,54.0402557142857,24.1964282857143,30.1428571428571,6,,,,,114299
2018-04-15,201816,13.0,13,13,13,0.27152053,3.911739,0,1,410480820181619590,2023-08-21,Cascavel,0.8005623,332333,19.4285714285714,99.1517885714286,0,0,0,91.6846644285714,81.0223255714286,21.435606,24.0,4,,,,,114299
2018-04-08,201815,12.0,12,12,12,0.43085587,3.610836,0,1,410480820181519590,2023-08-21,Cascavel,0.93357277,332333,19.7142857142857,99.1517885714286,0,0,0,91.9252378571429,82.3820014285714,21.5909091428571,24.4285714285714,2,,,,,114299
2018-04-01,201814,25.0,25,25,25,0.9959031,7.5225754,0,1,410480820181419590,2023-08-21,Cascavel,2.5382445,332333,17.4285714285714,100.0,0,1,1,98.7933434285714,95.6510577142857,19.048052,21.0,6,,,,,114299
2018-03-25,201813,9.0,9,9,9,0.4790784,2.708127,0,1,410480820181319590,2023-08-21,Cascavel,0.97626007,332333,19.1428571428571,100.0,0,0,0,98.6044178571429,94.0588128571429,20.0103895714286,21.0,3,,,,,114299
2018-03-18,201812,8.0,8,8,8,0.42559934,2.4072242,0,1,410480820181219590,2023-08-21,Cascavel,0.91443115,332333,22.2857142857143,96.7655885714286,1,0,0,94.092771,88.0917051428571,23.1558442857143,24.8571428571429,2,,,,,114299
2018-03-11,201811,11.0,11,11,11,0.7230921,3.3099332,0,1,410480820181119590,2023-08-21,Cascavel,1.3019818,332333,22.5714285714286,99.1640914285714,1,0,0,94.7808314285714,86.6093624285714,23.7493505714286,25.7142857142857,1,,,,,114299
2018-03-04,201810,8.0,8,8,8,0.4064282,2.4072242,0,1,410480820181019590,2023-08-21,Cascavel,0.89379203,332333,20.0,100.0,0,0,0,97.9220192857143,91.8346671428571,21.3584417142857,22.8571428571429,3,,,,,114299
2018-02-25,201809,8.0,8,8,8,0.28841072,2.4072242,0,1,410480820180919590,2023-08-21,Cascavel,0.7743079,332333,21.4285714285714,101.838235,1,0,0,86.65871,64.8390268571429,24.8771648571429,29.4285714285714,6,,,,,114299
2018-02-18,201808,9.0,9,9,9,0.25448892,2.708127,0,1,410480820180819590,2023-08-21,Cascavel,0.75261605,332333,18.7142857142857,100.0,0,0,0,92.3502364285714,81.9059114285714,21.0514071428571,23.7142857142857,2,,,,,114299
2018-02-11,201807,9.0,9,9,9,0.2361311,2.708127,0,2,410480820180719590,2023-08-21,Cascavel,0.7352163,332333,20.4285714285714,95.8094771428571,1,0,0,91.422051,84.6034142857143,21.8539684285714,23.4285714285714,1,,,,,114299
2018-02-04,201806,14.0,14,14,14,0.60167396,4.212642,0,2,410480820180619590,2023-08-21,Cascavel,1.1032538,332333,21.1428571428571,94.9668471428571,1,0,0,83.9527557142857,67.319754,23.3654762857143,27.0,9,,,,,114299
2018-01-28,201805,13.0,13,13,13,0.3513147,3.911739,0,2,410480820180519590,2023-08-21,Cascavel,0.8673077,332333,21.8571428571429,97.5102385714286,1,0,0,91.4285008571429,83.5317571428571,23.8365078571429,25.5714285714286,7,,,,,114299
2018-01-21,201804,9.0,9,9,9,0.08386219,2.708127,0,2,410480820180419590,2023-08-21,Cascavel,0.5734322,332333,21.7142857142857,100.051951428571,1,0,0,90.4373494285714,75.0535418571429,23.945238,27.7142857142857,3,,,,,114299
2018-01-14,201803,17.0,17,17,17,0.785566,5.115351,0,2,410480820180319590,2023-08-21,Cascavel,1.3330574,332333,21.5714285714286,100.0,1,0,1,92.5255678571429,78.5931977142857,24.0287785714286,27.2857142857143,5,,,,,114299
2018-01-07,201802,19.0,19,19,19,0.96148753,5.7171574,0,2,410480820180219590,2023-08-21,Cascavel,1.9496378,332333,20.7142857142857,99.1579742857143,1,1,1,95.47186,90.1525371428571,22.1428571428571,23.4285714285714,3,,,,,114299
2017-12-31,201801,13.0,13,13,13,0.73617005,3.911739,0,2,410480820180119590,2023-08-21,Cascavel,1.2963394,332333,20.7142857142857,98.3281185714286,1,0,0,95.2542421428571,87.3189365714286,22.0222221428571,23.8571428571429,6,,,,,114299
2017-12-24,201752,6.0,6,6,6,0.08441152,1.805418,0,1,410480820175219590,2023-08-21,Cascavel,0.5181658,332333,21.4285714285714,100.0,1,0,0,92.387894,80.4549051428571,23.6010354285714,26.2857142857143,2,,,,,114299
2017-12-17,201751,10.0,10,10,10,0.3545993,3.00903,0,1,410480820175119590,2023-08-21,Cascavel,0.8544642,332333,22.0,99.1640914285714,1,0,0,89.8253922857143,79.8610134285714,24.0079362857143,26.8571428571429,3,,,,,114299
2017-12-10,201750,13.0,13,13,13,0.6358865,3.911739,0,1,410480820175019590,2023-08-21,Cascavel,1.1487709,332333,19.0,100.0,0,0,0,78.7386542857143,57.775246,24.4369048571429,29.7142857142857,2,,,,,114299
2017-12-03,201749,13.0,13,13,13,0.65455765,3.911739,0,1,410480820174919590,2023-08-21,Cascavel,1.1729443,332333,21.2857142857143,98.31588,1,0,0,91.6557258571429,80.6899182857143,23.3161562857143,25.7142857142857,6,,,,,114299
2017-11-26,201748,8.0,8,8,8,0.392154,2.4072242,0,1,410480820174819590,2023-08-21,Cascavel,0.8787179,332333,18.1428571428571,99.1455371428571,0,0,0,79.7594791428571,52.1268532857143,23.220238,29.5714285714286,4,,,,,114299
2017-11-19,201747,16.0,16,16,16,0.9617953,4.8144484,0,1,410480820174719590,2023-08-21,Cascavel,2.0953755,332333,15.2857142857143,99.1132242857143,0,1,1,78.2054648571429,46.524685,21.2083334285714,27.8571428571429,3,,,,,114299
2017-11-12,201746,7.0,7,7,7,0.41338307,2.106321,0,1,410480820174619590,2023-08-21,Cascavel,0.89528495,332333,19.5,100.0,0,0,0,91.596585,69.786852,22.458333,26.5,1,,,,,114299
2017-11-05,201745,6.0,6,6,6,0.15557024,1.805418,0,1,410480820174519590,2023-08-21,Cascavel,0.60528857,332333,19.27,,0,0,0,,,,,0,,,,,114299
2017-10-29,201744,10.0,10,10,10,0.29291555,3.00903,0,1,410480820174419590,2023-08-21,Cascavel,0.7976894,332333,19.04,,0,0,0,,,,,2,,,,,114299
2017-10-22,201743,3.0,3,3,3,0.011572645,0.902709,0,1,410480820174319590,2023-08-21,Cascavel,0.27409673,332333,18.81,,0,0,0,,,,,1,,,,,114299
2017-10-15,201742,23.0,23,23,23,0.9889318,6.920769,0,1,410480820174219590,2023-08-21,Cascavel,2.2620893,332333,18.58,,0,1,1,,,,,11,,,,,114299
2017-10-08,201741,7.0,7,7,7,0.100355335,2.106321,0,1,410480820174119590,2023-08-21,Cascavel,0.56057084,332333,18.35,,0,0,0,,,,,1,,,,,114299
2017-10-01,201740,6.0,6,6,6,0.03160082,1.805418,0,1,410480820174019590,2023-08-21,Cascavel,0.42815274,332333,18.12,,0,0,0,,,,,2,,,,,114299
2017-09-24,201739,17.0,17,17,17,0.7166197,5.115351,0,1,410480820173919590,2023-08-21,Cascavel,1.2262552,332333,17.89,,0,0,1,,,,,7,,,,,114299
2017-09-17,201738,12.0,12,12,12,0.54861677,3.610836,0,1,410480820173819590,2023-08-21,Cascavel,1.0508535,332333,17.66,,0,0,0,,,,,3,,,,,114299
2017-09-10,201737,17.0,17,17,17,0.95967746,5.115351,0,1,410480820173719590,2023-08-21,Cascavel,2.0175269,332333,17.43,,0,1,1,,,,,10,,,,,114299
2017-09-03,201736,12.0,12,12,12,0.8548852,3.610836,0,1,410480820173619590,2023-08-21,Cascavel,1.6091706,332333,17.2,87.6,0,0,0,72.3404748,52.6,20.242857,24.4,4,,,,,114299
2017-08-27,201735,6.0,6,6,6,0.3440571,1.805418,0,1,410480820173519590,2023-08-21,Cascavel,0.80819273,332333,18.0,87.0,0,0,0,79.796718,71.5714285714286,19.4081892857143,21.1428571428571,0,,,,,114299
2017-08-20,201734,7.0,7,7,7,0.61083174,2.106321,0,1,410480820173419590,2023-08-21,Cascavel,1.1633416,332333,15.2857142857143,87.5714285714286,0,0,0,82.8115085714286,75.5714285714286,16.1865078571429,17.2857142857143,1,,,,,114299
2017-08-13,201733,9.0,9,9,9,0.92698526,2.708127,0,1,410480820173319590,2023-08-21,Cascavel,2.2498136,332333,15.0,98.2857142857143,0,0,0,96.2142857142857,90.5714285714286,15.9848485714286,17.0,0,,,,,114299
2017-08-06,201732,7.0,7,7,7,0.8637258,2.106321,0,1,410480820173219590,2023-08-21,Cascavel,1.9433422,332333,17.2857142857143,78.5714285714286,0,0,0,71.732142,62.8571428571429,18.5376982857143,19.8571428571429,0,,,,,114299
2017-07-30,201731,2.0,2,2,2,0.15068053,0.60180604,0,1,410480820173119590,2023-08-21,Cascavel,0.453414,332333,12.8571428571429,91.5714285714286,0,0,0,86.126985,79.0,14.4507938571429,15.7142857142857,1,,,,,114299
2017-07-23,201730,3.0,3,3,3,0.2764759,0.902709,0,1,410480820173019590,2023-08-21,Cascavel,0.6617614,332333,14.8571428571429,81.5714285714286,0,0,0,73.375,64.1428571428571,16.3571428571429,18.2857142857143,0,,,,,114299
2017-07-16,201729,5.0,5,5,5,0.64858365,1.504515,0,1,410480820172919590,2023-08-21,Cascavel,1.2771398,332333,5.57142857142857,96.7142857142857,0,0,0,90.1607142857143,83.5714285714286,7.17857142857143,8.57142857142857,1,,,,,114299
2017-07-09,201728,6.0,6,6,6,0.7644582,1.805418,0,1,410480820172819590,2023-08-21,Cascavel,1.5609801,332333,15.4285714285714,92.2857142857143,0,0,0,85.3253971428571,76.8571428571429,16.6369048571429,18.5714285714286,1,,,,,114299
2017-07-02,201727,2.0,2,2,2,0.16016255,0.60180604,0,1,410480820172719590,2023-08-21,Cascavel,0.46543315,332333,11.7142857142857,92.2857142857143,0,0,0,86.8888885714286,80.1428571428571,13.1369047142857,14.7142857142857,0,,,,,114299
2017-06-25,201726,5.0,5,5,5,0.39501113,1.504515,0,1,410480820172619590,2023-08-21,Cascavel,0.85571957,332333,15.1428571428571,94.8571428571429,0,0,0,90.1709185714286,83.2857142857143,16.2576531428571,18.0,2,,,,,114299
2017-06-18,201725,3.0,3,3,3,0.061761722,0.902709,0,1,410480820172519590,2023-08-21,Cascavel,0.38667732,332333,12.7142857142857,98.2857142857143,0,0,0,92.3988091428571,86.1428571428571,14.0809522857143,16.0,1,,,,,114299
2017-06-11,201724,5.0,5,5,5,0.12785052,1.504515,0,1,410480820172419590,2023-08-21,Cascavel,0.54882616,332333,13.1428571428571,98.2857142857143,0,0,0,93.9073121428571,85.8571428571429,14.2925169285714,16.1428571428571,2,,,,,114299
2017-06-04,201723,10.0,10,10,10,0.42182863,3.00903,0,1,410480820172319590,2023-08-21,Cascavel,0.91884553,332333,15.5714285714286,98.2857142857143,0,0,0,95.498015,90.5714285714286,16.6464288571429,17.5714285714286,5,,,,,114299
2017-05-28,201722,7.0,7,7,7,0.09314565,2.106321,0,1,410480820172219590,2023-08-21,Cascavel,0.5513024,332333,14.7142857142857,100.0,0,0,0,98.6726184285714,96.2857142857143,15.3690472857143,16.0,3,,,,,114299
2017-05-21,201721,12.0,12,12,12,0.42620665,3.610836,0,1,410480820172119590,2023-08-21,Cascavel,0.92929524,332333,18.8571428571429,98.2857142857143,0,0,0,96.0926864285714,93.2857142857143,19.2154194285714,19.8571428571429,6,,,,,114299
2017-05-14,201720,12.0,12,12,12,0.6007756,3.610836,0,1,410480820172019590,2023-08-21,Cascavel,1.1107943,332333,15.4285714285714,100.0,0,0,0,98.6230154285714,94.2857142857143,16.5386905714286,17.5714285714286,6,,,,,114299
2017-05-07,201719,17.0,17,17,17,0.8916492,5.115351,0,1,410480820171919590,2023-08-21,Cascavel,1.5986131,332333,17.7142857142857,99.1428571428571,0,0,1,94.4736957142857,87.7142857142857,18.8594105714286,20.2857142857143,5,,,,,114299
2017-04-30,201718,9.0,9,9,9,0.14992735,2.708127,0,1,410480820171819590,2023-08-21,Cascavel,0.65003693,332333,16.1428571428571,99.1428571428571,0,0,0,95.6636778571429,89.0,17.4343495714286,18.7142857142857,4,,,,,114299
2017-04-23,201717,6.0,6,6,6,0.015656304,1.805418,0,1,410480820171719590,2023-08-21,Cascavel,0.38376725,332333,13.4285714285714,99.1428571428571,0,0,0,91.774093,79.4285714285714,15.3735828571429,17.8571428571429,2,,,,,114299
2017-04-16,201716,17.0,17,17,17,0.64749455,5.115351,0,1,410480820171619590,2023-08-21,Cascavel,1.141643,332333,18.5714285714286,100.0,0,0,1,96.5195174285714,88.2857142857143,19.650108,21.0,6,,,,,114299
2017-04-09,201715,18.0,18,18,18,0.7323864,5.416254,0,1,410480820171519590,2023-08-21,Cascavel,1.240252,332333,19.1428571428571,98.2857142857143,0,0,1,93.9224292857143,84.5714285714286,20.5111295714286,22.4285714285714,3,,,,,114299
2017-04-02,201714,13.0,13,13,13,0.29479173,3.911739,0,1,410480820171419590,2023-08-21,Cascavel,0.82001054,332333,20.1428571428571,97.4285714285714,1,0,0,90.9501228571429,84.4285714285714,20.9550492857143,22.2857142857143,5,,,,,114299
2017-03-26,201713,15.0,15,15,15,0.29656383,4.513545,0,1,410480820171319590,2023-08-21,Cascavel,0.83195126,332333,19.5714285714286,94.8571428571429,0,0,1,87.9316328571429,79.5714285714286,20.9734692857143,22.7142857142857,7,,,,,114299
2017-03-19,201712,13.0,13,13,13,0.15818155,3.911739,0,1,410480820171219590,2023-08-21,Cascavel,0.7012813,332333,20.1428571428571,95.7142857142857,1,0,0,90.4231864285714,83.8571428571429,21.1527778571429,22.4285714285714,3,,,,,114299
2017-03-12,201711,22.0,22,22,22,0.78870255,6.6198664,0,1,410480820171119590,2023-08-21,Cascavel,1.2903887,332333,18.4285714285714,99.1428571428571,0,0,1,93.1052014285714,84.7142857142857,20.0165074285714,22.0,13,,,,,114299
2017-03-05,201710,17.0,17,17,17,0.7017354,5.115351,0,2,410480820171019590,2023-08-21,Cascavel,1.2065425,332333,23.2857142857143,96.7142857142857,1,0,1,90.6271507142857,79.2857142857143,24.2384562857143,25.7142857142857,2,,,,,114299
2017-02-26,201709,21.0,21,21,21,0.9190595,6.318963,0,2,410480820170919590,2023-08-21,Cascavel,1.6172152,332333,22.0,96.5714285714286,1,0,1,91.7302722857143,84.7142857142857,23.412207,25.2857142857143,6,,,,,114299
2017-02-19,201708,11.0,11,11,11,0.1946141,3.3099332,0,2,410480820170819590,2023-08-21,Cascavel,0.7171443,332333,22.2857142857143,95.8571428571429,1,0,0,88.3290814285714,79.4285714285714,23.8596938571429,25.4285714285714,5,,,,,114299
2017-02-12,201707,12.0,12,12,12,0.070031,3.610836,0,2,410480820170719590,2023-08-21,Cascavel,0.5934939,332333,22.4285714285714,96.5714285714286,1,0,0,90.9082791428571,82.4285714285714,23.9431857142857,26.0,2,,,,,114299
2017-02-05,201706,13.0,13,13,13,0.025708035,3.911739,0,1,410480820170619590,2023-08-21,Cascavel,0.525659,332333,20.8571428571429,96.7142857142857,1,0,0,93.4431214285714,84.4285714285714,21.759168,23.5714285714286,6,,,,,114299
2017-01-29,201705,21.0,21,21,21,0.1345581,6.318963,0,1,410480820170519590,2023-08-21,Cascavel,0.7314471,332333,21.2857142857143,98.2857142857143,1,0,1,91.0424885714286,79.8571428571429,22.612069,24.5714285714286,8,,,,,114299
2017-01-22,201704,27.0,27,27,27,0.1812414,8.124381,0,1,410480820170419590,2023-08-21,Cascavel,0.79273754,332333,18.8571428571429,98.2857142857143,0,0,1,85.1031742857143,62.5714285714286,21.7718255714286,25.0,12,,,,,114299
2017-01-15,201703,25.0,25,25,25,0.04469623,7.5225754,0,2,410480820170319590,2023-08-21,Cascavel,0.6513407,332333,21.7142857142857,98.2857142857143,1,0,1,88.4495464285714,73.1428571428571,24.1938775714286,27.0,9,,,,,114299
2017-01-08,201702,36.0,36,36,36,0.42024875,10.832508,0,2,410480820170219590,2023-08-21,Cascavel,0.95444775,332333,23.1428571428571,98.2857142857143,1,0,1,93.3401364285714,87.4285714285714,24.5201247142857,26.1428571428571,7,,,,,114299
2017-01-01,201701,40.0,40,40,40,0.83694893,12.03612,0,2,410480820170119590,2023-08-21,Cascavel,1.2602321,332333,22.7142857142857,97.5714285714286,1,0,1,92.1872434285714,82.5714285714286,24.3567464285714,26.4285714285714,17,,,,,114299
2016-12-25,201652,44.0,44,44,44,0.9768081,13.239733,0,1,410480820165219590,2023-08-21,Cascavel,1.6086708,332333,22.5714285714286,95.8571428571429,1,1,1,89.561405,71.5714285714286,24.3147547142857,26.7142857142857,12,,,,,114299
2016-12-18,201651,30.0,30,30,30,0.64184123,9.02709,0,1,410480820165119590,2023-08-21,Cascavel,1.1000896,332333,20.5714285714286,97.4285714285714,1,0,1,89.9560662857143,76.8571428571429,22.3684238571429,24.8571428571429,15,,,,,114299
2016-12-11,201650,21.0,21,21,21,0.15817523,6.318963,0,1,410480820165019590,2023-08-21,Cascavel,0.7516714,332333,19.1428571428571,91.1428571428571,0,0,1,86.5246594285714,80.4285714285714,21.0629252857143,23.2857142857143,8,,,,,114299
2016-12-04,201649,33.0,33,33,33,0.75346476,9.929799,0,1,410480820164919590,2023-08-21,Cascavel,1.191342,332333,19.7142857142857,100.0,0,0,1,93.7214798571429,76.5714285714286,21.556171,23.4285714285714,14,,,,,114299
2016-11-27,201648,22.0,22,22,22,0.35011357,6.6198664,0,1,410480820164819590,2023-08-21,Cascavel,0.894155,332333,20.2857142857143,95.1428571428571,1,0,1,83.8363947142857,71.7142857142857,23.313933,26.2857142857143,12,,,,,114299
2016-11-20,201647,37.0,37,37,37,0.9740837,11.133411,0,1,410480820164719590,2023-08-21,Cascavel,1.6650265,332333,16.5714285714286,98.2857142857143,0,1,1,89.6314484285714,73.0,18.080357,20.1428571428571,28,,,,,114299
2016-11-13,201646,18.0,18,18,18,0.26901892,5.416254,0,1,410480820164619590,2023-08-21,Cascavel,0.82405335,332333,16.5714285714286,99.1428571428571,0,0,1,81.2572131428571,61.0,20.0227802857143,23.8571428571429,10,,,,,114299
2016-11-06,201645,26.0,26,26,26,0.6454278,7.823478,0,1,410480820164519590,2023-08-21,Cascavel,1.1110643,332333,18.7142857142857,94.2857142857143,0,0,1,86.9796622857143,73.5714285714286,20.7547621428571,23.7142857142857,16,,,,,114299
2016-10-30,201644,16.0,16,16,16,0.1602517,4.8144484,0,3,410480820164419590,2023-08-21,Cascavel,0.72571295,332333,15.5714285714286,92.4285714285714,0,0,1,80.2483857142857,64.0,18.1485497142857,21.4285714285714,8,,,,,114299
2016-10-23,201643,28.0,28,28,28,0.95011324,8.425284,0,3,410480820164319590,2023-08-21,Cascavel,1.6370299,332333,16.5714285714286,97.5714285714286,0,1,1,89.7089934285714,78.4285714285714,18.5608467142857,20.7142857142857,12,,,,,114299
2016-10-16,201642,25.0,25,25,25,0.96699315,7.5225754,0,1,410480820164219590,2023-08-21,Cascavel,1.816523,332333,21.4285714285714,89.4285714285714,1,1,1,81.1493778571429,68.5714285714286,23.1995464285714,25.2857142857143,12,,,,,114299
2016-10-09,201641,16.0,16,16,16,0.6274344,4.8144484,0,1,410480820164119590,2023-08-21,Cascavel,1.1237867,332333,16.2857142857143,91.1428571428571,0,0,1,81.1212358571429,69.7142857142857,18.1817184285714,20.2857142857143,9,,,,,114299
2016-10-02,201640,9.0,9,9,9,0.097445145,2.708127,0,1,410480820164019590,2023-08-21,Cascavel,0.5907868,332333,14.4285714285714,96.1428571428571,0,0,0,86.1215691428571,68.1428571428571,17.0784848571429,20.2857142857143,6,,,,,114299
2016-09-25,201639,17.0,17,17,17,0.6409956,5.115351,0,1,410480820163919590,2023-08-21,Cascavel,1.1344761,332333,13.2857142857143,94.1428571428571,0,0,1,86.7153787142857,77.0,14.8797208571429,16.4285714285714,7,,,,,114299
2016-09-18,201638,14.0,14,14,14,0.5755335,4.212642,0,1,410480820163819590,2023-08-21,Cascavel,1.0748483,332333,13.5714285714286,92.4285714285714,0,0,0,81.0385494285714,66.8571428571429,16.1768708571429,19.4285714285714,4,,,,,114299
2016-09-11,201637,18.0,18,18,18,0.8881116,5.416254,0,1,410480820163719590,2023-08-21,Cascavel,1.563538,332333,13.5714285714286,86.8571428571429,0,0,1,76.1536284285714,59.7142857142857,16.310091,19.7142857142857,9,,,,,114299
2016-09-04,201636,12.0,12,12,12,0.53721994,3.610836,0,1,410480820163619590,2023-08-21,Cascavel,1.0385526,332333,9.14285714285714,99.1428571428571,0,0,0,93.0572558571429,83.8571428571429,11.3692536857143,13.7142857142857,4,,,,,114299
2016-08-28,201635,10.0,10,10,10,0.35706332,3.00903,0,1,410480820163519590,2023-08-21,Cascavel,0.8567651,332333,14.1428571428571,95.4285714285714,0,0,0,89.172726,69.1428571428571,16.7189418571429,20.2857142857143,5,,,,,114299
2016-08-21,201634,12.0,12,12,12,0.5247805,3.610836,0,1,410480820163419590,2023-08-21,Cascavel,1.0254052,332333,11.7142857142857,95.7142857142857,0,0,0,85.5686931428571,72.2857142857143,13.7230428571429,15.7142857142857,1,,,,,114299
2016-08-14,201633,13.0,13,13,13,0.556288,3.911739,0,1,410480820163319590,2023-08-21,Cascavel,1.0569389,332333,16.2857142857143,96.5714285714286,0,0,0,90.4689401428571,76.4285714285714,17.3167848571429,18.5714285714286,2,,,,,114299
2016-08-07,201632,9.0,9,9,9,0.27285096,2.708127,0,1,410480820163219590,2023-08-21,Cascavel,0.76994944,332333,10.7142857142857,96.7142857142857,0,0,0,89.0246608571429,77.4285714285714,12.9503969,15.5714285714286,5,,,,,114299
2016-07-31,201631,15.0,15,15,15,0.8118631,4.513545,0,1,410480820163119590,2023-08-21,Cascavel,1.4141684,332333,16.4285714285714,90.0,0,0,1,78.6405915714286,62.0,19.1196145714286,22.2857142857143,5,,,,,114299
2016-07-24,201630,12.0,12,12,12,0.5508062,3.610836,0,1,410480820163019590,2023-08-21,Cascavel,1.0532461,332333,12.8571428571429,90.5714285714286,0,0,0,84.0382004285714,75.0,14.6612593571429,17.0,2,,,,,114299
2016-07-17,201629,9.0,9,9,9,0.14734226,2.708127,0,1,410480820162919590,2023-08-21,Cascavel,0.64731514,332333,5.14285714285714,100.0,0,0,0,94.712995,82.5714285714286,7.62301581428571,13.1428571428571,0,,,,,114299
2016-07-10,201628,10.0,10,10,10,0.08353828,3.00903,0,1,410480820162819590,2023-08-21,Cascavel,0.58721894,332333,16.4285714285714,93.5714285714286,0,0,0,88.8465692857143,84.0,17.95414,19.1428571428571,3,,,,,114299
2016-07-03,201627,15.0,15,15,15,0.12214702,4.513545,0,1,410480820162719590,2023-08-21,Cascavel,0.6824809,332333,12.2857142857143,90.0,0,0,1,83.6588377142857,72.1428571428571,13.8171277142857,16.0,1,,,,,114299
2016-06-26,201626,16.0,16,16,16,0.06762078,4.8144484,0,1,410480820162619590,2023-08-21,Cascavel,0.62794083,332333,14.5714285714286,91.4285714285714,0,0,1,83.4358467142857,71.1428571428571,16.3445771428571,18.8571428571429,6,,,,,114299
2016-06-19,201625,18.0,18,18,18,0.16506957,5.416254,0,1,410480820162519590,2023-08-21,Cascavel,0.74208194,332333,11.7142857142857,97.4285714285714,0,0,1,90.0277777142857,78.1428571428571,13.2348074285714,14.8571428571429,1,,,,,114299
2016-06-12,201624,38.0,38,38,38,0.9000683,11.434315,0,1,410480820162419590,2023-08-21,Cascavel,1.3719848,332333,9.42857142857143,93.2857142857143,0,0,1,87.6201982857143,82.4285714285714,10.6720429428571,11.8571428571429,5,,,,,114299
2016-06-05,201623,15.0,15,15,15,0.00031893703,4.513545,0,1,410480820162319590,2023-08-21,Cascavel,0.37908536,332333,4.28571428571429,99.0,0,0,1,93.607055,85.4285714285714,6.47886282857143,9.14285714285714,4,,,,,114299
2016-05-29,201622,24.0,24,24,24,6.924972e-05,7.221672,0,1,410480820162219590,2023-08-21,Cascavel,0.41552755,332333,10.1428571428571,100.0,0,0,1,93.5415677142857,79.2857142857143,12.0016865714286,15.8571428571429,6,,,,,114299
2016-05-22,201621,38.0,38,38,38,2.7697935e-05,11.434315,0,1,410480820162119590,2023-08-21,Cascavel,0.46690157,332333,12.2857142857143,97.2857142857143,0,0,1,92.8361731428571,87.4285714285714,13.2043731857143,14.5714285714286,18,,,,,114299
2016-05-15,201620,53.0,53,53,53,3.9147452e-07,15.94786,0,4,410480820162019590,2023-08-21,Cascavel,0.45559177,332333,12.7142857142857,97.2857142857143,0,0,1,91.7303314285714,87.4285714285714,14.1083122857143,15.4285714285714,31,,,,,114299
2016-05-08,201619,84.0,84,84,84,5.943152e-08,25.275852,0,4,410480820161919590,2023-08-21,Cascavel,0.5031374,332333,17.0,99.1428571428571,0,0,2,93.7384514285714,79.8571428571429,17.8085768571429,19.2857142857143,43,,,,,114299
2016-05-01,201618,92.0,92,92,92,8.038015e-14,27.683077,0,4,410480820161819590,2023-08-21,Cascavel,0.41767922,332333,12.7142857142857,97.2857142857143,0,0,2,92.3323057142857,87.0,13.8122085714286,15.4285714285714,55,,,,,114299
2016-04-24,201617,181.0,181,181,181,7.768513e-05,54.463444,0,4,410480820161719590,2023-08-21,Cascavel,0.6957478,332333,11.5714285714286,94.8571428571429,0,0,2,84.3387705714286,74.5714285714286,14.6601220714286,17.0,161,,,,,114299
2016-04-17,201616,209.0,209,209,209,0.0036013254,62.88873,0,4,410480820161619590,2023-08-21,Cascavel,0.7811972,332333,21.7142857142857,90.1428571428571,1,0,2,76.9602428571429,58.8571428571429,24.2428568571429,28.4285714285714,168,,,,,114299
2016-04-10,201615,299.0,299,299,299,0.98403966,89.97,0,4,410480820161519590,2023-08-21,Cascavel,1.2014916,332333,21.7142857142857,93.2857142857143,1,1,2,77.2777085714286,45.5714285714286,25.632697,31.2857142857143,229,,,,,114299
2016-04-03,201614,270.0,270,270,270,0.99305695,81.24381,0,4,410480820161419590,2023-08-21,Cascavel,1.2507299,332333,23.0,92.5714285714286,1,1,2,86.4274368571429,76.2857142857143,24.6201814285714,26.5714285714286,177,,,,,114299
2016-03-27,201613,263.0,263,263,263,0.9995461,79.13749,0,4,410480820161319590,2023-08-21,Cascavel,1.3668838,332333,18.4285714285714,96.5714285714286,0,1,2,91.0496035714286,83.8571428571429,19.8433668571429,21.5714285714286,169,,,,,114299
2016-03-20,201612,219.0,219,219,219,0.8820025,65.89776,0,4,410480820161219590,2023-08-21,Cascavel,1.1235318,332333,20.1428571428571,95.7142857142857,1,0,2,91.5733478571429,85.7142857142857,21.3049152857143,22.8571428571429,139,,,,,114299
2016-03-13,201611,158.0,158,158,158,0.018198026,47.542675,0,4,410480820161119590,2023-08-21,Cascavel,0.8005745,332333,20.7142857142857,94.1428571428571,1,0,2,87.5146247142857,80.7142857142857,21.9807254285714,23.7142857142857,91,,,,,114299
2016-03-06,201610,205.0,205,205,205,0.8903836,61.685116,0,4,410480820161019590,2023-08-21,Cascavel,1.1332259,332333,18.0,97.4285714285714,0,0,2,89.4555565714286,82.2857142857143,19.331746,20.7142857142857,114,,,,,114299
2016-02-28,201609,218.0,218,218,218,0.9993232,65.596855,0,4,410480820160919590,2023-08-21,Cascavel,1.3954386,332333,20.0,93.4285714285714,0,1,2,85.0644235714286,72.8571428571429,21.673067,23.8571428571429,148,,,,,114299
2016-02-21,201608,178.0,178,178,178,0.99608797,53.560738,0,4,410480820160819590,2023-08-21,Cascavel,1.3549178,332333,23.1428571428571,93.5714285714286,1,1,2,88.7433111428571,83.7142857142857,23.85839,25.0,110,,,,,114299
2016-02-14,201607,159.0,159,159,159,0.9985903,47.84358,0,4,410480820160719590,2023-08-21,Cascavel,1.4427475,332333,24.0,94.1428571428571,1,1,2,85.9693871428571,75.7142857142857,25.5895695714286,27.8571428571429,89,,,,,114299
2016-02-07,201606,132.0,132,132,132,0.99257886,39.719196,0,4,410480820160619590,2023-08-21,Cascavel,1.3835111,332333,23.7142857142857,93.2857142857143,1,1,2,78.554396,49.8571428571429,27.3126341428571,32.2857142857143,89,,,,,114299
2016-01-31,201605,103.0,103,103,103,0.9024697,30.99301,0,4,410480820160519590,2023-08-21,Cascavel,1.2078822,332333,22.0,95.7142857142857,1,0,2,84.1080012857143,58.5714285714286,24.5785324285714,29.0,56,,,,,114299
2016-01-24,201604,99.0,99,99,99,0.93898684,29.789398,0,4,410480820160419590,2023-08-21,Cascavel,1.2616017,332333,21.8571428571429,92.5714285714286,1,0,2,84.2625028571429,72.2857142857143,23.5298535714286,26.2857142857143,54,,,,,114299
2016-01-17,201603,79.0,79,79,79,0.8856813,23.771338,0,4,410480820160319590,2023-08-21,Cascavel,1.2224132,332333,21.0,92.2857142857143,1,0,2,80.4019271428571,68.7142857142857,22.770408,25.1428571428571,37,,,,,114299
2016-01-10,201602,81.0,81,81,81,0.999737,24.373144,0,4,410480820160219590,2023-08-21,Cascavel,1.8898998,332333,23.2857142857143,94.8571428571429,1,1,2,89.4024928571429,81.5714285714286,24.5366212857143,26.1428571428571,36,,,,,114299
2016-01-03,201601,84.0,84,84,84,0.99999946,25.275852,0,2,410480820160119590,2023-08-21,Cascavel,2.588088,332333,23.5714285714286,93.5714285714286,1,1,2,87.7775857142857,72.5714285714286,24.4679724285714,26.1428571428571,34,,,,,114299
2015-12-27,201552,23.0,23,23,23,0.08956435,6.920769,0,2,410480820155219590,2023-08-21,Cascavel,0.6981013,332333,22.8571428571429,95.0,1,0,1,91.06303,77.2857142857143,23.6328587142857,24.7142857142857,12,,,,,114299
2015-12-20,201551,28.0,28,28,28,0.32768667,8.425284,0,1,410480820155119590,2023-08-21,Cascavel,0.8912895,332333,22.8571428571429,94.2857142857143,1,0,1,89.46902,82.8571428571429,23.9175627142857,25.5714285714286,9,,,,,114299
2015-12-13,201550,38.0,38,38,38,0.93030095,11.434315,0,1,410480820155019590,2023-08-21,Cascavel,1.4469459,332333,21.4285714285714,94.0,1,0,1,86.9415707142857,72.8571428571429,22.7504101428571,24.4285714285714,14,,,,,114299
2015-12-06,201549,35.0,35,35,35,0.9624602,10.531606,0,1,410480820154919590,2023-08-21,Cascavel,1.60902,332333,19.2857142857143,95.4285714285714,0,1,1,80.3536715714286,51.4285714285714,23.1588578571429,27.2857142857143,15,,,,,114299
2015-11-29,201548,22.0,22,22,22,0.7621569,6.6198664,0,1,410480820154819590,2023-08-21,Cascavel,1.252453,332333,19.5714285714286,97.4285714285714,0,0,1,87.1048987142857,64.5714285714286,22.5891865714286,25.8571428571429,6,,,,,114299
2015-11-22,201547,25.0,25,25,25,0.9188304,7.5225754,0,1,410480820154719590,2023-08-21,Cascavel,1.5468191,332333,21.1428571428571,94.8571428571429,1,0,1,87.286009,72.4285714285714,23.578465,26.8571428571429,9,,,,,114299
2015-11-15,201546,16.0,16,16,16,0.32754388,4.8144484,0,1,410480820154619590,2023-08-21,Cascavel,0.86046654,332333,18.2857142857143,97.4285714285714,0,0,1,83.3550972857143,45.8571428571429,22.0663178571429,28.1428571428571,4,,,,,114299
2015-11-08,201545,11.0,11,11,11,0.043936342,3.3099332,0,1,410480820154519590,2023-08-21,Cascavel,0.54043275,332333,21.1428571428571,91.7142857142857,1,0,0,77.5868537142857,50.0,24.9912141428571,30.0,1,,,,,114299
2015-11-01,201544,22.0,22,22,22,0.65037394,6.6198664,0,1,410480820154419590,2023-08-21,Cascavel,1.1261356,332333,19.125,94.625,0,0,1,82.5394915,62.625,22.383425625,26.375,8,,,,,114299
2015-10-25,201543,21.0,21,21,21,0.73910415,6.318963,0,1,410480820154319590,2023-08-21,Cascavel,1.2285688,332333,20.2857142857143,97.4285714285714,1,0,1,81.2650198571429,53.1428571428571,23.2743598571429,28.5714285714286,5,,,,,114299
2015-10-18,201542,21.0,21,21,21,0.8264284,6.318963,0,1,410480820154219590,2023-08-21,Cascavel,1.3632833,332333,21.1428571428571,87.8571428571429,1,0,1,68.9511028571429,43.2857142857143,26.5952542857143,33.1428571428571,10,,,,,114299
2015-10-11,201541,17.0,17,17,17,0.5713736,5.115351,0,1,410480820154119590,2023-08-21,Cascavel,1.063822,332333,17.0,96.5714285714286,0,0,1,79.7163758571429,54.7142857142857,21.3861428571429,26.8571428571429,4,,,,,114299
2015-10-04,201540,13.0,13,13,13,0.23253468,3.911739,0,1,410480820154019590,2023-08-21,Cascavel,0.76762044,332333,19.2857142857143,90.7142857142857,0,0,0,70.9174532857143,43.4285714285714,24.2081777142857,29.8571428571429,5,,,,,114299
2015-09-27,201539,16.0,16,16,16,0.47602996,4.8144484,0,1,410480820153919590,2023-08-21,Cascavel,0.9793428,332333,16.4285714285714,97.8571428571429,0,0,1,82.38488,56.2857142857143,20.647807,26.1428571428571,6,,,,,114299
2015-09-20,201538,19.0,19,19,19,0.7716561,5.7171574,0,1,410480820153819590,2023-08-21,Cascavel,1.2893524,332333,20.2857142857143,84.7142857142857,1,0,1,60.6293532857143,35.1428571428571,26.1336732857143,32.8571428571429,4,,,,,114299
2015-09-13,201537,16.0,16,16,16,0.65111536,4.8144484,0,1,410480820153719590,2023-08-21,Cascavel,1.150524,332333,16.7142857142857,84.7142857142857,0,0,1,57.8227891428571,23.8571428571429,24.117687,32.5714285714286,1,,,,,114299
2015-09-06,201536,16.0,16,16,16,0.5867419,4.8144484,0,1,410480820153619590,2023-08-21,Cascavel,1.0810666,332333,12.4285714285714,96.4285714285714,0,0,1,75.4685004285714,42.7142857142857,17.638293,23.7142857142857,4,,,,,114299
2015-08-30,201535,10.0,10,10,10,0.118014075,3.00903,0,1,410480820153519590,2023-08-21,Cascavel,0.62866366,332333,15.7142857142857,92.2857142857143,0,0,0,68.237561,32.5714285714286,21.5592762857143,28.8571428571429,2,,,,,114299
2015-08-23,201534,18.0,18,18,18,0.3808588,5.416254,0,1,410480820153419590,2023-08-21,Cascavel,0.9070514,332333,14.7142857142857,97.4285714285714,0,0,1,79.1494778571429,41.8571428571429,19.4857585714286,25.7142857142857,2,,,,,114299
2015-08-16,201533,14.0,14,14,14,0.016191935,4.212642,0,1,410480820153319590,2023-08-21,Cascavel,0.5087453,332333,14.2857142857143,92.4285714285714,0,0,0,68.0134431428571,28.8571428571429,19.8986172857143,26.8571428571429,3,,,,,114299
2015-08-09,201532,15.0,15,15,15,0.00519347,4.513545,0,1,410480820153219590,2023-08-21,Cascavel,0.46510535,332333,17.5714285714286,86.5714285714286,0,0,1,55.7832585714286,25.4285714285714,23.4470901428571,30.7142857142857,4,,,,,114299
2015-08-02,201531,30.0,30,30,30,0.5156891,9.02709,0,3,410480820153119590,2023-08-21,Cascavel,1.0101627,332333,17.4285714285714,79.5714285714286,0,0,1,51.6499645714286,20.7142857142857,24.0006252857143,30.8571428571429,9,,,,,114299
2015-07-26,201530,39.0,39,39,39,0.97783774,11.735217,0,3,410480820153019590,2023-08-21,Cascavel,1.6725273,332333,14.1428571428571,95.7142857142857,0,1,1,72.5595238571429,37.0,19.840136,27.2857142857143,14,,,,,114299
2015-07-19,201529,30.0,30,30,30,0.9655808,9.02709,0,1,410480820152919590,2023-08-21,Cascavel,1.7019206,332333,11.0,99.1428571428571,0,1,1,87.3295471428571,62.1428571428571,15.3694142857143,20.2857142857143,5,,,,,114299
2015-07-12,201528,24.0,24,24,24,0.8783187,7.221672,0,1,410480820152819590,2023-08-21,Cascavel,1.4407219,332333,15.5714285714286,97.5714285714286,0,0,1,90.4243655714286,67.5714285714286,18.0688161428571,21.7142857142857,8,,,,,114299
2015-07-05,201527,15.0,15,15,15,0.15027568,4.513545,0,1,410480820152719590,2023-08-21,Cascavel,0.70968914,332333,12.5714285714286,98.2857142857143,0,0,1,90.0789134285714,60.2857142857143,15.4977987857143,18.4285714285714,5,,,,,114299
2015-06-28,201526,12.0,12,12,12,0.0054809074,3.610836,0,1,410480820152619590,2023-08-21,Cascavel,0.43448362,332333,13.4285714285714,98.2857142857143,0,0,0,84.8648055714286,60.4285714285714,16.9411434285714,20.7142857142857,5,,,,,114299
2015-06-21,201525,22.0,22,22,22,0.06285244,6.6198664,0,1,410480820152519590,2023-08-21,Cascavel,0.66153485,332333,15.0,95.7142857142857,0,0,1,79.2397957142857,49.0,19.2193877142857,24.8571428571429,8,,,,,114299
2015-06-14,201524,27.0,27,27,27,0.09880863,8.124381,0,1,410480820152419590,2023-08-21,Cascavel,0.72509265,332333,9.14285714285714,97.5714285714286,0,0,1,83.730942,50.8571428571429,14.5147264285714,20.8571428571429,11,,,,,114299
2015-06-07,201523,36.0,36,36,36,0.17408472,10.832508,0,1,410480820152319590,2023-08-21,Cascavel,0.811569,332333,16.7142857142857,97.4285714285714,0,0,1,81.1952334285714,52.4285714285714,20.906376,26.2857142857143,16,,,,,114299
2015-05-31,201522,37.0,37,37,37,0.013938111,11.133411,0,1,410480820152219590,2023-08-21,Cascavel,0.6348739,332333,14.8571428571429,99.4285714285714,0,0,1,83.2057822857143,54.0,18.9537414285714,24.8571428571429,22,,,,,114299
2015-05-24,201521,36.0,36,36,36,0.00021435767,10.832508,0,1,410480820152119590,2023-08-21,Cascavel,0.49915263,332333,16.1428571428571,100.0,0,0,1,93.065487,72.0,18.4151768571429,20.5714285714286,21,,,,,114299
2015-05-17,201520,60.0,60,60,60,0.047953412,18.05418,0,4,410480820152019590,2023-08-21,Cascavel,0.75395954,332333,17.1428571428571,98.2857142857143,0,0,1,83.65151,55.4285714285714,21.048526,26.4285714285714,28,,,,,114299
2015-05-10,201519,78.0,78,78,78,0.38162515,23.470434,0,4,410480820151919590,2023-08-21,Cascavel,0.9535733,332333,14.2857142857143,100.0,0,0,2,89.7205342857143,67.4285714285714,17.6643462857143,21.8571428571429,44,,,,,114299
2015-05-03,201518,81.0,81,81,81,0.4335246,24.373144,0,4,410480820151819590,2023-08-21,Cascavel,0.97426844,332333,12.1428571428571,99.1428571428571,0,0,2,84.6419471428571,52.0,17.1974327142857,23.4285714285714,56,,,,,114299
2015-04-26,201517,85.0,85,85,85,0.50100446,25.576756,0,4,410480820151719590,2023-08-21,Cascavel,1.0003854,332333,16.1428571428571,99.1428571428571,0,0,2,79.952382,44.8571428571429,20.405896,27.0,44,,,,,114299
2015-04-19,201516,77.0,77,77,77,0.31290135,23.16953,0,4,410480820151619590,2023-08-21,Cascavel,0.92598814,332333,18.0,100.0,0,0,2,86.3767412857143,55.7142857142857,21.5137635714286,26.7142857142857,51,,,,,114299
2015-04-12,201515,94.0,94,94,94,0.8534501,28.284883,0,4,410480820151519590,2023-08-21,Cascavel,1.1725708,332333,19.0,100.0,0,0,2,86.7764191428571,57.0,22.3881605714286,27.5714285714286,37,,,,,114299
2015-04-05,201514,81.0,81,81,81,0.67500365,24.373144,0,4,410480820151419590,2023-08-21,Cascavel,1.0750988,332333,17.4285714285714,98.5714285714286,0,0,2,78.8004957142857,46.0,22.049437,27.8571428571429,47,,,,,114299
2015-03-29,201513,79.0,79,79,79,0.8847453,23.771338,0,3,410480820151319590,2023-08-21,Cascavel,1.2213775,332333,18.0,100.0,0,0,2,84.8779305714286,51.8571428571429,21.9614172857143,27.8571428571429,41,,,,,114299
2015-03-22,201512,84.0,84,84,84,0.998351,25.275852,0,3,410480820151219590,2023-08-21,Cascavel,1.6718502,332333,18.1428571428571,99.1428571428571,0,1,2,83.7889194285714,53.4285714285714,22.4298595714286,28.5714285714286,36,,,,,114299
2015-03-15,201511,63.0,63,63,63,0.99601084,18.95689,0,3,410480820151119590,2023-08-21,Cascavel,1.7133877,332333,21.1428571428571,97.4285714285714,1,1,1,78.3380628571429,42.7142857142857,25.6323162857143,31.7142857142857,26,,,,,114299
2015-03-08,201510,55.0,55,55,55,0.99699193,16.549665,0,1,410480820151019590,2023-08-21,Cascavel,1.8338983,332333,20.0,99.1428571428571,0,1,1,79.4493571428571,48.1428571428571,24.7738095714286,30.8571428571429,20,,,,,114299
2015-03-01,201509,28.0,28,28,28,0.5287609,8.425284,0,2,410480820150919590,2023-08-21,Cascavel,1.0194181,332333,22.5714285714286,96.8571428571429,1,0,1,83.2641337142857,55.7142857142857,25.5333801428571,31.5714285714286,14,,,,,114299
2015-02-22,201508,30.0,30,30,30,0.7650694,9.02709,0,2,410480820150819590,2023-08-21,Cascavel,1.2145818,332333,21.8571428571429,96.5714285714286,1,0,1,78.32563,46.7142857142857,26.4487598571429,33.1428571428571,13,,,,,114299
2015-02-15,201507,28.0,28,28,28,0.881682,8.425284,0,2,410480820150719590,2023-08-21,Cascavel,1.4069827,332333,21.2857142857143,96.5714285714286,1,0,1,83.086325,58.7142857142857,24.6845404285714,29.5714285714286,9,,,,,114299
2015-02-08,201506,26.0,26,26,26,0.95075953,7.823478,0,2,410480820150619590,2023-08-21,Cascavel,1.675293,332333,22.4285714285714,96.7142857142857,1,1,1,79.32446,47.4285714285714,26.5814955714286,33.5714285714286,9,,,,,114299
2015-02-01,201505,22.0,22,22,22,0.8554815,6.6198664,0,2,410480820150519590,2023-08-21,Cascavel,1.4113302,332333,21.5714285714286,96.5714285714286,1,0,1,78.1704314285714,50.1428571428571,25.9666665714286,32.0,10,,,,,114299
2015-01-25,201504,10.0,10,10,10,0.070989296,3.00903,0,2,410480820150419590,2023-08-21,Cascavel,0.5701873,332333,21.4285714285714,97.4285714285714,1,0,0,80.2856914285714,50.5714285714286,25.3406405714286,31.1428571428571,3,,,,,114299
2015-01-18,201503,15.0,15,15,15,0.44403726,4.513545,0,2,410480820150319590,2023-08-21,Cascavel,0.9511655,332333,21.8571428571429,96.7142857142857,1,0,1,76.6410971428571,49.2857142857143,26.2783248571429,32.1428571428571,5,,,,,114299
2015-01-11,201502,20.0,20,20,20,0.94115996,6.01806,0,2,410480820150219590,2023-08-21,Cascavel,1.7534184,332333,22.4285714285714,94.8571428571429,1,0,1,75.5098814285714,44.2857142857143,27.0811508571429,34.5714285714286,5,,,,,114299
2015-01-04,201501,21.0,21,21,21,0.933609,6.318963,0,1,410480820150119590,2023-08-21,Cascavel,1.6850634,332333,22.4285714285714,95.8571428571429,1,0,1,77.8420705714286,52.2857142857143,27.1409452857143,33.2857142857143,6,,,,,114299
2014-12-28,201453,5.0,5,5,5,0.0013308082,1.504515,0,1,410480820145319590,2023-08-21,Cascavel,0.26379213,332333,21.0,96.7142857142857,1,0,0,84.9550737142857,62.7142857142857,24.6449402857143,29.8571428571429,2,,,,,114299
2014-12-21,201452,8.0,8,8,8,0.002361012,2.4072242,0,1,410480820145219590,2023-08-21,Cascavel,0.34445462,332333,19.8571428571429,95.8571428571429,0,0,0,78.6201005714286,53.1428571428571,24.51348,29.5714285714286,1,,,,,114299
2014-12-14,201451,22.0,22,22,22,0.44112948,6.6198664,0,1,410480820145119590,2023-08-21,Cascavel,0.9571821,332333,21.0,97.4285714285714,1,0,1,77.0624544285714,49.5714285714286,25.9503871428571,31.2857142857143,11,,,,,114299
2014-12-07,201450,28.0,28,28,28,0.84707886,8.425284,0,1,410480820145019590,2023-08-21,Cascavel,1.3389206,332333,21.2857142857143,95.7142857142857,1,0,1,80.3153144285714,55.0,25.6749835714286,31.7142857142857,8,,,,,114299
2014-11-30,201449,20.0,20,20,20,0.60789967,6.01806,0,1,410480820144919590,2023-08-21,Cascavel,1.0915021,332333,20.0,94.1428571428571,0,0,1,75.1698048571429,44.4285714285714,24.4620798571429,29.7142857142857,4,,,,,114299
2014-11-23,201448,26.0,26,26,26,0.9150117,7.823478,0,1,410480820144819590,2023-08-21,Cascavel,1.5195684,332333,19.5714285714286,97.4285714285714,0,0,1,76.3687728571429,48.0,25.1694072857143,31.2857142857143,8,,,,,114299
2014-11-16,201447,12.0,12,12,12,0.16771159,3.610836,0,1,410480820144719590,2023-08-21,Cascavel,0.7013963,332333,18.7142857142857,95.0,0,0,0,73.0270262857143,44.4285714285714,23.4687372857143,29.5714285714286,4,,,,,114299
2014-11-09,201446,23.0,23,23,23,0.70201254,6.920769,0,1,410480820144619590,2023-08-21,Cascavel,1.1748996,332333,16.4285714285714,96.7142857142857,0,0,1,74.204412,44.1428571428571,22.1041804285714,28.4285714285714,3,,,,,114299
2014-11-02,201445,9.0,9,9,9,0.021037795,2.708127,0,1,410480820144519590,2023-08-21,Cascavel,0.45983943,332333,20.2857142857143,99.1428571428571,1,0,0,82.8686134285714,40.4285714285714,24.0671318571429,29.5714285714286,3,,,,,114299
2014-10-26,201444,25.0,25,25,25,0.92828983,7.5225754,0,1,410480820144419590,2023-08-21,Cascavel,1.5830957,332333,21.1428571428571,93.4285714285714,1,0,1,71.6942475714286,44.4285714285714,26.2196557142857,32.7142857142857,11,,,,,114299
2014-10-19,201443,22.0,22,22,22,0.9655546,6.6198664,0,1,410480820144319590,2023-08-21,Cascavel,1.8860883,332333,18.7142857142857,87.8571428571429,0,1,1,64.4881875714286,32.1428571428571,24.9001325714286,31.4285714285714,8,,,,,114299
2014-10-12,201442,15.0,15,15,15,0.88039196,4.513545,0,1,410480820144219590,2023-08-21,Cascavel,1.6089498,332333,22.2857142857143,90.4285714285714,1,0,1,63.1128434285714,27.7142857142857,29.1581825714286,37.0,1,,,,,114299
2014-10-05,201441,11.0,11,11,11,0.70230126,3.3099332,0,1,410480820144119590,2023-08-21,Cascavel,1.2649858,332333,17.7142857142857,91.1428571428571,0,0,0,66.3785942857143,33.1428571428571,23.8664012857143,31.5714285714286,3,,,,,114299
2014-09-28,201440,8.0,8,8,8,0.39650607,2.4072242,0,1,410480820144019590,2023-08-21,Cascavel,0.8832892,332333,18.1428571428571,91.8571428571429,0,0,0,73.6556397142857,46.1428571428571,22.5488977142857,27.8571428571429,4,,,,,114299
2014-09-21,201439,9.0,9,9,9,0.414889,2.708127,0,1,410480820143919590,2023-08-21,Cascavel,0.9077776,332333,16.4285714285714,96.5714285714286,0,0,0,77.647105,33.5714285714286,20.5935885714286,25.8571428571429,2,,,,,114299
2014-09-14,201438,8.0,8,8,8,0.27872878,2.4072242,0,1,410480820143819590,2023-08-21,Cascavel,0.7648296,332333,15.7142857142857,98.2857142857143,0,0,0,78.0729477142857,42.2857142857143,20.1546918571429,25.0,1,,,,,114299
2014-09-07,201437,11.0,11,11,11,0.5642708,3.3099332,0,1,410480820143719590,2023-08-21,Cascavel,1.0712471,332333,19.2857142857143,93.4285714285714,0,0,0,70.3477051428571,38.0,23.9998551428571,31.5714285714286,2,,,,,114299
2014-08-31,201436,10.0,10,10,10,0.555091,3.00903,0,1,410480820143619590,2023-08-21,Cascavel,1.0635072,332333,18.2857142857143,95.0,0,0,0,73.15881,45.7142857142857,22.6949768571429,28.5714285714286,2,,,,,114299
2014-08-24,201435,12.0,12,12,12,0.7301259,3.610836,0,1,410480820143519590,2023-08-21,Cascavel,1.2995696,332333,10.2857142857143,92.2857142857143,0,0,0,64.5636071428572,27.7142857142857,17.6724485714286,26.0,3,,,,,114299
2014-08-17,201434,8.0,8,8,8,0.32596287,2.4072242,0,1,410480820143419590,2023-08-21,Cascavel,0.81133294,332333,16.5714285714286,91.5714285714286,0,0,0,67.375089,30.0,22.5887755714286,30.7142857142857,1,,,,,114299
2014-08-10,201433,9.0,9,9,9,0.36554644,2.708127,0,1,410480820143319590,2023-08-21,Cascavel,0.8584547,332333,12.5714285714286,89.8571428571429,0,0,0,72.1563664285714,41.8571428571429,18.0092255714286,24.5714285714286,1,,,,,114299
2014-08-03,201432,10.0,10,10,10,0.39428422,3.00903,0,1,410480820143219590,2023-08-21,Cascavel,0.8920155,332333,15.0,93.2857142857143,0,0,0,69.1381057142857,41.2857142857143,20.3960238571429,27.7142857142857,1,,,,,114299
2014-07-27,201431,11.0,11,11,11,0.36459374,3.3099332,0,1,410480820143119590,2023-08-21,Cascavel,0.8693229,332333,15.0,93.2857142857143,0,0,0,77.6963257142857,55.1428571428571,19.0410867142857,24.2857142857143,2,,,,,114299
2014-07-20,201430,10.0,10,10,10,0.20644227,3.00903,0,1,410480820143019590,2023-08-21,Cascavel,0.7180696,332333,10.1428571428571,98.2857142857143,0,0,0,79.5224095714286,48.2857142857143,14.7938825714286,21.0,0,,,,,114299
2014-07-13,201429,13.0,13,13,13,0.40033445,3.911739,0,1,410480820142919590,2023-08-21,Cascavel,0.9091635,332333,14.0,94.8571428571429,0,0,0,79.5415708571429,47.0,18.1620688571429,23.4285714285714,2,,,,,114299
2014-07-06,201428,15.0,15,15,15,0.5755028,4.513545,0,1,410480820142819590,2023-08-21,Cascavel,1.0722232,332333,12.2857142857143,98.2857142857143,0,0,1,87.2171314285714,63.0,16.4310327142857,22.1428571428571,1,,,,,114299
2014-06-29,201427,14.0,14,14,14,0.5687135,4.212642,0,1,410480820142719590,2023-08-21,Cascavel,1.0676792,332333,13.7142857142857,92.5714285714286,0,0,0,76.9612661428571,50.0,17.8957861428571,22.8571428571429,3,,,,,114299
2014-06-22,201426,15.0,15,15,15,0.65829295,4.513545,0,1,410480820142619590,2023-08-21,Cascavel,1.1646091,332333,16.8571428571429,96.5714285714286,0,0,1,87.2869578571429,69.8571428571429,19.2401522857143,22.2857142857143,3,,,,,114299
2014-06-15,201425,13.0,13,13,13,0.40543061,3.911739,0,1,410480820142519590,2023-08-21,Cascavel,0.9135925,332333,12.5714285714286,100.0,0,0,0,90.0367794285714,63.8571428571429,16.5242621428571,22.2857142857143,2,,,,,114299
2014-06-08,201424,11.0,11,11,11,0.13104562,3.3099332,0,1,410480820142419590,2023-08-21,Cascavel,0.654681,332333,15.7142857142857,97.4285714285714,0,0,0,85.18421,53.5714285714286,19.063843,22.8571428571429,5,,,,,114299
2014-06-01,201423,15.0,15,15,15,0.17448577,4.513545,0,1,410480820142319590,2023-08-21,Cascavel,0.73157746,332333,13.2857142857143,97.4285714285714,0,0,1,87.5906262857143,56.1428571428571,17.1384634285714,21.5714285714286,5,,,,,114299
2014-05-25,201422,15.0,15,15,15,0.08612693,4.513545,0,1,410480820142219590,2023-08-21,Cascavel,0.64312536,332333,11.1428571428571,98.2857142857143,0,0,1,89.4683792857143,67.2857142857143,13.9933122857143,18.5714285714286,5,,,,,114299
2014-05-18,201421,21.0,21,21,21,0.37079296,6.318963,0,1,410480820142119590,2023-08-21,Cascavel,0.90632504,332333,14.8571428571429,97.4285714285714,0,0,1,85.1237071428571,60.1428571428571,18.6169952857143,23.5714285714286,11,,,,,114299
2014-05-11,201420,26.0,26,26,26,0.78994656,7.823478,0,1,410480820142019590,2023-08-21,Cascavel,1.2649243,332333,16.2857142857143,98.2857142857143,0,0,1,86.1547285714286,62.8571428571429,19.7344854285714,24.5714285714286,5,,,,,114299
2014-05-04,201419,24.0,24,24,24,0.8125612,7.221672,0,1,410480820141919590,2023-08-21,Cascavel,1.3118472,332333,17.0,97.4285714285714,0,0,1,83.374882,56.0,20.8476425714286,26.0,8,,,,,114299
2014-04-27,201418,22.0,22,22,22,0.7009248,6.6198664,0,1,410480820141819590,2023-08-21,Cascavel,1.1780552,332333,15.8571428571429,98.2857142857143,0,0,1,85.6852957142857,57.8571428571429,19.4490172857143,25.0,5,,,,,114299
2014-04-20,201417,14.0,14,14,14,0.22152776,4.212642,0,1,410480820141719590,2023-08-21,Cascavel,0.76518196,332333,15.8571428571429,100.0,0,0,0,89.8799242857143,62.5714285714286,19.4876395714286,25.5714285714286,6,,,,,114299
2014-04-13,201416,20.0,20,20,20,0.81291735,6.01806,0,1,410480820141619590,2023-08-21,Cascavel,1.3488019,332333,14.7142857142857,100.0,0,0,1,84.5328638571429,60.5714285714286,19.1112261428571,24.0,5,,,,,114299
2014-04-06,201415,22.0,22,22,22,0.96517736,6.6198664,0,1,410480820141519590,2023-08-21,Cascavel,1.8822621,332333,20.8571428571429,96.5714285714286,1,1,1,82.0019662857143,55.1428571428571,24.6550712857143,29.8571428571429,8,,,,,114299
2014-03-30,201414,14.0,14,14,14,0.6845524,4.212642,0,1,410480820141419590,2023-08-21,Cascavel,1.2058781,332333,20.4285714285714,94.1428571428571,1,0,0,78.5263591428571,49.4285714285714,24.8302308571429,29.8571428571429,2,,,,,114299
2014-03-23,201413,9.0,9,9,9,0.21259895,2.708127,0,1,410480820141319590,2023-08-21,Cascavel,0.71269405,332333,17.7142857142857,94.8571428571429,0,0,0,75.7346942857143,44.8571428571429,23.2346937142857,30.1428571428571,4,,,,,114299
2014-03-16,201412,11.0,11,11,11,0.3362215,3.3099332,0,1,410480820141219590,2023-08-21,Cascavel,0.84383404,332333,20.1428571428571,95.7142857142857,1,0,0,82.9551865714286,51.5714285714286,23.7371768571429,29.2857142857143,2,,,,,114299
2014-03-09,201411,15.0,15,15,15,0.5234835,4.513545,0,1,410480820141119590,2023-08-21,Cascavel,1.0215482,332333,19.7142857142857,95.1428571428571,0,0,1,74.8616071428571,45.4285714285714,24.830995,31.1428571428571,5,,,,,114299
2014-03-02,201410,11.0,11,11,11,0.08046437,3.3099332,0,1,410480820141019590,2023-08-21,Cascavel,0.5959306,332333,18.5714285714286,97.4285714285714,0,0,0,78.9202957142857,44.5714285714286,23.1426884285714,29.7142857142857,2,,,,,114299
2014-02-23,201409,14.0,14,14,14,0.07851759,4.212642,0,1,410480820140919590,2023-08-21,Cascavel,0.6249914,332333,19.8571428571429,96.0,0,0,0,77.9054361428571,50.4285714285714,24.0801967142857,29.1428571428571,5,,,,,114299
2014-02-16,201408,17.0,17,17,17,0.15703464,5.115351,0,2,410480820140819590,2023-08-21,Cascavel,0.72922695,332333,21.7142857142857,83.0,1,0,1,65.5126665714286,41.7142857142857,26.1905345714286,31.8571428571429,5,,,,,114299
2014-02-09,201407,26.0,26,26,26,0.7861092,7.823478,0,2,410480820140719590,2023-08-21,Cascavel,1.2597585,332333,22.0,90.0,1,0,1,67.7445042857143,30.2857142857143,26.8977247142857,33.7142857142857,8,,,,,114299
2014-02-02,201406,24.0,24,24,24,0.87187576,7.221672,0,2,410480820140619590,2023-08-21,Cascavel,1.4253365,332333,23.1428571428571,86.4285714285714,1,0,1,54.622449,13.4285714285714,30.0663268571429,38.4285714285714,4,,,,,114299
2014-01-26,201405,24.0,24,24,24,0.90544105,7.221672,0,2,410480820140519590,2023-08-21,Cascavel,1.5161731,332333,22.7142857142857,91.8571428571429,1,0,1,65.576684,27.5714285714286,27.9504107142857,35.7142857142857,9,,,,,114299
2014-01-19,201404,12.0,12,12,12,0.24950774,3.610836,0,2,410480820140419590,2023-08-21,Cascavel,0.774907,332333,23.1428571428571,90.8571428571429,1,0,0,68.4487144285714,37.4285714285714,28.1387345714286,34.1428571428571,2,,,,,114299
2014-01-12,201403,16.0,16,16,16,0.6642345,4.8144484,0,2,410480820140319590,2023-08-21,Cascavel,1.1660388,332333,20.5714285714286,94.8571428571429,1,0,1,80.7691751428571,53.5714285714286,24.5681655714286,30.5714285714286,5,,,,,114299
2014-01-05,201402,19.0,19,19,19,0.84855634,5.7171574,0,2,410480820140219590,2023-08-21,Cascavel,1.4348578,332333,22.0,94.0,1,0,1,76.54064,45.8571428571429,26.265425,32.1428571428571,1,,,,,114299
2013-12-29,201401,11.0,11,11,11,0.2895878,3.3099332,0,2,410480820140119590,2023-08-21,Cascavel,0.8024821,332333,22.8571428571429,94.8571428571429,1,0,0,84.1753428571429,62.8571428571429,25.701883,30.1428571428571,5,,,,,114299
2013-12-22,201352,12.0,12,12,12,0.4094576,3.610836,0,1,410480820135219590,2023-08-21,Cascavel,0.91404253,332333,22.0,91.7142857142857,1,0,0,70.0105442857143,35.2857142857143,27.1574831428571,34.0,5,,,,,114299
2013-12-15,201351,17.0,17,17,17,0.7626457,5.115351,0,1,410480820135119590,2023-08-21,Cascavel,1.2941978,332333,20.5714285714286,94.8571428571429,1,0,1,71.36863,37.5714285714286,26.031746,32.8571428571429,3,,,,,114299
2013-12-08,201350,11.0,11,11,11,0.2538093,3.3099332,0,1,410480820135019590,2023-08-21,Cascavel,0.7707911,332333,19.8571428571429,95.7142857142857,0,0,0,78.5308542857143,52.2857142857143,24.3609064285714,30.4285714285714,5,,,,,114299
2013-12-01,201349,13.0,13,13,13,0.33487028,3.911739,0,1,410480820134919590,2023-08-21,Cascavel,0.85348845,332333,20.4285714285714,96.0,1,0,0,81.2467778571429,53.1428571428571,24.9041852857143,31.0,2,,,,,114299
2013-11-24,201348,14.0,14,14,14,0.40610138,4.212642,0,1,410480820134819590,2023-08-21,Cascavel,0.91701835,332333,20.5714285714286,92.4285714285714,1,0,0,74.68071,43.2857142857143,25.027485,30.1428571428571,1,,,,,114299
2013-11-17,201347,17.0,17,17,17,0.6635201,5.115351,0,1,410480820134719590,2023-08-21,Cascavel,1.1598237,332333,19.2857142857143,94.0,0,0,1,76.006668,43.8571428571429,24.286292,30.1428571428571,5,,,,,114299
2013-11-10,201346,14.0,14,14,14,0.5593795,4.212642,0,1,410480820134619590,2023-08-21,Cascavel,1.0580158,332333,19.2857142857143,87.8571428571429,0,0,0,62.01053,31.7142857142857,25.3243855714286,32.0,2,,,,,114299
2013-11-03,201345,17.0,17,17,17,0.7874408,5.115351,0,1,410480820134519590,2023-08-21,Cascavel,1.336419,332333,17.5714285714286,89.4285714285714,0,0,1,66.3353742857143,34.7142857142857,23.494218,29.5714285714286,1,,,,,114299
2013-10-27,201344,12.0,12,12,12,0.42515236,3.610836,0,1,410480820134419590,2023-08-21,Cascavel,0.928328,332333,19.0,89.2857142857143,0,0,0,65.4636237142857,37.0,23.9886624285714,29.8571428571429,1,,,,,114299
2013-10-20,201343,11.0,11,11,11,0.44119993,3.3099332,0,1,410480820134319590,2023-08-21,Cascavel,0.94083565,332333,19.1428571428571,92.2857142857143,0,0,0,72.4165071428571,47.1428571428571,24.5692101428571,31.2857142857143,0,,,,,114299
2013-10-13,201342,16.0,16,16,16,0.8976255,4.8144484,0,1,410480820134219590,2023-08-21,Cascavel,1.6480616,332333,17.5714285714286,97.4285714285714,0,0,1,77.5294614285714,48.2857142857143,22.167285,27.4285714285714,7,,,,,114299
2013-10-06,201341,11.0,11,11,11,0.7468222,3.3099332,0,1,410480820134119590,2023-08-21,Cascavel,1.3480581,332333,15.7142857142857,86.1428571428571,0,0,0,64.081527,37.7142857142857,20.8632288571429,26.5714285714286,4,,,,,114299
2013-09-29,201340,10.0,10,10,10,0.7942671,3.00903,0,1,410480820134019590,2023-08-21,Cascavel,1.484802,332333,14.7142857142857,98.2857142857143,0,0,0,78.0498474285714,42.2857142857143,19.626685,25.4285714285714,0,,,,,114299
2013-09-22,201339,7.0,7,7,7,0.75035703,2.106321,0,1,410480820133919590,2023-08-21,Cascavel,1.4671755,332333,11.1428571428571,91.4285714285714,0,0,0,71.0982367142857,38.8571428571429,16.063458,20.8571428571429,1,,,,,114299
2013-09-15,201338,9.0,9,9,9,0.9315916,2.708127,0,1,410480820133819590,2023-08-21,Cascavel,2.303473,332333,12.4285714285714,94.8571428571429,0,0,0,78.4479635714286,52.5714285714286,17.010874,22.1428571428571,1,,,,,114299
2013-09-08,201337,3.0,3,3,3,0.29949102,0.902709,0,1,410480820133719590,2023-08-21,Cascavel,0.6911404,332333,16.8571428571429,83.7142857142857,0,0,0,53.887689,15.7142857142857,24.2864638571429,33.7142857142857,2,,,,,114299
2013-09-01,201336,3.0,3,3,3,0.25195643,0.902709,0,1,410480820133619590,2023-08-21,Cascavel,0.6311541,332333,15.4285714285714,91.2857142857143,0,0,0,69.9827705714286,38.2857142857143,20.5622514285714,27.1428571428571,0,,,,,114299
2013-08-25,201335,5.0,5,5,5,0.46276474,1.504515,0,1,410480820133519590,2023-08-21,Cascavel,0.94557416,332333,6.71428571428571,94.7142857142857,0,0,0,71.9411822857143,34.7142857142857,12.8758142857143,19.8571428571429,0,,,,,114299
2013-08-18,201334,5.0,5,5,5,0.30923912,1.504515,0,1,410480820133419590,2023-08-21,Cascavel,0.75353324,332333,13.4285714285714,83.5714285714286,0,0,0,66.002251,37.7142857142857,18.7097568571429,25.4285714285714,1,,,,,114299
2013-08-11,201333,4.0,4,4,4,0.123002104,1.2036121,0,1,410480820133319590,2023-08-21,Cascavel,0.51236016,332333,4.85714285714286,97.2857142857143,0,0,0,74.2991515714286,35.5714285714286,11.4328911428571,19.0,0,,,,,114299
2013-08-04,201332,7.0,7,7,7,0.3690044,2.106321,0,1,410480820133219590,2023-08-21,Cascavel,0.8463392,332333,12.2857142857143,92.0,0,0,0,74.2377261428571,47.5714285714286,18.1444827142857,24.4285714285714,0,,,,,114299
2013-07-28,201331,9.0,9,9,9,0.5883167,2.708127,0,1,410480820133119590,2023-08-21,Cascavel,1.1111757,332333,13.4285714285714,93.1428571428571,0,0,0,66.3308561428571,27.2857142857143,19.808906,28.1428571428571,0,,,,,114299
2013-07-21,201330,7.0,7,7,7,0.4593104,2.106321,0,1,410480820133019590,2023-08-21,Cascavel,0.9489936,332333,3.28571428571429,96.2857142857143,0,0,0,75.2246657142857,36.4285714285714,8.72685785714286,15.5714285714286,2,,,,,114299
2013-07-14,201329,11.0,11,11,11,0.8028091,3.3099332,0,1,410480820132919590,2023-08-21,Cascavel,1.4790038,332333,11.0,96.7142857142857,0,0,0,81.0803655714286,50.8571428571429,16.2164832857143,22.0,6,,,,,114299
2013-07-07,201328,4.0,4,4,4,0.097145654,1.2036121,0,1,410480820132819590,2023-08-21,Cascavel,0.47874787,332333,15.1428571428571,94.8571428571429,0,0,0,79.230628,52.8571428571429,19.897424,25.8571428571429,0,,,,,114299
2013-06-30,201327,10.0,10,10,10,0.35781795,3.00903,0,1,410480820132719590,2023-08-21,Cascavel,0.8574705,332333,14.0,94.8571428571429,0,0,0,78.5207557142857,50.8571428571429,18.561669,24.5714285714286,4,,,,,114299
2013-06-23,201326,5.0,5,5,5,0.005538944,1.504515,0,1,410480820132619590,2023-08-21,Cascavel,0.30995223,332333,14.0,100.0,0,0,0,92.491598,82.2857142857143,16.868475,19.4285714285714,2,,,,,114299
2013-06-16,201325,11.0,11,11,11,0.05872287,3.3099332,0,1,410480820132519590,2023-08-21,Cascavel,0.5651531,332333,14.4285714285714,100.0,0,0,0,90.5812492857143,70.8571428571429,16.7612452857143,20.1428571428571,2,,,,,114299
2013-06-09,201324,18.0,18,18,18,0.2159932,5.416254,0,1,410480820132419590,2023-08-21,Cascavel,0.7835479,332333,13.4285714285714,98.2857142857143,0,0,1,85.1596057142857,54.2857142857143,17.4579237142857,23.7142857142857,2,,,,,114299
2013-06-02,201323,20.0,20,20,20,0.15939008,6.01806,0,1,410480820132319590,2023-08-21,Cascavel,0.7478509,332333,12.5714285714286,98.2857142857143,0,0,1,85.238132,48.7142857142857,17.2879937142857,23.8571428571429,7,,,,,114299
2013-05-26,201322,19.0,19,19,19,0.058722682,5.7171574,0,1,410480820132219590,2023-08-21,Cascavel,0.63765734,332333,13.4285714285714,96.4285714285714,0,0,1,82.6010154285714,56.2857142857143,18.1481965714286,23.5714285714286,6,,,,,114299
2013-05-19,201321,34.0,34,34,34,0.3274672,10.230702,0,1,410480820132119590,2023-08-21,Cascavel,0.9003487,332333,16.1428571428571,98.4285714285714,0,0,1,89.6221814285714,71.0,18.3850164285714,21.4285714285714,14,,,,,114299
2013-05-12,201320,22.0,22,22,22,0.00031366883,6.6198664,0,1,410480820132019590,2023-08-21,Cascavel,0.4351327,332333,14.0,97.8571428571429,0,0,1,88.2662898571429,65.7142857142857,17.0590784285714,20.2857142857143,11,,,,,114299
2013-05-05,201319,36.0,36,36,36,0.0030179329,10.832508,0,1,410480820131919590,2023-08-21,Cascavel,0.5711141,332333,10.2857142857143,96.5714285714286,0,0,1,77.7583092857143,34.5714285714286,15.8176081428571,24.2857142857143,18,,,,,114299
2013-04-28,201318,51.0,51,51,51,0.029428473,15.346053,0,1,410480820131819590,2023-08-21,Cascavel,0.7101574,332333,18.5714285714286,94.8571428571429,0,0,1,78.1334528571429,49.5714285714286,22.9590502857143,28.5714285714286,20,,,,,114299
2013-04-21,201317,66.0,66,66,66,0.1724383,19.859598,0,4,410480820131719590,2023-08-21,Cascavel,0.85417813,332333,15.8571428571429,97.4285714285714,0,0,1,74.7843542857143,35.0,20.3602041428571,27.5714285714286,22,,,,,114299
2013-04-14,201316,74.0,74,74,74,0.40656164,22.266823,0,4,410480820131619590,2023-08-21,Cascavel,0.9623411,332333,10.0,99.1428571428571,0,0,2,77.7090957142857,36.4285714285714,16.826152,25.4285714285714,27,,,,,114299
2013-04-07,201315,76.0,76,76,76,0.6820442,22.86863,0,4,410480820131519590,2023-08-21,Cascavel,1.0812204,332333,18.8571428571429,95.0,0,0,2,82.1356985714286,56.2857142857143,22.567237,27.7142857142857,20,,,,,114299
2013-03-31,201314,91.0,91,91,91,0.9794106,27.382174,0,1,410480820131419590,2023-08-21,Cascavel,1.3876865,332333,18.5714285714286,98.2857142857143,0,1,2,81.2422137142857,52.2857142857143,22.7686795714286,28.1428571428571,38,,,,,114299
2013-03-24,201313,58.0,58,58,58,0.44406027,17.452375,0,1,410480820131319590,2023-08-21,Cascavel,0.9744678,332333,16.2857142857143,96.5714285714286,0,0,1,75.4615642857143,41.4285714285714,21.2384351428571,27.4285714285714,19,,,,,114299
2013-03-17,201312,72.0,72,72,72,0.96572,21.665016,0,1,410480820131219590,2023-08-21,Cascavel,1.3887507,332333,18.2857142857143,92.5714285714286,0,1,1,78.9614487142857,53.8571428571429,21.9030282857143,26.4285714285714,25,,,,,114299
2013-03-10,201311,63.0,63,63,63,0.9410119,18.95689,0,1,410480820131119590,2023-08-21,Cascavel,1.3485299,332333,19.5714285714286,95.7142857142857,0,0,1,84.6839405714286,60.7142857142857,23.1306284285714,29.5714285714286,24,,,,,114299
2013-03-03,201310,45.0,45,45,45,0.67444354,13.540635,0,3,410480820131019590,2023-08-21,Cascavel,1.1020882,332333,20.2857142857143,95.8571428571429,1,0,1,81.7249348571429,60.4285714285714,24.356955,28.7142857142857,19,,,,,114299
2013-02-24,201309,51.0,51,51,51,0.980982,15.346053,0,3,410480820130919590,2023-08-21,Cascavel,1.5814185,332333,20.0,91.5714285714286,0,1,1,68.4836764285714,38.7142857142857,25.4736912857143,32.1428571428571,17,,,,,114299
2013-02-17,201308,42.0,42,42,42,0.97952026,12.637926,0,1,410480820130819590,2023-08-21,Cascavel,1.6528856,332333,21.4285714285714,95.7142857142857,1,1,1,78.6916057142857,49.4285714285714,25.6362582857143,31.5714285714286,15,,,,,114299
2013-02-10,201307,34.0,34,34,34,0.8497736,10.230702,0,1,410480820130719590,2023-08-21,Cascavel,1.3054802,332333,21.4285714285714,94.8571428571429,1,0,1,84.1740928571429,67.7142857142857,24.1994521428571,28.4285714285714,11,,,,,114299
2013-02-03,201306,18.0,18,18,18,0.051714495,5.416254,0,1,410480820130619590,2023-08-21,Cascavel,0.6204008,332333,19.0,94.8571428571429,0,0,1,67.7760765714286,33.2857142857143,24.7360754285714,32.0,10,,,,,114299
2013-01-27,201305,23.0,23,23,23,0.31992084,6.920769,0,1,410480820130519590,2023-08-21,Cascavel,0.87602353,332333,20.8571428571429,88.5714285714286,1,0,1,60.201361,26.7142857142857,27.261643,34.8571428571429,9,,,,,114299
2013-01-20,201304,38.0,38,38,38,0.98551637,11.434315,0,1,410480820130419590,2023-08-21,Cascavel,1.7756453,332333,19.5714285714286,89.8571428571429,0,1,1,64.9615458571429,34.4285714285714,25.0012522857143,30.7142857142857,10,,,,,114299
2013-01-13,201303,26.0,26,26,26,0.9042805,7.823478,0,1,410480820130319590,2023-08-21,Cascavel,1.4860902,332333,19.7142857142857,93.1428571428571,0,0,1,67.3164541428571,32.4285714285714,25.6722885714286,32.4285714285714,8,,,,,114299
2013-01-06,201302,17.0,17,17,17,0.8111729,5.115351,0,2,410480820130219590,2023-08-21,Cascavel,1.3818009,332333,20.7142857142857,94.8571428571429,1,0,1,72.7865161428571,35.7142857142857,25.3360498571429,31.2857142857143,7,,,,,114299
2012-12-30,201301,24.0,24,24,24,0.9973756,7.221672,0,2,410480820130119590,2023-08-21,Cascavel,2.7912838,332333,20.2857142857143,96.5714285714286,1,1,1,79.9506908571429,58.5714285714286,24.4708981428571,29.4285714285714,8,,,,,114299
2012-12-23,201252,8.0,8,8,8,0.6218845,2.4072242,0,2,410480820125219590,2023-08-21,Cascavel,1.1699029,332333,23.2857142857143,91.1428571428571,1,0,0,74.0550372857143,44.1428571428571,26.8190654285714,31.8571428571429,2,,,,,114299
2012-12-16,201251,8.0,8,8,8,0.7396732,2.4072242,0,2,410480820125119590,2023-08-21,Cascavel,1.4034259,332333,21.8571428571429,93.0,1,0,0,75.4709818571429,45.1428571428571,26.5157587142857,32.0,2,,,,,114299
2012-12-09,201250,8.0,8,8,8,0.69932467,2.4072242,0,2,410480820125019590,2023-08-21,Cascavel,1.3116893,332333,21.1428571428571,95.2857142857143,1,0,0,76.7700685714286,47.1428571428571,25.9445575714286,31.4285714285714,6,,,,,114299
2012-12-02,201249,4.0,4,4,4,0.1280818,1.2036121,0,1,410480820124919590,2023-08-21,Cascavel,0.51871264,332333,22.2857142857143,93.2857142857143,1,0,0,74.8346951428571,46.0,26.8790045714286,33.4285714285714,1,,,,,114299
2012-11-25,201248,5.0,5,5,5,0.15484639,1.504515,0,1,410480820124819590,2023-08-21,Cascavel,0.58078575,332333,20.2857142857143,90.7142857142857,1,0,0,71.5343635714286,47.0,25.0473111428571,30.7142857142857,2,,,,,114299
2012-11-18,201247,9.0,9,9,9,0.58103013,2.708127,0,1,410480820124719590,2023-08-21,Cascavel,1.1011837,332333,19.8571428571429,96.0,0,0,0,69.0751614285714,31.8571428571429,25.3009792857143,32.4285714285714,1,,,,,114299
2012-11-11,201246,9.0,9,9,9,0.69889826,2.708127,0,1,410480820124619590,2023-08-21,Cascavel,1.2905511,332333,19.1428571428571,88.2857142857143,0,0,0,64.1999248571429,32.4285714285714,24.3507178571429,30.8571428571429,3,,,,,114299
2012-11-04,201245,9.0,9,9,9,0.6765169,2.708127,0,1,410480820124519590,2023-08-21,Cascavel,1.2490519,332333,19.7142857142857,93.1428571428571,0,0,0,71.7955385714286,40.0,24.8708465714286,30.8571428571429,3,,,,,114299
2012-10-28,201244,7.0,7,7,7,0.3250357,2.106321,0,1,410480820124419590,2023-08-21,Cascavel,0.79989123,332333,19.8571428571429,92.5714285714286,0,0,0,79.2222922857143,58.8571428571429,23.7180058571429,28.4285714285714,3,,,,,114299
2012-10-21,201243,3.0,3,3,3,0.07154357,0.902709,0,1,410480820124319590,2023-08-21,Cascavel,0.4019524,332333,17.8571428571429,93.1428571428571,0,0,0,78.9054797142857,49.8571428571429,21.9914015714286,27.1428571428571,0,,,,,114299
2012-10-14,201242,14.0,14,14,14,0.9875072,4.212642,0,1,410480820124219590,2023-08-21,Cascavel,2.9530065,332333,16.4285714285714,93.2857142857143,0,0,0,65.9151092857143,28.1428571428571,22.1930334285714,28.8571428571429,3,,,,,114299
2012-10-07,201241,8.0,8,8,8,0.8941161,2.4072242,0,1,410480820124119590,2023-08-21,Cascavel,2.0550408,332333,20.0,87.1428571428571,0,0,0,65.6576704285714,37.2857142857143,24.4304847142857,30.4285714285714,2,,,,,114299
2012-09-30,201240,2.0,2,2,2,0.19529499,0.60180604,0,1,410480820124019590,2023-08-21,Cascavel,0.50988245,332333,17.7142857142857,89.7142857142857,0,0,0,68.262187,38.0,23.2897261428571,30.5714285714286,1,,,,,114299
2012-09-23,201239,4.0,4,4,4,0.60312843,1.2036121,0,1,410480820123919590,2023-08-21,Cascavel,1.2004483,332333,10.8571428571429,78.4285714285714,0,0,0,55.7506801428571,23.4285714285714,17.3217685714286,24.8571428571429,3,,,,,114299
2012-09-16,201238,5.0,5,5,5,0.7873728,1.504515,0,1,410480820123819590,2023-08-21,Cascavel,1.7287143,332333,14.5714285714286,91.5714285714286,0,0,0,60.6775822857143,22.8571428571429,21.7238197142857,30.1428571428571,1,,,,,114299
2012-09-09,201237,3.0,3,3,3,0.49749035,0.902709,0,1,410480820123719590,2023-08-21,Cascavel,0.9952278,332333,16.5714285714286,94.8571428571429,0,0,0,75.3872537142857,46.5714285714286,21.5702124285714,28.0,1,,,,,114299
2012-09-02,201236,2.0,2,2,2,0.26425064,0.60180604,0,1,410480820123619590,2023-08-21,Cascavel,0.5995746,332333,17.1428571428571,83.5714285714286,0,0,0,51.9520535714286,17.7142857142857,24.4805574285714,32.8571428571429,0,,,,,114299
2012-08-26,201235,4.0,4,4,4,0.48271284,1.2036121,0,1,410480820123519590,2023-08-21,Cascavel,0.9715195,332333,11.1428571428571,94.8571428571429,0,0,0,72.9124631428571,39.0,16.1425488571429,23.1428571428571,1,,,,,114299
2012-08-19,201234,2.0,2,2,2,0.10113147,0.60180604,0,1,410480820123419590,2023-08-21,Cascavel,0.38895142,332333,17.5714285714286,79.1428571428571,0,0,0,54.2306114285714,24.2857142857143,23.0445577142857,29.5714285714286,0,,,,,114299
2012-08-12,201233,5.0,5,5,5,0.3851892,1.504515,0,1,410480820123319590,2023-08-21,Cascavel,0.8434746,332333,17.2857142857143,81.2857142857143,0,0,0,57.6981208571429,26.1428571428571,22.8060802857143,29.1428571428571,1,,,,,114299
2012-08-05,201232,4.0,4,4,4,0.2937851,1.2036121,0,1,410480820123219590,2023-08-21,Cascavel,0.7137287,332333,16.5714285714286,95.7142857142857,0,0,0,68.3381704285714,30.0,22.0490174285714,29.7142857142857,0,,,,,114299
2012-07-29,201231,8.0,8,8,8,0.8044057,2.4072242,0,1,410480820123119590,2023-08-21,Cascavel,1.5938151,332333,15.4285714285714,92.2857142857143,0,0,0,69.7768571428571,43.1428571428571,20.6725692857143,26.4285714285714,1,,,,,114299
2012-07-22,201230,5.0,5,5,5,0.4666643,1.504515,0,1,410480820123019590,2023-08-21,Cascavel,0.95108265,332333,14.5714285714286,95.0,0,0,0,80.0793157142857,53.0,19.1022421428571,24.4285714285714,1,,,,,114299
2012-07-15,201229,5.0,5,5,5,0.30251652,1.504515,0,1,410480820122919590,2023-08-21,Cascavel,0.74588645,332333,7.71428571428571,97.2857142857143,0,0,0,81.3609981428571,46.1428571428571,12.4776382857143,19.0,1,,,,,114299
2012-07-08,201228,4.0,4,4,4,0.0694629,1.2036121,0,1,410480820122819590,2023-08-21,Cascavel,0.43907014,332333,7.42857142857143,94.5714285714286,0,0,0,77.5476885714286,40.0,12.4947604285714,18.5714285714286,1,,,,,114299
2012-07-01,201227,7.0,7,7,7,0.106471956,2.106321,0,1,410480820122719590,2023-08-21,Cascavel,0.5682261,332333,13.8571428571429,93.1428571428571,0,0,0,72.925205,47.5714285714286,18.7616772857143,24.0,3,,,,,114299
2012-06-24,201226,8.0,8,8,8,0.097961865,2.4072242,0,1,410480820122619590,2023-08-21,Cascavel,0.5756513,332333,14.4285714285714,95.7142857142857,0,0,0,75.1131128571429,43.7142857142857,18.9968711428571,25.4285714285714,2,,,,,114299
2012-06-17,201225,12.0,12,12,12,0.32612687,3.610836,0,1,410480820122519590,2023-08-21,Cascavel,0.8408208,332333,13.5714285714286,98.2857142857143,0,0,0,89.7654522857143,70.2857142857143,16.1799528571429,19.4285714285714,2,,,,,114299
2012-06-10,201224,20.0,20,20,20,0.7021027,6.01806,0,1,410480820122419590,2023-08-21,Cascavel,1.189087,332333,16.7142857142857,97.4285714285714,0,0,1,82.5761637142857,53.1428571428571,20.3884158571429,26.0,4,,,,,114299
2012-06-03,201223,5.0,5,5,5,0.003046217,1.504515,0,1,410480820122319590,2023-08-21,Cascavel,0.28848475,332333,6.42857142857143,99.0,0,0,0,82.2119661428572,53.2857142857143,11.3375529285714,16.8571428571429,2,,,,,114299
2012-05-27,201222,24.0,24,24,24,0.88891304,7.221672,0,1,410480820122219590,2023-08-21,Cascavel,1.4679182,332333,17.1428571428571,96.5714285714286,0,0,1,86.6455985714286,67.1428571428571,20.2292312857143,24.0,6,,,,,114299
2012-05-20,201221,17.0,17,17,17,0.5861834,5.115351,0,1,410480820122119590,2023-08-21,Cascavel,1.0780295,332333,14.7142857142857,96.8571428571429,0,0,1,84.8700285714286,57.8571428571429,17.9926577142857,22.5714285714286,6,,,,,114299
2012-05-13,201220,14.0,14,14,14,0.45533612,4.212642,0,1,410480820122019590,2023-08-21,Cascavel,0.95948505,332333,12.2857142857143,94.8571428571429,0,0,0,75.6514914285714,47.5714285714286,17.5364992857143,23.7142857142857,4,,,,,114299
2012-05-06,201219,19.0,19,19,19,0.77564836,5.7171574,0,1,410480820121919590,2023-08-21,Cascavel,1.2956017,332333,15.8571428571429,96.5714285714286,0,0,1,78.0499514285714,49.8571428571429,19.9721855714286,25.7142857142857,3,,,,,114299
2012-04-29,201218,13.0,13,13,13,0.2864449,3.911739,0,1,410480820121819590,2023-08-21,Cascavel,0.81304353,332333,10.7142857142857,98.2857142857143,0,0,0,79.541609,45.2857142857143,15.6253968571429,22.0,2,,,,,114299
2012-04-22,201217,12.0,12,12,12,0.22098,3.610836,0,1,410480820121719590,2023-08-21,Cascavel,0.74995214,332333,15.0,100.0,0,0,0,85.5550608571429,61.4285714285714,18.8544405714286,23.5714285714286,6,,,,,114299
2012-04-15,201216,20.0,20,20,20,0.64531815,6.01806,0,1,410480820121619590,2023-08-21,Cascavel,1.127627,332333,16.7142857142857,99.1428571428571,0,0,1,84.81552,49.4285714285714,21.208453,26.4285714285714,10,,,,,114299
2012-04-08,201215,15.0,15,15,15,0.10931797,4.513545,0,1,410480820121519590,2023-08-21,Cascavel,0.66918766,332333,20.4285714285714,100.0,1,0,1,85.3227214285714,61.5714285714286,23.3226067142857,27.8571428571429,1,,,,,114299
2012-04-01,201214,12.0,12,12,12,0.013714319,3.610836,0,1,410480820121419590,2023-08-21,Cascavel,0.47736213,332333,17.4285714285714,93.2857142857143,0,0,0,73.2194177142857,37.4285714285714,22.3599914285714,30.0,3,,,,,114299
2012-03-25,201213,28.0,28,28,28,0.60031605,8.425284,0,1,410480820121319590,2023-08-21,Cascavel,1.0709778,332333,10.8571428571429,98.1428571428571,0,0,1,72.954058,28.5714285714286,18.3155521428571,27.5714285714286,7,,,,,114299
2012-03-18,201212,25.0,25,25,25,0.402995,7.5225754,0,1,410480820121219590,2023-08-21,Cascavel,0.93449295,332333,18.8571428571429,92.0,0,0,1,65.0968032857143,33.2857142857143,24.1248265714286,30.5714285714286,6,,,,,114299
2012-03-11,201211,25.0,25,25,25,0.5354255,7.5225754,0,2,410480820121119590,2023-08-21,Cascavel,1.0254118,332333,20.1428571428571,90.7142857142857,1,0,1,64.4621205714286,32.0,25.8047412857143,32.7142857142857,5,,,,,114299
2012-03-04,201210,29.0,29,29,29,0.9446226,8.726188,0,2,410480820121019590,2023-08-21,Cascavel,1.594197,332333,20.4285714285714,88.5714285714286,1,0,1,57.3388137142857,20.0,27.5005667142857,36.0,10,,,,,114299
2012-02-26,201209,28.0,28,28,28,0.99156845,8.425284,0,2,410480820120919590,2023-08-21,Cascavel,2.1487498,332333,20.4285714285714,97.4285714285714,1,1,1,77.0737291428571,43.0,24.5051055714286,31.0,5,,,,,114299
2012-02-19,201208,18.0,18,18,18,0.8259299,5.416254,0,2,410480820120819590,2023-08-21,Cascavel,1.3985977,332333,22.0,92.5714285714286,1,0,1,76.4001454285714,51.1428571428571,25.4894917142857,31.5714285714286,6,,,,,114299
2012-02-12,201207,8.0,8,8,8,0.08603613,2.4072242,0,2,410480820120719590,2023-08-21,Cascavel,0.5602576,332333,20.1428571428571,89.1428571428571,1,0,0,59.7959081428571,21.8571428571429,27.1014342857143,34.8571428571429,1,,,,,114299
2012-02-05,201206,12.0,12,12,12,0.2750764,3.610836,0,2,410480820120619590,2023-08-21,Cascavel,0.79697275,332333,21.5714285714286,90.1428571428571,1,0,0,56.6731294285714,23.0,28.1486391428571,35.5714285714286,2,,,,,114299
2012-01-29,201205,19.0,19,19,19,0.53238326,5.7171574,0,1,410480820120519590,2023-08-21,Cascavel,1.0265919,332333,21.4285714285714,87.5714285714286,1,0,1,56.4119418571429,20.7142857142857,28.1099771428571,35.7142857142857,3,,,,,114299
2012-01-22,201204,9.0,9,9,9,0.005113768,2.708127,0,1,410480820120419590,2023-08-21,Cascavel,0.38957265,332333,21.1428571428571,93.1428571428571,1,0,0,72.2865888571428,42.8571428571429,25.6067548571429,31.1428571428571,0,,,,,114299
2012-01-15,201203,20.0,20,20,20,0.24370766,6.01806,0,1,410480820120319590,2023-08-21,Cascavel,0.8133522,332333,19.7142857142857,91.5714285714286,0,0,1,63.3063114285714,27.2857142857143,26.5196525714286,33.7142857142857,2,,,,,114299
2012-01-08,201202,23.0,23,23,23,0.5767556,6.920769,0,1,410480820120219590,2023-08-21,Cascavel,1.0590539,332333,21.2857142857143,88.1428571428571,1,0,1,68.889505,42.1428571428571,26.0882351428571,31.5714285714286,2,,,,,114299
2012-01-01,201201,31.0,31,31,31,0.92138004,9.327993,0,1,410480820120119590,2023-08-21,Cascavel,1.4816287,332333,17.2857142857143,90.7142857142857,0,0,1,55.7771527142857,19.7142857142857,25.956233,34.2857142857143,7,,,,,114299
2011-12-25,201152,19.0,19,19,19,0.1396383,5.7171574,0,1,410480820115219590,2023-08-21,Cascavel,0.72545666,332333,21.375,96.25,1,0,1,72.16286375,38.875,26.007605875,32.125,2,,,,,114299
2011-12-18,201151,16.0,16,16,16,0.0075251185,4.8144484,0,1,410480820115119590,2023-08-21,Cascavel,0.49029788,332333,18.4285714285714,91.8571428571429,0,0,1,57.5538772857143,20.4285714285714,26.2718367142857,34.7142857142857,3,,,,,114299
2011-12-11,201150,25.0,25,25,25,0.13636515,7.5225754,0,1,410480820115019590,2023-08-21,Cascavel,0.7507457,332333,16.5714285714286,100.0,0,0,1,67.1814057142857,29.1428571428571,23.5999621428571,30.5714285714286,4,,,,,114299
2011-12-04,201149,38.0,38,38,38,0.88425565,11.434315,0,1,410480820114919590,2023-08-21,Cascavel,1.3411627,332333,20.0,95.0,0,0,1,75.8603872857143,46.8571428571429,24.3806194285714,30.7142857142857,4,,,,,114299
2011-11-27,201148,37.0,37,37,37,0.97211975,11.133411,0,1,410480820114819590,2023-08-21,Cascavel,1.6493534,332333,17.1428571428571,95.0,0,1,1,65.7905098571429,31.2857142857143,23.6342462857143,31.0,6,,,,,114299
2011-11-20,201147,28.0,28,28,28,0.9325286,8.425284,0,1,410480820114719590,2023-08-21,Cascavel,1.5559778,332333,17.1428571428571,98.2857142857143,0,0,1,78.6124714285714,45.8571428571429,22.4277778571429,28.1428571428571,6,,,,,114299
2011-11-13,201146,21.0,21,21,21,0.7995947,6.318963,0,1,410480820114619590,2023-08-21,Cascavel,1.3159537,332333,17.0,99.1428571428571,0,0,1,80.4275985714286,45.8571428571429,21.5007991428571,26.2857142857143,5,,,,,114299
2011-11-06,201145,19.0,19,19,19,0.6731672,5.7171574,0,1,410480820114519590,2023-08-21,Cascavel,1.161054,332333,19.1428571428571,95.7142857142857,0,0,1,74.40979,43.7142857142857,24.4296468571429,30.1428571428571,1,,,,,114299
2011-10-30,201144,11.0,11,11,11,0.25123337,3.3099332,0,3,410480820114419590,2023-08-21,Cascavel,0.7684984,332333,13.2857142857143,91.4285714285714,0,0,0,65.5695641428571,30.4285714285714,20.3514628571429,27.2857142857143,2,,,,,114299
2011-10-23,201143,20.0,20,20,20,0.9800653,6.01806,0,3,410480820114319590,2023-08-21,Cascavel,2.1755912,332333,16.4285714285714,98.2857142857143,0,1,1,71.9340044285714,34.8571428571429,22.043146,28.0,4,,,,,114299
2011-10-16,201142,18.0,18,18,18,0.9949316,5.416254,0,1,410480820114219590,2023-08-21,Cascavel,3.0286226,332333,16.5714285714286,92.5714285714286,0,1,1,64.9717571428571,29.2857142857143,22.387944,29.2857142857143,1,,,,,114299
2011-10-09,201141,6.0,6,6,6,0.5928648,1.805418,0,1,410480820114119590,2023-08-21,Cascavel,1.1446997,332333,18.8571428571429,100.0,0,0,0,89.57114,63.0,21.8173744285714,26.0,0,,,,,114299
2011-10-02,201140,4.0,4,4,4,0.41781768,1.2036121,0,1,410480820114019590,2023-08-21,Cascavel,0.8736747,332333,16.4285714285714,92.5714285714286,0,0,0,68.1128741428571,29.0,22.7947212857143,30.2857142857143,1,,,,,114299
2011-09-25,201139,7.0,7,7,7,0.79984254,2.106321,0,1,410480820113919590,2023-08-21,Cascavel,1.630803,332333,15.1428571428571,88.5714285714286,0,0,0,62.399849,27.2857142857143,22.277211,30.1428571428571,2,,,,,114299
2011-09-18,201138,4.0,4,4,4,0.37395167,1.2036121,0,1,410480820113819590,2023-08-21,Cascavel,0.8139242,332333,14.1428571428571,100.0,0,0,0,80.5083324285714,46.4285714285714,18.9152384285714,25.4285714285714,0,,,,,114299
2011-09-11,201137,3.0,3,3,3,0.17141652,0.902709,0,1,410480820113719590,2023-08-21,Cascavel,0.5330575,332333,12.8571428571429,93.4285714285714,0,0,0,67.1994294285714,30.5714285714286,20.138765,28.4285714285714,0,,,,,114299
2011-09-04,201136,6.0,6,6,6,0.41875434,1.805418,0,1,410480820113619590,2023-08-21,Cascavel,0.8945735,332333,14.7142857142857,92.8571428571429,0,0,0,79.4651835714286,47.5714285714286,19.0014178571429,23.8571428571429,3,,,,,114299
2011-08-28,201135,5.0,5,5,5,0.22243835,1.504515,0,1,410480820113519590,2023-08-21,Cascavel,0.65671706,332333,13.2857142857143,89.1428571428571,0,0,0,61.4308751428571,27.8571428571429,19.979921,26.7142857142857,1,,,,,114299
2011-08-21,201134,6.0,6,6,6,0.35425246,1.805418,0,1,410480820113419590,2023-08-21,Cascavel,0.8195601,332333,9.85714285714286,98.2857142857143,0,0,0,84.9725201428571,58.0,14.4049397142857,19.8571428571429,0,,,,,114299
2011-08-14,201133,10.0,10,10,10,0.80795354,3.00903,0,1,410480820113319590,2023-08-21,Cascavel,1.5242678,332333,14.8571428571429,93.4285714285714,0,0,0,73.7656528571429,50.4285714285714,19.0543095714286,23.7142857142857,1,,,,,114299
2011-08-07,201132,6.0,6,6,6,0.5069998,1.805418,0,1,410480820113219590,2023-08-21,Cascavel,1.0098531,332333,16.0,90.0,0,0,0,67.7194252857143,32.7142857142857,22.3173468571429,29.7142857142857,0,,,,,114299
2011-07-31,201131,8.0,8,8,8,0.7012354,2.4072242,0,1,410480820113119590,2023-08-21,Cascavel,1.315699,332333,7.28571428571429,95.4285714285714,0,0,0,77.7051307142857,42.7142857142857,12.2676137857143,17.2857142857143,1,,,,,114299
2011-07-24,201130,4.0,4,4,4,0.26874974,1.2036121,0,1,410480820113019590,2023-08-21,Cascavel,0.6840441,332333,14.5714285714286,97.4285714285714,0,0,0,77.8236848571429,50.1428571428571,19.7899158571429,25.5714285714286,1,,,,,114299
2011-07-17,201129,7.0,7,7,7,0.6699959,2.106321,0,1,410480820112919590,2023-08-21,Cascavel,1.2731332,332333,13.1428571428571,100.0,0,0,0,92.0107214285714,68.0,16.3389972857143,20.8571428571429,1,,,,,114299
2011-07-10,201128,7.0,7,7,7,0.5322125,2.106321,0,1,410480820112819590,2023-08-21,Cascavel,1.0432609,332333,15.1428571428571,91.7142857142857,0,0,0,64.3435181428571,31.7142857142857,20.8815235714286,28.2857142857143,0,,,,,114299
2011-07-03,201127,3.0,3,3,3,0.039159358,0.902709,0,1,410480820112719590,2023-08-21,Cascavel,0.34668043,332333,2.71428571428571,99.0,0,0,0,80.7022807142857,35.7142857142857,8.81851275714286,16.5714285714286,0,,,,,114299
2011-06-26,201126,7.0,7,7,7,0.23464888,2.106321,0,1,410480820112619590,2023-08-21,Cascavel,0.70754266,332333,5.85714285714286,100.0,0,0,0,93.1375324285714,70.1428571428571,9.81804534285714,13.4285714285714,0,,,,,114299
2011-06-19,201125,9.0,9,9,9,0.3392769,2.708127,0,1,410480820112519590,2023-08-21,Cascavel,0.832995,332333,16.5714285714286,95.8571428571429,0,0,0,82.1499257142857,60.1428571428571,20.1763965714286,24.5714285714286,2,,,,,114299
2011-06-12,201124,11.0,11,11,11,0.33638036,3.3099332,0,1,410480820112419590,2023-08-21,Cascavel,0.8439758,332333,13.4285714285714,96.5714285714286,0,0,0,74.4787128571429,40.8571428571429,18.7269525714286,25.4285714285714,1,,,,,114299
2011-06-05,201123,9.0,9,9,9,0.0477761,2.708127,0,1,410480820112319590,2023-08-21,Cascavel,0.51896024,332333,7.42857142857143,99.1428571428571,0,0,0,85.4282301428571,48.2857142857143,13.08354,20.0,1,,,,,114299
2011-05-29,201122,13.0,13,13,13,0.03624413,3.911739,0,1,410480820112219590,2023-08-21,Cascavel,0.54919016,332333,9.57142857142857,100.0,0,0,0,82.4243328571429,38.7142857142857,15.1798086428571,22.8571428571429,1,,,,,114299
2011-05-22,201121,15.0,15,15,15,0.015212827,4.513545,0,1,410480820112119590,2023-08-21,Cascavel,0.51529366,332333,13.0,96.5714285714286,0,0,1,80.20825,50.2857142857143,18.1153911428571,23.8571428571429,2,,,,,114299
2011-05-15,201120,24.0,24,24,24,0.13980697,7.221672,0,1,410480820112019590,2023-08-21,Cascavel,0.7495825,332333,11.8571428571429,99.1428571428571,0,0,1,82.4744885714286,48.1428571428571,16.6785712857143,23.0,5,,,,,114299
2011-05-08,201119,33.0,33,33,33,0.4046714,9.929799,0,1,410480820111919590,2023-08-21,Cascavel,0.9434787,332333,18.7142857142857,100.0,0,0,1,87.6738741428571,60.5714285714286,21.8344191428571,27.1428571428571,2,,,,,114299
2011-05-01,201118,30.0,30,30,30,0.13163675,9.02709,0,1,410480820111819590,2023-08-21,Cascavel,0.76455605,332333,11.5714285714286,100.0,0,0,1,84.2948557142857,45.2857142857143,16.7439655,23.1428571428571,9,,,,,114299
2011-04-24,201117,35.0,35,35,35,0.11964128,10.531606,0,1,410480820111719590,2023-08-21,Cascavel,0.76944,332333,15.7142857142857,100.0,0,0,1,82.9163065714286,48.8571428571429,20.1236405714286,26.2857142857143,12,,,,,114299
2011-04-17,201116,39.0,39,39,39,0.08329112,11.735217,0,1,410480820111619590,2023-08-21,Cascavel,0.7482635,332333,19.1428571428571,100.0,0,0,1,82.2016578571429,56.4285714285714,23.3067747142857,28.8571428571429,11,,,,,114299
2011-04-10,201115,42.0,42,42,42,0.07369152,12.637926,0,1,410480820111519590,2023-08-21,Cascavel,0.74631697,332333,17.2857142857143,100.0,0,0,1,82.2959414285714,56.1428571428571,21.8090644285714,27.4285714285714,15,,,,,114299
2011-04-03,201114,59.0,59,59,59,0.3956572,17.753277,0,1,410480820111419590,2023-08-21,Cascavel,0.9531614,332333,16.7142857142857,98.2857142857143,0,0,1,77.2841594285714,40.1428571428571,22.4201694285714,29.4285714285714,16,,,,,114299
2011-03-27,201113,53.0,53,53,53,0.11175193,15.94786,0,1,410480820111319590,2023-08-21,Cascavel,0.80022436,332333,20.7142857142857,100.0,1,0,1,89.5924078571429,68.7142857142857,23.6988817142857,28.1428571428571,14,,,,,114299
2011-03-20,201112,58.0,58,58,58,0.4227541,17.452375,0,3,410480820111219590,2023-08-21,Cascavel,0.9648959,332333,21.1428571428571,91.5714285714286,1,0,1,71.6573792857143,42.0,26.3802642857143,32.2857142857143,12,,,,,114299
2011-03-13,201111,79.0,79,79,79,0.99516255,23.771338,0,3,410480820111119590,2023-08-21,Cascavel,1.5846094,332333,19.8571428571429,97.4285714285714,0,1,2,73.9176114285714,35.1428571428571,25.3862432857143,31.8571428571429,20,,,,,114299
2011-03-06,201110,64.0,64,64,64,0.96761143,19.257793,0,2,410480820111019590,2023-08-21,Cascavel,1.4267851,332333,20.5714285714286,95.8571428571429,1,1,1,72.4961285714286,43.1428571428571,25.6489897142857,31.5714285714286,12,,,,,114299
2011-02-27,201109,39.0,39,39,39,0.46184954,11.735217,0,2,410480820110919590,2023-08-21,Cascavel,0.97876966,332333,21.2857142857143,91.5714285714286,1,0,1,72.7801742857143,46.7142857142857,25.4452725714286,30.5714285714286,4,,,,,114299
2011-02-20,201108,50.0,50,50,50,0.9646386,15.045151,0,2,410480820110819590,2023-08-21,Cascavel,1.4875957,332333,22.2857142857143,99.1428571428571,1,1,1,87.482617,62.2857142857143,25.4694948571429,30.1428571428571,2,,,,,114299
2011-02-13,201107,43.0,43,43,43,0.9367665,12.938829,0,2,410480820110719590,2023-08-21,Cascavel,1.4310219,332333,21.5714285714286,96.5714285714286,1,0,1,79.9033985714286,49.2857142857143,25.9397738571429,32.1428571428571,5,,,,,114299
2011-02-06,201106,27.0,27,27,27,0.5069356,8.124381,0,2,410480820110619590,2023-08-21,Cascavel,1.0047119,332333,21.5714285714286,100.0,1,0,1,89.0924352857143,59.8571428571429,24.9078348571429,30.0,2,,,,,114299
2011-01-30,201105,34.0,34,34,34,0.9112169,10.230702,0,2,410480820110519590,2023-08-21,Cascavel,1.4257966,332333,22.7142857142857,100.0,1,0,1,85.3839058571428,55.1428571428571,26.0581525714286,32.0,2,,,,,114299
2011-01-23,201104,26.0,26,26,26,0.7006951,7.823478,0,2,410480820110419590,2023-08-21,Cascavel,1.162161,332333,23.1428571428571,97.7142857142857,1,0,1,78.6520177142857,44.0,27.1798264285714,33.7142857142857,2,,,,,114299
2011-01-16,201103,23.0,23,23,23,0.66323906,6.920769,0,2,410480820110319590,2023-08-21,Cascavel,1.1354336,332333,21.1428571428571,98.2857142857143,1,0,1,82.9588005714286,57.2857142857143,25.2788382857143,31.2857142857143,1,,,,,114299
2011-01-09,201102,21.0,21,21,21,0.8533803,6.318963,0,2,410480820110219590,2023-08-21,Cascavel,1.4188529,332333,21.2857142857143,99.1428571428571,1,0,1,78.4012148571429,44.2857142857143,26.2531888571429,33.0,2,,,,,114299
2011-01-02,201101,26.0,26,26,26,0.99682367,7.823478,0,2,410480820110119590,2023-08-21,Cascavel,2.5772798,332333,20.8571428571429,98.2857142857143,1,1,1,78.9407351428571,44.0,25.9197007142857,32.7142857142857,0,,,,,114299
2010-12-26,201052,13.0,13,13,13,0.7624463,3.911739,0,1,410480820105219590,2023-08-21,Cascavel,1.3445908,332333,21.2857142857143,97.5714285714286,1,0,0,78.2942028571428,45.5714285714286,25.9054788571429,31.8571428571429,0,,,,,114299
2010-12-19,201051,7.0,7,7,7,0.14628604,2.106321,0,1,410480820105119590,2023-08-21,Cascavel,0.6146756,332333,21.5714285714286,98.2857142857143,1,0,0,84.1632342857143,59.0,25.8217804285714,31.1428571428571,0,,,,,114299
2010-12-12,201050,8.0,8,8,8,0.20163396,2.4072242,0,1,410480820105019590,2023-08-21,Cascavel,0.688952,332333,16.1428571428571,97.4285714285714,0,0,0,77.1005592857143,47.5714285714286,22.1088817142857,28.5714285714286,0,,,,,114299
2010-12-05,201049,14.0,14,14,14,0.75446314,4.212642,0,1,410480820104919590,2023-08-21,Cascavel,1.3152093,332333,19.5714285714286,100.0,0,0,0,87.1451334285714,60.5714285714286,23.6729927142857,29.5714285714286,1,,,,,114299
2010-11-28,201048,12.0,12,12,12,0.6738487,3.610836,0,1,410480820104819590,2023-08-21,Cascavel,1.2082765,332333,20.0,99.1428571428571,0,0,0,83.0734208571429,57.4285714285714,23.8863484285714,29.4285714285714,1,,,,,114299
2010-11-21,201047,10.0,10,10,10,0.5760433,3.00903,0,1,410480820104719590,2023-08-21,Cascavel,1.0895143,332333,17.5714285714286,99.1428571428571,0,0,0,76.2077165714286,42.7142857142857,23.1730627142857,29.4285714285714,2,,,,,114299
2010-11-14,201046,10.0,10,10,10,0.71420556,3.00903,0,1,410480820104619590,2023-08-21,Cascavel,1.3019712,332333,16.2857142857143,96.5714285714286,0,0,0,67.8801721428571,31.7142857142857,22.554776,29.5714285714286,0,,,,,114299
2010-11-07,201045,10.0,10,10,10,0.8271974,3.00903,0,1,410480820104519590,2023-08-21,Cascavel,1.5857633,332333,14.5714285714286,91.5714285714286,0,0,0,63.2502834285714,28.0,22.006767,29.2857142857143,0,,,,,114299
2010-10-31,201044,8.0,8,8,8,0.6356508,2.4072242,0,1,410480820104419590,2023-08-21,Cascavel,1.192592,332333,13.0,96.5714285714286,0,0,0,63.0967188571429,21.8571428571429,20.6820021428571,28.2857142857143,0,,,,,114299
2010-10-24,201043,5.0,5,5,5,0.19582467,1.504515,0,1,410480820104319590,2023-08-21,Cascavel,0.62720484,332333,14.2857142857143,95.7142857142857,0,0,0,68.9157038571429,36.7142857142857,20.2228542857143,26.5714285714286,0,,,,,114299
2010-10-17,201042,5.0,5,5,5,0.20618686,1.504515,0,1,410480820104219590,2023-08-21,Cascavel,0.6387269,332333,14.7142857142857,90.8571428571429,0,0,0,70.6819065714286,42.7142857142857,19.6602448571429,25.5714285714286,0,,,,,114299
2010-10-10,201041,11.0,11,11,11,0.8207235,3.3099332,0,1,410480820104119590,2023-08-21,Cascavel,1.5300934,332333,15.4285714285714,89.8571428571429,0,0,0,66.8364835714286,40.7142857142857,19.947844,25.0,0,,,,,114299
2010-10-03,201040,7.0,7,7,7,0.49506637,2.106321,0,1,410480820104019590,2023-08-21,Cascavel,0.9936147,332333,11.5714285714286,94.8571428571429,0,0,0,74.4238564285714,45.1428571428571,17.6268775714286,24.2857142857143,1,,,,,114299
2010-09-26,201039,7.0,7,7,7,0.44553617,2.106321,0,1,410480820103919590,2023-08-21,Cascavel,0.93250203,332333,14.4285714285714,94.8571428571429,0,0,0,79.4081788571429,52.8571428571429,17.9230517142857,22.7142857142857,0,,,,,114299
2010-09-19,201038,7.0,7,7,7,0.3116212,2.106321,0,1,410480820103819590,2023-08-21,Cascavel,0.78601,332333,14.4285714285714,89.1428571428571,0,0,0,73.1201165714286,45.4285714285714,19.0701274285714,24.2857142857143,0,,,,,114299
2010-09-12,201037,7.0,7,7,7,0.18130586,2.106321,0,1,410480820103719590,2023-08-21,Cascavel,0.6524828,332333,12.1428571428571,90.2857142857143,0,0,0,60.0806494285714,21.0,19.2682082857143,29.0,0,,,,,114299
2010-09-05,201036,8.0,8,8,8,0.23478204,2.4072242,0,1,410480820103619590,2023-08-21,Cascavel,0.72181374,332333,11.7142857142857,85.4285714285714,0,0,0,59.8177467142857,27.2857142857143,18.65441,25.8571428571429,0,,,,,114299
2010-08-29,201035,12.0,12,12,12,0.6642519,3.610836,0,1,410480820103519590,2023-08-21,Cascavel,1.1943274,332333,16.0,89.4285714285714,0,0,0,67.2118582857143,41.0,19.7178682857143,25.4285714285714,0,,,,,114299
2010-08-22,201034,13.0,13,13,13,0.8075358,3.911739,0,1,410480820103419590,2023-08-21,Cascavel,1.4424669,332333,15.0,79.2857142857143,0,0,0,52.0159442857143,15.2857142857143,22.3456632857143,31.5714285714286,0,,,,,114299
2010-08-15,201033,8.0,8,8,8,0.564469,2.4072242,0,1,410480820103319590,2023-08-21,Cascavel,1.0839148,332333,9.57142857142857,86.0,0,0,0,61.0750175714286,20.2857142857143,15.8308767142857,24.5714285714286,0,,,,,114299
2010-08-08,201032,11.0,11,11,11,0.91036254,3.3099332,0,1,410480820103219590,2023-08-21,Cascavel,1.929991,332333,10.5714285714286,91.4285714285714,0,0,0,72.0921671428571,43.5714285714286,15.4225977142857,21.4285714285714,1,,,,,114299
2010-08-01,201031,7.0,7,7,7,0.7385255,2.106321,0,1,410480820103119590,2023-08-21,Cascavel,1.4340996,332333,4.57142857142857,92.5714285714286,0,0,0,76.81093,49.7142857142857,9.40307037142857,14.8571428571429,1,,,,,114299
2010-07-25,201030,5.0,5,5,5,0.43198645,1.504515,0,1,410480820103019590,2023-08-21,Cascavel,0.9034762,332333,10.4285714285714,91.2857142857143,0,0,0,69.0244585714286,38.4285714285714,17.1548518571429,24.4285714285714,0,,,,,114299
2010-07-18,201029,5.0,5,5,5,0.23489413,1.504515,0,1,410480820102919590,2023-08-21,Cascavel,0.67047626,332333,9.0,96.5714285714286,0,0,0,86.2114234285714,68.1428571428571,12.6715534285714,16.7142857142857,0,,,,,114299
2010-07-11,201028,3.0,3,3,3,0.02551254,0.902709,0,1,410480820102819590,2023-08-21,Cascavel,0.31666407,332333,5.14285714285714,93.4285714285714,0,0,0,81.02415,57.0,9.67614824285714,13.2857142857143,0,,,,,114299
2010-07-04,201027,10.0,10,10,10,0.33288193,3.00903,0,1,410480820102719590,2023-08-21,Cascavel,0.83432025,332333,14.1428571428571,86.4285714285714,0,0,0,67.9340402857143,37.0,19.2845531428571,25.7142857142857,1,,,,,114299
2010-06-27,201026,7.0,7,7,7,0.09824166,2.106321,0,1,410480820102619590,2023-08-21,Cascavel,0.5578826,332333,14.1428571428571,90.0,0,0,0,73.7952362857143,41.4285714285714,18.5484444285714,25.1428571428571,1,,,,,114299
2010-06-20,201025,13.0,13,13,13,0.7303711,3.911739,0,1,410480820102519590,2023-08-21,Cascavel,1.286369,332333,12.4285714285714,94.0,0,0,0,78.8330911428571,52.5714285714286,16.8670514285714,22.2857142857143,1,,,,,114299
2010-06-13,201024,17.0,17,17,17,0.9166878,5.115351,0,1,410480820102419590,2023-08-21,Cascavel,1.7049265,332333,14.8571428571429,88.0,0,0,1,67.7316701428571,39.7142857142857,19.7129631428571,25.4285714285714,2,,,,,114299
2010-06-06,201023,8.0,8,8,8,0.123027876,2.4072242,0,1,410480820102319590,2023-08-21,Cascavel,0.60567355,332333,9.28571428571429,94.8571428571429,0,0,0,79.6964015714286,44.1428571428571,13.6977344285714,21.0,0,,,,,114299
2010-05-30,201022,4.0,4,4,4,0.0023588839,1.2036121,0,1,410480820102219590,2023-08-21,Cascavel,0.2518801,332333,10.0,93.8571428571429,0,0,0,83.2236027142857,60.0,14.074349,18.4285714285714,0,,,,,114299
2010-05-23,201021,20.0,20,20,20,0.43889552,6.01806,0,1,410480820102119590,2023-08-21,Cascavel,0.9535493,332333,13.1428571428571,94.8571428571429,0,0,1,83.1425465714286,59.0,16.963928,22.0,0,,,,,114299
2010-05-16,201020,11.0,11,11,11,0.0016945095,3.3099332,0,1,410480820102019590,2023-08-21,Cascavel,0.37941435,332333,11.8571428571429,95.7142857142857,0,0,0,86.6773292857143,66.5714285714286,14.8111256428571,18.8571428571429,0,,,,,114299
2010-05-09,201019,19.0,19,19,19,0.006060385,5.7171574,0,1,410480820101919590,2023-08-21,Cascavel,0.5060419,332333,9.14285714285714,95.7142857142857,0,0,1,81.6645171428572,51.2857142857143,13.5943252857143,19.4285714285714,0,,,,,114299
2010-05-02,201018,31.0,31,31,31,0.028047195,9.327993,0,1,410480820101819590,2023-08-21,Cascavel,0.6485081,332333,13.8571428571429,94.0,0,0,1,82.4347064285714,57.5714285714286,18.0975371428571,22.8571428571429,10,,,,,114299
2010-04-25,201017,36.0,36,36,36,0.010327438,10.832508,0,1,410480820101719590,2023-08-21,Cascavel,0.61790276,332333,14.0,97.4285714285714,0,0,1,84.1880091428571,53.1428571428571,18.3731594285714,24.7142857142857,8,,,,,114299
2010-04-18,201016,45.0,45,45,45,0.056333203,13.540635,0,1,410480820101619590,2023-08-21,Cascavel,0.73463106,332333,17.5714285714286,91.5714285714286,0,0,1,76.6200454285714,54.4285714285714,21.6758504285714,27.1428571428571,12,,,,,114299
2010-04-11,201015,64.0,64,64,64,0.82336295,19.257793,0,3,410480820101519590,2023-08-21,Cascavel,1.1860636,332333,15.8571428571429,91.4285714285714,0,0,1,73.1085548571429,36.5714285714286,20.7422047142857,27.7142857142857,18,,,,,114299
2010-04-04,201014,69.0,69,69,69,0.9922271,20.762308,0,3,410480820101419590,2023-08-21,Cascavel,1.5847116,332333,13.4285714285714,93.1428571428571,0,1,1,74.0695828571429,41.8571428571429,18.3251405714286,23.7142857142857,21,,,,,114299
2010-03-28,201013,56.0,56,56,56,0.9658756,16.850569,0,1,410480820101319590,2023-08-21,Cascavel,1.4578159,332333,19.4285714285714,94.8571428571429,0,1,1,76.3116401428571,41.2857142857143,24.0569917142857,30.1428571428571,14,,,,,114299
2010-03-21,201012,39.0,39,39,39,0.584485,11.735217,0,1,410480820101219590,2023-08-21,Cascavel,1.0498477,332333,19.1428571428571,94.0,0,0,1,84.2432248571429,62.2857142857143,22.3133955714286,27.1428571428571,12,,,,,114299
2010-03-14,201011,34.0,34,34,34,0.59738463,10.230702,0,3,410480820101119590,2023-08-21,Cascavel,1.0621884,332333,19.1428571428571,93.1428571428571,0,0,1,76.3154441428571,49.5714285714286,23.5073812857143,28.7142857142857,11,,,,,114299
2010-03-07,201010,43.0,43,43,43,0.99470884,12.938829,0,3,410480820101019590,2023-08-21,Cascavel,1.9024341,332333,17.1428571428571,94.0,0,1,1,70.2463142857143,33.8571428571429,23.5040442857143,30.8571428571429,19,,,,,114299
2010-02-28,201009,35.0,35,35,35,0.9991823,10.531606,0,3,410480820100919590,2023-08-21,Cascavel,2.5706992,332333,19.0,91.4285714285714,0,1,1,69.1742771428572,34.5714285714286,24.0873067142857,30.4285714285714,17,,,,,114299
2010-02-21,201008,21.0,21,21,21,0.9951288,6.318963,0,2,410480820100819590,2023-08-21,Cascavel,2.7459962,332333,20.5714285714286,89.2857142857143,1,1,1,78.3048987142857,56.1428571428571,23.7003248571429,28.1428571428571,10,,,,,114299
2010-02-14,201007,13.0,13,13,13,0.9636855,3.911739,0,2,410480820100719590,2023-08-21,Cascavel,2.3393614,332333,21.2857142857143,92.2857142857143,1,0,0,78.7717094285714,58.2857142857143,24.5926237142857,28.8571428571429,6,,,,,114299
2010-02-07,201006,5.0,5,5,5,0.38992685,1.504515,0,1,410480820100619590,2023-08-21,Cascavel,0.8493599,332333,20.5714285714286,91.5714285714286,1,0,0,71.9574132857143,44.5714285714286,25.5825301428571,31.5714285714286,2,,,,,114299
2010-01-31,201005,4.0,4,4,4,0.0,1.2036121,0,1,410480820100519590,2023-08-21,Cascavel,0.0,332333,22.8571428571429,84.4285714285714,1,0,0,62.6031738571429,33.1428571428571,28.3352231428571,34.8571428571429,1,,,,,114299
2010-01-24,201004,7.0,7,7,7,0.0,2.106321,0,1,410480820100419590,2023-08-21,Cascavel,0.0,332333,19.7142857142857,91.4285714285714,0,0,0,73.4200957142857,44.1428571428571,24.733685,31.4285714285714,4,,,,,114299
2010-01-17,201003,6.0,6,6,6,0.0,1.805418,0,1,410480820100319590,2023-08-21,Cascavel,0.0,332333,19.5714285714286,93.1428571428571,0,0,0,76.4776742857143,48.0,24.2826357142857,30.2857142857143,1,,,,,114299
2010-01-10,201002,7.0,7,7,7,0.0,2.106321,0,1,410480820100219590,2023-08-21,Cascavel,0.0,332333,20.8571428571429,91.5714285714286,1,0,0,78.4122257142857,57.2857142857143,24.2309991428571,29.1428571428571,3,,,,,114299
2010-01-03,201001,6.0,6,6,6,0.0,1.805418,0,1,410480820100119590,2023-08-21,Cascavel,0.0,332333,22.4285714285714,91.1428571428571,1,0,0,74.1661147142857,46.4285714285714,26.4989871428571,32.2857142857143,2,,,,,114299
