data_iniSE,SE,casos_est,casos_est_min,casos_est_max,casos,p_rt1,p_inc100k,Localidade_id,nivel,id,versao_modelo,municipio_nome,Rt,pop,tempmin,umidmax,receptivo,transmissao,nivel_inc,umidmed,umidmin,tempmed,tempmax,casprov,casprov_est,casprov_est_min,casprov_est_max,casconf,notif_accum_year
2026-09-13,202637,0.0,0,0,0,0.0,0.0,0,1,291080020263720719,2026-09-23,Feira de Santana,0.0,652592,19.71665,91.983575,0,0.0,0,63.422025,34.2054,25.1187,31.788575,0,,,,,84595
2026-09-06,202636,3.0,3,3,3,0.0,0.4597053,0,1,291080020263620719,2026-09-23,Feira de Santana,0.038904853,652592,20.9149714285714,91.9259571428571,0,0.0,0,68.2695571428571,38.6143,25.3125571428571,31.2641,3,,,,,84595
2026-08-30,202635,27.0,27,27,27,5.8056004e-11,4.1373477,0,1,291080020263520719,2026-09-23,Feira de Santana,0.2807227,652592,21.2146142857143,92.7031142857143,0,0.0,0,70.0439714285714,42.4121857142857,25.4941285714286,31.3294428571429,6,,,,,84595
2026-08-23,202634,104.0,104,104,104,0.37472337,15.93645,0,1,291080020263420719,2026-09-23,Feira de Santana,0.95722073,652592,19.3474857142857,95.63,0,0.0,1,70.2246,38.2658571428571,23.9846285714286,29.9433857142857,28,,,,,84595
2026-08-16,202633,95.0,95,95,95,0.015625676,14.557335,0,1,291080020263320719,2026-09-23,Feira de Santana,0.74818784,652592,18.6494714285714,94.4374285714286,0,0.0,1,74.0259571428571,50.3609,22.6247714285714,27.2438142857143,12,,,,,84595
2026-08-09,202632,99.0,99,99,99,0.0047681723,15.170275,0,1,291080020263220719,2026-09-23,Feira de Santana,0.71320546,652592,20.2368285714286,94.8746714285714,0,0.0,1,75.1993714285714,50.7022714285714,23.5640142857143,28.0809428571429,34,,,,,84595
2026-08-02,202631,129.0,129,129,129,0.27962267,19.767328,0,1,291080020263120719,2026-09-23,Feira de Santana,0.93116784,652592,18.9824428571429,97.3563714285714,0,0.0,1,76.3523142857143,46.1481,23.0086714285714,28.2233714285714,32,,,,,84595
2026-07-26,202630,163.0,163,163,163,0.9162546,24.977322,0,1,291080020263020719,2026-09-23,Feira de Santana,1.1721876,652592,18.6356142857143,96.2020714285714,0,0.0,1,77.1362,52.4344428571429,22.5828571428571,27.0611,44,,,,,84595
2026-07-19,202629,116.0,116,116,116,0.07573592,17.775272,0,1,291080020262920719,2026-09-23,Feira de Santana,0.8354645,652592,19.0955142857143,96.2744714285714,0,0.0,1,81.2713,61.6644285714286,22.2830571428571,26.0770857142857,20,,,,,84595
2026-07-12,202628,159.0,159,159,159,0.8514058,24.36438,0,1,291080020262820719,2026-09-23,Feira de Santana,1.1278597,652592,19.1091857142857,90.9754,0,0.0,1,75.3199428571429,54.1441571428571,22.5888285714286,26.7078857142857,39,,,,,84595
2026-07-05,202627,124.0,124,124,124,0.16112071,19.001152,0,1,291080020262720719,2026-09-23,Feira de Santana,0.8853686,652592,18.9872,98.5777428571429,0,0.0,1,83.2907142857143,62.3105,22.2117857142857,26.0079571428571,32,,,,,84595
2026-06-28,202626,150.0,150,150,150,0.8734285,22.985266,0,3,291080020262620719,2026-09-23,Feira de Santana,1.1460544,652592,19.614,96.4972428571429,0,0.0,1,82.4479571428571,64.1339428571429,22.5466857142857,26.0528571428571,40,,,,,84595
2026-06-21,202625,143.0,143,143,143,0.97830015,21.912619,0,3,291080020262520719,2026-09-23,Feira de Santana,1.2893252,652592,19.0969714285714,95.0450714285714,0,1.0,1,79.6373857142857,58.4909857142857,22.4402428571429,26.5922285714286,24,,,,,84595
2026-06-14,202624,137.0,137,137,137,0.999383,20.993208,0,3,291080020262420719,2026-09-23,Feira de Santana,1.543912,652592,20.0430428571429,97.6569285714286,0,1.0,1,81.7492428571429,59.1125285714286,23.2258714285714,27.2899857142857,33,,,,,84595
2026-06-07,202623,121.0,121,121,121,0.99176073,18.541447,0,1,291080020262320719,2026-09-23,Feira de Santana,1.3972827,652592,18.4358428571429,96.7678857142857,0,1.0,1,78.3581714285714,53.5851285714286,22.5890714285714,27.3699142857143,28,,,,,84595
2026-05-31,202622,73.0,73,73,73,0.009814363,11.186162,0,1,291080020262220719,2026-09-23,Feira de Santana,0.70273584,652592,20.7195428571429,95.1413428571429,0,0.0,1,85.6353,70.3423571428571,22.5235,25.3884285714286,22,,,,,84595
2026-05-24,202621,66.0,66,66,66,0.00046383397,10.113517,0,3,291080020262120719,2026-09-23,Feira de Santana,0.6025139,652592,20.7812285714286,96.4177571428571,0,0.0,1,83.7933428571429,63.5325571428571,23.2573428571429,26.8800857142857,12,,,,,84595
2026-05-17,202620,118.0,118,118,118,0.9596407,18.081741,0,3,291080020262020719,2026-09-23,Feira de Santana,1.2725475,652592,21.1575714285714,95.9295,0,1.0,1,80.1115,57.3194142857143,24.1851428571429,28.1402285714286,16,,,,,84595
2026-05-10,202619,132.0,132,132,132,0.99997735,20.227034,0,3,291080020261920719,2026-09-23,Feira de Santana,1.7842138,652592,21.0200428571429,97.1108857142857,0,1.0,1,80.8212571428571,58.9180857142857,24.1719857142857,28.0515,19,,,,,84595
2026-05-03,202618,86.0,86,86,86,0.95014864,13.178219,0,1,291080020261820719,2026-09-23,Feira de Santana,1.3069454,652592,21.4579857142857,95.3387714285714,0,1.0,1,80.7587,59.2596142857143,24.3674,28.3512285714286,25,,,,,84595
2026-04-26,202617,68.0,68,68,68,0.63838,10.419987,0,1,291080020261720719,2026-09-23,Feira de Santana,1.0634083,652592,21.2739142857143,96.4439,0,0.0,1,79.9888285714286,58.6771428571429,24.5056,28.5282714285714,12,,,,,84595
2026-04-19,202616,62.0,62,62,62,0.57418925,9.500576,0,1,291080020261620719,2026-09-23,Feira de Santana,1.0343407,652592,22.5305714285714,94.9070571428571,0,0.0,1,83.1442428571429,65.2733285714286,24.8893142857143,28.3292428571429,10,,,,,84595
2026-04-12,202615,67.0,67,67,67,0.83839613,10.266751,0,1,291080020261520719,2026-09-23,Feira de Santana,1.1946282,652592,21.9565857142857,94.8119285714286,0,0.0,1,79.1145428571429,59.0931285714286,25.0858857142857,28.9329285714286,17,,,,,84595
2026-04-05,202614,66.0,66,66,66,0.73294336,10.113517,0,1,291080020261420719,2026-09-23,Feira de Santana,1.1172863,652592,22.6017,95.5532428571429,0,0.0,1,78.5454571428571,54.4649857142857,25.7099,30.0292,10,,,,,84595
2026-03-29,202613,42.0,42,42,42,0.017749399,6.435874,0,1,291080020261320719,2026-09-23,Feira de Santana,0.66216964,652592,22.5018285714286,94.8402285714286,0,0.0,1,82.0173571428571,65.1559428571429,25.0238285714286,28.5835142857143,8,,,,,84595
2026-03-22,202612,67.0,67,67,67,0.6206584,10.266751,0,1,291080020261220719,2026-09-23,Feira de Santana,1.0550863,652592,22.8948285714286,92.5181428571429,0,0.0,1,76.6011571428571,56.3425,25.9674714285714,29.9862714285714,5,,,,,84595
2026-03-15,202611,59.0,59,59,59,0.6161575,9.040871,0,1,291080020261120719,2026-09-23,Feira de Santana,1.0564779,652592,22.5163285714286,94.3656142857143,0,0.0,1,69.7154857142857,39.2233571428571,26.8939,32.6945857142857,12,,,,,84595
2026-03-08,202610,76.0,76,76,76,0.9965316,11.645867,0,1,291080020261020719,2026-09-23,Feira de Santana,1.6385058,652592,22.3341857142857,96.1160857142857,0,1.0,1,76.6375,54.2918142857143,26.0261428571429,30.4305,16,,,,,84595
2026-03-01,202609,52.0,52,52,52,0.91147757,7.968225,0,1,291080020260920719,2026-09-23,Feira de Santana,1.3268776,652592,22.0842142857143,97.3719428571429,0,0.0,1,87.3855428571429,72.4253,24.5316,27.8775857142857,9,,,,,84595
2026-02-22,202608,47.0,47,47,47,0.90481794,7.2020497,0,1,291080020260820719,2026-09-23,Feira de Santana,1.334929,652592,23.1429,93.8857,1,0.0,1,78.7730714285714,59.9788428571429,26.2242857142857,29.8955857142857,2,,,,,84595
2026-02-15,202607,37.0,37,37,37,0.69684666,5.6696987,0,1,291080020260720719,2026-09-23,Feira de Santana,1.1306748,652592,22.6146857142857,94.5676571428571,0,0.0,1,77.6610857142857,55.2668142857143,25.7553285714286,29.9877285714286,6,,,,,84595
2026-02-08,202606,34.0,34,34,34,0.7078401,5.2099934,0,1,291080020260620719,2026-09-23,Feira de Santana,1.1461306,652592,23.0758857142857,87.7930857142857,1,0.0,1,68.1136285714286,44.8511714285714,26.9598428571429,31.9646714285714,6,,,,,84595
2026-02-01,202605,35.0,35,35,35,0.8394039,5.3632283,0,1,291080020260520719,2026-09-23,Feira de Santana,1.2850293,652592,23.0434571428571,88.2688285714286,1,0.0,1,60.9701142857143,33.9999571428571,28.2679571428571,34.5575857142857,6,,,,,84595
2026-01-25,202604,29.0,29,29,29,0.58454436,4.443818,0,1,291080020260420719,2026-09-23,Feira de Santana,1.058078,652592,22.7174285714286,92.9619428571429,0,0.0,0,73.9697428571429,51.1056142857143,26.189,30.8098714285714,8,,,,,84595
2026-01-18,202603,26.0,26,26,26,0.366603,3.9841125,0,1,291080020260320719,2026-09-23,Feira de Santana,0.9123874,652592,22.3261285714286,92.6746857142857,0,0.0,0,71.8560142857143,47.0456428571429,26.086,31.2232142857143,6,,,,,84595
2026-01-11,202602,25.0,25,25,25,0.39189386,3.8308775,0,1,291080020260220719,2026-09-23,Feira de Santana,0.9272367,652592,22.5436142857143,91.1027857142857,0,0.0,0,71.1817714285714,46.5853285714286,26.1134,31.0031285714286,7,,,,,84595
2026-01-04,202601,33.0,33,33,33,0.78433233,5.0567584,0,1,291080020260120719,2026-09-23,Feira de Santana,1.2242848,652592,23.4591142857143,86.4265142857143,1,0.0,0,66.6804571428571,41.4663285714286,27.3205714285714,32.4025571428571,7,,,,,84595
2025-12-28,202553,28.0,28,28,28,0.34179962,4.2905827,0,1,291080020255320719,2026-09-23,Feira de Santana,0.90001345,652592,23.8106428571429,85.6446428571429,1,0.0,0,62.0029285714286,34.7128142857143,28.4927714285714,34.6595571428571,6,,,,,84595
2025-12-21,202552,17.0,17,17,17,0.007366233,2.6049967,0,1,291080020255220719,2026-09-23,Feira de Santana,0.49819732,652592,21.5429857142857,91.0120714285714,0,0.0,0,69.3571571428571,44.3833285714286,25.5817428571429,30.7006857142857,4,,,,,84595
2025-12-14,202551,41.0,41,41,41,0.68409806,6.282639,0,1,291080020255120719,2026-09-23,Feira de Santana,1.114219,652592,22.259,88.3548571428571,0,0.0,1,64.6640714285714,36.9276857142857,26.3805428571429,31.9811285714286,3,,,,,84595
2025-12-07,202550,28.0,28,28,28,0.16474675,4.2905827,0,1,291080020255020719,2026-09-23,Feira de Santana,0.78379524,652592,22.3392714285714,89.2475428571429,0,0.0,0,64.0865428571429,36.1344285714286,26.9234857142857,32.8835142857143,4,,,,,84595
2025-11-30,202549,40.0,40,40,40,0.87180674,6.129404,0,1,291080020254920719,2026-09-23,Feira de Santana,1.3098197,652592,22.9379714285714,89.0775428571429,0,0.0,1,68.2408142857143,43.5478857142857,26.7189,31.8252857142857,1,,,,,84595
2025-11-23,202548,43.0,43,43,43,0.8971192,6.5891094,0,1,291080020254820719,2026-09-23,Feira de Santana,1.3389711,652592,22.5717857142857,92.4231714285714,0,0.0,1,73.2111285714286,48.8029571428571,25.9559285714286,30.5955571428571,8,,,,,84595
2025-11-16,202547,25.0,25,25,25,0.02482291,3.8308775,0,1,291080020254720719,2026-09-23,Feira de Santana,0.6137094,652592,21.8278571428571,94.5036571428572,0,0.0,0,76.6683571428571,55.3184142857143,25.2168,29.8474142857143,4,,,,,84595
2025-11-09,202546,20.0,20,20,20,0.0011153844,3.064702,0,1,291080020254620719,2026-09-23,Feira de Santana,0.45458815,652592,21.153,93.9885,0,0.0,0,75.4221714285714,51.2299571428571,24.5839,29.2615,4,,,,,84595
2025-11-02,202545,55.0,55,55,55,0.85413045,8.427931,0,1,291080020254520719,2026-09-23,Feira de Santana,1.2349772,652592,21.8595142857143,91.1595571428571,0,0.0,1,68.4482285714286,40.7495,26.2773428571429,32.2952428571429,10,,,,,84595
2025-10-26,202544,42.0,42,42,42,0.29653028,6.435874,0,1,291080020254420719,2026-09-23,Feira de Santana,0.8932914,652592,20.2783571428571,95.0645571428571,0,0.0,1,74.3012714285714,48.6395,24.1355857142857,28.9974,6,,,,,84595
2025-10-19,202543,41.0,41,41,41,0.21827069,6.282639,0,1,291080020254320719,2026-09-23,Feira de Santana,0.84860486,652592,20.4112428571429,93.2299571428571,0,0.0,1,80.7047142857143,63.6695285714286,22.6912142857143,26.3353428571429,6,,,,,84595
2025-10-12,202542,50.0,50,50,50,0.5185097,7.661755,0,1,291080020254220719,2026-09-23,Feira de Santana,1.0093083,652592,21.1430285714286,92.3568285714286,0,0.0,1,70.4630142857143,43.1757714285714,25.0296714285714,30.2656,7,,,,,84595
2025-10-05,202541,51.0,51,51,51,0.4219982,7.81499,0,1,291080020254120719,2026-09-23,Feira de Santana,0.96228766,652592,20.0731,94.9166571428571,0,0.0,1,75.8538285714286,50.9067714285714,23.5993571428571,28.2662571428571,7,,,,,84595
2025-09-28,202540,42.0,42,42,42,0.13643806,6.435874,0,1,291080020254020719,2026-09-23,Feira de Santana,0.79837966,652592,19.0563285714286,88.5035714285714,0,0.0,1,71.3707857142857,52.4593571428571,22.2057285714286,25.9791857142857,3,,,,,84595
2025-09-21,202539,60.0,60,60,60,0.8540271,9.194106,0,1,291080020253920719,2026-09-23,Feira de Santana,1.2233309,652592,20.5720142857143,93.0033714285714,0,0.0,1,74.0346714285714,50.6908285714286,23.7170571428571,27.9176,9,,,,,84595
2025-09-14,202538,56.0,56,56,56,0.76854897,8.581165,0,1,291080020253820719,2026-09-23,Feira de Santana,1.1539727,652592,19.2642,95.3280857142857,0,0.0,1,74.8296285714286,50.2303142857143,23.0978714285714,27.7125571428571,12,,,,,84595
2025-09-07,202537,44.0,44,44,44,0.2791089,6.7423444,0,1,291080020253720719,2026-09-23,Feira de Santana,0.88640517,652592,18.7823857142857,95.8106571428571,0,0.0,1,77.4455428571429,54.9762142857143,22.3864714285714,26.6797714285714,8,,,,,84595
2025-08-31,202536,48.0,48,48,48,0.49192122,7.3552847,0,1,291080020253620713,2026-09-17,Feira de Santana,0.99589664,652592,19.1382142857143,95.3891,0,0.0,1,81.5569857142857,63.4543714285714,21.8036,25.4421428571429,9,,,,,84595
2025-08-24,202535,53.0,53,53,53,0.72242314,8.12146,0,1,291080020253520707,2026-09-11,Feira de Santana,1.1247373,652592,19.0458857142857,96.3189857142857,0,0.0,1,80.8239142857143,59.3572714285714,22.1138285714286,26.0865857142857,15,,,,,84595
2025-08-17,202534,50.0,50,50,50,0.472989,7.661755,0,1,291080020253420698,2026-09-02,Feira de Santana,0.98663974,652592,18.4035285714286,94.2441,0,0.0,1,79.0912571428571,56.8697571428571,21.3033285714286,25.2771,11,,,,,84595
2025-08-10,202533,40.0,40,40,40,0.044603094,6.129404,0,1,291080020253320689,2026-08-24,Feira de Santana,0.7068427,652592,20.0573428571429,96.0242428571429,0,0.0,1,80.3649571428572,58.3473285714286,23.0165142857143,27.1413142857143,13,,,,,84595
2025-08-03,202532,54.0,54,54,54,0.3006587,8.274695,0,1,291080020253220683,2026-08-18,Feira de Santana,0.9068589,652592,18.1082142857143,95.5745428571429,0,0.0,1,77.8310571428571,54.1427571428571,21.8176571428571,26.2682714285714,7,,,,,84595
2025-07-27,202531,52.0,52,52,52,0.41764477,7.968225,0,1,291080020253120676,2026-08-11,Feira de Santana,0.960587,652592,18.3894142857143,95.4693714285714,0,0.0,1,79.9021571428571,57.0261714285714,21.7749428571429,26.0615428571429,18,,,,,84595
2025-07-20,202530,73.0,73,73,73,0.99085706,11.186162,0,1,291080020253020671,2026-08-06,Feira de Santana,1.5431032,652592,19.2288428571429,97.1836142857143,0,1.0,1,84.665,66.1730142857143,21.7449714285714,24.9587571428571,18,,,,,84595
2025-07-13,202529,51.0,51,51,51,0.741141,7.81499,0,1,291080020252920662,2026-07-28,Feira de Santana,1.1408957,652592,18.6635571428571,96.7644142857143,0,0.0,1,86.0778,70.8960285714286,20.9378285714286,23.9222571428571,12,,,,,84595
2025-07-06,202528,44.0,44,44,44,0.319532,6.7423444,0,1,291080020252820654,2026-07-20,Feira de Santana,0.9074164,652592,18.5852714285714,94.1079857142857,0,0.0,1,84.0487285714286,70.3906285714286,20.8494857142857,23.4768142857143,10,,,,,84595
2025-06-29,202527,46.0,46,46,46,0.075037464,7.048815,0,1,291080020252720647,2026-07-13,Feira de Santana,0.7566891,652592,19.3793428571429,95.2680571428571,0,0.0,1,83.2344285714286,65.0897142857143,21.7069857142857,24.7886571428571,8,,,,,84595
2025-06-22,202526,38.0,38,38,38,0.0002274034,5.8229337,0,1,291080020252620642,2026-07-08,Feira de Santana,0.5083862,652592,19.9303714285714,97.5752,0,0.0,1,85.5187,67.5679714285714,22.5377428571429,26.0012857142857,6,,,,,84595
2025-06-15,202525,63.0,63,63,63,0.062618576,9.653811,0,1,291080020252520636,2026-07-02,Feira de Santana,0.7745133,652592,19.5489142857143,94.4179714285714,0,0.0,1,85.6410285714286,71.3555285714286,21.6963428571429,24.4625714285714,21,,,,,84595
2025-06-08,202524,77.0,77,77,77,0.3968389,11.799103,0,1,291080020252420627,2026-06-23,Feira de Santana,0.95924956,652592,19.9811857142857,97.3405142857143,0,0.0,1,84.6932857142857,63.8004571428571,22.5223,26.0807285714286,14,,,,,84595
2025-06-01,202523,93.0,93,93,93,0.8635888,14.250864,0,1,291080020252320621,2026-06-17,Feira de Santana,1.1820742,652592,20.9467714285714,96.4367285714286,0,0.0,1,85.5308857142857,67.4559714285714,23.2067571428571,26.6264285714286,29,,,,,84595
2025-05-25,202522,71.0,71,71,71,0.38130817,10.879692,0,3,291080020252220619,2026-06-15,Feira de Santana,0.9513032,652592,20.9381142857143,96.5158571428571,0,0.0,1,85.0430285714286,67.17,23.2489428571429,26.6171571428571,12,,,,,84595
2025-05-18,202521,87.0,87,87,87,0.96261954,13.331453,0,3,291080020252120608,2026-06-04,Feira de Santana,1.3359785,652592,20.5834571428571,96.4218857142857,0,1.0,1,85.2382285714286,68.1162,23.0367,26.2209714285714,21,,,,,84595
2025-05-11,202520,72.0,72,72,72,0.96734804,11.0329275,0,3,291080020252020599,2026-05-26,Feira de Santana,1.394731,652592,21.4679285714286,96.0123857142857,0,1.0,1,87.9946285714286,75.2706571428571,23.0397428571429,25.5760857142857,16,,,,,84595
2025-05-04,202519,77.0,77,77,77,0.99686116,11.799103,0,1,291080020251920592,2026-05-19,Feira de Santana,1.6437674,652592,21.7255,95.8411857142857,0,1.0,1,87.4412142857143,73.9057714285714,23.5705142857143,26.3578714285714,27,,,,,84595
2025-04-27,202518,41.0,41,41,41,0.11602809,6.282639,0,1,291080020251820586,2026-05-13,Feira de Santana,0.78111744,652592,22.4126571428571,94.4995142857143,0,0.0,1,78.4121,57.5782142857143,25.6722285714286,29.7775142857143,21,,,,,84595
2025-04-20,202517,39.0,39,39,39,0.029986093,5.976169,0,1,291080020251720578,2026-05-05,Feira de Santana,0.68034124,652592,22.7488285714286,93.9305857142857,0,0.0,1,76.8679714285714,53.4528428571429,26.1924428571429,30.8696,9,,,,,84595
2025-04-13,202516,56.0,56,56,56,0.48511392,8.581165,0,1,291080020251620571,2026-04-28,Feira de Santana,0.9930097,652592,23.306,92.7854428571429,1,0.0,1,72.1010428571429,46.0296571428571,27.2015285714286,32.2635142857143,26,,,,,84595
2025-04-06,202515,63.0,63,63,63,0.73405904,9.653811,0,1,291080020251520566,2026-04-23,Feira de Santana,1.1209856,652592,22.9294714285714,91.8359714285714,0,0.0,1,74.3586142857143,51.4187571428571,26.3572857142857,30.9030428571429,13,,,,,84595
2025-03-30,202514,56.0,56,56,56,0.31518474,8.581165,0,1,291080020251420556,2026-04-13,Feira de Santana,0.91518366,652592,22.7077857142857,93.5966714285714,0,0.0,1,73.4446714285714,46.9877142857143,26.4338428571429,31.4129285714286,15,,,,,84595
2025-03-23,202513,50.0,50,50,50,0.09782115,7.661755,0,1,291080020251320552,2026-04-09,Feira de Santana,0.7845216,652592,22.3037285714286,93.7679285714286,0,0.0,1,72.2689285714286,45.4299285714286,26.5526571428571,31.9926857142857,8,,,,,84595
2025-03-16,202512,62.0,62,62,62,0.6360352,9.500576,0,1,291080020251220543,2026-03-31,Feira de Santana,1.065301,652592,23.3213,91.4592285714286,1,0.0,1,71.5720714285714,45.2956714285714,26.9023142857143,31.9529857142857,15,,,,,84595
2025-03-09,202511,75.0,75,75,75,0.97228366,11.492633,0,1,291080020251120535,2026-03-23,Feira de Santana,1.4040686,652592,22.1585428571429,95.0597857142857,0,1.0,1,73.3890428571429,44.8907714285714,26.1870857142857,31.4371142857143,17,,,,,84595
2025-03-02,202510,55.0,55,55,55,0.542659,8.427931,0,1,291080020251020529,2026-03-17,Feira de Santana,1.0206667,652592,21.8744857142857,95.7845857142857,0,0.0,1,80.6837428571429,59.5981428571429,24.8252142857143,28.8422571428571,18,,,,,84595
2025-02-23,202509,47.0,47,47,47,0.245865,7.2020497,0,1,291080020250920521,2026-03-09,Feira de Santana,0.87239975,652592,22.3982142857143,95.0356857142857,0,0.0,1,82.3359571428571,61.1498428571429,25.0901285714286,29.1981571428571,13,,,,,84595
2025-02-16,202508,58.0,58,58,58,0.5794226,8.887636,0,1,291080020250820516,2026-03-04,Feira de Santana,1.0381383,652592,22.7627857142857,93.8827285714286,0,0.0,1,75.7133571428571,52.5948714285714,26.0720285714286,30.4768714285714,14,,,,,84595
2025-02-09,202507,57.0,57,57,57,0.2918336,8.734401,0,1,291080020250720507,2026-02-23,Feira de Santana,0.90503675,652592,22.3269428571429,95.0084,0,0.0,1,75.4848428571429,52.8819571428571,25.9706571428571,30.5754857142857,11,,,,,84595
2025-02-02,202506,42.0,42,42,42,0.0121787395,6.435874,0,1,291080020250620503,2026-02-19,Feira de Santana,0.6449773,652592,22.5416857142857,93.5182285714286,0,0.0,1,75.0840571428571,53.5071714285714,25.9125714285714,30.2482571428571,15,,,,,84595
2025-01-26,202505,76.0,76,76,76,0.90169775,11.645867,0,1,291080020250520495,2026-02-11,Feira de Santana,1.2469237,652592,22.6753857142857,93.0540428571429,0,0.0,1,74.2623285714286,52.1346571428571,26.4745714285714,30.8482285714286,20,,,,,84595
2025-01-19,202504,65.0,65,65,65,0.8243371,9.960281,0,1,291080020250420491,2026-02-07,Feira de Santana,1.1852937,652592,22.5067,95.2448285714286,0,0.0,1,76.6424,55.0061285714286,26.1020428571429,30.4310428571429,25,,,,,84595
2025-01-12,202503,64.0,64,64,64,0.9107732,9.807046,0,1,291080020250320486,2026-02-02,Feira de Santana,1.2871354,652592,22.7395142857143,95.5960714285714,0,0.0,1,84.4910428571429,67.7424857142857,25.1158857142857,28.3339,18,,,,,84595
2025-01-05,202502,51.0,51,51,51,0.6933692,7.81499,0,2,291080020250220459,2026-01-06,Feira de Santana,1.1076483,652592,24.2408142857143,87.1969428571429,1,0.0,1,68.1197714285714,46.1905714285714,27.8637428571429,32.7703714285714,12,,,,,84595
2024-12-29,202501,52.0,52,52,52,0.69846123,7.968225,0,2,291080020250120459,2026-01-06,Feira de Santana,1.1098528,652592,23.3115857142857,86.4042142857143,1,0.0,1,62.4964,33.8847714285714,28.0754571428571,34.9074857142857,14,,,,,84595
2024-12-22,202452,43.0,43,43,43,0.25702336,6.5891094,0,1,291080020245220437,2025-12-15,Feira de Santana,0.8733383,652592,23.3192,84.9842285714286,1,0.0,1,61.8695571428571,34.1375714285714,27.6726142857143,33.5847857142857,15,,,,,84595
2024-12-15,202451,42.0,42,42,42,0.30533466,6.435874,0,1,291080020245120437,2025-12-15,Feira de Santana,0.89794964,652592,23.8967142857143,87.7722857142857,1,0.0,1,66.6160142857143,41.0126428571429,27.8344285714286,33.3824,12,,,,,84595
2024-12-08,202450,59.0,59,59,59,0.9245546,9.040871,0,1,291080020245020437,2025-12-15,Feira de Santana,1.3266747,652592,22.9970571428571,88.2650714285714,0,0.0,1,65.2248571428571,36.1180142857143,27.2293285714286,33.1854,13,,,,,84595
2024-12-01,202449,45.0,45,45,45,0.37675557,6.8955793,0,1,291080020244920431,2025-12-09,Feira de Santana,0.93721396,652592,22.6005571428571,89.5648857142857,0,0.0,1,67.8174142857143,39.4252714285714,26.4854428571429,32.0831857142857,16,,,,,84595
2024-11-24,202448,39.0,39,39,39,0.047479995,5.976169,0,1,291080020244820424,2025-12-02,Feira de Santana,0.7080031,652592,22.4155142857143,93.8421714285714,0,0.0,1,81.2814571428571,62.7937428571429,24.9431714285714,28.8204714285714,11,,,,,84595
2024-11-17,202447,48.0,48,48,48,0.11675145,7.3552847,0,1,291080020244720418,2025-11-26,Feira de Santana,0.79550034,652592,22.6563142857143,86.6287285714286,0,0.0,1,63.5910428571429,36.5842857142857,27.233,33.2331285714286,10,,,,,84595
2024-11-10,202446,54.0,54,54,54,0.22965312,8.274695,0,1,291080020244620410,2025-11-18,Feira de Santana,0.8718682,652592,22.7887285714286,87.4992857142857,0,0.0,1,67.4140285714286,43.5759714285714,26.4142428571429,31.2456857142857,16,,,,,84595
2024-11-03,202445,68.0,68,68,68,0.5779732,10.419987,0,1,291080020244520403,2025-11-11,Feira de Santana,1.0344987,652592,22.2105571428571,86.8139,0,0.0,1,64.5153285714286,40.3977,26.4748571428571,31.7794571428571,18,,,,,84595
2024-10-27,202444,57.0,57,57,57,0.12490026,8.734401,0,1,291080020244420395,2025-11-03,Feira de Santana,0.8153245,652592,22.3962142857143,90.1323857142857,0,0.0,1,66.9573857142857,40.2977142857143,26.5396142857143,32.1337,12,,,,,84595
2024-10-20,202443,63.0,63,63,63,0.35625467,9.653811,0,1,291080020244320389,2025-10-28,Feira de Santana,0.93763006,652592,21.8207,90.0691285714286,0,0.0,1,69.6700857142857,45.6734857142857,25.7063571428571,30.7480857142857,16,,,,,84595
2024-10-13,202442,79.0,79,79,79,0.91108054,12.105573,0,1,291080020244220381,2025-10-20,Feira de Santana,1.2538234,652592,22.534,91.7835285714286,0,0.0,1,76.4234714285714,55.2116714285714,25.4708142857143,29.7982428571429,25,,,,,84595
2024-10-06,202441,70.0,70,70,70,0.6793045,10.726457,0,1,291080020244120375,2025-10-14,Feira de Santana,1.083363,652592,21.8659857142857,89.2756285714286,0,0.0,1,66.2929714285714,36.2763857142857,26.4221714285714,33.0847,20,,,,,84595
2024-09-29,202440,52.0,52,52,52,0.062889874,7.968225,0,1,291080020244020367,2025-10-06,Feira de Santana,0.7565088,652592,20.8907285714286,91.5982714285714,0,0.0,1,71.4698,44.1992142857143,24.6459142857143,29.8615,17,,,,,84595
2024-09-22,202439,72.0,72,72,72,0.5687002,11.0329275,0,1,291080020243920363,2025-10-02,Feira de Santana,1.0293924,652592,20.2545857142857,94.3477857142857,0,0.0,1,74.0346428571429,48.6901142857143,23.9569285714286,28.8423,21,,,,,84595
2024-09-15,202438,60.0,60,60,60,0.434805,9.194106,0,1,291080020243820353,2025-09-22,Feira de Santana,0.9707879,652592,18.9558142857143,95.0950428571429,0,0.0,1,71.2364285714286,41.0312714285714,23.5073714285714,29.0380428571429,21,,,,,84595
2024-09-08,202437,88.0,88,88,88,0.9944275,13.484689,0,1,291080020243720346,2025-09-15,Feira de Santana,1.528369,652592,19.4705714285714,94.1607,0,1.0,1,75.3275285714286,50.8193428571429,22.9153571428571,27.4704,26,,,,,84595
2024-09-01,202436,57.0,57,57,57,0.16337812,8.734401,0,1,291080020243620339,2025-09-08,Feira de Santana,0.8392601,652592,18.5570142857143,96.6727,0,0.0,1,77.2800428571429,49.8553857142857,22.5449714285714,27.4636714285714,17,,,,,84595
2024-08-25,202435,43.0,43,43,43,0.00011900035,6.5891094,0,1,291080020243520332,2025-09-01,Feira de Santana,0.51260316,652592,19.1447714285714,95.3244142857143,0,0.0,1,80.7953714285714,60.9838,22.1663428571429,25.8466285714286,11,,,,,84595
2024-08-18,202434,69.0,69,69,69,0.008434143,10.573222,0,1,291080020243420327,2025-08-27,Feira de Santana,0.69076324,652592,19.1734714285714,96.3276142857143,0,0.0,1,79.2351142857143,56.7377714285714,22.4848142857143,26.3857714285714,24,,,,,84595
2024-08-11,202433,88.0,88,88,88,0.009292378,13.484689,0,1,291080020243320320,2025-08-20,Feira de Santana,0.72152966,652592,20.1269,95.3725714285714,0,0.0,1,80.4826714285714,59.3527571428571,23.3172428571429,27.5133428571429,29,,,,,84595
2024-08-04,202432,94.0,94,94,94,0.000109414184,14.404099,0,1,291080020243220312,2025-08-12,Feira de Santana,0.6202532,652592,18.9436714285714,94.9686142857143,0,0.0,1,81.1218571428571,63.5072285714286,22.1397857142857,26.1173142857143,30,,,,,84595
2024-07-28,202431,117.0,117,117,117,6.6468616e-05,17.928507,0,1,291080020243120305,2025-08-05,Feira de Santana,0.640058,652592,19.6803428571429,96.5666857142857,0,0.0,1,82.8706285714286,62.2167428571429,22.4025714285714,26.1906857142857,37,,,,,84595
2024-07-21,202430,152.0,152,152,152,0.00089677674,23.291735,0,4,291080020243020298,2025-07-29,Feira de Santana,0.71930736,652592,19.1179428571429,96.0141142857143,0,0.0,1,82.0582142857143,60.9539142857143,21.6940285714286,25.3698714285714,76,,,,,84595
2024-07-14,202429,186.0,186,186,186,0.0113835,28.501728,0,4,291080020242920291,2025-07-22,Feira de Santana,0.80002487,652592,19.2408571428571,94.6779571428571,0,0.0,2,79.8853714285714,59.6698142857143,22.0123857142857,25.4817714285714,100,,,,,84595
2024-07-07,202428,211.0,211,211,211,0.055153374,32.332607,0,4,291080020242820283,2025-07-14,Feira de Santana,0.8610361,652592,19.5972571428571,95.9531571428571,0,0.0,2,81.7656428571429,64.1676285714286,22.3874428571429,25.7808285714286,100,,,,,84595
2024-06-30,202427,247.0,247,247,247,0.1228721,37.849068,0,4,291080020242720277,2025-07-08,Feira de Santana,0.9032605,652592,19.1958857142857,95.8325714285714,0,0.0,2,80.7419428571429,60.3330142857143,22.2962428571429,26.2007142857143,157,,,,,84595
2024-06-23,202426,242.0,242,242,242,3.7237027e-05,37.082893,0,4,291080020242620269,2025-06-30,Feira de Santana,0.7180103,652592,19.4656285714286,97.5655285714286,0,0.0,2,82.6472714285714,59.7167142857143,22.6290428571429,26.6169571428571,134,,,,,84595
2024-06-16,202425,236.0,236,236,236,5.5471183e-12,36.163483,0,4,291080020242520262,2025-06-23,Feira de Santana,0.57974404,652592,20.1116571428571,96.1896285714286,0,0.0,2,83.1997285714286,63.5213,22.5761714285714,25.8948142857143,142,,,,,84595
2024-06-09,202424,338.0,338,338,338,4.427005e-06,51.793465,0,4,291080020242420255,2025-06-16,Feira de Santana,0.72928166,652592,21.0072428571429,96.2233571428571,0,0.0,2,84.5124714285714,65.1623142857143,23.0729714285714,26.3302428571429,178,,,,,84595
2024-06-02,202423,437.0,437,437,437,0.0015612853,66.96374,0,4,291080020242320248,2025-06-09,Feira de Santana,0.8265025,652592,21.3497142857143,97.0241142857143,0,0.0,2,88.0858428571429,74.7493428571428,23.1386142857143,25.7857571428571,269,,,,,84595
2024-05-26,202422,442.0,442,442,442,2.6302956e-08,67.72991,0,4,291080020242220241,2025-06-02,Feira de Santana,0.7143225,652592,20.4287,97.0286285714286,0,0.0,2,84.9239714285714,67.8015571428571,23.0053714285714,26.1817,292,,,,,84595
2024-05-19,202421,529.0,529,529,529,9.246025e-08,81.06137,0,4,291080020242120236,2025-05-28,Feira de Santana,0.7426664,652592,21.3254285714286,96.6901,0,0.0,2,83.8351714285714,64.7549285714286,23.8879714285714,27.2683714285714,343,,,,,84595
2024-05-12,202420,585.0,585,585,585,1.0163894e-06,89.64253,0,4,291080020242020227,2025-05-19,Feira de Santana,0.7709196,652592,22.1263142857143,97.1148857142857,0,0.0,2,84.8048,65.3080428571429,24.7108714285714,28.3786142857143,348,,,,,84595
2024-05-05,202419,780.0,780,780,780,0.7169609,119.52338,0,4,291080020241920223,2025-05-15,Feira de Santana,1.0296952,652592,22.1942285714286,96.9119,0,0.0,2,84.3064714285714,66.0815285714286,24.6509857142857,27.9080571428571,437,,,,,84595
2024-04-28,202418,761.0,761,761,761,0.26410905,116.61191,0,4,291080020241820213,2025-05-05,Feira de Santana,0.9684411,652592,22.6452857142857,96.5814428571429,0,0.0,2,84.2685714285714,67.6436714285714,25.0321285714286,28.2969857142857,489,,,,,84595
2024-04-21,202417,815.0,815,815,815,0.001334312,124.886604,0,4,291080020241720206,2025-04-28,Feira de Santana,0.86631155,652592,23.0998285714286,96.3140428571429,1,0.0,2,87.3453,72.0699428571429,25.0408285714286,28.1038428571429,474,,,,,84595
2024-04-14,202416,618.0,618,618,618,0.0,94.699295,0,4,291080020241620200,2025-04-22,Feira de Santana,0.5552436,652592,23.1305142857143,95.9057,1,0.0,2,84.4146285714286,68.2617571428571,25.2990142857143,28.3584285714286,333,,,,,84595
2024-04-07,202415,942.0,942,942,942,4.3673552e-08,144.34746,0,4,291080020241520192,2025-04-14,Feira de Santana,0.7924724,652592,23.1677571428571,96.3827142857143,1,0.0,2,87.018,72.1474285714286,25.2286142857143,28.2715428571429,508,,,,,84595
2024-03-31,202414,1255.0,1255,1255,1255,0.73371536,192.31004,0,4,291080020241420188,2025-04-10,Feira de Santana,1.025383,652592,23.7614285714286,94.8184142857143,1,0.0,2,78.9046142857143,54.8908428571429,27.0837714285714,31.7859428571429,769,,,,,84595
2024-03-24,202413,1150.0,1150,1150,1150,0.0562811,176.22037,0,4,291080020241320178,2025-03-31,Feira de Santana,0.9369796,652592,23.5653285714286,94.5077,1,0.0,2,76.9673571428571,54.1743,26.934,31.4771428571429,687,,,,,84595
2024-03-17,202412,1238.0,1238,1238,1238,0.96144027,189.70505,0,4,291080020241220171,2025-03-24,Feira de Santana,1.0750118,652592,23.6349714285714,91.2777428571429,1,1.0,2,67.6022571428571,40.6683571428571,28.1597142857143,33.5685,687,,,,,84595
2024-03-10,202411,1305.0,1305,1305,1305,1.0,199.9718,0,4,291080020241120165,2025-03-18,Feira de Santana,1.3215356,652592,23.1968285714286,94.9634571428571,1,1.0,2,76.7916571428571,52.5826714285714,27.0255428571429,32.0791142857143,630,,,,,84595
2024-03-03,202410,1174.0,1174,1174,1174,1.0,179.89801,0,4,291080020241020157,2025-03-10,Feira de Santana,1.5907273,652592,23.4003714285714,95.7435571428571,1,1.0,2,81.0244714285714,61.7525,26.5279714285714,30.3294428571429,491,,,,,84595
2024-02-25,202409,1061.0,1061,1061,1061,1.0,162.58244,0,4,291080020240920153,2025-03-06,Feira de Santana,2.2478185,652592,23.1167142857143,95.0996,1,1.0,2,78.1247428571429,56.6326571428571,26.6841,31.0296571428571,395,,,,,84595
2024-02-18,202408,773.0,773,773,773,1.0,118.45073,0,4,291080020240820145,2025-02-26,Feira de Santana,2.6872773,652592,23.3364714285714,97.6446714285714,1,1.0,2,85.2870571428572,65.7243857142857,25.8528571428571,29.2795571428571,289,,,,,84595
2024-02-11,202407,394.0,394,394,394,1.0,60.37463,0,4,291080020240720137,2025-02-18,Feira de Santana,2.10288,652592,23.3816714285714,94.5700142857143,1,1.0,2,79.6173428571429,58.1822142857143,26.5293285714286,30.8949857142857,116,,,,,84595
2024-02-04,202406,247.0,247,247,247,1.0,37.849068,0,4,291080020240620130,2025-02-11,Feira de Santana,1.9391255,652592,23.5649428571429,93.4951142857143,1,1.0,2,77.4456571428571,56.1092,26.5294,30.5629,93,,,,,84595
2024-01-28,202405,189.0,189,189,189,1.0,28.961433,0,1,291080020240520122,2025-02-03,Feira de Santana,1.9619542,652592,22.1965428571429,94.8666428571428,0,1.0,2,76.4765,53.0963285714286,26.1346857142857,30.7448428571429,73,,,,,84595
2024-01-21,202404,104.0,104,104,104,0.89187783,15.93645,0,2,291080020240420116,2025-01-28,Feira de Santana,1.1959432,652592,24.7888,91.0568857142857,1,0.0,1,75.8265,51.8613285714286,27.9234428571429,32.8460285714286,48,,,,,84595
2024-01-14,202403,85.0,85,85,85,0.7271869,13.024983,0,3,291080020240320108,2025-01-20,Feira de Santana,1.0993028,652592,24.0222571428571,87.0611714285714,1,0.0,1,65.7029,39.8340857142857,28.0630142857143,33.5934571428571,25,,,,,84595
2024-01-07,202402,91.0,91,91,91,0.98878396,13.944394,0,3,291080020240220102,2025-01-14,Feira de Santana,1.4481012,652592,23.2893714285714,89.3598714285714,1,1.0,1,67.1614,40.0289285714286,27.4429142857143,32.9589142857143,29,,,,,84595
2023-12-31,202401,89.0,89,89,89,0.99548,13.637924,0,1,291080020240120095,2025-01-07,Feira de Santana,1.54501,652592,24.3431714285714,86.6288714285714,1,1.0,1,65.4254,39.1855857142857,28.4548,34.2538285714286,25,,,,,84595
2023-12-24,202352,50.0,50,50,50,0.09503769,7.661755,0,1,291080020235220087,2024-12-30,Feira de Santana,0.782266,652592,22.5949714285714,92.6714285714286,0,0.0,1,69.6710428571429,42.6010571428571,27.1298,32.9247857142857,36,,,,,84595
2023-12-17,202351,52.0,52,52,52,0.007925952,7.968225,0,1,291080020235120080,2024-12-23,Feira de Santana,0.6543439,652592,22.8868142857143,94.0075428571429,0,0.0,1,76.0862142857143,52.6062,26.1648714285714,30.9287714285714,49,,,,,84595
2023-12-10,202350,66.0,66,66,66,0.0029946093,10.113517,0,1,291080020235020073,2024-12-16,Feira de Santana,0.651348,652592,22.6115714285714,87.1321285714286,0,0.0,1,64.9189142857143,40.1015,26.7597285714286,31.9396285714286,39,,,,,84595
2023-12-03,202349,64.0,64,64,64,7.80581e-05,9.807046,0,1,291080020234920066,2024-12-09,Feira de Santana,0.56147957,652592,23.8412571428571,84.1123857142857,1,0.0,1,64.2728428571429,38.252,27.7351428571429,33.4096857142857,22,,,,,84595
2023-11-26,202348,115.0,115,115,115,0.45562643,17.622036,0,1,291080020234820059,2024-12-02,Feira de Santana,0.9854876,652592,22.3793142857143,87.5493857142857,0,0.0,1,62.7477,34.2001857142857,27.1706857142857,33.7945857142857,27,,,,,84595
2023-11-19,202347,123.0,123,123,123,0.49936765,18.847918,0,1,291080020234720055,2024-11-28,Feira de Santana,0.99979824,652592,23.3642285714286,85.6655,1,0.0,1,61.4943571428571,31.4680428571429,28.0129428571429,34.6444285714286,35,,,,,84595
2023-11-12,202346,110.0,110,110,110,0.061646614,16.855862,0,1,291080020234620046,2024-11-19,Feira de Santana,0.82081807,652592,22.0292714285714,86.0541857142857,0,0.0,1,65.0912857142857,36.7707142857143,27.4563,34.3310571428571,21,,,,,84595
2023-11-05,202345,118.0,118,118,118,0.10942278,18.081741,0,1,291080020234520038,2024-11-11,Feira de Santana,0.857451,652592,22.5798,88.4273142857143,0,0.0,1,73.9470714285714,54.1526428571429,26.0491,30.6008285714286,25,,,,,84595
2023-10-29,202344,141.0,141,141,141,0.7038521,21.60615,0,1,291080020234420032,2024-11-05,Feira de Santana,1.0668603,652592,22.3157714285714,85.8640142857143,0,0.0,1,66.1507571428571,41.6112428571429,27.0344285714286,33.1673714285714,45,,,,,84595
2023-10-22,202343,148.0,148,148,148,0.81578404,22.678795,0,1,291080020234320026,2024-10-30,Feira de Santana,1.1131973,652592,22.1205285714286,88.1250285714286,0,0.0,1,68.7641285714286,41.3446285714286,26.8999142857143,33.5724285714286,54,,,,,84595
2023-10-15,202342,128.0,128,128,128,0.08838221,19.614092,0,1,291080020234220018,2024-10-22,Feira de Santana,0.8505203,652592,20.3375714285714,89.5477714285714,0,0.0,1,70.2953428571429,44.6496571428571,25.0797142857143,30.8850142857143,39,,,,,84595
2023-10-08,202341,119.0,119,119,119,0.00010956614,18.234978,0,1,291080020234120011,2024-10-15,Feira de Santana,0.650691,652592,21.3860285714286,90.0165857142857,0,0.0,1,72.3399857142857,46.4937714285714,25.7027,31.4750142857143,49,,,,,84595
2023-10-01,202340,150.0,150,150,150,7.900018e-05,22.985266,0,4,291080020234020004,2024-10-08,Feira de Santana,0.6738099,652592,21.7185142857143,90.9459285714286,0,0.0,1,73.5821857142857,47.9824714285714,25.8414428571429,31.7690571428571,53,,,,,84595
2023-09-24,202339,169.0,169,169,169,6.486436e-06,25.896732,0,4,291080020233919997,2024-10-01,Feira de Santana,0.6531072,652592,21.4687428571429,91.3884571428571,0,0.0,2,73.4719,49.0919,25.7838,31.7229714285714,69,,,,,84595
2023-09-17,202338,239.0,239,239,239,0.007405087,36.623188,0,4,291080020233819989,2024-09-23,Feira de Santana,0.80953574,652592,20.4337714285714,93.5566428571429,0,0.0,2,79.4621714285714,58.1454857142857,23.8347,28.4170142857143,70,,,,,84595
2023-09-10,202337,251.0,251,251,251,0.00060911715,38.46201,0,4,291080020233719983,2024-09-17,Feira de Santana,0.763601,652592,19.5090285714286,94.3937,0,0.0,2,79.5896571428571,58.9394714285714,23.4075285714286,28.4308428571429,84,,,,,84595
2023-09-03,202336,296.0,296,296,296,0.021523068,45.35759,0,4,291080020233619978,2024-09-12,Feira de Santana,0.85240096,652592,20.5744857142857,94.1041,0,0.0,2,83.1754857142857,66.6406,23.3464571428571,27.2842571428571,104,,,,,84595
2023-08-27,202335,341.0,341,341,341,0.36582944,52.25317,0,4,291080020233519969,2024-09-03,Feira de Santana,0.9742613,652592,21.6104857142857,93.3299571428571,0,0.0,2,78.0421571428571,52.7407571428571,25.1608142857143,30.4439714285714,155,,,,,84595
2023-08-20,202334,359.0,359,359,359,0.6570975,55.011402,0,4,291080020233419962,2024-08-27,Feira de Santana,1.0308752,652592,20.6448857142857,94.2841428571429,0,0.0,2,79.3200285714286,54.7374285714286,24.6715714285714,30.3304,134,,,,,84595
2023-08-13,202333,353.0,353,353,353,0.6080923,54.09199,0,4,291080020233319955,2024-08-20,Feira de Santana,1.0209624,652592,19.1539142857143,95.9493714285714,0,0.0,2,85.5859142857143,68.8156857142857,22.0521142857143,26.2758714285714,131,,,,,84595
2023-08-06,202332,342.0,342,342,342,0.42226654,52.406403,0,4,291080020233219948,2024-08-13,Feira de Santana,0.9851798,652592,19.1489571428571,96.2445428571429,0,0.0,2,85.8070571428571,71.6969571428571,22.0679428571429,25.7800857142857,166,,,,,84595
2023-07-30,202331,365.0,365,365,365,0.5462536,55.930813,0,4,291080020233119941,2024-08-06,Feira de Santana,1.0086524,652592,19.0329285714286,96.5046,0,0.0,2,86.9599,72.8332428571429,22.0540857142857,25.9212285714286,176,,,,,84595
2023-07-23,202330,314.0,314,314,314,0.063875064,48.11582,0,4,291080020233019933,2024-07-29,Feira de Santana,0.88874424,652592,19.6821428571429,96.6190428571429,0,0.0,2,87.5018571428571,73.0290857142857,22.2277857142857,25.8469142857143,156,,,,,84595
2023-07-16,202329,380.0,380,380,380,0.99942493,58.22934,0,4,291080020232919928,2024-07-24,Feira de Santana,1.285266,652592,19.4218428571429,95.6361428571429,0,1.0,2,84.2321857142857,66.6368285714286,22.5565,26.9874142857143,213,,,,,84595
2023-07-09,202328,404.0,404,404,404,1.0,61.90698,0,4,291080020232819919,2024-07-15,Feira de Santana,1.8031701,652592,19.4900571428571,96.5245142857143,0,1.0,2,83.2743142857143,61.1616428571429,23.2638142857143,28.2750571428571,190,,,,,84595
2023-07-02,202327,294.0,294,294,294,0.99999994,45.05112,0,4,291080020232719912,2024-07-08,Feira de Santana,1.6565602,652592,24.7037037037037,76.6274914814815,1,1.0,2,75.3815403703704,73.0140803703704,24.9753087407407,25.2962962962963,155,,,,,84595
2023-06-25,202326,211.0,211,211,211,0.9972664,32.332607,0,2,291080020232619904,2024-06-30,Feira de Santana,1.3371208,652592,25.7142857142857,76.8337814285714,1,1.0,2,74.4867322857143,72.8347571428571,25.9642857142857,26.0,127,,,,,84595
2023-06-18,202325,153.0,153,153,153,0.66781604,23.444971,0,2,291080020232519897,2024-06-23,Feira de Santana,1.0514432,652592,25.0,79.964167037037,1,0.0,1,77.5568075555556,75.4157733333333,25.2929293333333,25.5555555555556,87,,,,,84595
2023-06-11,202324,172.0,172,172,172,0.9774468,26.356438,0,1,291080020232419884,2024-06-10,Feira de Santana,1.2566494,652592,20.6730857142857,97.4283571428571,0,1.0,1,88.8915428571429,74.2019428571429,23.2548142857143,27.0551571428571,101,,,,,84595
2023-06-04,202323,134.0,134,134,134,0.59643656,20.533503,0,1,291080020232319884,2024-06-10,Feira de Santana,1.0304575,652592,20.7656,96.2592857142857,0,0.0,1,90.4454285714286,81.3276571428571,22.5246571428571,25.0659142857143,82,,,,,84595
2023-05-28,202322,144.0,144,144,144,0.8713856,22.065855,0,2,291080020232219876,2024-06-02,Feira de Santana,1.1479685,652592,26.7777777777778,79.1171261481481,1,0.0,1,78.0584962222222,76.4370206666667,26.7777777777778,26.7777777777778,81,,,,,84595
2023-05-21,202321,125.0,125,125,125,0.59295887,19.154387,0,2,291080020232119869,2024-05-26,Feira de Santana,1.0303707,652592,25.5652173913043,85.5412066956522,1,0.0,1,77.4868563478261,70.5784930869565,26.7246373043478,28.0,72,,,,,84595
2023-05-14,202320,128.0,128,128,128,0.7588617,19.614092,0,2,291080020232019862,2024-05-19,Feira de Santana,1.0938122,652592,26.2083333333333,83.882468375,1,0.0,1,77.1755109583333,72.20481875,27.1718748333333,27.9583333333333,54,,,,,84595
2023-05-07,202319,122.0,122,122,122,0.70374393,18.694683,0,2,291080020231919855,2024-05-12,Feira de Santana,1.0720844,652592,25.5714285714286,91.2248974285714,1,0.0,1,87.1536938571429,83.3700605714286,26.2142857142857,26.8571428571429,41,,,,,84595
2023-04-30,202318,117.0,117,117,117,0.6106616,17.928507,0,2,291080020231819848,2024-05-05,Feira de Santana,1.0377129,652592,26.4285714285714,86.779903,1,0.0,1,84.9822815714286,83.2850158571429,26.7532468571429,27.0,51,,,,,84595
2023-04-23,202317,113.0,113,113,113,0.48872408,17.315567,0,2,291080020231719841,2024-04-28,Feira de Santana,0.9962567,652592,25.2272727272727,89.0700185909091,1,0.0,1,78.8053823181818,67.8363253181818,27.4545459090909,29.4090909090909,35,,,,,84595
2023-04-16,202316,112.0,112,112,112,0.39394128,17.16233,0,2,291080020231619834,2024-04-21,Feira de Santana,0.9650538,652592,25.2857142857143,91.1362594285714,1,0.0,1,78.4018885714286,64.7393521428571,28.3630951428571,31.2857142857143,25,,,,,84595
2023-04-09,202315,115.0,115,115,115,0.3985916,17.622036,0,2,291080020231519827,2024-04-14,Feira de Santana,0.967008,652592,24.4285714285714,93.5225135714286,1,0.0,1,77.0811422857143,63.4530284285714,27.6607142857143,30.1428571428571,28,,,,,84595
2023-04-02,202314,111.0,111,111,111,0.32939664,17.009096,0,2,291080020231419821,2024-04-08,Feira de Santana,0.9433579,652592,24.8571428571429,92.0512164285714,1,0.0,1,79.26771,66.4128828571429,27.5595237142857,29.8571428571429,35,,,,,84595
2023-03-26,202313,129.0,129,129,129,0.8098098,19.767328,0,2,291080020231319814,2024-04-01,Feira de Santana,1.1186664,652592,26.2857142857143,84.271637,1,0.0,1,75.8103477142857,69.6157935714286,27.7049321428571,28.8571428571429,46,,,,,84595
2023-03-19,202312,114.0,114,114,114,0.62588835,17.468801,0,2,291080020231219808,2024-03-26,Feira de Santana,1.0438266,652592,26.0,89.151641,1,0.0,1,80.8573414285714,73.4167814285714,27.3154762857143,29.1428571428571,48,,,,,84595
2023-03-12,202311,116.0,116,116,116,0.9345366,17.775272,0,3,291080020231119800,2024-03-18,Feira de Santana,1.2318667,652592,28.0,77.9846092307692,1,0.0,1,75.7634121538461,74.4043098461538,28.1153846153846,28.1538461538462,45,,,,,84595
2023-03-05,202310,120.0,120,120,120,0.9989575,18.388212,0,3,291080020231019794,2024-03-12,Feira de Santana,1.5572357,652592,27.7142857142857,77.6903608571428,1,1.0,1,77.4427537142857,77.075328,27.8428571428571,28.0,44,,,,,84595
2023-02-26,202309,95.0,95,95,95,0.9890054,14.557335,0,2,291080020230919786,2024-03-04,Feira de Santana,1.4375808,652592,28.0,78.3000628571429,1,1.0,1,76.6591755714286,75.0231377142857,28.1904762857143,28.2857142857143,31,,,,,84595
2023-02-19,202308,71.0,71,71,71,0.86028934,10.879692,0,2,291080020230819780,2024-02-27,Feira de Santana,1.2089361,652592,25.7777777777778,88.3436620740741,1,0.0,1,78.43058,68.8341471111111,27.8148148148148,29.8888888888889,39,,,,,84595
2023-02-12,202307,65.0,65,65,65,0.93599343,9.960281,0,3,291080020230719773,2024-02-20,Feira de Santana,1.3306681,652592,28.0,77.8707411363636,1,0.0,1,77.0311211363636,76.1915029545455,28.0,28.0,35,,,,,84595
2023-02-05,202306,61.0,61,61,61,0.98456436,9.347342,0,3,291080020230619768,2024-02-15,Feira de Santana,1.5431406,652592,28.0,76.4177407142857,1,1.0,1,75.7782448571429,75.1589514285714,28.0476191428571,28.1428571428571,26,,,,,84595
2023-01-29,202305,55.0,55,55,55,0.9839394,8.876566,0,2,291080020230519759,2024-02-06,Feira de Santana,1.5774089,619609,26.8571428571429,78.3692944285714,1,1.0,1,75.6698612857143,72.9236652857143,27.6190477142857,28.1428571428571,27,,,,,84595
2023-01-22,202304,24.0,24,24,24,0.23717785,3.8734105,0,2,291080020230419752,2024-01-30,Feira de Santana,0.8227163,619609,27.2857142857143,81.6142915714286,1,0.0,0,81.6142915714286,81.6142915714286,27.2857142857143,27.2857142857143,9,,,,,84595
2023-01-15,202303,51.0,51,51,51,0.9982716,8.230997,0,2,291080020230319747,2024-01-25,Feira de Santana,1.9795208,619609,27.0,78.8168251428571,1,1.0,1,78.4969428571429,78.17706,27.0714285714286,27.1428571428571,21,,,,,84595
2023-01-08,202302,16.0,16,16,16,0.13457549,2.5822737,0,2,291080020230219747,2024-01-25,Feira de Santana,0.7020578,619609,25.8571428571429,86.7975951428571,1,0.0,0,76.8413294285714,67.4684162857143,27.7619045714286,29.7142857142857,3,,,,,84595
2023-01-01,202301,33.0,33,33,33,0.95222276,5.3259397,0,2,291080020230119740,2024-01-18,Feira de Santana,1.5782173,619609,25.0,91.2725494285714,1,1.0,1,81.4517512857143,67.9483695714286,27.0416668571429,29.8571428571429,9,,,,,84595
2022-12-25,202252,20.0,20,20,20,0.5117542,3.227842,0,2,291080020225219733,2024-01-11,Feira de Santana,1.0092854,619609,25.0,90.649122,1,0.0,0,81.9915466666667,74.2802666666667,26.45,27.6666666666667,2,,,,,84595
2022-12-18,202251,18.0,18,18,18,0.44311154,2.905058,0,1,291080020225119718,2023-12-27,Feira de Santana,0.9544586,619609,25.0,91.435285,1,0.0,0,81.822285,64.127799,26.5560905,29.5,1,,,,,84595
2022-12-11,202250,24.0,24,24,24,0.7529917,3.8734105,0,1,291080020225019718,2023-12-27,Feira de Santana,1.2285932,619609,23.75,,1,0.0,0,,,,,1,,,,,84595
2022-12-04,202249,15.0,15,15,15,0.13008352,2.4208815,0,1,291080020224919708,2023-12-17,Feira de Santana,0.6903975,619609,22.5,94.08417,0,0.0,0,81.968072,69.829102,25.363636,28.0,0,,,,,84595
2022-11-27,202248,20.0,20,20,20,0.31546345,3.227842,0,1,291080020224819684,2023-11-23,Feira de Santana,0.8649392,619609,23.0,100.0,0,0.0,0,91.7476475,79.354045,24.483333,26.5,1,,,,,84595
2022-11-20,202247,22.0,22,22,22,0.53768206,3.5506263,0,2,291080020224719684,2023-11-23,Feira de Santana,1.0288587,619609,24.5,90.11796,1,0.0,0,80.562686,72.0348635,26.4652775,28.0,0,,,,,84595
2022-11-13,202246,27.0,27,27,27,0.86054695,4.357587,0,1,291080020224619684,2023-11-23,Feira de Santana,1.3717092,619609,26.5,83.769833,1,0.0,0,78.470295,72.480338,27.333333,28.5,1,,,,,84595
2022-11-06,202245,20.0,20,20,20,0.48612487,3.227842,0,1,291080020224519684,2023-11-23,Feira de Santana,0.98920137,619609,25.5,71.7584475,1,0.0,0,69.545952,65.35576,25.979167,26.5,1,,,,,84595
2022-10-30,202244,19.0,19,19,19,0.30453822,3.0664499,0,1,291080020224419684,2023-11-23,Feira de Santana,0.8539476,619609,22.5,94.08417,0,0.0,0,85.163877,75.9934825,23.728832,25.5,6,,,,,84595
2022-10-23,202243,18.0,18,18,18,0.18292847,2.905058,0,2,291080020224319684,2023-11-23,Feira de Santana,0.7570384,619609,25.0,87.1816406666667,1,0.0,0,82.757132,77.2974423333333,26.275,27.6666666666667,8,,,,,84595
2022-10-16,202242,25.0,25,25,25,0.51550555,4.0348024,0,2,291080020224219684,2023-11-23,Feira de Santana,1.0109938,619609,25.0,78.49765,1,0.0,0,70.35085,62.05907,27.022645,29.0,13,,,,,84595
2022-10-09,202241,22.0,22,22,22,0.37936094,3.5506263,0,2,291080020224119684,2023-11-23,Feira de Santana,0.91416913,619609,25.5,86.122453,1,0.0,0,78.428785,72.480338,27.083333,28.5,17,,,,,84595
2022-10-02,202240,27.0,27,27,27,0.73871154,4.357587,0,1,291080020224019684,2023-11-23,Feira de Santana,1.1978369,619609,24.0,88.63863,1,0.0,0,80.0220295,70.349462,26.026515,27.5,23,,,,,84595
2022-09-25,202239,25.0,25,25,25,0.65094423,4.0348024,0,1,291080020223919684,2023-11-23,Feira de Santana,1.1183174,619609,24.0,86.8562033333333,1,0.0,0,77.0543613333333,68.4482993333333,25.627137,27.6666666666667,12,,,,,84595
2022-09-18,202238,21.0,21,21,21,0.3147664,3.389234,0,1,291080020223819684,2023-11-23,Feira de Santana,0.86732674,619609,22.5,94.094995,0,0.0,0,86.6036275,77.424376,23.8486745,25.5,8,,,,,84595
2022-09-11,202237,22.0,22,22,22,0.29515636,3.5506263,0,1,291080020223719684,2023-11-23,Feira de Santana,0.85658497,619609,21.5,92.6635475,0,0.0,0,79.061255,66.779615,23.71180525,26.0,7,,,,,84595
2022-09-04,202236,22.0,22,22,22,0.36188933,3.5506263,0,1,291080020223619684,2023-11-23,Feira de Santana,0.9021994,619609,22.125,,0,0.0,0,,,,,6,,,,,84595
2022-08-28,202235,32.0,32,32,32,0.840704,5.1645474,0,1,291080020223519684,2023-11-23,Feira de Santana,1.3026565,619609,22.75,84.871454,0,0.0,1,74.45342525,66.37715375,24.1477275,25.5,6,,,,,84595
2022-08-21,202234,21.0,21,21,21,0.17605908,3.389234,0,1,291080020223419684,2023-11-23,Feira de Santana,0.7661826,619609,22.5,87.3146025,0,0.0,0,75.61359625,64.310964,24.46607925,26.0,5,,,,,84595
2022-08-14,202233,22.0,22,22,22,0.13214794,3.5506263,0,2,291080020223319684,2023-11-23,Feira de Santana,0.734155,619609,24.6666666666667,76.9326033333333,1,0.0,0,70.3867036666667,66.548855,25.092949,25.6666666666667,6,,,,,84595
2022-08-07,202232,30.0,30,30,30,0.4130784,4.841763,0,1,291080020223219684,2023-11-23,Feira de Santana,0.9459648,619609,24.5833333333333,,1,0.0,1,,,,,7,,,,,84595
2022-07-31,202231,29.0,29,29,29,0.21396936,4.680371,0,1,291080020223119684,2023-11-23,Feira de Santana,0.821278,619609,24.5,83.7141025,1,0.0,0,74.72989,68.68266875,25.40625,26.5,8,,,,,84595
2022-07-24,202230,34.0,34,34,34,0.15259296,5.4873314,0,1,291080020223019684,2023-11-23,Feira de Santana,0.7918975,619609,22.0,91.312065,0,0.0,1,80.6369725,65.667755,24.7172615,27.5,12,,,,,84595
2022-07-17,202229,28.0,28,28,28,0.014403822,4.518979,0,2,291080020222919684,2023-11-23,Feira de Santana,0.5997653,619609,23.375,,1,0.0,0,,,,,6,,,,,84595
2022-07-10,202228,46.0,46,46,46,0.74235165,7.424037,0,1,291080020222819684,2023-11-23,Feira de Santana,1.1500511,619609,24.75,81.0529975,1,0.0,1,70.629604,61.89926625,26.227941,27.5,12,,,,,84595
2022-07-03,202227,56.0,56,56,56,0.996831,9.037958,0,1,291080020222719684,2023-11-23,Feira de Santana,1.814352,619609,23.875,,1,1.0,1,,,,,13,,,,,84595
2022-06-26,202226,43.0,43,43,43,0.89500326,6.9398603,0,1,291080020222619684,2023-11-23,Feira de Santana,1.3350769,619609,23.0,78.4258725,0,0.0,1,66.5218175,56.7220735,25.752451,27.5,10,,,,,84595
2022-06-19,202225,22.0,22,22,22,0.008792869,3.5506263,0,1,291080020222519684,2023-11-23,Feira de Santana,0.5431919,619609,25.5,77.081833,1,0.0,0,69.778133,65.564316,26.833333,28.0,5,,,,,84595
2022-06-12,202224,23.0,23,23,23,0.0043865275,3.7120185,0,1,291080020222419684,2023-11-23,Feira de Santana,0.52086544,619609,25.5,81.4084,1,0.0,0,75.0357,70.05682,27.020833,28.5,5,,,,,84595
2022-06-05,202223,54.0,54,54,54,0.8028174,8.715174,0,1,291080020222319684,2023-11-23,Feira de Santana,1.1856943,619609,23.0,84.7788375,0,0.0,1,72.990394,63.49092775,25.046266,27.0,10,,,,,84595
2022-05-29,202222,39.0,39,39,39,0.27064845,6.294292,0,2,291080020222219684,2023-11-23,Feira de Santana,0.87534684,619609,25.0,86.122453,1,0.0,1,77.056843,70.459526,26.7589285,28.5,8,,,,,84595
2022-05-22,202221,47.0,47,47,47,0.78102285,7.5854287,0,2,291080020222119684,2023-11-23,Feira de Santana,1.1805524,619609,24.5,,1,0.0,1,,,,,12,,,,,84595
2022-05-15,202220,51.0,51,51,51,0.9329484,8.230997,0,2,291080020222019684,2023-11-23,Feira de Santana,1.3768957,619609,24.0,,1,0.0,1,,,,,14,,,,,84595
2022-05-08,202219,36.0,36,36,36,0.42677325,5.810116,0,2,291080020221919684,2023-11-23,Feira de Santana,0.9581002,619609,23.5,94.12723,1,0.0,1,84.179695,69.870912,25.206731,27.5,14,,,,,84595
2022-05-01,202218,34.0,34,34,34,0.4197748,5.4873314,0,2,291080020221819684,2023-11-23,Feira de Santana,0.9529166,619609,26.3333333333333,86.4230763333333,1,0.0,1,74.5489775,64.8790611666667,28.290404,30.1666666666667,11,,,,,84595
2022-04-24,202217,40.0,40,40,40,0.8916788,6.455684,0,2,291080020221719684,2023-11-23,Feira de Santana,1.3440306,619609,26.2857142857143,85.9846278571429,1,0.0,1,73.2188907142857,61.9025988571429,28.5833331428571,30.8571428571429,10,,,,,84595
2022-04-17,202216,41.0,41,41,41,0.9870421,6.6170764,0,2,291080020221619684,2023-11-23,Feira de Santana,1.75497,619609,24.8571428571429,92.6447985714286,1,1.0,1,82.8208685714286,72.056905,27.0929091428571,29.4285714285714,11,,,,,84595
2022-04-10,202215,26.0,26,26,26,0.89054006,4.1961946,0,2,291080020221519684,2023-11-23,Feira de Santana,1.4484295,619609,24.8571428571429,87.9846085714286,1,0.0,0,74.447988,61.7746765714286,28.5011902857143,31.2857142857143,11,,,,,84595
2022-04-03,202214,27.0,27,27,27,0.96187454,4.357587,0,2,291080020221419684,2023-11-23,Feira de Santana,1.729371,619609,24.8571428571429,89.5295287142857,1,0.0,0,73.3074307142857,62.0077708571429,28.2541125714286,30.7142857142857,11,,,,,84595
2022-03-27,202213,13.0,13,13,13,0.40054834,2.0980973,0,2,291080020221319684,2023-11-23,Feira de Santana,0.90934896,619609,25.5714285714286,88.0507965714286,1,0.0,0,72.9896114285714,62.4322305714286,28.6084245714286,30.7142857142857,2,,,,,84595
2022-03-20,202212,16.0,16,16,16,0.7165595,2.5822737,0,2,291080020221219684,2023-11-23,Feira de Santana,1.234076,619609,25.8571428571429,86.6614895714286,1,0.0,0,71.725702,61.0140774285714,28.8894558571429,30.8571428571429,8,,,,,84595
2022-03-13,202211,17.0,17,17,17,0.7994612,2.7436657,0,2,291080020221119684,2023-11-23,Feira de Santana,1.358717,619609,26.0,90.4694335714286,1,0.0,0,77.1010407142857,66.4023951428571,28.4124151428571,30.7142857142857,6,,,,,84595
2022-03-06,202210,8.0,8,8,8,0.21911256,1.2911369,0,2,291080020221019684,2023-11-23,Feira de Santana,0.70635945,619609,25.5714285714286,90.3654237142857,1,0.0,0,76.0723772857143,63.5785857142857,28.4583334285714,31.0,2,,,,,84595
2022-02-27,202209,18.0,18,18,18,0.93373746,2.905058,0,2,291080020220919684,2023-11-23,Feira de Santana,1.7670355,619609,26.1428571428571,85.6983558571429,1,0.0,0,76.8253941428571,66.463642,27.9928572857143,30.0,8,,,,,84595
2022-02-20,202208,7.0,7,7,7,0.28471398,1.1297448,0,2,291080020220819684,2023-11-23,Feira de Santana,0.75843894,619609,25.8571428571429,88.8760252857143,1,0.0,0,74.973572,62.0882678571429,28.779762,31.1428571428571,2,,,,,84595
2022-02-13,202207,14.0,14,14,14,0.63617325,2.2594895,0,2,291080020220719684,2023-11-23,Feira de Santana,1.143339,619609,25.4285714285714,89.6019472857143,1,0.0,0,76.5807608571429,66.6086722857143,28.434524,30.5714285714286,8,,,,,84595
2022-02-06,202206,6.0,6,6,6,0.002979269,0.9683526,0,2,291080020220619684,2023-11-23,Feira de Santana,0.31223214,619609,26.4285714285714,87.4403944285714,1,0.0,0,76.5179451428571,67.6417914285714,28.8869051428571,30.7142857142857,0,,,,,84595
2022-01-30,202205,7.0,7,7,7,0.002029238,1.1297448,0,2,291080020220519684,2023-11-23,Feira de Santana,0.32089695,619609,26.4285714285714,85.257396,1,0.0,0,72.6204912857143,62.5590391428571,29.1947277142857,31.7142857142857,4,,,,,84595
2022-01-23,202204,23.0,23,23,23,0.82705283,3.7120185,0,2,291080020220419684,2023-11-23,Feira de Santana,1.3447224,619609,25.1428571428571,91.0869757142857,1,0.0,0,78.3488237142857,65.8369907142857,27.8948414285714,30.2857142857143,2,,,,,84595
2022-01-16,202203,30.0,30,30,30,0.9990627,4.841763,0,2,291080020220319684,2023-11-23,Feira de Santana,2.788084,619609,26.4285714285714,82.6491708571428,1,1.0,1,73.3104002857143,63.2042327142857,28.640056,30.8571428571429,5,,,,,84595
2022-01-09,202202,13.0,13,13,13,0.9315524,2.0980973,0,1,291080020220219684,2023-11-23,Feira de Santana,1.9650033,619609,25.2857142857143,87.4800508571429,1,0.0,0,72.9464058571429,59.9166028571429,28.4821425714286,31.1428571428571,1,,,,,84595
2022-01-02,202201,14.0,14,14,14,0.88580805,2.2594895,0,1,291080020220119684,2023-11-23,Feira de Santana,1.6603012,619609,25.0,87.9954744285714,1,0.0,0,75.9277262857143,63.3621675714286,27.8022777142857,30.2857142857143,4,,,,,84595
2021-12-26,202152,0.0,0,0,0,0.0,0.0,0,1,291080020215219684,2023-11-23,Feira de Santana,0.0,619609,25.1428571428571,89.6441194285714,0,0.0,0,78.066015,65.261275,27.4655794285714,29.7142857142857,0,,,,,84595
2021-12-19,202151,6.0,6,6,6,0.0049847346,0.9683526,0,2,291080020215119684,2023-11-23,Feira de Santana,0.33085445,619609,25.5714285714286,91.9086328571429,1,0.0,0,84.2555812857143,72.7254142857143,27.3618014285714,29.5714285714286,4,,,,,84595
2021-12-12,202150,19.0,19,19,19,0.24341975,3.0664499,0,2,291080020215019684,2023-11-23,Feira de Santana,0.80907834,619609,26.0,85.8661777142857,1,0.0,0,77.299437,67.4752132857143,28.0344202857143,30.1428571428571,10,,,,,84595
2021-12-05,202149,10.0,10,10,10,0.008090024,1.613921,0,2,291080020214919684,2023-11-23,Feira de Santana,0.4246459,619609,25.4285714285714,90.5111878571429,1,0.0,0,80.601535,71.6876487142857,27.6812768571429,29.7142857142857,2,,,,,84595
2021-11-28,202148,32.0,32,32,32,0.97277653,5.1645474,0,2,291080020214819684,2023-11-23,Feira de Santana,1.7272452,619609,25.5714285714286,87.3079407142857,1,1.0,1,79.9181228571429,69.6659484285714,27.1048137142857,29.4285714285714,14,,,,,84595
2021-11-21,202147,26.0,26,26,26,0.9817325,4.1961946,0,2,291080020214719684,2023-11-23,Feira de Santana,1.973198,619609,25.4285714285714,81.004996,1,0.0,0,71.8921948571429,59.5832078571429,26.9057965714286,29.0,4,,,,,84595
2021-11-14,202146,17.0,17,17,17,0.89227575,2.7436657,0,2,291080020214619684,2023-11-23,Feira de Santana,1.6009281,619609,23.5714285714286,87.4102414285714,1,0.0,0,76.4963094285714,66.4464451428571,25.6402457142857,27.7142857142857,1,,,,,84595
2021-11-07,202145,14.0,14,14,14,0.7012933,2.2594895,0,2,291080020214519684,2023-11-23,Feira de Santana,1.2296778,619609,24.8571428571429,85.0278862857143,1,0.0,0,77.6811197142857,67.8598097142857,26.539648,28.2857142857143,2,,,,,84595
2021-10-31,202144,5.0,5,5,5,0.048845846,0.8069605,0,2,291080020214419684,2023-11-23,Feira de Santana,0.43669128,619609,23.8571428571429,89.4499171428571,1,0.0,0,77.7665685714286,64.572968,26.3721534285714,29.1428571428571,1,,,,,84595
2021-10-24,202143,15.0,15,15,15,0.82993764,2.4208815,0,2,291080020214319684,2023-11-23,Feira de Santana,1.456916,619609,24.2857142857143,83.1665785714286,1,0.0,0,72.3469785714286,59.7830518571429,26.266822,28.1428571428571,3,,,,,84595
2021-10-17,202142,12.0,12,12,12,0.6969153,1.9367052,0,2,291080020214219684,2023-11-23,Feira de Santana,1.2435701,619609,24.7142857142857,82.1729957142857,1,0.0,0,73.4719164285714,64.9264331428571,26.4099377142857,28.2857142857143,2,,,,,84595
2021-10-10,202141,9.0,9,9,9,0.49319324,1.452529,0,2,291080020214119684,2023-11-23,Feira de Santana,0.99218684,619609,25.0,80.0187931428571,1,0.0,0,71.0279632857143,60.9937612857143,26.7841611428571,29.2857142857143,3,,,,,84595
2021-10-03,202140,10.0,10,10,10,0.65544486,1.613921,0,1,291080020214019684,2023-11-23,Feira de Santana,1.200871,619609,24.0,83.632034,1,0.0,0,69.8078464285714,58.737294,26.2261908571429,28.4285714285714,2,,,,,84595
2021-09-26,202139,10.0,10,10,10,0.624138,1.613921,0,1,291080020213919684,2023-11-23,Feira de Santana,1.1541773,619609,24.2857142857143,78.6554464285714,1,0.0,0,69.9822457142857,60.8013564285714,25.9583331428571,28.1428571428571,3,,,,,84595
2021-09-19,202138,7.0,7,7,7,0.25460777,1.1297448,0,1,291080020213819684,2023-11-23,Feira de Santana,0.7278293,619609,22.8571428571429,80.6430451428571,0,0.0,0,66.7467628571429,56.0047278571429,25.4107142857143,27.5714285714286,2,,,,,84595
2021-09-12,202137,8.0,8,8,8,0.327786,1.2911369,0,1,291080020213719684,2023-11-23,Feira de Santana,0.81314623,619609,24.0,78.858915,1,0.0,0,67.7466255714286,59.0059534285714,25.737578,27.8571428571429,2,,,,,84595
2021-09-05,202136,11.0,11,11,11,0.5523842,1.7753131,0,1,291080020213619684,2023-11-23,Feira de Santana,1.0574265,619609,22.5714285714286,86.3566,0,0.0,0,73.6958478571429,63.4881911428571,25.1283645714286,27.2857142857143,6,,,,,84595
2021-08-29,202135,10.0,10,10,10,0.32250074,1.613921,0,1,291080020213519684,2023-11-23,Feira de Santana,0.82476324,619609,23.7142857142857,82.7233707142857,1,0.0,0,73.7151762857143,65.7249105714286,24.7725157142857,26.1428571428571,0,,,,,84595
2021-08-22,202134,8.0,8,8,8,0.1451709,1.2911369,0,1,291080020213419684,2023-11-23,Feira de Santana,0.6303677,619609,22.2857142857143,87.999788,0,0.0,0,77.4180977142857,68.0293534285714,24.0333851428571,26.0,2,,,,,84595
2021-08-15,202133,14.0,14,14,14,0.72061014,2.2594895,0,1,291080020213319684,2023-11-23,Feira de Santana,1.2588317,619609,22.8571428571429,77.6010514285714,0,0.0,0,69.6329442857143,63.2664331428571,24.506564,26.4285714285714,1,,,,,84595
2021-08-08,202132,14.0,14,14,14,0.8175494,2.2594895,0,1,291080020213219684,2023-11-23,Feira de Santana,1.4461173,619609,22.5714285714286,79.6229064285714,0,0.0,0,69.1076967142857,59.8802957142857,24.4461697142857,26.0,1,,,,,84595
2021-08-01,202131,12.0,12,12,12,0.6788876,1.9367052,0,1,291080020213119684,2023-11-23,Feira de Santana,1.215766,619609,22.5714285714286,78.5828608571428,0,0.0,0,69.3791795714286,58.3732511428571,24.0753811428571,25.7142857142857,5,,,,,84595
2021-07-25,202130,6.0,6,6,6,0.14968769,0.9683526,0,1,291080020213019684,2023-11-23,Feira de Santana,0.59865063,619609,22.2857142857143,90.9477708571429,0,0.0,0,79.6640457142857,67.5439991428571,24.209086,26.5714285714286,4,,,,,84595
2021-07-18,202129,13.0,13,13,13,0.6903786,2.0980973,0,1,291080020212919684,2023-11-23,Feira de Santana,1.2230672,619609,22.4285714285714,86.1381304285714,0,0.0,0,74.8316718571429,64.8127734285714,24.4886125714286,26.4285714285714,2,,,,,84595
2021-07-11,202128,8.0,8,8,8,0.18494149,1.2911369,0,1,291080020212819684,2023-11-23,Feira de Santana,0.6720854,619609,22.8571428571429,83.8351768571429,0,0.0,0,70.7006167142857,61.4180002857143,24.9337477142857,26.8571428571429,2,,,,,84595
2021-07-04,202127,11.0,11,11,11,0.21342033,1.7753131,0,1,291080020212719684,2023-11-23,Feira de Santana,0.7344674,619609,22.1428571428571,87.8229692857143,0,0.0,0,78.0207222857143,67.9492991428571,24.0163042857143,25.7142857142857,3,,,,,84595
2021-06-27,202126,12.0,12,12,12,0.06817371,1.9367052,0,1,291080020212619684,2023-11-23,Feira de Santana,0.59090036,619609,22.2857142857143,86.5147071428571,0,0.0,0,74.2426247142857,63.1155768571429,24.2831971428571,26.0,3,,,,,84595
2021-06-20,202125,11.0,11,11,11,0.012040232,1.7753131,0,1,291080020212519684,2023-11-23,Feira de Santana,0.45785436,619609,23.2857142857143,86.48143,1,0.0,0,72.4616885714286,60.152548,25.3222045714286,27.1428571428571,1,,,,,84595
2021-06-13,202124,23.0,23,23,23,0.47524306,3.7120185,0,1,291080020212419684,2023-11-23,Feira de Santana,0.9820968,619609,23.5714285714286,77.6154378571429,1,0.0,0,67.5168661428571,61.6832834285714,25.4575568571429,26.8571428571429,3,,,,,84595
2021-06-06,202123,26.0,26,26,26,0.7786217,4.1961946,0,1,291080020212319684,2023-11-23,Feira de Santana,1.2499204,619609,22.7142857142857,87.0499028571429,0,0.0,0,73.589718,61.8054804285714,25.7119965714286,28.0,2,,,,,84595
2021-05-30,202122,27.0,27,27,27,0.8162821,4.357587,0,1,291080020212219684,2023-11-23,Feira de Santana,1.2962136,619609,24.1428571428571,85.1503648571429,1,0.0,0,73.7361594285714,65.8361304285714,26.0472308571429,27.8571428571429,6,,,,,84595
2021-05-23,202121,16.0,16,16,16,0.16039284,2.5822737,0,1,291080020212119684,2023-11-23,Feira de Santana,0.7258388,619609,22.1428571428571,86.40436,0,0.0,0,71.5050965714286,58.7569417142857,25.7023814285714,28.2857142857143,2,,,,,84595
2021-05-16,202120,21.0,21,21,21,0.4895733,3.389234,0,1,291080020212019684,2023-11-23,Feira de Santana,0.9920605,619609,22.8571428571429,82.4102092857143,0,0.0,0,69.0123378571429,59.6440135714286,25.8214288571429,28.4285714285714,1,,,,,84595
2021-05-09,202119,24.0,24,24,24,0.783453,3.8734105,0,2,291080020211919684,2023-11-23,Feira de Santana,1.2684796,619609,24.0,83.0303007142857,1,0.0,0,68.8519148571429,58.2739507142857,26.0714285714286,27.8571428571429,3,,,,,84595
2021-05-02,202118,23.0,23,23,23,0.8479751,3.7120185,0,2,291080020211819684,2023-11-23,Feira de Santana,1.3844035,619609,23.7142857142857,89.47851,1,0.0,0,74.3108031428571,62.583431,26.1428571428571,28.4285714285714,9,,,,,84595
2021-04-25,202117,16.0,16,16,16,0.67660815,2.5822737,0,2,291080020211719684,2023-11-23,Feira de Santana,1.181185,619609,24.5714285714286,88.1417628571429,1,0.0,0,73.2689837142857,62.679514,26.9800725714286,29.0,5,,,,,84595
2021-04-18,202116,21.0,21,21,21,0.9446594,3.389234,0,2,291080020211619684,2023-11-23,Feira de Santana,1.74842,619609,24.4285714285714,90.304838,1,0.0,0,83.023485,73.999997,25.9560045714286,28.0,2,,,,,84595
2021-04-11,202115,10.0,10,10,10,0.3158499,1.613921,0,2,291080020211519684,2023-11-23,Feira de Santana,0.81865937,619609,24.2857142857143,84.582432,1,0.0,0,71.80662,57.8795448571429,26.4761905714286,28.5714285714286,3,,,,,84595
2021-04-04,202114,12.0,12,12,12,0.4042561,1.9367052,0,2,291080020211419684,2023-11-23,Feira de Santana,0.90935224,619609,24.5714285714286,85.2883328571429,1,0.0,0,73.7643122857143,63.8716622857143,26.9121695714286,29.0,6,,,,,84595
2021-03-28,202113,12.0,12,12,12,0.28032613,1.9367052,0,2,291080020211319684,2023-11-23,Feira de Santana,0.80148417,619609,24.7142857142857,83.5420011428571,1,0.0,0,70.5073064285714,59.6279261428571,27.7083334285714,30.1428571428571,5,,,,,84595
2021-03-21,202112,13.0,13,13,13,0.2168431,2.0980973,0,2,291080020211219684,2023-11-23,Feira de Santana,0.75412136,619609,24.0,83.0383451428571,1,0.0,0,65.3774854285714,56.5297247142857,27.5675468571429,29.8571428571429,7,,,,,84595
2021-03-14,202111,14.0,14,14,14,0.2796033,2.2594895,0,2,291080020211119684,2023-11-23,Feira de Santana,0.8131687,619609,25.1428571428571,79.644652,1,0.0,0,69.4807831428571,60.0899364285714,27.1123191428571,28.8571428571429,9,,,,,84595
2021-03-07,202110,18.0,18,18,18,0.7467963,2.905058,0,2,291080020211019684,2023-11-23,Feira de Santana,1.2606803,619609,23.8571428571429,84.8814614285714,1,0.0,0,69.5154364285714,57.6914845714286,27.2863874285714,29.7142857142857,10,,,,,84595
2021-02-28,202109,22.0,22,22,22,0.9392411,3.5506263,0,2,291080020210919684,2023-11-23,Feira de Santana,1.6921206,619609,25.5714285714286,81.2191285714286,1,0.0,0,69.7643228571429,60.2238087142857,27.3624848571429,29.1428571428571,9,,,,,84595
2021-02-21,202108,11.0,11,11,11,0.2507781,1.7753131,0,2,291080020210819684,2023-11-23,Feira de Santana,0.768093,619609,25.5714285714286,83.5921482857143,1,0.0,0,71.9438092857143,61.8813958571429,28.193888,30.4285714285714,3,,,,,84595
2021-02-14,202107,11.0,11,11,11,0.17141122,1.7753131,0,2,291080020210719684,2023-11-23,Feira de Santana,0.695199,619609,26.5714285714286,80.4146082857143,1,0.0,0,70.5238298571429,59.8555221428571,28.6130951428571,30.7142857142857,4,,,,,84595
2021-02-07,202106,16.0,16,16,16,0.45597845,2.5822737,0,2,291080020210619684,2023-11-23,Feira de Santana,0.96249366,619609,26.8571428571429,76.3484624285714,1,0.0,0,67.8126797142857,59.8535648571429,28.5297617142857,30.4285714285714,5,,,,,84595
2021-01-31,202105,15.0,15,15,15,0.46832678,2.4208815,0,2,291080020210519684,2023-11-23,Feira de Santana,0.97197795,619609,25.4285714285714,88.4669752857143,1,0.0,0,77.4349891428571,67.9284588571429,27.645186,30.0,7,,,,,84595
2021-01-24,202104,18.0,18,18,18,0.8460647,2.905058,0,2,291080020210419684,2023-11-23,Feira de Santana,1.444062,619609,26.2857142857143,77.4589988571429,1,0.0,0,68.9314405714286,60.2742725714286,28.0859211428571,30.1428571428571,7,,,,,84595
2021-01-17,202103,18.0,18,18,18,0.9507441,2.905058,0,2,291080020210319684,2023-11-23,Feira de Santana,1.887724,619609,25.5714285714286,80.8663154285714,1,0.0,0,68.5150642857143,56.55788,27.8333334285714,30.2857142857143,4,,,,,84595
2021-01-10,202102,10.0,10,10,10,0.74461806,1.613921,0,2,291080020210219684,2023-11-23,Feira de Santana,1.3636504,619609,25.4285714285714,88.8020651428571,1,0.0,0,75.8075142857143,61.9329807142857,27.797412,30.1428571428571,4,,,,,84595
2021-01-03,202101,12.0,12,12,12,0.7861952,1.9367052,0,2,291080020210119684,2023-11-23,Feira de Santana,1.4132452,619609,26.2857142857143,79.0014317142857,1,0.0,0,69.9679837142857,60.8753958571429,28.3734471428571,30.7142857142857,1,,,,,84595
2020-12-27,202053,9.0,9,9,9,0.12231341,1.452529,0,2,291080020205319589,2023-08-20,Feira de Santana,0.62006384,619609,25.5,83.508988,1,0.0,0,68.693465,56.9457065,28.3125,31.0,1,,,,,84595
2020-12-20,202052,7.0,7,7,7,0.016916715,1.1297448,0,2,291080020205219589,2023-08-20,Feira de Santana,0.4103302,619609,25.3714285714286,,1,0.0,0,,,,,1,,,,,84595
2020-12-13,202051,16.0,16,16,16,0.4736711,2.5822737,0,2,291080020205119589,2023-08-20,Feira de Santana,0.97734153,619609,25.2428571428571,,1,0.0,0,,,,,7,,,,,84595
2020-12-06,202050,21.0,21,21,21,0.7646038,3.389234,0,2,291080020205019589,2023-08-20,Feira de Santana,1.2627776,619609,25.1142857142857,,1,0.0,0,,,,,7,,,,,84595
2020-11-29,202049,15.0,15,15,15,0.22529262,2.4208815,0,2,291080020204919589,2023-08-20,Feira de Santana,0.7746797,619609,24.9857142857143,,1,0.0,0,,,,,5,,,,,84595
2020-11-22,202048,13.0,13,13,13,0.10009477,2.0980973,0,2,291080020204819589,2023-08-20,Feira de Santana,0.6414991,619609,24.8571428571429,85.2704217142857,1,0.0,0,73.3471011428571,63.7430567142857,26.9780017142857,29.1428571428571,1,,,,,84595
2020-11-15,202047,22.0,22,22,22,0.6490779,3.5506263,0,2,291080020204719589,2023-08-20,Feira de Santana,1.124889,619609,24.5714285714286,93.4627307142857,1,0.0,0,83.78673,74.127865,26.8742,29.1428571428571,3,,,,,84595
2020-11-08,202046,24.0,24,24,24,0.7205249,3.8734105,0,2,291080020204619589,2023-08-20,Feira de Santana,1.1907269,619609,25.0,84.2266174285714,1,0.0,0,73.9163571428571,66.0135085714286,26.9060554285714,28.5714285714286,3,,,,,84595
2020-11-01,202045,13.0,13,13,13,0.07016844,2.0980973,0,2,291080020204519589,2023-08-20,Feira de Santana,0.6043258,619609,24.2857142857143,96.7404121428571,1,0.0,0,89.1486755714286,79.9263151428571,25.5646525714286,27.2857142857143,3,,,,,84595
2020-10-25,202044,27.0,27,27,27,0.60094976,4.357587,0,2,291080020204419589,2023-08-20,Feira de Santana,1.0728202,619609,25.1428571428571,88.8611454285714,1,0.0,1,80.6888421428571,71.3588714285714,26.7163562857143,28.8571428571429,8,,,,,84595
2020-10-18,202043,13.0,13,13,13,0.010723623,2.0980973,0,2,291080020204319589,2023-08-20,Feira de Santana,0.47649062,619609,25.0,87.5154065714286,1,0.0,0,79.2119837142857,69.6267517142857,26.2727745714286,28.0,3,,,,,84595
2020-10-11,202042,31.0,31,31,31,0.70991325,5.003155,0,2,291080020204219589,2023-08-20,Feira de Santana,1.1555983,619609,24.2857142857143,87.2571762857143,1,0.0,1,77.9095771428571,67.7016785714286,26.2945137142857,28.5714285714286,9,,,,,84595
2020-10-04,202041,27.0,27,27,27,0.53569883,4.357587,0,2,291080020204119589,2023-08-20,Feira de Santana,1.0246433,619609,24.0,88.8483465714286,1,0.0,1,78.1731954285714,66.7809674285714,26.0830745714286,28.2857142857143,5,,,,,84595
2020-09-27,202040,29.0,29,29,29,0.64896023,4.680371,0,1,291080020204019589,2023-08-20,Feira de Santana,1.1076908,619609,24.5714285714286,83.1143127142857,1,0.0,1,74.3822257142857,64.2751704285714,26.1632652857143,28.4285714285714,2,,,,,84595
2020-09-20,202039,21.0,21,21,21,0.3109362,3.389234,0,1,291080020203919589,2023-08-20,Feira de Santana,0.86465865,619609,23.7142857142857,89.5683014285714,1,0.0,0,78.1126371428571,69.3515908571429,25.4849897142857,27.4285714285714,2,,,,,84595
2020-09-13,202038,35.0,35,35,35,0.8575109,5.6487236,0,1,291080020203819589,2023-08-20,Feira de Santana,1.3121852,619609,21.8571428571429,90.3528371428571,0,0.0,1,75.3852008571429,65.6144587142857,24.9466877142857,27.0,11,,,,,84595
2020-09-06,202037,17.0,17,17,17,0.007405028,2.7436657,0,1,291080020203719589,2023-08-20,Feira de Santana,0.49842814,619609,23.5714285714286,86.4931364285714,1,0.0,0,75.7613107142857,66.0260062857143,25.3304862857143,27.1428571428571,3,,,,,84595
2020-08-30,202036,24.0,24,24,24,0.01697751,3.8734105,0,1,291080020203619589,2023-08-20,Feira de Santana,0.58722955,619609,23.4285714285714,89.0019935714286,1,0.0,0,75.4567685714286,64.3872955714286,25.3083777142857,27.0,10,,,,,84595
2020-08-23,202035,35.0,35,35,35,0.13084477,5.6487236,0,1,291080020203519589,2023-08-20,Feira de Santana,0.7782652,619609,22.7142857142857,88.8030365714286,0,0.0,1,77.160172,68.0279028571429,24.3310042857143,25.8571428571429,10,,,,,84595
2020-08-16,202034,45.0,45,45,45,0.21006478,7.262645,0,1,291080020203419589,2023-08-20,Feira de Santana,0.8500165,619609,22.7142857142857,88.0862371428571,0,0.0,1,77.6648657142857,69.1906077142857,25.2308488571429,27.1428571428571,11,,,,,84595
2020-08-09,202033,43.0,43,43,43,0.0064967065,6.9398603,0,1,291080020203319589,2023-08-20,Feira de Santana,0.6224938,619609,23.0,90.2965,0,0.0,1,77.4026642857143,67.9777651428571,25.062112,26.8571428571429,10,,,,,84595
2020-08-02,202032,45.0,45,45,45,5.5286764e-05,7.262645,0,1,291080020203219589,2023-08-20,Feira de Santana,0.50431144,619609,22.4285714285714,89.3939374285714,0,0.0,1,77.2111031428571,67.6354561428572,24.334886,26.1428571428571,12,,,,,84595
2020-07-26,202031,69.0,69,69,69,0.00015935546,11.136055,0,1,291080020203119589,2023-08-20,Feira de Santana,0.58573705,619609,23.1428571428571,173.167671428571,1,0.0,1,76.5058485714286,62.696854,25.4057734285714,27.4285714285714,22,,,,,84595
2020-07-19,202030,93.0,93,93,93,2.148473e-05,15.009465,0,1,291080020203019589,2023-08-20,Feira de Santana,0.5914439,619609,22.8571428571429,90.6254535714286,0,0.0,1,75.1374721428571,65.5163725714286,25.054479,26.8571428571429,30,,,,,84595
2020-07-12,202029,93.0,93,93,93,3.219357e-09,15.009465,0,4,291080020202919589,2023-08-20,Feira de Santana,0.49095607,619609,22.4285714285714,93.0961435714286,0,0.0,1,80.8310028571429,68.0378105714286,24.6537265714286,27.0,37,,,,,84595
2020-07-05,202028,178.0,178,178,178,0.00887114,28.727795,0,4,291080020202819589,2023-08-20,Feira de Santana,0.7892772,619609,23.5714285714286,86.9884978571429,1,0.0,2,78.3682407142857,67.6613727142857,25.1110317142857,26.8571428571429,77,,,,,84595
2020-06-28,202027,195.0,195,195,195,7.7363264e-05,31.47146,0,4,291080020202719589,2023-08-20,Feira de Santana,0.7042097,619609,21.4285714285714,95.0110857142857,0,0.0,2,79.3628062857143,63.2163941428571,24.895889,27.8571428571429,101,,,,,84595
2020-06-21,202026,187.0,187,187,187,3.4549976e-09,30.180323,0,4,291080020202619589,2023-08-20,Feira de Santana,0.5915797,619609,23.2857142857143,95.0330428571429,1,0.0,2,79.767285,65.820472,25.40295,27.5714285714286,92,,,,,84595
2020-06-14,202025,312.0,312,312,312,0.14062978,50.354336,0,4,291080020202519589,2023-08-20,Feira de Santana,0.9190516,619609,23.7142857142857,91.173336,1,0.0,2,76.284458,63.2647917142857,26.4810245714286,28.8571428571429,141,,,,,84595
2020-06-07,202024,316.0,316,316,316,0.087124914,50.999905,0,4,291080020202419589,2023-08-20,Feira de Santana,0.900128,619609,24.4285714285714,89.7679115714286,1,0.0,2,80.0088305714286,69.4025092857143,26.4390757142857,28.4285714285714,153,,,,,84595
2020-05-31,202023,343.0,343,343,343,0.41519848,55.35749,0,4,291080020202319589,2023-08-20,Feira de Santana,0.9838522,619609,24.0,95.0086307142857,1,0.0,2,83.3823538571429,73.7919757142857,26.125,27.8571428571429,180,,,,,84595
2020-05-24,202022,368.0,368,368,368,0.9037435,59.392296,0,4,291080020202219589,2023-08-20,Feira de Santana,1.1034107,619609,24.0,95.167295,1,0.0,2,81.5250565714286,67.9477481428571,26.4583334285714,28.8571428571429,186,,,,,84595
2020-05-17,202021,346.0,346,346,346,0.9212962,55.841667,0,4,291080020202119589,2023-08-20,Feira de Santana,1.1167597,619609,24.1428571428571,97.50438,1,0.0,2,84.6167078571429,71.32808,26.1666662857143,28.1428571428571,197,,,,,84595
2020-05-10,202020,354.0,354,354,354,0.9834555,57.132805,0,4,291080020202019589,2023-08-20,Feira de Santana,1.1816285,619609,23.7142857142857,98.3462764285714,1,1.0,2,86.0906648571429,74.0813855714286,25.740896,27.8571428571429,199,,,,,84595
2020-05-03,202019,298.0,298,298,298,0.34268397,48.09485,0,4,291080020201919589,2023-08-20,Feira de Santana,0.9676386,619609,24.1428571428571,99.1701442857143,1,0.0,2,85.1176087142857,68.9803045714286,26.4880954285714,29.0,158,,,,,84595
2020-04-26,202018,280.0,280,280,280,0.1005932,45.18979,0,4,291080020201819589,2023-08-20,Feira de Santana,0.9001905,619609,23.8571428571429,95.8871742857143,1,0.0,2,84.2521485714286,72.0101734285714,26.2976191428571,28.2857142857143,179,,,,,84595
2020-04-19,202017,322.0,322,322,322,0.8998473,51.968258,0,4,291080020201719589,2023-08-20,Feira de Santana,1.1090539,619609,24.8571428571429,94.3606894285714,1,0.0,2,84.5973112857143,73.6640514285714,26.5357142857143,28.2857142857143,205,,,,,84595
2020-04-12,202016,321.0,321,321,321,0.9997024,51.806866,0,4,291080020201619589,2023-08-20,Feira de Santana,1.3381596,619609,25.4285714285714,94.2628207142857,1,1.0,2,81.267155,69.7768285714286,27.8392854285714,30.1428571428571,174,,,,,84595
2020-04-05,202015,312.0,312,312,312,1.0,50.354336,0,4,291080020201519589,2023-08-20,Feira de Santana,1.7750204,619609,25.7142857142857,94.2910771428571,1,1.0,2,81.8710308571429,70.0056374285714,28.2619045714286,30.7142857142857,191,,,,,84595
2020-03-29,202014,254.0,254,254,254,1.0,40.993595,0,4,291080020201419589,2023-08-20,Feira de Santana,1.859992,619609,25.5714285714286,92.781838,1,1.0,2,78.2314057142857,65.7508328571429,28.3749997142857,31.1428571428571,144,,,,,84595
2020-03-22,202013,165.0,165,165,165,0.9439389,26.629698,0,2,291080020201319589,2023-08-20,Feira de Santana,1.2006233,619609,25.4285714285714,94.2739807142857,1,0.0,2,82.1389884285714,69.94502,27.5416662857143,30.1428571428571,110,,,,,84595
2020-03-15,202012,95.0,95,95,95,0.0019300502,15.33225,0,2,291080020201219589,2023-08-20,Feira de Santana,0.68351847,619609,26.0,89.7933424285714,1,0.0,1,82.4556678571429,73.4556941428571,27.9686145714286,30.1428571428571,73,,,,,84595
2020-03-08,202011,146.0,146,146,146,0.9466647,23.563248,0,2,291080020201119589,2023-08-20,Feira de Santana,1.2190869,619609,25.4285714285714,83.8326802857143,1,0.0,1,82.2922692857143,78.6996524285714,27.3214285714286,29.0,91,,,,,84595
2020-03-01,202010,171.0,171,171,171,0.9999769,27.59805,0,2,291080020201019589,2023-08-20,Feira de Santana,1.6458277,619609,25.7142857142857,84.0509757142857,1,1.0,2,82.0895592857143,78.8203995714286,28.5535711428571,30.8571428571429,97,,,,,84595
2020-02-23,202009,101.0,101,101,101,0.5679489,16.300602,0,2,291080020200919589,2023-08-20,Feira de Santana,1.024475,619609,26.1428571428571,84.0200094285714,1,0.0,1,82.1488884285714,78.8200257142857,28.3349565714286,30.4285714285714,60,,,,,84595
2020-02-16,202008,100.0,100,100,100,0.56392187,16.13921,0,2,291080020200819589,2023-08-20,Feira de Santana,1.0231025,619609,24.8571428571429,83.7716874285714,1,0.0,1,82.206113,78.7002234285714,26.8961037142857,28.2857142857143,63,,,,,84595
2020-02-09,202007,104.0,104,104,104,0.68222743,16.784779,0,2,291080020200719589,2023-08-20,Feira de Santana,1.0689639,619609,26.1428571428571,83.787476,1,0.0,1,82.6888785714286,78.8399612857143,27.5142857142857,28.1428571428571,54,,,,,84595
2020-02-02,202006,86.0,86,86,86,0.40176517,13.879721,0,2,291080020200619589,2023-08-20,Feira de Santana,0.9631988,619609,25.5714285714286,83.8808205714286,1,0.0,1,81.8634492857143,76.7137965714286,27.5071428571429,29.2857142857143,27,,,,,84595
2020-01-26,202005,116.0,116,116,116,0.9962963,18.721483,0,2,291080020200519589,2023-08-20,Feira de Santana,1.4717574,619609,25.4285714285714,83.9588357142857,1,1.0,1,81.5266342857143,76.743575,27.7634577142857,30.1428571428571,58,,,,,84595
2020-01-19,202004,82.0,82,82,82,0.7851015,13.234153,0,2,291080020200419589,2023-08-20,Feira de Santana,1.1353453,619609,24.7142857142857,83.9120874285714,1,0.0,1,79.7798877142857,72.7414535714286,27.2202382857143,29.7142857142857,32,,,,,84595
2020-01-12,202003,82.0,82,82,82,0.32067543,13.234153,0,2,291080020200319589,2023-08-20,Feira de Santana,0.93119425,619609,25.4285714285714,83.8961468571429,1,0.0,1,80.6283585714286,75.1746821428571,28.1488094285714,30.1428571428571,34,,,,,84595
2020-01-05,202002,71.0,71,71,71,0.0007238776,11.458839,0,2,291080020200219589,2023-08-20,Feira de Santana,0.6226659,619609,24.7142857142857,83.7710662857143,1,0.0,1,80.0581157142857,71.1111292857143,27.0845237142857,29.1428571428571,28,,,,,84595
2019-12-29,202001,36.0,36,36,36,3.2187113e-08,5.810116,0,3,291080020200119589,2023-08-20,Feira de Santana,0.3712547,619609,24.8333333333333,83.7497296666667,1,0.0,1,80.5450558333333,75.072288,26.5916666666667,28.6666666666667,19,,,,,84595
2019-12-22,201952,195.0,195,195,195,1.0,31.47146,0,3,291080020195219589,2023-08-20,Feira de Santana,3.2094173,619609,26.0,81.5626231428571,1,1.0,2,79.2627094285714,76.1854034285714,26.6415585714286,27.4285714285714,19,,,,,84595
2019-12-15,201951,87.0,87,87,87,0.99993414,14.041113,0,2,291080020195119589,2023-08-20,Feira de Santana,1.985252,619609,25.0,82.1981508571429,1,1.0,1,79.61133,76.0495058571429,26.251948,27.2857142857143,42,,,,,84595
2019-12-08,201950,46.0,46,46,46,0.49705464,7.424037,0,2,291080020195019589,2023-08-20,Feira de Santana,0.99846923,619609,25.8571428571429,80.90349,1,0.0,1,77.3745665714286,73.0490542857143,26.6610388571429,27.1428571428571,24,,,,,84595
2019-12-01,201949,33.0,33,33,33,0.021909175,5.3259397,0,2,291080020194919589,2023-08-20,Feira de Santana,0.6426879,619609,24.5714285714286,83.5808137142857,1,0.0,1,81.0651177142857,77.3530094285714,25.9584414285714,27.0,19,,,,,84595
2019-11-24,201948,48.0,48,48,48,0.32009086,7.746821,0,2,291080020194819589,2023-08-20,Feira de Santana,0.9113376,619609,25.1428571428571,86.5282417142857,1,0.0,1,82.817123,78.155601,26.1311688571429,27.0,29,,,,,84595
2019-11-17,201947,55.0,55,55,55,0.6042332,8.876566,0,2,291080020194719589,2023-08-20,Feira de Santana,1.0521656,619609,25.5714285714286,85.8496011428571,1,0.0,1,80.8566315714286,76.1034997142857,26.4831168571429,27.0,34,,,,,84595
2019-11-10,201946,54.0,54,54,54,0.48111916,8.715174,0,2,291080020194619589,2023-08-20,Feira de Santana,0.99098486,619609,25.2857142857143,85.7616377142857,1,0.0,1,81.6785364285714,78.0972391428571,26.3610388571429,27.0,29,,,,,84595
2019-11-03,201945,50.0,50,50,50,0.1503126,8.069605,0,2,291080020194519589,2023-08-20,Feira de Santana,0.82171744,619609,25.0,87.9487237142857,1,0.0,1,82.1516627142857,78.1013017142857,26.0376622857143,26.8571428571429,34,,,,,84595
2019-10-27,201944,53.0,53,53,53,0.078436725,8.5537815,0,2,291080020194419589,2023-08-20,Feira de Santana,0.77336776,619609,25.1428571428571,85.7684934285714,1,0.0,1,81.3932811428571,77.4420105714286,26.0216451428571,26.7142857142857,41,,,,,84595
2019-10-20,201943,58.0,58,58,58,0.12237467,9.360742,0,2,291080020194319589,2023-08-20,Feira de Santana,0.81499994,619609,24.7142857142857,88.7360328571429,1,0.0,1,84.6623975714286,80.7914097142857,25.7099568571429,26.7142857142857,36,,,,,84595
2019-10-13,201942,73.0,73,73,73,0.45717087,11.781624,0,2,291080020194219589,2023-08-20,Feira de Santana,0.9824798,619609,25.0,80.8376851428571,1,0.0,1,76.6529978571429,72.2022097142857,25.7294377142857,26.5714285714286,45,,,,,84595
2019-10-06,201941,79.0,79,79,79,0.18700556,12.749976,0,2,291080020194119589,2023-08-20,Feira de Santana,0.8725195,619609,24.0,87.8869028571429,1,0.0,1,81.718808,76.0407302857143,25.0757571428571,26.2857142857143,56,,,,,84595
2019-09-29,201940,55.0,55,55,55,2.3221721e-06,8.876566,0,2,291080020194019589,2023-08-20,Feira de Santana,0.48364577,619609,24.4285714285714,84.3153742857143,1,0.0,1,81.2800042857143,77.3283978571429,25.2619048571429,26.0,30,,,,,84595
2019-09-22,201939,93.0,93,93,93,0.0030691342,15.009465,0,2,291080020193919589,2023-08-20,Feira de Santana,0.69348,619609,24.0,84.4070385714286,1,0.0,1,78.128558,72.7383162857143,24.975108,25.8571428571429,61,,,,,84595
2019-09-15,201938,114.0,114,114,114,0.011896457,18.3987,0,2,291080020193819589,2023-08-20,Feira de Santana,0.75668865,619609,23.7142857142857,83.4558817142857,1,0.0,1,76.3228508571429,70.241703,25.079004,25.8571428571429,77,,,,,84595
2019-09-08,201937,141.0,141,141,141,0.04258234,22.756287,0,1,291080020193719589,2023-08-20,Feira de Santana,0.82282835,619609,23.2857142857143,86.3977285714286,1,0.0,1,81.8453202857143,77.2922044285714,24.3885285714286,25.4285714285714,109,,,,,84595
2019-09-01,201936,146.0,146,146,146,0.001563742,23.563248,0,4,291080020193619589,2023-08-20,Feira de Santana,0.72691005,619609,23.5714285714286,91.4159357142857,1,0.0,1,84.2696662857143,78.8372307142857,24.5671,25.2857142857143,98,,,,,84595
2019-08-25,201935,167.0,167,167,167,0.00030382987,26.952482,0,4,291080020193519589,2023-08-20,Feira de Santana,0.70900416,619609,22.8571428571429,92.69471,0,0.0,2,86.035769,79.9052878571429,23.8268397142857,24.7142857142857,133,,,,,84595
2019-08-18,201934,197.0,197,197,197,0.0010176015,31.794245,0,4,291080020193419589,2023-08-20,Feira de Santana,0.74907255,619609,22.5714285714286,93.48128,0,0.0,2,89.3236715714286,85.0778814285714,23.5324671428571,24.5714285714286,145,,,,,84595
2019-08-11,201933,238.0,238,238,238,0.043819413,38.41132,0,4,291080020193319589,2023-08-20,Feira de Santana,0.8601393,619609,22.8571428571429,91.8978071428571,0,0.0,2,85.0448522857143,78.708975,24.1688311428571,24.8571428571429,171,,,,,84595
2019-08-04,201932,280.0,280,280,280,0.25879094,45.18979,0,4,291080020193219589,2023-08-20,Feira de Santana,0.94751096,619609,23.2857142857143,89.8044814285714,1,0.0,2,82.8384891428571,75.166954,24.1688314285714,24.7142857142857,200,,,,,84595
2019-07-28,201931,276.0,276,276,276,0.007844588,44.54422,0,4,291080020193119589,2023-08-20,Feira de Santana,0.822247,619609,21.8571428571429,95.89446,0,0.0,2,84.443638,76.5938235714286,23.6493508571429,24.7142857142857,195,,,,,84595
2019-07-21,201930,273.0,273,273,273,2.715637e-05,44.060043,0,4,291080020193019589,2023-08-20,Feira de Santana,0.72702277,619609,22.4285714285714,92.5322871428571,0,0.0,2,82.4264171428571,74.5724364285714,24.155844,25.0,185,,,,,84595
2019-07-14,201929,335.0,335,335,335,0.020720389,54.066353,0,4,291080020192919589,2023-08-20,Feira de Santana,0.85932606,619609,22.1428571428571,89.6873392857143,0,0.0,2,83.9299187142857,77.3239217142857,23.4155845714286,24.4285714285714,223,,,,,84595
2019-07-07,201928,404.0,404,404,404,0.5376525,65.20241,0,4,291080020192819589,2023-08-20,Feira de Santana,1.0066804,619609,24.0,84.4484894285714,1,0.0,2,78.5258935714286,72.0720601428572,24.844156,25.4285714285714,269,,,,,84595
2019-06-30,201927,401.0,401,401,401,0.13645187,64.71823,0,4,291080020192719589,2023-08-20,Feira de Santana,0.9268752,619609,23.2857142857143,94.4301542857143,1,0.0,2,87.4676464285714,80.1982114285714,24.3766231428571,26.0,275,,,,,84595
2019-06-23,201926,359.0,359,359,359,0.00020249985,57.939766,0,4,291080020192619589,2023-08-20,Feira de Santana,0.7803692,619609,23.7142857142857,85.2597357142857,1,0.0,2,78.6908987142857,72.9220178571429,24.8961037142857,25.5714285714286,265,,,,,84595
2019-06-16,201925,464.0,464,464,464,0.19504263,74.88593,0,4,291080020192519589,2023-08-20,Feira de Santana,0.9458957,619609,24.5714285714286,83.0241877142857,1,0.0,2,75.3374114285714,70.3281877142857,25.5584414285714,26.1428571428571,344,,,,,84595
2019-06-09,201924,460.0,460,460,460,0.0015972186,74.240364,0,4,291080020192419589,2023-08-20,Feira de Santana,0.8306699,619609,23.8571428571429,88.8186777142857,1,0.0,2,79.9503884285714,69.3586054285714,25.2602817142857,27.0,309,,,,,84595
2019-06-02,201923,468.0,468,468,468,1.792592e-07,75.5315,0,4,291080020192319589,2023-08-20,Feira de Santana,0.7349487,619609,24.4285714285714,83.9862314285714,1,0.0,2,79.6224001428571,73.7910367142857,25.2129868571429,26.2857142857143,335,,,,,84595
2019-05-26,201922,529.0,529,529,529,6.0483244e-06,85.37642,0,4,291080020192219589,2023-08-20,Feira de Santana,0.7768473,619609,23.8571428571429,93.3794485714286,1,0.0,2,86.15217,77.4412217142857,25.2467531428571,26.7142857142857,390,,,,,84595
2019-05-19,201921,669.0,669,669,669,0.55791247,107.97132,0,4,291080020192119589,2023-08-20,Feira de Santana,1.0080105,619609,24.7142857142857,95.1725165714286,1,0.0,2,86.1329678571429,78.9429302857143,26.2597405714286,27.7142857142857,483,,,,,84595
2019-05-12,201920,737.0,737,737,737,0.9999613,118.945984,0,4,291080020192019589,2023-08-20,Feira de Santana,1.24273,619609,25.0,93.4868121428571,1,1.0,2,87.8006841428571,79.7822895714286,26.181818,27.2857142857143,533,,,,,84595
2019-05-05,201919,652.0,652,652,652,0.9999993,105.22765,0,4,291080020191919589,2023-08-20,Feira de Santana,1.3314657,619609,25.0,91.252066,1,1.0,2,85.3876731428571,75.6589145714286,26.2272728571429,27.7142857142857,480,,,,,84595
2019-04-28,201918,683.0,683,683,683,1.0,110.230804,0,4,291080020191819589,2023-08-20,Feira de Santana,1.5625778,619609,25.2857142857143,90.46408,1,1.0,2,83.4901627142857,75.236801,26.8988094285714,28.7142857142857,515,,,,,84595
2019-04-21,201917,406.0,406,406,406,0.025583204,65.52519,0,4,291080020191719589,2023-08-20,Feira de Santana,0.87603366,619609,26.1428571428571,86.000381,1,0.0,2,78.4083412857143,72.1559214285714,27.4956708571429,28.8571428571429,304,,,,,84595
2019-04-14,201916,424.0,424,424,424,0.00019207357,68.43025,0,4,291080020191619589,2023-08-20,Feira de Santana,0.7944297,619609,25.2857142857143,90.4010295714286,1,0.0,2,83.091605,70.9770928571428,26.9266425714286,29.7142857142857,298,,,,,84595
2019-04-07,201915,407.0,407,407,407,2.7196892e-08,65.686584,0,4,291080020191519589,2023-08-20,Feira de Santana,0.70533264,619609,25.5714285714286,91.1646322857143,1,0.0,2,83.0369248571428,75.8041985714286,27.2602814285714,28.8571428571429,317,,,,,84595
2019-03-31,201914,586.0,586,586,586,0.68446505,94.575775,0,4,291080020191419589,2023-08-20,Feira de Santana,1.0286461,619609,25.5714285714286,94.4295737142857,1,0.0,2,86.9597031428572,78.4226988571429,26.8311688571429,28.2857142857143,464,,,,,84595
2019-03-24,201913,593.0,593,593,593,0.970497,95.70552,0,4,291080020191319589,2023-08-20,Feira de Santana,1.1193483,619609,26.0,92.1128821428571,1,1.0,2,84.8257207142857,77.1433951428571,27.61039,29.0,459,,,,,84595
2019-03-17,201912,606.0,606,606,606,0.9982773,97.80361,0,4,291080020191219589,2023-08-20,Feira de Santana,1.1918464,619609,25.7142857142857,94.2747321428571,1,1.0,2,86.4587608571428,80.5362915714286,27.4805194285714,29.0,469,,,,,84595
2019-03-10,201911,517.0,517,517,517,0.35360008,83.43972,0,4,291080020191119589,2023-08-20,Feira de Santana,0.9770495,619609,26.2857142857143,86.847316,1,0.0,2,80.3619378571428,73.9621714285714,27.7662337142857,29.1428571428571,429,,,,,84595
2019-03-03,201910,467.0,467,467,467,0.0012891572,75.37011,0,4,291080020191019589,2023-08-20,Feira de Santana,0.828528,619609,26.2857142857143,91.1819615714286,1,0.0,2,82.5830527142857,68.6098948571429,27.7142857142857,29.1428571428571,383,,,,,84595
2019-02-24,201909,543.0,543,543,543,0.20407628,87.63591,0,4,291080020190919589,2023-08-20,Feira de Santana,0.9516455,619609,26.7142857142857,88.875633,1,0.0,2,82.6473312857143,77.1168875714286,28.1818185714286,29.2857142857143,426,,,,,84595
2019-02-17,201908,556.0,556,556,556,0.8161707,89.73401,0,4,291080020190819589,2023-08-20,Feira de Santana,1.0562809,619609,26.4285714285714,89.6416094285714,1,0.0,2,83.4638951428571,78.4570622857143,27.931818,29.1428571428571,451,,,,,84595
2019-02-10,201907,644.0,644,644,644,1.0,103.936516,0,4,291080020190719589,2023-08-20,Feira de Santana,1.3969612,619609,26.7142857142857,85.928321,1,1.0,2,80.650405,76.3515978571428,27.8428571428571,28.7142857142857,529,,,,,84595
2019-02-03,201906,504.0,504,504,504,0.9999813,81.34162,0,4,291080020190619589,2023-08-20,Feira de Santana,1.3208958,619609,26.8571428571429,83.0394427142857,1,1.0,2,75.3276837142857,65.7898425714286,28.6626981428571,30.5714285714286,394,,,,,84595
2019-01-27,201905,483.0,483,483,483,1.0,77.952385,0,4,291080020190519589,2023-08-20,Feira de Santana,1.6387564,619609,26.8571428571429,83.3075815714286,1,1.0,2,72.9151462857143,62.4968617142857,28.9583328571429,31.2857142857143,408,,,,,84595
2019-01-20,201904,395.0,395,395,395,1.0,63.74988,0,4,291080020190419589,2023-08-20,Feira de Santana,1.8041393,619609,26.5714285714286,81.6823615714286,1,1.0,2,72.1157902857143,62.4925245714286,28.8095237142857,31.0,335,,,,,84595
2019-01-13,201903,278.0,278,278,278,1.0,44.867004,0,4,291080020190319589,2023-08-20,Feira de Santana,1.7913278,619609,26.2857142857143,83.2771518571429,1,1.0,2,73.264528,65.145253,28.1809525714286,30.0,243,,,,,84595
2019-01-06,201902,221.0,221,221,221,1.0,35.667656,0,4,291080020190219589,2023-08-20,Feira de Santana,2.0354278,619609,26.4285714285714,81.6528484285714,1,1.0,2,76.6442201428571,71.1505457142857,27.2571428571429,28.0,172,,,,,84595
2018-12-30,201901,154.0,154,154,154,0.99998444,24.854383,0,2,291080020190119589,2023-08-20,Feira de Santana,1.7205833,619609,26.0,87.3301268571429,1,1.0,2,82.3346027142857,78.1969955714286,26.7714285714286,27.4285714285714,155,,,,,84595
2018-12-23,201852,84.0,84,84,84,0.6376901,13.556936,0,3,291080020185219589,2023-08-20,Feira de Santana,1.0565106,619609,24.8571428571429,89.4946471428571,1,0.0,1,80.8372208571429,71.6819371428571,26.8738097142857,29.0,75,,,,,84595
2018-12-16,201851,83.0,83,83,83,0.98075444,13.395545,0,3,291080020185119589,2023-08-20,Feira de Santana,1.4184353,619609,24.5714285714286,87.2721742857143,1,1.0,1,72.3174412857143,59.0759454285714,27.5357142857143,30.0,62,,,,,84595
2018-12-09,201850,103.0,103,103,103,0.99999994,16.623386,0,2,291080020185019589,2023-08-20,Feira de Santana,2.510697,619609,25.5714285714286,88.8394144285714,1,1.0,1,76.1627035714286,66.33612,28.0833334285714,30.0,76,,,,,84595
2018-12-02,201849,50.0,50,50,50,0.90427744,8.069605,0,2,291080020184919589,2023-08-20,Feira de Santana,1.3215222,619609,25.1428571428571,94.2268728571429,1,0.0,1,89.8585022857143,84.7959222857143,26.0785714285714,27.1428571428571,34,,,,,84595
2018-11-25,201848,28.0,28,28,28,0.06346194,4.518979,0,2,291080020184819589,2023-08-20,Feira de Santana,0.69098586,619609,24.2857142857143,91.1892802857143,1,0.0,1,86.0560108571429,80.8857137142857,25.3071428571429,26.2857142857143,14,,,,,84595
2018-11-18,201847,41.0,41,41,41,0.48446962,6.6170764,0,2,291080020184719589,2023-08-20,Feira de Santana,0.99149793,619609,26.1428571428571,83.7140842857143,1,0.0,1,79.3545555714286,75.5111245714286,26.7766234285714,27.2857142857143,28,,,,,84595
2018-11-11,201846,38.0,38,38,38,0.5358359,6.1328998,0,2,291080020184619589,2023-08-20,Feira de Santana,1.0208417,619609,26.2857142857143,83.6716037142857,1,0.0,1,80.8984712857143,77.4540085714286,26.7272728571429,27.1428571428571,24,,,,,84595
2018-11-04,201845,49.0,49,49,49,0.959086,7.908213,0,2,291080020184519589,2023-08-20,Feira de Santana,1.4697808,619609,25.2857142857143,85.1934091428571,1,1.0,1,81.3933322857143,76.794162,26.2324674285714,27.0,21,,,,,84595
2018-10-28,201844,36.0,36,36,36,0.6876435,5.810116,0,2,291080020184419589,2023-08-20,Feira de Santana,1.125274,619609,25.5714285714286,87.2923161428571,1,0.0,1,82.9484085714286,78.3105754285714,26.4437231428571,27.4285714285714,20,,,,,84595
2018-10-21,201843,28.0,28,28,28,0.46302617,4.518979,0,2,291080020184319589,2023-08-20,Feira de Santana,0.97582394,619609,24.7142857142857,90.3214815714286,1,0.0,1,84.3361477142857,76.331799,25.7911257142857,27.0,11,,,,,84595
2018-10-14,201842,38.0,38,38,38,0.9569667,6.1328998,0,2,291080020184219589,2023-08-20,Feira de Santana,1.5468036,619609,24.8571428571429,88.7914888571429,1,1.0,1,79.394073,67.9259105714286,26.9656592857143,29.4285714285714,18,,,,,84595
2018-10-07,201841,28.0,28,28,28,0.7695857,4.518979,0,2,291080020184119589,2023-08-20,Feira de Santana,1.2285093,619609,25.2857142857143,80.0532064285714,1,0.0,1,71.72735,62.7501137142857,27.0773808571429,29.4285714285714,11,,,,,84595
2018-09-30,201840,23.0,23,23,23,0.53276175,3.7120185,0,2,291080020184019589,2023-08-20,Feira de Santana,1.0244619,619609,25.0,84.2516842857143,1,0.0,0,75.5849494285714,69.4490957142857,26.3160177142857,27.8571428571429,7,,,,,84595
2018-09-23,201839,21.0,21,21,21,0.398249,3.389234,0,2,291080020183919589,2023-08-20,Feira de Santana,0.92559594,619609,25.5714285714286,81.406114,1,0.0,0,77.7591668571429,73.495777,26.0227271428571,26.8571428571429,6,,,,,84595
2018-09-16,201838,26.0,26,26,26,0.50538886,4.1961946,0,2,291080020183819589,2023-08-20,Feira de Santana,1.003727,619609,24.5714285714286,86.52639,1,0.0,0,81.3181692857143,76.7373611428571,25.5725111428571,26.2857142857143,13,,,,,84595
2018-09-09,201837,17.0,17,17,17,0.021253856,2.7436657,0,2,291080020183719589,2023-08-20,Feira de Santana,0.55195147,619609,23.7142857142857,81.5270492857143,1,0.0,0,72.1698498571429,65.8717357142857,25.0119045714286,25.8571428571429,4,,,,,84595
2018-09-02,201836,28.0,28,28,28,0.2447683,4.518979,0,2,291080020183619589,2023-08-20,Feira de Santana,0.83898896,619609,23.5714285714286,85.6185764285714,1,0.0,1,79.0637362857143,71.4485842857143,24.7056274285714,26.2857142857143,12,,,,,84595
2018-08-26,201835,28.0,28,28,28,0.35925972,4.518979,0,2,291080020183519589,2023-08-20,Feira de Santana,0.9107926,619609,23.4285714285714,85.7141965714286,1,0.0,1,76.8402271428571,69.2740632857143,24.7175325714286,25.7142857142857,16,,,,,84595
2018-08-19,201834,43.0,43,43,43,0.95656806,6.9398603,0,1,291080020183419589,2023-08-20,Feira de Santana,1.5012888,619609,23.2857142857143,89.44884,1,1.0,1,80.9175778571429,72.7118385714286,24.8160174285714,25.7142857142857,24,,,,,84595
2018-08-12,201833,26.0,26,26,26,0.3231483,4.1961946,0,1,291080020183319589,2023-08-20,Feira de Santana,0.8846951,619609,24.7142857142857,85.1573571428571,1,0.0,0,79.1544662857143,73.6686014285714,25.8269481428571,27.1428571428571,12,,,,,84595
2018-08-05,201832,28.0,28,28,28,0.47611415,4.518979,0,1,291080020183219589,2023-08-20,Feira de Santana,0.9842941,619609,23.0,88.7392085714286,0,0.0,1,75.6728644285714,64.1207288571429,25.8571425714286,28.5714285714286,17,,,,,84595
2018-07-29,201831,28.0,28,28,28,0.78481567,4.518979,0,2,291080020183119589,2023-08-20,Feira de Santana,1.2471642,619609,23.7142857142857,83.6513784285714,1,0.0,1,71.5632208571429,61.2786978571429,25.785714,27.8571428571429,14,,,,,84595
2018-07-22,201830,37.0,37,37,37,0.99538046,5.971508,0,1,291080020183019589,2023-08-20,Feira de Santana,2.0512855,619609,24.5714285714286,77.9642042857143,1,1.0,1,66.2105688571429,56.1793385714286,26.2440477142857,28.0,24,,,,,84595
2018-07-15,201829,19.0,19,19,19,0.5852242,3.0664499,0,1,291080020182919589,2023-08-20,Feira de Santana,1.0728066,619609,24.2857142857143,82.951592,1,0.0,0,70.5132405714286,60.7498974285714,25.8571425714286,27.7142857142857,10,,,,,84595
2018-07-08,201828,13.0,13,13,13,0.22652142,2.0980973,0,1,291080020182819589,2023-08-20,Feira de Santana,0.76246876,619609,22.5714285714286,88.8743785714286,0,0.0,0,80.070745,70.4386692857143,24.327922,26.0,6,,,,,84595
2018-07-01,201827,22.0,22,22,22,0.8425663,3.5506263,0,2,291080020182719589,2023-08-20,Feira de Santana,1.3841007,619609,24.1428571428571,85.1141985714286,1,0.0,0,78.7171637142857,72.8748601428571,25.1850645714286,26.0,7,,,,,84595
2018-06-24,201826,16.0,16,16,16,0.64475304,2.5822737,0,2,291080020182619589,2023-08-20,Feira de Santana,1.1431872,619609,23.2857142857143,90.3723205714286,1,0.0,0,80.2174165714286,72.353168,24.818182,25.7142857142857,9,,,,,84595
2018-06-17,201825,15.0,15,15,15,0.86269957,2.4208815,0,2,291080020182519589,2023-08-20,Feira de Santana,1.5487025,619609,24.4285714285714,83.16793,1,0.0,0,75.3478942857143,69.7758645714286,25.8051948571429,26.4285714285714,8,,,,,84595
2018-06-10,201824,18.0,18,18,18,0.9944053,2.905058,0,2,291080020182419589,2023-08-20,Feira de Santana,2.9684675,619609,25.0,83.8832614285714,1,0.0,0,77.4057285714286,71.6784222857143,26.0,26.8571428571429,7,,,,,84595
2018-06-03,201823,9.0,9,9,9,0.8572683,1.452529,0,2,291080020182319589,2023-08-20,Feira de Santana,1.7542006,619609,24.4285714285714,92.1007522857143,1,0.0,0,84.7810702857143,76.889064,25.467532,26.5714285714286,6,,,,,84595
2018-05-27,201822,2.0,2,2,2,0.13941044,0.32278422,0,2,291080020182219589,2023-08-20,Feira de Santana,0.43905503,619609,23.8571428571429,90.3514274285714,1,0.0,0,79.2464337142857,71.7346087142857,25.7402597142857,26.5714285714286,0,,,,,84595
2018-05-20,201821,8.0,8,8,8,0.84904987,1.2911369,0,2,291080020182119589,2023-08-20,Feira de Santana,1.778532,619609,24.8571428571429,87.5348445714286,1,0.0,0,78.9586705714286,64.2542054285714,26.6076837142857,28.4285714285714,4,,,,,84595
2018-05-13,201820,3.0,3,3,3,0.22441843,0.4841763,0,2,291080020182019589,2023-08-20,Feira de Santana,0.5973877,619609,24.7142857142857,90.6657188571429,1,0.0,0,76.9427158571429,65.1287861428571,27.3511902857143,30.0,3,,,,,84595
2018-05-06,201819,4.0,4,4,4,0.3490908,0.64556843,0,2,291080020181919589,2023-08-20,Feira de Santana,0.7818006,619609,25.1428571428571,88.4895738571429,1,0.0,0,77.8792648571429,66.7417037142857,26.9404762857143,29.1428571428571,3,,,,,84595
2018-04-29,201818,6.0,6,6,6,0.6392702,0.9683526,0,2,291080020181819589,2023-08-20,Feira de Santana,1.2319542,619609,25.7142857142857,88.858696,1,0.0,0,77.009025,67.2704048571429,27.8095237142857,29.7142857142857,1,,,,,84595
2018-04-22,201817,5.0,5,5,5,0.47879392,0.8069605,0,2,291080020181719589,2023-08-20,Feira de Santana,0.9684913,619609,24.7142857142857,92.0710577142857,1,0.0,0,80.3263534285714,67.6907175714286,26.8273811428571,29.2857142857143,3,,,,,84595
2018-04-15,201816,5.0,5,5,5,0.2904242,0.8069605,0,2,291080020181619589,2023-08-20,Feira de Santana,0.73222315,619609,25.4285714285714,89.1908094285714,1,0.0,0,79.0733507142857,71.1603205714286,26.8647185714286,28.0,2,,,,,84595
2018-04-08,201815,4.0,4,4,4,0.078037195,0.64556843,0,2,291080020181519589,2023-08-20,Feira de Santana,0.45192444,619609,25.1428571428571,86.8073942857143,1,0.0,0,78.3492058571429,71.7601057142857,26.7142857142857,27.8571428571429,0,,,,,84595
2018-04-01,201814,6.0,6,6,6,0.17664878,0.9683526,0,2,291080020181419589,2023-08-20,Feira de Santana,0.62862194,619609,24.5714285714286,86.5853778571429,1,0.0,0,77.3070672857143,72.3795074285714,26.4025971428571,27.2857142857143,1,,,,,84595
2018-03-25,201813,11.0,11,11,11,0.68889874,1.7753131,0,2,291080020181319589,2023-08-20,Feira de Santana,1.2425615,619609,23.7142857142857,91.9640177142857,1,0.0,0,79.8106135714286,71.0466068571429,25.974026,27.2857142857143,3,,,,,84595
2018-03-18,201812,9.0,9,9,9,0.6236317,1.452529,0,2,291080020181219589,2023-08-20,Feira de Santana,1.162275,619609,25.1428571428571,86.5099534285714,1,0.0,0,79.435445,74.2693028571429,26.655844,27.7142857142857,6,,,,,84595
2018-03-11,201811,11.0,11,11,11,0.7154624,1.7753131,0,2,291080020181119589,2023-08-20,Feira de Santana,1.2880706,619609,25.0,90.3162965714286,1,0.0,0,85.155185,81.0539891428571,26.2088742857143,27.2857142857143,6,,,,,84595
2018-03-04,201810,5.0,5,5,5,0.066474065,0.8069605,0,2,291080020181019589,2023-08-20,Feira de Santana,0.46610844,619609,25.2857142857143,88.8199108571429,1,0.0,0,82.7870605714286,76.8957914285714,26.4025971428571,27.5714285714286,2,,,,,84595
2018-02-25,201809,8.0,8,8,8,0.23862188,1.2911369,0,2,291080020180919589,2023-08-20,Feira de Santana,0.72558546,619609,25.0,86.6086668571429,1,0.0,0,75.9673764285714,65.1437907142857,27.0059525714286,29.2857142857143,2,,,,,84595
2018-02-18,201808,11.0,11,11,11,0.67550504,1.7753131,0,2,291080020180819589,2023-08-20,Feira de Santana,1.221138,619609,24.8571428571429,85.0575534285714,1,0.0,0,78.2169372857143,72.382358,26.3349565714286,27.4285714285714,4,,,,,84595
2018-02-11,201807,16.0,16,16,16,0.9390835,2.5822737,0,2,291080020180719589,2023-08-20,Feira de Santana,1.8754545,619609,24.8571428571429,88.1108705714286,1,0.0,0,81.8889787142857,76.704238,25.8142857142857,26.4285714285714,10,,,,,84595
2018-02-04,201806,4.0,4,4,4,0.069550194,0.64556843,0,2,291080020180619589,2023-08-20,Feira de Santana,0.43920422,619609,25.4285714285714,88.7749351428571,1,0.0,0,84.17588,79.6346937142857,26.3023808571429,27.4285714285714,1,,,,,84595
2018-01-28,201805,10.0,10,10,10,0.39966378,1.613921,0,2,291080020180519589,2023-08-20,Feira de Santana,0.8971995,619609,24.5714285714286,87.9258051428571,1,0.0,0,80.9138161428571,73.4426727142857,26.2464282857143,27.7142857142857,2,,,,,84595
2018-01-21,201804,9.0,9,9,9,0.033744693,1.452529,0,2,291080020180419589,2023-08-20,Feira de Santana,0.49157023,619609,24.1428571428571,87.254198,1,0.0,0,76.4312257142857,66.4672804285714,26.5321425714286,28.5714285714286,4,,,,,84595
2018-01-14,201803,9.0,9,9,9,0.0045350892,1.452529,0,2,291080020180319589,2023-08-20,Feira de Santana,0.38480487,619609,25.1428571428571,84.33767,1,0.0,0,77.7829528571429,72.0834772857143,26.4559522857143,27.4285714285714,7,,,,,84595
2018-01-07,201802,9.0,9,9,9,0.08296593,1.452529,0,2,291080020180219589,2023-08-20,Feira de Santana,0.5722432,619609,23.8571428571429,90.9935242857143,1,0.0,0,76.7512887142857,66.7218865714286,26.9357142857143,29.4285714285714,7,,,,,84595
2017-12-31,201801,49.0,49,49,49,1.0,7.908213,0,2,291080020180119589,2023-08-20,Feira de Santana,6.125498,619609,24.4285714285714,91.0687408571429,1,1.0,1,86.3496794285714,81.5188528571429,25.4857142857143,26.2857142857143,7,,,,,84595
2017-12-24,201752,3.0,3,3,3,0.13814917,0.4841763,0,2,291080020175219589,2023-08-20,Feira de Santana,0.4920297,619609,24.5714285714286,82.7599562857143,1,0.0,0,76.6821505714286,72.8395598571429,25.6535714285714,26.5714285714286,2,,,,,84595
2017-12-17,201751,8.0,8,8,8,0.607184,1.2911369,0,2,291080020175119589,2023-08-20,Feira de Santana,1.14664,619609,24.8571428571429,85.8233488571429,1,0.0,0,78.2988792857143,71.1917054285714,26.1464285714286,27.4285714285714,6,,,,,84595
2017-12-10,201750,4.0,4,4,4,0.13997994,0.64556843,0,2,291080020175019589,2023-08-20,Feira de Santana,0.53335446,619609,24.2857142857143,89.5748285714286,1,0.0,0,81.8501365714286,71.8826642857143,25.8168828571429,27.7142857142857,1,,,,,84595
2017-12-03,201749,8.0,8,8,8,0.6480597,1.2911369,0,2,291080020174919589,2023-08-20,Feira de Santana,1.2138648,619609,25.0,90.327638,1,0.0,0,86.0314912857143,80.4351011428571,25.6292517142857,26.8571428571429,6,,,,,84595
2017-11-26,201748,8.0,8,8,8,0.86215186,1.2911369,0,1,291080020174819589,2023-08-20,Feira de Santana,1.8465106,619609,23.8571428571429,87.1285042857143,1,0.0,0,75.7460757142857,62.6148532857143,26.4761905714286,29.1428571428571,6,,,,,84595
2017-11-19,201747,8.0,8,8,8,0.9641259,1.2911369,0,1,291080020174719589,2023-08-20,Feira de Santana,3.1442518,619609,23.7142857142857,90.1900842857143,1,0.0,0,79.1923931428571,68.2019688571429,26.3095237142857,29.0,5,,,,,84595
2017-11-12,201746,4.0,4,4,4,0.68693346,0.64556843,0,1,291080020174619589,2023-08-20,Feira de Santana,1.4240534,619609,22.0,91.290415,0,0.0,0,76.425383,61.8224235,25.229167,28.0,2,,,,,84595
2017-11-05,201745,1.0,1,1,1,0.028639985,0.16139211,0,1,291080020174519589,2023-08-20,Feira de Santana,0.19509053,619609,22.04,,0,0.0,0,,,,,0,,,,,84595
2017-10-29,201744,2.0,2,2,2,0.020567698,0.32278422,0,1,291080020174419589,2023-08-20,Feira de Santana,0.2527562,619609,22.08,,0,0.0,0,,,,,1,,,,,84595
2017-10-22,201743,4.0,4,4,4,0.07468205,0.64556843,0,1,291080020174319589,2023-08-20,Feira de Santana,0.4469667,619609,22.12,,0,0.0,0,,,,,2,,,,,84595
2017-10-15,201742,10.0,10,10,10,0.6039972,1.613921,0,1,291080020174219589,2023-08-20,Feira de Santana,1.1261684,619609,22.16,,0,0.0,0,,,,,6,,,,,84595
2017-10-08,201741,10.0,10,10,10,0.5899099,1.613921,0,1,291080020174119589,2023-08-20,Feira de Santana,1.1073968,619609,22.2,,0,0.0,0,,,,,6,,,,,84595
2017-10-01,201740,7.0,7,7,7,0.29497045,1.1297448,0,1,291080020174019589,2023-08-20,Feira de Santana,0.7689135,619609,22.24,,0,0.0,0,,,,,0,,,,,84595
2017-09-24,201739,11.0,11,11,11,0.50290346,1.7753131,0,1,291080020173919589,2023-08-20,Feira de Santana,1.0030518,619609,22.28,,0,0.0,0,,,,,6,,,,,84595
2017-09-17,201738,8.0,8,8,8,0.12252789,1.2911369,0,1,291080020173819589,2023-08-20,Feira de Santana,0.6050991,619609,22.32,,0,0.0,0,,,,,6,,,,,84595
2017-09-10,201737,7.0,7,7,7,0.16491255,1.1297448,0,1,291080020173719589,2023-08-20,Feira de Santana,0.63502973,619609,22.36,,0,0.0,0,,,,,4,,,,,84595
2017-09-03,201736,21.0,21,21,21,0.99560493,3.389234,0,1,291080020173619589,2023-08-20,Feira de Santana,2.7967615,619609,22.4,85.6,0,0.0,0,77.8521588,68.2,23.2563636,24.2,12,,,,,84595
2017-08-27,201735,10.0,10,10,10,0.80407494,1.613921,0,2,291080020173519589,2023-08-20,Feira de Santana,1.5127562,619609,23.1428571428571,69.0,1,0.0,0,63.1981808,55.8,23.9692642857143,24.8571428571429,6,,,,,84595
2017-08-20,201734,5.0,5,5,5,0.2939118,0.8069605,0,1,291080020173419589,2023-08-20,Feira de Santana,0.73615265,619609,23.8571428571429,78.0,1,0.0,0,71.19091,61.3333333333333,24.6437228571429,25.2857142857143,3,,,,,84595
2017-08-13,201733,6.0,6,6,6,0.48347822,0.9683526,0,1,291080020173319589,2023-08-20,Feira de Santana,0.97728944,619609,23.1428571428571,74.2857142857143,1,0.0,0,66.0793651428571,56.5714285714286,23.8398267142857,24.5714285714286,3,,,,,84595
2017-08-06,201732,9.0,9,9,9,0.7396294,1.452529,0,1,291080020173219589,2023-08-20,Feira de Santana,1.3758456,619609,20.8571428571429,81.8571428571429,0,0.0,0,78.2085491428571,71.0,21.400397,22.0,7,,,,,84595
2017-07-30,201731,5.0,5,5,5,0.21186878,0.8069605,0,1,291080020173119589,2023-08-20,Feira de Santana,0.64502513,619609,19.4285714285714,87.7142857142857,0,0.0,0,80.5507935714286,72.4285714285714,20.6320345714286,21.7142857142857,4,,,,,84595
2017-07-23,201730,4.0,4,4,4,0.18721433,0.64556843,0,1,291080020173019589,2023-08-20,Feira de Santana,0.5893571,619609,22.1428571428571,75.2857142857143,0,0.0,0,70.1343434285714,62.5714285714286,22.5222584285714,23.0,1,,,,,84595
2017-07-16,201729,12.0,12,12,12,0.97381413,1.9367052,0,1,291080020172919589,2023-08-20,Feira de Santana,2.678023,619609,21.2857142857143,83.1428571428571,0,0.0,0,76.2503622857143,67.7142857142857,22.0461762857143,22.7142857142857,2,,,,,84595
2017-07-09,201728,6.0,6,6,6,0.8665054,0.9683526,0,1,291080020172819589,2023-08-20,Feira de Santana,2.0796168,619609,21.5714285714286,85.0,0,0.0,0,75.9795101428571,64.7142857142857,22.3204908571429,23.0,3,,,,,84595
2017-07-02,201727,5.0,5,5,5,0.6766046,0.8069605,0,1,291080020172719589,2023-08-20,Feira de Santana,1.34629,619609,21.7142857142857,77.1428571428571,0,0.0,0,69.5253967142857,59.4285714285714,22.5603175714286,23.1428571428571,2,,,,,84595
2017-06-25,201726,1.0,1,1,1,0.014283136,0.16139211,0,1,291080020172619589,2023-08-20,Feira de Santana,0.16314429,619609,21.4285714285714,85.5714285714286,0,0.0,0,76.8739162857143,67.7142857142857,22.8476548571429,23.5714285714286,0,,,,,84595
2017-06-18,201725,2.0,2,2,2,0.02481477,0.32278422,0,1,291080020172519589,2023-08-20,Feira de Santana,0.2633336,619609,22.2857142857143,80.8571428571429,0,0.0,0,71.9541127142857,62.2857142857143,23.4148631428571,24.0,1,,,,,84595
2017-06-11,201724,8.0,8,8,8,0.5156785,1.2911369,0,1,291080020172419589,2023-08-20,Feira de Santana,1.0194207,619609,23.7142857142857,77.7142857142857,1,0.0,0,72.3656751428571,64.1428571428571,24.0909721428571,24.7142857142857,3,,,,,84595
2017-06-04,201723,8.0,8,8,8,0.4719266,1.2911369,0,1,291080020172319589,2023-08-20,Feira de Santana,0.96654415,619609,22.0,91.5714285714286,0,0.0,0,84.9827251428571,77.5714285714286,23.0864151428571,23.8571428571429,2,,,,,84595
2017-05-28,201722,8.0,8,8,8,0.346058,1.2911369,0,1,291080020172219589,2023-08-20,Feira de Santana,0.83143026,619609,21.7142857142857,94.2857142857143,0,0.0,0,84.1070728571429,73.5714285714286,22.7887447142857,23.8571428571429,2,,,,,84595
2017-05-21,201721,7.0,7,7,7,0.20297082,1.1297448,0,1,291080020172119589,2023-08-20,Feira de Santana,0.6750818,619609,23.8571428571429,82.5714285714286,1,0.0,0,75.5067094285714,68.1428571428571,24.2709957142857,24.7142857142857,4,,,,,84595
2017-05-14,201720,10.0,10,10,10,0.63775903,1.613921,0,1,291080020172019589,2023-08-20,Feira de Santana,1.173985,619609,22.2857142857143,96.5714285714286,0,0.0,0,86.580938,77.1428571428571,23.5659902857143,24.5714285714286,4,,,,,84595
2017-05-07,201719,12.0,12,12,12,0.9521249,1.9367052,0,1,291080020171919589,2023-08-20,Feira de Santana,2.2520177,619609,22.7142857142857,89.1428571428571,0,0.0,0,77.9846942857143,61.7142857142857,24.4800845714286,25.5714285714286,4,,,,,84595
2017-04-30,201718,11.0,11,11,11,0.95556235,1.7753131,0,2,291080020171819589,2023-08-20,Feira de Santana,2.4048512,619609,24.4285714285714,85.2857142857143,1,0.0,0,76.627006,67.1428571428571,25.5090742857143,26.4285714285714,2,,,,,84595
2017-04-23,201717,2.0,2,2,2,0.10443457,0.32278422,0,2,291080020171719589,2023-08-20,Feira de Santana,0.39340144,619609,25.7142857142857,85.4285714285714,1,0.0,0,77.9899348571429,68.0,26.5604165714286,27.4285714285714,0,,,,,84595
2017-04-16,201716,3.0,3,3,3,0.33891532,0.4841763,0,2,291080020171619589,2023-08-20,Feira de Santana,0.74339306,619609,24.4285714285714,89.5714285714286,1,0.0,0,81.5408194285714,71.0,25.4468617142857,26.4285714285714,2,,,,,84595
2017-04-09,201715,9.0,9,9,9,0.966027,1.452529,0,2,291080020171519589,2023-08-20,Feira de Santana,2.959806,619609,25.5714285714286,82.5714285714286,1,0.0,0,74.9139694285714,59.1428571428571,26.7655557142857,27.5714285714286,5,,,,,84595
2017-04-02,201714,2.0,2,2,2,0.31098476,0.32278422,0,2,291080020171419589,2023-08-20,Feira de Santana,0.66448444,619609,24.5714285714286,88.8571428571429,1,0.0,0,79.3608762857143,67.4285714285714,25.9771914285714,27.2857142857143,1,,,,,84595
2017-03-26,201713,3.0,3,3,3,0.3457605,0.4841763,0,2,291080020171319589,2023-08-20,Feira de Santana,0.7527617,619609,25.0,87.2857142857143,1,0.0,0,78.6465085714286,64.2857142857143,26.3357954285714,27.4285714285714,2,,,,,84595
2017-03-19,201712,3.0,3,3,3,0.23652636,0.4841763,0,2,291080020171219589,2023-08-20,Feira de Santana,0.6121723,619609,26.0,80.5714285714286,1,0.0,0,75.2384914285714,67.2857142857143,26.7919178571429,27.8571428571429,1,,,,,84595
2017-03-12,201711,2.0,2,2,2,0.18319963,0.32278422,0,2,291080020171119589,2023-08-20,Feira de Santana,0.4945574,619609,24.4285714285714,85.2857142857143,1,0.0,0,77.1370128571429,67.0,25.9348911428571,26.8571428571429,2,,,,,84595
2017-03-05,201710,9.0,9,9,9,0.9543921,1.452529,0,2,291080020171019589,2023-08-20,Feira de Santana,2.6642392,619609,25.0,81.2857142857143,1,0.0,0,70.5985577142857,60.5714285714286,26.5607501428571,27.4285714285714,5,,,,,84595
2017-02-26,201709,2.0,2,2,2,0.21327251,0.32278422,0,2,291080020170919589,2023-08-20,Feira de Santana,0.53280383,619609,25.2857142857143,82.1428571428571,1,0.0,0,74.5619778571429,65.8571428571429,26.4790134285714,27.7142857142857,1,,,,,84595
2017-02-19,201708,3.0,3,3,3,0.26930758,0.4841763,0,2,291080020170819589,2023-08-20,Feira de Santana,0.65274763,619609,24.8571428571429,82.0,1,0.0,0,73.3383022857143,60.4285714285714,26.4192725714286,28.7142857142857,3,,,,,84595
2017-02-12,201707,4.0,4,4,4,0.27546382,0.64556843,0,2,291080020170719589,2023-08-20,Feira de Santana,0.6919535,619609,25.1428571428571,80.1428571428571,1,0.0,0,71.9588284285714,61.5714285714286,26.3298612857143,27.2857142857143,4,,,,,84595
2017-02-05,201706,4.0,4,4,4,0.17505823,0.64556843,0,2,291080020170619589,2023-08-20,Feira de Santana,0.5751635,619609,25.8571428571429,77.0,1,0.0,0,72.2388734285714,64.8571428571429,26.606009,27.4285714285714,0,,,,,84595
2017-01-29,201705,6.0,6,6,6,0.34349498,0.9683526,0,2,291080020170519589,2023-08-20,Feira de Santana,0.8075691,619609,24.7142857142857,82.4285714285714,1,0.0,0,74.2579371428571,63.8571428571429,26.1220237142857,27.2857142857143,4,,,,,84595
2017-01-22,201704,7.0,7,7,7,0.4090983,1.1297448,0,2,291080020170419589,2023-08-20,Feira de Santana,0.8904469,619609,25.4285714285714,79.0,1,0.0,0,71.0982142857143,60.1428571428571,26.5848214285714,27.8571428571429,2,,,,,84595
2017-01-15,201703,9.0,9,9,9,0.4158072,1.452529,0,2,291080020170319589,2023-08-20,Feira de Santana,0.90871865,619609,24.7142857142857,81.1428571428571,1,0.0,0,72.2326391428571,61.7142857142857,26.0173608571429,27.2857142857143,5,,,,,84595
2017-01-08,201702,5.0,5,5,5,0.063490815,0.8069605,0,2,291080020170219589,2023-08-20,Feira de Santana,0.46141818,619609,24.5714285714286,83.2857142857143,1,0.0,0,75.2193178571429,66.1428571428571,25.7078982857143,26.8571428571429,2,,,,,84595
2017-01-01,201701,10.0,10,10,10,0.6338786,1.613921,0,2,291080020170119589,2023-08-20,Feira de Santana,1.1682662,619609,24.7142857142857,82.7142857142857,1,0.0,0,73.6007582857143,61.2857142857143,25.9721425714286,27.2857142857143,4,,,,,84595
2016-12-25,201652,16.0,16,16,16,0.9697913,2.5822737,0,2,291080020165219589,2023-08-20,Feira de Santana,2.2128232,619609,25.0,81.4285714285714,1,0.0,0,74.2534724285714,66.0,26.1309522857143,27.2857142857143,9,,,,,84595
2016-12-18,201651,6.0,6,6,6,0.22774406,0.9683526,0,2,291080020165119589,2023-08-20,Feira de Santana,0.6834132,619609,24.5714285714286,85.5714285714286,1,0.0,0,76.408758,65.4285714285714,25.7372025714286,26.7142857142857,3,,,,,84595
2016-12-11,201650,5.0,5,5,5,0.08509659,0.8069605,0,2,291080020165019589,2023-08-20,Feira de Santana,0.4935116,619609,24.8571428571429,83.0,1,0.0,0,76.3169658571429,68.5714285714286,25.7574405714286,26.5714285714286,4,,,,,84595
2016-12-04,201649,9.0,9,9,9,0.49393645,1.452529,0,2,291080020164919589,2023-08-20,Feira de Santana,0.9930356,619609,24.4285714285714,85.4285714285714,1,0.0,0,78.0532821428571,68.8571428571429,25.7767215714286,27.0,7,,,,,84595
2016-11-27,201648,13.0,13,13,13,0.86669034,2.0980973,0,2,291080020164819589,2023-08-20,Feira de Santana,1.6186062,619609,23.2857142857143,89.1428571428571,1,0.0,0,79.1841148571429,67.4285714285714,25.0636454285714,26.4285714285714,8,,,,,84595
2016-11-20,201647,9.0,9,9,9,0.51642126,1.452529,0,2,291080020164719589,2023-08-20,Feira de Santana,1.0192319,619609,23.8571428571429,88.2857142857143,1,0.0,0,81.0576385714286,73.8571428571429,24.7574405714286,25.5714285714286,6,,,,,84595
2016-11-13,201646,5.0,5,5,5,0.082744546,0.8069605,0,2,291080020164619589,2023-08-20,Feira de Santana,0.49020123,619609,24.8571428571429,84.8571428571429,1,0.0,0,78.2581284285714,68.5714285714286,26.0693798571429,27.5714285714286,2,,,,,84595
2016-11-06,201645,11.0,11,11,11,0.45302746,1.7753131,0,2,291080020164519589,2023-08-20,Feira de Santana,0.9523735,619609,24.1428571428571,85.4285714285714,1,0.0,0,76.8759992857143,67.1428571428571,25.296286,26.2857142857143,10,,,,,84595
2016-10-30,201644,8.0,8,8,8,0.2163674,1.2911369,0,2,291080020164419589,2023-08-20,Feira de Santana,0.7036391,619609,24.1428571428571,84.8571428571429,1,0.0,0,76.5196087142857,67.5714285714286,25.1886088571429,26.2857142857143,5,,,,,84595
2016-10-23,201643,14.0,14,14,14,0.78242564,2.2594895,0,2,291080020164319589,2023-08-20,Feira de Santana,1.3682128,619609,24.0,81.0,1,0.0,0,74.5873011428571,65.8571428571429,25.0666664285714,26.1428571428571,8,,,,,84595
2016-10-16,201642,12.0,12,12,12,0.7071017,1.9367052,0,2,291080020164219589,2023-08-20,Feira de Santana,1.2600389,619609,23.5714285714286,86.1428571428571,1,0.0,0,78.998017,69.8571428571429,24.7504951428571,25.8571428571429,7,,,,,84595
2016-10-09,201641,9.0,9,9,9,0.5628481,1.452529,0,2,291080020164119589,2023-08-20,Feira de Santana,1.0769755,619609,24.5714285714286,84.1428571428571,1,0.0,0,77.169238,69.1428571428571,25.3092531428571,26.8571428571429,5,,,,,84595
2016-10-02,201640,10.0,10,10,10,0.82254976,1.613921,0,1,291080020164019589,2023-08-20,Feira de Santana,1.5701909,619609,23.7142857142857,87.5714285714286,1,0.0,0,80.7365251428571,71.8571428571429,24.8620547142857,26.4285714285714,4,,,,,84595
2016-09-25,201639,10.0,10,10,10,0.8827313,1.613921,0,1,291080020163919589,2023-08-20,Feira de Santana,1.8233631,619609,23.5714285714286,88.7142857142857,1,0.0,0,80.6716737142857,71.4285714285714,24.6964285714286,25.7142857142857,6,,,,,84595
2016-09-18,201638,5.0,5,5,5,0.4140675,0.8069605,0,1,291080020163819589,2023-08-20,Feira de Santana,0.87998486,619609,22.8571428571429,85.0,0,0.0,0,78.4789697142857,69.8571428571429,23.9813994285714,25.2857142857143,2,,,,,84595
2016-09-11,201637,4.0,4,4,4,0.25006482,0.64556843,0,1,291080020163719589,2023-08-20,Feira de Santana,0.66219,619609,23.0,82.8571428571429,0,0.0,0,75.9409091428571,67.1428571428571,24.0438311428571,25.4285714285714,2,,,,,84595
2016-09-04,201636,8.0,8,8,8,0.5719906,1.2911369,0,1,291080020163619589,2023-08-20,Feira de Santana,1.094487,619609,23.5714285714286,76.5714285714286,1,0.0,0,67.8265697142857,58.2857142857143,24.3530845714286,25.5714285714286,4,,,,,84595
2016-08-28,201635,3.0,3,3,3,0.050891414,0.4841763,0,1,291080020163519589,2023-08-20,Feira de Santana,0.36846286,619609,22.4285714285714,87.4285714285714,0,0.0,0,75.1229294285714,63.4285714285714,23.946298,25.5714285714286,2,,,,,84595
2016-08-21,201634,9.0,9,9,9,0.5077177,1.452529,0,1,291080020163419589,2023-08-20,Feira de Santana,1.0089693,619609,22.5714285714286,88.5714285714286,0,0.0,0,77.7303834285714,65.8571428571429,23.6492808571429,25.0,5,,,,,84595
2016-08-14,201633,9.0,9,9,9,0.36463526,1.452529,0,1,291080020163319589,2023-08-20,Feira de Santana,0.8575638,619609,21.8571428571429,86.7142857142857,0,0.0,0,78.3603885714286,65.4285714285714,23.2589285714286,24.8571428571429,8,,,,,84595
2016-08-07,201632,6.0,6,6,6,0.14165927,0.9683526,0,1,291080020163219589,2023-08-20,Feira de Santana,0.58948135,619609,21.1428571428571,87.8571428571429,0,0.0,0,75.0710217142857,57.8571428571429,22.9504874285714,24.7142857142857,3,,,,,84595
2016-07-31,201631,13.0,13,13,13,0.8115929,2.0980973,0,1,291080020163119589,2023-08-20,Feira de Santana,1.4524776,619609,22.4285714285714,83.7142857142857,0,0.0,0,71.155168,57.7142857142857,24.1984574285714,25.4285714285714,5,,,,,84595
2016-07-24,201630,13.0,13,13,13,0.7662376,2.0980973,0,1,291080020163019589,2023-08-20,Feira de Santana,1.3520157,619609,22.7142857142857,81.5714285714286,0,0.0,0,70.3403242857143,59.8571428571429,24.4462035714286,25.2857142857143,6,,,,,84595
2016-07-17,201629,3.0,3,3,3,0.025823154,0.4841763,0,1,291080020162919589,2023-08-20,Feira de Santana,0.31743205,619609,22.7142857142857,84.7142857142857,0,0.0,0,75.1935868571429,65.7142857142857,23.9492697142857,24.8571428571429,2,,,,,84595
2016-07-10,201628,14.0,14,14,14,0.85015005,2.2594895,0,1,291080020162819589,2023-08-20,Feira de Santana,1.5346736,619609,21.4285714285714,85.5714285714286,0,0.0,0,75.4796621428571,64.0,23.1550328571429,24.7142857142857,7,,,,,84595
2016-07-03,201627,9.0,9,9,9,0.32213148,1.452529,0,1,291080020162719589,2023-08-20,Feira de Santana,0.8165883,619609,22.4285714285714,86.8571428571429,0,0.0,0,76.8825477142857,66.4285714285714,24.1694808571429,25.2857142857143,1,,,,,84595
2016-06-26,201626,7.0,7,7,7,0.07745292,1.1297448,0,2,291080020162619589,2023-08-20,Feira de Santana,0.5299982,619609,23.2857142857143,82.5714285714286,1,0.0,0,71.8039475714286,60.8571428571429,24.4750104285714,25.5714285714286,3,,,,,84595
2016-06-19,201625,10.0,10,10,10,0.30073884,1.613921,0,2,291080020162519589,2023-08-20,Feira de Santana,0.8048324,619609,23.7142857142857,80.5714285714286,1,0.0,0,72.1095228571428,62.1428571428571,24.8913417142857,26.1428571428571,5,,,,,84595
2016-06-12,201624,17.0,17,17,17,0.8911305,2.7436657,0,1,291080020162419589,2023-08-20,Feira de Santana,1.5967079,619609,23.4285714285714,81.5714285714286,1,0.0,0,71.2029211428572,59.5714285714286,24.9235662857143,26.0,11,,,,,84595
2016-06-05,201623,13.0,13,13,13,0.6621968,2.0980973,0,1,291080020162319589,2023-08-20,Feira de Santana,1.1831951,619609,23.1428571428571,91.0,1,0.0,0,84.616882,75.0,24.1810062857143,25.8571428571429,3,,,,,84595
2016-05-29,201622,8.0,8,8,8,0.118909985,1.2911369,0,1,291080020162219589,2023-08-20,Feira de Santana,0.6009161,619609,22.5714285714286,89.4285714285714,0,0.0,0,81.878928,71.7142857142857,24.1885207142857,26.0,7,,,,,84595
2016-05-22,201621,11.0,11,11,11,0.16615175,1.7753131,0,2,291080020162119589,2023-08-20,Feira de Santana,0.6901124,619609,24.1428571428571,87.8571428571429,1,0.0,0,78.288798,68.4285714285714,25.2827108571429,26.2857142857143,2,,,,,84595
2016-05-15,201620,12.0,12,12,12,0.21273285,1.9367052,0,2,291080020162019589,2023-08-20,Feira de Santana,0.7426357,619609,23.2857142857143,89.2857142857143,1,0.0,0,80.9021911428571,70.8571428571429,24.6826877142857,26.0,1,,,,,84595
2016-05-08,201619,18.0,18,18,18,0.70838976,2.905058,0,2,291080020161919589,2023-08-20,Feira de Santana,1.2084417,619609,24.4285714285714,80.1428571428571,1,0.0,0,70.2577102857143,58.2857142857143,25.9618505714286,27.4285714285714,6,,,,,84595
2016-05-01,201618,19.0,19,19,19,0.68790597,3.0664499,0,2,291080020161819589,2023-08-20,Feira de Santana,1.1777743,619609,23.7142857142857,88.0,1,0.0,0,81.2258397142857,72.7142857142857,25.0068544285714,26.4285714285714,4,,,,,84595
2016-04-24,201617,11.0,11,11,11,0.078853995,1.7753131,0,2,291080020161719589,2023-08-20,Feira de Santana,0.5938116,619609,24.7142857142857,82.0,1,0.0,0,73.4446808571429,62.4285714285714,26.1008992857143,27.5714285714286,1,,,,,84595
2016-04-17,201616,15.0,15,15,15,0.18361782,2.4208815,0,2,291080020161619589,2023-08-20,Feira de Santana,0.73956305,619609,24.4285714285714,82.4285714285714,1,0.0,0,67.8887477142857,54.0,26.8722797142857,28.8571428571429,10,,,,,84595
2016-04-10,201615,23.0,23,23,23,0.60551697,3.7120185,0,2,291080020161519589,2023-08-20,Feira de Santana,1.0830264,619609,24.8571428571429,84.5714285714286,1,0.0,0,68.4621858571429,50.0,27.8988775714286,30.7142857142857,11,,,,,84595
2016-04-03,201614,14.0,14,14,14,0.2121837,2.2594895,0,2,291080020161419589,2023-08-20,Feira de Santana,0.75726557,619609,25.8571428571429,82.8571428571429,1,0.0,0,75.5478908571429,64.8571428571429,27.0495131428571,28.5714285714286,9,,,,,84595
2016-03-27,201613,31.0,31,31,31,0.97708464,5.003155,0,2,291080020161319589,2023-08-20,Feira de Santana,1.7884276,619609,25.4285714285714,85.2857142857143,1,1.0,1,76.1015962857143,67.1428571428571,26.755682,28.0,13,,,,,84595
2016-03-20,201612,14.0,14,14,14,0.115042694,2.2594895,0,2,291080020161219589,2023-08-20,Feira de Santana,0.6669857,619609,26.5714285714286,82.5714285714286,1,0.0,0,72.8890417142857,63.7142857142857,27.5333602857143,29.0,6,,,,,84595
2016-03-13,201611,14.0,14,14,14,0.019447606,2.2594895,0,2,291080020161119589,2023-08-20,Feira de Santana,0.5191484,619609,26.0,78.2857142857143,1,0.0,0,69.1237822857143,59.2857142857143,27.5296265714286,28.8571428571429,5,,,,,84595
2016-03-06,201610,21.0,21,21,21,0.04622716,3.389234,0,2,291080020161019589,2023-08-20,Feira de Santana,0.63172376,619609,25.7142857142857,79.8571428571429,1,0.0,0,71.3368511428571,61.4285714285714,27.2800322857143,28.8571428571429,6,,,,,84595
2016-02-28,201609,27.0,27,27,27,0.1267583,4.357587,0,2,291080020160919589,2023-08-20,Feira de Santana,0.750281,619609,25.8571428571429,85.2857142857143,1,0.0,1,75.7392857142857,65.7142857142857,27.24724,28.8571428571429,12,,,,,84595
2016-02-21,201608,32.0,32,32,32,0.53432244,5.1645474,0,3,291080020160819589,2023-08-20,Feira de Santana,1.0217419,619609,26.0,86.1428571428571,1,0.0,1,76.7348948571429,66.0,27.1985478571429,28.8571428571429,18,,,,,84595
2016-02-14,201607,46.0,46,46,46,0.99690163,7.424037,0,3,291080020160719589,2023-08-20,Feira de Santana,1.955531,619609,25.5714285714286,84.2857142857143,1,1.0,1,77.8387091428571,67.4285714285714,26.674603,27.8571428571429,16,,,,,84595
2016-02-07,201606,29.0,29,29,29,0.9773504,4.680371,0,2,291080020160619589,2023-08-20,Feira de Santana,1.8326758,619609,25.5714285714286,81.5714285714286,1,1.0,1,67.2182542857143,48.7142857142857,28.3427578571429,31.1428571428571,9,,,,,84595
2016-01-31,201605,25.0,25,25,25,0.99375784,4.0348024,0,2,291080020160519589,2023-08-20,Feira de Santana,2.3779871,619609,25.2857142857143,82.7142857142857,1,0.0,0,68.9739257142857,54.1428571428571,27.9754224285714,30.5714285714286,14,,,,,84595
2016-01-24,201604,15.0,15,15,15,0.9022258,2.4208815,0,2,291080020160419589,2023-08-20,Feira de Santana,1.698802,619609,25.5714285714286,86.0,1,0.0,0,79.5823407142857,70.8571428571429,26.2782737142857,27.2857142857143,1,,,,,84595
2016-01-17,201603,7.0,7,7,7,0.36150157,1.1297448,0,2,291080020160319589,2023-08-20,Feira de Santana,0.8382904,619609,24.0,88.7142857142857,1,0.0,0,82.8487105714286,73.8571428571429,24.956845,26.4285714285714,3,,,,,84595
2016-01-10,201602,9.0,9,9,9,0.59378994,1.452529,0,2,291080020160219589,2023-08-20,Feira de Santana,1.1187973,619609,25.0,87.4285714285714,1,0.0,0,81.4736571428571,73.4285714285714,26.2054534285714,27.2857142857143,1,,,,,84595
2016-01-03,201601,10.0,10,10,10,0.53709126,1.613921,0,2,291080020160119589,2023-08-20,Feira de Santana,1.0420406,619609,25.2857142857143,86.5714285714286,1,0.0,0,80.2885308571429,73.5714285714286,26.160778,27.1428571428571,3,,,,,84595
2015-12-27,201552,5.0,5,5,5,0.03777875,0.8069605,0,2,291080020155219589,2023-08-20,Feira de Santana,0.41537508,619609,25.5714285714286,80.1428571428571,1,0.0,0,72.9195464285714,63.1428571428571,26.6177032857143,27.8571428571429,2,,,,,84595
2015-12-20,201551,10.0,10,10,10,0.304109,1.613921,0,2,291080020155119589,2023-08-20,Feira de Santana,0.8079121,619609,25.7142857142857,79.2857142857143,1,0.0,0,71.1857118571429,61.4285714285714,26.5650788571429,27.7142857142857,1,,,,,84595
2015-12-13,201550,12.0,12,12,12,0.7198845,1.9367052,0,2,291080020155019589,2023-08-20,Feira de Santana,1.2815663,619609,24.1428571428571,85.8571428571429,1,0.0,0,77.172122,67.8571428571429,25.686508,27.0,6,,,,,84595
2015-12-06,201549,17.0,17,17,17,0.9771487,2.7436657,0,2,291080020154919589,2023-08-20,Feira de Santana,2.2875447,619609,24.5714285714286,86.4285714285714,1,0.0,0,77.8780422857143,67.8571428571429,26.5711567142857,29.0,8,,,,,84595
2015-11-29,201548,8.0,8,8,8,0.453539,1.2911369,0,2,291080020154819589,2023-08-20,Feira de Santana,0.94544166,619609,24.0,88.0,1,0.0,0,71.6357917142857,51.1428571428571,27.1692205714286,30.4285714285714,3,,,,,84595
2015-11-22,201547,3.0,3,3,3,0.029551258,0.4841763,0,2,291080020154719589,2023-08-20,Feira de Santana,0.32628217,619609,25.5714285714286,84.8571428571429,1,0.0,0,72.2767857142857,52.8571428571429,27.6684908571429,30.5714285714286,2,,,,,84595
2015-11-15,201546,12.0,12,12,12,0.73648244,1.9367052,0,2,291080020154619589,2023-08-20,Feira de Santana,1.3111105,619609,24.8571428571429,84.8571428571429,1,0.0,0,72.06873,53.1428571428571,27.4336104285714,30.5714285714286,8,,,,,84595
2015-11-08,201545,8.0,8,8,8,0.45354277,1.2911369,0,2,291080020154519589,2023-08-20,Feira de Santana,0.9454459,619609,24.7142857142857,79.0,1,0.0,0,66.1116071428571,46.8571428571429,27.2142857142857,30.1428571428571,7,,,,,84595
2015-11-01,201544,10.0,10,10,10,0.7341204,1.613921,0,2,291080020154419589,2023-08-20,Feira de Santana,1.3414752,619609,24.5,80.5,1,0.0,0,67.490625,50.375,27.195572875,30.0,5,,,,,84595
2015-10-25,201543,9.0,9,9,9,0.58030486,1.452529,0,2,291080020154319589,2023-08-20,Feira de Santana,1.1001986,619609,24.4285714285714,81.0,1,0.0,0,67.5125285714286,49.7142857142857,26.9114344285714,29.5714285714286,6,,,,,84595
2015-10-18,201542,7.0,7,7,7,0.121908635,1.1297448,0,2,291080020154219589,2023-08-20,Feira de Santana,0.5868408,619609,24.7142857142857,78.2857142857143,1,0.0,0,68.2241592857143,54.4285714285714,26.8843452857143,29.4285714285714,5,,,,,84595
2015-10-11,201541,5.0,5,5,5,0.007992166,0.8069605,0,1,291080020154119589,2023-08-20,Feira de Santana,0.3250763,619609,24.7142857142857,77.5714285714286,1,0.0,0,66.4513242857143,51.7142857142857,26.6923961428571,29.0,1,,,,,84595
2015-10-04,201540,12.0,12,12,12,0.27785754,1.9367052,0,1,291080020154019589,2023-08-20,Feira de Santana,0.79936326,619609,23.4285714285714,83.8571428571429,1,0.0,0,70.5660385714286,50.7142857142857,26.0537591428571,29.2857142857143,7,,,,,84595
2015-09-27,201539,19.0,19,19,19,0.8285457,3.0664499,0,1,291080020153919589,2023-08-20,Feira de Santana,1.3907894,619609,22.7142857142857,84.4285714285714,0,0.0,0,70.8660714285714,54.1428571428571,25.8883928571429,29.1428571428571,8,,,,,84595
2015-09-20,201538,17.0,17,17,17,0.64482445,2.7436657,0,1,291080020153819589,2023-08-20,Feira de Santana,1.1386846,619609,22.5714285714286,85.4285714285714,0,0.0,0,70.0625,51.4285714285714,25.7857142857143,28.5714285714286,9,,,,,84595
2015-09-13,201537,8.0,8,8,8,0.043100417,1.2911369,0,1,291080020153719589,2023-08-20,Feira de Santana,0.49356407,619609,23.1428571428571,84.1428571428571,1,0.0,0,70.8057285714286,53.2857142857143,25.3640422857143,28.1428571428571,5,,,,,84595
2015-09-06,201536,18.0,18,18,18,0.42838788,2.905058,0,1,291080020153619589,2023-08-20,Feira de Santana,0.94306463,619609,22.2857142857143,86.7142857142857,0,0.0,0,72.8220328571429,56.0,25.2074921428571,28.0,11,,,,,84595
2015-08-30,201535,17.0,17,17,17,0.06383984,2.7436657,0,1,291080020153519589,2023-08-20,Feira de Santana,0.6305861,619609,21.4285714285714,86.1428571428571,0,0.0,0,70.5063771428571,52.0,24.666454,27.5714285714286,8,,,,,84595
2015-08-23,201534,12.0,12,12,12,0.00013108559,1.9367052,0,1,291080020153419589,2023-08-20,Feira de Santana,0.32761604,619609,21.8571428571429,86.1428571428571,0,0.0,0,72.2026885714286,55.8571428571429,24.7179692857143,27.1428571428571,12,,,,,84595
2015-08-16,201533,29.0,29,29,29,0.015724003,4.680371,0,1,291080020153319589,2023-08-20,Feira de Santana,0.60879797,619609,21.7142857142857,85.5714285714286,0,0.0,1,71.2739908571429,56.7142857142857,24.2462948571429,26.5714285714286,22,,,,,84595
2015-08-09,201532,37.0,37,37,37,0.0055716126,5.971508,0,1,291080020153219589,2023-08-20,Feira de Santana,0.5966685,619609,21.7142857142857,84.7142857142857,0,0.0,1,66.7274482857143,51.1428571428571,24.2313731428571,26.7142857142857,27,,,,,84595
2015-08-02,201531,43.0,43,43,43,0.00047239903,6.9398603,0,1,291080020153119589,2023-08-20,Feira de Santana,0.5433337,619609,21.7142857142857,82.1428571428571,0,0.0,1,64.5852835714286,44.0,24.3042261428571,26.8571428571429,28,,,,,84595
2015-07-26,201530,64.0,64,64,64,0.005758511,10.329095,0,1,291080020153019589,2023-08-20,Feira de Santana,0.6684546,619609,22.7142857142857,83.0,0,0.0,1,68.8141851428571,52.1428571428571,24.8349655714286,27.2857142857143,46,,,,,84595
2015-07-19,201529,74.0,74,74,74,0.01574037,11.943016,0,1,291080020152919589,2023-08-20,Feira de Santana,0.7223674,619609,21.4285714285714,87.8571428571429,0,0.0,1,71.5739971428571,54.4285714285714,24.268544,27.0,45,,,,,84595
2015-07-12,201528,105.0,105,105,105,0.7030865,16.94617,0,1,291080020152819589,2023-08-20,Feira de Santana,1.0777093,619609,22.4285714285714,90.0,0,0.0,1,72.121432,55.7142857142857,24.7833357142857,27.4285714285714,60,,,,,84595
2015-07-05,201527,110.0,110,110,110,0.811797,17.753132,0,1,291080020152719589,2023-08-20,Feira de Santana,1.1305907,619609,22.5714285714286,90.1428571428571,0,0.0,1,77.4641278571429,60.7142857142857,24.8107645714286,27.1428571428571,80,,,,,84595
2015-06-28,201526,103.0,103,103,103,0.28236896,16.623386,0,1,291080020152619589,2023-08-20,Feira de Santana,0.9244784,619609,23.0,87.0,0,0.0,1,73.7072654285714,58.2857142857143,24.9338085714286,27.4285714285714,77,,,,,84595
2015-06-21,201525,67.0,67,67,67,6.7485395e-05,10.813271,0,1,291080020152519589,2023-08-20,Feira de Santana,0.56524175,619609,22.7142857142857,88.7142857142857,0,0.0,1,73.1614114285714,56.1428571428571,24.9407468571429,27.4285714285714,45,,,,,84595
2015-06-14,201524,135.0,135,135,135,0.8345649,21.787933,0,2,291080020152419589,2023-08-20,Feira de Santana,1.1295416,619609,23.2857142857143,86.5714285714286,1,0.0,1,72.1217928571429,54.4285714285714,25.5232268571429,27.8571428571429,98,,,,,84595
2015-06-07,201523,121.0,121,121,121,0.26543233,19.528444,0,2,291080020152319589,2023-08-20,Feira de Santana,0.9241636,619609,23.2857142857143,89.4285714285714,1,0.0,1,76.4171134285714,61.1428571428571,25.4421212857143,28.0,91,,,,,84595
2015-05-31,201522,110.0,110,110,110,0.0030162723,17.753132,0,2,291080020152219589,2023-08-20,Feira de Santana,0.7120619,619609,23.4285714285714,90.2857142857143,1,0.0,1,74.5224214285714,58.2857142857143,25.970449,28.5714285714286,83,,,,,84595
2015-05-24,201521,123.0,123,123,123,0.00074610737,19.851229,0,4,291080020152119589,2023-08-20,Feira de Santana,0.6915509,619609,23.8571428571429,85.0,1,0.0,1,73.1597571428571,57.7142857142857,26.1731411428571,28.7142857142857,96,,,,,84595
2015-05-17,201520,157.0,157,157,157,0.10936896,25.33856,0,4,291080020152019589,2023-08-20,Feira de Santana,0.8745276,619609,23.5714285714286,88.7142857142857,1,0.0,2,73.2592574285714,56.0,26.0750967142857,28.0,116,,,,,84595
2015-05-10,201519,180.0,180,180,180,0.94135445,29.05058,0,4,291080020151919589,2023-08-20,Feira de Santana,1.1878437,619609,23.4285714285714,92.5714285714286,1,0.0,2,79.0923028571429,62.5714285714286,25.8918162857143,28.5714285714286,115,,,,,84595
2015-05-03,201518,222.0,222,222,222,0.9999999,35.82905,0,1,291080020151819589,2023-08-20,Feira de Santana,1.758793,619609,23.0,91.8571428571429,0,1.0,2,76.4100342857143,61.0,26.2576924285714,28.8571428571429,142,,,,,84595
2015-04-26,201517,133.0,133,133,133,0.913566,21.465149,0,2,291080020151719589,2023-08-20,Feira de Santana,1.190405,619609,23.2857142857143,92.5714285714286,1,0.0,1,80.2065948571429,63.5714285714286,25.5124037142857,27.8571428571429,83,,,,,84595
2015-04-19,201516,114.0,114,114,114,0.9212089,18.3987,0,2,291080020151619589,2023-08-20,Feira de Santana,1.2167758,619609,24.5714285714286,87.5714285714286,1,0.0,1,73.4424248571429,56.5714285714286,27.6243288571429,30.2857142857143,78,,,,,84595
2015-04-12,201515,131.0,131,131,131,0.9998554,21.142366,0,2,291080020151519589,2023-08-20,Feira de Santana,1.660979,619609,24.8571428571429,86.0,1,1.0,1,69.9063165714286,55.0,27.614179,29.7142857142857,100,,,,,84595
2015-04-05,201514,84.0,84,84,84,0.8159603,13.556936,0,2,291080020151419589,2023-08-20,Feira de Santana,1.1543962,619609,24.7142857142857,86.4285714285714,1,0.0,1,73.1428798571429,56.0,27.194317,29.4285714285714,49,,,,,84595
2015-03-29,201513,75.0,75,75,75,0.71720666,12.104407,0,2,291080020151319589,2023-08-20,Feira de Santana,1.1005619,619609,23.7142857142857,78.8571428571429,1,0.0,1,63.1960828571429,46.8571428571429,27.41754,29.8571428571429,55,,,,,84595
2015-03-22,201512,71.0,71,71,71,0.8846112,11.458839,0,3,291080020151219589,2023-08-20,Feira de Santana,1.2353456,619609,25.2857142857143,83.2857142857143,1,0.0,1,70.5506211428571,51.1428571428571,27.638903,30.1428571428571,45,,,,,84595
2015-03-15,201511,76.0,76,76,76,0.9982987,12.2657995,0,3,291080020151119589,2023-08-20,Feira de Santana,1.7196484,619609,24.4285714285714,83.4285714285714,1,1.0,1,66.2953457142857,50.8571428571429,27.8152767142857,30.4285714285714,44,,,,,84595
2015-03-08,201510,59.0,59,59,59,0.99695945,9.522134,0,3,291080020151019589,2023-08-20,Feira de Santana,1.7884614,619609,24.4285714285714,82.7142857142857,1,1.0,1,67.6866362857143,52.2857142857143,27.5774172857143,30.1428571428571,43,,,,,84595
2015-03-01,201509,40.0,40,40,40,0.9757139,6.455684,0,3,291080020150919589,2023-08-20,Feira de Santana,1.6420181,619609,24.0,84.0,1,1.0,1,70.5304935714286,57.7142857142857,27.2439815714286,29.8571428571429,26,,,,,84595
2015-02-22,201508,36.0,36,36,36,0.9580934,5.810116,0,2,291080020150819589,2023-08-20,Feira de Santana,1.5731971,619609,23.1428571428571,88.2857142857143,1,1.0,1,75.4448234285714,57.7142857142857,26.2898837142857,29.4285714285714,28,,,,,84595
2015-02-15,201507,20.0,20,20,20,0.16239816,3.227842,0,2,291080020150719589,2023-08-20,Feira de Santana,0.75036323,619609,24.4285714285714,85.7142857142857,1,0.0,0,72.8478,56.5714285714286,27.0195354285714,29.4285714285714,13,,,,,84595
2015-02-08,201506,14.0,14,14,14,0.04523431,2.2594895,0,3,291080020150619589,2023-08-20,Feira de Santana,0.5762283,619609,24.8571428571429,81.7142857142857,1,0.0,0,69.4419758571429,53.0,27.5194694285714,30.0,12,,,,,84595
2015-02-01,201505,37.0,37,37,37,0.996649,5.971508,0,3,291080020150519589,2023-08-20,Feira de Santana,2.127831,619609,25.1428571428571,79.8571428571429,1,1.0,1,68.6162157142857,53.4285714285714,27.6203915714286,30.1428571428571,25,,,,,84595
2015-01-25,201504,28.0,28,28,28,0.9768711,4.518979,0,2,291080020150419589,2023-08-20,Feira de Santana,1.8495598,619609,24.7142857142857,82.5714285714286,1,1.0,1,68.5227112857143,51.5714285714286,27.4216672857143,30.0,13,,,,,84595
2015-01-18,201503,11.0,11,11,11,0.20442818,1.7753131,0,2,291080020150319589,2023-08-20,Feira de Santana,0.7262274,619609,25.1428571428571,79.0,1,0.0,0,68.2512045714286,53.2857142857143,27.2193825714286,30.0,9,,,,,84595
2015-01-11,201502,12.0,12,12,12,0.47170886,1.9367052,0,2,291080020150219589,2023-08-20,Feira de Santana,0.9721151,619609,24.4285714285714,80.2857142857143,1,0.0,0,68.1014737142857,54.0,27.226207,29.7142857142857,6,,,,,84595
2015-01-04,201501,24.0,24,24,24,0.9751876,3.8734105,0,2,291080020150119589,2023-08-20,Feira de Santana,1.9357138,619609,23.1428571428571,86.8571428571429,1,0.0,0,72.2313378571429,56.0,26.3636178571429,29.1428571428571,14,,,,,84595
2014-12-28,201453,6.0,6,6,6,0.011514214,0.9683526,0,2,291080020145319589,2023-08-20,Feira de Santana,0.3676291,619609,24.0,81.5714285714286,1,0.0,0,68.8264694285714,53.5714285714286,26.7587844285714,29.2857142857143,8,,,,,84595
2014-12-21,201452,10.0,10,10,10,0.052349962,1.613921,0,2,291080020145219589,2023-08-20,Feira de Santana,0.54169124,619609,24.0,87.2857142857143,1,0.0,0,73.1419928571429,58.2857142857143,26.4480128571429,29.0,7,,,,,84595
2014-12-14,201451,18.0,18,18,18,0.5142492,2.905058,0,2,291080020145119589,2023-08-20,Feira de Santana,1.0118749,619609,23.7142857142857,89.4285714285714,1,0.0,0,80.45598,65.8571428571429,25.5228532857143,28.0,10,,,,,84595
2014-12-07,201450,23.0,23,23,23,0.6516994,3.7120185,0,2,291080020145019589,2023-08-20,Feira de Santana,1.1244181,619609,24.1428571428571,84.7142857142857,1,0.0,0,72.2887385714286,56.5714285714286,26.4583812857143,29.0,15,,,,,84595
2014-11-30,201449,14.0,14,14,14,0.019022644,2.2594895,0,1,291080020144919589,2023-08-20,Feira de Santana,0.5178624,619609,23.8571428571429,81.0,1,0.0,0,68.0468028571429,53.1428571428571,26.328485,28.7142857142857,6,,,,,84595
2014-11-23,201448,16.0,16,16,16,0.025112975,2.5822737,0,1,291080020144819589,2023-08-20,Feira de Santana,0.5535582,619609,23.5714285714286,84.7142857142857,1,0.0,0,72.6320757142857,57.5714285714286,26.1962078571429,28.8571428571429,5,,,,,84595
2014-11-16,201447,30.0,30,30,30,0.79726195,4.841763,0,1,291080020144719589,2023-08-20,Feira de Santana,1.2529318,619609,22.8571428571429,89.5714285714286,0,0.0,1,79.3890202857143,64.7142857142857,24.5727901428571,26.1428571428571,16,,,,,84595
2014-11-09,201446,39.0,39,39,39,0.98480874,6.294292,0,2,291080020144619589,2023-08-20,Feira de Santana,1.7506847,619609,24.7142857142857,83.8571428571429,1,1.0,1,74.1591611428571,55.5714285714286,26.5557315714286,29.8571428571429,6,,,,,84595
2014-11-02,201445,17.0,17,17,17,0.106426075,2.7436657,0,2,291080020144519589,2023-08-20,Feira de Santana,0.6809579,619609,23.1428571428571,84.7142857142857,1,0.0,0,71.81234,54.8571428571429,25.6270242857143,28.2857142857143,6,,,,,84595
2014-10-26,201444,18.0,18,18,18,0.17613222,2.905058,0,2,291080020144419589,2023-08-20,Feira de Santana,0.75140935,619609,24.5714285714286,79.4285714285714,1,0.0,0,70.6002428571429,56.0,26.4357414285714,29.0,8,,,,,84595
2014-10-19,201443,30.0,30,30,30,0.887841,4.841763,0,2,291080020144319589,2023-08-20,Feira de Santana,1.4030809,619609,24.1428571428571,78.2857142857143,1,0.0,1,66.917542,52.0,26.0072167142857,28.1428571428571,20,,,,,84595
2014-10-12,201442,29.0,29,29,29,0.5955935,4.680371,0,1,291080020144219589,2023-08-20,Feira de Santana,1.0661879,619609,23.5714285714286,81.7142857142857,1,0.0,1,70.2582762857143,54.4285714285714,25.7250577142857,28.1428571428571,18,,,,,84595
2014-10-05,201441,11.0,11,11,11,1.2126989e-05,1.7753131,0,1,291080020144119589,2023-08-20,Feira de Santana,0.2752342,619609,23.2857142857143,73.0,1,0.0,0,62.9758455714286,47.4285714285714,25.0014688571429,26.8571428571429,5,,,,,84595
2014-09-28,201440,24.0,24,24,24,0.00014132322,3.8734105,0,1,291080020144019589,2023-08-20,Feira de Santana,0.43004975,619609,22.8571428571429,83.0,0,0.0,0,72.849678,58.1428571428571,25.1730325714286,27.5714285714286,14,,,,,84595
2014-09-21,201439,43.0,43,43,43,0.0010425283,6.9398603,0,1,291080020143919589,2023-08-20,Feira de Santana,0.56378263,619609,21.8571428571429,87.5714285714286,0,0.0,1,76.1206908571429,59.5714285714286,24.7383804285714,27.5714285714286,25,,,,,84595
2014-09-14,201438,49.0,49,49,49,0.00013488583,7.908213,0,1,291080020143819589,2023-08-20,Feira de Santana,0.53410035,619609,22.4285714285714,85.5714285714286,0,0.0,1,74.4737155714286,59.7142857142857,24.665963,26.7142857142857,23,,,,,84595
2014-09-07,201437,75.0,75,75,75,0.122213095,12.104407,0,3,291080020143719589,2023-08-20,Feira de Santana,0.83426785,619609,22.4285714285714,86.2857142857143,0,0.0,1,71.9711731428571,57.7142857142857,24.5566052857143,26.8571428571429,41,,,,,84595
2014-08-31,201436,111.0,111,111,111,0.9905978,17.914524,0,3,291080020143619589,2023-08-20,Feira de Santana,1.4089102,619609,22.1428571428571,92.4285714285714,0,1.0,1,77.3951625714286,61.8571428571429,25.0017281428571,27.5714285714286,51,,,,,84595
2014-08-24,201435,92.0,92,92,92,0.95320266,14.848074,0,1,291080020143519589,2023-08-20,Feira de Santana,1.301302,619609,21.4285714285714,92.4285714285714,0,1.0,1,76.918636,61.8571428571429,24.469326,27.0,63,,,,,84595
2014-08-17,201434,76.0,76,76,76,0.82237,12.2657995,0,1,291080020143419589,2023-08-20,Feira de Santana,1.1681769,619609,23.4285714285714,82.2857142857143,1,0.0,1,71.0514885714286,56.4285714285714,25.0556547142857,27.1428571428571,46,,,,,84595
2014-08-10,201433,66.0,66,66,66,0.8453697,10.651879,0,3,291080020143319589,2023-08-20,Feira de Santana,1.2028849,619609,22.7142857142857,87.8571428571429,0,0.0,1,75.0494694285714,58.8571428571429,24.2917158571429,26.1428571428571,26,,,,,84595
2014-08-03,201432,74.0,74,74,74,0.9981653,11.943016,0,3,291080020143219589,2023-08-20,Feira de Santana,1.725243,619609,21.7142857142857,90.1428571428571,0,1.0,1,74.6704214285714,57.8571428571429,24.6732082857143,27.1428571428571,30,,,,,84595
2014-07-27,201431,54.0,54,54,54,0.9742924,8.715174,0,1,291080020143119589,2023-08-20,Feira de Santana,1.5125331,619609,22.8571428571429,92.5714285714286,0,1.0,1,81.7593068571429,70.2857142857143,24.4660305714286,26.2857142857143,10,,,,,84595
2014-07-20,201430,42.0,42,42,42,0.8287315,6.778468,0,1,291080020143019589,2023-08-20,Feira de Santana,1.2429559,619609,22.4285714285714,93.5714285714286,0,0.0,1,80.5350398571429,65.0,24.8604005714286,27.2857142857143,13,,,,,84595
2014-07-13,201429,28.0,28,28,28,0.38627002,4.518979,0,1,291080020142919589,2023-08-20,Feira de Santana,0.92749244,619609,22.5714285714286,92.5714285714286,0,0.0,1,76.4193705714286,62.1428571428571,25.0206434285714,27.0,7,,,,,84595
2014-07-06,201428,40.0,40,40,40,0.9667636,6.455684,0,1,291080020142819589,2023-08-20,Feira de Santana,1.5794024,619609,22.4285714285714,88.0,0,1.0,1,74.3413008571429,58.5714285714286,25.1735311428571,27.8571428571429,8,,,,,84595
2014-06-29,201427,31.0,31,31,31,0.82333136,5.003155,0,1,291080020142719589,2023-08-20,Feira de Santana,1.2827225,619609,23.1428571428571,87.8571428571429,1,0.0,1,75.049912,60.8571428571429,25.5109394285714,27.7142857142857,6,,,,,84595
2014-06-22,201426,22.0,22,22,22,0.19448428,3.5506263,0,1,291080020142619589,2023-08-20,Feira de Santana,0.7847181,619609,22.7142857142857,91.8571428571429,0,0.0,0,78.9965137142857,63.0,24.943471,27.2857142857143,7,,,,,84595
2014-06-15,201425,22.0,22,22,22,0.04438989,3.5506263,0,1,291080020142519589,2023-08-20,Feira de Santana,0.6347173,619609,23.5714285714286,87.1428571428571,1,0.0,0,74.6244541428571,58.4285714285714,25.7862208571429,27.8571428571429,3,,,,,84595
2014-06-08,201424,26.0,26,26,26,0.066597484,4.1961946,0,1,291080020142419589,2023-08-20,Feira de Santana,0.6862223,619609,22.7142857142857,93.4285714285714,0,0.0,0,79.6478168571429,65.1428571428571,25.5535158571429,28.1428571428571,8,,,,,84595
2014-06-01,201423,35.0,35,35,35,0.55585796,5.6487236,0,1,291080020142319589,2023-08-20,Feira de Santana,1.0342321,619609,23.4285714285714,85.8571428571429,1,0.0,1,72.3139408571429,57.0,26.0112322857143,28.7142857142857,13,,,,,84595
2014-05-25,201422,47.0,47,47,47,0.98459643,7.5854287,0,1,291080020142219589,2023-08-20,Feira de Santana,1.6523726,619609,22.8571428571429,95.7142857142857,0,1.0,1,80.2876,63.0,25.8684434285714,28.7142857142857,16,,,,,84595
2014-05-18,201421,32.0,32,32,32,0.7900973,5.1645474,0,2,291080020142119589,2023-08-20,Feira de Santana,1.235018,619609,23.8571428571429,97.0,1,0.0,1,84.0132035714286,67.7142857142857,26.0557375714286,28.5714285714286,11,,,,,84595
2014-05-11,201420,26.0,26,26,26,0.589223,4.1961946,0,2,291080020142019589,2023-08-20,Feira de Santana,1.065053,619609,23.8571428571429,90.4285714285714,1,0.0,0,78.4481545714286,64.0,25.9624047142857,28.1428571428571,11,,,,,84595
2014-05-04,201419,26.0,26,26,26,0.65246755,4.1961946,0,2,291080020141919589,2023-08-20,Feira de Santana,1.1172037,619609,24.0,90.2857142857143,1,0.0,0,76.9319485714286,59.8571428571429,26.7176815714286,29.4285714285714,8,,,,,84595
2014-04-27,201418,26.0,26,26,26,0.4610047,4.1961946,0,2,291080020141819589,2023-08-20,Feira de Santana,0.9735953,619609,24.5714285714286,85.1428571428571,1,0.0,0,70.30866,53.8571428571429,27.046494,29.0,16,,,,,84595
2014-04-20,201417,21.0,21,21,21,0.029347893,3.389234,0,2,291080020141719589,2023-08-20,Feira de Santana,0.6006827,619609,24.7142857142857,88.2857142857143,1,0.0,0,74.3018714285714,59.1428571428571,27.7877554285714,30.4285714285714,11,,,,,84595
2014-04-13,201416,20.0,20,20,20,0.0037936536,3.227842,0,2,291080020141619589,2023-08-20,Feira de Santana,0.4950781,619609,26.0,87.0,1,0.0,0,75.3134162857143,59.8571428571429,28.0086518571429,29.8571428571429,8,,,,,84595
2014-04-06,201415,40.0,40,40,40,0.49020442,6.455684,0,2,291080020141519589,2023-08-20,Feira de Santana,0.9945598,619609,25.5714285714286,90.7142857142857,1,0.0,1,77.7995291428571,63.5714285714286,27.9682794285714,30.1428571428571,20,,,,,84595
2014-03-30,201414,44.0,44,44,44,0.7702384,7.1012526,0,2,291080020141419589,2023-08-20,Feira de Santana,1.1775358,619609,25.4285714285714,90.4285714285714,1,0.0,1,75.7819865714286,61.7142857142857,28.0170797142857,30.1428571428571,28,,,,,84595
2014-03-23,201413,41.0,41,41,41,0.8237601,6.6170764,0,2,291080020141319589,2023-08-20,Feira de Santana,1.2404821,619609,25.7142857142857,87.2857142857143,1,0.0,1,75.4379508571429,61.7142857142857,28.1502102857143,30.1428571428571,34,,,,,84595
2014-03-16,201412,37.0,37,37,37,0.83059347,5.971508,0,2,291080020141219589,2023-08-20,Feira de Santana,1.2640398,619609,25.7142857142857,85.8571428571429,1,0.0,1,73.7230377142857,59.4285714285714,28.0672692857143,30.1428571428571,24,,,,,84595
2014-03-09,201411,37.0,37,37,37,0.64763266,5.971508,0,2,291080020141119589,2023-08-20,Feira de Santana,1.0936999,619609,24.8571428571429,88.1428571428571,1,0.0,1,75.5573814285714,62.1428571428571,27.5248394285714,29.8571428571429,22,,,,,84595
2014-03-02,201410,23.0,23,23,23,0.004587869,3.7120185,0,2,291080020141019589,2023-08-20,Feira de Santana,0.52258193,619609,24.1428571428571,92.8571428571429,1,0.0,0,78.0438128571429,62.5714285714286,27.1179952857143,29.7142857142857,11,,,,,84595
2014-02-23,201409,24.0,24,24,24,0.001796644,3.8734105,0,2,291080020140919589,2023-08-20,Feira de Santana,0.49603203,619609,24.4285714285714,91.1428571428571,1,0.0,0,80.04143,66.8571428571429,26.952462,29.1428571428571,16,,,,,84595
2014-02-16,201408,58.0,58,58,58,0.8080044,9.360742,0,2,291080020140819589,2023-08-20,Feira de Santana,1.1828587,619609,25.1428571428571,86.4285714285714,1,0.0,1,74.7421371428571,60.4285714285714,27.8135384285714,30.2857142857143,43,,,,,84595
2014-02-09,201407,45.0,45,45,45,0.3883884,7.262645,0,2,291080020140719589,2023-08-20,Feira de Santana,0.9430487,619609,25.0,86.7142857142857,1,0.0,1,72.8238328571429,59.8571428571429,27.6035042857143,30.0,23,,,,,84595
2014-02-02,201406,50.0,50,50,50,0.78721,8.069605,0,3,291080020140619589,2023-08-20,Feira de Santana,1.1797824,619609,24.1428571428571,91.8571428571429,1,0.0,1,76.4830877142857,60.8571428571429,26.9794578571429,29.4285714285714,31,,,,,84595
2014-01-26,201405,52.0,52,52,52,0.97552556,8.392389,0,3,291080020140519589,2023-08-20,Feira de Santana,1.5335802,619609,26.0,83.2857142857143,1,1.0,1,71.4953442857143,57.1428571428571,27.6664791428571,29.7142857142857,26,,,,,84595
2014-01-19,201404,43.0,43,43,43,0.983449,6.9398603,0,3,291080020140419589,2023-08-20,Feira de Santana,1.6821755,619609,24.8571428571429,87.2857142857143,1,1.0,1,75.471758,59.8571428571429,27.41991,30.2857142857143,24,,,,,84595
2014-01-12,201403,36.0,36,36,36,0.98431194,5.810116,0,2,291080020140319589,2023-08-20,Feira de Santana,1.7901002,619609,24.5714285714286,88.8571428571429,1,1.0,1,74.4528614285714,58.7142857142857,27.4549924285714,29.8571428571429,18,,,,,84595
2014-01-05,201402,21.0,21,21,21,0.76067084,3.389234,0,2,291080020140219589,2023-08-20,Feira de Santana,1.2572813,619609,24.2857142857143,89.7142857142857,1,0.0,0,74.3219142857143,58.7142857142857,26.9402492857143,29.7142857142857,8,,,,,84595
2013-12-29,201401,22.0,22,22,22,0.8526619,3.5506263,0,2,291080020140119589,2023-08-20,Feira de Santana,1.4051815,619609,24.0,92.5714285714286,1,0.0,0,77.9722071428571,61.5714285714286,26.9629897142857,30.0,7,,,,,84595
2013-12-22,201352,14.0,14,14,14,0.21170391,2.2594895,0,2,291080020135219589,2023-08-20,Feira de Santana,0.756857,619609,24.5714285714286,94.0,1,0.0,0,84.4516134285714,68.5714285714286,26.6651787142857,29.1428571428571,8,,,,,84595
2013-12-15,201351,16.0,16,16,16,0.08317321,2.5822737,0,2,291080020135119589,2023-08-20,Feira de Santana,0.64764875,619609,24.4285714285714,94.8571428571429,1,0.0,0,84.3557691428571,66.2857142857143,26.254897,29.2857142857143,10,,,,,84595
2013-12-08,201350,12.0,12,12,12,0.0020196103,1.9367052,0,2,291080020135019589,2023-08-20,Feira de Santana,0.39774618,619609,24.2857142857143,91.8571428571429,1,0.0,0,80.7577562857143,64.2857142857143,26.7700847142857,29.5714285714286,7,,,,,84595
2013-12-01,201349,31.0,31,31,31,0.319751,5.003155,0,2,291080020134919589,2023-08-20,Feira de Santana,0.8914799,619609,24.8571428571429,92.5714285714286,1,0.0,1,80.7962277142857,67.1428571428571,26.9867512857143,29.1428571428571,7,,,,,84595
2013-11-24,201348,26.0,26,26,26,0.088012725,4.1961946,0,2,291080020134819589,2023-08-20,Feira de Santana,0.71020955,619609,24.4285714285714,92.8571428571429,1,0.0,0,83.251872,69.0,26.2987992857143,28.5714285714286,7,,,,,84595
2013-11-17,201347,39.0,39,39,39,0.61505294,6.294292,0,1,291080020134719589,2023-08-20,Feira de Santana,1.0692831,619609,23.2857142857143,90.2857142857143,1,0.0,1,76.614678,59.2857142857143,26.1597027142857,29.1428571428571,13,,,,,84595
2013-11-10,201346,38.0,38,38,38,0.52142924,6.1328998,0,1,291080020134619589,2023-08-20,Feira de Santana,1.0123749,619609,24.2857142857143,88.7142857142857,1,0.0,1,77.6628391428571,66.8571428571429,26.5848214285714,28.7142857142857,12,,,,,84595
2013-11-03,201345,35.0,35,35,35,0.3144841,5.6487236,0,1,291080020134519589,2023-08-20,Feira de Santana,0.8943211,619609,22.8571428571429,92.7142857142857,0,0.0,1,80.6842448571429,66.5714285714286,25.3039147142857,27.7142857142857,14,,,,,84595
2013-10-27,201344,36.0,36,36,36,0.35038823,5.810116,0,2,291080020134419589,2023-08-20,Feira de Santana,0.9156594,619609,24.0,91.1428571428571,1,0.0,1,78.4440471428571,63.4285714285714,26.3887192857143,28.7142857142857,15,,,,,84595
2013-10-20,201343,43.0,43,43,43,0.41981193,6.9398603,0,2,291080020134319589,2023-08-20,Feira de Santana,0.957936,619609,24.2857142857143,87.8571428571429,1,0.0,1,75.0134505714286,58.5714285714286,26.3682891428571,28.8571428571429,20,,,,,84595
2013-10-13,201342,39.0,39,39,39,0.03111284,6.294292,0,2,291080020134219589,2023-08-20,Feira de Santana,0.68242055,619609,23.2857142857143,90.2857142857143,1,0.0,1,77.6363091428571,60.1428571428571,25.6276785714286,28.0,15,,,,,84595
2013-10-06,201341,30.0,30,30,30,0.0009649006,4.841763,0,3,291080020134119589,2023-08-20,Feira de Santana,0.51005155,619609,23.1428571428571,91.1428571428571,1,0.0,1,77.7106594285714,63.7142857142857,25.4234981428571,27.4285714285714,14,,,,,84595
2013-09-29,201340,71.0,71,71,71,0.99218357,11.458839,0,3,291080020134019589,2023-08-20,Feira de Santana,1.5725042,619609,23.7142857142857,85.0,1,1.0,1,73.2712454285714,60.0,26.100125,28.2857142857143,35,,,,,84595
2013-09-22,201339,70.0,70,70,70,0.9999629,11.297447,0,3,291080020133919589,2023-08-20,Feira de Santana,2.2660003,619609,22.8571428571429,92.7142857142857,0,1.0,1,78.1461505714286,62.7142857142857,25.5211981428571,28.4285714285714,35,,,,,84595
2013-09-15,201338,45.0,45,45,45,0.98202866,7.262645,0,1,291080020133819589,2023-08-20,Feira de Santana,1.6451961,619609,23.7142857142857,88.5714285714286,1,1.0,1,76.3109951428571,56.2857142857143,25.7013312857143,28.1428571428571,15,,,,,84595
2013-09-08,201337,20.0,20,20,20,0.049522515,3.227842,0,1,291080020133719589,2023-08-20,Feira de Santana,0.6306435,619609,22.1428571428571,92.1428571428571,0,0.0,0,74.4992272857143,58.8571428571429,25.112556,27.8571428571429,8,,,,,84595
2013-09-01,201336,27.0,27,27,27,0.05211014,4.357587,0,1,291080020133619589,2023-08-20,Feira de Santana,0.67178684,619609,23.0,88.8571428571429,0,0.0,1,76.9359905714286,61.8571428571429,25.1775761428571,27.4285714285714,9,,,,,84595
2013-08-25,201335,28.0,28,28,28,0.0005016969,4.518979,0,1,291080020133519589,2023-08-20,Feira de Santana,0.48243466,619609,22.7142857142857,91.7142857142857,0,0.0,1,79.4392754285714,65.1428571428571,24.9861204285714,27.2857142857143,9,,,,,84595
2013-08-18,201334,44.0,44,44,44,0.0001400069,7.1012526,0,1,291080020133419589,2023-08-20,Feira de Santana,0.5192976,619609,21.8571428571429,93.2857142857143,0,0.0,1,77.9322165714286,60.5714285714286,24.4871468571429,27.0,11,,,,,84595
2013-08-11,201333,33.0,33,33,33,7.142329e-09,5.3259397,0,1,291080020133319589,2023-08-20,Feira de Santana,0.3446797,619609,22.4285714285714,91.1428571428571,0,0.0,1,76.5933162857143,59.7142857142857,25.0393802857143,27.8571428571429,9,,,,,84595
2013-08-04,201332,110.0,110,110,110,0.9156238,17.753132,0,1,291080020133219589,2023-08-20,Feira de Santana,1.2145889,619609,22.0,93.2857142857143,0,0.0,1,77.2971284285714,61.0,24.9614068571429,27.4285714285714,28,,,,,84595
2013-07-28,201331,106.0,106,106,106,0.9468513,17.107563,0,1,291080020133119589,2023-08-20,Feira de Santana,1.2645737,619609,23.1428571428571,85.7142857142857,1,0.0,1,67.9300197142857,47.2857142857143,25.3746194285714,27.7142857142857,31,,,,,84595
2013-07-21,201330,82.0,82,82,82,0.72501427,13.234153,0,3,291080020133019589,2023-08-20,Feira de Santana,1.1000537,619609,22.4285714285714,87.7142857142857,0,0.0,1,73.9115181428571,58.1428571428571,25.0632028571429,27.4285714285714,29,,,,,84595
2013-07-14,201329,90.0,90,90,90,0.9896951,14.52529,0,3,291080020132919589,2023-08-20,Feira de Santana,1.4597706,619609,23.1428571428571,83.5714285714286,1,1.0,1,71.7380471428571,53.4285714285714,25.3479262857143,27.7142857142857,22,,,,,84595
2013-07-07,201328,78.0,78,78,78,0.9735614,12.588584,0,1,291080020132819589,2023-08-20,Feira de Santana,1.3994883,619609,23.0,85.2857142857143,0,1.0,1,69.38621,51.8571428571429,25.5289111428571,27.8571428571429,27,,,,,84595
2013-06-30,201327,61.0,61,61,61,0.36838192,9.844918,0,1,291080020132719589,2023-08-20,Feira de Santana,0.9419863,619609,23.5714285714286,85.2857142857143,1,0.0,1,68.9040608571429,53.7142857142857,26.1756801428571,28.5714285714286,25,,,,,84595
2013-06-23,201326,40.0,40,40,40,0.0003211307,6.455684,0,1,291080020132619589,2023-08-20,Feira de Santana,0.5237252,619609,23.7142857142857,85.0,1,0.0,1,70.2117491428571,54.0,25.9425018571429,28.0,11,,,,,84595
2013-06-16,201325,65.0,65,65,65,0.1694351,10.490487,0,1,291080020132519589,2023-08-20,Feira de Santana,0.85156274,619609,22.7142857142857,92.5714285714286,0,0.0,1,80.8358834285714,64.8571428571429,24.943745,27.4285714285714,20,,,,,84595
2013-06-09,201324,87.0,87,87,87,0.8989246,14.041113,0,2,291080020132419589,2023-08-20,Feira de Santana,1.224959,619609,23.8571428571429,85.1428571428571,1,0.0,1,73.70277,59.8571428571429,26.0472695714286,28.2857142857143,30,,,,,84595
2013-06-02,201323,84.0,84,84,84,0.6331635,13.556936,0,2,291080020132319589,2023-08-20,Feira de Santana,1.0544997,619609,23.4285714285714,91.8571428571429,1,0.0,1,77.2489128571429,62.0,26.161986,28.4285714285714,34,,,,,84595
2013-05-26,201322,58.0,58,58,58,2.4209961e-05,9.360742,0,2,291080020132219589,2023-08-20,Feira de Santana,0.5267263,619609,23.5714285714286,88.0,1,0.0,1,74.8116031428571,59.8571428571429,26.4557524285714,29.0,22,,,,,84595
2013-05-19,201321,70.0,70,70,70,3.8672884e-08,11.297447,0,2,291080020132119589,2023-08-20,Feira de Santana,0.4718322,619609,23.2857142857143,87.4285714285714,1,0.0,1,74.0146448571429,57.1428571428571,26.0956897142857,28.4285714285714,29,,,,,84595
2013-05-12,201320,95.0,95,95,95,3.308237e-07,15.33225,0,4,291080020132019589,2023-08-20,Feira de Santana,0.5394166,619609,24.4285714285714,84.7142857142857,1,0.0,1,73.1921271428571,60.4285714285714,26.8317958571429,29.0,30,,,,,84595
2013-05-05,201319,174.0,174,174,174,0.013631265,28.082226,0,4,291080020131919589,2023-08-20,Feira de Santana,0.79964495,619609,24.1428571428571,85.8571428571429,1,0.0,2,70.8825042857143,54.1428571428571,26.9238317142857,29.0,62,,,,,84595
2013-04-28,201318,171.0,171,171,171,5.298328e-08,27.59805,0,4,291080020131819589,2023-08-20,Feira de Santana,0.6028348,619609,24.4285714285714,84.1428571428571,1,0.0,2,72.8516742857143,57.5714285714286,26.5961845714286,29.0,51,,,,,84595
2013-04-21,201317,173.0,173,173,173,3.643863e-12,27.920834,0,4,291080020131719589,2023-08-20,Feira de Santana,0.53315586,619609,23.7142857142857,85.4285714285714,1,0.0,2,69.989918,52.5714285714286,26.5824651428571,29.1428571428571,69,,,,,84595
2013-04-14,201316,318.0,318,318,318,0.54152805,51.32269,0,4,291080020131619589,2023-08-20,Feira de Santana,1.0083164,619609,24.8571428571429,87.7142857142857,1,0.0,2,74.8459735714286,52.8571428571429,27.5690707142857,30.2857142857143,119,,,,,84595
2013-04-07,201315,359.0,359,359,359,0.99921894,57.939766,0,4,291080020131519589,2023-08-20,Feira de Santana,1.2855818,619609,26.5714285714286,77.7142857142857,1,1.0,2,66.4863094285714,49.5714285714286,28.746726,31.4285714285714,117,,,,,84595
2013-03-31,201314,325.0,325,325,325,0.9992198,52.452435,0,4,291080020131419589,2023-08-20,Feira de Santana,1.3033515,619609,25.4285714285714,84.8571428571429,1,1.0,2,68.1010011428571,51.1428571428571,28.2805194285714,30.7142857142857,118,,,,,84595
2013-03-24,201313,284.0,284,284,284,0.9823015,45.835358,0,4,291080020131319589,2023-08-20,Feira de Santana,1.2029084,619609,25.5714285714286,84.1428571428571,1,1.0,2,67.1829005714286,50.0,28.567776,31.4285714285714,124,,,,,84595
2013-03-17,201312,218.0,218,218,218,0.5382783,35.18348,0,4,291080020131219589,2023-08-20,Feira de Santana,1.0092595,619609,25.4285714285714,83.0,1,0.0,2,70.6946428571429,53.8571428571429,28.1340727142857,30.7142857142857,112,,,,,84595
2013-03-10,201311,263.0,263,263,263,0.99993056,42.446125,0,4,291080020131119589,2023-08-20,Feira de Santana,1.438403,619609,25.5714285714286,82.0,1,1.0,2,69.3040042857143,53.1428571428571,28.2684721428571,31.1428571428571,88,,,,,84595
2013-03-03,201310,215.0,215,215,215,0.9999675,34.699303,0,3,291080020131019589,2023-08-20,Feira de Santana,1.5345683,619609,26.0,77.1428571428571,1,1.0,2,65.2098214285714,49.7142857142857,28.71875,31.2857142857143,90,,,,,84595
2013-02-24,201309,193.0,193,193,193,1.0,31.148676,0,3,291080020130919589,2023-08-20,Feira de Santana,1.9728751,619609,24.8571428571429,83.5714285714286,1,1.0,2,68.5911581428571,45.2857142857143,28.2079492857143,31.8571428571429,95,,,,,84595
2013-02-17,201308,143.0,143,143,143,0.9999998,23.079071,0,3,291080020130819589,2023-08-20,Feira de Santana,2.0479484,619609,25.1428571428571,81.7142857142857,1,1.0,1,67.0508087142857,51.0,28.06829,30.8571428571429,76,,,,,84595
2013-02-10,201307,88.0,88,88,88,0.99431425,14.202505,0,2,291080020130719589,2023-08-20,Feira de Santana,1.5263582,619609,26.4285714285714,72.4285714285714,1,1.0,1,61.6061085714286,45.4285714285714,28.5325065714286,31.0,63,,,,,84595
2013-02-03,201306,59.0,59,59,59,0.75446105,9.522134,0,2,291080020130619589,2023-08-20,Feira de Santana,1.1393887,619609,25.4285714285714,79.7142857142857,1,0.0,1,66.5692814285714,49.8571428571429,28.4538034285714,31.0,32,,,,,84595
2013-01-27,201305,59.0,59,59,59,0.815017,9.522134,0,2,291080020130519589,2023-08-20,Feira de Santana,1.1872519,619609,24.5714285714286,86.4285714285714,1,0.0,1,70.5084971428571,51.1428571428571,27.7164458571429,30.5714285714286,32,,,,,84595
2013-01-20,201304,52.0,52,52,52,0.66098076,8.392389,0,2,291080020130419589,2023-08-20,Feira de Santana,1.0862936,619609,25.0,87.4285714285714,1,0.0,1,75.2612734285714,57.5714285714286,27.5481607142857,30.1428571428571,27,,,,,84595
2013-01-13,201303,41.0,41,41,41,0.61929536,6.6170764,0,2,291080020130319589,2023-08-20,Feira de Santana,1.0702047,619609,25.4285714285714,82.2857142857143,1,0.0,1,71.5711465714286,52.7142857142857,27.714456,30.7142857142857,16,,,,,84595
2013-01-06,201302,65.0,65,65,65,0.9998732,10.490487,0,2,291080020130219589,2023-08-20,Feira de Santana,2.1712563,619609,25.4285714285714,77.1428571428571,1,1.0,1,64.5250552857143,48.0,28.0021354285714,30.8571428571429,37,,,,,84595
2012-12-30,201301,32.0,32,32,32,0.4991906,5.1645474,0,2,291080020130119589,2023-08-20,Feira de Santana,0.9994963,619609,25.5714285714286,77.7142857142857,1,0.0,1,66.0529227142857,49.5714285714286,27.8109207142857,30.2857142857143,19,,,,,84595
2012-12-23,201252,25.0,25,25,25,0.013760616,4.0348024,0,2,291080020125219589,2023-08-20,Feira de Santana,0.5821186,619609,25.0,81.0,1,0.0,0,66.84159,49.4285714285714,27.8065954285714,30.2857142857143,16,,,,,84595
2012-12-16,201251,25.0,25,25,25,0.0013282967,4.0348024,0,2,291080020125119589,2023-08-20,Feira de Santana,0.49268085,619609,23.7142857142857,82.5714285714286,1,0.0,0,65.0240648571429,45.1428571428571,27.1689965714286,30.1428571428571,21,,,,,84595
2012-12-09,201250,44.0,44,44,44,0.39144152,7.1012526,0,3,291080020125019589,2023-08-20,Feira de Santana,0.9439862,619609,24.5714285714286,83.0,1,0.0,1,70.3001157142857,52.2857142857143,27.3100517142857,30.4285714285714,20,,,,,84595
2012-12-02,201249,63.0,63,63,63,0.99720114,10.167703,0,3,291080020124919589,2023-08-20,Feira de Santana,1.761544,619609,24.7142857142857,80.2857142857143,1,1.0,1,67.7559734285714,50.8571428571429,26.9860221428571,29.7142857142857,19,,,,,84595
2012-11-25,201248,48.0,48,48,48,0.99606013,7.746821,0,3,291080020124819589,2023-08-20,Feira de Santana,1.8801742,619609,24.7142857142857,85.1428571428571,1,1.0,1,71.9776785714286,52.4285714285714,26.8482142857143,29.7142857142857,9,,,,,84595
2012-11-18,201247,35.0,35,35,35,0.98825985,5.6487236,0,1,291080020124719589,2023-08-20,Feira de Santana,1.8749641,619609,24.8571428571429,84.8571428571429,1,1.0,1,73.2092645714286,56.2857142857143,26.755866,29.4285714285714,14,,,,,84595
2012-11-11,201246,24.0,24,24,24,0.8894479,3.8734105,0,1,291080020124619589,2023-08-20,Feira de Santana,1.4693608,619609,23.8571428571429,87.1428571428571,1,0.0,0,75.0136808571429,57.5714285714286,26.2288307142857,29.0,11,,,,,84595
2012-11-04,201245,17.0,17,17,17,0.33371663,2.7436657,0,1,291080020124519589,2023-08-20,Feira de Santana,0.8687805,619609,23.0,88.7142857142857,0,0.0,0,75.0591368571429,57.1428571428571,25.8660798571429,29.0,9,,,,,84595
2012-10-28,201244,13.0,13,13,13,0.010229111,2.0980973,0,2,291080020124419589,2023-08-20,Feira de Santana,0.47418243,619609,23.1428571428571,83.1428571428571,1,0.0,0,71.4802628571429,55.1428571428571,26.222899,28.8571428571429,8,,,,,84595
2012-10-21,201243,17.0,17,17,17,0.0022938945,2.7436657,0,1,291080020124319589,2023-08-20,Feira de Santana,0.4532961,619609,24.2857142857143,77.7142857142857,1,0.0,0,68.1576171428571,57.1428571428571,26.1715078571429,28.2857142857143,5,,,,,84595
2012-10-14,201242,27.0,27,27,27,0.013735211,4.357587,0,1,291080020124219589,2023-08-20,Feira de Santana,0.59252787,619609,23.8571428571429,77.0,1,0.0,1,67.0688621428571,52.2857142857143,25.8918308571429,28.1428571428571,8,,,,,84595
2012-10-07,201241,36.0,36,36,36,0.07307325,5.810116,0,1,291080020124119589,2023-08-20,Feira de Santana,0.72976106,619609,22.8571428571429,83.8571428571429,0,0.0,1,71.9944777142857,49.7142857142857,24.8508014285714,27.0,12,,,,,84595
2012-09-30,201240,54.0,54,54,54,0.52367973,8.715174,0,1,291080020124019589,2023-08-20,Feira de Santana,1.0114836,619609,22.8571428571429,78.8571428571429,0,0.0,1,66.5198737142857,50.7142857142857,24.9307317142857,26.7142857142857,13,,,,,84595
2012-09-23,201239,44.0,44,44,44,0.12123079,7.1012526,0,1,291080020123919589,2023-08-20,Feira de Santana,0.7913219,619609,22.4285714285714,84.0,0,0.0,1,69.3490362857143,46.2857142857143,24.979403,27.4285714285714,16,,,,,84595
2012-09-16,201238,54.0,54,54,54,0.40689132,8.715174,0,1,291080020123819589,2023-08-20,Feira de Santana,0.9563234,619609,22.7142857142857,80.2857142857143,0,0.0,1,67.2678571428571,48.2857142857143,25.4375,28.4285714285714,17,,,,,84595
2012-09-09,201237,65.0,65,65,65,0.66648394,10.490487,0,1,291080020123719589,2023-08-20,Feira de Santana,1.0796868,619609,22.2857142857143,85.1428571428571,0,0.0,1,71.6324397142857,55.7142857142857,25.1753248571429,27.8571428571429,24,,,,,84595
2012-09-02,201236,41.0,41,41,41,0.03868511,6.6170764,0,1,291080020123619589,2023-08-20,Feira de Santana,0.70089203,619609,22.4285714285714,77.1428571428571,0,0.0,1,63.5216445714286,46.2857142857143,24.9014037142857,27.1428571428571,20,,,,,84595
2012-08-26,201235,75.0,75,75,75,0.97664404,12.104407,0,1,291080020123519589,2023-08-20,Feira de Santana,1.4242355,619609,21.8571428571429,81.0,0,1.0,1,66.7543291428571,49.5714285714286,24.5656114285714,27.0,36,,,,,84595
2012-08-19,201234,57.0,57,57,57,0.72549045,9.19935,0,1,291080020123419589,2023-08-20,Feira de Santana,1.1219584,619609,22.5714285714286,79.8571428571429,0,0.0,1,66.0724242857143,46.1428571428571,24.9765271428571,27.2857142857143,41,,,,,84595
2012-08-12,201233,53.0,53,53,53,0.23812075,8.5537815,0,1,291080020123319589,2023-08-20,Feira de Santana,0.87515664,619609,22.4285714285714,85.2857142857143,0,0.0,1,69.31929,44.5714285714286,25.2361,27.5714285714286,49,,,,,84595
2012-08-05,201232,43.0,43,43,43,0.00016113727,6.9398603,0,1,291080020123219589,2023-08-20,Feira de Santana,0.51890475,619609,22.8571428571429,81.5714285714286,0,0.0,1,65.2640462857143,48.4285714285714,25.6384021428571,27.8571428571429,34,,,,,84595
2012-07-29,201231,54.0,54,54,54,2.5071427e-05,8.715174,0,1,291080020123119589,2023-08-20,Feira de Santana,0.5169333,619609,23.5714285714286,81.2857142857143,1,0.0,1,64.0884847142857,45.1428571428571,25.9324427142857,28.1428571428571,32,,,,,84595
2012-07-22,201230,76.0,76,76,76,0.007979641,12.2657995,0,1,291080020123019589,2023-08-20,Feira de Santana,0.6999452,619609,22.4285714285714,79.2857142857143,0,0.0,1,62.0779762857143,43.7142857142857,25.8401785714286,28.2857142857143,29,,,,,84595
2012-07-15,201229,127.0,127,127,127,0.9243315,20.496798,0,1,291080020122919589,2023-08-20,Feira de Santana,1.2073184,619609,23.2857142857143,82.1428571428571,1,0.0,1,65.9655148571429,51.7142857142857,26.1489137142857,28.1428571428571,61,,,,,84595
2012-07-08,201228,111.0,111,111,111,0.5404598,17.914524,0,1,291080020122819589,2023-08-20,Feira de Santana,1.0137514,619609,22.8571428571429,87.1428571428571,0,0.0,1,75.9016278571429,59.4285714285714,25.1890757142857,27.5714285714286,48,,,,,84595
2012-07-01,201227,95.0,95,95,95,0.032413147,15.33225,0,1,291080020122719589,2023-08-20,Feira de Santana,0.7779265,619609,23.1428571428571,84.2857142857143,1,0.0,1,67.5974652857143,51.0,25.8196,28.0,46,,,,,84595
2012-06-24,201226,110.0,110,110,110,0.023866372,17.753132,0,1,291080020122619589,2023-08-20,Feira de Santana,0.7785399,619609,23.5714285714286,84.5714285714286,1,0.0,1,67.5024791428571,50.8571428571429,26.127117,28.4285714285714,47,,,,,84595
2012-06-17,201225,117.0,117,117,117,0.0028217302,18.882875,0,1,291080020122519589,2023-08-20,Feira de Santana,0.71712327,619609,22.8571428571429,89.5714285714286,0,0.0,1,74.4183642857143,56.4285714285714,25.9808297142857,28.7142857142857,61,,,,,84595
2012-06-10,201224,140.0,140,140,140,0.010263704,22.594894,0,4,291080020122419589,2023-08-20,Feira de Santana,0.77168995,619609,23.8571428571429,83.2857142857143,1,0.0,1,69.3864941428571,54.1428571428571,26.2722784285714,28.7142857142857,67,,,,,84595
2012-06-03,201223,166.0,166,166,166,0.054689065,26.79109,0,4,291080020122319589,2023-08-20,Feira de Santana,0.8451025,619609,23.5714285714286,85.7142857142857,1,0.0,2,69.7081398571429,53.1428571428571,26.7043817142857,29.0,82,,,,,84595
2012-05-27,201222,188.0,188,188,188,0.103490785,30.341715,0,4,291080020122219589,2023-08-20,Feira de Santana,0.8816244,619609,23.8571428571429,87.2857142857143,1,0.0,2,74.5920885714286,58.7142857142857,26.6267854285714,29.0,77,,,,,84595
2012-05-20,201221,190.0,190,190,190,0.06827227,30.6645,0,4,291080020122119589,2023-08-20,Feira de Santana,0.8632236,619609,23.8571428571429,91.1428571428571,1,0.0,2,77.251397,61.8571428571429,25.8709117142857,28.2857142857143,67,,,,,84595
2012-05-13,201220,215.0,215,215,215,0.7851564,34.699303,0,4,291080020122019589,2023-08-20,Feira de Santana,1.0806704,619609,24.0,86.5714285714286,1,0.0,2,72.9520994285714,57.8571428571429,26.5822277142857,28.5714285714286,98,,,,,84595
2012-05-06,201219,244.0,244,244,244,0.99994284,39.379673,0,4,291080020121919589,2023-08-20,Feira de Santana,1.4682696,619609,24.1428571428571,86.5714285714286,1,1.0,2,71.8566977142857,53.7142857142857,26.6467644285714,28.8571428571429,129,,,,,84595
2012-04-29,201218,216.0,216,216,216,0.9964427,34.860695,0,2,291080020121819589,2023-08-20,Feira de Santana,1.319515,619609,24.2857142857143,82.8571428571429,1,1.0,2,65.079658,48.5714285714286,27.3579227142857,29.8571428571429,112,,,,,84595
2012-04-22,201217,141.0,141,141,141,0.004629042,22.756287,0,2,291080020121719589,2023-08-20,Feira de Santana,0.74973476,619609,23.8571428571429,82.2857142857143,1,0.0,1,65.8886805714286,48.1428571428571,27.4007775714286,30.1428571428571,66,,,,,84595
2012-04-15,201216,129.0,129,129,129,4.974014e-06,20.819582,0,4,291080020121619589,2023-08-20,Feira de Santana,0.6147651,619609,25.1428571428571,82.7142857142857,1,0.0,1,68.9470051428571,46.5714285714286,27.6093028571429,30.0,61,,,,,84595
2012-04-08,201215,231.0,231,231,231,0.39784476,37.281574,0,4,291080020121519589,2023-08-20,Feira de Santana,0.976356,619609,25.0,82.8571428571429,1,0.0,2,65.508434,47.8571428571429,27.8142038571429,29.8571428571429,118,,,,,84595
2012-04-01,201214,174.0,174,174,174,0.00013852469,28.082226,0,4,291080020121419589,2023-08-20,Feira de Santana,0.70030946,619609,25.7142857142857,79.4285714285714,1,0.0,2,64.3819128571429,49.7142857142857,28.080789,30.8571428571429,89,,,,,84595
2012-03-25,201213,254.0,254,254,254,0.8705769,40.993595,0,4,291080020121319589,2023-08-20,Feira de Santana,1.1081709,619609,25.2857142857143,78.5714285714286,1,0.0,2,65.1935477142857,48.8571428571429,27.8620392857143,30.0,141,,,,,84595
2012-03-18,201212,279.0,279,279,279,0.99983245,45.028397,0,4,291080020121219589,2023-08-20,Feira de Santana,1.3901844,619609,23.4285714285714,85.1428571428571,1,1.0,2,68.4575171428571,51.7142857142857,27.0364344285714,30.0,138,,,,,84595
2012-03-11,201211,228.0,228,228,228,0.99604154,36.7974,0,4,291080020121119589,2023-08-20,Feira de Santana,1.3040977,619609,25.5714285714286,84.4285714285714,1,1.0,2,69.7029891428571,53.7142857142857,28.2892005714286,31.0,109,,,,,84595
2012-03-04,201210,190.0,190,190,190,0.99456894,30.6645,0,3,291080020121019589,2023-08-20,Feira de Santana,1.3230194,619609,25.8571428571429,87.4285714285714,1,1.0,2,71.8817728571429,53.4285714285714,28.5475028571429,31.2857142857143,84,,,,,84595
2012-02-26,201209,193.0,193,193,193,0.9999863,31.148676,0,3,291080020120919589,2023-08-20,Feira de Santana,1.6174307,619609,25.5714285714286,87.5714285714286,1,1.0,2,70.76208,54.0,28.5945377142857,31.2857142857143,96,,,,,84595
2012-02-19,201208,139.0,139,139,139,0.9717301,22.433502,0,2,291080020120819589,2023-08-20,Feira de Santana,1.2745885,619609,25.0,86.5714285714286,1,1.0,1,72.159244,55.2857142857143,27.6467057142857,30.1428571428571,62,,,,,84595
2012-02-12,201207,99.0,99,99,99,0.35609943,15.9778185,0,2,291080020120719589,2023-08-20,Feira de Santana,0.9496565,619609,25.2857142857143,86.8571428571429,1,0.0,1,72.128128,55.0,28.0608112857143,30.7142857142857,49,,,,,84595
2012-02-05,201206,127.0,127,127,127,0.84890014,20.496798,0,2,291080020120619589,2023-08-20,Feira de Santana,1.1429776,619609,25.8571428571429,81.4285714285714,1,0.0,1,70.3258928571429,55.1428571428571,28.2455357142857,30.7142857142857,48,,,,,84595
2012-01-29,201205,84.0,84,84,84,0.004615399,13.556936,0,2,291080020120519589,2023-08-20,Feira de Santana,0.693611,619609,24.7142857142857,88.2857142857143,1,0.0,1,75.5784074285714,57.7142857142857,27.0288272857143,29.5714285714286,37,,,,,84595
2012-01-22,201204,111.0,111,111,111,0.32116282,17.914524,0,3,291080020120419589,2023-08-20,Feira de Santana,0.94055605,619609,25.7142857142857,82.2857142857143,1,0.0,1,68.617048,52.4285714285714,28.0945477142857,30.5714285714286,42,,,,,84595
2012-01-15,201203,134.0,134,134,134,0.9832903,21.626541,0,3,291080020120319589,2023-08-20,Feira de Santana,1.3205725,619609,25.5714285714286,82.8571428571429,1,1.0,1,69.0152465714286,52.7142857142857,27.7842742857143,30.1428571428571,48,,,,,84595
2012-01-08,201202,125.0,125,125,125,0.9982583,20.174013,0,3,291080020120219589,2023-08-20,Feira de Santana,1.5044614,619609,27.8571428571429,86.8571428571429,1,1.0,1,75.6017008571429,58.4285714285714,29.7701611428571,32.1428571428571,41,,,,,84595
2012-01-01,201201,105.0,105,105,105,0.99160576,16.94617,0,2,291080020120119589,2023-08-20,Feira de Santana,1.4337323,619609,27.1428571428571,86.1428571428571,1,1.0,1,75.8504391428571,56.7142857142857,29.1532257142857,31.7142857142857,38,,,,,84595
2011-12-25,201152,74.0,74,74,74,0.5578574,11.943016,0,2,291080020115219589,2023-08-20,Feira de Santana,1.0242923,619609,26.5,87.75,1,0.0,1,75.825512,59.5,28.68677775,30.75,46,,,,,84595
2011-12-18,201151,72.0,72,72,72,0.38914376,11.620232,0,2,291080020115119589,2023-08-20,Feira de Santana,0.95479876,619609,25.5714285714286,87.4285714285714,1,0.0,1,74.4182948571429,59.4285714285714,27.6196627142857,29.8571428571429,63,,,,,84595
2011-12-11,201150,67.0,67,67,67,0.22320864,10.813271,0,2,291080020115019589,2023-08-20,Feira de Santana,0.880676,619609,25.1428571428571,89.0,1,0.0,1,77.4944671428571,55.4285714285714,27.0845448571429,28.8571428571429,55,,,,,84595
2011-12-04,201149,81.0,81,81,81,0.73929065,13.072761,0,2,291080020114919589,2023-08-20,Feira de Santana,1.1086017,619609,25.5714285714286,82.4285714285714,1,0.0,1,70.7993865714286,51.7142857142857,27.1539458571429,29.1428571428571,36,,,,,84595
2011-11-27,201148,77.0,77,77,77,0.78948987,12.427192,0,2,291080020114819589,2023-08-20,Feira de Santana,1.1430521,619609,25.1428571428571,82.0,1,0.0,1,70.6756914285714,55.0,27.24856,29.7142857142857,21,,,,,84595
2011-11-20,201147,75.0,75,75,75,0.8970407,12.104407,0,2,291080020114719589,2023-08-20,Feira de Santana,1.2428607,619609,26.7142857142857,87.5714285714286,1,0.0,1,73.1909565714286,56.1428571428571,29.5789172857143,31.7142857142857,21,,,,,84595
2011-11-13,201146,69.0,69,69,69,0.93550056,11.136055,0,1,291080020114619589,2023-08-20,Feira de Santana,1.3177876,619609,26.0,89.0,1,0.0,1,75.3290614285714,59.5714285714286,28.5961982857143,30.8571428571429,19,,,,,84595
2011-11-06,201145,59.0,59,59,59,0.920061,9.522134,0,1,291080020114519589,2023-08-20,Feira de Santana,1.318039,619609,24.0,88.2857142857143,1,0.0,1,76.1937174285714,63.0,25.4924977142857,26.7142857142857,22,,,,,84595
2011-10-30,201144,57.0,57,57,57,0.86506295,9.19935,0,1,291080020114419589,2023-08-20,Feira de Santana,1.2427537,619609,23.0,86.2857142857143,0,0.0,1,73.1060428571429,58.4285714285714,25.4717922857143,27.5714285714286,22,,,,,84595
2011-10-23,201143,39.0,39,39,39,0.036042243,6.294292,0,1,291080020114319589,2023-08-20,Feira de Santana,0.6909422,619609,21.4285714285714,89.4285714285714,0,0.0,1,77.0972978571429,60.5714285714286,23.6014538571429,26.0,11,,,,,84595
2011-10-16,201142,35.0,35,35,35,0.00080993125,5.6487236,0,1,291080020114219589,2023-08-20,Feira de Santana,0.52758974,619609,23.0,87.7142857142857,0,0.0,1,79.3792137142857,66.5714285714286,24.7300664285714,27.0,10,,,,,84595
2011-10-09,201141,64.0,64,64,64,0.22976807,10.329095,0,1,291080020114119589,2023-08-20,Feira de Santana,0.8813543,619609,23.5714285714286,81.5714285714286,1,0.0,1,70.457076,55.7142857142857,25.8498508571429,28.1428571428571,23,,,,,84595
2011-10-02,201140,66.0,66,66,66,0.26212934,10.651879,0,1,291080020114019589,2023-08-20,Feira de Santana,0.897998,619609,23.5714285714286,81.1428571428571,1,0.0,1,68.5499325714286,52.5714285714286,25.9938841428571,28.4285714285714,22,,,,,84595
2011-09-25,201139,74.0,74,74,74,0.7233137,11.943016,0,1,291080020113919589,2023-08-20,Feira de Santana,1.1047324,619609,22.8571428571429,82.4285714285714,0,0.0,1,71.3115702857143,55.4285714285714,25.1079371428571,27.4285714285714,23,,,,,84595
2011-09-18,201138,82.0,82,82,82,0.9770431,13.234153,0,1,291080020113819589,2023-08-20,Feira de Santana,1.4024799,619609,20.2857142857143,84.5714285714286,0,1.0,1,64.9687558571429,44.2857142857143,23.8151627142857,26.7142857142857,26,,,,,84595
2011-09-11,201137,66.0,66,66,66,0.8428358,10.651879,0,1,291080020113719589,2023-08-20,Feira de Santana,1.2004622,619609,23.4285714285714,75.4285714285714,1,0.0,1,64.3412585714286,49.7142857142857,25.3430964285714,27.5714285714286,23,,,,,84595
2011-09-04,201136,58.0,58,58,58,0.55504626,9.360742,0,1,291080020113619589,2023-08-20,Feira de Santana,1.0261114,619609,21.7142857142857,78.0,0,0.0,1,61.8824212857143,44.8571428571429,24.7120871428571,27.0,26,,,,,84595
2011-08-28,201135,46.0,46,46,46,0.12170385,7.424037,0,1,291080020113519589,2023-08-20,Feira de Santana,0.795498,619609,23.1428571428571,79.1428571428571,1,0.0,1,64.9419165714286,50.1428571428571,25.0851671428571,26.8571428571429,18,,,,,84595
2011-08-21,201134,66.0,66,66,66,0.4915193,10.651879,0,1,291080020113419589,2023-08-20,Feira de Santana,0.996321,619609,22.8571428571429,84.0,0,0.0,1,69.6916854285714,53.7142857142857,24.7758672857143,26.7142857142857,23,,,,,84595
2011-08-14,201133,52.0,52,52,52,0.0037416597,8.392389,0,1,291080020113319589,2023-08-20,Feira de Santana,0.6278683,619609,22.2857142857143,81.7142857142857,0,0.0,1,65.7703051428571,49.4285714285714,24.7083814285714,27.0,20,,,,,84595
2011-08-07,201132,54.0,54,54,54,0.0003009165,8.715174,0,1,291080020113219589,2023-08-20,Feira de Santana,0.5650816,619609,22.1428571428571,85.4285714285714,0,0.0,1,67.8706208571429,49.2857142857143,24.7441915714286,26.8571428571429,21,,,,,84595
2011-07-31,201131,95.0,95,95,95,0.3112386,15.33225,0,1,291080020113119589,2023-08-20,Feira de Santana,0.93234915,619609,21.5714285714286,86.8571428571429,0,0.0,1,72.6265342857143,53.1428571428571,24.7848544285714,27.8571428571429,40,,,,,84595
2011-07-24,201130,94.0,94,94,94,0.24288945,15.170857,0,1,291080020113019589,2023-08-20,Feira de Santana,0.90576136,619609,21.5714285714286,87.5714285714286,0,0.0,1,68.9471865714286,49.4285714285714,24.4349585714286,26.8571428571429,46,,,,,84595
2011-07-17,201129,108.0,108,108,108,0.5536425,17.430347,0,1,291080020112919589,2023-08-20,Feira de Santana,1.0185726,619609,22.7142857142857,81.2857142857143,0,0.0,1,65.7562588571429,48.0,24.5670645714286,26.8571428571429,51,,,,,84595
2011-07-10,201128,103.0,103,103,103,0.3958803,16.623386,0,1,291080020112819589,2023-08-20,Feira de Santana,0.9642685,619609,23.7142857142857,73.0,1,0.0,1,60.7821144285714,46.0,25.4254034285714,27.7142857142857,61,,,,,84595
2011-07-03,201127,101.0,101,101,101,0.41347548,16.300602,0,1,291080020112719589,2023-08-20,Feira de Santana,0.9699917,619609,21.1428571428571,86.8571428571429,0,0.0,1,70.6090648571429,54.8571428571429,24.5563998571429,27.1428571428571,46,,,,,84595
2011-06-26,201126,123.0,123,123,123,0.83918184,19.851229,0,1,291080020112619589,2023-08-20,Feira de Santana,1.1392046,619609,22.1428571428571,88.5714285714286,0,0.0,1,73.5252091428572,57.1428571428571,25.1486121428571,27.8571428571429,65,,,,,84595
2011-06-19,201125,87.0,87,87,87,0.010854115,14.041113,0,1,291080020112519589,2023-08-20,Feira de Santana,0.725732,619609,23.4285714285714,82.0,1,0.0,1,68.9689477142857,53.8571428571429,25.3165468571429,27.2857142857143,52,,,,,84595
2011-06-12,201124,115.0,115,115,115,0.11520122,18.560091,0,1,291080020112419589,2023-08-20,Feira de Santana,0.85898066,619609,22.1428571428571,92.2857142857143,0,0.0,1,77.9919855714286,62.0,24.5473421428571,26.7142857142857,57,,,,,84595
2011-06-05,201123,105.0,105,105,105,0.023260213,16.94617,0,1,291080020112319589,2023-08-20,Feira de Santana,0.77323085,619609,21.4285714285714,86.8571428571429,0,0.0,1,71.4573565714286,53.1428571428571,24.7640141428571,27.7142857142857,58,,,,,84595
2011-05-29,201122,155.0,155,155,155,0.9026967,25.015776,0,1,291080020112219589,2023-08-20,Feira de Santana,1.1651558,619609,23.8571428571429,82.2857142857143,1,0.0,2,70.1601792857143,51.2857142857143,25.8441184285714,29.1428571428571,82,,,,,84595
2011-05-22,201121,137.0,137,137,137,0.51992565,22.110718,0,1,291080020112119589,2023-08-20,Feira de Santana,1.0060554,619609,23.5714285714286,82.1428571428571,1,0.0,1,68.1444031428571,51.2857142857143,25.8878842857143,28.1428571428571,75,,,,,84595
2011-05-15,201120,123.0,123,123,123,0.24568187,19.851229,0,1,291080020112019589,2023-08-20,Feira de Santana,0.9178253,619609,23.0,87.7142857142857,0,0.0,1,73.3405071428571,56.5714285714286,25.5707671428571,28.0,50,,,,,84595
2011-05-08,201119,139.0,139,139,139,0.86130774,22.433502,0,2,291080020111919589,2023-08-20,Feira de Santana,1.1440041,619609,23.1428571428571,86.8571428571429,1,0.0,1,71.9541285714286,53.5714285714286,25.8847048571429,29.0,58,,,,,84595
2011-05-01,201118,154.0,154,154,154,0.9703203,24.854383,0,2,291080020111819589,2023-08-20,Feira de Santana,1.2549332,619609,23.7142857142857,90.1428571428571,1,1.0,2,73.9870557142857,57.1428571428571,26.5022434285714,29.2857142857143,71,,,,,84595
2011-04-24,201117,108.0,108,108,108,0.0076742717,17.430347,0,2,291080020111719589,2023-08-20,Feira de Santana,0.73702204,619609,24.0,86.0,1,0.0,1,73.3522785714286,56.5714285714286,26.2552215714286,28.7142857142857,58,,,,,84595
2011-04-17,201116,101.0,101,101,101,3.5739947e-06,16.300602,0,4,291080020111619589,2023-08-20,Feira de Santana,0.57710576,619609,24.1428571428571,84.8571428571429,1,0.0,1,72.1186654285714,56.0,27.136115,29.8571428571429,50,,,,,84595
2011-04-10,201115,156.0,156,156,156,0.029643716,25.177168,0,4,291080020111519589,2023-08-20,Feira de Santana,0.81647897,619609,24.8571428571429,85.7142857142857,1,0.0,2,70.3986537142857,52.0,27.59174,30.2857142857143,68,,,,,84595
2011-04-03,201114,171.0,171,171,171,0.23587406,27.59805,0,4,291080020111419589,2023-08-20,Feira de Santana,0.9265681,619609,23.7142857142857,89.5714285714286,1,0.0,2,74.34724,56.1428571428571,27.2765422857143,30.1428571428571,75,,,,,84595
2011-03-27,201113,219.0,219,219,219,0.99651724,35.34487,0,4,291080020111319589,2023-08-20,Feira de Santana,1.3178443,619609,23.5714285714286,93.4285714285714,1,1.0,2,77.32958,59.0,27.2910387142857,30.0,104,,,,,84595
2011-03-20,201112,182.0,182,182,182,0.9867702,29.373363,0,3,291080020111219589,2023-08-20,Feira de Santana,1.2803912,619609,24.2857142857143,92.1428571428571,1,1.0,2,80.1174711428571,64.5714285714286,26.7571614285714,29.4285714285714,107,,,,,84595
2011-03-13,201111,170.0,170,170,170,0.999319,27.436657,0,3,291080020111119589,2023-08-20,Feira de Santana,1.4645841,619609,24.7142857142857,89.7142857142857,1,1.0,2,76.5810821428571,50.8571428571429,27.4209222857143,31.4285714285714,96,,,,,84595
2011-03-06,201110,150.0,150,150,150,0.99958146,24.208815,0,2,291080020111019589,2023-08-20,Feira de Santana,1.5350685,619609,25.1428571428571,87.4285714285714,1,1.0,1,72.74911,53.8571428571429,28.1833534285714,31.8571428571429,89,,,,,84595
2011-02-27,201109,107.0,107,107,107,0.9420126,17.268955,0,2,291080020110919589,2023-08-20,Feira de Santana,1.2547746,619609,24.7142857142857,85.1428571428571,1,0.0,1,69.6121171428571,51.2857142857143,28.047235,31.0,61,,,,,84595
2011-02-20,201108,93.0,93,93,93,0.933717,15.009465,0,2,291080020110819589,2023-08-20,Feira de Santana,1.2626605,619609,25.0,86.7142857142857,1,0.0,1,71.2403388571429,52.7142857142857,27.8870291428571,31.0,65,,,,,84595
2011-02-13,201107,95.0,95,95,95,0.99198115,15.33225,0,2,291080020110719589,2023-08-20,Feira de Santana,1.4674683,619609,24.5714285714286,86.5714285714286,1,1.0,1,68.9476028571429,52.4285714285714,27.7380518571429,30.7142857142857,60,,,,,84595
2011-02-06,201106,61.0,61,61,61,0.74942523,9.844918,0,2,291080020110619589,2023-08-20,Feira de Santana,1.1333984,619609,26.0,78.7142857142857,1,0.0,1,66.586862,50.7142857142857,28.109823,30.4285714285714,34,,,,,84595
2011-01-30,201105,76.0,76,76,76,0.99693406,12.2657995,0,2,291080020110519589,2023-08-20,Feira de Santana,1.6525252,619609,25.1428571428571,81.8571428571429,1,1.0,1,67.2772434285714,52.5714285714286,27.9533538571429,30.5714285714286,34,,,,,84595
2011-01-23,201104,51.0,51,51,51,0.76565206,8.230997,0,2,291080020110419589,2023-08-20,Feira de Santana,1.1598109,619609,24.2857142857143,87.1428571428571,1,0.0,1,70.9838297142857,53.2857142857143,27.2799261428571,29.8571428571429,23,,,,,84595
2011-01-16,201103,36.0,36,36,36,0.27573362,5.810116,0,2,291080020110319589,2023-08-20,Feira de Santana,0.8737293,619609,23.8571428571429,89.5714285714286,1,0.0,1,74.93685,57.5714285714286,26.5201568571429,29.1428571428571,12,,,,,84595
2011-01-09,201102,54.0,54,54,54,0.91430676,8.715174,0,2,291080020110219589,2023-08-20,Feira de Santana,1.3246424,619609,23.2857142857143,90.4285714285714,1,0.0,1,76.7638307142857,58.5714285714286,26.4529775714286,29.0,19,,,,,84595
2011-01-02,201101,36.0,36,36,36,0.1389521,5.810116,0,2,291080020110119589,2023-08-20,Feira de Santana,0.78691006,619609,24.8571428571429,85.7142857142857,1,0.0,1,74.3881478571429,58.5714285714286,27.006116,29.7142857142857,13,,,,,84595
2010-12-26,201052,38.0,38,38,38,0.06688266,6.1328998,0,2,291080020105219589,2023-08-20,Feira de Santana,0.7288042,619609,24.1428571428571,88.8571428571429,1,0.0,1,74.4355894285714,58.2857142857143,27.1407162857143,29.7142857142857,9,,,,,84595
2010-12-19,201051,44.0,44,44,44,0.12431936,7.1012526,0,2,291080020105119589,2023-08-20,Feira de Santana,0.7936023,619609,23.7142857142857,88.8571428571429,1,0.0,1,74.2364457142857,58.8571428571429,26.8438601428571,29.4285714285714,22,,,,,84595
2010-12-12,201050,57.0,57,57,57,0.4294886,9.19935,0,2,291080020105019589,2023-08-20,Feira de Santana,0.96764433,619609,25.3333333333333,85.1666666666667,1,0.0,1,74.2603416666667,59.1666666666667,27.0909496666667,29.3333333333333,20,,,,,84595
2010-12-05,201049,56.0,56,56,56,0.30628702,9.037958,0,2,291080020104919589,2023-08-20,Feira de Santana,0.91104203,619609,23.5714285714286,93.4285714285714,1,0.0,1,79.53447,64.0,26.190989,29.0,30,,,,,84595
2010-11-28,201048,52.0,52,52,52,0.3976267,8.392389,0,2,291080020104819589,2023-08-20,Feira de Santana,0.95117044,619609,24.0,92.0,1,0.0,1,76.2821334285714,56.4285714285714,26.5604192857143,29.4285714285714,25,,,,,84595
2010-11-21,201047,76.0,76,76,76,0.99808115,12.2657995,0,2,291080020104719589,2023-08-20,Feira de Santana,1.705904,619609,24.4285714285714,88.8571428571429,1,1.0,1,75.2410714285714,56.8571428571429,26.8303571428571,29.5714285714286,36,,,,,84595
2010-11-14,201046,55.0,55,55,55,0.9327582,8.876566,0,2,291080020104619589,2023-08-20,Feira de Santana,1.3590629,619609,24.4285714285714,83.2857142857143,1,0.0,1,71.74064,54.4285714285714,26.829637,29.5714285714286,15,,,,,84595
2010-11-07,201045,38.0,38,38,38,0.30550572,6.1328998,0,2,291080020104519589,2023-08-20,Feira de Santana,0.8932804,619609,24.1428571428571,86.4285714285714,1,0.0,1,72.2236608571429,55.4285714285714,26.8444502857143,29.7142857142857,8,,,,,84595
2010-10-31,201044,40.0,40,40,40,0.27938107,6.455684,0,2,291080020104419589,2023-08-20,Feira de Santana,0.8815583,619609,24.4285714285714,86.5714285714286,1,0.0,1,74.47508,58.8571428571429,26.7244058571429,29.2857142857143,13,,,,,84595
2010-10-24,201043,38.0,38,38,38,0.234643,6.1328998,0,2,291080020104319589,2023-08-20,Feira de Santana,0.85321075,619609,24.5714285714286,91.0,1,0.0,1,78.836186,59.7142857142857,26.7756084285714,29.4285714285714,12,,,,,84595
2010-10-17,201042,55.0,55,55,55,0.7599641,8.876566,0,2,291080020104219589,2023-08-20,Feira de Santana,1.1489589,619609,24.0,86.4285714285714,1,0.0,1,74.1022677142857,57.8571428571429,26.0634667142857,28.2857142857143,21,,,,,84595
2010-10-10,201041,40.0,40,40,40,0.031629205,6.455684,0,1,291080020104119589,2023-08-20,Feira de Santana,0.6863301,619609,25.0,81.7142857142857,1,0.0,1,72.3568551428571,58.5714285714286,26.5848214285714,28.5714285714286,19,,,,,84595
2010-10-03,201040,39.0,39,39,39,0.0040294365,6.294292,0,1,291080020104019589,2023-08-20,Feira de Santana,0.59205073,619609,23.8571428571429,92.5714285714286,1,0.0,1,78.5828737142857,61.7142857142857,26.0741882857143,28.5714285714286,20,,,,,84595
2010-09-26,201039,64.0,64,64,64,0.32122263,10.329095,0,1,291080020103919589,2023-08-20,Feira de Santana,0.92293733,619609,22.8571428571429,91.0,0,0.0,1,77.3684657142857,61.1428571428571,25.4406641428571,28.0,31,,,,,84595
2010-09-19,201038,72.0,72,72,72,0.27935195,11.620232,0,1,291080020103819589,2023-08-20,Feira de Santana,0.90945154,619609,22.8571428571429,88.4285714285714,0,0.0,1,74.2448622857143,57.4285714285714,24.9679641428571,27.2857142857143,28,,,,,84595
2010-09-12,201037,63.0,63,63,63,0.0041669877,10.167703,0,1,291080020103719589,2023-08-20,Feira de Santana,0.65581244,619609,22.2857142857143,86.1428571428571,0,0.0,1,71.5257068571429,56.7142857142857,24.7203725714286,26.7142857142857,30,,,,,84595
2010-09-05,201036,71.0,71,71,71,0.00080843305,11.458839,0,1,291080020103619589,2023-08-20,Feira de Santana,0.6253345,619609,21.8571428571429,91.8571428571429,0,0.0,1,74.8756071428571,56.7142857142857,24.320734,26.7142857142857,34,,,,,84595
2010-08-29,201035,105.0,105,105,105,0.039924808,16.94617,0,1,291080020103519589,2023-08-20,Feira de Santana,0.79616886,619609,22.0,90.0,0,0.0,1,70.6490044285714,51.5714285714286,24.830765,27.2857142857143,40,,,,,84595
2010-08-22,201034,105.0,105,105,105,0.0050549703,16.94617,0,1,291080020103419589,2023-08-20,Feira de Santana,0.7213768,619609,21.2857142857143,95.0,0,0.0,1,73.72721,54.0,24.1437372857143,26.7142857142857,39,,,,,84595
2010-08-15,201033,139.0,139,139,139,0.2753585,22.433502,0,1,291080020103319589,2023-08-20,Feira de Santana,0.9321828,619609,19.4285714285714,100.0,0,0.0,1,77.7682985714286,57.7142857142857,22.6484595714286,25.1428571428571,65,,,,,84595
2010-08-08,201032,149.0,149,149,149,0.50406474,24.047424,0,1,291080020103219589,2023-08-20,Feira de Santana,1.0011798,619609,21.2857142857143,85.8571428571429,0,0.0,1,69.341326,51.5714285714286,24.0658691428571,26.4285714285714,74,,,,,84595
2010-08-01,201031,161.0,161,161,161,0.5337088,25.984129,0,1,291080020103119589,2023-08-20,Feira de Santana,1.0094835,619609,20.5714285714286,94.1428571428571,0,0.0,2,74.9504317142857,54.4285714285714,23.5003705714286,26.8571428571429,75,,,,,84595
2010-07-25,201030,132.0,132,132,132,0.009718689,21.303759,0,4,291080020103019589,2023-08-20,Feira de Santana,0.7644378,619609,21.8571428571429,89.2857142857143,0,0.0,1,70.802481,54.0,24.2801058571429,26.8571428571429,72,,,,,84595
2010-07-18,201029,158.0,158,158,158,0.26451054,25.499952,0,4,291080020102919589,2023-08-20,Feira de Santana,0.9328456,619609,21.5714285714286,89.7142857142857,0,0.0,2,71.7502194285714,50.8571428571429,23.8978565714286,26.7142857142857,93,,,,,84595
2010-07-11,201028,187.0,187,187,187,0.9556769,30.180323,0,4,291080020102819589,2023-08-20,Feira de Santana,1.2021931,619609,21.8571428571429,91.5714285714286,0,1.0,2,79.4989284285714,64.7142857142857,24.3316555714286,27.1428571428571,106,,,,,84595
2010-07-04,201027,184.0,184,184,184,0.8849235,29.696148,0,1,291080020102719589,2023-08-20,Feira de Santana,1.1377482,619609,21.8571428571429,89.2857142857143,0,0.0,2,77.2467894285714,61.2857142857143,24.3370345714286,26.5714285714286,103,,,,,84595
2010-06-27,201026,140.0,140,140,140,0.0009817746,22.594894,0,1,291080020102619589,2023-08-20,Feira de Santana,0.7121458,619609,22.4285714285714,90.2857142857143,0,0.0,1,79.2217112857143,63.7142857142857,24.334203,26.2857142857143,83,,,,,84595
2010-06-20,201025,137.0,137,137,137,8.89208e-07,22.110718,0,4,291080020102519589,2023-08-20,Feira de Santana,0.6018356,619609,23.4285714285714,87.8571428571429,1,0.0,1,72.08104,55.4285714285714,25.5880735714286,27.2857142857143,96,,,,,84595
2010-06-13,201024,199.0,199,199,199,0.0858904,32.117027,0,4,291080020102419589,2023-08-20,Feira de Santana,0.8759877,619609,23.7142857142857,82.5714285714286,1,0.0,2,67.9911114285714,50.5714285714286,25.295402,27.2857142857143,122,,,,,84595
2010-06-06,201023,260.0,260,260,260,0.98952174,41.96195,0,4,291080020102319589,2023-08-20,Feira de Santana,1.2378774,619609,24.4285714285714,82.4285714285714,1,1.0,2,67.1333145714286,52.2857142857143,26.6649385714286,28.7142857142857,172,,,,,84595
2010-05-30,201022,235.0,235,235,235,0.9932533,37.927143,0,4,291080020102219589,2023-08-20,Feira de Santana,1.2736329,619609,24.5714285714286,84.1428571428571,1,1.0,2,70.0090622857143,53.8571428571429,26.6672045714286,29.1428571428571,161,,,,,84595
2010-05-23,201021,194.0,194,194,194,0.99519604,31.310068,0,4,291080020102119589,2023-08-20,Feira de Santana,1.3254857,619609,24.2857142857143,87.1428571428571,1,1.0,2,73.7633294285714,61.0,26.9411987142857,29.1428571428571,142,,,,,84595
2010-05-16,201020,228.0,228,228,228,0.99999994,36.7974,0,2,291080020102019589,2023-08-20,Feira de Santana,1.7960451,619609,24.2857142857143,86.0,1,1.0,2,71.2915522857143,56.2857142857143,26.8583278571429,29.2857142857143,159,,,,,84595
2010-05-09,201019,112.0,112,112,112,0.21424666,18.075916,0,2,291080020101919589,2023-08-20,Feira de Santana,0.9021856,619609,24.0,91.8571428571429,1,0.0,1,76.7685037142857,60.8571428571429,27.1766958571429,30.0,68,,,,,84595
2010-05-02,201018,114.0,114,114,114,0.61502266,18.3987,0,3,291080020101819589,2023-08-20,Feira de Santana,1.039813,619609,23.4285714285714,89.4285714285714,1,0.0,1,74.319882,57.4285714285714,26.6711311428571,29.1428571428571,64,,,,,84595
2010-04-25,201017,147.0,147,147,147,0.99992085,23.72464,0,3,291080020101719589,2023-08-20,Feira de Santana,1.6457174,619609,24.8571428571429,87.0,1,1.0,1,69.802612,56.4285714285714,27.8208908571429,29.8571428571429,74,,,,,84595
2010-04-18,201016,114.0,114,114,114,0.9939921,18.3987,0,2,291080020101619589,2023-08-20,Feira de Santana,1.4384042,619609,24.8571428571429,89.0,1,1.0,1,74.0369211428571,59.7142857142857,27.4263674285714,29.7142857142857,67,,,,,84595
2010-04-11,201015,72.0,72,72,72,0.40814635,11.620232,0,2,291080020101519589,2023-08-20,Feira de Santana,0.9624799,619609,24.1428571428571,93.1428571428571,1,0.0,1,80.1497615714286,64.7142857142857,26.4815602857143,28.7142857142857,46,,,,,84595
2010-04-04,201014,87.0,87,87,87,0.88977766,14.041113,0,2,291080020101419589,2023-08-20,Feira de Santana,1.2147415,619609,24.1428571428571,93.4285714285714,1,0.0,1,79.6457062857143,62.7142857142857,26.8181951428571,29.4285714285714,47,,,,,84595
2010-03-28,201013,68.0,68,68,68,0.61039734,10.974663,0,3,291080020101319589,2023-08-20,Feira de Santana,1.0497106,619609,24.8571428571429,91.4285714285714,1,0.0,1,76.47238,61.4285714285714,27.7926632857143,30.2857142857143,38,,,,,84595
2010-03-21,201012,78.0,78,78,78,0.98284584,12.588584,0,3,291080020101219589,2023-08-20,Feira de Santana,1.4486154,619609,24.4285714285714,87.5714285714286,1,1.0,1,73.8206577142857,54.4285714285714,27.6523888571429,30.5714285714286,39,,,,,84595
2010-03-14,201011,67.0,67,67,67,0.9850251,10.813271,0,2,291080020101119589,2023-08-20,Feira de Santana,1.5134655,619609,25.2857142857143,93.5714285714286,1,1.0,1,78.1520071428571,60.5714285714286,28.3862331428571,31.5714285714286,33,,,,,84595
2010-03-07,201010,55.0,55,55,55,0.94682205,8.876566,0,2,291080020101019589,2023-08-20,Feira de Santana,1.3954042,619609,25.0,100.0,1,0.0,1,85.0153428571429,63.8571428571429,28.1269011428571,31.4285714285714,31,,,,,84595
2010-02-28,201009,37.0,37,37,37,0.567895,5.971508,0,2,291080020100919589,2023-08-20,Feira de Santana,1.0407372,619609,25.4285714285714,96.0,1,0.0,1,82.1489828571429,64.8571428571429,28.5495342857143,31.7142857142857,19,,,,,84595
2010-02-21,201008,44.0,44,44,44,0.92319745,7.1012526,0,2,291080020100819589,2023-08-20,Feira de Santana,1.388765,619609,26.1428571428571,89.2857142857143,1,0.0,1,78.2142857142857,63.4285714285714,28.5803571428571,31.0,26,,,,,84595
2010-02-14,201007,33.0,33,33,33,0.72585243,5.3259397,0,2,291080020100719589,2023-08-20,Feira de Santana,1.1647273,619609,26.1428571428571,90.5714285714286,1,0.0,1,76.6888528571429,60.2857142857143,28.7869317142857,31.4285714285714,19,,,,,84595
2010-02-07,201006,34.0,34,34,34,0.77430385,5.4873314,0,2,291080020100619589,2023-08-20,Feira de Santana,1.209568,619609,25.7142857142857,91.4285714285714,1,0.0,1,76.4776914285714,60.8571428571429,28.252259,31.0,23,,,,,84595
2010-01-31,201005,26.0,26,26,26,0.0,4.1961946,0,2,291080020100519589,2023-08-20,Feira de Santana,0.0,619609,26.7142857142857,86.1428571428571,1,0.0,0,74.6974371428571,60.1428571428571,28.6552418571429,31.2857142857143,15,,,,,84595
2010-01-24,201004,24.0,24,24,24,0.0,3.8734105,0,2,291080020100419589,2023-08-20,Feira de Santana,0.0,619609,25.4285714285714,88.1428571428571,1,0.0,0,76.2218385714286,61.8571428571429,28.1480111428571,30.8571428571429,12,,,,,84595
2010-01-17,201003,38.0,38,38,38,0.0,6.1328998,0,2,291080020100319589,2023-08-20,Feira de Santana,0.0,619609,25.2857142857143,93.7142857142857,1,0.0,1,80.6232414285714,66.8571428571429,27.6983225714286,30.1428571428571,19,,,,,84595
2010-01-10,201002,20.0,20,20,20,0.0,3.227842,0,1,291080020100219589,2023-08-20,Feira de Santana,0.0,619609,24.4285714285714,96.7142857142857,1,0.0,0,82.6385277142857,65.4285714285714,27.5036442857143,30.5714285714286,5,,,,,84595
2010-01-03,201001,30.0,30,30,30,0.0,4.841763,0,1,291080020100119589,2023-08-20,Feira de Santana,0.0,619609,24.1428571428571,96.7142857142857,1,,1,82.9896285714286,67.2857142857143,27.4443221428571,30.4285714285714,13,,,,,84595
