data_iniSE,SE,casos_est,casos_est_min,casos_est_max,casos,p_rt1,p_inc100k,Localidade_id,nivel,id,versao_modelo,municipio_nome,Rt,pop,tempmin,umidmax,receptivo,transmissao,nivel_inc,umidmed,umidmin,tempmed,tempmax,casprov,casprov_est,casprov_est_min,casprov_est_max,casconf,notif_accum_year
2026-09-13,202637,5.0,0,23,0,0.49974236,1.8313208,0,1,210530220263720719,2026-09-23,Imperatriz,0.99960846,273027,24.9061,74.321525,0,0,0,53.473875,32.4992,29.8694,35.431675,0,,,,,5554
2026-09-06,202636,5.0,1,16,1,0.5107535,1.8313208,0,1,210530220263620719,2026-09-23,Imperatriz,1.0165457,273027,24.4173714285714,74.7897285714286,0,0,0,53.9024428571429,34.6964,29.6404714285714,34.8696285714286,1,,,,,5554
2026-08-30,202635,6.0,3,13,3,0.5862424,2.1975849,0,1,210530220263520719,2026-09-23,Imperatriz,1.1332078,273027,24.8202571428571,77.1154428571429,0,0,1,56.1480571428571,37.1467571428571,29.7223,34.7830142857143,2,,,,,5554
2026-08-23,202634,3.0,1,8,1,0.25769016,1.0987924,0,1,210530220263420719,2026-09-23,Imperatriz,0.6382574,273027,23.8781857142857,75.2855285714286,0,0,0,52.8236428571429,33.2335,29.2030571428571,34.8611714285714,0,,,,,5554
2026-08-16,202633,7.0,6,11,6,0.88923734,2.563849,0,1,210530220263320719,2026-09-23,Imperatriz,2.1297967,273027,23.5306714285714,73.1026857142857,0,0,1,50.7277428571429,31.3524857142857,28.9949142857143,34.6971,2,,,,,5554
2026-08-09,202632,5.5,5,8,5,0.8979574,2.0144527,0,1,210530220263220719,2026-09-23,Imperatriz,2.4727314,273027,22.9363428571429,79.5351571428571,0,0,1,56.2598142857143,35.2443714285714,28.473,33.9767,2,,,,,5554
2026-08-02,202631,2.0,2,4,2,0.6722546,0.73252827,0,1,210530220263120719,2026-09-23,Imperatriz,1.5482337,273027,22.3176,75.6897571428571,0,0,0,51.9086142857143,32.2484714285714,28.2677285714286,33.9324571428571,1,,,,,5554
2026-07-26,202630,3.0,3,5,3,0.9199813,1.0987924,0,1,210530220263020719,2026-09-23,Imperatriz,4.1803417,273027,23.1840285714286,86.6279142857143,0,0,0,63.0872857142857,40.6301,28.0491285714286,33.0340714285714,2,,,,,5554
2026-07-19,202629,1.0,1,2,1,0.531465,0.36626413,0,1,210530220262920719,2026-09-23,Imperatriz,1.0965472,273027,22.6204428571429,81.6229,0,0,0,60.0703857142857,41.6158142857143,27.5842,32.4575,1,,,,,5554
2026-07-12,202628,0.0,0,1,0,0.0,0.0,0,1,210530220262820719,2026-09-23,Imperatriz,0.0,273027,22.9320142857143,86.1386714285714,0,0,0,68.6115428571429,48.5008714285714,26.9780857142857,31.5730142857143,0,,,,,5554
2026-07-05,202627,1.0,1,1,1,0.19353625,0.36626413,0,1,210530220262720719,2026-09-23,Imperatriz,0.42206126,273027,23.6194142857143,82.6781285714286,0,0,0,62.5836857142857,41.3845428571429,28.0683,33.0419428571429,1,,,,,5554
2026-06-28,202626,1.0,1,1,1,0.085811645,0.36626413,0,1,210530220262620719,2026-09-23,Imperatriz,0.28227195,273027,22.8842571428571,75.9542857142857,0,0,0,55.9813857142857,36.3289714285714,27.6950142857143,32.6402,0,,,,,5554
2026-06-21,202625,4.0,4,4,4,0.2184193,1.4650565,0,1,210530220262520719,2026-09-23,Imperatriz,0.6255091,273027,23.6290142857143,82.8462714285714,0,0,0,61.8182285714286,40.4441285714286,28.0795571428571,32.9666857142857,2,,,,,5554
2026-06-14,202624,0.0,0,0,0,0.0,0.0,0,1,210530220262420719,2026-09-23,Imperatriz,0.0,273027,23.1807,88.8402571428571,0,0,0,68.6565714285714,46.8714857142857,27.6512,32.4267714285714,0,,,,,5554
2026-06-07,202623,8.0,8,8,8,0.42476335,2.930113,0,1,210530220262320719,2026-09-23,Imperatriz,0.91352105,273027,23.6504571428571,84.3048285714286,0,0,1,64.2649285714286,44.4493714285714,28.1077571428571,32.7640857142857,5,,,,,5554
2026-05-31,202622,10.0,10,10,10,0.71092683,3.6626415,0,1,210530220262220719,2026-09-23,Imperatriz,1.2957598,273027,23.8376571428571,85.5413714285714,0,0,1,67.1887142857143,45.5765571428571,27.7655285714286,32.1393285714286,5,,,,,5554
2026-05-24,202621,10.0,10,10,10,0.7275098,3.6626415,0,1,210530220262120719,2026-09-23,Imperatriz,1.328008,273027,22.1317285714286,86.8958714285714,0,0,1,64.8162,41.9035714285714,27.3000285714286,32.5044571428571,6,,,,,5554
2026-05-17,202620,6.0,6,6,6,0.25161785,2.1975849,0,1,210530220262020719,2026-09-23,Imperatriz,0.70867354,273027,23.3741428571429,90.9577857142857,0,0,1,74.6641285714286,53.1835142857143,27.2291857142857,31.6236428571429,4,,,,,5554
2026-05-10,202619,8.0,8,8,8,0.28944126,2.930113,0,1,210530220261920719,2026-09-23,Imperatriz,0.7753178,273027,23.5414428571429,94.6614,0,0,1,82.9833,66.7262428571429,26.3993571428571,30.0020285714286,5,,,,,5554
2026-05-03,202618,7.0,7,7,7,0.13026376,2.563849,0,1,210530220261820719,2026-09-23,Imperatriz,0.59656644,273027,23.0595285714286,93.1969285714286,0,0,1,78.5214,58.9943571428571,26.6401428571429,30.6040714285714,7,,,,,5554
2026-04-26,202617,11.0,11,11,11,0.36448723,4.0289054,0,1,210530220261720719,2026-09-23,Imperatriz,0.8692265,273027,23.0658571428571,92.9017714285714,0,0,1,80.2543142857143,63.4107428571429,26.4152142857143,30.1329857142857,9,,,,,5554
2026-04-19,202616,13.0,13,13,13,0.38156945,4.761434,0,1,210530220261620719,2026-09-23,Imperatriz,0.8929954,273027,22.9991857142857,95.955,1,0,1,86.3537428571429,73.6206571428571,25.5419,28.7614,10,,,,,5554
2026-04-12,202615,11.0,11,11,11,0.16537403,4.0289054,0,1,210530220261520719,2026-09-23,Imperatriz,0.6893562,273027,23.4024142857143,95.6079714285714,1,0,1,83.9694571428571,67.6333142857143,26.3966,30.2320285714286,9,,,,,5554
2026-04-05,202614,14.0,14,14,14,0.429825,5.127698,0,1,210530220261420719,2026-09-23,Imperatriz,0.9372419,273027,23.2391428571429,94.9545857142857,0,0,1,84.4412,70.6942857142857,25.9653857142857,29.3003714285714,11,,,,,5554
2026-03-29,202613,20.0,20,20,20,0.8962698,7.325283,0,2,210530220261320719,2026-09-23,Imperatriz,1.5514106,273027,22.8333428571429,95.7067142857143,1,0,2,85.5144142857143,70.6640285714286,25.4162285714286,28.9835428571429,10,,,,,5554
2026-03-22,202612,13.0,13,13,13,0.71315974,4.761434,0,2,210530220261220719,2026-09-23,Imperatriz,1.2580291,273027,23.0312285714286,96.0568142857143,1,0,1,83.4211428571429,66.9745857142857,26.1221428571429,29.7289285714286,12,,,,,5554
2026-03-15,202611,15.0,15,15,15,0.9403324,5.4939623,0,2,210530220261120719,2026-09-23,Imperatriz,1.9302039,273027,22.9199571428571,95.8645142857143,1,0,2,84.4180571428571,68.2892714285714,25.6551,29.1887571428571,9,,,,,5554
2026-03-08,202610,9.0,9,9,9,0.8410052,3.2963772,0,2,210530220261020719,2026-09-23,Imperatriz,1.6825188,273027,23.0310857142857,95.7229285714286,1,0,1,84.8915428571429,70.7855571428571,25.7131571428571,28.9019,6,,,,,5554
2026-03-01,202609,9.0,9,9,9,0.94059575,3.2963772,0,2,210530220260920719,2026-09-23,Imperatriz,2.4235966,273027,22.5725,97.2255428571429,1,0,1,87.8021571428571,72.6183,24.9190428571429,28.3087428571429,7,,,,,5554
2026-02-22,202608,4.0,4,4,4,0.6669664,1.4650565,0,2,210530220260820719,2026-09-23,Imperatriz,1.3636597,273027,22.8908428571429,96.0955714285714,1,0,0,85.5825571428571,70.5391714285714,25.3111142857143,28.4936714285714,1,,,,,5554
2026-02-15,202607,4.0,4,4,4,0.65624976,1.4650565,0,1,210530220260720719,2026-09-23,Imperatriz,1.3333327,273027,22.7356714285714,96.4959714285714,1,0,0,84.3384571428571,67.4078714285714,25.5281571428571,29.2039285714286,2,,,,,5554
2026-02-08,202606,2.0,2,2,2,0.27383316,0.73252827,0,1,210530220260620719,2026-09-23,Imperatriz,0.6125408,273027,22.3409142857143,96.0179285714286,1,0,0,84.8342571428571,69.0020285714286,25.1313,28.6578571428571,1,,,,,5554
2026-02-01,202605,3.0,3,3,3,0.38131082,1.0987924,0,1,210530220260520719,2026-09-23,Imperatriz,0.8031108,273027,23.6428571428571,93.7844142857143,0,0,0,82.4570428571429,69.0294428571429,26.4402428571429,29.8567142857143,1,,,,,5554
2026-01-25,202604,4.0,4,4,4,0.36890072,1.4650565,0,1,210530220260420719,2026-09-23,Imperatriz,0.8073063,273027,22.9934714285714,94.5861571428571,0,0,0,81.7663714285714,64.0242142857143,26.3492428571429,30.5172142857143,0,,,,,5554
2026-01-18,202603,2.0,2,2,2,0.061133254,0.73252827,0,1,210530220260320719,2026-09-23,Imperatriz,0.33118635,273027,23.2290285714286,94.4649571428571,0,0,0,82.2863142857143,65.8729285714286,25.7923714285714,29.4820857142857,0,,,,,5554
2026-01-11,202602,6.0,6,6,6,0.4488776,2.1975849,0,1,210530220260220719,2026-09-23,Imperatriz,0.93195194,273027,23.3568285714286,93.8676714285714,0,0,1,80.7739714285714,63.8731285714286,26.5669571428571,30.4110428571429,2,,,,,5554
2026-01-04,202601,6.0,6,6,6,0.53371626,2.1975849,0,1,210530220260120719,2026-09-23,Imperatriz,1.0488555,273027,23.1699571428571,93.3608142857143,0,0,1,78.1733714285714,59.1469571428571,26.6340142857143,30.5993142857143,3,,,,,5554
2025-12-28,202553,7.0,7,7,7,0.8021229,2.563849,0,1,210530220255320719,2026-09-23,Imperatriz,1.6395757,273027,23.8498,92.4434,0,0,1,80.2284285714286,64.3928285714286,26.8233,30.4657428571429,3,,,,,5554
2025-12-21,202552,7.0,7,7,7,0.8653667,2.563849,0,1,210530220255220719,2026-09-23,Imperatriz,1.9538614,273027,22.3792,95.5210142857143,1,0,1,84.3606714285714,66.6307714285714,25.0950285714286,28.6975857142857,2,,,,,5554
2025-12-14,202551,3.0,3,3,3,0.44037062,1.0987924,0,1,210530220255120719,2026-09-23,Imperatriz,0.8945002,273027,23.9953571428571,93.6772,0,0,0,81.1106714285714,64.3227428571429,26.5271285714286,29.9383285714286,0,,,,,5554
2025-12-07,202550,3.0,3,3,3,0.51749706,1.0987924,0,1,210530220255020719,2026-09-23,Imperatriz,1.0342102,273027,23.3185428571429,95.6318428571429,1,0,0,80.6650285714286,62.2638,26.3738857142857,30.2689571428571,3,,,,,5554
2025-11-30,202549,5.0,5,5,5,0.79423577,1.8313208,0,1,210530220254920719,2026-09-23,Imperatriz,1.7614468,273027,24.0547857142857,91.6512428571429,0,0,0,78.3903142857143,59.9450285714286,26.8226428571429,30.2372285714286,4,,,,,5554
2025-11-23,202548,1.0,1,1,1,0.20439695,0.36626413,0,1,210530220254820719,2026-09-23,Imperatriz,0.43657553,273027,24.7037857142857,87.074,0,0,0,70.9934285714286,52.2441428571429,28.0337428571429,31.9900142857143,1,,,,,5554
2025-11-16,202547,4.0,4,4,4,0.89298314,1.4650565,0,1,210530220254720719,2026-09-23,Imperatriz,2.8482363,273027,24.6827571428571,81.6861571428571,0,0,0,65.4443,47.6893285714286,28.6011142857143,33.0583857142857,4,,,,,5554
2025-11-09,202546,3.0,3,3,3,0.76774514,1.0987924,0,1,210530220254620719,2026-09-23,Imperatriz,1.8899349,273027,24.2554428571429,80.5669285714286,0,0,0,62.0209,44.0467142857143,28.6486857142857,33.3371714285714,2,,,,,5554
2025-11-02,202545,0.0,0,0,0,0.0,0.0,0,1,210530220254520719,2026-09-23,Imperatriz,0.0,273027,24.5861285714286,81.0182,0,0,0,62.6502,43.0290857142857,29.0025142857143,33.7723,0,,,,,5554
2025-10-26,202544,1.0,1,1,1,0.30326587,0.36626413,0,1,210530220254420719,2026-09-23,Imperatriz,0.5809411,273027,24.7293142857143,77.0242571428571,0,0,0,54.3782428571429,36.6958857142857,29.7435571428571,35.0227857142857,0,,,,,5554
2025-10-19,202543,4.0,4,4,4,0.92132837,1.4650565,0,1,210530220254320719,2026-09-23,Imperatriz,3.4560094,273027,23.9246142857143,78.8790714285714,0,0,0,61.4968285714286,43.5595285714286,28.1305428571429,32.7988428571429,4,,,,,5554
2025-10-12,202542,1.0,1,1,1,0.5016314,0.36626413,0,1,210530220254220719,2026-09-23,Imperatriz,1.0047216,273027,24.2411285714286,77.9618571428571,0,0,0,57.0204857142857,35.3629142857143,29.0718142857143,34.3999428571429,1,,,,,5554
2025-10-05,202541,1.0,1,1,1,0.50308084,0.36626413,0,1,210530220254120719,2026-09-23,Imperatriz,1.0089414,273027,24.9005,77.5983,0,0,0,57.2260285714286,40.3786,29.4255428571429,34.1781714285714,1,,,,,5554
2025-09-28,202540,1.0,1,1,1,0.5190166,0.36626413,0,1,210530220254020719,2026-09-23,Imperatriz,1.0569178,273027,24.9819285714286,73.9663714285714,0,0,0,52.0195285714286,32.7623571428571,29.9257142857143,35.2778285714286,1,,,,,5554
2025-09-21,202539,1.0,1,1,1,0.5676775,0.36626413,0,1,210530220253920719,2026-09-23,Imperatriz,1.2242051,273027,25.2281571428571,77.1196571428572,0,0,0,56.1381428571429,37.7274714285714,29.7332571428571,34.4082,1,,,,,5554
2025-09-14,202538,1.0,1,1,1,0.5124293,0.36626413,0,1,210530220253820719,2026-09-23,Imperatriz,1.0367259,273027,24.4822571428571,76.9839428571428,0,0,0,53.3045142857143,34.6070142857143,29.6083714285714,34.9055285714286,1,,,,,5554
2025-09-07,202537,1.0,1,1,1,0.27435657,0.36626413,0,1,210530220253720719,2026-09-23,Imperatriz,0.5359413,273027,24.3081285714286,76.5451571428571,0,0,0,51.6114714285714,33.6104714285714,29.5075428571429,34.7515714285714,1,,,,,5554
2025-08-31,202536,0.0,0,0,0,0.0,0.0,0,1,210530220253620713,2026-09-17,Imperatriz,0.0,273027,23.7233857142857,69.4817857142857,0,0,0,46.0833,27.6436714285714,29.4553285714286,35.3235,0,,,,,5554
2025-08-24,202535,2.0,2,2,2,0.19030614,0.73252827,0,1,210530220253520707,2026-09-11,Imperatriz,0.50355476,273027,23.3022857142857,78.6893,0,0,0,53.8808142857143,34.1300285714286,28.6650428571429,33.9433142857143,2,,,,,5554
2025-08-17,202534,3.0,3,3,3,0.36384815,1.0987924,0,1,210530220253420698,2026-09-02,Imperatriz,0.77800506,273027,22.7005142857143,77.2606571428571,0,0,0,51.2613428571429,31.2262428571429,28.4439714285714,33.9793428571429,3,,,,,5554
2025-08-10,202533,5.0,5,5,5,0.7498786,1.8313208,0,1,210530220253320689,2026-08-24,Imperatriz,1.5731653,273027,23.5494571428571,83.1919857142857,0,0,0,62.7459857142857,41.5774857142857,28.0525142857143,33.1285714285714,3,,,,,5554
2025-08-03,202532,4.0,4,4,4,0.7588309,1.4650565,0,1,210530220253220683,2026-08-18,Imperatriz,1.6986533,273027,23.0492285714286,79.1022571428571,0,0,0,55.6644857142857,36.6230714285714,28.2576857142857,33.2398714285714,0,,,,,5554
2025-07-27,202531,3.0,3,3,3,0.7147034,1.0987924,0,1,210530220253120676,2026-08-11,Imperatriz,1.6122648,273027,22.8286714285714,80.3836142857143,0,0,0,58.5060428571429,38.7167857142857,27.5954285714286,32.8032285714286,2,,,,,5554
2025-07-20,202530,3.0,3,3,3,0.7207811,1.0987924,0,1,210530220253020671,2026-08-06,Imperatriz,1.6397078,273027,23.0554,82.3105571428571,0,0,0,58.9419857142857,38.4603,28.0938714285714,33.1333714285714,2,,,,,5554
2025-07-13,202529,0.0,0,0,0,0.0,0.0,0,1,210530220252920662,2026-07-28,Imperatriz,0.0,273027,21.7595285714286,72.8708285714286,0,0,0,49.6268571428571,30.5646428571429,27.6035,33.2069142857143,0,,,,,5554
2025-07-06,202528,4.0,4,4,4,0.8633615,1.4650565,0,1,210530220252820654,2026-07-20,Imperatriz,2.4436095,273027,21.9784571428571,82.1364714285714,0,0,0,56.7900714285714,36.3299571428571,27.5888571428571,32.7217857142857,4,,,,,5554
2025-06-29,202527,0.0,0,0,0,0.0,0.0,0,1,210530220252720647,2026-07-13,Imperatriz,0.0,273027,22.4255285714286,86.4696857142857,0,0,0,63.5676428571429,41.3298571428571,27.253,32.1096,0,,,,,5554
2025-06-22,202526,1.0,1,1,1,0.3531432,0.36626413,0,1,210530220252620642,2026-07-08,Imperatriz,0.6659231,273027,22.9596714285714,89.7849428571429,0,0,0,67.5722285714286,45.3138,27.4546142857143,32.2444571428571,1,,,,,5554
2025-06-15,202525,4.0,4,4,4,0.9341873,1.4650565,0,1,210530220252520636,2026-07-02,Imperatriz,3.8702655,273027,22.4158142857143,79.7644,0,0,0,62.2599714285714,42.1747285714286,26.8115142857143,31.6427714285714,3,,,,,5554
2025-06-08,202524,1.0,1,1,1,0.2432297,0.36626413,0,1,210530220252420627,2026-06-23,Imperatriz,0.49029014,273027,23.1706571428571,88.9683428571429,0,0,0,73.2596714285714,53.7768428571429,26.9246428571429,31.0076428571429,0,,,,,5554
2025-06-01,202523,0.0,0,0,0,0.0,0.0,0,1,210530220252320621,2026-06-17,Imperatriz,0.0,273027,23.1407428571429,90.1812428571429,0,0,0,70.2477142857143,47.7947142857143,27.3548428571429,31.9395857142857,0,,,,,5554
2025-05-25,202522,1.0,1,1,1,0.067221284,0.36626413,0,1,210530220252220619,2026-06-15,Imperatriz,0.2567435,273027,22.6164857142857,89.0072571428571,0,0,0,68.1318857142857,44.7335142857143,27.3092,32.1581571428571,1,,,,,5554
2025-05-18,202521,6.0,6,6,6,0.73687136,2.1975849,0,1,210530220252120608,2026-06-04,Imperatriz,1.4715285,273027,23.5925,89.7726857142857,0,0,1,72.5582428571429,53.5782428571429,27.2277571428571,31.4589714285714,6,,,,,5554
2025-05-11,202520,2.0,2,2,2,0.16542986,0.73252827,0,1,210530220252020599,2026-05-26,Imperatriz,0.4720958,273027,23.5727,91.1502714285714,0,0,0,74.0319857142857,52.3631,27.2365571428571,31.4723571428571,2,,,,,5554
2025-05-04,202519,6.0,6,6,6,0.67004347,2.1975849,0,1,210530220251920592,2026-05-19,Imperatriz,1.2976842,273027,23.2059285714286,91.9590571428571,0,0,1,77.7753285714286,62.0393428571429,26.9866,30.8814857142857,4,,,,,5554
2025-04-27,202518,2.0,2,2,2,0.13939004,0.73252827,0,1,210530220251820586,2026-05-13,Imperatriz,0.43902895,273027,22.8643571428571,94.9616714285714,0,0,0,81.2989142857143,62.8822,26.4787857142857,30.4145428571429,2,,,,,5554
2025-04-20,202517,7.0,7,7,7,0.74165195,2.563849,0,2,210530220251720578,2026-05-05,Imperatriz,1.4426548,273027,23.316,95.1941285714286,1,0,1,83.6282428571429,67.7027142857143,26.1936142857143,29.6890571428571,6,,,,,5554
2025-04-13,202516,3.0,3,3,3,0.1916539,1.0987924,0,1,210530220251620571,2026-04-28,Imperatriz,0.55763483,273027,23.0690428571429,95.6503285714286,1,0,0,82.9136142857143,65.0673714285714,26.4919714285714,30.4246285714286,3,,,,,5554
2025-04-06,202515,5.0,5,5,5,0.40779078,1.8313208,0,1,210530220251520566,2026-04-23,Imperatriz,0.8719148,273027,23.5708285714286,95.7514571428571,1,0,0,84.4759,67.9339857142857,26.2954428571429,30.0066857142857,5,,,,,5554
2025-03-30,202514,6.0,6,6,6,0.52555466,2.1975849,0,1,210530220251420556,2026-04-13,Imperatriz,1.0366942,273027,23.5146285714286,94.3616428571429,0,0,1,82.5233857142857,65.2616714285714,26.4823714285714,30.3124714285714,6,,,,,5554
2025-03-23,202513,5.0,5,5,5,0.56954706,1.8313208,0,2,210530220251320552,2026-04-09,Imperatriz,1.1150956,273027,23.4225571428571,95.1784285714286,1,0,0,84.2226142857143,68.7260714285714,26.0995714285714,29.5532571428571,5,,,,,5554
2025-03-16,202512,7.0,7,7,7,0.93796307,2.563849,0,1,210530220251220543,2026-03-31,Imperatriz,2.737945,273027,23.1241857142857,96.5555857142857,1,0,1,87.3434428571429,74.6206285714286,25.3909142857143,28.3471,6,,,,,5554
2025-03-09,202511,6.0,6,6,6,0.9065145,2.1975849,0,1,210530220251120535,2026-03-23,Imperatriz,2.4719555,273027,22.9549714285714,96.8062857142857,1,0,1,85.9355428571429,69.6799142857143,25.8609142857143,29.6486428571429,6,,,,,5554
2025-03-02,202510,0.0,0,0,0,0.0,0.0,0,1,210530220251020529,2026-03-17,Imperatriz,0.0,273027,23.1090857142857,96.6456285714286,0,0,0,86.8633571428571,73.0130285714286,25.3534714285714,28.4954714285714,0,,,,,5554
2025-02-23,202509,2.0,2,2,2,0.15811434,0.73252827,0,2,210530220250920521,2026-03-09,Imperatriz,0.4628402,273027,23.2386,96.8246714285714,1,0,0,86.7993428571429,72.3470428571429,25.4798285714286,28.6986857142857,2,,,,,5554
2025-02-16,202508,4.0,4,4,4,0.5664055,1.4650565,0,2,210530220250820516,2026-03-04,Imperatriz,1.1220016,273027,23.1069,96.3676714285714,1,0,0,85.2738,70.7928142857143,25.8387142857143,29.2215714285714,3,,,,,5554
2025-02-09,202507,6.0,6,6,6,0.87134504,2.1975849,0,2,210530220250720507,2026-02-23,Imperatriz,2.1175325,273027,22.9853428571429,97.1677857142857,1,0,1,87.2174,71.5474,25.5383428571429,29.1114142857143,4,,,,,5554
2025-02-02,202506,3.0,3,3,3,0.59826994,1.0987924,0,2,210530220250620503,2026-02-19,Imperatriz,1.2184824,273027,23.2671714285714,95.5247714285714,1,0,0,85.6217428571429,69.3431142857143,25.7698571428571,29.2881285714286,3,,,,,5554
2025-01-26,202505,2.0,2,2,2,0.47866473,0.73252827,0,1,210530220250520495,2026-02-11,Imperatriz,0.9534062,273027,22.9440714285714,96.5999571428571,1,0,0,87.3350714285714,74.0748571428571,25.2699857142857,28.2118,2,,,,,5554
2025-01-19,202504,4.0,4,4,4,0.80454814,1.4650565,0,1,210530220250420491,2026-02-07,Imperatriz,1.9474468,273027,22.3828142857143,97.5604714285714,1,0,0,86.9418428571429,71.4757,24.9722,28.4514285714286,0,,,,,5554
2025-01-12,202503,0.0,0,0,0,0.0,0.0,0,1,210530220250320486,2026-02-02,Imperatriz,0.0,273027,22.6780142857143,98.0306428571429,0,0,0,89.2801428571428,75.3787285714286,24.7345,27.5538428571429,0,,,,,5554
2025-01-05,202502,3.0,3,3,3,0.9486373,1.0987924,0,1,210530220250220459,2026-01-06,Imperatriz,5.8601933,273027,23.1493142857143,97.2689428571429,1,0,0,89.1994571428571,76.8797428571429,25.1375285714286,27.8476428571429,2,,,,,5554
2024-12-29,202501,1.0,1,1,1,0.6886295,0.36626413,0,1,210530220250120459,2026-01-06,Imperatriz,1.8580451,273027,23.4674857142857,95.9356,1,0,0,84.3884285714286,69.5458428571429,26.2864714285714,29.6281571428571,1,,,,,5554
2024-12-22,202452,0.0,0,0,0,0.0,0.0,0,1,210530220245220437,2025-12-15,Imperatriz,0.0,273027,24.1455571428571,92.5794285714286,0,0,0,79.4590142857143,62.8700142857143,27.0317,30.4299,0,,,,,5554
2024-12-15,202451,0.0,0,0,0,0.0,0.0,0,1,210530220245120437,2025-12-15,Imperatriz,0.0,273027,24.0968714285714,94.3236714285714,0,0,0,79.3950142857143,61.9969857142857,27.2709428571429,30.8391571428571,0,,,,,5554
2024-12-08,202450,2.0,2,2,2,0.85860854,0.73252827,0,1,210530220245020437,2025-12-15,Imperatriz,3.3529449,273027,23.7902285714286,92.6879285714286,0,0,0,78.0743714285714,61.4407857142857,27.0321571428571,30.8594857142857,2,,,,,5554
2024-12-01,202449,0.0,0,0,0,0.0,0.0,0,1,210530220244920431,2025-12-09,Imperatriz,0.0,273027,24.7777285714286,83.2979428571429,0,0,0,66.7761,47.4550857142857,28.3615428571429,32.5173285714286,0,,,,,5554
2024-11-24,202448,0.0,0,0,0,0.0,0.0,0,1,210530220244820424,2025-12-02,Imperatriz,0.0,273027,25.1643142857143,81.5914428571429,0,0,0,64.4545571428571,47.1463142857143,29.0107,33.2048285714286,0,,,,,5554
2024-11-17,202447,2.0,2,2,2,0.80080426,0.73252827,0,1,210530220244720418,2025-11-26,Imperatriz,2.4625869,273027,24.9256571428571,85.6679571428571,0,0,0,67.1496714285714,48.4583571428571,28.8592571428571,33.1545285714286,1,,,,,5554
2024-11-10,202446,0.0,0,0,0,0.0,0.0,0,1,210530220244620410,2025-11-18,Imperatriz,0.0,273027,24.4572,87.8917571428571,0,0,0,73.1088571428571,53.5259,27.6774285714286,31.8648142857143,0,,,,,5554
2024-11-03,202445,1.0,1,1,1,0.3923785,0.36626413,0,1,210530220244520403,2025-11-11,Imperatriz,0.74091524,273027,26.0032714285714,73.2583857142857,0,0,0,54.7509142857143,39.0222571428571,30.5374714285714,34.9189857142857,1,,,,,5554
2024-10-27,202444,1.0,1,1,1,0.26284024,0.36626413,0,1,210530220244420395,2025-11-03,Imperatriz,0.51874167,273027,25.5779285714286,73.0752571428571,0,0,0,56.4760571428571,41.5511714285714,29.8225285714286,34.1947142857143,1,,,,,5554
2024-10-20,202443,1.0,1,1,1,0.21481483,0.36626413,0,1,210530220244320389,2025-10-28,Imperatriz,0.45068705,273027,25.7894714285714,76.2959857142857,0,0,0,59.3049285714286,39.2625142857143,30.0203,35.0436142857143,1,,,,,5554
2024-10-13,202442,2.0,2,2,2,0.58488405,0.73252827,0,1,210530220244220381,2025-10-20,Imperatriz,1.2223333,273027,25.5440285714286,74.7392,0,0,0,56.7751857142857,41.3259571428571,29.8318714285714,34.3457285714286,1,,,,,5554
2024-10-06,202441,3.0,3,3,3,0.9225437,1.0987924,0,1,210530220244120375,2025-10-14,Imperatriz,4.283837,273027,25.4206428571429,74.1499142857143,0,0,0,54.6125571428571,38.3046285714286,30.2428142857143,35.1265,3,,,,,5554
2024-09-29,202440,2.0,2,2,2,0.9186087,0.73252827,0,1,210530220244020367,2025-10-06,Imperatriz,5.5058546,273027,25.3628142857143,78.3031571428571,0,0,0,58.0943857142857,40.1245428571429,29.9957142857143,34.7700714285714,0,,,,,5554
2024-09-22,202439,0.0,0,0,0,0.0,0.0,0,1,210530220243920363,2025-10-02,Imperatriz,0.0,273027,25.5521571428571,74.0649428571429,0,0,0,53.3755285714286,37.3060714285714,30.3955857142857,35.2188857142857,0,,,,,5554
2024-09-15,202438,0.0,0,0,0,0.0,0.0,0,1,210530220243820353,2025-09-22,Imperatriz,0.0,273027,24.8389571428571,70.2730142857143,0,0,0,47.6805142857143,29.9102857142857,30.3089142857143,35.7818142857143,0,,,,,5554
2024-09-08,202437,1.0,1,1,1,0.40345752,0.36626413,0,1,210530220243720346,2025-09-15,Imperatriz,0.7636437,273027,24.4392285714286,62.7528285714286,0,0,0,43.9290857142857,27.4506285714286,29.9191285714286,35.6238,1,,,,,5554
2024-09-01,202436,0.0,0,0,0,0.0,0.0,0,1,210530220243620339,2025-09-08,Imperatriz,0.0,273027,23.3000571428571,64.4998285714286,0,0,0,43.6684714285714,26.5692,29.4470142857143,35.5022714285714,0,,,,,5554
2024-08-25,202435,3.0,3,3,3,0.88836145,1.0987924,0,1,210530220243520332,2025-09-01,Imperatriz,3.2618108,273027,23.5976857142857,62.2106857142857,0,0,0,43.9851857142857,27.3952857142857,29.3717714285714,35.0347857142857,1,,,,,5554
2024-08-18,202434,0.0,0,0,0,0.0,0.0,0,1,210530220243420327,2025-08-27,Imperatriz,0.0,273027,23.6823857142857,69.0580285714286,0,0,0,48.3885857142857,31.2992857142857,28.9521285714286,34.3729428571429,0,,,,,5554
2024-08-11,202433,1.0,1,1,1,0.33291143,0.36626413,0,1,210530220243320320,2025-08-20,Imperatriz,0.63020325,273027,23.4982285714286,78.8012714285714,0,0,0,57.3272285714286,36.2419142857143,28.7022,34.1587142857143,0,,,,,5554
2024-08-04,202432,1.0,1,1,1,0.36636785,0.36626413,0,1,210530220243220312,2025-08-12,Imperatriz,0.6903049,273027,22.5508428571429,67.0591571428571,0,0,0,45.9411,30.5230285714286,28.5302571428571,34.1436285714286,1,,,,,5554
2024-07-28,202431,2.0,2,2,2,0.7114885,0.73252827,0,1,210530220243120305,2025-08-05,Imperatriz,1.7491308,273027,22.3835142857143,66.6515571428571,0,0,0,46.1872857142857,28.0899142857143,28.2567285714286,34.1393857142857,2,,,,,5554
2024-07-21,202430,2.0,2,2,2,0.6650906,0.73252827,0,1,210530220243020298,2025-07-29,Imperatriz,1.5160444,273027,22.2940714285714,67.7299142857143,0,0,0,47.5125714285714,30.1862,27.9367142857143,33.4383285714286,0,,,,,5554
2024-07-14,202429,0.0,0,0,0,0.0,0.0,0,1,210530220242920291,2025-07-22,Imperatriz,0.0,273027,22.0334714285714,71.4887857142857,0,0,0,49.9012714285714,31.4534571428571,27.7157857142857,33.0247285714286,0,,,,,5554
2024-07-07,202428,2.0,2,2,2,0.43904412,0.73252827,0,1,210530220242820283,2025-07-14,Imperatriz,0.8742024,273027,23.2325142857143,79.0663714285714,0,0,0,57.6118,38.7324142857143,28.0231571428571,32.6549142857143,2,,,,,5554
2024-06-30,202427,1.0,1,1,1,0.11878057,0.36626413,0,1,210530220242720278,2025-07-09,Imperatriz,0.3253483,273027,23.3355,75.5240714285714,0,0,0,55.9354428571429,37.5323285714286,28.2822142857143,33.2240857142857,1,,,,,5554
2024-06-23,202426,3.0,3,3,3,0.22880082,1.0987924,0,1,210530220242620269,2025-06-30,Imperatriz,0.6027296,273027,23.2704428571429,80.5421285714286,0,0,0,58.1067857142857,37.5444142857143,28.2980285714286,33.3041142857143,1,,,,,5554
2024-06-16,202425,2.0,2,2,2,0.022689043,0.73252827,0,1,210530220242520262,2025-06-23,Imperatriz,0.25817153,273027,23.3465285714286,73.1442428571429,0,0,0,53.0314571428571,36.2032,28.3202714285714,33.0843428571429,2,,,,,5554
2024-06-09,202424,4.0,4,4,4,0.038171675,1.4650565,0,1,210530220242420255,2025-06-16,Imperatriz,0.38450754,273027,23.2967285714286,77.8927285714286,0,0,0,56.0028142857143,37.9102571428571,28.3365428571429,33.1227285714286,4,,,,,5554
2024-06-02,202423,9.0,9,9,9,0.22113582,3.2963772,0,1,210530220242320248,2025-06-09,Imperatriz,0.7209021,273027,24.1258428571429,79.6847571428571,0,0,1,59.4491,41.1347142857143,28.5650571428571,33.0726857142857,7,,,,,5554
2024-05-26,202422,9.0,9,9,9,0.087148316,3.2963772,0,1,210530220242220241,2025-06-02,Imperatriz,0.57774174,273027,23.7232428571429,88.9407571428571,0,0,1,68.7490428571429,49.0491571428571,27.9021714285714,32.0889142857143,8,,,,,5554
2024-05-19,202421,16.0,16,16,16,0.11797178,5.860226,0,1,210530220242120236,2025-05-28,Imperatriz,0.6857579,273027,23.8737857142857,88.5356285714286,0,0,2,71.2494285714286,51.8381857142857,27.8171142857143,31.9393714285714,11,,,,,5554
2024-05-12,202420,8.0,8,8,8,1.7276567e-05,2.930113,0,1,210530220242020227,2025-05-19,Imperatriz,0.23955943,273027,23.7105,91.2075142857143,0,0,1,74.3195142857143,53.5607142857143,27.6160857142857,31.8515428571429,7,,,,,5554
2024-05-05,202419,25.0,25,25,25,0.007674547,9.156604,0,4,210530220241920223,2025-05-15,Imperatriz,0.55532444,273027,23.7486142857143,86.5094571428571,0,0,2,70.8496142857143,52.3903285714286,27.5993,31.6792714285714,21,,,,,5554
2024-04-28,202418,33.0,33,33,33,0.0015232618,12.086717,0,4,210530220241820213,2025-05-05,Imperatriz,0.5371008,273027,23.9133428571429,92.8260714285714,0,0,2,80.2221142857143,62.6321571428571,27.1620571428571,30.9984285714286,25,,,,,5554
2024-04-21,202417,43.0,43,43,43,0.0005902347,15.749358,0,4,210530220241720206,2025-04-28,Imperatriz,0.5488508,273027,23.7709428571429,96.126,1,0,2,84.9229571428571,69.5529285714286,26.5476428571429,29.9012285714286,34,,,,,5554
2024-04-14,202416,54.0,54,54,54,0.003812707,19.778263,0,4,210530220241620200,2025-04-22,Imperatriz,0.63337654,273027,23.6875428571429,97.3730714285714,1,0,2,87.1904857142857,72.2486428571429,26.2251142857143,29.6725571428571,46,,,,,5554
2024-04-07,202415,94.0,94,94,94,0.69184685,34.42883,0,4,210530220241520192,2025-04-14,Imperatriz,1.0771201,273027,23.7601285714286,96.5892714285714,1,0,2,86.1946142857143,71.9738,26.2823142857143,29.6631428571429,75,,,,,5554
2024-03-31,202414,85.0,85,85,85,0.4804335,31.132452,0,4,210530220241420188,2025-04-10,Imperatriz,0.9925341,273027,23.6483142857143,96.1673,1,0,2,85.9503714285714,70.9538285714286,26.1757571428571,29.5049714285714,76,,,,,5554
2024-03-24,202413,82.0,82,82,82,0.80554897,30.033659,0,4,210530220241320178,2025-03-31,Imperatriz,1.1490529,273027,23.5245714285714,96.1140142857143,1,0,2,84.2016571428571,67.0435142857143,26.2771285714286,29.8664714285714,68,,,,,5554
2024-03-17,202412,102.0,102,102,102,0.9999669,37.358944,0,4,210530220241220171,2025-03-24,Imperatriz,1.9279249,273027,23.7097714285714,96.8939857142857,1,1,2,85.2732142857143,70.8430428571429,26.3889285714286,29.7481571428571,82,,,,,5554
2024-03-10,202411,75.0,75,75,75,0.998703,27.46981,0,4,210530220241120165,2025-03-18,Imperatriz,1.758258,273027,24.1389142857143,95.4469,1,1,2,85.4024857142857,71.4528714285714,26.8232857142857,30.2593571428571,55,,,,,5554
2024-03-03,202410,40.0,40,40,40,0.72334284,14.650566,0,4,210530220241020157,2025-03-10,Imperatriz,1.1461273,273027,23.4088857142857,96.0414142857143,1,0,2,86.0875142857143,70.5455142857143,25.9107142857143,29.2579142857143,29,,,,,5554
2024-02-25,202409,46.0,46,46,46,0.99674106,16.84815,0,4,210530220240920153,2025-03-06,Imperatriz,1.9460019,273027,23.2179857142857,96.1683714285714,1,1,2,85.6095,72.1991428571429,25.8725714285714,29.0171,35,,,,,5554
2024-02-18,202408,38.0,38,38,38,0.9999041,13.918037,0,4,210530220240820145,2025-02-26,Imperatriz,3.0688555,273027,23.1617142857143,96.7931571428571,1,1,2,89.6569,77.4221285714286,24.9694714285714,27.5149142857143,25,,,,,5554
2024-02-11,202407,25.0,25,25,25,0.9997627,9.156604,0,1,210530220240720137,2025-02-18,Imperatriz,3.9274092,273027,23.6997,93.9706285714286,0,1,2,81.3146857142857,65.2197285714286,26.6531714285714,30.3908,21,,,,,5554
2024-02-04,202406,7.0,7,7,7,0.8096824,2.563849,0,1,210530220240620130,2025-02-11,Imperatriz,1.6696266,273027,23.7128142857143,95.8570571428571,1,0,1,84.7043142857143,69.4800428571429,26.3877285714286,29.6199428571429,4,,,,,5554
2024-01-28,202405,5.0,5,5,5,0.7746241,1.8313208,0,1,210530220240520122,2025-02-03,Imperatriz,1.6717368,273027,23.5560857142857,97.2064142857143,1,0,0,86.2134857142857,71.6995142857143,25.9994142857143,28.9297857142857,4,,,,,5554
2024-01-21,202404,5.0,5,5,5,0.81380045,1.8313208,0,1,210530220240420116,2025-01-28,Imperatriz,1.8640679,273027,24.3834285714286,93.6302285714286,0,0,0,81.1745285714286,64.1234142857143,27.1120857142857,30.5136857142857,4,,,,,5554
2024-01-14,202403,2.0,2,2,2,0.32253093,0.73252827,0,1,210530220240320109,2025-01-21,Imperatriz,0.6812537,273027,23.6593571428571,95.1124428571429,1,0,0,80.9302571428571,62.4698714285714,26.8716142857143,31.0445,0,,,,,5554
2024-01-07,202402,2.0,2,2,2,0.3898215,0.73252827,0,1,210530220240220102,2025-01-14,Imperatriz,0.7865816,273027,23.7586857142857,92.9230285714286,0,0,0,79.5329857142857,62.3239285714286,26.7624428571429,30.4531428571429,1,,,,,5554
2023-12-31,202401,4.0,4,4,4,0.7899128,1.4650565,0,1,210530220240120095,2025-01-07,Imperatriz,1.8588514,273027,23.7566142857143,95.3269857142857,1,0,0,83.0777285714286,67.5665285714286,26.2989571428571,29.4231285714286,2,,,,,5554
2023-12-24,202352,3.0,3,3,3,0.65605253,1.0987924,0,1,210530220235220087,2024-12-30,Imperatriz,1.3879977,273027,24.7939857142857,89.9187428571429,0,0,0,76.9859142857143,61.9409428571429,27.9407,31.4942428571429,2,,,,,5554
2023-12-17,202351,0.0,0,0,0,0.0,0.0,0,1,210530220235120080,2024-12-23,Imperatriz,0.0,273027,23.9906857142857,91.9676857142857,0,0,0,77.2707285714286,60.6019285714286,27.3027285714286,31.2502428571429,0,,,,,5554
2023-12-10,202350,5.0,5,5,5,0.9855663,1.8313208,0,1,210530220235020073,2024-12-16,Imperatriz,7.9520183,273027,24.2966714285714,91.8875571428571,0,0,0,78.6054571428571,62.6280857142857,27.4049428571429,30.7372285714286,5,,,,,5554
2023-12-03,202349,0.0,0,0,0,0.0,0.0,0,1,210530220234920067,2024-12-10,Imperatriz,0.0,273027,24.2497428571429,90.7789571428571,0,0,0,76.5253142857143,59.0155142857143,27.5999142857143,31.6720142857143,0,,,,,5554
2023-11-26,202348,0.0,0,0,0,0.0,0.0,0,1,210530220234820059,2024-12-02,Imperatriz,0.0,273027,24.32,87.2462,0,0,0,71.3080142857143,53.7821,28.1116428571429,32.2003571428571,0,,,,,5554
2023-11-19,202347,1.0,1,1,1,0.39487803,0.36626413,0,1,210530220234720056,2024-11-29,Imperatriz,0.74597865,273027,24.4289142857143,87.9561714285714,0,0,0,71.7933142857143,55.6069857142857,28.0369428571429,31.8547714285714,1,,,,,5554
2023-11-12,202346,2.0,2,2,2,0.8430144,0.73252827,0,1,210530220234620046,2024-11-19,Imperatriz,3.0525916,273027,24.6147714285714,86.3215142857143,0,0,0,70.4385857142857,49.7803,28.6703571428571,33.7319571428571,2,,,,,5554
2023-11-05,202345,2.0,2,2,2,0.8912756,0.73252827,0,1,210530220234520038,2024-11-11,Imperatriz,4.2430058,273027,24.2229285714286,92.4005714285714,0,0,0,78.0121285714286,59.6730428571429,27.6355428571429,32.0018571428571,2,,,,,5554
2023-10-29,202344,0.0,0,0,0,0.0,0.0,0,1,210530220234420032,2024-11-05,Imperatriz,0.0,273027,25.1855571428571,83.6958,0,0,0,66.6260285714286,47.5806571428571,29.1286714285714,34.0134,0,,,,,5554
2023-10-22,202343,0.0,0,0,0,0.0,0.0,0,1,210530220234320026,2024-10-30,Imperatriz,0.0,273027,24.8447142857143,82.5975714285714,0,0,0,67.7441714285714,48.4029285714286,28.8889,33.8302857142857,0,,,,,5554
2023-10-15,202342,1.0,1,1,1,0.25250867,0.36626413,0,1,210530220234220019,2024-10-23,Imperatriz,0.50362736,273027,24.1485,85.9647857142857,0,0,0,66.3618857142857,44.4696428571429,28.8243714285714,34.5006857142857,1,,,,,5554
2023-10-08,202341,2.0,2,2,2,0.6594364,0.73252827,0,1,210530220234120011,2024-10-15,Imperatriz,1.4914743,273027,24.5077,85.3688571428571,0,0,0,67.2243714285714,46.7272857142857,28.8800571428571,34.3213571428571,2,,,,,5554
2023-10-01,202340,3.0,3,3,3,0.89278436,1.0987924,0,1,210530220234020004,2024-10-08,Imperatriz,3.3610203,273027,25.2587142857143,79.5824714285714,0,0,0,60.8100285714286,40.8535142857143,30.0309,35.7463857142857,1,,,,,5554
2023-09-24,202339,1.0,1,1,1,0.5303933,0.36626413,0,1,210530220233919997,2024-10-01,Imperatriz,1.0930568,273027,25.1562142857143,78.1571571428571,0,0,0,59.9005428571429,41.1701428571429,30.0676,35.7703714285714,0,,,,,5554
2023-09-17,202338,0.0,0,0,0,0.0,0.0,0,1,210530220233819989,2024-09-23,Imperatriz,0.0,273027,24.4050714285714,79.6722142857143,0,0,0,56.6210714285714,33.5854,30.0116571428571,36.6256142857143,0,,,,,5554
2023-09-10,202337,2.0,2,2,2,0.73668146,0.73252827,0,1,210530220233719983,2024-09-17,Imperatriz,1.9058077,273027,24.1438142857143,77.2883,0,0,0,56.0555285714286,35.0766571428571,29.6080285714286,36.2549142857143,1,,,,,5554
2023-09-03,202336,0.0,0,0,0,0.0,0.0,0,1,210530220233619978,2024-09-12,Imperatriz,0.0,273027,22.8198,81.7517571428571,0,0,0,60.5032285714286,36.0286857142857,28.5558,35.4105714285714,0,,,,,5554
2023-08-27,202335,1.0,1,1,1,0.42409596,0.36626413,0,1,210530220233519969,2024-09-03,Imperatriz,0.8080564,273027,23.8075571428571,84.1718857142857,0,0,0,66.3635571428571,46.4920428571429,28.6358428571429,34.1744714285714,0,,,,,5554
2023-08-20,202334,2.0,2,2,2,0.7354885,0.73252827,0,1,210530220233419962,2024-08-27,Imperatriz,1.8977877,273027,23.4855714285714,84.2727714285714,0,0,0,62.7754285714286,42.5225857142857,28.9581714285714,34.8673714285714,2,,,,,5554
2023-08-13,202333,1.0,1,1,1,0.48306748,0.36626413,0,1,210530220233319955,2024-08-20,Imperatriz,0.95265007,273027,20.3072714285714,80.0329142857143,0,0,0,53.4852571428571,30.6271285714286,27.9473857142857,35.5704142857143,0,,,,,5554
2023-08-06,202332,1.0,1,1,1,0.421223,0.36626413,0,1,210530220233219948,2024-08-13,Imperatriz,0.8017036,273027,21.8822714285714,84.4155571428571,0,0,0,60.1943285714286,36.4791571428571,28.3001428571429,35.3036571428571,0,,,,,5554
2023-07-30,202331,1.0,1,1,1,0.34427857,0.36626413,0,1,210530220233119941,2024-08-06,Imperatriz,0.6500464,273027,21.5400714285714,84.1761285714286,0,0,0,61.0024714285714,38.1160857142857,27.9758428571429,34.8914,1,,,,,5554
2023-07-23,202330,1.0,1,1,1,0.22199373,0.36626413,0,1,210530220233019934,2024-07-30,Imperatriz,0.46053043,273027,19.2297,85.0862285714286,0,0,0,58.3788142857143,32.0411857142857,26.6920571428571,34.6985285714286,0,,,,,5554
2023-07-16,202329,2.0,2,2,2,0.18621877,0.73252827,0,1,210530220232919928,2024-07-24,Imperatriz,0.4983779,273027,19.6117,81.1495571428571,0,0,0,56.9947142857143,31.9735428571429,26.8087857142857,34.3009714285714,1,,,,,5554
2023-07-09,202328,1.0,1,1,1,0.01764721,0.36626413,0,1,210530220232819919,2024-07-15,Imperatriz,0.17169103,273027,22.5491428571429,87.8401285714286,0,0,0,68.7804,45.4027,27.6557142857143,33.8409428571429,1,,,,,5554
2023-07-02,202327,3.0,3,3,3,0.16732891,1.0987924,0,1,210530220232719913,2024-07-09,Imperatriz,0.5280713,273027,24.1428571428571,91.9952628571429,0,0,0,87.1101034285714,80.7249197142857,24.6984128571429,25.2857142857143,0,,,,,5554
2023-06-25,202326,9.0,9,9,9,0.8335631,3.2963772,0,1,210530220232619904,2024-06-30,Imperatriz,1.6526916,273027,23.8571428571429,94.3360285714286,0,0,1,90.2636322857143,85.1178217142857,24.6111112857143,25.4285714285714,4,,,,,5554
2023-06-18,202325,5.0,5,5,5,0.2544374,1.8313208,0,2,210530220232519898,2024-06-24,Imperatriz,0.69208497,273027,24.4444444444444,97.4119496296296,1,0,0,95.5534407407407,93.2646355555556,24.7777777777778,25.1481481481481,2,,,,,5554
2023-06-11,202324,4.0,4,4,4,0.048349354,1.4650565,0,1,210530220232419884,2024-06-10,Imperatriz,0.40404567,273027,22.8582285714286,89.0740142857143,0,0,0,69.8271,46.9161,27.6580428571429,33.4609857142857,3,,,,,5554
2023-06-04,202323,6.0,6,6,6,0.1086807,2.1975849,0,1,210530220232319884,2024-06-10,Imperatriz,0.55002224,273027,21.8327142857143,90.6992142857143,0,0,1,70.6059857142857,46.4577571428571,27.3201,33.3155142857143,4,,,,,5554
2023-05-28,202322,12.0,12,12,12,0.5915524,4.3951697,0,2,210530220232219876,2024-06-02,Imperatriz,1.0997092,273027,25.0,100.0,1,0,1,99.5563784615385,99.1127576923077,25.1346153846154,25.3076923076923,8,,,,,5554
2023-05-21,202321,12.0,12,12,12,0.49991104,4.3951697,0,2,210530220232119869,2024-05-26,Imperatriz,0.99991053,273027,24.0,100.0,1,0,1,88.4191965714286,68.6499737142857,27.2261902857143,31.5714285714286,8,,,,,5554
2023-05-14,202320,9.0,9,9,9,0.15568763,3.2963772,0,2,210530220232019862,2024-05-19,Imperatriz,0.65604985,273027,24.4285714285714,100.0,1,0,1,95.6938571428571,86.3340955714286,25.9880951428571,28.1428571428571,4,,,,,5554
2023-05-07,202319,12.0,12,12,12,0.185248,4.3951697,0,2,210530220231919856,2024-05-13,Imperatriz,0.71777225,273027,24.7142857142857,100.0,1,0,1,97.7500614285714,93.6066757142857,25.6071428571429,26.8571428571429,9,,,,,5554
2023-04-30,202318,15.0,15,15,15,0.10556883,5.4939623,0,2,210530220231819848,2024-05-05,Imperatriz,0.6651698,273027,24.7142857142857,99.1761321428571,1,0,2,98.7641978571429,98.3522642857143,25.1607142857143,25.7142857142857,11,,,,,5554
2023-04-23,202317,12.0,12,12,12,0.006855152,4.3951697,0,2,210530220231719841,2024-04-28,Imperatriz,0.44399118,273027,23.2857142857143,100.0,1,0,1,87.956058,65.0121727142857,26.7857142857143,32.1428571428571,12,,,,,5554
2023-04-16,202316,24.0,24,24,24,0.3069036,8.790339,0,4,210530220231619835,2024-04-22,Imperatriz,0.869751,273027,23.4285714285714,100.0,1,0,2,89.0212827142857,63.5162302857143,26.9821428571429,32.5714285714286,14,,,,,5554
2023-04-09,202315,32.0,32,32,32,0.64581925,11.720452,0,4,210530220231519827,2024-04-14,Imperatriz,1.0997821,273027,23.4285714285714,100.0,1,0,2,90.6288322857143,65.0870415714286,26.7023808571429,31.8571428571429,21,,,,,5554
2023-04-02,202314,26.0,26,26,26,0.15937439,9.522868,0,4,210530220231419821,2024-04-08,Imperatriz,0.77300596,273027,23.4285714285714,100.0,1,0,2,89.5101328571429,64.4564121428571,26.2023811428571,31.4285714285714,16,,,,,5554
2023-03-26,202313,25.0,25,25,25,0.07968571,9.156604,0,4,210530220231319814,2024-04-01,Imperatriz,0.69688433,273027,24.7142857142857,97.5702678571429,1,0,2,91.86965,79.33029,26.0357142857143,28.4285714285714,11,,,,,5554
2023-03-19,202312,36.0,36,36,36,0.5286785,13.185509,0,4,210530220231219808,2024-03-26,Imperatriz,1.0170752,273027,23.0,100.0,1,0,2,94.9676257142857,78.608288,25.0833334285714,28.4285714285714,16,,,,,5554
2023-03-12,202311,42.0,42,42,42,0.76991135,15.383094,0,4,210530220231119800,2024-03-18,Imperatriz,1.1819181,273027,24.5833333333333,100.0,1,0,2,99.0492866666667,98.1264916666667,24.75,24.9166666666667,24,,,,,5554
2023-03-05,202310,27.0,27,27,27,0.2566252,9.889132,0,4,210530220231019794,2024-03-12,Imperatriz,0.8442089,273027,24.5714285714286,100.0,1,0,2,99.5910271428571,99.1820557142857,24.8928571428571,25.2857142857143,18,,,,,5554
2023-02-26,202309,44.0,44,44,44,0.9719786,16.115622,0,4,210530220230919786,2024-03-04,Imperatriz,1.573937,273027,24.7142857142857,98.3941357142857,1,1,2,97.4481692857143,95.3362731428571,25.1428571428571,25.5714285714286,30,,,,,5554
2023-02-19,202308,33.0,33,33,33,0.8299035,12.086717,0,4,210530220230819780,2024-02-27,Imperatriz,1.2815214,273027,23.7142857142857,100.0,1,0,2,93.8913957142857,75.9137718571429,25.970238,30.1428571428571,24,,,,,5554
2023-02-12,202307,19.0,19,19,19,0.43182722,6.9590187,0,4,210530220230719773,2024-02-20,Imperatriz,0.9470744,273027,25.6666666666667,99.4684533333333,1,0,2,98.4127657142857,97.3570780952381,26.1190476190476,26.5714285714286,11,,,,,5554
2023-02-05,202306,38.0,38,38,38,0.9992424,13.918037,0,4,210530220230619768,2024-02-15,Imperatriz,2.470322,273027,25.2857142857143,98.3522,1,1,2,98.3522,98.3522,25.3571428571429,25.4285714285714,27,,,,,5554
2023-01-29,202305,14.0,14,14,14,0.53066355,5.398381,0,4,210530220230519759,2024-02-06,Imperatriz,1.0292702,259337,24.5714285714286,99.1761321428571,1,0,2,92.8588512857143,83.420117,26.1071428571429,28.1428571428571,3,,,,,5554
2023-01-22,202304,14.0,14,14,14,0.7230907,5.398381,0,4,210530220230419752,2024-01-30,Imperatriz,1.2627207,259337,25.1428571428571,100.0,1,0,2,100.0,100.0,25.2142857142857,25.2857142857143,6,,,,,5554
2023-01-15,202303,15.0,15,15,15,0.9667361,5.78398,0,4,210530220230319747,2024-01-25,Imperatriz,2.230122,259337,23.8571428571429,100.0,1,1,2,100.0,100.0,23.8571428571429,23.8571428571429,7,,,,,5554
2023-01-08,202302,13.0,13,13,13,0.99433714,5.0127826,0,2,210530220230219747,2024-01-25,Imperatriz,3.8525672,259337,23.7142857142857,100.0,1,1,2,96.5835464285714,85.1148892857143,25.9880951428571,29.4285714285714,9,,,,,5554
2023-01-01,202301,6.0,6,6,6,0.8558725,2.313592,0,2,210530220230119740,2024-01-18,Imperatriz,2.0027602,259337,23.8571428571429,100.0,1,0,1,94.5383278571429,75.6792175714286,26.0952382857143,30.2857142857143,3,,,,,5554
2022-12-25,202252,2.0,2,2,2,0.19294083,0.7711973,0,2,210530220225219733,2024-01-11,Imperatriz,0.5068951,259337,24.0,100.0,1,0,0,96.918668,88.92696,25.4707066666667,28.0,1,,,,,5554
2022-12-18,202251,2.0,2,2,2,0.19204551,0.7711973,0,2,210530220225119718,2023-12-27,Imperatriz,0.50575966,259337,23.5,100.0,1,0,0,93.562435,71.470853,26.1410255,30.5,2,,,,,5554
2022-12-11,202250,6.0,6,6,6,0.7697726,2.313592,0,2,210530220225019718,2023-12-27,Imperatriz,1.5798157,259337,24.1666666666667,100.0,1,0,1,87.90722,61.2566123333333,27.277778,32.5,5,,,,,5554
2022-12-04,202249,3.0,3,3,3,0.38204417,1.156796,0,2,210530220224919708,2023-12-17,Imperatriz,0.8041821,259337,23.2857142857143,100.0,1,0,0,88.2648877142857,63.4181462857143,26.8549785714286,32.1428571428571,3,,,,,5554
2022-11-27,202248,4.0,4,4,4,0.5448819,1.5423946,0,2,210530220224819684,2023-11-23,Imperatriz,1.0799874,259337,23.4285714285714,100.0,1,0,0,95.274717,80.0573495714286,25.55119,28.8571428571429,4,,,,,5554
2022-11-20,202247,4.0,4,4,4,0.57637864,1.5423946,0,2,210530220224719684,2023-11-23,Imperatriz,1.1424057,259337,23.2857142857143,100.0,1,0,0,92.0564564285714,69.8404504285714,26.1865077142857,30.0,1,,,,,5554
2022-11-13,202246,3.0,3,3,3,0.54559714,1.156796,0,2,210530220224619684,2023-11-23,Imperatriz,1.0929365,259337,24.5714285714286,100.0,1,0,0,88.0415228571429,64.514364,27.4074677142857,32.0,2,,,,,5554
2022-11-06,202245,5.0,5,5,5,0.80833125,1.9279933,0,2,210530220224519684,2023-11-23,Imperatriz,1.8338642,259337,24.0,100.0,1,0,1,87.0191715714286,64.0529012857143,26.9304027142857,31.4285714285714,1,,,,,5554
2022-10-30,202244,2.0,2,2,2,0.25474992,0.7711973,0,2,210530220224419684,2023-11-23,Imperatriz,0.5868682,259337,24.4285714285714,98.3641114285714,1,0,0,79.2688937142857,50.5039088571429,28.4420424285714,34.2857142857143,0,,,,,5554
2022-10-23,202243,1.0,1,1,1,0.103808336,0.38559866,0,2,210530220224319684,2023-11-23,Imperatriz,0.305997,259337,24.0,99.1701442857143,1,0,0,79.1978464285714,50.9984992857143,28.3043651428571,34.1428571428571,0,,,,,5554
2022-10-16,202242,6.0,6,6,6,0.8300269,2.313592,0,2,210530220224219684,2023-11-23,Imperatriz,1.8451957,259337,25.0,96.7045285714286,1,0,1,74.5900514285714,47.3599957142857,29.2871677142857,35.1428571428571,4,,,,,5554
2022-10-09,202241,2.0,2,2,2,0.21293618,0.7711973,0,2,210530220224119684,2023-11-23,Imperatriz,0.5323729,259337,24.8571428571429,97.5814921428571,1,0,0,76.7952685714286,48.292452,28.9642857142857,35.0,1,,,,,5554
2022-10-02,202240,3.0,3,3,3,0.3821284,1.156796,0,2,210530220224019684,2023-11-23,Imperatriz,0.8043052,259337,24.0,97.5224085714286,1,0,0,74.0290221428571,42.8487842857143,28.8560602857143,35.2857142857143,3,,,,,5554
2022-09-25,202239,4.0,4,4,4,0.6763688,1.5423946,0,1,210530220223919684,2023-11-23,Imperatriz,1.391434,259337,24.0,97.56428,1,0,0,75.0022497142857,45.2869994285714,28.3905677142857,35.2857142857143,4,,,,,5554
2022-09-18,202238,5.0,5,5,5,0.8525731,1.9279933,0,1,210530220223819684,2023-11-23,Imperatriz,2.1229706,259337,24.2857142857143,95.0457307142857,1,0,1,74.7837482857143,52.4633321428571,28.0598485714286,33.2857142857143,5,,,,,5554
2022-09-11,202237,2.0,2,2,2,0.4274447,0.7711973,0,1,210530220223719684,2023-11-23,Imperatriz,0.852581,259337,25.0,89.7500602857143,0,0,0,72.8610528571429,50.8423091428571,28.6587301428571,33.5714285714286,0,,,,,5554
2022-09-04,202236,2.0,2,2,2,0.3107967,0.7711973,0,2,210530220223619684,2023-11-23,Imperatriz,0.66421396,259337,23.2857142857143,96.7169007142857,1,0,0,66.9829058571429,30.6723288571429,29.4345237142857,37.8571428571429,1,,,,,5554
2022-08-28,202235,3.0,3,3,3,0.20706256,1.156796,0,2,210530220223519684,2023-11-23,Imperatriz,0.57630557,259337,21.1428571428571,96.6870171428571,1,0,0,71.590996,43.2047088571429,26.5977271428571,33.0,0,,,,,5554
2022-08-21,202234,1.0,1,1,1,0.005516346,0.38559866,0,2,210530220223419684,2023-11-23,Imperatriz,0.13329652,259337,21.8571428571429,96.7940642857143,1,0,0,68.2322881428571,35.9455745714286,27.3339438571429,34.4285714285714,1,,,,,5554
2022-08-14,202233,5.0,5,5,5,0.13352163,1.9279933,0,2,210530220223319684,2023-11-23,Imperatriz,0.55567414,259337,20.8571428571429,99.1517885714286,1,0,1,72.4764521428571,39.3453827142857,26.6744507142857,34.4285714285714,4,,,,,5554
2022-08-07,202232,10.0,10,10,10,0.4740126,3.8559866,0,1,210530220223219684,2023-11-23,Imperatriz,0.97204286,259337,22.2857142857143,100.0,1,0,1,72.901988,36.3124367142857,28.6061077142857,36.0,8,,,,,5554
2022-07-31,202231,6.0,6,6,6,0.1450598,2.313592,0,1,210530220223119684,2023-11-23,Imperatriz,0.5933816,259337,23.7142857142857,98.40536,1,0,1,79.92659,56.541353,27.3571431428571,32.1428571428571,4,,,,,5554
2022-07-24,202230,14.0,14,14,14,0.78900146,5.398381,0,1,210530220223019684,2023-11-23,Imperatriz,1.3817219,259337,21.2857142857143,94.1787614285714,0,0,2,68.9909605714286,36.6148021428571,27.2945848571429,35.1428571428571,11,,,,,5554
2022-07-17,202229,9.0,9,9,9,0.19900411,3.470388,0,2,210530220222919684,2023-11-23,Imperatriz,0.6995075,259337,20.4285714285714,100.0,1,0,1,76.48152,44.4806145714286,25.970238,33.1428571428571,8,,,,,5554
2022-07-10,202228,9.0,9,9,9,0.04211218,3.470388,0,2,210530220222819684,2023-11-23,Imperatriz,0.5085587,259337,21.0,100.0,1,0,1,81.2323307142857,50.1715972857143,26.0707282857143,33.0,5,,,,,5554
2022-07-03,202227,10.0,10,10,10,0.028562654,3.8559866,0,2,210530220222719684,2023-11-23,Imperatriz,0.49496907,259337,22.7142857142857,99.1701442857143,1,0,1,74.4610014285714,43.1478111428571,27.86526,34.1428571428571,7,,,,,5554
2022-06-26,202226,20.0,20,20,20,0.5201342,7.711973,0,4,210530220222619684,2023-11-23,Imperatriz,1.0159886,259337,21.0,100.0,1,0,2,81.328468,44.5358571428571,26.5577732857143,34.0,15,,,,,5554
2022-06-19,202225,24.0,24,24,24,0.7093646,9.254368,0,4,210530220222519684,2023-11-23,Imperatriz,1.1786053,259337,21.8571428571429,100.0,1,0,2,85.0167271428571,55.7136781428571,26.3511905714286,32.2857142857143,13,,,,,5554
2022-06-12,202224,17.0,17,17,17,0.16832045,6.555177,0,4,210530220222419684,2023-11-23,Imperatriz,0.739069,259337,22.1428571428571,100.0,1,0,2,90.41772,62.9639178571429,25.9583334285714,31.5714285714286,12,,,,,5554
2022-06-05,202223,19.0,19,19,19,0.19986887,7.3263745,0,4,210530220222319684,2023-11-23,Imperatriz,0.77573913,259337,22.7142857142857,100.0,1,0,2,92.6941928571429,73.2046335714286,25.8916104285714,30.1428571428571,11,,,,,5554
2022-05-29,202222,24.0,24,24,24,0.5499344,9.254368,0,4,210530220222219684,2023-11-23,Imperatriz,1.0368992,259337,22.7142857142857,100.0,1,0,2,88.8368021428571,66.7829511428571,26.9295358571429,32.0,16,,,,,5554
2022-05-22,202221,27.0,27,27,27,0.7911855,10.411164,0,4,210530220222119684,2023-11-23,Imperatriz,1.2607944,259337,22.0,100.0,1,0,2,79.7117014285714,53.6542447142857,27.6871338571429,33.2857142857143,15,,,,,5554
2022-05-15,202220,24.0,24,24,24,0.6680073,9.254368,0,4,210530220222019684,2023-11-23,Imperatriz,1.1368917,259337,22.8571428571429,99.1701442857143,1,0,2,84.699259,62.7220122857143,26.3021721428571,30.2857142857143,11,,,,,5554
2022-05-08,202219,18.0,18,18,18,0.36841947,6.940776,0,4,210530220221919684,2023-11-23,Imperatriz,0.89776886,259337,24.2857142857143,100.0,1,0,2,89.9683214285714,67.088545,27.5157478571429,31.8571428571429,11,,,,,5554
2022-05-01,202218,24.0,24,24,24,0.8211357,9.254368,0,4,210530220221819684,2023-11-23,Imperatriz,1.3258562,259337,23.7142857142857,100.0,1,0,2,87.799307,64.3683841428571,27.5263038571429,32.1428571428571,17,,,,,5554
2022-04-24,202217,20.0,20,20,20,0.73152345,7.711973,0,4,210530220221719684,2023-11-23,Imperatriz,1.225142,259337,23.5714285714286,100.0,1,0,2,86.5087957142857,62.7425484285714,27.6132987142857,32.4285714285714,18,,,,,5554
2022-04-17,202216,18.0,18,18,18,0.738973,6.940776,0,4,210530220221619684,2023-11-23,Imperatriz,1.2494553,259337,23.7142857142857,100.0,1,0,2,89.8097238571429,66.6990031428571,27.2464492857143,32.0,15,,,,,5554
2022-04-10,202215,16.0,16,16,16,0.7958936,6.1695786,0,4,210530220221519684,2023-11-23,Imperatriz,1.3651888,259337,24.0,100.0,1,0,2,89.8174122857143,66.4754544285714,27.4186295714286,32.0,14,,,,,5554
2022-04-03,202214,16.0,16,16,16,0.9128623,6.1695786,0,2,210530220221419684,2023-11-23,Imperatriz,1.7169784,259337,24.1428571428571,100.0,1,0,2,91.4275077142857,71.1912278571429,26.8010368571429,30.8571428571429,13,,,,,5554
2022-03-27,202213,11.0,11,11,11,0.7565443,4.2415853,0,2,210530220221319684,2023-11-23,Imperatriz,1.3683195,259337,23.4285714285714,100.0,1,0,1,90.565942,70.5668912857143,26.6539704285714,30.8571428571429,10,,,,,5554
2022-03-20,202212,9.0,9,9,9,0.6651124,3.470388,0,2,210530220221219684,2023-11-23,Imperatriz,1.2291068,259337,23.8571428571429,100.0,1,0,1,87.6757192857143,61.2990058571429,27.486616,32.7142857142857,7,,,,,5554
2022-03-13,202211,7.0,7,7,7,0.5853337,2.6991906,0,2,210530220221119684,2023-11-23,Imperatriz,1.1217344,259337,23.4285714285714,100.0,1,0,1,93.3170528571429,76.3247778571429,25.9089385714286,29.7142857142857,3,,,,,5554
2022-03-06,202210,9.0,9,9,9,0.8426376,3.470388,0,2,210530220221019684,2023-11-23,Imperatriz,1.6892929,259337,23.2857142857143,100.0,1,0,1,90.2347157142857,69.6177631428571,26.23137,30.7142857142857,4,,,,,5554
2022-02-27,202209,5.0,5,5,5,0.56166536,1.9279933,0,2,210530220220919684,2023-11-23,Imperatriz,1.1009884,259337,23.5714285714286,100.0,1,0,1,90.6686658571429,71.2412651428571,26.317893,30.7142857142857,2,,,,,5554
2022-02-20,202208,6.0,6,6,6,0.8065464,2.313592,0,2,210530220220819684,2023-11-23,Imperatriz,1.7284362,259337,23.2857142857143,100.0,1,0,1,87.0660278571429,63.3610838571429,27.1797412857143,32.4285714285714,5,,,,,5554
2022-02-13,202207,4.0,4,4,4,0.7448737,1.5423946,0,1,210530220220719684,2023-11-23,Imperatriz,1.6364961,259337,22.7142857142857,100.0,1,0,0,90.8241207142857,69.6042717142857,25.9111111428571,29.7142857142857,2,,,,,5554
2022-02-06,202206,5.0,5,5,5,0.77863944,1.9279933,0,1,210530220220619684,2023-11-23,Imperatriz,1.6891781,259337,23.7142857142857,100.0,1,0,1,87.2406905714286,65.9869521428571,27.1106514285714,31.7142857142857,5,,,,,5554
2022-01-30,202205,0.0,0,0,0,0.0,0.0,0,1,210530220220519684,2023-11-23,Imperatriz,0.0,259337,23.7142857142857,98.40536,0,0,0,85.8039121428571,64.8869437142857,26.993317,31.2857142857143,1,,,,,5554
2022-01-23,202204,3.0,3,3,3,0.32414103,1.156796,0,2,210530220220419684,2023-11-23,Imperatriz,0.72348845,259337,23.1428571428571,100.0,1,0,0,86.5558668571429,63.8285837142857,26.6245108571429,31.4285714285714,2,,,,,5554
2022-01-16,202203,5.0,5,5,5,0.78340507,1.9279933,0,2,210530220220319684,2023-11-23,Imperatriz,1.7104708,259337,23.0,100.0,1,0,1,86.0956992857143,62.9288251428571,27.021088,32.4285714285714,2,,,,,5554
2022-01-09,202202,5.0,5,5,5,0.9391215,1.9279933,0,2,210530220220219684,2023-11-23,Imperatriz,3.440603,259337,22.8571428571429,100.0,1,0,1,88.4682684285714,68.2978917142857,26.1709275714286,30.5714285714286,4,,,,,5554
2022-01-02,202201,3.0,3,3,3,0.92258286,1.156796,0,1,210530220220119684,2023-11-23,Imperatriz,4.2854652,259337,23.7142857142857,100.0,1,0,0,87.8127248571429,67.2985738571429,26.7660472857143,31.1428571428571,2,,,,,5554
2021-12-26,202152,1.0,1,1,1,0.6157966,0.38559866,0,1,210530220215219684,2023-11-23,Imperatriz,1.4296455,259337,23.2857142857143,100.0,1,0,0,89.8616014285714,70.9972057142857,26.3604841428571,30.1428571428571,1,,,,,5554
2021-12-19,202151,0.0,0,0,0,0.0,0.0,0,1,210530220215119684,2023-11-23,Imperatriz,0.0,259337,23.8571428571429,100.0,0,0,0,88.8773472857143,68.2678485714286,26.9711361428571,31.1428571428571,0,,,,,5554
2021-12-12,202150,1.0,1,1,1,0.65737164,0.38559866,0,1,210530220215019684,2023-11-23,Imperatriz,1.6522946,259337,24.1428571428571,100.0,1,0,0,89.9540651428571,69.2930675714286,27.3752832857143,31.5714285714286,0,,,,,5554
2021-12-05,202149,1.0,1,1,1,0.55214596,0.38559866,0,1,210530220214919684,2023-11-23,Imperatriz,1.1670268,259337,23.8571428571429,100.0,1,0,0,89.6467858571429,66.6067622857143,26.9379427142857,31.5714285714286,1,,,,,5554
2021-11-28,202148,0.0,0,0,0,0.0,0.0,0,1,210530220214819684,2023-11-23,Imperatriz,0.0,259337,23.7142857142857,100.0,0,0,0,84.1615228571429,62.135659,27.8821215714286,32.7142857142857,0,,,,,5554
2021-11-21,202147,1.0,1,1,1,0.35423523,0.38559866,0,2,210530220214719684,2023-11-23,Imperatriz,0.6679043,259337,23.8571428571429,100.0,1,0,0,83.0119915714286,58.9811184285714,28.095275,33.0,0,,,,,5554
2021-11-14,202146,1.0,1,1,1,0.5610129,0.38559866,0,1,210530220214619684,2023-11-23,Imperatriz,1.199193,259337,23.7142857142857,100.0,1,0,0,83.87442,62.037485,27.8433581428571,32.4285714285714,0,,,,,5554
2021-11-07,202145,3.0,3,3,3,0.96201503,1.156796,0,1,210530220214519684,2023-11-23,Imperatriz,7.426779,259337,23.5714285714286,100.0,1,0,0,85.1309221428571,62.3863238571429,27.365079,32.1428571428571,3,,,,,5554
2021-10-31,202144,0.0,0,0,0,0.0,0.0,0,1,210530220214419684,2023-11-23,Imperatriz,0.0,259337,24.0,100.0,0,0,0,86.0209792857143,63.76224,27.4323304285714,31.8571428571429,0,,,,,5554
2021-10-24,202143,0.0,0,0,0,0.0,0.0,0,1,210530220214319684,2023-11-23,Imperatriz,0.0,259337,23.1428571428571,100.0,0,0,0,83.1154322857143,59.0091568571429,27.8375942857143,33.0,0,,,,,5554
2021-10-17,202142,1.0,1,1,1,0.9632679,0.38559866,0,1,210530220214219684,2023-11-23,Imperatriz,18.521614,259337,23.5,100.0,1,0,0,88.213572,66.076542,26.179825,29.5,1,,,,,5554
2021-10-10,202141,0.0,0,0,0,0.0,0.0,0,1,210530220214119684,2023-11-23,Imperatriz,0.0,259337,24.6,95.436577,0,0,0,74.0608458,51.6436622,29.277778,34.2,0,,,,,5554
2021-10-03,202140,0.0,0,0,0,0.0,0.0,0,1,210530220214019684,2023-11-23,Imperatriz,0.0,259337,,95.7725541,0,0,0,,,,,0,,,,,5554
2021-09-26,202139,0.0,0,0,0,0.0,0.0,0,1,210530220213919684,2023-11-23,Imperatriz,0.0,259337,,96.1085312,0,0,0,,,,,0,,,,,5554
2021-09-19,202138,0.0,0,0,0,0.0,0.0,0,1,210530220213819684,2023-11-23,Imperatriz,0.0,259337,,96.4445083,0,0,0,,,,,0,,,,,5554
2021-09-12,202137,0.0,0,0,0,0.0,0.0,0,1,210530220213719684,2023-11-23,Imperatriz,0.0,259337,,96.7804854,0,0,0,,,,,0,,,,,5554
2021-09-05,202136,0.0,0,0,0,0.0,0.0,0,1,210530220213619684,2023-11-23,Imperatriz,0.0,259337,24.5,97.1164625,0,0,0,76.7962775,46.89202,28.861112,35.0,0,,,,,5554
2021-08-29,202135,0.0,0,0,0,0.0,0.0,0,1,210530220213519684,2023-11-23,Imperatriz,0.0,259337,24.8,94.4871812,0,0,0,73.1387516,47.0437288,28.9888886,34.6,0,,,,,5554
2021-08-22,202134,1.0,1,1,1,0.730556,0.38559866,0,1,210530220213419684,2023-11-23,Imperatriz,2.2078307,259337,23.4285714285714,100.0,1,0,0,72.0085544285714,41.0863764285714,29.5238092857143,36.7142857142857,2,,,,,5554
2021-08-15,202133,0.0,0,0,0,0.0,0.0,0,1,210530220213319684,2023-11-23,Imperatriz,0.0,259337,21.0,100.0,0,0,0,66.7750435714286,32.0684192857143,28.9486218571429,36.7142857142857,0,,,,,5554
2021-08-08,202132,1.0,1,1,1,0.9629979,0.38559866,0,1,210530220213219684,2023-11-23,Imperatriz,18.383898,259337,21.5714285714286,100.0,1,0,0,69.70775,37.0658585714286,28.4624175714286,36.7142857142857,0,,,,,5554
2021-08-01,202131,0.0,0,0,0,0.0,0.0,0,1,210530220213119684,2023-11-23,Imperatriz,0.0,259337,19.6666666666667,100.0,0,0,0,63.479765,31.1118711666667,28.4166666666667,36.8333333333333,0,,,,,5554
2021-07-25,202130,0.0,0,0,0,0.0,0.0,0,1,210530220213019684,2023-11-23,Imperatriz,0.0,259337,21.8571428571429,98.3402885714286,0,0,0,68.5940942857143,35.560541,28.568027,36.5714285714286,0,,,,,5554
2021-07-18,202129,0.0,0,0,0,0.0,0.0,0,1,210530220212919684,2023-11-23,Imperatriz,0.0,259337,21.4,100.0,0,0,0,71.6613906,39.2219162,28.4333336,36.0,0,,,,,5554
2021-07-11,202128,0.0,0,0,0,0.0,0.0,0,1,210530220212819684,2023-11-23,Imperatriz,0.0,259337,21.1666666666667,100.0,0,0,0,73.3938608333333,42.7286621666667,28.002018,35.5,0,,,,,5554
2021-07-04,202127,0.0,0,0,0,0.0,0.0,0,1,210530220212719684,2023-11-23,Imperatriz,0.0,259337,21.8333333333333,100.0,0,0,0,77.4053375,46.5216926666667,27.8485533333333,34.6666666666667,0,,,,,5554
2021-06-27,202126,3.0,3,3,3,0.8928063,1.156796,0,1,210530220212619684,2023-11-23,Imperatriz,3.36153,259337,20.5714285714286,100.0,1,0,0,74.3330328571429,43.9920015714286,27.3095234285714,34.4285714285714,1,,,,,5554
2021-06-20,202125,2.0,2,2,2,0.8668216,0.7711973,0,1,210530220212519684,2023-11-23,Imperatriz,3.53765,259337,21.5,100.0,1,0,0,81.36115,48.183939,27.246032,34.5,2,,,,,5554
2021-06-13,202124,0.0,0,0,0,0.0,0.0,0,1,210530220212419684,2023-11-23,Imperatriz,0.0,259337,,100.0,0,0,0,,,,,0,,,,,5554
2021-06-06,202123,1.0,1,1,1,0.6176931,0.38559866,0,1,210530220212319684,2023-11-23,Imperatriz,1.4387707,259337,,100.0,1,0,0,,,,,0,,,,,5554
2021-05-30,202122,0.0,0,0,0,0.0,0.0,0,1,210530220212219684,2023-11-23,Imperatriz,0.0,259337,,100.0,0,0,0,,,,,0,,,,,5554
2021-05-23,202121,1.0,1,1,1,0.7845371,0.38559866,0,1,210530220212119684,2023-11-23,Imperatriz,2.856437,259337,,100.0,1,0,0,,,,,1,,,,,5554
2021-05-16,202120,1.0,1,1,1,0.81203085,0.38559866,0,1,210530220212019684,2023-11-23,Imperatriz,3.3289664,259337,,100.0,1,0,0,,,,,0,,,,,5554
2021-05-09,202119,0.0,0,0,0,0.0,0.0,0,1,210530220211919684,2023-11-23,Imperatriz,0.0,259337,,100.0,0,0,0,,,,,0,,,,,5554
2021-05-02,202118,0.0,0,0,0,0.0,0.0,0,1,210530220211819684,2023-11-23,Imperatriz,0.0,259337,,100.0,0,0,0,,,,,0,,,,,5554
2021-04-25,202117,1.0,1,1,1,0.73055524,0.38559866,0,1,210530220211719684,2023-11-23,Imperatriz,2.2078235,259337,,100.0,1,0,0,,,,,1,,,,,5554
2021-04-18,202116,0.0,0,0,0,0.0,0.0,0,1,210530220211619684,2023-11-23,Imperatriz,0.0,259337,,100.0,0,0,0,,,,,0,,,,,5554
2021-04-11,202115,1.0,1,1,1,0.96031237,0.38559866,0,1,210530220211519684,2023-11-23,Imperatriz,17.116165,259337,23.3333333333333,100.0,1,0,0,84.515714,60.3600193333333,27.9736518333333,32.6666666666667,1,,,,,5554
2021-04-04,202114,0.0,0,0,0,0.0,0.0,0,1,210530220211419684,2023-11-23,Imperatriz,0.0,259337,23.7142857142857,100.0,0,0,0,76.6020917142857,46.1759524285714,29.02962,34.5714285714286,0,,,,,5554
2021-03-28,202113,0.0,0,0,0,0.0,0.0,0,1,210530220211319684,2023-11-23,Imperatriz,0.0,259337,23.5714285714286,100.0,0,0,0,84.6780505714286,59.3442068571429,27.5972055714286,32.5714285714286,0,,,,,5554
2021-03-21,202112,0.0,0,0,0,0.0,0.0,0,1,210530220211219684,2023-11-23,Imperatriz,0.0,259337,22.8571428571429,100.0,0,0,0,86.4188,64.026459,26.6490737142857,31.0,0,,,,,5554
2021-03-14,202111,0.0,0,0,0,0.0,0.0,0,1,210530220211119684,2023-11-23,Imperatriz,0.0,259337,23.2857142857143,100.0,0,0,0,92.2960642857143,76.1422311428571,25.7025271428571,28.8571428571429,0,,,,,5554
2021-03-07,202110,1.0,1,1,1,0.7036551,0.38559866,0,1,210530220211019684,2023-11-23,Imperatriz,1.972155,259337,23.1428571428571,100.0,1,0,0,86.1677138571429,68.1332428571429,26.8948414285714,31.0,0,,,,,5554
2021-02-28,202109,0.0,0,0,0,0.0,0.0,0,1,210530220210919684,2023-11-23,Imperatriz,0.0,259337,22.8571428571429,100.0,0,0,0,93.5678605714286,81.3607871428571,24.998546,28.1428571428571,0,,,,,5554
2021-02-21,202108,1.0,1,1,1,0.7014976,0.38559866,0,1,210530220210819684,2023-11-23,Imperatriz,1.9550729,259337,22.8571428571429,100.0,1,0,0,91.3227028571429,74.5083437142857,25.8062912857143,29.7142857142857,1,,,,,5554
2021-02-14,202107,0.0,0,0,0,0.0,0.0,0,1,210530220210719684,2023-11-23,Imperatriz,0.0,259337,23.0,100.0,0,0,0,95.3208994285714,82.0588142857143,25.3690475714286,28.4285714285714,0,,,,,5554
2021-02-07,202106,1.0,1,1,1,0.59505916,0.38559866,0,1,210530220210619684,2023-11-23,Imperatriz,1.3353008,259337,24.0,100.0,1,0,0,88.5374577142857,69.1525675714286,27.3266915714286,32.0,1,,,,,5554
2021-01-31,202105,0.0,0,0,0,0.0,0.0,0,1,210530220210519684,2023-11-23,Imperatriz,0.0,259337,24.1428571428571,99.1761321428571,0,0,0,80.7952148571429,59.1823077142857,28.3029345714286,32.8571428571429,0,,,,,5554
2021-01-24,202104,1.0,1,1,1,0.6177504,0.38559866,0,2,210530220210419684,2023-11-23,Imperatriz,1.4390478,259337,23.4285714285714,98.40536,1,0,0,84.1705014285714,61.3200332857143,27.5426377142857,33.1428571428571,0,,,,,5554
2021-01-17,202103,1.0,1,1,1,0.8145292,0.38559866,0,1,210530220210319684,2023-11-23,Imperatriz,3.3788157,259337,22.7142857142857,100.0,1,0,0,88.3884542857143,65.6127904285714,26.5993552857143,31.7142857142857,1,,,,,5554
2021-01-10,202102,1.0,1,1,1,0.9632679,0.38559866,0,1,210530220210219684,2023-11-23,Imperatriz,18.521618,259337,23.5714285714286,100.0,1,0,0,88.1599994285714,63.0750622857143,27.1249051428571,32.5714285714286,1,,,,,5554
2021-01-03,202101,0.0,0,0,0,0.0,0.0,0,1,210530220210119684,2023-11-23,Imperatriz,0.0,259337,22.5714285714286,100.0,0,0,0,84.7386437142857,59.534601,27.7352941428571,33.2857142857143,0,,,,,5554
2020-12-27,202053,0.0,0,0,0,0.0,0.0,0,1,210530220205319589,2023-08-20,Imperatriz,0.0,259337,22.5,103.036675,0,0,0,84.6926025,60.994225,27.633333,33.0,0,,,,,5554
2020-12-20,202052,0.0,0,0,0,0.0,0.0,0,1,210530220205219589,2023-08-20,Imperatriz,0.0,259337,,102.42934,0,0,0,,,,,0,,,,,5554
2020-12-13,202051,0.0,0,0,0,0.0,0.0,0,1,210530220205119589,2023-08-20,Imperatriz,0.0,259337,,101.822005,0,0,0,,,,,0,,,,,5554
2020-12-06,202050,0.0,0,0,0,0.0,0.0,0,1,210530220205019589,2023-08-20,Imperatriz,0.0,259337,,101.21467,0,0,0,,,,,0,,,,,5554
2020-11-29,202049,0.0,0,0,0,0.0,0.0,0,1,210530220204919589,2023-08-20,Imperatriz,0.0,259337,,100.607335,0,0,0,,,,,0,,,,,5554
2020-11-22,202048,0.0,0,0,0,0.0,0.0,0,1,210530220204819589,2023-08-20,Imperatriz,0.0,259337,23.6666666666667,100.0,0,0,0,85.5353101666667,68.947721,27.417361,30.8333333333333,0,,,,,5554
2020-11-15,202047,0.0,0,0,0,0.0,0.0,0,1,210530220204719589,2023-08-20,Imperatriz,0.0,259337,23.7142857142857,100.0,0,0,0,84.2906014285714,63.7983645714286,27.6822478571429,32.0,0,,,,,5554
2020-11-08,202046,0.0,0,0,0,0.0,0.0,0,1,210530220204619589,2023-08-20,Imperatriz,0.0,259337,25.1428571428571,99.1761321428571,0,0,0,80.2605891428571,59.6215355714286,28.8305821428571,33.0,0,,,,,5554
2020-11-01,202045,0.0,0,0,0,0.0,0.0,0,1,210530220204519589,2023-08-20,Imperatriz,0.0,259337,23.1428571428571,100.0,0,0,0,84.9283771428571,66.4271252857143,27.1985294285714,31.4285714285714,0,,,,,5554
2020-10-25,202044,0.0,0,0,0,0.0,0.0,0,1,210530220204419589,2023-08-20,Imperatriz,0.0,259337,24.7142857142857,95.0633064285714,0,0,0,73.306205,50.5823647142857,29.3799368571429,34.4285714285714,0,,,,,5554
2020-10-18,202043,0.0,0,0,0,0.0,0.0,0,1,210530220204319589,2023-08-20,Imperatriz,0.0,259337,25.0,93.4808242857143,0,0,0,68.3237207142857,46.4866228571429,29.9077287142857,35.0,0,,,,,5554
2020-10-11,202042,0.0,0,0,0,0.0,0.0,0,1,210530220204219589,2023-08-20,Imperatriz,0.0,259337,23.8571428571429,96.77693,0,0,0,75.0871251428571,51.3339174285714,28.5436507142857,34.1428571428571,0,,,,,5554
2020-10-04,202041,0.0,0,0,0,0.0,0.0,0,1,210530220204119589,2023-08-20,Imperatriz,0.0,259337,25.0,94.250845,0,0,0,67.6495551428571,44.8177322857143,30.1341504285714,35.2857142857143,0,,,,,5554
2020-09-27,202040,0.0,0,0,0,0.0,0.0,0,1,210530220204019589,2023-08-20,Imperatriz,0.0,259337,24.0,95.8932271428571,0,0,0,72.704085,49.3914648571429,29.0158734285714,34.1428571428571,0,,,,,5554
2020-09-20,202039,0.0,0,0,0,0.0,0.0,0,1,210530220203919589,2023-08-20,Imperatriz,0.0,259337,24.8571428571429,94.3525514285714,0,0,0,65.021503,45.1414452857143,30.694128,35.2857142857143,0,,,,,5554
2020-09-13,202038,0.0,0,0,0,0.0,0.0,0,1,210530220203819589,2023-08-20,Imperatriz,0.0,259337,24.4285714285714,87.2136491428571,0,0,0,51.7037301428571,30.830361,32.1885201428571,38.2857142857143,0,,,,,5554
2020-09-06,202037,0.0,0,0,0,0.0,0.0,0,1,210530220203719589,2023-08-20,Imperatriz,0.0,259337,24.5714285714286,83.6661708571429,0,0,0,51.6112462857143,30.9390114285714,32.1566761428571,37.8571428571429,0,,,,,5554
2020-08-30,202036,0.0,0,0,0,0.0,0.0,0,1,210530220203619589,2023-08-20,Imperatriz,0.0,259337,23.5714285714286,90.4662842857143,0,0,0,52.4844744285714,27.1548005714286,31.5884998571429,37.4285714285714,0,,,,,5554
2020-08-23,202035,1.0,1,1,1,0.9631786,0.38559866,0,1,210530220203519589,2023-08-20,Imperatriz,18.47582,259337,24.1428571428571,97.6521922857143,1,0,0,69.2181445714286,44.9352584285714,30.1875681428571,35.5714285714286,1,,,,,5554
2020-08-16,202034,0.0,0,0,0,0.0,0.0,0,1,210530220203419589,2023-08-20,Imperatriz,0.0,259337,23.0,90.63971,0,0,0,53.2285132857143,29.9335938571429,31.4630327142857,37.5714285714286,0,,,,,5554
2020-08-09,202033,0.0,0,0,0,0.0,0.0,0,1,210530220203319589,2023-08-20,Imperatriz,0.0,259337,21.0,92.4560642857143,0,0,0,48.7762472857143,27.9577122857143,31.217892,37.4285714285714,0,,,,,5554
2020-08-02,202032,0.0,0,0,0,0.0,0.0,0,1,210530220203219589,2023-08-20,Imperatriz,0.0,259337,21.1428571428571,86.1503242857143,0,0,0,47.0999178571429,28.4424751428571,30.4180767142857,36.4285714285714,0,,,,,5554
2020-07-26,202031,0.0,0,0,0,0.0,0.0,0,1,210530220203119589,2023-08-20,Imperatriz,0.0,259337,19.7142857142857,91.5807785714286,0,0,0,46.3201298571429,25.602453,30.3998428571429,36.8571428571429,0,,,,,5554
2020-07-19,202030,0.0,0,0,0,0.0,0.0,0,1,210530220203019589,2023-08-20,Imperatriz,0.0,259337,20.5714285714286,94.9120657142857,0,0,0,52.8652355714286,31.549593,30.2183151428571,36.0,0,,,,,5554
2020-07-12,202029,1.0,1,1,1,0.9603134,0.38559866,0,1,210530220202919589,2023-08-20,Imperatriz,17.116598,259337,22.0,99.1455371428571,1,0,0,57.7912417142857,36.3482202857143,30.4195577142857,35.8571428571429,1,,,,,5554
2020-07-05,202028,0.0,0,0,0,0.0,0.0,0,1,210530220202819589,2023-08-20,Imperatriz,0.0,259337,21.5714285714286,99.1579742857143,0,0,0,64.9622584285714,40.8303522857143,29.0442915714286,34.8571428571429,0,,,,,5554
2020-06-28,202027,0.0,0,0,0,0.0,0.0,0,1,210530220202719589,2023-08-20,Imperatriz,0.0,259337,22.4285714285714,99.1640914285714,0,0,0,70.4710298571429,41.2823185714286,28.5234562857143,35.1428571428571,0,,,,,5554
2020-06-21,202026,0.0,0,0,0,0.0,0.0,0,1,210530220202619589,2023-08-20,Imperatriz,0.0,259337,21.2857142857143,99.1640914285714,0,0,0,76.8380255714286,47.901245,26.6917102857143,33.4285714285714,0,,,,,5554
2020-06-14,202025,0.0,0,0,0,0.0,0.0,0,1,210530220202519589,2023-08-20,Imperatriz,0.0,259337,21.5714285714286,100.0,0,0,0,76.9563622857143,51.0741345714286,26.9868011428571,32.8571428571429,0,,,,,5554
2020-06-07,202024,1.0,1,1,1,0.8145292,0.38559866,0,1,210530220202419589,2023-08-20,Imperatriz,3.3788157,259337,23.2857142857143,100.0,1,0,0,83.0104948571429,52.7597802857143,27.467262,33.7142857142857,1,,,,,5554
2020-05-31,202023,0.0,0,0,0,0.0,0.0,0,1,210530220202319589,2023-08-20,Imperatriz,0.0,259337,23.7142857142857,100.0,0,0,0,85.8379907142857,56.996268,27.4880954285714,33.4285714285714,0,,,,,5554
2020-05-24,202022,0.0,0,0,0,0.0,0.0,0,1,210530220202219589,2023-08-20,Imperatriz,0.0,259337,23.7142857142857,100.0,0,0,0,88.7849395714286,61.665338,27.1726191428571,32.5714285714286,0,,,,,5554
2020-05-17,202021,1.0,1,1,1,0.96308726,0.38559866,0,1,210530220202119589,2023-08-20,Imperatriz,18.429237,259337,24.2857142857143,100.0,1,0,0,88.6163894285714,60.7703062857143,27.5238094285714,33.1428571428571,0,,,,,5554
2020-05-10,202020,0.0,0,0,0,0.0,0.0,0,1,210530220202019589,2023-08-20,Imperatriz,0.0,259337,24.0,100.0,0,0,0,83.6435255714286,54.7464831428571,27.8958334285714,33.8571428571429,0,,,,,5554
2020-05-03,202019,0.0,0,0,0,0.0,0.0,0,1,210530220201919589,2023-08-20,Imperatriz,0.0,259337,24.5714285714286,100.0,0,0,0,85.479225,58.4982602857143,28.39441,34.0,0,,,,,5554
2020-04-26,202018,0.0,0,0,0,0.0,0.0,0,1,210530220201819589,2023-08-20,Imperatriz,0.0,259337,24.2857142857143,100.0,0,0,0,87.0535771428571,58.694456,27.809524,33.2857142857143,0,,,,,5554
2020-04-19,202017,0.0,0,0,0,0.0,0.0,0,1,210530220201719589,2023-08-20,Imperatriz,0.0,259337,23.8571428571429,100.0,0,0,0,90.7008837142857,67.5483294285714,26.7738097142857,31.2857142857143,0,,,,,5554
2020-04-12,202016,0.0,0,0,0,0.0,0.0,0,1,210530220201619589,2023-08-20,Imperatriz,0.0,259337,23.5714285714286,100.0,0,0,0,92.7668022857143,73.0649057142857,26.1488097142857,30.2857142857143,0,,,,,5554
2020-04-05,202015,2.0,2,2,2,0.627117,0.7711973,0,2,210530220201519589,2023-08-20,Imperatriz,1.3635154,259337,24.5714285714286,100.0,1,0,0,87.4317185714286,60.565825,27.9611797142857,33.5714285714286,2,,,,,5554
2020-03-29,202014,2.0,2,2,2,0.5130212,0.7711973,0,2,210530220201419589,2023-08-20,Imperatriz,1.030002,259337,24.2857142857143,100.0,1,0,0,88.8417262857143,59.7778542857143,27.6952377142857,34.0,2,,,,,5554
2020-03-22,202013,1.0,1,1,1,0.1274117,0.38559866,0,2,210530220201319589,2023-08-20,Imperatriz,0.33642504,259337,24.2857142857143,100.0,1,0,0,89.5227757142857,64.0525915714286,27.1071428571429,32.1428571428571,1,,,,,5554
2020-03-15,202012,1.0,1,1,1,0.11118177,0.38559866,0,2,210530220201219589,2023-08-20,Imperatriz,0.3155562,259337,23.5714285714286,100.0,1,0,0,95.1616135714286,81.1961594285714,25.4475105714286,28.4285714285714,1,,,,,5554
2020-03-08,202011,4.0,4,4,4,0.7532967,1.5423946,0,2,210530220201119589,2023-08-20,Imperatriz,1.6733769,259337,24.2857142857143,100.0,1,0,0,97.3708607142857,90.6011307142857,25.3625542857143,27.1428571428571,3,,,,,5554
2020-03-01,202010,4.0,4,4,4,0.82874185,1.5423946,0,2,210530220201019589,2023-08-20,Imperatriz,2.1189198,259337,24.2857142857143,100.0,1,0,0,97.0893564285714,89.8559864285714,25.4935065714286,27.4285714285714,4,,,,,5554
2020-02-23,202009,2.0,2,2,2,0.52210087,0.7711973,0,2,210530220200919589,2023-08-20,Imperatriz,1.0516886,259337,24.2857142857143,100.0,1,0,0,97.7002214285714,90.5318835714286,25.5360388571429,27.0,2,,,,,5554
2020-02-16,202008,1.0,1,1,1,0.30042845,0.38559866,0,2,210530220200819589,2023-08-20,Imperatriz,0.57639986,259337,24.4285714285714,100.0,1,0,0,99.1841228571429,97.5926007142857,24.8311688571429,25.4285714285714,1,,,,,5554
2020-02-09,202007,3.0,3,3,3,0.75121605,1.156796,0,2,210530220200719589,2023-08-20,Imperatriz,1.7931234,259337,23.2857142857143,100.0,1,0,0,99.0225451428571,95.9335628571429,24.9714285714286,26.7142857142857,2,,,,,5554
2020-02-02,202006,1.0,1,1,1,0.23869984,0.38559866,0,2,210530220200619589,2023-08-20,Imperatriz,0.48385602,259337,23.4285714285714,100.0,1,0,0,94.565968,82.3553237142857,25.6642857142857,28.2857142857143,1,,,,,5554
2020-01-26,202005,2.0,2,2,2,0.3666037,0.7711973,0,2,210530220200519589,2023-08-20,Imperatriz,0.74860555,259337,23.7142857142857,100.0,1,0,0,88.891402,66.2001397142857,26.9956711428571,31.7142857142857,2,,,,,5554
2020-01-19,202004,1.0,1,1,1,0.21483475,0.38559866,0,2,210530220200419589,2023-08-20,Imperatriz,0.45071423,259337,24.0,100.0,1,0,0,89.9148741428571,66.9837182857143,27.0952382857143,31.7142857142857,1,,,,,5554
2020-01-12,202003,4.0,4,4,4,0.94307065,1.5423946,0,1,210530220200319589,2023-08-20,Imperatriz,4.2468433,259337,24.1428571428571,100.0,1,0,0,88.6134185714286,64.927535,26.9642857142857,31.2857142857143,3,,,,,5554
2020-01-05,202002,3.0,3,3,3,0.9872153,1.156796,0,1,210530220200219589,2023-08-20,Imperatriz,18.521446,259337,23.5714285714286,100.0,1,0,0,90.4645571428571,69.9481334285714,26.3571431428571,30.1428571428571,3,,,,,5554
2019-12-29,202001,0.0,0,0,0,0.0,0.0,0,1,210530220200119589,2023-08-20,Imperatriz,0.0,259337,23.6666666666667,100.0,0,0,0,93.561426,74.7792733333333,25.6916666666667,29.3333333333333,0,,,,,5554
2019-12-22,201952,0.0,0,0,0,0.0,0.0,0,1,210530220195219589,2023-08-20,Imperatriz,0.0,259337,23.8571428571429,99.1820557142857,0,0,0,96.0071257142857,89.0569935714286,25.1317458571429,26.8571428571429,0,,,,,5554
2019-12-15,201951,0.0,0,0,0,0.0,0.0,0,1,210530220195119589,2023-08-20,Imperatriz,0.0,259337,24.4285714285714,99.1701442857143,0,0,0,95.8395878571429,89.6858131428571,25.5,27.0,0,,,,,5554
2019-12-08,201950,0.0,0,0,0,0.0,0.0,0,1,210530220195019589,2023-08-20,Imperatriz,0.0,259337,24.4285714285714,100.0,0,0,0,94.7507947142857,88.3002774285714,25.6571428571429,27.0,0,,,,,5554
2019-12-01,201949,0.0,0,0,0,0.0,0.0,0,1,210530220194919589,2023-08-20,Imperatriz,0.0,259337,24.2857142857143,100.0,0,0,0,95.44381,89.602063,25.3,26.5714285714286,0,,,,,5554
2019-11-24,201948,0.0,0,0,0,0.0,0.0,0,1,210530220194819589,2023-08-20,Imperatriz,0.0,259337,24.2857142857143,100.0,0,0,0,97.4369827142857,91.3434781428571,25.2809522857143,26.1428571428571,0,,,,,5554
2019-11-17,201947,1.0,1,1,1,0.92788416,0.38559866,0,1,210530220194719589,2023-08-20,Imperatriz,9.26068,259337,24.0,98.3522642857143,1,0,0,93.2115722857143,84.3633785714286,25.3857142857143,27.1428571428571,1,,,,,5554
2019-11-10,201946,0.0,0,0,0,0.0,0.0,0,1,210530220194619589,2023-08-20,Imperatriz,0.0,259337,24.7142857142857,99.1820557142857,0,0,0,91.8972992857143,80.3648495714286,25.9,28.0,0,,,,,5554
2019-11-03,201945,0.0,0,0,0,0.0,0.0,0,1,210530220194519589,2023-08-20,Imperatriz,0.0,259337,24.4285714285714,96.0302015714286,0,0,0,89.2594435714286,81.1328351428571,25.7714285714286,27.2857142857143,0,,,,,5554
2019-10-27,201944,0.0,0,0,0,0.0,0.0,0,1,210530220194419589,2023-08-20,Imperatriz,0.0,259337,24.8571428571429,96.8189178571428,0,0,0,88.8447637142857,77.0672704285714,25.9831168571429,27.8571428571429,0,,,,,5554
2019-10-20,201943,1.0,1,1,1,0.7844627,0.38559866,0,1,210530220194319589,2023-08-20,Imperatriz,2.8553212,259337,24.0,96.7655885714286,1,0,0,88.7090572857143,76.9356132857143,25.6623374285714,27.7142857142857,1,,,,,5554
2019-10-13,201942,0.0,0,0,0,0.0,0.0,0,1,210530220194219589,2023-08-20,Imperatriz,0.0,259337,24.5714285714286,92.7033287142857,0,0,0,86.1663107142857,76.3313017142857,25.8935065714286,28.1428571428571,0,,,,,5554
2019-10-06,201941,0.0,0,0,0,0.0,0.0,0,1,210530220194119589,2023-08-20,Imperatriz,0.0,259337,24.0,96.7290707142857,0,0,0,90.5827721428571,79.0097028571429,25.2207791428571,27.1428571428571,0,,,,,5554
2019-09-29,201940,1.0,1,1,1,0.53869826,0.38559866,0,1,210530220194019589,2023-08-20,Imperatriz,1.12051,259337,24.1428571428571,96.7882714285714,1,0,0,88.926275,77.9174602857143,25.3506491428571,27.5714285714286,1,,,,,5554
2019-09-22,201939,1.0,1,1,1,0.38044432,0.38559866,0,1,210530220193919589,2023-08-20,Imperatriz,0.7172352,259337,25.1428571428571,91.1681494285714,0,0,0,82.0074392857143,70.904873,26.3376622857143,28.1428571428571,1,,,,,5554
2019-09-15,201938,0.0,0,0,0,0.0,0.0,0,1,210530220193819589,2023-08-20,Imperatriz,0.0,259337,24.8571428571429,91.9342015714286,0,0,0,84.7330942857143,72.9220231428571,26.4675325714286,28.8571428571429,0,,,,,5554
2019-09-08,201937,2.0,2,2,2,0.68534446,0.7711973,0,1,210530220193719589,2023-08-20,Imperatriz,1.6103458,259337,23.7142857142857,97.50438,1,0,0,87.4290551428571,69.7925601428571,25.5064937142857,28.5714285714286,1,,,,,5554
2019-09-01,201936,2.0,2,2,2,0.7862719,0.7711973,0,1,210530220193619589,2023-08-20,Imperatriz,2.3098,259337,24.4285714285714,93.4946592857143,0,0,0,81.993097,69.0320174285714,26.2077922857143,28.7142857142857,1,,,,,5554
2019-08-25,201935,1.0,1,1,1,0.538696,0.38559866,0,1,210530220193519589,2023-08-20,Imperatriz,1.1205025,259337,23.1428571428571,92.7289685714286,0,0,0,83.3330042857143,67.6887994285714,25.2077922857143,28.1428571428571,1,,,,,5554
2019-08-18,201934,1.0,1,1,1,0.3803016,0.38559866,0,1,210530220193419589,2023-08-20,Imperatriz,0.71695685,259337,22.7142857142857,93.5413057142857,0,0,0,84.1137591428571,70.2618891428571,24.5142857142857,27.1428571428571,1,,,,,5554
2019-08-11,201933,0.0,0,0,0,0.0,0.0,0,1,210530220193319589,2023-08-20,Imperatriz,0.0,259337,21.2857142857143,94.06949,0,0,0,81.7382222857143,63.3660321428571,23.6363637142857,26.7142857142857,0,,,,,5554
2019-08-04,201932,2.0,2,2,2,0.6247338,0.7711973,0,1,210530220193219589,2023-08-20,Imperatriz,1.3548338,259337,22.4285714285714,91.3798242857143,0,0,0,81.9631308571429,69.3808038571429,23.9870131428571,26.0,2,,,,,5554
2019-07-28,201931,2.0,2,2,2,0.48520744,0.7711973,0,2,210530220193119589,2023-08-20,Imperatriz,0.96737456,259337,21.2857142857143,97.4998485714286,1,0,0,85.9917048571429,66.3784212857143,23.376624,27.0,2,,,,,5554
2019-07-21,201930,1.0,1,1,1,0.078443274,0.38559866,0,2,210530220193019589,2023-08-20,Imperatriz,0.27231583,259337,20.7142857142857,96.6007014285714,1,0,0,86.7020485714286,73.1847207142857,22.4675322857143,24.8571428571429,1,,,,,5554
2019-07-14,201929,1.0,1,1,1,0.03278661,0.38559866,0,2,210530220192919589,2023-08-20,Imperatriz,0.20280893,259337,22.4285714285714,98.3220657142857,1,0,0,91.7926477142857,80.1996768571429,24.0623377142857,25.8571428571429,1,,,,,5554
2019-07-07,201928,4.0,4,4,4,0.43815804,1.5423946,0,2,210530220192819589,2023-08-20,Imperatriz,0.9029756,259337,22.2857142857143,100.0,1,0,0,96.3890455714286,89.0234607142857,23.4545457142857,24.8571428571429,3,,,,,5554
2019-06-30,201927,6.0,6,6,6,0.86534035,2.313592,0,2,210530220192719589,2023-08-20,Imperatriz,2.0707796,259337,22.7142857142857,98.3713357142857,1,0,1,89.6802112857143,75.4812095714286,24.2337665714286,26.7142857142857,5,,,,,5554
2019-06-23,201926,6.0,6,6,6,0.8900516,2.313592,0,2,210530220192619589,2023-08-20,Imperatriz,2.2857056,259337,20.7142857142857,100.0,1,0,1,91.7373571428571,78.5183141428571,22.551948,24.8571428571429,6,,,,,5554
2019-06-16,201925,1.0,1,1,1,0.079435445,0.38559866,0,2,210530220192519589,2023-08-20,Imperatriz,0.2736672,259337,22.5714285714286,99.1701442857143,1,0,0,92.10372,80.6057371428571,24.0389611428571,26.4285714285714,1,,,,,5554
2019-06-09,201924,2.0,2,2,2,0.122771636,0.7711973,0,2,210530220192419589,2023-08-20,Imperatriz,0.41760713,259337,22.5714285714286,100.0,1,0,0,94.0204168571428,82.4313874285714,24.2492425714286,26.7142857142857,2,,,,,5554
2019-06-02,201923,4.0,4,4,4,0.26439658,1.5423946,0,2,210530220192319589,2023-08-20,Imperatriz,0.6789334,259337,23.2857142857143,100.0,1,0,0,96.7463977142857,86.1679794285714,24.5454545714286,26.2857142857143,5,,,,,5554
2019-05-26,201922,5.0,5,5,5,0.31368867,1.9279933,0,2,210530220192219589,2023-08-20,Imperatriz,0.7586164,259337,24.0,100.0,1,0,1,97.4565298571429,89.8441571428571,25.1818182857143,26.5714285714286,4,,,,,5554
2019-05-19,201921,5.0,5,5,5,0.35781336,1.9279933,0,2,210530220192119589,2023-08-20,Imperatriz,0.81017584,259337,23.8571428571429,99.1820557142857,1,0,1,98.3810614285714,93.6130015714286,24.6649348571429,26.1428571428571,5,,,,,5554
2019-05-12,201920,9.0,9,9,9,0.75947094,3.470388,0,2,210530220192019589,2023-08-20,Imperatriz,1.4231653,259337,23.7142857142857,100.0,1,0,1,96.8099187142857,88.2536744285714,24.8181817142857,26.5714285714286,9,,,,,5554
2019-05-05,201919,5.0,5,5,5,0.21095157,1.9279933,0,2,210530220191919589,2023-08-20,Imperatriz,0.6440092,259337,23.8571428571429,100.0,1,0,1,97.6101215714286,90.405953,25.1796537142857,26.7142857142857,5,,,,,5554
2019-04-28,201918,5.0,5,5,5,0.07624674,1.9279933,0,2,210530220191819589,2023-08-20,Imperatriz,0.48084822,259337,24.0,100.0,1,0,1,96.5151165714286,87.597289,25.7186145714286,27.5714285714286,5,,,,,5554
2019-04-21,201917,9.0,9,9,9,0.13309485,3.470388,0,2,210530220191719589,2023-08-20,Imperatriz,0.6320216,259337,24.5714285714286,100.0,1,0,1,94.8642371428571,84.54834,26.016852,28.4285714285714,9,,,,,5554
2019-04-14,201916,7.0,7,7,7,0.023294918,2.6991906,0,2,210530220191619589,2023-08-20,Imperatriz,0.4296936,259337,24.2857142857143,100.0,1,0,1,96.82999,89.5591557142857,25.3035542857143,27.0,5,,,,,5554
2019-04-07,201915,17.0,17,17,17,0.6148669,6.555177,0,4,210530220191519589,2023-08-20,Imperatriz,1.1067379,259337,24.5714285714286,100.0,1,0,2,96.75839,89.8080628571429,25.5468614285714,27.2857142857143,15,,,,,5554
2019-03-31,201914,18.0,18,18,18,0.8349344,6.940776,0,4,210530220191419589,2023-08-20,Imperatriz,1.4182142,259337,24.1428571428571,100.0,1,0,2,98.5979078571429,92.7757851428571,25.051948,26.1428571428571,15,,,,,5554
2019-03-24,201913,16.0,16,16,16,0.91372436,6.1695786,0,4,210530220191319589,2023-08-20,Imperatriz,1.7212762,259337,24.2857142857143,100.0,1,0,2,98.6562851428571,95.0752178571429,24.9090908571429,25.8571428571429,13,,,,,5554
2019-03-17,201912,13.0,13,13,13,0.94475436,5.0127826,0,2,210530220191219589,2023-08-20,Imperatriz,2.0859034,259337,24.0,100.0,1,0,2,97.9849915714286,94.267125,24.9493508571429,26.2857142857143,10,,,,,5554
2019-03-10,201911,10.0,10,10,10,0.9441736,3.8559866,0,2,210530220191119589,2023-08-20,Imperatriz,2.3469782,259337,23.7142857142857,99.1701442857143,1,0,1,96.5146905714286,88.2758547142857,24.7922074285714,26.7142857142857,7,,,,,5554
2019-03-03,201910,4.0,4,4,4,0.70812804,1.5423946,0,2,210530220191019589,2023-08-20,Imperatriz,1.4945537,259337,23.4285714285714,100.0,1,0,0,99.176672,95.9105564285714,24.2337662857143,25.2857142857143,4,,,,,5554
2019-02-24,201909,6.0,6,6,6,0.9332719,2.313592,0,2,210530220190919589,2023-08-20,Imperatriz,2.9070048,259337,23.5714285714286,100.0,1,0,1,98.2788951428571,95.0745185714286,24.4675322857143,25.7142857142857,6,,,,,5554
2019-02-17,201908,1.0,1,1,1,0.20122753,0.38559866,0,2,210530220190819589,2023-08-20,Imperatriz,0.43232018,259337,24.1428571428571,100.0,1,0,0,98.6647,94.3271407142857,25.1168831428571,26.1428571428571,1,,,,,5554
2019-02-10,201907,2.0,2,2,2,0.43386984,0.7711973,0,2,210530220190719589,2023-08-20,Imperatriz,0.86447716,259337,24.4285714285714,100.0,1,0,0,95.9977674285714,91.1323914285714,25.7142857142857,26.8571428571429,2,,,,,5554
2019-02-03,201906,2.0,2,2,2,0.5502571,0.7711973,0,1,210530220190619589,2023-08-20,Imperatriz,1.1233826,259337,23.5714285714286,100.0,1,0,0,91.4510671428571,74.8274237142857,26.0031744285714,29.4285714285714,2,,,,,5554
2019-01-27,201905,4.0,4,4,4,0.80657244,1.5423946,0,1,210530220190519589,2023-08-20,Imperatriz,1.9605075,259337,23.1428571428571,100.0,1,0,0,86.3099847142857,59.909937,26.9464282857143,32.4285714285714,4,,,,,5554
2019-01-20,201904,0.0,0,0,0,0.0,0.0,0,1,210530220190419589,2023-08-20,Imperatriz,0.0,259337,23.7142857142857,99.1820557142857,0,0,0,88.8458857142857,67.497787,26.6250002857143,31.2857142857143,0,,,,,5554
2019-01-13,201903,2.0,2,2,2,0.55251664,0.7711973,0,2,210530220190319589,2023-08-20,Imperatriz,1.129453,259337,23.0,100.0,1,0,0,90.7349885714286,72.2540094285714,25.6904762857143,29.4285714285714,3,,,,,5554
2019-01-06,201902,4.0,4,4,4,0.9275256,1.5423946,0,2,210530220190219589,2023-08-20,Imperatriz,3.6401772,259337,22.5714285714286,100.0,1,0,0,97.1106515714286,91.2599714285714,24.0301585714286,25.4285714285714,4,,,,,5554
2018-12-30,201901,1.0,1,1,1,0.6177504,0.38559866,0,2,210530220190119589,2023-08-20,Imperatriz,1.4390477,259337,24.0,99.1761321428571,1,0,0,96.3431837142857,92.8078558571429,25.2222221428571,26.4285714285714,1,,,,,5554
2018-12-23,201852,1.0,1,1,1,0.81452835,0.38559866,0,1,210530220185219589,2023-08-20,Imperatriz,3.3787987,259337,23.2857142857143,99.1761321428571,1,0,0,85.7247044285714,68.0710501428571,26.259632,30.1428571428571,1,,,,,5554
2018-12-16,201851,1.0,1,1,1,0.9631786,0.38559866,0,1,210530220185119589,2023-08-20,Imperatriz,18.47582,259337,23.4285714285714,99.1761321428571,1,0,0,83.0301964285714,57.3569604285714,27.4285714285714,33.0,1,,,,,5554
2018-12-09,201850,0.0,0,0,0,0.0,0.0,0,1,210530220185019589,2023-08-20,Imperatriz,0.0,259337,23.0,99.1579742857143,0,0,0,83.8159567142857,56.2080322857143,26.9880954285714,33.1428571428571,0,,,,,5554
2018-12-02,201849,0.0,0,0,0,0.0,0.0,0,1,210530220184919589,2023-08-20,Imperatriz,0.0,259337,23.5714285714286,99.1701442857143,0,0,0,93.948773,83.6742902857143,24.9404762857143,27.1428571428571,0,,,,,5554
2018-11-25,201848,0.0,0,0,0,0.0,0.0,0,1,210530220184819589,2023-08-20,Imperatriz,0.0,259337,23.7142857142857,100.0,0,0,0,97.8051242857143,93.4627307142857,24.6841271428571,25.4285714285714,0,,,,,5554
2018-11-18,201847,0.0,0,0,0,0.0,0.0,0,1,210530220184719589,2023-08-20,Imperatriz,0.0,259337,24.8571428571429,99.1761321428571,0,0,0,93.5491907142857,86.0741124285714,25.9317457142857,27.4285714285714,0,,,,,5554
2018-11-11,201846,0.0,0,0,0,0.0,0.0,0,1,210530220184619589,2023-08-20,Imperatriz,0.0,259337,24.7142857142857,99.2273112857143,0,0,0,94.6598015714286,88.8919695714286,25.6857142857143,26.7142857142857,0,,,,,5554
2018-11-04,201845,1.0,1,1,1,0.9632679,0.38559866,0,1,210530220184519589,2023-08-20,Imperatriz,18.521618,259337,24.8571428571429,96.8442687142857,1,0,0,92.0082057142857,83.7197478571429,25.6984128571429,27.1428571428571,1,,,,,5554
2018-10-28,201844,0.0,0,0,0,0.0,0.0,0,1,210530220184419589,2023-08-20,Imperatriz,0.0,259337,24.8571428571429,95.96964,0,0,0,90.7784571428571,82.3525591428571,25.8922074285714,27.4285714285714,0,,,,,5554
2018-10-21,201843,0.0,0,0,0,0.0,0.0,0,1,210530220184319589,2023-08-20,Imperatriz,0.0,259337,25.1428571428571,96.7404121428571,0,0,0,87.7042565714286,71.1058757142857,26.4311688571429,29.1428571428571,0,,,,,5554
2018-10-14,201842,0.0,0,0,0,0.0,0.0,0,1,210530220184219589,2023-08-20,Imperatriz,0.0,259337,24.7142857142857,96.8223365714286,0,0,0,77.9817662857143,54.9610491428571,28.5149432857143,34.4285714285714,0,,,,,5554
2018-10-07,201841,0.0,0,0,0,0.0,0.0,0,1,210530220184119589,2023-08-20,Imperatriz,0.0,259337,24.4285714285714,97.5104328571429,0,0,0,72.464622,41.3114478571429,29.3928571428571,37.5714285714286,0,,,,,5554
2018-09-30,201840,0.0,0,0,0,0.0,0.0,0,1,210530220184019589,2023-08-20,Imperatriz,0.0,259337,24.1428571428571,93.4514542857143,0,0,0,76.3935287142857,57.148328,27.9410177142857,33.0,0,,,,,5554
2018-09-23,201839,0.0,0,0,0,0.0,0.0,0,1,210530220183919589,2023-08-20,Imperatriz,0.0,259337,25.0,92.7548251428571,0,0,0,84.9663714285714,74.4097292857143,26.2857142857143,28.5714285714286,0,,,,,5554
2018-09-16,201838,0.0,0,0,0,0.0,0.0,0,1,210530220183819589,2023-08-20,Imperatriz,0.0,259337,24.0,93.4400478571429,0,0,0,84.2275701428571,73.1588951428571,25.9458871428571,28.4285714285714,0,,,,,5554
2018-09-09,201837,0.0,0,0,0,0.0,0.0,0,1,210530220183719589,2023-08-20,Imperatriz,0.0,259337,23.7142857142857,99.1640914285714,0,0,0,92.4564417142857,85.3904717142857,24.8961037142857,26.4285714285714,0,,,,,5554
2018-09-02,201836,0.0,0,0,0,0.0,0.0,0,1,210530220183619589,2023-08-20,Imperatriz,0.0,259337,24.1428571428571,92.8295427142857,0,0,0,86.4744972857143,75.339274,25.4025977142857,27.0,0,,,,,5554
2018-08-26,201835,0.0,0,0,0,0.0,0.0,0,1,210530220183519589,2023-08-20,Imperatriz,0.0,259337,22.0,98.3096285714286,0,0,0,89.1468685714286,78.3281114285714,23.8831168571429,25.7142857142857,0,,,,,5554
2018-08-19,201834,2.0,2,2,2,0.64680177,0.7711973,0,2,210530220183419589,2023-08-20,Imperatriz,1.4390478,259337,22.5714285714286,99.1640914285714,1,0,0,90.7040714285714,77.05055,24.1428571428571,26.7142857142857,2,,,,,5554
2018-08-12,201833,1.0,1,1,1,0.52236325,0.38559866,0,2,210530220183319589,2023-08-20,Imperatriz,1.0673786,259337,23.0,98.3341064285714,1,0,0,87.4362377142857,71.5582157142857,25.3014065714286,29.4285714285714,1,,,,,5554
2018-08-05,201832,2.0,2,2,2,0.921898,0.7711973,0,1,210530220183219589,2023-08-20,Imperatriz,5.715059,259337,23.2857142857143,95.8566485714286,1,0,0,68.7014108571428,36.6246088571429,29.2083331428571,38.1428571428571,2,,,,,5554
2018-07-29,201831,1.0,1,1,1,0.9632679,0.38559866,0,1,210530220183119589,2023-08-20,Imperatriz,18.521612,259337,23.2857142857143,95.045795,1,0,0,68.8631064285714,34.1166492857143,29.4909417142857,38.4285714285714,1,,,,,5554
2018-07-22,201830,0.0,0,0,0,0.0,0.0,0,1,210530220183019589,2023-08-20,Imperatriz,0.0,259337,21.4285714285714,92.5755914285714,0,0,0,63.3289398571429,30.3567458571429,29.1547622857143,38.7142857142857,1,,,,,5554
2018-07-15,201829,0.0,0,0,0,0.0,0.0,0,1,210530220182919589,2023-08-20,Imperatriz,0.0,259337,20.2857142857143,95.7024,0,0,0,69.6191397142857,41.561356,26.8295454285714,34.8571428571429,0,,,,,5554
2018-07-08,201828,0.0,0,0,0,0.0,0.0,0,1,210530220182819589,2023-08-20,Imperatriz,0.0,259337,23.0,95.199078,0,0,0,85.4679662857143,72.4367905714286,24.6155848571429,27.1428571428571,0,,,,,5554
2018-07-01,201827,0.0,0,0,0,0.0,0.0,0,1,210530220182719589,2023-08-20,Imperatriz,0.0,259337,20.7142857142857,94.9584814285714,0,0,0,86.4366214285714,73.7921357142857,22.5740262857143,24.8571428571429,0,,,,,5554
2018-06-24,201826,0.0,0,0,0,0.0,0.0,0,1,210530220182619589,2023-08-20,Imperatriz,0.0,259337,19.7142857142857,96.5631142857143,0,0,0,85.0581442857143,68.0852245714286,22.1093074285714,26.0,0,,,,,5554
2018-06-17,201825,0.0,0,0,0,0.0,0.0,0,1,210530220182519589,2023-08-20,Imperatriz,0.0,259337,21.1428571428571,100.0,0,0,0,91.38323,79.512131,22.8311691428571,25.1428571428571,0,,,,,5554
2018-06-10,201824,0.0,0,0,0,0.0,0.0,0,1,210530220182419589,2023-08-20,Imperatriz,0.0,259337,21.2857142857143,100.0,0,0,0,95.5810871428571,85.0046377142857,22.6623377142857,24.8571428571429,0,,,,,5554
2018-06-03,201823,2.0,2,2,2,0.90837026,0.7711973,0,1,210530220182319589,2023-08-20,Imperatriz,4.947907,259337,23.8571428571429,98.3462764285714,1,0,0,92.0907021428571,82.5924908571428,25.2207794285714,26.7142857142857,1,,,,,5554
2018-05-27,201822,0.0,0,0,0,0.0,0.0,0,1,210530220182219589,2023-08-20,Imperatriz,0.0,259337,21.8571428571429,100.0,0,0,0,95.6339841428571,86.4002671428571,22.9051945714286,24.7142857142857,0,,,,,5554
2018-05-20,201821,0.0,0,0,0,0.0,0.0,0,1,210530220182119589,2023-08-20,Imperatriz,0.0,259337,23.5714285714286,100.0,0,0,0,90.6151677142857,78.1744891428571,25.79816,29.0,0,,,,,5554
2018-05-13,201820,1.0,1,1,1,0.57668805,0.38559866,0,1,210530220182019589,2023-08-20,Imperatriz,1.2592286,259337,23.5714285714286,100.0,1,0,0,82.375073,49.484911,27.9166668571429,35.8571428571429,1,,,,,5554
2018-05-06,201819,1.0,1,1,1,0.48464167,0.38559866,0,1,210530220181919589,2023-08-20,Imperatriz,0.95692897,259337,24.0,97.5163557142857,1,0,0,81.047759,53.1228732857143,27.9642857142857,35.0,0,,,,,5554
2018-04-29,201818,0.0,0,0,0,0.0,0.0,0,1,210530220181819589,2023-08-20,Imperatriz,0.0,259337,23.8571428571429,98.3522,0,0,0,80.90248,51.4509067142857,28.2976191428571,36.0,0,,,,,5554
2018-04-22,201817,2.0,2,2,2,0.3024421,0.7711973,0,1,210530220181719589,2023-08-20,Imperatriz,0.65228117,259337,23.2857142857143,100.0,1,0,0,83.35204,52.7847978571429,27.9464288571429,35.4285714285714,2,,,,,5554
2018-04-15,201816,0.0,0,0,0,0.0,0.0,0,1,210530220181619589,2023-08-20,Imperatriz,0.0,259337,23.7142857142857,100.881034857143,0,0,0,98.12698,92.5548004285714,24.9529222857143,26.7142857142857,0,,,,,5554
2018-04-08,201815,3.0,3,3,3,0.48232704,1.156796,0,2,210530220181519589,2023-08-20,Imperatriz,0.9670648,259337,23.2857142857143,100.0,1,0,0,98.4277171428571,94.2752571428571,24.0129868571429,25.1428571428571,3,,,,,5554
2018-04-01,201814,7.0,7,7,7,0.9426401,2.6991906,0,2,210530220181419589,2023-08-20,Imperatriz,2.8319552,259337,24.0,100.0,1,0,1,95.791062,90.3273628571429,25.1818182857143,26.4285714285714,6,,,,,5554
2018-03-25,201813,1.0,1,1,1,0.18666388,0.38559866,0,2,210530220181319589,2023-08-20,Imperatriz,0.41296968,259337,23.4285714285714,100.0,1,0,0,97.1421328571429,92.6033757142857,24.4623377142857,25.4285714285714,0,,,,,5554
2018-03-18,201812,3.0,3,3,3,0.5975351,1.156796,0,2,210530220181219589,2023-08-20,Imperatriz,1.2165664,259337,23.8571428571429,99.1879162857143,1,0,0,97.6636462857143,91.9947881428571,24.6201302857143,25.8571428571429,1,,,,,5554
2018-03-11,201811,2.0,2,2,2,0.39725006,0.7711973,0,2,210530220181119589,2023-08-20,Imperatriz,0.7991505,259337,24.1428571428571,100.0,1,0,0,98.9117965714286,95.0866235714286,24.9740257142857,26.0,2,,,,,5554
2018-03-04,201810,3.0,3,3,3,0.4573545,1.156796,0,2,210530220181019589,2023-08-20,Imperatriz,0.92299616,259337,23.8571428571429,100.0,1,0,0,98.5231737142857,95.1345478571429,24.8506488571429,26.1428571428571,1,,,,,5554
2018-02-25,201809,2.0,2,2,2,0.19430913,0.7711973,0,2,210530220180919589,2023-08-20,Imperatriz,0.5086311,259337,23.2857142857143,100.0,1,0,0,90.761128,67.9110612857143,25.9357185714286,31.2857142857143,1,,,,,5554
2018-02-18,201808,2.0,2,2,2,0.31612158,0.7711973,0,2,210530220180819589,2023-08-20,Imperatriz,0.6719047,259337,23.7142857142857,100.0,1,0,0,95.1081662857143,88.1889815714286,24.8695888571429,26.5714285714286,2,,,,,5554
2018-02-11,201807,7.0,7,7,7,0.96141917,2.6991906,0,2,210530220180719589,2023-08-20,Imperatriz,3.361282,259337,23.5714285714286,100.0,1,1,1,97.4256471428571,92.5920342857143,24.2285714285714,25.0,2,,,,,5554
2018-02-04,201806,2.0,2,2,2,0.34807163,0.7711973,0,2,210530220180619589,2023-08-20,Imperatriz,0.71958965,259337,23.4285714285714,100.0,1,0,0,97.1051408571429,92.703458,24.2035714285714,24.8571428571429,1,,,,,5554
2018-01-28,201805,1.0,1,1,1,0.06822942,0.38559866,0,2,210530220180519589,2023-08-20,Imperatriz,0.25816697,259337,24.0,99.1701442857143,1,0,0,94.3795264285714,87.4787022857143,25.2444442857143,26.4285714285714,0,,,,,5554
2018-01-21,201804,2.0,2,2,2,0.21652967,0.7711973,0,2,210530220180419589,2023-08-20,Imperatriz,0.5369823,259337,23.2857142857143,99.1640914285714,1,0,0,91.470675,81.888605,25.0178571428571,27.2857142857143,2,,,,,5554
2018-01-14,201803,6.0,6,6,6,0.88825047,2.313592,0,2,210530220180319589,2023-08-20,Imperatriz,2.2677786,259337,22.7142857142857,100.0,1,0,1,83.589036,60.6133482857143,26.7992422857143,32.7142857142857,3,,,,,5554
2018-01-07,201802,3.0,3,3,3,0.85178536,1.156796,0,1,210530220180219589,2023-08-20,Imperatriz,2.6448283,259337,22.4285714285714,100.0,1,0,0,93.2370728571428,86.5079122857143,23.6,24.7142857142857,3,,,,,5554
2017-12-31,201801,4.0,4,4,4,0.9902688,1.5423946,0,1,210530220180119589,2023-08-20,Imperatriz,14.809952,259337,24.0,98.3462764285714,1,0,0,94.5298394285714,87.1946435714286,25.3039684285714,27.0,4,,,,,5554
2017-12-24,201752,0.0,0,0,0,0.0,0.0,0,1,210530220175219589,2023-08-20,Imperatriz,0.0,259337,23.5714285714286,100.0,0,0,0,92.4426064285714,80.2053342857143,25.2642857142857,28.1428571428571,0,,,,,5554
2017-12-17,201751,0.0,0,0,0,0.0,0.0,0,1,210530220175119589,2023-08-20,Imperatriz,0.0,259337,23.1428571428571,100.0,0,0,0,90.4386165714286,76.4866491428571,25.4488094285714,28.8571428571429,0,,,,,5554
2017-12-10,201750,0.0,0,0,0,0.0,0.0,0,1,210530220175019589,2023-08-20,Imperatriz,0.0,259337,24.2857142857143,99.1761321428571,0,0,0,95.9135004285714,91.1085428571429,25.0714285714286,25.8571428571429,0,,,,,5554
2017-12-03,201749,1.0,1,1,1,0.730556,0.38559866,0,1,210530220174919589,2023-08-20,Imperatriz,2.207831,259337,25.0,98.3522642857143,1,0,0,88.8633785714286,72.4629708571429,26.6729024285714,30.0,1,,,,,5554
2017-11-26,201748,0.0,0,0,0,0.0,0.0,0,1,210530220174819589,2023-08-20,Imperatriz,0.0,259337,24.5714285714286,98.3402235714286,0,0,0,77.9174378571429,51.985645,29.059524,35.8571428571429,0,,,,,5554
2017-11-19,201747,1.0,1,1,1,0.9632679,0.38559866,0,1,210530220174719589,2023-08-20,Imperatriz,18.521618,259337,23.5714285714286,99.1701442857143,1,0,0,81.7949665714286,56.1854088571429,28.0297617142857,34.1428571428571,1,,,,,5554
2017-11-12,201746,0.0,0,0,0,0.0,0.0,0,1,210530220174619589,2023-08-20,Imperatriz,0.0,259337,24.0,100.0,0,0,0,80.168695,48.862315,28.645833,36.0,0,,,,,5554
2017-11-05,201745,0.0,0,0,0,0.0,0.0,0,1,210530220174519589,2023-08-20,Imperatriz,0.0,259337,,99.52,0,0,0,,,,,0,,,,,5554
2017-10-29,201744,0.0,0,0,0,0.0,0.0,0,1,210530220174419589,2023-08-20,Imperatriz,0.0,259337,,99.04,0,0,0,,,,,0,,,,,5554
2017-10-22,201743,0.0,0,0,0,0.0,0.0,0,1,210530220174319589,2023-08-20,Imperatriz,0.0,259337,,98.56,0,0,0,,,,,0,,,,,5554
2017-10-15,201742,0.0,0,0,0,0.0,0.0,0,1,210530220174219589,2023-08-20,Imperatriz,0.0,259337,,98.08,0,0,0,,,,,0,,,,,5554
2017-10-08,201741,0.0,0,0,0,0.0,0.0,0,1,210530220174119589,2023-08-20,Imperatriz,0.0,259337,,97.6,0,0,0,,,,,0,,,,,5554
2017-10-01,201740,0.0,0,0,0,0.0,0.0,0,1,210530220174019589,2023-08-20,Imperatriz,0.0,259337,,97.12,0,0,0,,,,,0,,,,,5554
2017-09-24,201739,0.0,0,0,0,0.0,0.0,0,1,210530220173919589,2023-08-20,Imperatriz,0.0,259337,,96.64,0,0,0,,,,,0,,,,,5554
2017-09-17,201738,1.0,1,1,1,0.92779714,0.38559866,0,1,210530220173819589,2023-08-20,Imperatriz,9.249091,259337,,96.16,1,0,0,,,,,1,,,,,5554
2017-09-10,201737,0.0,0,0,0,0.0,0.0,0,1,210530220173719589,2023-08-20,Imperatriz,0.0,259337,,95.68,0,0,0,,,,,0,,,,,5554
2017-09-03,201736,0.0,0,0,0,0.0,0.0,0,1,210530220173619589,2023-08-20,Imperatriz,0.0,259337,20.6,95.2,0,0,0,80.4690468,66.0,23.9845238,27.6,0,,,,,5554
2017-08-27,201735,0.0,0,0,0,0.0,0.0,0,1,210530220173519589,2023-08-20,Imperatriz,0.0,259337,22.8571428571429,96.0,0,0,0,88.3903057142857,74.4285714285714,24.4158162857143,27.5714285714286,0,,,,,5554
2017-08-20,201734,1.0,1,1,1,0.5205657,0.38559866,0,1,210530220173419589,2023-08-20,Imperatriz,1.0617427,259337,22.5714285714286,96.5714285714286,1,0,0,90.7035134285714,82.7142857142857,23.6981291428571,24.8571428571429,1,,,,,5554
2017-08-13,201733,0.0,0,0,0,0.0,0.0,0,1,210530220173319589,2023-08-20,Imperatriz,0.0,259337,22.8571428571429,95.0,0,0,0,89.2295914285714,81.5714285714286,24.5229591428571,26.4285714285714,0,,,,,5554
2017-08-06,201732,1.0,1,1,1,0.49521878,0.38559866,0,1,210530220173219589,2023-08-20,Imperatriz,0.98632747,259337,23.5714285714286,99.1428571428571,1,0,0,91.4158171428571,77.0,24.3954081428571,25.7142857142857,1,,,,,5554
2017-07-30,201731,2.0,2,2,2,0.5694923,0.7711973,0,1,210530220173119589,2023-08-20,Imperatriz,1.1767235,259337,20.7142857142857,94.8571428571429,0,0,0,86.6403057142857,75.2857142857143,22.372449,24.8571428571429,1,,,,,5554
2017-07-23,201730,0.0,0,0,0,0.0,0.0,0,1,210530220173019589,2023-08-20,Imperatriz,0.0,259337,20.1428571428571,92.4285714285714,0,0,0,85.3801014285714,78.2857142857143,22.0484694285714,23.8571428571429,0,,,,,5554
2017-07-16,201729,1.0,1,1,1,0.11650098,0.38559866,0,2,210530220172919589,2023-08-20,Imperatriz,0.3224157,259337,19.4285714285714,95.7142857142857,1,0,0,90.0790814285714,83.0,20.6479592857143,22.2857142857143,1,,,,,5554
2017-07-09,201728,4.0,4,4,4,0.81515014,1.5423946,0,2,210530220172819589,2023-08-20,Imperatriz,2.0182886,259337,19.7142857142857,96.5714285714286,1,0,0,90.2908171428571,82.4285714285714,21.257653,23.1428571428571,2,,,,,5554
2017-07-02,201727,4.0,4,4,4,0.9633743,1.5423946,0,1,210530220172719589,2023-08-20,Imperatriz,5.670407,259337,21.8571428571429,96.5714285714286,1,0,0,93.1785728571429,88.4285714285714,22.6479592857143,23.7142857142857,3,,,,,5554
2017-06-25,201726,2.0,2,2,2,0.9580066,0.7711973,0,1,210530220172619589,2023-08-20,Imperatriz,10.088573,259337,20.8571428571429,98.2857142857143,1,0,0,92.1045914285714,85.8571428571429,21.9719388571429,23.4285714285714,2,,,,,5554
2017-06-18,201725,0.0,0,0,0,0.0,0.0,0,1,210530220172519589,2023-08-20,Imperatriz,0.0,259337,21.7142857142857,100.0,0,0,0,95.57908,91.5714285714286,22.4693878571429,23.5714285714286,0,,,,,5554
2017-06-11,201724,0.0,0,0,0,0.0,0.0,0,1,210530220172419589,2023-08-20,Imperatriz,0.0,259337,22.4285714285714,99.1428571428571,0,0,0,90.9013605714286,83.0,23.90788,25.7142857142857,0,,,,,5554
2017-06-04,201723,0.0,0,0,0,0.0,0.0,0,1,210530220172319589,2023-08-20,Imperatriz,0.0,259337,22.1428571428571,100.0,0,0,0,96.3452362857143,93.2857142857143,22.9597504285714,24.0,0,,,,,5554
2017-05-28,201722,1.0,1,1,1,0.007889616,0.38559866,0,2,210530220172219589,2023-08-20,Imperatriz,0.14314693,259337,24.0,100.0,1,0,0,95.9183671428571,88.5714285714286,24.760204,26.0,1,,,,,5554
2017-05-21,201721,8.0,8,8,8,0.5217074,3.0847893,0,2,210530220172119589,2023-08-20,Imperatriz,1.0270435,259337,23.5714285714286,99.1428571428571,1,0,1,95.7545914285714,91.7142857142857,24.1377551428571,25.1428571428571,7,,,,,5554
2017-05-14,201720,6.0,6,6,6,0.23051065,2.313592,0,2,210530220172019589,2023-08-20,Imperatriz,0.6863438,259337,24.0,100.0,1,0,1,93.8392857142857,86.8571428571429,25.1403061428571,26.8571428571429,6,,,,,5554
2017-05-07,201719,9.0,9,9,9,0.30299702,3.470388,0,2,210530220171919589,2023-08-20,Imperatriz,0.7984171,259337,24.0,98.2857142857143,1,0,1,93.4783651428571,86.8571428571429,24.9064622857143,26.1428571428571,8,,,,,5554
2017-04-30,201718,7.0,7,7,7,0.054509595,2.6991906,0,2,210530220171819589,2023-08-20,Imperatriz,0.49477565,259337,24.0,97.4285714285714,1,0,1,92.8715994285714,87.4285714285714,25.0042517142857,25.8571428571429,7,,,,,5554
2017-04-23,201717,10.0,10,10,10,0.11457002,3.8559866,0,2,210530220171719589,2023-08-20,Imperatriz,0.62478304,259337,23.8571428571429,97.4285714285714,1,0,1,92.1122828571429,84.0,24.9560467142857,26.7142857142857,9,,,,,5554
2017-04-16,201716,18.0,18,18,18,0.51341486,6.940776,0,4,210530220171619589,2023-08-20,Imperatriz,1.0111735,259337,24.1428571428571,99.1428571428571,1,0,2,92.7045791428571,86.1428571428571,25.2759991428571,26.7142857142857,17,,,,,5554
2017-04-09,201715,12.0,12,12,12,0.13552527,4.627184,0,4,210530220171519589,2023-08-20,Imperatriz,0.6698046,259337,23.7142857142857,96.5714285714286,1,0,2,89.5357125714286,77.5714285714286,25.5966557142857,28.5714285714286,12,,,,,5554
2017-04-02,201714,22.0,22,22,22,0.8133336,8.4831705,0,4,210530220171419589,2023-08-20,Imperatriz,1.3299209,259337,23.5714285714286,100.0,1,0,2,94.82347,88.5714285714286,24.5290815714286,26.1428571428571,21,,,,,5554
2017-03-26,201713,17.0,17,17,17,0.671047,6.555177,0,4,210530220171319589,2023-08-20,Imperatriz,1.1686296,259337,23.5714285714286,98.2857142857143,1,0,2,94.0102057142857,87.1428571428571,24.4642858571429,26.1428571428571,17,,,,,5554
2017-03-19,201712,18.0,18,18,18,0.74897,6.940776,0,4,210530220171219589,2023-08-20,Imperatriz,1.2638584,259337,23.5714285714286,97.4285714285714,1,0,2,92.6094985714286,87.2857142857143,24.9201331428571,26.2857142857143,18,,,,,5554
2017-03-12,201711,14.0,14,14,14,0.2887334,5.398381,0,1,210530220171119589,2023-08-20,Imperatriz,0.82060254,259337,23.2857142857143,100.0,1,0,2,93.7263605714286,78.5714285714286,24.184864,25.5714285714286,11,,,,,5554
2017-03-05,201710,11.0,11,11,11,0.06289152,4.2415853,0,1,210530220171019589,2023-08-20,Imperatriz,0.571472,259337,23.8571428571429,94.8571428571429,0,0,1,91.7463057142857,82.5714285714286,24.7615234285714,26.2857142857143,11,,,,,5554
2017-02-26,201709,17.0,17,17,17,0.5471848,6.555177,0,4,210530220170919589,2023-08-20,Imperatriz,1.0413995,259337,23.0,98.2857142857143,1,0,2,92.3617728571429,85.1428571428571,24.1222601428571,25.8571428571429,17,,,,,5554
2017-02-19,201708,24.0,24,24,24,0.9874511,9.254368,0,4,210530220170819589,2023-08-20,Imperatriz,2.170336,259337,22.8571428571429,97.4285714285714,1,1,2,92.1882088571429,87.1428571428571,23.9599395714286,25.4285714285714,23,,,,,5554
2017-02-12,201707,19.0,19,19,19,0.9827893,7.3263745,0,2,210530220170719589,2023-08-20,Imperatriz,2.2951562,259337,23.7142857142857,97.4285714285714,1,1,2,94.8018142857143,90.0,24.417347,25.7142857142857,14,,,,,5554
2017-02-05,201706,6.0,6,6,6,0.38496384,2.313592,0,2,210530220170619589,2023-08-20,Imperatriz,0.8545394,259337,23.8571428571429,97.4285714285714,1,0,1,93.366596,80.5714285714286,24.6992297142857,26.2857142857143,6,,,,,5554
2017-01-29,201705,10.0,10,10,10,0.8254273,3.8559866,0,2,210530220170519589,2023-08-20,Imperatriz,1.5797741,259337,23.5714285714286,97.4285714285714,1,0,1,93.1316188571429,85.8571428571429,24.6409345714286,26.2857142857143,9,,,,,5554
2017-01-22,201704,6.0,6,6,6,0.61361223,2.313592,0,2,210530220170419589,2023-08-20,Imperatriz,1.1821668,259337,23.0,98.8571428571429,1,0,1,90.956462,79.7142857142857,24.6513605714286,27.5714285714286,3,,,,,5554
2017-01-15,201703,6.0,6,6,6,0.8791582,2.313592,0,1,210530220170319589,2023-08-20,Imperatriz,2.183231,259337,23.2857142857143,98.2857142857143,1,0,1,90.283068,79.7142857142857,24.7301587142857,26.5714285714286,4,,,,,5554
2017-01-08,201702,8.0,8,8,8,0.9931752,3.0847893,0,1,210530220170219589,2023-08-20,Imperatriz,6.2093945,259337,23.7142857142857,96.5714285714286,1,1,1,89.6014735714286,73.4285714285714,24.6688775714286,27.0,4,,,,,5554
2017-01-01,201701,0.0,0,0,0,0.0,0.0,0,1,210530220170119589,2023-08-20,Imperatriz,0.0,259337,23.2857142857143,98.2857142857143,0,0,0,91.7108837142857,82.0,24.7142098571429,27.0,0,,,,,5554
2016-12-25,201652,2.0,2,2,2,0.80200297,0.7711973,0,1,210530220165219589,2023-08-20,Imperatriz,2.4761078,259337,23.1428571428571,98.2857142857143,1,0,0,89.516062,81.0,25.132086,27.4285714285714,1,,,,,5554
2016-12-18,201651,0.0,0,0,0,0.0,0.0,0,1,210530220165119589,2023-08-20,Imperatriz,0.0,259337,23.5714285714286,99.1428571428571,0,0,0,91.4804928571428,80.2857142857143,25.1781208571429,27.5714285714286,0,,,,,5554
2016-12-11,201650,1.0,1,1,1,0.4668893,0.38559866,0,1,210530220165019589,2023-08-20,Imperatriz,0.9100443,259337,23.7142857142857,95.0,0,0,0,90.5120942857143,83.8571428571429,24.9984881428571,26.7142857142857,1,,,,,5554
2016-12-04,201649,1.0,1,1,1,0.3735006,0.38559866,0,2,210530220164919589,2023-08-20,Imperatriz,0.7038201,259337,23.8571428571429,99.1428571428571,1,0,0,92.6029305714286,84.7142857142857,25.125641,26.8571428571429,1,,,,,5554
2016-11-27,201648,1.0,1,1,1,0.35529214,0.38559866,0,2,210530220164819589,2023-08-20,Imperatriz,0.6698272,259337,23.6666666666667,98.0,1,0,0,88.5936508333333,75.8333333333333,25.8496471666667,29.1666666666667,1,,,,,5554
2016-11-20,201647,1.0,1,1,1,0.5806189,0.38559866,0,1,210530220164719589,2023-08-20,Imperatriz,1.274963,259337,23.5714285714286,98.2857142857143,1,0,0,94.3681028571429,88.0,25.1126228571429,26.7142857142857,1,,,,,5554
2016-11-13,201646,3.0,3,3,3,0.982189,1.156796,0,1,210530220164619589,2023-08-20,Imperatriz,13.882609,259337,24.0,96.8571428571429,1,0,0,87.1118528571429,74.0,26.590136,30.0,2,,,,,5554
2016-11-06,201645,0.0,0,0,0,0.0,0.0,0,1,210530220164519589,2023-08-20,Imperatriz,0.0,259337,24.1428571428571,95.8571428571429,0,0,0,88.8881337142857,79.7142857142857,25.6272747142857,27.5714285714286,0,,,,,5554
2016-10-30,201644,0.0,0,0,0,0.0,0.0,0,1,210530220164419589,2023-08-20,Imperatriz,0.0,259337,23.7142857142857,97.5714285714286,0,0,0,90.7286471428571,84.2857142857143,24.935752,26.4285714285714,0,,,,,5554
2016-10-23,201643,0.0,0,0,0,0.0,0.0,0,1,210530220164319589,2023-08-20,Imperatriz,0.0,259337,24.1428571428571,94.1428571428571,0,0,0,89.9756671428571,83.8571428571429,25.098901,26.5714285714286,0,,,,,5554
2016-10-16,201642,1.0,1,1,1,0.7304867,0.38559866,0,1,210530220164219589,2023-08-20,Imperatriz,2.2071643,259337,24.2857142857143,93.2857142857143,0,0,0,85.5876808571429,76.5714285714286,25.716553,28.0,0,,,,,5554
2016-10-09,201641,0.0,0,0,0,0.0,0.0,0,1,210530220164119589,2023-08-20,Imperatriz,0.0,259337,24.1428571428571,95.7142857142857,0,0,0,89.0,79.7142857142857,25.5211638571429,27.7142857142857,0,,,,,5554
2016-10-02,201640,1.0,1,1,1,0.9221134,0.38559866,0,1,210530220164019589,2023-08-20,Imperatriz,8.548183,259337,23.5714285714286,93.4285714285714,0,0,0,84.7673842857143,69.2857142857143,25.8963527142857,29.4285714285714,1,,,,,5554
2016-09-25,201639,0.0,0,0,0,0.0,0.0,0,1,210530220163919589,2023-08-20,Imperatriz,0.0,259337,23.8571428571429,93.5714285714286,0,0,0,88.5797768571429,84.2857142857143,24.4112554285714,25.5714285714286,0,,,,,5554
2016-09-18,201638,0.0,0,0,0,0.0,0.0,0,1,210530220163819589,2023-08-20,Imperatriz,0.0,259337,23.7142857142857,93.4285714285714,0,0,0,86.0043171428571,77.7142857142857,25.2270407142857,26.8571428571429,0,,,,,5554
2016-09-11,201637,0.0,0,0,0,0.0,0.0,0,1,210530220163719589,2023-08-20,Imperatriz,0.0,259337,23.7142857142857,92.5714285714286,0,0,0,84.8279485714286,76.5714285714286,25.2379064285714,27.4285714285714,0,,,,,5554
2016-09-04,201636,1.0,1,1,1,0.31389338,0.38559866,0,1,210530220163619589,2023-08-20,Imperatriz,0.5982101,259337,24.2857142857143,93.4285714285714,0,0,0,86.1003391428571,77.7142857142857,25.6786657142857,28.0,1,,,,,5554
2016-08-28,201635,2.0,2,2,2,0.58029205,0.7711973,0,1,210530220163519589,2023-08-20,Imperatriz,1.2084347,259337,24.1428571428571,88.7142857142857,0,0,0,75.0246514285714,59.2857142857143,27.436886,31.7142857142857,2,,,,,5554
2016-08-21,201634,1.0,1,1,1,0.41376564,0.38559866,0,1,210530220163419589,2023-08-20,Imperatriz,0.78547543,259337,23.4285714285714,91.8571428571429,0,0,0,77.917234,64.7142857142857,26.0866401428571,29.4285714285714,1,,,,,5554
2016-08-14,201633,3.0,3,3,3,0.8610235,1.156796,0,1,210530220163319589,2023-08-20,Imperatriz,2.773824,259337,23.7142857142857,91.8571428571429,0,0,0,84.0675585714286,75.1428571428571,25.3556475714286,27.5714285714286,3,,,,,5554
2016-08-07,201632,0.0,0,0,0,0.0,0.0,0,1,210530220163219589,2023-08-20,Imperatriz,0.0,259337,22.5714285714286,92.5714285714286,0,0,0,83.1035521428571,73.2857142857143,24.8478834285714,27.2857142857143,0,,,,,5554
2016-07-31,201631,2.0,2,2,2,0.5447325,0.7711973,0,1,210530220163119589,2023-08-20,Imperatriz,1.108749,259337,19.8571428571429,90.0,0,0,0,74.701248,59.7142857142857,23.5274941428571,27.7142857142857,2,,,,,5554
2016-07-24,201630,0.0,0,0,0,0.0,0.0,0,1,210530220163019589,2023-08-20,Imperatriz,0.0,259337,19.2857142857143,96.5714285714286,0,0,0,85.7891154285714,74.7142857142857,21.6214094285714,24.5714285714286,0,,,,,5554
2016-07-17,201629,2.0,2,2,2,0.30542064,0.7711973,0,1,210530220162919589,2023-08-20,Imperatriz,0.6565171,259337,22.1428571428571,96.0,1,0,0,86.2369614285714,76.8571428571429,24.1985072857143,26.5714285714286,1,,,,,5554
2016-07-10,201628,3.0,3,3,3,0.28591585,1.156796,0,1,210530220162819589,2023-08-20,Imperatriz,0.673726,259337,22.0,98.2857142857143,1,0,0,90.7464092857143,83.2857142857143,23.8733935714286,25.8571428571429,3,,,,,5554
2016-07-03,201627,3.0,3,3,3,0.07859161,1.156796,0,1,210530220162719589,2023-08-20,Imperatriz,0.41246232,259337,21.7142857142857,92.4285714285714,0,0,0,85.8892594285714,77.7142857142857,23.5468341428571,25.7142857142857,3,,,,,5554
2016-06-26,201626,2.0,2,2,2,0.009244164,0.7711973,0,2,210530220162619589,2023-08-20,Imperatriz,0.2162405,259337,19.4285714285714,95.7142857142857,1,0,0,85.0714285714286,71.8571428571429,22.277211,25.4285714285714,2,,,,,5554
2016-06-19,201625,9.0,9,9,9,0.49352497,3.470388,0,2,210530220162519589,2023-08-20,Imperatriz,0.9925656,259337,22.0,99.1428571428571,1,0,1,90.583145,77.0,23.6815005714286,26.7142857142857,9,,,,,5554
2016-06-12,201624,10.0,10,10,10,0.6514879,3.8559866,0,2,210530220162419589,2023-08-20,Imperatriz,1.1947339,259337,22.0,100.0,1,0,1,92.4305,86.1428571428571,23.6057444285714,25.2857142857143,9,,,,,5554
2016-06-05,201623,11.0,11,11,11,0.54187864,4.2415853,0,2,210530220162319589,2023-08-20,Imperatriz,1.0454754,259337,23.7142857142857,100.0,1,0,1,92.5445985714286,80.7142857142857,25.4668988571429,28.1428571428571,10,,,,,5554
2016-05-29,201622,5.0,5,5,5,0.011762959,1.9279933,0,2,210530220162219589,2023-08-20,Imperatriz,0.3430252,259337,23.8571428571429,100.0,1,0,1,96.4523805714286,89.0,24.9440664285714,26.7142857142857,5,,,,,5554
2016-05-22,201621,9.0,9,9,9,0.040543407,3.470388,0,2,210530220162119589,2023-08-20,Imperatriz,0.5055367,259337,23.2857142857143,100.0,1,0,1,97.3987157142857,91.5714285714286,24.248772,26.1428571428571,8,,,,,5554
2016-05-15,201620,17.0,17,17,17,0.2482019,6.555177,0,4,210530220162019589,2023-08-20,Imperatriz,0.803743,259337,23.8571428571429,100.0,1,0,2,97.7235442857143,92.1428571428571,24.7052152857143,26.1428571428571,16,,,,,5554
2016-05-08,201619,17.0,17,17,17,0.044456955,6.555177,0,4,210530220161919589,2023-08-20,Imperatriz,0.6011351,259337,23.8571428571429,100.0,1,0,2,98.8214285714286,93.7142857142857,24.8265307142857,26.7142857142857,17,,,,,5554
2016-05-01,201618,21.0,21,21,21,0.006166829,8.097572,0,4,210530220161819589,2023-08-20,Imperatriz,0.52125436,259337,23.5714285714286,100.0,1,0,2,96.6455037142857,88.2857142857143,24.860828,26.7142857142857,20,,,,,5554
2016-04-24,201617,21.0,21,21,21,8.780022e-05,8.097572,0,4,210530220161719589,2023-08-20,Imperatriz,0.40045634,259337,24.4285714285714,100.0,1,0,2,96.4523805714286,91.0,25.2962962857143,26.8571428571429,21,,,,,5554
2016-04-17,201616,45.0,45,45,45,0.05701119,17.35194,0,4,210530220161619589,2023-08-20,Imperatriz,0.7354214,259337,24.8571428571429,100.0,1,0,2,89.4133385714286,74.0,27.2242717142857,31.1428571428571,44,,,,,5554
2016-04-10,201615,50.0,50,50,50,0.11132523,19.279934,0,4,210530220161519589,2023-08-20,Imperatriz,0.7949697,259337,23.7142857142857,100.0,1,0,2,89.1091614285714,67.4285714285714,26.9608412857143,32.8571428571429,48,,,,,5554
2016-04-03,201614,69.0,69,69,69,0.76354253,26.606308,0,4,210530220161419589,2023-08-20,Imperatriz,1.1339338,259337,24.7142857142857,99.1428571428571,1,0,2,94.0255114285714,88.4285714285714,25.885204,27.2857142857143,68,,,,,5554
2016-03-27,201613,65.0,65,65,65,0.66969174,25.063913,0,4,210530220161319589,2023-08-20,Imperatriz,1.0814223,259337,24.0,100.0,1,0,2,93.474467,73.4285714285714,25.3342877142857,27.2857142857143,61,,,,,5554
2016-03-20,201612,58.0,58,58,58,0.51009107,22.364723,0,4,210530220161219589,2023-08-20,Imperatriz,1.0046972,259337,24.1428571428571,99.1428571428571,1,0,2,94.4344651428571,87.5714285714286,25.0992258571429,26.8571428571429,48,,,,,5554
2016-03-13,201611,60.0,60,60,60,0.8745626,23.13592,0,4,210530220161119589,2023-08-20,Imperatriz,1.2469116,259337,24.4285714285714,98.2857142857143,1,0,2,92.3812357142857,85.8571428571429,25.6336922857143,27.0,55,,,,,5554
2016-03-06,201610,65.0,65,65,65,0.99900216,25.063913,0,4,210530220161019589,2023-08-20,Imperatriz,1.8817725,259337,24.2857142857143,98.2857142857143,1,1,2,94.5431714285714,90.1428571428571,25.2111461428571,26.4285714285714,58,,,,,5554
2016-02-28,201609,51.0,51,51,51,0.99802953,19.665531,0,4,210530220160919589,2023-08-20,Imperatriz,1.956901,259337,24.8571428571429,98.2857142857143,1,1,2,92.0271164285714,84.0,26.0198412857143,27.4285714285714,43,,,,,5554
2016-02-21,201608,32.0,32,32,32,0.87850004,12.339157,0,4,210530220160819589,2023-08-20,Imperatriz,1.3678849,259337,24.1428571428571,97.4285714285714,1,0,2,91.3045171428572,83.4285714285714,25.6875474285714,27.4285714285714,31,,,,,5554
2016-02-14,201607,17.0,17,17,17,0.47901452,6.555177,0,4,210530220160719589,2023-08-20,Imperatriz,0.9824032,259337,24.4285714285714,95.7142857142857,1,0,2,92.0154934285714,83.0,25.5653815714286,27.4285714285714,16,,,,,5554
2016-02-07,201606,32.0,32,32,32,0.99989545,12.339157,0,4,210530220160619589,2023-08-20,Imperatriz,3.495877,259337,23.8571428571429,98.4285714285714,1,1,2,80.4516871428571,52.5714285714286,27.6251712857143,32.8571428571429,29,,,,,5554
2016-01-31,201605,19.0,19,19,19,0.9985746,7.3263745,0,2,210530220160519589,2023-08-20,Imperatriz,3.7315605,259337,23.5714285714286,100.0,1,1,2,84.4067648571429,55.7142857142857,26.9169564285714,31.8571428571429,16,,,,,5554
2016-01-24,201604,3.0,3,3,3,0.3671903,1.156796,0,2,210530220160419589,2023-08-20,Imperatriz,0.7827516,259337,23.8571428571429,98.2857142857143,1,0,0,92.0423271428571,82.0,25.4002268571429,27.5714285714286,2,,,,,5554
2016-01-17,201603,6.0,6,6,6,0.86584187,2.313592,0,2,210530220160319589,2023-08-20,Imperatriz,2.0745704,259337,24.2857142857143,99.1428571428571,1,0,1,94.5300435714286,87.7142857142857,25.3400417142857,26.4285714285714,6,,,,,5554
2016-01-10,201602,3.0,3,3,3,0.76774514,1.156796,0,2,210530220160219589,2023-08-20,Imperatriz,1.889935,259337,24.7142857142857,99.1428571428571,1,0,0,94.4358948571429,88.5714285714286,25.5159607142857,26.8571428571429,3,,,,,5554
2016-01-03,201601,4.0,4,4,4,0.9591574,1.5423946,0,1,210530220160119589,2023-08-20,Imperatriz,5.273831,259337,25.1428571428571,97.4285714285714,1,0,0,93.6319485714286,88.4285714285714,25.7440768571429,26.7142857142857,4,,,,,5554
2015-12-27,201552,1.0,1,1,1,0.593234,0.38559866,0,1,210530220155219589,2023-08-20,Imperatriz,1.3274451,259337,24.0,97.4285714285714,1,0,0,93.3040121428571,88.4285714285714,24.75088,25.8571428571429,0,,,,,5554
2015-12-20,201551,0.0,0,0,0,0.0,0.0,0,1,210530220155119589,2023-08-20,Imperatriz,0.0,259337,23.4285714285714,97.4285714285714,0,0,0,93.2044591428571,85.8571428571429,24.366213,26.0,0,,,,,5554
2015-12-13,201550,1.0,1,1,1,0.52221787,0.38559866,0,1,210530220155019589,2023-08-20,Imperatriz,1.0669214,259337,23.8571428571429,94.8571428571429,0,0,0,86.1840508571429,79.4285714285714,25.3786852857143,26.5714285714286,1,,,,,5554
2015-12-06,201549,1.0,1,1,1,0.61208355,0.38559866,0,1,210530220154919589,2023-08-20,Imperatriz,1.4120314,259337,25.0,94.1428571428571,0,0,0,79.5343912857143,60.7142857142857,27.544785,31.0,1,,,,,5554
2015-11-29,201548,1.0,1,1,1,0.72802776,0.38559866,0,1,210530220154819589,2023-08-20,Imperatriz,2.183718,259337,25.0,94.8571428571429,0,0,0,75.8497107142857,49.4285714285714,28.7282925714286,33.4285714285714,1,,,,,5554
2015-11-22,201547,1.0,1,1,1,0.58240587,0.38559866,0,1,210530220154719589,2023-08-20,Imperatriz,1.2822105,259337,23.8571428571429,98.2857142857143,1,0,0,79.0181314285714,46.1428571428571,27.6077144285714,32.2857142857143,1,,,,,5554
2015-11-15,201546,0.0,0,0,0,0.0,0.0,0,1,210530220154619589,2023-08-20,Imperatriz,0.0,259337,24.7142857142857,94.2857142857143,0,0,0,71.4919617142857,45.4285714285714,28.809509,33.7142857142857,0,,,,,5554
2015-11-08,201545,0.0,0,0,0,0.0,0.0,0,1,210530220154519589,2023-08-20,Imperatriz,0.0,259337,25.0,91.2857142857143,0,0,0,70.5674601428571,42.8571428571429,29.1804611428571,34.5714285714286,0,,,,,5554
2015-11-01,201544,3.0,3,3,3,0.9868056,1.156796,0,1,210530220154419589,2023-08-20,Imperatriz,18.013844,259337,24.25,95.625,1,0,0,73.9338625,44.125,28.48925275,34.0,3,,,,,5554
2015-10-25,201543,0.0,0,0,0,0.0,0.0,0,1,210530220154319589,2023-08-20,Imperatriz,0.0,259337,25.0,92.0,0,0,0,69.852666,44.0,29.3638581428571,35.0,0,,,,,5554
2015-10-18,201542,0.0,0,0,0,0.0,0.0,0,1,210530220154219589,2023-08-20,Imperatriz,0.0,259337,24.8571428571429,91.8571428571429,0,0,0,69.2949728571429,43.7142857142857,29.1959558571429,34.5714285714286,0,,,,,5554
2015-10-11,201541,0.0,0,0,0,0.0,0.0,0,1,210530220154119589,2023-08-20,Imperatriz,0.0,259337,25.0,92.0,0,0,0,66.6666662857143,33.8571428571429,29.7301584285714,35.7142857142857,0,,,,,5554
2015-10-04,201540,0.0,0,0,0,0.0,0.0,0,1,210530220154019589,2023-08-20,Imperatriz,0.0,259337,25.0,92.7142857142857,0,0,0,67.856003,38.7142857142857,29.6899064285714,35.5714285714286,0,,,,,5554
2015-09-27,201539,1.0,1,1,1,0.49984956,0.38559866,0,1,210530220153919589,2023-08-20,Imperatriz,0.999566,259337,24.7142857142857,87.1428571428571,0,0,0,65.1534392857143,36.2857142857143,29.396825,35.1428571428571,1,,,,,5554
2015-09-20,201538,1.0,1,1,1,0.27200064,0.38559866,0,1,210530220153819589,2023-08-20,Imperatriz,0.5323912,259337,23.8571428571429,93.2857142857143,0,0,0,68.5873005714286,38.5714285714286,28.7354497142857,34.4285714285714,1,,,,,5554
2015-09-13,201537,0.0,0,0,0,0.0,0.0,0,1,210530220153719589,2023-08-20,Imperatriz,0.0,259337,24.2857142857143,92.5714285714286,0,0,0,66.7077734285714,37.4285714285714,29.4131057142857,35.4285714285714,0,,,,,5554
2015-09-06,201536,2.0,2,2,2,0.5504233,0.7711973,0,1,210530220153619589,2023-08-20,Imperatriz,1.1238276,259337,23.4285714285714,93.4285714285714,0,0,0,70.0136357142857,41.5714285714286,28.4637765714286,34.1428571428571,2,,,,,5554
2015-08-30,201535,4.0,4,4,4,0.9159358,1.5423946,0,1,210530220153519589,2023-08-20,Imperatriz,3.3144658,259337,23.4285714285714,95.1428571428571,1,0,0,71.0228335714286,41.7142857142857,28.6697598571429,35.0,4,,,,,5554
2015-08-23,201534,1.0,1,1,1,0.4416634,0.38559866,0,1,210530220153419589,2023-08-20,Imperatriz,0.84819025,259337,24.0,95.0,0,0,0,72.0181922857143,42.8571428571429,28.6026455714286,35.1428571428571,1,,,,,5554
2015-08-16,201533,1.0,1,1,1,0.46702838,0.38559866,0,1,210530220153319589,2023-08-20,Imperatriz,0.91040033,259337,22.0,92.5714285714286,0,0,0,62.8189264285714,26.4285714285714,28.5762718571429,36.7142857142857,1,,,,,5554
2015-08-09,201532,1.0,1,1,1,0.66117746,0.38559866,0,1,210530220153219589,2023-08-20,Imperatriz,1.675349,259337,20.1428571428571,96.5714285714286,1,0,0,65.5602801428571,28.5714285714286,27.2011888571429,35.1428571428571,1,,,,,5554
2015-08-02,201531,2.0,2,2,2,0.9039599,0.7711973,0,1,210530220153119589,2023-08-20,Imperatriz,4.7430005,259337,21.4285714285714,99.1428571428571,1,0,0,71.8629965714286,35.0,27.5009892857143,34.5714285714286,2,,,,,5554
2015-07-26,201530,0.0,0,0,0,0.0,0.0,0,1,210530220153019589,2023-08-20,Imperatriz,0.0,259337,22.1428571428571,99.1428571428571,0,0,0,76.8959357142857,42.4285714285714,27.1339104285714,33.2857142857143,0,,,,,5554
2015-07-19,201529,0.0,0,0,0,0.0,0.0,0,1,210530220152919589,2023-08-20,Imperatriz,0.0,259337,21.5714285714286,98.2857142857143,0,0,0,73.8284478571429,38.7142857142857,27.3097275714286,34.5714285714286,0,,,,,5554
2015-07-12,201528,1.0,1,1,1,0.24773222,0.38559866,0,2,210530220152819589,2023-08-20,Imperatriz,0.49673483,259337,21.2857142857143,98.2857142857143,1,0,0,71.7823135714286,35.7142857142857,27.2173092857143,33.7142857142857,0,,,,,5554
2015-07-05,201527,1.0,1,1,1,0.31368217,0.38559866,0,1,210530220152719589,2023-08-20,Imperatriz,0.5978628,259337,22.5714285714286,100.0,1,0,0,83.1399607142857,54.1428571428571,26.7198795714286,32.2857142857143,1,,,,,5554
2015-06-28,201526,4.0,4,4,4,0.8401115,1.5423946,0,1,210530220152619589,2023-08-20,Imperatriz,2.2132208,259337,22.1428571428571,99.1428571428571,1,0,0,74.5856735714286,41.4285714285714,27.1731785714286,33.5714285714286,3,,,,,5554
2015-06-21,201525,0.0,0,0,0,0.0,0.0,0,1,210530220152519589,2023-08-20,Imperatriz,0.0,259337,21.5714285714286,100.0,0,0,0,76.3357772857143,40.4285714285714,26.6555182857143,33.5714285714286,0,,,,,5554
2015-06-14,201524,2.0,2,2,2,0.48132223,0.7711973,0,2,210530220152419589,2023-08-20,Imperatriz,0.9590469,259337,22.7142857142857,100.0,1,0,0,77.9894164285714,42.5714285714286,27.5185184285714,33.4285714285714,2,,,,,5554
2015-06-07,201523,3.0,3,3,3,0.6229901,1.156796,0,2,210530220152319589,2023-08-20,Imperatriz,1.2861612,259337,23.0,100.0,1,0,0,83.2070251428571,51.8571428571429,26.9333011428571,32.4285714285714,3,,,,,5554
2015-05-31,201522,1.0,1,1,1,0.12922104,0.38559866,0,2,210530220152219589,2023-08-20,Imperatriz,0.3387434,259337,23.1428571428571,100.0,1,0,0,81.3087085714286,50.4285714285714,27.522385,33.0,1,,,,,5554
2015-05-24,201521,3.0,3,3,3,0.30169106,1.156796,0,2,210530220152119589,2023-08-20,Imperatriz,0.6939878,259337,23.1428571428571,100.0,1,0,0,81.9851028571428,48.0,27.5068538571429,34.1428571428571,3,,,,,5554
2015-05-17,201520,2.0,2,2,2,0.058255624,0.7711973,0,2,210530220152019589,2023-08-20,Imperatriz,0.3266067,259337,23.4285714285714,100.0,1,0,0,83.5318614285714,51.7142857142857,27.2336625714286,33.1428571428571,2,,,,,5554
2015-05-10,201519,4.0,4,4,4,0.09802408,1.5423946,0,2,210530220151919589,2023-08-20,Imperatriz,0.47993296,259337,23.4285714285714,100.0,1,0,0,81.2696377142857,47.7142857142857,27.6481481428571,33.1428571428571,4,,,,,5554
2015-05-03,201518,7.0,7,7,7,0.15907021,2.6991906,0,2,210530220151819589,2023-08-20,Imperatriz,0.6287135,259337,23.5714285714286,100.0,1,0,1,86.7755205714286,61.5714285714286,26.5698657142857,31.1428571428571,8,,,,,5554
2015-04-26,201517,6.0,6,6,6,0.031023037,2.313592,0,2,210530220151719589,2023-08-20,Imperatriz,0.42682314,259337,23.8571428571429,100.0,1,0,1,86.3083507142857,58.5714285714286,26.6825877142857,31.5714285714286,5,,,,,5554
2015-04-19,201516,14.0,14,14,14,0.28514853,5.398381,0,2,210530220151619589,2023-08-20,Imperatriz,0.8176854,259337,23.4285714285714,99.1428571428571,1,0,2,82.1929178571429,50.2857142857143,27.4678468571429,33.0,14,,,,,5554
2015-04-12,201515,10.0,10,10,10,0.023068277,3.8559866,0,2,210530220151519589,2023-08-20,Imperatriz,0.4809185,259337,23.8571428571429,100.0,1,0,1,84.2114371428572,55.5714285714286,27.0492468571429,31.8571428571429,9,,,,,5554
2015-04-05,201514,23.0,23,23,23,0.2427261,8.86877,0,4,210530220151419589,2023-08-20,Imperatriz,0.8233787,259337,23.8571428571429,99.1428571428571,1,0,2,85.095605,55.0,26.8184634285714,31.7142857142857,22,,,,,5554
2015-03-29,201513,12.0,12,12,12,0.0016733423,4.627184,0,4,210530220151319589,2023-08-20,Imperatriz,0.39168963,259337,23.4285714285714,98.2857142857143,1,0,2,85.6553255714286,57.2857142857143,26.8209488571429,32.0,11,,,,,5554
2015-03-22,201512,31.0,31,31,31,0.80730695,11.953559,0,4,210530220151219589,2023-08-20,Imperatriz,1.2609655,259337,23.5714285714286,99.1428571428571,1,0,2,85.1681637142857,58.4285714285714,26.8426361428571,31.8571428571429,23,,,,,5554
2015-03-15,201511,43.0,43,43,43,0.9996716,16.580742,0,4,210530220151119589,2023-08-20,Imperatriz,2.5015562,259337,23.1428571428571,100.0,1,1,2,88.68014,66.7142857142857,25.900692,30.2857142857143,37,,,,,5554
2015-03-08,201510,17.0,17,17,17,0.90019226,6.555177,0,4,210530220151019589,2023-08-20,Imperatriz,1.6315205,259337,24.0,100.0,1,0,2,87.4555344285714,61.5714285714286,26.6514712857143,31.0,14,,,,,5554
2015-03-01,201509,22.0,22,22,22,0.9993833,8.4831705,0,2,210530220150919589,2023-08-20,Imperatriz,3.798874,259337,22.7142857142857,100.0,1,1,2,86.9993384285714,59.7142857142857,25.9973545714286,31.0,20,,,,,5554
2015-02-22,201508,7.0,7,7,7,0.8421268,2.6991906,0,2,210530220150819589,2023-08-20,Imperatriz,1.8190447,259337,22.2857142857143,100.0,1,0,1,87.5662707142857,63.1428571428571,25.6517384285714,30.4285714285714,5,,,,,5554
2015-02-15,201507,5.0,5,5,5,0.6618463,1.9279933,0,2,210530220150719589,2023-08-20,Imperatriz,1.3089278,259337,23.2857142857143,100.0,1,0,1,88.89416,65.8571428571429,25.7601738571429,30.2857142857143,4,,,,,5554
2015-02-08,201506,3.0,3,3,3,0.32058573,1.156796,0,2,210530220150619589,2023-08-20,Imperatriz,0.71875936,259337,22.8571428571429,100.0,1,0,0,85.1260842857143,57.7142857142857,26.7600732857143,31.5714285714286,3,,,,,5554
2015-02-01,201505,3.0,3,3,3,0.40303177,1.156796,0,2,210530220150519589,2023-08-20,Imperatriz,0.8354696,259337,22.7142857142857,99.7142857142857,1,0,0,87.7716862857143,66.4285714285714,25.4535437142857,29.7142857142857,3,,,,,5554
2015-01-25,201504,6.0,6,6,6,0.9008116,2.313592,0,2,210530220150419589,2023-08-20,Imperatriz,2.4023838,259337,23.1428571428571,99.1428571428571,1,0,1,82.8421734285714,56.4285714285714,27.0256004285714,32.2857142857143,5,,,,,5554
2015-01-18,201503,3.0,3,3,3,0.8043011,1.156796,0,2,210530220150319589,2023-08-20,Imperatriz,2.1508248,259337,22.2857142857143,100.0,1,0,0,88.9758085714286,65.4285714285714,25.2999592857143,30.1428571428571,3,,,,,5554
2015-01-11,201502,3.0,3,3,3,0.8934799,1.156796,0,1,210530220150219589,2023-08-20,Imperatriz,3.3772829,259337,22.4285714285714,100.0,1,0,0,85.4911165714286,60.4285714285714,25.9455027142857,31.5714285714286,2,,,,,5554
2015-01-04,201501,1.0,1,1,1,0.54892814,0.38559866,0,1,210530220150119589,2023-08-20,Imperatriz,1.1556541,259337,22.2857142857143,98.2857142857143,1,0,0,81.7479471428571,53.4285714285714,26.430893,32.4285714285714,1,,,,,5554
2014-12-28,201453,0.0,0,0,0,0.0,0.0,0,1,210530220145319589,2023-08-20,Imperatriz,0.0,259337,23.5714285714286,96.5714285714286,0,0,0,77.88889,46.1428571428571,27.6825392857143,33.7142857142857,0,,,,,5554
2014-12-21,201452,2.0,2,2,2,0.7754069,0.7711973,0,1,210530220145219589,2023-08-20,Imperatriz,2.2074606,259337,22.7142857142857,99.1428571428571,1,0,0,83.6609978571429,56.2857142857143,26.6453141428571,32.0,2,,,,,5554
2014-12-14,201451,0.0,0,0,0,0.0,0.0,0,1,210530220145119589,2023-08-20,Imperatriz,0.0,259337,23.7142857142857,100.0,0,0,0,84.0456372857143,57.7142857142857,26.8968258571429,31.5714285714286,0,,,,,5554
2014-12-07,201450,0.0,0,0,0,0.0,0.0,0,1,210530220145019589,2023-08-20,Imperatriz,0.0,259337,23.1428571428571,100.0,0,0,0,87.026645,55.2857142857143,26.0948604285714,31.4285714285714,0,,,,,5554
2014-11-30,201449,3.0,3,3,3,0.519052,1.156796,0,2,210530220144919589,2023-08-20,Imperatriz,1.0373333,259337,23.7142857142857,98.2857142857143,1,0,0,79.9047642857143,51.4285714285714,27.6471305714286,32.5714285714286,3,,,,,5554
2014-11-23,201448,1.0,1,1,1,0.12510942,0.38559866,0,2,210530220144819589,2023-08-20,Imperatriz,0.33347365,259337,23.8571428571429,100.0,1,0,0,81.027473,49.0,27.7081807142857,33.0,1,,,,,5554
2014-11-16,201447,4.0,4,4,4,0.7541181,1.5423946,0,2,210530220144719589,2023-08-20,Imperatriz,1.6770747,259337,23.4285714285714,100.0,1,0,0,84.7423934285714,57.1428571428571,26.7010587142857,31.8571428571429,3,,,,,5554
2014-11-09,201446,3.0,3,3,3,0.81436116,1.156796,0,2,210530220144619589,2023-08-20,Imperatriz,2.2374396,259337,23.1428571428571,100.0,1,0,0,78.7733014285714,49.7142857142857,27.6640208571429,32.8571428571429,3,,,,,5554
2014-11-02,201445,3.0,3,3,3,0.9304139,1.156796,0,1,210530220144519589,2023-08-20,Imperatriz,4.6445785,259337,23.7142857142857,99.1428571428571,1,0,0,79.1534385714286,51.8571428571429,27.9383972857143,33.2857142857143,3,,,,,5554
2014-10-26,201444,1.0,1,1,1,0.73055446,0.38559866,0,1,210530220144419589,2023-08-20,Imperatriz,2.2078164,259337,23.0,98.2857142857143,1,0,0,80.4523805714286,51.7142857142857,27.1262281428571,33.0,1,,,,,5554
2014-10-19,201443,0.0,0,0,0,0.0,0.0,0,1,210530220144319589,2023-08-20,Imperatriz,0.0,259337,22.8571428571429,99.1428571428571,0,0,0,79.8557777142857,49.8571428571429,27.4470194285714,40.5714285714286,0,,,,,5554
2014-10-12,201442,1.0,1,1,1,0.9571883,0.38559866,0,1,210530220144219589,2023-08-20,Imperatriz,15.841508,259337,23.0,99.1428571428571,1,0,0,80.1682942857143,52.0,27.1815217142857,33.2857142857143,1,,,,,5554
2014-10-05,201441,0.0,0,0,0,0.0,0.0,0,1,210530220144119589,2023-08-20,Imperatriz,0.0,259337,23.8571428571429,95.0,0,0,0,70.22455,34.7142857142857,28.7951324285714,35.5714285714286,0,,,,,5554
2014-09-28,201440,0.0,0,0,0,0.0,0.0,0,1,210530220144019589,2023-08-20,Imperatriz,0.0,259337,23.7142857142857,96.5714285714286,0,0,0,74.6790621428571,42.7142857142857,28.1164902857143,33.8571428571429,0,,,,,5554
2014-09-21,201439,0.0,0,0,0,0.0,0.0,0,1,210530220143919589,2023-08-20,Imperatriz,0.0,259337,22.8571428571429,95.8571428571429,0,0,0,75.9998055714286,42.0,27.49727,34.1428571428571,0,,,,,5554
2014-09-14,201438,0.0,0,0,0,0.0,0.0,0,1,210530220143819589,2023-08-20,Imperatriz,0.0,259337,23.1428571428571,98.2857142857143,0,0,0,76.7196775714286,47.1428571428571,27.6927147142857,34.0,0,,,,,5554
2014-09-07,201437,2.0,2,2,2,0.58380187,0.7711973,0,1,210530220143719589,2023-08-20,Imperatriz,1.2190347,259337,22.8571428571429,96.7142857142857,1,0,0,74.4872621428571,40.7142857142857,27.7197861428571,34.1428571428571,1,,,,,5554
2014-08-31,201436,2.0,2,2,2,0.72340935,0.7711973,0,1,210530220143619589,2023-08-20,Imperatriz,1.8200886,259337,22.7142857142857,97.5714285714286,1,0,0,73.9340585714286,45.5714285714286,27.7438071428571,33.7142857142857,2,,,,,5554
2014-08-24,201435,2.0,2,2,2,0.7949248,0.7711973,0,1,210530220143519589,2023-08-20,Imperatriz,2.3983774,259337,23.2857142857143,94.1428571428571,0,0,0,69.7790407142857,33.2857142857143,28.3162242857143,34.4285714285714,2,,,,,5554
2014-08-17,201434,1.0,1,1,1,0.55396,0.38559866,0,1,210530220143419589,2023-08-20,Imperatriz,1.1735076,259337,21.1428571428571,94.8571428571429,0,0,0,62.6941392857143,28.0,27.9236872857143,35.8571428571429,0,,,,,5554
2014-08-10,201433,0.0,0,0,0,0.0,0.0,0,1,210530220143319589,2023-08-20,Imperatriz,0.0,259337,21.2857142857143,99.1428571428571,0,0,0,67.9754038571429,32.2857142857143,28.0034542857143,35.8571428571429,0,,,,,5554
2014-08-03,201432,2.0,2,2,2,0.9517032,0.7711973,0,1,210530220143219589,2023-08-20,Imperatriz,8.864047,259337,22.1428571428571,96.0,1,0,0,71.7153378571429,38.8571428571429,27.8017752857143,34.4285714285714,2,,,,,5554
2014-07-27,201431,0.0,0,0,0,0.0,0.0,0,1,210530220143119589,2023-08-20,Imperatriz,0.0,259337,21.5714285714286,95.8571428571429,0,0,0,68.165109,33.1428571428571,27.273196,34.8571428571429,0,,,,,5554
2014-07-20,201430,0.0,0,0,0,0.0,0.0,0,1,210530220143019589,2023-08-20,Imperatriz,0.0,259337,21.8571428571429,99.1428571428571,0,0,0,73.5394808571428,38.5714285714286,27.4399672857143,34.5714285714286,0,,,,,5554
2014-07-13,201429,0.0,0,0,0,0.0,0.0,0,1,210530220142919589,2023-08-20,Imperatriz,0.0,259337,22.0,99.1428571428571,0,0,0,75.5504671428571,40.0,27.2415548571429,34.2857142857143,0,,,,,5554
2014-07-06,201428,2.0,2,2,2,0.28200737,0.7711973,0,2,210530220142819589,2023-08-20,Imperatriz,0.6237306,259337,21.1428571428571,99.1428571428571,1,0,0,72.6905728571429,37.5714285714286,27.1489538571429,34.7142857142857,1,,,,,5554
2014-06-29,201427,2.0,2,2,2,0.37939137,0.7711973,0,1,210530220142719589,2023-08-20,Imperatriz,0.7692846,259337,22.4285714285714,100.0,1,0,0,76.9540078571429,42.4285714285714,27.4951158571429,34.4285714285714,2,,,,,5554
2014-06-22,201426,6.0,6,6,6,0.90932894,2.313592,0,1,210530220142619589,2023-08-20,Imperatriz,2.5086129,259337,22.1428571428571,100.0,1,0,1,74.2486785714286,36.5714285714286,27.6402112857143,34.2857142857143,6,,,,,5554
2014-06-15,201425,0.0,0,0,0,0.0,0.0,0,1,210530220142519589,2023-08-20,Imperatriz,0.0,259337,22.5714285714286,98.2857142857143,0,0,0,76.6646335714286,42.1428571428571,27.4006918571429,33.7142857142857,0,,,,,5554
2014-06-08,201424,4.0,4,4,4,0.63362145,1.5423946,0,2,210530220142419589,2023-08-20,Imperatriz,1.2734647,259337,21.7142857142857,100.0,1,0,0,75.0445671428571,37.4285714285714,27.2387057142857,34.2857142857143,3,,,,,5554
2014-06-01,201423,1.0,1,1,1,0.05554695,0.38559866,0,2,210530220142319589,2023-08-20,Imperatriz,0.23979962,259337,22.7142857142857,100.0,1,0,0,79.9259248571429,41.5714285714286,27.5873018571429,33.8571428571429,1,,,,,5554
2014-05-25,201422,4.0,4,4,4,0.24246423,1.5423946,0,2,210530220142219589,2023-08-20,Imperatriz,0.6533527,259337,23.2857142857143,100.0,1,0,0,83.1675207142857,51.8571428571429,27.2924732857143,32.5714285714286,4,,,,,5554
2014-05-18,201421,3.0,3,3,3,0.03336602,1.156796,0,2,210530220142119589,2023-08-20,Imperatriz,0.3347397,259337,23.1428571428571,100.0,1,0,0,86.2353842857143,56.2857142857143,26.7936611428571,32.1428571428571,2,,,,,5554
2014-05-11,201420,6.0,6,6,6,0.106730945,2.313592,0,2,210530220142019589,2023-08-20,Imperatriz,0.5475718,259337,23.7142857142857,100.0,1,0,1,84.8244657142857,55.8571428571429,27.1614455714286,32.2857142857143,7,,,,,5554
2014-05-04,201419,8.0,8,8,8,0.2783752,3.0847893,0,2,210530220141919589,2023-08-20,Imperatriz,0.76448375,259337,23.8571428571429,100.0,1,0,1,84.6082764285714,56.2857142857143,27.3161378571429,32.7142857142857,7,,,,,5554
2014-04-27,201418,15.0,15,15,15,0.8587713,5.78398,0,2,210530220141819589,2023-08-20,Imperatriz,1.5364944,259337,23.7142857142857,100.0,1,0,2,84.0913437142857,51.2857142857143,27.035816,31.8571428571429,13,,,,,5554
2014-04-20,201417,9.0,9,9,9,0.4336055,3.470388,0,2,210530220141719589,2023-08-20,Imperatriz,0.9271585,259337,23.7142857142857,100.0,1,0,1,86.8779371428571,54.8571428571429,26.744557,31.1428571428571,8,,,,,5554
2014-04-13,201416,9.0,9,9,9,0.4761621,3.470388,0,2,210530220141619589,2023-08-20,Imperatriz,0.97301346,259337,23.5714285714286,100.0,1,0,1,84.6337871428571,54.2857142857143,26.9652451428571,32.2857142857143,8,,,,,5554
2014-04-06,201415,11.0,11,11,11,0.6909602,4.2415853,0,2,210530220141519589,2023-08-20,Imperatriz,1.2459438,259337,23.8571428571429,100.0,1,0,1,86.0421005714286,57.4285714285714,26.8004007142857,31.4285714285714,8,,,,,5554
2014-03-30,201414,9.0,9,9,9,0.5460391,3.470388,0,2,210530220141419589,2023-08-20,Imperatriz,1.0554403,259337,23.7142857142857,100.0,1,0,1,85.5268272857143,58.0,26.9342268571429,31.7142857142857,8,,,,,5554
2014-03-23,201413,8.0,8,8,8,0.6039288,3.0847893,0,2,210530220141319589,2023-08-20,Imperatriz,1.1416146,259337,23.1428571428571,100.0,1,0,1,87.3604128571429,58.4285714285714,26.2631832857143,31.2857142857143,5,,,,,5554
2014-03-16,201412,10.0,10,10,10,0.9141337,3.8559866,0,2,210530220141219589,2023-08-20,Imperatriz,2.030686,259337,23.8571428571429,100.0,1,0,1,83.7008554285714,51.0,27.2788377142857,33.0,7,,,,,5554
2014-03-09,201411,8.0,8,8,8,0.875743,3.0847893,0,2,210530220141119589,2023-08-20,Imperatriz,1.9265201,259337,23.4285714285714,100.0,1,0,1,85.5349007142857,48.8571428571429,26.4273651428571,31.1428571428571,7,,,,,5554
2014-03-02,201410,3.0,3,3,3,0.3181834,1.156796,0,2,210530220141019589,2023-08-20,Imperatriz,0.7155766,259337,23.4285714285714,100.0,1,0,0,90.0265657142857,64.4285714285714,25.6594967142857,29.5714285714286,3,,,,,5554
2014-02-23,201409,4.0,4,4,4,0.45644262,1.5423946,0,2,210530220140919589,2023-08-20,Imperatriz,0.9303263,259337,23.1428571428571,100.0,1,0,0,85.0598042857143,52.5714285714286,26.6664061428571,32.1428571428571,4,,,,,5554
2014-02-16,201408,5.0,5,5,5,0.57083964,1.9279933,0,2,210530220140819589,2023-08-20,Imperatriz,1.117439,259337,23.0,100.0,1,0,1,89.1119662857143,69.7142857142857,25.7644281428571,29.7142857142857,5,,,,,5554
2014-02-09,201407,3.0,3,3,3,0.3703951,1.156796,0,2,210530220140719589,2023-08-20,Imperatriz,0.78732854,259337,23.2857142857143,100.0,1,0,0,88.1190477142857,59.8571428571429,25.9837195714286,30.5714285714286,4,,,,,5554
2014-02-02,201406,6.0,6,6,6,0.8851043,2.313592,0,2,210530220140619589,2023-08-20,Imperatriz,2.2374396,259337,22.5714285714286,100.0,1,0,1,87.2882371428571,62.8571428571429,25.7428162857143,30.1428571428571,5,,,,,5554
2014-01-26,201405,4.0,4,4,4,0.81517124,1.5423946,0,2,210530220140519589,2023-08-20,Imperatriz,2.0184355,259337,22.2857142857143,100.0,1,0,0,87.7671934285714,64.2857142857143,25.0529098571429,29.4285714285714,3,,,,,5554
2014-01-19,201404,2.0,2,2,2,0.6467673,0.7711973,0,2,210530220140419589,2023-08-20,Imperatriz,1.4389092,259337,23.4285714285714,100.0,1,0,0,86.8194962857143,62.8571428571429,26.1377692857143,30.0,2,,,,,5554
2014-01-12,201403,2.0,2,2,2,0.8586443,0.7711973,0,1,210530220140319589,2023-08-20,Imperatriz,3.353706,259337,23.0,100.0,1,0,0,86.2822037142857,61.8571428571429,26.0833331428571,30.2857142857143,0,,,,,5554
2014-01-05,201402,2.0,2,2,2,0.9661878,0.7711973,0,1,210530220140219589,2023-08-20,Imperatriz,12.347745,259337,22.7142857142857,100.0,1,0,0,83.7822665714286,53.7142857142857,26.3253894285714,31.1428571428571,2,,,,,5554
2013-12-29,201401,0.0,0,0,0,0.0,0.0,0,1,210530220140119589,2023-08-20,Imperatriz,0.0,259337,23.2857142857143,99.1428571428571,0,0,0,82.6176237142857,51.5714285714286,27.0982905714286,32.4285714285714,0,,,,,5554
2013-12-22,201352,0.0,0,0,0,0.0,0.0,0,1,210530220135219589,2023-08-20,Imperatriz,0.0,259337,23.4285714285714,100.0,0,0,0,86.2235921428571,58.8571428571429,26.5538418571429,31.4285714285714,0,,,,,5554
2013-12-15,201351,0.0,0,0,0,0.0,0.0,0,1,210530220135119589,2023-08-20,Imperatriz,0.0,259337,24.2857142857143,100.0,0,0,0,83.9818228571429,51.4285714285714,26.7905515714286,31.4285714285714,0,,,,,5554
2013-12-08,201350,1.0,1,1,1,0.96326596,0.38559866,0,1,210530220135019589,2023-08-20,Imperatriz,18.520596,259337,23.8571428571429,99.1428571428571,1,0,0,78.5291014285714,47.4285714285714,27.5291002857143,32.7142857142857,1,,,,,5554
2013-12-01,201349,0.0,0,0,0,0.0,0.0,0,1,210530220134919589,2023-08-20,Imperatriz,0.0,259337,23.8571428571429,98.2857142857143,0,0,0,79.6772485714286,49.2857142857143,27.6768418571429,32.8571428571429,0,,,,,5554
2013-11-24,201348,0.0,0,0,0,0.0,0.0,0,1,210530220134819589,2023-08-20,Imperatriz,0.0,259337,23.7142857142857,100.0,0,0,0,84.0634914285714,55.4285714285714,26.814815,31.1428571428571,0,,,,,5554
2013-11-17,201347,0.0,0,0,0,0.0,0.0,0,1,210530220134719589,2023-08-20,Imperatriz,0.0,259337,23.1428571428571,100.0,0,0,0,83.2089942857143,55.1428571428571,26.7167277142857,31.4285714285714,0,,,,,5554
2013-11-10,201346,0.0,0,0,0,0.0,0.0,0,1,210530220134619589,2023-08-20,Imperatriz,0.0,259337,24.5714285714286,91.8571428571429,0,0,0,77.9413242857143,55.8571428571429,27.2972137142857,30.5714285714286,0,,,,,5554
2013-11-03,201345,0.0,0,0,0,0.0,0.0,0,1,210530220134519589,2023-08-20,Imperatriz,0.0,259337,26.0,81.0,0,0,0,70.7619051428571,55.4285714285714,28.3333334285714,31.2857142857143,0,,,,,5554
2013-10-27,201344,0.0,0,0,0,0.0,0.0,0,1,210530220134419589,2023-08-20,Imperatriz,0.0,259337,26.2857142857143,78.8571428571429,0,0,0,67.6666657142857,53.2857142857143,28.6428574285714,32.0,0,,,,,5554
2013-10-20,201343,2.0,2,2,2,0.9073209,0.7711973,0,1,210530220134319589,2023-08-20,Imperatriz,4.897454,259337,27.0,75.7142857142857,0,0,0,64.8571428571429,49.4285714285714,29.190476,32.0,2,,,,,5554
2013-10-13,201342,1.0,1,1,1,0.78460985,0.38559866,0,1,210530220134219589,2023-08-20,Imperatriz,2.8575292,259337,25.1428571428571,85.7142857142857,0,0,0,68.4795065714286,47.1428571428571,28.7855827142857,33.2857142857143,1,,,,,5554
2013-10-06,201341,0.0,0,0,0,0.0,0.0,0,1,210530220134119589,2023-08-20,Imperatriz,0.0,259337,23.8571428571429,98.4285714285714,0,0,0,77.8945467142857,41.5714285714286,28.0690681428571,34.7142857142857,0,,,,,5554
2013-09-29,201340,0.0,0,0,0,0.0,0.0,0,1,210530220134019589,2023-08-20,Imperatriz,0.0,259337,24.7142857142857,94.8571428571429,0,0,0,72.7891721428571,41.2857142857143,28.9721202857143,35.1428571428571,0,,,,,5554
2013-09-22,201339,1.0,1,1,1,0.8069074,0.38559866,0,1,210530220133919589,2023-08-20,Imperatriz,3.230758,259337,24.2857142857143,95.8571428571429,1,0,0,72.6709407142857,42.5714285714286,29.1196577142857,35.4285714285714,1,,,,,5554
2013-09-15,201338,1.0,1,1,1,0.8556973,0.38559866,0,1,210530220133819589,2023-08-20,Imperatriz,4.447853,259337,24.1428571428571,96.5714285714286,1,0,0,74.5976242857143,45.1428571428571,28.8479691428571,35.0,1,,,,,5554
2013-09-08,201337,0.0,0,0,0,0.0,0.0,0,1,210530220133719589,2023-08-20,Imperatriz,0.0,259337,23.2857142857143,98.2857142857143,0,0,0,76.1233428571429,41.4285714285714,27.996635,34.0,0,,,,,5554
2013-09-01,201336,0.0,0,0,0,0.0,0.0,0,1,210530220133619589,2023-08-20,Imperatriz,0.0,259337,23.5714285714286,96.7142857142857,0,0,0,78.3787257142857,47.2857142857143,27.408454,33.1428571428571,0,,,,,5554
2013-08-25,201335,0.0,0,0,0,0.0,0.0,0,1,210530220133519589,2023-08-20,Imperatriz,0.0,259337,23.7142857142857,96.7142857142857,0,0,0,73.8505257142857,39.8571428571429,28.8474337142857,35.4285714285714,0,,,,,5554
2013-08-18,201334,3.0,3,3,3,0.93041366,1.156796,0,1,210530220133419589,2023-08-20,Imperatriz,4.644568,259337,23.4285714285714,99.1428571428571,1,0,0,75.508345,41.0,28.1615795714286,34.7142857142857,3,,,,,5554
2013-08-11,201333,2.0,2,2,2,0.97795355,0.7711973,0,1,210530220133319589,2023-08-20,Imperatriz,18.498432,259337,23.0,99.1428571428571,1,0,0,75.4771685714286,41.8571428571429,28.4402565714286,36.8571428571429,2,,,,,5554
2013-08-04,201332,0.0,0,0,0,0.0,0.0,0,1,210530220133219589,2023-08-20,Imperatriz,0.0,259337,21.5714285714286,100.0,0,0,0,71.8302808571429,38.5714285714286,28.3565324285714,36.8571428571429,0,,,,,5554
2013-07-28,201331,0.0,0,0,0,0.0,0.0,0,1,210530220133119589,2023-08-20,Imperatriz,0.0,259337,21.2857142857143,100.0,0,0,0,72.5431407142857,36.8571428571429,28.0909647142857,37.1428571428571,0,,,,,5554
2013-07-21,201330,0.0,0,0,0,0.0,0.0,0,1,210530220133019589,2023-08-20,Imperatriz,0.0,259337,22.5714285714286,100.0,0,0,0,78.6349214285714,44.5714285714286,27.7637361428571,35.7142857142857,0,,,,,5554
2013-07-14,201329,0.0,0,0,0,0.0,0.0,0,1,210530220132919589,2023-08-20,Imperatriz,0.0,259337,22.1428571428571,99.1428571428571,0,0,0,75.7559017142857,43.1428571428571,27.9564514285714,36.2857142857143,0,,,,,5554
2013-07-07,201328,0.0,0,0,0,0.0,0.0,0,1,210530220132819589,2023-08-20,Imperatriz,0.0,259337,20.8571428571429,100.0,0,0,0,71.9304028571429,38.8571428571429,28.0579974285714,37.1428571428571,0,,,,,5554
2013-06-30,201327,1.0,1,1,1,0.046567686,0.38559866,0,2,210530220132719589,2023-08-20,Imperatriz,0.22601286,259337,22.8571428571429,99.1428571428571,1,0,0,78.5953857142857,43.5714285714286,27.8721228571429,35.8571428571429,1,,,,,5554
2013-06-23,201326,1.0,1,1,1,0.021022389,0.38559866,0,2,210530220132619589,2023-08-20,Imperatriz,0.17947105,259337,22.1428571428571,100.0,1,0,0,76.8045657142857,42.2857142857143,28.1214267142857,35.7142857142857,1,,,,,5554
2013-06-16,201325,4.0,4,4,4,0.5054018,1.5423946,0,2,210530220132519589,2023-08-20,Imperatriz,1.0091447,259337,22.4285714285714,100.0,1,0,0,80.7828292857143,47.2857142857143,27.576109,35.5714285714286,4,,,,,5554
2013-06-09,201324,10.0,10,10,10,0.98317236,3.8559866,0,2,210530220132419589,2023-08-20,Imperatriz,3.48778,259337,22.5714285714286,100.0,1,1,1,82.62745,45.2857142857143,26.9449718571429,35.0,8,,,,,5554
2013-06-02,201323,2.0,2,2,2,0.2361722,0.7711973,0,2,210530220132319589,2023-08-20,Imperatriz,0.56240076,259337,22.7142857142857,100.0,1,0,0,83.1654307142857,48.5714285714286,27.4896134285714,34.1428571428571,2,,,,,5554
2013-05-26,201322,1.0,1,1,1,0.05486955,0.38559866,0,2,210530220132219589,2023-08-20,Imperatriz,0.23878598,259337,23.0,100.0,1,0,0,82.2541714285714,48.0,27.69475,35.1428571428571,1,,,,,5554
2013-05-19,201321,5.0,5,5,5,0.5333287,1.9279933,0,2,210530220132119589,2023-08-20,Imperatriz,1.0526619,259337,24.0,100.0,1,0,1,85.4139842857143,55.4285714285714,27.5192758571429,33.8571428571429,4,,,,,5554
2013-05-12,201320,4.0,4,4,4,0.25959843,1.5423946,0,2,210530220132019589,2023-08-20,Imperatriz,0.6733146,259337,23.4285714285714,100.0,1,0,0,78.2376885714286,45.1428571428571,28.7378917142857,35.8571428571429,4,,,,,5554
2013-05-05,201319,4.0,4,4,4,0.16014166,1.5423946,0,2,210530220131919589,2023-08-20,Imperatriz,0.55757695,259337,24.1428571428571,100.0,1,0,0,85.584273,56.5714285714286,27.504034,33.2857142857143,4,,,,,5554
2013-04-28,201318,6.0,6,6,6,0.28631482,2.313592,0,2,210530220131819589,2023-08-20,Imperatriz,0.74550045,259337,23.7142857142857,100.0,1,0,1,86.1410994285714,52.5714285714286,27.6588464285714,34.2857142857143,6,,,,,5554
2013-04-21,201317,8.0,8,8,8,0.48733047,3.0847893,0,2,210530220131719589,2023-08-20,Imperatriz,0.9847035,259337,23.7142857142857,100.0,1,0,1,89.7641728571429,61.8571428571429,26.8837871428571,33.0,8,,,,,5554
2013-04-14,201316,7.0,7,7,7,0.54832935,2.6991906,0,2,210530220131619589,2023-08-20,Imperatriz,1.0660404,259337,23.7142857142857,100.0,1,0,1,87.425895,59.0,27.2497805714286,33.5714285714286,7,,,,,5554
2013-04-07,201315,11.0,11,11,11,0.88250196,4.2415853,0,2,210530220131519589,2023-08-20,Imperatriz,1.7671641,259337,24.0,100.0,1,0,1,87.0997071428571,59.4285714285714,27.4689825714286,33.8571428571429,11,,,,,5554
2013-03-31,201314,6.0,6,6,6,0.20656164,2.313592,0,2,210530220131419589,2023-08-20,Imperatriz,0.66089386,259337,23.8571428571429,100.0,1,0,1,86.0849842857143,58.7142857142857,27.4961614285714,33.4285714285714,6,,,,,5554
2013-03-24,201313,2.0,2,2,2,0.0007357881,0.7711973,0,2,210530220131319589,2023-08-20,Imperatriz,0.14983022,259337,23.4285714285714,100.0,1,0,0,88.8028991428571,60.4285714285714,26.8307017142857,33.2857142857143,2,,,,,5554
2013-03-17,201312,11.0,11,11,11,0.041370064,4.2415853,0,2,210530220131219589,2023-08-20,Imperatriz,0.5356702,259337,23.8571428571429,100.0,1,0,1,89.1417235714286,64.0,26.6987907142857,32.5714285714286,10,,,,,5554
2013-03-10,201311,12.0,12,12,12,0.0024421918,4.627184,0,4,210530220131119589,2023-08-20,Imperatriz,0.40411448,259337,24.2857142857143,100.0,1,0,2,84.3111528571429,55.7142857142857,28.1855924285714,34.4285714285714,12,,,,,5554
2013-03-03,201310,15.0,15,15,15,0.00353293,5.78398,0,4,210530220131019589,2023-08-20,Imperatriz,0.45013997,259337,24.5714285714286,100.0,1,0,2,84.2303614285714,56.7142857142857,28.0565732857143,34.4285714285714,14,,,,,5554
2013-02-24,201309,37.0,37,37,37,0.8519791,14.267151,0,4,210530220130919589,2023-08-20,Imperatriz,1.2936208,259337,24.2857142857143,100.0,1,0,2,84.0936128571429,57.7142857142857,27.8433048571429,33.5714285714286,37,,,,,5554
2013-02-17,201308,36.0,36,36,36,0.9833728,13.881552,0,4,210530220130819589,2023-08-20,Imperatriz,1.7770184,259337,23.4285714285714,100.0,1,1,2,83.0681264285714,51.4285714285714,27.6211275714286,34.2857142857143,33,,,,,5554
2013-02-10,201307,35.0,35,35,35,0.9973427,13.495954,0,4,210530220130719589,2023-08-20,Imperatriz,2.2439606,259337,23.4285714285714,100.0,1,1,2,86.5003614285714,58.1428571428571,26.8644444285714,32.7142857142857,31,,,,,5554
2013-02-03,201306,12.0,12,12,12,0.37528852,4.627184,0,4,210530220130619589,2023-08-20,Imperatriz,0.88357776,259337,23.4285714285714,100.0,1,0,2,87.2272178571429,50.7142857142857,26.4586012857143,32.2857142857143,11,,,,,5554
2013-01-27,201305,18.0,18,18,18,0.8278905,6.940776,0,4,210530220130519589,2023-08-20,Imperatriz,1.4027779,259337,23.7142857142857,100.0,1,0,2,90.8933665714286,64.8571428571429,26.652643,32.2857142857143,14,,,,,5554
2013-01-20,201304,12.0,12,12,12,0.54217505,4.627184,0,4,210530220130419589,2023-08-20,Imperatriz,1.0438697,259337,24.0,100.0,1,0,2,89.824165,61.7142857142857,26.5640235714286,32.5714285714286,11,,,,,5554
2013-01-13,201303,12.0,12,12,12,0.79888153,4.627184,0,4,210530220130319589,2023-08-20,Imperatriz,1.4435217,259337,23.5714285714286,100.0,1,0,2,88.0308772857143,62.8571428571429,26.5502267142857,31.8571428571429,12,,,,,5554
2013-01-06,201302,16.0,16,16,16,0.9843911,6.1695786,0,2,210530220130219589,2023-08-20,Imperatriz,2.5722225,259337,23.7142857142857,100.0,1,1,2,86.7830285714286,60.2857142857143,27.1159514285714,32.7142857142857,16,,,,,5554
2012-12-30,201301,5.0,5,5,5,0.41095564,1.9279933,0,2,210530220130119589,2023-08-20,Imperatriz,0.87597406,259337,23.7142857142857,100.0,1,0,1,83.958348,58.2857142857143,27.1389908571429,33.1428571428571,5,,,,,5554
2012-12-23,201252,6.0,6,6,6,0.5573341,2.313592,0,2,210530220125219589,2023-08-20,Imperatriz,1.0853964,259337,23.4285714285714,100.0,1,0,1,87.3273662857143,63.8571428571429,26.559035,31.2857142857143,6,,,,,5554
2012-12-16,201251,6.0,6,6,6,0.6601697,2.313592,0,2,210530220125119589,2023-08-20,Imperatriz,1.2757975,259337,23.1428571428571,100.0,1,0,1,82.7004114285714,51.1428571428571,27.6383817142857,33.5714285714286,6,,,,,5554
2012-12-09,201250,5.0,5,5,5,0.7508925,1.9279933,0,2,210530220125019589,2023-08-20,Imperatriz,1.5769315,259337,23.5714285714286,100.0,1,0,1,83.7943744285714,55.0,27.7672604285714,34.1428571428571,5,,,,,5554
2012-12-02,201249,7.0,7,7,7,0.9186178,2.6991906,0,2,210530220124919589,2023-08-20,Imperatriz,2.4354703,259337,23.1428571428571,100.0,1,0,1,87.7295314285714,62.0,26.2739701428571,31.7142857142857,7,,,,,5554
2012-11-25,201248,1.0,1,1,1,0.12582119,0.38559866,0,2,210530220124819589,2023-08-20,Imperatriz,0.3343863,259337,24.5714285714286,100.0,1,0,0,83.7566135714286,55.8571428571429,27.5990174285714,33.0,1,,,,,5554
2012-11-18,201247,2.0,2,2,2,0.52837425,0.7711973,0,1,210530220124719589,2023-08-20,Imperatriz,1.0670618,259337,24.8571428571429,100.0,1,0,0,79.6071022857143,52.8571428571429,28.4406014285714,33.7142857142857,2,,,,,5554
2012-11-11,201246,6.0,6,6,6,0.9775301,2.313592,0,1,210530220124619589,2023-08-20,Imperatriz,4.9665465,259337,24.0,100.0,1,1,1,81.4875284285714,51.2857142857143,27.9476474285714,33.5714285714286,6,,,,,5554
2012-11-04,201245,0.0,0,0,0,0.0,0.0,0,1,210530220124519589,2023-08-20,Imperatriz,0.0,259337,24.5714285714286,95.0,0,0,0,73.9121462857143,41.7142857142857,28.7744198571429,34.4285714285714,0,,,,,5554
2012-10-28,201244,1.0,1,1,1,0.08167767,0.38559866,0,1,210530220124419589,2023-08-20,Imperatriz,0.27670828,259337,24.0,96.5714285714286,1,0,0,73.7701742857143,43.7142857142857,28.872362,35.4285714285714,1,,,,,5554
2012-10-21,201243,1.0,1,1,1,0.040136375,0.38559866,0,1,210530220124319589,2023-08-20,Imperatriz,0.21556622,259337,24.5714285714286,94.2857142857143,0,0,0,71.9759057142857,43.4285714285714,28.9163332857143,34.5714285714286,1,,,,,5554
2012-10-14,201242,4.0,4,4,4,0.52502996,1.5423946,0,1,210530220124219589,2023-08-20,Imperatriz,1.0434402,259337,24.0,99.1428571428571,1,0,0,78.8891485714286,49.5714285714286,27.8986625714286,33.7142857142857,4,,,,,5554
2012-10-07,201241,6.0,6,6,6,0.9108472,2.313592,0,1,210530220124119589,2023-08-20,Imperatriz,2.5290856,259337,23.4285714285714,95.7142857142857,1,0,1,69.3491705714286,33.2857142857143,28.8383822857143,35.5714285714286,3,,,,,5554
2012-09-30,201240,5.0,5,5,5,0.88920367,1.9279933,0,1,210530220124019589,2023-08-20,Imperatriz,2.4824786,259337,24.4285714285714,93.5714285714286,0,0,1,71.6164035714286,39.4285714285714,28.9617418571429,35.0,5,,,,,5554
2012-09-23,201239,0.0,0,0,0,0.0,0.0,0,1,210530220123919589,2023-08-20,Imperatriz,0.0,259337,23.5714285714286,91.2857142857143,0,0,0,67.7056525714286,38.2857142857143,29.0034157142857,37.1428571428571,0,,,,,5554
2012-09-16,201238,3.0,3,3,3,0.7355026,1.156796,0,1,210530220123819589,2023-08-20,Imperatriz,1.7103469,259337,24.0,92.0,0,0,0,65.3148157142857,33.2857142857143,29.809931,38.2857142857143,2,,,,,5554
2012-09-09,201237,2.0,2,2,2,0.4493365,0.7711973,0,1,210530220123719589,2023-08-20,Imperatriz,0.89394855,259337,23.4285714285714,88.7142857142857,0,0,0,63.2699137142857,32.8571428571429,29.6574218571429,38.7142857142857,2,,,,,5554
2012-09-02,201236,1.0,1,1,1,0.14473818,0.38559866,0,1,210530220123619589,2023-08-20,Imperatriz,0.358618,259337,22.7142857142857,91.0,0,0,0,62.9682548571429,31.4285714285714,29.33781,38.8571428571429,1,,,,,5554
2012-08-26,201235,2.0,2,2,2,0.36027586,0.7711973,0,1,210530220123519589,2023-08-20,Imperatriz,0.7385759,259337,22.5714285714286,96.5714285714286,1,0,0,68.3663002857143,35.5714285714286,28.6501828571429,36.5714285714286,1,,,,,5554
2012-08-19,201234,4.0,4,4,4,0.75338453,1.5423946,0,1,210530220123419589,2023-08-20,Imperatriz,1.6737715,259337,19.2857142857143,92.2857142857143,0,0,0,57.6355304285714,22.5714285714286,28.0006104285714,37.8571428571429,3,,,,,5554
2012-08-12,201233,2.0,2,2,2,0.5576085,0.7711973,0,2,210530220123319589,2023-08-20,Imperatriz,1.1433178,259337,20.8571428571429,95.7142857142857,1,0,0,61.9781741428571,25.5714285714286,27.9517195714286,37.4285714285714,2,,,,,5554
2012-08-05,201232,3.0,3,3,3,0.8291976,1.156796,0,1,210530220123219589,2023-08-20,Imperatriz,2.380705,259337,20.4285714285714,99.1428571428571,1,0,0,70.806063,31.0,27.4226701428571,35.7142857142857,3,,,,,5554
2012-07-29,201231,2.0,2,2,2,0.5780634,0.7711973,0,1,210530220123119589,2023-08-20,Imperatriz,1.2017803,259337,19.7142857142857,97.4285714285714,1,0,0,65.0573874285714,26.0,27.2326004285714,35.8571428571429,2,,,,,5554
2012-07-22,201230,0.0,0,0,0,0.0,0.0,0,1,210530220123019589,2023-08-20,Imperatriz,0.0,259337,21.5714285714286,100.0,0,0,0,77.50907,38.8571428571429,27.1447614285714,34.2857142857143,0,,,,,5554
2012-07-15,201229,2.0,2,2,2,0.33835045,0.7711973,0,2,210530220122919589,2023-08-20,Imperatriz,0.7047851,259337,21.7142857142857,100.0,1,0,0,84.6992794285714,51.1428571428571,26.1680874285714,32.7142857142857,2,,,,,5554
2012-07-08,201228,2.0,2,2,2,0.5376213,0.7711973,0,2,210530220122819589,2023-08-20,Imperatriz,1.0903332,259337,22.1428571428571,100.0,1,0,0,79.0317442857143,48.2857142857143,27.2592594285714,33.5714285714286,2,,,,,5554
2012-07-01,201227,5.0,5,5,5,0.9614692,1.9279933,0,1,210530220122719589,2023-08-20,Imperatriz,4.4372597,259337,20.2857142857143,100.0,1,1,1,75.8547314285714,36.7142857142857,26.4280338571429,33.7142857142857,5,,,,,5554
2012-06-24,201226,1.0,1,1,1,0.32234743,0.38559866,0,1,210530220122619589,2023-08-20,Imperatriz,0.612253,259337,21.5714285714286,100.0,1,0,0,81.9748692857143,47.8571428571429,26.0324562857143,32.4285714285714,1,,,,,5554
2012-06-17,201225,0.0,0,0,0,0.0,0.0,0,1,210530220122519589,2023-08-20,Imperatriz,0.0,259337,23.0,100.0,0,0,0,83.6247171428572,54.0,26.8747165714286,32.0,0,,,,,5554
2012-06-10,201224,2.0,2,2,2,0.14733027,0.7711973,0,2,210530220122419589,2023-08-20,Imperatriz,0.44915563,259337,22.4285714285714,100.0,1,0,0,83.95607,51.1428571428571,26.6709612857143,32.4285714285714,2,,,,,5554
2012-06-03,201223,2.0,2,2,2,0.06730773,0.7711973,0,2,210530220122319589,2023-08-20,Imperatriz,0.34075478,259337,22.8571428571429,100.0,1,0,0,83.842215,54.2857142857143,27.0345807142857,32.4285714285714,2,,,,,5554
2012-05-27,201222,5.0,5,5,5,0.28694814,1.9279933,0,2,210530220122219589,2023-08-20,Imperatriz,0.72831506,259337,22.7142857142857,100.0,1,0,1,83.4880521428571,53.4285714285714,27.3332168571429,33.0,5,,,,,5554
2012-05-20,201221,6.0,6,6,6,0.34738007,2.313592,0,2,210530220122119589,2023-08-20,Imperatriz,0.81188565,259337,23.0,100.0,1,0,1,85.6934985714286,58.8571428571429,26.8140588571429,32.0,5,,,,,5554
2012-05-13,201220,7.0,7,7,7,0.41959792,2.6991906,0,2,210530220122019589,2023-08-20,Imperatriz,0.9023503,259337,24.1428571428571,100.0,1,0,1,86.0342528571429,60.5714285714286,27.0663147142857,31.8571428571429,5,,,,,5554
2012-05-06,201219,8.0,8,8,8,0.39553177,3.0847893,0,2,210530220121919589,2023-08-20,Imperatriz,0.88226396,259337,23.1428571428571,100.0,1,0,1,82.5117828571429,50.5714285714286,27.4897375714286,33.1428571428571,7,,,,,5554
2012-04-29,201218,7.0,7,7,7,0.15524966,2.6991906,0,2,210530220121819589,2023-08-20,Imperatriz,0.6245512,259337,23.8571428571429,100.0,1,0,1,84.6078385714286,56.1428571428571,27.5753927142857,32.5714285714286,6,,,,,5554
2012-04-22,201217,8.0,8,8,8,0.18859981,3.0847893,0,2,210530220121719589,2023-08-20,Imperatriz,0.6758066,259337,23.8571428571429,100.0,1,0,1,87.1567571428571,63.5714285714286,27.2400544285714,32.0,7,,,,,5554
2012-04-15,201216,12.0,12,12,12,0.63003266,4.627184,0,4,210530220121619589,2023-08-20,Imperatriz,1.1475912,259337,23.2857142857143,100.0,1,0,2,83.5657292857143,55.7142857142857,27.248881,32.5714285714286,10,,,,,5554
2012-04-08,201215,15.0,15,15,15,0.8483237,5.78398,0,2,210530220121519589,2023-08-20,Imperatriz,1.5057625,259337,23.7142857142857,100.0,1,0,2,82.5953971428571,52.8571428571429,27.3869574285714,32.4285714285714,15,,,,,5554
2012-04-01,201214,8.0,8,8,8,0.19214801,3.0847893,0,2,210530220121419589,2023-08-20,Imperatriz,0.67940164,259337,24.4285714285714,100.0,1,0,1,84.0533467142857,57.2857142857143,27.8610885714286,32.7142857142857,8,,,,,5554
2012-03-25,201213,10.0,10,10,10,0.16350545,3.8559866,0,2,210530220121319589,2023-08-20,Imperatriz,0.6765245,259337,23.8571428571429,100.0,1,0,1,84.5230542857143,49.1428571428571,27.0272102857143,32.1428571428571,9,,,,,5554
2012-03-18,201212,9.0,9,9,9,0.08617769,3.470388,0,2,210530220121219589,2023-08-20,Imperatriz,0.5764768,259337,23.1428571428571,100.0,1,0,1,87.2928165714286,62.5714285714286,26.596157,31.4285714285714,9,,,,,5554
2012-03-11,201211,18.0,18,18,18,0.74231726,6.940776,0,4,210530220121119589,2023-08-20,Imperatriz,1.2542137,259337,23.5714285714286,99.1428571428571,1,0,2,84.9512105714286,57.7142857142857,27.0852118571429,31.8571428571429,16,,,,,5554
2012-03-04,201210,17.0,17,17,17,0.79094976,6.555177,0,4,210530220121019589,2023-08-20,Imperatriz,1.3427926,259337,22.8571428571429,119.571428571429,1,0,2,85.8076914285714,60.5714285714286,26.3628412857143,31.5714285714286,15,,,,,5554
2012-02-26,201209,13.0,13,13,13,0.6047579,5.0127826,0,4,210530220120919589,2023-08-20,Imperatriz,1.110919,259337,23.0,100.0,1,0,2,84.9119787142857,58.0,26.5712015714286,31.8571428571429,11,,,,,5554
2012-02-19,201208,15.0,15,15,15,0.6841985,5.78398,0,2,210530220120819589,2023-08-20,Imperatriz,1.197678,259337,23.2857142857143,100.0,1,0,2,85.687075,53.4285714285714,26.5595238571429,31.8571428571429,13,,,,,5554
2012-02-12,201207,7.0,7,7,7,0.09669992,2.6991906,0,2,210530220120719589,2023-08-20,Imperatriz,0.555907,259337,22.1428571428571,100.0,1,0,1,88.9775471428571,61.2857142857143,25.2395978571429,31.0,6,,,,,5554
2012-02-05,201206,16.0,16,16,16,0.8339273,6.1695786,0,4,210530220120619589,2023-08-20,Imperatriz,1.4481487,259337,23.4285714285714,99.1428571428571,1,0,2,85.108655,60.7142857142857,26.8441038571429,31.8571428571429,15,,,,,5554
2012-01-29,201205,12.0,12,12,12,0.77963006,4.627184,0,4,210530220120519589,2023-08-20,Imperatriz,1.3983489,259337,23.2857142857143,100.0,1,0,2,86.5971007142857,60.2857142857143,26.7718435714286,31.5714285714286,11,,,,,5554
2012-01-22,201204,13.0,13,13,13,0.92462236,5.0127826,0,2,210530220120419589,2023-08-20,Imperatriz,1.912264,259337,23.0,100.0,1,0,2,88.0160005714286,62.1428571428571,26.152927,31.2857142857143,12,,,,,5554
2012-01-15,201203,7.0,7,7,7,0.60932434,2.6991906,0,2,210530220120319589,2023-08-20,Imperatriz,1.1607988,259337,22.7142857142857,99.1428571428571,1,0,1,88.1459934285714,63.4285714285714,25.6042901428571,30.1428571428571,6,,,,,5554
2012-01-08,201202,7.0,7,7,7,0.6590264,2.6991906,0,2,210530220120219589,2023-08-20,Imperatriz,1.2511293,259337,22.8571428571429,100.0,1,0,1,90.7597701428571,67.7142857142857,25.9977514285714,30.5714285714286,7,,,,,5554
2012-01-01,201201,5.0,5,5,5,0.6336684,1.9279933,0,2,210530220120119589,2023-08-20,Imperatriz,1.2432077,259337,23.7142857142857,100.0,1,0,1,88.2155,62.2857142857143,26.5733694285714,31.4285714285714,3,,,,,5554
2011-12-25,201152,7.0,7,7,7,0.9666013,2.6991906,0,1,210530220115219589,2023-08-20,Imperatriz,3.5792112,259337,23.375,100.0,1,1,1,86.263915,60.625,27.14550225,32.75,5,,,,,5554
2011-12-18,201151,5.0,5,5,5,0.94475245,1.9279933,0,1,210530220115119589,2023-08-20,Imperatriz,3.6293185,259337,23.7142857142857,100.0,1,0,1,85.5148942857143,57.0,27.0864288571429,32.4285714285714,5,,,,,5554
2011-12-11,201150,0.0,0,0,0,0.0,0.0,0,1,210530220115019589,2023-08-20,Imperatriz,0.0,259337,24.1428571428571,99.1428571428571,0,0,0,82.1208782857143,53.4285714285714,27.6416358571429,32.8571428571429,0,,,,,5554
2011-12-04,201149,1.0,1,1,1,0.16187567,0.38559866,0,2,210530220114919589,2023-08-20,Imperatriz,0.38065627,259337,23.7142857142857,99.1428571428571,1,0,0,80.0813482857143,46.4285714285714,28.1506987142857,34.2857142857143,1,,,,,5554
2011-11-27,201148,2.0,2,2,2,0.5001199,0.7711973,0,2,210530220114819589,2023-08-20,Imperatriz,1.0002707,259337,23.8571428571429,100.0,1,0,0,83.2559744285714,47.5714285714286,27.5100067142857,33.1428571428571,1,,,,,5554
2011-11-20,201147,4.0,4,4,4,0.89353734,1.5423946,0,1,210530220114719589,2023-08-20,Imperatriz,2.8575203,259337,23.7142857142857,100.0,1,0,0,85.138113,46.1428571428571,27.2631175714286,32.4285714285714,4,,,,,5554
2011-11-13,201146,2.0,2,2,2,0.5284095,0.7711973,0,1,210530220114619589,2023-08-20,Imperatriz,1.067149,259337,23.5714285714286,100.0,1,0,0,84.8205935714286,54.7142857142857,26.9947672857143,32.5714285714286,2,,,,,5554
2011-11-06,201145,0.0,0,0,0,0.0,0.0,0,1,210530220114519589,2023-08-20,Imperatriz,0.0,259337,23.2857142857143,99.1428571428571,0,0,0,82.8249415714286,50.4285714285714,27.0902762857143,32.2857142857143,0,,,,,5554
2011-10-30,201144,2.0,2,2,2,0.68515944,0.7711973,0,1,210530220114419589,2023-08-20,Imperatriz,1.6094364,259337,22.8571428571429,100.0,1,0,0,83.4759135714286,56.7142857142857,26.7825641428571,32.2857142857143,2,,,,,5554
2011-10-23,201143,4.0,4,4,4,0.9366017,1.5423946,0,1,210530220114319589,2023-08-20,Imperatriz,3.9636824,259337,23.4285714285714,98.4285714285714,1,0,0,74.6335454285714,43.4285714285714,28.2937075714286,34.2857142857143,4,,,,,5554
2011-10-16,201142,0.0,0,0,0,0.0,0.0,0,1,210530220114219589,2023-08-20,Imperatriz,0.0,259337,23.5714285714286,98.4285714285714,0,0,0,81.4614978571429,54.0,27.0183552857143,32.5714285714286,0,,,,,5554
2011-10-09,201141,0.0,0,0,0,0.0,0.0,0,1,210530220114119589,2023-08-20,Imperatriz,0.0,259337,24.8571428571429,93.1428571428571,0,0,0,72.010785,42.8571428571429,29.2407407142857,34.8571428571429,0,,,,,5554
2011-10-02,201140,3.0,3,3,3,0.76428765,1.156796,0,1,210530220114019589,2023-08-20,Imperatriz,1.8687657,259337,25.2857142857143,95.8571428571429,1,0,0,74.0864587142857,42.8571428571429,29.6624337142857,35.0,3,,,,,5554
2011-09-25,201139,1.0,1,1,1,0.55923975,0.38559866,0,1,210530220113919589,2023-08-20,Imperatriz,1.1926609,259337,26.8571428571429,94.1428571428571,0,0,0,67.7342288571429,30.1428571428571,31.9338624285714,38.0,0,,,,,5554
2011-09-18,201138,3.0,3,3,3,0.9549129,1.156796,0,1,210530220113819589,2023-08-20,Imperatriz,6.4864826,259337,22.5714285714286,91.0,0,0,0,59.8132214285714,26.7142857142857,30.0474481428571,37.7142857142857,3,,,,,5554
2011-09-11,201137,0.0,0,0,0,0.0,0.0,0,1,210530220113719589,2023-08-20,Imperatriz,0.0,259337,24.0,93.4285714285714,0,0,0,65.9110708571429,31.1428571428571,29.6625965714286,36.1428571428571,0,,,,,5554
2011-09-04,201136,0.0,0,0,0,0.0,0.0,0,1,210530220113619589,2023-08-20,Imperatriz,0.0,259337,24.4285714285714,91.2857142857143,0,0,0,66.629705,33.7142857142857,29.4227752857143,35.4285714285714,0,,,,,5554
2011-08-28,201135,1.0,1,1,1,0.51906693,0.38559866,0,1,210530220113519589,2023-08-20,Imperatriz,1.0570741,259337,23.2857142857143,95.0,0,0,0,69.7641428571429,33.7142857142857,28.6524215714286,35.2857142857143,0,,,,,5554
2011-08-21,201134,1.0,1,1,1,0.5696377,0.38559866,0,2,210530220113419589,2023-08-20,Imperatriz,1.2317039,259337,23.1428571428571,95.7142857142857,1,0,0,67.0270675714286,32.0,29.2242574285714,36.1428571428571,1,,,,,5554
2011-08-14,201133,1.0,1,1,1,0.5387482,0.38559866,0,1,210530220113319589,2023-08-20,Imperatriz,1.1206781,259337,21.8571428571429,96.5714285714286,1,0,0,67.0923082857143,28.7142857142857,28.2608055714286,36.0,1,,,,,5554
2011-08-07,201132,1.0,1,1,1,0.3816156,0.38559866,0,1,210530220113219589,2023-08-20,Imperatriz,0.71952385,259337,21.7142857142857,95.8571428571429,1,0,0,71.310543,36.2857142857143,27.7470487142857,34.8571428571429,1,,,,,5554
2011-07-31,201131,0.0,0,0,0,0.0,0.0,0,1,210530220113119589,2023-08-20,Imperatriz,0.0,259337,21.8571428571429,100.0,0,0,0,75.1028878571429,41.2857142857143,27.5235652857143,34.4285714285714,0,,,,,5554
2011-07-24,201130,2.0,2,2,2,0.7524286,0.7711973,0,2,210530220113019589,2023-08-20,Imperatriz,2.0181584,259337,19.5714285714286,99.1428571428571,1,0,0,64.9153427142857,24.7142857142857,27.2965367142857,35.7142857142857,2,,,,,5554
2011-07-17,201129,2.0,2,2,2,0.92073566,0.7711973,0,1,210530220112919589,2023-08-20,Imperatriz,5.6392097,259337,20.2857142857143,100.0,1,0,0,71.363045,31.0,27.3931624285714,36.2857142857143,2,,,,,5554
2011-07-10,201128,1.0,1,1,1,0.92177224,0.38559866,0,1,210530220112819589,2023-08-20,Imperatriz,8.509351,259337,21.8571428571429,100.0,1,0,0,78.557077,38.8571428571429,26.9602691428571,34.0,1,,,,,5554
2011-07-03,201127,0.0,0,0,0,0.0,0.0,0,1,210530220112719589,2023-08-20,Imperatriz,0.0,259337,22.4285714285714,99.1428571428571,0,0,0,79.614365,41.5714285714286,27.3329262857143,34.4285714285714,0,,,,,5554
2011-06-26,201126,0.0,0,0,0,0.0,0.0,0,1,210530220112619589,2023-08-20,Imperatriz,0.0,259337,23.1428571428571,100.0,0,0,0,79.6825392857143,40.0,27.9470901428571,35.1428571428571,0,,,,,5554
2011-06-19,201125,0.0,0,0,0,0.0,0.0,0,1,210530220112519589,2023-08-20,Imperatriz,0.0,259337,24.5714285714286,100.0,0,0,0,83.3080355714286,50.7142857142857,29.1292991428571,36.4285714285714,0,,,,,5554
2011-06-12,201124,1.0,1,1,1,0.1042918,0.38559866,0,2,210530220112419589,2023-08-20,Imperatriz,0.30662596,259337,24.5714285714286,99.1428571428571,1,0,0,75.4666257142857,40.1428571428571,30.1534392857143,37.5714285714286,1,,,,,5554
2011-06-05,201123,2.0,2,2,2,0.24551964,0.7711973,0,2,210530220112319589,2023-08-20,Imperatriz,0.57465315,259337,23.0,100.0,1,0,0,76.3411877142857,44.7142857142857,28.483134,35.0,2,,,,,5554
2011-05-29,201122,5.0,5,5,5,0.53601044,1.9279933,0,2,210530220112219589,2023-08-20,Imperatriz,1.0570855,259337,23.0,100.0,1,0,1,79.1959714285714,42.2857142857143,28.4167684285714,35.1428571428571,5,,,,,5554
2011-05-22,201121,2.0,2,2,2,0.017489638,0.7711973,0,2,210530220112119589,2023-08-20,Imperatriz,0.24432404,259337,24.2857142857143,100.0,1,0,0,81.8391342857143,46.4285714285714,29.0582855714286,35.2857142857143,2,,,,,5554
2011-05-15,201120,4.0,4,4,4,0.012872621,1.5423946,0,2,210530220112019589,2023-08-20,Imperatriz,0.31688654,259337,24.0,100.0,1,0,0,87.6126115714286,56.0,27.0320448571429,32.2857142857143,4,,,,,5554
2011-05-08,201119,6.0,6,6,6,0.011184851,2.313592,0,2,210530220111919589,2023-08-20,Imperatriz,0.36618876,259337,24.2857142857143,100.0,1,0,1,84.4308914285714,49.8571428571429,27.8174081428571,33.7142857142857,6,,,,,5554
2011-05-01,201118,16.0,16,16,16,0.16696206,6.1695786,0,4,210530220111819589,2023-08-20,Imperatriz,0.7316527,259337,24.4285714285714,100.0,1,0,2,87.8942707142857,57.8571428571429,27.287646,32.7142857142857,15,,,,,5554
2011-04-24,201117,14.0,14,14,14,0.012691497,5.398381,0,4,210530220111719589,2023-08-20,Imperatriz,0.4957715,259337,23.1428571428571,100.0,1,0,2,87.8692085714286,58.0,26.4962644285714,32.1428571428571,14,,,,,5554
2011-04-17,201116,19.0,19,19,19,0.012739423,7.3263745,0,4,210530220111619589,2023-08-20,Imperatriz,0.53991383,259337,23.0,100.0,1,0,2,89.9139258571429,60.4285714285714,26.3179031428571,31.0,19,,,,,5554
2011-04-10,201115,35.0,35,35,35,0.05559073,13.495954,0,4,210530220111519589,2023-08-20,Imperatriz,0.70654726,259337,23.4285714285714,100.0,1,0,2,88.4179255714286,55.2857142857143,26.606494,32.1428571428571,30,,,,,5554
2011-04-03,201114,25.0,25,25,25,2.6914229e-06,9.639967,0,4,210530220111419589,2023-08-20,Imperatriz,0.3688255,259337,23.4285714285714,100.0,1,0,2,91.2519064285714,64.8571428571429,26.2876024285714,31.2857142857143,25,,,,,5554
2011-03-27,201113,47.0,47,47,47,0.002964081,18.123137,0,4,210530220111319589,2023-08-20,Imperatriz,0.60695624,259337,23.8571428571429,100.0,1,0,2,88.6771942857143,58.0,26.8104738571429,32.0,47,,,,,5554
2011-03-20,201112,73.0,73,73,73,0.4390572,28.148703,0,4,210530220111219589,2023-08-20,Imperatriz,0.9751596,259337,23.5714285714286,100.0,1,0,2,85.6752864285714,57.5714285714286,27.1299782857143,32.1428571428571,73,,,,,5554
2011-03-13,201111,90.0,90,90,90,0.95645475,34.70388,0,4,210530220111119589,2023-08-20,Imperatriz,1.312978,259337,23.4285714285714,100.0,1,1,2,86.0028894285714,56.4285714285714,26.7100935714286,31.5714285714286,85,,,,,5554
2011-03-06,201110,71.0,71,71,71,0.7392303,27.377504,0,4,210530220111019589,2023-08-20,Imperatriz,1.1165487,259337,23.1428571428571,100.0,1,0,2,89.5854757142857,66.1428571428571,26.1571592857143,30.5714285714286,68,,,,,5554
2011-02-27,201109,72.0,72,72,72,0.88258106,27.763103,0,4,210530220110919589,2023-08-20,Imperatriz,1.2310808,259337,23.1428571428571,100.0,1,0,2,88.9308485714286,63.1428571428571,25.6542727142857,30.0,69,,,,,5554
2011-02-20,201108,57.0,57,57,57,0.85399306,21.979124,0,4,210530220110819589,2023-08-20,Imperatriz,1.2300102,259337,23.2857142857143,100.0,1,0,2,89.0679685714286,60.8571428571429,26.2564305714286,31.1428571428571,54,,,,,5554
2011-02-13,201107,70.0,70,70,70,0.9999449,26.991907,0,4,210530220110719589,2023-08-20,Imperatriz,2.211108,259337,23.5714285714286,100.0,1,1,2,87.9152401428571,59.0,26.3242625714286,32.4285714285714,69,,,,,5554
2011-02-06,201106,47.0,47,47,47,0.999255,18.123137,0,4,210530220110619589,2023-08-20,Imperatriz,2.2119095,259337,22.7142857142857,99.1428571428571,1,1,2,85.13152,58.0,26.3986424285714,31.8571428571429,48,,,,,5554
2011-01-30,201105,26.0,26,26,26,0.93929756,10.025565,0,4,210530220110519589,2023-08-20,Imperatriz,1.6150929,259337,23.1428571428571,100.0,1,0,2,88.2337771428571,60.1428571428571,26.5428221428571,32.1428571428571,29,,,,,5554
2011-01-23,201104,23.0,23,23,23,0.86082304,8.86877,0,2,210530220110419589,2023-08-20,Imperatriz,1.4115705,259337,22.8571428571429,99.1428571428571,1,0,2,89.5038062857143,63.8571428571429,26.0028911428571,31.0,22,,,,,5554
2011-01-16,201103,9.0,9,9,9,0.07304489,3.470388,0,2,210530220110319589,2023-08-20,Imperatriz,0.55864555,259337,23.5714285714286,98.2857142857143,1,0,1,86.4497737142857,57.7142857142857,26.5836165714286,32.0,7,,,,,5554
2011-01-09,201102,18.0,18,18,18,0.88533294,6.940776,0,4,210530220110219589,2023-08-20,Imperatriz,1.5542548,259337,23.2857142857143,100.0,1,0,2,85.8412718571429,55.8571428571429,27.1162192857143,32.2857142857143,17,,,,,5554
2011-01-02,201101,21.0,21,21,21,0.9984302,8.097572,0,3,210530220110119589,2023-08-20,Imperatriz,3.3589172,259337,22.5714285714286,98.2857142857143,1,1,2,86.7789242857143,65.1428571428571,26.1445521428571,31.4285714285714,20,,,,,5554
2010-12-26,201052,11.0,11,11,11,0.9801268,4.2415853,0,2,210530220105219589,2023-08-20,Imperatriz,3.0762641,259337,24.1428571428571,100.0,1,1,1,87.1120105714286,64.5714285714286,26.7834197142857,31.4285714285714,11,,,,,5554
2010-12-19,201051,4.0,4,4,4,0.60614187,1.5423946,0,2,210530220105119589,2023-08-20,Imperatriz,1.207317,259337,24.2857142857143,99.2857142857143,1,0,0,84.4762535714286,56.2857142857143,28.3112897142857,34.2857142857143,4,,,,,5554
2010-12-12,201050,3.0,3,3,3,0.38738075,1.156796,0,2,210530220105019589,2023-08-20,Imperatriz,0.8120213,259337,24.4285714285714,100.0,1,0,0,89.011428,62.0,27.381975,33.0,3,,,,,5554
2010-12-05,201049,2.0,2,2,2,0.2834362,0.7711973,0,2,210530220104919589,2023-08-20,Imperatriz,0.62569946,259337,24.8571428571429,98.2857142857143,1,0,0,84.8143985714286,59.7142857142857,28.2661115714286,33.7142857142857,2,,,,,5554
2010-11-28,201048,6.0,6,6,6,0.8959125,2.313592,0,2,210530220104819589,2023-08-20,Imperatriz,2.3470984,259337,25.1428571428571,100.0,1,0,1,83.2349744285714,54.1428571428571,28.7729197142857,34.0,5,,,,,5554
2010-11-21,201047,2.0,2,2,2,0.48913133,0.7711973,0,2,210530220104719589,2023-08-20,Imperatriz,0.97588474,259337,24.5714285714286,100.0,1,0,0,80.7862822857143,50.4285714285714,28.9718444285714,34.4285714285714,2,,,,,5554
2010-11-14,201046,3.0,3,3,3,0.69798905,1.156796,0,2,210530220104619589,2023-08-20,Imperatriz,1.5413823,259337,24.1428571428571,99.1428571428571,1,0,0,80.7364514285714,52.1428571428571,28.0918368571429,33.1428571428571,4,,,,,5554
2010-11-07,201045,2.0,2,2,2,0.40843442,0.7711973,0,2,210530220104519589,2023-08-20,Imperatriz,0.81848806,259337,25.0,100.0,1,0,0,82.225812,50.0,28.6360545714286,34.0,2,,,,,5554
2010-10-31,201044,1.0,1,1,1,0.14252028,0.38559866,0,2,210530220104419589,2023-08-20,Imperatriz,0.35577554,259337,25.5714285714286,99.1428571428571,1,0,0,76.3238857142857,42.1428571428571,29.9661747142857,35.4285714285714,1,,,,,5554
2010-10-24,201043,3.0,3,3,3,0.5773122,1.156796,0,1,210530220104319589,2023-08-20,Imperatriz,1.165793,259337,24.5714285714286,96.7142857142857,1,0,0,77.7620742857143,49.5714285714286,29.0882057142857,35.0,3,,,,,5554
2010-10-17,201042,3.0,3,3,3,0.73650134,1.156796,0,1,210530220104219589,2023-08-20,Imperatriz,1.7153689,259337,24.5714285714286,96.0,1,0,0,78.2255412857143,46.8571428571429,28.5347015714286,34.4285714285714,3,,,,,5554
2010-10-10,201041,3.0,3,3,3,0.8741545,1.156796,0,1,210530220104119589,2023-08-20,Imperatriz,2.9850795,259337,24.8571428571429,95.0,0,0,0,72.505525,41.7142857142857,29.6200378571429,35.7142857142857,3,,,,,5554
2010-10-03,201040,2.0,2,2,2,0.7210346,0.7711973,0,1,210530220104019589,2023-08-20,Imperatriz,1.8055222,259337,25.1428571428571,95.8571428571429,1,0,0,72.6614355714286,41.8571428571429,29.9680255714286,36.0,2,,,,,5554
2010-09-26,201039,0.0,0,0,0,0.0,0.0,0,1,210530220103919589,2023-08-20,Imperatriz,0.0,259337,25.0,93.5714285714286,0,0,0,68.8906254285714,36.4285714285714,29.9830771428571,36.4285714285714,0,,,,,5554
2010-09-19,201038,1.0,1,1,1,0.28237337,0.38559866,0,1,210530220103819589,2023-08-20,Imperatriz,0.5481482,259337,24.5714285714286,92.7142857142857,0,0,0,66.1134697142857,31.5714285714286,30.0744025714286,36.7142857142857,1,,,,,5554
2010-09-12,201037,2.0,2,2,2,0.6318372,0.7711973,0,1,210530220103719589,2023-08-20,Imperatriz,1.380994,259337,24.7142857142857,94.1428571428571,0,0,0,66.6246014285714,30.1428571428571,30.2251875714286,36.8571428571429,2,,,,,5554
2010-09-05,201036,2.0,2,2,2,0.78027785,0.7711973,0,1,210530220103619589,2023-08-20,Imperatriz,2.2521968,259337,24.1428571428571,93.5714285714286,0,0,0,66.5413824285714,30.5714285714286,29.878118,36.8571428571429,2,,,,,5554
2010-08-29,201035,2.0,2,2,2,0.8166114,0.7711973,0,1,210530220103519589,2023-08-20,Imperatriz,2.6539474,259337,23.5714285714286,94.1428571428571,0,0,0,65.796674,29.7142857142857,29.6037411428571,36.4285714285714,2,,,,,5554
2010-08-22,201034,0.0,0,0,0,0.0,0.0,0,1,210530220103419589,2023-08-20,Imperatriz,0.0,259337,23.4285714285714,97.4285714285714,0,0,0,68.8201044285714,31.7142857142857,29.5661372857143,36.2857142857143,0,,,,,5554
2010-08-15,201033,1.0,1,1,1,0.639027,0.38559866,0,1,210530220103319589,2023-08-20,Imperatriz,1.547865,259337,21.8571428571429,97.4285714285714,1,0,0,71.7506684285714,32.7142857142857,27.8778272857143,36.2857142857143,0,,,,,5554
2010-08-08,201032,1.0,1,1,1,0.5206634,0.38559866,0,1,210530220103219589,2023-08-20,Imperatriz,1.0620478,259337,21.1428571428571,94.0,0,0,0,59.4761035714286,24.2857142857143,28.9326122857143,38.5714285714286,1,,,,,5554
2010-08-01,201031,0.0,0,0,0,0.0,0.0,0,1,210530220103119589,2023-08-20,Imperatriz,0.0,259337,21.8571428571429,90.1428571428571,0,0,0,58.3380565714286,27.7142857142857,29.5145502857143,37.5714285714286,0,,,,,5554
2010-07-25,201030,1.0,1,1,1,0.5369452,0.38559866,0,1,210530220103019589,2023-08-20,Imperatriz,1.1146368,259337,23.0,89.4285714285714,0,0,0,57.9628877142857,24.0,30.1526018571429,37.1428571428571,1,,,,,5554
2010-07-18,201029,2.0,2,2,2,0.7197761,0.7711973,0,1,210530220102919589,2023-08-20,Imperatriz,1.7978921,259337,23.5714285714286,99.1428571428571,1,0,0,70.8340691428571,34.7142857142857,29.1003822857143,35.8571428571429,2,,,,,5554
2010-07-11,201028,0.0,0,0,0,0.0,0.0,0,1,210530220102819589,2023-08-20,Imperatriz,0.0,259337,23.7142857142857,97.4285714285714,0,0,0,71.945708,36.4285714285714,29.6928007142857,36.1428571428571,0,,,,,5554
2010-07-04,201027,1.0,1,1,1,0.22083148,0.38559866,0,1,210530220102719589,2023-08-20,Imperatriz,0.45892987,259337,22.5714285714286,94.2857142857143,0,0,0,65.457882,34.4285714285714,29.3530317142857,35.5714285714286,1,,,,,5554
2010-06-27,201026,2.0,2,2,2,0.41788968,0.7711973,0,2,210530220102619589,2023-08-20,Imperatriz,0.83524483,259337,21.5714285714286,100.0,1,0,0,71.8518505714286,32.8571428571429,27.5502647142857,34.7142857142857,2,,,,,5554
2010-06-20,201025,2.0,2,2,2,0.43745187,0.7711973,0,2,210530220102519589,2023-08-20,Imperatriz,0.8711957,259337,22.2857142857143,100.0,1,0,0,77.8823285714286,38.0,27.5989417142857,34.4285714285714,2,,,,,5554
2010-06-13,201024,3.0,3,3,3,0.6109884,1.156796,0,2,210530220102419589,2023-08-20,Imperatriz,1.2524955,259337,23.1428571428571,98.2857142857143,1,0,0,75.1845742857143,38.5714285714286,28.2872262857143,34.7142857142857,3,,,,,5554
2010-06-06,201023,2.0,2,2,2,0.3302075,0.7711973,0,2,210530220102319589,2023-08-20,Imperatriz,0.692589,259337,23.5714285714286,100.0,1,0,0,81.2542785714286,45.8571428571429,28.0059504285714,34.2857142857143,1,,,,,5554
2010-05-30,201022,2.0,2,2,2,0.28081226,0.7711973,0,2,210530220102219589,2023-08-20,Imperatriz,0.6220868,259337,24.0,100.0,1,0,0,83.8620974285714,50.4285714285714,27.8439318571429,33.8571428571429,1,,,,,5554
2010-05-23,201021,3.0,3,3,3,0.41256484,1.156796,0,2,210530220102119589,2023-08-20,Imperatriz,0.850107,259337,24.4285714285714,100.0,1,0,0,80.9841264285714,44.2857142857143,28.8412695714286,35.0,3,,,,,5554
2010-05-16,201020,4.0,4,4,4,0.42091256,1.5423946,0,2,210530220102019589,2023-08-20,Imperatriz,0.87806165,259337,24.4285714285714,100.0,1,0,0,83.0315564285714,45.0,28.5030232857143,34.5714285714286,4,,,,,5554
2010-05-09,201019,2.0,2,2,2,0.11474404,0.7711973,0,2,210530220101919589,2023-08-20,Imperatriz,0.40710202,259337,24.0,100.0,1,0,0,86.1779048571429,51.7142857142857,27.8193578571429,33.5714285714286,2,,,,,5554
2010-05-02,201018,5.0,5,5,5,0.68097365,1.9279933,0,2,210530220101819589,2023-08-20,Imperatriz,1.3577873,259337,24.1428571428571,100.0,1,0,1,85.6805722857143,54.1428571428571,27.7521388571429,33.4285714285714,4,,,,,5554
2010-04-25,201017,7.0,7,7,7,0.91965014,2.6991906,0,2,210530220101719589,2023-08-20,Imperatriz,2.4489505,259337,24.5714285714286,100.0,1,0,1,85.6466357142857,49.1428571428571,28.1099772857143,33.7142857142857,7,,,,,5554
2010-04-18,201016,3.0,3,3,3,0.43439916,1.156796,0,2,210530220101619589,2023-08-20,Imperatriz,0.8847401,259337,25.0,100.0,1,0,0,86.7622128571429,51.5714285714286,28.106943,33.7142857142857,3,,,,,5554
2010-04-11,201015,1.0,1,1,1,0.032385122,0.38559866,0,2,210530220101519589,2023-08-20,Imperatriz,0.20208041,259337,24.4285714285714,100.0,1,0,0,89.373175,54.4285714285714,27.2358554285714,31.5714285714286,1,,,,,5554
2010-04-04,201014,5.0,5,5,5,0.16073482,1.9279933,0,2,210530220101419589,2023-08-20,Imperatriz,0.5875765,259337,24.5714285714286,100.0,1,0,1,88.5054942857143,62.0,27.5073062857143,32.2857142857143,4,,,,,5554
2010-03-28,201013,2.0,2,2,2,0.002416173,0.7711973,0,2,210530220101319589,2023-08-20,Imperatriz,0.17479913,259337,24.2857142857143,100.0,1,0,0,91.1405885714286,66.4285714285714,26.8699922857143,31.7142857142857,1,,,,,5554
2010-03-21,201012,8.0,8,8,8,0.18324368,3.0847893,0,2,210530220101219589,2023-08-20,Imperatriz,0.67035323,259337,23.4285714285714,100.0,1,0,1,90.032388,64.1428571428571,26.519944,31.4285714285714,8,,,,,5554
2010-03-14,201011,17.0,17,17,17,0.8044141,6.555177,0,2,210530220101119589,2023-08-20,Imperatriz,1.3683052,259337,23.8571428571429,100.0,1,0,2,85.190475,56.4285714285714,27.4674252857143,32.8571428571429,15,,,,,5554
2010-03-07,201010,7.0,7,7,7,0.17574482,2.6991906,0,2,210530220101019589,2023-08-20,Imperatriz,0.6466025,259337,24.7142857142857,100.0,1,0,1,85.0352057142857,57.5714285714286,28.399878,33.4285714285714,7,,,,,5554
2010-02-28,201009,16.0,16,16,16,0.9743346,6.1695786,0,4,210530220100919589,2023-08-20,Imperatriz,2.2973337,259337,24.8571428571429,100.0,1,1,2,84.4200228571429,54.5714285714286,28.2488804285714,33.0,16,,,,,5554
2010-02-21,201008,13.0,13,13,13,0.9858252,5.0127826,0,2,210530220100819589,2023-08-20,Imperatriz,3.009769,259337,24.0,100.0,1,1,2,90.90155,66.0,26.5883481428571,32.0,11,,,,,5554
2010-02-14,201007,5.0,5,5,5,0.6517473,1.9279933,0,2,210530220100719589,2023-08-20,Imperatriz,1.2845781,259337,24.1428571428571,100.0,1,0,1,84.2722842857143,51.1428571428571,27.9645905714286,33.5714285714286,5,,,,,5554
2010-02-07,201006,3.0,3,3,3,0.3063533,1.156796,0,2,210530220100619589,2023-08-20,Imperatriz,0.70004624,259337,23.2857142857143,100.0,1,0,0,89.9894192857143,67.7142857142857,26.2010582857143,30.4285714285714,2,,,,,5554
2010-01-31,201005,4.0,4,4,4,0.0,1.5423946,0,2,210530220100519589,2023-08-20,Imperatriz,0.0,259337,23.7142857142857,100.0,1,0,0,85.0311328571429,53.7142857142857,28.1023607142857,33.7142857142857,4,,,,,5554
2010-01-24,201004,4.0,4,4,4,0.0,1.5423946,0,2,210530220100419589,2023-08-20,Imperatriz,0.0,259337,23.8571428571429,99.1428571428571,1,0,0,87.5712285714286,61.4285714285714,26.685185,31.5714285714286,2,,,,,5554
2010-01-17,201003,6.0,6,6,6,0.0,2.313592,0,1,210530220100319589,2023-08-20,Imperatriz,0.0,259337,24.2857142857143,100.0,1,0,1,82.6955494285714,52.8571428571429,27.8810102857143,33.2857142857143,6,,,,,5554
2010-01-10,201002,2.0,2,2,2,0.0,0.7711973,0,1,210530220100219589,2023-08-20,Imperatriz,0.0,259337,23.4285714285714,100.0,1,0,0,83.8125464285714,52.8571428571429,27.3331445714286,32.5714285714286,2,,,,,5554
2010-01-03,201001,0.0,0,0,0,0.0,0.0,0,1,210530220100119589,2023-08-20,Imperatriz,0.0,259337,23.7142857142857,100.0,0,0,0,86.7195757142857,62.5714285714286,26.8359788571429,31.1428571428571,0,,,,,5554
