data_iniSE,SE,casos_est,casos_est_min,casos_est_max,casos,p_rt1,p_inc100k,Localidade_id,nivel,id,versao_modelo,municipio_nome,Rt,pop,tempmin,umidmax,receptivo,transmissao,nivel_inc,umidmed,umidmin,tempmed,tempmax,casprov,casprov_est,casprov_est_min,casprov_est_max,casconf,notif_accum_year
2026-09-13,202637,1.0,1,1,1,0.08139475,0.66861904,0,1,330452420263720719,2026-09-23,Rio das Ostras,0.2763255,149562,19.519125,93.682975,0,0,0,87.6196,77.5276,20.592925,22.340375,1,,,,,25234
2026-09-06,202636,0.0,0,0,0,0.0,0.0,0,1,330452420263620719,2026-09-23,Rio das Ostras,0.0,149562,19.1965714285714,94.2546285714286,0,0,0,87.4939571428571,76.5252714285714,21.2477142857143,23.5638,0,,,,,25234
2026-08-30,202635,3.0,3,3,3,0.046462808,2.005857,0,1,330452420263520719,2026-09-23,Rio das Ostras,0.36055088,149562,19.9238714285714,92.5863571428571,0,0,0,79.1891142857143,61.9879,23.1410285714286,27.2241857142857,3,,,,,25234
2026-08-23,202634,8.0,8,8,8,0.347595,5.3489523,0,1,330452420263420719,2026-09-23,Rio das Ostras,0.8329783,149562,18.8326142857143,93.1798571428571,0,0,1,85.4533,73.7849142857143,20.9834714285714,23.7956142857143,1,,,,,25234
2026-08-16,202633,7.0,7,7,7,0.2710876,4.680333,0,1,330452420263320719,2026-09-23,Rio das Ostras,0.74456847,149562,18.5462571428571,90.2924,0,0,1,75.4783,54.5554714285714,22.0584571428571,26.5490857142857,1,,,,,25234
2026-08-09,202632,12.0,12,12,12,0.8048102,8.023428,0,1,330452420263220719,2026-09-23,Rio das Ostras,1.4584095,149562,19.4492714285714,91.3412285714286,0,0,1,82.1253285714286,64.1912428571429,21.7071857142857,25.2927142857143,2,,,,,25234
2026-08-02,202631,9.0,9,9,9,0.69944423,6.0175714,0,1,330452420263120719,2026-09-23,Rio das Ostras,1.2916058,149562,18.9040428571429,90.6864428571429,0,0,1,72.0958571428571,45.2981857142857,23.3233285714286,29.1017,1,,,,,25234
2026-07-26,202630,9.0,9,9,9,0.7336587,6.0175714,0,1,330452420263020719,2026-09-23,Rio das Ostras,1.3624219,149562,17.8880285714286,91.8952285714286,0,0,1,76.1009142857143,53.2132428571429,21.5684428571429,26.2017285714286,3,,,,,25234
2026-07-19,202629,6.0,6,6,6,0.42721993,4.011714,0,1,330452420262920719,2026-09-23,Rio das Ostras,0.90490264,149562,18.2795428571429,93.0518,0,0,1,77.4303857142857,54.6539142857143,21.9053857142857,26.3750285714286,0,,,,,25234
2026-07-12,202628,6.0,6,6,6,0.5003146,4.011714,0,1,330452420262820719,2026-09-23,Rio das Ostras,1.0004398,149562,16.7828857142857,85.4770428571429,0,0,1,70.0043571428571,49.7118571428571,19.9808857142857,23.9975285714286,0,,,,,25234
2026-07-05,202627,8.0,8,8,8,0.7012464,5.3489523,0,1,330452420262720719,2026-09-23,Rio das Ostras,1.315722,149562,16.8431142857143,92.4468714285714,0,0,1,80.6468142857143,62.1104571428571,19.6967428571429,23.5736857142857,0,,,,,25234
2026-06-28,202626,6.0,6,6,6,0.33542886,4.011714,0,1,330452420262620719,2026-09-23,Rio das Ostras,0.7986551,149562,18.4069857142857,95.6773285714286,0,0,1,80.9501714285714,58.4315571428571,22.2909571428571,26.9423,1,,,,,25234
2026-06-21,202625,3.0,3,3,3,0.030285232,2.005857,0,1,330452420262520719,2026-09-23,Rio das Ostras,0.3279523,149562,18.1190142857143,94.0014714285714,0,0,0,84.5518857142857,67.8718428571429,20.8781,24.7413857142857,0,,,,,25234
2026-06-14,202624,11.0,11,11,11,0.4665418,7.3548093,0,1,330452420262420719,2026-09-23,Rio das Ostras,0.9657643,149562,17.5924714285714,93.1462428571429,0,0,1,83.2528714285714,67.5560285714286,20.0520428571429,23.1391857142857,1,,,,,25234
2026-06-07,202623,5.0,5,5,5,0.028387124,3.343095,0,1,330452420262320719,2026-09-23,Rio das Ostras,0.39440843,149562,15.8965,96.5133142857143,0,0,1,82.0492857142857,55.8965285714286,20.2557,25.7011,1,,,,,25234
2026-05-31,202622,15.0,15,15,15,0.515922,10.029285,0,1,330452420262220719,2026-09-23,Rio das Ostras,1.0145304,149562,17.5516285714286,93.8772714285714,0,0,1,82.8894142857143,67.9574142857143,19.8792857142857,22.6030571428571,0,,,,,25234
2026-05-24,202621,12.0,12,12,12,0.1227309,8.023428,0,1,330452420262120719,2026-09-23,Rio das Ostras,0.6564881,149562,18.9439571428571,92.515,0,0,1,81.2903571428571,66.4106428571429,21.5026142857143,24.3821428571429,0,,,,,25234
2026-05-17,202620,11.0,11,11,11,0.048925,7.3548093,0,1,330452420262020719,2026-09-23,Rio das Ostras,0.54924244,149562,20.4185142857143,92.6449285714286,0,0,1,85.5875,74.5880714285714,22.0492,24.3755,1,,,,,25234
2026-05-10,202619,23.0,23,23,23,0.63839555,15.378238,0,1,330452420261920719,2026-09-23,Rio das Ostras,1.1120769,149562,19.3564142857143,90.9859857142857,0,0,1,81.5080857142857,66.7416857142857,22.0471428571429,25.4486714285714,0,,,,,25234
2026-05-03,202618,19.0,19,19,19,0.49373472,12.703762,0,1,330452420261820719,2026-09-23,Rio das Ostras,0.994979,149562,21.0269142857143,89.3045714285714,0,0,1,76.7050714285714,59.4558857142857,24.0505857142857,27.5270142857143,5,,,,,25234
2026-04-26,202617,20.0,20,20,20,0.8582017,13.37238,0,1,330452420261720719,2026-09-23,Rio das Ostras,1.4434718,149562,21.8882571428571,95.0992428571429,0,0,1,80.5748,57.4160714285714,25.4131,30.0802857142857,3,,,,,25234
2026-04-19,202616,26.0,26,26,26,0.9939538,17.384094,0,1,330452420261620719,2026-09-23,Rio das Ostras,2.3405693,149562,19.9312571428571,93.1173571428571,0,1,1,79.5354142857143,60.0988142857143,23.2045285714286,27.0752714285714,1,,,,,25234
2026-04-12,202615,10.0,10,10,10,0.14151531,6.68619,0,1,330452420261520719,2026-09-23,Rio das Ostras,0.65406543,149562,20.0274285714286,94.2629,0,0,1,82.3866,66.3767571428571,23.1087285714286,26.4229428571429,1,,,,,25234
2026-04-05,202614,7.0,7,7,7,0.0001714624,4.680333,0,1,330452420261420719,2026-09-23,Rio das Ostras,0.26034138,149562,22.5866857142857,92.3070142857143,1,0,1,82.1908142857143,66.6736571428571,25.1204285714286,28.1947428571429,3,,,,,25234
2026-03-29,202613,13.0,13,13,13,1.4242799e-05,8.692047,0,1,330452420261320719,2026-09-23,Rio das Ostras,0.30005935,149562,22.3517714285714,94.9471142857143,1,0,1,81.9038571428571,64.9424142857143,25.4227428571429,28.9768,2,,,,,25234
2026-03-22,202612,21.0,21,21,21,6.3853506e-05,14.040999,0,4,330452420261220719,2026-09-23,Rio das Ostras,0.39423078,149562,21.3660285714286,96.0341142857143,0,0,1,83.2355,67.1770857142857,24.6472571428571,27.9879428571429,4,,,,,25234
2026-03-15,202611,46.0,46,46,46,0.4690857,30.756475,0,4,330452420261120719,2026-09-23,Rio das Ostras,0.9840908,149562,20.9220571428571,97.4283,0,0,2,84.6925714285714,66.2252142857143,24.0008,27.8064857142857,3,,,,,25234
2026-03-08,202610,67.0,67,67,67,0.999928,44.797474,0,3,330452420261020719,2026-09-23,Rio das Ostras,2.220993,149562,22.7625571428571,94.7094142857143,1,1,2,87.203,75.4961571428571,24.4265571428571,26.7306714285714,4,,,,,25234
2026-03-01,202609,53.0,53,53,53,0.99999106,35.43681,0,3,330452420260920719,2026-09-23,Rio das Ostras,2.9606688,149562,20.9919142857143,91.5300571428571,0,1,2,80.9396142857143,67.7783142857143,23.7959,26.9152857142857,4,,,,,25234
2026-02-22,202608,26.0,26,26,26,0.9621921,17.384094,0,2,330452420260820719,2026-09-23,Rio das Ostras,1.752427,149562,23.5099714285714,94.2508,1,1,1,87.0749714285714,76.9899714285714,25.1046857142857,27.2254714285714,7,,,,,25234
2026-02-15,202607,10.0,10,10,10,0.13015059,6.68619,0,2,330452420260720719,2026-09-23,Rio das Ostras,0.6419963,149562,23.5709571428571,94.4714,1,0,1,81.9321285714286,65.5840142857143,26.4808714285714,30.1278714285714,2,,,,,25234
2026-02-08,202606,16.0,16,16,16,0.44054872,10.697905,0,2,330452420260620719,2026-09-23,Rio das Ostras,0.9497594,149562,23.2037714285714,94.4274285714286,1,0,1,84.4057285714286,70.8041,25.5862714285714,28.6985571428571,5,,,,,25234
2026-02-01,202605,15.0,15,15,15,0.28561628,10.029285,0,1,330452420260520719,2026-09-23,Rio das Ostras,0.8232646,149562,24.1433714285714,96.2904428571428,1,0,1,86.9998142857143,71.6165714285714,26.4142142857143,30.0341428571429,2,,,,,25234
2026-01-25,202604,17.0,17,17,17,0.38156682,11.366524,0,1,330452420260420719,2026-09-23,Rio das Ostras,0.905151,149562,22.8295285714286,93.8436,1,0,1,82.5366714285714,63.7270285714286,25.4917,29.3124857142857,2,,,,,25234
2026-01-18,202603,18.0,18,18,18,0.57620424,12.035143,0,1,330452420260320719,2026-09-23,Rio das Ostras,1.0664413,149562,21.6104857142857,92.9771142857143,0,0,1,85.2929714285714,73.5093,23.3291714285714,26.0442714285714,3,,,,,25234
2026-01-11,202602,21.0,21,21,21,0.93104327,14.040999,0,2,330452420260220719,2026-09-23,Rio das Ostras,1.6719955,149562,23.2536142857143,92.2466714285714,1,0,1,77.5293857142857,57.9188142857143,26.3106142857143,30.6851428571429,2,,,,,25234
2026-01-04,202601,18.0,18,18,18,0.9706426,12.035143,0,2,330452420260120719,2026-09-23,Rio das Ostras,2.1103792,149562,22.4151857142857,92.6230571428571,1,1,1,82.3257,66.2169714285714,24.5984428571429,27.6434857142857,3,,,,,25234
2025-12-28,202553,14.0,14,14,14,0.93429023,9.360666,0,2,330452420255320719,2026-09-23,Rio das Ostras,1.9319121,149562,24.1455,95.5053428571429,1,0,1,82.9852,65.8690142857143,27.0334714285714,31.0424285714286,2,,,,,25234
2025-12-21,202552,4.0,4,4,4,0.21434264,2.6744761,0,2,330452420255220719,2026-09-23,Rio das Ostras,0.62079567,149562,22.6679428571429,94.2993714285714,1,0,0,81.3521428571429,62.5337857142857,25.8590428571429,30.0812285714286,1,,,,,25234
2025-12-14,202551,9.0,9,9,9,0.8484087,6.0175714,0,1,330452420255120719,2026-09-23,Rio das Ostras,1.7139604,149562,22.5972714285714,95.1486714285714,1,0,1,88.1762857142857,75.6862571428571,24.5186571428571,27.3592,1,,,,,25234
2025-12-07,202550,7.0,7,7,7,0.7327725,4.680333,0,1,330452420255020719,2026-09-23,Rio das Ostras,1.4186856,149562,23.4938,89.4064,1,0,1,75.9089428571429,54.8895571428571,26.6348,31.4976571428571,0,,,,,25234
2025-11-30,202549,4.0,4,4,4,0.24561124,2.6744761,0,1,330452420254920719,2026-09-23,Rio das Ostras,0.6570088,149562,21.2486,93.7679571428571,0,0,0,81.0967,63.5943428571429,23.7909,27.5672285714286,2,,,,,25234
2025-11-23,202548,5.0,5,5,5,0.21902339,3.343095,0,1,330452420254820719,2026-09-23,Rio das Ostras,0.6529421,149562,20.3462571428571,91.6098285714286,0,0,1,81.5760142857143,68.0230285714286,22.5887857142857,25.6618571428571,1,,,,,25234
2025-11-16,202547,4.0,4,4,4,0.1521955,2.6744761,0,1,330452420254720719,2026-09-23,Rio das Ostras,0.548104,149562,20.8960714285714,91.2343142857143,0,0,0,77.2025285714286,59.1988857142857,23.9669571428571,28.0446714285714,1,,,,,25234
2025-11-09,202546,11.0,11,11,11,0.9156907,7.3548093,0,1,330452420254620719,2026-09-23,Rio das Ostras,1.9682516,149562,18.7568285714286,88.2257571428571,0,0,1,75.2497714285714,61.4916142857143,21.5951428571429,25.1166285714286,5,,,,,25234
2025-11-02,202545,7.0,7,7,7,0.8255433,4.680333,0,1,330452420254520719,2026-09-23,Rio das Ostras,1.7380812,149562,21.0203714285714,91.8088857142857,0,0,1,81.9376428571429,66.4848142857143,23.6966857142857,27.7720714285714,2,,,,,25234
2025-10-26,202544,6.0,6,6,6,0.7505944,4.011714,0,1,330452420254420719,2026-09-23,Rio das Ostras,1.514393,149562,20.3525285714286,92.9615428571429,0,0,1,81.4846714285714,63.2923285714286,23.2314571428571,27.4027142857143,1,,,,,25234
2025-10-19,202543,3.0,3,3,3,0.13105427,2.005857,0,1,330452420254320719,2026-09-23,Rio das Ostras,0.48309058,149562,16.9012857142857,87.9456285714286,0,0,0,77.9460857142857,67.7593,19.2952857142857,21.6062,2,,,,,25234
2025-10-12,202542,3.0,3,3,3,0.028649384,2.005857,0,1,330452420254220719,2026-09-23,Rio das Ostras,0.32419932,149562,20.8764,93.6698571428571,0,0,0,80.8919571428572,63.0520428571429,23.7048428571429,27.8871571428571,2,,,,,25234
2025-10-05,202541,4.0,4,4,4,0.04758466,2.6744761,0,1,330452420254120719,2026-09-23,Rio das Ostras,0.40265426,149562,19.5885714285714,91.8865857142857,0,0,0,80.499,62.8991714285714,22.1247428571429,25.8371428571429,1,,,,,25234
2025-09-28,202540,13.0,13,13,13,0.8239531,8.692047,0,1,330452420254020719,2026-09-23,Rio das Ostras,1.4845123,149562,18.1351857142857,85.2819142857143,0,0,1,71.2121714285714,52.5151857142857,21.4455857142857,26.0028,2,,,,,25234
2025-09-21,202539,10.0,10,10,10,0.7466697,6.68619,0,1,330452420253920719,2026-09-23,Rio das Ostras,1.3681042,149562,19.2347714285714,86.8818142857143,0,0,1,71.0881857142857,53.8067857142857,21.7997571428571,25.2532142857143,5,,,,,25234
2025-09-14,202538,9.0,9,9,9,0.7583972,6.0175714,0,1,330452420253820719,2026-09-23,Rio das Ostras,1.4204895,149562,18.8976285714286,92.3425857142857,0,0,1,78.7333,58.0763142857143,21.9284571428571,26.0514285714286,3,,,,,25234
2025-09-07,202537,7.0,7,7,7,0.61891633,4.680333,0,1,330452420253720719,2026-09-23,Rio das Ostras,1.1771711,149562,18.7294,91.1373142857143,0,0,1,79.4454,62.7872,20.9417,24.1019,3,,,,,25234
2025-08-31,202536,6.0,6,6,6,0.46526694,4.011714,0,1,330452420253620713,2026-09-17,Rio das Ostras,0.95307666,149562,18.4749,90.9616,0,0,1,78.4150428571429,60.9633428571429,21.0624428571429,24.5523714285714,3,,,,,25234
2025-08-24,202535,6.0,6,6,6,0.3997323,4.011714,0,1,330452420253520707,2026-09-11,Rio das Ostras,0.87181544,149562,18.5862285714286,93.7988857142857,0,0,1,81.3441714285714,58.2650714285714,21.5691,25.6823571428571,1,,,,,25234
2025-08-17,202534,5.0,5,5,5,0.32231617,3.343095,0,1,330452420253420698,2026-09-02,Rio das Ostras,0.7685262,149562,17.4901142857143,88.9893,0,0,1,71.6275714285714,49.5134142857143,21.1611285714286,25.8775857142857,2,,,,,25234
2025-08-10,202533,9.0,9,9,9,0.7740155,6.0175714,0,1,330452420253320689,2026-08-24,Rio das Ostras,1.4608623,149562,15.3855142857143,88.9513428571429,0,0,1,75.3447857142857,57.3368,18.4780571428571,22.0419857142857,2,,,,,25234
2025-08-03,202532,6.0,6,6,6,0.47411996,4.011714,0,1,330452420253220683,2026-08-18,Rio das Ostras,0.96474504,149562,17.1047571428571,91.5846714285714,0,0,1,76.5104142857143,52.8009857142857,20.5841857142857,25.2207714285714,2,,,,,25234
2025-07-27,202531,5.0,5,5,5,0.42392707,3.343095,0,1,330452420253120676,2026-08-11,Rio das Ostras,0.89282477,149562,16.0269714285714,84.6102285714286,0,0,1,69.2937428571429,50.3258571428571,19.6912142857143,24.2645,2,,,,,25234
2025-07-20,202530,8.0,8,8,8,0.82962435,5.3489523,0,1,330452420253020671,2026-08-06,Rio das Ostras,1.6906074,149562,16.4642571428571,92.6753571428571,0,0,1,79.6849142857143,60.9192,19.9268714285714,24.0196428571429,3,,,,,25234
2025-07-13,202529,5.0,5,5,5,0.5381056,3.343095,0,1,330452420252920662,2026-07-28,Rio das Ostras,1.0605624,149562,14.8784857142857,95.5473857142857,0,0,1,77.9215142857143,52.8404428571429,19.1812714285714,23.7115285714286,1,,,,,25234
2025-07-06,202528,5.0,5,5,5,0.33209667,3.343095,0,1,330452420252820654,2026-07-20,Rio das Ostras,0.7798531,149562,14.4312,95.1998571428571,0,0,1,82.0512285714286,61.4898285714286,18.1564571428571,22.1146142857143,2,,,,,25234
2025-06-29,202527,3.0,3,3,3,0.03477906,2.005857,0,1,330452420252720647,2026-07-13,Rio das Ostras,0.33774355,149562,17.6292,92.9716571428571,0,0,0,82.208,64.1143857142857,19.9568857142857,23.2822714285714,0,,,,,25234
2025-06-22,202526,6.0,6,6,6,0.07593701,4.011714,0,1,330452420252620642,2026-07-08,Rio das Ostras,0.50617206,149562,17.3816,86.7795142857143,0,0,1,74.9076428571429,57.664,20.9408,25.5326714285714,0,,,,,25234
2025-06-15,202525,10.0,10,10,10,0.06783339,6.68619,0,1,330452420252520636,2026-07-02,Rio das Ostras,0.5656698,149562,16.7270285714286,90.2179571428571,0,0,1,74.2290857142857,52.4623571428571,21.0933142857143,26.2345285714286,4,,,,,25234
2025-06-08,202524,10.0,10,10,10,0.011065435,6.68619,0,1,330452420252420627,2026-06-23,Rio das Ostras,0.43962252,149562,17.0338,89.8808428571429,0,0,1,78.4925428571429,64.9677142857143,19.4324714285714,22.2234428571429,1,,,,,25234
2025-06-01,202523,13.0,13,13,13,0.12067333,8.692047,0,1,330452420252320621,2026-06-17,Rio das Ostras,0.66400826,149562,19.1353428571429,94.2783285714286,0,0,1,81.7884,63.5034,22.1436857142857,26.0094571428571,5,,,,,25234
2025-05-25,202522,35.0,35,35,35,0.99870896,23.401667,0,1,330452420252220619,2026-06-15,Rio das Ostras,2.4398842,149562,19.7055142857143,91.5450857142857,0,1,1,80.9311714285714,63.8398857142857,21.9326714285714,25.2443571428571,6,,,,,25234
2025-05-18,202521,19.0,19,19,19,0.8035198,12.703762,0,1,330452420252120608,2026-06-04,Rio das Ostras,1.3425512,149562,17.8904285714286,94.7447857142857,0,0,1,78.9001285714286,56.0430142857143,22.0211,26.4043285714286,5,,,,,25234
2025-05-11,202520,8.0,8,8,8,0.049558505,5.3489523,0,1,330452420252020599,2026-05-26,Rio das Ostras,0.50533277,149562,19.3075857142857,90.9672571428572,0,0,1,81.7133428571429,67.9175714285714,21.3733,23.6929285714286,1,,,,,25234
2025-05-04,202519,15.0,15,15,15,0.38177738,10.029285,0,1,330452420251920592,2026-05-19,Rio das Ostras,0.899805,149562,20.2193428571429,92.7262,0,0,1,80.1200428571429,60.4891142857143,23.3481714285714,27.1470857142857,2,,,,,25234
2025-04-27,202518,18.0,18,18,18,0.5845742,12.035143,0,1,330452420251820587,2026-05-14,Rio das Ostras,1.0742502,149562,19.5052857142857,91.0569142857143,0,0,1,78.9991,61.8997142857143,22.349,25.4853,6,,,,,25234
2025-04-20,202517,14.0,14,14,14,0.48981214,9.360666,0,1,330452420251720578,2026-05-05,Rio das Ostras,0.9905566,149562,21.2284714285714,91.7556428571429,0,0,1,83.0151,70.4918,22.9179285714286,25.3096,5,,,,,25234
2025-04-13,202516,21.0,21,21,21,0.94784045,14.040999,0,1,330452420251620571,2026-04-28,Rio das Ostras,1.7692552,149562,21.1504714285714,94.3451142857143,0,0,1,84.5208285714286,69.5941285714286,23.69,26.8281857142857,5,,,,,25234
2025-04-06,202515,15.0,15,15,15,0.5378535,10.029285,0,1,330452420251520566,2026-04-23,Rio das Ostras,1.0351094,149562,20.4677428571429,91.6818142857143,0,0,1,80.6914857142857,65.9070857142857,23.0147142857143,25.7499714285714,3,,,,,25234
2025-03-30,202514,6.0,6,6,6,0.004065425,4.011714,0,1,330452420251420557,2026-04-14,Rio das Ostras,0.32317135,149562,23.1667,94.8706428571429,1,0,1,84.3329571428571,68.3143571428571,25.6699285714286,28.7910571428571,1,,,,,25234
2025-03-23,202513,14.0,14,14,14,0.16081569,9.360666,0,1,330452420251320552,2026-04-09,Rio das Ostras,0.7119101,149562,21.9988714285714,96.0574571428571,0,0,1,85.0253714285714,70.7368285714286,24.7569714285714,27.6722714285714,2,,,,,25234
2025-03-16,202512,23.0,23,23,23,0.83002883,15.378238,0,2,330452420251220544,2026-04-01,Rio das Ostras,1.3500671,149562,22.5334714285714,94.2909,1,0,1,83.9244285714286,70.3412,24.6029571428571,27.0266,7,,,,,25234
2025-03-09,202511,18.0,18,18,18,0.89397013,12.035143,0,2,330452420251120536,2026-03-24,Rio das Ostras,1.5839568,149562,23.9624571428571,93.7672142857143,1,0,1,79.0302571428571,59.9953285714286,26.8445142857143,30.784,7,,,,,25234
2025-03-02,202510,24.0,24,24,24,0.99700606,16.046856,0,2,330452420251020529,2026-03-17,Rio das Ostras,2.7336152,149562,23.2895142857143,92.1269142857143,1,1,1,79.2947857142857,60.1137428571429,26.0049714285714,29.4750571428571,10,,,,,25234
2025-02-23,202509,6.0,6,6,6,0.0496591,4.011714,0,2,330452420250920522,2026-03-10,Rio das Ostras,0.46429223,149562,23.6948142857143,92.3173285714286,1,0,1,79.1827857142857,58.6371571428571,26.4534571428571,30.2062428571429,2,,,,,25234
2025-02-16,202508,7.0,7,7,7,0.0020691033,4.680333,0,2,330452420250820516,2026-03-04,Rio das Ostras,0.32150954,149562,23.2670142857143,93.4116571428571,1,0,1,72.9969571428571,48.0156,27.4235142857143,32.5247571428571,2,,,,,25234
2025-02-09,202507,7.0,7,7,7,0.000119984645,4.680333,0,2,330452420250720508,2026-02-24,Rio das Ostras,0.25368232,149562,23.3657857142857,93.6246142857143,1,0,1,77.5418,56.9178571428571,26.7364714285714,30.9307142857143,4,,,,,25234
2025-02-02,202506,26.0,26,26,26,0.56130296,17.384094,0,3,330452420250620504,2026-02-20,Rio das Ostras,1.0438291,149562,23.3395142857143,92.4455,1,0,1,75.0642571428571,55.9526142857143,27.2335714285714,31.5479714285714,13,,,,,25234
2025-01-26,202505,31.0,31,31,31,0.98788345,20.72719,0,3,330452420250520495,2026-02-11,Rio das Ostras,1.9552326,149562,24.362,92.3153,1,1,1,82.8344428571429,68.2643571428571,26.5089142857143,29.4518142857143,11,,,,,25234
2025-01-19,202504,33.0,33,33,33,0.999911,22.064428,0,2,330452420250420491,2026-02-07,Rio das Ostras,3.4701536,149562,24.6748142857143,94.3819142857143,1,1,1,79.6810428571429,60.4019,28.0153,32.2554857142857,2,,,,,25234
2025-01-12,202503,9.0,9,9,9,0.6567868,6.0175714,0,2,330452420250320486,2026-02-02,Rio das Ostras,1.2150075,149562,22.5630142857143,90.6905428571429,1,0,1,81.3404857142857,68.9644714285714,24.4983857142857,27.2526857142857,1,,,,,25234
2025-01-05,202502,7.0,7,7,7,0.64209086,4.680333,0,2,330452420250220460,2026-01-07,Rio das Ostras,1.218738,149562,22.7596285714286,92.3651,1,0,1,84.4017,73.0423142857143,24.5496428571429,27.0350428571429,1,,,,,25234
2024-12-29,202501,8.0,8,8,8,0.8242888,5.3489523,0,2,330452420250120460,2026-01-07,Rio das Ostras,1.6686771,149562,22.6528428571429,95.2996857142857,1,0,1,83.4619571428571,66.5881142857143,25.4163571428571,29.1858714285714,2,,,,,25234
2024-12-22,202452,6.0,6,6,6,0.56781524,4.011714,0,2,330452420245220438,2025-12-16,Rio das Ostras,1.1023111,149562,23.6880857142857,94.3360142857143,1,0,1,85.7934571428572,73.2474142857143,25.4553714285714,28.0070285714286,2,,,,,25234
2024-12-15,202451,3.0,3,3,3,0.14466387,2.005857,0,2,330452420245120438,2025-12-16,Rio das Ostras,0.500165,149562,23.2443857142857,92.1544285714286,1,0,0,82.5501857142857,68.8986857142857,25.4910285714286,28.8505428571429,1,,,,,25234
2024-12-08,202450,5.0,5,5,5,0.572019,3.343095,0,1,330452420245020438,2025-12-16,Rio das Ostras,1.1195847,149562,22.5985714285714,92.1733,1,0,1,82.4231142857143,68.9656,24.7958714285714,28.0476571428571,1,,,,,25234
2024-12-01,202449,9.0,9,9,9,0.97242653,6.0175714,0,1,330452420244920432,2025-12-10,Rio das Ostras,3.1893494,149562,23.2813714285714,94.3566,1,1,1,82.8912571428571,67.3765714285714,26.0138428571429,29.7999571428571,4,,,,,25234
2024-11-24,202448,4.0,4,4,4,0.66109556,2.6744761,0,1,330452420244820425,2025-12-03,Rio das Ostras,1.3468776,149562,21.2292571428571,90.0822857142857,0,0,0,76.4826857142857,59.2475857142857,24.5459714285714,28.5941285714286,1,,,,,25234
2024-11-17,202447,1.0,1,1,1,0.056957066,0.66861904,0,1,330452420244720418,2025-11-26,Rio das Ostras,0.24189755,149562,21.8362571428571,94.4233428571429,0,0,0,85.6938571428571,71.9206428571429,23.6667714285714,26.4765857142857,0,,,,,25234
2024-11-10,202446,3.0,3,3,3,0.20746614,2.005857,0,1,330452420244620411,2025-11-19,Rio das Ostras,0.57679486,149562,20.5748571428571,91.3489142857143,0,0,0,81.2917,66.7857285714286,23.0456857142857,26.4658428571429,3,,,,,25234
2024-11-03,202445,4.0,4,4,4,0.24971345,2.6744761,0,1,330452420244520404,2025-11-12,Rio das Ostras,0.66178095,149562,22.3801857142857,90.6350428571428,1,0,0,81.5446,67.9849428571429,24.2211714285714,27.0066142857143,1,,,,,25234
2024-10-27,202444,6.0,6,6,6,0.40318552,4.011714,0,1,330452420244420395,2025-11-03,Rio das Ostras,0.87590283,149562,20.0171,93.5661428571429,0,0,1,82.6185571428571,69.2389714285714,22.3314571428571,25.2241857142857,3,,,,,25234
2024-10-20,202443,5.0,5,5,5,0.32694897,3.343095,0,1,330452420244320389,2025-10-28,Rio das Ostras,0.7738787,149562,22.7125,93.0410428571429,1,0,1,80.6814142857143,64.1760428571429,25.6139428571429,29.7831428571429,4,,,,,25234
2024-10-13,202442,8.0,8,8,8,0.7881186,5.3489523,0,1,330452420244220381,2025-10-20,Rio das Ostras,1.5392722,149562,20.2925714285714,91.4926571428571,0,0,1,79.3520714285714,64.9274714285714,22.6370714285714,25.8004142857143,3,,,,,25234
2024-10-06,202441,8.0,8,8,8,0.8461093,5.3489523,0,1,330452420244120376,2025-10-15,Rio das Ostras,1.7643169,149562,19.5374142857143,89.5471714285714,0,0,1,78.6972,63.6824285714286,21.9279285714286,25.8502142857143,2,,,,,25234
2024-09-29,202440,3.0,3,3,3,0.30447763,2.005857,0,1,330452420244020368,2025-10-07,Rio das Ostras,0.6976048,149562,20.128,90.4154142857143,0,0,0,73.4482,54.1341,23.4257571428571,27.5939,0,,,,,25234
2024-09-22,202439,6.0,6,6,6,0.5887918,4.011714,0,1,330452420243920363,2025-10-02,Rio das Ostras,1.1376064,149562,21.5009285714286,90.0278285714286,0,0,1,72.6878428571429,48.0272428571429,24.9007142857143,30.0345,2,,,,,25234
2024-09-15,202438,3.0,3,3,3,0.09373218,2.005857,0,1,330452420243820354,2025-09-23,Rio das Ostras,0.4339796,149562,20.0407,89.4314714285714,0,0,0,74.9642,54.7188857142857,22.8706571428571,26.9574857142857,0,,,,,25234
2024-09-08,202437,4.0,4,4,4,0.16729087,2.6744761,0,1,330452420243720347,2025-09-16,Rio das Ostras,0.56603384,149562,20.6236857142857,87.0059571428571,0,0,0,65.3645714285714,37.7228428571429,25.3234714285714,31.3626857142857,0,,,,,25234
2024-09-01,202436,9.0,9,9,9,0.738301,6.0175714,0,1,330452420243620340,2025-09-09,Rio das Ostras,1.3728284,149562,19.2883285714286,94.5441285714286,0,0,1,77.6173142857143,50.4382,23.0945714285714,28.8899714285714,3,,,,,25234
2024-08-25,202435,8.0,8,8,8,0.6137293,5.3489523,0,1,330452420243520333,2025-09-02,Rio das Ostras,1.1568803,149562,15.6055857142857,90.3148714285714,0,0,1,72.6438857142857,49.8379285714286,19.4783,24.0367285714286,3,,,,,25234
2024-08-18,202434,4.0,4,4,4,0.15520562,2.6744761,0,1,330452420243420328,2025-08-28,Rio das Ostras,0.5517025,149562,18.8699571428571,90.3358285714286,0,0,0,72.49,46.4971285714286,23.2962285714286,29.1379571428571,3,,,,,25234
2024-08-11,202433,9.0,9,9,9,0.6141459,6.0175714,0,1,330452420243320321,2025-08-21,Rio das Ostras,1.1480829,149562,15.4168,88.6107285714286,0,0,1,72.1305857142857,51.3306285714286,19.7102428571429,24.7251,6,,,,,25234
2024-08-04,202432,6.0,6,6,6,0.23874877,4.011714,0,1,330452420243220312,2025-08-12,Rio das Ostras,0.6950625,149562,18.5807,92.7061857142857,0,0,1,76.1129714285714,53.4740857142857,22.7112285714286,27.4822428571429,4,,,,,25234
2024-07-28,202431,8.0,8,8,8,0.36033046,5.3489523,0,1,330452420243120305,2025-08-05,Rio das Ostras,0.84587365,149562,18.3825428571429,90.7432285714286,0,0,1,78.0587,58.3570428571429,21.3690714285714,25.0707285714286,5,,,,,25234
2024-07-21,202430,9.0,9,9,9,0.3170751,6.0175714,0,1,330452420243020298,2025-07-29,Rio das Ostras,0.8117743,149562,15.686,95.5058714285714,0,0,1,75.8398142857143,46.9998857142857,20.6076285714286,25.7798714285714,5,,,,,25234
2024-07-14,202429,9.0,9,9,9,0.15076028,6.0175714,0,1,330452420242920292,2025-07-23,Rio das Ostras,0.65091074,149562,17.3940714285714,95.6498285714286,0,0,1,81.8538571428571,59.6194428571429,20.6415428571429,24.5957285714286,4,,,,,25234
2024-07-07,202428,10.0,10,10,10,0.09771274,6.68619,0,1,330452420242820284,2025-07-15,Rio das Ostras,0.6050362,149562,19.2404,96.1923142857143,0,0,1,84.5415,66.2889142857143,22.0413,25.7382571428571,5,,,,,25234
2024-06-30,202427,14.0,14,14,14,0.1436267,9.360666,0,1,330452420242720278,2025-07-09,Rio das Ostras,0.6957173,149562,17.9538285714286,93.7718142857143,0,0,1,79.5046142857143,60.5230285714286,21.4648285714286,25.3409,8,,,,,25234
2024-06-23,202426,18.0,18,18,18,0.058189996,12.035143,0,1,330452420242620270,2025-07-01,Rio das Ostras,0.63,149562,20.1873142857143,89.8758714285714,0,0,1,74.0288,50.0824,23.7548714285714,28.7232857142857,10,,,,,25234
2024-06-16,202425,16.0,16,16,16,0.00024514043,10.697905,0,1,330452420242520263,2025-06-24,Rio das Ostras,0.38239828,149562,18.2361571428571,90.6957428571429,0,0,1,71.7811285714286,46.0773857142857,23.0842714285714,28.3314,9,,,,,25234
2024-06-09,202424,25.0,25,25,25,0.00020944464,16.715475,0,4,330452420242420256,2025-06-17,Rio das Ostras,0.44473073,149562,17.7412285714286,93.5083571428571,0,0,1,75.5032714285714,48.4744285714286,22.3591857142857,27.5933857142857,13,,,,,25234
2024-06-02,202423,43.0,43,43,43,0.0068367575,28.750618,0,4,330452420242320249,2025-06-10,Rio das Ostras,0.624435,149562,18.3195714285714,94.7481571428571,0,0,2,82.3443,63.4708142857143,21.5537857142857,25.1634,30,,,,,25234
2024-05-26,202422,56.0,56,56,56,0.045300387,37.442665,0,4,330452420242220242,2025-06-03,Rio das Ostras,0.7437588,149562,19.3838142857143,89.6486857142857,0,0,2,79.6321857142857,65.0807,21.3858571428571,24.1489857142857,29,,,,,25234
2024-05-19,202421,71.0,71,71,71,0.2585586,47.47195,0,4,330452420242120236,2025-05-28,Rio das Ostras,0.89978766,149562,20.6936428571429,96.3089,0,0,2,81.3189857142857,59.6315142857143,24.0434285714286,28.0583,50,,,,,25234
2024-05-12,202420,86.0,86,86,86,0.21445341,57.501236,0,4,330452420242020228,2025-05-20,Rio das Ostras,0.8896793,149562,21.6188714285714,92.4085571428571,0,0,2,77.5591142857143,55.9534857142857,25.2244,29.5780714285714,57,,,,,25234
2024-05-05,202419,63.0,63,63,63,3.487481e-06,42.122997,0,4,330452420241920224,2025-05-16,Rio das Ostras,0.5092366,149562,21.7533,94.2937571428571,0,0,2,79.5428142857143,56.8833428571429,25.2730714285714,29.4616285714286,44,,,,,25234
2024-04-28,202418,86.0,86,86,86,1.5971284e-05,57.501236,0,4,330452420241820214,2025-05-06,Rio das Ostras,0.57606006,149562,21.6491714285714,95.1453142857143,0,0,2,80.2063285714286,58.1570857142857,25.6761857142857,30.6124571428571,74,,,,,25234
2024-04-21,202417,143.0,143,143,143,0.013084845,95.61252,0,4,330452420241720207,2025-04-29,Rio das Ostras,0.78120494,149562,20.2383714285714,93.0107571428571,0,0,2,79.6714428571429,61.4956571428571,23.6862714285714,27.6515857142857,119,,,,,25234
2024-04-14,202416,130.0,130,130,130,6.336416e-07,86.92047,0,4,330452420241620201,2025-04-23,Rio das Ostras,0.5908499,149562,21.763,89.1746285714286,0,0,2,80.8185571428571,69.3371,23.7030142857143,26.0580428571429,110,,,,,25234
2024-04-07,202415,184.0,184,184,184,0.00015572784,123.0259,0,4,330452420241520193,2025-04-15,Rio das Ostras,0.70853657,149562,21.9912714285714,94.9015142857143,0,0,2,85.2803,70.8465,24.5947571428571,27.6889857142857,146,,,,,25234
2024-03-31,202414,233.0,233,233,233,0.00020971335,155.78824,0,4,330452420241420188,2025-04-10,Rio das Ostras,0.7387738,149562,20.8823,97.1501,0,0,2,85.0258714285714,67.8416,23.8895571428571,27.4159,195,,,,,25234
2024-03-24,202413,234.0,234,234,234,1.7164549e-08,156.45685,0,4,330452420241320179,2025-04-01,Rio das Ostras,0.6344803,149562,22.6423857142857,95.2004714285714,1,0,2,89.9374857142857,81.4349285714286,23.7615428571429,25.4326714285714,197,,,,,25234
2024-03-17,202412,315.0,315,315,315,0.00023761504,210.61499,0,4,330452420241220171,2025-03-24,Rio das Ostras,0.7705005,149562,24.5566285714286,94.3753,1,0,2,84.1823857142857,70.1997142857143,27.0889428571429,30.4077142857143,274,,,,,25234
2024-03-10,202411,405.0,405,405,405,0.11855813,270.7907,0,4,330452420241120165,2025-03-18,Rio das Ostras,0.9218569,149562,23.5377571428571,92.5397142857143,1,0,2,82.6570142857143,68.7085428571429,25.9911571428571,29.1357857142857,350,,,,,25234
2024-03-03,202410,367.0,367,367,367,0.007750809,245.38318,0,4,330452420241020158,2025-03-11,Rio das Ostras,0.8427298,149562,22.8560142857143,95.0712714285714,1,0,2,84.6643714285714,71.1055571428572,25.5513428571429,28.8049857142857,334,,,,,25234
2024-02-25,202409,508.0,508,508,508,0.9992807,339.65848,0,4,330452420240920153,2025-03-06,Rio das Ostras,1.2345107,149562,23.9303571428571,95.1915,1,1,2,85.7060285714286,72.8259857142857,26.2510142857143,29.0429714285714,474,,,,,25234
2024-02-18,202408,417.0,417,417,417,0.886027,278.81415,0,4,330452420240820145,2025-02-26,Rio das Ostras,1.0889913,149562,24.1815857142857,94.4862,1,0,2,87.4712285714286,75.3176428571429,25.9521714285714,28.9418857142857,358,,,,,25234
2024-02-11,202407,434.0,434,434,434,0.9976731,290.18066,0,4,330452420240720137,2025-02-18,Rio das Ostras,1.2237982,149562,23.9638571428571,91.6232285714286,1,1,2,78.8654428571429,64.2005571428571,26.7976,30.3500428571429,325,,,,,25234
2024-02-04,202406,364.0,364,364,364,0.9677543,243.37733,0,4,330452420240620130,2025-02-11,Rio das Ostras,1.152463,149562,23.7056285714286,94.5654428571429,1,1,2,82.9640857142857,68.4271857142857,26.2975,29.6551,295,,,,,25234
2024-01-28,202405,380.0,380,380,380,0.9999418,254.07523,0,4,330452420240520123,2025-02-04,Rio das Ostras,1.3515375,149562,23.1729714285714,96.8479285714286,1,1,2,87.8601714285714,73.9446571428571,25.4563,28.7551,258,,,,,25234
2024-01-21,202404,316.0,316,316,316,0.9940712,211.28362,0,4,330452420240420116,2025-01-28,Rio das Ostras,1.2347549,149562,22.7614714285714,92.2461142857143,1,1,2,87.4903,79.8684428571429,24.2308142857143,26.1773857142857,218,,,,,25234
2024-01-14,202403,255.0,255,255,255,0.9929508,170.49785,0,4,330452420240320109,2025-01-21,Rio das Ostras,1.258669,149562,25.0882142857143,92.7108571428572,1,1,2,80.3068714285714,65.9001857142857,27.9184714285714,31.5381,155,,,,,25234
2024-01-07,202402,285.0,285,285,285,1.0,190.55643,0,4,330452420240220102,2025-01-14,Rio das Ostras,2.2995257,149562,24.0779857142857,93.7643857142857,1,1,2,81.1500428571429,65.9829714285714,27.0020142857143,30.5364428571429,157,,,,,25234
2023-12-31,202401,243.0,243,243,243,1.0,162.47443,0,4,330452420240120095,2025-01-07,Rio das Ostras,3.082346,149562,22.6106571428571,91.7015857142857,1,1,2,85.3291142857143,76.0946,23.9863428571429,25.6365428571429,132,,,,,25234
2023-12-24,202352,82.0,82,82,82,0.59217715,54.82676,0,4,330452420235220087,2024-12-30,Rio das Ostras,1.0373318,149562,23.5847571428571,91.7411285714286,1,0,2,79.7069857142857,61.4855,26.2636285714286,30.1826428571429,59,,,,,25234
2023-12-17,202351,50.0,50,50,50,0.0005318642,33.43095,0,4,330452420235120080,2024-12-23,Rio das Ostras,0.56756425,149562,22.7785714285714,95.0388285714286,1,0,2,84.0941714285714,67.7045428571429,25.2649857142857,28.8398428571429,46,,,,,25234
2023-12-10,202350,83.0,83,83,83,0.4460319,55.49538,0,4,330452420235020074,2024-12-17,Rio das Ostras,0.97931504,149562,22.1586,91.5376714285714,1,0,2,79.0722142857143,62.9181142857143,24.4246428571429,27.7950571428571,83,,,,,25234
2023-12-03,202349,101.0,101,101,101,0.9726141,67.530525,0,4,330452420234920067,2024-12-10,Rio das Ostras,1.3362962,149562,24.1408285714286,93.0060571428571,1,1,2,80.3871714285714,63.4990285714286,26.8874428571429,30.8250428571429,101,,,,,25234
2023-11-26,202348,86.0,86,86,86,0.9313034,57.501236,0,4,330452420234820060,2024-12-03,Rio das Ostras,1.2711143,149562,22.4657857142857,90.4777857142857,1,0,2,79.9666571428571,65.9409714285714,25.0379857142857,28.5334714285714,82,,,,,25234
2023-11-19,202347,72.0,72,72,72,0.84384155,48.14057,0,4,330452420234720056,2024-11-29,Rio das Ostras,1.1917092,149562,23.1389571428571,89.0001428571429,1,0,2,79.5806285714286,65.2898428571429,25.5499142857143,28.5514285714286,60,,,,,25234
2023-11-12,202346,71.0,71,71,71,0.89602405,47.47195,0,4,330452420234620046,2024-11-19,Rio das Ostras,1.2494605,149562,24.3892571428571,89.2887285714286,1,0,2,76.5448285714286,59.0015571428571,27.6473142857143,32.2927142857143,62,,,,,25234
2023-11-05,202345,59.0,59,59,59,0.5631583,39.448524,0,4,330452420234520039,2024-11-12,Rio das Ostras,1.029817,149562,20.0764142857143,83.2871857142857,0,0,2,71.2798714285714,55.8917571428571,23.1488,27.1027714285714,41,,,,,25234
2023-10-29,202344,50.0,50,50,50,0.2969588,33.43095,0,4,330452420234420032,2024-11-05,Rio das Ostras,0.9016768,149562,23.0246142857143,91.5319285714286,1,0,2,82.3959285714286,69.7938857142857,25.1524428571429,28.2285,24,,,,,25234
2023-10-22,202343,64.0,64,64,64,0.822379,42.79162,0,4,330452420234320026,2024-10-30,Rio das Ostras,1.1852016,149562,21.1672571428571,89.5840714285714,0,0,2,81.9122285714286,72.0943571428571,23.0275428571429,25.5027428571429,22,,,,,25234
2023-10-15,202342,57.0,57,57,57,0.5467907,38.111286,0,4,330452420234220019,2024-10-23,Rio das Ostras,1.0223056,149562,21.1105571428571,88.2191714285714,0,0,2,81.9841142857143,73.5750142857143,22.5517285714286,24.5200857142857,14,,,,,25234
2023-10-08,202341,44.0,44,44,44,0.09433384,29.419237,0,4,330452420234120012,2024-10-16,Rio das Ostras,0.76994264,149562,21.9073,91.9892571428571,0,0,2,84.5622714285714,75.1258285714286,23.6950571428571,25.9622714285714,10,,,,,25234
2023-10-01,202340,68.0,68,68,68,0.7526637,45.466095,0,4,330452420234020005,2024-10-09,Rio das Ostras,1.1278342,149562,21.5913428571429,92.741,0,0,2,84.8269285714286,74.5064714285714,23.3825571428571,26.0728571428571,19,,,,,25234
2023-09-24,202339,45.0,45,45,45,0.093467414,30.087856,0,4,330452420233919998,2024-10-02,Rio das Ostras,0.7713041,149562,21.0184142857143,90.6031285714286,0,0,2,80.8109142857143,66.8264,23.2659571428571,26.6662285714286,10,,,,,25234
2023-09-17,202338,69.0,69,69,69,0.96311855,46.134712,0,4,330452420233819990,2024-09-24,Rio das Ostras,1.390104,149562,19.8839142857143,90.5607428571429,0,1,2,79.2046857142857,62.665,23.1508571428571,27.5389714285714,8,,,,,25234
2023-09-10,202337,64.0,64,64,64,0.9863372,42.79162,0,4,330452420233719983,2024-09-17,Rio das Ostras,1.5418179,149562,19.1660857142857,90.5384857142857,0,1,2,77.1309428571429,60.6574428571429,22.3583285714286,26.5283571428571,15,,,,,25234
2023-09-03,202336,47.0,47,47,47,0.796564,31.425095,0,4,330452420233619978,2024-09-12,Rio das Ostras,1.1948442,149562,20.1853142857143,89.6644428571429,0,0,2,79.6121857142857,65.7944285714286,22.8233285714286,26.3093285714286,11,,,,,25234
2023-08-27,202335,40.0,40,40,40,0.403998,26.74476,0,1,330452420233519969,2024-09-03,Rio das Ostras,0.9480503,149562,18.2468714285714,90.2946857142857,0,0,2,84.8332714285714,76.5667142857143,19.8652285714286,21.9921428571429,9,,,,,25234
2023-08-20,202334,33.0,33,33,33,0.09493466,22.064428,0,4,330452420233419962,2024-08-27,Rio das Ostras,0.7423402,149562,19.4522714285714,90.1258142857143,0,0,1,79.2398571428571,61.3498142857143,22.5113428571429,26.9618285714286,7,,,,,25234
2023-08-13,202333,47.0,47,47,47,0.53383756,31.425095,0,4,330452420233319956,2024-08-21,Rio das Ostras,1.0176703,149562,19.5721857142857,87.9859,0,0,2,80.6937428571429,69.2077714285714,21.6229857142857,24.5341714285714,12,,,,,25234
2023-08-06,202332,44.0,44,44,44,0.2571403,29.419237,0,4,330452420233219949,2024-08-14,Rio das Ostras,0.87469894,149562,18.8678571428571,90.1057571428571,0,0,2,79.5489428571429,64.5319,21.9170285714286,25.8940142857143,11,,,,,25234
2023-07-30,202331,45.0,45,45,45,0.11825077,30.087856,0,4,330452420233119941,2024-08-06,Rio das Ostras,0.7910519,149562,16.5968714285714,90.4778,0,0,2,81.0323714285714,65.2977571428571,19.7274,23.6150285714286,21,,,,,25234
2023-07-23,202330,48.0,48,48,48,0.08856564,32.09371,0,4,330452420233019934,2024-07-30,Rio das Ostras,0.77310157,149562,18.7730428571429,91.3481714285714,0,0,2,83.3009714285714,70.8648714285714,21.3947857142857,24.5742142857143,26,,,,,25234
2023-07-16,202329,58.0,58,58,58,0.28240958,38.779903,0,4,330452420232919929,2024-07-25,Rio das Ostras,0.90139574,149562,17.5372,88.3365714285714,0,0,2,81.3037857142857,70.7189571428571,19.8672428571429,22.6858,25,,,,,25234
2023-07-09,202328,66.0,66,66,66,0.38248214,44.128857,0,4,330452420232819919,2024-07-15,Rio das Ostras,0.95006627,149562,18.2647142857143,89.1947285714286,0,0,2,78.5239428571429,64.4335,21.2423142857143,24.8652428571429,33,,,,,25234
2023-07-02,202327,64.0,64,64,64,0.11006973,42.79162,0,4,330452420232719913,2024-07-09,Rio das Ostras,0.8143968,149562,15.1428571428571,99.0997914285714,0,0,2,98.9993042857143,98.2193248571429,15.8968254285714,16.7142857142857,30,,,,,25234
2023-06-25,202326,60.0,60,60,60,0.035307676,40.11714,0,4,330452420232619905,2024-07-01,Rio das Ostras,0.73716384,149562,20.2222222222222,100.0,0,0,2,99.3769316666667,98.4606533333333,20.765432,21.1111111111111,33,,,,,25234
2023-06-18,202325,89.0,89,89,89,0.8353347,59.507095,0,4,330452420232519898,2024-06-24,Rio das Ostras,1.1635659,149562,17.2857142857143,97.5531328571429,0,0,2,95.3844285714286,93.4013908571429,17.8888887142857,18.4285714285714,50,,,,,25234
2023-06-11,202324,85.0,85,85,85,0.7639301,56.83262,0,4,330452420232419884,2024-06-10,Rio das Ostras,1.1198117,149562,18.9647714285714,94.5175,0,0,2,85.0761,67.4073285714286,21.8269142857143,25.8686,41,,,,,25234
2023-06-04,202323,79.0,79,79,79,0.16216952,52.820904,0,4,330452420232319884,2024-06-10,Rio das Ostras,0.86014706,149562,15.5111428571429,93.4899,0,0,2,81.9500571428571,60.1626714285714,19.6793428571429,25.0077571428571,35,,,,,25234
2023-05-28,202322,59.0,59,59,59,8.924194e-06,39.448524,0,4,330452420232219877,2024-06-03,Rio das Ostras,0.51330996,149562,18.7391304347826,100.0,0,0,2,99.4817841304348,98.1776347826087,19.1739130434783,19.5217391304348,25,,,,,25234
2023-05-21,202321,88.0,88,88,88,0.0034127939,58.838474,0,4,330452420232119870,2024-05-27,Rio das Ostras,0.6900602,149562,17.625,100.0,0,0,2,90.4929819166667,68.9968541666667,21.3958334166667,26.2916666666667,39,,,,,25234
2023-05-14,202320,125.0,125,125,125,0.5268911,83.57738,0,4,330452420232019863,2024-05-20,Rio das Ostras,1.0085732,149562,17.8888888888889,93.8845762962963,0,0,2,84.7207094074074,67.2595846666667,20.2962962962963,23.2222222222222,47,,,,,25234
2023-05-07,202319,136.0,136,136,136,0.9077759,90.93219,0,4,330452420231919856,2024-05-13,Rio das Ostras,1.1824045,149562,21.875,97.20015875,0,0,2,92.3243108333333,86.4358864166667,22.7053571666667,23.7916666666667,49,,,,,25234
2023-04-30,202318,134.0,134,134,134,0.91003287,89.59495,0,4,330452420231819849,2024-05-06,Rio das Ostras,1.1861068,149562,22.6666666666667,98.4637392592593,1,0,2,96.3279334814815,93.5718755555556,22.9444444444444,23.3703703703704,58,,,,,25234
2023-04-23,202317,98.0,98,98,98,0.20927052,65.524666,0,4,330452420231719842,2024-04-29,Rio das Ostras,0.89391524,149562,21.1428571428571,99.1579742857143,0,0,2,88.3726264285714,68.6296277142857,24.3511902857143,28.5714285714286,44,,,,,25234
2023-04-16,202316,122.0,122,122,122,0.89087456,81.571526,0,4,330452420231619835,2024-04-22,Rio das Ostras,1.1781301,149562,21.7142857142857,100.0,0,0,2,83.3382385714286,54.842405,25.6666665714286,31.2857142857143,49,,,,,25234
2023-04-09,202315,115.0,115,115,115,0.8794164,76.89119,0,4,330452420231519828,2024-04-15,Rio das Ostras,1.1741972,149562,21.8571428571429,98.3597585714286,0,0,2,88.0821728571429,67.3578014285714,25.0535717142857,29.1428571428571,52,,,,,25234
2023-04-02,202314,93.0,93,93,93,0.725447,62.181572,0,4,330452420231419821,2024-04-08,Rio das Ostras,1.0937772,149562,21.0,99.1455371428571,0,0,2,84.0729957142857,63.8080854285714,24.9702382857143,29.7142857142857,43,,,,,25234
2023-03-26,202313,112.0,112,112,112,0.9996484,74.88533,0,4,330452420231319815,2024-04-02,Rio das Ostras,1.6712538,149562,23.6666666666667,96.6679983333333,1,1,2,88.0004925,74.7684771666667,25.920139,28.75,42,,,,,25234
2023-03-19,202312,86.0,86,86,86,0.9987446,57.501236,0,4,330452420231219809,2024-03-27,Rio das Ostras,1.6881986,149562,22.5714285714286,99.1701442857143,1,1,2,88.2000622857143,71.0677247142857,25.8809522857143,29.4285714285714,31,,,,,25234
2023-03-12,202311,65.0,65,65,65,0.99540323,43.460236,0,4,330452420231119801,2024-03-19,Rio das Ostras,1.6785196,149562,23.25,98.584945,1,1,2,96.9690625,94.768045,23.875,24.4166666666667,24,,,,,25234
2023-03-05,202310,50.0,50,50,50,0.98789907,33.43095,0,4,330452420231019795,2024-03-13,Rio das Ostras,1.6640339,149562,25.7307692307692,87.919484,1,1,2,84.4772748461538,80.6853633076923,26.1538461538462,26.5769230769231,17,,,,,25234
2023-02-26,202309,37.0,37,37,37,0.9404122,24.738905,0,2,330452420230919787,2024-03-05,Rio das Ostras,1.4879378,149562,25.4285714285714,90.535326,1,0,2,86.6703331428571,83.1933454285714,26.0357142857143,26.5714285714286,8,,,,,25234
2023-02-19,202308,29.0,29,29,29,0.78401214,19.389952,0,2,330452420230819780,2024-02-27,Rio das Ostras,1.2412046,149562,23.7142857142857,97.5702678571429,1,0,1,83.9820088571429,67.3747561428571,26.9880951428571,31.0,7,,,,,25234
2023-02-12,202307,23.0,23,23,23,0.4871079,15.378238,0,2,330452420230719774,2024-02-21,Rio das Ostras,0.99062115,149562,26.4444444444444,87.3270141111111,1,0,1,85.2150356666667,83.3774767222222,26.7500001111111,27.1111111111111,7,,,,,25234
2023-02-05,202306,21.0,21,21,21,0.44907865,14.040999,0,2,330452420230619768,2024-02-15,Rio das Ostras,0.96200264,149562,24.4285714285714,94.5407192857143,1,0,1,94.5407192857143,94.5407192857143,24.4285714285714,24.4285714285714,6,,,,,25234
2023-01-29,202305,28.0,28,28,28,0.8724628,18.042051,0,2,330452420230519760,2024-02-07,Rio das Ostras,1.3871123,155193,26.0,87.6955654285714,1,0,1,82.3432647142857,72.7214431428571,27.029762,29.1428571428571,10,,,,,25234
2023-01-22,202304,18.0,18,18,18,0.5293365,11.598461,0,2,330452420230419752,2024-01-30,Rio das Ostras,1.0246959,155193,23.8571428571429,97.5814921428571,1,0,1,97.5784985714286,97.5755042857143,23.9285714285714,24.0,3,,,,,25234
2023-01-15,202303,24.0,24,24,24,0.933665,15.464615,0,2,330452420230319747,2024-01-25,Rio das Ostras,1.6235222,155193,25.2857142857143,88.281328,1,0,1,85.5446265714286,82.4048822857143,25.8928571428571,26.8571428571429,6,,,,,25234
2023-01-08,202302,16.0,16,16,16,0.81410104,10.309743,0,2,330452420230219747,2024-01-25,Rio das Ostras,1.4026676,155193,23.7142857142857,95.3203288571429,1,0,1,86.2951067142857,69.1701855714286,26.2738094285714,30.2857142857143,5,,,,,25234
2023-01-01,202301,15.0,15,15,15,0.94221425,9.665384,0,2,330452420230119740,2024-01-18,Rio das Ostras,1.9458559,155193,22.5714285714286,97.49221,1,0,1,85.320954,62.6841838571429,25.9345237142857,31.4285714285714,0,,,,,25234
2022-12-25,202252,14.0,14,14,14,0.9577327,9.021026,0,1,330452420225219734,2024-01-12,Rio das Ostras,2.1687605,155193,22.6666666666667,100.0,1,1,1,92.3580966666667,79.5848153333333,24.6343433333333,28.0,2,,,,,25234
2022-12-18,202251,4.0,4,4,4,0.17955798,2.5774357,0,1,330452420225119718,2023-12-27,Rio das Ostras,0.58042926,155193,23.0,100.0,1,0,0,89.69903,81.572785,24.450321,27.0,1,,,,,25234
2022-12-11,202250,6.0,6,6,6,0.3730077,3.8661537,0,1,330452420225019718,2023-12-27,Rio das Ostras,0.84077966,155193,21.6666666666667,99.0247733333333,0,0,1,84.6200418333333,60.307831,25.3888886666667,31.1666666666667,0,,,,,25234
2022-12-04,202249,8.0,8,8,8,0.4420503,5.1548715,0,1,330452420224919708,2023-12-17,Rio das Ostras,0.93254584,155193,22.4285714285714,98.3220657142857,1,0,1,86.9017115714286,66.744664,25.2976194285714,29.5714285714286,0,,,,,25234
2022-11-27,202248,7.0,7,7,7,0.10570346,4.510513,0,1,330452420224819684,2023-11-23,Rio das Ostras,0.5672739,155193,22.1428571428571,100.0,1,0,1,95.0602,81.1450958571428,23.9942982857143,26.7142857142857,0,,,,,25234
2022-11-20,202247,5.0,5,5,5,0.011394355,3.2217948,0,1,330452420224719684,2023-11-23,Rio das Ostras,0.34145862,155193,21.0,100.0,0,0,1,87.6853235714286,69.3207792857143,24.049603,27.8571428571429,0,,,,,25234
2022-11-13,202246,16.0,16,16,16,0.5685411,10.309743,0,1,330452420224619684,2023-11-23,Rio das Ostras,1.063065,155193,20.8571428571429,98.34806,0,0,1,83.1465244285714,60.9209088571429,24.7862551428571,30.1428571428571,0,,,,,25234
2022-11-06,202245,14.0,14,14,14,0.50036824,9.021026,0,1,330452420224519684,2023-11-23,Rio das Ostras,1.0003438,155193,19.2857142857143,100.0,0,0,1,89.2692212857143,67.073779,22.4289877142857,26.8571428571429,0,,,,,25234
2022-10-30,202244,17.0,17,17,17,0.7297485,10.9541025,0,1,330452420224419684,2023-11-23,Rio das Ostras,1.2444763,155193,19.5714285714286,99.1701442857143,0,0,1,84.0726975714286,57.3218697142857,23.0773811428571,28.4285714285714,1,,,,,25234
2022-10-23,202243,14.0,14,14,14,0.51315856,9.021026,0,1,330452420224319684,2023-11-23,Rio das Ostras,1.012397,155193,21.2857142857143,100.0,0,0,1,86.7038564285714,66.8400338571429,24.3369045714286,28.8571428571429,0,,,,,25234
2022-10-16,202242,10.0,10,10,10,0.38609278,6.4435897,0,1,330452420224219684,2023-11-23,Rio das Ostras,0.88416916,155193,21.4285714285714,97.5354271428571,0,0,1,79.5024465714286,47.715315,25.6321272857143,33.4285714285714,2,,,,,25234
2022-10-09,202241,20.0,20,20,20,0.99026066,12.887179,0,1,330452420224119684,2023-11-23,Rio das Ostras,2.4922132,155193,22.0,97.4799714285714,0,1,1,81.5463521428571,57.8603215714286,25.7321428571429,31.1428571428571,3,,,,,25234
2022-10-02,202240,9.0,9,9,9,0.7028868,5.7992306,0,1,330452420224019684,2023-11-23,Rio das Ostras,1.2983071,155193,20.0,99.1701442857143,0,0,1,89.1471314285714,73.142432,22.6661257142857,26.0,3,,,,,25234
2022-09-25,202239,9.0,9,9,9,0.5472104,5.7992306,0,1,330452420223919684,2023-11-23,Rio das Ostras,1.0569162,155193,19.4285714285714,99.1392157142857,0,0,1,87.8172137142857,70.262703,21.5050367142857,24.8571428571429,1,,,,,25234
2022-09-18,202238,2.0,2,2,2,0.013205503,1.2887179,0,1,330452420223819684,2023-11-23,Rio das Ostras,0.23104401,155193,17.1428571428571,96.8022114285714,0,0,0,85.0404915714286,65.907572,20.1189397142857,24.5714285714286,0,,,,,25234
2022-09-11,202237,12.0,12,12,12,0.8952968,7.7323074,0,1,330452420223719684,2023-11-23,Rio das Ostras,1.7836558,155193,18.1428571428571,99.1455371428571,0,0,1,92.4227857142857,78.974937,19.7222218571429,22.0,1,,,,,25234
2022-09-04,202236,10.0,10,10,10,0.8446133,6.4435897,0,1,330452420223619684,2023-11-23,Rio das Ostras,1.6489205,155193,17.4285714285714,94.7577485714286,0,0,1,73.4286821428571,43.1573478571429,22.2678574285714,29.0,2,,,,,25234
2022-08-28,202235,6.0,6,6,6,0.2738917,3.8661537,0,1,330452420223519684,2023-11-23,Rio das Ostras,0.7322748,155193,15.4285714285714,96.7489394285714,0,0,1,84.5390942857143,64.9379694285714,18.949134,23.7142857142857,1,,,,,25234
2022-08-21,202234,3.0,3,3,3,0.014550202,1.9330769,0,1,330452420223419684,2023-11-23,Rio das Ostras,0.28506875,155193,17.1428571428571,100.0,0,0,0,85.2126915714286,63.277012,20.6275945714286,25.2857142857143,1,,,,,25234
2022-08-14,202233,9.0,9,9,9,0.26458436,5.7992306,0,1,330452420223319684,2023-11-23,Rio das Ostras,0.76215047,155193,16.8571428571429,96.57206,0,0,1,78.5185705714286,49.3893664285714,20.8171242857143,27.2857142857143,3,,,,,25234
2022-08-07,202232,12.0,12,12,12,0.34435984,7.7323074,0,1,330452420223219684,2023-11-23,Rio das Ostras,0.8565715,155193,17.1428571428571,99.11983,0,0,1,81.6597334285714,54.1073484285714,21.5807821428571,27.1428571428571,4,,,,,25234
2022-07-31,202231,11.0,11,11,11,0.09194959,7.0879483,0,1,330452420223119684,2023-11-23,Rio das Ostras,0.6104773,155193,17.0,97.43029,0,0,1,88.890482,74.3815604285714,19.9813491428571,23.2857142857143,4,,,,,25234
2022-07-24,202230,12.0,12,12,12,0.037779402,7.7323074,0,1,330452420223019684,2023-11-23,Rio das Ostras,0.5410027,155193,16.5714285714286,98.3242914285714,0,0,1,82.9884122857143,52.9683831428571,21.6186274285714,28.5714285714286,4,,,,,25234
2022-07-17,202229,19.0,19,19,19,0.18338965,12.24282,0,1,330452420222919684,2023-11-23,Rio das Ostras,0.7625968,155193,17.8571428571429,100.0,0,0,1,88.9158521428571,66.0172424285714,21.8194444285714,27.0,6,,,,,25234
2022-07-10,202228,22.0,22,22,22,0.24983788,14.175897,0,1,330452420222819684,2023-11-23,Rio das Ostras,0.8250558,155193,18.8571428571429,100.0,0,0,1,84.4069305714286,57.9189341428571,22.7629552857143,28.7142857142857,7,,,,,25234
2022-07-03,202227,28.0,28,28,28,0.38841054,18.042051,0,1,330452420222719684,2023-11-23,Rio das Ostras,0.92881936,155193,16.1428571428571,100.0,0,0,1,79.9640637142857,45.7271014285714,22.106602,29.5714285714286,15,,,,,25234
2022-06-26,202226,23.0,23,23,23,0.048194703,14.820256,0,1,330452420222619684,2023-11-23,Rio das Ostras,0.6463469,155193,15.1428571428571,98.3362385714286,0,0,1,84.1589884285714,54.648606,19.904762,26.4285714285714,7,,,,,25234
2022-06-19,202225,31.0,31,31,31,0.07000429,19.975128,0,1,330452420222519684,2023-11-23,Rio das Ostras,0.71022713,155193,17.8571428571429,99.1455371428571,0,0,1,88.5351178571429,66.5006232857143,21.6964285714286,27.0,4,,,,,25234
2022-06-12,202224,34.0,34,34,34,0.01928667,21.908205,0,4,330452420222419684,2023-11-23,Rio das Ostras,0.6398339,155193,15.4285714285714,95.0648485714286,0,0,1,78.8601585714286,48.3003954285714,19.910714,26.0,6,,,,,25234
2022-06-05,202223,41.0,41,41,41,0.029309932,26.418716,0,4,330452420222319684,2023-11-23,Rio das Ostras,0.6849766,155193,16.5714285714286,99.1392157142857,0,0,2,91.4951551428571,73.8187318571429,19.3486394285714,24.4285714285714,18,,,,,25234
2022-05-29,202222,57.0,57,57,57,0.37951693,36.728462,0,4,330452420222219684,2023-11-23,Rio das Ostras,0.9451108,155193,19.1428571428571,100.0,0,0,2,87.5634571428571,58.6664098571429,22.835034,28.7142857142857,28,,,,,25234
2022-05-22,202221,61.0,61,61,61,0.8496484,39.305897,0,4,330452420222119684,2023-11-23,Rio das Ostras,1.2166125,155193,15.8571428571429,100.0,0,0,2,84.8933407142857,53.9954824285714,21.2624457142857,28.2857142857143,33,,,,,25234
2022-05-15,202220,67.0,67,67,67,0.9998,43.17205,0,3,330452420222019684,2023-11-23,Rio das Ostras,2.0770557,155193,16.2857142857143,96.5942885714286,0,1,2,77.539765,50.8595634285714,20.9226191428571,26.7142857142857,36,,,,,25234
2022-05-08,202219,59.0,59,59,59,0.9999994,38.017178,0,3,330452420221919684,2023-11-23,Rio das Ostras,3.3045082,155193,18.8571428571429,100.0,0,1,2,86.5135628571429,64.2939204285714,22.4212452857143,27.0,27,,,,,25234
2022-05-01,202218,26.0,26,26,26,0.9970922,16.753332,0,3,330452420221819684,2023-11-23,Rio das Ostras,2.6113024,155193,20.7142857142857,98.34806,0,1,1,82.1472185714286,53.1935895714286,25.0936148571429,31.2857142857143,11,,,,,25234
2022-04-24,202217,14.0,14,14,14,0.9735427,9.021026,0,3,330452420221719684,2023-11-23,Rio das Ostras,2.444701,155193,21.0,98.3713357142857,0,1,1,84.3295101428571,61.5165207142857,25.406926,30.4285714285714,7,,,,,25234
2022-04-17,202216,11.0,11,11,11,0.95233977,7.0879483,0,1,330452420221619684,2023-11-23,Rio das Ostras,2.3534877,155193,17.5714285714286,100.0,0,1,1,82.0053071428571,50.280096,23.5344202857143,30.5714285714286,4,,,,,25234
2022-04-10,202215,2.0,2,2,2,0.099146195,1.2887179,0,1,330452420221519684,2023-11-23,Rio das Ostras,0.38626066,155193,20.7142857142857,100.0,0,0,0,87.1928578571429,61.8755862857143,24.701531,30.1428571428571,1,,,,,25234
2022-04-03,202214,5.0,5,5,5,0.48318547,3.2217948,0,1,330452420221419684,2023-11-23,Rio das Ostras,0.9749008,155193,23.2857142857143,98.3281185714286,1,0,1,88.1134135714286,68.1547438571428,25.7975151428571,30.5714285714286,3,,,,,25234
2022-03-27,202213,5.0,5,5,5,0.64740115,3.2217948,0,1,330452420221319684,2023-11-23,Rio das Ostras,1.2743819,155193,23.1428571428571,100.0,1,0,1,89.2455562857143,68.1088428571429,26.3426461428571,31.1428571428571,3,,,,,25234
2022-03-20,202212,7.0,7,7,7,0.8940024,4.510513,0,1,330452420221219684,2023-11-23,Rio das Ostras,2.1712143,155193,21.5714285714286,100.0,0,0,1,82.7371375714286,55.7323047142857,25.864796,31.8571428571429,4,,,,,25234
2022-03-13,202211,3.0,3,3,3,0.46932688,1.9330769,0,2,330452420221119684,2023-11-23,Rio das Ostras,0.9437835,155193,23.1428571428571,99.1640914285714,1,0,0,81.9659335714286,55.3429447142857,27.2554422857143,33.2857142857143,3,,,,,25234
2022-03-06,202210,2.0,2,2,2,0.42417413,1.2887179,0,2,330452420221019684,2023-11-23,Rio das Ostras,0.8466001,155193,23.0,99.1701442857143,1,0,0,77.9009451428571,48.4300042857143,27.7075571428571,34.4285714285714,2,,,,,25234
2022-02-27,202209,5.0,5,5,5,0.95589715,3.2217948,0,2,330452420220919684,2023-11-23,Rio das Ostras,4.1128798,155193,23.0,100.0,1,1,1,79.7608714285714,47.746711,27.8595237142857,35.1428571428571,3,,,,,25234
2022-02-20,202208,2.0,2,2,2,0.83104706,1.2887179,0,1,330452420220819684,2023-11-23,Rio das Ostras,2.8575172,155193,23.4285714285714,100.0,1,0,0,87.2917722857143,63.7216192857143,27.1266234285714,32.4285714285714,0,,,,,25234
2022-02-13,202207,1.0,1,1,1,0.5222663,0.64435893,0,1,330452420220719684,2023-11-23,Rio das Ostras,1.0670737,155193,22.4285714285714,100.0,1,0,0,90.7744582857143,72.6262144285714,25.6388887142857,29.1428571428571,1,,,,,25234
2022-02-06,202206,0.0,0,0,0,0.0,0.0,0,1,330452420220619684,2023-11-23,Rio das Ostras,0.0,155193,22.1428571428571,99.1761321428571,0,0,0,90.0970228571429,71.5960955714286,24.9523811428571,29.1428571428571,0,,,,,25234
2022-01-30,202205,1.0,1,1,1,0.63908696,0.64435893,0,1,330452420220519684,2023-11-23,Rio das Ostras,1.5481893,155193,23.8571428571429,99.1761321428571,1,0,0,88.9859212857143,63.1288434285714,27.0219778571429,33.1428571428571,0,,,,,25234
2022-01-23,202204,2.0,2,2,2,0.85978013,1.2887179,0,1,330452420220419684,2023-11-23,Rio das Ostras,3.3780434,155193,22.8571428571429,98.3220657142857,1,0,0,80.3670465714286,53.2887417142857,27.0456347142857,33.8571428571429,2,,,,,25234
2022-01-16,202203,0.0,0,0,0,0.0,0.0,0,1,330452420220319684,2023-11-23,Rio das Ostras,0.0,155193,24.0,98.3402885714286,0,0,0,82.6928124285714,63.1968624285714,27.2867647142857,32.1428571428571,0,,,,,25234
2022-01-09,202202,0.0,0,0,0,0.0,0.0,0,1,330452420220219684,2023-11-23,Rio das Ostras,0.0,155193,23.5714285714286,100.0,0,0,0,91.1350421428571,75.4368674285714,25.9345242857143,29.4285714285714,0,,,,,25234
2022-01-02,202201,2.0,2,2,2,0.9084036,1.2887179,0,1,330452420220119684,2023-11-23,Rio das Ostras,4.9495277,155193,23.7142857142857,100.0,1,0,0,85.3251022857143,63.4554517142857,27.0125085714286,31.8571428571429,1,,,,,25234
2021-12-26,202152,0.0,0,0,0,0.0,0.0,0,1,330452420215219684,2023-11-23,Rio das Ostras,0.0,155193,21.8571428571429,98.3941357142857,0,0,0,87.3328442857143,63.1907111428571,25.4503102857143,31.0,0,,,,,25234
2021-12-19,202151,0.0,0,0,0,0.0,0.0,0,1,330452420215119684,2023-11-23,Rio das Ostras,0.0,155193,21.1428571428571,97.4989742857143,0,0,0,84.9840135714286,65.5284218571429,24.4619364285714,28.1428571428571,0,,,,,25234
2021-12-12,202150,1.0,1,1,1,0.6630886,0.64435893,0,1,330452420215019684,2023-11-23,Rio das Ostras,1.6871191,155193,23.4285714285714,98.3522642857143,1,0,0,87.3428105714286,67.263449,27.0103988571429,32.0,1,,,,,25234
2021-12-05,202149,1.0,1,1,1,0.6064686,0.64435893,0,1,330452420214919684,2023-11-23,Rio das Ostras,1.3860109,155193,20.4285714285714,98.3713357142857,0,0,0,88.8634642857143,73.9224684285714,23.5662525714286,27.1428571428571,1,,,,,25234
2021-11-28,202148,0.0,0,0,0,0.0,0.0,0,1,330452420214819684,2023-11-23,Rio das Ostras,0.0,155193,22.1428571428571,100.0,0,0,0,88.1640985714286,67.2326165714286,24.8027011428571,29.1428571428571,0,,,,,25234
2021-11-21,202147,1.0,1,1,1,0.29770282,0.64435893,0,1,330452420214719684,2023-11-23,Rio das Ostras,0.57206434,155193,20.0,95.914242,0,0,0,79.77403,58.6690974285714,24.0796868571429,28.4285714285714,1,,,,,25234
2021-11-14,202146,1.0,1,1,1,0.18216987,0.64435893,0,1,330452420214619684,2023-11-23,Rio das Ostras,0.40705943,155193,19.2857142857143,100.0,0,0,0,83.1119124285714,63.6681554285714,24.0443722857143,28.8571428571429,0,,,,,25234
2021-11-07,202145,0.0,0,0,0,0.0,0.0,0,1,330452420214519684,2023-11-23,Rio das Ostras,0.0,155193,19.2857142857143,99.1328242857143,0,0,0,89.2888001428571,74.7833385714286,21.3451674285714,23.7142857142857,0,,,,,25234
2021-10-31,202144,6.0,6,6,6,0.98801744,3.8661537,0,1,330452420214419684,2023-11-23,Rio das Ostras,6.922671,155193,21.1428571428571,97.6034022857143,0,1,1,90.6824435714286,79.3898902857143,23.1515157142857,25.8571428571429,3,,,,,25234
2021-10-24,202143,0.0,0,0,0,0.0,0.0,0,1,330452420214319684,2023-11-23,Rio das Ostras,0.0,155193,20.8571428571429,97.4489785714286,0,0,0,90.52198,72.34977,23.1998871428571,26.8571428571429,0,,,,,25234
2021-10-17,202142,0.0,0,0,0,0.0,0.0,0,1,330452420214219684,2023-11-23,Rio das Ostras,0.0,155193,18.7142857142857,98.34806,0,0,0,91.9880894285714,81.833009,20.5746991428571,22.5714285714286,0,,,,,25234
2021-10-10,202141,2.0,2,2,2,0.57039773,1.2887179,0,1,330452420214119684,2023-11-23,Rio das Ostras,1.1793312,155193,19.8571428571429,100.0,0,0,0,93.4351445714286,77.392084,22.2631988571429,25.5714285714286,0,,,,,25234
2021-10-03,202140,1.0,1,1,1,0.172274,0.64435893,0,1,330452420214019684,2023-11-23,Rio das Ostras,0.39413166,155193,20.7142857142857,100.0,0,0,0,85.8256352857143,65.2479351428571,23.5059525714286,27.8571428571429,0,,,,,25234
2021-09-26,202139,1.0,1,1,1,0.13388833,0.64435893,0,1,330452420213919684,2023-11-23,Rio das Ostras,0.34472087,155193,21.0,98.3097628571429,0,0,0,84.0167725714286,60.4939881428571,24.1845237142857,29.4285714285714,0,,,,,25234
2021-09-19,202138,3.0,3,3,3,0.51745,1.9330769,0,1,330452420213819684,2023-11-23,Rio das Ostras,1.0341158,155193,18.2857142857143,99.1579742857143,0,0,0,78.4865885714286,53.5220228571429,22.6607145714286,27.2857142857143,1,,,,,25234
2021-09-12,202137,4.0,4,4,4,0.62544435,2.5774357,0,1,330452420213719684,2023-11-23,Rio das Ostras,1.2530845,155193,21.2857142857143,100.0,0,0,0,84.3686405714286,57.0602962857143,24.6550205714286,30.5714285714286,1,,,,,25234
2021-09-05,202136,1.0,1,1,1,0.16135953,0.64435893,0,1,330452420213619684,2023-11-23,Rio das Ostras,0.37998983,155193,20.8571428571429,98.2973257142857,0,0,0,86.1593072857143,66.318422,23.6283171428571,27.8571428571429,0,,,,,25234
2021-08-29,202135,5.0,5,5,5,0.90664786,3.2217948,0,1,330452420213519684,2023-11-23,Rio das Ostras,2.7250004,155193,18.2857142857143,100.0,0,0,1,86.9228805714286,64.717351,22.2478822857143,27.2857142857143,3,,,,,25234
2021-08-22,202134,3.0,3,3,3,0.7033444,1.9330769,0,1,330452420213419684,2023-11-23,Rio das Ostras,1.5634003,155193,18.7142857142857,99.1455371428571,0,0,0,77.7153562857143,41.5859462857143,23.9339828571429,31.5714285714286,1,,,,,25234
2021-08-15,202133,0.0,0,0,0,0.0,0.0,0,1,330452420213319684,2023-11-23,Rio das Ostras,0.0,155193,18.8571428571429,98.29719,0,0,0,80.5015482857143,51.5709568571429,23.3504512857143,29.4285714285714,0,,,,,25234
2021-08-08,202132,3.0,3,3,3,0.6362113,1.9330769,0,1,330452420213219684,2023-11-23,Rio das Ostras,1.325181,155193,17.5714285714286,100.0,0,0,0,87.0894057142857,66.8684677142857,21.1312114285714,25.8571428571429,2,,,,,25234
2021-08-01,202131,2.0,2,2,2,0.405008,1.2887179,0,1,330452420213119684,2023-11-23,Rio das Ostras,0.8125095,155193,13.7142857142857,100.0,0,0,0,85.0781085714286,57.6395735714286,18.5225154285714,24.5714285714286,1,,,,,25234
2021-07-25,202130,1.0,1,1,1,0.2762844,0.64435893,0,1,330452420213019684,2023-11-23,Rio das Ostras,0.5388587,155193,14.4285714285714,99.0790677142857,0,0,0,73.2135301428571,42.5395924285714,19.8050537142857,26.7142857142857,0,,,,,25234
2021-07-18,202129,5.0,5,5,5,0.9313289,3.2217948,0,1,330452420212919684,2023-11-23,Rio das Ostras,3.220987,155193,13.4285714285714,99.0790677142857,0,0,1,81.8562291428571,57.6043285714286,18.7577644285714,24.7142857142857,3,,,,,25234
2021-07-11,202128,0.0,0,0,0,0.0,0.0,0,1,330452420212819684,2023-11-23,Rio das Ostras,0.0,155193,15.8571428571429,100.0,0,0,0,86.7645138571429,57.8565742857143,21.554348,28.4285714285714,0,,,,,25234
2021-07-04,202127,2.0,2,2,2,0.799525,1.2887179,0,1,330452420212719684,2023-11-23,Rio das Ostras,2.4483213,155193,14.1428571428571,100.0,0,0,0,87.1585242857143,60.0355465714286,19.0150102857143,24.7142857142857,0,,,,,25234
2021-06-27,202126,2.0,2,2,2,0.6995141,1.2887179,0,1,330452420212619684,2023-11-23,Rio das Ostras,1.6829153,155193,14.0,99.1328242857143,0,0,0,80.9542368571429,52.8176882857143,19.3997742857143,25.7142857142857,0,,,,,25234
2021-06-20,202125,0.0,0,0,0,0.0,0.0,0,1,330452420212519684,2023-11-23,Rio das Ostras,0.0,155193,17.1428571428571,97.5531328571429,0,0,0,80.6109148571429,52.3058714285714,21.3686948571429,27.0,0,,,,,25234
2021-06-13,202124,0.0,0,0,0,0.0,0.0,0,1,330452420212419684,2023-11-23,Rio das Ostras,0.0,155193,15.4285714285714,100.0,0,0,0,89.1090335714286,66.3725271428571,18.9640974285714,23.5714285714286,0,,,,,25234
2021-06-06,202123,4.0,4,4,4,0.8941116,2.5774357,0,1,330452420212319684,2023-11-23,Rio das Ostras,2.8672223,155193,19.5714285714286,100.0,0,0,0,92.4226541428571,76.1286637142857,21.9880951428571,26.0,1,,,,,25234
2021-05-30,202122,2.0,2,2,2,0.7500357,1.2887179,0,1,330452420212219684,2023-11-23,Rio das Ostras,2.0002646,155193,18.7142857142857,100.0,0,0,0,90.2984021428571,64.8428632857143,22.7946425714286,28.4285714285714,1,,,,,25234
2021-05-23,202121,1.0,1,1,1,0.5712831,0.64435893,0,1,330452420212119684,2023-11-23,Rio das Ostras,1.2380494,155193,20.1428571428571,96.6688622857143,0,0,0,78.3569217142857,52.7101685714286,24.3928574285714,30.5714285714286,0,,,,,25234
2021-05-16,202120,1.0,1,1,1,0.55576223,0.64435893,0,1,330452420212019684,2023-11-23,Rio das Ostras,1.1799963,155193,17.7142857142857,100.0,0,0,0,84.3411535714286,53.656381,22.6249997142857,29.5714285714286,0,,,,,25234
2021-05-09,202119,1.0,1,1,1,0.41611364,0.64435893,0,1,330452420211919684,2023-11-23,Rio das Ostras,0.79054475,155193,16.7142857142857,100.0,0,0,0,87.3345268571429,63.8446818571429,20.8452377142857,25.8571428571429,0,,,,,25234
2021-05-02,202118,0.0,0,0,0,0.0,0.0,0,1,330452420211819684,2023-11-23,Rio das Ostras,0.0,155193,18.2857142857143,100.0,0,0,0,89.9162828571429,66.0858568571429,22.6428571428571,28.0,0,,,,,25234
2021-04-25,202117,2.0,2,2,2,0.469887,1.2887179,0,1,330452420211719684,2023-11-23,Rio das Ostras,0.9350858,155193,19.4285714285714,100.0,0,0,0,91.107322,65.2875841428571,22.5357142857143,26.8571428571429,1,,,,,25234
2021-04-18,202116,1.0,1,1,1,0.23872739,0.64435893,0,1,330452420211619684,2023-11-23,Rio das Ostras,0.483895,155193,19.5714285714286,96.7131762857143,0,0,0,81.8007077142857,58.377132,23.6204648571429,28.7142857142857,0,,,,,25234
2021-04-11,202115,3.0,3,3,3,0.782311,1.9330769,0,1,330452420211519684,2023-11-23,Rio das Ostras,1.9851501,155193,18.7142857142857,100.0,0,0,0,83.3117971428571,54.482318,23.730263,30.0,1,,,,,25234
2021-04-04,202114,2.0,2,2,2,0.74988246,1.2887179,0,1,330452420211419684,2023-11-23,Rio das Ostras,1.999129,155193,19.2857142857143,100.0,0,0,0,84.1903372857143,57.5442157142857,24.020238,29.1428571428571,0,,,,,25234
2021-03-28,202113,2.0,2,2,2,0.6723247,1.2887179,0,1,330452420211319684,2023-11-23,Rio das Ostras,1.5485547,155193,20.4285714285714,100.0,0,0,0,84.0869244285714,56.5457168571429,25.3732991428571,32.0,1,,,,,25234
2021-03-21,202112,0.0,0,0,0,0.0,0.0,0,1,330452420211219684,2023-11-23,Rio das Ostras,0.0,155193,21.7142857142857,100.0,0,0,0,85.90113,60.886796,26.2135094285714,32.1428571428571,0,,,,,25234
2021-03-14,202111,1.0,1,1,1,0.34656596,0.64435893,0,1,330452420211119684,2023-11-23,Rio das Ostras,0.6541086,155193,21.7142857142857,100.0,0,0,0,86.3756414285714,63.0348864285714,25.8549858571429,30.8571428571429,0,,,,,25234
2021-03-07,202110,3.0,3,3,3,0.82431585,1.9330769,0,1,330452420211019684,2023-11-23,Rio das Ostras,2.331307,155193,21.8571428571429,100.0,0,0,0,94.7063907142857,78.9135865714286,24.4781745714286,28.2857142857143,3,,,,,25234
2021-02-28,202109,1.0,1,1,1,0.4683798,0.64435893,0,1,330452420210919684,2023-11-23,Rio das Ostras,0.91386855,155193,22.4285714285714,101.838235,1,0,0,86.9472142857143,63.5250488571429,25.8555598571429,30.8571428571429,1,,,,,25234
2021-02-21,202108,1.0,1,1,1,0.6823736,0.64435893,0,1,330452420210819684,2023-11-23,Rio das Ostras,1.8136765,155193,21.8571428571429,100.0,0,0,0,91.9131891428571,73.8718357142857,25.200056,29.4285714285714,0,,,,,25234
2021-02-14,202107,2.0,2,2,2,0.9401374,1.2887179,0,1,330452420210719684,2023-11-23,Rio das Ostras,7.278294,155193,22.2857142857143,99.1579742857143,1,0,0,86.5591508571429,63.7315298571429,25.8946685714286,31.0,2,,,,,25234
2021-02-07,202106,0.0,0,0,0,0.0,0.0,0,1,330452420210619684,2023-11-23,Rio das Ostras,0.0,155193,21.5714285714286,99.1701442857143,0,0,0,90.3893694285714,69.8361641428571,24.2329194285714,28.7142857142857,0,,,,,25234
2021-01-31,202105,0.0,0,0,0,0.0,0.0,0,1,330452420210519684,2023-11-23,Rio das Ostras,0.0,155193,23.1428571428571,95.03291,0,0,0,79.2585821428571,56.5136374285714,26.6331782857143,31.7142857142857,0,,,,,25234
2021-01-24,202104,0.0,0,0,0,0.0,0.0,0,1,330452420210419684,2023-11-23,Rio das Ostras,0.0,155193,22.8571428571429,92.9809585714286,0,0,0,71.2419288571429,41.7364825714286,27.7561247142857,35.0,0,,,,,25234
2021-01-17,202103,3.0,3,3,3,0.71722037,1.9330769,0,2,330452420210319684,2023-11-23,Rio das Ostras,1.6235152,155193,22.1428571428571,97.5345828571429,1,0,0,75.7747362857143,46.5865761428571,27.0102814285714,33.5714285714286,3,,,,,25234
2021-01-10,202102,1.0,1,1,1,0.41899484,0.64435893,0,2,330452420210219684,2023-11-23,Rio das Ostras,0.7968155,155193,23.1428571428571,100.0,1,0,0,79.9433864285714,55.5242628571429,26.9035711428571,32.1428571428571,1,,,,,25234
2021-01-03,202101,3.0,3,3,3,0.88899404,1.9330769,0,1,330452420210119684,2023-11-23,Rio das Ostras,3.2755716,155193,22.8571428571429,100.0,1,0,0,87.7354987142857,68.12672,26.1625257142857,30.7142857142857,0,,,,,25234
2020-12-27,202053,1.0,1,1,1,0.3157982,0.64435893,0,1,330452420205319589,2023-08-20,Rio das Ostras,0.60134995,155193,22.5,100.0,1,0,0,86.794042,70.24116,25.25,29.0,1,,,,,25234
2020-12-20,202052,0.0,0,0,0,0.0,0.0,0,1,330452420205219589,2023-08-20,Rio das Ostras,0.0,155193,22.2571428571429,,0,0,0,,,,,0,,,,,25234
2020-12-13,202051,1.0,1,1,1,0.39745405,0.64435893,0,1,330452420205119589,2023-08-20,Rio das Ostras,0.7512358,155193,22.0142857142857,,1,0,0,,,,,0,,,,,25234
2020-12-06,202050,5.0,5,5,5,0.9838426,3.2217948,0,1,330452420205019589,2023-08-20,Rio das Ostras,7.410685,155193,21.7714285714286,,0,1,1,,,,,2,,,,,25234
2020-11-29,202049,0.0,0,0,0,0.0,0.0,0,1,330452420204919589,2023-08-20,Rio das Ostras,0.0,155193,21.5285714285714,,0,0,0,,,,,0,,,,,25234
2020-11-22,202048,0.0,0,0,0,0.0,0.0,0,1,330452420204819589,2023-08-20,Rio das Ostras,0.0,155193,21.2857142857143,98.3713357142857,0,0,0,86.2133434285714,68.7115987142857,24.3921514285714,28.2857142857143,0,,,,,25234
2020-11-15,202047,1.0,1,1,1,0.2129032,0.64435893,0,1,330452420204719589,2023-08-20,Rio das Ostras,0.44808277,155193,21.7142857142857,100.0,0,0,0,91.1903857142857,76.6265752857143,24.4296065714286,27.4285714285714,0,,,,,25234
2020-11-08,202046,3.0,3,3,3,0.58058226,1.9330769,0,1,330452420204619589,2023-08-20,Rio das Ostras,1.1737574,155193,23.2857142857143,98.3402885714286,1,0,0,91.0432948571429,74.4613222857143,25.3982682857143,29.0,0,,,,,25234
2020-11-01,202045,0.0,0,0,0,0.0,0.0,0,1,330452420204519589,2023-08-20,Rio das Ostras,0.0,155193,18.4285714285714,98.2653671428571,0,0,0,84.636535,66.2257274285714,21.4123374285714,25.0,0,,,,,25234
2020-10-25,202044,6.0,6,6,6,0.9962762,3.8661537,0,1,330452420204419589,2023-08-20,Rio das Ostras,13.891165,155193,22.1428571428571,99.1640914285714,1,1,1,90.5955114285714,72.7421871428571,24.574534,28.2857142857143,4,,,,,25234
2020-10-18,202043,0.0,0,0,0,0.0,0.0,0,1,330452420204319589,2023-08-20,Rio das Ostras,0.0,155193,19.0,100.0,0,0,0,83.6925801428571,64.9851787142857,23.2459768571429,27.5714285714286,0,,,,,25234
2020-10-11,202042,0.0,0,0,0,0.0,0.0,0,1,330452420204219589,2023-08-20,Rio das Ostras,0.0,155193,20.2857142857143,94.9243628571429,0,0,0,77.4379108571429,56.3950265714286,23.7695885714286,28.1428571428571,0,,,,,25234
2020-10-04,202041,0.0,0,0,0,0.0,0.0,0,1,330452420204119589,2023-08-20,Rio das Ostras,0.0,155193,22.4285714285714,100.0,0,0,0,89.8425957142857,71.8763714285714,24.8348391428571,28.5714285714286,0,,,,,25234
2020-09-27,202040,2.0,2,2,2,0.92179894,1.2887179,0,1,330452420204019589,2023-08-20,Rio das Ostras,5.7085094,155193,22.1428571428571,98.3281828571429,1,0,0,80.4631927142857,48.7998254285714,26.7924575714286,34.8571428571429,2,,,,,25234
2020-09-20,202039,0.0,0,0,0,0.0,0.0,0,1,330452420203919589,2023-08-20,Rio das Ostras,0.0,155193,20.0,100.0,0,0,0,90.6685965714286,71.8017017142857,22.6561734285714,26.7142857142857,0,,,,,25234
2020-09-13,202038,0.0,0,0,0,0.0,0.0,0,1,330452420203819589,2023-08-20,Rio das Ostras,0.0,155193,19.8571428571429,98.3097628571429,0,0,0,77.3457142857143,48.7230941428571,25.0606768571429,31.5714285714286,0,,,,,25234
2020-09-06,202037,1.0,1,1,1,0.5769021,0.64435893,0,1,330452420203719589,2023-08-20,Rio das Ostras,1.260078,155193,19.5714285714286,100.0,0,0,0,80.8653107142857,53.2274338571429,24.5916857142857,31.0,1,,,,,25234
2020-08-30,202036,0.0,0,0,0,0.0,0.0,0,1,330452420203619589,2023-08-20,Rio das Ostras,0.0,155193,19.0,99.1455371428571,0,0,0,79.7085788571429,49.9158105714286,24.3352157142857,30.7142857142857,0,,,,,25234
2020-08-23,202035,0.0,0,0,0,0.0,0.0,0,1,330452420203519589,2023-08-20,Rio das Ostras,0.0,155193,15.8571428571429,98.27523,0,0,0,81.2402384285714,53.929983,20.3875402857143,26.2857142857143,0,,,,,25234
2020-08-16,202034,3.0,3,3,3,0.6595722,1.9330769,0,1,330452420203419589,2023-08-20,Rio das Ostras,1.3997273,155193,18.8571428571429,99.1517885714286,0,0,0,86.4006425714286,68.7002552857143,22.132482,26.4285714285714,3,,,,,25234
2020-08-09,202033,0.0,0,0,0,0.0,0.0,0,1,330452420203319589,2023-08-20,Rio das Ostras,0.0,155193,17.8571428571429,99.1517885714286,0,0,0,77.6999734285714,42.7563262857143,23.656738,31.4285714285714,0,,,,,25234
2020-08-02,202032,3.0,3,3,3,0.76518863,1.9330769,0,1,330452420203219589,2023-08-20,Rio das Ostras,1.874233,155193,13.8571428571429,100.0,0,0,0,83.2748891428571,57.2928254285714,19.423654,25.4285714285714,1,,,,,25234
2020-07-26,202031,3.0,3,3,3,0.8281899,1.9330769,0,1,330452420203119589,2023-08-20,Rio das Ostras,2.3703136,155193,17.4285714285714,100.0,0,0,0,85.5951637142857,58.4898035714286,21.5885287142857,27.1428571428571,2,,,,,25234
2020-07-19,202030,1.0,1,1,1,0.30140835,0.64435893,0,1,330452420203019589,2023-08-20,Rio das Ostras,0.57796496,155193,15.8571428571429,100.0,0,0,0,82.61493,47.7764665714286,21.9374041428571,30.0,1,,,,,25234
2020-07-12,202029,1.0,1,1,1,0.20302889,0.64435893,0,1,330452420202919589,2023-08-20,Rio das Ostras,0.43473667,155193,17.0,98.2461934285714,0,0,0,82.7300851428571,59.43932,21.2689394285714,26.5714285714286,1,,,,,25234
2020-07-05,202028,1.0,1,1,1,0.21682149,0.64435893,0,1,330452420202819589,2023-08-20,Rio das Ostras,0.4534283,155193,16.5714285714286,100.0,0,0,0,81.5905712857143,50.0094872857143,21.6749641428571,28.4285714285714,0,,,,,25234
2020-06-28,202027,4.0,4,4,4,0.81837493,2.5774357,0,1,330452420202719589,2023-08-20,Rio das Ostras,2.0410995,155193,18.2857142857143,95.0271728571429,0,0,0,82.0700242857143,60.4129232857143,21.269662,25.7142857142857,0,,,,,25234
2020-06-21,202026,1.0,1,1,1,0.34534243,0.64435893,0,1,330452420202619589,2023-08-20,Rio das Ostras,0.6519327,155193,16.0,100.0,0,0,0,79.7966315714286,45.5309045714286,21.813406,29.4285714285714,1,,,,,25234
2020-06-14,202025,3.0,3,3,3,0.8102196,1.9330769,0,1,330452420202519589,2023-08-20,Rio das Ostras,2.2008474,155193,18.2857142857143,99.1579742857143,0,0,0,82.1922535714286,57.1775888571429,22.2262867142857,27.7142857142857,1,,,,,25234
2020-06-07,202024,1.0,1,1,1,0.3275521,0.64435893,0,1,330452420202419589,2023-08-20,Rio das Ostras,0.62103945,155193,19.2857142857143,100.0,0,0,0,88.1298635714286,57.6876365714286,23.5684525714286,30.4285714285714,1,,,,,25234
2020-05-31,202023,1.0,1,1,1,0.21752849,0.64435893,0,1,330452420202319589,2023-08-20,Rio das Ostras,0.45439598,155193,16.2857142857143,100.0,0,0,0,88.1179802857143,56.8009315714286,20.85119,27.0,1,,,,,25234
2020-05-24,202022,2.0,2,2,2,0.38170314,1.2887179,0,1,330452420202219589,2023-08-20,Rio das Ostras,0.7730841,155193,15.2857142857143,101.929599285714,0,0,0,81.2028222857143,49.9727878571429,20.3988094285714,27.0,2,,,,,25234
2020-05-17,202021,1.0,1,1,1,0.31284416,0.64435893,0,1,330452420202119589,2023-08-20,Rio das Ostras,0.5964865,155193,18.2857142857143,100.0,0,0,0,84.3844257142857,60.6457477142857,22.8869048571429,28.5714285714286,1,,,,,25234
2020-05-10,202020,5.0,5,5,5,0.98335654,3.2217948,0,1,330452420202019589,2023-08-20,Rio das Ostras,7.2759185,155193,17.4285714285714,100.0,0,1,1,82.8703464285714,53.1119107142857,22.01921,28.8571428571429,4,,,,,25234
2020-05-03,202019,1.0,1,1,1,0.5204101,0.64435893,0,1,330452420201919589,2023-08-20,Rio das Ostras,1.0612568,155193,17.1428571428571,100.0,0,0,0,84.5889778571429,60.8274588571429,21.3154762857143,27.0,0,,,,,25234
2020-04-26,202018,0.0,0,0,0,0.0,0.0,0,1,330452420201819589,2023-08-20,Rio das Ostras,0.0,155193,18.4285714285714,100.0,0,0,0,84.317455,50.3289825714286,23.4940474285714,30.4285714285714,0,,,,,25234
2020-04-19,202017,0.0,0,0,0,0.0,0.0,0,1,330452420201719589,2023-08-20,Rio das Ostras,0.0,155193,17.8571428571429,100.0,0,0,0,85.161197,58.7248401428571,22.470238,28.0,0,,,,,25234
2020-04-12,202016,3.0,3,3,3,0.7503385,1.9330769,0,1,330452420201619589,2023-08-20,Rio das Ostras,1.7882777,155193,20.2857142857143,99.1579742857143,0,0,0,84.3346892857143,61.5316208571429,24.0465837142857,28.2857142857143,1,,,,,25234
2020-04-05,202015,3.0,3,3,3,0.7382209,1.9330769,0,1,330452420201519589,2023-08-20,Rio das Ostras,1.724088,155193,22.0,96.8357137142857,0,0,0,84.3645384285714,63.8867974285714,24.9418408571429,28.7142857142857,2,,,,,25234
2020-03-29,202014,0.0,0,0,0,0.0,0.0,0,1,330452420201419589,2023-08-20,Rio das Ostras,0.0,155193,23.5714285714286,99.1701442857143,0,0,0,84.8444294285714,64.8834485714286,26.8988094285714,31.8571428571429,0,,,,,25234
2020-03-22,202013,3.0,3,3,3,0.49546224,1.9330769,0,1,330452420201319589,2023-08-20,Rio das Ostras,0.9913948,155193,20.1428571428571,100.901751428571,0,0,0,83.1350514285714,56.7963771428571,24.4418765714286,29.5714285714286,1,,,,,25234
2020-03-15,202012,1.0,1,1,1,0.058559135,0.64435893,0,1,330452420201219589,2023-08-20,Rio das Ostras,0.24426216,155193,23.5714285714286,100.0,1,0,0,88.4203164285714,66.1030497142857,26.6374694285714,31.5714285714286,1,,,,,25234
2020-03-08,202011,2.0,2,2,2,0.19350183,1.2887179,0,1,330452420201119589,2023-08-20,Rio das Ostras,0.50760674,155193,21.5714285714286,100.0,0,0,0,93.9778755714286,76.1920461428571,23.9524891428571,27.4285714285714,1,,,,,25234
2020-03-01,202010,7.0,7,7,7,0.86187536,4.510513,0,1,330452420201019589,2023-08-20,Rio das Ostras,1.9316831,155193,21.2857142857143,100.0,0,0,1,92.832897,82.3831538571429,23.0242425714286,25.2857142857143,5,,,,,25234
2020-02-23,202009,2.0,2,2,2,0.24460316,1.2887179,0,2,330452420200919589,2023-08-20,Rio das Ostras,0.5734468,155193,22.7142857142857,99.1761321428571,1,0,0,95.5599715714286,90.6464757142857,23.3376622857143,24.4285714285714,1,,,,,25234
2020-02-16,202008,5.0,5,5,5,0.7090753,3.2217948,0,2,330452420200819589,2023-08-20,Rio das Ostras,1.4371586,155193,25.0,96.7163757142857,1,0,1,91.848297,81.755064,26.1774891428571,28.1428571428571,2,,,,,25234
2020-02-09,202007,2.0,2,2,2,0.38421586,1.2887179,0,2,330452420200719589,2023-08-20,Rio das Ostras,0.7772357,155193,23.5714285714286,98.3522642857143,1,0,0,96.2890042857143,91.4336505714286,24.3492064285714,25.4285714285714,0,,,,,25234
2020-02-02,202006,5.0,5,5,5,0.95049417,3.2217948,0,1,330452420200619589,2023-08-20,Rio das Ostras,3.856453,155193,25.0,100.0,1,1,1,93.7574478571429,82.1436134285714,26.6666668571429,29.5714285714286,2,,,,,25234
2020-01-26,202005,3.0,3,3,3,0.8971071,1.9330769,0,1,330452420200519589,2023-08-20,Rio das Ostras,3.4652355,155193,23.8571428571429,100.0,1,0,0,83.6966027142857,59.0112937142857,28.2678571428571,34.5714285714286,0,,,,,25234
2020-01-19,202004,0.0,0,0,0,0.0,0.0,0,1,330452420200419589,2023-08-20,Rio das Ostras,0.0,155193,21.0,100.0,0,0,0,88.0126514285714,69.5674707142857,24.3928571428571,28.4285714285714,0,,,,,25234
2020-01-12,202003,1.0,1,1,1,0.4403083,0.64435893,0,2,330452420200319589,2023-08-20,Rio das Ostras,0.8450128,155193,23.1428571428571,98.3827942857143,1,0,0,84.155921,62.8194388571429,26.809524,31.7142857142857,0,,,,,25234
2020-01-05,202002,1.0,1,1,1,0.44983265,0.64435893,0,2,330452420200219589,2023-08-20,Rio das Ostras,0.867649,155193,23.7142857142857,100.0,1,0,0,86.2348208571429,65.019097,27.7714282857143,32.8571428571429,0,,,,,25234
2019-12-29,202001,1.0,1,1,1,0.5574704,0.64435893,0,1,330452420200119589,2023-08-20,Rio das Ostras,1.1861933,155193,22.3333333333333,100.0,1,0,0,87.1734168333333,63.7344685,25.9305556666667,31.6666666666667,0,,,,,25234
2019-12-22,201952,2.0,2,2,2,0.7861266,1.2887179,0,1,330452420195219589,2023-08-20,Rio das Ostras,2.3083687,155193,22.8571428571429,99.1701442857143,1,0,0,97.5495607142857,93.5271965714286,23.5,24.2857142857143,1,,,,,25234
2019-12-15,201951,0.0,0,0,0,0.0,0.0,0,1,330452420195119589,2023-08-20,Rio das Ostras,0.0,155193,22.7142857142857,98.3159485714286,0,0,0,93.8875378571429,88.1299785714286,23.8714285714286,25.0,0,,,,,25234
2019-12-08,201950,1.0,1,1,1,0.2761245,0.64435893,0,1,330452420195019589,2023-08-20,Rio das Ostras,0.5386163,155193,22.7142857142857,95.1963842857143,1,0,0,92.8657898571429,89.7495757142857,23.1904762857143,23.7142857142857,0,,,,,25234
2019-12-01,201949,1.0,1,1,1,0.15888758,0.64435893,0,1,330452420194919589,2023-08-20,Rio das Ostras,0.37680086,155193,21.0,97.616256,0,0,0,92.9158758,88.5993212,21.917778,22.6,1,,,,,25234
2019-11-24,201948,2.0,2,2,2,0.30043685,1.2887179,0,1,330452420194819589,2023-08-20,Rio das Ostras,0.6494405,155193,18.7142857142857,99.1263634285714,0,0,0,92.6516685714286,82.9005522857143,20.1714285714286,22.1428571428571,0,,,,,25234
2019-11-17,201947,2.0,2,2,2,0.45121506,1.2887179,0,1,330452420194719589,2023-08-20,Rio das Ostras,0.8976121,155193,21.4285714285714,95.8038414285714,0,0,0,92.8156137142857,88.8015722857143,22.04127,22.8571428571429,2,,,,,25234
2019-11-10,201946,5.0,5,5,5,0.95081687,3.2217948,0,1,330452420194619589,2023-08-20,Rio das Ostras,3.8704777,155193,21.5714285714286,98.2973257142857,0,1,1,94.1749671428571,88.768558,22.4380951428571,23.2857142857143,1,,,,,25234
2019-11-03,201945,2.0,2,2,2,0.7102754,1.2887179,0,1,330452420194519589,2023-08-20,Rio das Ostras,1.7422019,155193,21.7142857142857,99.1640914285714,0,0,0,91.271257,79.6842497142857,22.9142857142857,24.7142857142857,1,,,,,25234
2019-10-27,201944,0.0,0,0,0,0.0,0.0,0,1,330452420194419589,2023-08-20,Rio das Ostras,0.0,155193,22.8571428571429,95.0031642857143,0,0,0,89.2838111428571,77.1543248571429,24.077922,27.1428571428571,0,,,,,25234
2019-10-20,201943,2.0,2,2,2,0.90725267,1.2887179,0,1,330452420194319589,2023-08-20,Rio das Ostras,4.8942103,155193,20.1428571428571,94.1624594285714,0,0,0,88.6329607142857,79.907653,21.12987,23.1428571428571,0,,,,,25234
2019-10-13,201942,1.0,1,1,1,0.77965945,0.64435893,0,1,330452420194219589,2023-08-20,Rio das Ostras,2.7848635,155193,21.0,95.0105914285714,0,0,0,88.8764628571429,75.4788112857143,22.4545454285714,25.7142857142857,0,,,,,25234
2019-10-06,201941,0.0,0,0,0,0.0,0.0,0,1,330452420194119589,2023-08-20,Rio das Ostras,0.0,155193,21.0,96.6569485714286,0,0,0,91.5930048571429,83.5987185714286,21.922078,23.5714285714286,0,,,,,25234
2019-09-29,201940,0.0,0,0,0,0.0,0.0,0,1,330452420194019589,2023-08-20,Rio das Ostras,0.0,155193,18.5714285714286,97.43029,0,0,0,92.7283635714286,83.4211322857143,19.4935065714286,21.7142857142857,0,,,,,25234
2019-09-22,201939,1.0,1,1,1,0.33077857,0.64435893,0,1,330452420193919589,2023-08-20,Rio das Ostras,0.626542,155193,17.7142857142857,94.9064957142857,0,0,0,91.5961364285714,85.1542451428571,18.6363634285714,20.0,1,,,,,25234
2019-09-15,201938,1.0,1,1,1,0.33667153,0.64435893,0,1,330452420193819589,2023-08-20,Rio das Ostras,0.63670486,155193,20.8571428571429,95.8088728571429,0,0,0,91.1708971428571,83.3970825714286,22.0389608571429,23.4285714285714,1,,,,,25234
2019-09-08,201937,2.0,2,2,2,0.5428439,1.2887179,0,1,330452420193719589,2023-08-20,Rio das Ostras,1.1038127,155193,19.8571428571429,94.8753342857143,0,0,0,86.7669278571429,78.1438485714286,21.0259737142857,22.2857142857143,1,,,,,25234
2019-09-01,201936,2.0,2,2,2,0.29352283,1.2887179,0,1,330452420193619589,2023-08-20,Rio das Ostras,0.639713,155193,18.8571428571429,97.43029,0,0,0,91.1276385714286,85.353748,19.7922077142857,21.1428571428571,1,,,,,25234
2019-08-25,201935,0.0,0,0,0,0.0,0.0,0,1,330452420193519589,2023-08-20,Rio das Ostras,0.0,155193,16.2857142857143,95.612072,0,0,0,90.2485314285714,82.2447637142857,17.7012991428571,19.4285714285714,0,,,,,25234
2019-08-18,201934,4.0,4,4,4,0.26439574,2.5774357,0,1,330452420193419589,2023-08-20,Rio das Ostras,0.67893237,155193,16.5714285714286,94.7940571428571,0,0,0,90.1630985714286,83.0297871428571,17.792208,19.2857142857143,2,,,,,25234
2019-08-11,201933,4.0,4,4,4,0.27141753,2.5774357,0,1,330452420193319589,2023-08-20,Rio das Ostras,0.6871828,155193,16.2857142857143,97.29239,0,0,0,89.6110064285714,81.4848357142857,17.8831167142857,19.8571428571429,1,,,,,25234
2019-08-04,201932,8.0,8,8,8,0.7089744,5.1548715,0,1,330452420193219589,2023-08-20,Rio das Ostras,1.3322502,155193,16.8571428571429,98.2457614285714,0,0,1,92.3195691428571,87.4145728571429,17.9870131428571,19.0,2,,,,,25234
2019-07-28,201931,5.0,5,5,5,0.26857415,3.2217948,0,1,330452420193119589,2023-08-20,Rio das Ostras,0.7077783,155193,15.8571428571429,98.3362385714286,0,0,1,92.4587722857143,84.6050271428571,17.8961042857143,20.2857142857143,0,,,,,25234
2019-07-21,201930,5.0,5,5,5,0.1563667,3.2217948,0,1,330452420193019589,2023-08-20,Rio das Ostras,0.58254415,155193,17.0,96.5376191428571,0,0,1,93.4464634285714,88.9675371428571,18.1428571428571,19.7142857142857,3,,,,,25234
2019-07-14,201929,8.0,8,8,8,0.2611437,5.1548715,0,1,330452420192919589,2023-08-20,Rio das Ostras,0.74763745,155193,14.2857142857143,95.8802871428571,0,0,1,91.4272507142857,87.72754,15.4402601428571,16.7142857142857,3,,,,,25234
2019-07-07,201928,7.0,7,7,7,0.068619974,4.510513,0,1,330452420192819589,2023-08-20,Rio das Ostras,0.51713705,155193,11.8571428571429,92.3569557142857,0,0,1,87.3240871428571,81.2103315714286,13.7662337142857,15.8571428571429,3,,,,,25234
2019-06-30,201927,12.0,12,12,12,0.1589331,7.7323074,0,1,330452420192719589,2023-08-20,Rio das Ostras,0.6930035,155193,17.8571428571429,95.7577771428571,0,0,1,90.2902248571429,86.2760585714286,19.4285714285714,21.1428571428571,3,,,,,25234
2019-06-23,201926,11.0,11,11,11,0.043030642,7.0879483,0,1,330452420192619589,2023-08-20,Rio das Ostras,0.5387713,155193,18.5714285714286,98.2655791428571,0,0,1,92.4836964285714,86.2818542857143,19.8766234285714,21.7142857142857,5,,,,,25234
2019-06-16,201925,19.0,19,19,19,0.19269373,12.24282,0,1,330452420192519589,2023-08-20,Rio das Ostras,0.7700611,155193,17.4285714285714,99.1517885714286,0,0,1,94.3937685714286,90.0274377142857,18.6233768571429,20.0,7,,,,,25234
2019-06-09,201924,22.0,22,22,22,0.11057592,14.175897,0,1,330452420192419589,2023-08-20,Rio das Ostras,0.7143145,155193,18.5714285714286,100.0,0,0,1,93.6928284285714,85.7270245714286,20.1812765714286,22.2857142857143,14,,,,,25234
2019-06-02,201923,17.0,17,17,17,0.0032506916,10.9541025,0,1,330452420192319589,2023-08-20,Rio das Ostras,0.4655254,155193,17.4285714285714,98.2876914285714,0,0,1,92.4598947142857,86.2753428571429,18.792208,20.2857142857143,9,,,,,25234
2019-05-26,201922,41.0,41,41,41,0.27383503,26.418716,0,1,330452420192219589,2023-08-20,Rio das Ostras,0.8798526,155193,18.5714285714286,99.2017414285714,0,0,1,94.3516865714286,87.9294771428571,19.8311688571429,21.2857142857143,14,,,,,25234
2019-05-19,201921,26.0,26,26,26,0.0008558568,16.753332,0,1,330452420192119589,2023-08-20,Rio das Ostras,0.48573756,155193,19.7142857142857,100.0,0,0,1,98.3576135714286,93.2192028571429,20.6831165714286,22.0,8,,,,,25234
2019-05-12,201920,47.0,47,47,47,0.45185465,30.28487,0,3,330452420192019589,2023-08-20,Rio das Ostras,0.9756088,155193,20.7142857142857,99.1517885714286,0,0,1,93.3674464285714,87.1646408571429,21.9740262857143,23.1428571428571,13,,,,,25234
2019-05-05,201919,69.0,69,69,69,0.99853826,44.46077,0,3,330452420191919589,2023-08-20,Rio das Ostras,1.7929407,155193,20.1428571428571,99.1455371428571,0,1,2,90.9138577142857,81.0919194285714,21.6796537142857,24.2857142857143,21,,,,,25234
2019-04-28,201918,46.0,46,46,46,0.954571,29.640512,0,1,330452420191819589,2023-08-20,Rio das Ostras,1.4713619,155193,21.5714285714286,97.4738542857143,0,1,1,90.8544342857143,79.6983521428571,23.3311691428571,25.5714285714286,17,,,,,25234
2019-04-21,201917,36.0,36,36,36,0.8788947,23.196922,0,1,330452420191719589,2023-08-20,Rio das Ostras,1.3427848,155193,21.1428571428571,100.0,0,0,1,93.4270948571429,78.909415,23.3725261428571,27.1428571428571,16,,,,,25234
2019-04-14,201916,33.0,33,33,33,0.9199177,21.263845,0,1,330452420191619589,2023-08-20,Rio das Ostras,1.4580032,155193,20.8571428571429,99.1579742857143,0,0,1,91.5520031428571,81.9583227142857,22.9446342857143,25.2857142857143,13,,,,,25234
2019-04-07,201915,21.0,21,21,21,0.8432383,13.531538,0,1,330452420191519589,2023-08-20,Rio das Ostras,1.3968134,155193,22.4285714285714,99.1640914285714,1,0,1,92.7384314285714,81.574398,23.6341991428571,26.0,8,,,,,25234
2019-03-31,201914,33.0,33,33,33,0.99987483,21.263845,0,1,330452420191419589,2023-08-20,Rio das Ostras,3.3320975,155193,21.1428571428571,98.3402885714286,0,1,1,93.4677092857143,85.6803887142857,22.3766234285714,24.2857142857143,13,,,,,25234
2019-03-24,201913,9.0,9,9,9,0.47892123,5.7992306,0,1,330452420191319589,2023-08-20,Rio das Ostras,0.9760847,155193,21.0,98.3159485714286,0,0,1,91.9226642857143,81.7771992857143,22.6532468571429,25.1428571428571,5,,,,,25234
2019-03-17,201912,7.0,7,7,7,0.25675038,4.510513,0,2,330452420191219589,2023-08-20,Rio das Ostras,0.7300049,155193,23.0,99.1579742857143,1,0,1,92.7725387142857,85.8660252857143,24.0649354285714,25.5714285714286,4,,,,,25234
2019-03-10,201911,11.0,11,11,11,0.66879624,7.0879483,0,2,330452420191119589,2023-08-20,Rio das Ostras,1.210748,155193,23.5714285714286,99.1701442857143,1,0,1,92.3855202857143,81.2958228571429,25.0909094285714,28.0,6,,,,,25234
2019-03-03,201910,8.0,8,8,8,0.49412572,5.1548715,0,2,330452420191019589,2023-08-20,Rio das Ostras,0.99286544,155193,23.4285714285714,97.5104328571429,1,0,1,92.6155962857143,83.2537972857143,24.6636365714286,27.4285714285714,3,,,,,25234
2019-02-24,201909,13.0,13,13,13,0.819119,8.376666,0,2,330452420190919589,2023-08-20,Rio das Ostras,1.471695,155193,23.1428571428571,98.3220657142857,1,0,1,93.0584171428571,86.1733488571429,24.2077922857143,26.2857142857143,7,,,,,25234
2019-02-17,201908,3.0,3,3,3,0.03169873,1.9330769,0,1,330452420190819589,2023-08-20,Rio das Ostras,0.33110932,155193,23.2857142857143,99.1640914285714,1,0,0,93.8647214285714,83.8507885714286,24.207792,26.8571428571429,1,,,,,25234
2019-02-10,201907,11.0,11,11,11,0.79137075,7.0879483,0,1,330452420190719589,2023-08-20,Rio das Ostras,1.4490932,155193,23.0,93.4701985714286,1,0,1,86.4649792857143,78.9098907142857,24.1714285714286,26.0,3,,,,,25234
2019-02-03,201906,11.0,11,11,11,0.8830282,7.0879483,0,1,330452420190619589,2023-08-20,Rio das Ostras,1.7697883,155193,21.5714285714286,97.47372,0,0,1,85.1898791428571,66.421353,24.629365,29.2857142857143,8,,,,,25234
2019-01-27,201905,6.0,6,6,6,0.53692126,3.8661537,0,2,330452420190519589,2023-08-20,Rio das Ostras,1.053694,155193,23.2857142857143,95.82026,1,0,1,70.8721622857143,46.0313137142857,28.5238091428571,35.5714285714286,3,,,,,25234
2019-01-20,201904,7.0,7,7,7,0.6189874,4.510513,0,2,330452420190419589,2023-08-20,Rio das Ostras,1.1772941,155193,22.7142857142857,92.6168957142857,1,0,1,71.0869357142857,48.8137101428571,27.779762,34.4285714285714,2,,,,,25234
2019-01-13,201903,4.0,4,4,4,0.32967803,2.5774357,0,2,330452420190319589,2023-08-20,Rio das Ostras,0.7574341,155193,22.4285714285714,98.5455542857143,1,0,0,77.134628,58.9781897142857,27.3242062857143,33.1428571428571,1,,,,,25234
2019-01-06,201902,7.0,7,7,7,0.86176765,4.510513,0,1,330452420190219589,2023-08-20,Rio das Ostras,1.931011,155193,23.1428571428571,93.4104957142857,1,0,1,87.8447392857143,76.9433712857143,24.2238094285714,25.5714285714286,3,,,,,25234
2018-12-30,201901,7.0,7,7,7,0.84695864,4.510513,0,1,330452420190119589,2023-08-20,Rio das Ostras,1.8447899,155193,22.2857142857143,98.3156814285714,1,0,1,91.3398248571429,82.4039728571429,24.05873,26.1428571428571,3,,,,,25234
2018-12-23,201852,2.0,2,2,2,0.06992389,1.2887179,0,1,330452420185219589,2023-08-20,Rio das Ostras,0.34471494,155193,21.7142857142857,98.3281828571429,0,0,0,89.653892,77.3961628571429,23.8317097142857,27.2857142857143,1,,,,,25234
2018-12-16,201851,1.0,1,1,1,0.0094853835,0.64435893,0,1,330452420185119589,2023-08-20,Rio das Ostras,0.1488078,155193,23.1428571428571,94.2279842857143,1,0,0,72.2151505714286,50.3398234285714,28.1785714285714,35.0,0,,,,,25234
2018-12-09,201850,9.0,9,9,9,0.7229048,5.7992306,0,1,330452420185019589,2023-08-20,Rio das Ostras,1.3390965,155193,19.8571428571429,95.82415,0,0,1,73.0328171428571,45.0726145714286,26.6071431428571,34.4285714285714,7,,,,,25234
2018-12-02,201849,6.0,6,6,6,0.45860338,3.8661537,0,1,330452420184919589,2023-08-20,Rio das Ostras,0.9444154,155193,21.4285714285714,95.8390728571429,0,0,1,89.5043742857143,81.9406065714286,22.5437541428571,24.1428571428571,4,,,,,25234
2018-11-25,201848,7.0,7,7,7,0.65493226,4.510513,0,1,330452420184819589,2023-08-20,Rio das Ostras,1.2431294,155193,21.1428571428571,94.1979714285714,0,0,1,89.2826222857143,81.4193874285714,22.5,24.5714285714286,7,,,,,25234
2018-11-18,201847,7.0,7,7,7,0.7758851,4.510513,0,1,330452420184719589,2023-08-20,Rio das Ostras,1.5458077,155193,21.4285714285714,92.45943,0,0,1,89.38145,86.2676865714286,22.1968255714286,23.1428571428571,4,,,,,25234
2018-11-11,201846,5.0,5,5,5,0.7896793,3.2217948,0,1,330452420184619589,2023-08-20,Rio das Ostras,1.7395444,155193,22.2857142857143,94.9655385714286,1,0,1,90.5040025714286,84.839318,23.2238094285714,25.1428571428571,4,,,,,25234
2018-11-04,201845,6.0,6,6,6,0.9523927,3.8661537,0,1,330452420184519589,2023-08-20,Rio das Ostras,3.4214828,155193,20.2857142857143,96.6675471428571,0,1,1,91.5750555714286,87.8460571428571,21.6619044285714,22.7142857142857,4,,,,,25234
2018-10-28,201844,2.0,2,2,2,0.61927384,1.2887179,0,1,330452420184419589,2023-08-20,Rio das Ostras,1.3352941,155193,20.2857142857143,95.7546728571429,0,0,0,86.5016064285714,71.1066197142857,21.9173157142857,25.5714285714286,2,,,,,25234
2018-10-21,201843,1.0,1,1,1,0.373327,0.64435893,0,1,330452420184319589,2023-08-20,Rio das Ostras,0.70348805,155193,18.2857142857143,94.8233671428571,0,0,0,88.805032,77.8258275714286,19.9324671428571,23.1428571428571,1,,,,,25234
2018-10-14,201842,2.0,2,2,2,0.704336,1.2887179,0,1,330452420184219589,2023-08-20,Rio das Ostras,1.7090071,155193,21.1428571428571,96.5945157142857,0,0,0,86.1945121428571,65.9995432857143,23.428072,27.8571428571429,2,,,,,25234
2018-10-07,201841,1.0,1,1,1,0.56750375,0.64435893,0,1,330452420184119589,2023-08-20,Rio das Ostras,1.2235436,155193,21.5714285714286,95.8088728571429,0,0,0,81.3673998571429,56.9659718571429,25.2380951428571,32.7142857142857,1,,,,,25234
2018-09-30,201840,2.0,2,2,2,0.6327568,1.2887179,0,1,330452420184019589,2023-08-20,Rio das Ostras,1.3844442,155193,21.1428571428571,96.6621342857143,0,0,0,87.1155087142857,72.768439,23.2224025714286,26.2857142857143,1,,,,,25234
2018-09-23,201839,0.0,0,0,0,0.0,0.0,0,1,330452420183919589,2023-08-20,Rio das Ostras,0.0,155193,21.0,94.1058585714286,0,0,0,88.1166892857143,79.380595,22.4329005714286,24.7142857142857,0,,,,,25234
2018-09-16,201838,0.0,0,0,0,0.0,0.0,0,1,330452420183819589,2023-08-20,Rio das Ostras,0.0,155193,19.4285714285714,98.2907985714286,0,0,0,93.7501888571429,87.7826651428571,20.9454542857143,22.2857142857143,0,,,,,25234
2018-09-09,201837,5.0,5,5,5,0.5554517,3.2217948,0,1,330452420183719589,2023-08-20,Rio das Ostras,1.09008,155193,17.1428571428571,95.6460048571429,0,0,1,88.6055028571429,78.6529714285714,18.1623375714286,19.8571428571429,3,,,,,25234
2018-09-02,201836,2.0,2,2,2,0.06730882,1.2887179,0,1,330452420183619589,2023-08-20,Rio das Ostras,0.34075642,155193,16.7142857142857,92.2554,0,0,0,85.3383357142857,77.1119137142857,18.6623375714286,20.4285714285714,1,,,,,25234
2018-08-26,201835,4.0,4,4,4,0.25114793,2.5774357,0,1,330452420183519589,2023-08-20,Rio das Ostras,0.6634515,155193,17.1428571428571,96.5374771428571,0,0,0,92.3591665714286,85.3388228571429,18.344156,20.0,3,,,,,25234
2018-08-19,201834,8.0,8,8,8,0.7599362,5.1548715,0,1,330452420183419589,2023-08-20,Rio das Ostras,1.4561552,155193,16.8571428571429,97.4111162857143,0,0,1,93.2749551428572,89.0759505714286,18.3272727142857,20.0,8,,,,,25234
2018-08-12,201833,5.0,5,5,5,0.53350025,3.2217948,0,1,330452420183319589,2023-08-20,Rio das Ostras,1.0529441,155193,16.1428571428571,93.8976862857143,0,0,1,84.5259305714286,71.2219141428571,18.6702382857143,22.2857142857143,3,,,,,25234
2018-08-05,201832,7.0,7,7,7,0.7931211,4.510513,0,1,330452420183219589,2023-08-20,Rio das Ostras,1.6056817,155193,17.8571428571429,96.5248362857143,0,0,1,80.8973038571429,61.6487041428571,21.6607142857143,26.7142857142857,3,,,,,25234
2018-07-29,201831,3.0,3,3,3,0.2753189,1.9330769,0,1,330452420183119589,2023-08-20,Rio das Ostras,0.66030246,155193,17.4285714285714,98.27204,0,0,0,82.5585192857143,56.3837505714286,21.7261902857143,29.0,1,,,,,25234
2018-07-22,201830,6.0,6,6,6,0.44010395,3.8661537,0,1,330452420183019589,2023-08-20,Rio das Ostras,0.9208813,155193,15.5714285714286,98.2655791428571,0,0,1,80.0304204285714,52.3464087142857,21.6726191428571,29.7142857142857,1,,,,,25234
2018-07-15,201829,2.0,2,2,2,0.01481558,1.2887179,0,1,330452420182919589,2023-08-20,Rio das Ostras,0.23629154,155193,16.8571428571429,97.4754542857143,0,0,0,79.779158,52.4940251428571,22.0027057142857,29.5714285714286,0,,,,,25234
2018-07-08,201828,6.0,6,6,6,0.26614535,3.8661537,0,1,330452420182819589,2023-08-20,Rio das Ostras,0.7240547,155193,14.2857142857143,97.3263157142857,0,0,1,91.8060437142857,85.0646457142857,16.0519478571429,18.7142857142857,1,,,,,25234
2018-07-01,201827,12.0,12,12,12,0.82100284,7.7323074,0,1,330452420182719589,2023-08-20,Rio das Ostras,1.501811,155193,16.4285714285714,100.0,0,0,1,94.8689978571429,89.9888034285714,18.4025971428571,20.5714285714286,3,,,,,25234
2018-06-24,201826,7.0,7,7,7,0.349055,4.510513,0,1,330452420182619589,2023-08-20,Rio das Ostras,0.82505834,155193,17.5,98.058945,0,0,1,93.9396425,88.4346963333333,19.3757576666667,20.8333333333333,2,,,,,25234
2018-06-17,201825,7.0,7,7,7,0.29623726,4.510513,0,1,330452420182519589,2023-08-20,Rio das Ostras,0.77020985,155193,16.2857142857143,97.4571157142857,0,0,1,93.8151634285714,89.9019514285714,17.5974028571429,19.0,2,,,,,25234
2018-06-10,201824,10.0,10,10,10,0.56797343,6.4435897,0,1,330452420182419589,2023-08-20,Rio das Ostras,1.0793594,155193,18.2857142857143,97.4635071428571,0,0,1,93.5138841428571,89.916722,19.4376622857143,20.4285714285714,4,,,,,25234
2018-06-03,201823,7.0,7,7,7,0.36966914,4.510513,0,1,330452420182319589,2023-08-20,Rio das Ostras,0.84705514,155193,18.2857142857143,95.704232,0,0,1,91.925267,87.5937371428571,18.8441557142857,19.8571428571429,3,,,,,25234
2018-05-27,201822,13.0,13,13,13,0.7929515,8.376666,0,1,330452420182219589,2023-08-20,Rio das Ostras,1.4083033,155193,16.1428571428571,100.0,0,0,1,96.0505857142857,93.0047042857143,17.12987,18.1428571428571,4,,,,,25234
2018-05-20,201821,6.0,6,6,6,0.053554196,3.8661537,0,1,330452420182119589,2023-08-20,Rio das Ostras,0.47109675,155193,16.4285714285714,95.6571697142857,0,0,1,87.5324424285714,75.0150722857143,18.6166667142857,21.5714285714286,1,,,,,25234
2018-05-13,201820,6.0,6,6,6,0.03616379,3.8661537,0,1,330452420182019589,2023-08-20,Rio das Ostras,0.43819165,155193,20.2857142857143,94.8982285714286,0,0,1,80.3265627142857,55.5106321428571,24.3003242857143,30.8571428571429,2,,,,,25234
2018-05-06,201819,15.0,15,15,15,0.7574054,9.665384,0,1,330452420181919589,2023-08-20,Rio das Ostras,1.3076652,155193,18.2857142857143,97.4822657142857,0,0,1,79.0538185714286,52.7083165714286,23.625,31.2857142857143,2,,,,,25234
2018-04-29,201818,19.0,19,19,19,0.9248864,12.24282,0,1,330452420181819589,2023-08-20,Rio das Ostras,1.6899592,155193,19.2857142857143,98.2843377142857,0,0,1,80.4335177142857,53.0016057142857,24.3571428571429,32.0,5,,,,,25234
2018-04-22,201817,6.0,6,6,6,0.0531359,3.8661537,0,1,330452420181719589,2023-08-20,Rio das Ostras,0.47037852,155193,19.1428571428571,100.0,0,0,1,84.7854185714286,60.9840671428571,23.809524,30.4285714285714,3,,,,,25234
2018-04-15,201816,12.0,12,12,12,0.34811717,7.7323074,0,1,330452420181619589,2023-08-20,Rio das Ostras,0.85983044,155193,19.1428571428571,97.52385,0,0,1,88.221955,75.3761392857143,21.257576,23.8571428571429,3,,,,,25234
2018-04-08,201815,13.0,13,13,13,0.48244357,8.376666,0,1,330452420181519589,2023-08-20,Rio das Ostras,0.9832206,155193,21.0,97.4799714285714,0,0,1,94.2427007142857,86.4613992857143,22.1974028571429,24.2857142857143,3,,,,,25234
2018-04-01,201814,14.0,14,14,14,0.7828,9.021026,0,1,330452420181419589,2023-08-20,Rio das Ostras,1.3689703,155193,22.5714285714286,98.3281185714286,1,0,1,92.8337907142857,88.0987057142857,23.7428574285714,25.0,2,,,,,25234
2018-03-25,201813,17.0,17,17,17,0.96670747,10.9541025,0,1,330452420181319589,2023-08-20,Rio das Ostras,2.1057863,155193,21.8571428571429,96.6380142857143,0,1,1,92.5246814285714,84.2189965714286,23.1012988571429,25.5714285714286,8,,,,,25234
2018-03-18,201812,8.0,8,8,8,0.5444496,5.1548715,0,2,330452420181219589,2023-08-20,Rio das Ostras,1.0566422,155193,23.2857142857143,98.3281828571429,1,0,1,92.9359944285714,84.4460811428571,24.2597405714286,26.0,4,,,,,25234
2018-03-11,201811,7.0,7,7,7,0.5652709,4.510513,0,2,330452420181119589,2023-08-20,Rio das Ostras,1.0909125,155193,23.7142857142857,97.5164207142857,1,0,1,91.1588455714286,82.3481404285714,25.1987014285714,27.2857142857143,4,,,,,25234
2018-03-04,201810,8.0,8,8,8,0.86949146,5.1548715,0,2,330452420181019589,2023-08-20,Rio das Ostras,1.8883692,155193,23.2857142857143,97.4982628571429,1,0,1,93.6060572857143,86.8097131428571,24.3506494285714,26.0,3,,,,,25234
2018-02-25,201809,9.0,9,9,9,0.9688511,5.7992306,0,2,330452420180919589,2023-08-20,Rio das Ostras,3.0530872,155193,23.0,97.5042507142857,1,1,1,85.3104505714286,66.6857574285714,26.3086768571429,31.8571428571429,5,,,,,25234
2018-02-18,201808,1.0,1,1,1,0.19566488,0.64435893,0,1,330452420180819589,2023-08-20,Rio das Ostras,0.42489126,155193,22.8571428571429,95.0329785714286,1,0,0,89.6320892857143,78.1864534285714,24.3511905714286,27.1428571428571,1,,,,,25234
2018-02-11,201807,5.0,5,5,5,0.83229315,3.2217948,0,1,330452420180719589,2023-08-20,Rio das Ostras,1.9765699,155193,22.8571428571429,95.0767885714286,1,0,1,90.4738292857143,85.7017422857143,23.8571428571429,25.4285714285714,1,,,,,25234
2018-02-04,201806,0.0,0,0,0,0.0,0.0,0,1,330452420180619589,2023-08-20,Rio das Ostras,0.0,155193,22.0,96.6315614285714,0,0,0,91.1681064285714,80.5067002857143,23.1626981428571,25.4285714285714,0,,,,,25234
2018-01-28,201805,4.0,4,4,4,0.65991783,2.5774357,0,1,330452420180519589,2023-08-20,Rio das Ostras,1.3435605,155193,21.7142857142857,95.8628342857143,0,0,0,92.8125094285714,88.0634685714286,22.7507935714286,24.2857142857143,1,,,,,25234
2018-01-21,201804,2.0,2,2,2,0.31681484,1.2887179,0,2,330452420180419589,2023-08-20,Rio das Ostras,0.672911,155193,23.0,90.3588485714286,1,0,0,82.8922765714286,74.9319992857143,24.975,27.0,1,,,,,25234
2018-01-14,201803,3.0,3,3,3,0.6431119,1.9330769,0,2,330452420180319589,2023-08-20,Rio das Ostras,1.3464181,155193,22.7142857142857,94.1179171428571,1,0,0,82.3998671428571,68.5541531428571,25.3547617142857,28.1428571428571,2,,,,,25234
2018-01-07,201802,4.0,4,4,4,0.8941442,2.5774357,0,2,330452420180219589,2023-08-20,Rio das Ostras,2.8677757,155193,23.0,95.8082228571429,1,0,0,89.3376281428571,79.1509765714286,24.3499995714286,26.7142857142857,2,,,,,25234
2017-12-31,201801,2.0,2,2,2,0.75246555,1.2887179,0,2,330452420180119589,2023-08-20,Rio das Ostras,2.0184371,155193,22.4285714285714,96.6624185714286,1,0,0,87.6425251428571,75.6301871428571,24.9630951428571,28.4285714285714,0,,,,,25234
2017-12-24,201752,1.0,1,1,1,0.61774915,0.64435893,0,1,330452420175219589,2023-08-20,Rio das Ostras,1.4390416,155193,23.2857142857143,94.2038985714286,1,0,0,90.1376714285714,85.0705274285714,24.3984128571429,25.5714285714286,0,,,,,25234
2017-12-17,201751,1.0,1,1,1,0.81437725,0.64435893,0,1,330452420175119589,2023-08-20,Rio das Ostras,3.3757458,155193,23.1428571428571,90.9652642857143,1,0,0,84.3934048571429,75.125493,24.779762,26.7142857142857,1,,,,,25234
2017-12-10,201750,1.0,1,1,1,0.9572791,0.64435893,0,1,330452420175019589,2023-08-20,Rio das Ostras,15.875916,155193,21.5714285714286,93.3381557142857,0,0,0,88.4618885714286,79.3496357142857,22.6349207142857,24.0,1,,,,,25234
2017-12-03,201749,0.0,0,0,0,0.0,0.0,0,1,330452420174919589,2023-08-20,Rio das Ostras,0.0,155193,21.4285714285714,97.4614857142857,0,0,0,89.9067121428571,79.1517194285714,22.976757,25.4285714285714,0,,,,,25234
2017-11-26,201748,0.0,0,0,0,0.0,0.0,0,1,330452420174819589,2023-08-20,Rio das Ostras,0.0,155193,21.0,95.8088728571429,0,0,0,81.3882937142857,59.554641,24.5297617142857,30.2857142857143,0,,,,,25234
2017-11-19,201747,0.0,0,0,0,0.0,0.0,0,1,330452420174719589,2023-08-20,Rio das Ostras,0.0,155193,20.8571428571429,98.3096285714286,0,0,0,84.7668327142857,68.3764595714286,24.0654762857143,28.2857142857143,0,,,,,25234
2017-11-12,201746,0.0,0,0,0,0.0,0.0,0,1,330452420174619589,2023-08-20,Rio das Ostras,0.0,155193,21.5,91.312065,0,0,0,69.050245,33.6099405,28.0,39.0,0,,,,,25234
2017-11-05,201745,2.0,2,2,2,0.90843767,1.2887179,0,1,330452420174519589,2023-08-20,Rio das Ostras,4.951186,155193,20.83,,0,0,0,,,,,0,,,,,25234
2017-10-29,201744,1.0,1,1,1,0.8145292,0.64435893,0,1,330452420174419589,2023-08-20,Rio das Ostras,3.3788157,155193,20.16,,0,0,0,,,,,1,,,,,25234
2017-10-22,201743,0.0,0,0,0,0.0,0.0,0,1,330452420174319589,2023-08-20,Rio das Ostras,0.0,155193,19.49,,0,0,0,,,,,0,,,,,25234
2017-10-15,201742,0.0,0,0,0,0.0,0.0,0,1,330452420174219589,2023-08-20,Rio das Ostras,0.0,155193,18.82,,0,0,0,,,,,0,,,,,25234
2017-10-08,201741,1.0,1,1,1,0.96013427,0.64435893,0,1,330452420174119589,2023-08-20,Rio das Ostras,17.038107,155193,18.15,,0,0,0,,,,,0,,,,,25234
2017-10-01,201740,0.0,0,0,0,0.0,0.0,0,1,330452420174019589,2023-08-20,Rio das Ostras,0.0,155193,17.48,,0,0,0,,,,,0,,,,,25234
2017-09-24,201739,0.0,0,0,0,0.0,0.0,0,1,330452420173919589,2023-08-20,Rio das Ostras,0.0,155193,16.81,,0,0,0,,,,,0,,,,,25234
2017-09-17,201738,0.0,0,0,0,0.0,0.0,0,1,330452420173819589,2023-08-20,Rio das Ostras,0.0,155193,16.14,,0,0,0,,,,,0,,,,,25234
2017-09-10,201737,0.0,0,0,0,0.0,0.0,0,1,330452420173719589,2023-08-20,Rio das Ostras,0.0,155193,15.47,,0,0,0,,,,,0,,,,,25234
2017-09-03,201736,1.0,1,1,1,0.39358574,0.64435893,0,1,330452420173619589,2023-08-20,Rio das Ostras,0.74335617,155193,14.8,94.0,0,0,0,86.844156,77.4,17.1978356,19.6,1,,,,,25234
2017-08-27,201735,2.0,2,2,2,0.61147994,1.2887179,0,1,330452420173519589,2023-08-20,Rio das Ostras,1.3082147,155193,15.1428571428571,95.7142857142857,0,0,0,90.9928571428571,84.5714285714286,16.5857142857143,19.0,0,,,,,25234
2017-08-20,201734,1.0,1,1,1,0.3004031,0.64435893,0,1,330452420173419589,2023-08-20,Rio das Ostras,0.57635945,155193,16.8571428571429,91.4285714285714,0,0,0,86.8040814285714,82.0,17.6823127142857,18.5714285714286,0,,,,,25234
2017-08-13,201733,1.0,1,1,1,0.43895867,0.64435893,0,1,330452420173319589,2023-08-20,Rio das Ostras,0.84186214,155193,18.0,92.4285714285714,0,0,0,88.1714285714286,83.8571428571429,18.5761905714286,19.2857142857143,0,,,,,25234
2017-08-06,201732,3.0,3,3,3,0.94806284,1.9330769,0,1,330452420173219589,2023-08-20,Rio das Ostras,5.8099294,155193,15.4285714285714,90.8571428571429,0,0,0,86.4380948571429,81.8571428571429,16.4761907142857,17.1428571428571,1,,,,,25234
2017-07-30,201731,1.0,1,1,1,0.6634571,0.64435893,0,1,330452420173119589,2023-08-20,Rio das Ostras,1.6894035,155193,15.8571428571429,91.8571428571429,0,0,0,88.419048,83.1428571428571,17.1333331428571,18.4285714285714,0,,,,,25234
2017-07-23,201730,0.0,0,0,0,0.0,0.0,0,1,330452420173019589,2023-08-20,Rio das Ostras,0.0,155193,14.7142857142857,99.1428571428571,0,0,0,94.6591842857143,90.8571428571429,15.4768708571429,16.4285714285714,0,,,,,25234
2017-07-16,201729,0.0,0,0,0,0.0,0.0,0,1,330452420172919589,2023-08-20,Rio das Ostras,0.0,155193,15.0,93.1428571428571,0,0,0,90.8537411428571,88.2857142857143,16.3945575714286,17.5714285714286,0,,,,,25234
2017-07-09,201728,2.0,2,2,2,0.9050482,1.2887179,0,1,330452420172819589,2023-08-20,Rio das Ostras,4.7918596,155193,15.1428571428571,99.1428571428571,0,0,0,95.2081628571429,94.0,15.8666667142857,16.8571428571429,0,,,,,25234
2017-07-02,201727,1.0,1,1,1,0.72572744,0.64435893,0,1,330452420172719589,2023-08-20,Rio das Ostras,2.1621609,155193,14.2857142857143,95.7142857142857,0,0,0,94.3428571428571,92.2857142857143,15.3054422857143,16.0,0,,,,,25234
2017-06-25,201726,0.0,0,0,0,0.0,0.0,0,1,330452420172619589,2023-08-20,Rio das Ostras,0.0,155193,15.0,94.8571428571429,0,0,0,93.7714285714286,92.2857142857143,16.047619,16.8571428571429,0,,,,,25234
2017-06-18,201725,0.0,0,0,0,0.0,0.0,0,1,330452420172519589,2023-08-20,Rio das Ostras,0.0,155193,17.1428571428571,96.5714285714286,0,0,0,93.6285714285714,90.8571428571429,17.8666665714286,18.5714285714286,0,,,,,25234
2017-06-11,201724,1.0,1,1,1,0.36993662,0.64435893,0,1,330452420172419589,2023-08-20,Rio das Ostras,0.6970341,155193,18.1428571428571,94.8571428571429,0,0,0,89.8401357142857,83.4285714285714,19.3761905714286,20.8571428571429,0,,,,,25234
2017-06-04,201723,3.0,3,3,3,0.87788796,1.9330769,0,1,330452420172319589,2023-08-20,Rio das Ostras,3.052322,155193,18.7142857142857,96.5714285714286,0,0,0,90.7690468571429,86.0,20.0571425714286,21.4285714285714,0,,,,,25234
2017-05-28,201722,1.0,1,1,1,0.42129117,0.64435893,0,1,330452420172219589,2023-08-20,Rio das Ostras,0.80185366,155193,17.1428571428571,97.4285714285714,0,0,0,92.3428571428571,89.2857142857143,18.3476191428571,19.4285714285714,1,,,,,25234
2017-05-21,201721,1.0,1,1,1,0.1974203,0.64435893,0,1,330452420172119589,2023-08-20,Rio das Ostras,0.42723033,155193,19.4285714285714,94.0,0,0,0,92.0238091428571,89.8571428571429,19.9428571428571,20.5714285714286,0,,,,,25234
2017-05-14,201720,0.0,0,0,0,0.0,0.0,0,1,330452420172019589,2023-08-20,Rio das Ostras,0.0,155193,18.1428571428571,89.4285714285714,0,0,0,86.7911762857143,83.8571428571429,18.8661062857143,19.5714285714286,0,,,,,25234
2017-05-07,201719,3.0,3,3,3,0.50776714,1.9330769,0,1,330452420171919589,2023-08-20,Rio das Ostras,1.0149795,155193,16.3333333333333,97.0,0,0,0,89.2416666666667,79.0,18.1833333333333,20.5,1,,,,,25234
2017-04-30,201718,4.0,4,4,4,0.5731218,2.5774357,0,1,330452420171819589,2023-08-20,Rio das Ostras,1.1356734,155193,17.4285714285714,94.8571428571429,0,0,0,90.4193271428571,84.4285714285714,19.0558824285714,21.1428571428571,2,,,,,25234
2017-04-23,201717,2.0,2,2,2,0.10775381,1.2887179,0,1,330452420171719589,2023-08-20,Rio das Ostras,0.39784184,155193,19.5714285714286,93.1428571428571,0,0,0,91.0867342857143,86.7142857142857,20.2564624285714,21.5714285714286,0,,,,,25234
2017-04-16,201716,3.0,3,3,3,0.08866304,1.9330769,0,1,330452420171619589,2023-08-20,Rio das Ostras,0.42691442,155193,19.0,92.2857142857143,0,0,0,85.0680268571429,76.4285714285714,21.0741495714286,23.8571428571429,2,,,,,25234
2017-04-09,201715,5.0,5,5,5,0.09660637,3.2217948,0,1,330452420171519589,2023-08-20,Rio das Ostras,0.50921845,155193,21.7142857142857,94.1428571428571,0,0,1,87.5023997142857,78.8571428571429,23.1309322857143,25.7142857142857,1,,,,,25234
2017-04-02,201714,7.0,7,7,7,0.09834349,4.510513,0,1,330452420171419589,2023-08-20,Rio das Ostras,0.55801266,155193,20.2857142857143,95.7142857142857,0,0,1,89.9285714285714,83.2857142857143,21.7280612857143,23.5714285714286,3,,,,,25234
2017-03-26,201713,8.0,8,8,8,0.16887021,5.1548715,0,1,330452420171319589,2023-08-20,Rio das Ostras,0.6555382,155193,19.0,94.8571428571429,0,0,1,86.6857137142857,77.2857142857143,20.6396827142857,22.8571428571429,1,,,,,25234
2017-03-19,201712,16.0,16,16,16,0.9013724,10.309743,0,1,330452420171219589,2023-08-20,Rio das Ostras,1.6638875,155193,19.7142857142857,95.8571428571429,0,0,1,89.2312922857143,83.5714285714286,21.289116,22.7142857142857,9,,,,,25234
2017-03-12,201711,14.0,14,14,14,0.860407,9.021026,0,2,330452420171119589,2023-08-20,Rio das Ostras,1.5670379,155193,22.5714285714286,93.4285714285714,1,0,1,86.704422,78.5714285714286,24.2129254285714,26.7142857142857,6,,,,,25234
2017-03-05,201710,8.0,8,8,8,0.20447332,5.1548715,0,1,330452420171019589,2023-08-20,Rio das Ostras,0.6917952,155193,22.7142857142857,95.8571428571429,1,0,1,86.8457214285714,79.2857142857143,24.4782672857143,26.5714285714286,3,,,,,25234
2017-02-26,201709,6.0,6,6,6,0.024702834,3.8661537,0,1,330452420170919589,2023-08-20,Rio das Ostras,0.41120672,155193,23.2857142857143,91.8571428571429,1,0,1,87.4646248571429,82.2857142857143,24.2581632857143,26.0,3,,,,,25234
2017-02-19,201708,12.0,12,12,12,0.29475197,7.7323074,0,1,330452420170819589,2023-08-20,Rio das Ostras,0.81386656,155193,22.0,94.8571428571429,0,0,1,89.1571431428571,82.1428571428571,23.5595237142857,26.0,6,,,,,25234
2017-02-12,201707,16.0,16,16,16,0.81700146,10.309743,0,3,330452420170719589,2023-08-20,Rio das Ostras,1.4089916,155193,22.4285714285714,94.1428571428571,1,0,1,88.9623251428571,80.7142857142857,23.972969,26.1428571428571,9,,,,,25234
2017-02-05,201706,18.0,18,18,18,0.9910279,11.598461,0,3,330452420170619589,2023-08-20,Rio das Ostras,2.6967127,155193,22.6,93.0,1,1,1,87.6055558,79.0,24.3222226,26.4,14,,,,,25234
2017-01-29,201705,11.0,11,11,11,0.99083114,7.0879483,0,3,330452420170519589,2023-08-20,Rio das Ostras,3.90573,155193,22.7142857142857,95.7142857142857,1,1,1,90.5973685714286,83.0,24.2644111428571,26.5714285714286,7,,,,,25234
2017-01-22,201704,7.0,7,7,7,0.97258747,4.510513,0,1,330452420170419589,2023-08-20,Rio das Ostras,3.9034448,155193,23.0,91.7142857142857,1,1,1,82.7938011428571,70.4285714285714,25.3952232857143,29.0,7,,,,,25234
2017-01-15,201703,1.0,1,1,1,0.037491955,0.64435893,0,1,330452420170319589,2023-08-20,Rio das Ostras,0.21109182,155193,22.8571428571429,91.7142857142857,1,0,0,81.5758108571429,67.2857142857143,25.4504135714286,29.1428571428571,1,,,,,25234
2017-01-08,201702,0.0,0,0,0,0.0,0.0,0,1,330452420170219589,2023-08-20,Rio das Ostras,0.0,155193,23.0,90.4285714285714,0,0,0,85.0324925714286,79.2857142857143,24.2341738571429,25.5714285714286,0,,,,,25234
2017-01-01,201701,1.0,1,1,1,0.01724519,0.64435893,0,2,330452420170119589,2023-08-20,Rio das Ostras,0.17071657,155193,23.2857142857143,91.8571428571429,1,0,0,83.6483795714286,73.7142857142857,25.2188677142857,28.1428571428571,1,,,,,25234
2016-12-25,201652,17.0,17,17,17,0.99980885,10.9541025,0,2,330452420165219589,2023-08-20,Rio das Ostras,6.6212544,155193,22.8571428571429,94.2857142857143,1,1,1,83.5877542857143,73.4285714285714,25.769728,28.8571428571429,1,,,,,25234
2016-12-18,201651,3.0,3,3,3,0.81255996,1.9330769,0,1,330452420165119589,2023-08-20,Rio das Ostras,2.221358,155193,22.6,94.0,1,0,0,83.0619292,70.8,25.455088,29.0,0,,,,,25234
2016-12-11,201650,2.0,2,2,2,0.5140599,1.2887179,0,1,330452420165019589,2023-08-20,Rio das Ostras,1.0324502,155193,22.8333333333333,95.1666666666667,1,0,0,90.8166666666667,85.6666666666667,23.864815,25.5,0,,,,,25234
2016-12-04,201649,0.0,0,0,0,0.0,0.0,0,1,330452420164919589,2023-08-20,Rio das Ostras,0.0,155193,21.8571428571429,94.0,0,0,0,89.9398274285714,84.5714285714286,22.7138528571429,23.8571428571429,0,,,,,25234
2016-11-27,201648,2.0,2,2,2,0.46229124,1.2887179,0,1,330452420164819589,2023-08-20,Rio das Ostras,0.91960335,155193,21.0,92.4285714285714,0,0,0,83.0062314285714,73.5714285714286,22.9350877142857,25.0,1,,,,,25234
2016-11-20,201647,4.0,4,4,4,0.7782781,2.5774357,0,1,330452420164719589,2023-08-20,Rio das Ostras,1.7949008,155193,18.4285714285714,94.8571428571429,0,0,0,87.8911571428571,81.4285714285714,20.2047617142857,21.8571428571429,1,,,,,25234
2016-11-13,201646,1.0,1,1,1,0.21748863,0.64435893,0,1,330452420164619589,2023-08-20,Rio das Ostras,0.4543414,155193,20.1666666666667,95.0,0,0,0,86.975528,78.0,22.3550266666667,24.8333333333333,0,,,,,25234
2016-11-06,201645,2.0,2,2,2,0.62381786,1.2887179,0,1,330452420164519589,2023-08-20,Rio das Ostras,1.3515222,155193,21.0,95.7142857142857,0,0,0,87.8006805714286,78.4285714285714,22.8258501428571,25.1428571428571,1,,,,,25234
2016-10-30,201644,4.0,4,4,4,0.90055627,2.5774357,0,1,330452420164419589,2023-08-20,Rio das Ostras,2.9823565,155193,20.2857142857143,90.0,0,0,0,87.7965982857143,82.1428571428571,20.8789115714286,22.1428571428571,3,,,,,25234
2016-10-23,201643,0.0,0,0,0,0.0,0.0,0,1,330452420164319589,2023-08-20,Rio das Ostras,0.0,155193,20.8571428571429,90.0,0,0,0,85.1947851428571,81.0,21.8310658571429,22.8571428571429,0,,,,,25234
2016-10-16,201642,1.0,1,1,1,0.51895887,0.64435893,0,1,330452420164219589,2023-08-20,Rio das Ostras,1.0567385,155193,23.1428571428571,88.5714285714286,1,0,0,83.2727271428571,78.8571428571429,24.4124921428571,25.7142857142857,0,,,,,25234
2016-10-09,201641,3.0,3,3,3,0.8847171,1.9330769,0,1,330452420164119589,2023-08-20,Rio das Ostras,3.1851275,155193,20.1428571428571,92.4285714285714,0,0,0,85.3782302857143,77.4285714285714,21.6367347142857,23.5714285714286,3,,,,,25234
2016-10-02,201640,0.0,0,0,0,0.0,0.0,0,1,330452420164019589,2023-08-20,Rio das Ostras,0.0,155193,16.5,94.0,0,0,0,79.75,64.5,19.575,23.5,0,,,,,25234
2016-09-25,201639,0.0,0,0,0,0.0,0.0,0,1,330452420163919589,2023-08-20,Rio das Ostras,0.0,155193,18.2,94.0,0,0,0,90.585714,88.2,18.5333332,18.8,1,,,,,25234
2016-09-18,201638,3.0,3,3,3,0.95492953,1.9330769,0,1,330452420163819589,2023-08-20,Rio das Ostras,6.4883604,155193,18.2857142857143,92.4285714285714,0,0,0,84.2880948571429,74.8571428571429,19.8479592857143,21.7142857142857,2,,,,,25234
2016-09-11,201637,1.0,1,1,1,0.78460985,0.64435893,0,1,330452420163719589,2023-08-20,Rio das Ostras,2.8575294,155193,19.2857142857143,93.2857142857143,0,0,0,88.3451242857143,82.1428571428571,20.1582767142857,21.5714285714286,1,,,,,25234
2016-09-04,201636,0.0,0,0,0,0.0,0.0,0,1,330452420163619589,2023-08-20,Rio das Ostras,0.0,155193,19.8333333333333,92.1666666666667,0,0,0,87.713405,80.5,20.6706348333333,22.3333333333333,0,,,,,25234
2016-08-28,201635,0.0,0,0,0,0.0,0.0,0,1,330452420163519589,2023-08-20,Rio das Ostras,0.0,155193,18.7142857142857,95.7142857142857,0,0,0,86.588052,72.0,21.0907704285714,25.2857142857143,0,,,,,25234
2016-08-21,201634,1.0,1,1,1,0.81180406,0.64435893,0,1,330452420163419589,2023-08-20,Rio das Ostras,3.3245065,155193,14.7142857142857,94.0,0,0,0,79.5524842857143,63.1428571428571,18.0855072857143,22.1428571428571,1,,,,,25234
2016-08-14,201633,1.0,1,1,1,0.919286,0.64435893,0,1,330452420163319589,2023-08-20,Rio das Ostras,8.236263,155193,18.4285714285714,94.0,0,0,0,88.5187971428571,81.5714285714286,19.843358,21.5714285714286,1,,,,,25234
2016-08-07,201632,0.0,0,0,0,0.0,0.0,0,1,330452420163219589,2023-08-20,Rio das Ostras,0.0,155193,17.1428571428571,92.2857142857143,0,0,0,85.4404754285714,77.0,18.409524,20.1428571428571,0,,,,,25234
2016-07-31,201631,0.0,0,0,0,0.0,0.0,0,1,330452420163119589,2023-08-20,Rio das Ostras,0.0,155193,16.8571428571429,93.1428571428571,0,0,0,85.0801928571429,74.0,19.6243497142857,23.0,0,,,,,25234
2016-07-24,201630,0.0,0,0,0,0.0,0.0,0,1,330452420163019589,2023-08-20,Rio das Ostras,0.0,155193,16.5714285714286,92.8571428571429,0,0,0,88.1469385714286,81.4285714285714,18.1336735714286,20.2857142857143,0,,,,,25234
2016-07-17,201629,1.0,1,1,1,0.31582814,0.64435893,0,1,330452420162919589,2023-08-20,Rio das Ostras,0.6013994,155193,16.1428571428571,86.0,0,0,0,80.0587291428571,72.4285714285714,17.1015874285714,18.7142857142857,0,,,,,25234
2016-07-10,201628,3.0,3,3,3,0.8397287,1.9330769,0,1,330452420162819589,2023-08-20,Rio das Ostras,2.495919,155193,15.1428571428571,94.0,0,0,0,87.2936514285714,78.0,17.8095237142857,21.5714285714286,0,,,,,25234
2016-07-03,201627,1.0,1,1,1,0.68664116,0.64435893,0,1,330452420162719589,2023-08-20,Rio das Ostras,1.8437539,155193,16.7142857142857,93.4285714285714,0,0,0,85.5045114285714,78.0,18.7300752857143,20.7142857142857,0,,,,,25234
2016-06-26,201626,2.0,2,2,2,0.966037,1.2887179,0,1,330452420162619589,2023-08-20,Rio das Ostras,12.296377,155193,16.8571428571429,97.4285714285714,0,0,0,94.4551014285714,90.2857142857143,17.9258504285714,19.1428571428571,2,,,,,25234
2016-06-19,201625,0.0,0,0,0,0.0,0.0,0,1,330452420162519589,2023-08-20,Rio das Ostras,0.0,155193,15.1428571428571,94.8571428571429,0,0,0,89.9863942857143,84.0,17.0272107142857,19.2857142857143,0,,,,,25234
2016-06-12,201624,0.0,0,0,0,0.0,0.0,0,1,330452420162419589,2023-08-20,Rio das Ostras,0.0,155193,11.4285714285714,91.4285714285714,0,0,0,84.6608662857143,76.8571428571429,13.5839242857143,16.0,0,,,,,25234
2016-06-05,201623,0.0,0,0,0,0.0,0.0,0,1,330452420162319589,2023-08-20,Rio das Ostras,0.0,155193,18.1666666666667,90.0,0,0,0,87.0588233333333,82.0,19.3449581666667,20.6666666666667,0,,,,,25234
2016-05-29,201622,1.0,1,1,1,0.07110445,0.64435893,0,1,330452420162219589,2023-08-20,Rio das Ostras,0.26219767,155193,18.5714285714286,95.7142857142857,0,0,0,91.1836728571429,86.1428571428571,19.7693878571429,21.4285714285714,0,,,,,25234
2016-05-22,201621,0.0,0,0,0,0.0,0.0,0,1,330452420162119589,2023-08-20,Rio das Ostras,0.0,155193,17.1428571428571,92.7142857142857,0,0,0,86.2785714285714,78.7142857142857,19.2,21.0,0,,,,,25234
2016-05-15,201620,5.0,5,5,5,0.026924387,3.2217948,0,1,330452420162019589,2023-08-20,Rio das Ostras,0.39080152,155193,20.1428571428571,91.7142857142857,0,0,1,88.8395451428571,84.0,21.017702,22.0,5,,,,,25234
2016-05-08,201619,5.0,5,5,5,0.000517848,3.2217948,0,1,330452420161919589,2023-08-20,Rio das Ostras,0.24088004,155193,19.8,95.2,0,0,1,91.61,84.4,20.4366668,22.4,3,,,,,25234
2016-05-01,201618,8.0,8,8,8,0.0022129128,5.1548715,0,1,330452420161819589,2023-08-20,Rio das Ostras,0.3423297,155193,15.25,95.5,0,0,1,92.791666,89.75,15.66666625,16.25,7,,,,,25234
2016-04-24,201617,27.0,27,27,27,0.81781745,17.397692,0,1,330452420161719589,2023-08-20,Rio das Ostras,1.298525,155193,20.3333333333333,92.3333333333333,0,0,1,88.864285,84.0,21.2605823333333,22.3333333333333,21,,,,,25234
2016-04-17,201616,28.0,28,28,28,0.9106106,18.042051,0,1,330452420161619589,2023-08-20,Rio das Ostras,1.4812032,155193,21.0666666666667,,0,0,1,,,,,20,,,,,25234
2016-04-10,201615,17.0,17,17,17,0.47998956,10.9541025,0,1,330452420161519589,2023-08-20,Rio das Ostras,0.9832113,155193,21.8,100.0,0,0,1,81.835234,54.6,27.2588252,34.4,10,,,,,25234
2016-04-03,201614,19.0,19,19,19,0.75766903,12.24282,0,1,330452420161419589,2023-08-20,Rio das Ostras,1.2682662,155193,21.2857142857143,99.1428571428571,0,0,1,94.5418371428571,90.0,22.9714285714286,24.7142857142857,14,,,,,25234
2016-03-27,201613,21.0,21,21,21,0.8707404,13.531538,0,2,330452420161319589,2023-08-20,Rio das Ostras,1.4604753,155193,23.5714285714286,95.7142857142857,1,0,1,92.3802522857143,87.0,24.4686271428571,25.8571428571429,18,,,,,25234
2016-03-20,201612,10.0,10,10,10,0.17110412,6.4435897,0,2,330452420161219589,2023-08-20,Rio das Ostras,0.68406475,155193,22.5714285714286,97.4285714285714,1,0,1,92.7176862857143,86.5714285714286,23.9608847142857,25.7142857142857,7,,,,,25234
2016-03-13,201611,17.0,17,17,17,0.55375403,10.9541025,0,2,330452420161119589,2023-08-20,Rio das Ostras,1.0473994,155193,22.7142857142857,100.0,1,0,1,95.9178878571429,89.7142857142857,23.7486992857143,25.2857142857143,13,,,,,25234
2016-03-06,201610,13.0,13,13,13,0.10522169,8.376666,0,2,330452420161019589,2023-08-20,Rio das Ostras,0.6472883,155193,24.1428571428571,94.2857142857143,1,0,1,88.8081628571429,82.7142857142857,25.6530611428571,27.8571428571429,8,,,,,25234
2016-02-28,201609,15.0,15,15,15,0.060928863,9.665384,0,2,330452420160919589,2023-08-20,Rio das Ostras,0.61023957,155193,23.1428571428571,93.7142857142857,1,0,1,88.7258517142857,79.8571428571429,24.1159865714286,25.7142857142857,9,,,,,25234
2016-02-21,201608,19.0,19,19,19,0.116630234,12.24282,0,2,330452420160819589,2023-08-20,Rio das Ostras,0.70397997,155193,24.4285714285714,94.2857142857143,1,0,1,88.8809508571428,81.1428571428571,25.8197281428571,27.8571428571429,9,,,,,25234
2016-02-14,201607,27.0,27,27,27,0.49210048,17.397692,0,2,330452420160719589,2023-08-20,Rio das Ostras,0.99467325,155193,23.8571428571429,99.1428571428571,1,0,1,91.7758054285714,82.4285714285714,25.162748,27.1428571428571,14,,,,,25234
2016-02-07,201606,28.0,28,28,28,0.5798247,18.042051,0,2,330452420160619589,2023-08-20,Rio das Ostras,1.0556493,155193,22.8571428571429,100.0,1,0,1,82.3614765714286,59.0,27.142128,33.5714285714286,15,,,,,25234
2016-01-31,201605,28.0,28,28,28,0.62879235,18.042051,0,1,330452420160519589,2023-08-20,Rio das Ostras,1.0932107,155193,23.2857142857143,99.1428571428571,1,0,1,78.4264182857143,54.0,28.270926,35.2857142857143,21,,,,,25234
2016-01-24,201604,25.0,25,25,25,0.40652406,16.108974,0,1,330452420160419589,2023-08-20,Rio das Ostras,0.9368064,155193,23.8571428571429,98.2857142857143,1,0,1,89.3281217142857,80.4285714285714,25.7971384285714,28.5714285714286,20,,,,,25234
2016-01-17,201603,30.0,30,30,30,0.44932738,19.330769,0,1,330452420160319589,2023-08-20,Rio das Ostras,0.9681224,155193,21.7142857142857,99.1428571428571,0,0,1,95.1297685714286,89.1428571428571,22.8334811428571,24.1428571428571,23,,,,,25234
2016-01-10,201602,15.0,15,15,15,0.008900049,9.665384,0,2,330452420160219589,2023-08-20,Rio das Ostras,0.4884885,155193,24.5714285714286,95.8571428571429,1,0,1,90.1381471428571,80.4285714285714,25.8602827142857,28.2857142857143,15,,,,,25234
2016-01-03,201601,43.0,43,43,43,0.97181714,27.707436,0,2,330452420160119589,2023-08-20,Rio das Ostras,1.5820858,155193,22.2857142857143,98.2857142857143,1,1,1,91.1675168571429,85.4285714285714,24.1734692857143,25.8571428571429,36,,,,,25234
2015-12-27,201552,29.0,29,29,29,0.7166841,18.686409,0,2,330452420155219589,2023-08-20,Rio das Ostras,1.1679212,155193,24.0,96.7142857142857,1,0,1,89.8570065714286,80.1428571428571,25.3221767142857,27.5714285714286,33,,,,,25234
2015-12-20,201551,27.0,27,27,27,0.5052413,17.397692,0,2,330452420155119589,2023-08-20,Rio das Ostras,1.0035577,155193,23.7142857142857,95.8571428571429,1,0,1,89.4217691428571,81.7142857142857,25.2040815714286,27.4285714285714,27,,,,,25234
2015-12-13,201550,24.0,24,24,24,0.1474297,15.464615,0,2,330452420155019589,2023-08-20,Rio das Ostras,0.7559036,155193,23.8571428571429,94.1428571428571,1,0,1,87.80102,79.5714285714286,25.5289114285714,27.5714285714286,23,,,,,25234
2015-12-06,201549,20.0,20,20,20,0.06058801,12.887179,0,3,330452420154919589,2023-08-20,Rio das Ostras,0.6467134,155193,23.4285714285714,99.1428571428571,1,0,1,91.7334514285714,82.2857142857143,25.0293692857143,27.0,16,,,,,25234
2015-11-29,201548,40.0,40,40,40,0.9670119,25.774359,0,3,330452420154819589,2023-08-20,Rio das Ostras,1.5808947,155193,23.0,100.0,1,1,1,91.8029594285714,77.4285714285714,25.2056278571429,28.8571428571429,28,,,,,25234
2015-11-22,201547,35.0,35,35,35,0.9717354,22.552563,0,2,330452420154719589,2023-08-20,Rio das Ostras,1.6727058,155193,22.2857142857143,97.5714285714286,1,1,1,84.9718914285714,66.7142857142857,25.2245424285714,29.8571428571429,23,,,,,25234
2015-11-15,201546,20.0,20,20,20,0.6336467,12.887179,0,2,330452420154619589,2023-08-20,Rio das Ostras,1.1160417,155193,23.8333333333333,98.0,1,0,1,83.4245351666667,60.1666666666667,27.2271893333333,33.1666666666667,18,,,,,25234
2015-11-08,201545,24.0,24,24,24,0.88465506,15.464615,0,1,330452420154519589,2023-08-20,Rio das Ostras,1.4566821,155193,23.2857142857143,97.5714285714286,1,0,1,81.010622,60.1428571428571,27.3223445714286,33.0,20,,,,,25234
2015-11-01,201544,15.0,15,15,15,0.4544939,9.665384,0,1,330452420154419589,2023-08-20,Rio das Ostras,0.96006083,155193,23.75,97.125,1,0,1,85.0828355,68.75,26.309189,30.625,13,,,,,25234
2015-10-25,201543,17.0,17,17,17,0.7252259,10.9541025,0,1,330452420154319589,2023-08-20,Rio das Ostras,1.2381058,155193,21.4285714285714,98.2857142857143,0,0,1,85.1700094285714,66.2857142857143,24.4270267142857,28.7142857142857,11,,,,,25234
2015-10-18,201542,16.0,16,16,16,0.78802353,10.309743,0,1,330452420154219589,2023-08-20,Rio das Ostras,1.350053,155193,21.2857142857143,95.0,0,0,1,81.8939464285714,61.8571428571429,24.239235,29.1428571428571,14,,,,,25234
2015-10-11,201541,16.0,16,16,16,0.77643985,10.309743,0,1,330452420154119589,2023-08-20,Rio das Ostras,1.3287956,155193,21.5714285714286,95.8571428571429,0,0,1,75.5051697142857,48.4285714285714,26.5515304285714,34.0,9,,,,,25234
2015-10-04,201540,7.0,7,7,7,0.1211599,4.510513,0,1,330452420154019589,2023-08-20,Rio das Ostras,0.58595836,155193,20.0,94.0,0,0,1,76.1292234285714,54.4285714285714,24.0691247142857,29.5714285714286,6,,,,,25234
2015-09-27,201539,15.0,15,15,15,0.7409521,9.665384,0,1,330452420153919589,2023-08-20,Rio das Ostras,1.2803155,155193,22.5714285714286,93.2857142857143,1,0,1,80.7230948571429,60.7142857142857,25.6361905714286,30.8571428571429,8,,,,,25234
2015-09-20,201538,12.0,12,12,12,0.3462503,7.7323074,0,1,330452420153819589,2023-08-20,Rio das Ostras,0.85821056,155193,20.0,98.2857142857143,0,0,1,79.5208214285714,53.4285714285714,25.3399744285714,32.1428571428571,9,,,,,25234
2015-09-13,201537,10.0,10,10,10,0.0321057,6.4435897,0,1,330452420153719589,2023-08-20,Rio das Ostras,0.50313747,155193,20.0,98.2857142857143,0,0,1,84.0572737142857,62.5714285714286,24.1086727142857,30.5714285714286,7,,,,,25234
2015-09-06,201536,12.0,12,12,12,0.0054280153,7.7323074,0,1,330452420153619589,2023-08-20,Rio das Ostras,0.43408355,155193,20.1428571428571,97.5714285714286,0,0,1,88.0078005714286,70.8571428571429,22.4875458571429,26.2857142857143,7,,,,,25234
2015-08-30,201535,18.0,18,18,18,0.008437942,11.598461,0,1,330452420153519589,2023-08-20,Rio das Ostras,0.5125491,155193,18.8571428571429,96.5714285714286,0,0,1,79.5930448571429,53.7142857142857,23.2717195714286,29.2857142857143,14,,,,,25234
2015-08-23,201534,30.0,30,30,30,0.09454738,19.330769,0,1,330452420153419589,2023-08-20,Rio das Ostras,0.7321288,155193,18.8571428571429,98.2857142857143,0,0,1,79.5082094285714,53.8571428571429,23.2154968571429,29.7142857142857,20,,,,,25234
2015-08-16,201533,33.0,33,33,33,0.13708098,21.263845,0,1,330452420153319589,2023-08-20,Rio das Ostras,0.77770686,155193,19.1428571428571,95.0,0,0,1,75.3995062857143,48.0,23.5916662857143,30.5714285714286,21,,,,,25234
2015-08-09,201532,46.0,46,46,46,0.6174225,29.640512,0,1,330452420153219589,2023-08-20,Rio das Ostras,1.0650058,155193,17.4285714285714,96.5714285714286,0,0,1,80.4492868571429,55.7142857142857,21.7743875714286,27.4285714285714,35,,,,,25234
2015-08-02,201531,45.0,45,45,45,0.39923966,28.996153,0,1,330452420153119589,2023-08-20,Rio das Ostras,0.9484946,155193,16.4285714285714,99.1428571428571,0,0,1,81.51918,53.4285714285714,22.423942,29.8571428571429,32,,,,,25234
2015-07-26,201530,35.0,35,35,35,0.059649237,22.552563,0,1,330452420153019589,2023-08-20,Rio das Ostras,0.71156484,155193,19.0,99.1428571428571,0,0,1,87.1881871428571,67.5714285714286,22.8788461428571,28.0,23,,,,,25234
2015-07-19,201529,53.0,53,53,53,0.7899149,34.151024,0,1,330452420152919589,2023-08-20,Rio das Ostras,1.1763189,155193,18.5714285714286,97.4285714285714,0,0,1,80.8690468571429,57.0,22.6564285714286,28.1428571428571,36,,,,,25234
2015-07-12,201528,52.0,52,52,52,0.8024627,33.506664,0,1,330452420152819589,2023-08-20,Rio das Ostras,1.1893626,155193,20.2857142857143,97.4285714285714,0,0,1,76.6307074285714,43.4285714285714,24.5903718571429,32.5714285714286,36,,,,,25234
2015-07-05,201527,50.0,50,50,50,0.36626056,32.21795,0,1,330452420152719589,2023-08-20,Rio das Ostras,0.9352423,155193,18.0,97.4285714285714,0,0,1,82.0304228571429,59.2857142857143,21.6461638571429,26.5714285714286,41,,,,,25234
2015-06-28,201526,25.0,25,25,25,3.5565943e-05,16.108974,0,4,330452420152619589,2023-08-20,Rio das Ostras,0.40913516,155193,18.4285714285714,99.1428571428571,0,0,1,78.2935888571429,49.8571428571429,23.5130645714286,30.8571428571429,23,,,,,25234
2015-06-21,201525,61.0,61,61,61,0.52555007,39.305897,0,4,330452420152519589,2023-08-20,Rio das Ostras,1.0116658,155193,17.1428571428571,100.0,0,0,2,84.9855854285714,57.8571428571429,21.0236502857143,26.7142857142857,53,,,,,25234
2015-06-14,201524,71.0,71,71,71,0.86645305,45.749485,0,4,330452420152419589,2023-08-20,Rio das Ostras,1.2152281,155193,19.0,100.0,0,0,2,81.9599488571429,53.5714285714286,23.1479094285714,30.0,52,,,,,25234
2015-06-07,201523,54.0,54,54,54,0.403786,34.795383,0,4,330452420152319589,2023-08-20,Rio das Ostras,0.95488846,155193,16.7142857142857,99.1428571428571,0,0,2,79.2867974285714,48.2857142857143,23.1250002857143,31.5714285714286,38,,,,,25234
2015-05-31,201522,62.0,62,62,62,0.80611485,39.950256,0,4,330452420152219589,2023-08-20,Rio das Ostras,1.1745664,155193,18.5714285714286,99.1428571428571,0,0,2,84.3388091428571,58.5714285714286,22.7642857142857,28.2857142857143,50,,,,,25234
2015-05-24,201521,56.0,56,56,56,0.8492644,36.084103,0,3,330452420152119589,2023-08-20,Rio das Ostras,1.2271314,155193,17.2857142857143,99.1428571428571,0,0,2,82.1240841428571,52.5714285714286,23.0307974285714,30.7142857142857,46,,,,,25234
2015-05-17,201520,56.0,56,56,56,0.972176,36.084103,0,3,330452420152019589,2023-08-20,Rio das Ostras,1.4883513,155193,18.4285714285714,100.0,0,1,2,85.2152365714286,61.8571428571429,22.5021691428571,28.4285714285714,36,,,,,25234
2015-05-10,201519,48.0,48,48,48,0.95486623,30.92923,0,1,330452420151919589,2023-08-20,Rio das Ostras,1.4594754,155193,18.7142857142857,98.2857142857143,0,1,1,81.6250408571429,55.7142857142857,22.7218308571429,29.0,46,,,,,25234
2015-05-03,201518,33.0,33,33,33,0.6630655,21.263845,0,1,330452420151819589,2023-08-20,Rio das Ostras,1.1114568,155193,20.2857142857143,97.5714285714286,0,0,1,82.4681277142857,58.1428571428571,23.4107855714286,28.7142857142857,30,,,,,25234
2015-04-26,201517,33.0,33,33,33,0.83491373,21.263845,0,1,330452420151719589,2023-08-20,Rio das Ostras,1.2886447,155193,19.0,99.1428571428571,0,0,1,85.2991497142857,59.2857142857143,22.9873467142857,29.2857142857143,28,,,,,25234
2015-04-19,201516,32.0,32,32,32,0.94276124,20.619486,0,1,330452420151619589,2023-08-20,Rio das Ostras,1.5473716,155193,22.4285714285714,98.2857142857143,1,0,1,83.5854477142857,60.4285714285714,25.9324097142857,31.4285714285714,24,,,,,25234
2015-04-12,201515,24.0,24,24,24,0.9269736,15.464615,0,1,330452420151519589,2023-08-20,Rio das Ostras,1.5942266,155193,20.1428571428571,100.0,0,0,1,79.4469691428571,50.1428571428571,25.5600651428571,32.7142857142857,19,,,,,25234
2015-04-05,201514,24.0,24,24,24,0.99088246,15.464615,0,1,330452420151419589,2023-08-20,Rio das Ostras,2.2868457,155193,20.1428571428571,97.4285714285714,0,1,1,78.402996,53.1428571428571,24.9011155714286,31.5714285714286,19,,,,,25234
2015-03-29,201513,12.0,12,12,12,0.8476163,7.7323074,0,1,330452420151319589,2023-08-20,Rio das Ostras,1.5838624,155193,21.8571428571429,98.2857142857143,0,0,1,80.600598,53.7142857142857,26.1117164285714,33.0,11,,,,,25234
2015-03-22,201512,12.0,12,12,12,0.93857443,7.7323074,0,1,330452420151219589,2023-08-20,Rio das Ostras,2.093909,155193,21.1428571428571,100.0,0,0,1,82.9597374285714,58.5714285714286,25.7893115714286,31.5714285714286,6,,,,,25234
2015-03-15,201511,4.0,4,4,4,0.60255265,2.5774357,0,1,330452420151119589,2023-08-20,Rio das Ostras,1.1991439,155193,22.7142857142857,100.0,1,0,0,84.1152697142857,60.0,26.7099662857143,32.5714285714286,3,,,,,25234
2015-03-08,201510,10.0,10,10,10,0.9911279,6.4435897,0,1,330452420151019589,2023-08-20,Rio das Ostras,4.328293,155193,23.7142857142857,97.4285714285714,1,1,1,78.47435,52.1428571428571,27.829394,34.4285714285714,3,,,,,25234
2015-03-01,201509,0.0,0,0,0,0.0,0.0,0,1,330452420150919589,2023-08-20,Rio das Ostras,0.0,155193,22.5714285714286,97.4285714285714,0,0,0,78.1502025714286,56.1428571428571,27.2090705714286,33.0,1,,,,,25234
2015-02-22,201508,2.0,2,2,2,0.6352934,1.2887179,0,1,330452420150819589,2023-08-20,Rio das Ostras,1.394038,155193,22.4285714285714,99.1428571428571,1,0,0,79.7202377142857,55.1428571428571,27.4940477142857,33.4285714285714,1,,,,,25234
2015-02-15,201507,4.0,4,4,4,0.9159358,2.5774357,0,1,330452420150719589,2023-08-20,Rio das Ostras,3.3144658,155193,23.4285714285714,95.0,1,0,0,72.1004151428571,42.2857142857143,28.2582814285714,36.0,3,,,,,25234
2015-02-08,201506,0.0,0,0,0,0.0,0.0,0,1,330452420150619589,2023-08-20,Rio das Ostras,0.0,155193,23.4285714285714,96.5714285714286,0,0,0,76.2787272857143,50.5714285714286,28.1173801428571,35.2857142857143,0,,,,,25234
2015-02-01,201505,1.0,1,1,1,0.39491507,0.64435893,0,2,330452420150519589,2023-08-20,Rio das Ostras,0.74605393,155193,23.0,98.2857142857143,1,0,0,78.7094718571429,50.8571428571429,27.1139154285714,33.8571428571429,0,,,,,25234
2015-01-25,201504,2.0,2,2,2,0.84423274,1.2887179,0,1,330452420150419589,2023-08-20,Rio das Ostras,3.07402,155193,23.8571428571429,94.2857142857143,1,0,0,73.3754577142857,50.4285714285714,28.2646517142857,34.5714285714286,1,,,,,25234
2015-01-18,201503,2.0,2,2,2,0.9062018,1.2887179,0,1,330452420150319589,2023-08-20,Rio das Ostras,4.84484,155193,23.1428571428571,93.5714285714286,1,0,0,72.6107805714286,50.1428571428571,27.8679651428571,33.8571428571429,2,,,,,25234
2015-01-11,201502,0.0,0,0,0,0.0,0.0,0,1,330452420150219589,2023-08-20,Rio das Ostras,0.0,155193,23.4285714285714,91.7142857142857,0,0,0,68.8203454285714,42.0,28.521104,36.5714285714286,0,,,,,25234
2015-01-04,201501,0.0,0,0,0,0.0,0.0,0,1,330452420150119589,2023-08-20,Rio das Ostras,0.0,155193,23.1428571428571,92.7142857142857,0,0,0,71.3154765714286,43.8571428571429,28.0357142857143,35.4285714285714,0,,,,,25234
2014-12-28,201453,1.0,1,1,1,0.43193936,0.64435893,0,1,330452420145319589,2023-08-20,Rio das Ostras,0.8256961,155193,23.5714285714286,93.4285714285714,1,0,0,70.8287545714286,45.8571428571429,29.0123622857143,36.7142857142857,0,,,,,25234
2014-12-21,201452,1.0,1,1,1,0.4526006,0.64435893,0,1,330452420145219589,2023-08-20,Rio das Ostras,0.87436306,155193,23.5714285714286,96.7142857142857,1,0,0,74.8442857142857,49.2857142857143,28.5161905714286,35.5714285714286,0,,,,,25234
2014-12-14,201451,2.0,2,2,2,0.60125864,1.2887179,0,1,330452420145119589,2023-08-20,Rio das Ostras,1.2740672,155193,20.7142857142857,98.2857142857143,0,0,0,78.5428571428571,52.5714285714286,26.1000004285714,32.4285714285714,0,,,,,25234
2014-12-07,201450,0.0,0,0,0,0.0,0.0,0,1,330452420145019589,2023-08-20,Rio das Ostras,0.0,155193,22.7142857142857,94.2857142857143,0,0,0,75.0476194285714,50.4285714285714,27.5178571428571,34.4285714285714,0,,,,,25234
2014-11-30,201449,2.0,2,2,2,0.33392924,1.2887179,0,1,330452420144919589,2023-08-20,Rio das Ostras,0.69814074,155193,22.4285714285714,96.5714285714286,1,0,0,80.6554162857143,57.2857142857143,25.8741834285714,31.7142857142857,0,,,,,25234
2014-11-23,201448,2.0,2,2,2,0.3253027,1.2887179,0,1,330452420144819589,2023-08-20,Rio das Ostras,0.68532884,155193,23.2857142857143,98.4285714285714,1,0,0,84.7512477142857,59.2857142857143,26.0197865714286,32.4285714285714,0,,,,,25234
2014-11-16,201447,3.0,3,3,3,0.68928397,1.9330769,0,1,330452420144719589,2023-08-20,Rio das Ostras,1.5068822,155193,18.0,94.1428571428571,0,0,0,70.6045912857143,48.7142857142857,24.5467687142857,30.0,1,,,,,25234
2014-11-09,201446,4.0,4,4,4,0.931622,2.5774357,0,1,330452420144619589,2023-08-20,Rio das Ostras,3.777181,155193,20.8571428571429,96.5714285714286,0,0,0,80.6228848571429,62.2857142857143,24.5947481428571,29.4285714285714,1,,,,,25234
2014-11-02,201445,2.0,2,2,2,0.7209964,1.2887179,0,1,330452420144519589,2023-08-20,Rio das Ostras,1.8052895,155193,22.0,94.0,0,0,0,74.3270697142857,46.2857142857143,26.4116768571429,34.1428571428571,1,,,,,25234
2014-10-26,201444,0.0,0,0,0,0.0,0.0,0,1,330452420144419589,2023-08-20,Rio das Ostras,0.0,155193,20.5714285714286,95.8571428571429,0,0,0,75.309264,48.0,25.6995342857143,33.1428571428571,0,,,,,25234
2014-10-19,201443,1.0,1,1,1,0.26700813,0.64435893,0,1,330452420144319589,2023-08-20,Rio das Ostras,0.52492213,155193,19.1428571428571,99.1428571428571,0,0,0,80.1525751428571,59.1428571428571,23.7182548571429,28.8571428571429,0,,,,,25234
2014-10-12,201442,2.0,2,2,2,0.49580646,1.2887179,0,1,330452420144219589,2023-08-20,Rio das Ostras,0.9905989,155193,21.75,97.0,0,0,0,79.43181,57.5,25.548419,31.5,1,,,,,25234
2014-10-05,201441,2.0,2,2,2,0.34361756,1.2887179,0,1,330452420144119589,2023-08-20,Rio das Ostras,0.71277255,155193,22.175,,1,0,0,,,,,0,,,,,25234
2014-09-28,201440,2.0,2,2,2,0.20939675,1.2887179,0,1,330452420144019589,2023-08-20,Rio das Ostras,0.5278432,155193,22.6,94.4,1,0,0,79.6750016,57.2,25.8833332,31.6,0,,,,,25234
2014-09-21,201439,1.0,1,1,1,0.10224828,0.64435893,0,1,330452420143919589,2023-08-20,Rio das Ostras,0.3039651,155193,18.2857142857143,94.0,0,0,0,73.3811908571429,43.0,23.68158,31.1428571428571,0,,,,,25234
2014-09-14,201438,7.0,7,7,7,0.951811,4.510513,0,1,330452420143819589,2023-08-20,Rio das Ostras,3.0528367,155193,19.8571428571429,93.1428571428571,0,1,1,75.1558205714286,46.2857142857143,24.5138342857143,31.8571428571429,2,,,,,25234
2014-09-07,201437,2.0,2,2,2,0.49183145,1.2887179,0,1,330452420143719589,2023-08-20,Rio das Ostras,0.98180026,155193,17.5714285714286,93.1428571428571,0,0,0,71.7391317142857,39.4285714285714,23.7963248571429,32.2857142857143,0,,,,,25234
2014-08-31,201436,3.0,3,3,3,0.50091344,1.9330769,0,1,330452420143619589,2023-08-20,Rio das Ostras,1.0017451,155193,17.7142857142857,96.5714285714286,0,0,0,75.1674842857143,49.2857142857143,22.9052794285714,29.0,3,,,,,25234
2014-08-24,201435,0.0,0,0,0,0.0,0.0,0,1,330452420143519589,2023-08-20,Rio das Ostras,0.0,155193,17.4285714285714,98.2857142857143,0,0,0,80.1734331428571,52.2857142857143,22.0304641428571,29.0,0,,,,,25234
2014-08-17,201434,4.0,4,4,4,0.28454378,2.5774357,0,1,330452420143419589,2023-08-20,Rio das Ostras,0.7027074,155193,17.0,100.0,0,0,0,84.4500514285714,58.4285714285714,22.0901418571429,28.5714285714286,3,,,,,25234
2014-08-10,201433,4.0,4,4,4,0.24597894,2.5774357,0,1,330452420143319589,2023-08-20,Rio das Ostras,0.65743625,155193,17.0,100.0,0,0,0,82.6329748571429,56.5714285714286,21.2016091428571,27.5714285714286,2,,,,,25234
2014-08-03,201432,4.0,4,4,4,0.54854983,2.5774357,0,1,330452420143219589,2023-08-20,Rio das Ostras,1.086963,155193,13.5714285714286,100.0,0,0,0,79.7986228571429,49.2857142857143,20.5622462857143,28.7142857142857,2,,,,,25234
2014-07-27,201431,12.0,12,12,12,0.99837714,7.7323074,0,1,330452420143119589,2023-08-20,Rio das Ostras,6.10033,155193,16.5714285714286,100.0,0,1,1,85.9838537142857,66.1428571428571,20.178658,25.1428571428571,3,,,,,25234
2014-07-20,201430,0.0,0,0,0,0.0,0.0,0,1,330452420143019589,2023-08-20,Rio das Ostras,0.0,155193,17.0,97.4285714285714,0,0,0,79.2088742857143,54.7142857142857,21.2343071428571,27.2857142857143,0,,,,,25234
2014-07-13,201429,2.0,2,2,2,0.30290025,1.2887179,0,1,330452420142919589,2023-08-20,Rio das Ostras,0.65293145,155193,17.1428571428571,98.2857142857143,0,0,0,77.0883337142857,48.8571428571429,21.818126,28.5714285714286,2,,,,,25234
2014-07-06,201428,1.0,1,1,1,0.1034509,0.64435893,0,1,330452420142819589,2023-08-20,Rio das Ostras,0.3055318,155193,19.0,100.0,0,0,0,85.2498957142857,60.5714285714286,22.4369437142857,28.2857142857143,0,,,,,25234
2014-06-29,201427,5.0,5,5,5,0.68282026,3.2217948,0,1,330452420142719589,2023-08-20,Rio das Ostras,1.3627101,155193,19.0,99.1428571428571,0,0,1,85.059048,59.8571428571429,23.450238,29.8571428571429,4,,,,,25234
2014-06-22,201426,2.0,2,2,2,0.14494345,1.2887179,0,1,330452420142619589,2023-08-20,Rio das Ostras,0.44611707,155193,16.0,100.0,0,0,0,82.9333337142857,55.0,21.7704762857143,29.0,0,,,,,25234
2014-06-15,201425,4.0,4,4,4,0.30830935,2.5774357,0,1,330452420142519589,2023-08-20,Rio das Ostras,0.731228,155193,17.2857142857143,100.0,0,0,0,86.7247808571429,64.4285714285714,21.7401082857143,27.2857142857143,4,,,,,25234
2014-06-08,201424,4.0,4,4,4,0.24362741,2.5774357,0,1,330452420142419589,2023-08-20,Rio das Ostras,0.6547036,155193,19.7142857142857,99.1428571428571,0,0,0,83.8638091428571,56.8571428571429,23.786522,30.1428571428571,1,,,,,25234
2014-06-01,201423,6.0,6,6,6,0.5599842,3.8661537,0,1,330452420142319589,2023-08-20,Rio das Ostras,1.0896304,155193,17.7142857142857,99.1428571428571,0,0,1,78.44584,45.1428571428571,23.1599377142857,31.4285714285714,3,,,,,25234
2014-05-25,201422,6.0,6,6,6,0.8206926,3.8661537,0,1,330452420142219589,2023-08-20,Rio das Ostras,1.7962652,155193,17.8571428571429,100.0,0,0,1,85.0732605714286,62.8571428571429,21.6458905714286,27.4285714285714,3,,,,,25234
2014-05-18,201421,8.0,8,8,8,0.9843629,5.1548715,0,1,330452420142119589,2023-08-20,Rio das Ostras,4.376373,155193,18.5714285714286,100.0,0,1,1,83.725492,57.4285714285714,23.6271165714286,30.4285714285714,1,,,,,25234
2014-05-11,201420,2.0,2,2,2,0.33234915,1.2887179,0,1,330452420142019589,2023-08-20,Rio das Ostras,0.69577914,155193,17.0,99.1428571428571,0,0,0,83.7472742857143,52.2857142857143,22.1946534285714,29.2857142857143,1,,,,,25234
2014-05-04,201419,1.0,1,1,1,0.023856018,0.64435893,0,1,330452420141919589,2023-08-20,Rio das Ostras,0.18554586,155193,19.0,100.0,0,0,0,84.6043034285714,55.4285714285714,24.300275,32.0,1,,,,,25234
2014-04-27,201418,0.0,0,0,0,0.0,0.0,0,1,330452420141819589,2023-08-20,Rio das Ostras,0.0,155193,14.7142857142857,100.0,0,0,0,76.8198762857143,45.1428571428571,21.5747931428571,29.8571428571429,0,,,,,25234
2014-04-20,201417,9.0,9,9,9,0.81794494,5.7992306,0,1,330452420141719589,2023-08-20,Rio das Ostras,1.5951202,155193,20.4285714285714,99.1428571428571,0,0,1,83.8814697142857,56.5714285714286,24.9019151428571,31.1428571428571,2,,,,,25234
2014-04-13,201416,6.0,6,6,6,0.4618555,3.8661537,0,1,330452420141619589,2023-08-20,Rio das Ostras,0.94862974,155193,21.8571428571429,99.1428571428571,0,0,1,87.137856,62.7142857142857,25.2038094285714,30.7142857142857,5,,,,,25234
2014-04-06,201415,5.0,5,5,5,0.13536257,3.2217948,0,1,330452420141519589,2023-08-20,Rio das Ostras,0.5578798,155193,20.7142857142857,100.0,0,0,1,80.6289668571429,49.0,26.425926,34.1428571428571,3,,,,,25234
2014-03-30,201414,5.0,5,5,5,0.043764234,3.2217948,0,1,330452420141419589,2023-08-20,Rio das Ostras,0.42725897,155193,22.0,100.0,0,0,1,86.4298894285714,61.5714285714286,26.3555668571429,32.2857142857143,4,,,,,25234
2014-03-23,201413,8.0,8,8,8,0.14906801,5.1548715,0,1,330452420141319589,2023-08-20,Rio das Ostras,0.63458335,155193,20.8571428571429,99.1428571428571,0,0,1,82.5245848571429,56.7142857142857,25.0429608571429,31.4285714285714,6,,,,,25234
2014-03-16,201412,15.0,15,15,15,0.709592,9.665384,0,2,330452420141219589,2023-08-20,Rio das Ostras,1.2326918,155193,22.4285714285714,97.4285714285714,1,0,1,72.3555608571429,38.8571428571429,27.9964342857143,37.5714285714286,7,,,,,25234
2014-03-09,201411,11.0,11,11,11,0.5349914,7.0879483,0,2,330452420141119589,2023-08-20,Rio das Ostras,1.0377669,155193,23.0,97.4285714285714,1,0,1,78.167184,46.5714285714286,27.4099382857143,35.4285714285714,6,,,,,25234
2014-03-02,201410,15.0,15,15,15,0.87536746,9.665384,0,1,330452420141019589,2023-08-20,Rio das Ostras,1.5908799,155193,22.2857142857143,100.0,1,0,1,86.3372148571429,59.4285714285714,25.5509831428571,32.0,5,,,,,25234
2014-02-23,201409,9.0,9,9,9,0.58659124,5.7992306,0,1,330452420140919589,2023-08-20,Rio das Ostras,1.1087939,155193,22.7142857142857,97.5714285714286,1,0,1,73.1128365714286,43.5714285714286,28.1195654285714,36.0,6,,,,,25234
2014-02-16,201408,9.0,9,9,9,0.78654313,5.7992306,0,1,330452420140819589,2023-08-20,Rio das Ostras,1.4957165,155193,21.1428571428571,99.1428571428571,0,0,1,81.5321417142857,53.8571428571429,26.2261905714286,33.5714285714286,3,,,,,25234
2014-02-09,201407,11.0,11,11,11,0.9334091,7.0879483,0,2,330452420140719589,2023-08-20,Rio das Ostras,2.120884,155193,22.8571428571429,95.0,1,0,1,73.3433542857143,41.0,27.9745965714286,36.7142857142857,4,,,,,25234
2014-02-02,201406,3.0,3,3,3,0.11281449,1.9330769,0,2,330452420140619589,2023-08-20,Rio das Ostras,0.4596165,155193,23.5714285714286,98.4285714285714,1,0,0,77.9285714285714,49.1428571428571,27.7857142857143,34.5714285714286,2,,,,,25234
2014-01-26,201405,6.0,6,6,6,0.20960966,3.8661537,0,2,330452420140519589,2023-08-20,Rio das Ostras,0.66414607,155193,22.2857142857143,99.1428571428571,1,0,1,77.2261908571429,46.4285714285714,27.3630951428571,34.2857142857143,3,,,,,25234
2014-01-19,201404,3.0,3,3,3,0.03263788,1.9330769,0,2,330452420140419589,2023-08-20,Rio das Ostras,0.33316615,155193,23.2857142857143,96.5714285714286,1,0,0,76.8539368571429,50.2857142857143,27.8021978571429,35.4285714285714,1,,,,,25234
2014-01-12,201403,13.0,13,13,13,0.9491849,8.376666,0,2,330452420140319589,2023-08-20,Rio das Ostras,2.1345541,155193,22.8571428571429,96.7142857142857,1,0,1,76.8084414285714,51.7142857142857,27.3852814285714,34.4285714285714,3,,,,,25234
2014-01-05,201402,10.0,10,10,10,0.9776722,6.4435897,0,1,330452420140219589,2023-08-20,Rio das Ostras,3.1757565,155193,22.7142857142857,98.2857142857143,1,1,1,79.5658462857143,54.7142857142857,26.9287564285714,33.5714285714286,2,,,,,25234
2013-12-29,201401,7.0,7,7,7,0.93273634,4.510513,0,1,330452420140119589,2023-08-20,Rio das Ostras,2.6441844,155193,24.0,100.0,1,0,1,78.4707451428571,51.2857142857143,28.7410142857143,36.5714285714286,4,,,,,25234
2013-12-22,201352,0.0,0,0,0,0.0,0.0,0,1,330452420135219589,2023-08-20,Rio das Ostras,0.0,155193,23.2857142857143,100.0,0,0,0,85.0991022857143,62.5714285714286,26.9733182857143,32.4285714285714,0,,,,,25234
2013-12-15,201351,3.0,3,3,3,0.2559531,1.9330769,0,1,330452420135119589,2023-08-20,Rio das Ostras,0.63610226,155193,22.0,98.0,0,0,0,88.566082,73.0,24.3084883333333,28.3333333333333,0,,,,,25234
2013-12-08,201350,3.0,3,3,3,0.25940692,1.9330769,0,1,330452420135019589,2023-08-20,Rio das Ostras,0.64039016,155193,21.6666666666667,,0,0,0,,,,,0,,,,,25234
2013-12-01,201349,6.0,6,6,6,0.78976274,3.8661537,0,1,330452420134919589,2023-08-20,Rio das Ostras,1.6562494,155193,21.3333333333333,,0,0,1,,,,,2,,,,,25234
2013-11-24,201348,5.0,5,5,5,0.8748366,3.2217948,0,1,330452420134819589,2023-08-20,Rio das Ostras,2.3226626,155193,21.0,100.0,0,0,1,92.245832,72.0,23.6624995,28.5,2,,,,,25234
2013-11-17,201347,4.0,4,4,4,0.9058153,2.5774357,0,1,330452420134719589,2023-08-20,Rio das Ostras,3.0857995,155193,21.2857142857143,97.4285714285714,0,0,0,78.6352831428571,47.0,25.9471948571429,35.0,2,,,,,25234
2013-11-10,201346,2.0,2,2,2,0.63296694,1.2887179,0,1,330452420134619589,2023-08-20,Rio das Ostras,1.3852345,155193,21.4285714285714,96.5714285714286,0,0,0,71.0027654285714,41.2857142857143,27.6305894285714,36.1428571428571,0,,,,,25234
2013-11-03,201345,0.0,0,0,0,0.0,0.0,0,1,330452420134519589,2023-08-20,Rio das Ostras,0.0,155193,18.7142857142857,100.0,0,0,0,82.4404754285714,56.7142857142857,23.4523805714286,29.2857142857143,0,,,,,25234
2013-10-27,201344,2.0,2,2,2,0.7524651,1.2887179,0,1,330452420134419589,2023-08-20,Rio das Ostras,2.018434,155193,19.2857142857143,95.0,0,0,0,76.8656462857143,50.8571428571429,23.1972787142857,29.4285714285714,2,,,,,25234
2013-10-20,201343,2.0,2,2,2,0.9218646,1.2887179,0,1,330452420134319589,2023-08-20,Rio das Ostras,5.7128496,155193,21.4285714285714,99.1428571428571,0,0,0,79.0237401428571,52.1428571428571,26.4082532857143,33.8571428571429,0,,,,,25234
2013-10-13,201342,1.0,1,1,1,0.96022433,0.64435893,0,1,330452420134219589,2023-08-20,Rio das Ostras,17.07748,155193,20.4285714285714,96.5714285714286,0,0,0,77.7359,50.5714285714286,24.802298,32.1428571428571,0,,,,,25234
2013-10-06,201341,0.0,0,0,0,0.0,0.0,0,1,330452420134119589,2023-08-20,Rio das Ostras,0.0,155193,16.5714285714286,96.5714285714286,0,0,0,72.5578571428571,46.5714285714286,21.9640474285714,28.7142857142857,0,,,,,25234
2013-09-29,201340,0.0,0,0,0,0.0,0.0,0,1,330452420134019589,2023-08-20,Rio das Ostras,0.0,155193,20.2857142857143,95.7142857142857,0,0,0,81.8233325714286,56.2857142857143,23.9623808571429,31.0,0,,,,,25234
2013-09-22,201339,0.0,0,0,0,0.0,0.0,0,1,330452420133919589,2023-08-20,Rio das Ostras,0.0,155193,18.7142857142857,93.1428571428571,0,0,0,73.3778474285714,46.8571428571429,23.0662522857143,30.0,0,,,,,25234
2013-09-15,201338,0.0,0,0,0,0.0,0.0,0,1,330452420133819589,2023-08-20,Rio das Ostras,0.0,155193,20.7142857142857,96.5714285714286,0,0,0,74.9025971428571,43.5714285714286,25.8306634285714,34.5714285714286,0,,,,,25234
2013-09-08,201337,1.0,1,1,1,0.72802776,0.64435893,0,1,330452420133719589,2023-08-20,Rio das Ostras,2.183718,155193,17.4285714285714,100.0,0,0,0,77.7833325714286,45.7142857142857,23.3335711428571,31.1428571428571,1,,,,,25234
2013-09-01,201336,1.0,1,1,1,0.58240527,0.64435893,0,1,330452420133619589,2023-08-20,Rio das Ostras,1.2822081,155193,17.4285714285714,98.2857142857143,0,0,0,79.1440777142857,47.1428571428571,22.3506731428571,30.2857142857143,0,,,,,25234
2013-08-25,201335,0.0,0,0,0,0.0,0.0,0,1,330452420133519589,2023-08-20,Rio das Ostras,0.0,155193,15.5714285714286,94.8571428571429,0,0,0,75.9196754285714,47.8571428571429,21.4493251428571,29.2857142857143,0,,,,,25234
2013-08-18,201334,0.0,0,0,0,0.0,0.0,0,1,330452420133419589,2023-08-20,Rio das Ostras,0.0,155193,17.1428571428571,97.4285714285714,0,0,0,78.8676194285714,51.1428571428571,22.6130951428571,30.0,0,,,,,25234
2013-08-11,201333,3.0,3,3,3,0.9819891,1.9330769,0,1,330452420133319589,2023-08-20,Rio das Ostras,13.750593,155193,16.7142857142857,94.8571428571429,0,0,0,75.825,49.7142857142857,21.5273811428571,28.7142857142857,1,,,,,25234
2013-08-04,201332,0.0,0,0,0,0.0,0.0,0,1,330452420133219589,2023-08-20,Rio das Ostras,0.0,155193,16.4285714285714,94.8571428571429,0,0,0,73.4171428571429,35.5714285714286,23.8740474285714,34.8571428571429,0,,,,,25234
2013-07-28,201331,0.0,0,0,0,0.0,0.0,0,1,330452420133119589,2023-08-20,Rio das Ostras,0.0,155193,13.8571428571429,94.8571428571429,0,0,0,75.6239648571429,40.0,20.9648031428571,30.5714285714286,0,,,,,25234
2013-07-21,201330,0.0,0,0,0,0.0,0.0,0,1,330452420133019589,2023-08-20,Rio das Ostras,0.0,155193,17.1428571428571,94.0,0,0,0,77.6845245714286,50.8571428571429,21.4285711428571,28.2857142857143,0,,,,,25234
2013-07-14,201329,1.0,1,1,1,5.9980454e-07,0.64435893,0,1,330452420132919589,2023-08-20,Rio das Ostras,0.048381623,155193,18.0,97.4285714285714,0,0,0,76.7648042857143,41.8571428571429,23.6022437142857,32.4285714285714,0,,,,,25234
2013-07-07,201328,0.0,0,0,0,0.0,0.0,0,1,330452420132819589,2023-08-20,Rio das Ostras,0.0,155193,14.0,98.2857142857143,0,0,0,82.9166674285714,54.0,19.8988097142857,26.7142857142857,0,,,,,25234
2013-06-30,201327,16.0,16,16,16,2.6260914e-06,10.309743,0,1,330452420132719589,2023-08-20,Rio das Ostras,0.30499372,155193,16.5714285714286,94.8571428571429,0,0,1,82.0920208571429,56.2857142857143,21.0897165714286,27.1428571428571,6,,,,,25234
2013-06-23,201326,45.0,45,45,45,0.059528936,28.996153,0,4,330452420132619589,2023-08-20,Rio das Ostras,0.7383038,155193,18.7142857142857,95.7142857142857,0,0,1,80.7726182857143,56.4285714285714,22.6666668571429,28.7142857142857,24,,,,,25234
2013-06-16,201325,57.0,57,57,57,0.070658386,36.728462,0,4,330452420132519589,2023-08-20,Rio das Ostras,0.7729675,155193,18.1428571428571,95.8571428571429,0,0,2,81.167144,57.7142857142857,22.6688097142857,29.1428571428571,30,,,,,25234
2013-06-09,201324,58.0,58,58,58,0.0030802328,37.372818,0,4,330452420132419589,2023-08-20,Rio das Ostras,0.63578665,155193,16.5714285714286,99.1428571428571,0,0,2,84.6205421428571,59.5714285714286,21.4479965714286,27.7142857142857,28,,,,,25234
2013-06-02,201323,64.0,64,64,64,0.00032251465,41.23897,0,4,330452420132319589,2023-08-20,Rio das Ostras,0.5901799,155193,18.4285714285714,100.0,0,0,2,85.5242668571429,60.8571428571429,22.533883,28.4285714285714,41,,,,,25234
2013-05-26,201322,105.0,105,105,105,0.030571291,67.65769,0,4,330452420132219589,2023-08-20,Rio das Ostras,0.7844447,155193,17.2857142857143,99.1428571428571,0,0,2,84.78015,64.2857142857143,21.5381602857143,25.8571428571429,74,,,,,25234
2013-05-19,201321,94.0,94,94,94,6.0975594e-07,60.56974,0,4,330452420132119589,2023-08-20,Rio das Ostras,0.5449233,155193,18.0,99.1428571428571,0,0,2,84.369048,64.7142857142857,21.404762,25.5714285714286,66,,,,,25234
2013-05-12,201320,134.0,134,134,134,3.452134e-07,86.3441,0,4,330452420132019589,2023-08-20,Rio das Ostras,0.5883197,155193,19.5714285714286,100.0,0,0,2,82.5170174285714,59.0,23.8018117142857,29.1428571428571,102,,,,,25234
2013-05-05,201319,160.0,160,160,160,2.8177216e-10,103.097435,0,4,330452420131919589,2023-08-20,Rio das Ostras,0.5506997,155193,15.4285714285714,97.4285714285714,0,0,2,79.6069568571429,55.5714285714286,20.9365075714286,25.8571428571429,118,,,,,25234
2013-04-28,201318,220.0,220,220,220,2.1475334e-07,141.75897,0,4,330452420131819589,2023-08-20,Rio das Ostras,0.64901406,155193,18.0,100.0,0,0,2,83.8845802857143,56.4285714285714,23.0445604285714,28.8571428571429,166,,,,,25234
2013-04-21,201317,302.0,302,302,302,0.016947528,194.5964,0,4,330452420131719589,2023-08-20,Rio das Ostras,0.84744674,155193,16.7142857142857,100.0,0,0,2,80.4404537142857,54.7142857142857,21.6157771428571,26.8571428571429,205,,,,,25234
2013-04-14,201316,357.0,357,357,357,0.85992885,230.03615,0,4,330452420131619589,2023-08-20,Rio das Ostras,1.0859658,155193,17.8571428571429,97.4285714285714,0,0,2,80.74949,57.5714285714286,22.5449997142857,28.1428571428571,263,,,,,25234
2013-04-07,201315,372.0,372,372,372,0.99998116,239.70154,0,4,330452420131519589,2023-08-20,Rio das Ostras,1.387843,155193,21.8571428571429,97.4285714285714,0,1,2,81.8154765714286,56.8571428571429,25.6369045714286,31.7142857142857,264,,,,,25234
2013-03-31,201314,381.0,381,381,381,1.0,245.50076,0,4,330452420131419589,2023-08-20,Rio das Ostras,1.7589746,155193,22.2857142857143,97.4285714285714,1,1,2,83.2522065714286,60.2857142857143,26.1187147142857,31.1428571428571,261,,,,,25234
2013-03-24,201313,222.0,222,222,222,0.90526706,143.04768,0,4,330452420131319589,2023-08-20,Rio das Ostras,1.1371005,155193,22.1428571428571,99.1428571428571,1,0,2,84.4829934285714,60.8571428571429,25.0952382857143,30.7142857142857,146,,,,,25234
2013-03-17,201312,242.0,242,242,242,0.18160616,155.93488,0,4,330452420131219589,2023-08-20,Rio das Ostras,0.9222514,155193,22.2857142857143,99.1428571428571,1,0,2,83.9316662857143,61.7142857142857,25.6826194285714,31.0,182,,,,,25234
2013-03-10,201311,147.0,147,147,147,0.0,94.720764,0,4,330452420131119589,2023-08-20,Rio das Ostras,0.38271713,155193,23.7142857142857,95.8571428571429,1,0,2,78.9773794285714,56.2857142857143,27.6102382857143,33.7142857142857,126,,,,,25234
2013-03-03,201310,143.0,143,143,143,0.0,92.14333,0,4,330452420131019589,2023-08-20,Rio das Ostras,0.34015828,155193,23.0,96.5714285714286,1,0,2,77.9601642857143,54.2857142857143,27.7316482857143,34.2857142857143,101,,,,,25234
2013-02-24,201309,547.0,547,547,547,0.9999995,352.46436,0,4,330452420130919589,2023-08-20,Rio das Ostras,1.3787565,155193,22.1428571428571,98.2857142857143,1,1,2,82.6009531428572,60.2857142857143,25.4411905714286,31.0,438,,,,,25234
2013-02-17,201308,420.0,420,420,420,0.9510855,270.63077,0,4,330452420130819589,2023-08-20,Rio das Ostras,1.1247767,155193,22.7142857142857,95.0,1,1,2,73.7585405714286,47.5714285714286,27.4635094285714,35.2857142857143,338,,,,,25234
2013-02-10,201307,367.0,367,367,367,0.7189316,236.47974,0,4,330452420130719589,2023-08-20,Rio das Ostras,1.0441802,155193,22.8571428571429,95.7142857142857,1,0,2,74.7078157142857,50.1428571428571,27.7166148571429,35.0,273,,,,,25234
2013-02-03,201306,418.0,418,418,418,0.9994573,269.34204,0,4,330452420130619589,2023-08-20,Rio das Ostras,1.2710489,155193,22.5714285714286,98.2857142857143,1,1,2,80.1284425714286,56.0,26.9848207142857,33.4285714285714,306,,,,,25234
2013-01-27,201305,301.0,301,301,301,0.9133897,193.95204,0,4,330452420130519589,2023-08-20,Rio das Ostras,1.1209158,155193,22.5714285714286,99.1428571428571,1,0,2,86.7131517142857,67.1428571428571,25.530118,30.2857142857143,234,,,,,25234
2013-01-20,201304,390.0,390,390,390,1.0,251.29999,0,4,330452420130419589,2023-08-20,Rio das Ostras,2.1174786,155193,21.7142857142857,97.5714285714286,0,1,2,78.6777957142857,46.8571428571429,26.4631067142857,33.2857142857143,269,,,,,25234
2013-01-13,201303,284.0,284,284,284,1.0,182.99794,0,4,330452420130319589,2023-08-20,Rio das Ostras,2.2079728,155193,22.4285714285714,95.8571428571429,1,1,2,78.5168771428571,49.2857142857143,26.759746,33.5714285714286,215,,,,,25234
2013-01-06,201302,162.0,162,162,162,0.9999807,104.386154,0,4,330452420130219589,2023-08-20,Rio das Ostras,1.6818943,155193,23.4,88.0,1,1,2,77.3546084,58.4,26.0360982,31.4,127,,,,,25234
2012-12-30,201301,87.0,87,87,87,0.9994696,56.05923,0,4,330452420130119589,2023-08-20,Rio das Ostras,1.769453,155193,23.675,,1,1,2,,,,,107,,,,,25234
2012-12-23,201252,161.0,161,161,161,1.0,103.74179,0,2,330452420125219589,2023-08-20,Rio das Ostras,10.670353,155193,23.95,,1,1,2,,,,,92,,,,,25234
2012-12-16,201251,7.0,7,7,7,0.83725625,4.510513,0,2,330452420125119589,2023-08-20,Rio das Ostras,1.794135,155193,24.225,,1,0,1,,,,,5,,,,,25234
2012-12-09,201250,11.0,11,11,11,0.9952802,7.0879483,0,1,330452420125019589,2023-08-20,Rio das Ostras,4.825293,155193,24.5,94.0,1,1,1,87.17857,77.5,25.8928575,28.5,7,,,,,25234
2012-12-02,201249,1.0,1,1,1,0.18548104,0.64435893,0,1,330452420124919589,2023-08-20,Rio das Ostras,0.4114115,155193,22.7142857142857,93.2857142857143,1,0,0,78.3782471428571,58.4285714285714,26.8316328571429,31.8571428571429,1,,,,,25234
2012-11-25,201248,1.0,1,1,1,0.1277519,0.64435893,0,1,330452420124819589,2023-08-20,Rio das Ostras,0.336861,155193,21.0,96.5714285714286,0,0,0,86.7001877142857,68.1428571428571,24.1507691428571,29.2857142857143,1,,,,,25234
2012-11-18,201247,4.0,4,4,4,0.48687077,2.5774357,0,1,330452420124719589,2023-08-20,Rio das Ostras,0.9782643,155193,19.7142857142857,95.7142857142857,0,0,0,79.5990111428571,56.0,24.5370452857143,30.2857142857143,4,,,,,25234
2012-11-11,201246,1.0,1,1,1,0.039482635,0.64435893,0,1,330452420124619589,2023-08-20,Rio das Ostras,0.21447086,155193,20.5714285714286,96.5714285714286,0,0,0,83.6978634285714,62.2857142857143,23.5910031428571,29.4285714285714,0,,,,,25234
2012-11-04,201245,5.0,5,5,5,0.60182756,3.2217948,0,1,330452420124519589,2023-08-20,Rio das Ostras,1.1763577,155193,21.1428571428571,95.7142857142857,0,0,1,86.6180128571429,70.5714285714286,24.1936757142857,28.0,4,,,,,25234
2012-10-28,201244,6.0,6,6,6,0.779551,3.8661537,0,1,330452420124419589,2023-08-20,Rio das Ostras,1.6160398,155193,21.5714285714286,93.4285714285714,0,0,1,79.8990371428571,64.1428571428571,25.1706062857143,29.0,2,,,,,25234
2012-10-21,201243,3.0,3,3,3,0.4707447,1.9330769,0,1,330452420124319589,2023-08-20,Rio das Ostras,0.94628584,155193,22.7142857142857,89.4285714285714,1,0,0,80.2438771428571,65.2857142857143,24.9270407142857,28.2857142857143,0,,,,,25234
2012-10-14,201242,5.0,5,5,5,0.7436884,3.2217948,0,1,330452420124219589,2023-08-20,Rio das Ostras,1.5506248,155193,18.4285714285714,95.7142857142857,0,0,1,79.296608,51.2857142857143,23.0947437142857,29.5714285714286,3,,,,,25234
2012-10-07,201241,2.0,2,2,2,0.280892,1.2887179,0,1,330452420124119589,2023-08-20,Rio das Ostras,0.62219644,155193,19.4285714285714,96.5714285714286,0,0,0,79.4130434285714,53.0,23.7004952857143,29.7142857142857,1,,,,,25234
2012-09-30,201240,3.0,3,3,3,0.5537594,1.9330769,0,1,330452420124019589,2023-08-20,Rio das Ostras,1.1109695,155193,17.5714285714286,97.4285714285714,0,0,0,75.1227305714286,41.5714285714286,22.8778065714286,29.5714285714286,1,,,,,25234
2012-09-23,201239,5.0,5,5,5,0.71694803,3.2217948,0,1,330452420123919589,2023-08-20,Rio das Ostras,1.4612793,155193,16.1428571428571,93.1428571428571,0,0,1,76.9022791428571,56.4285714285714,20.3081005714286,25.0,5,,,,,25234
2012-09-16,201238,1.0,1,1,1,0.039967403,0.64435893,0,1,330452420123819589,2023-08-20,Rio das Ostras,0.21528375,155193,20.1428571428571,96.5714285714286,0,0,0,76.0954034285714,47.0,25.176054,32.5714285714286,0,,,,,25234
2012-09-09,201237,2.0,2,2,2,0.15760024,1.2887179,0,1,330452420123719589,2023-08-20,Rio das Ostras,0.4621891,155193,18.8571428571429,100.0,0,0,0,86.7684105714286,68.8571428571429,22.2253031428571,26.7142857142857,2,,,,,25234
2012-09-02,201236,8.0,8,8,8,0.86592704,5.1548715,0,1,330452420123619589,2023-08-20,Rio das Ostras,1.8676685,155193,17.0,94.0,0,0,1,77.0983905714286,55.4285714285714,21.7858554285714,27.0,4,,,,,25234
2012-08-26,201235,3.0,3,3,3,0.1599287,1.9330769,0,1,330452420123519589,2023-08-20,Rio das Ostras,0.51901424,155193,15.7142857142857,100.0,0,0,0,81.8317105714286,55.4285714285714,20.7859025714286,26.4285714285714,3,,,,,25234
2012-08-19,201234,3.0,3,3,3,0.069474645,1.9330769,0,1,330452420123419589,2023-08-20,Rio das Ostras,0.3987941,155193,15.4285714285714,100.0,0,0,0,85.9187371428571,66.8571428571429,20.4803311428571,25.2857142857143,3,,,,,25234
2012-08-12,201233,6.0,6,6,6,0.30659434,3.8661537,0,1,330452420123319589,2023-08-20,Rio das Ostras,0.76724905,155193,17.1428571428571,100.0,0,0,1,87.9114902857143,66.7142857142857,21.3175462857143,26.0,2,,,,,25234
2012-08-05,201232,8.0,8,8,8,0.6270553,5.1548715,0,1,330452420123219589,2023-08-20,Rio das Ostras,1.1783181,155193,15.1428571428571,100.0,0,0,1,81.8213525714286,56.2857142857143,20.2578375714286,25.7142857142857,4,,,,,25234
2012-07-29,201231,10.0,10,10,10,0.7861586,6.4435897,0,1,330452420123119589,2023-08-20,Rio das Ostras,1.4628427,155193,17.1428571428571,100.0,0,0,1,85.2878337142857,60.7142857142857,21.8688074285714,27.8571428571429,7,,,,,25234
2012-07-22,201230,5.0,5,5,5,0.14591809,3.2217948,0,1,330452420123019589,2023-08-20,Rio das Ostras,0.57038087,155193,15.8571428571429,100.0,0,0,1,80.8960271428572,48.1428571428571,22.2685055714286,29.8571428571429,4,,,,,25234
2012-07-15,201229,6.0,6,6,6,0.10094956,3.8661537,0,1,330452420122919589,2023-08-20,Rio das Ostras,0.5402065,155193,16.4285714285714,98.2857142857143,0,0,1,83.9968951428571,62.2857142857143,19.886646,24.2857142857143,4,,,,,25234
2012-07-08,201228,8.0,8,8,8,0.16733322,5.1548715,0,1,330452420122819589,2023-08-20,Rio das Ostras,0.6539363,155193,15.7142857142857,98.2857142857143,0,0,1,79.0390788571429,54.0,20.2608694285714,25.7142857142857,3,,,,,25234
2012-07-01,201227,13.0,13,13,13,0.5235356,8.376666,0,1,330452420122719589,2023-08-20,Rio das Ostras,1.0231749,155193,18.1666666666667,99.0,0,0,1,77.4301623333333,45.3333333333333,23.3019481666667,29.8333333333333,9,,,,,25234
2012-06-24,201226,12.0,12,12,12,0.3222212,7.7323074,0,1,330452420122619589,2023-08-20,Rio das Ostras,0.8374579,155193,16.8571428571429,100.0,0,0,1,85.8609697142857,61.4285714285714,21.0726541428571,26.2857142857143,7,,,,,25234
2012-06-17,201225,13.0,13,13,13,0.11964074,8.376666,0,1,330452420122519589,2023-08-20,Rio das Ostras,0.6629212,155193,19.1428571428571,96.5714285714286,0,0,1,82.0239648571429,58.1428571428571,22.9967905714286,28.0,11,,,,,25234
2012-06-10,201224,12.0,12,12,12,0.007958347,7.7323074,0,1,330452420122419589,2023-08-20,Rio das Ostras,0.45064542,155193,18.7142857142857,99.1428571428571,0,0,1,87.8184752857143,68.8571428571429,22.0645922857143,25.8571428571429,4,,,,,25234
2012-06-03,201223,16.0,16,16,16,0.016445084,10.309743,0,1,330452420122319589,2023-08-20,Rio das Ostras,0.5287887,155193,20.0,100.0,0,0,1,87.2508931428572,68.7142857142857,23.249906,27.5714285714286,9,,,,,25234
2012-05-27,201222,32.0,32,32,32,0.25932154,20.619486,0,1,330452420122219589,2023-08-20,Rio das Ostras,0.8569983,155193,18.4285714285714,100.0,0,0,1,88.451782,63.4285714285714,22.956222,27.5714285714286,18,,,,,25234
2012-05-20,201221,33.0,33,33,33,0.0073768073,21.263845,0,1,330452420122119589,2023-08-20,Rio das Ostras,0.5921307,155193,16.4285714285714,99.1428571428571,0,0,1,83.3615428571429,61.4285714285714,21.2201342857143,26.4285714285714,18,,,,,25234
2012-05-13,201220,20.0,20,20,20,6.300469e-08,12.887179,0,4,330452420122019589,2023-08-20,Rio das Ostras,0.2943084,155193,17.1428571428571,100.0,0,0,1,88.7553485714286,70.2857142857143,20.2332217142857,24.0,8,,,,,25234
2012-05-06,201219,60.0,60,60,60,0.57366437,38.661537,0,4,330452420121919589,2023-08-20,Rio das Ostras,1.0346627,155193,18.2857142857143,99.1428571428571,0,0,2,82.2727751428571,56.8571428571429,22.7518117142857,28.5714285714286,34,,,,,25234
2012-04-29,201218,90.0,90,90,90,0.9999995,57.992306,0,3,330452420121819589,2023-08-20,Rio das Ostras,2.4916897,155193,17.8571428571429,99.1428571428571,0,1,2,85.4118202857143,68.0,21.7749154285714,25.8571428571429,37,,,,,25234
2012-04-22,201217,60.0,60,60,60,0.9999997,38.661537,0,3,330452420121719589,2023-08-20,Rio das Ostras,3.4089816,155193,21.2857142857143,97.5714285714286,0,1,2,84.4367771428571,65.1428571428571,24.627897,28.5714285714286,29,,,,,25234
2012-04-15,201216,35.0,35,35,35,0.99998105,22.552563,0,1,330452420121619589,2023-08-20,Rio das Ostras,3.9339879,155193,19.8571428571429,98.2857142857143,0,1,1,79.0423954285714,54.1428571428571,24.5789571428571,30.2857142857143,24,,,,,25234
2012-04-08,201215,10.0,10,10,10,0.796246,6.4435897,0,1,330452420121519589,2023-08-20,Rio das Ostras,1.4903146,155193,20.7142857142857,100.0,0,0,1,85.8786408571429,67.0,25.1929911428571,29.8571428571429,7,,,,,25234
2012-04-01,201214,6.0,6,6,6,0.39104354,3.8661537,0,1,330452420121419589,2023-08-20,Rio das Ostras,0.8616123,155193,20.7142857142857,100.0,0,0,1,87.6472562857143,62.7142857142857,24.7807974285714,30.5714285714286,5,,,,,25234
2012-03-25,201213,8.0,8,8,8,0.3413947,5.1548715,0,1,330452420121319589,2023-08-20,Rio das Ostras,0.8267434,155193,21.4285714285714,99.1428571428571,0,0,1,87.1450685714286,67.8571428571429,24.5650057142857,29.2857142857143,6,,,,,25234
2012-03-18,201212,4.0,4,4,4,0.013875983,2.5774357,0,1,330452420121219589,2023-08-20,Rio das Ostras,0.3206766,155193,21.4,100.0,0,0,0,83.9491696,63.0,25.495566,30.4,1,,,,,25234
2012-03-11,201211,9.0,9,9,9,0.34400642,5.7992306,0,3,330452420121119589,2023-08-20,Rio das Ostras,0.83754706,155193,22.8,92.0,1,0,1,75.154634,48.6,26.3211182,33.2,4,,,,,25234
2012-03-04,201210,16.0,16,16,16,0.9900335,10.309743,0,3,330452420121019589,2023-08-20,Rio das Ostras,2.8454683,155193,20.0,100.0,0,1,1,85.3604178571428,68.8571428571429,24.4230138571429,28.5714285714286,6,,,,,25234
2012-02-26,201209,15.0,15,15,15,0.9995639,9.665384,0,1,330452420120919589,2023-08-20,Rio das Ostras,6.487725,155193,20.4285714285714,96.5714285714286,0,1,1,75.4829188571428,50.1428571428571,25.6519151428571,32.1428571428571,6,,,,,25234
2012-02-19,201208,1.0,1,1,1,0.45117098,0.64435893,0,1,330452420120819589,2023-08-20,Rio das Ostras,0.8708876,155193,22.2857142857143,94.1428571428571,1,0,0,72.3082297142857,48.2857142857143,26.5360202857143,31.8571428571429,1,,,,,25234
2012-02-12,201207,3.0,3,3,3,0.8236011,1.9330769,0,1,330452420120719589,2023-08-20,Rio das Ostras,2.3242698,155193,21.4285714285714,97.5714285714286,0,0,0,82.8087474285714,61.2857142857143,25.2518117142857,30.2857142857143,1,,,,,25234
2012-02-05,201206,0.0,0,0,0,0.0,0.0,0,1,330452420120619589,2023-08-20,Rio das Ostras,0.0,155193,22.1428571428571,98.2857142857143,0,0,0,77.3895318571429,55.0,26.3112547142857,32.0,0,,,,,25234
2012-01-29,201205,1.0,1,1,1,0.0038535472,0.64435893,0,1,330452420120519589,2023-08-20,Rio das Ostras,0.12469454,155193,21.2857142857143,100.0,0,0,0,86.2643057142857,65.5714285714286,24.1601161428571,28.7142857142857,1,,,,,25234
2012-01-22,201204,2.0,2,2,2,4.7142376e-07,1.2887179,0,1,330452420120419589,2023-08-20,Rio das Ostras,0.08078069,155193,21.8571428571429,95.8571428571429,0,0,0,78.8265017142857,56.8571428571429,25.4615942857143,30.5714285714286,2,,,,,25234
2012-01-15,201203,4.0,4,4,4,5.5882396e-09,2.5774357,0,1,330452420120319589,2023-08-20,Rio das Ostras,0.10555175,155193,22.2857142857143,97.4285714285714,1,0,0,80.5303325714286,56.1428571428571,25.4659422857143,30.7142857142857,1,,,,,25234
2012-01-08,201202,4.0,4,4,4,3.4516903e-05,2.5774357,0,1,330452420120219589,2023-08-20,Rio das Ostras,0.17080453,155193,21.5714285714286,98.2857142857143,0,0,0,87.2372254285714,69.1428571428571,24.5962022857143,28.5714285714286,2,,,,,25234
2012-01-01,201201,91.0,91,91,91,1.0,58.636665,0,1,330452420120119589,2023-08-20,Rio das Ostras,13.687351,155193,21.5714285714286,100.0,0,1,2,90.6423125714286,71.5714285714286,23.715484,27.7142857142857,1,,,,,25234
2011-12-25,201152,1.0,1,1,1,0.3689046,0.64435893,0,1,330452420115219589,2023-08-20,Rio das Ostras,0.6950814,155193,21.5,99.25,0,0,0,90.033637,77.25,23.620162,26.25,1,,,,,25234
2011-12-18,201151,3.0,3,3,3,0.8710033,1.9330769,0,1,330452420115119589,2023-08-20,Rio das Ostras,2.9309776,155193,21.7142857142857,98.2857142857143,0,0,0,81.76414,59.4285714285714,25.4414538571429,30.8571428571429,0,,,,,25234
2011-12-11,201150,1.0,1,1,1,0.39867893,0.64435893,0,1,330452420115019589,2023-08-20,Rio das Ostras,0.7537495,155193,21.8571428571429,98.2857142857143,0,0,0,84.04177,64.1428571428571,24.7337334285714,29.0,1,,,,,25234
2011-12-04,201149,1.0,1,1,1,0.25002658,0.64435893,0,1,330452420114919589,2023-08-20,Rio das Ostras,0.5000384,155193,21.7142857142857,99.1428571428571,0,0,0,88.3691245714286,73.0,23.8215501428571,27.1428571428571,1,,,,,25234
2011-11-27,201148,0.0,0,0,0,0.0,0.0,0,1,330452420114819589,2023-08-20,Rio das Ostras,0.0,155193,20.7142857142857,98.2857142857143,0,0,0,87.1374228571429,70.2857142857143,23.3945274285714,27.2857142857143,0,,,,,25234
2011-11-20,201147,4.0,4,4,4,0.90422666,2.5774357,0,1,330452420114719589,2023-08-20,Rio das Ostras,3.0535657,155193,20.2857142857143,97.4285714285714,0,0,0,83.2287794285714,66.1428571428571,23.7802797142857,27.2857142857143,1,,,,,25234
2011-11-13,201146,1.0,1,1,1,0.5806189,0.64435893,0,1,330452420114619589,2023-08-20,Rio das Ostras,1.274963,155193,19.5714285714286,100.0,0,0,0,87.0750884285714,70.2857142857143,22.3752215714286,25.5714285714286,0,,,,,25234
2011-11-06,201145,2.0,2,2,2,0.86795044,1.2887179,0,1,330452420114519589,2023-08-20,Rio das Ostras,3.564732,155193,19.4285714285714,94.8571428571429,0,0,0,77.501128,53.1428571428571,23.6369048571429,29.2857142857143,0,,,,,25234
2011-10-30,201144,0.0,0,0,0,0.0,0.0,0,1,330452420114419589,2023-08-20,Rio das Ostras,0.0,155193,15.8571428571429,99.1428571428571,0,0,0,76.8431302857143,54.8571428571429,20.3125185714286,25.0,0,,,,,25234
2011-10-23,201143,1.0,1,1,1,0.6992148,0.64435893,0,1,330452420114319589,2023-08-20,Rio das Ostras,1.9372622,155193,19.4285714285714,99.1428571428571,0,0,0,81.9508265714286,57.4285714285714,23.5113874285714,29.1428571428571,0,,,,,25234
2011-10-16,201142,0.0,0,0,0,0.0,0.0,0,1,330452420114219589,2023-08-20,Rio das Ostras,0.0,155193,17.2857142857143,100.0,0,0,0,87.4225814285714,71.7142857142857,20.1588287142857,22.8571428571429,0,,,,,25234
2011-10-09,201141,1.0,1,1,1,0.46389902,0.64435893,0,1,330452420114119589,2023-08-20,Rio das Ostras,0.90243155,155193,21.0,93.2857142857143,0,0,0,80.2335791428571,60.2857142857143,24.7789857142857,29.4285714285714,1,,,,,25234
2011-10-02,201140,0.0,0,0,0,0.0,0.0,0,1,330452420114019589,2023-08-20,Rio das Ostras,0.0,155193,18.8571428571429,100.0,0,0,0,82.5441851428571,66.1428571428571,22.6353757142857,26.0,0,,,,,25234
2011-09-25,201139,1.0,1,1,1,0.1902043,0.64435893,0,1,330452420113919589,2023-08-20,Rio das Ostras,0.41764498,155193,17.1428571428571,95.7142857142857,0,0,0,76.8142687142857,52.2857142857143,21.8552448571429,26.7142857142857,1,,,,,25234
2011-09-18,201138,2.0,2,2,2,0.39148435,1.2887179,0,1,330452420113819589,2023-08-20,Rio das Ostras,0.7893766,155193,16.0,97.4285714285714,0,0,0,79.3611077142857,54.1428571428571,20.6687638571429,25.8571428571429,2,,,,,25234
2011-09-11,201137,3.0,3,3,3,0.54388726,1.9330769,0,1,330452420113719589,2023-08-20,Rio das Ostras,1.0892174,155193,16.5714285714286,97.4285714285714,0,0,0,82.1758651428571,63.4285714285714,20.5232682857143,24.0,1,,,,,25234
2011-09-04,201136,2.0,2,2,2,0.30088818,1.2887179,0,1,330452420113619589,2023-08-20,Rio das Ostras,0.6500791,155193,16.4285714285714,94.0,0,0,0,70.4139908571429,40.1428571428571,22.820486,31.2857142857143,2,,,,,25234
2011-08-28,201135,3.0,3,3,3,0.35357115,1.9330769,0,1,330452420113519589,2023-08-20,Rio das Ostras,0.76357275,155193,17.1428571428571,90.7142857142857,0,0,0,69.8766457142857,43.2857142857143,22.0231274285714,28.0,1,,,,,25234
2011-08-21,201134,3.0,3,3,3,0.14128964,1.9330769,0,1,330452420113419589,2023-08-20,Rio das Ostras,0.49595934,155193,19.0,98.2857142857143,0,0,0,88.4184788571429,73.1428571428571,21.1785714285714,23.8571428571429,2,,,,,25234
2011-08-14,201133,3.0,3,3,3,0.04973244,1.9330769,0,1,330452420113319589,2023-08-20,Rio das Ostras,0.36642382,155193,18.0,98.2857142857143,0,0,0,76.1172165714286,48.0,23.1438048571429,29.7142857142857,2,,,,,25234
2011-08-07,201132,5.0,5,5,5,0.19752097,3.2217948,0,1,330452420113219589,2023-08-20,Rio das Ostras,0.6290948,155193,19.0,96.5714285714286,0,0,1,82.385456,62.1428571428571,22.5140268571429,26.8571428571429,2,,,,,25234
2011-07-31,201131,11.0,11,11,11,0.8242406,7.0879483,0,1,330452420113119589,2023-08-20,Rio das Ostras,1.5408171,155193,18.1428571428571,95.7142857142857,0,0,1,76.5297634285714,55.4285714285714,22.0546068571429,26.1428571428571,2,,,,,25234
2011-07-24,201130,9.0,9,9,9,0.36329964,5.7992306,0,1,330452420113019589,2023-08-20,Rio das Ostras,0.85625905,155193,16.2857142857143,96.5714285714286,0,0,1,74.9728971428571,45.2857142857143,22.0474545714286,28.4285714285714,4,,,,,25234
2011-07-17,201129,4.0,4,4,4,0.00014163752,2.5774357,0,1,330452420112919589,2023-08-20,Rio das Ostras,0.19082473,155193,18.7142857142857,97.4285714285714,0,0,0,82.6156788571429,57.7142857142857,22.316387,27.4285714285714,1,,,,,25234
2011-07-10,201128,7.0,7,7,7,3.0602072e-07,4.510513,0,1,330452420112819589,2023-08-20,Rio das Ostras,0.1805032,155193,17.8333333333333,88.3333333333333,0,0,1,73.8731473333333,45.1666666666667,22.3217591666667,28.1666666666667,5,,,,,25234
2011-07-03,201127,17.0,17,17,17,7.7319174e-07,10.9541025,0,1,330452420112719589,2023-08-20,Rio das Ostras,0.29840133,155193,16.8,97.6,0,0,1,88.1505416,76.6,19.3192028,21.8,9,,,,,25234
2011-06-26,201126,34.0,34,34,34,0.000646775,21.908205,0,4,330452420112619589,2023-08-20,Rio das Ostras,0.51742136,155193,18.2857142857143,95.7142857142857,0,0,1,81.4786877142857,61.1428571428571,21.761095,26.0,20,,,,,25234
2011-06-19,201125,69.0,69,69,69,0.29537332,44.46077,0,4,330452420112519589,2023-08-20,Rio das Ostras,0.9145946,155193,17.8571428571429,98.2857142857143,0,0,2,83.0485811428571,57.1428571428571,22.3395078571429,27.1428571428571,30,,,,,25234
2011-06-12,201124,70.0,70,70,70,0.008105336,45.105125,0,1,330452420112419589,2023-08-20,Rio das Ostras,0.6910157,155193,15.2857142857143,98.2857142857143,0,0,2,84.4143377142857,57.4285714285714,19.9114902857143,24.8571428571429,38,,,,,25234
2011-06-05,201123,53.0,53,53,53,4.738099e-12,34.151024,0,4,330452420112319589,2023-08-20,Rio das Ostras,0.35974312,155193,15.2857142857143,97.4285714285714,0,0,1,76.0992622857143,52.8571428571429,20.6106482857143,25.4285714285714,25,,,,,25234
2011-05-29,201122,109.0,109,109,109,1.3068124e-10,70.23513,0,4,330452420112219589,2023-08-20,Rio das Ostras,0.48921162,155193,17.7142857142857,94.2857142857143,0,0,2,79.0730065714286,55.4285714285714,21.5949794285714,26.1428571428571,56,,,,,25234
2011-05-22,201121,116.0,116,116,116,0.0,74.745636,0,4,330452420112119589,2023-08-20,Rio das Ostras,0.37738124,155193,16.2857142857143,97.4285714285714,0,0,2,79.9077942857143,53.0,20.9802205714286,26.5714285714286,65,,,,,25234
2011-05-15,201120,215.0,215,215,215,2.1106228e-11,138.53717,0,4,330452420112019589,2023-08-20,Rio das Ostras,0.5749107,155193,17.5714285714286,100.0,0,0,2,83.7565131428571,60.7142857142857,21.0225592857143,25.0,134,,,,,25234
2011-05-08,201119,335.0,335,335,335,0.0010554654,215.86024,0,4,330452420111919589,2023-08-20,Rio das Ostras,0.79895973,155193,19.2857142857143,97.4285714285714,0,0,2,83.4297911428571,66.4285714285714,22.9447648571429,27.0,177,,,,,25234
2011-05-01,201118,371.0,371,371,371,0.084125265,239.05717,0,4,330452420111819589,2023-08-20,Rio das Ostras,0.90606195,155193,21.1428571428571,100.0,0,0,2,83.1519894285714,60.7142857142857,24.5014445714286,28.7142857142857,203,,,,,25234
2011-04-24,201117,434.0,434,434,434,0.9999956,279.6518,0,4,330452420111719589,2023-08-20,Rio das Ostras,1.3871132,155193,21.2857142857143,97.4285714285714,0,1,2,86.9751077142857,70.7142857142857,24.2519528571429,27.4285714285714,224,,,,,25234
2011-04-17,201116,497.0,497,497,497,1.0,320.2464,0,4,330452420111619589,2023-08-20,Rio das Ostras,2.5738227,155193,22.1428571428571,98.2857142857143,1,1,2,82.1012657142857,58.1428571428571,26.2125481428571,31.5714285714286,253,,,,,25234
2011-04-10,201115,322.0,322,322,322,1.0,207.48358,0,4,330452420111519589,2023-08-20,Rio das Ostras,2.5257435,155193,23.5714285714286,98.2857142857143,1,1,2,81.7665634285714,61.2857142857143,27.0020702857143,31.4285714285714,183,,,,,25234
2011-04-03,201114,144.0,144,144,144,0.9713207,92.78769,0,4,330452420111419589,2023-08-20,Rio das Ostras,1.2678044,155193,23.0,99.1428571428571,1,1,2,85.9305945714286,66.5714285714286,25.4842134285714,29.0,88,,,,,25234
2011-03-27,201113,99.0,99,99,99,0.3620108,63.79154,0,4,330452420111319589,2023-08-20,Rio das Ostras,0.9517362,155193,23.5714285714286,99.1428571428571,1,0,2,86.0194102857143,66.5714285714286,26.5022817142857,30.2857142857143,55,,,,,25234
2011-03-20,201112,118.0,118,118,118,0.9970887,76.034355,0,4,330452420111219589,2023-08-20,Rio das Ostras,1.4850751,155193,22.8571428571429,100.0,1,1,2,86.9787782857143,66.7142857142857,25.7165374285714,29.5714285714286,68,,,,,25234
2011-03-13,201111,128.0,128,128,128,0.99999976,82.47794,0,4,330452420111119589,2023-08-20,Rio das Ostras,2.1410472,155193,24.1428571428571,97.4285714285714,1,1,2,83.5385391428571,66.2857142857143,26.8967157142857,30.0,79,,,,,25234
2011-03-06,201110,66.0,66,66,66,0.85480154,42.52769,0,2,330452420111019589,2023-08-20,Rio das Ostras,1.2122098,155193,23.5714285714286,100.0,1,0,2,90.8289331428571,78.7142857142857,25.5326088571429,28.0,41,,,,,25234
2011-02-27,201109,53.0,53,53,53,0.5918877,34.151024,0,2,330452420110919589,2023-08-20,Rio das Ostras,1.0465288,155193,23.0,99.1428571428571,1,0,1,89.2395088571429,71.1428571428571,25.4666622857143,28.7142857142857,38,,,,,25234
2011-02-20,201108,49.0,49,49,49,0.88560647,31.57359,0,2,330452420110819589,2023-08-20,Rio das Ostras,1.2944636,155193,24.2857142857143,97.4285714285714,1,0,1,82.3531434285714,62.4285714285714,27.2419065714286,31.2857142857143,36,,,,,25234
2011-02-13,201107,70.0,70,70,70,0.9999956,45.105125,0,2,330452420110719589,2023-08-20,Rio das Ostras,2.5774858,155193,23.4285714285714,96.5714285714286,1,1,2,80.4534408571429,62.2857142857143,26.6876417142857,30.2857142857143,50,,,,,25234
2011-02-06,201106,27.0,27,27,27,0.81663424,17.397692,0,3,330452420110619589,2023-08-20,Rio das Ostras,1.2967421,155193,24.0,93.2857142857143,1,0,1,72.4441462857143,42.2857142857143,28.0888857142857,35.1428571428571,22,,,,,25234
2011-01-30,201105,25.0,25,25,25,0.9593114,16.108974,0,3,330452420110519589,2023-08-20,Rio das Ostras,1.7523004,155193,24.1428571428571,93.4285714285714,1,1,1,76.1219828571429,55.8571428571429,27.2987381428571,31.4285714285714,16,,,,,25234
2011-01-23,201104,26.0,26,26,26,0.9975915,16.753332,0,2,330452420110419589,2023-08-20,Rio das Ostras,2.6852095,155193,24.1428571428571,94.8571428571429,1,1,1,77.479438,57.7142857142857,27.6392811428571,32.4285714285714,21,,,,,25234
2011-01-16,201103,10.0,10,10,10,0.7323983,6.4435897,0,2,330452420110319589,2023-08-20,Rio das Ostras,1.3379313,155193,24.2857142857143,95.7142857142857,1,0,1,80.8964062857143,60.7142857142857,27.7409417142857,32.5714285714286,7,,,,,25234
2011-01-09,201102,9.0,9,9,9,0.8386522,5.7992306,0,2,330452420110219589,2023-08-20,Rio das Ostras,1.6729045,155193,24.8571428571429,95.8571428571429,1,0,1,82.2399782857143,59.7142857142857,27.4981177142857,32.2857142857143,5,,,,,25234
2011-01-02,201101,8.0,8,8,8,0.9330101,5.1548715,0,2,330452420110119589,2023-08-20,Rio das Ostras,2.46319,155193,24.2857142857143,94.8571428571429,1,0,1,79.0796168571429,53.2857142857143,27.2999717142857,32.0,8,,,,,25234
2010-12-26,201052,6.0,6,6,6,0.88634723,3.8661537,0,2,330452420105219589,2023-08-20,Rio das Ostras,2.249281,155193,23.5714285714286,100.0,1,0,1,87.3451442857143,67.5714285714286,25.8965508571429,29.1428571428571,3,,,,,25234
2010-12-19,201051,2.0,2,2,2,0.3360563,1.2887179,0,2,330452420105119589,2023-08-20,Rio das Ostras,0.7013306,155193,23.0,98.2857142857143,1,0,0,83.3324842857143,67.7142857142857,26.4612758571429,29.4285714285714,1,,,,,25234
2010-12-12,201050,1.0,1,1,1,0.2510088,0.64435893,0,1,330452420105019589,2023-08-20,Rio das Ostras,0.5014567,155193,24.4285714285714,94.8571428571429,1,0,0,78.9623254285714,56.2857142857143,27.4261314285714,32.2857142857143,0,,,,,25234
2010-12-05,201049,6.0,6,6,6,0.97868204,3.8661537,0,1,330452420104919589,2023-08-20,Rio das Ostras,5.102229,155193,24.5714285714286,98.2857142857143,1,1,1,85.1567805714286,72.5714285714286,26.706936,29.0,2,,,,,25234
2010-11-28,201048,0.0,0,0,0,0.0,0.0,0,1,330452420104819589,2023-08-20,Rio das Ostras,0.0,155193,24.1428571428571,99.1428571428571,0,0,0,82.3672351428571,61.8571428571429,27.3696171428571,31.8571428571429,0,,,,,25234
2010-11-21,201047,2.0,2,2,2,0.86678636,1.2887179,0,1,330452420104719589,2023-08-20,Rio das Ostras,3.5368128,155193,23.2857142857143,98.2857142857143,1,0,0,86.3511908571429,69.4285714285714,25.7499997142857,29.1428571428571,1,,,,,25234
2010-11-14,201046,0.0,0,0,0,0.0,0.0,0,1,330452420104619589,2023-08-20,Rio das Ostras,0.0,155193,20.7142857142857,99.1428571428571,0,0,0,88.7791505714286,71.7142857142857,23.3567191428571,26.7142857142857,0,,,,,25234
2010-11-07,201045,1.0,1,1,1,0.5950021,0.64435893,0,1,330452420104519589,2023-08-20,Rio das Ostras,1.3350543,155193,21.2857142857143,97.4285714285714,0,0,0,84.4678857142857,64.4285714285714,23.8945365714286,27.1428571428571,1,,,,,25234
2010-10-31,201044,0.0,0,0,0,0.0,0.0,0,1,330452420104419589,2023-08-20,Rio das Ostras,0.0,155193,21.2857142857143,97.4285714285714,0,0,0,84.9212334285714,66.5714285714286,23.9979567142857,27.7142857142857,0,,,,,25234
2010-10-24,201043,1.0,1,1,1,0.58954513,0.64435893,0,1,330452420104319589,2023-08-20,Rio das Ostras,1.3117751,155193,21.1428571428571,96.5714285714286,0,0,0,80.1019665714286,56.7142857142857,24.103002,28.0,1,,,,,25234
2010-10-17,201042,1.0,1,1,1,0.6136674,0.64435893,0,1,330452420104219589,2023-08-20,Rio das Ostras,1.4195048,155193,20.5714285714286,93.1428571428571,0,0,0,78.8041131428571,63.7142857142857,23.4665442857143,26.4285714285714,0,,,,,25234
2010-10-10,201041,1.0,1,1,1,0.42417288,0.64435893,0,1,330452420104119589,2023-08-20,Rio das Ostras,0.8082273,155193,17.8571428571429,91.5714285714286,0,0,0,74.3540362857143,54.2857142857143,22.0960145714286,26.5714285714286,1,,,,,25234
2010-10-03,201040,0.0,0,0,0,0.0,0.0,0,1,330452420104019589,2023-08-20,Rio das Ostras,0.0,155193,20.7142857142857,90.7142857142857,0,0,0,76.0132974285714,60.5714285714286,23.7904635714286,27.5714285714286,0,,,,,25234
2010-09-26,201039,1.0,1,1,1,0.36763474,0.64435893,0,1,330452420103919589,2023-08-20,Rio das Ostras,0.69268626,155193,22.8333333333333,98.0,1,0,0,87.7467966666667,74.6666666666667,24.2765868333333,26.5,0,,,,,25234
2010-09-19,201038,3.0,3,3,3,0.85851514,1.9330769,0,1,330452420103819589,2023-08-20,Rio das Ostras,2.737362,155193,20.4285714285714,92.2857142857143,0,0,0,75.076638,49.0,23.7288162857143,28.8571428571429,1,,,,,25234
2010-09-12,201037,1.0,1,1,1,0.28566563,0.64435893,0,1,330452420103719589,2023-08-20,Rio das Ostras,0.55321956,155193,19.5714285714286,91.5714285714286,0,0,0,74.101732,47.1428571428571,23.7521642857143,29.7142857142857,1,,,,,25234
2010-09-05,201036,1.0,1,1,1,0.07891833,0.64435893,0,1,330452420103619589,2023-08-20,Rio das Ostras,0.27296332,155193,18.1428571428571,96.5714285714286,0,0,0,81.2820688571429,63.0,21.4879065714286,24.8571428571429,2,,,,,25234
2010-08-29,201035,0.0,0,0,0,0.0,0.0,0,1,330452420103519589,2023-08-20,Rio das Ostras,0.0,155193,19.5714285714286,96.5714285714286,0,0,0,76.3701311428571,47.7142857142857,24.1103894285714,30.2857142857143,0,,,,,25234
2010-08-22,201034,5.0,5,5,5,0.38631764,3.2217948,0,1,330452420103419589,2023-08-20,Rio das Ostras,0.8448729,155193,17.4285714285714,97.4285714285714,0,0,1,75.5376434285714,41.5714285714286,23.2148031428571,30.2857142857143,1,,,,,25234
2010-08-15,201033,5.0,5,5,5,0.4374427,3.2217948,0,1,330452420103319589,2023-08-20,Rio das Ostras,0.91077054,155193,14.5714285714286,95.7142857142857,0,0,1,75.8784,53.7142857142857,18.8138931428571,23.1428571428571,1,,,,,25234
2010-08-08,201032,7.0,7,7,7,0.7133353,4.510513,0,1,330452420103219589,2023-08-20,Rio das Ostras,1.3695014,155193,17.0,96.5714285714286,0,0,1,77.3294505714286,50.4285714285714,21.2528468571429,26.2857142857143,7,,,,,25234
2010-08-01,201031,6.0,6,6,6,0.48546618,3.8661537,0,1,330452420103119589,2023-08-20,Rio das Ostras,0.97998315,155193,18.1428571428571,98.2857142857143,0,0,1,82.1010974285714,61.0,21.8376385714286,26.1428571428571,3,,,,,25234
2010-07-25,201030,3.0,3,3,3,0.05150154,1.9330769,0,1,330452420103019589,2023-08-20,Rio das Ostras,0.36952785,155193,18.3333333333333,98.0,0,0,0,80.2549303333333,52.0,22.4593396666667,27.8333333333333,1,,,,,25234
2010-07-18,201029,7.0,7,7,7,0.2954263,4.510513,0,1,330452420102919589,2023-08-20,Rio das Ostras,0.7693799,155193,19.0,97.0,0,0,1,78.8063723333333,55.6666666666667,22.3399226666667,26.8333333333333,5,,,,,25234
2010-07-11,201028,6.0,6,6,6,0.348996,3.8661537,0,1,330452420102819589,2023-08-20,Rio das Ostras,0.81368566,155193,20.5714285714286,96.5714285714286,0,0,1,86.233592,68.4285714285714,23.2936851428571,27.0,4,,,,,25234
2010-07-04,201027,15.0,15,15,15,0.9563914,9.665384,0,1,330452420102719589,2023-08-20,Rio das Ostras,2.0871475,155193,17.2857142857143,98.2857142857143,0,1,1,83.2002388571429,60.2857142857143,21.9059617142857,27.0,11,,,,,25234
2010-06-27,201026,4.0,4,4,4,0.029673232,2.5774357,0,1,330452420102619589,2023-08-20,Rio das Ostras,0.3659689,155193,16.8571428571429,99.1428571428571,0,0,0,85.7098854285714,60.2857142857143,21.0331265714286,26.1428571428571,2,,,,,25234
2010-06-20,201025,5.0,5,5,5,0.0034624317,3.2217948,0,1,330452420102519589,2023-08-20,Rio das Ostras,0.29279062,155193,16.5714285714286,96.5714285714286,0,0,1,82.3206285714286,58.2857142857143,21.2562585714286,26.4285714285714,6,,,,,25234
2010-06-13,201024,10.0,10,10,10,0.021390889,6.4435897,0,1,330452420102419589,2023-08-20,Rio das Ostras,0.47620177,155193,14.1428571428571,100.0,0,0,1,79.5527951428571,48.7142857142857,20.239648,26.7142857142857,6,,,,,25234
2010-06-06,201023,16.0,16,16,16,0.27574784,10.309743,0,1,330452420102319589,2023-08-20,Rio das Ostras,0.82034886,155193,15.1666666666667,99.0,0,0,1,80.461654,55.0,19.8091786666667,24.6666666666667,12,,,,,25234
2010-05-30,201022,29.0,29,29,29,0.95265365,18.686409,0,1,330452420102219589,2023-08-20,Rio das Ostras,1.6351722,155193,18.4285714285714,95.8571428571429,0,1,1,82.2995525714286,63.7142857142857,21.2791701428571,25.1428571428571,25,,,,,25234
2010-05-23,201021,17.0,17,17,17,0.43493998,10.9541025,0,1,330452420102119589,2023-08-20,Rio das Ostras,0.94670856,155193,19.4285714285714,98.2857142857143,0,0,1,85.6410457142857,68.8571428571429,23.0173397142857,26.5714285714286,16,,,,,25234
2010-05-16,201020,15.0,15,15,15,0.34504682,9.665384,0,1,330452420102019589,2023-08-20,Rio das Ostras,0.8703899,155193,19.4285714285714,99.1428571428571,0,0,1,85.400386,63.0,23.0712877142857,27.4285714285714,13,,,,,25234
2010-05-09,201019,21.0,21,21,21,0.8422696,13.531538,0,1,330452420101919589,2023-08-20,Rio das Ostras,1.3947848,155193,18.5714285714286,96.5714285714286,0,0,1,82.8646468571429,62.0,22.499506,26.8571428571429,18,,,,,25234
2010-05-02,201018,17.0,17,17,17,0.816316,10.9541025,0,1,330452420101819589,2023-08-20,Rio das Ostras,1.3924096,155193,20.4285714285714,98.2857142857143,0,0,1,80.639984,56.2857142857143,24.8827135714286,30.2857142857143,17,,,,,25234
2010-04-25,201017,16.0,16,16,16,0.90272796,10.309743,0,1,330452420101719589,2023-08-20,Rio das Ostras,1.6697798,155193,22.1428571428571,98.2857142857143,1,0,1,83.2496242857143,58.0,25.1097071428571,29.5714285714286,16,,,,,25234
2010-04-18,201016,12.0,12,12,12,0.8544096,7.7323074,0,1,330452420101619589,2023-08-20,Rio das Ostras,1.6074699,155193,22.5714285714286,98.2857142857143,1,0,1,81.8796585714286,57.0,26.6107662857143,32.1428571428571,10,,,,,25234
2010-04-11,201015,9.0,9,9,9,0.81693685,5.7992306,0,1,330452420101519589,2023-08-20,Rio das Ostras,1.5916138,155193,20.2857142857143,98.2857142857143,0,0,1,84.5067265714286,64.5714285714286,24.1726962857143,28.4285714285714,8,,,,,25234
2010-04-04,201014,8.0,8,8,8,0.85203433,5.1548715,0,1,330452420101419589,2023-08-20,Rio das Ostras,1.7933282,155193,21.2857142857143,99.1428571428571,0,0,1,82.7133782857143,62.1428571428571,24.3882358571429,28.2857142857143,7,,,,,25234
2010-03-28,201013,5.0,5,5,5,0.719298,3.2217948,0,2,330452420101319589,2023-08-20,Rio das Ostras,1.4686575,155193,24.1428571428571,100.0,1,0,1,85.6963345714286,65.8571428571429,27.2473482857143,31.5714285714286,5,,,,,25234
2010-03-21,201012,4.0,4,4,4,0.7678701,2.5774357,0,1,330452420101219589,2023-08-20,Rio das Ostras,1.7418722,155193,24.8571428571429,96.7142857142857,1,0,0,81.2516934285714,58.7142857142857,28.3477085714286,33.4285714285714,4,,,,,25234
2010-03-14,201011,5.0,5,5,5,0.8447642,3.2217948,0,1,330452420101119589,2023-08-20,Rio das Ostras,2.0632625,155193,24.0,99.1428571428571,1,0,1,86.1529974285714,64.5714285714286,27.3586725714286,31.5714285714286,4,,,,,25234
2010-03-07,201010,0.0,0,0,0,0.0,0.0,0,1,330452420101019589,2023-08-20,Rio das Ostras,0.0,155193,24.4285714285714,99.1428571428571,0,0,0,85.6130937142857,69.2857142857143,27.9523811428571,31.4285714285714,0,,,,,25234
2010-02-28,201009,3.0,3,3,3,0.12228215,1.9330769,0,2,330452420100919589,2023-08-20,Rio das Ostras,0.47190103,155193,22.8571428571429,99.1428571428571,1,0,0,91.7679344285714,79.0,24.9393424285714,27.0,3,,,,,25234
2010-02-21,201008,2.0,2,2,2,0.029241836,1.2887179,0,2,330452420100819589,2023-08-20,Rio das Ostras,0.27339408,155193,24.0,95.7142857142857,1,0,0,79.4851962857143,57.5714285714286,27.5122671428571,32.0,1,,,,,25234
2010-02-14,201007,8.0,8,8,8,0.69533473,5.1548715,0,2,330452420100719589,2023-08-20,Rio das Ostras,1.3034115,155193,25.0,93.2857142857143,1,0,1,79.1443062857143,57.8571428571429,28.2393377142857,32.8571428571429,7,,,,,25234
2010-02-07,201006,9.0,9,9,9,0.90995765,5.7992306,0,2,330452420100619589,2023-08-20,Rio das Ostras,2.084372,155193,25.2857142857143,94.8571428571429,1,0,1,73.95179,48.2857142857143,29.0754855714286,34.8571428571429,8,,,,,25234
2010-01-31,201005,6.0,6,6,6,0.0,3.8661537,0,2,330452420100519589,2023-08-20,Rio das Ostras,0.0,155193,25.5714285714286,90.4285714285714,1,0,1,72.5485831428571,43.7142857142857,29.1584557142857,35.0,5,,,,,25234
2010-01-24,201004,4.0,4,4,4,0.0,2.5774357,0,2,330452420100419589,2023-08-20,Rio das Ostras,0.0,155193,25.0,95.0,1,0,0,74.813458,43.4285714285714,28.2778562857143,34.7142857142857,3,,,,,25234
2010-01-17,201003,3.0,3,3,3,0.0,1.9330769,0,2,330452420100319589,2023-08-20,Rio das Ostras,0.0,155193,24.8571428571429,95.0,1,0,0,74.3289328571429,47.8571428571429,29.1614908571429,35.2857142857143,2,,,,,25234
2010-01-10,201002,1.0,1,1,1,0.0,0.64435893,0,1,330452420100219589,2023-08-20,Rio das Ostras,0.0,155193,24.4285714285714,95.0,1,0,0,75.5661094285714,52.8571428571429,28.4650857142857,34.0,1,,,,,25234
2010-01-03,201001,1.0,1,1,1,0.0,0.64435893,0,1,330452420100119589,2023-08-20,Rio das Ostras,0.0,155193,26.25,89.0,1,0,0,72.989584,53.75,29.52148875,33.75,1,,,,,25234
